drug,gene,variant,confidence,one_letter_mutation,frequency
Amikacin,eis,eis_p.Trp36Arg,2) Assoc w R - Interim,p.W36R,0.4
Amikacin,eis,eis_p.Val40Met,3) Uncertain significance,p.V40M,1.0
Amikacin,eis,eis_p.Glu199Ala,3) Uncertain significance,p.E199A,
Amikacin,eis,eis_p.Leu331Arg,3) Uncertain significance,p.L331R,
Amikacin,whiB7,whiB7_p.Ala92Val,3) Uncertain significance,p.A92V,1.0
Amikacin,eis,eis_p.Arg106His,3) Uncertain significance,p.R106H,0.2
Amikacin,eis,eis_p.Leu235Arg,3) Uncertain significance,p.L235R,
Amikacin,eis,eis_p.Arg37Gly,3) Uncertain significance,p.R37G,1.0
Amikacin,eis,eis_p.Phe84Tyr,3) Uncertain significance,p.F84Y,
Amikacin,whiB7,whiB7_p.Arg81His,3) Uncertain significance,p.R81H,1.0
Amikacin,eis,eis_p.Leu256Met,3) Uncertain significance,p.L256M,0.3333333333333333
Amikacin,eis,eis_p.Val163Ile,3) Uncertain significance,p.V163I,0.04918032786885246
Amikacin,eis,eis_p.Thr341Ile,3) Uncertain significance,p.T341I,
Amikacin,whiB7,whiB7_p.Val91Gly,3) Uncertain significance,p.V91G,1.0
Amikacin,eis,eis_p.Val301Gly,3) Uncertain significance,p.V301G,
Amikacin,eis,eis_p.Gly60Glu,3) Uncertain significance,p.G60E,
Amikacin,eis,eis_p.Asp354Glu,3) Uncertain significance,p.D354E,1.0
Amikacin,whiB7,whiB7_p.Leu27Pro,3) Uncertain significance,p.L27P,1.0
Amikacin,whiB7,whiB7_p.Ser45Arg,3) Uncertain significance,p.S45R,1.0
Amikacin,eis,eis_p.Val85Ala,3) Uncertain significance,p.V85A,0.5
Amikacin,eis,eis_p.Phe129Leu,3) Uncertain significance,p.F129L,1.0
Amikacin,whiB7,whiB7_p.His79Gln,3) Uncertain significance,p.H79Q,0.16666666666666666
Amikacin,whiB7,whiB7_p.Lys80Gln,3) Uncertain significance,p.K80Q,0.16666666666666666
Amikacin,eis,eis_p.Ala22Gly,3) Uncertain significance,p.A22G,
Amikacin,whiB7,whiB7_p.Pro33Ser,3) Uncertain significance,p.P33S,
Amikacin,eis,eis_p.Asp221Glu,3) Uncertain significance,p.D221E,0.0
Amikacin,eis,eis_p.Glu103Lys,3) Uncertain significance,p.E103K,
Amikacin,eis,eis_p.Ile267Thr,3) Uncertain significance,p.I267T,
Amikacin,whiB7,whiB7_p.Ala39Thr,3) Uncertain significance,p.A39T,0.0
Amikacin,eis,eis_p.Ala370Val,3) Uncertain significance,p.A370V,
Amikacin,eis,eis_p.Ala207Thr,3) Uncertain significance,p.A207T,0.0
Amikacin,eis,eis_p.Val396Ile,3) Uncertain significance,p.V396I,
Amikacin,eis,eis_p.Asp152Asn,3) Uncertain significance,p.D152N,
Amikacin,eis,eis_p.Arg339Gln,3) Uncertain significance,p.R339Q,
Amikacin,eis,eis_p.Gly222Arg,3) Uncertain significance,p.G222R,0.0
Amikacin,eis,eis_p.Thr287Ala,3) Uncertain significance,p.T287A,0.0
Amikacin,whiB7,whiB7_p.Ser78Asn,3) Uncertain significance,p.S78N,0.0
Amikacin,whiB7,whiB7_p.Phe29Ile,3) Uncertain significance,p.F29I,
Amikacin,whiB7,whiB7_p.Arg50Pro,3) Uncertain significance,p.R50P,0.0
Amikacin,eis,eis_p.Pro30Leu,3) Uncertain significance,p.P30L,
Amikacin,whiB7,whiB7_p.Asp26Gly,3) Uncertain significance,p.D26G,0.0
Amikacin,eis,eis_p.His270Gln,3) Uncertain significance,p.H270Q,0.0
Amikacin,eis,eis_p.Asp26Tyr,3) Uncertain significance,p.D26Y,
Amikacin,eis,eis_p.His249Arg,3) Uncertain significance,p.H249R,0.0
Amikacin,eis,eis_p.Leu256Pro,3) Uncertain significance,p.L256P,
Amikacin,eis,eis_p.Arg376Cys,3) Uncertain significance,p.R376C,
Amikacin,eis,eis_p.Pro114Leu,3) Uncertain significance,p.P114L,
Amikacin,whiB7,whiB7_p.Gly67Val,3) Uncertain significance,p.G67V,
Amikacin,eis,eis_p.Gly156Cys,3) Uncertain significance,p.G156C,
Amikacin,whiB7,whiB7_p.His21Gln,3) Uncertain significance,p.H21Q,
Amikacin,eis,eis_p.Ser56Cys,3) Uncertain significance,p.S56C,
Amikacin,eis,eis_p.Gly222Ala,3) Uncertain significance,p.G222A,
Amikacin,whiB7,whiB7_p.Thr10Ser,3) Uncertain significance,p.T10S,
Amikacin,whiB7,whiB7_p.Val22Ile,3) Uncertain significance,p.V22I,
Amikacin,eis,eis_p.Asp281Gly,3) Uncertain significance,p.D281G,
Amikacin,eis,eis_p.Leu77Pro,3) Uncertain significance,p.L77P,
Amikacin,eis,eis_p.Ser358Arg,3) Uncertain significance,p.S358R,0.0
Amikacin,eis,eis_p.Leu375Ser,3) Uncertain significance,p.L375S,
Amikacin,eis,eis_p.Ala151Val,3) Uncertain significance,p.A151V,
Amikacin,eis,eis_p.Leu200Val,3) Uncertain significance,p.L200V,
Amikacin,eis,eis_p.Gly357Asp,3) Uncertain significance,p.G357D,
Amikacin,whiB7,whiB7_p.Ser2Ala,3) Uncertain significance,p.S2A,
Amikacin,eis,eis_p.Gly309Asp,3) Uncertain significance,p.G309D,
Amikacin,eis,eis_p.Arg297Cys,3) Uncertain significance,p.R297C,
Amikacin,eis,eis_p.Pro187Arg,3) Uncertain significance,p.P187R,
Amikacin,eis,eis_p.Ala62Val,3) Uncertain significance,p.A62V,
Amikacin,whiB7,whiB7_p.Pro62Thr,3) Uncertain significance,p.P62T,0.0
Amikacin,eis,eis_p.Thr136Ser,3) Uncertain significance,p.T136S,0.0
Amikacin,eis,eis_p.Pro89Leu,3) Uncertain significance,p.P89L,
Amikacin,whiB7,whiB7_p.Ala90Ser,3) Uncertain significance,p.A90S,
Amikacin,whiB7,whiB7_p.Ala55Glu,3) Uncertain significance,p.A55E,
Amikacin,eis,eis_p.Leu386Ile,3) Uncertain significance,p.L386I,
Amikacin,eis,eis_p.Ser23Gly,3) Uncertain significance,p.S23G,
Amikacin,eis,eis_p.Ser367Pro,3) Uncertain significance,p.S367P,
Amikacin,eis,eis_p.Ala99Val,3) Uncertain significance,p.A99V,
Amikacin,eis,eis_p.Val115Ala,3) Uncertain significance,p.V115A,
Amikacin,eis,eis_p.Thr38Ala,3) Uncertain significance,p.T38A,
Amikacin,whiB7,whiB7_p.Val91Ile,3) Uncertain significance,p.V91I,
Amikacin,eis,eis_p.Met351Val,3) Uncertain significance,p.M351V,
Amikacin,eis,eis_p.Pro78Ser,3) Uncertain significance,p.P78S,
Amikacin,eis,eis_p.Pro72Leu,3) Uncertain significance,p.P72L,
Amikacin,whiB7,whiB7_p.Arg87Cys,3) Uncertain significance,p.R87C,
Amikacin,whiB7,whiB7_p.Gly23Asp,3) Uncertain significance,p.G23D,
Amikacin,eis,eis_p.His277Tyr,3) Uncertain significance,p.H277Y,0.0
Amikacin,whiB7,whiB7_p.Glu69Gly,3) Uncertain significance,p.E69G,
Amikacin,eis,eis_p.His105Tyr,3) Uncertain significance,p.H105Y,
Amikacin,eis,eis_p.Leu201Arg,3) Uncertain significance,p.L201R,
Amikacin,eis,eis_p.Thr282Ile,3) Uncertain significance,p.T282I,
Amikacin,whiB7,whiB7_p.Thr32Asn,3) Uncertain significance,p.T32N,
Amikacin,eis,eis_p.Arg94Ser,3) Uncertain significance,p.R94S,
Amikacin,whiB7,whiB7_p.Arg81Cys,3) Uncertain significance,p.R81C,0.0
Amikacin,eis,eis_p.Arg254Gln,3) Uncertain significance,p.R254Q,
Amikacin,eis,eis_p.Asp354Asn,3) Uncertain significance,p.D354N,
Amikacin,eis,eis_p.Pro208Leu,3) Uncertain significance,p.P208L,
Amikacin,eis,eis_p.Ser83Thr,3) Uncertain significance,p.S83T,
Amikacin,eis,eis_p.Ala338Thr,3) Uncertain significance,p.A338T,
Amikacin,whiB7,whiB7_p.Leu42Pro,3) Uncertain significance,p.L42P,0.25
Amikacin,whiB7,whiB7_p.Ile76Val,3) Uncertain significance,p.I76V,
Amikacin,whiB7,whiB7_p.Gln13Lys,3) Uncertain significance,p.Q13K,0.0
Amikacin,eis,eis_p.Ser56Pro,3) Uncertain significance,p.S56P,
Amikacin,eis,eis_p.Glu199Gly,3) Uncertain significance,p.E199G,0.0
Amikacin,eis,eis_p.Glu176Ala,3) Uncertain significance,p.E176A,
Amikacin,eis,eis_p.Ala330Val,3) Uncertain significance,p.A330V,
Amikacin,eis,eis_p.Arg212His,3) Uncertain significance,p.R212H,0.0
Amikacin,whiB7,whiB7_p.Asp24His,3) Uncertain significance,p.D24H,
Amikacin,whiB7,whiB7_p.Val3Ala,3) Uncertain significance,p.V3A,
Amikacin,whiB7,whiB7_p.Arg59Trp,3) Uncertain significance,p.R59W,0.0
Amikacin,eis,eis_p.Arg49Cys,3) Uncertain significance,p.R49C,0.0
Amikacin,whiB7,whiB7_p.Lys88Thr,3) Uncertain significance,p.K88T,0.0
Amikacin,eis,eis_p.Arg92Cys,3) Uncertain significance,p.R92C,0.0
Amikacin,eis,eis_p.Pro276Ser,3) Uncertain significance,p.P276S,0.0
Amikacin,eis,eis_p.Glu313Asp,3) Uncertain significance,p.E313D,
Amikacin,eis,eis_p.Gly258Ser,3) Uncertain significance,p.G258S,
Amikacin,eis,eis_p.Gly357Ser,3) Uncertain significance,p.G357S,0.0
Amikacin,whiB7,whiB7_p.Leu18Phe,3) Uncertain significance,p.L18F,
Amikacin,eis,eis_p.Ala371Ser,3) Uncertain significance,p.A371S,
Amikacin,eis,eis_p.Asp273Ala,3) Uncertain significance,p.D273A,
Amikacin,whiB7,whiB7_p.Asp31Asn,3) Uncertain significance,p.D31N,
Amikacin,eis,eis_p.Leu18Pro,3) Uncertain significance,p.L18P,
Amikacin,eis,eis_p.Ala153Ser,3) Uncertain significance,p.A153S,
Amikacin,whiB7,whiB7_p.Arg12Lys,3) Uncertain significance,p.R12K,
Amikacin,whiB7,whiB7_p.Glu69Lys,3) Uncertain significance,p.E69K,
Amikacin,eis,eis_p.Pro342Leu,3) Uncertain significance,p.P342L,0.0
Amikacin,eis,eis_p.Glu348Asp,3) Uncertain significance,p.E348D,
Amikacin,eis,eis_p.Ala21Glu,3) Uncertain significance,p.A21E,
Amikacin,eis,eis_p.Lys234Glu,3) Uncertain significance,p.K234E,0.0
Amikacin,whiB7,whiB7_p.Pro25Leu,3) Uncertain significance,p.P25L,0.0
Amikacin,eis,eis_p.Val3Ala,3) Uncertain significance,p.V3A,0.0
Amikacin,eis,eis_p.Ile333Val,3) Uncertain significance,p.I333V,0.0
Amikacin,eis,eis_p.Ala370Ser,3) Uncertain significance,p.A370S,
Amikacin,eis,eis_p.Val314Leu,3) Uncertain significance,p.V314L,0.0
Amikacin,eis,eis_p.Lys234Asn,3) Uncertain significance,p.K234N,0.0
Amikacin,whiB7,whiB7_p.Lys40Asn,3) Uncertain significance,p.K40N,
Amikacin,eis,eis_p.Leu18Arg,3) Uncertain significance,p.L18R,0.0
Amikacin,eis,eis_p.Glu122Gly,3) Uncertain significance,p.E122G,0.0
Amikacin,whiB7,whiB7_p.Gln73Arg,3) Uncertain significance,p.Q73R,
Amikacin,eis,eis_p.Phe149Leu,3) Uncertain significance,p.F149L,0.0
Amikacin,eis,eis_p.Thr70Ala,3) Uncertain significance,p.T70A,0.0
Amikacin,eis,eis_p.Ala304Val,3) Uncertain significance,p.A304V,0.0
Amikacin,eis,eis_p.Leu140Val,3) Uncertain significance,p.L140V,
Amikacin,eis,eis_p.Glu401Asp,3) Uncertain significance,p.E401D,
Amikacin,eis,eis_p.Phe149Val,3) Uncertain significance,p.F149V,0.0
Amikacin,eis,eis_p.Gly188Ala,3) Uncertain significance,p.G188A,
Amikacin,eis,eis_p.Glu74Asp,3) Uncertain significance,p.E74D,0.0
Amikacin,eis,eis_p.Pro302Gln,3) Uncertain significance,p.P302Q,
Amikacin,eis,eis_p.Arg227Gln,3) Uncertain significance,p.R227Q,0.0
Amikacin,whiB7,whiB7_p.Ala92Thr,3) Uncertain significance,p.A92T,0.0
Amikacin,eis,eis_p.Thr398Asn,3) Uncertain significance,p.T398N,
Amikacin,eis,eis_p.Ala86Val,3) Uncertain significance,p.A86V,
Amikacin,eis,eis_p.Ala251Gly,3) Uncertain significance,p.A251G,0.0
Amikacin,eis,eis_p.Pro30His,3) Uncertain significance,p.P30H,
Amikacin,eis,eis_p.Asp352Gly,3) Uncertain significance,p.D352G,0.0
Amikacin,eis,eis_p.Thr231Ile,3) Uncertain significance,p.T231I,
Amikacin,eis,eis_p.Glu348Lys,3) Uncertain significance,p.E348K,0.0
Amikacin,eis,eis_p.Ala243Val,3) Uncertain significance,p.A243V,
Amikacin,eis,eis_p.Thr2Ala,3) Uncertain significance,p.T2A,0.0
Amikacin,eis,eis_p.Ser7Arg,3) Uncertain significance,p.S7R,0.0
Amikacin,whiB7,whiB7_p.Val65Phe,3) Uncertain significance,p.V65F,0.0
Amikacin,eis,eis_p.Val301Ile,3) Uncertain significance,p.V301I,
Amikacin,whiB7,whiB7_p.Arg50Leu,3) Uncertain significance,p.R50L,
Amikacin,eis,eis_p.Trp13Arg,3) Uncertain significance,p.W13R,
Amikacin,whiB7,whiB7_p.Pro11Ser,3) Uncertain significance,p.P11S,
Amikacin,eis,eis_p.Pro193Ser,3) Uncertain significance,p.P193S,
Amikacin,whiB7,whiB7_p.Gln58Arg,3) Uncertain significance,p.Q58R,
Amikacin,eis,eis_p.Thr4Pro,3) Uncertain significance,p.T4P,
Amikacin,whiB7,whiB7_p.Ser45Gly,3) Uncertain significance,p.S45G,0.0
Amikacin,eis,eis_p.Ala285Val,3) Uncertain significance,p.A285V,
Amikacin,eis,eis_p.Leu361Phe,3) Uncertain significance,p.L361F,
Amikacin,eis,eis_p.Met100Val,3) Uncertain significance,p.M100V,
Amikacin,whiB7,whiB7_p.Gly74Asp,3) Uncertain significance,p.G74D,
Bedaquiline,mmpL5,mmpL5_p.Thr794Ile,3) Uncertain significance,p.T794I,0.4166026133743274
Bedaquiline,Rv0678,Rv0678_p.Met146Thr,3) Uncertain significance,p.M146T,1.0
Bedaquiline,atpE,atpE_p.Ala63Pro,2) Assoc w R - Interim,p.A63P,1.0
Bedaquiline,atpE,atpE_p.Ile66Met,1) Assoc w R,p.I66M,1.0
Bedaquiline,Rv0678,Rv0678_p.Ile67Ser,2) Assoc w R - Interim,p.I67S,1.0
Bedaquiline,Rv0678,Rv0678_p.Ala36Val,2) Assoc w R - Interim,p.A36V,1.0
Bedaquiline,Rv0678,Rv0678_p.Leu32Ser,1) Assoc w R,p.L32S,1.0
Bedaquiline,mmpL5,mmpL5_p.Gly246Ser,3) Uncertain significance,p.G246S,
Bedaquiline,Rv0678,Rv0678_p.Leu117Arg,1) Assoc w R,p.L117R,1.0
Bedaquiline,Rv0678,Rv0678_p.Thr91Ile,3) Uncertain significance,p.T91I,1.0
Bedaquiline,Rv0678,Rv0678_p.Gly121Arg,1) Assoc w R,p.G121R,1.0
Bedaquiline,Rv0678,Rv0678_p.Ser63Gly,3) Uncertain significance,p.S63G,1.0
Bedaquiline,Rv0678,Rv0678_p.Ser53Pro,3) Uncertain significance,p.S53P,1.0
Bedaquiline,Rv0678,Rv0678_p.Cys46Arg,1) Assoc w R,p.C46R,1.0
Bedaquiline,Rv0678,Rv0678_p.Gly65Glu,3) Uncertain significance,p.G65E,1.0
Bedaquiline,Rv0678,Rv0678_p.Gly41Asp,3) Uncertain significance,p.G41D,1.0
Bedaquiline,atpE,atpE_p.Glu61Asp,2) Assoc w R - Interim,p.E61D,
Bedaquiline,Rv0678,Rv0678_p.Leu35Trp,3) Uncertain significance,p.L35W,1.0
Bedaquiline,Rv0678,Rv0678_p.Phe79Leu,3) Uncertain significance,p.F79L,1.0
Bedaquiline,Rv0678,Rv0678_p.Ser2Ile,3) Uncertain significance,p.S2I,1.0
Bedaquiline,Rv0678,Rv0678_p.Leu60Pro,3) Uncertain significance,p.L60P,1.0
Bedaquiline,Rv0678,Rv0678_p.Leu142Arg,2) Assoc w R - Interim,p.L142R,1.0
Bedaquiline,mmpL5,mmpL5_p.Arg328Gly,3) Uncertain significance,p.R328G,1.0
Bedaquiline,Rv0678,Rv0678_p.Ser53Leu,3) Uncertain significance,p.S53L,1.0
Bedaquiline,Rv0678,Rv0678_p.Arg107Cys,3) Uncertain significance,p.R107C,1.0
Bedaquiline,Rv0678,Rv0678_p.Asn70Ile,3) Uncertain significance,p.N70I,1.0
Bedaquiline,Rv0678,Rv0678_p.Leu95Ser,3) Uncertain significance,p.L95S,0.6666666666666666
Bedaquiline,Rv0678,Rv0678_p.Leu122Pro,3) Uncertain significance,p.L122P,1.0
Bedaquiline,Rv0678,Rv0678_p.Gly78Arg,3) Uncertain significance,p.G78R,1.0
Bedaquiline,Rv0678,Rv0678_p.Ser151Pro,3) Uncertain significance,p.S151P,1.0
Bedaquiline,Rv0678,Rv0678_p.Leu40Phe,3) Uncertain significance,p.L40F,1.0
Bedaquiline,Rv0678,Rv0678_p.Leu60Gln,3) Uncertain significance,p.L60Q,1.0
Bedaquiline,Rv0678,Rv0678_p.Asn70Asp,2) Assoc w R - Interim,p.N70D,1.0
Bedaquiline,Rv0678,Rv0678_p.Met139Ile,3) Uncertain significance,p.M139I,1.0
Bedaquiline,Rv0678,Rv0678_p.Leu136Pro,3) Uncertain significance,p.L136P,1.0
Bedaquiline,Rv0678,Rv0678_p.Tyr157Ser,3) Uncertain significance,p.Y157S,0.6666666666666666
Bedaquiline,mmpL5,mmpL5_p.Leu709Ile,3) Uncertain significance,p.L709I,
Bedaquiline,Rv0678,Rv0678_p.Pro48Leu,3) Uncertain significance,p.P48L,1.0
Bedaquiline,Rv0678,Rv0678_p.Gln76Lys,3) Uncertain significance,p.Q76K,1.0
Bedaquiline,pepQ,pepQ_p.Ser200Leu,3) Uncertain significance,p.S200L,1.0
Bedaquiline,Rv0678,Rv0678_p.Ala102Thr,3) Uncertain significance,p.A102T,1.0
Bedaquiline,Rv0678,Rv0678_p.Ile67Leu,3) Uncertain significance,p.I67L,1.0
Bedaquiline,Rv0678,Rv0678_p.Ser52Phe,3) Uncertain significance,p.S52F,1.0
Bedaquiline,Rv0678,Rv0678_p.Gln115Pro,3) Uncertain significance,p.Q115P,1.0
Bedaquiline,Rv0678,Rv0678_p.Cys46Trp,3) Uncertain significance,p.C46W,1.0
Bedaquiline,Rv0678,Rv0678_p.Arg50Gln,3) Uncertain significance,p.R50Q,1.0
Bedaquiline,Rv0678,Rv0678_p.Arg96Leu,3) Uncertain significance,p.R96L,1.0
Bedaquiline,atpE,atpE_p.Ala63Val,3) Uncertain significance,p.A63V,
Bedaquiline,Rv0678,Rv0678_p.Arg90Cys,3) Uncertain significance,p.R90C,0.5
Bedaquiline,Rv0678,Rv0678_p.Phe93Leu,3) Uncertain significance,p.F93L,0.6666666666666666
Bedaquiline,Rv0678,Rv0678_p.Arg34Gln,3) Uncertain significance,p.R34Q,1.0
Bedaquiline,Rv0678,Rv0678_p.Arg30Trp,3) Uncertain significance,p.R30W,1.0
Bedaquiline,Rv0678,Rv0678_p.Arg105Ser,3) Uncertain significance,p.R105S,1.0
Bedaquiline,Rv0678,Rv0678_p.Glu104Lys,3) Uncertain significance,p.E104K,0.5
Bedaquiline,Rv0678,Rv0678_p.Asn70Lys,3) Uncertain significance,p.N70K,1.0
Bedaquiline,mmpL5,mmpL5_p.Ala359Thr,3) Uncertain significance,p.A359T,
Bedaquiline,Rv0678,Rv0678_p.Leu40Met,3) Uncertain significance,p.L40M,
Bedaquiline,Rv0678,Rv0678_p.Met139Thr,3) Uncertain significance,p.M139T,1.0
Bedaquiline,Rv0678,Rv0678_p.Ser68Asn,3) Uncertain significance,p.S68N,
Bedaquiline,Rv0678,Rv0678_p.Ile67Met,3) Uncertain significance,p.I67M,
Bedaquiline,Rv0678,Rv0678_p.Phe19Leu,3) Uncertain significance,p.F19L,1.0
Bedaquiline,Rv0678,Rv0678_p.Ser64Ile,3) Uncertain significance,p.S64I,1.0
Bedaquiline,Rv0678,Rv0678_p.Arg38Leu,3) Uncertain significance,p.R38L,1.0
Bedaquiline,Rv0678,Rv0678_p.Arg109Pro,3) Uncertain significance,p.R109P,1.0
Bedaquiline,Rv0678,Rv0678_p.Ala99Pro,3) Uncertain significance,p.A99P,1.0
Bedaquiline,Rv0678,Rv0678_p.Arg34Trp,3) Uncertain significance,p.R34W,1.0
Bedaquiline,Rv0678,Rv0678_p.Gln51Arg,3) Uncertain significance,p.Q51R,
Bedaquiline,Rv0678,Rv0678_p.Phe100Ile,3) Uncertain significance,p.F100I,1.0
Bedaquiline,Rv0678,Rv0678_p.Gln76Arg,3) Uncertain significance,p.Q76R,1.0
Bedaquiline,Rv0678,Rv0678_p.Tyr26His,3) Uncertain significance,p.Y26H,1.0
Bedaquiline,Rv0678,Rv0678_p.Gly25Asp,3) Uncertain significance,p.G25D,1.0
Bedaquiline,Rv0678,Rv0678_p.Arg109Trp,3) Uncertain significance,p.R109W,
Bedaquiline,Rv0678,Rv0678_p.Ala102Asp,3) Uncertain significance,p.A102D,1.0
Bedaquiline,Rv0678,Rv0678_p.Arg94Gln,3) Uncertain significance,p.R94Q,1.0
Bedaquiline,Rv0678,Rv0678_p.Val20Gly,3) Uncertain significance,p.V20G,0.3333333333333333
Bedaquiline,Rv0678,Rv0678_p.Phe19Ser,3) Uncertain significance,p.F19S,
Bedaquiline,Rv0678,Rv0678_p.Leu83Pro,3) Uncertain significance,p.L83P,1.0
Bedaquiline,Rv0678,Rv0678_p.Phe93Ser,3) Uncertain significance,p.F93S,
Bedaquiline,Rv0678,Rv0678_p.Gly65Arg,3) Uncertain significance,p.G65R,1.0
Bedaquiline,Rv0678,Rv0678_p.Arg96Trp,3) Uncertain significance,p.R96W,1.0
Bedaquiline,Rv0678,Rv0678_p.Gly24Cys,3) Uncertain significance,p.G24C,1.0
Bedaquiline,Rv0678,Rv0678_p.Arg94Trp,3) Uncertain significance,p.R94W,1.0
Bedaquiline,Rv0678,Rv0678_p.Arg135Trp,3) Uncertain significance,p.R135W,1.0
Bedaquiline,Rv0678,Rv0678_p.Arg50Pro,3) Uncertain significance,p.R50P,1.0
Bedaquiline,Rv0678,Rv0678_p.Asp47Gly,3) Uncertain significance,p.D47G,1.0
Bedaquiline,Rv0678,Rv0678_p.Asp47Glu,3) Uncertain significance,p.D47E,1.0
Bedaquiline,Rv0678,Rv0678_p.Gly103Arg,3) Uncertain significance,p.G103R,1.0
Bedaquiline,Rv0678,Rv0678_p.Cys46Tyr,3) Uncertain significance,p.C46Y,1.0
Bedaquiline,Rv0678,Rv0678_p.Arg89Gln,3) Uncertain significance,p.R89Q,1.0
Bedaquiline,Rv0678,Rv0678_p.Arg89Leu,3) Uncertain significance,p.R89L,1.0
Bedaquiline,Rv0678,Rv0678_p.Thr33Ile,3) Uncertain significance,p.T33I,1.0
Bedaquiline,Rv0678,Rv0678_p.Arg50Trp,3) Uncertain significance,p.R50W,1.0
Bedaquiline,Rv0678,Rv0678_p.Arg72Trp,3) Uncertain significance,p.R72W,1.0
Bedaquiline,Rv0678,Rv0678_p.Arg107Leu,3) Uncertain significance,p.R107L,1.0
Bedaquiline,Rv0678,Rv0678_p.Tyr92Cys,3) Uncertain significance,p.Y92C,1.0
Bedaquiline,Rv0678,Rv0678_p.Ala112Pro,3) Uncertain significance,p.A112P,1.0
Bedaquiline,Rv0678,Rv0678_p.Ile16Ser,3) Uncertain significance,p.I16S,1.0
Bedaquiline,Rv0678,Rv0678_p.Gly24Arg,3) Uncertain significance,p.G24R,1.0
Bedaquiline,Rv0678,Rv0678_p.Ser63Arg,3) Uncertain significance,p.S63R,0.6666666666666666
Bedaquiline,Rv0678,Rv0678_p.Ala84Val,3) Uncertain significance,p.A84V,1.0
Bedaquiline,Rv0678,Rv0678_p.Asn98Asp,3) Uncertain significance,p.N98D,1.0
Bedaquiline,pepQ,pepQ_p.Arg7Gln,3) Uncertain significance,p.R7Q,0.5
Bedaquiline,Rv0678,Rv0678_p.Ile108Val,3) Uncertain significance,p.I108V,1.0
Bedaquiline,pepQ,pepQ_p.Ser66Pro,3) Uncertain significance,p.S66P,1.0
Bedaquiline,pepQ,pepQ_p.Ala141Glu,3) Uncertain significance,p.A141E,1.0
Bedaquiline,Rv0678,Rv0678_p.Gly87Arg,3) Uncertain significance,p.G87R,1.0
Bedaquiline,atpE,atpE_p.Ala63Thr,3) Uncertain significance,p.A63T,1.0
Bedaquiline,mmpL5,mmpL5_p.Leu219Phe,4) Not assoc w R - Interim,p.L219F,1.0
Bedaquiline,mmpS5,mmpS5_p.Ala8Ser,3) Uncertain significance,p.A8S,
Bedaquiline,mmpL5,mmpL5_p.Phe696Leu,3) Uncertain significance,p.F696L,0.2
Bedaquiline,mmpL5,mmpL5_p.Pro390Ser,3) Uncertain significance,p.P390S,
Bedaquiline,mmpL5,mmpL5_p.Gly102Asp,3) Uncertain significance,p.G102D,
Bedaquiline,mmpL5,mmpL5_p.Ile484Thr,3) Uncertain significance,p.I484T,
Bedaquiline,Rv0678,Rv0678_p.Pro14Leu,3) Uncertain significance,p.P14L,
Bedaquiline,mmpL5,mmpL5_p.Trp823Arg,3) Uncertain significance,p.W823R,
Bedaquiline,mmpL5,mmpL5_p.Val151Gly,3) Uncertain significance,p.V151G,
Bedaquiline,mmpL5,mmpL5_p.Arg380His,3) Uncertain significance,p.R380H,
Bedaquiline,mmpL5,mmpL5_p.Arg717Gln,3) Uncertain significance,p.R717Q,
Bedaquiline,mmpL5,mmpL5_p.Asp128Ala,3) Uncertain significance,p.D128A,
Bedaquiline,Rv0678,Rv0678_p.Arg96Gly,3) Uncertain significance,p.R96G,
Bedaquiline,mmpL5,mmpL5_p.Tyr411Asp,3) Uncertain significance,p.Y411D,
Bedaquiline,atpE,atpE_p.Ala45Val,3) Uncertain significance,p.A45V,
Bedaquiline,mmpL5,mmpL5_p.Ile910Val,3) Uncertain significance,p.I910V,
Bedaquiline,mmpL5,mmpL5_p.Asn685Asp,3) Uncertain significance,p.N685D,
Bedaquiline,pepQ,pepQ_p.Gln5Arg,3) Uncertain significance,p.Q5R,
Bedaquiline,pepQ,pepQ_p.Asp108Asn,3) Uncertain significance,p.D108N,
Bedaquiline,mmpL5,mmpL5_p.Met676Val,3) Uncertain significance,p.M676V,
Bedaquiline,pepQ,pepQ_p.Met180Thr,3) Uncertain significance,p.M180T,
Bedaquiline,mmpL5,mmpL5_p.Leu600Arg,3) Uncertain significance,p.L600R,
Bedaquiline,mmpL5,mmpL5_p.Ala209Thr,3) Uncertain significance,p.A209T,
Bedaquiline,mmpL5,mmpL5_p.Gly876Asp,3) Uncertain significance,p.G876D,
Bedaquiline,pepQ,pepQ_p.Val328Phe,3) Uncertain significance,p.V328F,
Bedaquiline,pepQ,pepQ_p.Ala137Ser,3) Uncertain significance,p.A137S,
Bedaquiline,pepQ,pepQ_p.Val324Met,3) Uncertain significance,p.V324M,
Bedaquiline,mmpL5,mmpL5_p.Asn466Ser,3) Uncertain significance,p.N466S,
Bedaquiline,mmpL5,mmpL5_p.Ala385Thr,3) Uncertain significance,p.A385T,
Bedaquiline,Rv0678,Rv0678_p.Arg156Gln,3) Uncertain significance,p.R156Q,
Bedaquiline,pepQ,pepQ_p.Gln63Arg,3) Uncertain significance,p.Q63R,0.0
Bedaquiline,Rv0678,Rv0678_p.Ala112Ser,3) Uncertain significance,p.A112S,
Bedaquiline,mmpL5,mmpL5_p.Val149Ile,3) Uncertain significance,p.V149I,
Bedaquiline,mmpL5,mmpL5_p.Gly661Arg,3) Uncertain significance,p.G661R,
Bedaquiline,mmpL5,mmpL5_p.Ala273Thr,3) Uncertain significance,p.A273T,
Bedaquiline,Rv0678,Rv0678_p.Ala86Val,3) Uncertain significance,p.A86V,
Bedaquiline,mmpL5,mmpL5_p.Pro445Leu,3) Uncertain significance,p.P445L,
Bedaquiline,pepQ,pepQ_p.Ala275Ser,3) Uncertain significance,p.A275S,
Bedaquiline,mmpL5,mmpL5_p.Val41Ile,3) Uncertain significance,p.V41I,
Bedaquiline,pepQ,pepQ_p.Gly41Asp,3) Uncertain significance,p.G41D,
Bedaquiline,Rv0678,Rv0678_p.Asp5Gly,3) Uncertain significance,p.D5G,
Bedaquiline,mmpL5,mmpL5_p.Val346Ala,3) Uncertain significance,p.V346A,
Bedaquiline,mmpL5,mmpL5_p.Met72Thr,3) Uncertain significance,p.M72T,
Bedaquiline,mmpL5,mmpL5_p.Ala20Thr,3) Uncertain significance,p.A20T,
Bedaquiline,mmpL5,mmpL5_p.His656Tyr,3) Uncertain significance,p.H656Y,
Bedaquiline,Rv0678,Rv0678_p.Ala101Glu,3) Uncertain significance,p.A101E,
Bedaquiline,mmpL5,mmpL5_p.Met912Thr,3) Uncertain significance,p.M912T,
Bedaquiline,pepQ,pepQ_p.Ala124Val,3) Uncertain significance,p.A124V,
Bedaquiline,mmpL5,mmpL5_p.Met903Ile,3) Uncertain significance,p.M903I,
Bedaquiline,mmpL5,mmpL5_p.Met503Ile,3) Uncertain significance,p.M503I,
Bedaquiline,mmpL5,mmpL5_p.Lys649Thr,3) Uncertain significance,p.K649T,
Bedaquiline,mmpL5,mmpL5_p.Phe129Ser,3) Uncertain significance,p.F129S,
Bedaquiline,mmpL5,mmpL5_p.Ser507Asn,3) Uncertain significance,p.S507N,0.0
Bedaquiline,mmpS5,mmpS5_p.Thr24Ala,3) Uncertain significance,p.T24A,
Bedaquiline,Rv0678,Rv0678_p.Gly78Trp,3) Uncertain significance,p.G78W,
Bedaquiline,mmpS5,mmpS5_p.Ile116Leu,3) Uncertain significance,p.I116L,
Bedaquiline,mmpS5,mmpS5_p.Gly109Asp,3) Uncertain significance,p.G109D,
Bedaquiline,pepQ,pepQ_p.Thr341Ala,3) Uncertain significance,p.T341A,
Bedaquiline,Rv0678,Rv0678_p.Leu83His,3) Uncertain significance,p.L83H,0.0
Bedaquiline,mmpL5,mmpL5_p.Trp598Cys,3) Uncertain significance,p.W598C,
Bedaquiline,Rv0678,Rv0678_p.Ser68Ile,3) Uncertain significance,p.S68I,
Bedaquiline,Rv0678,Rv0678_p.Val20Ala,3) Uncertain significance,p.V20A,
Bedaquiline,mmpL5,mmpL5_p.Ile787Met,3) Uncertain significance,p.I787M,
Bedaquiline,mmpL5,mmpL5_p.Glu83Lys,3) Uncertain significance,p.E83K,
Bedaquiline,pepQ,pepQ_p.Ala187Glu,3) Uncertain significance,p.A187E,
Bedaquiline,mmpL5,mmpL5_p.Val840Ile,3) Uncertain significance,p.V840I,0.0
Bedaquiline,mmpL5,mmpL5_p.Glu174Gln,3) Uncertain significance,p.E174Q,
Bedaquiline,mmpL5,mmpL5_p.Arg944Gln,3) Uncertain significance,p.R944Q,
Bedaquiline,pepQ,pepQ_p.Arg61Cys,3) Uncertain significance,p.R61C,
Bedaquiline,atpE,atpE_p.Thr51Ile,3) Uncertain significance,p.T51I,
Bedaquiline,pepQ,pepQ_p.Ser130Leu,3) Uncertain significance,p.S130L,
Bedaquiline,Rv0678,Rv0678_p.Gln22Arg,3) Uncertain significance,p.Q22R,
Bedaquiline,mmpL5,mmpL5_p.Ala434Thr,3) Uncertain significance,p.A434T,
Bedaquiline,mmpL5,mmpL5_p.Glu744Gln,3) Uncertain significance,p.E744Q,
Bedaquiline,mmpS5,mmpS5_p.Val55Met,3) Uncertain significance,p.V55M,
Bedaquiline,mmpL5,mmpL5_p.Glu524Gly,3) Uncertain significance,p.E524G,
Bedaquiline,mmpS5,mmpS5_p.Gly130Arg,3) Uncertain significance,p.G130R,
Bedaquiline,mmpL5,mmpL5_p.Leu116Val,3) Uncertain significance,p.L116V,
Bedaquiline,mmpL5,mmpL5_p.Val942Ile,3) Uncertain significance,p.V942I,
Bedaquiline,Rv0678,Rv0678_p.Ser158Arg,3) Uncertain significance,p.S158R,
Bedaquiline,pepQ,pepQ_p.Glu191Val,3) Uncertain significance,p.E191V,
Bedaquiline,mmpL5,mmpL5_p.Lys80Gln,3) Uncertain significance,p.K80Q,
Bedaquiline,mmpL5,mmpL5_p.Gly181Asp,3) Uncertain significance,p.G181D,
Bedaquiline,pepQ,pepQ_p.Asp209Glu,3) Uncertain significance,p.D209E,
Bedaquiline,pepQ,pepQ_p.Glu89Asp,3) Uncertain significance,p.E89D,
Bedaquiline,mmpL5,mmpL5_p.Pro947Ser,3) Uncertain significance,p.P947S,
Bedaquiline,pepQ,pepQ_p.Val343Ala,3) Uncertain significance,p.V343A,
Bedaquiline,mmpL5,mmpL5_p.Gln140His,3) Uncertain significance,p.Q140H,
Bedaquiline,mmpL5,mmpL5_p.Gly114Arg,3) Uncertain significance,p.G114R,
Bedaquiline,mmpL5,mmpL5_p.Lys646Gln,3) Uncertain significance,p.K646Q,
Bedaquiline,mmpL5,mmpL5_p.Ala44Gly,3) Uncertain significance,p.A44G,
Bedaquiline,Rv0678,Rv0678_p.Ser52Tyr,3) Uncertain significance,p.S52Y,0.0
Bedaquiline,pepQ,pepQ_p.Val101Leu,3) Uncertain significance,p.V101L,
Bedaquiline,mmpL5,mmpL5_p.Asp681Glu,3) Uncertain significance,p.D681E,
Bedaquiline,mmpL5,mmpL5_p.Ser452Asn,3) Uncertain significance,p.S452N,
Bedaquiline,pepQ,pepQ_p.Asn118Asp,3) Uncertain significance,p.N118D,
Bedaquiline,atpE,atpE_p.Val39Ile,3) Uncertain significance,p.V39I,
Bedaquiline,mmpL5,mmpL5_p.Asn458Asp,3) Uncertain significance,p.N458D,
Bedaquiline,mmpL5,mmpL5_p.Ala199Thr,3) Uncertain significance,p.A199T,
Bedaquiline,mmpL5,mmpL5_p.Asp128His,3) Uncertain significance,p.D128H,
Bedaquiline,Rv0678,Rv0678_p.Ile80Met,3) Uncertain significance,p.I80M,
Bedaquiline,mmpL5,mmpL5_p.Asp110Gly,3) Uncertain significance,p.D110G,0.0
Bedaquiline,mmpL5,mmpL5_p.Met218Val,3) Uncertain significance,p.M218V,
Bedaquiline,Rv0678,Rv0678_p.Thr58Pro,3) Uncertain significance,p.T58P,
Bedaquiline,mmpL5,mmpL5_p.Ala800Ser,3) Uncertain significance,p.A800S,
Bedaquiline,mmpL5,mmpL5_p.Val247Ala,3) Uncertain significance,p.V247A,0.3333333333333333
Bedaquiline,Rv0678,Rv0678_p.Pro14Ser,3) Uncertain significance,p.P14S,
Bedaquiline,Rv0678,Rv0678_p.Tyr26Cys,3) Uncertain significance,p.Y26C,
Bedaquiline,mmpL5,mmpL5_p.Met443Thr,3) Uncertain significance,p.M443T,
Bedaquiline,mmpL5,mmpL5_p.Lys467Arg,3) Uncertain significance,p.K467R,
Bedaquiline,mmpL5,mmpL5_p.Leu751Phe,3) Uncertain significance,p.L751F,
Bedaquiline,mmpL5,mmpL5_p.His122Arg,3) Uncertain significance,p.H122R,
Bedaquiline,mmpL5,mmpL5_p.Ala572Val,3) Uncertain significance,p.A572V,
Bedaquiline,mmpL5,mmpL5_p.Val186Ile,3) Uncertain significance,p.V186I,
Bedaquiline,mmpL5,mmpL5_p.Tyr299Cys,3) Uncertain significance,p.Y299C,
Bedaquiline,mmpS5,mmpS5_p.Ile14Thr,3) Uncertain significance,p.I14T,
Bedaquiline,mmpL5,mmpL5_p.Glu512Ala,3) Uncertain significance,p.E512A,
Bedaquiline,mmpL5,mmpL5_p.Ala896Thr,3) Uncertain significance,p.A896T,
Bedaquiline,pepQ,pepQ_p.Asp20Gly,3) Uncertain significance,p.D20G,
Bedaquiline,mmpL5,mmpL5_p.Gly305Ser,3) Uncertain significance,p.G305S,0.0
Bedaquiline,mmpL5,mmpL5_p.Gly257Arg,3) Uncertain significance,p.G257R,
Bedaquiline,mmpL5,mmpL5_p.Arg289His,3) Uncertain significance,p.R289H,
Bedaquiline,atpE,atpE_p.Leu59Phe,3) Uncertain significance,p.L59F,0.0
Bedaquiline,mmpS5,mmpS5_p.Lys42Arg,3) Uncertain significance,p.K42R,
Bedaquiline,Rv0678,Rv0678_p.Glu113Lys,3) Uncertain significance,p.E113K,
Bedaquiline,Rv0678,Rv0678_p.Trp42Arg,3) Uncertain significance,p.W42R,
Bedaquiline,mmpS5,mmpS5_p.Pro53Leu,3) Uncertain significance,p.P53L,
Bedaquiline,pepQ,pepQ_p.Glu360Asp,3) Uncertain significance,p.E360D,
Bedaquiline,mmpS5,mmpS5_p.Ser34Phe,3) Uncertain significance,p.S34F,
Bedaquiline,mmpL5,mmpL5_p.Leu335Val,3) Uncertain significance,p.L335V,
Bedaquiline,pepQ,pepQ_p.Ile302Val,3) Uncertain significance,p.I302V,
Bedaquiline,Rv0678,Rv0678_p.Ser52Pro,3) Uncertain significance,p.S52P,
Bedaquiline,mmpL5,mmpL5_p.Arg244Leu,3) Uncertain significance,p.R244L,
Bedaquiline,Rv0678,Rv0678_p.Ser68Gly,3) Uncertain significance,p.S68G,
Bedaquiline,Rv0678,Rv0678_p.Ala62Thr,3) Uncertain significance,p.A62T,
Bedaquiline,mmpL5,mmpL5_p.Pro927Arg,3) Uncertain significance,p.P927R,
Bedaquiline,pepQ,pepQ_p.Gly112Asp,3) Uncertain significance,p.G112D,
Bedaquiline,Rv0678,Rv0678_p.Leu40Ser,3) Uncertain significance,p.L40S,
Bedaquiline,mmpL5,mmpL5_p.Thr6Ala,3) Uncertain significance,p.T6A,
Bedaquiline,pepQ,pepQ_p.Asp26Gly,3) Uncertain significance,p.D26G,1.0
Bedaquiline,mmpL5,mmpL5_p.Gly559Ala,3) Uncertain significance,p.G559A,
Bedaquiline,mmpL5,mmpL5_p.Phe816Leu,3) Uncertain significance,p.F816L,
Bedaquiline,mmpS5,mmpS5_p.Ala142Ser,3) Uncertain significance,p.A142S,
Bedaquiline,mmpL5,mmpL5_p.Gly391Ser,3) Uncertain significance,p.G391S,
Bedaquiline,mmpL5,mmpL5_p.Met892Thr,3) Uncertain significance,p.M892T,
Bedaquiline,Rv0678,Rv0678_p.Glu104Asp,3) Uncertain significance,p.E104D,0.0
Bedaquiline,mmpL5,mmpL5_p.Ala801Val,3) Uncertain significance,p.A801V,
Bedaquiline,pepQ,pepQ_p.Ser66Leu,3) Uncertain significance,p.S66L,
Bedaquiline,mmpL5,mmpL5_p.Gly875Arg,3) Uncertain significance,p.G875R,
Bedaquiline,mmpL5,mmpL5_p.Trp598Gly,3) Uncertain significance,p.W598G,
Bedaquiline,pepQ,pepQ_p.Ala305Val,3) Uncertain significance,p.A305V,
Bedaquiline,mmpL5,mmpL5_p.Val222Gly,3) Uncertain significance,p.V222G,
Bedaquiline,mmpS5,mmpS5_p.Thr113Asn,3) Uncertain significance,p.T113N,
Bedaquiline,mmpL5,mmpL5_p.Leu523Pro,3) Uncertain significance,p.L523P,
Bedaquiline,mmpS5,mmpS5_p.Lys6Thr,3) Uncertain significance,p.K6T,
Bedaquiline,mmpL5,mmpL5_p.Tyr514Cys,3) Uncertain significance,p.Y514C,
Bedaquiline,mmpL5,mmpL5_p.Ser654Thr,3) Uncertain significance,p.S654T,
Bedaquiline,pepQ,pepQ_p.Lys94Asn,3) Uncertain significance,p.K94N,
Bedaquiline,mmpL5,mmpL5_p.Gly138Asp,3) Uncertain significance,p.G138D,
Bedaquiline,mmpL5,mmpL5_p.Val182Ile,3) Uncertain significance,p.V182I,
Bedaquiline,mmpL5,mmpL5_p.Trp952Leu,3) Uncertain significance,p.W952L,
Bedaquiline,pepQ,pepQ_p.Pro165Gln,3) Uncertain significance,p.P165Q,
Bedaquiline,mmpL5,mmpL5_p.Ala401Val,3) Uncertain significance,p.A401V,
Bedaquiline,mmpL5,mmpL5_p.Ala397Ser,3) Uncertain significance,p.A397S,
Bedaquiline,mmpL5,mmpL5_p.Asp143Gly,3) Uncertain significance,p.D143G,
Bedaquiline,mmpL5,mmpL5_p.Thr606Ala,3) Uncertain significance,p.T606A,
Bedaquiline,Rv0678,Rv0678_p.Leu56Pro,3) Uncertain significance,p.L56P,0.0
Bedaquiline,pepQ,pepQ_p.Leu107Arg,3) Uncertain significance,p.L107R,
Bedaquiline,Rv0678,Rv0678_p.Gln76Glu,3) Uncertain significance,p.Q76E,
Bedaquiline,Rv0678,Rv0678_p.Glu104Gly,3) Uncertain significance,p.E104G,
Bedaquiline,mmpL5,mmpL5_p.Met892Ile,3) Uncertain significance,p.M892I,
Bedaquiline,Rv0678,Rv0678_p.Asp141Tyr,3) Uncertain significance,p.D141Y,
Bedaquiline,pepQ,pepQ_p.Ile24Thr,3) Uncertain significance,p.I24T,
Bedaquiline,Rv0678,Rv0678_p.Ile108Thr,3) Uncertain significance,p.I108T,
Bedaquiline,atpE,atpE_p.Phe76Leu,3) Uncertain significance,p.F76L,0.0
Bedaquiline,mmpL5,mmpL5_p.Val846Ile,3) Uncertain significance,p.V846I,
Bedaquiline,Rv0678,Rv0678_p.Ser31Gly,3) Uncertain significance,p.S31G,0.0
Bedaquiline,Rv0678,Rv0678_p.Ala110Val,3) Uncertain significance,p.A110V,
Bedaquiline,mmpS5,mmpS5_p.Gly109Ser,3) Uncertain significance,p.G109S,
Bedaquiline,mmpL5,mmpL5_p.Leu818Met,3) Uncertain significance,p.L818M,
Bedaquiline,Rv0678,Rv0678_p.Met23Val,3) Uncertain significance,p.M23V,
Bedaquiline,mmpL5,mmpL5_p.Leu95Arg,3) Uncertain significance,p.L95R,
Bedaquiline,mmpL5,mmpL5_p.Val382Ala,3) Uncertain significance,p.V382A,
Bedaquiline,mmpL5,mmpL5_p.Leu653Met,3) Uncertain significance,p.L653M,
Bedaquiline,mmpL5,mmpL5_p.Ile529Met,3) Uncertain significance,p.I529M,
Bedaquiline,mmpL5,mmpL5_p.Val964Leu,3) Uncertain significance,p.V964L,
Bedaquiline,mmpL5,mmpL5_p.Glu830Asp,3) Uncertain significance,p.E830D,
Bedaquiline,pepQ,pepQ_p.Gly80Arg,3) Uncertain significance,p.G80R,
Bedaquiline,mmpL5,mmpL5_p.Ala69Val,3) Uncertain significance,p.A69V,
Bedaquiline,pepQ,pepQ_p.Lys367Asn,3) Uncertain significance,p.K367N,
Bedaquiline,mmpL5,mmpL5_p.Leu691Arg,3) Uncertain significance,p.L691R,
Bedaquiline,mmpL5,mmpL5_p.Met638Leu,3) Uncertain significance,p.M638L,
Bedaquiline,mmpL5,mmpL5_p.Val612Ile,3) Uncertain significance,p.V612I,
Bedaquiline,mmpL5,mmpL5_p.Gly865Arg,3) Uncertain significance,p.G865R,
Bedaquiline,mmpL5,mmpL5_p.His494Tyr,3) Uncertain significance,p.H494Y,
Bedaquiline,mmpL5,mmpL5_p.Ser879Leu,3) Uncertain significance,p.S879L,
Bedaquiline,Rv0678,Rv0678_p.Gly25Cys,3) Uncertain significance,p.G25C,
Bedaquiline,Rv0678,Rv0678_p.Val120Met,3) Uncertain significance,p.V120M,0.0
Bedaquiline,mmpL5,mmpL5_p.His590Pro,3) Uncertain significance,p.H590P,
Bedaquiline,mmpL5,mmpL5_p.Arg254Gln,3) Uncertain significance,p.R254Q,0.0
Bedaquiline,mmpL5,mmpL5_p.Ser541Arg,3) Uncertain significance,p.S541R,
Bedaquiline,Rv0678,Rv0678_p.Ala59Val,3) Uncertain significance,p.A59V,
Bedaquiline,pepQ,pepQ_p.Gly85Cys,3) Uncertain significance,p.G85C,
Bedaquiline,mmpL5,mmpL5_p.Val360Met,3) Uncertain significance,p.V360M,
Bedaquiline,mmpS5,mmpS5_p.Val56Met,3) Uncertain significance,p.V56M,
Bedaquiline,Rv0678,Rv0678_p.Val85Ala,3) Uncertain significance,p.V85A,
Bedaquiline,mmpL5,mmpL5_p.Met645Ile,3) Uncertain significance,p.M645I,
Bedaquiline,mmpL5,mmpL5_p.Thr519Ala,3) Uncertain significance,p.T519A,0.0
Bedaquiline,Rv0678,Rv0678_p.Asp5Asn,3) Uncertain significance,p.D5N,
Bedaquiline,mmpL5,mmpL5_p.Thr10Ala,3) Uncertain significance,p.T10A,
Bedaquiline,mmpS5,mmpS5_p.Pro101Arg,3) Uncertain significance,p.P101R,
Bedaquiline,mmpL5,mmpL5_p.Gly131Arg,3) Uncertain significance,p.G131R,0.0
Bedaquiline,mmpL5,mmpL5_p.Ile113Thr,3) Uncertain significance,p.I113T,
Bedaquiline,mmpL5,mmpL5_p.Pro179Thr,3) Uncertain significance,p.P179T,
Bedaquiline,pepQ,pepQ_p.Ala263Val,3) Uncertain significance,p.A263V,
Bedaquiline,Rv0678,Rv0678_p.Gln51Lys,3) Uncertain significance,p.Q51K,
Bedaquiline,mmpL5,mmpL5_p.Pro953Ser,3) Uncertain significance,p.P953S,
Bedaquiline,mmpL5,mmpL5_p.Phe916Ser,3) Uncertain significance,p.F916S,
Bedaquiline,mmpL5,mmpL5_p.Ile732Val,3) Uncertain significance,p.I732V,
Bedaquiline,atpE,atpE_p.Ala62Thr,3) Uncertain significance,p.A62T,
Bedaquiline,mmpS5,mmpS5_p.Thr24Met,3) Uncertain significance,p.T24M,0.0
Bedaquiline,mmpL5,mmpL5_p.Pro180Leu,3) Uncertain significance,p.P180L,
Bedaquiline,pepQ,pepQ_p.Pro266Ser,3) Uncertain significance,p.P266S,
Bedaquiline,Rv0678,Rv0678_p.Gly103Ser,3) Uncertain significance,p.G103S,
Bedaquiline,Rv0678,Rv0678_p.Leu117Pro,3) Uncertain significance,p.L117P,
Bedaquiline,mmpL5,mmpL5_p.Val612Gly,3) Uncertain significance,p.V612G,
Bedaquiline,Rv0678,Rv0678_p.Leu142Pro,3) Uncertain significance,p.L142P,
Bedaquiline,pepQ,pepQ_p.Ile193Val,3) Uncertain significance,p.I193V,0.0
Bedaquiline,Rv0678,Rv0678_p.Glu21Lys,3) Uncertain significance,p.E21K,
Bedaquiline,mmpL5,mmpL5_p.Gly336Ser,3) Uncertain significance,p.G336S,
Bedaquiline,mmpL5,mmpL5_p.Asp608Tyr,3) Uncertain significance,p.D608Y,
Bedaquiline,mmpL5,mmpL5_p.Asp455Gly,3) Uncertain significance,p.D455G,
Bedaquiline,mmpS5,mmpS5_p.Thr4Pro,3) Uncertain significance,p.T4P,
Bedaquiline,mmpL5,mmpL5_p.Ser439Pro,3) Uncertain significance,p.S439P,0.0
Bedaquiline,mmpS5,mmpS5_p.Glu59Lys,3) Uncertain significance,p.E59K,
Bedaquiline,mmpL5,mmpL5_p.Val820Leu,3) Uncertain significance,p.V820L,0.0
Bedaquiline,mmpL5,mmpL5_p.Gly704Cys,3) Uncertain significance,p.G704C,
Bedaquiline,Rv0678,Rv0678_p.Met10Ile,3) Uncertain significance,p.M10I,
Bedaquiline,mmpS5,mmpS5_p.Val67Ile,3) Uncertain significance,p.V67I,
Bedaquiline,mmpL5,mmpL5_p.Trp938Arg,3) Uncertain significance,p.W938R,
Bedaquiline,pepQ,pepQ_p.Ser99Arg,3) Uncertain significance,p.S99R,
Bedaquiline,mmpL5,mmpL5_p.Val344Leu,3) Uncertain significance,p.V344L,0.0
Bedaquiline,mmpL5,mmpL5_p.Met560Thr,3) Uncertain significance,p.M560T,
Bedaquiline,mmpL5,mmpL5_p.Gly759Ser,3) Uncertain significance,p.G759S,
Bedaquiline,mmpL5,mmpL5_p.Ser782Ala,3) Uncertain significance,p.S782A,
Bedaquiline,mmpL5,mmpL5_p.Thr234Met,3) Uncertain significance,p.T234M,
Bedaquiline,mmpL5,mmpL5_p.Ser583Asn,3) Uncertain significance,p.S583N,
Bedaquiline,pepQ,pepQ_p.Arg170Trp,3) Uncertain significance,p.R170W,
Bedaquiline,mmpS5,mmpS5_p.Gly130Asp,3) Uncertain significance,p.G130D,0.0
Bedaquiline,mmpL5,mmpL5_p.Leu836Phe,3) Uncertain significance,p.L836F,
Bedaquiline,pepQ,pepQ_p.Ile28Arg,3) Uncertain significance,p.I28R,
Bedaquiline,mmpL5,mmpL5_p.Met655Thr,3) Uncertain significance,p.M655T,
Bedaquiline,atpE,atpE_p.Ser37Ala,3) Uncertain significance,p.S37A,0.0
Bedaquiline,Rv0678,Rv0678_p.Gly162Glu,3) Uncertain significance,p.G162E,
Bedaquiline,Rv0678,Rv0678_p.Ile80Ser,3) Uncertain significance,p.I80S,
Bedaquiline,mmpL5,mmpL5_p.Ala273Gly,3) Uncertain significance,p.A273G,
Bedaquiline,mmpL5,mmpL5_p.Ile948Val,3) Uncertain significance,p.I948V,0.3783783783783784
Bedaquiline,mmpL5,mmpL5_p.Val481Met,3) Uncertain significance,p.V481M,0.0
Bedaquiline,pepQ,pepQ_p.Glu177Asp,3) Uncertain significance,p.E177D,
Bedaquiline,mmpS5,mmpS5_p.Arg29Cys,3) Uncertain significance,p.R29C,
Bedaquiline,pepQ,pepQ_p.Ala227Asp,3) Uncertain significance,p.A227D,
Bedaquiline,pepQ,pepQ_p.Arg278Gly,3) Uncertain significance,p.R278G,0.0
Bedaquiline,mmpL5,mmpL5_p.Leu810Phe,3) Uncertain significance,p.L810F,
Bedaquiline,mmpL5,mmpL5_p.Gly477Arg,3) Uncertain significance,p.G477R,
Bedaquiline,mmpL5,mmpL5_p.Met560Leu,3) Uncertain significance,p.M560L,
Bedaquiline,pepQ,pepQ_p.Leu179Pro,3) Uncertain significance,p.L179P,
Bedaquiline,mmpL5,mmpL5_p.Glu159Ala,3) Uncertain significance,p.E159A,0.0
Bedaquiline,mmpL5,mmpL5_p.Ser599Leu,3) Uncertain significance,p.S599L,0.0
Bedaquiline,mmpL5,mmpL5_p.Tyr415Cys,3) Uncertain significance,p.Y415C,
Bedaquiline,mmpS5,mmpS5_p.Ile69Val,3) Uncertain significance,p.I69V,
Bedaquiline,mmpL5,mmpL5_p.His540Arg,3) Uncertain significance,p.H540R,
Bedaquiline,Rv0678,Rv0678_p.Leu74Met,3) Uncertain significance,p.L74M,
Bedaquiline,mmpS5,mmpS5_p.Cys114Ser,3) Uncertain significance,p.C114S,
Bedaquiline,Rv0678,Rv0678_p.Leu40Val,3) Uncertain significance,p.L40V,
Bedaquiline,mmpL5,mmpL5_p.His77Asn,3) Uncertain significance,p.H77N,
Bedaquiline,mmpL5,mmpL5_p.Gly748Asp,3) Uncertain significance,p.G748D,
Bedaquiline,mmpL5,mmpL5_p.Leu329Arg,3) Uncertain significance,p.L329R,
Bedaquiline,mmpL5,mmpL5_p.Ile948Ala,3) Uncertain significance,p.I948A,
Bedaquiline,pepQ,pepQ_p.Ala16Gly,3) Uncertain significance,p.A16G,
Bedaquiline,mmpL5,mmpL5_p.Met503Arg,3) Uncertain significance,p.M503R,
Bedaquiline,mmpL5,mmpL5_p.Gly609Arg,3) Uncertain significance,p.G609R,
Bedaquiline,mmpL5,mmpL5_p.His454Gln,3) Uncertain significance,p.H454Q,
Bedaquiline,mmpS5,mmpS5_p.Arg29Leu,3) Uncertain significance,p.R29L,
Bedaquiline,mmpL5,mmpL5_p.Glu566Asp,3) Uncertain significance,p.E566D,
Bedaquiline,pepQ,pepQ_p.Thr354Ala,3) Uncertain significance,p.T354A,
Bedaquiline,mmpS5,mmpS5_p.Ala8Val,3) Uncertain significance,p.A8V,
Bedaquiline,mmpL5,mmpL5_p.Ile59Thr,3) Uncertain significance,p.I59T,
Bedaquiline,pepQ,pepQ_p.Ala153Gly,3) Uncertain significance,p.A153G,
Bedaquiline,mmpL5,mmpL5_p.Ile215Val,3) Uncertain significance,p.I215V,
Bedaquiline,mmpL5,mmpL5_p.Ser65Arg,3) Uncertain significance,p.S65R,
Bedaquiline,pepQ,pepQ_p.Gln262Arg,3) Uncertain significance,p.Q262R,0.0
Bedaquiline,mmpL5,mmpL5_p.Val267Gly,3) Uncertain significance,p.V267G,
Bedaquiline,mmpL5,mmpL5_p.Val695Ile,3) Uncertain significance,p.V695I,0.0
Bedaquiline,Rv0678,Rv0678_p.Met73Ile,3) Uncertain significance,p.M73I,
Bedaquiline,mmpS5,mmpS5_p.Thr4Ile,3) Uncertain significance,p.T4I,
Bedaquiline,mmpL5,mmpL5_p.Gly79Ser,3) Uncertain significance,p.G79S,
Bedaquiline,mmpL5,mmpL5_p.Asn772Ser,3) Uncertain significance,p.N772S,
Bedaquiline,mmpL5,mmpL5_p.Val123Ile,3) Uncertain significance,p.V123I,
Bedaquiline,mmpS5,mmpS5_p.Val67Gly,3) Uncertain significance,p.V67G,
Bedaquiline,Rv0678,Rv0678_p.Gly87Trp,3) Uncertain significance,p.G87W,0.0
Bedaquiline,mmpL5,mmpL5_p.Ala230Thr,3) Uncertain significance,p.A230T,0.0
Bedaquiline,mmpL5,mmpL5_p.Val214Leu,3) Uncertain significance,p.V214L,
Bedaquiline,Rv0678,Rv0678_p.Asp8Gly,3) Uncertain significance,p.D8G,
Bedaquiline,mmpL5,mmpL5_p.Ser439Ala,3) Uncertain significance,p.S439A,
Bedaquiline,mmpL5,mmpL5_p.Val268Met,3) Uncertain significance,p.V268M,
Bedaquiline,pepQ,pepQ_p.Val158Met,3) Uncertain significance,p.V158M,0.0
Bedaquiline,mmpL5,mmpL5_p.His437Arg,3) Uncertain significance,p.H437R,
Bedaquiline,Rv0678,Rv0678_p.Tyr145His,3) Uncertain significance,p.Y145H,
Bedaquiline,mmpL5,mmpL5_p.Val337Met,3) Uncertain significance,p.V337M,
Bedaquiline,mmpL5,mmpL5_p.Phe82Leu,3) Uncertain significance,p.F82L,
Bedaquiline,pepQ,pepQ_p.Ala242Thr,3) Uncertain significance,p.A242T,
Bedaquiline,Rv0678,Rv0678_p.Met17Val,3) Uncertain significance,p.M17V,
Bedaquiline,Rv0678,Rv0678_p.Cys46Gly,3) Uncertain significance,p.C46G,
Bedaquiline,Rv0678,Rv0678_p.Thr69Pro,3) Uncertain significance,p.T69P,
Bedaquiline,Rv0678,Rv0678_p.Gln22Pro,3) Uncertain significance,p.Q22P,
Bedaquiline,mmpL5,mmpL5_p.Ile829Val,3) Uncertain significance,p.I829V,
Bedaquiline,mmpL5,mmpL5_p.Asp424Asn,3) Uncertain significance,p.D424N,
Bedaquiline,mmpL5,mmpL5_p.Glu723Asp,3) Uncertain significance,p.E723D,
Bedaquiline,mmpL5,mmpL5_p.Ser71Pro,3) Uncertain significance,p.S71P,
Bedaquiline,Rv0678,Rv0678_p.Gln51Pro,3) Uncertain significance,p.Q51P,0.0
Bedaquiline,mmpS5,mmpS5_p.Asp82Glu,3) Uncertain significance,p.D82E,
Bedaquiline,pepQ,pepQ_p.Asp26Ala,3) Uncertain significance,p.D26A,
Bedaquiline,pepQ,pepQ_p.Ala370Val,3) Uncertain significance,p.A370V,
Bedaquiline,mmpS5,mmpS5_p.Ala133Thr,3) Uncertain significance,p.A133T,0.0
Bedaquiline,mmpL5,mmpL5_p.Ile841Val,3) Uncertain significance,p.I841V,
Bedaquiline,pepQ,pepQ_p.Val298Ile,3) Uncertain significance,p.V298I,0.0
Bedaquiline,mmpS5,mmpS5_p.Ser98Pro,3) Uncertain significance,p.S98P,
Bedaquiline,mmpL5,mmpL5_p.Ala230Val,3) Uncertain significance,p.A230V,
Bedaquiline,mmpL5,mmpL5_p.Gly396Cys,3) Uncertain significance,p.G396C,
Bedaquiline,mmpL5,mmpL5_p.Ala679Asp,3) Uncertain significance,p.A679D,
Bedaquiline,Rv0678,Rv0678_p.Arg89Trp,3) Uncertain significance,p.R89W,0.0
Bedaquiline,mmpL5,mmpL5_p.Trp936Arg,3) Uncertain significance,p.W936R,
Bedaquiline,mmpL5,mmpL5_p.Ser125Cys,3) Uncertain significance,p.S125C,0.0
Bedaquiline,mmpL5,mmpL5_p.Ile282Leu,3) Uncertain significance,p.I282L,
Bedaquiline,pepQ,pepQ_p.Met180Val,3) Uncertain significance,p.M180V,
Bedaquiline,mmpL5,mmpL5_p.Ala667Ser,3) Uncertain significance,p.A667S,
Bedaquiline,mmpL5,mmpL5_p.Glu512Gln,3) Uncertain significance,p.E512Q,
Bedaquiline,mmpL5,mmpL5_p.Asp128Asn,3) Uncertain significance,p.D128N,
Bedaquiline,mmpL5,mmpL5_p.Met666Ile,3) Uncertain significance,p.M666I,
Bedaquiline,mmpL5,mmpL5_p.Met892Val,3) Uncertain significance,p.M892V,
Bedaquiline,mmpL5,mmpL5_p.Ala288Pro,3) Uncertain significance,p.A288P,
Bedaquiline,Rv0678,Rv0678_p.Glu147Asp,3) Uncertain significance,p.E147D,1.0
Bedaquiline,pepQ,pepQ_p.Val104Leu,3) Uncertain significance,p.V104L,
Bedaquiline,Rv0678,Rv0678_p.Arg134Gly,3) Uncertain significance,p.R134G,
Bedaquiline,Rv0678,Rv0678_p.Ser2Arg,3) Uncertain significance,p.S2R,
Bedaquiline,Rv0678,Rv0678_p.Tyr26Asp,3) Uncertain significance,p.Y26D,
Bedaquiline,Rv0678,Rv0678_p.Met23Leu,3) Uncertain significance,p.M23L,
Bedaquiline,pepQ,pepQ_p.Pro69Leu,3) Uncertain significance,p.P69L,0.0
Bedaquiline,mmpL5,mmpL5_p.Ala147Thr,3) Uncertain significance,p.A147T,
Bedaquiline,mmpL5,mmpL5_p.Gln333Glu,3) Uncertain significance,p.Q333E,
Bedaquiline,mmpL5,mmpL5_p.Phe890Ser,3) Uncertain significance,p.F890S,0.0
Bedaquiline,Rv0678,Rv0678_p.Glu55Asp,3) Uncertain significance,p.E55D,
Bedaquiline,pepQ,pepQ_p.Val45Leu,3) Uncertain significance,p.V45L,0.0
Bedaquiline,mmpL5,mmpL5_p.Gln707Lys,3) Uncertain significance,p.Q707K,0.0
Bedaquiline,pepQ,pepQ_p.Phe46Leu,3) Uncertain significance,p.F46L,
Bedaquiline,mmpL5,mmpL5_p.Glu552Gly,3) Uncertain significance,p.E552G,
Bedaquiline,mmpL5,mmpL5_p.Asp608Asn,3) Uncertain significance,p.D608N,
Bedaquiline,pepQ,pepQ_p.Ile193Thr,3) Uncertain significance,p.I193T,0.0
Bedaquiline,mmpL5,mmpL5_p.Val376Ala,3) Uncertain significance,p.V376A,0.0
Bedaquiline,Rv0678,Rv0678_p.Asn4Thr,3) Uncertain significance,p.N4T,0.6666666666666666
Bedaquiline,mmpL5,mmpL5_p.Asp767Ala,3) Uncertain significance,p.D767A,0.0
Bedaquiline,pepQ,pepQ_p.Gly197Arg,3) Uncertain significance,p.G197R,
Bedaquiline,mmpL5,mmpL5_p.Trp598Arg,3) Uncertain significance,p.W598R,0.5
Bedaquiline,mmpL5,mmpL5_p.Asp767Asn,5) Not assoc w R,p.D767N,0.18870967741935485
Bedaquiline,atpE,atpE_p.Asp28Ala,2) Assoc w R - Interim,p.D28A,
Bedaquiline,atpE,atpE_p.Asp28Gly,2) Assoc w R - Interim,p.D28G,
Bedaquiline,atpE,atpE_p.Asp28Val,2) Assoc w R - Interim,p.D28V,
Bedaquiline,mmpL5,mmpL5_p.Thr120Ala,3) Uncertain significance,p.T120A,
Bedaquiline,mmpL5,mmpL5_p.Thr327Ile,3) Uncertain significance,p.T327I,
Bedaquiline,mmpS5,mmpS5_p.Pro78Leu,3) Uncertain significance,p.P78L,
Bedaquiline,Rv0678,Rv0678_p.Arg109Leu,3) Uncertain significance,p.R109L,
Capreomycin,tlyA,tlyA_p.Asn236Lys,1) Assoc w R,p.N236K,1.0
Capreomycin,tlyA,tlyA_p.Gly232Asp,2) Assoc w R - Interim,p.G232D,1.0
Capreomycin,tlyA,tlyA_p.Leu150Pro,3) Uncertain significance,p.L150P,
Capreomycin,tlyA,tlyA_p.Leu74Pro,3) Uncertain significance,p.L74P,1.0
Capreomycin,tlyA,tlyA_p.Val54Gly,3) Uncertain significance,p.V54G,1.0
Capreomycin,tlyA,tlyA_p.Val46Glu,3) Uncertain significance,p.V46E,1.0
Capreomycin,tlyA,tlyA_p.Gly95Glu,3) Uncertain significance,p.G95E,1.0
Capreomycin,tlyA,tlyA_p.Gly94Ser,3) Uncertain significance,p.G94S,1.0
Capreomycin,tlyA,tlyA_p.Cys86Arg,3) Uncertain significance,p.C86R,1.0
Capreomycin,tlyA,tlyA_p.Ala67Glu,3) Uncertain significance,p.A67E,1.0
Capreomycin,tlyA,tlyA_p.Leu155Arg,3) Uncertain significance,p.L155R,
Capreomycin,tlyA,tlyA_p.Leu139Arg,3) Uncertain significance,p.L139R,1.0
Capreomycin,tlyA,tlyA_p.Val181Gly,3) Uncertain significance,p.V181G,1.0
Capreomycin,tlyA,tlyA_p.Arg123Pro,3) Uncertain significance,p.R123P,1.0
Capreomycin,tlyA,tlyA_p.Arg244Pro,3) Uncertain significance,p.R244P,
Capreomycin,tlyA,tlyA_p.Arg65Cys,3) Uncertain significance,p.R65C,1.0
Capreomycin,tlyA,tlyA_p.Asp154Tyr,3) Uncertain significance,p.D154Y,1.0
Capreomycin,tlyA,tlyA_p.Leu218Pro,3) Uncertain significance,p.L218P,1.0
Capreomycin,tlyA,tlyA_p.Asn236Asp,3) Uncertain significance,p.N236D,1.0
Capreomycin,tlyA,tlyA_p.Leu100Pro,3) Uncertain significance,p.L100P,1.0
Capreomycin,tlyA,tlyA_p.Leu87Arg,3) Uncertain significance,p.L87R,1.0
Capreomycin,tlyA,tlyA_p.Asp154Gly,3) Uncertain significance,p.D154G,1.0
Capreomycin,tlyA,tlyA_p.Leu101Pro,3) Uncertain significance,p.L101P,1.0
Capreomycin,tlyA,tlyA_p.Phe157Val,3) Uncertain significance,p.F157V,1.0
Capreomycin,tlyA,tlyA_p.Cys170Arg,3) Uncertain significance,p.C170R,1.0
Capreomycin,tlyA,tlyA_p.Leu122Arg,3) Uncertain significance,p.L122R,
Capreomycin,tlyA,tlyA_p.Asp154Ala,3) Uncertain significance,p.D154A,
Capreomycin,tlyA,tlyA_p.Arg14Trp,3) Uncertain significance,p.R14W,1.0
Capreomycin,tlyA,tlyA_p.Gly90Cys,3) Uncertain significance,p.G90C,1.0
Capreomycin,tlyA,tlyA_p.Arg133Leu,3) Uncertain significance,p.R133L,1.0
Capreomycin,tlyA,tlyA_p.Leu11Arg,3) Uncertain significance,p.L11R,1.0
Capreomycin,tlyA,tlyA_p.Leu241Pro,3) Uncertain significance,p.L241P,1.0
Capreomycin,tlyA,tlyA_p.Asp154Glu,3) Uncertain significance,p.D154E,1.0
Capreomycin,tlyA,tlyA_p.Leu218Met,3) Uncertain significance,p.L218M,0.8
Capreomycin,tlyA,tlyA_p.Ser228Arg,3) Uncertain significance,p.S228R,0.8
Capreomycin,tlyA,tlyA_p.Pro179Ala,3) Uncertain significance,p.P179A,0.5
Capreomycin,tlyA,tlyA_p.Leu160Trp,3) Uncertain significance,p.L160W,0.5
Capreomycin,tlyA,tlyA_p.Cys86Tyr,3) Uncertain significance,p.C86Y,1.0
Capreomycin,tlyA,tlyA_p.Leu180Arg,3) Uncertain significance,p.L180R,1.0
Capreomycin,tlyA,tlyA_p.Ala210Thr,3) Uncertain significance,p.A210T,0.0
Capreomycin,tlyA,tlyA_p.Pro194Ser,3) Uncertain significance,p.P194S,0.0
Capreomycin,tlyA,tlyA_p.Glu238Lys,3) Uncertain significance,p.E238K,
Capreomycin,tlyA,tlyA_p.Arg84Gly,3) Uncertain significance,p.R84G,0.0
Capreomycin,tlyA,tlyA_p.Ala212Val,3) Uncertain significance,p.A212V,
Capreomycin,tlyA,tlyA_p.Ala5Val,3) Uncertain significance,p.A5V,
Capreomycin,tlyA,tlyA_p.Gly190Arg,3) Uncertain significance,p.G190R,
Capreomycin,tlyA,tlyA_p.Arg3Pro,3) Uncertain significance,p.R3P,
Capreomycin,tlyA,tlyA_p.Val108Ala,3) Uncertain significance,p.V108A,
Capreomycin,tlyA,tlyA_p.Gly145Asn,3) Uncertain significance,p.G145N,
Capreomycin,tlyA,tlyA_p.Glu132Gln,3) Uncertain significance,p.E132Q,
Capreomycin,tlyA,tlyA_p.Ile177Thr,3) Uncertain significance,p.I177T,
Capreomycin,tlyA,tlyA_p.Lys69Glu,3) Uncertain significance,p.K69E,
Capreomycin,tlyA,tlyA_p.Ala5Thr,3) Uncertain significance,p.A5T,
Capreomycin,tlyA,tlyA_p.Glu75Lys,3) Uncertain significance,p.E75K,0.0
Capreomycin,tlyA,tlyA_p.Pro233Ser,3) Uncertain significance,p.P233S,
Capreomycin,tlyA,tlyA_p.Ser252Leu,3) Uncertain significance,p.S252L,
Capreomycin,tlyA,tlyA_p.Pro229Arg,3) Uncertain significance,p.P229R,
Capreomycin,tlyA,tlyA_p.Leu87Pro,3) Uncertain significance,p.L87P,
Capreomycin,tlyA,tlyA_p.Gly83Cys,3) Uncertain significance,p.G83C,0.0
Capreomycin,tlyA,tlyA_p.Phe240Leu,3) Uncertain significance,p.F240L,
Capreomycin,tlyA,tlyA_p.Gly235Asp,3) Uncertain significance,p.G235D,0.0
Capreomycin,tlyA,tlyA_p.Gly196Arg,3) Uncertain significance,p.G196R,
Capreomycin,tlyA,tlyA_p.Glu132Gly,3) Uncertain significance,p.E132G,
Capreomycin,tlyA,tlyA_p.Asp35Gly,3) Uncertain significance,p.D35G,
Capreomycin,tlyA,tlyA_p.Asp57Gly,3) Uncertain significance,p.D57G,
Capreomycin,tlyA,tlyA_p.Arg249Gln,3) Uncertain significance,p.R249Q,
Capreomycin,tlyA,tlyA_p.Val99Ile,3) Uncertain significance,p.V99I,
Capreomycin,tlyA,tlyA_p.Glu132Ala,3) Uncertain significance,p.E132A,
Capreomycin,tlyA,tlyA_p.Thr134Ile,3) Uncertain significance,p.T134I,0.0
Capreomycin,tlyA,tlyA_p.Arg244His,3) Uncertain significance,p.R244H,0.0
Capreomycin,tlyA,tlyA_p.Arg262Cys,3) Uncertain significance,p.R262C,0.0
Capreomycin,tlyA,tlyA_p.Asp48Asn,3) Uncertain significance,p.D48N,0.0
Capreomycin,tlyA,tlyA_p.Ala250Thr,3) Uncertain significance,p.A250T,
Capreomycin,tlyA,tlyA_p.Asn236His,3) Uncertain significance,p.N236H,0.0
Capreomycin,tlyA,tlyA_p.Val198Gly,3) Uncertain significance,p.V198G,0.0
Capreomycin,tlyA,tlyA_p.Val7Phe,3) Uncertain significance,p.V7F,0.0
Capreomycin,tlyA,tlyA_p.Ala29Val,3) Uncertain significance,p.A29V,0.0
Capreomycin,tlyA,tlyA_p.Ile34Thr,3) Uncertain significance,p.I34T,0.0
Capreomycin,tlyA,tlyA_p.Ile27Val,3) Uncertain significance,p.I27V,0.0
Capreomycin,tlyA,tlyA_p.Thr97Pro,3) Uncertain significance,p.T97P,0.0
Capreomycin,tlyA,tlyA_p.Ala166Val,3) Uncertain significance,p.A166V,
Capreomycin,tlyA,tlyA_p.Val151Ile,3) Uncertain significance,p.V151I,0.0
Capreomycin,tlyA,tlyA_p.Ala51Val,3) Uncertain significance,p.A51V,0.0
Capreomycin,tlyA,tlyA_p.Ser121Leu,3) Uncertain significance,p.S121L,0.0
Capreomycin,tlyA,tlyA_p.Gln191His,3) Uncertain significance,p.Q191H,
Capreomycin,tlyA,tlyA_p.Gly188Glu,3) Uncertain significance,p.G188E,0.0
Capreomycin,tlyA,tlyA_p.Lys182Arg,3) Uncertain significance,p.K182R,
Capreomycin,tlyA,tlyA_p.Lys69Thr,3) Uncertain significance,p.K69T,0.0
Capreomycin,tlyA,tlyA_p.Pro179Ser,3) Uncertain significance,p.P179S,
Capreomycin,tlyA,tlyA_p.Lys189Asn,3) Uncertain significance,p.K189N,0.0
Capreomycin,tlyA,tlyA_p.Ala259Thr,3) Uncertain significance,p.A259T,0.0
Capreomycin,tlyA,tlyA_p.Arg20Leu,3) Uncertain significance,p.R20L,0.0
Capreomycin,tlyA,tlyA_p.His68Arg,3) Uncertain significance,p.H68R,0.0
Capreomycin,tlyA,tlyA_p.Cys86Gly,3) Uncertain significance,p.C86G,
Capreomycin,tlyA,tlyA_p.Ser156Ala,3) Uncertain significance,p.S156A,
Capreomycin,tlyA,tlyA_p.Val178Ala,3) Uncertain significance,p.V178A,
Capreomycin,tlyA,tlyA_p.Val32Leu,3) Uncertain significance,p.V32L,
Clofazimine,Rv1979c,Rv1979c_p.Arg409Gln,2) Assoc w R - Interim,p.R409Q,0.14285714285714285
Clofazimine,Rv1979c,Rv1979c_p.Tyr51Asn,3) Uncertain significance,p.Y51N,0.0
Clofazimine,pepQ,pepQ_p.Gly197Arg,3) Uncertain significance,p.G197R,
Clofazimine,Rv0678,Rv0678_p.Leu117Arg,2) Assoc w R - Interim,p.L117R,0.3333333333333333
Clofazimine,mmpL5,mmpL5_p.Thr794Ile,3) Uncertain significance,p.T794I,0.040774719673802244
Clofazimine,Rv0678,Rv0678_p.Val20Gly,3) Uncertain significance,p.V20G,1.0
Clofazimine,Rv0678,Rv0678_p.Ser53Pro,3) Uncertain significance,p.S53P,1.0
Clofazimine,Rv0678,Rv0678_p.Gly121Arg,2) Assoc w R - Interim,p.G121R,0.6666666666666666
Clofazimine,Rv0678,Rv0678_p.Cys46Arg,2) Assoc w R - Interim,p.C46R,1.0
Clofazimine,Rv0678,Rv0678_p.Arg50Gln,3) Uncertain significance,p.R50Q,
Clofazimine,Rv0678,Rv0678_p.Gln51Arg,3) Uncertain significance,p.Q51R,
Clofazimine,Rv0678,Rv0678_p.Ala36Val,2) Assoc w R - Interim,p.A36V,1.0
Clofazimine,Rv0678,Rv0678_p.Ser151Pro,3) Uncertain significance,p.S151P,1.0
Clofazimine,Rv0678,Rv0678_p.Leu35Trp,3) Uncertain significance,p.L35W,1.0
Clofazimine,mmpL5,mmpL5_p.Ala230Val,3) Uncertain significance,p.A230V,
Clofazimine,Rv0678,Rv0678_p.Ala102Thr,3) Uncertain significance,p.A102T,1.0
Clofazimine,mmpL5,mmpL5_p.Ala44Gly,3) Uncertain significance,p.A44G,
Clofazimine,Rv0678,Rv0678_p.Gln51Pro,3) Uncertain significance,p.Q51P,1.0
Clofazimine,Rv0678,Rv0678_p.Leu32Ser,2) Assoc w R - Interim,p.L32S,0.3333333333333333
Clofazimine,Rv0678,Rv0678_p.Leu142Arg,3) Uncertain significance,p.L142R,1.0
Clofazimine,Rv0678,Rv0678_p.Met10Ile,3) Uncertain significance,p.M10I,
Clofazimine,mmpS5,mmpS5_p.Gly130Arg,3) Uncertain significance,p.G130R,
Clofazimine,mmpL5,mmpL5_p.Pro445Leu,3) Uncertain significance,p.P445L,
Clofazimine,Rv0678,Rv0678_p.Tyr157Ser,3) Uncertain significance,p.Y157S,1.0
Clofazimine,Rv0678,Rv0678_p.Val120Met,3) Uncertain significance,p.V120M,1.0
Clofazimine,Rv0678,Rv0678_p.Leu83Pro,3) Uncertain significance,p.L83P,
Clofazimine,pepQ,pepQ_p.Asp26Ala,3) Uncertain significance,p.D26A,
Clofazimine,Rv0678,Rv0678_p.Leu56Pro,3) Uncertain significance,p.L56P,1.0
Clofazimine,mmpL5,mmpL5_p.Met218Val,3) Uncertain significance,p.M218V,
Clofazimine,Rv1979c,Rv1979c_p.Tyr71Cys,3) Uncertain significance,p.Y71C,
Clofazimine,mmpL5,mmpL5_p.Arg328Gly,3) Uncertain significance,p.R328G,0.3333333333333333
Clofazimine,Rv0678,Rv0678_p.Ala102Asp,3) Uncertain significance,p.A102D,1.0
Clofazimine,Rv0678,Rv0678_p.Arg94Gln,3) Uncertain significance,p.R94Q,1.0
Clofazimine,mmpL5,mmpL5_p.Leu751Phe,3) Uncertain significance,p.L751F,
Clofazimine,Rv0678,Rv0678_p.Gly65Arg,3) Uncertain significance,p.G65R,1.0
Clofazimine,Rv0678,Rv0678_p.Ser52Phe,3) Uncertain significance,p.S52F,1.0
Clofazimine,Rv0678,Rv0678_p.Gly103Ser,3) Uncertain significance,p.G103S,
Clofazimine,Rv1979c,Rv1979c_p.Val96Ile,3) Uncertain significance,p.V96I,
Clofazimine,Rv0678,Rv0678_p.Asn70Lys,3) Uncertain significance,p.N70K,1.0
Clofazimine,Rv0678,Rv0678_p.Ser52Tyr,3) Uncertain significance,p.S52Y,1.0
Clofazimine,Rv0678,Rv0678_p.Ala62Thr,3) Uncertain significance,p.A62T,
Clofazimine,Rv0678,Rv0678_p.Leu40Phe,3) Uncertain significance,p.L40F,
Clofazimine,mmpL5,mmpL5_p.Ala359Thr,3) Uncertain significance,p.A359T,
Clofazimine,Rv1979c,Rv1979c_p.Asp249Glu,3) Uncertain significance,p.D249E,0.2222222222222222
Clofazimine,Rv0678,Rv0678_p.Arg89Gln,3) Uncertain significance,p.R89Q,1.0
Clofazimine,pepQ,pepQ_p.Gly80Arg,3) Uncertain significance,p.G80R,
Clofazimine,Rv1979c,Rv1979c_p.Leu174Phe,3) Uncertain significance,p.L174F,0.0
Clofazimine,mmpL5,mmpL5_p.Ala273Gly,3) Uncertain significance,p.A273G,
Clofazimine,Rv1979c,Rv1979c_p.Phe300Leu,3) Uncertain significance,p.F300L,1.0
Clofazimine,Rv0678,Rv0678_p.Asn70Ile,3) Uncertain significance,p.N70I,0.5
Clofazimine,Rv0678,Rv0678_p.Ser68Asn,3) Uncertain significance,p.S68N,
Clofazimine,Rv0678,Rv0678_p.Phe19Ser,3) Uncertain significance,p.F19S,
Clofazimine,Rv0678,Rv0678_p.Glu55Asp,3) Uncertain significance,p.E55D,0.0
Clofazimine,Rv0678,Rv0678_p.Arg50Trp,3) Uncertain significance,p.R50W,1.0
Clofazimine,Rv0678,Rv0678_p.Arg89Leu,3) Uncertain significance,p.R89L,1.0
Clofazimine,Rv0678,Rv0678_p.Thr33Ile,3) Uncertain significance,p.T33I,1.0
Clofazimine,Rv0678,Rv0678_p.Arg90Cys,3) Uncertain significance,p.R90C,0.5
Clofazimine,Rv1979c,Rv1979c_p.Arg88His,3) Uncertain significance,p.R88H,
Clofazimine,Rv0678,Rv0678_p.Asn70Asp,2) Assoc w R - Interim,p.N70D,
Clofazimine,Rv0678,Rv0678_p.Pro48Leu,3) Uncertain significance,p.P48L,1.0
Clofazimine,mmpL5,mmpL5_p.Glu723Asp,3) Uncertain significance,p.E723D,
Clofazimine,mmpL5,mmpL5_p.Ile829Val,3) Uncertain significance,p.I829V,0.0
Clofazimine,Rv1979c,Rv1979c_p.Thr270Ala,3) Uncertain significance,p.T270A,0.0
Clofazimine,Rv0678,Rv0678_p.Cys46Tyr,3) Uncertain significance,p.C46Y,1.0
Clofazimine,Rv0678,Rv0678_p.Glu147Asp,3) Uncertain significance,p.E147D,
Clofazimine,pepQ,pepQ_p.Ala141Glu,3) Uncertain significance,p.A141E,1.0
Clofazimine,Rv1979c,Rv1979c_p.Ala66Val,3) Uncertain significance,p.A66V,1.0
Clofazimine,pepQ,pepQ_p.Arg7Gln,3) Uncertain significance,p.R7Q,0.14285714285714285
Clofazimine,Rv1979c,Rv1979c_p.Met245Leu,3) Uncertain significance,p.M245L,1.0
Clofazimine,Rv0678,Rv0678_p.Cys46Gly,3) Uncertain significance,p.C46G,
Clofazimine,Rv0678,Rv0678_p.Ala99Pro,3) Uncertain significance,p.A99P,
Clofazimine,Rv0678,Rv0678_p.Arg72Trp,3) Uncertain significance,p.R72W,1.0
Clofazimine,Rv0678,Rv0678_p.Asn4Thr,3) Uncertain significance,p.N4T,0.5555555555555556
Clofazimine,Rv0678,Rv0678_p.Pro14Ser,3) Uncertain significance,p.P14S,
Clofazimine,Rv0678,Rv0678_p.Tyr26Cys,3) Uncertain significance,p.Y26C,
Clofazimine,Rv0678,Rv0678_p.Met146Thr,2) Assoc w R - Interim,p.M146T,0.0
Clofazimine,Rv1979c,Rv1979c_p.Val426Ile,3) Uncertain significance,p.V426I,0.0
Clofazimine,Rv0678,Rv0678_p.Ile108Val,3) Uncertain significance,p.I108V,1.0
Clofazimine,Rv0678,Rv0678_p.Met111Thr,3) Uncertain significance,p.M111T,0.0
Clofazimine,Rv0678,Rv0678_p.Gly25Asp,3) Uncertain significance,p.G25D,0.0
Clofazimine,mmpS5,mmpS5_p.Ala8Ser,3) Uncertain significance,p.A8S,
Clofazimine,Rv0678,Rv0678_p.Ser2Ile,3) Uncertain significance,p.S2I,
Clofazimine,mmpL5,mmpL5_p.Phe574Leu,3) Uncertain significance,p.F574L,0.0
Clofazimine,mmpL5,mmpL5_p.Val151Gly,3) Uncertain significance,p.V151G,0.0
Clofazimine,Rv0678,Rv0678_p.Arg30Trp,3) Uncertain significance,p.R30W,0.0
Clofazimine,Rv0678,Rv0678_p.Glu104Gly,3) Uncertain significance,p.E104G,
Clofazimine,pepQ,pepQ_p.Gln5Arg,3) Uncertain significance,p.Q5R,
Clofazimine,mmpL5,mmpL5_p.Asn685Asp,3) Uncertain significance,p.N685D,
Clofazimine,pepQ,pepQ_p.Asp108Asn,3) Uncertain significance,p.D108N,
Clofazimine,mmpL5,mmpL5_p.Pro390Ser,3) Uncertain significance,p.P390S,
Clofazimine,mmpL5,mmpL5_p.Asp616Asn,3) Uncertain significance,p.D616N,0.0
Clofazimine,mmpL5,mmpL5_p.Ala20Thr,3) Uncertain significance,p.A20T,0.0
Clofazimine,pepQ,pepQ_p.Gly41Asp,3) Uncertain significance,p.G41D,
Clofazimine,mmpL5,mmpL5_p.Lys467Arg,3) Uncertain significance,p.K467R,
Clofazimine,pepQ,pepQ_p.Ser99Arg,3) Uncertain significance,p.S99R,0.0
Clofazimine,mmpL5,mmpL5_p.Met560Thr,3) Uncertain significance,p.M560T,
Clofazimine,mmpL5,mmpL5_p.Leu653Met,3) Uncertain significance,p.L653M,
Clofazimine,Rv0678,Rv0678_p.Arg96Gly,3) Uncertain significance,p.R96G,0.0
Clofazimine,Rv0678,Rv0678_p.Arg72Gln,3) Uncertain significance,p.R72Q,0.0
Clofazimine,mmpL5,mmpL5_p.Tyr411Asp,3) Uncertain significance,p.Y411D,
Clofazimine,mmpL5,mmpL5_p.Val346Ala,3) Uncertain significance,p.V346A,0.0
Clofazimine,pepQ,pepQ_p.Leu107Arg,3) Uncertain significance,p.L107R,
Clofazimine,Rv1979c,Rv1979c_p.Met49Ile,3) Uncertain significance,p.M49I,
Clofazimine,mmpL5,mmpL5_p.His656Tyr,3) Uncertain significance,p.H656Y,0.0
Clofazimine,mmpL5,mmpL5_p.Gly875Arg,3) Uncertain significance,p.G875R,
Clofazimine,mmpL5,mmpL5_p.Ala801Val,3) Uncertain significance,p.A801V,
Clofazimine,pepQ,pepQ_p.Gln63Arg,3) Uncertain significance,p.Q63R,0.0
Clofazimine,mmpS5,mmpS5_p.Pro53Leu,3) Uncertain significance,p.P53L,
Clofazimine,Rv1979c,Rv1979c_p.Ala461Val,3) Uncertain significance,p.A461V,0.0
Clofazimine,mmpL5,mmpL5_p.Gln333Pro,3) Uncertain significance,p.Q333P,0.0
Clofazimine,Rv0678,Rv0678_p.Ala112Ser,3) Uncertain significance,p.A112S,
Clofazimine,Rv1979c,Rv1979c_p.Leu109Ser,3) Uncertain significance,p.L109S,0.0
Clofazimine,mmpL5,mmpL5_p.Asp110Gly,3) Uncertain significance,p.D110G,0.0
Clofazimine,mmpL5,mmpL5_p.Val376Ala,3) Uncertain significance,p.V376A,0.0
Clofazimine,Rv1979c,Rv1979c_p.Phe122Leu,3) Uncertain significance,p.F122L,
Clofazimine,mmpL5,mmpL5_p.Pro179Thr,3) Uncertain significance,p.P179T,0.0
Clofazimine,Rv1979c,Rv1979c_p.Val423Leu,3) Uncertain significance,p.V423L,
Clofazimine,Rv0678,Rv0678_p.Pro14Leu,3) Uncertain significance,p.P14L,
Clofazimine,Rv1979c,Rv1979c_p.Ala66Ser,3) Uncertain significance,p.A66S,
Clofazimine,Rv1979c,Rv1979c_p.Val190Ala,3) Uncertain significance,p.V190A,0.0
Clofazimine,Rv0678,Rv0678_p.Gln51Lys,3) Uncertain significance,p.Q51K,0.0
Clofazimine,mmpS5,mmpS5_p.Val67Ile,3) Uncertain significance,p.V67I,
Clofazimine,mmpL5,mmpL5_p.Val149Ile,3) Uncertain significance,p.V149I,0.0
Clofazimine,mmpL5,mmpL5_p.Arg377Gln,3) Uncertain significance,p.R377Q,0.0
Clofazimine,pepQ,pepQ_p.Ala90Val,3) Uncertain significance,p.A90V,0.0
Clofazimine,mmpL5,mmpL5_p.Glu830Asp,3) Uncertain significance,p.E830D,
Clofazimine,Rv0678,Rv0678_p.Leu83Phe,3) Uncertain significance,p.L83F,0.0
Clofazimine,Rv0678,Rv0678_p.Gln76Arg,3) Uncertain significance,p.Q76R,0.0
Clofazimine,Rv1979c,Rv1979c_p.Ile394Val,3) Uncertain significance,p.I394V,0.0
Clofazimine,pepQ,pepQ_p.Pro266Ser,3) Uncertain significance,p.P266S,0.0
Clofazimine,mmpS5,mmpS5_p.Glu59Lys,3) Uncertain significance,p.E59K,0.0
Clofazimine,mmpL5,mmpL5_p.Phe916Ser,3) Uncertain significance,p.F916S,0.0
Clofazimine,mmpL5,mmpL5_p.Arg244Leu,3) Uncertain significance,p.R244L,
Clofazimine,mmpL5,mmpL5_p.Asp128His,3) Uncertain significance,p.D128H,
Clofazimine,mmpL5,mmpL5_p.Ala401Val,3) Uncertain significance,p.A401V,0.0
Clofazimine,Rv1979c,Rv1979c_p.Thr67Ala,3) Uncertain significance,p.T67A,0.0
Clofazimine,mmpL5,mmpL5_p.Asp143Gly,3) Uncertain significance,p.D143G,
Clofazimine,Rv0678,Rv0678_p.Leu60Gln,3) Uncertain significance,p.L60Q,0.0
Clofazimine,pepQ,pepQ_p.Pro165Gln,3) Uncertain significance,p.P165Q,0.0
Clofazimine,Rv1979c,Rv1979c_p.Thr413Asn,3) Uncertain significance,p.T413N,0.0
Clofazimine,Rv1979c,Rv1979c_p.Ala202Ser,3) Uncertain significance,p.A202S,0.0
Clofazimine,Rv1979c,Rv1979c_p.Ser399Phe,3) Uncertain significance,p.S399F,0.0
Clofazimine,Rv0678,Rv0678_p.Ile75Val,3) Uncertain significance,p.I75V,0.0
Clofazimine,Rv1979c,Rv1979c_p.Gly107Ala,3) Uncertain significance,p.G107A,0.0
Clofazimine,mmpL5,mmpL5_p.Glu84Ala,3) Uncertain significance,p.E84A,
Clofazimine,mmpS5,mmpS5_p.Ala84Glu,3) Uncertain significance,p.A84E,0.0
Clofazimine,Rv1979c,Rv1979c_p.Arg469Leu,3) Uncertain significance,p.R469L,0.0
Clofazimine,pepQ,pepQ_p.Glu76Asp,3) Uncertain significance,p.E76D,0.0
Clofazimine,mmpL5,mmpL5_p.Gly876Asp,3) Uncertain significance,p.G876D,
Clofazimine,mmpL5,mmpL5_p.Pro338Ala,3) Uncertain significance,p.P338A,0.0
Clofazimine,mmpL5,mmpL5_p.Arg254Gln,3) Uncertain significance,p.R254Q,0.0
Clofazimine,Rv1979c,Rv1979c_p.Ser206Leu,3) Uncertain significance,p.S206L,0.0
Clofazimine,mmpL5,mmpL5_p.Gly865Arg,3) Uncertain significance,p.G865R,
Clofazimine,mmpL5,mmpL5_p.Met655Ile,3) Uncertain significance,p.M655I,0.0
Clofazimine,Rv1979c,Rv1979c_p.Ala401Thr,3) Uncertain significance,p.A401T,0.0
Clofazimine,Rv1979c,Rv1979c_p.Val305Asp,3) Uncertain significance,p.V305D,0.0
Clofazimine,mmpL5,mmpL5_p.Ser879Leu,3) Uncertain significance,p.S879L,0.0
Clofazimine,mmpS5,mmpS5_p.Val56Met,3) Uncertain significance,p.V56M,0.0
Clofazimine,pepQ,pepQ_p.Val53Met,3) Uncertain significance,p.V53M,0.0
Clofazimine,mmpL5,mmpL5_p.Ile36Met,3) Uncertain significance,p.I36M,0.0
Clofazimine,Rv0678,Rv0678_p.Phe19Leu,3) Uncertain significance,p.F19L,0.0
Clofazimine,mmpS5,mmpS5_p.Thr24Ala,3) Uncertain significance,p.T24A,0.0
Clofazimine,Rv0678,Rv0678_p.Ser53Leu,3) Uncertain significance,p.S53L,0.0
Clofazimine,Rv1979c,Rv1979c_p.Ala461Thr,3) Uncertain significance,p.A461T,0.0
Clofazimine,mmpL5,mmpL5_p.Val48Ile,3) Uncertain significance,p.V48I,0.0
Clofazimine,Rv0678,Rv0678_p.Gly78Trp,3) Uncertain significance,p.G78W,0.0
Clofazimine,mmpL5,mmpL5_p.Thr519Ala,3) Uncertain significance,p.T519A,0.0
Clofazimine,mmpL5,mmpL5_p.Trp823Arg,3) Uncertain significance,p.W823R,0.0
Clofazimine,Rv0678,Rv0678_p.Leu83His,3) Uncertain significance,p.L83H,0.0
Clofazimine,Rv0678,Rv0678_p.Asp5Gly,3) Uncertain significance,p.D5G,
Clofazimine,pepQ,pepQ_p.Asp20Gly,3) Uncertain significance,p.D20G,
Clofazimine,mmpL5,mmpL5_p.Met72Thr,3) Uncertain significance,p.M72T,
Clofazimine,mmpL5,mmpL5_p.Val41Ile,3) Uncertain significance,p.V41I,
Clofazimine,pepQ,pepQ_p.Val324Met,3) Uncertain significance,p.V324M,
Clofazimine,pepQ,pepQ_p.Val328Phe,3) Uncertain significance,p.V328F,
Clofazimine,pepQ,pepQ_p.Ala137Ser,3) Uncertain significance,p.A137S,
Clofazimine,mmpL5,mmpL5_p.Ala385Thr,3) Uncertain significance,p.A385T,
Clofazimine,pepQ,pepQ_p.Ala263Val,3) Uncertain significance,p.A263V,
Clofazimine,pepQ,pepQ_p.Gln262Arg,3) Uncertain significance,p.Q262R,0.0
Clofazimine,Rv0678,Rv0678_p.Asp5Asn,3) Uncertain significance,p.D5N,
Clofazimine,Rv1979c,Rv1979c_p.Ala265Val,3) Uncertain significance,p.A265V,0.0
Clofazimine,Rv0678,Rv0678_p.Ala124Pro,3) Uncertain significance,p.A124P,0.0
Clofazimine,mmpS5,mmpS5_p.Gly109Asp,3) Uncertain significance,p.G109D,
Clofazimine,pepQ,pepQ_p.Thr341Ala,3) Uncertain significance,p.T341A,
Clofazimine,mmpL5,mmpL5_p.Trp598Cys,3) Uncertain significance,p.W598C,
Clofazimine,Rv0678,Rv0678_p.Leu74Met,3) Uncertain significance,p.L74M,
Clofazimine,mmpL5,mmpL5_p.Met903Ile,3) Uncertain significance,p.M903I,
Clofazimine,mmpS5,mmpS5_p.Cys114Ser,3) Uncertain significance,p.C114S,
Clofazimine,mmpL5,mmpL5_p.His540Arg,3) Uncertain significance,p.H540R,
Clofazimine,mmpL5,mmpL5_p.Phe816Leu,3) Uncertain significance,p.F816L,
Clofazimine,mmpL5,mmpL5_p.His77Asn,3) Uncertain significance,p.H77N,
Clofazimine,mmpL5,mmpL5_p.Gly391Ser,3) Uncertain significance,p.G391S,
Clofazimine,pepQ,pepQ_p.Ser66Leu,3) Uncertain significance,p.S66L,
Clofazimine,mmpL5,mmpL5_p.Ile910Val,3) Uncertain significance,p.I910V,
Clofazimine,Rv1979c,Rv1979c_p.Ala199Gly,3) Uncertain significance,p.A199G,0.0
Clofazimine,mmpL5,mmpL5_p.Thr6Ala,3) Uncertain significance,p.T6A,
Clofazimine,mmpL5,mmpL5_p.Asn458Asp,3) Uncertain significance,p.N458D,
Clofazimine,pepQ,pepQ_p.Gly112Asp,3) Uncertain significance,p.G112D,
Clofazimine,mmpS5,mmpS5_p.Pro101Arg,3) Uncertain significance,p.P101R,
Clofazimine,mmpL5,mmpL5_p.Val820Leu,3) Uncertain significance,p.V820L,0.0
Clofazimine,Rv1979c,Rv1979c_p.Ile394Thr,3) Uncertain significance,p.I394T,
Clofazimine,mmpL5,mmpL5_p.Leu95Arg,3) Uncertain significance,p.L95R,0.0
Clofazimine,Rv0678,Rv0678_p.Ile67Leu,3) Uncertain significance,p.I67L,
Clofazimine,pepQ,pepQ_p.Ala16Gly,3) Uncertain significance,p.A16G,0.0
Clofazimine,mmpL5,mmpL5_p.Met503Arg,3) Uncertain significance,p.M503R,0.0
Clofazimine,mmpL5,mmpL5_p.Glu566Asp,3) Uncertain significance,p.E566D,0.0
Clofazimine,Rv1979c,Rv1979c_p.Phe447Val,3) Uncertain significance,p.F447V,0.0
Clofazimine,mmpL5,mmpL5_p.Ala800Ser,3) Uncertain significance,p.A800S,
Clofazimine,mmpL5,mmpL5_p.His454Gln,3) Uncertain significance,p.H454Q,0.0
Clofazimine,pepQ,pepQ_p.Ala227Asp,3) Uncertain significance,p.A227D,
Clofazimine,pepQ,pepQ_p.Thr354Ala,3) Uncertain significance,p.T354A,
Clofazimine,Rv0678,Rv0678_p.Glu21Lys,3) Uncertain significance,p.E21K,
Clofazimine,pepQ,pepQ_p.Ile193Val,3) Uncertain significance,p.I193V,0.0
Clofazimine,Rv0678,Rv0678_p.Arg94Trp,3) Uncertain significance,p.R94W,
Clofazimine,Rv1979c,Rv1979c_p.Pro4Ala,3) Uncertain significance,p.P4A,
Clofazimine,Rv0678,Rv0678_p.Trp42Cys,3) Uncertain significance,p.W42C,0.0
Clofazimine,mmpL5,mmpL5_p.Met443Thr,3) Uncertain significance,p.M443T,
Clofazimine,mmpL5,mmpL5_p.Thr352Ile,3) Uncertain significance,p.T352I,
Clofazimine,mmpL5,mmpL5_p.Leu523Pro,3) Uncertain significance,p.L523P,
Clofazimine,mmpL5,mmpL5_p.Glu524Gly,3) Uncertain significance,p.E524G,
Clofazimine,Rv1979c,Rv1979c_p.Leu330Val,3) Uncertain significance,p.L330V,
Clofazimine,mmpL5,mmpL5_p.Trp598Gly,3) Uncertain significance,p.W598G,
Clofazimine,mmpS5,mmpS5_p.Lys6Thr,3) Uncertain significance,p.K6T,
Clofazimine,mmpL5,mmpL5_p.Met655Thr,3) Uncertain significance,p.M655T,
Clofazimine,Rv1979c,Rv1979c_p.Gly37Val,3) Uncertain significance,p.G37V,0.0
Clofazimine,mmpL5,mmpL5_p.Val846Ile,3) Uncertain significance,p.V846I,
Clofazimine,mmpL5,mmpL5_p.Gly292Asp,3) Uncertain significance,p.G292D,0.0
Clofazimine,mmpL5,mmpL5_p.Met892Ile,3) Uncertain significance,p.M892I,0.0
Clofazimine,Rv0678,Rv0678_p.Ser158Arg,3) Uncertain significance,p.S158R,0.0
Clofazimine,Rv0678,Rv0678_p.Gln76Glu,3) Uncertain significance,p.Q76E,0.0
Clofazimine,mmpS5,mmpS5_p.Ile69Val,3) Uncertain significance,p.I69V,0.0
Clofazimine,Rv0678,Rv0678_p.Gly87Arg,3) Uncertain significance,p.G87R,0.0
Clofazimine,mmpL5,mmpL5_p.Leu709Ile,3) Uncertain significance,p.L709I,
Clofazimine,pepQ,pepQ_p.Ile24Thr,3) Uncertain significance,p.I24T,
Clofazimine,Rv1979c,Rv1979c_p.Ala121Val,3) Uncertain significance,p.A121V,
Clofazimine,mmpL5,mmpL5_p.Met638Leu,3) Uncertain significance,p.M638L,0.0
Clofazimine,pepQ,pepQ_p.Lys350Glu,3) Uncertain significance,p.K350E,0.0
Clofazimine,Rv1979c,Rv1979c_p.Val210Phe,3) Uncertain significance,p.V210F,
Clofazimine,mmpL5,mmpL5_p.Ser541Arg,3) Uncertain significance,p.S541R,0.0
Clofazimine,Rv0678,Rv0678_p.Asn148His,3) Uncertain significance,p.N148H,0.0
Clofazimine,Rv1979c,Rv1979c_p.Ala228Val,3) Uncertain significance,p.A228V,0.0
Clofazimine,Rv0678,Rv0678_p.Ser68Ile,3) Uncertain significance,p.S68I,
Clofazimine,mmpL5,mmpL5_p.Ala69Val,3) Uncertain significance,p.A69V,
Clofazimine,pepQ,pepQ_p.Glu177Asp,3) Uncertain significance,p.E177D,
Clofazimine,mmpS5,mmpS5_p.Arg29Cys,3) Uncertain significance,p.R29C,0.0
Clofazimine,Rv1979c,Rv1979c_p.Tyr81Asp,3) Uncertain significance,p.Y81D,0.0
Clofazimine,Rv1979c,Rv1979c_p.Gly146Ser,3) Uncertain significance,p.G146S,0.0
Clofazimine,mmpL5,mmpL5_p.Ala715Val,3) Uncertain significance,p.A715V,0.0
Clofazimine,mmpL5,mmpL5_p.His590Arg,3) Uncertain significance,p.H590R,0.0
Clofazimine,Rv1979c,Rv1979c_p.Met275Ile,3) Uncertain significance,p.M275I,0.0
Clofazimine,Rv1979c,Rv1979c_p.Tyr79Cys,3) Uncertain significance,p.Y79C,0.0
Clofazimine,Rv0678,Rv0678_p.Arg107Cys,3) Uncertain significance,p.R107C,
Clofazimine,Rv0678,Rv0678_p.Glu54Lys,3) Uncertain significance,p.E54K,0.0
Clofazimine,Rv1979c,Rv1979c_p.Leu229Ser,3) Uncertain significance,p.L229S,
Clofazimine,mmpL5,mmpL5_p.Pro927Arg,3) Uncertain significance,p.P927R,
Clofazimine,mmpL5,mmpL5_p.Ala168Ser,3) Uncertain significance,p.A168S,0.0
Clofazimine,Rv1979c,Rv1979c_p.Gly216Asp,3) Uncertain significance,p.G216D,
Clofazimine,mmpL5,mmpL5_p.Met560Leu,3) Uncertain significance,p.M560L,0.0
Clofazimine,pepQ,pepQ_p.Arg278Gly,3) Uncertain significance,p.R278G,0.0
Clofazimine,mmpL5,mmpL5_p.Arg380His,3) Uncertain significance,p.R380H,
Clofazimine,mmpL5,mmpL5_p.Glu159Ala,3) Uncertain significance,p.E159A,0.0
Clofazimine,mmpL5,mmpL5_p.Asp128Ala,3) Uncertain significance,p.D128A,
Clofazimine,pepQ,pepQ_p.Leu179Pro,3) Uncertain significance,p.L179P,
Clofazimine,mmpL5,mmpL5_p.Pro953Ser,3) Uncertain significance,p.P953S,
Clofazimine,Rv1979c,Rv1979c_p.Val384Ile,3) Uncertain significance,p.V384I,
Clofazimine,mmpL5,mmpL5_p.Glu83Lys,3) Uncertain significance,p.E83K,0.0
Clofazimine,mmpL5,mmpL5_p.Ile787Met,3) Uncertain significance,p.I787M,
Clofazimine,mmpL5,mmpL5_p.Met503Ile,3) Uncertain significance,p.M503I,
Clofazimine,mmpS5,mmpS5_p.Ile14Thr,3) Uncertain significance,p.I14T,
Clofazimine,pepQ,pepQ_p.Val30Leu,3) Uncertain significance,p.V30L,0.0
Clofazimine,mmpL5,mmpL5_p.Asp681Glu,3) Uncertain significance,p.D681E,
Clofazimine,Rv1979c,Rv1979c_p.Val120Leu,3) Uncertain significance,p.V120L,
Clofazimine,Rv0678,Rv0678_p.Leu40Met,3) Uncertain significance,p.L40M,
Clofazimine,pepQ,pepQ_p.Glu89Asp,3) Uncertain significance,p.E89D,
Clofazimine,pepQ,pepQ_p.Asp209Glu,3) Uncertain significance,p.D209E,
Clofazimine,mmpL5,mmpL5_p.Val942Ile,3) Uncertain significance,p.V942I,
Clofazimine,Rv1979c,Rv1979c_p.Ala405Pro,3) Uncertain significance,p.A405P,
Clofazimine,Rv1979c,Rv1979c_p.Ala105Asp,3) Uncertain significance,p.A105D,
Clofazimine,Rv1979c,Rv1979c_p.Ser237Leu,3) Uncertain significance,p.S237L,
Clofazimine,mmpL5,mmpL5_p.Lys646Gln,3) Uncertain significance,p.K646Q,
Clofazimine,mmpL5,mmpL5_p.Pro947Ser,3) Uncertain significance,p.P947S,
Clofazimine,pepQ,pepQ_p.Val343Ala,3) Uncertain significance,p.V343A,
Clofazimine,pepQ,pepQ_p.Glu191Val,3) Uncertain significance,p.E191V,
Clofazimine,mmpL5,mmpL5_p.Gly114Arg,3) Uncertain significance,p.G114R,
Clofazimine,pepQ,pepQ_p.Val101Leu,3) Uncertain significance,p.V101L,
Clofazimine,mmpL5,mmpL5_p.Phe108Leu,3) Uncertain significance,p.F108L,
Clofazimine,Rv1979c,Rv1979c_p.Ala357Val,3) Uncertain significance,p.A357V,
Clofazimine,Rv1979c,Rv1979c_p.Tyr230Cys,3) Uncertain significance,p.Y230C,
Clofazimine,mmpL5,mmpL5_p.Val612Gly,3) Uncertain significance,p.V612G,
Clofazimine,mmpL5,mmpL5_p.Lys80Gln,3) Uncertain significance,p.K80Q,
Clofazimine,mmpL5,mmpL5_p.Gly181Asp,3) Uncertain significance,p.G181D,
Clofazimine,mmpL5,mmpL5_p.Gly336Ser,3) Uncertain significance,p.G336S,0.0
Clofazimine,Rv0678,Rv0678_p.Leu40Ser,3) Uncertain significance,p.L40S,
Clofazimine,mmpL5,mmpL5_p.Gly559Ala,3) Uncertain significance,p.G559A,
Clofazimine,mmpL5,mmpL5_p.Val382Ala,3) Uncertain significance,p.V382A,
Clofazimine,Rv1979c,Rv1979c_p.His404Tyr,3) Uncertain significance,p.H404Y,
Clofazimine,Rv1979c,Rv1979c_p.Gly334Glu,3) Uncertain significance,p.G334E,
Clofazimine,mmpS5,mmpS5_p.Ala142Ser,3) Uncertain significance,p.A142S,
Clofazimine,mmpL5,mmpL5_p.Tyr299Cys,3) Uncertain significance,p.Y299C,
Clofazimine,Rv0678,Rv0678_p.Thr58Lys,3) Uncertain significance,p.T58K,0.0
Clofazimine,Rv1979c,Rv1979c_p.Phe386Val,3) Uncertain significance,p.F386V,
Clofazimine,mmpL5,mmpL5_p.Glu512Ala,3) Uncertain significance,p.E512A,
Clofazimine,mmpL5,mmpL5_p.Gly305Ser,3) Uncertain significance,p.G305S,0.0
Clofazimine,mmpL5,mmpL5_p.Gly257Arg,3) Uncertain significance,p.G257R,
Clofazimine,Rv1979c,Rv1979c_p.Phe144Cys,3) Uncertain significance,p.F144C,
Clofazimine,mmpL5,mmpL5_p.Asn466Ser,3) Uncertain significance,p.N466S,
Clofazimine,Rv1979c,Rv1979c_p.Val459Ile,3) Uncertain significance,p.V459I,
Clofazimine,Rv1979c,Rv1979c_p.Arg441Trp,3) Uncertain significance,p.R441W,
Clofazimine,mmpL5,mmpL5_p.Gly748Asp,3) Uncertain significance,p.G748D,
Clofazimine,pepQ,pepQ_p.Lys94Asn,3) Uncertain significance,p.K94N,
Clofazimine,Rv1979c,Rv1979c_p.Ala259Glu,3) Uncertain significance,p.A259E,
Clofazimine,mmpL5,mmpL5_p.Ser654Thr,3) Uncertain significance,p.S654T,
Clofazimine,mmpL5,mmpL5_p.Tyr514Cys,3) Uncertain significance,p.Y514C,
Clofazimine,mmpL5,mmpL5_p.Lys935Asn,3) Uncertain significance,p.K935N,0.0
Clofazimine,Rv1979c,Rv1979c_p.Val136Leu,3) Uncertain significance,p.V136L,
Clofazimine,mmpL5,mmpL5_p.Leu329Arg,3) Uncertain significance,p.L329R,
Clofazimine,Rv0678,Rv0678_p.Glu113Lys,3) Uncertain significance,p.E113K,
Clofazimine,Rv0678,Rv0678_p.Ser52Pro,3) Uncertain significance,p.S52P,
Clofazimine,mmpL5,mmpL5_p.Leu335Val,3) Uncertain significance,p.L335V,
Clofazimine,Rv0678,Rv0678_p.Ser68Gly,3) Uncertain significance,p.S68G,
Clofazimine,Rv1979c,Rv1979c_p.Ala247Thr,3) Uncertain significance,p.A247T,
Clofazimine,mmpS5,mmpS5_p.Ser34Phe,3) Uncertain significance,p.S34F,
Clofazimine,pepQ,pepQ_p.Glu360Asp,3) Uncertain significance,p.E360D,
Clofazimine,mmpL5,mmpL5_p.Val186Ile,3) Uncertain significance,p.V186I,
Clofazimine,Rv0678,Rv0678_p.Arg96Trp,3) Uncertain significance,p.R96W,0.0
Clofazimine,mmpL5,mmpL5_p.Gln140His,3) Uncertain significance,p.Q140H,
Clofazimine,pepQ,pepQ_p.Asn118Asp,3) Uncertain significance,p.N118D,
Clofazimine,mmpL5,mmpL5_p.Ala199Thr,3) Uncertain significance,p.A199T,
Clofazimine,mmpL5,mmpL5_p.Arg289His,3) Uncertain significance,p.R289H,
Clofazimine,Rv1979c,Rv1979c_p.Glu38Asp,3) Uncertain significance,p.E38D,0.0
Clofazimine,Rv0678,Rv0678_p.Ile80Met,3) Uncertain significance,p.I80M,
Clofazimine,mmpS5,mmpS5_p.Lys42Arg,3) Uncertain significance,p.K42R,
Clofazimine,Rv0678,Rv0678_p.Trp42Arg,3) Uncertain significance,p.W42R,
Clofazimine,Rv0678,Rv0678_p.Met139Ile,3) Uncertain significance,p.M139I,0.0
Clofazimine,mmpL5,mmpL5_p.Ala434Thr,3) Uncertain significance,p.A434T,
Clofazimine,Rv0678,Rv0678_p.Gln22Arg,3) Uncertain significance,p.Q22R,
Clofazimine,Rv1979c,Rv1979c_p.Pro36Ser,3) Uncertain significance,p.P36S,
Clofazimine,mmpL5,mmpL5_p.Arg944Gln,3) Uncertain significance,p.R944Q,
Clofazimine,pepQ,pepQ_p.Ser130Leu,3) Uncertain significance,p.S130L,
Clofazimine,mmpL5,mmpL5_p.Glu744Gln,3) Uncertain significance,p.E744Q,
Clofazimine,mmpL5,mmpL5_p.Glu174Gln,3) Uncertain significance,p.E174Q,
Clofazimine,Rv0678,Rv0678_p.Arg156Gln,3) Uncertain significance,p.R156Q,
Clofazimine,mmpL5,mmpL5_p.Thr327Ile,3) Uncertain significance,p.T327I,
Clofazimine,mmpL5,mmpL5_p.Ile529Met,3) Uncertain significance,p.I529M,
Clofazimine,mmpL5,mmpL5_p.Val964Leu,3) Uncertain significance,p.V964L,
Clofazimine,mmpS5,mmpS5_p.Ile116Leu,3) Uncertain significance,p.I116L,
Clofazimine,Rv1979c,Rv1979c_p.Phe154Val,3) Uncertain significance,p.F154V,
Clofazimine,Rv0678,Rv0678_p.Val20Ala,3) Uncertain significance,p.V20A,
Clofazimine,Rv1979c,Rv1979c_p.Pro123Ser,3) Uncertain significance,p.P123S,
Clofazimine,mmpL5,mmpL5_p.Val182Ile,3) Uncertain significance,p.V182I,
Clofazimine,mmpL5,mmpL5_p.Leu691Arg,3) Uncertain significance,p.L691R,
Clofazimine,Rv0678,Rv0678_p.Asp15Gly,3) Uncertain significance,p.D15G,0.0
Clofazimine,pepQ,pepQ_p.Lys367Asn,3) Uncertain significance,p.K367N,
Clofazimine,Rv1979c,Rv1979c_p.Phe412Cys,3) Uncertain significance,p.F412C,
Clofazimine,Rv1979c,Rv1979c_p.Val52Leu,3) Uncertain significance,p.V52L,0.0
Clofazimine,mmpL5,mmpL5_p.Ile484Thr,3) Uncertain significance,p.I484T,
Clofazimine,mmpS5,mmpS5_p.Thr113Asn,3) Uncertain significance,p.T113N,
Clofazimine,mmpL5,mmpL5_p.Val840Ile,3) Uncertain significance,p.V840I,0.0
Clofazimine,mmpL5,mmpL5_p.Gly102Asp,3) Uncertain significance,p.G102D,
Clofazimine,mmpL5,mmpL5_p.Val222Gly,3) Uncertain significance,p.V222G,
Clofazimine,Rv1979c,Rv1979c_p.Ala406Thr,3) Uncertain significance,p.A406T,
Clofazimine,Rv1979c,Rv1979c_p.Ala247Val,3) Uncertain significance,p.A247V,0.0
Clofazimine,mmpS5,mmpS5_p.Ala133Thr,3) Uncertain significance,p.A133T,0.0
Clofazimine,mmpL5,mmpL5_p.Ile841Val,3) Uncertain significance,p.I841V,0.0
Clofazimine,mmpL5,mmpL5_p.Ser507Asn,3) Uncertain significance,p.S507N,0.0
Clofazimine,mmpL5,mmpL5_p.Lys649Thr,3) Uncertain significance,p.K649T,0.0
Clofazimine,mmpL5,mmpL5_p.Phe129Ser,3) Uncertain significance,p.F129S,
Clofazimine,Rv1979c,Rv1979c_p.Ala85Gly,3) Uncertain significance,p.A85G,
Clofazimine,Rv0678,Rv0678_p.Arg96Leu,3) Uncertain significance,p.R96L,
Clofazimine,mmpL5,mmpL5_p.Ile113Thr,3) Uncertain significance,p.I113T,
Clofazimine,pepQ,pepQ_p.Ala370Val,3) Uncertain significance,p.A370V,
Clofazimine,Rv1979c,Rv1979c_p.Ser175Leu,3) Uncertain significance,p.S175L,0.0
Clofazimine,pepQ,pepQ_p.Gly291Ser,3) Uncertain significance,p.G291S,0.0
Clofazimine,mmpL5,mmpL5_p.Leu818Met,3) Uncertain significance,p.L818M,
Clofazimine,pepQ,pepQ_p.Asp26Gly,3) Uncertain significance,p.D26G,0.0
Clofazimine,Rv1979c,Rv1979c_p.Met275Thr,3) Uncertain significance,p.M275T,
Clofazimine,mmpL5,mmpL5_p.Ser583Asn,3) Uncertain significance,p.S583N,
Clofazimine,mmpS5,mmpS5_p.Gly109Ser,3) Uncertain significance,p.G109S,0.0
Clofazimine,Rv0678,Rv0678_p.Val85Ala,3) Uncertain significance,p.V85A,
Clofazimine,mmpL5,mmpL5_p.Met645Ile,3) Uncertain significance,p.M645I,
Clofazimine,pepQ,pepQ_p.Gly85Cys,3) Uncertain significance,p.G85C,
Clofazimine,mmpL5,mmpL5_p.Trp952Leu,3) Uncertain significance,p.W952L,
Clofazimine,mmpL5,mmpL5_p.Val360Met,3) Uncertain significance,p.V360M,
Clofazimine,Rv1979c,Rv1979c_p.Phe300Val,3) Uncertain significance,p.F300V,
Clofazimine,pepQ,pepQ_p.Ala254Thr,3) Uncertain significance,p.A254T,0.0
Clofazimine,mmpL5,mmpL5_p.Leu95Pro,3) Uncertain significance,p.L95P,0.0
Clofazimine,Rv1979c,Rv1979c_p.Lys13Gln,3) Uncertain significance,p.K13Q,
Clofazimine,mmpL5,mmpL5_p.Val267Gly,3) Uncertain significance,p.V267G,0.0
Clofazimine,mmpS5,mmpS5_p.Asp82Glu,3) Uncertain significance,p.D82E,
Clofazimine,mmpL5,mmpL5_p.Ala679Asp,3) Uncertain significance,p.A679D,
Clofazimine,mmpL5,mmpL5_p.Val695Ile,3) Uncertain significance,p.V695I,0.0
Clofazimine,mmpL5,mmpL5_p.Leu836Phe,3) Uncertain significance,p.L836F,
Clofazimine,mmpL5,mmpL5_p.Val247Ala,3) Uncertain significance,p.V247A,0.0
Clofazimine,Rv1979c,Rv1979c_p.Thr270Ile,3) Uncertain significance,p.T270I,0.0
Clofazimine,Rv1979c,Rv1979c_p.Ile471Val,3) Uncertain significance,p.I471V,
Clofazimine,mmpL5,mmpL5_p.Ala273Thr,3) Uncertain significance,p.A273T,
Clofazimine,Rv1979c,Rv1979c_p.His12Tyr,3) Uncertain significance,p.H12Y,
Clofazimine,Rv0678,Rv0678_p.Glu104Lys,3) Uncertain significance,p.E104K,0.0
Clofazimine,Rv0678,Rv0678_p.Thr58Pro,3) Uncertain significance,p.T58P,
Clofazimine,Rv1979c,Rv1979c_p.Ile256Thr,3) Uncertain significance,p.I256T,0.0
Clofazimine,Rv1979c,Rv1979c_p.Ile238Thr,3) Uncertain significance,p.I238T,
Clofazimine,mmpS5,mmpS5_p.Thr24Met,3) Uncertain significance,p.T24M,0.0
Clofazimine,mmpL5,mmpL5_p.Val123Ile,3) Uncertain significance,p.V123I,
Clofazimine,mmpL5,mmpL5_p.Ala572Val,3) Uncertain significance,p.A572V,
Clofazimine,mmpL5,mmpL5_p.Ala667Ser,3) Uncertain significance,p.A667S,
Clofazimine,mmpS5,mmpS5_p.Thr4Ile,3) Uncertain significance,p.T4I,
Clofazimine,mmpL5,mmpL5_p.Val612Ile,3) Uncertain significance,p.V612I,
Clofazimine,mmpL5,mmpL5_p.Met892Thr,3) Uncertain significance,p.M892T,
Clofazimine,mmpL5,mmpL5_p.His494Tyr,3) Uncertain significance,p.H494Y,
Clofazimine,Rv0678,Rv0678_p.Glu104Asp,3) Uncertain significance,p.E104D,0.0
Clofazimine,Rv0678,Rv0678_p.Gly25Cys,3) Uncertain significance,p.G25C,
Clofazimine,mmpS5,mmpS5_p.Ser98Pro,3) Uncertain significance,p.S98P,0.0
Clofazimine,Rv0678,Rv0678_p.Ala59Val,3) Uncertain significance,p.A59V,
Clofazimine,mmpL5,mmpL5_p.Asp424Asn,3) Uncertain significance,p.D424N,
Clofazimine,Rv0678,Rv0678_p.Ile108Thr,3) Uncertain significance,p.I108T,0.0
Clofazimine,Rv1979c,Rv1979c_p.Ala298Ser,3) Uncertain significance,p.A298S,
Clofazimine,Rv0678,Rv0678_p.Ser31Gly,3) Uncertain significance,p.S31G,0.0
Clofazimine,Rv0678,Rv0678_p.Asp8Gly,3) Uncertain significance,p.D8G,
Clofazimine,mmpL5,mmpL5_p.Ser439Ala,3) Uncertain significance,p.S439A,
Clofazimine,Rv1979c,Rv1979c_p.Leu336Arg,3) Uncertain significance,p.L336R,0.0
Clofazimine,Rv1979c,Rv1979c_p.Leu419Val,3) Uncertain significance,p.L419V,0.0
Clofazimine,mmpL5,mmpL5_p.Val268Met,3) Uncertain significance,p.V268M,0.0
Clofazimine,mmpL5,mmpL5_p.Thr10Ala,3) Uncertain significance,p.T10A,
Clofazimine,Rv1979c,Rv1979c_p.Val114Gly,3) Uncertain significance,p.V114G,
Clofazimine,mmpS5,mmpS5_p.Gly130Asp,3) Uncertain significance,p.G130D,0.0
Clofazimine,Rv1979c,Rv1979c_p.Phe218Ser,3) Uncertain significance,p.F218S,0.0
Clofazimine,Rv1979c,Rv1979c_p.Ala126Thr,3) Uncertain significance,p.A126T,
Clofazimine,pepQ,pepQ_p.Val158Met,3) Uncertain significance,p.V158M,0.0
Clofazimine,Rv0678,Rv0678_p.Gly87Trp,3) Uncertain significance,p.G87W,0.0
Clofazimine,Rv1979c,Rv1979c_p.Val2Ala,3) Uncertain significance,p.V2A,
Clofazimine,mmpL5,mmpL5_p.Leu810Phe,3) Uncertain significance,p.L810F,0.0
Clofazimine,mmpL5,mmpL5_p.Ser452Asn,3) Uncertain significance,p.S452N,
Clofazimine,mmpL5,mmpL5_p.Ala397Ser,3) Uncertain significance,p.A397S,
Clofazimine,Rv0678,Rv0678_p.Ile80Ser,3) Uncertain significance,p.I80S,0.0
Clofazimine,Rv0678,Rv0678_p.Ala110Val,3) Uncertain significance,p.A110V,
Clofazimine,mmpL5,mmpL5_p.Leu219Phe,3) Uncertain significance,p.L219F,
Clofazimine,Rv0678,Rv0678_p.Leu95Ser,3) Uncertain significance,p.L95S,0.0
Clofazimine,mmpL5,mmpL5_p.Asp608Tyr,3) Uncertain significance,p.D608Y,
Clofazimine,pepQ,pepQ_p.Ala124Val,3) Uncertain significance,p.A124V,
Clofazimine,mmpL5,mmpL5_p.Gly79Ser,3) Uncertain significance,p.G79S,0.0
Clofazimine,mmpL5,mmpL5_p.Val481Met,3) Uncertain significance,p.V481M,0.0
Clofazimine,mmpL5,mmpL5_p.Asp455Gly,3) Uncertain significance,p.D455G,
Clofazimine,mmpL5,mmpL5_p.Gly131Arg,3) Uncertain significance,p.G131R,0.0
Clofazimine,mmpL5,mmpL5_p.Thr606Ala,3) Uncertain significance,p.T606A,
Clofazimine,mmpL5,mmpL5_p.Gly759Ser,3) Uncertain significance,p.G759S,
Clofazimine,Rv1979c,Rv1979c_p.Gly214Ser,3) Uncertain significance,p.G214S,
Clofazimine,pepQ,pepQ_p.Val104Leu,3) Uncertain significance,p.V104L,
Clofazimine,Rv1979c,Rv1979c_p.Ile226Thr,3) Uncertain significance,p.I226T,
Clofazimine,mmpL5,mmpL5_p.Thr234Met,3) Uncertain significance,p.T234M,
Clofazimine,Rv1979c,Rv1979c_p.Thr83Ala,3) Uncertain significance,p.T83A,
Clofazimine,Rv1979c,Rv1979c_p.Ala47Thr,3) Uncertain significance,p.A47T,
Clofazimine,mmpL5,mmpL5_p.Asn772Ser,3) Uncertain significance,p.N772S,0.0
Clofazimine,pepQ,pepQ_p.Arg170Trp,3) Uncertain significance,p.R170W,
Clofazimine,mmpS5,mmpS5_p.Val55Met,3) Uncertain significance,p.V55M,
Clofazimine,Rv1979c,Rv1979c_p.Ala331Val,3) Uncertain significance,p.A331V,
Clofazimine,Rv1979c,Rv1979c_p.Ala158Thr,3) Uncertain significance,p.A158T,
Clofazimine,Rv1979c,Rv1979c_p.Ala84Thr,3) Uncertain significance,p.A84T,
Clofazimine,mmpS5,mmpS5_p.Ala8Val,4) Not assoc w R - Interim,p.A8V,0.0
Clofazimine,Rv1979c,Rv1979c_p.Ala10Val,3) Uncertain significance,p.A10V,0.0
Clofazimine,pepQ,pepQ_p.Ile28Arg,3) Uncertain significance,p.I28R,
Clofazimine,Rv0678,Rv0678_p.Phe93Leu,3) Uncertain significance,p.F93L,0.0
Clofazimine,mmpL5,mmpL5_p.Ser782Ala,3) Uncertain significance,p.S782A,
Clofazimine,Rv0678,Rv0678_p.Tyr145His,3) Uncertain significance,p.Y145H,
Clofazimine,pepQ,pepQ_p.Ala305Val,3) Uncertain significance,p.A305V,
Clofazimine,Rv1979c,Rv1979c_p.Ser219Ala,3) Uncertain significance,p.S219A,
Clofazimine,mmpL5,mmpL5_p.Gly396Cys,3) Uncertain significance,p.G396C,
Clofazimine,Rv1979c,Rv1979c_p.Val458Ala,3) Uncertain significance,p.V458A,
Clofazimine,mmpL5,mmpL5_p.Ala896Thr,3) Uncertain significance,p.A896T,
Clofazimine,mmpL5,mmpL5_p.Gly661Arg,3) Uncertain significance,p.G661R,
Clofazimine,mmpL5,mmpL5_p.His122Arg,3) Uncertain significance,p.H122R,
Clofazimine,Rv0678,Rv0678_p.Ala101Glu,3) Uncertain significance,p.A101E,
Clofazimine,mmpL5,mmpL5_p.Met676Val,3) Uncertain significance,p.M676V,
Clofazimine,mmpL5,mmpL5_p.Trp938Arg,3) Uncertain significance,p.W938R,
Clofazimine,mmpL5,mmpL5_p.Ala209Thr,3) Uncertain significance,p.A209T,
Clofazimine,pepQ,pepQ_p.Met180Thr,3) Uncertain significance,p.M180T,
Clofazimine,Rv1979c,Rv1979c_p.Ala378Thr,3) Uncertain significance,p.A378T,
Clofazimine,mmpL5,mmpL5_p.Pro390Thr,3) Uncertain significance,p.P390T,0.0
Clofazimine,Rv1979c,Rv1979c_p.His98Tyr,3) Uncertain significance,p.H98Y,0.0
Clofazimine,mmpL5,mmpL5_p.Ser65Arg,3) Uncertain significance,p.S65R,
Clofazimine,pepQ,pepQ_p.Ala153Gly,3) Uncertain significance,p.A153G,
Clofazimine,mmpL5,mmpL5_p.Phe82Leu,3) Uncertain significance,p.F82L,0.0
Clofazimine,Rv1979c,Rv1979c_p.Val402Gly,3) Uncertain significance,p.V402G,0.0
Clofazimine,mmpL5,mmpL5_p.Ile215Val,3) Uncertain significance,p.I215V,
Clofazimine,Rv0678,Rv0678_p.Phe93Ser,3) Uncertain significance,p.F93S,
Clofazimine,mmpL5,mmpL5_p.Ser599Leu,3) Uncertain significance,p.S599L,0.0
Clofazimine,Rv1979c,Rv1979c_p.Glu403Gly,3) Uncertain significance,p.E403G,
Clofazimine,mmpL5,mmpL5_p.His590Pro,3) Uncertain significance,p.H590P,
Clofazimine,Rv0678,Rv0678_p.Arg89Trp,3) Uncertain significance,p.R89W,0.0
Clofazimine,Rv1979c,Rv1979c_p.Arg88Leu,3) Uncertain significance,p.R88L,0.0
Clofazimine,Rv1979c,Rv1979c_p.Asp347Gly,3) Uncertain significance,p.D347G,
Clofazimine,Rv0678,Rv0678_p.Ala84Thr,3) Uncertain significance,p.A84T,0.0
Clofazimine,Rv0678,Rv0678_p.Met73Ile,3) Uncertain significance,p.M73I,
Clofazimine,Rv1979c,Rv1979c_p.Phe172Ser,3) Uncertain significance,p.F172S,
Clofazimine,mmpL5,mmpL5_p.Gly704Cys,3) Uncertain significance,p.G704C,
Clofazimine,mmpL5,mmpL5_p.Phe890Ser,3) Uncertain significance,p.F890S,0.0
Clofazimine,Rv1979c,Rv1979c_p.Ser219Trp,3) Uncertain significance,p.S219W,0.0
Clofazimine,mmpL5,mmpL5_p.Val337Met,3) Uncertain significance,p.V337M,
Clofazimine,Rv0678,Rv0678_p.Ala86Val,3) Uncertain significance,p.A86V,0.0
Clofazimine,Rv0678,Rv0678_p.Gly162Glu,3) Uncertain significance,p.G162E,0.0
Clofazimine,Rv1979c,Rv1979c_p.Leu14Arg,3) Uncertain significance,p.L14R,
Clofazimine,Rv0678,Rv0678_p.Ala84Val,3) Uncertain significance,p.A84V,0.0
Clofazimine,Rv1979c,Rv1979c_p.Tyr434Cys,3) Uncertain significance,p.Y434C,0.0
Clofazimine,mmpL5,mmpL5_p.Gly477Arg,3) Uncertain significance,p.G477R,0.0
Clofazimine,mmpS5,mmpS5_p.Arg29Leu,3) Uncertain significance,p.R29L,
Clofazimine,Rv1979c,Rv1979c_p.Ala259Thr,3) Uncertain significance,p.A259T,0.0
Clofazimine,Rv1979c,Rv1979c_p.Val273Ala,3) Uncertain significance,p.V273A,
Clofazimine,mmpL5,mmpL5_p.Met666Ile,3) Uncertain significance,p.M666I,0.0
Clofazimine,mmpL5,mmpL5_p.Ala288Pro,3) Uncertain significance,p.A288P,0.0
Clofazimine,mmpL5,mmpL5_p.Met892Val,3) Uncertain significance,p.M892V,0.0
Clofazimine,pepQ,pepQ_p.Met180Val,3) Uncertain significance,p.M180V,
Clofazimine,mmpL5,mmpL5_p.Ile282Leu,3) Uncertain significance,p.I282L,
Clofazimine,mmpL5,mmpL5_p.Trp936Arg,3) Uncertain significance,p.W936R,0.0
Clofazimine,mmpL5,mmpL5_p.Pro180Leu,3) Uncertain significance,p.P180L,
Clofazimine,mmpL5,mmpL5_p.Ser439Pro,3) Uncertain significance,p.S439P,0.0
Clofazimine,mmpL5,mmpL5_p.Gly609Arg,3) Uncertain significance,p.G609R,0.0
Clofazimine,mmpS5,mmpS5_p.Val67Gly,3) Uncertain significance,p.V67G,
Clofazimine,mmpL5,mmpL5_p.Ile732Val,3) Uncertain significance,p.I732V,0.0
Clofazimine,Rv0678,Rv0678_p.Met17Val,3) Uncertain significance,p.M17V,
Clofazimine,Rv0678,Rv0678_p.Leu40Val,3) Uncertain significance,p.L40V,
Clofazimine,pepQ,pepQ_p.Ala242Thr,3) Uncertain significance,p.A242T,
Clofazimine,mmpL5,mmpL5_p.Asp128Asn,3) Uncertain significance,p.D128N,0.0
Clofazimine,Rv1979c,Rv1979c_p.Val416Met,3) Uncertain significance,p.V416M,
Clofazimine,mmpL5,mmpL5_p.Val214Leu,3) Uncertain significance,p.V214L,
Clofazimine,Rv1979c,Rv1979c_p.Arg7Lys,3) Uncertain significance,p.R7K,0.0
Clofazimine,Rv0678,Rv0678_p.Gln22Pro,3) Uncertain significance,p.Q22P,
Clofazimine,Rv0678,Rv0678_p.Ile67Ser,2) Assoc w R - Interim,p.I67S,
Clofazimine,Rv0678,Rv0678_p.Arg134Gly,3) Uncertain significance,p.R134G,
Clofazimine,pepQ,pepQ_p.Val298Ile,3) Uncertain significance,p.V298I,0.0
Clofazimine,Rv0678,Rv0678_p.Thr69Pro,3) Uncertain significance,p.T69P,
Clofazimine,pepQ,pepQ_p.Ala187Glu,3) Uncertain significance,p.A187E,
Clofazimine,Rv1979c,Rv1979c_p.Ser262Leu,3) Uncertain significance,p.S262L,
Clofazimine,Rv1979c,Rv1979c_p.Ser358Leu,3) Uncertain significance,p.S358L,
Clofazimine,Rv1979c,Rv1979c_p.Thr356Lys,3) Uncertain significance,p.T356K,0.0
Clofazimine,mmpL5,mmpL5_p.Gln707Lys,3) Uncertain significance,p.Q707K,0.0
Clofazimine,Rv0678,Rv0678_p.Ser2Arg,3) Uncertain significance,p.S2R,
Clofazimine,Rv0678,Rv0678_p.Met23Val,3) Uncertain significance,p.M23V,
Clofazimine,mmpL5,mmpL5_p.Ser125Cys,3) Uncertain significance,p.S125C,0.0
Clofazimine,mmpL5,mmpL5_p.Ser71Pro,3) Uncertain significance,p.S71P,
Clofazimine,Rv0678,Rv0678_p.Asn98Asp,3) Uncertain significance,p.N98D,
Clofazimine,mmpS5,mmpS5_p.Thr4Pro,3) Uncertain significance,p.T4P,0.0
Clofazimine,Rv1979c,Rv1979c_p.Glu38Lys,3) Uncertain significance,p.E38K,0.0
Clofazimine,mmpL5,mmpL5_p.Gly246Ser,3) Uncertain significance,p.G246S,0.0
Clofazimine,pepQ,pepQ_p.Arg61Cys,3) Uncertain significance,p.R61C,
Clofazimine,mmpL5,mmpL5_p.Gln333Glu,3) Uncertain significance,p.Q333E,
Clofazimine,pepQ,pepQ_p.Val45Leu,3) Uncertain significance,p.V45L,0.0
Clofazimine,mmpL5,mmpL5_p.Glu512Gln,3) Uncertain significance,p.E512Q,
Clofazimine,mmpL5,mmpL5_p.Ile59Thr,3) Uncertain significance,p.I59T,
Clofazimine,Rv1979c,Rv1979c_p.Ala105Thr,3) Uncertain significance,p.A105T,
Clofazimine,mmpL5,mmpL5_p.Ile948Ala,3) Uncertain significance,p.I948A,
Clofazimine,mmpL5,mmpL5_p.His437Arg,3) Uncertain significance,p.H437R,
Clofazimine,Rv1979c,Rv1979c_p.Val423Ala,3) Uncertain significance,p.V423A,0.0
Clofazimine,mmpL5,mmpL5_p.Ala230Thr,3) Uncertain significance,p.A230T,0.0
Clofazimine,mmpL5,mmpL5_p.Ala147Thr,3) Uncertain significance,p.A147T,0.0
Clofazimine,mmpL5,mmpL5_p.Asp608Asn,3) Uncertain significance,p.D608N,0.0
Clofazimine,pepQ,pepQ_p.Ile193Thr,3) Uncertain significance,p.I193T,0.0
Clofazimine,Rv1979c,Rv1979c_p.Ala222Thr,3) Uncertain significance,p.A222T,
Clofazimine,mmpL5,mmpL5_p.Trp598Arg,3) Uncertain significance,p.W598R,0.0
Clofazimine,Rv1979c,Rv1979c_p.Pro478Gln,3) Uncertain significance,p.P478Q,0.0
Clofazimine,Rv1979c,Rv1979c_p.Ile104Thr,3) Uncertain significance,p.I104T,0.0
Clofazimine,mmpL5,mmpL5_p.Glu552Gly,3) Uncertain significance,p.E552G,0.0
Clofazimine,Rv1979c,Rv1979c_p.Val52Gly,3) Uncertain significance,p.V52G,0.0
Clofazimine,mmpL5,mmpL5_p.Phe696Leu,3) Uncertain significance,p.F696L,0.017167381974248927
Clofazimine,mmpL5,mmpL5_p.Val344Leu,3) Uncertain significance,p.V344L,0.0
Clofazimine,Rv1979c,Rv1979c_p.Asp286Gly,4) Not assoc w R - Interim,p.D286G,0.00909090909090909
Clofazimine,pepQ,pepQ_p.Phe46Leu,3) Uncertain significance,p.F46L,0.0
Clofazimine,mmpL5,mmpL5_p.Asp767Ala,3) Uncertain significance,p.D767A,0.0
Clofazimine,Rv1979c,Rv1979c_p.Arg7Ser,3) Uncertain significance,p.R7S,0.0
Clofazimine,pepQ,pepQ_p.Pro69Leu,3) Uncertain significance,p.P69L,0.0
Clofazimine,mmpL5,mmpL5_p.Ile948Val,3) Uncertain significance,p.I948V,0.038761279737489746
Clofazimine,mmpL5,mmpL5_p.Asp767Asn,5) Not assoc w R,p.D767N,0.02608695652173913
Clofazimine,mmpL5,mmpL5_p.Thr120Ala,3) Uncertain significance,p.T120A,
Clofazimine,mmpL5,mmpL5_p.Tyr415Cys,3) Uncertain significance,p.Y415C,
Clofazimine,mmpL5,mmpL5_p.Val186Leu,3) Uncertain significance,p.V186L,
Clofazimine,mmpS5,mmpS5_p.Pro78Leu,3) Uncertain significance,p.P78L,
Clofazimine,Rv0678,Rv0678_p.Arg109Leu,3) Uncertain significance,p.R109L,
Clofazimine,Rv0678,Rv0678_p.Leu117Pro,3) Uncertain significance,p.L117P,
Delamanid,ddn,ddn_p.Leu49Pro,2) Assoc w R - Interim,p.L49P,
Delamanid,fbiB,fbiB_p.Ala31Thr,3) Uncertain significance,p.A31T,
Delamanid,fbiC,fbiC_p.Val713Leu,3) Uncertain significance,p.V713L,
Delamanid,fbiA,fbiA_p.Arg321Ser,3) Uncertain significance,p.R321S,
Delamanid,ddn,ddn_p.Gly81Ser,3) Uncertain significance,p.G81S,
Delamanid,fbiA,fbiA_p.Ser35Ala,3) Uncertain significance,p.S35A,
Delamanid,fbiC,fbiC_p.Ala524Gly,3) Uncertain significance,p.A524G,0.0
Delamanid,ddn,ddn_p.Val127Phe,3) Uncertain significance,p.V127F,0.75
Delamanid,fgd1,fgd1_p.Lys183Met,3) Uncertain significance,p.K183M,
Delamanid,fbiC,fbiC_p.Glu598Asp,3) Uncertain significance,p.E598D,
Delamanid,ddn,ddn_p.Trp88Arg,3) Uncertain significance,p.W88R,
Delamanid,fbiA,fbiA_p.Ser184Thr,3) Uncertain significance,p.S184T,
Delamanid,fgd1,fgd1_p.Asp190Glu,3) Uncertain significance,p.D190E,
Delamanid,fbiC,fbiC_p.Ala594Ser,3) Uncertain significance,p.A594S,
Delamanid,ddn,ddn_p.Tyr65Ser,3) Uncertain significance,p.Y65S,
Delamanid,fbiC,fbiC_p.Val581Leu,3) Uncertain significance,p.V581L,
Delamanid,fbiA,fbiA_p.Cys280Gly,3) Uncertain significance,p.C280G,
Delamanid,fbiC,fbiC_p.Ala623Val,3) Uncertain significance,p.A623V,
Delamanid,fbiC,fbiC_p.Met812Ile,3) Uncertain significance,p.M812I,
Delamanid,fbiA,fbiA_p.Ile53Thr,3) Uncertain significance,p.I53T,
Delamanid,fbiB,fbiB_p.Thr268Ile,3) Uncertain significance,p.T268I,
Delamanid,fbiC,fbiC_p.Ala852Thr,3) Uncertain significance,p.A852T,
Delamanid,fbiA,fbiA_p.His183Gln,3) Uncertain significance,p.H183Q,
Delamanid,fbiA,fbiA_p.Thr302Met,3) Uncertain significance,p.T302M,0.05263157894736842
Delamanid,fbiA,fbiA_p.Val47Ile,3) Uncertain significance,p.V47I,1.0
Delamanid,fbiA,fbiA_p.Asn314Lys,3) Uncertain significance,p.N314K,
Delamanid,fgd1,fgd1_p.Val170Met,3) Uncertain significance,p.V170M,
Delamanid,fbiA,fbiA_p.Leu104Phe,3) Uncertain significance,p.L104F,
Delamanid,ddn,ddn_p.Ile74Val,3) Uncertain significance,p.I74V,
Delamanid,fbiC,fbiC_p.Gly839Ser,3) Uncertain significance,p.G839S,
Delamanid,fbiB,fbiB_p.Gly19Glu,3) Uncertain significance,p.G19E,
Delamanid,fbiB,fbiB_p.Asp315Ala,3) Uncertain significance,p.D315A,
Delamanid,fbiC,fbiC_p.Gly683Ala,3) Uncertain significance,p.G683A,
Delamanid,fgd1,fgd1_p.Glu119Lys,3) Uncertain significance,p.E119K,
Delamanid,ddn,ddn_p.Thr40Ala,3) Uncertain significance,p.T40A,
Delamanid,fbiA,fbiA_p.Val217Met,3) Uncertain significance,p.V217M,
Delamanid,fbiC,fbiC_p.Glu376Asp,3) Uncertain significance,p.E376D,0.0
Delamanid,Rv2983,Rv2983_p.Glu66Gln,3) Uncertain significance,p.E66Q,0.0
Delamanid,ddn,ddn_p.Gly34Arg,3) Uncertain significance,p.G34R,
Delamanid,fbiC,fbiC_p.Met211Ile,3) Uncertain significance,p.M211I,
Delamanid,fgd1,fgd1_p.Gln279Pro,3) Uncertain significance,p.Q279P,
Delamanid,fbiA,fbiA_p.Val188Ala,3) Uncertain significance,p.V188A,
Delamanid,fbiC,fbiC_p.Gly262Asp,3) Uncertain significance,p.G262D,
Delamanid,fbiB,fbiB_p.Thr212Ala,3) Uncertain significance,p.T212A,
Delamanid,Rv2983,Rv2983_p.Arg101His,3) Uncertain significance,p.R101H,
Delamanid,fbiC,fbiC_p.Trp405Cys,3) Uncertain significance,p.W405C,
Delamanid,Rv2983,Rv2983_p.Ile13Leu,3) Uncertain significance,p.I13L,
Delamanid,fbiB,fbiB_p.Ser30Arg,3) Uncertain significance,p.S30R,
Delamanid,fbiA,fbiA_p.Thr4Asn,3) Uncertain significance,p.T4N,
Delamanid,fbiB,fbiB_p.Val192Ile,3) Uncertain significance,p.V192I,
Delamanid,fgd1,fgd1_p.Glu19Asp,3) Uncertain significance,p.E19D,
Delamanid,fbiA,fbiA_p.Thr302Ala,3) Uncertain significance,p.T302A,
Delamanid,fbiC,fbiC_p.Arg66Ser,3) Uncertain significance,p.R66S,
Delamanid,Rv2983,Rv2983_p.Glu105Asp,3) Uncertain significance,p.E105D,
Delamanid,fbiA,fbiA_p.Asp312Gly,3) Uncertain significance,p.D312G,
Delamanid,fbiA,fbiA_p.Leu132Val,3) Uncertain significance,p.L132V,
Delamanid,fbiC,fbiC_p.Asp130Glu,3) Uncertain significance,p.D130E,
Delamanid,fbiA,fbiA_p.Gly48Ser,3) Uncertain significance,p.G48S,
Delamanid,fbiC,fbiC_p.Asp454Asn,3) Uncertain significance,p.D454N,
Delamanid,fbiC,fbiC_p.Ala349Val,3) Uncertain significance,p.A349V,
Delamanid,fbiC,fbiC_p.Arg330Cys,3) Uncertain significance,p.R330C,
Delamanid,fbiC,fbiC_p.Ser645Gly,3) Uncertain significance,p.S645G,
Delamanid,fbiC,fbiC_p.Asp521Gly,3) Uncertain significance,p.D521G,
Delamanid,fgd1,fgd1_p.Glu240Gly,3) Uncertain significance,p.E240G,
Delamanid,fbiC,fbiC_p.Asp352Gly,3) Uncertain significance,p.D352G,
Delamanid,fbiC,fbiC_p.His592Arg,3) Uncertain significance,p.H592R,
Delamanid,fbiC,fbiC_p.Arg243Gly,3) Uncertain significance,p.R243G,
Delamanid,fbiB,fbiB_p.Ser433Pro,3) Uncertain significance,p.S433P,
Delamanid,fbiB,fbiB_p.Thr371Ile,3) Uncertain significance,p.T371I,
Delamanid,fbiB,fbiB_p.Arg293Gly,3) Uncertain significance,p.R293G,
Delamanid,ddn,ddn_p.Thr56Ala,3) Uncertain significance,p.T56A,
Delamanid,fbiC,fbiC_p.Arg7Leu,3) Uncertain significance,p.R7L,
Delamanid,fgd1,fgd1_p.His260Pro,3) Uncertain significance,p.H260P,
Delamanid,fgd1,fgd1_p.Gln47Leu,3) Uncertain significance,p.Q47L,
Delamanid,fbiB,fbiB_p.Arg157Cys,3) Uncertain significance,p.R157C,
Delamanid,fbiC,fbiC_p.Pro420Leu,3) Uncertain significance,p.P420L,
Delamanid,fbiC,fbiC_p.Val365Ile,3) Uncertain significance,p.V365I,
Delamanid,fgd1,fgd1_p.His315Asp,3) Uncertain significance,p.H315D,
Delamanid,fbiC,fbiC_p.Val37Ala,3) Uncertain significance,p.V37A,
Delamanid,fbiC,fbiC_p.Leu162Val,3) Uncertain significance,p.L162V,
Delamanid,fgd1,fgd1_p.Lys183Thr,3) Uncertain significance,p.K183T,
Delamanid,fbiB,fbiB_p.Gly3Ser,3) Uncertain significance,p.G3S,
Delamanid,Rv2983,Rv2983_p.Ala119Val,3) Uncertain significance,p.A119V,
Delamanid,Rv2983,Rv2983_p.Thr179Pro,3) Uncertain significance,p.T179P,
Delamanid,fbiC,fbiC_p.Glu832Gly,3) Uncertain significance,p.E832G,
Delamanid,fbiB,fbiB_p.Ala441Val,3) Uncertain significance,p.A441V,
Delamanid,fbiA,fbiA_p.Ser194Gly,3) Uncertain significance,p.S194G,
Delamanid,Rv2983,Rv2983_p.Ala107Asp,3) Uncertain significance,p.A107D,
Delamanid,ddn,ddn_p.Asp15Asn,3) Uncertain significance,p.D15N,0.0
Delamanid,ddn,ddn_p.Asp108Asn,3) Uncertain significance,p.D108N,
Delamanid,fbiC,fbiC_p.Arg426Cys,3) Uncertain significance,p.R426C,
Delamanid,Rv2983,Rv2983_p.Ala157Glu,3) Uncertain significance,p.A157E,
Delamanid,fgd1,fgd1_p.Gly137Glu,3) Uncertain significance,p.G137E,
Delamanid,fgd1,fgd1_p.Gly169Asp,3) Uncertain significance,p.G169D,0.0
Delamanid,Rv2983,Rv2983_p.Arg171His,3) Uncertain significance,p.R171H,0.0
Delamanid,fbiB,fbiB_p.Ala376Thr,3) Uncertain significance,p.A376T,
Delamanid,fbiC,fbiC_p.Ala469Pro,3) Uncertain significance,p.A469P,
Delamanid,fbiB,fbiB_p.Arg230Gln,3) Uncertain significance,p.R230Q,0.0
Delamanid,Rv2983,Rv2983_p.Ala107Val,3) Uncertain significance,p.A107V,0.0
Delamanid,fbiC,fbiC_p.Asp472Ala,3) Uncertain significance,p.D472A,
Delamanid,fbiB,fbiB_p.Asp437Ala,3) Uncertain significance,p.D437A,
Delamanid,fbiC,fbiC_p.Leu517Ile,3) Uncertain significance,p.L517I,
Delamanid,ddn,ddn_p.Phe66Ser,3) Uncertain significance,p.F66S,
Delamanid,fbiA,fbiA_p.Ile229Val,3) Uncertain significance,p.I229V,0.0
Delamanid,fbiB,fbiB_p.Asp109Glu,3) Uncertain significance,p.D109E,
Delamanid,fbiA,fbiA_p.Ala29Thr,3) Uncertain significance,p.A29T,
Delamanid,fbiA,fbiA_p.Val217Gly,3) Uncertain significance,p.V217G,
Delamanid,fbiC,fbiC_p.Asn549Asp,3) Uncertain significance,p.N549D,
Delamanid,Rv2983,Rv2983_p.Gly74Arg,3) Uncertain significance,p.G74R,
Delamanid,ddn,ddn_p.Asp15Glu,3) Uncertain significance,p.D15E,
Delamanid,ddn,ddn_p.Ala120Ser,3) Uncertain significance,p.A120S,
Delamanid,ddn,ddn_p.Arg72Gln,3) Uncertain significance,p.R72Q,
Delamanid,fgd1,fgd1_p.Val294Ala,3) Uncertain significance,p.V294A,
Delamanid,fbiB,fbiB_p.Val17Ala,3) Uncertain significance,p.V17A,
Delamanid,fgd1,fgd1_p.Leu323Phe,3) Uncertain significance,p.L323F,
Delamanid,fbiA,fbiA_p.Gly293Ala,3) Uncertain significance,p.G293A,
Delamanid,fbiA,fbiA_p.Pro245Ser,3) Uncertain significance,p.P245S,
Delamanid,fbiB,fbiB_p.Pro25Arg,3) Uncertain significance,p.P25R,
Delamanid,Rv2983,Rv2983_p.Arg209Gln,3) Uncertain significance,p.R209Q,
Delamanid,fbiA,fbiA_p.Ala190Thr,3) Uncertain significance,p.A190T,
Delamanid,fbiB,fbiB_p.Arg334Gln,3) Uncertain significance,p.R334Q,
Delamanid,fgd1,fgd1_p.Ala188Thr,3) Uncertain significance,p.A188T,
Delamanid,fgd1,fgd1_p.Glu269Lys,3) Uncertain significance,p.E269K,
Delamanid,fgd1,fgd1_p.Val286Ala,3) Uncertain significance,p.V286A,
Delamanid,fbiC,fbiC_p.Asp313Gly,3) Uncertain significance,p.D313G,
Delamanid,fbiA,fbiA_p.Ala327Thr,3) Uncertain significance,p.A327T,
Delamanid,fbiB,fbiB_p.Ala36Val,3) Uncertain significance,p.A36V,
Delamanid,fbiA,fbiA_p.Gly70Ser,3) Uncertain significance,p.G70S,
Delamanid,fbiA,fbiA_p.Cys280Ser,3) Uncertain significance,p.C280S,
Delamanid,fbiB,fbiB_p.Ala200Glu,3) Uncertain significance,p.A200E,
Delamanid,fbiC,fbiC_p.Val94Ala,3) Uncertain significance,p.V94A,
Delamanid,fbiC,fbiC_p.Ile491Val,3) Uncertain significance,p.I491V,
Delamanid,fgd1,fgd1_p.Val37Gly,3) Uncertain significance,p.V37G,
Delamanid,fbiC,fbiC_p.Leu647Arg,3) Uncertain significance,p.L647R,
Delamanid,fbiA,fbiA_p.Arg304Gln,3) Uncertain significance,p.R304Q,0.0
Delamanid,fbiC,fbiC_p.Ala852Val,3) Uncertain significance,p.A852V,
Delamanid,fbiA,fbiA_p.Glu130Lys,3) Uncertain significance,p.E130K,
Delamanid,fbiA,fbiA_p.Pro239Ser,3) Uncertain significance,p.P239S,
Delamanid,ddn,ddn_p.Met87Ile,3) Uncertain significance,p.M87I,
Delamanid,fbiA,fbiA_p.Asp292Gly,3) Uncertain significance,p.D292G,0.0
Delamanid,fgd1,fgd1_p.His315Tyr,3) Uncertain significance,p.H315Y,
Delamanid,fbiB,fbiB_p.Asp311Ala,3) Uncertain significance,p.D311A,0.0
Delamanid,fbiB,fbiB_p.Leu284Val,3) Uncertain significance,p.L284V,
Delamanid,fgd1,fgd1_p.Ser56Cys,3) Uncertain significance,p.S56C,0.0
Delamanid,fbiA,fbiA_p.Val265Met,3) Uncertain significance,p.V265M,
Delamanid,fbiB,fbiB_p.Glu65Lys,3) Uncertain significance,p.E65K,
Delamanid,fbiC,fbiC_p.Val745Met,3) Uncertain significance,p.V745M,
Delamanid,ddn,ddn_p.Glu105Lys,3) Uncertain significance,p.E105K,0.0
Delamanid,fbiC,fbiC_p.Glu738Gly,3) Uncertain significance,p.E738G,0.0
Delamanid,fbiC,fbiC_p.Thr663Asn,3) Uncertain significance,p.T663N,
Delamanid,fbiA,fbiA_p.Trp101Cys,3) Uncertain significance,p.W101C,
Delamanid,fgd1,fgd1_p.Ala216Gly,3) Uncertain significance,p.A216G,
Delamanid,fbiC,fbiC_p.Ala574Val,3) Uncertain significance,p.A574V,
Delamanid,fbiC,fbiC_p.Gln117Pro,3) Uncertain significance,p.Q117P,
Delamanid,ddn,ddn_p.Ile144Thr,3) Uncertain significance,p.I144T,
Delamanid,ddn,ddn_p.Val98Ala,3) Uncertain significance,p.V98A,
Delamanid,fbiB,fbiB_p.Ile18Thr,3) Uncertain significance,p.I18T,
Delamanid,fgd1,fgd1_p.Tyr163Cys,3) Uncertain significance,p.Y163C,
Delamanid,fbiC,fbiC_p.Pro234Leu,3) Uncertain significance,p.P234L,
Delamanid,fbiB,fbiB_p.Pro361Leu,3) Uncertain significance,p.P361L,
Delamanid,fbiC,fbiC_p.Glu265Asp,3) Uncertain significance,p.E265D,
Delamanid,Rv2983,Rv2983_p.Gln123Arg,3) Uncertain significance,p.Q123R,
Delamanid,fgd1,fgd1_p.Ala10Val,3) Uncertain significance,p.A10V,
Delamanid,fbiB,fbiB_p.Thr268Ala,3) Uncertain significance,p.T268A,
Delamanid,fbiB,fbiB_p.Asp343Ala,3) Uncertain significance,p.D343A,
Delamanid,fbiB,fbiB_p.Pro440Ser,3) Uncertain significance,p.P440S,
Delamanid,ddn,ddn_p.Pro45Leu,3) Uncertain significance,p.P45L,
Delamanid,fbiC,fbiC_p.Pro438Leu,3) Uncertain significance,p.P438L,
Delamanid,fgd1,fgd1_p.Ile86Leu,3) Uncertain significance,p.I86L,
Delamanid,Rv2983,Rv2983_p.Ala50Thr,3) Uncertain significance,p.A50T,
Delamanid,fbiC,fbiC_p.Phe470Leu,3) Uncertain significance,p.F470L,0.0
Delamanid,fbiB,fbiB_p.Trp418Ser,3) Uncertain significance,p.W418S,
Delamanid,fbiB,fbiB_p.Asp90Glu,3) Uncertain significance,p.D90E,0.0
Delamanid,fbiB,fbiB_p.Thr292Ala,3) Uncertain significance,p.T292A,
Delamanid,fbiA,fbiA_p.Val114Leu,3) Uncertain significance,p.V114L,
Delamanid,fbiB,fbiB_p.Pro122Ala,3) Uncertain significance,p.P122A,
Delamanid,ddn,ddn_p.Pro124Ser,3) Uncertain significance,p.P124S,
Delamanid,Rv2983,Rv2983_p.Ile110Val,3) Uncertain significance,p.I110V,
Delamanid,fbiC,fbiC_p.Ala378Glu,3) Uncertain significance,p.A378E,
Delamanid,fbiB,fbiB_p.Asp90Gly,3) Uncertain significance,p.D90G,
Delamanid,Rv2983,Rv2983_p.Thr146Ser,3) Uncertain significance,p.T146S,
Delamanid,fgd1,fgd1_p.Thr255Pro,3) Uncertain significance,p.T255P,
Delamanid,fbiB,fbiB_p.Gln69Arg,3) Uncertain significance,p.Q69R,
Delamanid,fbiC,fbiC_p.Val621Ile,3) Uncertain significance,p.V621I,
Delamanid,Rv2983,Rv2983_p.Thr146Ala,3) Uncertain significance,p.T146A,
Delamanid,fbiC,fbiC_p.Asp235Gly,3) Uncertain significance,p.D235G,
Delamanid,Rv2983,Rv2983_p.Leu144Val,3) Uncertain significance,p.L144V,
Delamanid,fbiC,fbiC_p.Met628Ile,3) Uncertain significance,p.M628I,
Delamanid,fbiC,fbiC_p.Ala404Pro,3) Uncertain significance,p.A404P,
Delamanid,fbiB,fbiB_p.Gln339Arg,3) Uncertain significance,p.Q339R,
Delamanid,fbiB,fbiB_p.Asp437Gly,3) Uncertain significance,p.D437G,
Delamanid,ddn,ddn_p.Gly70Val,3) Uncertain significance,p.G70V,
Delamanid,fgd1,fgd1_p.Gly7Ser,3) Uncertain significance,p.G7S,
Delamanid,Rv2983,Rv2983_p.Gly8Asp,3) Uncertain significance,p.G8D,
Delamanid,Rv2983,Rv2983_p.Leu125Ile,3) Uncertain significance,p.L125I,
Delamanid,fbiA,fbiA_p.Ile229Met,3) Uncertain significance,p.I229M,
Delamanid,fbiA,fbiA_p.Gly189Ser,3) Uncertain significance,p.G189S,
Delamanid,fgd1,fgd1_p.Tyr81His,3) Uncertain significance,p.Y81H,
Delamanid,ddn,ddn_p.Arg7Leu,3) Uncertain significance,p.R7L,
Delamanid,fbiC,fbiC_p.Ala63Thr,3) Uncertain significance,p.A63T,
Delamanid,fbiC,fbiC_p.Glu299Val,3) Uncertain significance,p.E299V,
Delamanid,fbiA,fbiA_p.Ile53Val,3) Uncertain significance,p.I53V,
Delamanid,fbiC,fbiC_p.Lys682Arg,3) Uncertain significance,p.K682R,
Delamanid,ddn,ddn_p.Thr115Ala,3) Uncertain significance,p.T115A,
Delamanid,fbiB,fbiB_p.Ala304Asp,3) Uncertain significance,p.A304D,
Delamanid,fbiB,fbiB_p.Asp417Ala,3) Uncertain significance,p.D417A,
Delamanid,Rv2983,Rv2983_p.Ala68Thr,3) Uncertain significance,p.A68T,
Delamanid,fbiA,fbiA_p.Val160Ile,3) Uncertain significance,p.V160I,
Delamanid,fgd1,fgd1_p.Pro166Leu,3) Uncertain significance,p.P166L,
Delamanid,Rv2983,Rv2983_p.Ala210Ser,3) Uncertain significance,p.A210S,
Delamanid,ddn,ddn_p.Asp113Asn,3) Uncertain significance,p.D113N,
Delamanid,fbiA,fbiA_p.Ala33Asp,3) Uncertain significance,p.A33D,
Delamanid,Rv2983,Rv2983_p.Asp78Asn,3) Uncertain significance,p.D78N,
Delamanid,Rv2983,Rv2983_p.Gly76Ser,3) Uncertain significance,p.G76S,
Delamanid,fbiC,fbiC_p.Ala73Ser,3) Uncertain significance,p.A73S,
Delamanid,ddn,ddn_p.Glu83Ala,3) Uncertain significance,p.E83A,0.0
Delamanid,ddn,ddn_p.Arg72Gly,3) Uncertain significance,p.R72G,
Delamanid,fgd1,fgd1_p.Tyr118Ser,3) Uncertain significance,p.Y118S,
Delamanid,fbiC,fbiC_p.Glu526Lys,3) Uncertain significance,p.E526K,
Delamanid,fgd1,fgd1_p.Ile229Thr,3) Uncertain significance,p.I229T,
Delamanid,fbiC,fbiC_p.Phe306Leu,3) Uncertain significance,p.F306L,
Delamanid,ddn,ddn_p.Phe16Cys,3) Uncertain significance,p.F16C,0.0
Delamanid,Rv2983,Rv2983_p.Val61Ile,3) Uncertain significance,p.V61I,
Delamanid,fbiB,fbiB_p.Lys206Asn,3) Uncertain significance,p.K206N,
Delamanid,fbiA,fbiA_p.Gly78Ser,3) Uncertain significance,p.G78S,
Delamanid,fbiB,fbiB_p.Val416Ile,3) Uncertain significance,p.V416I,
Delamanid,fbiA,fbiA_p.Gly26Ser,3) Uncertain significance,p.G26S,
Delamanid,fbiB,fbiB_p.Ala32Val,3) Uncertain significance,p.A32V,
Delamanid,fbiC,fbiC_p.Ala45Thr,3) Uncertain significance,p.A45T,
Delamanid,fbiC,fbiC_p.Gly711Ala,3) Uncertain significance,p.G711A,
Delamanid,fbiB,fbiB_p.Ala286Gly,3) Uncertain significance,p.A286G,
Delamanid,fbiC,fbiC_p.Arg727Cys,3) Uncertain significance,p.R727C,
Delamanid,fbiC,fbiC_p.Ala143Val,3) Uncertain significance,p.A143V,
Delamanid,fbiB,fbiB_p.Val214Leu,3) Uncertain significance,p.V214L,
Delamanid,fbiB,fbiB_p.Pro303Thr,3) Uncertain significance,p.P303T,
Delamanid,fbiA,fbiA_p.Arg175His,3) Uncertain significance,p.R175H,
Delamanid,ddn,ddn_p.Phe17Ser,3) Uncertain significance,p.F17S,
Delamanid,fbiA,fbiA_p.Ala206Thr,3) Uncertain significance,p.A206T,
Delamanid,fbiC,fbiC_p.Thr687Met,3) Uncertain significance,p.T687M,
Delamanid,fbiA,fbiA_p.Ser42Cys,3) Uncertain significance,p.S42C,
Delamanid,fbiC,fbiC_p.Met196Val,3) Uncertain significance,p.M196V,0.0
Delamanid,fbiC,fbiC_p.Gly285Glu,3) Uncertain significance,p.G285E,
Delamanid,fbiB,fbiB_p.Glu191Gln,3) Uncertain significance,p.E191Q,
Delamanid,fbiA,fbiA_p.Pro227Thr,3) Uncertain significance,p.P227T,
Delamanid,fbiA,fbiA_p.Asp100Asn,3) Uncertain significance,p.D100N,
Delamanid,fbiB,fbiB_p.Ala82Thr,3) Uncertain significance,p.A82T,
Delamanid,fbiC,fbiC_p.His300Tyr,3) Uncertain significance,p.H300Y,
Delamanid,fbiB,fbiB_p.Ile18Asn,3) Uncertain significance,p.I18N,
Delamanid,fbiC,fbiC_p.Gly385Cys,3) Uncertain significance,p.G385C,
Delamanid,ddn,ddn_p.Gly53Asp,3) Uncertain significance,p.G53D,
Delamanid,fbiC,fbiC_p.Phe470Val,3) Uncertain significance,p.F470V,
Delamanid,fbiC,fbiC_p.Pro359Ser,3) Uncertain significance,p.P359S,
Delamanid,fbiC,fbiC_p.Ala418Glu,3) Uncertain significance,p.A418E,
Delamanid,fbiC,fbiC_p.Gly385Asp,3) Uncertain significance,p.G385D,
Delamanid,fbiB,fbiB_p.Val17Ile,3) Uncertain significance,p.V17I,
Delamanid,fbiB,fbiB_p.Asp430His,3) Uncertain significance,p.D430H,
Delamanid,fbiA,fbiA_p.Gln21Leu,3) Uncertain significance,p.Q21L,
Delamanid,ddn,ddn_p.Pro6Thr,3) Uncertain significance,p.P6T,
Delamanid,fbiA,fbiA_p.Ser32Phe,3) Uncertain significance,p.S32F,
Delamanid,fgd1,fgd1_p.Arg18Cys,3) Uncertain significance,p.R18C,
Delamanid,fbiA,fbiA_p.Val180Met,3) Uncertain significance,p.V180M,
Delamanid,fgd1,fgd1_p.Gly224Asp,3) Uncertain significance,p.G224D,0.0
Delamanid,fbiC,fbiC_p.Ile816Met,3) Uncertain significance,p.I816M,
Delamanid,fbiA,fbiA_p.Lys192Glu,3) Uncertain significance,p.K192E,
Delamanid,fbiA,fbiA_p.Asp299Ala,3) Uncertain significance,p.D299A,
Delamanid,Rv2983,Rv2983_p.Arg101Leu,3) Uncertain significance,p.R101L,
Delamanid,fbiB,fbiB_p.Tyr183Cys,3) Uncertain significance,p.Y183C,
Delamanid,fbiA,fbiA_p.Cys287Tyr,3) Uncertain significance,p.C287Y,
Delamanid,fbiB,fbiB_p.Phe403Leu,3) Uncertain significance,p.F403L,
Delamanid,fgd1,fgd1_p.Arg212Leu,3) Uncertain significance,p.R212L,
Delamanid,fgd1,fgd1_p.Asn66Ser,3) Uncertain significance,p.N66S,
Delamanid,fbiC,fbiC_p.Pro18Leu,3) Uncertain significance,p.P18L,
Delamanid,fbiC,fbiC_p.Ser172Cys,3) Uncertain significance,p.S172C,
Delamanid,fgd1,fgd1_p.Arg45Cys,3) Uncertain significance,p.R45C,
Delamanid,fbiB,fbiB_p.Ala127Thr,3) Uncertain significance,p.A127T,
Delamanid,fbiC,fbiC_p.His103Arg,3) Uncertain significance,p.H103R,
Delamanid,fbiA,fbiA_p.Glu130Asp,3) Uncertain significance,p.E130D,
Delamanid,fbiC,fbiC_p.Lys622Arg,3) Uncertain significance,p.K622R,
Delamanid,fbiC,fbiC_p.Pro125His,3) Uncertain significance,p.P125H,
Delamanid,fbiC,fbiC_p.Ile453Val,3) Uncertain significance,p.I453V,
Delamanid,fbiC,fbiC_p.Asp168Glu,3) Uncertain significance,p.D168E,
Delamanid,ddn,ddn_p.Pro59Gln,3) Uncertain significance,p.P59Q,0.0
Delamanid,fbiC,fbiC_p.Thr707Met,3) Uncertain significance,p.T707M,
Delamanid,fbiA,fbiA_p.Phe102Leu,3) Uncertain significance,p.F102L,
Delamanid,fbiC,fbiC_p.Gly340Asp,3) Uncertain significance,p.G340D,
Delamanid,Rv2983,Rv2983_p.Ala210Val,3) Uncertain significance,p.A210V,
Delamanid,fbiB,fbiB_p.Leu444Phe,3) Uncertain significance,p.L444F,
Delamanid,fgd1,fgd1_p.Met139Ile,3) Uncertain significance,p.M139I,
Delamanid,fbiC,fbiC_p.Glu54Gly,3) Uncertain significance,p.E54G,
Delamanid,fbiC,fbiC_p.Ser219Ala,3) Uncertain significance,p.S219A,
Delamanid,fbiB,fbiB_p.Glu191Asp,3) Uncertain significance,p.E191D,
Delamanid,fbiB,fbiB_p.Asp315His,3) Uncertain significance,p.D315H,
Delamanid,fbiC,fbiC_p.Val725Ala,3) Uncertain significance,p.V725A,
Delamanid,fgd1,fgd1_p.Val136Met,3) Uncertain significance,p.V136M,
Delamanid,fbiA,fbiA_p.Val188Phe,3) Uncertain significance,p.V188F,
Delamanid,fbiB,fbiB_p.Arg174His,3) Uncertain significance,p.R174H,
Delamanid,Rv2983,Rv2983_p.Gly145Arg,3) Uncertain significance,p.G145R,
Delamanid,fbiC,fbiC_p.Arg536Leu,3) Uncertain significance,p.R536L,0.0
Delamanid,fgd1,fgd1_p.Asp273Gly,3) Uncertain significance,p.D273G,
Delamanid,fgd1,fgd1_p.Asp33Gly,3) Uncertain significance,p.D33G,
Delamanid,fbiC,fbiC_p.Arg64Gln,3) Uncertain significance,p.R64Q,
Delamanid,fbiA,fbiA_p.Gly277Ser,3) Uncertain significance,p.G277S,
Delamanid,fbiC,fbiC_p.Ala659Val,3) Uncertain significance,p.A659V,
Delamanid,Rv2983,Rv2983_p.Asn37Asp,3) Uncertain significance,p.N37D,
Delamanid,ddn,ddn_p.Arg23Trp,3) Uncertain significance,p.R23W,
Delamanid,fbiC,fbiC_p.Pro420Ser,3) Uncertain significance,p.P420S,
Delamanid,fbiA,fbiA_p.Ala43Thr,3) Uncertain significance,p.A43T,
Delamanid,fbiC,fbiC_p.Ile781Val,3) Uncertain significance,p.I781V,
Delamanid,fbiA,fbiA_p.Ser42Gly,3) Uncertain significance,p.S42G,
Delamanid,fbiC,fbiC_p.Asp375Asn,3) Uncertain significance,p.D375N,
Delamanid,fbiB,fbiB_p.Asp224Asn,3) Uncertain significance,p.D224N,
Delamanid,fbiC,fbiC_p.Asp272Gly,3) Uncertain significance,p.D272G,
Delamanid,ddn,ddn_p.Val106Met,3) Uncertain significance,p.V106M,
Delamanid,Rv2983,Rv2983_p.Ala21Thr,3) Uncertain significance,p.A21T,
Delamanid,fbiC,fbiC_p.Gly839Asp,3) Uncertain significance,p.G839D,
Delamanid,Rv2983,Rv2983_p.Arg172Ser,3) Uncertain significance,p.R172S,0.0
Delamanid,fbiB,fbiB_p.Arg409Ser,3) Uncertain significance,p.R409S,0.0
Delamanid,fbiC,fbiC_p.Glu801Gly,3) Uncertain significance,p.E801G,
Delamanid,fbiB,fbiB_p.Ile446Thr,3) Uncertain significance,p.I446T,
Delamanid,ddn,ddn_p.Glu150Asp,3) Uncertain significance,p.E150D,0.0
Delamanid,fbiC,fbiC_p.Met709Ile,3) Uncertain significance,p.M709I,
Delamanid,fbiC,fbiC_p.Asp542Glu,3) Uncertain significance,p.D542E,
Delamanid,fgd1,fgd1_p.Ala35Val,3) Uncertain significance,p.A35V,
Delamanid,fgd1,fgd1_p.Arg187His,3) Uncertain significance,p.R187H,0.0
Delamanid,fgd1,fgd1_p.Gly168Arg,3) Uncertain significance,p.G168R,
Delamanid,fbiC,fbiC_p.Lys113Thr,3) Uncertain significance,p.K113T,
Delamanid,fbiC,fbiC_p.Gly135Ser,3) Uncertain significance,p.G135S,
Delamanid,fbiB,fbiB_p.Glu138Lys,3) Uncertain significance,p.E138K,0.0
Delamanid,fgd1,fgd1_p.Ala2Val,3) Uncertain significance,p.A2V,0.0
Delamanid,fbiA,fbiA_p.Ala30Val,3) Uncertain significance,p.A30V,
Delamanid,fbiB,fbiB_p.His370Arg,3) Uncertain significance,p.H370R,
Delamanid,fbiC,fbiC_p.Ile406Phe,3) Uncertain significance,p.I406F,
Delamanid,fbiC,fbiC_p.Arg134Leu,3) Uncertain significance,p.R134L,
Delamanid,fgd1,fgd1_p.Glu119Asp,3) Uncertain significance,p.E119D,
Delamanid,fbiC,fbiC_p.Asp427His,3) Uncertain significance,p.D427H,
Delamanid,fbiA,fbiA_p.Arg177His,3) Uncertain significance,p.R177H,
Delamanid,fbiB,fbiB_p.Lys448Arg,5) Not assoc w R,p.K448R,0.23809523809523808
Delamanid,fbiB,fbiB_p.Arg265Gln,3) Uncertain significance,p.R265Q,
Delamanid,fbiC,fbiC_p.Pro761Leu,3) Uncertain significance,p.P761L,
Delamanid,fgd1,fgd1_p.Lys296Glu,3) Uncertain significance,p.K296E,
Delamanid,Rv2983,Rv2983_p.Arg169Gln,3) Uncertain significance,p.R169Q,
Delamanid,Rv2983,Rv2983_p.Ala32Thr,3) Uncertain significance,p.A32T,
Delamanid,fgd1,fgd1_p.Thr255Ala,3) Uncertain significance,p.T255A,
Delamanid,fbiB,fbiB_p.Arg253His,3) Uncertain significance,p.R253H,
Delamanid,fbiA,fbiA_p.His295Arg,3) Uncertain significance,p.H295R,
Delamanid,Rv2983,Rv2983_p.Ala20Val,3) Uncertain significance,p.A20V,
Delamanid,fbiC,fbiC_p.Ser762Asn,3) Uncertain significance,p.S762N,
Delamanid,Rv2983,Rv2983_p.Gly155Ser,3) Uncertain significance,p.G155S,
Delamanid,fbiC,fbiC_p.Leu114Arg,3) Uncertain significance,p.L114R,
Delamanid,fgd1,fgd1_p.Lys296Arg,3) Uncertain significance,p.K296R,
Delamanid,fbiB,fbiB_p.Arg365Gly,3) Uncertain significance,p.R365G,
Delamanid,fbiC,fbiC_p.Gly522Arg,3) Uncertain significance,p.G522R,
Delamanid,fbiB,fbiB_p.Thr374Lys,3) Uncertain significance,p.T374K,
Delamanid,ddn,ddn_p.Gly34Glu,3) Uncertain significance,p.G34E,
Delamanid,fbiA,fbiA_p.Gln27Pro,3) Uncertain significance,p.Q27P,
Delamanid,Rv2983,Rv2983_p.Arg57Leu,3) Uncertain significance,p.R57L,
Delamanid,fbiA,fbiA_p.Ala199Thr,3) Uncertain significance,p.A199T,
Delamanid,fbiC,fbiC_p.Gly508Ser,3) Uncertain significance,p.G508S,
Delamanid,fbiB,fbiB_p.Gly325Ser,3) Uncertain significance,p.G325S,
Delamanid,fbiC,fbiC_p.Ala754Val,3) Uncertain significance,p.A754V,
Delamanid,fbiC,fbiC_p.Asp616Gly,3) Uncertain significance,p.D616G,0.0
Delamanid,fbiC,fbiC_p.Ala620Thr,3) Uncertain significance,p.A620T,
Delamanid,fbiB,fbiB_p.Val348Ile,3) Uncertain significance,p.V348I,
Delamanid,fbiA,fbiA_p.Gln120Arg,3) Uncertain significance,p.Q120R,
Delamanid,fbiC,fbiC_p.Ala11Val,3) Uncertain significance,p.A11V,
Delamanid,fgd1,fgd1_p.Arg64Ser,3) Uncertain significance,p.R64S,0.0
Delamanid,fbiA,fbiA_p.Val306Met,3) Uncertain significance,p.V306M,
Delamanid,Rv2983,Rv2983_p.Pro91Ser,3) Uncertain significance,p.P91S,
Delamanid,fbiA,fbiA_p.Leu22Val,3) Uncertain significance,p.L22V,
Delamanid,fbiB,fbiB_p.Asp90Asn,3) Uncertain significance,p.D90N,
Delamanid,fbiC,fbiC_p.Ala333Val,3) Uncertain significance,p.A333V,
Delamanid,fbiB,fbiB_p.Asp66Glu,3) Uncertain significance,p.D66E,
Delamanid,ddn,ddn_p.Arg30Ser,3) Uncertain significance,p.R30S,
Delamanid,fbiC,fbiC_p.Gly839Ala,3) Uncertain significance,p.G839A,
Delamanid,fbiC,fbiC_p.Ile693Val,3) Uncertain significance,p.I693V,
Delamanid,fbiC,fbiC_p.Val41Met,3) Uncertain significance,p.V41M,0.0
Delamanid,ddn,ddn_p.Glu83Asp,3) Uncertain significance,p.E83D,0.0
Delamanid,Rv2983,Rv2983_p.Asp90Asn,3) Uncertain significance,p.D90N,0.0
Delamanid,Rv2983,Rv2983_p.Ile59Leu,3) Uncertain significance,p.I59L,
Delamanid,fbiA,fbiA_p.Val188Ile,3) Uncertain significance,p.V188I,
Delamanid,Rv2983,Rv2983_p.Gln121His,3) Uncertain significance,p.Q121H,
Delamanid,fgd1,fgd1_p.Met93Thr,3) Uncertain significance,p.M93T,
Delamanid,fbiC,fbiC_p.Thr273Ala,3) Uncertain significance,p.T273A,0.0
Delamanid,fbiC,fbiC_p.Trp678Gly,3) Uncertain significance,p.W678G,0.0
Delamanid,fgd1,fgd1_p.Lys270Met,3) Uncertain significance,p.K270M,0.18181818181818182
Delamanid,fbiA,fbiA_p.Ala222Thr,3) Uncertain significance,p.A222T,
Delamanid,ddn,ddn_p.Arg72Trp,3) Uncertain significance,p.R72W,0.0
Delamanid,fbiC,fbiC_p.Asp100Glu,3) Uncertain significance,p.D100E,
Delamanid,fbiA,fbiA_p.Gly264Arg,3) Uncertain significance,p.G264R,
Delamanid,fbiA,fbiA_p.Ile208Val,3) Uncertain significance,p.I208V,0.0
Delamanid,fbiB,fbiB_p.Leu447Arg,3) Uncertain significance,p.L447R,
Delamanid,fbiC,fbiC_p.Ala505Thr,3) Uncertain significance,p.A505T,
Delamanid,fbiA,fbiA_p.Ala178Thr,3) Uncertain significance,p.A178T,
Delamanid,fbiC,fbiC_p.Pro334Ala,3) Uncertain significance,p.P334A,
Ethambutol,embB,embB_p.Met306Val,1) Assoc w R,p.M306V,0.8474062854979174
Ethambutol,embB,embB_p.Met306Ile,1) Assoc w R,p.M306I,0.6842650103519669
Ethambutol,embB,embB_p.Gln497Arg,1) Assoc w R,p.Q497R,0.836231884057971
Ethambutol,embB,embB_p.Gly406Ala,1) Assoc w R,p.G406A,0.696319018404908
Ethambutol,embB,embB_p.Asp354Ala,1) Assoc w R,p.D354A,0.7478005865102639
Ethambutol,embB,embB_p.Tyr319Ser,1) Assoc w R,p.Y319S,0.74
Ethambutol,embB,embB_p.Gly406Asp,1) Assoc w R,p.G406D,0.5741758241758241
Ethambutol,embB,embB_p.Met306Leu,1) Assoc w R,p.M306L,0.7238805970149254
Ethambutol,embB,embB_p.Gly406Ser,1) Assoc w R,p.G406S,0.7293233082706767
Ethambutol,embB,embB_p.Gln497Lys,1) Assoc w R,p.Q497K,0.7265625
Ethambutol,embB,embB_p.Ser297Ala,1) Assoc w R,p.S297A,0.4882154882154882
Ethambutol,embB,embB_p.Tyr334His,1) Assoc w R,p.Y334H,0.8469945355191257
Ethambutol,embB,embB_p.Asp1024Asn,1) Assoc w R,p.D1024N,0.639344262295082
Ethambutol,embB,embB_p.Asp328Tyr,1) Assoc w R,p.D328Y,0.9354838709677419
Ethambutol,embB,embB_p.Gln445Arg,1) Assoc w R,p.Q445R,0.9666666666666667
Ethambutol,embB,embB_p.Gly406Cys,1) Assoc w R,p.G406C,0.6122448979591837
Ethambutol,ubiA,ubiA_p.Met180Val,1) Assoc w R,p.M180V,0.8793103448275862
Ethambutol,embC,embC_p.Ala387Val,3) Uncertain significance,p.A387V,0.875
Ethambutol,embB,embB_p.Glu405Asp,1) Assoc w R,p.E405D,0.8780487804878049
Ethambutol,embB,embB_p.His1002Arg,1) Assoc w R,p.H1002R,0.5
Ethambutol,embA,embA_p.Thr608Asn,1) Assoc w R,p.T608N,0.6105263157894737
Ethambutol,embB,embB_p.Gln497Pro,1) Assoc w R,p.Q497P,0.6
Ethambutol,embB,embB_p.Tyr319Cys,1) Assoc w R,p.Y319C,0.6486486486486487
Ethambutol,embC,embC_p.Ala774Ser,3) Uncertain significance,p.A774S,0.3088235294117647
Ethambutol,embB,embB_p.Val456Ala,1) Assoc w R,p.V456A,0.9047619047619048
Ethambutol,embB,embB_p.Leu402Val,1) Assoc w R,p.L402V,0.5454545454545454
Ethambutol,embB,embB_p.Glu504Asp,1) Assoc w R,p.E504D,0.6206896551724138
Ethambutol,ubiA,ubiA_p.Leu178Val,2) Assoc w R - Interim,p.L178V,0.5
Ethambutol,ubiA,ubiA_p.Ala35Ser,1) Assoc w R,p.A35S,0.9523809523809523
Ethambutol,ubiA,ubiA_p.Gly234Val,1) Assoc w R,p.G234V,1.0
Ethambutol,embB,embB_p.Tyr319Asp,1) Assoc w R,p.Y319D,0.7
Ethambutol,embB,embB_p.Ser347Ile,1) Assoc w R,p.S347I,0.6842105263157895
Ethambutol,ubiA,ubiA_p.Phe176Leu,1) Assoc w R,p.F176L,0.7272727272727273
Ethambutol,ubiA,ubiA_p.Ser173Ala,1) Assoc w R,p.S173A,0.8
Ethambutol,embB,embB_p.Asp328Gly,2) Assoc w R - Interim,p.D328G,0.6956521739130435
Ethambutol,embB,embB_p.Ser347Thr,1) Assoc w R,p.S347T,0.8333333333333334
Ethambutol,ubiA,ubiA_p.Val55Leu,1) Assoc w R,p.V55L,1.0
Ethambutol,embB,embB_p.Asn296His,1) Assoc w R,p.N296H,0.5555555555555556
Ethambutol,embB,embB_p.Thr1082Ala,3) Uncertain significance,p.T1082A,0.445
Ethambutol,ubiA,ubiA_p.Ala181Val,2) Assoc w R - Interim,p.A181V,0.25
Ethambutol,ubiA,ubiA_p.Ile179Thr,1) Assoc w R,p.I179T,1.0
Ethambutol,ubiA,ubiA_p.Ala38Val,2) Assoc w R - Interim,p.A38V,0.5882352941176471
Ethambutol,embB,embB_p.Pro404Ser,2) Assoc w R - Interim,p.P404S,0.5454545454545454
Ethambutol,ubiA,ubiA_p.Ala237Val,2) Assoc w R - Interim,p.A237V,0.8285714285714286
Ethambutol,embB,embB_p.Met1000Arg,1) Assoc w R,p.M1000R,0.8571428571428571
Ethambutol,ubiA,ubiA_p.Leu31Pro,1) Assoc w R,p.L31P,0.75
Ethambutol,embB,embB_p.Leu74Arg,2) Assoc w R - Interim,p.L74R,0.76
Ethambutol,embB,embB_p.Ala409Pro,3) Uncertain significance,p.A409P,0.967741935483871
Ethambutol,embB,embB_p.Gln497His,2) Assoc w R - Interim,p.Q497H,0.84
Ethambutol,embB,embB_p.Phe330Ser,2) Assoc w R - Interim,p.F330S,1.0
Ethambutol,ubiA,ubiA_p.Val229Ala,3) Uncertain significance,p.V229A,0.625
Ethambutol,ubiA,ubiA_p.Lys174Thr,3) Uncertain significance,p.K174T,0.8260869565217391
Ethambutol,embA,embA_p.Trp306Arg,3) Uncertain significance,p.W306R,0.375
Ethambutol,embB,embB_p.Leu74Pro,3) Uncertain significance,p.L74P,
Ethambutol,embB,embB_p.Asn399Thr,1) Assoc w R,p.N399T,0.8
Ethambutol,ubiA,ubiA_p.Ala39Ser,3) Uncertain significance,p.A39S,0.9166666666666666
Ethambutol,embA,embA_p.Thr652Lys,3) Uncertain significance,p.T652K,0.8
Ethambutol,ubiA,ubiA_p.Val148Ala,2) Assoc w R - Interim,p.V148A,0.7714285714285715
Ethambutol,embB,embB_p.Arg351Cys,3) Uncertain significance,p.R351C,1.0
Ethambutol,ubiA,ubiA_p.Val55Gly,1) Assoc w R,p.V55G,1.0
Ethambutol,ubiA,ubiA_p.Gly234Ala,3) Uncertain significance,p.G234A,0.9230769230769231
Ethambutol,ubiA,ubiA_p.Phe238Cys,3) Uncertain significance,p.F238C,1.0
Ethambutol,embB,embB_p.Asp328Phe,3) Uncertain significance,p.D328F,1.0
Ethambutol,ubiA,ubiA_p.Ile179Ser,3) Uncertain significance,p.I179S,0.8
Ethambutol,embA,embA_p.Asp808Ala,3) Uncertain significance,p.D808A,
Ethambutol,embA,embA_p.Ile905Val,3) Uncertain significance,p.I905V,0.8
Ethambutol,embB,embB_p.Phe330Val,3) Uncertain significance,p.F330V,1.0
Ethambutol,embB,embB_p.Asp1056Ala,3) Uncertain significance,p.D1056A,
Ethambutol,embA,embA_p.Asp112Gly,3) Uncertain significance,p.D112G,0.0
Ethambutol,ubiA,ubiA_p.Val188Ala,3) Uncertain significance,p.V188A,0.9
Ethambutol,ubiA,ubiA_p.Ala38Thr,3) Uncertain significance,p.A38T,0.8461538461538461
Ethambutol,embB,embB_p.Trp332Arg,3) Uncertain significance,p.W332R,0.45
Ethambutol,embB,embB_p.Arg524His,3) Uncertain significance,p.R524H,0.6
Ethambutol,embA,embA_p.Thr652Arg,3) Uncertain significance,p.T652R,0.5
Ethambutol,embB,embB_p.Thr642Ala,2) Assoc w R - Interim,p.T642A,0.8333333333333334
Ethambutol,embB,embB_p.Ala505Val,3) Uncertain significance,p.A505V,0.8
Ethambutol,embB,embB_p.Cys361Tyr,3) Uncertain significance,p.C361Y,1.0
Ethambutol,ubiA,ubiA_p.Gly165Val,3) Uncertain significance,p.G165V,0.0
Ethambutol,ubiA,ubiA_p.Phe238Ser,3) Uncertain significance,p.F238S,1.0
Ethambutol,embB,embB_p.Ile450Leu,3) Uncertain significance,p.I450L,1.0
Ethambutol,embB,embB_p.Glu504Ala,3) Uncertain significance,p.E504A,1.0
Ethambutol,ubiA,ubiA_p.Trp175Gly,3) Uncertain significance,p.W175G,0.7142857142857143
Ethambutol,embB,embB_p.Cys361Ser,3) Uncertain significance,p.C361S,0.14285714285714285
Ethambutol,embA,embA_p.Thr478Met,3) Uncertain significance,p.T478M,1.0
Ethambutol,embC,embC_p.Ala505Thr,3) Uncertain significance,p.A505T,1.0
Ethambutol,ubiA,ubiA_p.Ala228Ser,3) Uncertain significance,p.A228S,0.05555555555555555
Ethambutol,embB,embB_p.Leu629Pro,3) Uncertain significance,p.L629P,
Ethambutol,embA,embA_p.Ala576Thr,3) Uncertain significance,p.A576T,0.8604651162790697
Ethambutol,embC,embC_p.Met613Val,3) Uncertain significance,p.M613V,0.6578947368421053
Ethambutol,embB,embB_p.Arg14Gln,3) Uncertain significance,p.R14Q,0.5
Ethambutol,embB,embB_p.Asn644Ile,3) Uncertain significance,p.N644I,1.0
Ethambutol,embB,embB_p.Val77Ile,3) Uncertain significance,p.V77I,0.5714285714285714
Ethambutol,embB,embB_p.Glu504Gly,3) Uncertain significance,p.E504G,1.0
Ethambutol,embB,embB_p.Thr546Ile,3) Uncertain significance,p.T546I,1.0
Ethambutol,embA,embA_p.Pro714Ser,3) Uncertain significance,p.P714S,
Ethambutol,ubiA,ubiA_p.Phe238Leu,3) Uncertain significance,p.F238L,0.8333333333333334
Ethambutol,embA,embA_p.Ala813Gly,3) Uncertain significance,p.A813G,0.48314606741573035
Ethambutol,embB,embB_p.Gly156Cys,3) Uncertain significance,p.G156C,0.48314606741573035
Ethambutol,embB,embB_p.Ser651Asn,3) Uncertain significance,p.S651N,1.0
Ethambutol,embB,embB_p.Thr532Ile,3) Uncertain significance,p.T532I,1.0
Ethambutol,embB,embB_p.Asp328His,3) Uncertain significance,p.D328H,0.5
Ethambutol,embC,embC_p.Ile1011Val,3) Uncertain significance,p.I1011V,
Ethambutol,embB,embB_p.Ile303Leu,3) Uncertain significance,p.I303L,1.0
Ethambutol,embC,embC_p.Ala774Asp,3) Uncertain significance,p.A774D,1.0
Ethambutol,embB,embB_p.Ala601Gly,3) Uncertain significance,p.A601G,1.0
Ethambutol,embB,embB_p.Val488Ala,3) Uncertain significance,p.V488A,1.0
Ethambutol,embB,embB_p.Met423Thr,3) Uncertain significance,p.M423T,0.9375
Ethambutol,ubiA,ubiA_p.Arg240Cys,3) Uncertain significance,p.R240C,0.7692307692307693
Ethambutol,embB,embB_p.Leu410Pro,3) Uncertain significance,p.L410P,1.0
Ethambutol,embB,embB_p.Pro167Arg,3) Uncertain significance,p.P167R,0.7058823529411765
Ethambutol,embC,embC_p.Ala68Thr,3) Uncertain significance,p.A68T,
Ethambutol,embB,embB_p.Ile450Met,3) Uncertain significance,p.I450M,1.0
Ethambutol,ubiA,ubiA_p.Gly268Asp,3) Uncertain significance,p.G268D,0.09554140127388536
Ethambutol,ubiA,ubiA_p.Glu273Asp,3) Uncertain significance,p.E273D,1.0
Ethambutol,embC,embC_p.Thr827Pro,3) Uncertain significance,p.T827P,
Ethambutol,embA,embA_p.Arg239Gln,3) Uncertain significance,p.R239Q,0.5
Ethambutol,embB,embB_p.Val292Ile,3) Uncertain significance,p.V292I,0.5
Ethambutol,embC,embC_p.Pro110Ser,3) Uncertain significance,p.P110S,1.0
Ethambutol,ubiA,ubiA_p.Tyr243Cys,3) Uncertain significance,p.Y243C,
Ethambutol,embA,embA_p.Gln497His,3) Uncertain significance,p.Q497H,1.0
Ethambutol,embB,embB_p.Arg351His,3) Uncertain significance,p.R351H,
Ethambutol,embA,embA_p.Gly135Asp,3) Uncertain significance,p.G135D,0.5
Ethambutol,embB,embB_p.Ile563Leu,3) Uncertain significance,p.I563L,0.5
Ethambutol,embB,embB_p.Phe398Cys,3) Uncertain significance,p.F398C,1.0
Ethambutol,ubiA,ubiA_p.Met180Ile,3) Uncertain significance,p.M180I,0.7
Ethambutol,embA,embA_p.Ser654Leu,3) Uncertain significance,p.S654L,
Ethambutol,embA,embA_p.Ile655Thr,3) Uncertain significance,p.I655T,0.5
Ethambutol,ubiA,ubiA_p.Phe176Ser,3) Uncertain significance,p.F176S,0.6666666666666666
Ethambutol,embB,embB_p.Ile1009Leu,3) Uncertain significance,p.I1009L,
Ethambutol,ubiA,ubiA_p.Val188Leu,3) Uncertain significance,p.V188L,1.0
Ethambutol,ubiA,ubiA_p.Pro171Ser,3) Uncertain significance,p.P171S,1.0
Ethambutol,embA,embA_p.Leu369Met,3) Uncertain significance,p.L369M,0.3333333333333333
Ethambutol,ubiA,ubiA_p.Arg240Leu,3) Uncertain significance,p.R240L,0.5
Ethambutol,embB,embB_p.Phe579Ser,3) Uncertain significance,p.F579S,1.0
Ethambutol,embB,embB_p.Asn400Tyr,3) Uncertain significance,p.N400Y,1.0
Ethambutol,ubiA,ubiA_p.Tyr48Phe,3) Uncertain significance,p.Y48F,1.0
Ethambutol,embC,embC_p.Asn176His,3) Uncertain significance,p.N176H,0.3333333333333333
Ethambutol,embC,embC_p.Arg894His,3) Uncertain significance,p.R894H,1.0
Ethambutol,embB,embB_p.Met396Ile,3) Uncertain significance,p.M396I,0.4
Ethambutol,ubiA,ubiA_p.Ala35Thr,3) Uncertain significance,p.A35T,1.0
Ethambutol,embA,embA_p.Val531Leu,3) Uncertain significance,p.V531L,0.4444444444444444
Ethambutol,ubiA,ubiA_p.Leu158Val,3) Uncertain significance,p.L158V,1.0
Ethambutol,ubiA,ubiA_p.Gly41Arg,3) Uncertain significance,p.G41R,1.0
Ethambutol,embB,embB_p.Phe323Leu,3) Uncertain significance,p.F323L,0.3333333333333333
Ethambutol,ubiA,ubiA_p.Ile179Met,3) Uncertain significance,p.I179M,1.0
Ethambutol,embB,embB_p.Phe320Cys,3) Uncertain significance,p.F320C,1.0
Ethambutol,embB,embB_p.Val593Met,3) Uncertain significance,p.V593M,0.5
Ethambutol,embA,embA_p.Leu373Pro,3) Uncertain significance,p.L373P,0.09375
Ethambutol,embB,embB_p.Ile489Thr,3) Uncertain significance,p.I489T,0.16666666666666666
Ethambutol,embB,embB_p.Asp354Gly,3) Uncertain significance,p.D354G,
Ethambutol,ubiA,ubiA_p.Cys232Gly,3) Uncertain significance,p.C232G,1.0
Ethambutol,embC,embC_p.Leu251Arg,3) Uncertain significance,p.L251R,0.2
Ethambutol,ubiA,ubiA_p.Ala38Ser,3) Uncertain significance,p.A38S,1.0
Ethambutol,embB,embB_p.Pro214Ala,3) Uncertain significance,p.P214A,0.5
Ethambutol,embB,embB_p.Gln853His,3) Uncertain significance,p.Q853H,1.0
Ethambutol,ubiA,ubiA_p.Gly165Ser,3) Uncertain significance,p.G165S,0.75
Ethambutol,embB,embB_p.Asp328Val,3) Uncertain significance,p.D328V,1.0
Ethambutol,embB,embB_p.Ser856Arg,3) Uncertain significance,p.S856R,0.25
Ethambutol,embB,embB_p.Met306Thr,3) Uncertain significance,p.M306T,1.0
Ethambutol,ubiA,ubiA_p.Phe238Val,3) Uncertain significance,p.F238V,
Ethambutol,embC,embC_p.Ile10Thr,3) Uncertain significance,p.I10T,0.0
Ethambutol,embB,embB_p.Pro92Ser,3) Uncertain significance,p.P92S,0.5
Ethambutol,ubiA,ubiA_p.Ala249Thr,3) Uncertain significance,p.A249T,0.72
Ethambutol,ubiA,ubiA_p.Leu224Phe,3) Uncertain significance,p.L224F,1.0
Ethambutol,embA,embA_p.Val391Leu,3) Uncertain significance,p.V391L,0.0
Ethambutol,ubiA,ubiA_p.Leu33Val,3) Uncertain significance,p.L33V,1.0
Ethambutol,embC,embC_p.Val608Leu,3) Uncertain significance,p.V608L,0.2
Ethambutol,embA,embA_p.Gly134Arg,3) Uncertain significance,p.G134R,0.5
Ethambutol,embC,embC_p.Ala1059Val,3) Uncertain significance,p.A1059V,1.0
Ethambutol,embB,embB_p.Gln63Lys,3) Uncertain significance,p.Q63K,1.0
Ethambutol,ubiA,ubiA_p.Val49Ile,3) Uncertain significance,p.V49I,0.05263157894736842
Ethambutol,ubiA,ubiA_p.Cys232Ser,3) Uncertain significance,p.C232S,1.0
Ethambutol,ubiA,ubiA_p.Ile162Leu,3) Uncertain significance,p.I162L,
Ethambutol,embA,embA_p.Gly5Ser,3) Uncertain significance,p.G5S,0.6363636363636364
Ethambutol,embA,embA_p.Asn722Asp,3) Uncertain significance,p.N722D,0.6666666666666666
Ethambutol,embB,embB_p.Ala1073Asp,3) Uncertain significance,p.A1073D,0.0
Ethambutol,embA,embA_p.Pro918Ser,3) Uncertain significance,p.P918S,1.0
Ethambutol,embB,embB_p.Gly979Asp,3) Uncertain significance,p.G979D,1.0
Ethambutol,embC,embC_p.Thr220Ile,3) Uncertain significance,p.T220I,0.16666666666666666
Ethambutol,embB,embB_p.Thr151Ile,3) Uncertain significance,p.T151I,1.0
Ethambutol,embA,embA_p.Ala734Val,3) Uncertain significance,p.A734V,1.0
Ethambutol,embB,embB_p.Asn644Thr,3) Uncertain significance,p.N644T,1.0
Ethambutol,ubiA,ubiA_p.Leu31Met,3) Uncertain significance,p.L31M,1.0
Ethambutol,embB,embB_p.Asn296Tyr,3) Uncertain significance,p.N296Y,0.3333333333333333
Ethambutol,ubiA,ubiA_p.Ile159Met,3) Uncertain significance,p.I159M,
Ethambutol,ubiA,ubiA_p.Ser63Asn,3) Uncertain significance,p.S63N,1.0
Ethambutol,embB,embB_p.Thr643Ala,3) Uncertain significance,p.T643A,0.6666666666666666
Ethambutol,ubiA,ubiA_p.Ala34Val,3) Uncertain significance,p.A34V,1.0
Ethambutol,embB,embB_p.Ser317Phe,3) Uncertain significance,p.S317F,1.0
Ethambutol,embC,embC_p.Phe581Leu,3) Uncertain significance,p.F581L,1.0
Ethambutol,embA,embA_p.Gly729Arg,3) Uncertain significance,p.G729R,0.6666666666666666
Ethambutol,ubiA,ubiA_p.Ser2Thr,3) Uncertain significance,p.S2T,1.0
Ethambutol,ubiA,ubiA_p.Phe176Val,3) Uncertain significance,p.F176V,1.0
Ethambutol,ubiA,ubiA_p.Val27Ala,3) Uncertain significance,p.V27A,1.0
Ethambutol,embB,embB_p.Asn318Asp,3) Uncertain significance,p.N318D,0.6
Ethambutol,embC,embC_p.Met351Thr,3) Uncertain significance,p.M351T,
Ethambutol,embA,embA_p.Asp636Asn,3) Uncertain significance,p.D636N,1.0
Ethambutol,embA,embA_p.Trp1054Ser,3) Uncertain significance,p.W1054S,1.0
Ethambutol,embC,embC_p.Ala233Thr,3) Uncertain significance,p.A233T,0.25
Ethambutol,embB,embB_p.Val614Ile,3) Uncertain significance,p.V614I,0.6666666666666666
Ethambutol,embC,embC_p.Leu94Val,3) Uncertain significance,p.L94V,0.6666666666666666
Ethambutol,ubiA,ubiA_p.Leu40Ser,3) Uncertain significance,p.L40S,
Ethambutol,embC,embC_p.Phe286Leu,3) Uncertain significance,p.F286L,
Ethambutol,embC,embC_p.Gly1002Asp,3) Uncertain significance,p.G1002D,0.75
Ethambutol,embC,embC_p.Ala726Gly,3) Uncertain significance,p.A726G,0.5
Ethambutol,ubiA,ubiA_p.Phe176Cys,3) Uncertain significance,p.F176C,0.5
Ethambutol,embB,embB_p.Gly603Arg,3) Uncertain significance,p.G603R,0.0
Ethambutol,embA,embA_p.Val310Ala,3) Uncertain significance,p.V310A,
Ethambutol,embA,embA_p.Tyr635Cys,3) Uncertain significance,p.Y635C,1.0
Ethambutol,embB,embB_p.Ala454Thr,3) Uncertain significance,p.A454T,0.4
Ethambutol,embB,embB_p.Thr1084Pro,3) Uncertain significance,p.T1084P,
Ethambutol,embB,embB_p.Glu521Ala,3) Uncertain significance,p.E521A,0.0
Ethambutol,embC,embC_p.Ala95Thr,3) Uncertain significance,p.A95T,1.0
Ethambutol,embB,embB_p.Leu1036Val,3) Uncertain significance,p.L1036V,1.0
Ethambutol,embB,embB_p.Ser651Thr,3) Uncertain significance,p.S651T,1.0
Ethambutol,embB,embB_p.Leu466Ser,3) Uncertain significance,p.L466S,1.0
Ethambutol,embA,embA_p.Ser731Phe,3) Uncertain significance,p.S731F,1.0
Ethambutol,embB,embB_p.Asp300Glu,3) Uncertain significance,p.D300E,1.0
Ethambutol,embB,embB_p.Thr498Pro,3) Uncertain significance,p.T498P,1.0
Ethambutol,embC,embC_p.Phe385Ser,3) Uncertain significance,p.F385S,1.0
Ethambutol,embA,embA_p.Leu535Val,3) Uncertain significance,p.L535V,
Ethambutol,embA,embA_p.Val534Gly,3) Uncertain significance,p.V534G,
Ethambutol,ubiA,ubiA_p.Val14Leu,3) Uncertain significance,p.V14L,1.0
Ethambutol,embB,embB_p.Pro397Thr,3) Uncertain significance,p.P397T,1.0
Ethambutol,embC,embC_p.Ala925Val,3) Uncertain significance,p.A925V,0.6
Ethambutol,embA,embA_p.Asp4Tyr,3) Uncertain significance,p.D4Y,1.0
Ethambutol,embA,embA_p.Ala23Glu,3) Uncertain significance,p.A23E,
Ethambutol,embB,embB_p.Thr501Lys,3) Uncertain significance,p.T501K,0.5
Ethambutol,embC,embC_p.Pro391Ser,3) Uncertain significance,p.P391S,1.0
Ethambutol,embA,embA_p.His598Tyr,3) Uncertain significance,p.H598Y,0.5
Ethambutol,embB,embB_p.Asp920Asn,3) Uncertain significance,p.D920N,1.0
Ethambutol,embB,embB_p.Val309Leu,3) Uncertain significance,p.V309L,1.0
Ethambutol,embA,embA_p.Lys488Met,3) Uncertain significance,p.K488M,1.0
Ethambutol,embA,embA_p.His598Arg,3) Uncertain significance,p.H598R,1.0
Ethambutol,embC,embC_p.Glu904Lys,3) Uncertain significance,p.E904K,1.0
Ethambutol,embA,embA_p.Thr232Pro,3) Uncertain significance,p.T232P,1.0
Ethambutol,ubiA,ubiA_p.Ala181Leu,3) Uncertain significance,p.A181L,1.0
Ethambutol,embA,embA_p.Pro2Thr,3) Uncertain significance,p.P2T,
Ethambutol,embA,embA_p.Arg991Gln,3) Uncertain significance,p.R991Q,1.0
Ethambutol,embA,embA_p.Asp761Asn,3) Uncertain significance,p.D761N,1.0
Ethambutol,embB,embB_p.Met91Thr,3) Uncertain significance,p.M91T,1.0
Ethambutol,embC,embC_p.His369Gln,3) Uncertain significance,p.H369Q,
Ethambutol,embC,embC_p.Gly237Ala,3) Uncertain significance,p.G237A,0.1
Ethambutol,embA,embA_p.Val89Ala,3) Uncertain significance,p.V89A,1.0
Ethambutol,ubiA,ubiA_p.Trp175Arg,3) Uncertain significance,p.W175R,1.0
Ethambutol,ubiA,ubiA_p.Gly41His,3) Uncertain significance,p.G41H,
Ethambutol,embC,embC_p.Ala745Thr,3) Uncertain significance,p.A745T,
Ethambutol,embA,embA_p.Thr1080Ser,3) Uncertain significance,p.T1080S,
Ethambutol,embB,embB_p.Pro477Thr,3) Uncertain significance,p.P477T,
Ethambutol,ubiA,ubiA_p.Val147Leu,3) Uncertain significance,p.V147L,
Ethambutol,embA,embA_p.Asn54Asp,3) Uncertain significance,p.N54D,1.0
Ethambutol,ubiA,ubiA_p.Val5Ala,3) Uncertain significance,p.V5A,
Ethambutol,embA,embA_p.Pro455Gln,3) Uncertain significance,p.P455Q,1.0
Ethambutol,embC,embC_p.Leu1049Val,3) Uncertain significance,p.L1049V,0.5
Ethambutol,embC,embC_p.Thr786Ile,3) Uncertain significance,p.T786I,0.8
Ethambutol,embC,embC_p.Ser729Phe,3) Uncertain significance,p.S729F,
Ethambutol,embC,embC_p.Val769Met,3) Uncertain significance,p.V769M,1.0
Ethambutol,embB,embB_p.Glu138Lys,3) Uncertain significance,p.E138K,0.6666666666666666
Ethambutol,embC,embC_p.Thr492Ala,3) Uncertain significance,p.T492A,1.0
Ethambutol,embB,embB_p.Ile545Phe,3) Uncertain significance,p.I545F,
Ethambutol,ubiA,ubiA_p.Ile162Thr,3) Uncertain significance,p.I162T,1.0
Ethambutol,embB,embB_p.Thr643Ile,3) Uncertain significance,p.T643I,0.16666666666666666
Ethambutol,embC,embC_p.Gly23Glu,3) Uncertain significance,p.G23E,0.25
Ethambutol,embC,embC_p.Leu983Arg,3) Uncertain significance,p.L983R,
Ethambutol,embC,embC_p.Gly780Asp,3) Uncertain significance,p.G780D,
Ethambutol,embA,embA_p.Leu653Pro,3) Uncertain significance,p.L653P,1.0
Ethambutol,embB,embB_p.Pro616Ser,3) Uncertain significance,p.P616S,1.0
Ethambutol,embB,embB_p.Leu359Ile,3) Uncertain significance,p.L359I,
Ethambutol,embB,embB_p.Asp1017Glu,3) Uncertain significance,p.D1017E,1.0
Ethambutol,embB,embB_p.Ser10Thr,3) Uncertain significance,p.S10T,1.0
Ethambutol,embA,embA_p.Ala364Ser,3) Uncertain significance,p.A364S,
Ethambutol,embB,embB_p.Ala201Ser,3) Uncertain significance,p.A201S,
Ethambutol,embB,embB_p.Leu544Trp,3) Uncertain significance,p.L544W,1.0
Ethambutol,embB,embB_p.Phe1067Leu,3) Uncertain significance,p.F1067L,1.0
Ethambutol,embB,embB_p.Val618Met,3) Uncertain significance,p.V618M,0.07692307692307693
Ethambutol,embA,embA_p.Phe533Leu,3) Uncertain significance,p.F533L,
Ethambutol,embC,embC_p.Arg894Leu,3) Uncertain significance,p.R894L,1.0
Ethambutol,ubiA,ubiA_p.Ala249Gly,3) Uncertain significance,p.A249G,0.5
Ethambutol,embA,embA_p.Asp52Asn,3) Uncertain significance,p.D52N,1.0
Ethambutol,embA,embA_p.Asp4Asn,3) Uncertain significance,p.D4N,0.3333333333333333
Ethambutol,ubiA,ubiA_p.Ala161Pro,3) Uncertain significance,p.A161P,0.8
Ethambutol,embA,embA_p.Val468Ala,3) Uncertain significance,p.V468A,0.2191780821917808
Ethambutol,embA,embA_p.Ala331Thr,3) Uncertain significance,p.A331T,1.0
Ethambutol,embB,embB_p.Thr279Pro,3) Uncertain significance,p.T279P,0.2
Ethambutol,embA,embA_p.Leu215Met,3) Uncertain significance,p.L215M,0.6666666666666666
Ethambutol,embB,embB_p.Ala1007Thr,3) Uncertain significance,p.A1007T,1.0
Ethambutol,embB,embB_p.Ile303Met,3) Uncertain significance,p.I303M,1.0
Ethambutol,embC,embC_p.Thr620Ile,3) Uncertain significance,p.T620I,0.5
Ethambutol,embB,embB_p.Arg173Leu,3) Uncertain significance,p.R173L,1.0
Ethambutol,ubiA,ubiA_p.Asp265Tyr,3) Uncertain significance,p.D265Y,1.0
Ethambutol,ubiA,ubiA_p.Ala278Val,3) Uncertain significance,p.A278V,1.0
Ethambutol,embB,embB_p.Val488Ile,3) Uncertain significance,p.V488I,1.0
Ethambutol,embB,embB_p.Asp496Asn,3) Uncertain significance,p.D496N,1.0
Ethambutol,ubiA,ubiA_p.Val221Leu,3) Uncertain significance,p.V221L,
Ethambutol,embB,embB_p.Asp57Gly,3) Uncertain significance,p.D57G,0.5
Ethambutol,embC,embC_p.Phe535Leu,3) Uncertain significance,p.F535L,1.0
Ethambutol,embB,embB_p.Lys165Asn,3) Uncertain significance,p.K165N,1.0
Ethambutol,embA,embA_p.Val695Ala,3) Uncertain significance,p.V695A,0.6
Ethambutol,embA,embA_p.Thr1080Pro,3) Uncertain significance,p.T1080P,0.25
Ethambutol,embA,embA_p.Met697Val,3) Uncertain significance,p.M697V,0.5
Ethambutol,embB,embB_p.Ala679Val,3) Uncertain significance,p.A679V,1.0
Ethambutol,embC,embC_p.Val131Ala,3) Uncertain significance,p.V131A,1.0
Ethambutol,embC,embC_p.Val974Ala,3) Uncertain significance,p.V974A,1.0
Ethambutol,embA,embA_p.Thr40Ala,3) Uncertain significance,p.T40A,1.0
Ethambutol,embA,embA_p.Met153Val,3) Uncertain significance,p.M153V,0.5
Ethambutol,embC,embC_p.Val755Leu,3) Uncertain significance,p.V755L,1.0
Ethambutol,embB,embB_p.Ile16Leu,3) Uncertain significance,p.I16L,0.25
Ethambutol,embA,embA_p.Asn1019Asp,3) Uncertain significance,p.N1019D,1.0
Ethambutol,embB,embB_p.Ile450Ser,3) Uncertain significance,p.I450S,0.0
Ethambutol,embB,embB_p.Tyr315Cys,3) Uncertain significance,p.Y315C,0.0
Ethambutol,embB,embB_p.Gly1031Ser,3) Uncertain significance,p.G1031S,0.5
Ethambutol,embB,embB_p.Val50Ala,3) Uncertain significance,p.V50A,1.0
Ethambutol,embC,embC_p.Arg20His,3) Uncertain significance,p.R20H,0.5
Ethambutol,embA,embA_p.Pro156Ser,3) Uncertain significance,p.P156S,1.0
Ethambutol,embA,embA_p.Ala205Thr,3) Uncertain significance,p.A205T,1.0
Ethambutol,ubiA,ubiA_p.Phe248Leu,3) Uncertain significance,p.F248L,0.5
Ethambutol,embB,embB_p.Phe330Leu,3) Uncertain significance,p.F330L,0.75
Ethambutol,embB,embB_p.Ile489Met,3) Uncertain significance,p.I489M,1.0
Ethambutol,embB,embB_p.Lys107Arg,3) Uncertain significance,p.K107R,1.0
Ethambutol,embB,embB_p.Asp816His,3) Uncertain significance,p.D816H,1.0
Ethambutol,ubiA,ubiA_p.Met180Thr,3) Uncertain significance,p.M180T,0.8
Ethambutol,embC,embC_p.Gly149Cys,3) Uncertain significance,p.G149C,1.0
Ethambutol,embC,embC_p.Pro992Leu,3) Uncertain significance,p.P992L,1.0
Ethambutol,embA,embA_p.Ile637Thr,3) Uncertain significance,p.I637T,1.0
Ethambutol,embB,embB_p.Trp1089Leu,3) Uncertain significance,p.W1089L,1.0
Ethambutol,embB,embB_p.Arg691His,3) Uncertain significance,p.R691H,1.0
Ethambutol,embA,embA_p.Asp176His,3) Uncertain significance,p.D176H,1.0
Ethambutol,embC,embC_p.Ala92Gly,3) Uncertain significance,p.A92G,
Ethambutol,embB,embB_p.Gly406Val,3) Uncertain significance,p.G406V,
Ethambutol,ubiA,ubiA_p.Leu31Val,3) Uncertain significance,p.L31V,1.0
Ethambutol,embA,embA_p.Leu27Val,3) Uncertain significance,p.L27V,1.0
Ethambutol,embB,embB_p.Gly1087Asp,3) Uncertain significance,p.G1087D,1.0
Ethambutol,ubiA,ubiA_p.Met252Thr,3) Uncertain significance,p.M252T,
Ethambutol,ubiA,ubiA_p.Thr104Ala,3) Uncertain significance,p.T104A,1.0
Ethambutol,embB,embB_p.Asn522Thr,3) Uncertain significance,p.N522T,1.0
Ethambutol,embB,embB_p.Thr153Asn,3) Uncertain significance,p.T153N,1.0
Ethambutol,ubiA,ubiA_p.Phe186Leu,3) Uncertain significance,p.F186L,
Ethambutol,ubiA,ubiA_p.Val229Leu,3) Uncertain significance,p.V229L,
Ethambutol,embB,embB_p.Met939Val,3) Uncertain significance,p.M939V,
Ethambutol,ubiA,ubiA_p.Leu218Met,3) Uncertain significance,p.L218M,
Ethambutol,embA,embA_p.Pro431Gln,3) Uncertain significance,p.P431Q,1.0
Ethambutol,embB,embB_p.Leu1070Pro,3) Uncertain significance,p.L1070P,1.0
Ethambutol,embA,embA_p.Val911Ile,3) Uncertain significance,p.V911I,0.0
Ethambutol,embB,embB_p.Trp1089Arg,3) Uncertain significance,p.W1089R,1.0
Ethambutol,embA,embA_p.Phe912Leu,3) Uncertain significance,p.F912L,0.75
Ethambutol,embC,embC_p.Phe67Val,3) Uncertain significance,p.F67V,0.25
Ethambutol,embB,embB_p.Ile465Ser,3) Uncertain significance,p.I465S,1.0
Ethambutol,embB,embB_p.Ser347Val,3) Uncertain significance,p.S347V,
Ethambutol,embC,embC_p.Val371Ile,3) Uncertain significance,p.V371I,
Ethambutol,ubiA,ubiA_p.Gly41Ser,3) Uncertain significance,p.G41S,
Ethambutol,ubiA,ubiA_p.Phe238Tyr,3) Uncertain significance,p.F238Y,
Ethambutol,embA,embA_p.Arg229Ser,3) Uncertain significance,p.R229S,0.5
Ethambutol,embA,embA_p.Val938Leu,3) Uncertain significance,p.V938L,1.0
Ethambutol,embB,embB_p.Leu632Phe,3) Uncertain significance,p.L632F,0.25
Ethambutol,embB,embB_p.Gln925Pro,3) Uncertain significance,p.Q925P,1.0
Ethambutol,embC,embC_p.Pro820Leu,3) Uncertain significance,p.P820L,1.0
Ethambutol,ubiA,ubiA_p.Leu172Val,3) Uncertain significance,p.L172V,0.3333333333333333
Ethambutol,embA,embA_p.Gly348Glu,3) Uncertain significance,p.G348E,1.0
Ethambutol,embB,embB_p.Trp349Arg,3) Uncertain significance,p.W349R,
Ethambutol,ubiA,ubiA_p.Leu40Phe,3) Uncertain significance,p.L40F,1.0
Ethambutol,embA,embA_p.Leu62Met,3) Uncertain significance,p.L62M,0.5
Ethambutol,ubiA,ubiA_p.Val188Gly,3) Uncertain significance,p.V188G,1.0
Ethambutol,embC,embC_p.Val42Leu,3) Uncertain significance,p.V42L,1.0
Ethambutol,embC,embC_p.Arg879Gly,3) Uncertain significance,p.R879G,0.2727272727272727
Ethambutol,embA,embA_p.Ala320Val,3) Uncertain significance,p.A320V,1.0
Ethambutol,embB,embB_p.Pro197Arg,3) Uncertain significance,p.P197R,0.5
Ethambutol,embC,embC_p.Cys355Phe,3) Uncertain significance,p.C355F,1.0
Ethambutol,embA,embA_p.Gly543Ala,3) Uncertain significance,p.G543A,1.0
Ethambutol,embC,embC_p.Arg1041Pro,3) Uncertain significance,p.R1041P,1.0
Ethambutol,embC,embC_p.Ala68Pro,3) Uncertain significance,p.A68P,
Ethambutol,embA,embA_p.Val266Ala,3) Uncertain significance,p.V266A,1.0
Ethambutol,embB,embB_p.Asp328Ile,3) Uncertain significance,p.D328I,0.0
Ethambutol,embA,embA_p.Ser727Asn,3) Uncertain significance,p.S727N,0.5
Ethambutol,embA,embA_p.Ala835Thr,3) Uncertain significance,p.A835T,
Ethambutol,embB,embB_p.Thr126Asn,3) Uncertain significance,p.T126N,1.0
Ethambutol,embA,embA_p.Leu659Phe,3) Uncertain significance,p.L659F,0.0
Ethambutol,embC,embC_p.Arg13Trp,3) Uncertain significance,p.R13W,1.0
Ethambutol,embA,embA_p.Ala757Ser,3) Uncertain significance,p.A757S,1.0
Ethambutol,ubiA,ubiA_p.Ile179Val,3) Uncertain significance,p.I179V,1.0
Ethambutol,embB,embB_p.Arg182Cys,3) Uncertain significance,p.R182C,0.5
Ethambutol,embA,embA_p.Pro774His,3) Uncertain significance,p.P774H,0.3333333333333333
Ethambutol,embA,embA_p.Ala725Val,3) Uncertain significance,p.A725V,1.0
Ethambutol,embA,embA_p.Pro639Ser,3) Uncertain significance,p.P639S,0.2191780821917808
Ethambutol,embB,embB_p.Gly1081Ser,3) Uncertain significance,p.G1081S,
Ethambutol,embA,embA_p.Ala797Pro,3) Uncertain significance,p.A797P,
Ethambutol,embA,embA_p.Pro455Arg,3) Uncertain significance,p.P455R,0.5
Ethambutol,embB,embB_p.Ala5Ser,3) Uncertain significance,p.A5S,1.0
Ethambutol,embC,embC_p.Val473Met,3) Uncertain significance,p.V473M,1.0
Ethambutol,embA,embA_p.Phe1030Leu,3) Uncertain significance,p.F1030L,
Ethambutol,embA,embA_p.Ala401Gly,3) Uncertain significance,p.A401G,
Ethambutol,embB,embB_p.Pro404Ala,3) Uncertain significance,p.P404A,1.0
Ethambutol,embA,embA_p.Asp120Asn,3) Uncertain significance,p.D120N,1.0
Ethambutol,embB,embB_p.Ala30Thr,3) Uncertain significance,p.A30T,1.0
Ethambutol,ubiA,ubiA_p.Ile150Met,3) Uncertain significance,p.I150M,1.0
Ethambutol,embA,embA_p.Val640Phe,3) Uncertain significance,p.V640F,1.0
Ethambutol,ubiA,ubiA_p.Val283Leu,3) Uncertain significance,p.V283L,0.5
Ethambutol,embA,embA_p.Gly778Ser,3) Uncertain significance,p.G778S,
Ethambutol,embC,embC_p.Asn618His,3) Uncertain significance,p.N618H,0.5
Ethambutol,embB,embB_p.Thr212Ala,3) Uncertain significance,p.T212A,0.4
Ethambutol,embC,embC_p.Ile406Val,3) Uncertain significance,p.I406V,0.25
Ethambutol,embB,embB_p.Arg267Gln,3) Uncertain significance,p.R267Q,0.3333333333333333
Ethambutol,embC,embC_p.Glu178Lys,3) Uncertain significance,p.E178K,
Ethambutol,embA,embA_p.Ala249Thr,3) Uncertain significance,p.A249T,0.4
Ethambutol,ubiA,ubiA_p.Trp175Ser,3) Uncertain significance,p.W175S,0.6666666666666666
Ethambutol,embA,embA_p.Arg517Cys,3) Uncertain significance,p.R517C,1.0
Ethambutol,embB,embB_p.Trp572Cys,3) Uncertain significance,p.W572C,0.5
Ethambutol,embB,embB_p.Gly294Ser,3) Uncertain significance,p.G294S,0.6666666666666666
Ethambutol,ubiA,ubiA_p.Ala39Gly,3) Uncertain significance,p.A39G,0.75
Ethambutol,embA,embA_p.Arg11Trp,3) Uncertain significance,p.R11W,1.0
Ethambutol,ubiA,ubiA_p.Phe59Ser,3) Uncertain significance,p.F59S,0.6666666666666666
Ethambutol,ubiA,ubiA_p.Lys54Asn,3) Uncertain significance,p.K54N,1.0
Ethambutol,embA,embA_p.Asp744Ala,3) Uncertain significance,p.D744A,1.0
Ethambutol,embA,embA_p.Ala662Thr,3) Uncertain significance,p.A662T,
Ethambutol,embC,embC_p.Pro210Ala,3) Uncertain significance,p.P210A,1.0
Ethambutol,embC,embC_p.Gly242Ser,3) Uncertain significance,p.G242S,0.5
Ethambutol,embC,embC_p.Gly857Ser,3) Uncertain significance,p.G857S,0.3333333333333333
Ethambutol,embA,embA_p.Asp235Gly,3) Uncertain significance,p.D235G,1.0
Ethambutol,embA,embA_p.Asp865Asn,3) Uncertain significance,p.D865N,0.2727272727272727
Ethambutol,embC,embC_p.Val35Met,3) Uncertain significance,p.V35M,0.2857142857142857
Ethambutol,embA,embA_p.Gln858Arg,3) Uncertain significance,p.Q858R,0.3333333333333333
Ethambutol,embB,embB_p.Gly100Ser,3) Uncertain significance,p.G100S,0.0
Ethambutol,embA,embA_p.Ala315Pro,3) Uncertain significance,p.A315P,1.0
Ethambutol,embB,embB_p.Val917Ala,3) Uncertain significance,p.V917A,1.0
Ethambutol,embB,embB_p.Ala680Thr,3) Uncertain significance,p.A680T,0.5
Ethambutol,embC,embC_p.Asn176Asp,3) Uncertain significance,p.N176D,0.3333333333333333
Ethambutol,embB,embB_p.Asp108Asn,3) Uncertain significance,p.D108N,0.6666666666666666
Ethambutol,embA,embA_p.Glu301Ala,3) Uncertain significance,p.E301A,0.5
Ethambutol,ubiA,ubiA_p.Val55Met,5) Not assoc w R,p.V55M,0.6
Ethambutol,ubiA,ubiA_p.Trp175Cys,3) Uncertain significance,p.W175C,0.375
Ethambutol,embB,embB_p.Met804Ile,3) Uncertain significance,p.M804I,0.5
Ethambutol,embB,embB_p.Gln853Arg,3) Uncertain significance,p.Q853R,0.8
Ethambutol,embC,embC_p.Val19Ala,3) Uncertain significance,p.V19A,0.0
Ethambutol,embB,embB_p.Arg972His,3) Uncertain significance,p.R972H,
Ethambutol,embB,embB_p.Thr498Ser,3) Uncertain significance,p.T498S,
Ethambutol,embA,embA_p.Ala103Ser,3) Uncertain significance,p.A103S,0.0
Ethambutol,embB,embB_p.Val292Phe,3) Uncertain significance,p.V292F,0.25
Ethambutol,embA,embA_p.Arg68Pro,3) Uncertain significance,p.R68P,0.0
Ethambutol,ubiA,ubiA_p.Lys174Arg,3) Uncertain significance,p.K174R,1.0
Ethambutol,embC,embC_p.Pro564Gln,3) Uncertain significance,p.P564Q,1.0
Ethambutol,embB,embB_p.Gly979Ala,3) Uncertain significance,p.G979A,0.0
Ethambutol,embA,embA_p.Gly759Arg,3) Uncertain significance,p.G759R,0.6666666666666666
Ethambutol,embB,embB_p.Val668Ala,4) Not assoc w R - Interim,p.V668A,0.3333333333333333
Ethambutol,embB,embB_p.Gly246Arg,3) Uncertain significance,p.G246R,0.034482758620689655
Ethambutol,embC,embC_p.Thr1044Pro,3) Uncertain significance,p.T1044P,0.5
Ethambutol,embB,embB_p.Ser773Pro,3) Uncertain significance,p.S773P,0.0
Ethambutol,ubiA,ubiA_p.Thr216Ala,3) Uncertain significance,p.T216A,1.0
Ethambutol,embC,embC_p.Ala664Thr,3) Uncertain significance,p.A664T,0.25
Ethambutol,embA,embA_p.Leu344Pro,3) Uncertain significance,p.L344P,
Ethambutol,embC,embC_p.Gly186Cys,4) Not assoc w R - Interim,p.G186C,0.0
Ethambutol,embC,embC_p.Gly149Ser,3) Uncertain significance,p.G149S,0.0
Ethambutol,embB,embB_p.Ile32Thr,3) Uncertain significance,p.I32T,0.25
Ethambutol,embA,embA_p.Ile696Leu,3) Uncertain significance,p.I696L,0.5
Ethambutol,embC,embC_p.Gln725Arg,4) Not assoc w R - Interim,p.Q725R,0.5
Ethambutol,ubiA,ubiA_p.Leu172Pro,4) Not assoc w R - Interim,p.L172P,0.4
Ethambutol,embC,embC_p.Val920Ile,3) Uncertain significance,p.V920I,0.25
Ethambutol,embC,embC_p.Asp1052Ala,3) Uncertain significance,p.D1052A,
Ethambutol,embC,embC_p.Asn60His,3) Uncertain significance,p.N60H,0.5
Ethambutol,ubiA,ubiA_p.Val283Ala,3) Uncertain significance,p.V283A,
Ethambutol,embC,embC_p.Gly687Glu,3) Uncertain significance,p.G687E,0.0
Ethambutol,embA,embA_p.Arg11Gln,4) Not assoc w R - Interim,p.R11Q,0.2
Ethambutol,embB,embB_p.Ser650Cys,3) Uncertain significance,p.S650C,0.0
Ethambutol,embB,embB_p.Ala15Pro,3) Uncertain significance,p.A15P,0.0
Ethambutol,embB,embB_p.Thr11Pro,3) Uncertain significance,p.T11P,0.0
Ethambutol,embA,embA_p.Gly596Ser,4) Not assoc w R - Interim,p.G596S,0.07692307692307693
Ethambutol,embB,embB_p.Gly458Cys,3) Uncertain significance,p.G458C,0.0
Ethambutol,embA,embA_p.Gly86Ala,3) Uncertain significance,p.G86A,0.0
Ethambutol,embB,embB_p.Gln497Leu,3) Uncertain significance,p.Q497L,0.0
Ethambutol,embB,embB_p.Thr498Ala,3) Uncertain significance,p.T498A,0.0
Ethambutol,embA,embA_p.Thr56Pro,3) Uncertain significance,p.T56P,0.0
Ethambutol,embB,embB_p.Asp328Ala,3) Uncertain significance,p.D328A,0.0
Ethambutol,embA,embA_p.Gly298Asp,3) Uncertain significance,p.G298D,0.0
Ethambutol,embC,embC_p.Pro1065Leu,4) Not assoc w R - Interim,p.P1065L,0.14285714285714285
Ethambutol,embA,embA_p.Leu208Phe,3) Uncertain significance,p.L208F,0.0
Ethambutol,embA,embA_p.Gly5Val,3) Uncertain significance,p.G5V,0.42857142857142855
Ethambutol,embC,embC_p.Ala1073Thr,3) Uncertain significance,p.A1073T,0.0
Ethambutol,embB,embB_p.Gln3Arg,3) Uncertain significance,p.Q3R,
Ethambutol,embC,embC_p.Ala888Gly,3) Uncertain significance,p.A888G,
Ethambutol,embB,embB_p.Ala439Thr,3) Uncertain significance,p.A439T,1.0
Ethambutol,embA,embA_p.Gly388Ser,3) Uncertain significance,p.G388S,1.0
Ethambutol,embB,embB_p.Glu1008Lys,3) Uncertain significance,p.E1008K,0.0
Ethambutol,embC,embC_p.Gly432Ser,3) Uncertain significance,p.G432S,0.0
Ethambutol,embC,embC_p.His956Arg,3) Uncertain significance,p.H956R,0.0
Ethambutol,embC,embC_p.Val974Leu,3) Uncertain significance,p.V974L,0.8
Ethambutol,embA,embA_p.Met207Ile,3) Uncertain significance,p.M207I,0.0
Ethambutol,embA,embA_p.Gly5Arg,3) Uncertain significance,p.G5R,0.75
Ethambutol,embB,embB_p.Gly199Arg,3) Uncertain significance,p.G199R,0.0
Ethambutol,embA,embA_p.Leu967Val,3) Uncertain significance,p.L967V,0.0
Ethambutol,ubiA,ubiA_p.Leu158Ser,3) Uncertain significance,p.L158S,0.0
Ethambutol,embC,embC_p.Met310Thr,3) Uncertain significance,p.M310T,0.0
Ethambutol,embA,embA_p.Tyr664His,3) Uncertain significance,p.Y664H,0.0
Ethambutol,embC,embC_p.Thr770Ala,3) Uncertain significance,p.T770A,0.0
Ethambutol,embB,embB_p.Ala941Thr,3) Uncertain significance,p.A941T,0.0
Ethambutol,embC,embC_p.Asp878Ala,3) Uncertain significance,p.D878A,0.0
Ethambutol,ubiA,ubiA_p.Gly268Ser,3) Uncertain significance,p.G268S,0.0
Ethambutol,embB,embB_p.Gln497Glu,3) Uncertain significance,p.Q497E,
Ethambutol,embA,embA_p.Met153Thr,3) Uncertain significance,p.M153T,0.0
Ethambutol,embA,embA_p.Ser49Arg,3) Uncertain significance,p.S49R,0.0
Ethambutol,embA,embA_p.Thr308Pro,3) Uncertain significance,p.T308P,0.0
Ethambutol,embB,embB_p.Lys561Met,3) Uncertain significance,p.K561M,0.0
Ethambutol,embB,embB_p.Val744Ala,3) Uncertain significance,p.V744A,0.0
Ethambutol,ubiA,ubiA_p.Gln8Arg,3) Uncertain significance,p.Q8R,0.0
Ethambutol,embB,embB_p.Lys1011Thr,3) Uncertain significance,p.K1011T,0.0
Ethambutol,embB,embB_p.Ala716Pro,3) Uncertain significance,p.A716P,0.0
Ethambutol,ubiA,ubiA_p.Ala181Thr,5) Not assoc w R,p.A181T,0.7142857142857143
Ethambutol,embA,embA_p.Gly765Asp,3) Uncertain significance,p.G765D,
Ethambutol,embA,embA_p.Asp176Glu,3) Uncertain significance,p.D176E,0.2222222222222222
Ethambutol,embB,embB_p.Val369Met,3) Uncertain significance,p.V369M,0.0
Ethambutol,embA,embA_p.Phe342Val,3) Uncertain significance,p.F342V,0.0
Ethambutol,embA,embA_p.Gly628Asp,3) Uncertain significance,p.G628D,0.0
Ethambutol,embC,embC_p.Pro62Ser,3) Uncertain significance,p.P62S,0.0
Ethambutol,embA,embA_p.Pro901Leu,3) Uncertain significance,p.P901L,0.047619047619047616
Ethambutol,embB,embB_p.Ala281Val,3) Uncertain significance,p.A281V,0.0
Ethambutol,embB,embB_p.Gly169Asp,3) Uncertain significance,p.G169D,0.0
Ethambutol,embC,embC_p.Asn127Ser,3) Uncertain significance,p.N127S,0.0
Ethambutol,embA,embA_p.Glu1075Asp,3) Uncertain significance,p.E1075D,0.0
Ethambutol,embB,embB_p.Pro894Ser,3) Uncertain significance,p.P894S,0.0
Ethambutol,embB,embB_p.Val377Ala,3) Uncertain significance,p.V377A,0.0
Ethambutol,embA,embA_p.Pro689Leu,3) Uncertain significance,p.P689L,0.0
Ethambutol,embA,embA_p.Ala520Thr,3) Uncertain significance,p.A520T,0.0
Ethambutol,embB,embB_p.Pro912Thr,3) Uncertain significance,p.P912T,0.0
Ethambutol,embC,embC_p.Pro649Ser,3) Uncertain significance,p.P649S,0.0
Ethambutol,embC,embC_p.Thr319Ile,3) Uncertain significance,p.T319I,0.0
Ethambutol,embA,embA_p.Pro763Leu,3) Uncertain significance,p.P763L,
Ethambutol,embB,embB_p.Gly25Arg,3) Uncertain significance,p.G25R,0.0
Ethambutol,embB,embB_p.Ala259Glu,3) Uncertain significance,p.A259E,0.0
Ethambutol,embB,embB_p.Pro262Leu,3) Uncertain significance,p.P262L,0.0
Ethambutol,embB,embB_p.Ser260Glu,3) Uncertain significance,p.S260E,0.0
Ethambutol,embB,embB_p.Ser261Glu,3) Uncertain significance,p.S261E,0.0
Ethambutol,embB,embB_p.Phe628Ser,3) Uncertain significance,p.F628S,0.0
Ethambutol,embA,embA_p.Arg446His,3) Uncertain significance,p.R446H,0.0
Ethambutol,embA,embA_p.Asn85Tyr,3) Uncertain significance,p.N85Y,0.0
Ethambutol,embA,embA_p.Cys527Tyr,3) Uncertain significance,p.C527Y,0.0
Ethambutol,embB,embB_p.Lys820Thr,3) Uncertain significance,p.K820T,0.0
Ethambutol,embB,embB_p.Ala249Asp,3) Uncertain significance,p.A249D,0.0
Ethambutol,embB,embB_p.Ala683Val,3) Uncertain significance,p.A683V,0.0
Ethambutol,embC,embC_p.Ser107Ala,3) Uncertain significance,p.S107A,0.0
Ethambutol,embA,embA_p.Val339Ala,3) Uncertain significance,p.V339A,0.0
Ethambutol,embB,embB_p.Thr1015Ala,3) Uncertain significance,p.T1015A,0.0
Ethambutol,embB,embB_p.Met423Ile,3) Uncertain significance,p.M423I,0.2
Ethambutol,embA,embA_p.Thr270Pro,3) Uncertain significance,p.T270P,1.0
Ethambutol,embB,embB_p.Pro404Leu,3) Uncertain significance,p.P404L,0.0
Ethambutol,embA,embA_p.Pro242Arg,3) Uncertain significance,p.P242R,
Ethambutol,embB,embB_p.Ala701Pro,3) Uncertain significance,p.A701P,
Ethambutol,embA,embA_p.Ala355Ser,3) Uncertain significance,p.A355S,0.0
Ethambutol,embA,embA_p.Thr674Asn,3) Uncertain significance,p.T674N,0.0
Ethambutol,embC,embC_p.Val34Met,3) Uncertain significance,p.V34M,0.0
Ethambutol,embC,embC_p.Met579Leu,3) Uncertain significance,p.M579L,0.0
Ethambutol,embB,embB_p.Arg507Thr,3) Uncertain significance,p.R507T,0.0
Ethambutol,embB,embB_p.Ser565Thr,3) Uncertain significance,p.S565T,0.3333333333333333
Ethambutol,embC,embC_p.Arg614Pro,3) Uncertain significance,p.R614P,0.0
Ethambutol,embA,embA_p.Ser1024Cys,3) Uncertain significance,p.S1024C,0.0
Ethambutol,embB,embB_p.Ser174Asn,3) Uncertain significance,p.S174N,0.0
Ethambutol,embB,embB_p.Ile226Val,3) Uncertain significance,p.I226V,0.0
Ethambutol,embA,embA_p.Trp142Arg,3) Uncertain significance,p.W142R,0.0
Ethambutol,embC,embC_p.Val506Ile,3) Uncertain significance,p.V506I,0.0
Ethambutol,embA,embA_p.Glu882Lys,3) Uncertain significance,p.E882K,
Ethambutol,embB,embB_p.Val492Met,3) Uncertain significance,p.V492M,0.0
Ethambutol,embA,embA_p.Ala440Thr,3) Uncertain significance,p.A440T,
Ethambutol,embC,embC_p.Thr609Ser,3) Uncertain significance,p.T609S,0.0
Ethambutol,embB,embB_p.Ala943Val,3) Uncertain significance,p.A943V,0.0
Ethambutol,embA,embA_p.Asp678Gly,3) Uncertain significance,p.D678G,0.0
Ethambutol,embC,embC_p.Val716Met,3) Uncertain significance,p.V716M,0.0
Ethambutol,embB,embB_p.Pro76Leu,3) Uncertain significance,p.P76L,0.0
Ethambutol,embA,embA_p.Gly96Asp,3) Uncertain significance,p.G96D,0.0
Ethambutol,ubiA,ubiA_p.Asp276Gly,3) Uncertain significance,p.D276G,0.0
Ethambutol,embA,embA_p.Gly817Ser,3) Uncertain significance,p.G817S,0.0
Ethambutol,embB,embB_p.Asp178Asn,3) Uncertain significance,p.D178N,
Ethambutol,embA,embA_p.Val31Phe,3) Uncertain significance,p.V31F,0.0
Ethambutol,embC,embC_p.Pro226Ser,3) Uncertain significance,p.P226S,0.0
Ethambutol,embA,embA_p.Glu995Gly,3) Uncertain significance,p.E995G,0.0
Ethambutol,embA,embA_p.Ser516Cys,3) Uncertain significance,p.S516C,0.0
Ethambutol,ubiA,ubiA_p.Glu99Lys,3) Uncertain significance,p.E99K,0.0
Ethambutol,embC,embC_p.Phe214Ser,3) Uncertain significance,p.F214S,0.0
Ethambutol,embA,embA_p.Trp495Cys,3) Uncertain significance,p.W495C,0.0
Ethambutol,embC,embC_p.Pro996Thr,3) Uncertain significance,p.P996T,0.0
Ethambutol,embA,embA_p.Pro867Ser,3) Uncertain significance,p.P867S,
Ethambutol,embC,embC_p.Tyr1066His,3) Uncertain significance,p.Y1066H,0.0
Ethambutol,embC,embC_p.Leu472Met,3) Uncertain significance,p.L472M,0.0
Ethambutol,embB,embB_p.Pro177Leu,3) Uncertain significance,p.P177L,0.0
Ethambutol,embB,embB_p.Val414Ile,3) Uncertain significance,p.V414I,0.0
Ethambutol,embA,embA_p.Arg866Leu,3) Uncertain significance,p.R866L,
Ethambutol,embC,embC_p.Gly764Val,3) Uncertain significance,p.G764V,0.0
Ethambutol,embA,embA_p.Gly29Val,3) Uncertain significance,p.G29V,
Ethambutol,embA,embA_p.Gly180Glu,3) Uncertain significance,p.G180E,0.0
Ethambutol,embC,embC_p.Pro798Gln,3) Uncertain significance,p.P798Q,0.0
Ethambutol,embC,embC_p.Ala232Val,3) Uncertain significance,p.A232V,0.0
Ethambutol,embC,embC_p.Gly186Arg,3) Uncertain significance,p.G186R,0.0
Ethambutol,embA,embA_p.Gly547Asp,3) Uncertain significance,p.G547D,
Ethambutol,embB,embB_p.Pro214Gln,3) Uncertain significance,p.P214Q,0.0
Ethambutol,embA,embA_p.Gly149Asp,3) Uncertain significance,p.G149D,
Ethambutol,embA,embA_p.Arg472Leu,3) Uncertain significance,p.R472L,0.0
Ethambutol,ubiA,ubiA_p.Val49Phe,3) Uncertain significance,p.V49F,0.0
Ethambutol,embC,embC_p.Arg695Trp,3) Uncertain significance,p.R695W,0.0
Ethambutol,embB,embB_p.Thr704Lys,3) Uncertain significance,p.T704K,0.0
Ethambutol,ubiA,ubiA_p.Val27Leu,3) Uncertain significance,p.V27L,0.0
Ethambutol,embA,embA_p.Leu685Ser,3) Uncertain significance,p.L685S,0.0
Ethambutol,embA,embA_p.Val31Ile,3) Uncertain significance,p.V31I,0.0
Ethambutol,embC,embC_p.Gly601Glu,3) Uncertain significance,p.G601E,0.0
Ethambutol,embA,embA_p.Ala355Val,3) Uncertain significance,p.A355V,0.0
Ethambutol,embC,embC_p.Ala279Val,3) Uncertain significance,p.A279V,0.0
Ethambutol,ubiA,ubiA_p.Pro122Leu,3) Uncertain significance,p.P122L,0.0
Ethambutol,embB,embB_p.Ala1020Ser,3) Uncertain significance,p.A1020S,0.0
Ethambutol,embC,embC_p.Ser547Leu,3) Uncertain significance,p.S547L,0.0
Ethambutol,embC,embC_p.Ile431Val,3) Uncertain significance,p.I431V,0.0
Ethambutol,embC,embC_p.His910Tyr,3) Uncertain significance,p.H910Y,0.0
Ethambutol,embC,embC_p.Ala307Thr,3) Uncertain significance,p.A307T,0.0
Ethambutol,embA,embA_p.Val1073Ala,3) Uncertain significance,p.V1073A,0.0
Ethambutol,embA,embA_p.Val739Met,3) Uncertain significance,p.V739M,0.0
Ethambutol,embA,embA_p.Ala852Val,3) Uncertain significance,p.A852V,0.0
Ethambutol,embA,embA_p.Pro349Leu,3) Uncertain significance,p.P349L,0.0
Ethambutol,embC,embC_p.Arg553Cys,3) Uncertain significance,p.R553C,0.0
Ethambutol,embC,embC_p.Gln54His,3) Uncertain significance,p.Q54H,0.0
Ethambutol,embB,embB_p.Val130Met,3) Uncertain significance,p.V130M,0.0
Ethambutol,embA,embA_p.Gly210Ser,3) Uncertain significance,p.G210S,0.0
Ethambutol,embB,embB_p.Ala627Val,3) Uncertain significance,p.A627V,0.0
Ethambutol,embC,embC_p.Ala578Val,3) Uncertain significance,p.A578V,0.0
Ethambutol,embA,embA_p.Asp52His,3) Uncertain significance,p.D52H,0.0
Ethambutol,embA,embA_p.Val786Leu,3) Uncertain significance,p.V786L,0.0
Ethambutol,embA,embA_p.Leu580Pro,3) Uncertain significance,p.L580P,0.0
Ethambutol,embA,embA_p.Arg1052Gly,3) Uncertain significance,p.R1052G,0.0
Ethambutol,embA,embA_p.Gly844Arg,3) Uncertain significance,p.G844R,0.0
Ethambutol,embB,embB_p.Thr208Asn,3) Uncertain significance,p.T208N,0.0
Ethambutol,embB,embB_p.Asn657Asp,3) Uncertain significance,p.N657D,0.0
Ethambutol,embC,embC_p.Gly909Glu,3) Uncertain significance,p.G909E,0.0
Ethambutol,embB,embB_p.Asp664Gly,3) Uncertain significance,p.D664G,0.0
Ethambutol,embC,embC_p.Ala901Ser,3) Uncertain significance,p.A901S,
Ethambutol,embC,embC_p.Pro693Ser,3) Uncertain significance,p.P693S,
Ethambutol,embA,embA_p.Glu512Ala,3) Uncertain significance,p.E512A,0.0
Ethambutol,embC,embC_p.Arg154Trp,3) Uncertain significance,p.R154W,0.0
Ethambutol,embB,embB_p.Met626Val,3) Uncertain significance,p.M626V,
Ethambutol,embC,embC_p.Leu470Pro,3) Uncertain significance,p.L470P,
Ethambutol,embA,embA_p.Thr40Ile,3) Uncertain significance,p.T40I,0.0
Ethambutol,embA,embA_p.Ile877Val,3) Uncertain significance,p.I877V,0.0
Ethambutol,embA,embA_p.Leu832Phe,3) Uncertain significance,p.L832F,0.0
Ethambutol,embA,embA_p.Ala23Val,3) Uncertain significance,p.A23V,0.0
Ethambutol,embA,embA_p.Gly403Arg,3) Uncertain significance,p.G403R,0.0
Ethambutol,embC,embC_p.Phe891Tyr,3) Uncertain significance,p.F891Y,0.0
Ethambutol,embB,embB_p.Gln516Glu,3) Uncertain significance,p.Q516E,0.0
Ethambutol,embA,embA_p.Thr161Ile,3) Uncertain significance,p.T161I,0.0
Ethambutol,embC,embC_p.Ala1046Ser,3) Uncertain significance,p.A1046S,0.0
Ethambutol,embA,embA_p.Val414Met,3) Uncertain significance,p.V414M,0.0
Ethambutol,embA,embA_p.Ala835Pro,3) Uncertain significance,p.A835P,0.0
Ethambutol,embB,embB_p.Gly1092Arg,3) Uncertain significance,p.G1092R,0.0
Ethambutol,embA,embA_p.Arg680Trp,3) Uncertain significance,p.R680W,0.0
Ethambutol,embB,embB_p.Ile206Ser,3) Uncertain significance,p.I206S,0.0
Ethambutol,embB,embB_p.Val452Leu,3) Uncertain significance,p.V452L,0.0
Ethambutol,embB,embB_p.Phe584Leu,3) Uncertain significance,p.F584L,
Ethambutol,embC,embC_p.Ala536Val,3) Uncertain significance,p.A536V,0.0
Ethambutol,embA,embA_p.Asn803Lys,3) Uncertain significance,p.N803K,
Ethambutol,embB,embB_p.Arg238His,3) Uncertain significance,p.R238H,0.0
Ethambutol,ubiA,ubiA_p.Glu239Ala,3) Uncertain significance,p.E239A,0.0
Ethambutol,embB,embB_p.Phe256Leu,3) Uncertain significance,p.F256L,0.0
Ethambutol,embC,embC_p.Ala165Thr,3) Uncertain significance,p.A165T,0.0
Ethambutol,embB,embB_p.Gly459Ser,3) Uncertain significance,p.G459S,0.0
Ethambutol,embB,embB_p.Met389Ile,3) Uncertain significance,p.M389I,0.0
Ethambutol,embB,embB_p.Thr498Ile,3) Uncertain significance,p.T498I,0.0
Ethambutol,embC,embC_p.Ser651Pro,3) Uncertain significance,p.S651P,0.0
Ethambutol,embB,embB_p.Arg728Gln,3) Uncertain significance,p.R728Q,0.0
Ethambutol,embA,embA_p.Val1078Met,3) Uncertain significance,p.V1078M,0.0
Ethambutol,embB,embB_p.Phe579Val,3) Uncertain significance,p.F579V,0.0
Ethambutol,embB,embB_p.Lys662Glu,3) Uncertain significance,p.K662E,0.0
Ethambutol,embA,embA_p.Ala66Val,3) Uncertain significance,p.A66V,0.0
Ethambutol,embA,embA_p.Asp473Gly,3) Uncertain significance,p.D473G,0.0
Ethambutol,embB,embB_p.Ala679Ser,3) Uncertain significance,p.A679S,
Ethambutol,ubiA,ubiA_p.Val129Ile,3) Uncertain significance,p.V129I,0.0
Ethambutol,embB,embB_p.Pro12Gln,3) Uncertain significance,p.P12Q,0.0
Ethambutol,embC,embC_p.Phe437Ser,3) Uncertain significance,p.F437S,0.0
Ethambutol,embA,embA_p.Asp1071Glu,3) Uncertain significance,p.D1071E,0.0
Ethambutol,embA,embA_p.Asn947Ser,3) Uncertain significance,p.N947S,0.0
Ethambutol,embA,embA_p.Thr329Asn,3) Uncertain significance,p.T329N,
Ethambutol,embB,embB_p.Trp28Ser,3) Uncertain significance,p.W28S,0.0
Ethambutol,embC,embC_p.Leu450Met,3) Uncertain significance,p.L450M,0.0
Ethambutol,ubiA,ubiA_p.Leu40Met,3) Uncertain significance,p.L40M,0.0
Ethambutol,embA,embA_p.Leu278Arg,3) Uncertain significance,p.L278R,0.5
Ethambutol,embB,embB_p.Ala235Val,3) Uncertain significance,p.A235V,0.0
Ethambutol,embB,embB_p.Thr1025Ile,3) Uncertain significance,p.T1025I,0.0
Ethambutol,embA,embA_p.Pro934Arg,3) Uncertain significance,p.P934R,0.0
Ethambutol,ubiA,ubiA_p.Val130Ile,3) Uncertain significance,p.V130I,0.0
Ethambutol,embB,embB_p.Met91Ile,3) Uncertain significance,p.M91I,0.0
Ethambutol,embC,embC_p.Leu460Arg,3) Uncertain significance,p.L460R,0.0
Ethambutol,embB,embB_p.Ala1083Val,3) Uncertain significance,p.A1083V,0.0
Ethambutol,ubiA,ubiA_p.His197Asn,3) Uncertain significance,p.H197N,0.0
Ethambutol,embC,embC_p.Asn176Lys,3) Uncertain significance,p.N176K,0.3333333333333333
Ethambutol,embA,embA_p.Ser768Arg,3) Uncertain significance,p.S768R,0.0
Ethambutol,embA,embA_p.Val458Met,3) Uncertain significance,p.V458M,0.0
Ethambutol,ubiA,ubiA_p.Ile170Val,3) Uncertain significance,p.I170V,0.5
Ethambutol,embB,embB_p.Arg213Trp,3) Uncertain significance,p.R213W,0.0
Ethambutol,embA,embA_p.Glu508Ala,3) Uncertain significance,p.E508A,0.0
Ethambutol,embB,embB_p.Gly106Val,3) Uncertain significance,p.G106V,0.0
Ethambutol,embB,embB_p.Val390Ile,3) Uncertain significance,p.V390I,0.0
Ethambutol,embB,embB_p.Ala204Thr,3) Uncertain significance,p.A204T,0.0
Ethambutol,embB,embB_p.Thr275Ala,3) Uncertain significance,p.T275A,0.0
Ethambutol,embA,embA_p.Arg241His,3) Uncertain significance,p.R241H,0.0
Ethambutol,embC,embC_p.Thr275Ile,3) Uncertain significance,p.T275I,0.0
Ethambutol,embC,embC_p.Arg375Gln,3) Uncertain significance,p.R375Q,0.0
Ethambutol,embA,embA_p.Arg594His,3) Uncertain significance,p.R594H,0.0
Ethambutol,embB,embB_p.Phe994Val,3) Uncertain significance,p.F994V,0.0
Ethambutol,embA,embA_p.Thr1080Ala,3) Uncertain significance,p.T1080A,0.0
Ethambutol,embB,embB_p.Lys381Gln,3) Uncertain significance,p.K381Q,0.0
Ethambutol,embC,embC_p.Ser438Ala,3) Uncertain significance,p.S438A,0.0
Ethambutol,embA,embA_p.Thr591Ala,3) Uncertain significance,p.T591A,0.0
Ethambutol,embC,embC_p.Asp490Gly,3) Uncertain significance,p.D490G,0.0
Ethambutol,embB,embB_p.Ala271Thr,3) Uncertain significance,p.A271T,0.0
Ethambutol,embA,embA_p.Gly815Glu,3) Uncertain significance,p.G815E,0.0
Ethambutol,embC,embC_p.Ala612Thr,3) Uncertain significance,p.A612T,0.0
Ethambutol,embA,embA_p.Ile916Val,3) Uncertain significance,p.I916V,0.0
Ethambutol,embA,embA_p.Val170Phe,3) Uncertain significance,p.V170F,0.0
Ethambutol,embB,embB_p.Ile556Val,3) Uncertain significance,p.I556V,0.0
Ethambutol,embB,embB_p.Gly603Ala,3) Uncertain significance,p.G603A,0.0
Ethambutol,embA,embA_p.Gly1048Trp,3) Uncertain significance,p.G1048W,0.0
Ethambutol,embB,embB_p.Ala601Pro,3) Uncertain significance,p.A601P,0.0
Ethambutol,embA,embA_p.Ala545Pro,3) Uncertain significance,p.A545P,0.0
Ethambutol,embA,embA_p.Val698Ala,3) Uncertain significance,p.V698A,0.0
Ethambutol,embC,embC_p.His999Tyr,3) Uncertain significance,p.H999Y,0.0
Ethambutol,embC,embC_p.Thr1006Ile,3) Uncertain significance,p.T1006I,0.0
Ethambutol,embC,embC_p.Asn788Lys,3) Uncertain significance,p.N788K,0.0
Ethambutol,embA,embA_p.Ala41Val,3) Uncertain significance,p.A41V,0.0
Ethambutol,ubiA,ubiA_p.Phe140Val,3) Uncertain significance,p.F140V,
Ethambutol,embA,embA_p.Thr175Ala,3) Uncertain significance,p.T175A,0.0
Ethambutol,embA,embA_p.Ser137Asn,3) Uncertain significance,p.S137N,0.0
Ethambutol,embB,embB_p.Asp207Glu,3) Uncertain significance,p.D207E,
Ethambutol,ubiA,ubiA_p.Gly43Ser,3) Uncertain significance,p.G43S,
Ethambutol,embB,embB_p.Pro430Leu,3) Uncertain significance,p.P430L,0.0
Ethambutol,embB,embB_p.Met606Ile,3) Uncertain significance,p.M606I,0.0
Ethambutol,embC,embC_p.Lys1008Asn,3) Uncertain significance,p.K1008N,0.0
Ethambutol,embC,embC_p.Ile430Leu,3) Uncertain significance,p.I430L,0.0
Ethambutol,embA,embA_p.Thr568Ile,3) Uncertain significance,p.T568I,0.0
Ethambutol,embB,embB_p.Ala356Val,3) Uncertain significance,p.A356V,0.0
Ethambutol,embB,embB_p.Pro957Leu,3) Uncertain significance,p.P957L,0.0
Ethambutol,embC,embC_p.Asp948Ala,3) Uncertain significance,p.D948A,0.0
Ethambutol,embB,embB_p.Val479Leu,3) Uncertain significance,p.V479L,0.0
Ethambutol,embB,embB_p.Thr670Ile,3) Uncertain significance,p.T670I,0.0
Ethambutol,embA,embA_p.Pro1065Thr,3) Uncertain significance,p.P1065T,0.0
Ethambutol,embB,embB_p.His154Arg,3) Uncertain significance,p.H154R,0.0
Ethambutol,embA,embA_p.Val206Ile,3) Uncertain significance,p.V206I,
Ethambutol,embB,embB_p.Ala724Thr,3) Uncertain significance,p.A724T,
Ethambutol,embC,embC_p.Asp274Asn,3) Uncertain significance,p.D274N,0.0
Ethambutol,embB,embB_p.Asp1041Ala,3) Uncertain significance,p.D1041A,0.0
Ethambutol,embC,embC_p.Thr748Ile,3) Uncertain significance,p.T748I,0.0
Ethambutol,embA,embA_p.Ile43Val,3) Uncertain significance,p.I43V,0.0
Ethambutol,embA,embA_p.Phe174Leu,3) Uncertain significance,p.F174L,0.0
Ethambutol,embC,embC_p.Gln491His,3) Uncertain significance,p.Q491H,0.0
Ethambutol,embC,embC_p.Arg1082His,3) Uncertain significance,p.R1082H,0.0
Ethambutol,embA,embA_p.Glu675Lys,3) Uncertain significance,p.E675K,
Ethambutol,embB,embB_p.Phe176Leu,3) Uncertain significance,p.F176L,0.0
Ethambutol,embB,embB_p.Glu138Gly,3) Uncertain significance,p.E138G,0.0
Ethambutol,embB,embB_p.Asn160Asp,3) Uncertain significance,p.N160D,0.0
Ethambutol,embB,embB_p.Ala388Ser,3) Uncertain significance,p.A388S,
Ethambutol,embB,embB_p.Asp280Asn,3) Uncertain significance,p.D280N,
Ethambutol,embB,embB_p.Ala454Pro,3) Uncertain significance,p.A454P,0.0
Ethambutol,embB,embB_p.Asp814Asn,3) Uncertain significance,p.D814N,0.0
Ethambutol,embA,embA_p.Ser318Thr,3) Uncertain significance,p.S318T,0.0
Ethambutol,embB,embB_p.Phe743Leu,3) Uncertain significance,p.F743L,0.0
Ethambutol,embC,embC_p.Asp805Asn,3) Uncertain significance,p.D805N,0.0
Ethambutol,embA,embA_p.Ala721Thr,3) Uncertain significance,p.A721T,0.0
Ethambutol,embC,embC_p.Ala480Thr,3) Uncertain significance,p.A480T,
Ethambutol,embA,embA_p.Gly823Glu,3) Uncertain significance,p.G823E,0.0
Ethambutol,embB,embB_p.Ala880Thr,3) Uncertain significance,p.A880T,0.0
Ethambutol,embA,embA_p.Thr113Met,3) Uncertain significance,p.T113M,0.0
Ethambutol,ubiA,ubiA_p.Leu132His,3) Uncertain significance,p.L132H,0.0
Ethambutol,embB,embB_p.Asp752His,3) Uncertain significance,p.D752H,0.0
Ethambutol,embA,embA_p.Arg358Leu,3) Uncertain significance,p.R358L,0.0
Ethambutol,embC,embC_p.Pro424Leu,3) Uncertain significance,p.P424L,
Ethambutol,embB,embB_p.Ala505Thr,3) Uncertain significance,p.A505T,0.0
Ethambutol,embB,embB_p.Val436Gly,3) Uncertain significance,p.V436G,
Ethambutol,embC,embC_p.Ala978Val,3) Uncertain significance,p.A978V,0.0
Ethambutol,ubiA,ubiA_p.Pro85Ser,3) Uncertain significance,p.P85S,
Ethambutol,embB,embB_p.Ala457Thr,3) Uncertain significance,p.A457T,
Ethambutol,embC,embC_p.Thr724Ala,3) Uncertain significance,p.T724A,
Ethambutol,embA,embA_p.Pro491Leu,3) Uncertain significance,p.P491L,0.0
Ethambutol,embA,embA_p.Ala494Ser,3) Uncertain significance,p.A494S,0.0
Ethambutol,embC,embC_p.Ala623Thr,3) Uncertain significance,p.A623T,0.0
Ethambutol,embA,embA_p.Phe368Leu,3) Uncertain significance,p.F368L,0.0
Ethambutol,embA,embA_p.Arg904His,3) Uncertain significance,p.R904H,
Ethambutol,embA,embA_p.Ser1025Ala,3) Uncertain significance,p.S1025A,
Ethambutol,embB,embB_p.Glu976Lys,3) Uncertain significance,p.E976K,0.0
Ethambutol,embB,embB_p.Val282Leu,3) Uncertain significance,p.V282L,0.0
Ethambutol,embC,embC_p.Pro114Leu,3) Uncertain significance,p.P114L,
Ethambutol,embB,embB_p.Val508Phe,3) Uncertain significance,p.V508F,0.0
Ethambutol,embB,embB_p.Gly810Ala,3) Uncertain significance,p.G810A,0.0
Ethambutol,embB,embB_p.Thr878Ala,3) Uncertain significance,p.T878A,0.0
Ethambutol,embB,embB_p.Trp237Arg,3) Uncertain significance,p.W237R,0.0
Ethambutol,embB,embB_p.Val39Gly,3) Uncertain significance,p.V39G,0.0
Ethambutol,embB,embB_p.Met904Ile,3) Uncertain significance,p.M904I,0.0
Ethambutol,embA,embA_p.Val458Ala,3) Uncertain significance,p.V458A,0.0
Ethambutol,embC,embC_p.Gly454Arg,3) Uncertain significance,p.G454R,0.0
Ethambutol,embB,embB_p.Asp191Tyr,3) Uncertain significance,p.D191Y,0.0
Ethambutol,embB,embB_p.Lys927Glu,3) Uncertain significance,p.K927E,0.0
Ethambutol,embA,embA_p.Gly771Asp,3) Uncertain significance,p.G771D,
Ethambutol,embC,embC_p.Arg870Leu,3) Uncertain significance,p.R870L,0.0
Ethambutol,ubiA,ubiA_p.Ala237Thr,3) Uncertain significance,p.A237T,0.25
Ethambutol,embC,embC_p.Pro320Ser,3) Uncertain significance,p.P320S,0.0
Ethambutol,embA,embA_p.Asp176Ala,3) Uncertain significance,p.D176A,0.0
Ethambutol,embB,embB_p.Ala840Val,3) Uncertain significance,p.A840V,0.0
Ethambutol,embA,embA_p.Val911Gly,3) Uncertain significance,p.V911G,0.0
Ethambutol,embC,embC_p.Gly804Glu,3) Uncertain significance,p.G804E,0.0
Ethambutol,embA,embA_p.Arg445Pro,3) Uncertain significance,p.R445P,0.0
Ethambutol,embC,embC_p.Pro924Leu,3) Uncertain significance,p.P924L,0.0
Ethambutol,embB,embB_p.Leu253Ile,3) Uncertain significance,p.L253I,0.0
Ethambutol,embC,embC_p.Leu212Pro,3) Uncertain significance,p.L212P,0.0
Ethambutol,embB,embB_p.Asp970Ala,3) Uncertain significance,p.D970A,0.0
Ethambutol,ubiA,ubiA_p.Lys208Arg,3) Uncertain significance,p.K208R,0.0
Ethambutol,embA,embA_p.Gln990His,3) Uncertain significance,p.Q990H,0.0
Ethambutol,embB,embB_p.Val654Met,3) Uncertain significance,p.V654M,0.0
Ethambutol,embB,embB_p.Asp1060Asn,3) Uncertain significance,p.D1060N,0.0
Ethambutol,ubiA,ubiA_p.Pro10Gln,3) Uncertain significance,p.P10Q,0.0
Ethambutol,embC,embC_p.Phe317Ser,3) Uncertain significance,p.F317S,
Ethambutol,embB,embB_p.Pro45Leu,3) Uncertain significance,p.P45L,0.0
Ethambutol,embA,embA_p.Ala223Val,3) Uncertain significance,p.A223V,0.0
Ethambutol,embA,embA_p.Tyr276Cys,3) Uncertain significance,p.Y276C,0.0
Ethambutol,embA,embA_p.Lys1012Thr,3) Uncertain significance,p.K1012T,0.0
Ethambutol,embC,embC_p.Leu700Val,3) Uncertain significance,p.L700V,0.0
Ethambutol,embA,embA_p.Thr688Met,3) Uncertain significance,p.T688M,0.0
Ethambutol,embB,embB_p.Met462Thr,3) Uncertain significance,p.M462T,0.0
Ethambutol,embA,embA_p.Val819Ile,3) Uncertain significance,p.V819I,0.0
Ethambutol,embC,embC_p.Ala480Val,3) Uncertain significance,p.A480V,
Ethambutol,embA,embA_p.Leu560Pro,3) Uncertain significance,p.L560P,0.0
Ethambutol,embC,embC_p.His1027Gln,3) Uncertain significance,p.H1027Q,0.0
Ethambutol,embB,embB_p.Val888Met,3) Uncertain significance,p.V888M,0.0
Ethambutol,embA,embA_p.Arg108Ser,3) Uncertain significance,p.R108S,0.0
Ethambutol,embC,embC_p.Ala611Thr,3) Uncertain significance,p.A611T,0.0
Ethambutol,embA,embA_p.Asp883Glu,3) Uncertain significance,p.D883E,0.0
Ethambutol,embC,embC_p.Val858Leu,3) Uncertain significance,p.V858L,0.0
Ethambutol,embA,embA_p.Gln57Glu,3) Uncertain significance,p.Q57E,0.0
Ethambutol,embB,embB_p.Gly748Glu,3) Uncertain significance,p.G748E,0.0
Ethambutol,embB,embB_p.Ala903Thr,3) Uncertain significance,p.A903T,0.0
Ethambutol,embA,embA_p.Gly1077Ser,3) Uncertain significance,p.G1077S,0.0
Ethambutol,embA,embA_p.Phe650Leu,3) Uncertain significance,p.F650L,0.0
Ethambutol,embC,embC_p.Ala57Val,3) Uncertain significance,p.A57V,0.0
Ethambutol,embB,embB_p.Ala852Val,3) Uncertain significance,p.A852V,0.0
Ethambutol,embA,embA_p.Gly972Trp,3) Uncertain significance,p.G972W,0.0
Ethambutol,embA,embA_p.Thr591Pro,3) Uncertain significance,p.T591P,0.0
Ethambutol,embB,embB_p.Gly1087Cys,3) Uncertain significance,p.G1087C,0.0
Ethambutol,embA,embA_p.Gly348Ala,3) Uncertain significance,p.G348A,0.0
Ethambutol,ubiA,ubiA_p.Val44Leu,3) Uncertain significance,p.V44L,0.0
Ethambutol,embA,embA_p.Ser1024Asn,3) Uncertain significance,p.S1024N,
Ethambutol,embA,embA_p.Val244Met,3) Uncertain significance,p.V244M,0.0
Ethambutol,embA,embA_p.Arg229Thr,3) Uncertain significance,p.R229T,0.0
Ethambutol,embC,embC_p.Leu741Val,3) Uncertain significance,p.L741V,0.0
Ethambutol,embC,embC_p.Asp754Asn,3) Uncertain significance,p.D754N,0.0
Ethambutol,embC,embC_p.Phe467Leu,3) Uncertain significance,p.F467L,
Ethambutol,embB,embB_p.Ser412Leu,3) Uncertain significance,p.S412L,
Ethambutol,embA,embA_p.Val470Met,3) Uncertain significance,p.V470M,0.0
Ethambutol,embC,embC_p.Pro175Thr,3) Uncertain significance,p.P175T,
Ethambutol,embA,embA_p.Ala736Val,3) Uncertain significance,p.A736V,0.0
Ethambutol,embB,embB_p.Gly1035Ser,3) Uncertain significance,p.G1035S,
Ethambutol,embC,embC_p.Ala562Pro,3) Uncertain significance,p.A562P,0.0
Ethambutol,embA,embA_p.Gln751Pro,3) Uncertain significance,p.Q751P,
Ethambutol,embB,embB_p.Pro1075Leu,3) Uncertain significance,p.P1075L,
Ethambutol,embB,embB_p.Thr506Asn,3) Uncertain significance,p.T506N,0.0
Ethambutol,embC,embC_p.Lys511Asn,3) Uncertain significance,p.K511N,0.0
Ethambutol,embB,embB_p.Gly748Arg,3) Uncertain significance,p.G748R,0.0
Ethambutol,embB,embB_p.Ala677Glu,3) Uncertain significance,p.A677E,
Ethambutol,embB,embB_p.Glu149Lys,3) Uncertain significance,p.E149K,0.0
Ethambutol,embA,embA_p.Gly658Glu,3) Uncertain significance,p.G658E,0.0
Ethambutol,embB,embB_p.Pro1098Arg,3) Uncertain significance,p.P1098R,0.0
Ethambutol,embA,embA_p.Ala1069Val,3) Uncertain significance,p.A1069V,0.0
Ethambutol,embC,embC_p.Thr609Ala,3) Uncertain significance,p.T609A,
Ethambutol,embB,embB_p.Asp869His,3) Uncertain significance,p.D869H,0.0
Ethambutol,embA,embA_p.Thr420Met,3) Uncertain significance,p.T420M,0.0
Ethambutol,embB,embB_p.Gly175Ser,3) Uncertain significance,p.G175S,
Ethambutol,embC,embC_p.Leu240Pro,3) Uncertain significance,p.L240P,0.0
Ethambutol,embC,embC_p.Ala24Val,3) Uncertain significance,p.A24V,
Ethambutol,embA,embA_p.Gln57Arg,3) Uncertain significance,p.Q57R,0.0
Ethambutol,embB,embB_p.Ala1083Thr,3) Uncertain significance,p.A1083T,
Ethambutol,embA,embA_p.Ile173Val,3) Uncertain significance,p.I173V,0.0
Ethambutol,embC,embC_p.Asn684Asp,3) Uncertain significance,p.N684D,0.0
Ethambutol,embA,embA_p.Ser250Gly,3) Uncertain significance,p.S250G,0.0
Ethambutol,embA,embA_p.Asn847Ser,3) Uncertain significance,p.N847S,0.0
Ethambutol,embB,embB_p.Gly374Glu,3) Uncertain significance,p.G374E,
Ethambutol,embB,embB_p.Ser261Ala,3) Uncertain significance,p.S261A,0.0
Ethambutol,embC,embC_p.Gln153His,3) Uncertain significance,p.Q153H,0.0
Ethambutol,embA,embA_p.Tyr289Cys,3) Uncertain significance,p.Y289C,
Ethambutol,embA,embA_p.Asp784Asn,3) Uncertain significance,p.D784N,0.0
Ethambutol,embA,embA_p.Pro933Ala,3) Uncertain significance,p.P933A,0.0
Ethambutol,embC,embC_p.Arg466Gln,3) Uncertain significance,p.R466Q,0.0
Ethambutol,embA,embA_p.Ala974Thr,3) Uncertain significance,p.A974T,
Ethambutol,embC,embC_p.Asn842Tyr,3) Uncertain significance,p.N842Y,0.0
Ethambutol,embC,embC_p.Asp844Asn,3) Uncertain significance,p.D844N,0.0
Ethambutol,embC,embC_p.Arg489Cys,3) Uncertain significance,p.R489C,0.0
Ethambutol,embA,embA_p.Thr1080Asn,3) Uncertain significance,p.T1080N,0.0
Ethambutol,embC,embC_p.Ala597Pro,3) Uncertain significance,p.A597P,
Ethambutol,embB,embB_p.Thr68Ala,3) Uncertain significance,p.T68A,0.0
Ethambutol,embA,embA_p.Arg345Pro,3) Uncertain significance,p.R345P,0.0
Ethambutol,embC,embC_p.Ala887Thr,3) Uncertain significance,p.A887T,0.0
Ethambutol,embC,embC_p.Thr786Ala,3) Uncertain significance,p.T786A,0.0
Ethambutol,embC,embC_p.Pro732Ala,3) Uncertain significance,p.P732A,0.0
Ethambutol,embA,embA_p.Pro958Leu,3) Uncertain significance,p.P958L,0.0
Ethambutol,embC,embC_p.Arg553His,3) Uncertain significance,p.R553H,0.0
Ethambutol,ubiA,ubiA_p.Arg88Ser,3) Uncertain significance,p.R88S,0.0
Ethambutol,embC,embC_p.Pro861Leu,3) Uncertain significance,p.P861L,0.0
Ethambutol,embC,embC_p.Ala41Ser,3) Uncertain significance,p.A41S,
Ethambutol,embB,embB_p.Ala1073Gly,3) Uncertain significance,p.A1073G,0.0
Ethambutol,ubiA,ubiA_p.Tyr46Cys,3) Uncertain significance,p.Y46C,0.0
Ethambutol,embC,embC_p.Ala426Glu,3) Uncertain significance,p.A426E,0.0
Ethambutol,embC,embC_p.Thr712Ala,3) Uncertain significance,p.T712A,0.0
Ethambutol,embB,embB_p.Ala684Val,3) Uncertain significance,p.A684V,0.0
Ethambutol,embA,embA_p.Arg447Gly,3) Uncertain significance,p.R447G,0.0
Ethambutol,embB,embB_p.Ala155Val,3) Uncertain significance,p.A155V,0.0
Ethambutol,embC,embC_p.Val140Ile,3) Uncertain significance,p.V140I,0.0
Ethambutol,embB,embB_p.Lys882Glu,3) Uncertain significance,p.K882E,
Ethambutol,embB,embB_p.Val727Met,3) Uncertain significance,p.V727M,0.0
Ethambutol,embA,embA_p.Glu508Lys,3) Uncertain significance,p.E508K,
Ethambutol,embA,embA_p.Met324Val,3) Uncertain significance,p.M324V,0.0
Ethambutol,embB,embB_p.Asn931Asp,3) Uncertain significance,p.N931D,
Ethambutol,embB,embB_p.Leu974Met,3) Uncertain significance,p.L974M,0.0
Ethambutol,embB,embB_p.Ala383Ser,3) Uncertain significance,p.A383S,
Ethambutol,embB,embB_p.Ala451Thr,3) Uncertain significance,p.A451T,0.0
Ethambutol,embC,embC_p.Arg125Gln,3) Uncertain significance,p.R125Q,0.0
Ethambutol,embC,embC_p.Ala525Thr,3) Uncertain significance,p.A525T,0.0
Ethambutol,embB,embB_p.Gly199Glu,3) Uncertain significance,p.G199E,0.0
Ethambutol,embC,embC_p.Val482Ala,3) Uncertain significance,p.V482A,0.0
Ethambutol,embB,embB_p.Pro999Ser,3) Uncertain significance,p.P999S,0.0
Ethambutol,embC,embC_p.Gly817Asp,3) Uncertain significance,p.G817D,0.0
Ethambutol,embA,embA_p.Trp45Gly,3) Uncertain significance,p.W45G,0.0
Ethambutol,embA,embA_p.Gly350Ala,3) Uncertain significance,p.G350A,
Ethambutol,embC,embC_p.Leu236Pro,3) Uncertain significance,p.L236P,0.0
Ethambutol,embC,embC_p.Cys411Trp,3) Uncertain significance,p.C411W,0.0
Ethambutol,embC,embC_p.Gly468Ser,3) Uncertain significance,p.G468S,0.0
Ethambutol,embB,embB_p.Arg559Pro,3) Uncertain significance,p.R559P,0.0
Ethambutol,embA,embA_p.Thr983Asn,3) Uncertain significance,p.T983N,0.0
Ethambutol,embB,embB_p.Ser650Pro,3) Uncertain significance,p.S650P,0.0
Ethambutol,embB,embB_p.Gly914Arg,3) Uncertain significance,p.G914R,0.0
Ethambutol,embB,embB_p.Val898Met,3) Uncertain significance,p.V898M,0.0
Ethambutol,embA,embA_p.Ala438Val,3) Uncertain significance,p.A438V,0.0
Ethambutol,embC,embC_p.Val363Asp,3) Uncertain significance,p.V363D,0.0
Ethambutol,embC,embC_p.Asp1004Gly,3) Uncertain significance,p.D1004G,0.0
Ethambutol,embC,embC_p.Thr886Ala,3) Uncertain significance,p.T886A,
Ethambutol,embA,embA_p.Ala80Thr,3) Uncertain significance,p.A80T,
Ethambutol,embA,embA_p.Ser1040Leu,3) Uncertain significance,p.S1040L,0.0
Ethambutol,embC,embC_p.Gly206Glu,3) Uncertain significance,p.G206E,
Ethambutol,embC,embC_p.Ile364Leu,3) Uncertain significance,p.I364L,0.0
Ethambutol,embC,embC_p.Gln1071His,3) Uncertain significance,p.Q1071H,
Ethambutol,embC,embC_p.Ala311Ser,3) Uncertain significance,p.A311S,0.0
Ethambutol,embA,embA_p.Gln1004Arg,3) Uncertain significance,p.Q1004R,
Ethambutol,embB,embB_p.Ala993Thr,3) Uncertain significance,p.A993T,0.0
Ethambutol,embB,embB_p.Asp243His,3) Uncertain significance,p.D243H,0.0
Ethambutol,embB,embB_p.Ala801Glu,3) Uncertain significance,p.A801E,0.0
Ethambutol,embC,embC_p.Val109Met,3) Uncertain significance,p.V109M,
Ethambutol,embA,embA_p.Ala571Thr,3) Uncertain significance,p.A571T,0.0
Ethambutol,embA,embA_p.Ala461Thr,3) Uncertain significance,p.A461T,0.0
Ethambutol,embB,embB_p.Ala571Val,3) Uncertain significance,p.A571V,0.0
Ethambutol,embC,embC_p.Val246Met,3) Uncertain significance,p.V246M,0.0
Ethambutol,embB,embB_p.Asp1072Asn,3) Uncertain significance,p.D1072N,0.0
Ethambutol,embC,embC_p.Ala925Gly,3) Uncertain significance,p.A925G,0.0
Ethambutol,embC,embC_p.Ala607Pro,3) Uncertain significance,p.A607P,0.0
Ethambutol,embA,embA_p.Ala419Thr,3) Uncertain significance,p.A419T,0.0
Ethambutol,embC,embC_p.Arg556Ser,3) Uncertain significance,p.R556S,0.0
Ethambutol,embC,embC_p.Ala856Ser,3) Uncertain significance,p.A856S,0.0
Ethambutol,embB,embB_p.Arg147His,3) Uncertain significance,p.R147H,0.0
Ethambutol,embA,embA_p.Trp306Gly,3) Uncertain significance,p.W306G,0.0
Ethambutol,embB,embB_p.Ala221Thr,3) Uncertain significance,p.A221T,0.0
Ethambutol,embC,embC_p.Gly825Val,3) Uncertain significance,p.G825V,0.0
Ethambutol,embA,embA_p.Ser340Asn,3) Uncertain significance,p.S340N,0.0
Ethambutol,embC,embC_p.Asp892Asn,3) Uncertain significance,p.D892N,0.0
Ethambutol,embA,embA_p.Arg234Pro,3) Uncertain significance,p.R234P,0.0
Ethambutol,embC,embC_p.Leu744Ser,3) Uncertain significance,p.L744S,
Ethambutol,embB,embB_p.Pro93His,3) Uncertain significance,p.P93H,0.0
Ethambutol,embA,embA_p.Pro976Thr,3) Uncertain significance,p.P976T,0.0
Ethambutol,embA,embA_p.Ala436Gly,3) Uncertain significance,p.A436G,0.0
Ethambutol,embA,embA_p.Pro327Leu,3) Uncertain significance,p.P327L,0.0
Ethambutol,embB,embB_p.Cys549Phe,3) Uncertain significance,p.C549F,1.0
Ethambutol,embB,embB_p.Ser480Leu,3) Uncertain significance,p.S480L,
Ethambutol,embB,embB_p.Glu958Gly,3) Uncertain significance,p.E958G,
Ethambutol,embC,embC_p.Trp1053Cys,3) Uncertain significance,p.W1053C,0.0
Ethambutol,embA,embA_p.Cys76Phe,3) Uncertain significance,p.C76F,
Ethambutol,embC,embC_p.Ala578Ser,3) Uncertain significance,p.A578S,
Ethambutol,embB,embB_p.Arg173Pro,3) Uncertain significance,p.R173P,
Ethambutol,embA,embA_p.Ala661Pro,3) Uncertain significance,p.A661P,0.0
Ethambutol,embC,embC_p.Val363Ile,3) Uncertain significance,p.V363I,0.0
Ethambutol,embA,embA_p.Thr434Ala,3) Uncertain significance,p.T434A,
Ethambutol,embC,embC_p.Met234Ile,3) Uncertain significance,p.M234I,0.0
Ethambutol,embA,embA_p.Arg447Pro,3) Uncertain significance,p.R447P,0.0
Ethambutol,embA,embA_p.His665Tyr,3) Uncertain significance,p.H665Y,0.0
Ethambutol,embA,embA_p.Val1081Met,3) Uncertain significance,p.V1081M,0.0
Ethambutol,embC,embC_p.Leu814Pro,3) Uncertain significance,p.L814P,
Ethambutol,embA,embA_p.Trp1050Gly,3) Uncertain significance,p.W1050G,0.0
Ethambutol,embA,embA_p.Pro745Leu,3) Uncertain significance,p.P745L,
Ethambutol,embA,embA_p.Ile887Thr,3) Uncertain significance,p.I887T,0.0
Ethambutol,embC,embC_p.Ile459Thr,3) Uncertain significance,p.I459T,
Ethambutol,embB,embB_p.Ala225Glu,3) Uncertain significance,p.A225E,
Ethambutol,embB,embB_p.Met389Val,3) Uncertain significance,p.M389V,
Ethambutol,embA,embA_p.Gly21Arg,3) Uncertain significance,p.G21R,0.0
Ethambutol,embA,embA_p.Leu390Val,3) Uncertain significance,p.L390V,0.0
Ethambutol,embC,embC_p.Arg838Gln,3) Uncertain significance,p.R838Q,0.0
Ethambutol,embC,embC_p.Ala953Gly,3) Uncertain significance,p.A953G,
Ethambutol,embC,embC_p.Ser269Leu,3) Uncertain significance,p.S269L,0.0
Ethambutol,embB,embB_p.Cys4Ser,3) Uncertain significance,p.C4S,0.0
Ethambutol,embC,embC_p.Gly186Asp,3) Uncertain significance,p.G186D,0.0
Ethambutol,embB,embB_p.Met316Val,3) Uncertain significance,p.M316V,
Ethambutol,embB,embB_p.Val602Gly,3) Uncertain significance,p.V602G,0.0
Ethambutol,embA,embA_p.Pro838Ser,3) Uncertain significance,p.P838S,0.0
Ethambutol,embB,embB_p.Gln3His,3) Uncertain significance,p.Q3H,
Ethambutol,embC,embC_p.Asp162Gly,3) Uncertain significance,p.D162G,
Ethambutol,embB,embB_p.Ser119Asn,3) Uncertain significance,p.S119N,0.0
Ethambutol,embC,embC_p.Gly186Ala,3) Uncertain significance,p.G186A,0.0
Ethambutol,embA,embA_p.Ile877Thr,3) Uncertain significance,p.I877T,
Ethambutol,embC,embC_p.Thr151Ile,3) Uncertain significance,p.T151I,0.0
Ethambutol,embA,embA_p.Gly403Ala,3) Uncertain significance,p.G403A,0.0
Ethambutol,embA,embA_p.Gly247Ala,3) Uncertain significance,p.G247A,0.0
Ethambutol,embA,embA_p.Gly823Arg,3) Uncertain significance,p.G823R,0.0
Ethambutol,embA,embA_p.Ala150Thr,3) Uncertain significance,p.A150T,
Ethambutol,embA,embA_p.Gly149Ser,3) Uncertain significance,p.G149S,0.0
Ethambutol,embA,embA_p.Phe830Leu,3) Uncertain significance,p.F830L,0.0
Ethambutol,ubiA,ubiA_p.Val107Met,3) Uncertain significance,p.V107M,
Ethambutol,embA,embA_p.Ala331Pro,3) Uncertain significance,p.A331P,0.0
Ethambutol,embC,embC_p.Ala418Pro,3) Uncertain significance,p.A418P,0.0
Ethambutol,embB,embB_p.Gly542Ser,3) Uncertain significance,p.G542S,0.0
Ethambutol,embB,embB_p.Val118Ala,3) Uncertain significance,p.V118A,0.0
Ethambutol,embB,embB_p.Leu953Met,3) Uncertain significance,p.L953M,
Ethambutol,embC,embC_p.Gln705Glu,3) Uncertain significance,p.Q705E,0.0
Ethambutol,embC,embC_p.Ala340Thr,3) Uncertain significance,p.A340T,0.0
Ethambutol,embB,embB_p.Gly244Arg,3) Uncertain significance,p.G244R,0.0
Ethambutol,embB,embB_p.Gly106Arg,3) Uncertain significance,p.G106R,0.0
Ethambutol,embB,embB_p.Val230Ala,3) Uncertain significance,p.V230A,0.0
Ethambutol,embC,embC_p.Ile568Met,3) Uncertain significance,p.I568M,0.0
Ethambutol,embB,embB_p.Val123Ala,3) Uncertain significance,p.V123A,
Ethambutol,embB,embB_p.Arg61Pro,3) Uncertain significance,p.R61P,0.0
Ethambutol,embA,embA_p.Pro1094Ser,3) Uncertain significance,p.P1094S,0.0
Ethambutol,embC,embC_p.Gly647Ser,3) Uncertain significance,p.G647S,0.0
Ethambutol,embC,embC_p.Pro845Arg,3) Uncertain significance,p.P845R,
Ethambutol,embB,embB_p.Thr830Met,3) Uncertain significance,p.T830M,0.0
Ethambutol,embA,embA_p.Gly180Arg,3) Uncertain significance,p.G180R,
Ethambutol,embC,embC_p.Arg695Gln,3) Uncertain significance,p.R695Q,0.0
Ethambutol,embB,embB_p.Gly696Arg,3) Uncertain significance,p.G696R,
Ethambutol,embB,embB_p.Glu1008Ala,3) Uncertain significance,p.E1008A,0.0
Ethambutol,embC,embC_p.Gln955Pro,3) Uncertain significance,p.Q955P,
Ethambutol,embC,embC_p.Ala767Glu,3) Uncertain significance,p.A767E,0.0
Ethambutol,embA,embA_p.Asp737Glu,3) Uncertain significance,p.D737E,
Ethambutol,embA,embA_p.Ala1072Thr,3) Uncertain significance,p.A1072T,0.0
Ethambutol,embC,embC_p.Asn64Lys,3) Uncertain significance,p.N64K,
Ethambutol,embC,embC_p.Ser215Ala,3) Uncertain significance,p.S215A,
Ethambutol,embA,embA_p.Ala984Thr,3) Uncertain significance,p.A984T,
Ethambutol,embB,embB_p.Ala840Gly,3) Uncertain significance,p.A840G,0.0
Ethambutol,embB,embB_p.Met350Thr,3) Uncertain significance,p.M350T,0.0
Ethambutol,embC,embC_p.Ala116Thr,3) Uncertain significance,p.A116T,0.0
Ethambutol,embB,embB_p.Arg147Cys,3) Uncertain significance,p.R147C,0.0
Ethambutol,embA,embA_p.Pro860Leu,3) Uncertain significance,p.P860L,0.0
Ethambutol,embA,embA_p.Arg188His,3) Uncertain significance,p.R188H,0.0
Ethambutol,embB,embB_p.Gly665Arg,3) Uncertain significance,p.G665R,0.0
Ethambutol,embA,embA_p.Asn54Ser,3) Uncertain significance,p.N54S,0.0
Ethambutol,embA,embA_p.Arg251Gln,3) Uncertain significance,p.R251Q,0.0
Ethambutol,embA,embA_p.Thr1014Ala,3) Uncertain significance,p.T1014A,0.0
Ethambutol,embA,embA_p.Arg442Lys,3) Uncertain significance,p.R442K,0.0
Ethambutol,embB,embB_p.Val231Ile,3) Uncertain significance,p.V231I,0.0
Ethambutol,embA,embA_p.Ala187Val,3) Uncertain significance,p.A187V,0.0
Ethambutol,embB,embB_p.Pro477Ala,3) Uncertain significance,p.P477A,0.0
Ethambutol,embC,embC_p.Pro210Ser,3) Uncertain significance,p.P210S,0.0
Ethambutol,embB,embB_p.Met764Leu,3) Uncertain significance,p.M764L,0.0
Ethambutol,embB,embB_p.Gly825Asp,3) Uncertain significance,p.G825D,
Ethambutol,ubiA,ubiA_p.Arg280Gly,3) Uncertain significance,p.R280G,0.0
Ethambutol,embB,embB_p.Arg623Pro,3) Uncertain significance,p.R623P,0.0
Ethambutol,embA,embA_p.His1061Gln,3) Uncertain significance,p.H1061Q,0.0
Ethambutol,embA,embA_p.Val870Leu,3) Uncertain significance,p.V870L,0.0
Ethambutol,embA,embA_p.Val479Met,3) Uncertain significance,p.V479M,0.0
Ethambutol,embA,embA_p.Gly909Glu,3) Uncertain significance,p.G909E,0.0
Ethambutol,embB,embB_p.Asp970Glu,3) Uncertain significance,p.D970E,
Ethambutol,embB,embB_p.Asn1004Thr,3) Uncertain significance,p.N1004T,0.0
Ethambutol,embB,embB_p.Val710Leu,3) Uncertain significance,p.V710L,0.0
Ethambutol,embB,embB_p.Gly34Arg,3) Uncertain significance,p.G34R,0.0
Ethambutol,embC,embC_p.Gln63Glu,3) Uncertain significance,p.Q63E,0.0
Ethambutol,embA,embA_p.Pro327Ser,3) Uncertain significance,p.P327S,
Ethambutol,embC,embC_p.Thr941Ala,3) Uncertain significance,p.T941A,0.0
Ethambutol,embB,embB_p.Ser203Leu,3) Uncertain significance,p.S203L,0.06976744186046512
Ethambutol,embB,embB_p.Thr151Pro,3) Uncertain significance,p.T151P,
Ethambutol,embB,embB_p.Leu253Arg,3) Uncertain significance,p.L253R,0.0
Ethambutol,embC,embC_p.Phe157Leu,3) Uncertain significance,p.F157L,0.5
Ethambutol,embA,embA_p.Thr197Arg,3) Uncertain significance,p.T197R,
Ethambutol,embB,embB_p.Ile709Val,3) Uncertain significance,p.I709V,0.0
Ethambutol,embC,embC_p.Gly454Trp,3) Uncertain significance,p.G454W,0.0
Ethambutol,embB,embB_p.Gly535Ser,3) Uncertain significance,p.G535S,0.0
Ethambutol,embA,embA_p.Asp865Glu,3) Uncertain significance,p.D865E,0.0
Ethambutol,embC,embC_p.Asp793Glu,3) Uncertain significance,p.D793E,0.0
Ethambutol,embB,embB_p.Val377Met,3) Uncertain significance,p.V377M,0.0
Ethambutol,embA,embA_p.Asn110Asp,3) Uncertain significance,p.N110D,0.0
Ethambutol,embA,embA_p.Thr478Ala,3) Uncertain significance,p.T478A,0.0
Ethambutol,embB,embB_p.Val1048Ile,3) Uncertain significance,p.V1048I,0.0
Ethambutol,embB,embB_p.Ser622Trp,3) Uncertain significance,p.S622W,0.0
Ethambutol,embA,embA_p.Ala557Val,3) Uncertain significance,p.A557V,0.0
Ethambutol,embB,embB_p.Ala724Val,3) Uncertain significance,p.A724V,0.0
Ethambutol,embA,embA_p.Thr604Met,3) Uncertain significance,p.T604M,0.0
Ethambutol,ubiA,ubiA_p.Glu79Ala,3) Uncertain significance,p.E79A,0.0
Ethambutol,embB,embB_p.Ala338Thr,3) Uncertain significance,p.A338T,0.16666666666666666
Ethambutol,embA,embA_p.Lys801Arg,3) Uncertain significance,p.K801R,0.0
Ethambutol,embA,embA_p.Ala302Thr,3) Uncertain significance,p.A302T,0.0
Ethambutol,embA,embA_p.Gly154Arg,3) Uncertain significance,p.G154R,0.0
Ethambutol,embB,embB_p.Arg61Trp,3) Uncertain significance,p.R61W,
Ethambutol,embA,embA_p.Pro934Ser,3) Uncertain significance,p.P934S,0.0
Ethambutol,embA,embA_p.Leu562Met,3) Uncertain significance,p.L562M,0.0
Ethambutol,embC,embC_p.Ser69Arg,3) Uncertain significance,p.S69R,
Ethambutol,embC,embC_p.Pro62Leu,3) Uncertain significance,p.P62L,
Ethambutol,ubiA,ubiA_p.Met128Ile,3) Uncertain significance,p.M128I,0.0
Ethambutol,embB,embB_p.Phe541Val,3) Uncertain significance,p.F541V,0.0
Ethambutol,embA,embA_p.Cys28Tyr,3) Uncertain significance,p.C28Y,0.0
Ethambutol,embA,embA_p.Ala1000Thr,3) Uncertain significance,p.A1000T,0.0
Ethambutol,embB,embB_p.Pro103His,3) Uncertain significance,p.P103H,0.0
Ethambutol,embB,embB_p.Val67Leu,3) Uncertain significance,p.V67L,0.0
Ethambutol,embB,embB_p.Ala313Thr,3) Uncertain significance,p.A313T,0.0
Ethambutol,embA,embA_p.Thr81Ala,3) Uncertain significance,p.T81A,0.0
Ethambutol,embA,embA_p.Ala593Val,3) Uncertain significance,p.A593V,0.0
Ethambutol,embC,embC_p.Pro558Leu,3) Uncertain significance,p.P558L,
Ethambutol,embA,embA_p.Gly200Ser,3) Uncertain significance,p.G200S,0.0
Ethambutol,embB,embB_p.Arg468His,3) Uncertain significance,p.R468H,0.0
Ethambutol,embB,embB_p.Lys662Thr,3) Uncertain significance,p.K662T,
Ethambutol,embB,embB_p.Arg1055His,3) Uncertain significance,p.R1055H,0.0
Ethambutol,embB,embB_p.Ala295Val,3) Uncertain significance,p.A295V,
Ethambutol,embB,embB_p.Arg1059Pro,3) Uncertain significance,p.R1059P,0.0
Ethambutol,embC,embC_p.Met613Ile,3) Uncertain significance,p.M613I,
Ethambutol,embB,embB_p.Leu974Val,3) Uncertain significance,p.L974V,0.0
Ethambutol,embB,embB_p.Thr981Met,3) Uncertain significance,p.T981M,0.0
Ethambutol,embB,embB_p.Lys927Arg,3) Uncertain significance,p.K927R,0.0
Ethambutol,embB,embB_p.Ala259Val,3) Uncertain significance,p.A259V,0.0
Ethambutol,embA,embA_p.Val246Gly,3) Uncertain significance,p.V246G,0.0
Ethambutol,embC,embC_p.Glu399Asp,3) Uncertain significance,p.E399D,0.0
Ethambutol,embA,embA_p.Leu263Phe,3) Uncertain significance,p.L263F,0.0
Ethambutol,embB,embB_p.Thr341Ile,3) Uncertain significance,p.T341I,0.0
Ethambutol,embB,embB_p.Thr819Ile,3) Uncertain significance,p.T819I,0.0
Ethambutol,embA,embA_p.Thr363Ile,3) Uncertain significance,p.T363I,0.0
Ethambutol,embA,embA_p.Ser77Pro,3) Uncertain significance,p.S77P,0.0
Ethambutol,embC,embC_p.Ile28Val,3) Uncertain significance,p.I28V,0.0
Ethambutol,embB,embB_p.Gly696Glu,3) Uncertain significance,p.G696E,0.0
Ethambutol,embC,embC_p.Val799Leu,3) Uncertain significance,p.V799L,0.0
Ethambutol,embB,embB_p.Ser261Pro,3) Uncertain significance,p.S261P,0.0
Ethambutol,embA,embA_p.Pro988Leu,3) Uncertain significance,p.P988L,0.0
Ethambutol,embB,embB_p.Ala1076Thr,3) Uncertain significance,p.A1076T,0.0
Ethambutol,embA,embA_p.Val613Met,3) Uncertain significance,p.V613M,0.0
Ethambutol,embB,embB_p.Trp621Ser,3) Uncertain significance,p.W621S,
Ethambutol,embB,embB_p.Ala102Thr,3) Uncertain significance,p.A102T,0.0
Ethambutol,embB,embB_p.Pro353Ser,3) Uncertain significance,p.P353S,
Ethambutol,embC,embC_p.Gly852Asp,3) Uncertain significance,p.G852D,0.0
Ethambutol,embB,embB_p.Pro818Thr,3) Uncertain significance,p.P818T,0.0
Ethambutol,embB,embB_p.Glu951Lys,3) Uncertain significance,p.E951K,0.0
Ethambutol,embA,embA_p.Pro164Ser,3) Uncertain significance,p.P164S,
Ethambutol,embA,embA_p.Thr899Ser,3) Uncertain significance,p.T899S,0.0
Ethambutol,embB,embB_p.Val360Leu,3) Uncertain significance,p.V360L,0.0
Ethambutol,embB,embB_p.Val602Ile,3) Uncertain significance,p.V602I,0.0
Ethambutol,embA,embA_p.Ala586Thr,3) Uncertain significance,p.A586T,0.0
Ethambutol,embA,embA_p.Gly210Val,3) Uncertain significance,p.G210V,0.0
Ethambutol,embC,embC_p.Gly272Ser,3) Uncertain significance,p.G272S,0.0
Ethambutol,embA,embA_p.Ile621Val,3) Uncertain significance,p.I621V,
Ethambutol,embB,embB_p.Phe763Leu,3) Uncertain significance,p.F763L,0.0
Ethambutol,embA,embA_p.Thr238Ser,3) Uncertain significance,p.T238S,0.0
Ethambutol,embB,embB_p.Ala221Ser,3) Uncertain significance,p.A221S,
Ethambutol,embA,embA_p.Arg444Trp,3) Uncertain significance,p.R444W,
Ethambutol,embB,embB_p.Ser669Arg,3) Uncertain significance,p.S669R,
Ethambutol,embA,embA_p.Leu525Met,3) Uncertain significance,p.L525M,0.0
Ethambutol,embC,embC_p.Ile965Leu,3) Uncertain significance,p.I965L,0.0
Ethambutol,embB,embB_p.Asn13Ser,3) Uncertain significance,p.N13S,0.030303030303030304
Ethambutol,embC,embC_p.Lys511Arg,3) Uncertain significance,p.K511R,0.0
Ethambutol,ubiA,ubiA_p.Leu33Met,3) Uncertain significance,p.L33M,
Ethambutol,embA,embA_p.Arg346Pro,3) Uncertain significance,p.R346P,0.0
Ethambutol,embA,embA_p.Glu1075Val,3) Uncertain significance,p.E1075V,
Ethambutol,embA,embA_p.Ala41Thr,3) Uncertain significance,p.A41T,0.0
Ethambutol,embA,embA_p.Asn510Thr,3) Uncertain significance,p.N510T,
Ethambutol,embA,embA_p.Ser514Pro,3) Uncertain significance,p.S514P,0.0
Ethambutol,embB,embB_p.Arg573Gln,3) Uncertain significance,p.R573Q,0.0
Ethambutol,embB,embB_p.Tyr977His,3) Uncertain significance,p.Y977H,0.0
Ethambutol,embA,embA_p.Ala849Pro,3) Uncertain significance,p.A849P,0.0
Ethambutol,embA,embA_p.Asp498Gly,3) Uncertain significance,p.D498G,0.0
Ethambutol,embA,embA_p.Val394Ala,3) Uncertain significance,p.V394A,
Ethambutol,embA,embA_p.Thr39Ile,3) Uncertain significance,p.T39I,0.0
Ethambutol,embA,embA_p.Gly365Asp,3) Uncertain significance,p.G365D,0.0
Ethambutol,embA,embA_p.Thr657Pro,3) Uncertain significance,p.T657P,0.0
Ethambutol,embA,embA_p.Ala409Thr,3) Uncertain significance,p.A409T,0.0
Ethambutol,embA,embA_p.Glu742Asp,3) Uncertain significance,p.E742D,0.0
Ethambutol,embA,embA_p.Ile821Thr,3) Uncertain significance,p.I821T,0.0
Ethambutol,embB,embB_p.Thr215Ile,3) Uncertain significance,p.T215I,0.0
Ethambutol,embA,embA_p.Pro861Ser,3) Uncertain significance,p.P861S,0.0
Ethambutol,embB,embB_p.Gly851Asp,3) Uncertain significance,p.G851D,
Ethambutol,embB,embB_p.Gln144Pro,3) Uncertain significance,p.Q144P,0.0
Ethambutol,embB,embB_p.Phe494Leu,3) Uncertain significance,p.F494L,0.0
Ethambutol,embB,embB_p.Gly694Asp,3) Uncertain significance,p.G694D,0.0
Ethambutol,embB,embB_p.Met660Arg,3) Uncertain significance,p.M660R,
Ethambutol,embB,embB_p.Ile883Val,3) Uncertain significance,p.I883V,0.0
Ethambutol,embC,embC_p.Ala676Thr,3) Uncertain significance,p.A676T,0.0
Ethambutol,embB,embB_p.Ala155Pro,3) Uncertain significance,p.A155P,0.0
Ethambutol,embC,embC_p.Ala631Ser,3) Uncertain significance,p.A631S,0.0
Ethambutol,embC,embC_p.Phe991Leu,3) Uncertain significance,p.F991L,0.0
Ethambutol,embB,embB_p.Lys765Asn,3) Uncertain significance,p.K765N,
Ethambutol,embB,embB_p.Gly891Glu,3) Uncertain significance,p.G891E,0.0
Ethambutol,embC,embC_p.Thr241Ser,3) Uncertain significance,p.T241S,0.0
Ethambutol,ubiA,ubiA_p.Val105Met,3) Uncertain significance,p.V105M,0.0
Ethambutol,embC,embC_p.Cys993Arg,3) Uncertain significance,p.C993R,0.0
Ethambutol,embB,embB_p.Val602Ala,3) Uncertain significance,p.V602A,0.0
Ethambutol,embA,embA_p.Ile696Thr,3) Uncertain significance,p.I696T,0.0
Ethambutol,embC,embC_p.Ile571Phe,3) Uncertain significance,p.I571F,
Ethambutol,embC,embC_p.Phe654Leu,3) Uncertain significance,p.F654L,
Ethambutol,embB,embB_p.Gly314Ser,3) Uncertain significance,p.G314S,0.0
Ethambutol,embA,embA_p.Ala364Thr,3) Uncertain significance,p.A364T,0.0
Ethambutol,embA,embA_p.Arg836Gly,3) Uncertain significance,p.R836G,0.0
Ethambutol,embB,embB_p.Gly825Ser,3) Uncertain significance,p.G825S,0.0
Ethambutol,embB,embB_p.Ala43Val,3) Uncertain significance,p.A43V,0.0
Ethambutol,embA,embA_p.Met735Ile,3) Uncertain significance,p.M735I,0.0
Ethambutol,embB,embB_p.Val492Leu,3) Uncertain significance,p.V492L,0.0
Ethambutol,embA,embA_p.Gln497Arg,3) Uncertain significance,p.Q497R,
Ethambutol,ubiA,ubiA_p.Leu198Val,3) Uncertain significance,p.L198V,0.0
Ethambutol,embB,embB_p.Ala386Val,3) Uncertain significance,p.A386V,0.0
Ethambutol,embA,embA_p.Gly435Asp,3) Uncertain significance,p.G435D,0.0
Ethambutol,embC,embC_p.Ala856Thr,3) Uncertain significance,p.A856T,0.0
Ethambutol,embC,embC_p.Gly559Asp,3) Uncertain significance,p.G559D,0.0
Ethambutol,embB,embB_p.Ser651Cys,3) Uncertain significance,p.S651C,0.0
Ethambutol,ubiA,ubiA_p.Val44Ile,3) Uncertain significance,p.V44I,0.0
Ethambutol,embC,embC_p.Pro1068Ser,3) Uncertain significance,p.P1068S,0.0
Ethambutol,embA,embA_p.Ala331Ser,3) Uncertain significance,p.A331S,0.0
Ethambutol,ubiA,ubiA_p.Val75Ala,3) Uncertain significance,p.V75A,
Ethambutol,embB,embB_p.Leu348Pro,3) Uncertain significance,p.L348P,0.0
Ethambutol,embA,embA_p.Arg940Ser,3) Uncertain significance,p.R940S,0.0
Ethambutol,embC,embC_p.Ala79Thr,3) Uncertain significance,p.A79T,0.0
Ethambutol,embB,embB_p.Arg1045Gln,3) Uncertain significance,p.R1045Q,
Ethambutol,embB,embB_p.Trp273Leu,3) Uncertain significance,p.W273L,0.0
Ethambutol,embC,embC_p.Pro787Ser,3) Uncertain significance,p.P787S,0.0
Ethambutol,embB,embB_p.Gly846Ser,3) Uncertain significance,p.G846S,0.0
Ethambutol,embA,embA_p.Ala60Asp,3) Uncertain significance,p.A60D,
Ethambutol,embA,embA_p.Asp737Gly,3) Uncertain significance,p.D737G,0.0
Ethambutol,embC,embC_p.Ala604Gly,3) Uncertain significance,p.A604G,0.0
Ethambutol,embA,embA_p.Glu508Asp,3) Uncertain significance,p.E508D,0.0
Ethambutol,embB,embB_p.Met916Thr,3) Uncertain significance,p.M916T,
Ethambutol,embA,embA_p.Ala316Pro,3) Uncertain significance,p.A316P,0.0
Ethambutol,embC,embC_p.Asn928Tyr,3) Uncertain significance,p.N928Y,0.0
Ethambutol,embA,embA_p.Leu263Pro,3) Uncertain significance,p.L263P,0.0
Ethambutol,ubiA,ubiA_p.Gly116Ser,3) Uncertain significance,p.G116S,0.0
Ethambutol,embC,embC_p.Arg465Thr,3) Uncertain significance,p.R465T,0.0
Ethambutol,embB,embB_p.Ala495Thr,3) Uncertain significance,p.A495T,
Ethambutol,embA,embA_p.Ala826Glu,3) Uncertain significance,p.A826E,0.0
Ethambutol,embB,embB_p.Ser66Asn,3) Uncertain significance,p.S66N,0.0
Ethambutol,embA,embA_p.Ala259Ser,3) Uncertain significance,p.A259S,0.0
Ethambutol,embC,embC_p.Gly559Arg,3) Uncertain significance,p.G559R,0.0
Ethambutol,embB,embB_p.Pro655Leu,3) Uncertain significance,p.P655L,0.0
Ethambutol,embC,embC_p.Ile430Ser,3) Uncertain significance,p.I430S,0.0
Ethambutol,embB,embB_p.Pro818Leu,3) Uncertain significance,p.P818L,0.0
Ethambutol,embC,embC_p.Val858Met,3) Uncertain significance,p.V858M,
Ethambutol,embC,embC_p.Ala307Ser,3) Uncertain significance,p.A307S,
Ethambutol,embC,embC_p.Ala243Thr,3) Uncertain significance,p.A243T,0.0
Ethambutol,embA,embA_p.Pro1065Leu,3) Uncertain significance,p.P1065L,0.0
Ethambutol,embC,embC_p.Asn762Asp,3) Uncertain significance,p.N762D,0.0
Ethambutol,embB,embB_p.Gly696Ala,3) Uncertain significance,p.G696A,0.0
Ethambutol,embC,embC_p.Gly921Asp,3) Uncertain significance,p.G921D,0.0
Ethambutol,embA,embA_p.Ala589Glu,3) Uncertain significance,p.A589E,
Ethambutol,embB,embB_p.Val612Met,3) Uncertain significance,p.V612M,0.0
Ethambutol,embA,embA_p.Asp902Glu,3) Uncertain significance,p.D902E,
Ethambutol,embB,embB_p.Ala484Thr,3) Uncertain significance,p.A484T,0.0
Ethambutol,embB,embB_p.Ser73Leu,3) Uncertain significance,p.S73L,
Ethambutol,embC,embC_p.Arg969His,3) Uncertain significance,p.R969H,0.0
Ethambutol,embC,embC_p.Pro51Leu,3) Uncertain significance,p.P51L,0.0
Ethambutol,embB,embB_p.Asp240Tyr,3) Uncertain significance,p.D240Y,0.0
Ethambutol,embA,embA_p.Asp274Gly,3) Uncertain significance,p.D274G,0.0
Ethambutol,embA,embA_p.Ile1007Leu,3) Uncertain significance,p.I1007L,0.0
Ethambutol,embC,embC_p.Met351Ile,3) Uncertain significance,p.M351I,0.0
Ethambutol,embA,embA_p.Pro327His,3) Uncertain significance,p.P327H,0.0
Ethambutol,embB,embB_p.Gly923Glu,3) Uncertain significance,p.G923E,0.0
Ethambutol,embB,embB_p.Ala90Gly,3) Uncertain significance,p.A90G,0.0
Ethambutol,embB,embB_p.Arg930His,3) Uncertain significance,p.R930H,0.0
Ethambutol,embC,embC_p.Ala612Val,3) Uncertain significance,p.A612V,0.0
Ethambutol,embA,embA_p.Ser250Arg,3) Uncertain significance,p.S250R,0.0
Ethambutol,embB,embB_p.Pro59Thr,3) Uncertain significance,p.P59T,0.0
Ethambutol,embB,embB_p.Ile284Leu,3) Uncertain significance,p.I284L,0.0
Ethambutol,embC,embC_p.Pro138Ser,3) Uncertain significance,p.P138S,0.0
Ethambutol,embC,embC_p.Met524Ile,3) Uncertain significance,p.M524I,0.0
Ethambutol,embB,embB_p.His342Asn,3) Uncertain significance,p.H342N,0.0
Ethambutol,embB,embB_p.Gly745Ala,3) Uncertain significance,p.G745A,
Ethambutol,embA,embA_p.Ala436Val,3) Uncertain significance,p.A436V,0.0
Ethambutol,embB,embB_p.Ala21Thr,3) Uncertain significance,p.A21T,0.0
Ethambutol,embA,embA_p.Arg358Gln,3) Uncertain significance,p.R358Q,
Ethambutol,embA,embA_p.Val676Ile,3) Uncertain significance,p.V676I,
Ethambutol,embA,embA_p.Ala334Val,3) Uncertain significance,p.A334V,0.0
Ethambutol,embB,embB_p.Ala357Thr,3) Uncertain significance,p.A357T,0.0
Ethambutol,embB,embB_p.Tyr1018His,3) Uncertain significance,p.Y1018H,0.0
Ethambutol,embC,embC_p.Ala426Pro,3) Uncertain significance,p.A426P,0.0
Ethambutol,embC,embC_p.Arg366Leu,3) Uncertain significance,p.R366L,0.0
Ethambutol,embA,embA_p.Arg229Lys,3) Uncertain significance,p.R229K,0.0
Ethambutol,embB,embB_p.Val614Leu,3) Uncertain significance,p.V614L,0.0
Ethambutol,embA,embA_p.Thr652Met,3) Uncertain significance,p.T652M,0.0
Ethambutol,embC,embC_p.Gly764Asp,3) Uncertain significance,p.G764D,0.0
Ethambutol,embC,embC_p.Val337Ile,3) Uncertain significance,p.V337I,0.0
Ethambutol,ubiA,ubiA_p.Ala80Thr,3) Uncertain significance,p.A80T,0.0
Ethambutol,embB,embB_p.Ala155Thr,3) Uncertain significance,p.A155T,0.0
Ethambutol,embC,embC_p.Val198Phe,3) Uncertain significance,p.V198F,0.0
Ethambutol,embA,embA_p.Ala719Thr,3) Uncertain significance,p.A719T,
Ethambutol,embB,embB_p.Ser344Arg,3) Uncertain significance,p.S344R,0.0
Ethambutol,embB,embB_p.Arg122His,3) Uncertain significance,p.R122H,0.0
Ethambutol,embB,embB_p.Phe398Leu,3) Uncertain significance,p.F398L,0.0
Ethambutol,embC,embC_p.Met550Ile,3) Uncertain significance,p.M550I,0.0
Ethambutol,embA,embA_p.His10Asn,3) Uncertain significance,p.H10N,0.0
Ethambutol,ubiA,ubiA_p.Thr216Ser,3) Uncertain significance,p.T216S,0.0
Ethambutol,embA,embA_p.Gly1085Ser,3) Uncertain significance,p.G1085S,0.0
Ethambutol,embC,embC_p.Ala701Thr,3) Uncertain significance,p.A701T,0.0
Ethambutol,embB,embB_p.Ala431Pro,3) Uncertain significance,p.A431P,0.0
Ethambutol,embA,embA_p.Ala316Gly,3) Uncertain significance,p.A316G,0.0
Ethambutol,embC,embC_p.Ala378Thr,3) Uncertain significance,p.A378T,0.0
Ethambutol,embB,embB_p.Asp240Val,3) Uncertain significance,p.D240V,0.0
Ethambutol,embB,embB_p.Ser617Leu,3) Uncertain significance,p.S617L,0.0
Ethambutol,embB,embB_p.Met714Ile,3) Uncertain significance,p.M714I,
Ethambutol,embA,embA_p.Leu908Val,3) Uncertain significance,p.L908V,0.0
Ethambutol,ubiA,ubiA_p.Val14Ala,3) Uncertain significance,p.V14A,0.0
Ethambutol,embA,embA_p.Leu1037Pro,3) Uncertain significance,p.L1037P,0.0
Ethambutol,embA,embA_p.Leu452Met,3) Uncertain significance,p.L452M,0.0
Ethambutol,embC,embC_p.Pro150Thr,3) Uncertain significance,p.P150T,0.0
Ethambutol,embB,embB_p.Val1071Phe,3) Uncertain significance,p.V1071F,0.0
Ethambutol,embC,embC_p.Met1040Thr,3) Uncertain significance,p.M1040T,0.0
Ethambutol,embB,embB_p.Asp166Ala,3) Uncertain significance,p.D166A,0.0
Ethambutol,embB,embB_p.Ala517Thr,3) Uncertain significance,p.A517T,0.0
Ethambutol,embC,embC_p.Asp903Glu,3) Uncertain significance,p.D903E,0.0
Ethambutol,embB,embB_p.Thr1069Pro,3) Uncertain significance,p.T1069P,0.0
Ethambutol,embC,embC_p.His911Gln,3) Uncertain significance,p.H911Q,
Ethambutol,embA,embA_p.Ala477Gly,3) Uncertain significance,p.A477G,0.0
Ethambutol,embA,embA_p.Pro774Ser,3) Uncertain significance,p.P774S,
Ethambutol,embC,embC_p.Gly383Ser,3) Uncertain significance,p.G383S,0.0
Ethambutol,ubiA,ubiA_p.Val49Ala,3) Uncertain significance,p.V49A,0.0
Ethambutol,embC,embC_p.Arg9Ser,3) Uncertain significance,p.R9S,0.0
Ethambutol,embA,embA_p.Ser516Pro,3) Uncertain significance,p.S516P,0.0
Ethambutol,embC,embC_p.Val946Ile,3) Uncertain significance,p.V946I,0.0
Ethambutol,embC,embC_p.Ala701Gly,3) Uncertain significance,p.A701G,0.0
Ethambutol,embA,embA_p.Ala255Thr,3) Uncertain significance,p.A255T,0.0
Ethambutol,embB,embB_p.Gly745Arg,3) Uncertain significance,p.G745R,0.0
Ethambutol,embC,embC_p.Ser304Pro,3) Uncertain significance,p.S304P,
Ethambutol,embB,embB_p.Asp178His,3) Uncertain significance,p.D178H,
Ethambutol,embC,embC_p.Gly23Arg,3) Uncertain significance,p.G23R,
Ethambutol,embC,embC_p.Ile517Val,3) Uncertain significance,p.I517V,0.0
Ethambutol,embB,embB_p.Trp332Leu,3) Uncertain significance,p.W332L,0.0
Ethambutol,embA,embA_p.Gly200Ala,3) Uncertain significance,p.G200A,
Ethambutol,embA,embA_p.Pro913Leu,3) Uncertain significance,p.P913L,
Ethambutol,embB,embB_p.Gly474Asp,3) Uncertain significance,p.G474D,0.0
Ethambutol,embC,embC_p.Ala416Ser,3) Uncertain significance,p.A416S,0.0
Ethambutol,embB,embB_p.Leu239Arg,3) Uncertain significance,p.L239R,0.0
Ethambutol,embB,embB_p.Glu378Asp,3) Uncertain significance,p.E378D,
Ethambutol,embC,embC_p.Trp268Cys,3) Uncertain significance,p.W268C,
Ethambutol,embA,embA_p.Gly841Ala,3) Uncertain significance,p.G841A,0.0
Ethambutol,embB,embB_p.Ile666Thr,3) Uncertain significance,p.I666T,0.0
Ethambutol,embC,embC_p.Asn1028Lys,3) Uncertain significance,p.N1028K,
Ethambutol,embC,embC_p.Gly988Glu,3) Uncertain significance,p.G988E,0.0
Ethambutol,embA,embA_p.Ala448Gly,3) Uncertain significance,p.A448G,0.0
Ethambutol,embB,embB_p.Phe161Leu,3) Uncertain significance,p.F161L,0.0
Ethambutol,embA,embA_p.Ile413Val,3) Uncertain significance,p.I413V,0.0
Ethambutol,embB,embB_p.Ala861Thr,3) Uncertain significance,p.A861T,0.0
Ethambutol,embB,embB_p.Tyr384Ser,3) Uncertain significance,p.Y384S,0.0
Ethambutol,embC,embC_p.Gly813Glu,3) Uncertain significance,p.G813E,0.0
Ethambutol,embB,embB_p.Val309Phe,3) Uncertain significance,p.V309F,0.0
Ethambutol,embA,embA_p.Gly1085Val,3) Uncertain significance,p.G1085V,0.0
Ethambutol,embC,embC_p.Phe581Val,3) Uncertain significance,p.F581V,0.0
Ethambutol,embA,embA_p.Thr113Arg,3) Uncertain significance,p.T113R,0.0
Ethambutol,embC,embC_p.Thr241Ile,3) Uncertain significance,p.T241I,0.0
Ethambutol,embB,embB_p.Val116Ile,3) Uncertain significance,p.V116I,
Ethambutol,embB,embB_p.Gly851Val,3) Uncertain significance,p.G851V,0.0
Ethambutol,embC,embC_p.Thr873Ala,3) Uncertain significance,p.T873A,0.0
Ethambutol,embA,embA_p.Arg282Trp,3) Uncertain significance,p.R282W,0.0
Ethambutol,embB,embB_p.Gly1005Ala,3) Uncertain significance,p.G1005A,0.0
Ethambutol,embC,embC_p.Pro564Leu,3) Uncertain significance,p.P564L,0.0
Ethambutol,embB,embB_p.Val566Met,3) Uncertain significance,p.V566M,0.0
Ethambutol,embC,embC_p.His336Gln,3) Uncertain significance,p.H336Q,0.0
Ethambutol,embC,embC_p.Leu43Pro,3) Uncertain significance,p.L43P,0.0
Ethambutol,embB,embB_p.Ala432Val,3) Uncertain significance,p.A432V,
Ethambutol,embA,embA_p.Glu951Lys,3) Uncertain significance,p.E951K,
Ethambutol,embA,embA_p.Val283Leu,3) Uncertain significance,p.V283L,
Ethambutol,embC,embC_p.Val238Ile,3) Uncertain significance,p.V238I,0.0
Ethambutol,embA,embA_p.Gly220Met,3) Uncertain significance,p.G220M,0.0
Ethambutol,embB,embB_p.Leu1053Val,3) Uncertain significance,p.L1053V,0.0
Ethambutol,embB,embB_p.Ala388Val,3) Uncertain significance,p.A388V,0.0
Ethambutol,embC,embC_p.Trp389Cys,3) Uncertain significance,p.W389C,0.0
Ethambutol,embB,embB_p.Ala54Thr,3) Uncertain significance,p.A54T,0.0
Ethambutol,embA,embA_p.Pro645Arg,3) Uncertain significance,p.P645R,0.0
Ethambutol,embB,embB_p.Asp758Asn,3) Uncertain significance,p.D758N,0.0
Ethambutol,embB,embB_p.Ala630Thr,3) Uncertain significance,p.A630T,0.0
Ethambutol,embB,embB_p.Ser980Ala,3) Uncertain significance,p.S980A,0.0
Ethambutol,embC,embC_p.Arg9His,3) Uncertain significance,p.R9H,0.0
Ethambutol,embA,embA_p.Pro754Ala,3) Uncertain significance,p.P754A,0.0
Ethambutol,embB,embB_p.Phe440Ser,3) Uncertain significance,p.F440S,0.0
Ethambutol,embB,embB_p.Gly792Ser,3) Uncertain significance,p.G792S,0.0
Ethambutol,embB,embB_p.Gly443Ser,3) Uncertain significance,p.G443S,0.0
Ethambutol,embA,embA_p.Asp678Asn,3) Uncertain significance,p.D678N,0.0
Ethambutol,embA,embA_p.Thr300Ala,3) Uncertain significance,p.T300A,0.0
Ethambutol,embA,embA_p.Pro1087Ser,3) Uncertain significance,p.P1087S,0.0
Ethambutol,embA,embA_p.Val479Glu,3) Uncertain significance,p.V479E,0.0
Ethambutol,embB,embB_p.Ala386Thr,3) Uncertain significance,p.A386T,0.0
Ethambutol,embB,embB_p.Asp311Phe,3) Uncertain significance,p.D311F,0.0
Ethambutol,embB,embB_p.Thr520Ser,3) Uncertain significance,p.T520S,0.0
Ethambutol,embB,embB_p.Pro708Leu,3) Uncertain significance,p.P708L,0.0
Ethambutol,embB,embB_p.Phe763Val,3) Uncertain significance,p.F763V,
Ethambutol,embC,embC_p.Met231Ile,3) Uncertain significance,p.M231I,0.0
Ethambutol,embB,embB_p.Val444Met,3) Uncertain significance,p.V444M,0.0
Ethambutol,ubiA,ubiA_p.Ala94Thr,3) Uncertain significance,p.A94T,
Ethambutol,embC,embC_p.Asp775Glu,3) Uncertain significance,p.D775E,
Ethambutol,embB,embB_p.Arg464Leu,3) Uncertain significance,p.R464L,
Ethambutol,embB,embB_p.Val292Leu,3) Uncertain significance,p.V292L,0.0
Ethambutol,embA,embA_p.Phe529Leu,3) Uncertain significance,p.F529L,0.0
Ethambutol,ubiA,ubiA_p.Asp4Asn,3) Uncertain significance,p.D4N,0.0
Ethambutol,embC,embC_p.Ala953Ser,3) Uncertain significance,p.A953S,0.0
Ethambutol,embB,embB_p.Glu976Gln,3) Uncertain significance,p.E976Q,
Ethambutol,embC,embC_p.Ala57Thr,3) Uncertain significance,p.A57T,0.0
Ethambutol,embA,embA_p.His140Asp,3) Uncertain significance,p.H140D,0.0
Ethambutol,embB,embB_p.Arg620Pro,3) Uncertain significance,p.R620P,0.0
Ethambutol,embB,embB_p.Ala1073Val,3) Uncertain significance,p.A1073V,0.0
Ethambutol,embC,embC_p.Ala505Gly,3) Uncertain significance,p.A505G,
Ethambutol,embB,embB_p.Arg568His,3) Uncertain significance,p.R568H,0.0
Ethambutol,embB,embB_p.Ala567Thr,3) Uncertain significance,p.A567T,0.0
Ethambutol,ubiA,ubiA_p.Val17Leu,3) Uncertain significance,p.V17L,0.0
Ethambutol,embC,embC_p.Ala887Val,3) Uncertain significance,p.A887V,0.0
Ethambutol,embC,embC_p.Phe1016Ser,3) Uncertain significance,p.F1016S,0.0
Ethambutol,embA,embA_p.Asn629Tyr,3) Uncertain significance,p.N629Y,0.0
Ethambutol,embB,embB_p.Asp127Ala,3) Uncertain significance,p.D127A,0.0
Ethambutol,embB,embB_p.Leu558Phe,3) Uncertain significance,p.L558F,0.0
Ethambutol,embC,embC_p.Arg688Leu,3) Uncertain significance,p.R688L,0.0
Ethambutol,embA,embA_p.Pro455Leu,3) Uncertain significance,p.P455L,
Ethambutol,embC,embC_p.Leu236Val,3) Uncertain significance,p.L236V,
Ethambutol,embB,embB_p.Leu472Val,3) Uncertain significance,p.L472V,0.0
Ethambutol,embC,embC_p.Arg30Gln,3) Uncertain significance,p.R30Q,0.0
Ethambutol,embA,embA_p.Asp235Ala,3) Uncertain significance,p.D235A,0.0
Ethambutol,embC,embC_p.His910Asn,3) Uncertain significance,p.H910N,0.0
Ethambutol,embC,embC_p.Trp1053Arg,3) Uncertain significance,p.W1053R,
Ethambutol,embA,embA_p.Leu221Met,3) Uncertain significance,p.L221M,0.0
Ethambutol,ubiA,ubiA_p.Val105Ala,3) Uncertain significance,p.V105A,0.0
Ethambutol,embB,embB_p.Arg1059Gly,3) Uncertain significance,p.R1059G,0.0
Ethambutol,embB,embB_p.Thr546Ala,3) Uncertain significance,p.T546A,0.0
Ethambutol,embB,embB_p.Leu777Val,3) Uncertain significance,p.L777V,0.0
Ethambutol,embC,embC_p.Arg266His,3) Uncertain significance,p.R266H,
Ethambutol,ubiA,ubiA_p.Thr104Ile,3) Uncertain significance,p.T104I,0.0
Ethambutol,embC,embC_p.Asn762Ser,3) Uncertain significance,p.N762S,0.0
Ethambutol,embB,embB_p.Thr732Ile,3) Uncertain significance,p.T732I,0.0
Ethambutol,embA,embA_p.Ile30Val,3) Uncertain significance,p.I30V,0.0
Ethambutol,embA,embA_p.Leu659Ser,3) Uncertain significance,p.L659S,
Ethambutol,embC,embC_p.Pro1072Leu,3) Uncertain significance,p.P1072L,
Ethambutol,embA,embA_p.Leu34Arg,3) Uncertain significance,p.L34R,0.0
Ethambutol,embB,embB_p.Ala5Thr,3) Uncertain significance,p.A5T,0.0
Ethambutol,embC,embC_p.Ser213Asn,3) Uncertain significance,p.S213N,0.0
Ethambutol,embA,embA_p.Ala127Val,3) Uncertain significance,p.A127V,0.0
Ethambutol,embB,embB_p.Phe79Leu,3) Uncertain significance,p.F79L,0.0
Ethambutol,embB,embB_p.Pro731Leu,3) Uncertain significance,p.P731L,0.0
Ethambutol,embA,embA_p.Gly1048Arg,3) Uncertain significance,p.G1048R,0.0
Ethambutol,embB,embB_p.Pro143Ser,3) Uncertain significance,p.P143S,0.0
Ethambutol,embC,embC_p.Thr795Ala,3) Uncertain significance,p.T795A,0.0
Ethambutol,embC,embC_p.Asp811Asn,3) Uncertain significance,p.D811N,0.0
Ethambutol,embB,embB_p.Ala33Pro,3) Uncertain significance,p.A33P,
Ethambutol,embB,embB_p.Lys107Glu,3) Uncertain significance,p.K107E,
Ethambutol,embB,embB_p.Pro183Ser,3) Uncertain significance,p.P183S,0.0
Ethambutol,embA,embA_p.Val627Ala,3) Uncertain significance,p.V627A,0.0
Ethambutol,embA,embA_p.Ala415Val,3) Uncertain significance,p.A415V,0.0
Ethambutol,embA,embA_p.Ala930Val,3) Uncertain significance,p.A930V,0.0
Ethambutol,embB,embB_p.Arg464Gln,3) Uncertain significance,p.R464Q,0.0
Ethambutol,embB,embB_p.Ala693Thr,3) Uncertain significance,p.A693T,0.0
Ethambutol,embB,embB_p.Ala386Ser,3) Uncertain significance,p.A386S,0.0
Ethambutol,embA,embA_p.Ser994Phe,3) Uncertain significance,p.S994F,0.0
Ethambutol,embB,embB_p.Asp869Glu,3) Uncertain significance,p.D869E,0.0
Ethambutol,embC,embC_p.Val388Ile,3) Uncertain significance,p.V388I,0.0
Ethambutol,embA,embA_p.Val1074Ala,3) Uncertain significance,p.V1074A,0.0
Ethambutol,embA,embA_p.Val534Leu,3) Uncertain significance,p.V534L,0.0
Ethambutol,embC,embC_p.Met727Val,3) Uncertain significance,p.M727V,0.0
Ethambutol,embA,embA_p.Thr899Ala,3) Uncertain significance,p.T899A,0.0
Ethambutol,embC,embC_p.Ile459Met,3) Uncertain significance,p.I459M,0.0
Ethambutol,embC,embC_p.Glu4Ala,3) Uncertain significance,p.E4A,
Ethambutol,embB,embB_p.Ser272Asn,3) Uncertain significance,p.S272N,0.0
Ethambutol,embB,embB_p.Tyr319Asn,3) Uncertain significance,p.Y319N,
Ethambutol,embC,embC_p.Gly101Ala,3) Uncertain significance,p.G101A,0.0
Ethambutol,embB,embB_p.Pro766Arg,3) Uncertain significance,p.P766R,0.0
Ethambutol,embB,embB_p.Ser22Phe,3) Uncertain significance,p.S22F,0.0
Ethambutol,embC,embC_p.Leu39Pro,3) Uncertain significance,p.L39P,0.0
Ethambutol,embC,embC_p.Gly610Ser,3) Uncertain significance,p.G610S,
Ethambutol,embC,embC_p.Ser551Trp,3) Uncertain significance,p.S551W,
Ethambutol,embA,embA_p.Leu868Pro,3) Uncertain significance,p.L868P,0.0
Ethambutol,embB,embB_p.Ala720Val,3) Uncertain significance,p.A720V,
Ethambutol,embA,embA_p.Pro164Ala,3) Uncertain significance,p.P164A,0.0
Ethambutol,embA,embA_p.Arg68His,3) Uncertain significance,p.R68H,0.0
Ethambutol,embB,embB_p.Pro866Ser,3) Uncertain significance,p.P866S,
Ethambutol,embA,embA_p.Arg245Trp,3) Uncertain significance,p.R245W,
Ethambutol,embA,embA_p.Asn377Gly,3) Uncertain significance,p.N377G,0.0
Ethambutol,embC,embC_p.Pro707Leu,3) Uncertain significance,p.P707L,0.0
Ethambutol,embA,embA_p.Met840Val,3) Uncertain significance,p.M840V,
Ethambutol,embC,embC_p.Thr253Ile,3) Uncertain significance,p.T253I,0.0
Ethambutol,embC,embC_p.Asn788Asp,3) Uncertain significance,p.N788D,
Ethambutol,embC,embC_p.Leu14Ile,3) Uncertain significance,p.L14I,0.1111111111111111
Ethambutol,embB,embB_p.Ala505Pro,3) Uncertain significance,p.A505P,0.0
Ethambutol,embC,embC_p.Gly211Ala,3) Uncertain significance,p.G211A,0.0
Ethambutol,embA,embA_p.Thr300Pro,3) Uncertain significance,p.T300P,0.0
Ethambutol,embB,embB_p.Gly1092Ala,3) Uncertain significance,p.G1092A,0.0
Ethambutol,embA,embA_p.Leu925Val,3) Uncertain significance,p.L925V,0.0
Ethambutol,embB,embB_p.Val436Ile,3) Uncertain significance,p.V436I,0.0
Ethambutol,embB,embB_p.Tyr519His,3) Uncertain significance,p.Y519H,0.0
Ethambutol,embC,embC_p.Ile1035Val,3) Uncertain significance,p.I1035V,
Ethambutol,embC,embC_p.Glu520Gln,3) Uncertain significance,p.E520Q,0.0
Ethambutol,embA,embA_p.Ser309Ala,3) Uncertain significance,p.S309A,
Ethambutol,embA,embA_p.Ala430Thr,3) Uncertain significance,p.A430T,
Ethambutol,embA,embA_p.Ala95Thr,3) Uncertain significance,p.A95T,
Ethambutol,embC,embC_p.Leu331Pro,3) Uncertain significance,p.L331P,
Ethambutol,embB,embB_p.Val963Met,3) Uncertain significance,p.V963M,
Ethambutol,embB,embB_p.His872Tyr,3) Uncertain significance,p.H872Y,
Ethambutol,embC,embC_p.Ile364Asn,3) Uncertain significance,p.I364N,0.0
Ethambutol,embC,embC_p.Ala6Ser,3) Uncertain significance,p.A6S,0.0
Ethambutol,embB,embB_p.Val162Gly,3) Uncertain significance,p.V162G,0.0
Ethambutol,embA,embA_p.Arg325Cys,3) Uncertain significance,p.R325C,
Ethambutol,embC,embC_p.Ala539Val,3) Uncertain significance,p.A539V,0.0
Ethambutol,embB,embB_p.Pro531His,3) Uncertain significance,p.P531H,
Ethambutol,embA,embA_p.Gln1059Pro,3) Uncertain significance,p.Q1059P,
Ethambutol,embA,embA_p.Ala457Glu,3) Uncertain significance,p.A457E,0.0
Ethambutol,embB,embB_p.Pro706Ser,3) Uncertain significance,p.P706S,0.0
Ethambutol,embC,embC_p.Arg967Trp,3) Uncertain significance,p.R967W,0.0
Ethambutol,embC,embC_p.Ala990Pro,3) Uncertain significance,p.A990P,0.0
Ethambutol,embA,embA_p.Pro763Ser,3) Uncertain significance,p.P763S,
Ethambutol,embB,embB_p.Arg469His,3) Uncertain significance,p.R469H,0.0
Ethambutol,embB,embB_p.Gly895Arg,3) Uncertain significance,p.G895R,0.0
Ethambutol,embA,embA_p.Gly1083Asp,3) Uncertain significance,p.G1083D,
Ethambutol,embA,embA_p.Thr604Arg,3) Uncertain significance,p.T604R,0.0
Ethambutol,embA,embA_p.Asp235Asn,3) Uncertain significance,p.D235N,
Ethambutol,embC,embC_p.Leu766Pro,3) Uncertain significance,p.L766P,0.0
Ethambutol,embA,embA_p.Thr983Ala,3) Uncertain significance,p.T983A,0.0
Ethambutol,embC,embC_p.Thr1036Asn,3) Uncertain significance,p.T1036N,0.0
Ethambutol,embA,embA_p.Phe362Val,3) Uncertain significance,p.F362V,
Ethambutol,ubiA,ubiA_p.Glu83Lys,3) Uncertain significance,p.E83K,0.0
Ethambutol,embC,embC_p.Pro73Gln,3) Uncertain significance,p.P73Q,0.0
Ethambutol,embB,embB_p.Asn400Ser,3) Uncertain significance,p.N400S,0.0
Ethambutol,embB,embB_p.Asp191Glu,3) Uncertain significance,p.D191E,0.0
Ethambutol,embB,embB_p.His687Tyr,3) Uncertain significance,p.H687Y,
Ethambutol,embC,embC_p.Pro150Ser,3) Uncertain significance,p.P150S,0.0
Ethambutol,embB,embB_p.Gly1005Asp,3) Uncertain significance,p.G1005D,0.0
Ethambutol,embA,embA_p.Phe987Leu,3) Uncertain significance,p.F987L,0.0
Ethambutol,embB,embB_p.Gly871Val,3) Uncertain significance,p.G871V,
Ethambutol,embB,embB_p.Gly96Glu,3) Uncertain significance,p.G96E,0.0
Ethambutol,embB,embB_p.Ala945Thr,3) Uncertain significance,p.A945T,0.0
Ethambutol,embB,embB_p.Ala716Val,3) Uncertain significance,p.A716V,0.0
Ethambutol,embA,embA_p.Ala477Thr,3) Uncertain significance,p.A477T,0.0
Ethambutol,embC,embC_p.Ala792Thr,3) Uncertain significance,p.A792T,0.0
Ethambutol,embA,embA_p.Gly547Arg,3) Uncertain significance,p.G547R,0.0
Ethambutol,embA,embA_p.Thr308Ile,3) Uncertain significance,p.T308I,0.0
Ethambutol,embB,embB_p.Pro12Ser,3) Uncertain significance,p.P12S,0.0
Ethambutol,embB,embB_p.Arg257Gln,3) Uncertain significance,p.R257Q,0.0
Ethambutol,embA,embA_p.Asp144Gly,3) Uncertain significance,p.D144G,0.0
Ethambutol,embC,embC_p.Ala828Thr,3) Uncertain significance,p.A828T,0.0
Ethambutol,embA,embA_p.Gly700Cys,3) Uncertain significance,p.G700C,
Ethambutol,embA,embA_p.Lys816Asn,3) Uncertain significance,p.K816N,0.0
Ethambutol,embA,embA_p.Met668Ile,3) Uncertain significance,p.M668I,0.0
Ethambutol,embC,embC_p.Val218Ala,3) Uncertain significance,p.V218A,0.0
Ethambutol,embC,embC_p.Ala377Thr,3) Uncertain significance,p.A377T,
Ethambutol,embB,embB_p.Glu138Ala,3) Uncertain significance,p.E138A,0.0
Ethambutol,embB,embB_p.Ala928Thr,3) Uncertain significance,p.A928T,0.0
Ethambutol,embB,embB_p.Glu149Ala,3) Uncertain significance,p.E149A,
Ethambutol,embA,embA_p.Leu347Arg,3) Uncertain significance,p.L347R,
Ethambutol,embC,embC_p.Ala484Thr,3) Uncertain significance,p.A484T,0.0
Ethambutol,embC,embC_p.Ile815Thr,3) Uncertain significance,p.I815T,0.0
Ethambutol,embB,embB_p.Val282Ala,3) Uncertain significance,p.V282A,0.0
Ethambutol,embA,embA_p.Leu215Pro,3) Uncertain significance,p.L215P,0.0
Ethambutol,embA,embA_p.Pro1094Thr,3) Uncertain significance,p.P1094T,
Ethambutol,embB,embB_p.Asp78Glu,3) Uncertain significance,p.D78E,0.0
Ethambutol,embA,embA_p.Ser1025Leu,3) Uncertain significance,p.S1025L,
Ethambutol,embB,embB_p.Val39Leu,3) Uncertain significance,p.V39L,0.0
Ethambutol,embB,embB_p.Pro270Ala,3) Uncertain significance,p.P270A,0.0
Ethambutol,ubiA,ubiA_p.Pro10Leu,3) Uncertain significance,p.P10L,0.0
Ethambutol,embA,embA_p.Ile131Val,3) Uncertain significance,p.I131V,0.0
Ethambutol,embA,embA_p.Phe927Leu,3) Uncertain significance,p.F927L,0.0
Ethambutol,embB,embB_p.Ala201Thr,3) Uncertain significance,p.A201T,0.0
Ethambutol,ubiA,ubiA_p.Ala205Pro,3) Uncertain significance,p.A205P,0.0
Ethambutol,embB,embB_p.Met575Val,3) Uncertain significance,p.M575V,0.0
Ethambutol,embA,embA_p.Leu892Val,3) Uncertain significance,p.L892V,
Ethambutol,embA,embA_p.Glu397Lys,3) Uncertain significance,p.E397K,0.0
Ethambutol,embB,embB_p.Ala102Val,3) Uncertain significance,p.A102V,0.0
Ethambutol,embC,embC_p.Thr939Ile,3) Uncertain significance,p.T939I,0.0
Ethambutol,embA,embA_p.Pro1082Leu,3) Uncertain significance,p.P1082L,
Ethambutol,embB,embB_p.Ala684Thr,3) Uncertain significance,p.A684T,0.0
Ethambutol,embB,embB_p.Pro766Leu,3) Uncertain significance,p.P766L,0.0
Ethambutol,embA,embA_p.Leu552Pro,3) Uncertain significance,p.L552P,0.0
Ethambutol,embB,embB_p.Val50Met,3) Uncertain significance,p.V50M,0.0
Ethambutol,embC,embC_p.Val592Met,3) Uncertain significance,p.V592M,0.0
Ethambutol,embA,embA_p.Gly275Ser,3) Uncertain significance,p.G275S,
Ethambutol,embC,embC_p.Ala545Thr,3) Uncertain significance,p.A545T,0.0
Ethambutol,embA,embA_p.Arg866Gln,3) Uncertain significance,p.R866Q,0.0
Ethambutol,embC,embC_p.Pro264His,3) Uncertain significance,p.P264H,0.0
Ethambutol,embA,embA_p.Trp634Ser,3) Uncertain significance,p.W634S,0.0
Ethambutol,embA,embA_p.Ala734Thr,3) Uncertain significance,p.A734T,0.0
Ethambutol,embA,embA_p.Val89Met,3) Uncertain significance,p.V89M,0.0
Ethambutol,embB,embB_p.Pro616Thr,3) Uncertain significance,p.P616T,0.0
Ethambutol,embC,embC_p.Val19Leu,3) Uncertain significance,p.V19L,
Ethambutol,embC,embC_p.Ala1046Thr,3) Uncertain significance,p.A1046T,0.0
Ethambutol,embA,embA_p.Thr238Ile,3) Uncertain significance,p.T238I,
Ethambutol,embA,embA_p.Leu344Arg,3) Uncertain significance,p.L344R,
Ethambutol,ubiA,ubiA_p.Tyr103Ser,3) Uncertain significance,p.Y103S,0.0
Ethambutol,embC,embC_p.Gly976Asp,3) Uncertain significance,p.G976D,
Ethambutol,embC,embC_p.Asp844His,3) Uncertain significance,p.D844H,
Ethambutol,embB,embB_p.Val502Leu,3) Uncertain significance,p.V502L,0.0
Ethambutol,embA,embA_p.Ile553Leu,3) Uncertain significance,p.I553L,0.0
Ethambutol,embA,embA_p.Asp273Gly,3) Uncertain significance,p.D273G,0.0
Ethambutol,embC,embC_p.Glu71Lys,3) Uncertain significance,p.E71K,0.0
Ethambutol,embC,embC_p.Arg836His,3) Uncertain significance,p.R836H,0.0
Ethambutol,embA,embA_p.Asp865Val,3) Uncertain significance,p.D865V,0.0
Ethambutol,embA,embA_p.Pro163Leu,3) Uncertain significance,p.P163L,0.0
Ethambutol,embA,embA_p.Val458Pro,3) Uncertain significance,p.V458P,0.0
Ethambutol,embA,embA_p.Gly972Arg,3) Uncertain significance,p.G972R,
Ethambutol,embA,embA_p.Val676Ala,3) Uncertain significance,p.V676A,
Ethambutol,embC,embC_p.Thr1044Met,3) Uncertain significance,p.T1044M,0.0
Ethambutol,embB,embB_p.Ile1006Met,3) Uncertain significance,p.I1006M,0.0
Ethambutol,embB,embB_p.Ala196Thr,3) Uncertain significance,p.A196T,0.0
Ethambutol,embA,embA_p.Pro164Leu,3) Uncertain significance,p.P164L,0.0
Ethambutol,embA,embA_p.Ala159Pro,3) Uncertain significance,p.A159P,
Ethambutol,embC,embC_p.Ala46Val,3) Uncertain significance,p.A46V,0.0
Ethambutol,embA,embA_p.Gly101Ser,3) Uncertain significance,p.G101S,0.0
Ethambutol,embB,embB_p.Ala232Glu,3) Uncertain significance,p.A232E,0.0
Ethambutol,embA,embA_p.Ile196Val,3) Uncertain significance,p.I196V,0.0
Ethambutol,embB,embB_p.Val135Met,3) Uncertain significance,p.V135M,0.0
Ethambutol,embC,embC_p.Ser420Gly,3) Uncertain significance,p.S420G,0.0
Ethambutol,ubiA,ubiA_p.Val96Ala,3) Uncertain significance,p.V96A,
Ethambutol,embC,embC_p.Ile427Val,3) Uncertain significance,p.I427V,0.0
Ethambutol,embB,embB_p.Ala485Val,3) Uncertain significance,p.A485V,0.0
Ethambutol,embA,embA_p.Ile1007Val,3) Uncertain significance,p.I1007V,0.0
Ethambutol,embA,embA_p.Val396Met,3) Uncertain significance,p.V396M,0.0
Ethambutol,embB,embB_p.Thr275Asn,3) Uncertain significance,p.T275N,0.0
Ethambutol,embB,embB_p.Tyr730His,3) Uncertain significance,p.Y730H,0.0
Ethambutol,embB,embB_p.Pro461Gln,3) Uncertain significance,p.P461Q,0.0
Ethambutol,embC,embC_p.Arg462Leu,3) Uncertain significance,p.R462L,0.0
Ethambutol,embB,embB_p.Gly34Val,3) Uncertain significance,p.G34V,0.0
Ethambutol,embB,embB_p.Thr981Ala,3) Uncertain significance,p.T981A,0.0
Ethambutol,embC,embC_p.Asn53Lys,3) Uncertain significance,p.N53K,0.0
Ethambutol,embA,embA_p.Ser250Asn,3) Uncertain significance,p.S250N,0.0
Ethambutol,embB,embB_p.Arg257Trp,3) Uncertain significance,p.R257W,0.0
Ethambutol,embC,embC_p.Asp329Asn,3) Uncertain significance,p.D329N,0.0
Ethambutol,embB,embB_p.Arg367His,3) Uncertain significance,p.R367H,0.0
Ethambutol,embA,embA_p.Gly748Ser,3) Uncertain significance,p.G748S,0.0
Ethambutol,embA,embA_p.Pro75Leu,3) Uncertain significance,p.P75L,0.0
Ethambutol,embB,embB_p.Ala701Thr,3) Uncertain significance,p.A701T,0.0
Ethambutol,embC,embC_p.Ile958Leu,3) Uncertain significance,p.I958L,0.0
Ethambutol,embA,embA_p.Val541Met,3) Uncertain significance,p.V541M,
Ethambutol,embB,embB_p.Val783Ile,3) Uncertain significance,p.V783I,
Ethambutol,embC,embC_p.Thr158Ile,3) Uncertain significance,p.T158I,0.0
Ethambutol,embA,embA_p.Ile12Thr,3) Uncertain significance,p.I12T,0.0
Ethambutol,embA,embA_p.Thr100Ser,3) Uncertain significance,p.T100S,0.0
Ethambutol,embB,embB_p.Ala761Val,3) Uncertain significance,p.A761V,0.0
Ethambutol,embA,embA_p.Ala461Pro,3) Uncertain significance,p.A461P,0.0
Ethambutol,embC,embC_p.Ala771Thr,3) Uncertain significance,p.A771T,0.0
Ethambutol,embA,embA_p.Ala835Glu,3) Uncertain significance,p.A835E,0.0
Ethambutol,embC,embC_p.Thr66Pro,3) Uncertain significance,p.T66P,
Ethambutol,embA,embA_p.Tyr635His,3) Uncertain significance,p.Y635H,0.0
Ethambutol,embA,embA_p.Arg251Leu,3) Uncertain significance,p.R251L,0.0
Ethambutol,embB,embB_p.Ala840Pro,3) Uncertain significance,p.A840P,0.0
Ethambutol,embA,embA_p.Leu227Phe,3) Uncertain significance,p.L227F,0.0
Ethambutol,embC,embC_p.Leu50Val,3) Uncertain significance,p.L50V,0.0
Ethambutol,embC,embC_p.Pro772Ser,3) Uncertain significance,p.P772S,0.0
Ethambutol,embC,embC_p.Ala11Thr,3) Uncertain significance,p.A11T,0.0
Ethambutol,embA,embA_p.Gly378Ser,3) Uncertain significance,p.G378S,0.0
Ethambutol,embB,embB_p.Asp970Gly,3) Uncertain significance,p.D970G,0.0
Ethambutol,ubiA,ubiA_p.Ala249Val,3) Uncertain significance,p.A249V,0.3333333333333333
Ethambutol,embA,embA_p.Lys1012Met,3) Uncertain significance,p.K1012M,
Ethambutol,embA,embA_p.Pro752Leu,3) Uncertain significance,p.P752L,
Ethambutol,embA,embA_p.Thr238Asn,3) Uncertain significance,p.T238N,0.0
Ethambutol,embB,embB_p.Thr157Ala,3) Uncertain significance,p.T157A,0.0
Ethambutol,embB,embB_p.Arg372Cys,3) Uncertain significance,p.R372C,0.0
Ethambutol,embB,embB_p.Thr897Pro,3) Uncertain significance,p.T897P,0.0
Ethambutol,embA,embA_p.Gly623Ala,3) Uncertain significance,p.G623A,0.0
Ethambutol,embA,embA_p.Thr566Met,3) Uncertain significance,p.T566M,
Ethambutol,embC,embC_p.Asp1051Asn,3) Uncertain significance,p.D1051N,0.0
Ethambutol,ubiA,ubiA_p.Val147Met,3) Uncertain significance,p.V147M,0.5
Ethambutol,embB,embB_p.Ala705Thr,3) Uncertain significance,p.A705T,0.0
Ethambutol,embB,embB_p.Phe285Leu,3) Uncertain significance,p.F285L,0.0
Ethambutol,embA,embA_p.Thr588Ile,3) Uncertain significance,p.T588I,0.0
Ethambutol,ubiA,ubiA_p.Val44Ala,3) Uncertain significance,p.V44A,0.0
Ethambutol,embB,embB_p.Gly25Ala,3) Uncertain significance,p.G25A,0.0
Ethambutol,embB,embB_p.Ser426Asn,3) Uncertain significance,p.S426N,0.0
Ethambutol,embC,embC_p.Glu719Gly,3) Uncertain significance,p.E719G,0.0
Ethambutol,embB,embB_p.Thr822Met,3) Uncertain significance,p.T822M,0.0
Ethambutol,embA,embA_p.Val698Ile,3) Uncertain significance,p.V698I,0.0
Ethambutol,embA,embA_p.Ala148Glu,3) Uncertain significance,p.A148E,
Ethambutol,ubiA,ubiA_p.Val130Ala,3) Uncertain significance,p.V130A,
Ethambutol,embA,embA_p.Ala438Thr,3) Uncertain significance,p.A438T,
Ethambutol,embB,embB_p.Gly156Asp,3) Uncertain significance,p.G156D,0.0
Ethambutol,embA,embA_p.Pro976Leu,3) Uncertain significance,p.P976L,0.0
Ethambutol,embC,embC_p.Asp129Asn,3) Uncertain significance,p.D129N,0.0
Ethambutol,embB,embB_p.Asn886Thr,3) Uncertain significance,p.N886T,0.0
Ethambutol,embC,embC_p.Val358Ala,3) Uncertain significance,p.V358A,0.0
Ethambutol,embA,embA_p.Ala159Ser,3) Uncertain significance,p.A159S,0.0
Ethambutol,embC,embC_p.Val943Ile,3) Uncertain significance,p.V943I,0.0
Ethambutol,embC,embC_p.Thr319Ala,3) Uncertain significance,p.T319A,0.0
Ethambutol,embA,embA_p.Leu964Met,3) Uncertain significance,p.L964M,0.0
Ethambutol,embB,embB_p.Met265Ile,3) Uncertain significance,p.M265I,0.0
Ethambutol,embB,embB_p.Ala950Val,3) Uncertain significance,p.A950V,0.0
Ethambutol,embB,embB_p.Leu638Ser,3) Uncertain significance,p.L638S,0.0
Ethambutol,embA,embA_p.Ser809Phe,3) Uncertain significance,p.S809F,0.0
Ethambutol,embB,embB_p.Lys938Asn,3) Uncertain significance,p.K938N,0.0
Ethambutol,ubiA,ubiA_p.Gly116Cys,3) Uncertain significance,p.G116C,0.0
Ethambutol,embC,embC_p.Pro7Ser,3) Uncertain significance,p.P7S,0.0
Ethambutol,embA,embA_p.Ser768Ile,3) Uncertain significance,p.S768I,0.0
Ethambutol,embC,embC_p.Leu229Arg,3) Uncertain significance,p.L229R,0.0
Ethambutol,embA,embA_p.Pro802Leu,3) Uncertain significance,p.P802L,0.0
Ethambutol,embA,embA_p.Gly321Ala,3) Uncertain significance,p.G321A,
Ethambutol,embC,embC_p.Arg556Leu,3) Uncertain significance,p.R556L,0.0
Ethambutol,embB,embB_p.Ala608Thr,3) Uncertain significance,p.A608T,0.0
Ethambutol,embB,embB_p.Phe688Cys,3) Uncertain significance,p.F688C,0.0
Ethambutol,embA,embA_p.Trp624Cys,3) Uncertain significance,p.W624C,0.0
Ethambutol,embA,embA_p.Ala874Thr,3) Uncertain significance,p.A874T,
Ethambutol,embC,embC_p.Phe262Cys,3) Uncertain significance,p.F262C,0.0
Ethambutol,ubiA,ubiA_p.Phe59Cys,3) Uncertain significance,p.F59C,0.75
Ethambutol,embB,embB_p.Gly305Cys,3) Uncertain significance,p.G305C,0.0
Ethambutol,embA,embA_p.Tyr307His,3) Uncertain significance,p.Y307H,0.0
Ethambutol,embC,embC_p.Phe535Ile,3) Uncertain significance,p.F535I,0.0
Ethambutol,embB,embB_p.Asp814Ala,3) Uncertain significance,p.D814A,0.0
Ethambutol,embC,embC_p.Leu603Arg,3) Uncertain significance,p.L603R,0.0
Ethambutol,embC,embC_p.Gln153Arg,3) Uncertain significance,p.Q153R,0.0
Ethambutol,ubiA,ubiA_p.Ile259Val,3) Uncertain significance,p.I259V,0.0
Ethambutol,embA,embA_p.Gly353Arg,3) Uncertain significance,p.G353R,0.0
Ethambutol,embA,embA_p.Glu779Gln,3) Uncertain significance,p.E779Q,0.0
Ethambutol,embB,embB_p.Asp311Ala,3) Uncertain significance,p.D311A,0.0
Ethambutol,embC,embC_p.Val548Met,3) Uncertain significance,p.V548M,0.0
Ethambutol,embA,embA_p.Ala291Thr,3) Uncertain significance,p.A291T,0.0
Ethambutol,embA,embA_p.Arg1047Gly,3) Uncertain significance,p.R1047G,0.0
Ethambutol,embB,embB_p.Ala1083Glu,3) Uncertain significance,p.A1083E,0.0
Ethambutol,embC,embC_p.Gly190Ser,3) Uncertain significance,p.G190S,0.0
Ethambutol,embB,embB_p.Ala113Thr,3) Uncertain significance,p.A113T,
Ethambutol,embB,embB_p.Ala388Asp,3) Uncertain significance,p.A388D,0.0
Ethambutol,embC,embC_p.Arg802His,3) Uncertain significance,p.R802H,0.0
Ethambutol,embB,embB_p.Asp952Glu,3) Uncertain significance,p.D952E,0.0
Ethambutol,embB,embB_p.Pro1091Gln,3) Uncertain significance,p.P1091Q,
Ethambutol,embC,embC_p.Val104Met,3) Uncertain significance,p.V104M,0.02903225806451613
Ethambutol,ubiA,ubiA_p.Val111Gly,3) Uncertain significance,p.V111G,0.0
Ethambutol,embC,embC_p.Asp686His,3) Uncertain significance,p.D686H,0.0
Ethambutol,embA,embA_p.Val18Ile,3) Uncertain significance,p.V18I,0.0
Ethambutol,embC,embC_p.Ile728Val,3) Uncertain significance,p.I728V,0.0
Ethambutol,embB,embB_p.Asn129Asp,3) Uncertain significance,p.N129D,0.0
Ethambutol,embB,embB_p.Phe676Ser,3) Uncertain significance,p.F676S,0.0
Ethambutol,embA,embA_p.Thr983Ile,3) Uncertain significance,p.T983I,0.0
Ethambutol,embA,embA_p.Asp1049Ala,3) Uncertain significance,p.D1049A,0.0
Ethambutol,embA,embA_p.Lys789Gln,3) Uncertain significance,p.K789Q,0.0
Ethambutol,embC,embC_p.Arg738Trp,3) Uncertain significance,p.R738W,0.0
Ethambutol,embC,embC_p.Val19Met,3) Uncertain significance,p.V19M,0.0
Ethambutol,embB,embB_p.Val493Met,3) Uncertain significance,p.V493M,
Ethambutol,embC,embC_p.Gly821Ser,3) Uncertain significance,p.G821S,
Ethambutol,embB,embB_p.Gly65Ser,3) Uncertain significance,p.G65S,0.0
Ethambutol,embC,embC_p.Ala205Ser,3) Uncertain significance,p.A205S,0.0
Ethambutol,embC,embC_p.Ser565Gly,3) Uncertain significance,p.S565G,0.0
Ethambutol,embB,embB_p.Val803Met,3) Uncertain significance,p.V803M,
Ethambutol,ubiA,ubiA_p.Glu3Lys,3) Uncertain significance,p.E3K,0.0
Ethambutol,ubiA,ubiA_p.Val18Phe,3) Uncertain significance,p.V18F,0.0
Ethambutol,embB,embB_p.Val755Ile,3) Uncertain significance,p.V755I,0.0
Ethambutol,embB,embB_p.Thr31Ala,3) Uncertain significance,p.T31A,0.0
Ethambutol,embA,embA_p.Arg380Leu,3) Uncertain significance,p.R380L,
Ethambutol,embA,embA_p.Pro156Leu,3) Uncertain significance,p.P156L,0.0
Ethambutol,embB,embB_p.Gly1097Ser,3) Uncertain significance,p.G1097S,0.0
Ethambutol,embA,embA_p.Val898Phe,3) Uncertain significance,p.V898F,0.0
Ethambutol,embB,embB_p.Val566Leu,3) Uncertain significance,p.V566L,0.0
Ethambutol,embB,embB_p.Tyr848His,3) Uncertain significance,p.Y848H,0.0
Ethambutol,embB,embB_p.Pro12Leu,3) Uncertain significance,p.P12L,0.0
Ethambutol,embA,embA_p.Ala581Thr,3) Uncertain significance,p.A581T,0.0
Ethambutol,embA,embA_p.Arg234His,3) Uncertain significance,p.R234H,0.0
Ethambutol,embC,embC_p.Val637Ile,3) Uncertain significance,p.V637I,
Ethambutol,embC,embC_p.Met915Thr,3) Uncertain significance,p.M915T,0.0
Ethambutol,embC,embC_p.Leu714Phe,3) Uncertain significance,p.L714F,0.0
Ethambutol,embB,embB_p.Gly65Asp,3) Uncertain significance,p.G65D,0.0
Ethambutol,embB,embB_p.Ala379Thr,3) Uncertain significance,p.A379T,0.0
Ethambutol,embB,embB_p.Ser142Cys,3) Uncertain significance,p.S142C,0.0
Ethambutol,embB,embB_p.Pro136Ala,3) Uncertain significance,p.P136A,
Ethambutol,embA,embA_p.Ala921Ser,3) Uncertain significance,p.A921S,0.0
Ethambutol,embB,embB_p.Thr532Ala,3) Uncertain significance,p.T532A,0.0
Ethambutol,embA,embA_p.Ala259Thr,3) Uncertain significance,p.A259T,0.0
Ethambutol,embC,embC_p.Lys102Asn,3) Uncertain significance,p.K102N,0.0
Ethambutol,embA,embA_p.Asn986Lys,3) Uncertain significance,p.N986K,0.0
Ethambutol,embA,embA_p.Pro381Leu,3) Uncertain significance,p.P381L,0.0
Ethambutol,embA,embA_p.Ala549Pro,3) Uncertain significance,p.A549P,0.0
Ethambutol,embC,embC_p.Arg806Leu,3) Uncertain significance,p.R806L,
Ethambutol,embC,embC_p.Trp343Leu,3) Uncertain significance,p.W343L,
Ethambutol,embC,embC_p.Ala370Thr,3) Uncertain significance,p.A370T,
Ethambutol,embC,embC_p.Arg688Cys,3) Uncertain significance,p.R688C,0.0
Ethambutol,embC,embC_p.Pro1090Thr,3) Uncertain significance,p.P1090T,0.5
Ethambutol,embB,embB_p.Met575Arg,3) Uncertain significance,p.M575R,0.0
Ethambutol,embB,embB_p.Ser426Arg,3) Uncertain significance,p.S426R,0.0
Ethambutol,embC,embC_p.Gln730His,3) Uncertain significance,p.Q730H,0.0
Ethambutol,embC,embC_p.Thr409Ala,3) Uncertain significance,p.T409A,0.0
Ethambutol,embB,embB_p.Ser168Leu,3) Uncertain significance,p.S168L,0.0
Ethambutol,embA,embA_p.Phe471Leu,3) Uncertain significance,p.F471L,0.0
Ethambutol,embB,embB_p.Pro655Gln,3) Uncertain significance,p.P655Q,0.0
Ethambutol,embC,embC_p.Ile936Val,3) Uncertain significance,p.I936V,0.0
Ethambutol,embC,embC_p.Leu50Pro,3) Uncertain significance,p.L50P,
Ethambutol,embC,embC_p.Leu1012Met,3) Uncertain significance,p.L1012M,0.0
Ethambutol,embC,embC_p.Pro791Thr,3) Uncertain significance,p.P791T,0.0
Ethambutol,embA,embA_p.Gln169Pro,3) Uncertain significance,p.Q169P,0.0
Ethambutol,embB,embB_p.Leu47Arg,3) Uncertain significance,p.L47R,0.0
Ethambutol,embB,embB_p.Met586Val,3) Uncertain significance,p.M586V,0.0
Ethambutol,embC,embC_p.Val52Ile,3) Uncertain significance,p.V52I,0.0
Ethambutol,embA,embA_p.Thr718Ile,3) Uncertain significance,p.T718I,0.0
Ethambutol,embA,embA_p.Phe590Ser,3) Uncertain significance,p.F590S,0.0
Ethambutol,embC,embC_p.Ala543Thr,3) Uncertain significance,p.A543T,0.0
Ethambutol,embB,embB_p.Ser823Arg,3) Uncertain significance,p.S823R,0.0
Ethambutol,embC,embC_p.Thr663Asn,3) Uncertain significance,p.T663N,0.0
Ethambutol,embA,embA_p.Val489Ile,3) Uncertain significance,p.V489I,0.0
Ethambutol,embB,embB_p.Thr216Ala,3) Uncertain significance,p.T216A,0.0
Ethambutol,embC,embC_p.Gln742Arg,3) Uncertain significance,p.Q742R,0.0
Ethambutol,embB,embB_p.Gly175Arg,3) Uncertain significance,p.G175R,0.0
Ethambutol,embB,embB_p.Thr208Ile,3) Uncertain significance,p.T208I,0.0
Ethambutol,embC,embC_p.Asp252His,3) Uncertain significance,p.D252H,0.0
Ethambutol,embA,embA_p.Ala985Pro,3) Uncertain significance,p.A985P,
Ethambutol,embB,embB_p.Thr82Ala,3) Uncertain significance,p.T82A,0.0
Ethambutol,embA,embA_p.Ala133Thr,3) Uncertain significance,p.A133T,0.0
Ethambutol,embC,embC_p.Ala1059Thr,3) Uncertain significance,p.A1059T,0.0
Ethambutol,embB,embB_p.Ala438Thr,3) Uncertain significance,p.A438T,0.0
Ethambutol,embA,embA_p.Thr308Lys,3) Uncertain significance,p.T308K,0.0
Ethambutol,embC,embC_p.Arg9Gly,3) Uncertain significance,p.R9G,0.0
Ethambutol,embB,embB_p.Lys561Asn,3) Uncertain significance,p.K561N,0.0
Ethambutol,embA,embA_p.Gly530Glu,3) Uncertain significance,p.G530E,0.0
Ethambutol,embA,embA_p.Leu656Val,3) Uncertain significance,p.L656V,
Ethambutol,embB,embB_p.Thr581Ala,3) Uncertain significance,p.T581A,
Ethambutol,embC,embC_p.Gly383Asp,3) Uncertain significance,p.G383D,0.0
Ethambutol,embA,embA_p.Gly909Arg,3) Uncertain significance,p.G909R,
Ethambutol,embA,embA_p.Arg346Gln,3) Uncertain significance,p.R346Q,
Ethambutol,embC,embC_p.Ala907Thr,3) Uncertain significance,p.A907T,0.0
Ethambutol,embA,embA_p.Arg969Trp,3) Uncertain significance,p.R969W,
Ethambutol,embB,embB_p.Gly194Arg,3) Uncertain significance,p.G194R,0.0
Ethambutol,embB,embB_p.Leu17Trp,3) Uncertain significance,p.L17W,0.0
Ethambutol,embB,embB_p.Met939Ile,3) Uncertain significance,p.M939I,0.0
Ethambutol,embC,embC_p.Ala6Thr,3) Uncertain significance,p.A6T,0.0
Ethambutol,embB,embB_p.Ala553Thr,3) Uncertain significance,p.A553T,0.0
Ethambutol,embC,embC_p.Lys656Asn,3) Uncertain significance,p.K656N,0.0
Ethambutol,embB,embB_p.Gly62Arg,3) Uncertain significance,p.G62R,0.0
Ethambutol,ubiA,ubiA_p.Ala115Val,3) Uncertain significance,p.A115V,0.0
Ethambutol,embC,embC_p.Val280Ala,3) Uncertain significance,p.V280A,0.3333333333333333
Ethambutol,embC,embC_p.Val625Leu,3) Uncertain significance,p.V625L,
Ethambutol,embB,embB_p.Gln112His,3) Uncertain significance,p.Q112H,0.0
Ethambutol,embA,embA_p.Val911Ala,3) Uncertain significance,p.V911A,0.0
Ethambutol,embA,embA_p.Ala936Val,3) Uncertain significance,p.A936V,
Ethambutol,embB,embB_p.Val414Gly,3) Uncertain significance,p.V414G,0.0
Ethambutol,ubiA,ubiA_p.Ala15Val,3) Uncertain significance,p.A15V,0.0
Ethambutol,embA,embA_p.Ile141Thr,3) Uncertain significance,p.I141T,0.0
Ethambutol,embB,embB_p.Lys218Asn,3) Uncertain significance,p.K218N,0.0
Ethambutol,embA,embA_p.Leu894Val,3) Uncertain significance,p.L894V,
Ethambutol,embC,embC_p.Ala279Thr,3) Uncertain significance,p.A279T,0.0
Ethambutol,embC,embC_p.Ile45Thr,3) Uncertain significance,p.I45T,
Ethambutol,embA,embA_p.Ala217Thr,3) Uncertain significance,p.A217T,0.0
Ethambutol,embB,embB_p.Ala379Val,3) Uncertain significance,p.A379V,0.0
Ethambutol,embC,embC_p.Gly831Arg,3) Uncertain significance,p.G831R,0.0
Ethambutol,embA,embA_p.Ala109Thr,3) Uncertain significance,p.A109T,0.0
Ethambutol,embC,embC_p.Asp329His,3) Uncertain significance,p.D329H,
Ethambutol,ubiA,ubiA_p.Ala167Thr,3) Uncertain significance,p.A167T,0.0
Ethambutol,embB,embB_p.Asn886His,3) Uncertain significance,p.N886H,0.0
Ethambutol,embC,embC_p.Thr1079Ala,3) Uncertain significance,p.T1079A,0.0
Ethambutol,embB,embB_p.Pro824Leu,3) Uncertain significance,p.P824L,
Ethambutol,embB,embB_p.Ile545Met,3) Uncertain significance,p.I545M,0.0
Ethambutol,embC,embC_p.Val34Ala,3) Uncertain significance,p.V34A,0.0
Ethambutol,embB,embB_p.Ala1058Val,3) Uncertain significance,p.A1058V,
Ethambutol,embC,embC_p.Asn874Ser,3) Uncertain significance,p.N874S,0.0
Ethambutol,embB,embB_p.Ser669Gly,3) Uncertain significance,p.S669G,0.0
Ethambutol,embC,embC_p.Thr380Met,3) Uncertain significance,p.T380M,0.0
Ethambutol,embA,embA_p.Ala360Ser,3) Uncertain significance,p.A360S,0.0
Ethambutol,embC,embC_p.Ala726Ser,3) Uncertain significance,p.A726S,0.0
Ethambutol,ubiA,ubiA_p.Ala115Thr,3) Uncertain significance,p.A115T,0.0
Ethambutol,embA,embA_p.Glu7Lys,3) Uncertain significance,p.E7K,0.0
Ethambutol,embA,embA_p.Leu1008Pro,3) Uncertain significance,p.L1008P,0.0
Ethambutol,embB,embB_p.Asn522His,3) Uncertain significance,p.N522H,0.0
Ethambutol,embC,embC_p.Thr227Lys,3) Uncertain significance,p.T227K,0.0
Ethambutol,embA,embA_p.Ala320Thr,3) Uncertain significance,p.A320T,0.0
Ethambutol,ubiA,ubiA_p.Ala15Pro,3) Uncertain significance,p.A15P,0.0
Ethambutol,embC,embC_p.Ile557Thr,3) Uncertain significance,p.I557T,
Ethambutol,ubiA,ubiA_p.Pro122Ala,3) Uncertain significance,p.P122A,0.0
Ethambutol,embB,embB_p.Val793Ile,3) Uncertain significance,p.V793I,0.0
Ethambutol,embA,embA_p.Gly596Asp,3) Uncertain significance,p.G596D,0.0
Ethambutol,embC,embC_p.Pro849Leu,3) Uncertain significance,p.P849L,
Ethambutol,embB,embB_p.Ala94Val,3) Uncertain significance,p.A94V,0.0
Ethambutol,ubiA,ubiA_p.Glu79Gln,3) Uncertain significance,p.E79Q,0.0
Ethambutol,embA,embA_p.Gly230Ser,3) Uncertain significance,p.G230S,0.0
Ethambutol,embC,embC_p.Gln196His,3) Uncertain significance,p.Q196H,0.0
Ethambutol,embB,embB_p.Leu638Trp,3) Uncertain significance,p.L638W,0.0
Ethambutol,embA,embA_p.Val107Ile,3) Uncertain significance,p.V107I,0.0
Ethambutol,embB,embB_p.Leu1037Ile,3) Uncertain significance,p.L1037I,0.0
Ethambutol,embA,embA_p.Val98Leu,3) Uncertain significance,p.V98L,0.0
Ethambutol,embB,embB_p.Val668Ile,3) Uncertain significance,p.V668I,0.08
Ethambutol,embA,embA_p.Thr434Pro,3) Uncertain significance,p.T434P,0.0
Ethambutol,embA,embA_p.Asn376Asp,3) Uncertain significance,p.N376D,
Ethambutol,embC,embC_p.Ala925Thr,3) Uncertain significance,p.A925T,0.0
Ethambutol,embC,embC_p.Pro962Ser,3) Uncertain significance,p.P962S,0.0
Ethambutol,embC,embC_p.Leu477Gln,3) Uncertain significance,p.L477Q,
Ethambutol,embA,embA_p.Lys166Asn,3) Uncertain significance,p.K166N,0.0
Ethambutol,ubiA,ubiA_p.Arg240Pro,3) Uncertain significance,p.R240P,0.0
Ethambutol,embA,embA_p.Leu261Ser,3) Uncertain significance,p.L261S,0.0
Ethambutol,embC,embC_p.Asp878Gly,3) Uncertain significance,p.D878G,0.0
Ethambutol,embA,embA_p.Pro838Leu,3) Uncertain significance,p.P838L,0.0
Ethambutol,embA,embA_p.Ala126Thr,3) Uncertain significance,p.A126T,0.0
Ethambutol,embA,embA_p.Val125Glu,3) Uncertain significance,p.V125E,0.0
Ethambutol,ubiA,ubiA_p.Val55Ala,3) Uncertain significance,p.V55A,0.0
Ethambutol,embB,embB_p.Gln853Pro,3) Uncertain significance,p.Q853P,0.2727272727272727
Ethambutol,embC,embC_p.Ala733Thr,3) Uncertain significance,p.A733T,0.0
Ethambutol,embB,embB_p.Met340Ile,3) Uncertain significance,p.M340I,0.0
Ethambutol,ubiA,ubiA_p.Phe89Val,3) Uncertain significance,p.F89V,0.0
Ethambutol,embA,embA_p.Phe499Cys,3) Uncertain significance,p.F499C,0.0
Ethambutol,embA,embA_p.Ala312Val,3) Uncertain significance,p.A312V,0.06451612903225806
Ethambutol,embB,embB_p.Ala547Ser,3) Uncertain significance,p.A547S,0.0
Ethambutol,embB,embB_p.Asn807Thr,3) Uncertain significance,p.N807T,0.0
Ethambutol,embC,embC_p.Val626Met,3) Uncertain significance,p.V626M,0.0
Ethambutol,embA,embA_p.Gly332Glu,3) Uncertain significance,p.G332E,0.0
Ethambutol,embC,embC_p.Pro849Ser,3) Uncertain significance,p.P849S,0.0
Ethambutol,embB,embB_p.Thr588Met,3) Uncertain significance,p.T588M,
Ethambutol,embB,embB_p.Asp240Gly,3) Uncertain significance,p.D240G,
Ethambutol,embC,embC_p.Ala561Val,3) Uncertain significance,p.A561V,0.0
Ethambutol,embA,embA_p.Ala483Thr,3) Uncertain significance,p.A483T,
Ethambutol,embA,embA_p.Val534Met,3) Uncertain significance,p.V534M,0.0
Ethambutol,ubiA,ubiA_p.Ala137Gly,3) Uncertain significance,p.A137G,0.0
Ethambutol,embA,embA_p.Gly220Glu,3) Uncertain significance,p.G220E,0.0
Ethambutol,embB,embB_p.Tyr813Asp,3) Uncertain significance,p.Y813D,0.0
Ethambutol,embB,embB_p.Thr797Met,3) Uncertain significance,p.T797M,0.0
Ethambutol,embC,embC_p.Thr572Ala,3) Uncertain significance,p.T572A,0.0
Ethambutol,embA,embA_p.Arg1062Leu,3) Uncertain significance,p.R1062L,0.0
Ethambutol,embB,embB_p.Ser119Ile,3) Uncertain significance,p.S119I,0.0
Ethambutol,embB,embB_p.Arg741Trp,3) Uncertain significance,p.R741W,0.0
Ethambutol,embA,embA_p.Ser1017Ala,3) Uncertain significance,p.S1017A,0.0
Ethambutol,embC,embC_p.Ser225Arg,3) Uncertain significance,p.S225R,0.0
Ethambutol,embA,embA_p.Tyr502Cys,3) Uncertain significance,p.Y502C,0.0
Ethambutol,embB,embB_p.Gly836Glu,3) Uncertain significance,p.G836E,0.0
Ethambutol,embB,embB_p.Thr157Ile,3) Uncertain significance,p.T157I,0.0
Ethambutol,embC,embC_p.Asp393Ala,3) Uncertain significance,p.D393A,0.0
Ethambutol,embB,embB_p.Phe285Val,3) Uncertain significance,p.F285V,0.0
Ethambutol,embC,embC_p.Cys411Arg,3) Uncertain significance,p.C411R,0.0
Ethambutol,embC,embC_p.Ile430Thr,3) Uncertain significance,p.I430T,0.0
Ethambutol,embB,embB_p.Arg7Thr,3) Uncertain significance,p.R7T,0.0
Ethambutol,embB,embB_p.Arg267Pro,3) Uncertain significance,p.R267P,0.0
Ethambutol,embB,embB_p.Thr667Ala,3) Uncertain significance,p.T667A,0.0
Ethambutol,embB,embB_p.Ala799Thr,3) Uncertain significance,p.A799T,0.0
Ethambutol,embC,embC_p.Asp948Tyr,3) Uncertain significance,p.D948Y,0.0
Ethambutol,embA,embA_p.Val98Ala,3) Uncertain significance,p.V98A,0.0
Ethambutol,embA,embA_p.His673Arg,3) Uncertain significance,p.H673R,0.0
Ethambutol,embB,embB_p.Asp870Asn,3) Uncertain significance,p.D870N,0.0
Ethambutol,embA,embA_p.Thr837Ala,3) Uncertain significance,p.T837A,0.0
Ethambutol,embB,embB_p.Val944Ala,3) Uncertain significance,p.V944A,0.0
Ethambutol,embA,embA_p.Val63Ile,3) Uncertain significance,p.V63I,0.0
Ethambutol,embA,embA_p.Pro645Gln,3) Uncertain significance,p.P645Q,0.0
Ethambutol,embB,embB_p.Asp280Tyr,3) Uncertain significance,p.D280Y,0.0
Ethambutol,embC,embC_p.Val625Ala,3) Uncertain significance,p.V625A,0.0
Ethambutol,embA,embA_p.Gly353Glu,3) Uncertain significance,p.G353E,0.0
Ethambutol,ubiA,ubiA_p.Ala133Thr,3) Uncertain significance,p.A133T,0.0
Ethambutol,embA,embA_p.Ile338Val,3) Uncertain significance,p.I338V,0.0
Ethambutol,embB,embB_p.Asp354Asn,3) Uncertain significance,p.D354N,0.0
Ethambutol,embB,embB_p.Asp300Gly,3) Uncertain significance,p.D300G,0.0
Ethambutol,embA,embA_p.Asp305Gly,3) Uncertain significance,p.D305G,0.0
Ethambutol,embC,embC_p.Thr1044Lys,3) Uncertain significance,p.T1044K,0.0
Ethambutol,embA,embA_p.Val206Met,3) Uncertain significance,p.V206M,0.06267487409065473
Ethambutol,embC,embC_p.Val757Ala,3) Uncertain significance,p.V757A,0.0
Ethambutol,embC,embC_p.Arg463Leu,3) Uncertain significance,p.R463L,0.0
Ethambutol,embA,embA_p.Ile155Met,3) Uncertain significance,p.I155M,0.25
Ethambutol,embC,embC_p.Pro486Thr,3) Uncertain significance,p.P486T,0.0
Ethambutol,embB,embB_p.Val186Ala,3) Uncertain significance,p.V186A,
Ethambutol,embC,embC_p.Cys429Gly,3) Uncertain significance,p.C429G,
Ethambutol,embC,embC_p.Gly610Ala,3) Uncertain significance,p.G610A,0.0
Ethambutol,embA,embA_p.Ser643Asn,3) Uncertain significance,p.S643N,0.0
Ethambutol,embC,embC_p.Pro772Ala,3) Uncertain significance,p.P772A,
Ethambutol,embC,embC_p.Pro558Arg,3) Uncertain significance,p.P558R,0.0
Ethambutol,embC,embC_p.Asn60Thr,3) Uncertain significance,p.N60T,0.0
Ethambutol,embB,embB_p.Asp240Asn,3) Uncertain significance,p.D240N,0.0
Ethambutol,embA,embA_p.Lys488Asn,3) Uncertain significance,p.K488N,0.0
Ethambutol,embC,embC_p.Ala862Thr,3) Uncertain significance,p.A862T,0.0
Ethambutol,embB,embB_p.Gly37Ser,3) Uncertain significance,p.G37S,0.0
Ethambutol,embB,embB_p.Pro136Ser,3) Uncertain significance,p.P136S,0.0
Ethambutol,embA,embA_p.His825Tyr,3) Uncertain significance,p.H825Y,0.0
Ethambutol,embB,embB_p.Pro776Leu,3) Uncertain significance,p.P776L,0.0
Ethambutol,embB,embB_p.Val29Leu,3) Uncertain significance,p.V29L,0.0
Ethambutol,embC,embC_p.Ala664Glu,3) Uncertain significance,p.A664E,
Ethambutol,embA,embA_p.Leu417Arg,3) Uncertain significance,p.L417R,0.0
Ethambutol,embA,embA_p.Val469Met,3) Uncertain significance,p.V469M,0.0
Ethambutol,ubiA,ubiA_p.Leu158Met,3) Uncertain significance,p.L158M,0.3333333333333333
Ethambutol,embC,embC_p.Val246Ala,3) Uncertain significance,p.V246A,0.0
Ethambutol,embB,embB_p.Asp1056Glu,3) Uncertain significance,p.D1056E,0.0
Ethambutol,embB,embB_p.Ala386Glu,3) Uncertain significance,p.A386E,0.0
Ethambutol,embC,embC_p.Phe891Leu,3) Uncertain significance,p.F891L,0.0
Ethambutol,embA,embA_p.Ala1016Ser,3) Uncertain significance,p.A1016S,0.0
Ethambutol,embA,embA_p.Ala454Thr,3) Uncertain significance,p.A454T,0.0
Ethambutol,ubiA,ubiA_p.Gly165Ala,3) Uncertain significance,p.G165A,
Ethambutol,embB,embB_p.Val186Leu,3) Uncertain significance,p.V186L,0.0
Ethambutol,embB,embB_p.Ala232Thr,3) Uncertain significance,p.A232T,0.0
Ethambutol,embB,embB_p.Thr849Ala,3) Uncertain significance,p.T849A,0.0
Ethambutol,embB,embB_p.Ala228Thr,3) Uncertain significance,p.A228T,0.0
Ethambutol,embB,embB_p.Cys549Tyr,3) Uncertain significance,p.C549Y,0.0
Ethambutol,embB,embB_p.Ala439Val,3) Uncertain significance,p.A439V,
Ethambutol,embC,embC_p.Val169Ile,3) Uncertain significance,p.V169I,0.0
Ethambutol,embB,embB_p.Ala571Thr,3) Uncertain significance,p.A571T,0.0
Ethambutol,embA,embA_p.Trp393Ser,3) Uncertain significance,p.W393S,0.14285714285714285
Ethambutol,embA,embA_p.Ala408Ser,3) Uncertain significance,p.A408S,0.0
Ethambutol,embB,embB_p.Leu971Val,3) Uncertain significance,p.L971V,0.0
Ethambutol,embB,embB_p.Ser565Gly,3) Uncertain significance,p.S565G,0.0
Ethambutol,embB,embB_p.Ala439Gly,3) Uncertain significance,p.A439G,0.0
Ethambutol,embC,embC_p.Val975Met,3) Uncertain significance,p.V975M,0.0
Ethambutol,embB,embB_p.Pro195His,3) Uncertain significance,p.P195H,0.1111111111111111
Ethambutol,embA,embA_p.Thr728Ile,3) Uncertain significance,p.T728I,0.0
Ethambutol,embA,embA_p.Val317Leu,3) Uncertain significance,p.V317L,0.0
Ethambutol,embA,embA_p.Gly29Ser,3) Uncertain significance,p.G29S,0.0
Ethambutol,embA,embA_p.Gly352Ser,3) Uncertain significance,p.G352S,0.0
Ethambutol,embA,embA_p.Tyr296His,3) Uncertain significance,p.Y296H,0.0
Ethambutol,embA,embA_p.Gly288Ser,3) Uncertain significance,p.G288S,0.0
Ethambutol,embB,embB_p.Thr498Asn,3) Uncertain significance,p.T498N,0.0
Ethambutol,embA,embA_p.Cys335Trp,3) Uncertain significance,p.C335W,0.0
Ethambutol,embB,embB_p.Glu405Gly,3) Uncertain significance,p.E405G,0.0
Ethambutol,embB,embB_p.Ala679Thr,3) Uncertain significance,p.A679T,0.16666666666666666
Ethambutol,embB,embB_p.Thr956Ile,3) Uncertain significance,p.T956I,
Ethambutol,embC,embC_p.Arg927His,3) Uncertain significance,p.R927H,0.0
Ethambutol,ubiA,ubiA_p.Ile179Leu,3) Uncertain significance,p.I179L,
Ethambutol,embC,embC_p.Arg266Cys,3) Uncertain significance,p.R266C,0.0
Ethambutol,embB,embB_p.Ala510Thr,3) Uncertain significance,p.A510T,0.0
Ethambutol,embB,embB_p.Val803Ala,3) Uncertain significance,p.V803A,0.0
Ethambutol,embA,embA_p.Thr300Met,3) Uncertain significance,p.T300M,0.0
Ethambutol,embC,embC_p.Arg30Trp,3) Uncertain significance,p.R30W,0.0
Ethambutol,embB,embB_p.Glu958Ala,3) Uncertain significance,p.E958A,0.0
Ethambutol,embA,embA_p.Gly547Ser,3) Uncertain significance,p.G547S,0.0
Ethambutol,embB,embB_p.Ser1054Pro,3) Uncertain significance,p.S1054P,0.06060606060606061
Ethambutol,embA,embA_p.Ala955Thr,3) Uncertain significance,p.A955T,
Ethambutol,embB,embB_p.Pro809Ser,3) Uncertain significance,p.P809S,0.0
Ethambutol,embB,embB_p.Pro371Arg,3) Uncertain significance,p.P371R,0.0
Ethambutol,embB,embB_p.Ala1007Val,3) Uncertain significance,p.A1007V,0.0
Ethambutol,embC,embC_p.Thr816Ala,3) Uncertain significance,p.T816A,
Ethambutol,embA,embA_p.Ala1015Thr,3) Uncertain significance,p.A1015T,0.0
Ethambutol,ubiA,ubiA_p.Pro122Gln,3) Uncertain significance,p.P122Q,0.0
Ethambutol,embB,embB_p.Tyr319Phe,3) Uncertain significance,p.Y319F,
Ethambutol,embA,embA_p.Val607Met,3) Uncertain significance,p.V607M,0.0
Ethambutol,embC,embC_p.Val987Ala,3) Uncertain significance,p.V987A,0.0
Ethambutol,embC,embC_p.Asn788Thr,3) Uncertain significance,p.N788T,
Ethambutol,embB,embB_p.His890Arg,3) Uncertain significance,p.H890R,0.0
Ethambutol,embA,embA_p.Thr467Asn,3) Uncertain significance,p.T467N,0.0
Ethambutol,embA,embA_p.Asp1053Gly,3) Uncertain significance,p.D1053G,0.0
Ethambutol,embC,embC_p.Gln742His,3) Uncertain significance,p.Q742H,0.0
Ethambutol,embB,embB_p.Thr797Pro,3) Uncertain significance,p.T797P,0.0
Ethambutol,embB,embB_p.Ala801Thr,3) Uncertain significance,p.A801T,0.0
Ethambutol,embC,embC_p.Gly563Glu,3) Uncertain significance,p.G563E,0.0
Ethambutol,embA,embA_p.Ala874Val,3) Uncertain significance,p.A874V,0.0
Ethambutol,embA,embA_p.Lys773Asn,3) Uncertain significance,p.K773N,0.0
Ethambutol,embC,embC_p.Ala91Thr,3) Uncertain significance,p.A91T,0.0
Ethambutol,embC,embC_p.Val147Met,3) Uncertain significance,p.V147M,
Ethambutol,embA,embA_p.Thr853Ala,3) Uncertain significance,p.T853A,0.0
Ethambutol,embB,embB_p.Ala376Thr,3) Uncertain significance,p.A376T,
Ethambutol,embA,embA_p.Pro864Gln,3) Uncertain significance,p.P864Q,
Ethambutol,embC,embC_p.Ala931Thr,3) Uncertain significance,p.A931T,0.7142857142857143
Ethambutol,embB,embB_p.Ser211Phe,3) Uncertain significance,p.S211F,0.0
Ethambutol,embA,embA_p.Leu390Met,3) Uncertain significance,p.L390M,0.0
Ethambutol,embB,embB_p.Ala313Val,3) Uncertain significance,p.A313V,0.0
Ethambutol,embA,embA_p.Ile595Val,3) Uncertain significance,p.I595V,0.0
Ethambutol,embA,embA_p.Arg836Cys,3) Uncertain significance,p.R836C,0.0
Ethambutol,embC,embC_p.Leu502Phe,3) Uncertain significance,p.L502F,0.0
Ethambutol,embC,embC_p.Ala624Thr,3) Uncertain significance,p.A624T,0.0
Ethambutol,embB,embB_p.Ile1039Met,3) Uncertain significance,p.I1039M,0.0
Ethambutol,embA,embA_p.Val31Ala,3) Uncertain significance,p.V31A,0.05555555555555555
Ethambutol,embA,embA_p.Leu967Met,3) Uncertain significance,p.L967M,0.0
Ethambutol,embA,embA_p.Arg538His,3) Uncertain significance,p.R538H,0.0
Ethambutol,embC,embC_p.Ala448Val,3) Uncertain significance,p.A448V,0.0
Ethambutol,embA,embA_p.Ala409Pro,3) Uncertain significance,p.A409P,0.0
Ethambutol,embB,embB_p.Ala201Glu,3) Uncertain significance,p.A201E,0.0
Ethambutol,embA,embA_p.Val558Leu,3) Uncertain significance,p.V558L,0.0
Ethambutol,embB,embB_p.Val188Ala,3) Uncertain significance,p.V188A,0.0
Ethambutol,embC,embC_p.Ile459Val,3) Uncertain significance,p.I459V,0.0
Ethambutol,embB,embB_p.Pro907Ser,3) Uncertain significance,p.P907S,0.0
Ethambutol,embB,embB_p.Ala567Asp,3) Uncertain significance,p.A567D,0.0
Ethambutol,embA,embA_p.Gly86Val,3) Uncertain significance,p.G86V,0.0
Ethambutol,embC,embC_p.Leu333Arg,3) Uncertain significance,p.L333R,0.0
Ethambutol,embB,embB_p.Asn807Asp,3) Uncertain significance,p.N807D,0.0
Ethambutol,embC,embC_p.Met234Leu,3) Uncertain significance,p.M234L,0.0
Ethambutol,ubiA,ubiA_p.Val229Gly,3) Uncertain significance,p.V229G,
Ethambutol,embA,embA_p.Val1073Ile,3) Uncertain significance,p.V1073I,0.0
Ethambutol,embA,embA_p.Arg194Gln,3) Uncertain significance,p.R194Q,0.0
Ethambutol,ubiA,ubiA_p.Val148Met,3) Uncertain significance,p.V148M,0.0
Ethambutol,ubiA,ubiA_p.Val5Gly,3) Uncertain significance,p.V5G,0.0
Ethambutol,embC,embC_p.Ala142Thr,3) Uncertain significance,p.A142T,0.0
Ethambutol,embB,embB_p.Leu499Pro,3) Uncertain significance,p.L499P,0.0
Ethambutol,embC,embC_p.Gln1061His,3) Uncertain significance,p.Q1061H,0.0
Ethambutol,embB,embB_p.Gly665Trp,3) Uncertain significance,p.G665W,0.0
Ethambutol,embC,embC_p.Arg20Leu,3) Uncertain significance,p.R20L,0.0
Ethambutol,embB,embB_p.Gln51Pro,3) Uncertain significance,p.Q51P,0.0
Ethambutol,embA,embA_p.Ile338Leu,3) Uncertain significance,p.I338L,0.0
Ethambutol,embC,embC_p.Ala940Ser,3) Uncertain significance,p.A940S,0.0
Ethambutol,embA,embA_p.Leu505Phe,3) Uncertain significance,p.L505F,0.0
Ethambutol,embC,embC_p.Tyr327Cys,3) Uncertain significance,p.Y327C,0.5
Ethambutol,embC,embC_p.Ile573Thr,3) Uncertain significance,p.I573T,0.0
Ethambutol,embC,embC_p.Arg489Pro,3) Uncertain significance,p.R489P,
Ethambutol,embC,embC_p.Phe982Ile,3) Uncertain significance,p.F982I,0.0
Ethambutol,embC,embC_p.Ala605Ser,3) Uncertain significance,p.A605S,0.0
Ethambutol,embB,embB_p.Val417Ala,3) Uncertain significance,p.V417A,0.0
Ethambutol,embA,embA_p.Asn510Ser,3) Uncertain significance,p.N510S,0.0
Ethambutol,embA,embA_p.Val695Met,3) Uncertain significance,p.V695M,0.0
Ethambutol,embA,embA_p.Pro1087Arg,3) Uncertain significance,p.P1087R,
Ethambutol,embB,embB_p.Phe330Ile,3) Uncertain significance,p.F330I,0.0
Ethambutol,embB,embB_p.Val786Ala,3) Uncertain significance,p.V786A,
Ethambutol,embC,embC_p.Ala711Thr,3) Uncertain significance,p.A711T,0.0
Ethambutol,embC,embC_p.Arg1055Lys,3) Uncertain significance,p.R1055K,0.0
Ethambutol,embB,embB_p.Pro103Thr,3) Uncertain significance,p.P103T,0.0
Ethambutol,embC,embC_p.Thr822Pro,3) Uncertain significance,p.T822P,0.0
Ethambutol,embB,embB_p.Thr215Ala,3) Uncertain significance,p.T215A,
Ethambutol,embC,embC_p.Val469Met,3) Uncertain significance,p.V469M,
Ethambutol,embA,embA_p.Ala84Ser,3) Uncertain significance,p.A84S,0.0
Ethambutol,embA,embA_p.Pro838Ala,3) Uncertain significance,p.P838A,
Ethambutol,embB,embB_p.Asp78Gly,3) Uncertain significance,p.D78G,0.0
Ethambutol,embB,embB_p.Ala225Thr,3) Uncertain significance,p.A225T,
Ethambutol,embB,embB_p.Val130Leu,3) Uncertain significance,p.V130L,0.0
Ethambutol,embB,embB_p.Thr811Ala,3) Uncertain significance,p.T811A,0.0
Ethambutol,embA,embA_p.Gly154Ser,3) Uncertain significance,p.G154S,0.0
Ethambutol,embB,embB_p.Asp207Asn,3) Uncertain significance,p.D207N,
Ethambutol,embC,embC_p.Gly976Arg,3) Uncertain significance,p.G976R,0.0
Ethambutol,embB,embB_p.Leu239Pro,3) Uncertain significance,p.L239P,0.0
Ethambutol,embC,embC_p.Gly174Arg,3) Uncertain significance,p.G174R,0.0
Ethambutol,embA,embA_p.Met705Thr,3) Uncertain significance,p.M705T,0.0
Ethambutol,embA,embA_p.Asp1053Asn,3) Uncertain significance,p.D1053N,0.0
Ethambutol,embC,embC_p.Thr492Asn,3) Uncertain significance,p.T492N,
Ethambutol,embC,embC_p.Ala247Ser,3) Uncertain significance,p.A247S,0.0
Ethambutol,ubiA,ubiA_p.Leu235Met,3) Uncertain significance,p.L235M,0.0
Ethambutol,embA,embA_p.Phe666Leu,3) Uncertain significance,p.F666L,
Ethambutol,embA,embA_p.Gln169Glu,3) Uncertain significance,p.Q169E,0.0
Ethambutol,embB,embB_p.Ala607Asp,3) Uncertain significance,p.A607D,0.0
Ethambutol,ubiA,ubiA_p.Arg82Gln,3) Uncertain significance,p.R82Q,0.0
Ethambutol,embA,embA_p.Gly884Asp,3) Uncertain significance,p.G884D,0.0
Ethambutol,embC,embC_p.Ser18Phe,3) Uncertain significance,p.S18F,0.0
Ethambutol,embB,embB_p.Val283Met,3) Uncertain significance,p.V283M,0.0
Ethambutol,embB,embB_p.Thr501Ala,3) Uncertain significance,p.T501A,
Ethambutol,embA,embA_p.Ala557Thr,3) Uncertain significance,p.A557T,0.0
Ethambutol,embB,embB_p.Ala109Thr,3) Uncertain significance,p.A109T,
Ethambutol,embB,embB_p.Pro93Leu,3) Uncertain significance,p.P93L,0.0
Ethambutol,embA,embA_p.Val541Ala,3) Uncertain significance,p.V541A,0.0
Ethambutol,embC,embC_p.Val42Ala,3) Uncertain significance,p.V42A,
Ethambutol,embB,embB_p.Thr797Ala,3) Uncertain significance,p.T797A,0.0
Ethambutol,embA,embA_p.Glu951Asp,3) Uncertain significance,p.E951D,0.1
Ethambutol,embB,embB_p.Arg620Cys,3) Uncertain significance,p.R620C,0.0
Ethambutol,embB,embB_p.Pro70Arg,3) Uncertain significance,p.P70R,0.0
Ethambutol,embB,embB_p.Gly374Trp,3) Uncertain significance,p.G374W,
Ethambutol,embA,embA_p.Gln1004Pro,3) Uncertain significance,p.Q1004P,0.043478260869565216
Ethambutol,ubiA,ubiA_p.Ala249Ser,3) Uncertain significance,p.A249S,0.0
Ethambutol,embB,embB_p.Gly836Arg,3) Uncertain significance,p.G836R,0.0
Ethambutol,embC,embC_p.Arg699Leu,3) Uncertain significance,p.R699L,0.0
Ethambutol,embB,embB_p.Leu632Ser,3) Uncertain significance,p.L632S,
Ethambutol,embB,embB_p.Glu951Gln,3) Uncertain significance,p.E951Q,0.0
Ethambutol,embB,embB_p.Lys561Arg,3) Uncertain significance,p.K561R,0.0
Ethambutol,embA,embA_p.Ile155Val,3) Uncertain significance,p.I155V,0.0
Ethambutol,embA,embA_p.Ala852Thr,3) Uncertain significance,p.A852T,0.0
Ethambutol,embC,embC_p.Met800Ile,3) Uncertain significance,p.M800I,0.0
Ethambutol,embB,embB_p.Thr141Arg,3) Uncertain significance,p.T141R,0.0
Ethambutol,embC,embC_p.Gly37Asp,3) Uncertain significance,p.G37D,0.0
Ethambutol,embA,embA_p.Glu481Gln,3) Uncertain significance,p.E481Q,
Ethambutol,embC,embC_p.Gly976Ser,3) Uncertain significance,p.G976S,0.0
Ethambutol,embC,embC_p.Arg877Trp,3) Uncertain significance,p.R877W,0.0
Ethambutol,embB,embB_p.Ile709Thr,3) Uncertain significance,p.I709T,0.0
Ethambutol,embA,embA_p.Met218Leu,3) Uncertain significance,p.M218L,0.0
Ethambutol,embA,embA_p.Leu459Arg,3) Uncertain significance,p.L459R,0.0
Ethambutol,embC,embC_p.Val885Met,3) Uncertain significance,p.V885M,1.0
Ethambutol,embA,embA_p.Gly451Arg,3) Uncertain significance,p.G451R,0.0
Ethambutol,embA,embA_p.Pro383Ser,4) Not assoc w R - Interim,p.P383S,0.01694915254237288
Ethambutol,embC,embC_p.Leu661Ile,4) Not assoc w R - Interim,p.L661I,0.01694915254237288
Ethambutol,embA,embA_p.Val391Ile,3) Uncertain significance,p.V391I,0.0
Ethambutol,embB,embB_p.Thr341Asn,3) Uncertain significance,p.T341N,0.0
Ethambutol,embC,embC_p.Ile487Thr,3) Uncertain significance,p.I487T,0.0
Ethambutol,embA,embA_p.Thr308Ala,3) Uncertain significance,p.T308A,0.0
Ethambutol,embA,embA_p.Met735Thr,3) Uncertain significance,p.M735T,0.0
Ethambutol,embA,embA_p.Gly158Asp,3) Uncertain significance,p.G158D,0.0
Ethambutol,embA,embA_p.Ser20Ala,3) Uncertain significance,p.S20A,0.0
Ethambutol,embB,embB_p.Gly580Ser,3) Uncertain significance,p.G580S,1.0
Ethambutol,embC,embC_p.Glu667Val,3) Uncertain significance,p.E667V,
Ethambutol,embB,embB_p.Pro832Ser,3) Uncertain significance,p.P832S,0.0
Ethambutol,embA,embA_p.Gln47His,3) Uncertain significance,p.Q47H,0.0
Ethambutol,embB,embB_p.Asn791Ser,3) Uncertain significance,p.N791S,
Ethambutol,embB,embB_p.Glu901Asp,3) Uncertain significance,p.E901D,0.0
Ethambutol,embC,embC_p.Glu875Gln,3) Uncertain significance,p.E875Q,0.0
Ethambutol,embC,embC_p.Ile497Met,3) Uncertain significance,p.I497M,0.43478260869565216
Ethambutol,embB,embB_p.Asp78Ala,3) Uncertain significance,p.D78A,
Ethambutol,embA,embA_p.Ala409Glu,3) Uncertain significance,p.A409E,0.0
Ethambutol,embB,embB_p.Phe1012Leu,3) Uncertain significance,p.F1012L,0.0
Ethambutol,embC,embC_p.Thr270Ile,3) Uncertain significance,p.T270I,0.06818181818181818
Ethambutol,embB,embB_p.Leu370Arg,3) Uncertain significance,p.L370R,0.0
Ethambutol,embA,embA_p.Arg346Trp,3) Uncertain significance,p.R346W,0.0
Ethambutol,embA,embA_p.Ala460Thr,3) Uncertain significance,p.A460T,0.0
Ethambutol,embC,embC_p.Arg847His,3) Uncertain significance,p.R847H,0.0
Ethambutol,embA,embA_p.Asn629Ser,3) Uncertain significance,p.N629S,0.0
Ethambutol,embA,embA_p.Pro913Ser,3) Uncertain significance,p.P913S,0.06818892711917422
Ethambutol,embB,embB_p.Val131Met,3) Uncertain significance,p.V131M,0.0
Ethambutol,embA,embA_p.Leu233Met,3) Uncertain significance,p.L233M,0.0
Ethambutol,embB,embB_p.Met557Ile,3) Uncertain significance,p.M557I,0.0
Ethambutol,embC,embC_p.Asp775Asn,3) Uncertain significance,p.D775N,0.0
Ethambutol,ubiA,ubiA_p.Val96Met,3) Uncertain significance,p.V96M,0.0
Ethambutol,embA,embA_p.Ser20Pro,3) Uncertain significance,p.S20P,0.0
Ethambutol,embC,embC_p.Ile832Val,3) Uncertain significance,p.I832V,0.0
Ethambutol,embB,embB_p.Glu378Ala,3) Uncertain significance,p.E378A,0.06754116662015071
Ethambutol,embC,embC_p.Asn394Asp,3) Uncertain significance,p.N394D,0.0678818353236958
Ethambutol,embB,embB_p.Asp869Gly,3) Uncertain significance,p.D869G,0.0
Ethambutol,embC,embC_p.Val417Met,3) Uncertain significance,p.V417M,0.0
Ethambutol,embB,embB_p.Gln139His,4) Not assoc w R - Interim,p.Q139H,0.014285714285714285
Ethambutol,embA,embA_p.Ala201Thr,4) Not assoc w R - Interim,p.A201T,0.0072992700729927005
Ethambutol,embA,embA_p.Arg404Gln,4) Not assoc w R - Interim,p.R404Q,0.0
Ethambutol,embC,embC_p.Arg567His,4) Not assoc w R - Interim,p.R567H,0.02077922077922078
Ethambutol,embC,embC_p.Val981Leu,4) Not assoc w R - Interim,p.V981L,0.10965593784683685
Ethambutol,ubiA,ubiA_p.Glu149Asp,5) Not assoc w R,p.E149D,0.06646273637374861
Ethambutol,embB,embB_p.Arg213Gln,5) Not assoc w R,p.R213Q,0.0048543689320388345
Ethambutol,embC,embC_p.Arg738Gln,5) Not assoc w R,p.R738Q,0.07463414634146341
Ethambutol,embA,embA_p.Ala124Thr,3) Uncertain significance,p.A124T,
Ethambutol,embA,embA_p.Arg243Trp,3) Uncertain significance,p.R243W,
Ethambutol,embA,embA_p.Asp669Glu,3) Uncertain significance,p.D669E,
Ethambutol,embA,embA_p.Ile412Thr,3) Uncertain significance,p.I412T,
Ethambutol,embA,embA_p.Ile914Val,3) Uncertain significance,p.I914V,
Ethambutol,embA,embA_p.Pro548Leu,3) Uncertain significance,p.P548L,
Ethambutol,embA,embA_p.Val468Met,3) Uncertain significance,p.V468M,
Ethambutol,embA,embA_p.Val898Ile,3) Uncertain significance,p.V898I,
Ethambutol,embB,embB_p.Ala43Thr,3) Uncertain significance,p.A43T,
Ethambutol,embB,embB_p.Ala909Thr,3) Uncertain significance,p.A909T,
Ethambutol,embB,embB_p.Asp1068Tyr,3) Uncertain significance,p.D1068Y,
Ethambutol,embB,embB_p.Gln729Pro,3) Uncertain significance,p.Q729P,
Ethambutol,embB,embB_p.Lys1011Glu,3) Uncertain significance,p.K1011E,
Ethambutol,embB,embB_p.Lys1022Thr,3) Uncertain significance,p.K1022T,
Ethambutol,embB,embB_p.Phe688Val,3) Uncertain significance,p.F688V,
Ethambutol,embB,embB_p.Trp685Leu,3) Uncertain significance,p.W685L,
Ethambutol,embB,embB_p.Val859Ile,3) Uncertain significance,p.V859I,
Ethambutol,embC,embC_p.Ala418Ser,3) Uncertain significance,p.A418S,
Ethambutol,embC,embC_p.Arg1082Pro,3) Uncertain significance,p.R1082P,
Ethambutol,embC,embC_p.Asp1069Asn,3) Uncertain significance,p.D1069N,
Ethambutol,embC,embC_p.Glu783Lys,3) Uncertain significance,p.E783K,
Ethambutol,embC,embC_p.Gly750Arg,3) Uncertain significance,p.G750R,
Ethambutol,embC,embC_p.Ile235Val,3) Uncertain significance,p.I235V,
Ethambutol,embC,embC_p.Trp326Cys,3) Uncertain significance,p.W326C,
Ethambutol,embC,embC_p.Val42Met,3) Uncertain significance,p.V42M,
Ethambutol,embC,embC_p.Val627Ile,3) Uncertain significance,p.V627I,
Ethambutol,ubiA,ubiA_p.Arg280His,3) Uncertain significance,p.R280H,
Ethambutol,ubiA,ubiA_p.Leu235Gln,3) Uncertain significance,p.L235Q,
Ethionamide,inhA,inhA_p.Ser94Ala,1) Assoc w R,p.S94A,0.8620689655172413
Ethionamide,ethA,ethA_p.Asn379Asp,1) Assoc w R,p.N379D,0.43703703703703706
Ethionamide,inhA,inhA_p.Ile194Thr,1) Assoc w R,p.I194T,0.9423076923076923
Ethionamide,inhA,inhA_p.Ile21Thr,1) Assoc w R,p.I21T,0.7931034482758621
Ethionamide,ethA,ethA_p.Pro378Leu,1) Assoc w R,p.P378L,0.5384615384615384
Ethionamide,ethA,ethA_p.Thr314Ile,1) Assoc w R,p.T314I,0.37566137566137564
Ethionamide,ethA,ethA_p.Arg207Gly,1) Assoc w R,p.R207G,0.6140350877192983
Ethionamide,ethA,ethA_p.Thr321Pro,1) Assoc w R,p.T321P,1.0
Ethionamide,ethA,ethA_p.Ser390Phe,2) Assoc w R - Interim,p.S390F,1.0
Ethionamide,ethA,ethA_p.Tyr32Asp,2) Assoc w R - Interim,p.Y32D,1.0
Ethionamide,mshA,mshA_p.Ala187Val,3) Uncertain significance,p.A187V,0.38136942675159236
Ethionamide,ethA,ethA_p.Ala341Val,2) Assoc w R - Interim,p.A341V,0.3333333333333333
Ethionamide,ethA,ethA_p.Ala381Pro,2) Assoc w R - Interim,p.A381P,1.0
Ethionamide,ethA,ethA_p.His281Pro,2) Assoc w R - Interim,p.H281P,0.731764705882353
Ethionamide,ethA,ethA_p.Leu35Arg,2) Assoc w R - Interim,p.L35R,0.5
Ethionamide,ethA,ethA_p.Gly11Val,2) Assoc w R - Interim,p.G11V,1.0
Ethionamide,ethA,ethA_p.Cys137Arg,1) Assoc w R,p.C137R,0.5294117647058824
Ethionamide,ethA,ethA_p.Tyr211Ser,2) Assoc w R - Interim,p.Y211S,0.8333333333333334
Ethionamide,inhA,inhA_p.Ile21Val,1) Assoc w R,p.I21V,0.8888888888888888
Ethionamide,ethA,ethA_p.Thr88Ile,1) Assoc w R,p.T88I,1.0
Ethionamide,ethA,ethA_p.Cys403Tyr,2) Assoc w R - Interim,p.C403Y,1.0
Ethionamide,ethA,ethA_p.Thr61Met,1) Assoc w R,p.T61M,0.5
Ethionamide,ethA,ethA_p.Asp56Ala,1) Assoc w R,p.D56A,0.875
Ethionamide,ethA,ethA_p.Gln254Pro,2) Assoc w R - Interim,p.Q254P,0.42857142857142855
Ethionamide,ethA,ethA_p.Ser57Tyr,2) Assoc w R - Interim,p.S57Y,
Ethionamide,ethA,ethA_p.Ala89Glu,3) Uncertain significance,p.A89E,0.5
Ethionamide,ethA,ethA_p.Thr342Lys,2) Assoc w R - Interim,p.T342K,1.0
Ethionamide,ethA,ethA_p.Asp58Gly,2) Assoc w R - Interim,p.D58G,1.0
Ethionamide,ethA,ethA_p.Val202Gly,2) Assoc w R - Interim,p.V202G,1.0
Ethionamide,inhA,inhA_p.Ala239Val,2) Assoc w R - Interim,p.A239V,1.0
Ethionamide,ethA,ethA_p.Phe282Val,2) Assoc w R - Interim,p.F282V,0.5
Ethionamide,ethA,ethA_p.Leu205Pro,2) Assoc w R - Interim,p.L205P,1.0
Ethionamide,ethA,ethA_p.Ser208Pro,3) Uncertain significance,p.S208P,0.625
Ethionamide,ethA,ethA_p.Tyr50Cys,3) Uncertain significance,p.Y50C,1.0
Ethionamide,ethA,ethA_p.Leu23Arg,2) Assoc w R - Interim,p.L23R,0.5714285714285714
Ethionamide,ethA,ethA_p.Gly63Asp,3) Uncertain significance,p.G63D,1.0
Ethionamide,ethA,ethA_p.Thr314Ala,2) Assoc w R - Interim,p.T314A,0.5
Ethionamide,ethA,ethA_p.Asn345Lys,3) Uncertain significance,p.N345K,0.5555555555555556
Ethionamide,ethA,ethA_p.Tyr50Asp,2) Assoc w R - Interim,p.Y50D,0.5
Ethionamide,ethA,ethA_p.Gly43Ser,2) Assoc w R - Interim,p.G43S,0.5
Ethionamide,ethA,ethA_p.Thr392Arg,3) Uncertain significance,p.T392R,0.0
Ethionamide,ethA,ethA_p.Gln206Pro,3) Uncertain significance,p.Q206P,1.0
Ethionamide,ethA,ethA_p.Thr61Arg,3) Uncertain significance,p.T61R,0.75
Ethionamide,ethA,ethA_p.Leu194Pro,2) Assoc w R - Interim,p.L194P,1.0
Ethionamide,ethA,ethA_p.Val191Met,3) Uncertain significance,p.V191M,1.0
Ethionamide,ethA,ethA_p.Arg54Leu,3) Uncertain significance,p.R54L,1.0
Ethionamide,ethA,ethA_p.Thr44Ala,2) Assoc w R - Interim,p.T44A,0.6666666666666666
Ethionamide,ethA,ethA_p.Thr342Ala,2) Assoc w R - Interim,p.T342A,0.5
Ethionamide,ethA,ethA_p.Val118Gly,3) Uncertain significance,p.V118G,0.3333333333333333
Ethionamide,ethA,ethA_p.Asp396Asn,3) Uncertain significance,p.D396N,
Ethionamide,ethA,ethA_p.Ile34Thr,3) Uncertain significance,p.I34T,0.4444444444444444
Ethionamide,ethA,ethA_p.Ala341Glu,3) Uncertain significance,p.A341E,
Ethionamide,ethA,ethA_p.Thr88Pro,3) Uncertain significance,p.T88P,
Ethionamide,ethA,ethA_p.Pro422Leu,3) Uncertain significance,p.P422L,1.0
Ethionamide,ethA,ethA_p.Tyr84Cys,3) Uncertain significance,p.Y84C,1.0
Ethionamide,mshA,mshA_p.Gly67Ala,3) Uncertain significance,p.G67A,
Ethionamide,ethA,ethA_p.Met59Arg,3) Uncertain significance,p.M59R,1.0
Ethionamide,ethA,ethA_p.Gly182Asp,3) Uncertain significance,p.G182D,1.0
Ethionamide,ethA,ethA_p.His201Pro,3) Uncertain significance,p.H201P,
Ethionamide,ethA,ethA_p.Arg479Pro,3) Uncertain significance,p.R479P,
Ethionamide,ethA,ethA_p.Asn379Lys,3) Uncertain significance,p.N379K,
Ethionamide,ethA,ethA_p.Trp167Gly,3) Uncertain significance,p.W167G,1.0
Ethionamide,mshA,mshA_p.Gly106Ala,3) Uncertain significance,p.G106A,1.0
Ethionamide,ethA,ethA_p.Pro257Leu,3) Uncertain significance,p.P257L,1.0
Ethionamide,ethA,ethA_p.Cys137Tyr,3) Uncertain significance,p.C137Y,1.0
Ethionamide,ethA,ethA_p.Leu134Pro,3) Uncertain significance,p.L134P,0.6666666666666666
Ethionamide,ethA,ethA_p.Tyr369Cys,3) Uncertain significance,p.Y369C,
Ethionamide,ethA,ethA_p.Tyr211Cys,3) Uncertain significance,p.Y211C,0.6666666666666666
Ethionamide,ethA,ethA_p.Trp167Arg,3) Uncertain significance,p.W167R,0.75
Ethionamide,ethA,ethA_p.Gly42Val,3) Uncertain significance,p.G42V,1.0
Ethionamide,ethA,ethA_p.Gln246Pro,3) Uncertain significance,p.Q246P,
Ethionamide,ethA,ethA_p.Pro192Leu,3) Uncertain significance,p.P192L,1.0
Ethionamide,ethA,ethA_p.Tyr84Asp,3) Uncertain significance,p.Y84D,1.0
Ethionamide,ethA,ethA_p.Leu62Pro,3) Uncertain significance,p.L62P,0.75
Ethionamide,ethA,ethA_p.Met204Val,3) Uncertain significance,p.M204V,0.75
Ethionamide,ethA,ethA_p.Gly139Ser,3) Uncertain significance,p.G139S,1.0
Ethionamide,ethA,ethA_p.Leu62Arg,3) Uncertain significance,p.L62R,0.0
Ethionamide,ethA,ethA_p.Leu244Pro,3) Uncertain significance,p.L244P,0.625
Ethionamide,ethA,ethA_p.Leu190Phe,3) Uncertain significance,p.L190F,1.0
Ethionamide,ethA,ethA_p.Ile34Ser,3) Uncertain significance,p.I34S,
Ethionamide,ethA,ethA_p.Leu397Pro,3) Uncertain significance,p.L397P,1.0
Ethionamide,ethA,ethA_p.Asp396Gly,3) Uncertain significance,p.D396G,
Ethionamide,ethA,ethA_p.Tyr235Asp,3) Uncertain significance,p.Y235D,
Ethionamide,ethA,ethA_p.Ala247Pro,3) Uncertain significance,p.A247P,0.0
Ethionamide,ethA,ethA_p.Ser55Pro,2) Assoc w R - Interim,p.S55P,
Ethionamide,ethA,ethA_p.Cys403Trp,3) Uncertain significance,p.C403W,0.0
Ethionamide,ethA,ethA_p.Gly16Asp,3) Uncertain significance,p.G16D,1.0
Ethionamide,ethA,ethA_p.Leu82Pro,3) Uncertain significance,p.L82P,1.0
Ethionamide,ethA,ethA_p.Thr383Lys,3) Uncertain significance,p.T383K,1.0
Ethionamide,ethA,ethA_p.Pro192Thr,3) Uncertain significance,p.P192T,0.5555555555555556
Ethionamide,ethA,ethA_p.Gly43Val,3) Uncertain significance,p.G43V,0.14285714285714285
Ethionamide,ethA,ethA_p.Phe431Leu,3) Uncertain significance,p.F431L,1.0
Ethionamide,ethA,ethA_p.Asn242Asp,3) Uncertain significance,p.N242D,1.0
Ethionamide,ethA,ethA_p.Leu374Arg,3) Uncertain significance,p.L374R,
Ethionamide,ethA,ethA_p.Arg404Leu,3) Uncertain significance,p.R404L,
Ethionamide,ethA,ethA_p.Pro257Ser,3) Uncertain significance,p.P257S,0.5
Ethionamide,ethA,ethA_p.Ala185Val,3) Uncertain significance,p.A185V,1.0
Ethionamide,ethA,ethA_p.Pro164Leu,3) Uncertain significance,p.P164L,0.0
Ethionamide,ethA,ethA_p.Gly182Ser,3) Uncertain significance,p.G182S,1.0
Ethionamide,ethA,ethA_p.Val384Gly,3) Uncertain significance,p.V384G,0.5
Ethionamide,ethA,ethA_p.Ala187Val,3) Uncertain significance,p.A187V,0.5
Ethionamide,ethA,ethA_p.Pro51His,3) Uncertain significance,p.P51H,1.0
Ethionamide,ethA,ethA_p.Gly13Glu,3) Uncertain significance,p.G13E,0.6666666666666666
Ethionamide,ethA,ethA_p.Val17Ala,3) Uncertain significance,p.V17A,1.0
Ethionamide,ethA,ethA_p.Cys294Tyr,3) Uncertain significance,p.C294Y,0.3333333333333333
Ethionamide,ethA,ethA_p.Thr383Pro,3) Uncertain significance,p.T383P,
Ethionamide,ethA,ethA_p.Gly423Arg,3) Uncertain significance,p.G423R,
Ethionamide,ethA,ethA_p.Thr186Met,3) Uncertain significance,p.T186M,
Ethionamide,ethA,ethA_p.Asn379His,3) Uncertain significance,p.N379H,
Ethionamide,mshA,mshA_p.Arg46Trp,3) Uncertain significance,p.R46W,1.0
Ethionamide,ethA,ethA_p.Arg65Pro,3) Uncertain significance,p.R65P,1.0
Ethionamide,ethA,ethA_p.Val118Phe,3) Uncertain significance,p.V118F,
Ethionamide,mshA,mshA_p.Leu12Val,3) Uncertain significance,p.L12V,
Ethionamide,ethA,ethA_p.Thr61Lys,3) Uncertain significance,p.T61K,
Ethionamide,ethA,ethA_p.Ile75Thr,3) Uncertain significance,p.I75T,
Ethionamide,ethA,ethA_p.Cys253Trp,3) Uncertain significance,p.C253W,1.0
Ethionamide,ethA,ethA_p.Phe157Ser,3) Uncertain significance,p.F157S,1.0
Ethionamide,mshA,mshA_p.Lys278Glu,3) Uncertain significance,p.K278E,1.0
Ethionamide,ethA,ethA_p.Phe264Ser,3) Uncertain significance,p.F264S,1.0
Ethionamide,ethA,ethA_p.Trp21Leu,3) Uncertain significance,p.W21L,
Ethionamide,ethA,ethA_p.Gln271Pro,3) Uncertain significance,p.Q271P,
Ethionamide,ethA,ethA_p.Asn458Val,3) Uncertain significance,p.N458V,1.0
Ethionamide,ethA,ethA_p.Leu225Arg,3) Uncertain significance,p.L225R,1.0
Ethionamide,ethA,ethA_p.Gly11Asp,3) Uncertain significance,p.G11D,
Ethionamide,ethA,ethA_p.Arg303Pro,3) Uncertain significance,p.R303P,
Ethionamide,ethA,ethA_p.Pro454Ser,3) Uncertain significance,p.P454S,1.0
Ethionamide,ethA,ethA_p.Tyr60Asp,3) Uncertain significance,p.Y60D,1.0
Ethionamide,ethA,ethA_p.Thr186Pro,3) Uncertain significance,p.T186P,1.0
Ethionamide,ethA,ethA_p.Pro164Gln,3) Uncertain significance,p.P164Q,
Ethionamide,inhA,inhA_p.Thr51Ala,3) Uncertain significance,p.T51A,1.0
Ethionamide,mshA,mshA_p.Gly106Arg,3) Uncertain significance,p.G106R,
Ethionamide,ethA,ethA_p.Pro209Ser,3) Uncertain significance,p.P209S,
Ethionamide,ethA,ethA_p.Gln206Glu,3) Uncertain significance,p.Q206E,
Ethionamide,ethA,ethA_p.Val188Gly,3) Uncertain significance,p.V188G,1.0
Ethionamide,ethA,ethA_p.Pro273Leu,3) Uncertain significance,p.P273L,1.0
Ethionamide,ethA,ethA_p.Tyr276Asp,3) Uncertain significance,p.Y276D,1.0
Ethionamide,ethA,ethA_p.Ala20Asp,3) Uncertain significance,p.A20D,0.5
Ethionamide,ethA,ethA_p.Gly139Cys,3) Uncertain significance,p.G139C,
Ethionamide,ethA,ethA_p.Arg38Pro,3) Uncertain significance,p.R38P,
Ethionamide,ethA,ethA_p.Trp167Ser,3) Uncertain significance,p.W167S,
Ethionamide,ethA,ethA_p.Leu134Arg,3) Uncertain significance,p.L134R,0.25
Ethionamide,ethA,ethA_p.Pro273Arg,3) Uncertain significance,p.P273R,1.0
Ethionamide,ethA,ethA_p.Ala19Val,3) Uncertain significance,p.A19V,
Ethionamide,ethA,ethA_p.Leu406Ser,3) Uncertain significance,p.L406S,
Ethionamide,ethA,ethA_p.Ser55Ala,3) Uncertain significance,p.S55A,1.0
Ethionamide,ethA,ethA_p.Leu393Pro,3) Uncertain significance,p.L393P,
Ethionamide,ethA,ethA_p.Cys253Phe,3) Uncertain significance,p.C253F,
Ethionamide,ethA,ethA_p.Phe401Val,3) Uncertain significance,p.F401V,
Ethionamide,ethA,ethA_p.Ile473Ser,3) Uncertain significance,p.I473S,1.0
Ethionamide,ethA,ethA_p.Met41Arg,3) Uncertain significance,p.M41R,
Ethionamide,ethA,ethA_p.Gly139Val,3) Uncertain significance,p.G139V,
Ethionamide,ethA,ethA_p.Leu190Pro,3) Uncertain significance,p.L190P,0.5
Ethionamide,ethA,ethA_p.Gly182Ala,3) Uncertain significance,p.G182A,
Ethionamide,ethA,ethA_p.Gly343Glu,3) Uncertain significance,p.G343E,
Ethionamide,ethA,ethA_p.Gly43Asp,3) Uncertain significance,p.G43D,0.6666666666666666
Ethionamide,ethA,ethA_p.Leu229Arg,3) Uncertain significance,p.L229R,
Ethionamide,ethA,ethA_p.His4Arg,3) Uncertain significance,p.H4R,1.0
Ethionamide,ethA,ethA_p.Leu134His,3) Uncertain significance,p.L134H,
Ethionamide,ethA,ethA_p.Leu47Ser,3) Uncertain significance,p.L47S,
Ethionamide,ethA,ethA_p.Pro257Gln,3) Uncertain significance,p.P257Q,
Ethionamide,ethA,ethA_p.Ala304Val,3) Uncertain significance,p.A304V,1.0
Ethionamide,ethA,ethA_p.Val10Gly,3) Uncertain significance,p.V10G,
Ethionamide,ethA,ethA_p.Glu36Lys,3) Uncertain significance,p.E36K,
Ethionamide,ethA,ethA_p.Thr392Lys,3) Uncertain significance,p.T392K,1.0
Ethionamide,mshA,mshA_p.His152Arg,3) Uncertain significance,p.H152R,1.0
Ethionamide,ethA,ethA_p.Ser399Pro,3) Uncertain significance,p.S399P,1.0
Ethionamide,ethA,ethA_p.Cys253Arg,3) Uncertain significance,p.C253R,1.0
Ethionamide,ethA,ethA_p.Pro257Thr,3) Uncertain significance,p.P257T,
Ethionamide,ethA,ethA_p.His281Arg,3) Uncertain significance,p.H281R,0.3333333333333333
Ethionamide,ethA,ethA_p.Pro257Ala,3) Uncertain significance,p.P257A,
Ethionamide,ethA,ethA_p.Met373Ile,3) Uncertain significance,p.M373I,0.5
Ethionamide,ethA,ethA_p.Ser208Leu,3) Uncertain significance,p.S208L,1.0
Ethionamide,ethA,ethA_p.Leu397Arg,3) Uncertain significance,p.L397R,
Ethionamide,ethA,ethA_p.Ser138Arg,3) Uncertain significance,p.S138R,0.375
Ethionamide,ethA,ethA_p.Pro288Ser,3) Uncertain significance,p.P288S,1.0
Ethionamide,ethA,ethA_p.Ile94Ser,3) Uncertain significance,p.I94S,1.0
Ethionamide,ethA,ethA_p.Asp77Gly,3) Uncertain significance,p.D77G,
Ethionamide,ethA,ethA_p.Ala20Val,3) Uncertain significance,p.A20V,0.5
Ethionamide,ethA,ethA_p.Leu348Pro,3) Uncertain significance,p.L348P,1.0
Ethionamide,ethA,ethA_p.Ser15Phe,3) Uncertain significance,p.S15F,
Ethionamide,ethA,ethA_p.Gln165Pro,3) Uncertain significance,p.Q165P,0.15384615384615385
Ethionamide,ethA,ethA_p.Ile305Ser,3) Uncertain significance,p.I305S,0.5
Ethionamide,ethA,ethA_p.Phe48Ser,3) Uncertain significance,p.F48S,
Ethionamide,ethA,ethA_p.Cys294Phe,3) Uncertain significance,p.C294F,0.0
Ethionamide,ethA,ethA_p.Arg261Trp,3) Uncertain significance,p.R261W,
Ethionamide,ethA,ethA_p.Leu136Arg,3) Uncertain significance,p.L136R,0.4
Ethionamide,ethA,ethA_p.Tyr382His,3) Uncertain significance,p.Y382H,1.0
Ethionamide,ethA,ethA_p.Val180Met,3) Uncertain significance,p.V180M,
Ethionamide,ethA,ethA_p.Gly343Arg,3) Uncertain significance,p.G343R,
Ethionamide,ethA,ethA_p.Ala76Val,3) Uncertain significance,p.A76V,1.0
Ethionamide,ethA,ethA_p.Thr189Lys,3) Uncertain significance,p.T189K,
Ethionamide,mshA,mshA_p.Leu284Pro,3) Uncertain significance,p.L284P,1.0
Ethionamide,ethA,ethA_p.Gly385Ala,3) Uncertain significance,p.G385A,1.0
Ethionamide,ethA,ethA_p.Cys253Gly,3) Uncertain significance,p.C253G,1.0
Ethionamide,ethA,ethA_p.Gly11Cys,3) Uncertain significance,p.G11C,1.0
Ethionamide,ethA,ethA_p.Ala185Glu,3) Uncertain significance,p.A185E,
Ethionamide,ethA,ethA_p.Ser57Pro,3) Uncertain significance,p.S57P,1.0
Ethionamide,ethA,ethA_p.Ile105Leu,3) Uncertain significance,p.I105L,0.25
Ethionamide,ethA,ethA_p.Ile9Ser,3) Uncertain significance,p.I9S,1.0
Ethionamide,ethA,ethA_p.Phe302Leu,3) Uncertain significance,p.F302L,
Ethionamide,ethA,ethA_p.Arg239Gln,3) Uncertain significance,p.R239Q,0.3333333333333333
Ethionamide,ethA,ethA_p.Cys131Tyr,3) Uncertain significance,p.C131Y,0.5
Ethionamide,mshA,mshA_p.Leu405Arg,3) Uncertain significance,p.L405R,
Ethionamide,ethA,ethA_p.Gly43Ala,3) Uncertain significance,p.G43A,
Ethionamide,ethA,ethA_p.Tyr276His,3) Uncertain significance,p.Y276H,1.0
Ethionamide,ethA,ethA_p.Arg207Cys,3) Uncertain significance,p.R207C,0.5
Ethionamide,ethA,ethA_p.Ser18Thr,3) Uncertain significance,p.S18T,1.0
Ethionamide,ethA,ethA_p.Gly13Arg,3) Uncertain significance,p.G13R,
Ethionamide,mshA,mshA_p.Pro280His,3) Uncertain significance,p.P280H,
Ethionamide,inhA,inhA_p.Asn231Asp,3) Uncertain significance,p.N231D,1.0
Ethionamide,ethA,ethA_p.Met409Arg,3) Uncertain significance,p.M409R,1.0
Ethionamide,mshA,mshA_p.Ser354Ala,3) Uncertain significance,p.S354A,
Ethionamide,inhA,inhA_p.Gly40Trp,3) Uncertain significance,p.G40W,1.0
Ethionamide,ethA,ethA_p.Trp21Arg,3) Uncertain significance,p.W21R,0.0
Ethionamide,ethA,ethA_p.Arg207Ser,3) Uncertain significance,p.R207S,0.0
Ethionamide,ethA,ethA_p.Met372Arg,3) Uncertain significance,p.M372R,
Ethionamide,ethA,ethA_p.Pro334Ala,3) Uncertain significance,p.P334A,0.25
Ethionamide,ethA,ethA_p.Ser57Phe,3) Uncertain significance,p.S57F,
Ethionamide,ethA,ethA_p.Thr355Pro,3) Uncertain significance,p.T355P,0.5
Ethionamide,ethA,ethA_p.Cys131Arg,3) Uncertain significance,p.C131R,
Ethionamide,ethA,ethA_p.Ser138Ile,3) Uncertain significance,p.S138I,1.0
Ethionamide,ethA,ethA_p.Cys137Gly,3) Uncertain significance,p.C137G,1.0
Ethionamide,ethA,ethA_p.Gln246Arg,3) Uncertain significance,p.Q246R,1.0
Ethionamide,inhA,inhA_p.Ala124Val,3) Uncertain significance,p.A124V,
Ethionamide,ethA,ethA_p.Pro230Gln,3) Uncertain significance,p.P230Q,
Ethionamide,ethA,ethA_p.Ala187Glu,3) Uncertain significance,p.A187E,
Ethionamide,ethA,ethA_p.Thr44Ile,3) Uncertain significance,p.T44I,
Ethionamide,ethA,ethA_p.His307Pro,3) Uncertain significance,p.H307P,
Ethionamide,ethA,ethA_p.Pro257Arg,3) Uncertain significance,p.P257R,
Ethionamide,ethA,ethA_p.Leu478Arg,3) Uncertain significance,p.L478R,0.0
Ethionamide,ethA,ethA_p.Leu374His,3) Uncertain significance,p.L374H,1.0
Ethionamide,inhA,inhA_p.Ala239Thr,3) Uncertain significance,p.A239T,1.0
Ethionamide,ethA,ethA_p.Tyr60Cys,3) Uncertain significance,p.Y60C,1.0
Ethionamide,ethA,ethA_p.Pro447Leu,3) Uncertain significance,p.P447L,1.0
Ethionamide,ethA,ethA_p.Asp56Gly,3) Uncertain significance,p.D56G,
Ethionamide,ethA,ethA_p.Leu225Pro,3) Uncertain significance,p.L225P,0.0
Ethionamide,ethA,ethA_p.Tyr147Ser,3) Uncertain significance,p.Y147S,
Ethionamide,ethA,ethA_p.Thr392Pro,3) Uncertain significance,p.T392P,1.0
Ethionamide,ethA,ethA_p.Trp391Cys,3) Uncertain significance,p.W391C,1.0
Ethionamide,ethA,ethA_p.Trp109Cys,3) Uncertain significance,p.W109C,1.0
Ethionamide,mshA,mshA_p.Thr179Arg,3) Uncertain significance,p.T179R,
Ethionamide,ethA,ethA_p.Leu295Trp,3) Uncertain significance,p.L295W,1.0
Ethionamide,ethA,ethA_p.Asn287Lys,3) Uncertain significance,p.N287K,
Ethionamide,mshA,mshA_p.Ala182Thr,3) Uncertain significance,p.A182T,0.5
Ethionamide,ethA,ethA_p.Arg441Cys,3) Uncertain significance,p.R441C,1.0
Ethionamide,ethA,ethA_p.Thr44Pro,3) Uncertain significance,p.T44P,1.0
Ethionamide,ethA,ethA_p.Ala19Glu,3) Uncertain significance,p.A19E,1.0
Ethionamide,ethA,ethA_p.Gln291Pro,3) Uncertain significance,p.Q291P,
Ethionamide,ethA,ethA_p.Ile81Thr,3) Uncertain significance,p.I81T,
Ethionamide,ethA,ethA_p.Gly343Val,3) Uncertain significance,p.G343V,0.0
Ethionamide,ethA,ethA_p.Gly124Val,3) Uncertain significance,p.G124V,1.0
Ethionamide,ethA,ethA_p.Gly450Ser,3) Uncertain significance,p.G450S,0.0
Ethionamide,ethA,ethA_p.Tyr235His,3) Uncertain significance,p.Y235H,1.0
Ethionamide,mshA,mshA_p.Thr338Ala,3) Uncertain significance,p.T338A,
Ethionamide,mshA,mshA_p.Ala233Glu,3) Uncertain significance,p.A233E,
Ethionamide,ethA,ethA_p.Ser399Leu,3) Uncertain significance,p.S399L,
Ethionamide,ethA,ethA_p.Trp21Gly,3) Uncertain significance,p.W21G,
Ethionamide,ethA,ethA_p.Cys403Arg,3) Uncertain significance,p.C403R,0.25
Ethionamide,ethA,ethA_p.His102Pro,3) Uncertain significance,p.H102P,1.0
Ethionamide,ethA,ethA_p.Gly42Cys,3) Uncertain significance,p.G42C,1.0
Ethionamide,mshA,mshA_p.His175Pro,3) Uncertain significance,p.H175P,1.0
Ethionamide,ethA,ethA_p.Met204Thr,3) Uncertain significance,p.M204T,0.0
Ethionamide,mshA,mshA_p.His228Pro,3) Uncertain significance,p.H228P,1.0
Ethionamide,ethA,ethA_p.Arg96Lys,3) Uncertain significance,p.R96K,
Ethionamide,ethA,ethA_p.Cys294Trp,3) Uncertain significance,p.C294W,
Ethionamide,mshA,mshA_p.Ala323Thr,3) Uncertain significance,p.A323T,
Ethionamide,ethA,ethA_p.Asp444Gly,3) Uncertain significance,p.D444G,
Ethionamide,ethA,ethA_p.Glu36Gln,3) Uncertain significance,p.E36Q,
Ethionamide,mshA,mshA_p.Ala480Val,3) Uncertain significance,p.A480V,1.0
Ethionamide,mshA,mshA_p.Ala2Thr,3) Uncertain significance,p.A2T,0.0
Ethionamide,ethA,ethA_p.Cys137Phe,3) Uncertain significance,p.C137F,1.0
Ethionamide,mshA,mshA_p.Asn69Ser,3) Uncertain significance,p.N69S,0.625
Ethionamide,ethA,ethA_p.Phe302Ser,3) Uncertain significance,p.F302S,1.0
Ethionamide,ethA,ethA_p.Leu35Val,3) Uncertain significance,p.L35V,0.0
Ethionamide,ethA,ethA_p.Val7Gly,3) Uncertain significance,p.V7G,1.0
Ethionamide,ethA,ethA_p.His22Gln,3) Uncertain significance,p.H22Q,1.0
Ethionamide,ethA,ethA_p.Ala20Ser,3) Uncertain significance,p.A20S,
Ethionamide,ethA,ethA_p.Ala19Thr,3) Uncertain significance,p.A19T,1.0
Ethionamide,ethA,ethA_p.His163Asp,3) Uncertain significance,p.H163D,1.0
Ethionamide,ethA,ethA_p.Gly71Arg,3) Uncertain significance,p.G71R,1.0
Ethionamide,ethA,ethA_p.Ser197Pro,3) Uncertain significance,p.S197P,1.0
Ethionamide,ethA,ethA_p.Gln165His,3) Uncertain significance,p.Q165H,0.5
Ethionamide,ethA,ethA_p.Leu129Arg,3) Uncertain significance,p.L129R,0.8333333333333334
Ethionamide,ethA,ethA_p.Gly182Cys,3) Uncertain significance,p.G182C,
Ethionamide,inhA,inhA_p.Ile16Thr,3) Uncertain significance,p.I16T,1.0
Ethionamide,ethA,ethA_p.Arg54Ser,3) Uncertain significance,p.R54S,
Ethionamide,ethA,ethA_p.Thr189Met,3) Uncertain significance,p.T189M,
Ethionamide,ethA,ethA_p.Tyr50Asn,3) Uncertain significance,p.Y50N,1.0
Ethionamide,ethA,ethA_p.Ile338Ser,3) Uncertain significance,p.I338S,1.0
Ethionamide,inhA,inhA_p.Ile95Val,3) Uncertain significance,p.I95V,
Ethionamide,ethA,ethA_p.Pro454Leu,3) Uncertain significance,p.P454L,0.16666666666666666
Ethionamide,ethA,ethA_p.Thr203Pro,3) Uncertain significance,p.T203P,
Ethionamide,mshA,mshA_p.Ala41Glu,3) Uncertain significance,p.A41E,
Ethionamide,ethA,ethA_p.Ala76Asp,3) Uncertain significance,p.A76D,0.5
Ethionamide,ethA,ethA_p.Ala222Thr,3) Uncertain significance,p.A222T,1.0
Ethionamide,inhA,inhA_p.Pro107Ser,3) Uncertain significance,p.P107S,
Ethionamide,mshA,mshA_p.Asp218Gly,3) Uncertain significance,p.D218G,1.0
Ethionamide,ethA,ethA_p.Val238Gly,3) Uncertain significance,p.V238G,0.2
Ethionamide,ethA,ethA_p.Arg54Cys,3) Uncertain significance,p.R54C,0.5
Ethionamide,mshA,mshA_p.Pro30Leu,3) Uncertain significance,p.P30L,
Ethionamide,ethA,ethA_p.Ile181Ser,3) Uncertain significance,p.I181S,
Ethionamide,ethA,ethA_p.Ala335Asp,3) Uncertain significance,p.A335D,0.5
Ethionamide,ethA,ethA_p.Arg469Pro,3) Uncertain significance,p.R469P,
Ethionamide,ethA,ethA_p.Lys241Thr,3) Uncertain significance,p.K241T,1.0
Ethionamide,ethA,ethA_p.Tyr369Asp,3) Uncertain significance,p.Y369D,
Ethionamide,ethA,ethA_p.Ile212Met,3) Uncertain significance,p.I212M,1.0
Ethionamide,mshA,mshA_p.Ala421Glu,3) Uncertain significance,p.A421E,1.0
Ethionamide,ethA,ethA_p.Ala352Glu,3) Uncertain significance,p.A352E,1.0
Ethionamide,inhA,inhA_p.Phe41Ser,3) Uncertain significance,p.F41S,
Ethionamide,ethA,ethA_p.Ala234Asp,3) Uncertain significance,p.A234D,
Ethionamide,ethA,ethA_p.Glu400Lys,3) Uncertain significance,p.E400K,1.0
Ethionamide,ethA,ethA_p.Arg441Pro,3) Uncertain significance,p.R441P,1.0
Ethionamide,ethA,ethA_p.Pro447Ser,3) Uncertain significance,p.P447S,0.0
Ethionamide,ethA,ethA_p.Lys280Thr,3) Uncertain significance,p.K280T,1.0
Ethionamide,inhA,inhA_p.Lys233Thr,3) Uncertain significance,p.K233T,1.0
Ethionamide,ethA,ethA_p.Thr435Ile,3) Uncertain significance,p.T435I,1.0
Ethionamide,ethA,ethA_p.His166Pro,3) Uncertain significance,p.H166P,0.6666666666666666
Ethionamide,ethA,ethA_p.Leu194Arg,3) Uncertain significance,p.L194R,
Ethionamide,ethA,ethA_p.Phe133Ser,3) Uncertain significance,p.F133S,
Ethionamide,ethA,ethA_p.Ser197Ala,3) Uncertain significance,p.S197A,1.0
Ethionamide,ethA,ethA_p.Val417Glu,3) Uncertain significance,p.V417E,1.0
Ethionamide,ethA,ethA_p.Tyr461Cys,3) Uncertain significance,p.Y461C,0.3333333333333333
Ethionamide,inhA,inhA_p.Val92Met,3) Uncertain significance,p.V92M,
Ethionamide,ethA,ethA_p.Cys403Gly,3) Uncertain significance,p.C403G,0.5
Ethionamide,ethA,ethA_p.Phe48Val,3) Uncertain significance,p.F48V,1.0
Ethionamide,ethA,ethA_p.Leu348Ile,3) Uncertain significance,p.L348I,1.0
Ethionamide,mshA,mshA_p.Ala134Val,3) Uncertain significance,p.A134V,1.0
Ethionamide,ethA,ethA_p.Lys370Thr,3) Uncertain significance,p.K370T,0.6666666666666666
Ethionamide,ethA,ethA_p.Thr61Ala,3) Uncertain significance,p.T61A,1.0
Ethionamide,ethA,ethA_p.Ser329Leu,3) Uncertain significance,p.S329L,0.5
Ethionamide,ethA,ethA_p.Gly184Asp,3) Uncertain significance,p.G184D,
Ethionamide,ethA,ethA_p.Leu344Phe,3) Uncertain significance,p.L344F,
Ethionamide,ethA,ethA_p.Val296Met,3) Uncertain significance,p.V296M,1.0
Ethionamide,ethA,ethA_p.Leu23Pro,3) Uncertain significance,p.L23P,
Ethionamide,ethA,ethA_p.Asp58Asn,3) Uncertain significance,p.D58N,
Ethionamide,ethA,ethA_p.Ile161Ser,3) Uncertain significance,p.I161S,
Ethionamide,ethA,ethA_p.Gly450Cys,3) Uncertain significance,p.G450C,
Ethionamide,ethA,ethA_p.Met380Ile,3) Uncertain significance,p.M380I,1.0
Ethionamide,ethA,ethA_p.His119Pro,3) Uncertain significance,p.H119P,
Ethionamide,ethA,ethA_p.Arg239Trp,3) Uncertain significance,p.R239W,
Ethionamide,ethA,ethA_p.Ala248Pro,3) Uncertain significance,p.A248P,
Ethionamide,ethA,ethA_p.Val402Phe,3) Uncertain significance,p.V402F,0.6666666666666666
Ethionamide,ethA,ethA_p.Pro160Ser,3) Uncertain significance,p.P160S,
Ethionamide,mshA,mshA_p.Leu389Pro,3) Uncertain significance,p.L389P,0.8
Ethionamide,ethA,ethA_p.Pro51Leu,3) Uncertain significance,p.P51L,0.25
Ethionamide,ethA,ethA_p.Gly139Ala,3) Uncertain significance,p.G139A,1.0
Ethionamide,mshA,mshA_p.Gly83Arg,3) Uncertain significance,p.G83R,1.0
Ethionamide,ethA,ethA_p.Trp289Arg,3) Uncertain significance,p.W289R,
Ethionamide,ethA,ethA_p.Thr117Pro,3) Uncertain significance,p.T117P,0.0
Ethionamide,ethA,ethA_p.Ser183Arg,3) Uncertain significance,p.S183R,0.5
Ethionamide,ethA,ethA_p.Pro297Ser,3) Uncertain significance,p.P297S,1.0
Ethionamide,mshA,mshA_p.Lys184Thr,3) Uncertain significance,p.K184T,1.0
Ethionamide,ethA,ethA_p.Met409Thr,3) Uncertain significance,p.M409T,0.3333333333333333
Ethionamide,ethA,ethA_p.Ser375Tyr,3) Uncertain significance,p.S375Y,0.375
Ethionamide,ethA,ethA_p.Phe66Leu,3) Uncertain significance,p.F66L,1.0
Ethionamide,ethA,ethA_p.Thr366Pro,3) Uncertain significance,p.T366P,
Ethionamide,ethA,ethA_p.Trp45Leu,3) Uncertain significance,p.W45L,
Ethionamide,ethA,ethA_p.Gly471Val,3) Uncertain significance,p.G471V,
Ethionamide,inhA,inhA_p.Thr236Met,3) Uncertain significance,p.T236M,0.42857142857142855
Ethionamide,ethA,ethA_p.Pro436Leu,3) Uncertain significance,p.P436L,1.0
Ethionamide,mshA,mshA_p.Gly106Val,3) Uncertain significance,p.G106V,0.6666666666666666
Ethionamide,ethA,ethA_p.Leu348Phe,3) Uncertain significance,p.L348F,0.5
Ethionamide,mshA,mshA_p.Leu137Pro,3) Uncertain significance,p.L137P,
Ethionamide,ethA,ethA_p.Trp240Arg,3) Uncertain significance,p.W240R,0.0
Ethionamide,ethA,ethA_p.Tyr211His,3) Uncertain significance,p.Y211H,1.0
Ethionamide,ethA,ethA_p.Pro51Arg,3) Uncertain significance,p.P51R,1.0
Ethionamide,ethA,ethA_p.Val188Ile,3) Uncertain significance,p.V188I,0.5
Ethionamide,ethA,ethA_p.Ser251Arg,3) Uncertain significance,p.S251R,0.5
Ethionamide,ethA,ethA_p.Ser214Pro,3) Uncertain significance,p.S214P,1.0
Ethionamide,ethA,ethA_p.Pro192Ser,3) Uncertain significance,p.P192S,0.0
Ethionamide,inhA,inhA_p.Ala114Thr,3) Uncertain significance,p.A114T,0.3333333333333333
Ethionamide,ethA,ethA_p.Tyr286Cys,3) Uncertain significance,p.Y286C,
Ethionamide,ethA,ethA_p.Arg469Trp,3) Uncertain significance,p.R469W,1.0
Ethionamide,ethA,ethA_p.Asp464Gly,3) Uncertain significance,p.D464G,0.14285714285714285
Ethionamide,mshA,mshA_p.Val271Leu,3) Uncertain significance,p.V271L,
Ethionamide,ethA,ethA_p.Ile356Thr,3) Uncertain significance,p.I356T,
Ethionamide,ethA,ethA_p.Ser110Trp,3) Uncertain significance,p.S110W,
Ethionamide,ethA,ethA_p.Cys27Tyr,3) Uncertain significance,p.C27Y,0.0
Ethionamide,ethA,ethA_p.Tyr382Asn,3) Uncertain significance,p.Y382N,
Ethionamide,ethA,ethA_p.Trp69Arg,3) Uncertain significance,p.W69R,0.3333333333333333
Ethionamide,ethA,ethA_p.Gly275Glu,3) Uncertain significance,p.G275E,
Ethionamide,inhA,inhA_p.Met161Val,3) Uncertain significance,p.M161V,
Ethionamide,ethA,ethA_p.Asp58Ala,3) Uncertain significance,p.D58A,0.5
Ethionamide,ethA,ethA_p.Ala112Gly,3) Uncertain significance,p.A112G,0.5
Ethionamide,ethA,ethA_p.Thr2Ala,3) Uncertain significance,p.T2A,0.0
Ethionamide,ethA,ethA_p.Leu35Pro,3) Uncertain significance,p.L35P,1.0
Ethionamide,ethA,ethA_p.Ser266Arg,4) Not assoc w R - Interim,p.S266R,0.30526315789473685
Ethionamide,mshA,mshA_p.Arg443His,3) Uncertain significance,p.R443H,0.6
Ethionamide,inhA,inhA_p.Thr162Met,3) Uncertain significance,p.T162M,0.0
Ethionamide,ethA,ethA_p.Pro230Leu,3) Uncertain significance,p.P230L,0.3333333333333333
Ethionamide,mshA,mshA_p.Gly292Arg,3) Uncertain significance,p.G292R,0.25
Ethionamide,ethA,ethA_p.Trp455Arg,3) Uncertain significance,p.W455R,1.0
Ethionamide,ethA,ethA_p.Arg207His,3) Uncertain significance,p.R207H,1.0
Ethionamide,ethA,ethA_p.Phe302Val,3) Uncertain significance,p.F302V,0.0
Ethionamide,mshA,mshA_p.Pro249Ala,3) Uncertain significance,p.P249A,0.0
Ethionamide,ethA,ethA_p.Ala199Val,3) Uncertain significance,p.A199V,
Ethionamide,ethA,ethA_p.Ile9Thr,3) Uncertain significance,p.I9T,1.0
Ethionamide,ethA,ethA_p.Gly78Ser,3) Uncertain significance,p.G78S,0.3333333333333333
Ethionamide,mshA,mshA_p.Met417Val,3) Uncertain significance,p.M417V,
Ethionamide,ethA,ethA_p.Thr453Arg,3) Uncertain significance,p.T453R,
Ethionamide,mshA,mshA_p.Pro469Leu,3) Uncertain significance,p.P469L,
Ethionamide,ethA,ethA_p.Ala185Gly,3) Uncertain significance,p.A185G,0.0
Ethionamide,ethA,ethA_p.Pro273Ser,3) Uncertain significance,p.P273S,0.0
Ethionamide,ethA,ethA_p.Asp336Glu,3) Uncertain significance,p.D336E,
Ethionamide,ethA,ethA_p.Asp196Asn,3) Uncertain significance,p.D196N,0.0
Ethionamide,ethA,ethA_p.Gly63Val,3) Uncertain significance,p.G63V,
Ethionamide,ethA,ethA_p.Lys394Thr,3) Uncertain significance,p.K394T,
Ethionamide,ethA,ethA_p.Asp415Gly,3) Uncertain significance,p.D415G,0.0
Ethionamide,ethA,ethA_p.His281Gln,3) Uncertain significance,p.H281Q,0.0
Ethionamide,ethA,ethA_p.Val419Ile,3) Uncertain significance,p.V419I,0.0
Ethionamide,ethA,ethA_p.Trp391Arg,3) Uncertain significance,p.W391R,
Ethionamide,ethA,ethA_p.Ala222Val,3) Uncertain significance,p.A222V,
Ethionamide,ethA,ethA_p.Gly324Ala,3) Uncertain significance,p.G324A,
Ethionamide,ethA,ethA_p.Asp196Glu,3) Uncertain significance,p.D196E,
Ethionamide,inhA,inhA_p.Gly76Asp,3) Uncertain significance,p.G76D,0.0
Ethionamide,mshA,mshA_p.Gly411Arg,3) Uncertain significance,p.G411R,
Ethionamide,ethA,ethA_p.Gly477Asp,3) Uncertain significance,p.G477D,0.0
Ethionamide,ethA,ethA_p.Phe264Leu,3) Uncertain significance,p.F264L,0.0
Ethionamide,ethA,ethA_p.Arg245His,3) Uncertain significance,p.R245H,0.0
Ethionamide,ethA,ethA_p.Phe64Ser,3) Uncertain significance,p.F64S,
Ethionamide,mshA,mshA_p.Leu377His,3) Uncertain significance,p.L377H,
Ethionamide,mshA,mshA_p.Ser31Phe,3) Uncertain significance,p.S31F,
Ethionamide,ethA,ethA_p.Arg218Trp,3) Uncertain significance,p.R218W,
Ethionamide,mshA,mshA_p.Arg168Cys,3) Uncertain significance,p.R168C,
Ethionamide,mshA,mshA_p.Trp169Cys,3) Uncertain significance,p.W169C,
Ethionamide,mshA,mshA_p.Asp42Tyr,3) Uncertain significance,p.D42Y,
Ethionamide,mshA,mshA_p.Leu408Ser,3) Uncertain significance,p.L408S,
Ethionamide,ethA,ethA_p.Val489Phe,3) Uncertain significance,p.V489F,
Ethionamide,ethA,ethA_p.Ala481Thr,3) Uncertain significance,p.A481T,
Ethionamide,mshA,mshA_p.Ala342Val,3) Uncertain significance,p.A342V,
Ethionamide,mshA,mshA_p.Gly384Val,3) Uncertain significance,p.G384V,
Ethionamide,ethA,ethA_p.Asp410His,3) Uncertain significance,p.D410H,
Ethionamide,mshA,mshA_p.Gly396Ala,3) Uncertain significance,p.G396A,
Ethionamide,inhA,inhA_p.Gly212Ser,3) Uncertain significance,p.G212S,
Ethionamide,ethA,ethA_p.Ser18Arg,3) Uncertain significance,p.S18R,0.0
Ethionamide,ethA,ethA_p.Pro436Ala,3) Uncertain significance,p.P436A,0.0
Ethionamide,mshA,mshA_p.Ile402Thr,3) Uncertain significance,p.I402T,
Ethionamide,ethA,ethA_p.Lys200Arg,3) Uncertain significance,p.K200R,
Ethionamide,ethA,ethA_p.Leu393Arg,3) Uncertain significance,p.L393R,
Ethionamide,ethA,ethA_p.Ile34Met,3) Uncertain significance,p.I34M,
Ethionamide,ethA,ethA_p.Ala354Gly,3) Uncertain significance,p.A354G,
Ethionamide,mshA,mshA_p.Val346Ala,3) Uncertain significance,p.V346A,
Ethionamide,ethA,ethA_p.Asp144Gly,3) Uncertain significance,p.D144G,
Ethionamide,ethA,ethA_p.Ala175Thr,3) Uncertain significance,p.A175T,
Ethionamide,ethA,ethA_p.Arg72Trp,3) Uncertain significance,p.R72W,0.0
Ethionamide,inhA,inhA_p.Ala190Ser,3) Uncertain significance,p.A190S,
Ethionamide,ethA,ethA_p.Phe64Leu,3) Uncertain significance,p.F64L,0.0
Ethionamide,ethA,ethA_p.Arg441His,3) Uncertain significance,p.R441H,
Ethionamide,mshA,mshA_p.Arg455Leu,3) Uncertain significance,p.R455L,
Ethionamide,ethA,ethA_p.Leu405Ser,3) Uncertain significance,p.L405S,
Ethionamide,mshA,mshA_p.Gly479Asp,3) Uncertain significance,p.G479D,
Ethionamide,ethA,ethA_p.Gly324Arg,3) Uncertain significance,p.G324R,
Ethionamide,ethA,ethA_p.Gly423Val,3) Uncertain significance,p.G423V,
Ethionamide,inhA,inhA_p.Ala201Thr,3) Uncertain significance,p.A201T,0.0
Ethionamide,ethA,ethA_p.Val249Ala,3) Uncertain significance,p.V249A,
Ethionamide,mshA,mshA_p.Gly260Arg,3) Uncertain significance,p.G260R,
Ethionamide,ethA,ethA_p.Ala12Val,3) Uncertain significance,p.A12V,
Ethionamide,ethA,ethA_p.Asp219Glu,3) Uncertain significance,p.D219E,0.0
Ethionamide,mshA,mshA_p.Ala347Val,3) Uncertain significance,p.A347V,
Ethionamide,mshA,mshA_p.Tyr351His,3) Uncertain significance,p.Y351H,
Ethionamide,ethA,ethA_p.Pro378Ser,3) Uncertain significance,p.P378S,
Ethionamide,ethA,ethA_p.Pro454Thr,3) Uncertain significance,p.P454T,
Ethionamide,ethA,ethA_p.Ala74Val,3) Uncertain significance,p.A74V,
Ethionamide,mshA,mshA_p.Ser95Pro,3) Uncertain significance,p.S95P,
Ethionamide,ethA,ethA_p.Trp45Gly,3) Uncertain significance,p.W45G,
Ethionamide,ethA,ethA_p.Val384Ala,3) Uncertain significance,p.V384A,0.0
Ethionamide,ethA,ethA_p.Met409Ile,3) Uncertain significance,p.M409I,0.0
Ethionamide,ethA,ethA_p.Met233Val,3) Uncertain significance,p.M233V,
Ethionamide,ethA,ethA_p.Tyr250Asn,3) Uncertain significance,p.Y250N,
Ethionamide,ethA,ethA_p.Ile178Ser,3) Uncertain significance,p.I178S,
Ethionamide,ethA,ethA_p.Gly471Arg,3) Uncertain significance,p.G471R,0.0
Ethionamide,ethA,ethA_p.Ala74Pro,3) Uncertain significance,p.A74P,
Ethionamide,mshA,mshA_p.Arg81Gly,3) Uncertain significance,p.R81G,
Ethionamide,ethA,ethA_p.Thr453Ile,3) Uncertain significance,p.T453I,0.0
Ethionamide,ethA,ethA_p.Met233Ile,3) Uncertain significance,p.M233I,0.0
Ethionamide,ethA,ethA_p.Ile325Asn,3) Uncertain significance,p.I325N,0.0
Ethionamide,ethA,ethA_p.Ile178Val,3) Uncertain significance,p.I178V,
Ethionamide,inhA,inhA_p.Asn231Lys,3) Uncertain significance,p.N231K,
Ethionamide,ethA,ethA_p.Gly52Arg,3) Uncertain significance,p.G52R,0.0
Ethionamide,mshA,mshA_p.Gly479Ser,3) Uncertain significance,p.G479S,
Ethionamide,mshA,mshA_p.Ser308Leu,3) Uncertain significance,p.S308L,0.0
Ethionamide,mshA,mshA_p.Asp64Asn,3) Uncertain significance,p.D64N,
Ethionamide,mshA,mshA_p.Leu12Trp,3) Uncertain significance,p.L12W,0.0
Ethionamide,mshA,mshA_p.Val293Trp,3) Uncertain significance,p.V293W,
Ethionamide,ethA,ethA_p.Gly52Glu,3) Uncertain significance,p.G52E,0.0
Ethionamide,ethA,ethA_p.Gly43Arg,3) Uncertain significance,p.G43R,0.0
Ethionamide,ethA,ethA_p.Leu344Ser,3) Uncertain significance,p.L344S,
Ethionamide,mshA,mshA_p.Ala76Ser,3) Uncertain significance,p.A76S,
Ethionamide,inhA,inhA_p.Glu80Ala,3) Uncertain significance,p.E80A,
Ethionamide,inhA,inhA_p.Ala235Val,3) Uncertain significance,p.A235V,
Ethionamide,ethA,ethA_p.Asn298Thr,3) Uncertain significance,p.N298T,
Ethionamide,ethA,ethA_p.Ala20Pro,3) Uncertain significance,p.A20P,
Ethionamide,ethA,ethA_p.Ser15Cys,3) Uncertain significance,p.S15C,
Ethionamide,ethA,ethA_p.Glu113Gln,3) Uncertain significance,p.E113Q,
Ethionamide,ethA,ethA_p.Ile98Val,3) Uncertain significance,p.I98V,
Ethionamide,inhA,inhA_p.Gly221Ser,3) Uncertain significance,p.G221S,
Ethionamide,ethA,ethA_p.His4Asn,3) Uncertain significance,p.H4N,0.0
Ethionamide,ethA,ethA_p.Gln360Arg,3) Uncertain significance,p.Q360R,0.0
Ethionamide,ethA,ethA_p.Ile162Ser,3) Uncertain significance,p.I162S,0.0
Ethionamide,mshA,mshA_p.Arg253Leu,3) Uncertain significance,p.R253L,
Ethionamide,ethA,ethA_p.Gly93Arg,3) Uncertain significance,p.G93R,0.0
Ethionamide,mshA,mshA_p.Thr388Ala,3) Uncertain significance,p.T388A,
Ethionamide,ethA,ethA_p.Val7Ala,3) Uncertain significance,p.V7A,0.0
Ethionamide,mshA,mshA_p.Asp167Ala,3) Uncertain significance,p.D167A,
Ethionamide,ethA,ethA_p.Leu301Arg,3) Uncertain significance,p.L301R,0.0
Ethionamide,mshA,mshA_p.Met72Thr,3) Uncertain significance,p.M72T,
Ethionamide,ethA,ethA_p.Asn298His,3) Uncertain significance,p.N298H,
Ethionamide,inhA,inhA_p.Gly76Ser,3) Uncertain significance,p.G76S,
Ethionamide,mshA,mshA_p.Ser10Leu,3) Uncertain significance,p.S10L,0.0
Ethionamide,inhA,inhA_p.Val91Ala,3) Uncertain significance,p.V91A,
Ethionamide,mshA,mshA_p.Glu220Asp,3) Uncertain significance,p.E220D,
Ethionamide,ethA,ethA_p.Arg441Leu,3) Uncertain significance,p.R441L,
Ethionamide,ethA,ethA_p.Trp69Ser,3) Uncertain significance,p.W69S,
Ethionamide,ethA,ethA_p.Pro160Thr,3) Uncertain significance,p.P160T,
Ethionamide,ethA,ethA_p.Ile338Leu,3) Uncertain significance,p.I338L,0.0
Ethionamide,ethA,ethA_p.Ile339Ser,3) Uncertain significance,p.I339S,
Ethionamide,inhA,inhA_p.Val203Ala,3) Uncertain significance,p.V203A,
Ethionamide,inhA,inhA_p.Arg27Trp,3) Uncertain significance,p.R27W,0.0
Ethionamide,ethA,ethA_p.Phe282Ser,3) Uncertain significance,p.F282S,0.0
Ethionamide,ethA,ethA_p.Glu83Gly,3) Uncertain significance,p.E83G,0.0
Ethionamide,ethA,ethA_p.Ala112Val,3) Uncertain significance,p.A112V,
Ethionamide,ethA,ethA_p.Arg292Gln,3) Uncertain significance,p.R292Q,0.0
Ethionamide,ethA,ethA_p.His119Arg,3) Uncertain significance,p.H119R,0.0
Ethionamide,ethA,ethA_p.Ile377Lys,3) Uncertain significance,p.I377K,0.0
Ethionamide,mshA,mshA_p.Gly446Ser,3) Uncertain significance,p.G446S,
Ethionamide,mshA,mshA_p.Arg324Trp,3) Uncertain significance,p.R324W,
Ethionamide,ethA,ethA_p.Ser55Cys,3) Uncertain significance,p.S55C,0.0
Ethionamide,ethA,ethA_p.Ser110Pro,3) Uncertain significance,p.S110P,
Ethionamide,mshA,mshA_p.Pro474Leu,3) Uncertain significance,p.P474L,0.0
Ethionamide,mshA,mshA_p.Gly11Arg,3) Uncertain significance,p.G11R,
Ethionamide,mshA,mshA_p.Asp121Gly,3) Uncertain significance,p.D121G,
Ethionamide,ethA,ethA_p.Phe431Ser,3) Uncertain significance,p.F431S,0.0
Ethionamide,mshA,mshA_p.Asp190Asn,3) Uncertain significance,p.D190N,0.0
Ethionamide,ethA,ethA_p.Gly350Val,3) Uncertain significance,p.G350V,
Ethionamide,ethA,ethA_p.Trp256Gly,3) Uncertain significance,p.W256G,
Ethionamide,mshA,mshA_p.Arg45Leu,3) Uncertain significance,p.R45L,
Ethionamide,ethA,ethA_p.Asp46Asn,3) Uncertain significance,p.D46N,
Ethionamide,ethA,ethA_p.Ala90Thr,3) Uncertain significance,p.A90T,
Ethionamide,ethA,ethA_p.Ala248Asp,3) Uncertain significance,p.A248D,
Ethionamide,inhA,inhA_p.Asp248Asn,3) Uncertain significance,p.D248N,
Ethionamide,ethA,ethA_p.Tyr60Ser,3) Uncertain significance,p.Y60S,0.0
Ethionamide,mshA,mshA_p.Asp281Gly,3) Uncertain significance,p.D281G,
Ethionamide,ethA,ethA_p.Val310Ile,3) Uncertain significance,p.V310I,
Ethionamide,ethA,ethA_p.Glu476Gln,3) Uncertain significance,p.E476Q,0.0
Ethionamide,ethA,ethA_p.Arg227Pro,3) Uncertain significance,p.R227P,0.0
Ethionamide,ethA,ethA_p.Leu374Phe,3) Uncertain significance,p.L374F,
Ethionamide,mshA,mshA_p.Arg294Cys,3) Uncertain significance,p.R294C,
Ethionamide,ethA,ethA_p.Gly198Ser,3) Uncertain significance,p.G198S,
Ethionamide,mshA,mshA_p.Glu85Ala,3) Uncertain significance,p.E85A,
Ethionamide,ethA,ethA_p.Arg466Trp,3) Uncertain significance,p.R466W,
Ethionamide,inhA,inhA_p.Tyr182His,3) Uncertain significance,p.Y182H,
Ethionamide,ethA,ethA_p.Arg270His,3) Uncertain significance,p.R270H,
Ethionamide,mshA,mshA_p.Arg413Trp,3) Uncertain significance,p.R413W,0.0
Ethionamide,ethA,ethA_p.Trp116Ser,3) Uncertain significance,p.W116S,
Ethionamide,ethA,ethA_p.Ala107Ser,3) Uncertain significance,p.A107S,0.0
Ethionamide,ethA,ethA_p.Thr453Ser,3) Uncertain significance,p.T453S,
Ethionamide,ethA,ethA_p.Val213Gly,3) Uncertain significance,p.V213G,
Ethionamide,ethA,ethA_p.Leu205Arg,3) Uncertain significance,p.L205R,
Ethionamide,mshA,mshA_p.Glu118Lys,3) Uncertain significance,p.E118K,
Ethionamide,ethA,ethA_p.Tyr92Cys,3) Uncertain significance,p.Y92C,0.0
Ethionamide,ethA,ethA_p.Thr392Met,3) Uncertain significance,p.T392M,
Ethionamide,ethA,ethA_p.Val426Phe,3) Uncertain significance,p.V426F,
Ethionamide,ethA,ethA_p.Val179Gly,3) Uncertain significance,p.V179G,
Ethionamide,ethA,ethA_p.Val238Ile,3) Uncertain significance,p.V238I,
Ethionamide,ethA,ethA_p.Tyr92His,3) Uncertain significance,p.Y92H,
Ethionamide,mshA,mshA_p.His404Asn,3) Uncertain significance,p.H404N,
Ethionamide,ethA,ethA_p.Ile338Met,3) Uncertain significance,p.I338M,
Ethionamide,ethA,ethA_p.His307Gln,3) Uncertain significance,p.H307Q,
Ethionamide,ethA,ethA_p.Ser424Leu,3) Uncertain significance,p.S424L,0.0
Ethionamide,ethA,ethA_p.Ala389Asp,3) Uncertain significance,p.A389D,
Ethionamide,mshA,mshA_p.Gly305Asp,3) Uncertain significance,p.G305D,
Ethionamide,mshA,mshA_p.Asp403Gly,3) Uncertain significance,p.D403G,
Ethionamide,ethA,ethA_p.His22Tyr,3) Uncertain significance,p.H22Y,
Ethionamide,mshA,mshA_p.Ile84Leu,3) Uncertain significance,p.I84L,
Ethionamide,ethA,ethA_p.Thr353Met,3) Uncertain significance,p.T353M,
Ethionamide,ethA,ethA_p.Phe282Leu,3) Uncertain significance,p.F282L,0.0
Ethionamide,ethA,ethA_p.Gly78Asp,3) Uncertain significance,p.G78D,
Ethionamide,ethA,ethA_p.Gln165Arg,3) Uncertain significance,p.Q165R,0.0
Ethionamide,mshA,mshA_p.Pro105Ser,3) Uncertain significance,p.P105S,
Ethionamide,mshA,mshA_p.Pro249Leu,3) Uncertain significance,p.P249L,
Ethionamide,ethA,ethA_p.Gln271His,3) Uncertain significance,p.Q271H,
Ethionamide,ethA,ethA_p.Ser15Pro,3) Uncertain significance,p.S15P,0.0
Ethionamide,ethA,ethA_p.Ala395Asp,3) Uncertain significance,p.A395D,0.0
Ethionamide,ethA,ethA_p.Gly350Cys,3) Uncertain significance,p.G350C,0.0
Ethionamide,ethA,ethA_p.Pro68Leu,3) Uncertain significance,p.P68L,
Ethionamide,ethA,ethA_p.Asp357Tyr,3) Uncertain significance,p.D357Y,0.5
Ethionamide,ethA,ethA_p.Ala33Pro,3) Uncertain significance,p.A33P,0.0
Ethionamide,ethA,ethA_p.Met373Thr,3) Uncertain significance,p.M373T,
Ethionamide,ethA,ethA_p.Pro51Ser,3) Uncertain significance,p.P51S,0.0
Ethionamide,mshA,mshA_p.Arg26His,3) Uncertain significance,p.R26H,
Ethionamide,ethA,ethA_p.Ile120Asn,3) Uncertain significance,p.I120N,
Ethionamide,ethA,ethA_p.Glu311Asp,3) Uncertain significance,p.E311D,
Ethionamide,ethA,ethA_p.Ala152Val,3) Uncertain significance,p.A152V,
Ethionamide,ethA,ethA_p.Gly343Ala,3) Uncertain significance,p.G343A,0.0
Ethionamide,mshA,mshA_p.Ala189Val,3) Uncertain significance,p.A189V,0.0
Ethionamide,mshA,mshA_p.Leu188Val,3) Uncertain significance,p.L188V,1.0
Ethionamide,mshA,mshA_p.Ala337Thr,3) Uncertain significance,p.A337T,
Ethionamide,ethA,ethA_p.Leu82Arg,3) Uncertain significance,p.L82R,
Ethionamide,ethA,ethA_p.Ile120Val,3) Uncertain significance,p.I120V,
Ethionamide,ethA,ethA_p.Gly351Val,3) Uncertain significance,p.G351V,
Ethionamide,ethA,ethA_p.Trp69Leu,3) Uncertain significance,p.W69L,0.0
Ethionamide,ethA,ethA_p.Met373Val,3) Uncertain significance,p.M373V,0.0
Ethionamide,ethA,ethA_p.Phe414Leu,3) Uncertain significance,p.F414L,0.0
Ethionamide,mshA,mshA_p.Gly477Arg,3) Uncertain significance,p.G477R,
Ethionamide,ethA,ethA_p.Leu393Val,3) Uncertain significance,p.L393V,
Ethionamide,mshA,mshA_p.Ala343Val,3) Uncertain significance,p.A343V,0.0
Ethionamide,ethA,ethA_p.Ile161Thr,3) Uncertain significance,p.I161T,0.0
Ethionamide,ethA,ethA_p.Tyr50His,3) Uncertain significance,p.Y50H,
Ethionamide,ethA,ethA_p.Gln449Pro,3) Uncertain significance,p.Q449P,0.0
Ethionamide,mshA,mshA_p.Ile296Ser,3) Uncertain significance,p.I296S,0.0
Ethionamide,ethA,ethA_p.Pro288Arg,3) Uncertain significance,p.P288R,
Ethionamide,ethA,ethA_p.Leu171Phe,3) Uncertain significance,p.L171F,
Ethionamide,ethA,ethA_p.Asp58His,3) Uncertain significance,p.D58H,0.0
Ethionamide,mshA,mshA_p.Val416Met,3) Uncertain significance,p.V416M,
Ethionamide,mshA,mshA_p.Leu290Phe,3) Uncertain significance,p.L290F,0.0
Ethionamide,ethA,ethA_p.Gly184Val,3) Uncertain significance,p.G184V,0.0
Ethionamide,ethA,ethA_p.Arg239Gly,3) Uncertain significance,p.R239G,0.0
Ethionamide,ethA,ethA_p.Arg54His,3) Uncertain significance,p.R54H,0.0
Ethionamide,ethA,ethA_p.Phe64Cys,3) Uncertain significance,p.F64C,0.0
Ethionamide,ethA,ethA_p.Thr365Met,3) Uncertain significance,p.T365M,
Ethionamide,ethA,ethA_p.Arg38Trp,3) Uncertain significance,p.R38W,0.0
Ethionamide,ethA,ethA_p.Thr232Ala,3) Uncertain significance,p.T232A,
Ethionamide,ethA,ethA_p.Ser40Pro,3) Uncertain significance,p.S40P,0.0
Ethionamide,ethA,ethA_p.Val398Leu,3) Uncertain significance,p.V398L,0.0
Ethionamide,inhA,inhA_p.Met130Val,3) Uncertain significance,p.M130V,0.0
Ethionamide,ethA,ethA_p.Trp167Cys,3) Uncertain significance,p.W167C,
Ethionamide,mshA,mshA_p.His471Arg,3) Uncertain significance,p.H471R,
Ethionamide,mshA,mshA_p.Pro33Ser,3) Uncertain significance,p.P33S,
Ethionamide,ethA,ethA_p.Leu333Pro,3) Uncertain significance,p.L333P,
Ethionamide,ethA,ethA_p.Phe320Ser,3) Uncertain significance,p.F320S,0.0
Ethionamide,ethA,ethA_p.Ile161Val,3) Uncertain significance,p.I161V,
Ethionamide,ethA,ethA_p.Arg67His,3) Uncertain significance,p.R67H,0.0
Ethionamide,ethA,ethA_p.Asn379Ser,3) Uncertain significance,p.N379S,
Ethionamide,mshA,mshA_p.Leu198Arg,3) Uncertain significance,p.L198R,
Ethionamide,mshA,mshA_p.Ala24Val,3) Uncertain significance,p.A24V,
Ethionamide,mshA,mshA_p.Asp218Glu,3) Uncertain significance,p.D218E,
Ethionamide,ethA,ethA_p.Tyr211Asp,3) Uncertain significance,p.Y211D,
Ethionamide,ethA,ethA_p.Tyr141Cys,3) Uncertain significance,p.Y141C,0.0
Ethionamide,inhA,inhA_p.Asp89Asn,3) Uncertain significance,p.D89N,
Ethionamide,ethA,ethA_p.Thr392Ala,3) Uncertain significance,p.T392A,
Ethionamide,inhA,inhA_p.Asp52Gly,3) Uncertain significance,p.D52G,
Ethionamide,ethA,ethA_p.Met372Thr,3) Uncertain significance,p.M372T,0.0
Ethionamide,inhA,inhA_p.Ala84Thr,3) Uncertain significance,p.A84T,
Ethionamide,mshA,mshA_p.Val478Ala,3) Uncertain significance,p.V478A,0.0
Ethionamide,ethA,ethA_p.Met41Ile,3) Uncertain significance,p.M41I,0.0
Ethionamide,ethA,ethA_p.His285Pro,3) Uncertain significance,p.H285P,
Ethionamide,ethA,ethA_p.Gln165Glu,3) Uncertain significance,p.Q165E,0.0
Ethionamide,ethA,ethA_p.Met59Thr,3) Uncertain significance,p.M59T,
Ethionamide,ethA,ethA_p.Tyr461Asp,3) Uncertain significance,p.Y461D,0.0
Ethionamide,mshA,mshA_p.Asp124Asn,3) Uncertain significance,p.D124N,
Ethionamide,mshA,mshA_p.Arg324Gln,3) Uncertain significance,p.R324Q,
Ethionamide,ethA,ethA_p.Asp219Gly,3) Uncertain significance,p.D219G,0.0
Ethionamide,ethA,ethA_p.Arg326Gln,3) Uncertain significance,p.R326Q,0.0
Ethionamide,ethA,ethA_p.Thr125Met,3) Uncertain significance,p.T125M,
Ethionamide,mshA,mshA_p.Leu306Arg,3) Uncertain significance,p.L306R,
Ethionamide,inhA,inhA_p.Gly83Arg,3) Uncertain significance,p.G83R,0.0
Ethionamide,mshA,mshA_p.Asn37Asp,3) Uncertain significance,p.N37D,
Ethionamide,mshA,mshA_p.Thr334Ala,3) Uncertain significance,p.T334A,
Ethionamide,ethA,ethA_p.Tyr60Asn,3) Uncertain significance,p.Y60N,
Ethionamide,mshA,mshA_p.Ser352His,3) Uncertain significance,p.S352H,
Ethionamide,mshA,mshA_p.Val325Met,3) Uncertain significance,p.V325M,0.0
Ethionamide,inhA,inhA_p.Ala133Thr,3) Uncertain significance,p.A133T,0.0
Ethionamide,ethA,ethA_p.Leu440Pro,3) Uncertain significance,p.L440P,0.15384615384615385
Ethionamide,ethA,ethA_p.Glu433Asp,3) Uncertain significance,p.E433D,
Ethionamide,ethA,ethA_p.Gly42Asp,3) Uncertain significance,p.G42D,0.0
Ethionamide,mshA,mshA_p.Ala399Thr,3) Uncertain significance,p.A399T,0.0
Ethionamide,ethA,ethA_p.Leu5Phe,3) Uncertain significance,p.L5F,
Ethionamide,ethA,ethA_p.Ser183Gly,3) Uncertain significance,p.S183G,0.0
Ethionamide,mshA,mshA_p.Arg26Cys,3) Uncertain significance,p.R26C,0.0
Ethionamide,ethA,ethA_p.Arg115Cys,3) Uncertain significance,p.R115C,0.0
Ethionamide,ethA,ethA_p.Thr342Met,3) Uncertain significance,p.T342M,0.0
Ethionamide,ethA,ethA_p.Asn379Thr,3) Uncertain significance,p.N379T,0.0
Ethionamide,ethA,ethA_p.Gly488Val,3) Uncertain significance,p.G488V,
Ethionamide,ethA,ethA_p.Met204Arg,3) Uncertain significance,p.M204R,0.0
Ethionamide,ethA,ethA_p.Leu62Ile,3) Uncertain significance,p.L62I,
Ethionamide,ethA,ethA_p.Phe151Leu,3) Uncertain significance,p.F151L,
Ethionamide,ethA,ethA_p.Leu126Phe,3) Uncertain significance,p.L126F,0.0
Ethionamide,mshA,mshA_p.Val4Met,3) Uncertain significance,p.V4M,0.0
Ethionamide,mshA,mshA_p.Pro249Ser,3) Uncertain significance,p.P249S,
Ethionamide,mshA,mshA_p.Ala177Thr,3) Uncertain significance,p.A177T,
Ethionamide,mshA,mshA_p.Asn111Ser,3) Uncertain significance,p.N111S,0.2584745762711864
Ethionamide,inhA,inhA_p.Ala235Thr,3) Uncertain significance,p.A235T,0.0
Ethionamide,ethA,ethA_p.Gly308Trp,3) Uncertain significance,p.G308W,
Ethionamide,mshA,mshA_p.Arg413Gln,3) Uncertain significance,p.R413Q,0.0
Ethionamide,ethA,ethA_p.Leu272Pro,3) Uncertain significance,p.L272P,0.0
Ethionamide,ethA,ethA_p.Leu301Pro,3) Uncertain significance,p.L301P,0.0
Ethionamide,mshA,mshA_p.Ala364Val,3) Uncertain significance,p.A364V,
Ethionamide,mshA,mshA_p.Ala48Val,3) Uncertain significance,p.A48V,
Ethionamide,ethA,ethA_p.Arg470Ser,3) Uncertain significance,p.R470S,
Ethionamide,ethA,ethA_p.Glu3Gly,3) Uncertain significance,p.E3G,0.0
Ethionamide,ethA,ethA_p.Thr210Asn,3) Uncertain significance,p.T210N,
Ethionamide,ethA,ethA_p.Tyr386Cys,3) Uncertain significance,p.Y386C,
Ethionamide,ethA,ethA_p.Leu62Gln,3) Uncertain significance,p.L62Q,
Ethionamide,mshA,mshA_p.His53Pro,3) Uncertain significance,p.H53P,0.0
Ethionamide,ethA,ethA_p.Gly413Asp,3) Uncertain significance,p.G413D,
Ethionamide,ethA,ethA_p.Trp116Cys,3) Uncertain significance,p.W116C,
Ethionamide,ethA,ethA_p.Val85Gly,3) Uncertain significance,p.V85G,0.0
Ethionamide,mshA,mshA_p.Gln205Ser,3) Uncertain significance,p.Q205S,
Ethionamide,ethA,ethA_p.Asn242Thr,3) Uncertain significance,p.N242T,
Ethionamide,ethA,ethA_p.Gly42Ser,3) Uncertain significance,p.G42S,
Ethionamide,inhA,inhA_p.Ile21Met,3) Uncertain significance,p.I21M,0.0
Ethionamide,inhA,inhA_p.Ile95Leu,3) Uncertain significance,p.I95L,
Ethionamide,inhA,inhA_p.Val171Ile,3) Uncertain significance,p.V171I,
Ethionamide,inhA,inhA_p.Thr162Ser,3) Uncertain significance,p.T162S,
Ethionamide,mshA,mshA_p.Tyr155Ser,3) Uncertain significance,p.Y155S,0.0
Ethionamide,ethA,ethA_p.Gly385Asp,3) Uncertain significance,p.G385D,0.0
Ethionamide,ethA,ethA_p.Asp144Asn,3) Uncertain significance,p.D144N,0.0
Ethionamide,ethA,ethA_p.Ala33Gly,3) Uncertain significance,p.A33G,0.2857142857142857
Ethionamide,ethA,ethA_p.Leu443Pro,3) Uncertain significance,p.L443P,0.0
Ethionamide,ethA,ethA_p.His22Asp,3) Uncertain significance,p.H22D,0.0
Ethionamide,ethA,ethA_p.Tyr147Cys,3) Uncertain significance,p.Y147C,0.0
Ethionamide,ethA,ethA_p.Gly450Asp,3) Uncertain significance,p.G450D,0.0
Ethionamide,ethA,ethA_p.Met263Thr,3) Uncertain significance,p.M263T,
Ethionamide,inhA,inhA_p.Ile228Val,3) Uncertain significance,p.I228V,0.0
Ethionamide,inhA,inhA_p.Glu209Gly,3) Uncertain significance,p.E209G,
Ethionamide,ethA,ethA_p.Leu225His,3) Uncertain significance,p.L225H,
Ethionamide,ethA,ethA_p.Gly139Asp,3) Uncertain significance,p.G139D,0.0
Ethionamide,ethA,ethA_p.Ile337Val,3) Uncertain significance,p.I337V,
Ethionamide,inhA,inhA_p.Val78Ala,3) Uncertain significance,p.V78A,
Ethionamide,ethA,ethA_p.Ala74Glu,3) Uncertain significance,p.A74E,
Ethionamide,mshA,mshA_p.Glu458Gln,3) Uncertain significance,p.E458Q,0.0
Ethionamide,inhA,inhA_p.Gln35Arg,3) Uncertain significance,p.Q35R,0.0
Ethionamide,inhA,inhA_p.Ala22Ser,3) Uncertain significance,p.A22S,0.0
Ethionamide,ethA,ethA_p.Leu129Pro,3) Uncertain significance,p.L129P,0.0
Ethionamide,ethA,ethA_p.Ser329Pro,3) Uncertain significance,p.S329P,
Ethionamide,ethA,ethA_p.His22Pro,3) Uncertain significance,p.H22P,0.0
Ethionamide,ethA,ethA_p.Gly371Cys,3) Uncertain significance,p.G371C,0.0
Ethionamide,inhA,inhA_p.Thr2Pro,3) Uncertain significance,p.T2P,0.0
Ethionamide,mshA,mshA_p.Asp236Gly,3) Uncertain significance,p.D236G,
Ethionamide,mshA,mshA_p.Pro56Thr,3) Uncertain significance,p.P56T,
Ethionamide,ethA,ethA_p.Gly43Cys,3) Uncertain significance,p.G43C,0.0
Ethionamide,ethA,ethA_p.Pro447Thr,3) Uncertain significance,p.P447T,0.0
Ethionamide,ethA,ethA_p.Ser375Pro,3) Uncertain significance,p.S375P,0.0
Ethionamide,ethA,ethA_p.Tyr141Asn,3) Uncertain significance,p.Y141N,0.0
Ethionamide,ethA,ethA_p.Tyr386Ser,3) Uncertain significance,p.Y386S,0.0
Ethionamide,ethA,ethA_p.Met260Ile,3) Uncertain significance,p.M260I,0.0
Ethionamide,ethA,ethA_p.Ser18Gly,3) Uncertain significance,p.S18G,0.0
Ethionamide,mshA,mshA_p.Ala187Thr,3) Uncertain significance,p.A187T,0.0
Ethionamide,ethA,ethA_p.Thr70Ser,3) Uncertain significance,p.T70S,0.0
Ethionamide,ethA,ethA_p.Asp174Gly,3) Uncertain significance,p.D174G,0.0
Ethionamide,ethA,ethA_p.Gly124Asp,4) Not assoc w R - Interim,p.G124D,0.0
Ethionamide,mshA,mshA_p.Val390Ala,3) Uncertain significance,p.V390A,0.0
Ethionamide,mshA,mshA_p.Asp218Ala,4) Not assoc w R - Interim,p.D218A,0.2
Ethionamide,ethA,ethA_p.Ala322Val,3) Uncertain significance,p.A322V,
Ethionamide,ethA,ethA_p.Tyr84Ser,3) Uncertain significance,p.Y84S,
Ethionamide,mshA,mshA_p.Ala65Val,3) Uncertain significance,p.A65V,
Ethionamide,mshA,mshA_p.Arg273Gly,3) Uncertain significance,p.R273G,
Isoniazid,katG,katG_p.Ser315Thr,1) Assoc w R,p.S315T,0.9870253768364816
Isoniazid,katG,katG_p.Ser315Asn,1) Assoc w R,p.S315N,0.975
Isoniazid,inhA,inhA_p.Ser94Ala,1) Assoc w R,p.S94A,0.875
Isoniazid,inhA,inhA_p.Ile194Thr,1) Assoc w R,p.I194T,0.9770114942528736
Isoniazid,katG,katG_p.Ser315Ile,1) Assoc w R,p.S315I,1.0
Isoniazid,inhA,inhA_p.Ile21Thr,1) Assoc w R,p.I21T,0.9859154929577465
Isoniazid,ahpC,ahpC_p.Asp73His,1) Assoc w R,p.D73H,0.9259259259259259
Isoniazid,katG,katG_p.Trp328Leu,1) Assoc w R,p.W328L,1.0
Isoniazid,katG,katG_p.Ser315Arg,1) Assoc w R,p.S315R,1.0
Isoniazid,katG,katG_p.Ser315Gly,1) Assoc w R,p.S315G,1.0
Isoniazid,katG,katG_p.Asn138Ser,1) Assoc w R,p.N138S,1.0
Isoniazid,katG,katG_p.Gly279Asp,2) Assoc w R - Interim,p.G279D,1.0
Isoniazid,katG,katG_p.Ala109Val,1) Assoc w R,p.A109V,1.0
Isoniazid,katG,katG_p.Ala110Val,1) Assoc w R,p.A110V,1.0
Isoniazid,katG,katG_p.Leu141Ser,1) Assoc w R,p.L141S,0.8
Isoniazid,katG,katG_p.Thr380Ile,3) Uncertain significance,p.T380I,1.0
Isoniazid,katG,katG_p.Trp161Arg,1) Assoc w R,p.W161R,1.0
Isoniazid,katG,katG_p.Gly285Cys,3) Uncertain significance,p.G285C,1.0
Isoniazid,katG,katG_p.Tyr337Cys,2) Assoc w R - Interim,p.Y337C,0.8
Isoniazid,katG,katG_p.Pro232Ala,2) Assoc w R - Interim,p.P232A,1.0
Isoniazid,katG,katG_p.Asn138His,1) Assoc w R,p.N138H,1.0
Isoniazid,katG,katG_p.Gly699Glu,1) Assoc w R,p.G699E,0.9
Isoniazid,katG,katG_p.Ser302Arg,1) Assoc w R,p.S302R,0.875
Isoniazid,katG,katG_p.Met257Ile,2) Assoc w R - Interim,p.M257I,0.875
Isoniazid,katG,katG_p.Gln127Pro,1) Assoc w R,p.Q127P,0.9375
Isoniazid,katG,katG_p.Asp142Gly,2) Assoc w R - Interim,p.D142G,0.6666666666666666
Isoniazid,katG,katG_p.Gly299Ser,2) Assoc w R - Interim,p.G299S,1.0
Isoniazid,katG,katG_p.Tyr155Ser,2) Assoc w R - Interim,p.Y155S,1.0
Isoniazid,katG,katG_p.Thr568Pro,3) Uncertain significance,p.T568P,1.0
Isoniazid,katG,katG_p.Pro232Ser,2) Assoc w R - Interim,p.P232S,1.0
Isoniazid,katG,katG_p.Asp94Gly,3) Uncertain significance,p.D94G,1.0
Isoniazid,katG,katG_p.Thr271Ile,3) Uncertain significance,p.T271I,1.0
Isoniazid,katG,katG_p.Gln439Pro,3) Uncertain significance,p.Q439P,0.75
Isoniazid,katG,katG_p.Asp94Ala,3) Uncertain significance,p.D94A,1.0
Isoniazid,katG,katG_p.Gly118Ser,3) Uncertain significance,p.G118S,1.0
Isoniazid,katG,katG_p.Ala106Val,3) Uncertain significance,p.A106V,1.0
Isoniazid,katG,katG_p.Trp300Gly,3) Uncertain significance,p.W300G,1.0
Isoniazid,katG,katG_p.Asp419His,3) Uncertain significance,p.D419H,1.0
Isoniazid,katG,katG_p.Ala172Val,3) Uncertain significance,p.A172V,1.0
Isoniazid,inhA,inhA_p.Ile21Val,1) Assoc w R,p.I21V,0.7551020408163265
Isoniazid,katG,katG_p.Asp142Asn,3) Uncertain significance,p.D142N,1.0
Isoniazid,katG,katG_p.Trp191Arg,2) Assoc w R - Interim,p.W191R,0.75
Isoniazid,katG,katG_p.Trp91Arg,3) Uncertain significance,p.W91R,0.25
Isoniazid,katG,katG_p.Trp149Arg,3) Uncertain significance,p.W149R,1.0
Isoniazid,katG,katG_p.Tyr98Cys,3) Uncertain significance,p.Y98C,1.0
Isoniazid,katG,katG_p.Asp487Asn,3) Uncertain significance,p.D487N,1.0
Isoniazid,katG,katG_p.Arg484His,3) Uncertain significance,p.R484H,1.0
Isoniazid,katG,katG_p.Glu3Gly,3) Uncertain significance,p.E3G,1.0
Isoniazid,katG,katG_p.Gly491Ser,3) Uncertain significance,p.G491S,
Isoniazid,katG,katG_p.Trp300Arg,3) Uncertain significance,p.W300R,1.0
Isoniazid,katG,katG_p.Asp189Gly,2) Assoc w R - Interim,p.D189G,0.8333333333333334
Isoniazid,katG,katG_p.Gly297Val,1) Assoc w R,p.G297V,0.8571428571428571
Isoniazid,katG,katG_p.Asp189Asn,3) Uncertain significance,p.D189N,1.0
Isoniazid,katG,katG_p.Asp311Gly,3) Uncertain significance,p.D311G,1.0
Isoniazid,katG,katG_p.Thr271Pro,3) Uncertain significance,p.T271P,1.0
Isoniazid,katG,katG_p.Asp419Tyr,3) Uncertain significance,p.D419Y,1.0
Isoniazid,inhA,inhA_p.Ala239Val,3) Uncertain significance,p.A239V,1.0
Isoniazid,katG,katG_p.Leu48Pro,3) Uncertain significance,p.L48P,1.0
Isoniazid,katG,katG_p.Gln525Pro,1) Assoc w R,p.Q525P,0.8
Isoniazid,katG,katG_p.Gly125Asp,3) Uncertain significance,p.G125D,
Isoniazid,katG,katG_p.Val473Leu,3) Uncertain significance,p.V473L,0.8666666666666667
Isoniazid,katG,katG_p.Trp438Gly,3) Uncertain significance,p.W438G,1.0
Isoniazid,katG,katG_p.Gly156Asp,3) Uncertain significance,p.G156D,1.0
Isoniazid,inhA,inhA_p.Ala114Thr,3) Uncertain significance,p.A114T,1.0
Isoniazid,katG,katG_p.Phe167Cys,3) Uncertain significance,p.F167C,1.0
Isoniazid,katG,katG_p.Arg145Pro,3) Uncertain significance,p.R145P,1.0
Isoniazid,katG,katG_p.Gly495Ser,3) Uncertain significance,p.G495S,0.42105263157894735
Isoniazid,inhA,inhA_p.Thr162Ser,3) Uncertain significance,p.T162S,1.0
Isoniazid,katG,katG_p.Phe183Leu,3) Uncertain significance,p.F183L,1.0
Isoniazid,katG,katG_p.Trp300Cys,3) Uncertain significance,p.W300C,0.5
Isoniazid,katG,katG_p.Glu709Ala,3) Uncertain significance,p.E709A,1.0
Isoniazid,katG,katG_p.Leu298Ser,3) Uncertain significance,p.L298S,1.0
Isoniazid,katG,katG_p.Phe540Ser,3) Uncertain significance,p.F540S,1.0
Isoniazid,inhA,inhA_p.Ile95Val,3) Uncertain significance,p.I95V,1.0
Isoniazid,katG,katG_p.Ala411Asp,3) Uncertain significance,p.A411D,1.0
Isoniazid,katG,katG_p.Asn138Asp,1) Assoc w R,p.N138D,0.7142857142857143
Isoniazid,katG,katG_p.Leu132Pro,3) Uncertain significance,p.L132P,1.0
Isoniazid,katG,katG_p.Arg128Trp,3) Uncertain significance,p.R128W,1.0
Isoniazid,katG,katG_p.Glu588Gly,3) Uncertain significance,p.E588G,1.0
Isoniazid,katG,katG_p.Gly699Arg,3) Uncertain significance,p.G699R,
Isoniazid,katG,katG_p.Gly120Ser,3) Uncertain significance,p.G120S,1.0
Isoniazid,katG,katG_p.Thr677Pro,3) Uncertain significance,p.T677P,1.0
Isoniazid,katG,katG_p.Gln439Arg,3) Uncertain significance,p.Q439R,1.0
Isoniazid,katG,katG_p.Asp189Ala,3) Uncertain significance,p.D189A,1.0
Isoniazid,katG,katG_p.Pro288His,3) Uncertain significance,p.P288H,1.0
Isoniazid,katG,katG_p.Leu333Pro,3) Uncertain significance,p.L333P,
Isoniazid,katG,katG_p.Thr322Ala,3) Uncertain significance,p.T322A,
Isoniazid,katG,katG_p.Leu427Pro,3) Uncertain significance,p.L427P,1.0
Isoniazid,katG,katG_p.Trp397Gly,3) Uncertain significance,p.W397G,1.0
Isoniazid,katG,katG_p.Asp381Ala,3) Uncertain significance,p.D381A,1.0
Isoniazid,katG,katG_p.Asp163Asn,3) Uncertain significance,p.D163N,1.0
Isoniazid,katG,katG_p.Phe129Ser,3) Uncertain significance,p.F129S,1.0
Isoniazid,katG,katG_p.Asn637Lys,3) Uncertain significance,p.N637K,1.0
Isoniazid,katG,katG_p.Gly629Cys,3) Uncertain significance,p.G629C,1.0
Isoniazid,katG,katG_p.Arg146Gly,3) Uncertain significance,p.R146G,
Isoniazid,katG,katG_p.Leu141Phe,3) Uncertain significance,p.L141F,1.0
Isoniazid,katG,katG_p.Trp328Cys,3) Uncertain significance,p.W328C,1.0
Isoniazid,katG,katG_p.His97Leu,3) Uncertain significance,p.H97L,1.0
Isoniazid,katG,katG_p.Tyr155Asp,3) Uncertain significance,p.Y155D,1.0
Isoniazid,katG,katG_p.Lys143Glu,3) Uncertain significance,p.K143E,1.0
Isoniazid,katG,katG_p.Asn596Thr,3) Uncertain significance,p.N596T,0.0
Isoniazid,katG,katG_p.Trp328Arg,3) Uncertain significance,p.W328R,1.0
Isoniazid,katG,katG_p.Trp191Gly,3) Uncertain significance,p.W191G,0.7368421052631579
Isoniazid,katG,katG_p.Tyr390Ser,3) Uncertain significance,p.Y390S,1.0
Isoniazid,katG,katG_p.Val431Gly,3) Uncertain significance,p.V431G,1.0
Isoniazid,katG,katG_p.Ala93Asp,3) Uncertain significance,p.A93D,1.0
Isoniazid,katG,katG_p.Glu709Gly,3) Uncertain significance,p.E709G,1.0
Isoniazid,katG,katG_p.Thr251Pro,3) Uncertain significance,p.T251P,1.0
Isoniazid,katG,katG_p.Asp448Ala,3) Uncertain significance,p.D448A,1.0
Isoniazid,katG,katG_p.Asn660His,3) Uncertain significance,p.N660H,1.0
Isoniazid,katG,katG_p.Val710Gly,3) Uncertain significance,p.V710G,1.0
Isoniazid,katG,katG_p.Gln295Pro,3) Uncertain significance,p.Q295P,1.0
Isoniazid,katG,katG_p.Asn170Lys,3) Uncertain significance,p.N170K,1.0
Isoniazid,katG,katG_p.Ala492Asp,3) Uncertain significance,p.A492D,1.0
Isoniazid,katG,katG_p.Glu607Lys,3) Uncertain significance,p.E607K,1.0
Isoniazid,katG,katG_p.Ala621Asp,3) Uncertain significance,p.A621D,1.0
Isoniazid,katG,katG_p.Glu607Gly,3) Uncertain significance,p.E607G,1.0
Isoniazid,katG,katG_p.Tyr229Cys,3) Uncertain significance,p.Y229C,1.0
Isoniazid,katG,katG_p.Thr394Ala,3) Uncertain significance,p.T394A,1.0
Isoniazid,katG,katG_p.Ser160Pro,3) Uncertain significance,p.S160P,1.0
Isoniazid,katG,katG_p.Arg249Cys,3) Uncertain significance,p.R249C,0.5
Isoniazid,katG,katG_p.Gln461Pro,2) Assoc w R - Interim,p.Q461P,0.6666666666666666
Isoniazid,katG,katG_p.Thr344Pro,3) Uncertain significance,p.T344P,0.8
Isoniazid,katG,katG_p.Gly121Asp,3) Uncertain significance,p.G121D,1.0
Isoniazid,katG,katG_p.Ser700Pro,3) Uncertain significance,p.S700P,1.0
Isoniazid,katG,katG_p.Val697Ala,3) Uncertain significance,p.V697A,
Isoniazid,katG,katG_p.Gly182Arg,3) Uncertain significance,p.G182R,1.0
Isoniazid,katG,katG_p.Gly169Ser,3) Uncertain significance,p.G169S,
Isoniazid,katG,katG_p.Ala713Pro,3) Uncertain significance,p.A713P,
Isoniazid,katG,katG_p.Gly269Ser,3) Uncertain significance,p.G269S,1.0
Isoniazid,katG,katG_p.Pro241His,3) Uncertain significance,p.P241H,1.0
Isoniazid,katG,katG_p.Thr180Met,3) Uncertain significance,p.T180M,1.0
Isoniazid,katG,katG_p.Pro232Arg,3) Uncertain significance,p.P232R,1.0
Isoniazid,katG,katG_p.Thr690Pro,3) Uncertain significance,p.T690P,1.0
Isoniazid,katG,katG_p.Thr324Pro,3) Uncertain significance,p.T324P,1.0
Isoniazid,katG,katG_p.Pro325Thr,3) Uncertain significance,p.P325T,
Isoniazid,katG,katG_p.His108Arg,3) Uncertain significance,p.H108R,1.0
Isoniazid,katG,katG_p.Gly121Val,3) Uncertain significance,p.G121V,1.0
Isoniazid,katG,katG_p.Asp163Glu,3) Uncertain significance,p.D163E,1.0
Isoniazid,katG,katG_p.Arg104Gln,3) Uncertain significance,p.R104Q,0.75
Isoniazid,ahpC,ahpC_p.Gly188Ala,3) Uncertain significance,p.G188A,1.0
Isoniazid,katG,katG_p.Leu587Arg,3) Uncertain significance,p.L587R,1.0
Isoniazid,katG,katG_p.Gln352Pro,3) Uncertain significance,p.Q352P,
Isoniazid,katG,katG_p.Asp381Asn,3) Uncertain significance,p.D381N,1.0
Isoniazid,katG,katG_p.Arg595Gln,3) Uncertain significance,p.R595Q,1.0
Isoniazid,katG,katG_p.Ile455Met,3) Uncertain significance,p.I455M,1.0
Isoniazid,katG,katG_p.Gly177Val,3) Uncertain significance,p.G177V,1.0
Isoniazid,katG,katG_p.Leu634Pro,3) Uncertain significance,p.L634P,1.0
Isoniazid,katG,katG_p.Glu553Lys,3) Uncertain significance,p.E553K,1.0
Isoniazid,katG,katG_p.Tyr155Cys,3) Uncertain significance,p.Y155C,0.75
Isoniazid,katG,katG_p.Arg128Gly,3) Uncertain significance,p.R128G,1.0
Isoniazid,katG,katG_p.Glu318Ala,3) Uncertain significance,p.E318A,1.0
Isoniazid,katG,katG_p.Leu661Arg,3) Uncertain significance,p.L661R,
Isoniazid,katG,katG_p.Glu526Lys,3) Uncertain significance,p.E526K,1.0
Isoniazid,katG,katG_p.Val267Gly,3) Uncertain significance,p.V267G,
Isoniazid,katG,katG_p.Arg571His,3) Uncertain significance,p.R571H,1.0
Isoniazid,katG,katG_p.Ala110Pro,3) Uncertain significance,p.A110P,1.0
Isoniazid,ahpC,ahpC_p.His93Arg,3) Uncertain significance,p.H93R,1.0
Isoniazid,katG,katG_p.Asp735Ala,3) Uncertain significance,p.D735A,0.5
Isoniazid,katG,katG_p.Ala550Thr,3) Uncertain significance,p.A550T,1.0
Isoniazid,katG,katG_p.Asp189Tyr,3) Uncertain significance,p.D189Y,1.0
Isoniazid,katG,katG_p.Gly111Asp,3) Uncertain significance,p.G111D,1.0
Isoniazid,katG,katG_p.Trp91Gly,3) Uncertain significance,p.W91G,
Isoniazid,katG,katG_p.Ala614Glu,3) Uncertain significance,p.A614E,1.0
Isoniazid,katG,katG_p.Trp412Cys,3) Uncertain significance,p.W412C,1.0
Isoniazid,katG,katG_p.Ala550Pro,3) Uncertain significance,p.A550P,1.0
Isoniazid,katG,katG_p.Leu159Pro,3) Uncertain significance,p.L159P,
Isoniazid,katG,katG_p.Asp735Glu,3) Uncertain significance,p.D735E,1.0
Isoniazid,katG,katG_p.Leu164Arg,3) Uncertain significance,p.L164R,1.0
Isoniazid,katG,katG_p.Val319Asp,3) Uncertain significance,p.V319D,1.0
Isoniazid,katG,katG_p.Leu521Pro,3) Uncertain significance,p.L521P,1.0
Isoniazid,katG,katG_p.Asp387Gly,3) Uncertain significance,p.D387G,
Isoniazid,katG,katG_p.Phe483Leu,3) Uncertain significance,p.F483L,1.0
Isoniazid,katG,katG_p.Arg249Gly,3) Uncertain significance,p.R249G,1.0
Isoniazid,katG,katG_p.Thr625Lys,3) Uncertain significance,p.T625K,1.0
Isoniazid,katG,katG_p.Gly277Asp,3) Uncertain significance,p.G277D,1.0
Isoniazid,katG,katG_p.Arg498Leu,3) Uncertain significance,p.R498L,1.0
Isoniazid,katG,katG_p.Gly269Asp,3) Uncertain significance,p.G269D,1.0
Isoniazid,katG,katG_p.Gly120Asp,3) Uncertain significance,p.G120D,
Isoniazid,katG,katG_p.Ala555Pro,3) Uncertain significance,p.A555P,1.0
Isoniazid,katG,katG_p.Gln127Arg,3) Uncertain significance,p.Q127R,1.0
Isoniazid,katG,katG_p.Ser460Asn,3) Uncertain significance,p.S460N,1.0
Isoniazid,katG,katG_p.Gly299Cys,3) Uncertain significance,p.G299C,1.0
Isoniazid,katG,katG_p.Arg187Trp,3) Uncertain significance,p.R187W,1.0
Isoniazid,katG,katG_p.Trp728Cys,3) Uncertain significance,p.W728C,
Isoniazid,katG,katG_p.Trp328Tyr,3) Uncertain significance,p.W328Y,1.0
Isoniazid,katG,katG_p.Thr275Pro,3) Uncertain significance,p.T275P,1.0
Isoniazid,katG,katG_p.Leu43Arg,3) Uncertain significance,p.L43R,1.0
Isoniazid,katG,katG_p.Thr326Pro,3) Uncertain significance,p.T326P,1.0
Isoniazid,katG,katG_p.Trp300Ser,3) Uncertain significance,p.W300S,1.0
Isoniazid,katG,katG_p.Gly699Val,3) Uncertain significance,p.G699V,1.0
Isoniazid,katG,katG_p.Gly99Glu,3) Uncertain significance,p.G99E,1.0
Isoniazid,katG,katG_p.Ala291Asp,3) Uncertain significance,p.A291D,
Isoniazid,katG,katG_p.Leu384Pro,3) Uncertain significance,p.L384P,
Isoniazid,katG,katG_p.Arg104Trp,3) Uncertain significance,p.R104W,
Isoniazid,katG,katG_p.Asn596Lys,3) Uncertain significance,p.N596K,1.0
Isoniazid,katG,katG_p.Arg571Gly,3) Uncertain significance,p.R571G,1.0
Isoniazid,katG,katG_p.Ile103Asn,3) Uncertain significance,p.I103N,1.0
Isoniazid,katG,katG_p.Asn493Lys,3) Uncertain significance,p.N493K,0.0
Isoniazid,katG,katG_p.Gly234Arg,3) Uncertain significance,p.G234R,1.0
Isoniazid,katG,katG_p.Ala122Asp,3) Uncertain significance,p.A122D,1.0
Isoniazid,katG,katG_p.Tyr337Asp,3) Uncertain significance,p.Y337D,
Isoniazid,katG,katG_p.Ser383Trp,3) Uncertain significance,p.S383W,
Isoniazid,katG,katG_p.Gly285Val,3) Uncertain significance,p.G285V,0.6666666666666666
Isoniazid,katG,katG_p.Ile364Thr,3) Uncertain significance,p.I364T,
Isoniazid,katG,katG_p.Ala379Val,3) Uncertain significance,p.A379V,1.0
Isoniazid,katG,katG_p.Gly629Asp,3) Uncertain significance,p.G629D,
Isoniazid,katG,katG_p.Pro131Gln,3) Uncertain significance,p.P131Q,
Isoniazid,katG,katG_p.Lys143Thr,3) Uncertain significance,p.K143T,1.0
Isoniazid,katG,katG_p.Leu734Arg,3) Uncertain significance,p.L734R,1.0
Isoniazid,katG,katG_p.Val423Ile,3) Uncertain significance,p.V423I,0.8
Isoniazid,katG,katG_p.Phe183Ser,3) Uncertain significance,p.F183S,
Isoniazid,katG,katG_p.Ala256Thr,3) Uncertain significance,p.A256T,1.0
Isoniazid,ahpC,ahpC_p.Asp33Ala,3) Uncertain significance,p.D33A,0.25
Isoniazid,katG,katG_p.Arg705Trp,3) Uncertain significance,p.R705W,1.0
Isoniazid,katG,katG_p.Ser481Leu,3) Uncertain significance,p.S481L,0.5
Isoniazid,katG,katG_p.Tyr413Cys,3) Uncertain significance,p.Y413C,0.3333333333333333
Isoniazid,katG,katG_p.Thr380Pro,3) Uncertain significance,p.T380P,1.0
Isoniazid,katG,katG_p.Asp381Gly,3) Uncertain significance,p.D381G,1.0
Isoniazid,katG,katG_p.Leu76Pro,3) Uncertain significance,p.L76P,
Isoniazid,katG,katG_p.Gly273Ser,3) Uncertain significance,p.G273S,
Isoniazid,katG,katG_p.Gly548Arg,3) Uncertain significance,p.G548R,
Isoniazid,katG,katG_p.Arg249Pro,3) Uncertain significance,p.R249P,1.0
Isoniazid,katG,katG_p.Trp149Cys,3) Uncertain significance,p.W149C,1.0
Isoniazid,inhA,inhA_p.Ala252Val,3) Uncertain significance,p.A252V,0.5
Isoniazid,katG,katG_p.Ser692Arg,3) Uncertain significance,p.S692R,
Isoniazid,katG,katG_p.Val565Gly,3) Uncertain significance,p.V565G,1.0
Isoniazid,katG,katG_p.Ala476Val,3) Uncertain significance,p.A476V,1.0
Isoniazid,katG,katG_p.Leu378Met,3) Uncertain significance,p.L378M,1.0
Isoniazid,katG,katG_p.Thr322Pro,3) Uncertain significance,p.T322P,
Isoniazid,katG,katG_p.Arg104Leu,3) Uncertain significance,p.R104L,1.0
Isoniazid,katG,katG_p.Arg145Cys,3) Uncertain significance,p.R145C,0.6666666666666666
Isoniazid,katG,katG_p.Pro292Ala,3) Uncertain significance,p.P292A,1.0
Isoniazid,katG,katG_p.Ala264Thr,3) Uncertain significance,p.A264T,1.0
Isoniazid,katG,katG_p.Ala479Glu,3) Uncertain significance,p.A479E,1.0
Isoniazid,katG,katG_p.Arg128Gln,3) Uncertain significance,p.R128Q,1.0
Isoniazid,katG,katG_p.Val83Leu,3) Uncertain significance,p.V83L,1.0
Isoniazid,katG,katG_p.Asp735Tyr,3) Uncertain significance,p.D735Y,
Isoniazid,katG,katG_p.Leu611Arg,3) Uncertain significance,p.L611R,1.0
Isoniazid,katG,katG_p.Gly186Asp,3) Uncertain significance,p.G186D,1.0
Isoniazid,katG,katG_p.Ile228Leu,3) Uncertain significance,p.I228L,1.0
Isoniazid,katG,katG_p.Val386Glu,3) Uncertain significance,p.V386E,1.0
Isoniazid,katG,katG_p.Leu132Arg,3) Uncertain significance,p.L132R,1.0
Isoniazid,katG,katG_p.Gly111Cys,3) Uncertain significance,p.G111C,1.0
Isoniazid,katG,katG_p.Gly299Asp,3) Uncertain significance,p.G299D,1.0
Isoniazid,katG,katG_p.Ala139Pro,3) Uncertain significance,p.A139P,1.0
Isoniazid,katG,katG_p.Glu342Ala,3) Uncertain significance,p.E342A,
Isoniazid,katG,katG_p.Arg146Gln,3) Uncertain significance,p.R146Q,1.0
Isoniazid,katG,katG_p.Phe368Leu,3) Uncertain significance,p.F368L,1.0
Isoniazid,katG,katG_p.Ala144Val,3) Uncertain significance,p.A144V,0.6666666666666666
Isoniazid,katG,katG_p.Gln679Pro,3) Uncertain significance,p.Q679P,0.5
Isoniazid,katG,katG_p.Lys152Thr,3) Uncertain significance,p.K152T,1.0
Isoniazid,katG,katG_p.Trp90Arg,3) Uncertain significance,p.W90R,
Isoniazid,katG,katG_p.Asp419Ala,3) Uncertain significance,p.D419A,
Isoniazid,katG,katG_p.Ile248Thr,3) Uncertain significance,p.I248T,1.0
Isoniazid,katG,katG_p.Gly285Ser,3) Uncertain significance,p.G285S,1.0
Isoniazid,katG,katG_p.Gly169Val,3) Uncertain significance,p.G169V,1.0
Isoniazid,katG,katG_p.Gln295Lys,3) Uncertain significance,p.Q295K,1.0
Isoniazid,katG,katG_p.Gly234Glu,3) Uncertain significance,p.G234E,1.0
Isoniazid,katG,katG_p.Gln439His,3) Uncertain significance,p.Q439H,1.0
Isoniazid,katG,katG_p.Thr380Ala,3) Uncertain significance,p.T380A,1.0
Isoniazid,katG,katG_p.Arg249Ser,3) Uncertain significance,p.R249S,1.0
Isoniazid,katG,katG_p.Ser457Ile,3) Uncertain significance,p.S457I,1.0
Isoniazid,ahpC,ahpC_p.Gly45Ala,3) Uncertain significance,p.G45A,1.0
Isoniazid,katG,katG_p.Gly491Ala,3) Uncertain significance,p.G491A,1.0
Isoniazid,katG,katG_p.Gly338Ser,3) Uncertain significance,p.G338S,0.5
Isoniazid,katG,katG_p.Leu627Pro,3) Uncertain significance,p.L627P,1.0
Isoniazid,katG,katG_p.Gly99Arg,3) Uncertain significance,p.G99R,1.0
Isoniazid,katG,katG_p.Ile335Val,3) Uncertain significance,p.I335V,1.0
Isoniazid,katG,katG_p.Trp689Gly,3) Uncertain significance,p.W689G,0.0
Isoniazid,katG,katG_p.Trp689Cys,3) Uncertain significance,p.W689C,1.0
Isoniazid,katG,katG_p.Gly277Ser,3) Uncertain significance,p.G277S,1.0
Isoniazid,katG,katG_p.Val586Met,3) Uncertain significance,p.V586M,0.5
Isoniazid,katG,katG_p.Asn493Ser,3) Uncertain significance,p.N493S,1.0
Isoniazid,katG,katG_p.Ala109Pro,3) Uncertain significance,p.A109P,1.0
Isoniazid,katG,katG_p.Trp328Ser,3) Uncertain significance,p.W328S,1.0
Isoniazid,katG,katG_p.Cys171Gly,3) Uncertain significance,p.C171G,1.0
Isoniazid,katG,katG_p.Gly712Val,3) Uncertain significance,p.G712V,
Isoniazid,inhA,inhA_p.Met103Val,3) Uncertain significance,p.M103V,0.5
Isoniazid,katG,katG_p.Val731Gly,3) Uncertain significance,p.V731G,1.0
Isoniazid,katG,katG_p.Arg249His,3) Uncertain significance,p.R249H,0.0
Isoniazid,katG,katG_p.Phe594Leu,3) Uncertain significance,p.F594L,
Isoniazid,katG,katG_p.Arg253Pro,3) Uncertain significance,p.R253P,
Isoniazid,katG,katG_p.Pro232Leu,3) Uncertain significance,p.P232L,1.0
Isoniazid,katG,katG_p.Gly712Asp,3) Uncertain significance,p.G712D,1.0
Isoniazid,katG,katG_p.Asn508Asp,3) Uncertain significance,p.N508D,1.0
Isoniazid,katG,katG_p.Gly307Val,3) Uncertain significance,p.G307V,1.0
Isoniazid,ahpC,ahpC_p.Ser194Leu,3) Uncertain significance,p.S194L,1.0
Isoniazid,katG,katG_p.Gly182Glu,3) Uncertain significance,p.G182E,1.0
Isoniazid,katG,katG_p.Ile462Ser,3) Uncertain significance,p.I462S,
Isoniazid,katG,katG_p.Gly644Asp,3) Uncertain significance,p.G644D,1.0
Isoniazid,katG,katG_p.Asp207Asn,3) Uncertain significance,p.D207N,
Isoniazid,katG,katG_p.Ile71Ser,3) Uncertain significance,p.I71S,0.0
Isoniazid,katG,katG_p.Asn133Ser,3) Uncertain significance,p.N133S,1.0
Isoniazid,katG,katG_p.Gly490Ser,3) Uncertain significance,p.G490S,1.0
Isoniazid,inhA,inhA_p.Ile21Met,3) Uncertain significance,p.I21M,1.0
Isoniazid,katG,katG_p.Asn596Ser,3) Uncertain significance,p.N596S,1.0
Isoniazid,katG,katG_p.Tyr597His,3) Uncertain significance,p.Y597H,1.0
Isoniazid,katG,katG_p.Ala290Pro,3) Uncertain significance,p.A290P,1.0
Isoniazid,katG,katG_p.Leu704Val,3) Uncertain significance,p.L704V,1.0
Isoniazid,inhA,inhA_p.Ile95Leu,3) Uncertain significance,p.I95L,
Isoniazid,katG,katG_p.Tyr413His,3) Uncertain significance,p.Y413H,0.0
Isoniazid,katG,katG_p.Val697Leu,3) Uncertain significance,p.V697L,
Isoniazid,katG,katG_p.Ala222Thr,3) Uncertain significance,p.A222T,1.0
Isoniazid,katG,katG_p.Phe567Tyr,3) Uncertain significance,p.F567Y,
Isoniazid,katG,katG_p.Thr568His,3) Uncertain significance,p.T568H,
Isoniazid,katG,katG_p.Met105Ile,3) Uncertain significance,p.M105I,0.75
Isoniazid,katG,katG_p.Asp656Ala,3) Uncertain significance,p.D656A,0.0
Isoniazid,katG,katG_p.Phe272Leu,3) Uncertain significance,p.F272L,1.0
Isoniazid,katG,katG_p.Leu458Arg,3) Uncertain significance,p.L458R,1.0
Isoniazid,katG,katG_p.Trp149Gly,3) Uncertain significance,p.W149G,1.0
Isoniazid,katG,katG_p.Ala312Pro,3) Uncertain significance,p.A312P,1.0
Isoniazid,inhA,inhA_p.Gly33Ser,3) Uncertain significance,p.G33S,1.0
Isoniazid,katG,katG_p.Gly268Ser,3) Uncertain significance,p.G268S,1.0
Isoniazid,katG,katG_p.Gly121Ala,3) Uncertain significance,p.G121A,1.0
Isoniazid,katG,katG_p.Met377Arg,3) Uncertain significance,p.M377R,1.0
Isoniazid,katG,katG_p.Arg104Pro,3) Uncertain significance,p.R104P,
Isoniazid,katG,katG_p.Ala256Val,3) Uncertain significance,p.A256V,1.0
Isoniazid,katG,katG_p.Gly285Arg,3) Uncertain significance,p.G285R,1.0
Isoniazid,inhA,inhA_p.Glu209Gly,3) Uncertain significance,p.E209G,
Isoniazid,katG,katG_p.Gly560Ser,3) Uncertain significance,p.G560S,0.0
Isoniazid,katG,katG_p.Val442Ala,3) Uncertain significance,p.V442A,1.0
Isoniazid,katG,katG_p.Thr322Lys,3) Uncertain significance,p.T322K,1.0
Isoniazid,katG,katG_p.Pro367Leu,3) Uncertain significance,p.P367L,
Isoniazid,katG,katG_p.Glu289Ala,3) Uncertain significance,p.E289A,
Isoniazid,katG,katG_p.Leu598Phe,3) Uncertain significance,p.L598F,
Isoniazid,katG,katG_p.Asp419Gly,3) Uncertain significance,p.D419G,
Isoniazid,katG,katG_p.Ala162Glu,3) Uncertain significance,p.A162E,1.0
Isoniazid,katG,katG_p.Val83Gly,3) Uncertain significance,p.V83G,1.0
Isoniazid,katG,katG_p.Asp723Asn,3) Uncertain significance,p.D723N,1.0
Isoniazid,katG,katG_p.Gly428Glu,3) Uncertain significance,p.G428E,1.0
Isoniazid,katG,katG_p.Glu709Asp,3) Uncertain significance,p.E709D,1.0
Isoniazid,katG,katG_p.Pro325Ser,3) Uncertain significance,p.P325S,
Isoniazid,katG,katG_p.Arg78Pro,3) Uncertain significance,p.R78P,
Isoniazid,katG,katG_p.Gln352His,3) Uncertain significance,p.Q352H,1.0
Isoniazid,katG,katG_p.Pro57Ser,3) Uncertain significance,p.P57S,1.0
Isoniazid,katG,katG_p.Leu141Val,3) Uncertain significance,p.L141V,1.0
Isoniazid,katG,katG_p.Arg498His,3) Uncertain significance,p.R498H,1.0
Isoniazid,katG,katG_p.Gly273Cys,3) Uncertain significance,p.G273C,
Isoniazid,katG,katG_p.Lys153Gln,3) Uncertain significance,p.K153Q,1.0
Isoniazid,katG,katG_p.Met176Thr,3) Uncertain significance,p.M176T,1.0
Isoniazid,katG,katG_p.Leu336Met,3) Uncertain significance,p.L336M,0.5
Isoniazid,katG,katG_p.Trp341Gly,3) Uncertain significance,p.W341G,
Isoniazid,katG,katG_p.Ala541Val,3) Uncertain significance,p.A541V,1.0
Isoniazid,katG,katG_p.Asp663Tyr,3) Uncertain significance,p.D663Y,1.0
Isoniazid,katG,katG_p.Ser486Asn,3) Uncertain significance,p.S486N,1.0
Isoniazid,katG,katG_p.Gln461Glu,3) Uncertain significance,p.Q461E,1.0
Isoniazid,katG,katG_p.Phe724Leu,3) Uncertain significance,p.F724L,1.0
Isoniazid,katG,katG_p.Met126Ile,3) Uncertain significance,p.M126I,1.0
Isoniazid,katG,katG_p.Asp142Ala,3) Uncertain significance,p.D142A,1.0
Isoniazid,katG,katG_p.Asn238Thr,3) Uncertain significance,p.N238T,
Isoniazid,katG,katG_p.Lys153Asn,3) Uncertain significance,p.K153N,
Isoniazid,katG,katG_p.Ala551Gly,3) Uncertain significance,p.A551G,1.0
Isoniazid,katG,katG_p.Trp505Arg,3) Uncertain significance,p.W505R,1.0
Isoniazid,katG,katG_p.Gly299Ala,3) Uncertain significance,p.G299A,1.0
Isoniazid,katG,katG_p.Val626Glu,3) Uncertain significance,p.V626E,
Isoniazid,katG,katG_p.Gly169Ala,3) Uncertain significance,p.G169A,1.0
Isoniazid,katG,katG_p.Ala130Glu,3) Uncertain significance,p.A130E,
Isoniazid,katG,katG_p.Leu220Pro,3) Uncertain significance,p.L220P,
Isoniazid,inhA,inhA_p.Phe41Ser,3) Uncertain significance,p.F41S,
Isoniazid,katG,katG_p.Ala162Val,3) Uncertain significance,p.A162V,0.0
Isoniazid,katG,katG_p.Gly307Glu,3) Uncertain significance,p.G307E,1.0
Isoniazid,katG,katG_p.Glu607Asp,3) Uncertain significance,p.E607D,1.0
Isoniazid,inhA,inhA_p.Gly40Trp,3) Uncertain significance,p.G40W,1.0
Isoniazid,katG,katG_p.Gly593Asp,3) Uncertain significance,p.G593D,1.0
Isoniazid,katG,katG_p.Thr667Pro,3) Uncertain significance,p.T667P,0.75
Isoniazid,inhA,inhA_p.Val65Ala,3) Uncertain significance,p.V65A,1.0
Isoniazid,katG,katG_p.Leu631Gln,3) Uncertain significance,p.L631Q,1.0
Isoniazid,katG,katG_p.Gly635Ala,3) Uncertain significance,p.G635A,1.0
Isoniazid,katG,katG_p.Ser482Pro,3) Uncertain significance,p.S482P,
Isoniazid,katG,katG_p.Thr326Met,3) Uncertain significance,p.T326M,1.0
Isoniazid,katG,katG_p.Ala264Val,3) Uncertain significance,p.A264V,1.0
Isoniazid,inhA,inhA_p.Thr236Met,3) Uncertain significance,p.T236M,1.0
Isoniazid,katG,katG_p.Ala379Thr,3) Uncertain significance,p.A379T,1.0
Isoniazid,katG,katG_p.Met126Val,3) Uncertain significance,p.M126V,
Isoniazid,katG,katG_p.Gly34Ala,3) Uncertain significance,p.G34A,
Isoniazid,ahpC,ahpC_p.Leu162Gln,3) Uncertain significance,p.L162Q,1.0
Isoniazid,katG,katG_p.Tyr64Cys,3) Uncertain significance,p.Y64C,
Isoniazid,katG,katG_p.Glu287Gly,3) Uncertain significance,p.E287G,
Isoniazid,katG,katG_p.Lys200Glu,3) Uncertain significance,p.K200E,
Isoniazid,katG,katG_p.Ala144Thr,3) Uncertain significance,p.A144T,1.0
Isoniazid,katG,katG_p.Glu402Lys,3) Uncertain significance,p.E402K,0.0
Isoniazid,ahpC,ahpC_p.Ala122Thr,3) Uncertain significance,p.A122T,
Isoniazid,inhA,inhA_p.Lys233Thr,3) Uncertain significance,p.K233T,1.0
Isoniazid,katG,katG_p.Val73Gly,3) Uncertain significance,p.V73G,1.0
Isoniazid,katG,katG_p.Trp39Arg,3) Uncertain significance,p.W39R,
Isoniazid,inhA,inhA_p.Ile50Val,3) Uncertain significance,p.I50V,1.0
Isoniazid,katG,katG_p.Glu454Ala,3) Uncertain significance,p.E454A,1.0
Isoniazid,katG,katG_p.Gly34Glu,3) Uncertain significance,p.G34E,
Isoniazid,katG,katG_p.Tyr64Asn,3) Uncertain significance,p.Y64N,1.0
Isoniazid,katG,katG_p.Lys488Glu,3) Uncertain significance,p.K488E,
Isoniazid,katG,katG_p.Ala716Gly,3) Uncertain significance,p.A716G,1.0
Isoniazid,katG,katG_p.Thr271Ala,3) Uncertain significance,p.T271A,1.0
Isoniazid,katG,katG_p.Ala556Glu,3) Uncertain significance,p.A556E,1.0
Isoniazid,ahpC,ahpC_p.Asp73Gly,3) Uncertain significance,p.D73G,1.0
Isoniazid,inhA,inhA_p.Val28Leu,3) Uncertain significance,p.V28L,1.0
Isoniazid,katG,katG_p.Gln578Pro,3) Uncertain significance,p.Q578P,
Isoniazid,katG,katG_p.Tyr64Ser,3) Uncertain significance,p.Y64S,1.0
Isoniazid,inhA,inhA_p.Asn231Asp,3) Uncertain significance,p.N231D,1.0
Isoniazid,katG,katG_p.Ser652Pro,3) Uncertain significance,p.S652P,1.0
Isoniazid,katG,katG_p.Tyr64His,3) Uncertain significance,p.Y64H,
Isoniazid,katG,katG_p.Met176Ile,3) Uncertain significance,p.M176I,
Isoniazid,katG,katG_p.Tyr678Cys,3) Uncertain significance,p.Y678C,
Isoniazid,katG,katG_p.Ser383Pro,3) Uncertain significance,p.S383P,1.0
Isoniazid,katG,katG_p.Asp440Tyr,3) Uncertain significance,p.D440Y,
Isoniazid,katG,katG_p.Glu289Gly,3) Uncertain significance,p.E289G,
Isoniazid,katG,katG_p.Trp161Gln,3) Uncertain significance,p.W161Q,1.0
Isoniazid,katG,katG_p.Glu623Gly,3) Uncertain significance,p.E623G,1.0
Isoniazid,katG,katG_p.Ser331Ile,3) Uncertain significance,p.S331I,
Isoniazid,katG,katG_p.Val196Gly,3) Uncertain significance,p.V196G,1.0
Isoniazid,katG,katG_p.Trp321Ser,3) Uncertain significance,p.W321S,1.0
Isoniazid,katG,katG_p.Leu48Gln,3) Uncertain significance,p.L48Q,
Isoniazid,katG,katG_p.Asn655Asp,3) Uncertain significance,p.N655D,1.0
Isoniazid,inhA,inhA_p.Ala201Thr,3) Uncertain significance,p.A201T,1.0
Isoniazid,katG,katG_p.Asp381His,3) Uncertain significance,p.D381H,1.0
Isoniazid,katG,katG_p.Phe594Ile,3) Uncertain significance,p.F594I,1.0
Isoniazid,katG,katG_p.Val320Leu,3) Uncertain significance,p.V320L,1.0
Isoniazid,katG,katG_p.Lys153Glu,3) Uncertain significance,p.K153E,1.0
Isoniazid,katG,katG_p.Arg249Leu,3) Uncertain significance,p.R249L,
Isoniazid,katG,katG_p.Arg254His,3) Uncertain significance,p.R254H,1.0
Isoniazid,katG,katG_p.Phe483Ser,3) Uncertain significance,p.F483S,
Isoniazid,katG,katG_p.Leu704Trp,3) Uncertain significance,p.L704W,1.0
Isoniazid,katG,katG_p.Gly125Ala,3) Uncertain significance,p.G125A,1.0
Isoniazid,katG,katG_p.Gly121Ser,3) Uncertain significance,p.G121S,0.3333333333333333
Isoniazid,katG,katG_p.Gly177Ala,3) Uncertain significance,p.G177A,1.0
Isoniazid,katG,katG_p.Ile80Thr,3) Uncertain significance,p.I80T,
Isoniazid,katG,katG_p.Lys459Glu,3) Uncertain significance,p.K459E,
Isoniazid,katG,katG_p.Val731Met,3) Uncertain significance,p.V731M,1.0
Isoniazid,katG,katG_p.Thr85Pro,3) Uncertain significance,p.T85P,0.0
Isoniazid,katG,katG_p.Val196Ala,3) Uncertain significance,p.V196A,
Isoniazid,katG,katG_p.Arg425Gly,3) Uncertain significance,p.R425G,
Isoniazid,katG,katG_p.His270Pro,3) Uncertain significance,p.H270P,
Isoniazid,ahpC,ahpC_p.Val85Ile,3) Uncertain significance,p.V85I,1.0
Isoniazid,katG,katG_p.Trp90Cys,3) Uncertain significance,p.W90C,1.0
Isoniazid,katG,katG_p.Val68Gly,3) Uncertain significance,p.V68G,0.6666666666666666
Isoniazid,katG,katG_p.Gln471Arg,3) Uncertain significance,p.Q471R,1.0
Isoniazid,katG,katG_p.Met624Val,3) Uncertain significance,p.M624V,1.0
Isoniazid,katG,katG_p.Gly369Ala,3) Uncertain significance,p.G369A,1.0
Isoniazid,ahpC,ahpC_p.Gly32Asp,3) Uncertain significance,p.G32D,1.0
Isoniazid,katG,katG_p.Asp240Ala,3) Uncertain significance,p.D240A,1.0
Isoniazid,katG,katG_p.Met242Thr,3) Uncertain significance,p.M242T,1.0
Isoniazid,katG,katG_p.Gln578Arg,3) Uncertain significance,p.Q578R,1.0
Isoniazid,katG,katG_p.Glu522Gln,3) Uncertain significance,p.E522Q,
Isoniazid,katG,katG_p.Ala479Gly,3) Uncertain significance,p.A479G,1.0
Isoniazid,ahpC,ahpC_p.Glu76Lys,3) Uncertain significance,p.E76K,0.29411764705882354
Isoniazid,katG,katG_p.Ala492Val,3) Uncertain significance,p.A492V,1.0
Isoniazid,katG,katG_p.Val628Gly,3) Uncertain significance,p.V628G,1.0
Isoniazid,katG,katG_p.Met624Ile,3) Uncertain significance,p.M624I,1.0
Isoniazid,katG,katG_p.Asn493His,3) Uncertain significance,p.N493H,1.0
Isoniazid,katG,katG_p.Pro401Leu,3) Uncertain significance,p.P401L,1.0
Isoniazid,katG,katG_p.Val284Ile,3) Uncertain significance,p.V284I,1.0
Isoniazid,inhA,inhA_p.Arg27Trp,3) Uncertain significance,p.R27W,1.0
Isoniazid,katG,katG_p.Asp729Gly,3) Uncertain significance,p.D729G,1.0
Isoniazid,katG,katG_p.Met609Ile,3) Uncertain significance,p.M609I,1.0
Isoniazid,katG,katG_p.Trp505Ser,3) Uncertain significance,p.W505S,1.0
Isoniazid,katG,katG_p.Met84Val,3) Uncertain significance,p.M84V,1.0
Isoniazid,katG,katG_p.Gly495Ala,3) Uncertain significance,p.G495A,1.0
Isoniazid,katG,katG_p.Asp542Glu,3) Uncertain significance,p.D542E,
Isoniazid,ahpC,ahpC_p.Gln145Pro,3) Uncertain significance,p.Q145P,1.0
Isoniazid,katG,katG_p.Arg571Leu,3) Uncertain significance,p.R571L,
Isoniazid,katG,katG_p.Pro288Leu,3) Uncertain significance,p.P288L,1.0
Isoniazid,katG,katG_p.Ser474Pro,3) Uncertain significance,p.S474P,1.0
Isoniazid,katG,katG_p.Ala75Val,3) Uncertain significance,p.A75V,1.0
Isoniazid,katG,katG_p.Met296Val,3) Uncertain significance,p.M296V,1.0
Isoniazid,katG,katG_p.Tyr597Ser,3) Uncertain significance,p.Y597S,1.0
Isoniazid,katG,katG_p.Asn660Asp,3) Uncertain significance,p.N660D,1.0
Isoniazid,katG,katG_p.Asp440Glu,3) Uncertain significance,p.D440E,1.0
Isoniazid,ahpC,ahpC_p.Leu111Ala,3) Uncertain significance,p.L111A,1.0
Isoniazid,katG,katG_p.Lys433Thr,3) Uncertain significance,p.K433T,1.0
Isoniazid,katG,katG_p.Pro235Ser,3) Uncertain significance,p.P235S,1.0
Isoniazid,katG,katG_p.Ile248Val,3) Uncertain significance,p.I248V,
Isoniazid,ahpC,ahpC_p.Val161Ile,3) Uncertain significance,p.V161I,1.0
Isoniazid,ahpC,ahpC_p.Asp22Glu,3) Uncertain significance,p.D22E,
Isoniazid,katG,katG_p.Gly599Arg,3) Uncertain significance,p.G599R,1.0
Isoniazid,katG,katG_p.Asp573Asn,3) Uncertain significance,p.D573N,1.0
Isoniazid,katG,katG_p.Asn35Thr,3) Uncertain significance,p.N35T,
Isoniazid,katG,katG_p.Asp56Asn,3) Uncertain significance,p.D56N,
Isoniazid,katG,katG_p.His97Tyr,3) Uncertain significance,p.H97Y,
Isoniazid,katG,katG_p.Glu391Asp,3) Uncertain significance,p.E391D,1.0
Isoniazid,katG,katG_p.Lys46Asn,3) Uncertain significance,p.K46N,1.0
Isoniazid,katG,katG_p.Phe567Ser,3) Uncertain significance,p.F567S,
Isoniazid,katG,katG_p.Gly490Ala,3) Uncertain significance,p.G490A,
Isoniazid,ahpC,ahpC_p.Leu106Phe,3) Uncertain significance,p.L106F,1.0
Isoniazid,katG,katG_p.Asp329Ala,3) Uncertain significance,p.D329A,
Isoniazid,katG,katG_p.Gly206Asp,3) Uncertain significance,p.G206D,
Isoniazid,ahpC,ahpC_p.Phe52Ser,3) Uncertain significance,p.F52S,1.0
Isoniazid,katG,katG_p.Ala61Pro,3) Uncertain significance,p.A61P,
Isoniazid,katG,katG_p.Ala476Gly,3) Uncertain significance,p.A476G,1.0
Isoniazid,katG,katG_p.Gly683Arg,3) Uncertain significance,p.G683R,1.0
Isoniazid,katG,katG_p.Glu233Gln,3) Uncertain significance,p.E233Q,
Isoniazid,inhA,inhA_p.Met155Leu,3) Uncertain significance,p.M155L,1.0
Isoniazid,katG,katG_p.Arg395Leu,3) Uncertain significance,p.R395L,1.0
Isoniazid,katG,katG_p.Leu604Phe,3) Uncertain significance,p.L604F,1.0
Isoniazid,katG,katG_p.Glu81Ala,3) Uncertain significance,p.E81A,
Isoniazid,katG,katG_p.Thr625Ala,3) Uncertain significance,p.T625A,0.6666666666666666
Isoniazid,katG,katG_p.Asp259Glu,3) Uncertain significance,p.D259E,1.0
Isoniazid,katG,katG_p.Ile666Met,3) Uncertain significance,p.I666M,1.0
Isoniazid,katG,katG_p.Gly33Ala,3) Uncertain significance,p.G33A,
Isoniazid,katG,katG_p.Gln679Glu,3) Uncertain significance,p.Q679E,
Isoniazid,katG,katG_p.Met377Thr,3) Uncertain significance,p.M377T,
Isoniazid,katG,katG_p.Leu378Pro,3) Uncertain significance,p.L378P,
Isoniazid,katG,katG_p.Lys157Asn,3) Uncertain significance,p.K157N,1.0
Isoniazid,katG,katG_p.Met225Ile,3) Uncertain significance,p.M225I,1.0
Isoniazid,katG,katG_p.Ser650Phe,3) Uncertain significance,p.S650F,1.0
Isoniazid,katG,katG_p.Lys516Arg,3) Uncertain significance,p.K516R,1.0
Isoniazid,katG,katG_p.Pro2Ser,3) Uncertain significance,p.P2S,
Isoniazid,katG,katG_p.Val581Met,3) Uncertain significance,p.V581M,1.0
Isoniazid,katG,katG_p.Lys488Asn,3) Uncertain significance,p.K488N,1.0
Isoniazid,katG,katG_p.Leu604Ser,3) Uncertain significance,p.L604S,
Isoniazid,katG,katG_p.Asp247His,3) Uncertain significance,p.D247H,1.0
Isoniazid,katG,katG_p.Thr435Ile,3) Uncertain significance,p.T435I,1.0
Isoniazid,inhA,inhA_p.Ala235Thr,3) Uncertain significance,p.A235T,1.0
Isoniazid,ahpC,ahpC_p.Cys61Trp,3) Uncertain significance,p.C61W,1.0
Isoniazid,ahpC,ahpC_p.Asp113Gly,3) Uncertain significance,p.D113G,1.0
Isoniazid,katG,katG_p.Lys310Asn,3) Uncertain significance,p.K310N,1.0
Isoniazid,katG,katG_p.Ala256Gly,3) Uncertain significance,p.A256G,0.6666666666666666
Isoniazid,katG,katG_p.Val260Leu,3) Uncertain significance,p.V260L,1.0
Isoniazid,katG,katG_p.Glu233Lys,3) Uncertain significance,p.E233K,1.0
Isoniazid,katG,katG_p.Pro286His,3) Uncertain significance,p.P286H,
Isoniazid,katG,katG_p.Arg145His,3) Uncertain significance,p.R145H,
Isoniazid,ahpC,ahpC_p.Trp96Arg,3) Uncertain significance,p.W96R,
Isoniazid,katG,katG_p.Val320Ala,3) Uncertain significance,p.V320A,1.0
Isoniazid,katG,katG_p.Gln525Thr,3) Uncertain significance,p.Q525T,1.0
Isoniazid,katG,katG_p.Ala531Ser,3) Uncertain significance,p.A531S,1.0
Isoniazid,inhA,inhA_p.Ile16Val,3) Uncertain significance,p.I16V,1.0
Isoniazid,katG,katG_p.Arg693His,3) Uncertain significance,p.R693H,1.0
Isoniazid,katG,katG_p.Asp37Gly,3) Uncertain significance,p.D37G,1.0
Isoniazid,katG,katG_p.Ala424Gly,3) Uncertain significance,p.A424G,1.0
Isoniazid,katG,katG_p.Ala621Thr,3) Uncertain significance,p.A621T,1.0
Isoniazid,katG,katG_p.Asn529His,3) Uncertain significance,p.N529H,1.0
Isoniazid,ahpC,ahpC_p.Val161Gly,3) Uncertain significance,p.V161G,
Isoniazid,katG,katG_p.Thr475Ile,3) Uncertain significance,p.T475I,0.16666666666666666
Isoniazid,katG,katG_p.Thr344Met,3) Uncertain significance,p.T344M,1.0
Isoniazid,katG,katG_p.Ala244Gly,3) Uncertain significance,p.A244G,0.75
Isoniazid,katG,katG_p.Lys143Gln,3) Uncertain significance,p.K143Q,1.0
Isoniazid,inhA,inhA_p.Ala191Thr,3) Uncertain significance,p.A191T,
Isoniazid,katG,katG_p.Phe698Leu,3) Uncertain significance,p.F698L,1.0
Isoniazid,katG,katG_p.Met84Thr,3) Uncertain significance,p.M84T,
Isoniazid,katG,katG_p.Phe408Leu,3) Uncertain significance,p.F408L,
Isoniazid,katG,katG_p.Ala110Thr,3) Uncertain significance,p.A110T,1.0
Isoniazid,katG,katG_p.Gln88Pro,3) Uncertain significance,p.Q88P,1.0
Isoniazid,katG,katG_p.Lys600Gln,3) Uncertain significance,p.K600Q,1.0
Isoniazid,katG,katG_p.Pro150Ser,3) Uncertain significance,p.P150S,1.0
Isoniazid,ahpC,ahpC_p.Asn72Lys,3) Uncertain significance,p.N72K,1.0
Isoniazid,ahpC,ahpC_p.Ala195Thr,3) Uncertain significance,p.A195T,1.0
Isoniazid,katG,katG_p.Gly560Arg,3) Uncertain significance,p.G560R,1.0
Isoniazid,inhA,inhA_p.Val92Met,3) Uncertain significance,p.V92M,
Isoniazid,katG,katG_p.Gly125Cys,3) Uncertain significance,p.G125C,
Isoniazid,katG,katG_p.Pro92Ser,3) Uncertain significance,p.P92S,1.0
Isoniazid,katG,katG_p.Ala706Thr,3) Uncertain significance,p.A706T,
Isoniazid,katG,katG_p.Ala168Thr,3) Uncertain significance,p.A168T,1.0
Isoniazid,katG,katG_p.Glu233Gly,3) Uncertain significance,p.E233G,0.75
Isoniazid,inhA,inhA_p.Ile16Thr,3) Uncertain significance,p.I16T,0.5
Isoniazid,katG,katG_p.Gly125Ser,3) Uncertain significance,p.G125S,0.6666666666666666
Isoniazid,katG,katG_p.Met296Ile,3) Uncertain significance,p.M296I,1.0
Isoniazid,katG,katG_p.Glu294Gly,3) Uncertain significance,p.E294G,
Isoniazid,katG,katG_p.Ile393Ser,3) Uncertain significance,p.I393S,0.0
Isoniazid,katG,katG_p.Leu159Phe,3) Uncertain significance,p.L159F,0.0
Isoniazid,ahpC,ahpC_p.Lys192Gln,3) Uncertain significance,p.K192Q,1.0
Isoniazid,katG,katG_p.Arg632Cys,3) Uncertain significance,p.R632C,1.0
Isoniazid,ahpC,ahpC_p.Gly32Ser,3) Uncertain significance,p.G32S,
Isoniazid,katG,katG_p.Gly570Ser,3) Uncertain significance,p.G570S,
Isoniazid,inhA,inhA_p.Gln35Arg,3) Uncertain significance,p.Q35R,0.2727272727272727
Isoniazid,katG,katG_p.Gly494Ala,3) Uncertain significance,p.G494A,0.75
Isoniazid,katG,katG_p.Phe252Leu,3) Uncertain significance,p.F252L,
Isoniazid,katG,katG_p.Thr306Pro,3) Uncertain significance,p.T306P,
Isoniazid,katG,katG_p.Ala122Thr,3) Uncertain significance,p.A122T,1.0
Isoniazid,katG,katG_p.Ser331Gly,3) Uncertain significance,p.S331G,
Isoniazid,katG,katG_p.Gln439Lys,3) Uncertain significance,p.Q439K,1.0
Isoniazid,katG,katG_p.Phe62Ser,3) Uncertain significance,p.F62S,1.0
Isoniazid,katG,katG_p.Lys686Glu,3) Uncertain significance,p.K686E,1.0
Isoniazid,katG,katG_p.Asn133Thr,3) Uncertain significance,p.N133T,1.0
Isoniazid,katG,katG_p.Thr468Pro,3) Uncertain significance,p.T468P,1.0
Isoniazid,katG,katG_p.Glu208Ala,3) Uncertain significance,p.E208A,1.0
Isoniazid,katG,katG_p.Asp357His,3) Uncertain significance,p.D357H,1.0
Isoniazid,katG,katG_p.Leu587Pro,3) Uncertain significance,p.L587P,0.0
Isoniazid,inhA,inhA_p.His24Gln,3) Uncertain significance,p.H24Q,1.0
Isoniazid,katG,katG_p.Val230Ala,3) Uncertain significance,p.V230A,1.0
Isoniazid,inhA,inhA_p.Ile228Val,3) Uncertain significance,p.I228V,0.14285714285714285
Isoniazid,katG,katG_p.Thr579Ser,3) Uncertain significance,p.T579S,1.0
Isoniazid,katG,katG_p.Trp438Cys,3) Uncertain significance,p.W438C,1.0
Isoniazid,katG,katG_p.Tyr426His,3) Uncertain significance,p.Y426H,1.0
Isoniazid,katG,katG_p.Thr579Ala,3) Uncertain significance,p.T579A,1.0
Isoniazid,katG,katG_p.Lys719Gln,3) Uncertain significance,p.K719Q,1.0
Isoniazid,katG,katG_p.Asp723Ala,3) Uncertain significance,p.D723A,1.0
Isoniazid,katG,katG_p.Ala162Thr,3) Uncertain significance,p.A162T,1.0
Isoniazid,katG,katG_p.Gly560Ala,3) Uncertain significance,p.G560A,0.6666666666666666
Isoniazid,katG,katG_p.Ala243Thr,3) Uncertain significance,p.A243T,0.6666666666666666
Isoniazid,katG,katG_p.Leu598Arg,3) Uncertain significance,p.L598R,0.0
Isoniazid,inhA,inhA_p.Ala26Thr,3) Uncertain significance,p.A26T,1.0
Isoniazid,inhA,inhA_p.Leu61Val,3) Uncertain significance,p.L61V,
Isoniazid,ahpC,ahpC_p.Leu165Phe,3) Uncertain significance,p.L165F,1.0
Isoniazid,katG,katG_p.Arg489Cys,3) Uncertain significance,p.R489C,0.5
Isoniazid,katG,katG_p.Pro569Leu,3) Uncertain significance,p.P569L,0.0
Isoniazid,katG,katG_p.Arg463Trp,3) Uncertain significance,p.R463W,1.0
Isoniazid,katG,katG_p.Ser465Pro,3) Uncertain significance,p.S465P,1.0
Isoniazid,inhA,inhA_p.Ala239Thr,3) Uncertain significance,p.A239T,1.0
Isoniazid,katG,katG_p.Leu734Val,3) Uncertain significance,p.L734V,1.0
Isoniazid,katG,katG_p.Pro280Ser,3) Uncertain significance,p.P280S,0.4666666666666667
Isoniazid,katG,katG_p.Thr625Pro,3) Uncertain significance,p.T625P,
Isoniazid,katG,katG_p.Ser700Phe,3) Uncertain significance,p.S700F,0.5
Isoniazid,ahpC,ahpC_p.Val49Leu,3) Uncertain significance,p.V49L,1.0
Isoniazid,inhA,inhA_p.Ala124Val,3) Uncertain significance,p.A124V,1.0
Isoniazid,katG,katG_p.Val450Ala,3) Uncertain significance,p.V450A,
Isoniazid,ahpC,ahpC_p.Thr105Met,3) Uncertain significance,p.T105M,0.3333333333333333
Isoniazid,katG,katG_p.Gly305Ser,3) Uncertain significance,p.G305S,
Isoniazid,katG,katG_p.Gly124Ala,3) Uncertain significance,p.G124A,1.0
Isoniazid,katG,katG_p.His49Tyr,3) Uncertain significance,p.H49Y,1.0
Isoniazid,ahpC,ahpC_p.Glu143Ala,3) Uncertain significance,p.E143A,1.0
Isoniazid,katG,katG_p.Asp387His,3) Uncertain significance,p.D387H,
Isoniazid,katG,katG_p.Pro432Leu,3) Uncertain significance,p.P432L,0.75
Isoniazid,katG,katG_p.Thr85Ala,3) Uncertain significance,p.T85A,0.75
Isoniazid,katG,katG_p.Ala480Ser,3) Uncertain significance,p.A480S,0.7
Isoniazid,katG,katG_p.Ser17Gly,3) Uncertain significance,p.S17G,0.5
Isoniazid,katG,katG_p.Met58Val,3) Uncertain significance,p.M58V,
Isoniazid,katG,katG_p.Asn493Gly,3) Uncertain significance,p.N493G,1.0
Isoniazid,katG,katG_p.Val246Gly,3) Uncertain significance,p.V246G,1.0
Isoniazid,katG,katG_p.Pro131Ser,3) Uncertain significance,p.P131S,0.5
Isoniazid,katG,katG_p.Pro136Leu,3) Uncertain significance,p.P136L,0.6666666666666666
Isoniazid,katG,katG_p.Gly307Arg,3) Uncertain significance,p.G307R,1.0
Isoniazid,katG,katG_p.Ala614Thr,4) Not assoc w R - Interim,p.A614T,0.3333333333333333
Isoniazid,katG,katG_p.Ala130Thr,3) Uncertain significance,p.A130T,1.0
Isoniazid,katG,katG_p.Ala726Thr,3) Uncertain significance,p.A726T,0.0
Isoniazid,katG,katG_p.Asn529Thr,4) Not assoc w R - Interim,p.N529T,0.6
Isoniazid,ahpC,ahpC_p.Arg133His,3) Uncertain significance,p.R133H,1.0
Isoniazid,katG,katG_p.Tyr197Asp,3) Uncertain significance,p.Y197D,1.0
Isoniazid,inhA,inhA_p.Pro107Ser,3) Uncertain significance,p.P107S,
Isoniazid,katG,katG_p.Gly285Asp,3) Uncertain significance,p.G285D,0.0
Isoniazid,katG,katG_p.Asp194Asn,3) Uncertain significance,p.D194N,0.3333333333333333
Isoniazid,inhA,inhA_p.Thr2Pro,3) Uncertain significance,p.T2P,1.0
Isoniazid,katG,katG_p.Thr11Ala,3) Uncertain significance,p.T11A,
Isoniazid,katG,katG_p.Asp94Tyr,3) Uncertain significance,p.D94Y,1.0
Isoniazid,katG,katG_p.Pro365Thr,3) Uncertain significance,p.P365T,1.0
Isoniazid,inhA,inhA_p.Met130Val,3) Uncertain significance,p.M130V,1.0
Isoniazid,katG,katG_p.Glu3Val,3) Uncertain significance,p.E3V,1.0
Isoniazid,ahpC,ahpC_p.Leu191Pro,3) Uncertain significance,p.L191P,1.0
Isoniazid,katG,katG_p.Met225Val,3) Uncertain significance,p.M225V,1.0
Isoniazid,katG,katG_p.Ile666Thr,3) Uncertain significance,p.I666T,
Isoniazid,inhA,inhA_p.Ile15Leu,3) Uncertain significance,p.I15L,1.0
Isoniazid,inhA,inhA_p.Ala133Thr,3) Uncertain significance,p.A133T,1.0
Isoniazid,katG,katG_p.Ala649Thr,3) Uncertain significance,p.A649T,1.0
Isoniazid,ahpC,ahpC_p.Val130Met,3) Uncertain significance,p.V130M,0.3333333333333333
Isoniazid,katG,katG_p.Lys557Asn,3) Uncertain significance,p.K557N,0.35294117647058826
Isoniazid,katG,katG_p.Glu399Asp,3) Uncertain significance,p.E399D,0.5
Isoniazid,katG,katG_p.Ile317Val,3) Uncertain significance,p.I317V,1.0
Isoniazid,katG,katG_p.Arg496His,3) Uncertain significance,p.R496H,0.0
Isoniazid,katG,katG_p.Phe178Val,3) Uncertain significance,p.F178V,0.5
Isoniazid,inhA,inhA_p.Gly183Ser,3) Uncertain significance,p.G183S,0.6666666666666666
Isoniazid,katG,katG_p.Tyr64Asp,3) Uncertain significance,p.Y64D,0.0
Isoniazid,katG,katG_p.Pro29Ser,3) Uncertain significance,p.P29S,0.6666666666666666
Isoniazid,katG,katG_p.Ala532Pro,3) Uncertain significance,p.A532P,0.0
Isoniazid,ahpC,ahpC_p.Pro62His,3) Uncertain significance,p.P62H,0.0
Isoniazid,katG,katG_p.Ile455Leu,3) Uncertain significance,p.I455L,0.0
Isoniazid,katG,katG_p.Phe584Val,3) Uncertain significance,p.F584V,0.2222222222222222
Isoniazid,katG,katG_p.Ser211Asn,3) Uncertain significance,p.S211N,0.4
Isoniazid,inhA,inhA_p.Ala252Thr,3) Uncertain significance,p.A252T,0.0
Isoniazid,katG,katG_p.Ala109Thr,3) Uncertain significance,p.A109T,0.8571428571428571
Isoniazid,katG,katG_p.Trp728Phe,3) Uncertain significance,p.W728F,0.0
Isoniazid,katG,katG_p.His116Tyr,3) Uncertain significance,p.H116Y,0.5
Isoniazid,katG,katG_p.Asn51Thr,3) Uncertain significance,p.N51T,0.0
Isoniazid,katG,katG_p.Pro52Arg,3) Uncertain significance,p.P52R,0.0
Isoniazid,inhA,inhA_p.Gly183Asp,3) Uncertain significance,p.G183D,0.0
Isoniazid,katG,katG_p.Ala558Arg,3) Uncertain significance,p.A558R,0.0
Isoniazid,katG,katG_p.Lys557Arg,3) Uncertain significance,p.K557R,0.0
Isoniazid,inhA,inhA_p.Gly76Ser,3) Uncertain significance,p.G76S,
Isoniazid,katG,katG_p.Val626Ala,3) Uncertain significance,p.V626A,
Isoniazid,katG,katG_p.Pro429Arg,3) Uncertain significance,p.P429R,0.3333333333333333
Isoniazid,katG,katG_p.Ala348Gly,3) Uncertain significance,p.A348G,0.5
Isoniazid,katG,katG_p.Leu147Arg,3) Uncertain significance,p.L147R,
Isoniazid,katG,katG_p.Val507Ile,3) Uncertain significance,p.V507I,0.0
Isoniazid,katG,katG_p.Leu333Phe,3) Uncertain significance,p.L333F,0.0
Isoniazid,inhA,inhA_p.Gly76Asp,3) Uncertain significance,p.G76D,0.0
Isoniazid,katG,katG_p.Thr275Ala,3) Uncertain significance,p.T275A,0.9444444444444444
Isoniazid,katG,katG_p.Ala591Thr,3) Uncertain significance,p.A591T,0.3333333333333333
Isoniazid,ahpC,ahpC_p.Phe108Val,3) Uncertain significance,p.F108V,
Isoniazid,katG,katG_p.Lys152Gln,3) Uncertain significance,p.K152Q,
Isoniazid,katG,katG_p.Glu506Asp,3) Uncertain significance,p.E506D,0.5
Isoniazid,katG,katG_p.Gly466Arg,3) Uncertain significance,p.G466R,0.0
Isoniazid,katG,katG_p.Ala727Thr,3) Uncertain significance,p.A727T,0.0
Isoniazid,ahpC,ahpC_p.Pro44Arg,3) Uncertain significance,p.P44R,0.4567901234567901
Isoniazid,katG,katG_p.Arg519His,3) Uncertain significance,p.R519H,0.0
Isoniazid,inhA,inhA_p.Ala22Ser,3) Uncertain significance,p.A22S,0.6666666666666666
Isoniazid,ahpC,ahpC_p.Ala12Val,3) Uncertain significance,p.A12V,0.0
Isoniazid,katG,katG_p.Pro672Ser,3) Uncertain significance,p.P672S,0.0
Isoniazid,katG,katG_p.Gly156Ser,3) Uncertain significance,p.G156S,0.0
Isoniazid,inhA,inhA_p.Ala190Ser,3) Uncertain significance,p.A190S,0.4
Isoniazid,ahpC,ahpC_p.Gly20Ala,3) Uncertain significance,p.G20A,0.0
Isoniazid,katG,katG_p.Ala61Ser,3) Uncertain significance,p.A61S,
Isoniazid,katG,katG_p.Ala574Val,3) Uncertain significance,p.A574V,
Isoniazid,katG,katG_p.Pro286Ala,3) Uncertain significance,p.P286A,
Isoniazid,katG,katG_p.Ala202Ser,3) Uncertain significance,p.A202S,
Isoniazid,inhA,inhA_p.Gly212Ser,3) Uncertain significance,p.G212S,
Isoniazid,katG,katG_p.Arg146Leu,3) Uncertain significance,p.R146L,0.0
Isoniazid,ahpC,ahpC_p.His100Leu,3) Uncertain significance,p.H100L,0.0
Isoniazid,katG,katG_p.Asp675His,3) Uncertain significance,p.D675H,0.0
Isoniazid,katG,katG_p.Ser87Leu,3) Uncertain significance,p.S87L,0.0
Isoniazid,katG,katG_p.Gly34Arg,3) Uncertain significance,p.G34R,
Isoniazid,katG,katG_p.Glu523Asp,3) Uncertain significance,p.E523D,0.0
Isoniazid,katG,katG_p.Pro432Thr,3) Uncertain significance,p.P432T,0.0
Isoniazid,katG,katG_p.Pro40Leu,3) Uncertain significance,p.P40L,0.0
Isoniazid,katG,katG_p.Ala281Thr,3) Uncertain significance,p.A281T,0.0
Isoniazid,katG,katG_p.Met420Ile,3) Uncertain significance,p.M420I,0.0
Isoniazid,ahpC,ahpC_p.Arg179His,3) Uncertain significance,p.R179H,0.0
Isoniazid,katG,katG_p.Ser481Ala,3) Uncertain significance,p.S481A,0.0
Isoniazid,katG,katG_p.Val721Leu,3) Uncertain significance,p.V721L,
Isoniazid,katG,katG_p.Asp511Tyr,3) Uncertain significance,p.D511Y,0.0
Isoniazid,ahpC,ahpC_p.Ala149Asp,3) Uncertain significance,p.A149D,0.0
Isoniazid,katG,katG_p.Tyr390Cys,3) Uncertain significance,p.Y390C,0.0
Isoniazid,katG,katG_p.Met84Ile,3) Uncertain significance,p.M84I,
Isoniazid,katG,katG_p.Asp406Gly,3) Uncertain significance,p.D406G,0.0
Isoniazid,katG,katG_p.Asp509Asn,3) Uncertain significance,p.D509N,0.0
Isoniazid,katG,katG_p.Gly124Asp,3) Uncertain significance,p.G124D,0.0
Isoniazid,katG,katG_p.Ile80Phe,3) Uncertain significance,p.I80F,0.0
Isoniazid,ahpC,ahpC_p.Gly21Ser,3) Uncertain significance,p.G21S,0.0
Isoniazid,inhA,inhA_p.Pro140Leu,3) Uncertain significance,p.P140L,0.0
Isoniazid,ahpC,ahpC_p.Lys29Asn,3) Uncertain significance,p.K29N,0.0
Isoniazid,katG,katG_p.Glu195Lys,3) Uncertain significance,p.E195K,0.0
Isoniazid,katG,katG_p.Thr380Ser,3) Uncertain significance,p.T380S,0.0
Isoniazid,katG,katG_p.Phe62Leu,3) Uncertain significance,p.F62L,
Isoniazid,ahpC,ahpC_p.Gly155Glu,3) Uncertain significance,p.G155E,
Isoniazid,katG,katG_p.Val445Ile,3) Uncertain significance,p.V445I,0.0
Isoniazid,katG,katG_p.Val473Phe,3) Uncertain significance,p.V473F,0.0
Isoniazid,katG,katG_p.Val267Ala,3) Uncertain significance,p.V267A,0.0
Isoniazid,inhA,inhA_p.Ser19Ala,3) Uncertain significance,p.S19A,0.0
Isoniazid,katG,katG_p.Val319Ile,3) Uncertain significance,p.V319I,
Isoniazid,katG,katG_p.Thr654Ala,3) Uncertain significance,p.T654A,
Isoniazid,inhA,inhA_p.Glu219Ala,3) Uncertain significance,p.E219A,0.0
Isoniazid,ahpC,ahpC_p.Val134Leu,3) Uncertain significance,p.V134L,0.0
Isoniazid,katG,katG_p.Met242Ile,3) Uncertain significance,p.M242I,
Isoniazid,inhA,inhA_p.Lys118Glu,3) Uncertain significance,p.K118E,
Isoniazid,katG,katG_p.Leu449Arg,3) Uncertain significance,p.L449R,0.0
Isoniazid,katG,katG_p.Gln352Tyr,3) Uncertain significance,p.Q352Y,0.0
Isoniazid,inhA,inhA_p.Ala114Gly,3) Uncertain significance,p.A114G,
Isoniazid,katG,katG_p.Phe658Leu,3) Uncertain significance,p.F658L,0.0
Isoniazid,katG,katG_p.Thr376Lys,3) Uncertain significance,p.T376K,0.0
Isoniazid,katG,katG_p.Glu402Ala,3) Uncertain significance,p.E402A,0.0
Isoniazid,katG,katG_p.Trp351Leu,3) Uncertain significance,p.W351L,
Isoniazid,katG,katG_p.Lys554Asn,3) Uncertain significance,p.K554N,0.0
Isoniazid,katG,katG_p.Arg736Ser,3) Uncertain significance,p.R736S,0.0
Isoniazid,katG,katG_p.Leu205Arg,3) Uncertain significance,p.L205R,0.0
Isoniazid,ahpC,ahpC_p.Thr105Lys,3) Uncertain significance,p.T105K,
Isoniazid,katG,katG_p.Lys681Thr,3) Uncertain significance,p.K681T,0.0
Isoniazid,katG,katG_p.Glu526Asp,3) Uncertain significance,p.E526D,0.0
Isoniazid,katG,katG_p.His447Arg,3) Uncertain significance,p.H447R,
Isoniazid,katG,katG_p.Leu427Phe,3) Uncertain significance,p.L427F,
Isoniazid,katG,katG_p.Pro510Ala,3) Uncertain significance,p.P510A,0.0
Isoniazid,katG,katG_p.Asp663Gly,3) Uncertain significance,p.D663G,0.0
Isoniazid,katG,katG_p.Glu407Lys,3) Uncertain significance,p.E407K,0.0
Isoniazid,inhA,inhA_p.Thr266Ala,3) Uncertain significance,p.T266A,0.0
Isoniazid,katG,katG_p.Thr306Ala,3) Uncertain significance,p.T306A,0.0
Isoniazid,katG,katG_p.Tyr638Cys,3) Uncertain significance,p.Y638C,0.0
Isoniazid,katG,katG_p.Asn535Thr,3) Uncertain significance,p.N535T,0.0
Isoniazid,inhA,inhA_p.Ser143Cys,3) Uncertain significance,p.S143C,0.0
Isoniazid,katG,katG_p.Thr112Ser,3) Uncertain significance,p.T112S,0.0
Isoniazid,inhA,inhA_p.Gln214Arg,3) Uncertain significance,p.Q214R,
Isoniazid,katG,katG_p.Ala541Thr,3) Uncertain significance,p.A541T,0.0
Isoniazid,inhA,inhA_p.Asn231Lys,3) Uncertain significance,p.N231K,
Isoniazid,ahpC,ahpC_p.Ala151Ser,3) Uncertain significance,p.A151S,0.0
Isoniazid,katG,katG_p.Thr654Asn,3) Uncertain significance,p.T654N,
Isoniazid,katG,katG_p.Ser620Arg,3) Uncertain significance,p.S620R,0.0
Isoniazid,inhA,inhA_p.Gly221Ser,3) Uncertain significance,p.G221S,
Isoniazid,katG,katG_p.Ala168Val,3) Uncertain significance,p.A168V,0.0
Isoniazid,katG,katG_p.Glu522Lys,3) Uncertain significance,p.E522K,0.0
Isoniazid,katG,katG_p.Pro347Ser,3) Uncertain significance,p.P347S,0.0
Isoniazid,katG,katG_p.Asp37Glu,3) Uncertain significance,p.D37E,0.0
Isoniazid,katG,katG_p.Asp580Glu,3) Uncertain significance,p.D580E,0.0
Isoniazid,katG,katG_p.Ala60Thr,3) Uncertain significance,p.A60T,0.0
Isoniazid,katG,katG_p.Asn637Tyr,3) Uncertain significance,p.N637Y,0.0
Isoniazid,katG,katG_p.Cys549Ser,3) Uncertain significance,p.C549S,0.0
Isoniazid,katG,katG_p.Leu382Arg,3) Uncertain significance,p.L382R,0.0
Isoniazid,katG,katG_p.Gln88Glu,3) Uncertain significance,p.Q88E,0.0
Isoniazid,katG,katG_p.Gln4Tyr,3) Uncertain significance,p.Q4Y,0.0
Isoniazid,inhA,inhA_p.Asp89Asn,3) Uncertain significance,p.D89N,
Isoniazid,inhA,inhA_p.Asn139Tyr,3) Uncertain significance,p.N139Y,0.0
Isoniazid,katG,katG_p.Gly601Asp,3) Uncertain significance,p.G601D,0.0
Isoniazid,katG,katG_p.Lys730Asn,3) Uncertain significance,p.K730N,0.0
Isoniazid,katG,katG_p.Thr654Ser,3) Uncertain significance,p.T654S,0.0
Isoniazid,inhA,inhA_p.Asp42Ala,3) Uncertain significance,p.D42A,0.0
Isoniazid,katG,katG_p.Val423Phe,3) Uncertain significance,p.V423F,
Isoniazid,katG,katG_p.Ile497Val,3) Uncertain significance,p.I497V,0.0
Isoniazid,ahpC,ahpC_p.Asp171Asn,3) Uncertain significance,p.D171N,0.0
Isoniazid,katG,katG_p.Glu623Ala,3) Uncertain significance,p.E623A,0.0
Isoniazid,katG,katG_p.Lys200Arg,3) Uncertain significance,p.K200R,0.0
Isoniazid,ahpC,ahpC_p.Trp96Cys,3) Uncertain significance,p.W96C,0.0
Isoniazid,katG,katG_p.Thr9Lys,3) Uncertain significance,p.T9K,
Isoniazid,katG,katG_p.Asn35His,3) Uncertain significance,p.N35H,
Isoniazid,katG,katG_p.Ile8Val,3) Uncertain significance,p.I8V,0.0
Isoniazid,ahpC,ahpC_p.Lys115Arg,3) Uncertain significance,p.K115R,0.0
Isoniazid,katG,katG_p.Ser140Arg,3) Uncertain significance,p.S140R,0.0
Isoniazid,katG,katG_p.Leu437Arg,3) Uncertain significance,p.L437R,
Isoniazid,katG,katG_p.Gly285Ala,3) Uncertain significance,p.G285A,0.0
Isoniazid,katG,katG_p.Trp728Tyr,3) Uncertain significance,p.W728Y,
Isoniazid,katG,katG_p.Thr344Leu,3) Uncertain significance,p.T344L,0.0
Isoniazid,katG,katG_p.Gln439Tyr,3) Uncertain significance,p.Q439Y,0.0
Isoniazid,katG,katG_p.Met257Thr,3) Uncertain significance,p.M257T,
Isoniazid,ahpC,ahpC_p.Leu191Arg,3) Uncertain significance,p.L191R,0.0
Isoniazid,katG,katG_p.Tyr353Cys,3) Uncertain significance,p.Y353C,0.0
Isoniazid,ahpC,ahpC_p.Asp102Gly,3) Uncertain significance,p.D102G,0.0
Isoniazid,katG,katG_p.Ser652Ala,3) Uncertain significance,p.S652A,0.0
Isoniazid,katG,katG_p.Pro566Leu,3) Uncertain significance,p.P566L,0.0
Isoniazid,ahpC,ahpC_p.Trp178Cys,3) Uncertain significance,p.W178C,0.0
Isoniazid,inhA,inhA_p.Val12Ile,3) Uncertain significance,p.V12I,0.0
Isoniazid,katG,katG_p.Ala15Val,3) Uncertain significance,p.A15V,0.0
Isoniazid,katG,katG_p.Gly451Asp,3) Uncertain significance,p.G451D,0.0
Isoniazid,inhA,inhA_p.Pro55Leu,3) Uncertain significance,p.P55L,0.0
Isoniazid,katG,katG_p.Ala60Gly,3) Uncertain significance,p.A60G,
Isoniazid,katG,katG_p.Leu696Gln,3) Uncertain significance,p.L696Q,0.0
Isoniazid,katG,katG_p.Val710Ile,3) Uncertain significance,p.V710I,0.0
Isoniazid,ahpC,ahpC_p.Leu4Arg,3) Uncertain significance,p.L4R,0.0
Isoniazid,inhA,inhA_p.Gly33Asp,3) Uncertain significance,p.G33D,0.0
Isoniazid,inhA,inhA_p.Val91Ala,3) Uncertain significance,p.V91A,
Isoniazid,katG,katG_p.Ala122Pro,3) Uncertain significance,p.A122P,0.0
Isoniazid,katG,katG_p.Asn660Ala,3) Uncertain significance,p.N660A,0.0
Isoniazid,katG,katG_p.Gly570Phe,3) Uncertain significance,p.G570F,
Isoniazid,ahpC,ahpC_p.Lys180Asn,3) Uncertain significance,p.K180N,0.0
Isoniazid,katG,katG_p.Gln461Arg,3) Uncertain significance,p.Q461R,0.0
Isoniazid,ahpC,ahpC_p.Arg133Gln,3) Uncertain significance,p.R133Q,0.0
Isoniazid,katG,katG_p.Gly593Ser,3) Uncertain significance,p.G593S,1.0
Isoniazid,ahpC,ahpC_p.Leu15Arg,3) Uncertain significance,p.L15R,0.0
Isoniazid,katG,katG_p.Asp406Ala,3) Uncertain significance,p.D406A,0.0
Isoniazid,katG,katG_p.Ser527Leu,3) Uncertain significance,p.S527L,0.0
Isoniazid,inhA,inhA_p.Tyr182His,3) Uncertain significance,p.Y182H,
Isoniazid,ahpC,ahpC_p.Val147Gly,3) Uncertain significance,p.V147G,
Isoniazid,katG,katG_p.Gly338Asp,3) Uncertain significance,p.G338D,0.0
Isoniazid,katG,katG_p.Val196Ile,3) Uncertain significance,p.V196I,0.0
Isoniazid,katG,katG_p.Thr77Arg,3) Uncertain significance,p.T77R,0.0
Isoniazid,katG,katG_p.Leu707Pro,3) Uncertain significance,p.L707P,0.0
Isoniazid,katG,katG_p.Pro52Ser,3) Uncertain significance,p.P52S,0.0
Isoniazid,katG,katG_p.Lys590Gln,3) Uncertain significance,p.K590Q,
Isoniazid,katG,katG_p.Ala559Val,3) Uncertain significance,p.A559V,0.0
Isoniazid,inhA,inhA_p.Met155Ile,3) Uncertain significance,p.M155I,0.0
Isoniazid,ahpC,ahpC_p.Thr63Asn,3) Uncertain significance,p.T63N,0.0
Isoniazid,katG,katG_p.Lys143Asn,3) Uncertain significance,p.K143N,
Isoniazid,katG,katG_p.Leu616Ser,3) Uncertain significance,p.L616S,0.0
Isoniazid,katG,katG_p.Arg496Leu,3) Uncertain significance,p.R496L,
Isoniazid,inhA,inhA_p.Ser19Leu,3) Uncertain significance,p.S19L,0.0
Isoniazid,inhA,inhA_p.Glu80Ala,3) Uncertain significance,p.E80A,
Isoniazid,katG,katG_p.Thr11Ser,3) Uncertain significance,p.T11S,
Isoniazid,inhA,inhA_p.Gln100His,3) Uncertain significance,p.Q100H,0.0
Isoniazid,katG,katG_p.Thr324Asn,3) Uncertain significance,p.T324N,0.0
Isoniazid,katG,katG_p.Gly206Arg,3) Uncertain significance,p.G206R,0.0
Isoniazid,katG,katG_p.Asn236Lys,3) Uncertain significance,p.N236K,0.0
Isoniazid,inhA,inhA_p.Leu268Phe,3) Uncertain significance,p.L268F,0.0
Isoniazid,katG,katG_p.Asp282Gly,3) Uncertain significance,p.D282G,
Isoniazid,katG,katG_p.Ser474Gln,3) Uncertain significance,p.S474Q,0.0
Isoniazid,katG,katG_p.Phe332Val,3) Uncertain significance,p.F332V,0.0
Isoniazid,inhA,inhA_p.Gly142Ser,3) Uncertain significance,p.G142S,0.0
Isoniazid,katG,katG_p.Asp729Asn,3) Uncertain significance,p.D729N,0.0
Isoniazid,katG,katG_p.Lys345Asn,3) Uncertain significance,p.K345N,0.0
Isoniazid,katG,katG_p.Val538Leu,3) Uncertain significance,p.V538L,
Isoniazid,katG,katG_p.Leu147Ala,3) Uncertain significance,p.L147A,
Isoniazid,inhA,inhA_p.His70Asp,3) Uncertain significance,p.H70D,0.0
Isoniazid,katG,katG_p.Arg498Cys,3) Uncertain significance,p.R498C,0.0
Isoniazid,katG,katG_p.Ala53Thr,3) Uncertain significance,p.A53T,
Isoniazid,ahpC,ahpC_p.Leu185Ile,3) Uncertain significance,p.L185I,0.0
Isoniazid,katG,katG_p.Asp259Ala,3) Uncertain significance,p.D259A,
Isoniazid,ahpC,ahpC_p.Ile137Thr,3) Uncertain significance,p.I137T,
Isoniazid,katG,katG_p.Pro422His,3) Uncertain significance,p.P422H,
Isoniazid,katG,katG_p.Glu31Ala,3) Uncertain significance,p.E31A,0.0
Isoniazid,katG,katG_p.Thr520Ala,3) Uncertain significance,p.T520A,0.0
Isoniazid,katG,katG_p.Gly305Cys,3) Uncertain significance,p.G305C,0.0
Isoniazid,ahpC,ahpC_p.Asp79Asn,3) Uncertain significance,p.D79N,
Isoniazid,katG,katG_p.Gln525Ala,3) Uncertain significance,p.Q525A,0.0
Isoniazid,katG,katG_p.Leu398Arg,3) Uncertain significance,p.L398R,0.0
Isoniazid,katG,katG_p.Ala162Gly,3) Uncertain significance,p.A162G,0.0
Isoniazid,katG,katG_p.Val503Ala,3) Uncertain significance,p.V503A,0.0
Isoniazid,ahpC,ahpC_p.Asp166Asn,3) Uncertain significance,p.D166N,0.0
Isoniazid,ahpC,ahpC_p.Asp182Gly,3) Uncertain significance,p.D182G,0.0
Isoniazid,ahpC,ahpC_p.Asp102Glu,3) Uncertain significance,p.D102E,0.0
Isoniazid,katG,katG_p.Pro286Leu,3) Uncertain significance,p.P286L,0.0
Isoniazid,katG,katG_p.Leu298Phe,3) Uncertain significance,p.L298F,
Isoniazid,katG,katG_p.Pro6Ser,3) Uncertain significance,p.P6S,0.17647058823529413
Isoniazid,katG,katG_p.Ala716Thr,3) Uncertain significance,p.A716T,0.0
Isoniazid,katG,katG_p.His561Arg,3) Uncertain significance,p.H561R,0.0
Isoniazid,ahpC,ahpC_p.Leu15Ile,3) Uncertain significance,p.L15I,
Isoniazid,ahpC,ahpC_p.Thr150Ala,3) Uncertain significance,p.T150A,0.0
Isoniazid,katG,katG_p.Pro605Arg,3) Uncertain significance,p.P605R,0.0
Isoniazid,inhA,inhA_p.Val189Ile,3) Uncertain significance,p.V189I,0.0
Isoniazid,katG,katG_p.Thr363Ala,3) Uncertain significance,p.T363A,
Isoniazid,katG,katG_p.Arg736Lys,3) Uncertain significance,p.R736K,0.0
Isoniazid,katG,katG_p.Asp656Gly,3) Uncertain significance,p.D656G,
Isoniazid,katG,katG_p.Arg498Ser,3) Uncertain significance,p.R498S,0.0
Isoniazid,katG,katG_p.Arg705Leu,3) Uncertain significance,p.R705L,0.0
Isoniazid,katG,katG_p.Ser684Arg,3) Uncertain significance,p.S684R,0.0
Isoniazid,ahpC,ahpC_p.Gln169His,3) Uncertain significance,p.Q169H,0.0
Isoniazid,katG,katG_p.Leu458Ser,3) Uncertain significance,p.L458S,
Isoniazid,inhA,inhA_p.Gln216Arg,3) Uncertain significance,p.Q216R,0.0
Isoniazid,katG,katG_p.Val628Leu,3) Uncertain significance,p.V628L,0.0
Isoniazid,katG,katG_p.Gln576Tyr,3) Uncertain significance,p.Q576Y,0.0
Isoniazid,katG,katG_p.Asp79Ala,3) Uncertain significance,p.D79A,0.0
Isoniazid,inhA,inhA_p.Ala213Val,3) Uncertain significance,p.A213V,0.0
Isoniazid,inhA,inhA_p.Asp52Gly,3) Uncertain significance,p.D52G,
Isoniazid,ahpC,ahpC_p.Leu191Phe,3) Uncertain significance,p.L191F,0.2857142857142857
Isoniazid,katG,katG_p.Asp675Tyr,5) Not assoc w R,p.D675Y,0.6
Isoniazid,inhA,inhA_p.Glu31Lys,3) Uncertain significance,p.E31K,0.0
Isoniazid,katG,katG_p.Asp511Asn,3) Uncertain significance,p.D511N,0.0
Isoniazid,katG,katG_p.Thr376Met,3) Uncertain significance,p.T376M,0.0
Isoniazid,katG,katG_p.Leu427Arg,3) Uncertain significance,p.L427R,0.0
Isoniazid,ahpC,ahpC_p.Gly45Ser,3) Uncertain significance,p.G45S,0.0
Isoniazid,katG,katG_p.Lys46Glu,3) Uncertain significance,p.K46E,0.0
Isoniazid,katG,katG_p.Val538Ala,3) Uncertain significance,p.V538A,0.0
Isoniazid,katG,katG_p.Ala60Val,3) Uncertain significance,p.A60V,0.0
Isoniazid,inhA,inhA_p.Thr2Ala,3) Uncertain significance,p.T2A,0.0
Isoniazid,katG,katG_p.Ile103Val,3) Uncertain significance,p.I103V,0.3333333333333333
Isoniazid,katG,katG_p.Thr520Asn,3) Uncertain significance,p.T520N,
Isoniazid,katG,katG_p.Gly184Asp,3) Uncertain significance,p.G184D,0.0
Isoniazid,inhA,inhA_p.Ala235Val,3) Uncertain significance,p.A235V,0.0
Isoniazid,katG,katG_p.Thr12Ala,3) Uncertain significance,p.T12A,0.0
Isoniazid,inhA,inhA_p.Gly83Arg,3) Uncertain significance,p.G83R,0.16666666666666666
Isoniazid,ahpC,ahpC_p.Asp186Glu,3) Uncertain significance,p.D186E,0.0
Isoniazid,katG,katG_p.Ala606Thr,3) Uncertain significance,p.A606T,0.0
Isoniazid,katG,katG_p.Pro566Ser,3) Uncertain significance,p.P566S,0.0
Isoniazid,katG,katG_p.Tyr678Ala,3) Uncertain significance,p.Y678A,0.0
Isoniazid,katG,katG_p.Gly169Arg,3) Uncertain significance,p.G169R,0.0
Isoniazid,katG,katG_p.Val166Ile,3) Uncertain significance,p.V166I,
Isoniazid,katG,katG_p.Leu514Pro,3) Uncertain significance,p.L514P,
Isoniazid,katG,katG_p.Gln434His,3) Uncertain significance,p.Q434H,0.0
Isoniazid,katG,katG_p.Val386Leu,3) Uncertain significance,p.V386L,0.0
Isoniazid,katG,katG_p.Asn562His,3) Uncertain significance,p.N562H,0.14285714285714285
Isoniazid,katG,katG_p.Met609Thr,3) Uncertain significance,p.M609T,0.0
Isoniazid,inhA,inhA_p.Val203Ala,3) Uncertain significance,p.V203A,
Isoniazid,katG,katG_p.Leu436Arg,3) Uncertain significance,p.L436R,0.0
Isoniazid,inhA,inhA_p.Ala58Val,3) Uncertain significance,p.A58V,0.0
Isoniazid,katG,katG_p.Arg515His,3) Uncertain significance,p.R515H,0.0
Isoniazid,ahpC,ahpC_p.Ala149Thr,3) Uncertain significance,p.A149T,0.0
Isoniazid,katG,katG_p.Val386Met,3) Uncertain significance,p.V386M,
Isoniazid,katG,katG_p.Val73Ala,3) Uncertain significance,p.V73A,0.0
Isoniazid,ahpC,ahpC_p.Val161Leu,3) Uncertain significance,p.V161L,0.0
Isoniazid,inhA,inhA_p.Asn139Ser,3) Uncertain significance,p.N139S,0.0
Isoniazid,katG,katG_p.Lys158Glu,3) Uncertain significance,p.K158E,0.0
Isoniazid,katG,katG_p.Gly630Ser,3) Uncertain significance,p.G630S,0.0
Isoniazid,katG,katG_p.Ala480Gln,3) Uncertain significance,p.A480Q,0.0
Isoniazid,ahpC,ahpC_p.Asp41Asn,3) Uncertain significance,p.D41N,0.0
Isoniazid,katG,katG_p.Val633Ile,3) Uncertain significance,p.V633I,0.0
Isoniazid,katG,katG_p.Asp240Asn,3) Uncertain significance,p.D240N,0.0
Isoniazid,katG,katG_p.Ala424Val,3) Uncertain significance,p.A424V,0.0
Isoniazid,ahpC,ahpC_p.Ala193Val,3) Uncertain significance,p.A193V,0.0
Isoniazid,katG,katG_p.Ile266Thr,3) Uncertain significance,p.I266T,0.0
Isoniazid,katG,katG_p.Gln295Ala,3) Uncertain significance,p.Q295A,0.0
Isoniazid,katG,katG_p.Ile462Met,3) Uncertain significance,p.I462M,
Isoniazid,katG,katG_p.Asn323Ser,3) Uncertain significance,p.N323S,0.0
Isoniazid,ahpC,ahpC_p.His43Gln,3) Uncertain significance,p.H43Q,0.0
Isoniazid,katG,katG_p.Gln50Pro,3) Uncertain significance,p.Q50P,
Isoniazid,katG,katG_p.Gly237Ala,3) Uncertain significance,p.G237A,0.0
Isoniazid,inhA,inhA_p.Val171Ile,3) Uncertain significance,p.V171I,
Isoniazid,katG,katG_p.Lys459Thr,3) Uncertain significance,p.K459T,0.0
Isoniazid,katG,katG_p.Thr647Pro,3) Uncertain significance,p.T647P,0.0
Isoniazid,katG,katG_p.Asp682Asn,3) Uncertain significance,p.D682N,0.0
Isoniazid,ahpC,ahpC_p.Val158Phe,3) Uncertain significance,p.V158F,0.0
Isoniazid,katG,katG_p.Gly534Arg,3) Uncertain significance,p.G534R,0.0
Isoniazid,katG,katG_p.Ala139Thr,3) Uncertain significance,p.A139T,0.0
Isoniazid,katG,katG_p.Val260Ile,3) Uncertain significance,p.V260I,0.0
Isoniazid,katG,katG_p.Asp513Asn,3) Uncertain significance,p.D513N,0.0
Isoniazid,inhA,inhA_p.Gly141Arg,3) Uncertain significance,p.G141R,0.0
Isoniazid,katG,katG_p.Tyr678Leu,3) Uncertain significance,p.Y678L,0.0
Isoniazid,katG,katG_p.Pro533Leu,3) Uncertain significance,p.P533L,0.0
Isoniazid,katG,katG_p.Gly494Ser,3) Uncertain significance,p.G494S,0.0
Isoniazid,katG,katG_p.Gln525Ser,3) Uncertain significance,p.Q525S,0.0
Isoniazid,ahpC,ahpC_p.Glu160Lys,3) Uncertain significance,p.E160K,0.0
Isoniazid,katG,katG_p.Gly186Ala,3) Uncertain significance,p.G186A,0.0
Isoniazid,katG,katG_p.Lys537Glu,3) Uncertain significance,p.K537E,0.0
Isoniazid,katG,katG_p.Val473Ala,3) Uncertain significance,p.V473A,0.0
Isoniazid,katG,katG_p.Thr344Ser,3) Uncertain significance,p.T344S,0.0
Isoniazid,katG,katG_p.Asp74Gly,3) Uncertain significance,p.D74G,0.0
Isoniazid,katG,katG_p.Asp215Glu,3) Uncertain significance,p.D215E,0.0
Isoniazid,katG,katG_p.Ala621Gly,3) Uncertain significance,p.A621G,0.0
Isoniazid,ahpC,ahpC_p.Thr5Ile,3) Uncertain significance,p.T5I,0.0
Isoniazid,ahpC,ahpC_p.Asp22Asn,3) Uncertain significance,p.D22N,0.0
Isoniazid,katG,katG_p.Trp412Tyr,3) Uncertain significance,p.W412Y,0.0
Isoniazid,katG,katG_p.Glu82Gly,3) Uncertain significance,p.E82G,0.0
Isoniazid,katG,katG_p.Gln679Tyr,3) Uncertain significance,p.Q679Y,0.0
Isoniazid,inhA,inhA_p.Asp248Asn,3) Uncertain significance,p.D248N,0.0
Isoniazid,katG,katG_p.Gly19Val,3) Uncertain significance,p.G19V,0.0
Isoniazid,katG,katG_p.Met84Leu,3) Uncertain significance,p.M84L,0.0
Isoniazid,katG,katG_p.Arg254Ser,3) Uncertain significance,p.R254S,0.0
Isoniazid,katG,katG_p.Val23Leu,3) Uncertain significance,p.V23L,0.0
Isoniazid,katG,katG_p.Gly593Cys,3) Uncertain significance,p.G593C,0.0
Isoniazid,katG,katG_p.Leu707Arg,3) Uncertain significance,p.L707R,0.0
Isoniazid,inhA,inhA_p.Gly183Arg,3) Uncertain significance,p.G183R,0.0
Isoniazid,katG,katG_p.Gln36Glu,3) Uncertain significance,p.Q36E,
Isoniazid,katG,katG_p.Glu82Asp,3) Uncertain significance,p.E82D,0.0
Isoniazid,katG,katG_p.Asp37Asn,3) Uncertain significance,p.D37N,
Isoniazid,ahpC,ahpC_p.Ser119Asn,3) Uncertain significance,p.S119N,0.0
Isoniazid,katG,katG_p.Thr354Ile,4) Not assoc w R - Interim,p.T354I,0.07142857142857142
Isoniazid,katG,katG_p.Arg489Ser,3) Uncertain significance,p.R489S,
Isoniazid,katG,katG_p.Val47Ile,3) Uncertain significance,p.V47I,0.0
Isoniazid,katG,katG_p.Val739Met,3) Uncertain significance,p.V739M,0.0
Isoniazid,katG,katG_p.Ser446Asn,3) Uncertain significance,p.S446N,0.0
Isoniazid,katG,katG_p.Asp735Asn,3) Uncertain significance,p.D735N,0.0
Isoniazid,katG,katG_p.Ser457Gly,4) Not assoc w R - Interim,p.S457G,0.0
Isoniazid,katG,katG_p.Ala606Pro,3) Uncertain significance,p.A606P,0.0
Isoniazid,katG,katG_p.Glu651Asp,3) Uncertain significance,p.E651D,0.0
Isoniazid,katG,katG_p.Gly685Asp,3) Uncertain significance,p.G685D,
Isoniazid,katG,katG_p.Pro718Ser,4) Not assoc w R - Interim,p.P718S,0.0
Isoniazid,katG,katG_p.Asp729Glu,3) Uncertain significance,p.D729E,0.0
Isoniazid,katG,katG_p.Gln36Pro,3) Uncertain significance,p.Q36P,0.0
Isoniazid,katG,katG_p.Trp668Cys,3) Uncertain significance,p.W668C,
Isoniazid,katG,katG_p.Arg595Leu,3) Uncertain significance,p.R595L,
Isoniazid,katG,katG_p.Ser140Gly,3) Uncertain significance,p.S140G,0.0
Isoniazid,katG,katG_p.Val469Leu,5) Not assoc w R,p.V469L,0.0
Isoniazid,inhA,inhA_p.Val78Ala,5) Not assoc w R,p.V78A,0.09836065573770492
Isoniazid,katG,katG_p.Ser140Asn,3) Uncertain significance,p.S140N,0.5
Isoniazid,ahpC,ahpC_p.Tyr34Cys,4) Not assoc w R - Interim,p.Y34C,0.07142857142857142
Isoniazid,katG,katG_p.Arg463Leu,5) Not assoc w R,p.R463L,0.43245445550317213
Isoniazid,katG,katG_p.Ala172Thr,3) Uncertain significance,p.A172T,
Isoniazid,katG,katG_p.Ala263Pro,3) Uncertain significance,p.A263P,
Isoniazid,katG,katG_p.Ala479Val,3) Uncertain significance,p.A479V,
Isoniazid,katG,katG_p.Asp142Cys,3) Uncertain significance,p.D142C,
Isoniazid,katG,katG_p.Gly421Ala,3) Uncertain significance,p.G421A,
Isoniazid,katG,katG_p.Leu265Arg,3) Uncertain significance,p.L265R,
Isoniazid,katG,katG_p.Leu472Pro,3) Uncertain significance,p.L472P,
Isoniazid,katG,katG_p.Phe658Val,3) Uncertain significance,p.F658V,
Kanamycin,eis,eis_p.Pro302Gln,3) Uncertain significance,p.P302Q,
Kanamycin,eis,eis_p.Leu331Arg,3) Uncertain significance,p.L331R,
Kanamycin,whiB7,whiB7_p.His21Gln,3) Uncertain significance,p.H21Q,
Kanamycin,eis,eis_p.Glu199Ala,3) Uncertain significance,p.E199A,
Kanamycin,eis,eis_p.Ala62Val,3) Uncertain significance,p.A62V,
Kanamycin,eis,eis_p.Arg37Gly,3) Uncertain significance,p.R37G,1.0
Kanamycin,eis,eis_p.Leu235Arg,3) Uncertain significance,p.L235R,
Kanamycin,eis,eis_p.Ile333Val,3) Uncertain significance,p.I333V,0.5
Kanamycin,eis,eis_p.Lys234Glu,3) Uncertain significance,p.K234E,1.0
Kanamycin,whiB7,whiB7_p.Val3Ala,3) Uncertain significance,p.V3A,
Kanamycin,eis,eis_p.Thr341Ile,3) Uncertain significance,p.T341I,
Kanamycin,eis,eis_p.Thr341Ala,3) Uncertain significance,p.T341A,1.0
Kanamycin,eis,eis_p.Val301Gly,3) Uncertain significance,p.V301G,
Kanamycin,eis,eis_p.Lys234Asn,3) Uncertain significance,p.K234N,1.0
Kanamycin,eis,eis_p.Ala120Val,3) Uncertain significance,p.A120V,1.0
Kanamycin,whiB7,whiB7_p.Ser45Arg,3) Uncertain significance,p.S45R,1.0
Kanamycin,eis,eis_p.Tyr64Gln,3) Uncertain significance,p.Y64Q,1.0
Kanamycin,eis,eis_p.Thr2Ala,3) Uncertain significance,p.T2A,1.0
Kanamycin,whiB7,whiB7_p.Val65Phe,3) Uncertain significance,p.V65F,1.0
Kanamycin,eis,eis_p.Arg106His,3) Uncertain significance,p.R106H,0.0
Kanamycin,whiB7,whiB7_p.Val91Gly,3) Uncertain significance,p.V91G,1.0
Kanamycin,eis,eis_p.Asp354Glu,3) Uncertain significance,p.D354E,1.0
Kanamycin,eis,eis_p.Gly222Ala,3) Uncertain significance,p.G222A,1.0
Kanamycin,eis,eis_p.Trp36Arg,3) Uncertain significance,p.W36R,0.0
Kanamycin,whiB7,whiB7_p.Leu27Pro,3) Uncertain significance,p.L27P,1.0
Kanamycin,whiB7,whiB7_p.Arg81His,3) Uncertain significance,p.R81H,1.0
Kanamycin,eis,eis_p.Leu256Met,3) Uncertain significance,p.L256M,0.3333333333333333
Kanamycin,eis,eis_p.Phe129Leu,3) Uncertain significance,p.F129L,1.0
Kanamycin,eis,eis_p.Gly159Asp,3) Uncertain significance,p.G159D,0.0
Kanamycin,eis,eis_p.Ala22Gly,3) Uncertain significance,p.A22G,
Kanamycin,eis,eis_p.Glu103Lys,3) Uncertain significance,p.E103K,
Kanamycin,eis,eis_p.Ile267Thr,3) Uncertain significance,p.I267T,
Kanamycin,eis,eis_p.Trp13Arg,3) Uncertain significance,p.W13R,
Kanamycin,eis,eis_p.Ala370Val,3) Uncertain significance,p.A370V,
Kanamycin,eis,eis_p.Ala207Thr,3) Uncertain significance,p.A207T,0.0
Kanamycin,eis,eis_p.Pro114Gln,3) Uncertain significance,p.P114Q,0.0
Kanamycin,eis,eis_p.Gly222Arg,3) Uncertain significance,p.G222R,0.0
Kanamycin,eis,eis_p.Thr287Ala,3) Uncertain significance,p.T287A,0.0
Kanamycin,eis,eis_p.Asp152Asn,3) Uncertain significance,p.D152N,
Kanamycin,eis,eis_p.Leu256Pro,3) Uncertain significance,p.L256P,
Kanamycin,eis,eis_p.Val396Ile,3) Uncertain significance,p.V396I,
Kanamycin,eis,eis_p.Asp260Tyr,3) Uncertain significance,p.D260Y,0.0
Kanamycin,eis,eis_p.Pro30Leu,3) Uncertain significance,p.P30L,
Kanamycin,whiB7,whiB7_p.Pro62Thr,3) Uncertain significance,p.P62T,
Kanamycin,whiB7,whiB7_p.Phe29Ile,3) Uncertain significance,p.F29I,
Kanamycin,eis,eis_p.Asp221Glu,3) Uncertain significance,p.D221E,0.0
Kanamycin,eis,eis_p.Arg339Gln,3) Uncertain significance,p.R339Q,
Kanamycin,eis,eis_p.Arg376Cys,3) Uncertain significance,p.R376C,
Kanamycin,eis,eis_p.Gly156Cys,3) Uncertain significance,p.G156C,
Kanamycin,eis,eis_p.Leu19Met,3) Uncertain significance,p.L19M,0.0
Kanamycin,eis,eis_p.Ser56Cys,3) Uncertain significance,p.S56C,
Kanamycin,eis,eis_p.Ser23Gly,3) Uncertain significance,p.S23G,
Kanamycin,eis,eis_p.Val58Met,3) Uncertain significance,p.V58M,0.0
Kanamycin,eis,eis_p.Pro114Leu,3) Uncertain significance,p.P114L,
Kanamycin,eis,eis_p.Leu375Ser,3) Uncertain significance,p.L375S,
Kanamycin,eis,eis_p.Leu77Pro,3) Uncertain significance,p.L77P,
Kanamycin,eis,eis_p.Pro274Leu,3) Uncertain significance,p.P274L,
Kanamycin,eis,eis_p.Leu200Val,3) Uncertain significance,p.L200V,
Kanamycin,whiB7,whiB7_p.Val22Ile,3) Uncertain significance,p.V22I,
Kanamycin,eis,eis_p.Asp354Asn,3) Uncertain significance,p.D354N,
Kanamycin,eis,eis_p.Asp281Gly,3) Uncertain significance,p.D281G,
Kanamycin,eis,eis_p.Asp26Tyr,3) Uncertain significance,p.D26Y,
Kanamycin,eis,eis_p.Gly357Asp,3) Uncertain significance,p.G357D,
Kanamycin,eis,eis_p.Ala151Val,3) Uncertain significance,p.A151V,
Kanamycin,eis,eis_p.Pro89Leu,3) Uncertain significance,p.P89L,0.0
Kanamycin,whiB7,whiB7_p.Ser2Ala,3) Uncertain significance,p.S2A,
Kanamycin,eis,eis_p.Val396Phe,3) Uncertain significance,p.V396F,0.0
Kanamycin,eis,eis_p.Leu386Ile,3) Uncertain significance,p.L386I,
Kanamycin,eis,eis_p.Arg37Gln,3) Uncertain significance,p.R37Q,0.0
Kanamycin,whiB7,whiB7_p.Ala55Glu,3) Uncertain significance,p.A55E,
Kanamycin,eis,eis_p.Met65Ile,3) Uncertain significance,p.M65I,0.0
Kanamycin,eis,eis_p.Met351Val,3) Uncertain significance,p.M351V,
Kanamycin,eis,eis_p.Pro72Leu,3) Uncertain significance,p.P72L,
Kanamycin,eis,eis_p.Pro78Ser,3) Uncertain significance,p.P78S,
Kanamycin,whiB7,whiB7_p.Leu36Phe,3) Uncertain significance,p.L36F,
Kanamycin,eis,eis_p.Pro187Arg,3) Uncertain significance,p.P187R,
Kanamycin,eis,eis_p.Thr282Ile,3) Uncertain significance,p.T282I,
Kanamycin,eis,eis_p.His105Tyr,3) Uncertain significance,p.H105Y,
Kanamycin,eis,eis_p.Ala109Gly,3) Uncertain significance,p.A109G,0.0
Kanamycin,eis,eis_p.Arg297Cys,3) Uncertain significance,p.R297C,
Kanamycin,whiB7,whiB7_p.Gly23Asp,3) Uncertain significance,p.G23D,
Kanamycin,eis,eis_p.His277Tyr,3) Uncertain significance,p.H277Y,0.0
Kanamycin,whiB7,whiB7_p.Glu69Lys,3) Uncertain significance,p.E69K,
Kanamycin,whiB7,whiB7_p.Thr32Asn,3) Uncertain significance,p.T32N,
Kanamycin,whiB7,whiB7_p.Arg87Cys,3) Uncertain significance,p.R87C,
Kanamycin,eis,eis_p.Ala338Thr,3) Uncertain significance,p.A338T,
Kanamycin,eis,eis_p.Leu201Arg,3) Uncertain significance,p.L201R,
Kanamycin,whiB7,whiB7_p.Glu69Gly,3) Uncertain significance,p.E69G,
Kanamycin,eis,eis_p.Lys205Asn,3) Uncertain significance,p.K205N,
Kanamycin,eis,eis_p.Pro208Leu,3) Uncertain significance,p.P208L,
Kanamycin,eis,eis_p.Ser83Thr,3) Uncertain significance,p.S83T,
Kanamycin,whiB7,whiB7_p.Arg81Cys,3) Uncertain significance,p.R81C,0.0
Kanamycin,eis,eis_p.Arg254Gln,3) Uncertain significance,p.R254Q,
Kanamycin,eis,eis_p.Arg94Ser,3) Uncertain significance,p.R94S,
Kanamycin,eis,eis_p.Gly309Asp,3) Uncertain significance,p.G309D,
Kanamycin,eis,eis_p.Phe84Tyr,3) Uncertain significance,p.F84Y,
Kanamycin,whiB7,whiB7_p.Ile76Val,3) Uncertain significance,p.I76V,
Kanamycin,whiB7,whiB7_p.Gln73Arg,3) Uncertain significance,p.Q73R,
Kanamycin,whiB7,whiB7_p.Gln13Lys,3) Uncertain significance,p.Q13K,0.0
Kanamycin,eis,eis_p.Glu176Ala,3) Uncertain significance,p.E176A,
Kanamycin,eis,eis_p.Ser56Pro,3) Uncertain significance,p.S56P,
Kanamycin,eis,eis_p.Thr4Pro,3) Uncertain significance,p.T4P,
Kanamycin,eis,eis_p.Arg212His,3) Uncertain significance,p.R212H,0.0
Kanamycin,whiB7,whiB7_p.Asp24His,3) Uncertain significance,p.D24H,
Kanamycin,eis,eis_p.Gly357Ser,3) Uncertain significance,p.G357S,0.0
Kanamycin,whiB7,whiB7_p.Leu18Phe,3) Uncertain significance,p.L18F,
Kanamycin,eis,eis_p.Ala371Ser,3) Uncertain significance,p.A371S,
Kanamycin,eis,eis_p.Ala330Val,3) Uncertain significance,p.A330V,
Kanamycin,eis,eis_p.Glu313Asp,3) Uncertain significance,p.E313D,
Kanamycin,eis,eis_p.Gly258Ser,3) Uncertain significance,p.G258S,
Kanamycin,whiB7,whiB7_p.Arg59Trp,3) Uncertain significance,p.R59W,0.0
Kanamycin,eis,eis_p.Arg49Cys,3) Uncertain significance,p.R49C,0.0
Kanamycin,eis,eis_p.Arg92Cys,3) Uncertain significance,p.R92C,0.0
Kanamycin,whiB7,whiB7_p.Pro25Leu,3) Uncertain significance,p.P25L,0.0
Kanamycin,eis,eis_p.Ala99Val,3) Uncertain significance,p.A99V,0.0
Kanamycin,whiB7,whiB7_p.Val91Ile,3) Uncertain significance,p.V91I,
Kanamycin,eis,eis_p.Thr38Ala,3) Uncertain significance,p.T38A,
Kanamycin,eis,eis_p.Val115Ala,3) Uncertain significance,p.V115A,
Kanamycin,eis,eis_p.Thr136Ser,3) Uncertain significance,p.T136S,0.0
Kanamycin,whiB7,whiB7_p.Lys40Asn,3) Uncertain significance,p.K40N,
Kanamycin,whiB7,whiB7_p.Ala90Ser,3) Uncertain significance,p.A90S,
Kanamycin,eis,eis_p.Ser367Pro,3) Uncertain significance,p.S367P,
Kanamycin,eis,eis_p.Asp273Ala,3) Uncertain significance,p.D273A,
Kanamycin,eis,eis_p.Ala21Glu,3) Uncertain significance,p.A21E,
Kanamycin,eis,eis_p.Glu348Asp,3) Uncertain significance,p.E348D,
Kanamycin,whiB7,whiB7_p.Asp31Asn,3) Uncertain significance,p.D31N,
Kanamycin,eis,eis_p.Leu18Pro,3) Uncertain significance,p.L18P,
Kanamycin,eis,eis_p.Ala153Ser,3) Uncertain significance,p.A153S,
Kanamycin,eis,eis_p.Thr398Asn,3) Uncertain significance,p.T398N,
Kanamycin,eis,eis_p.Ala304Val,3) Uncertain significance,p.A304V,
Kanamycin,eis,eis_p.Glu74Asp,3) Uncertain significance,p.E74D,0.0
Kanamycin,whiB7,whiB7_p.Thr10Ser,3) Uncertain significance,p.T10S,
Kanamycin,eis,eis_p.Leu140Val,3) Uncertain significance,p.L140V,
Kanamycin,eis,eis_p.Glu122Gly,3) Uncertain significance,p.E122G,0.0
Kanamycin,eis,eis_p.Ala370Ser,3) Uncertain significance,p.A370S,
Kanamycin,eis,eis_p.Phe149Val,3) Uncertain significance,p.F149V,0.0
Kanamycin,eis,eis_p.Leu18Arg,3) Uncertain significance,p.L18R,0.0
Kanamycin,whiB7,whiB7_p.Ala92Thr,3) Uncertain significance,p.A92T,0.0
Kanamycin,eis,eis_p.Gly188Ala,3) Uncertain significance,p.G188A,
Kanamycin,eis,eis_p.Thr70Ala,3) Uncertain significance,p.T70A,0.0
Kanamycin,eis,eis_p.Pro30His,3) Uncertain significance,p.P30H,
Kanamycin,eis,eis_p.Val3Ala,3) Uncertain significance,p.V3A,0.0
Kanamycin,eis,eis_p.Val163Ile,3) Uncertain significance,p.V163I,0.06382978723404255
Kanamycin,eis,eis_p.Ala86Val,3) Uncertain significance,p.A86V,
Kanamycin,whiB7,whiB7_p.Arg12Lys,3) Uncertain significance,p.R12K,
Kanamycin,eis,eis_p.Ala243Val,3) Uncertain significance,p.A243V,
Kanamycin,eis,eis_p.Pro342Leu,3) Uncertain significance,p.P342L,0.0
Kanamycin,eis,eis_p.Ala251Gly,3) Uncertain significance,p.A251G,0.0
Kanamycin,eis,eis_p.Thr231Ile,3) Uncertain significance,p.T231I,
Kanamycin,eis,eis_p.Pro276Ser,3) Uncertain significance,p.P276S,0.0
Kanamycin,whiB7,whiB7_p.Pro33Ser,3) Uncertain significance,p.P33S,
Kanamycin,eis,eis_p.Glu348Lys,3) Uncertain significance,p.E348K,0.0
Kanamycin,eis,eis_p.Glu401Asp,3) Uncertain significance,p.E401D,0.0
Kanamycin,whiB7,whiB7_p.Arg50Pro,3) Uncertain significance,p.R50P,0.0
Kanamycin,whiB7,whiB7_p.Gln58Arg,3) Uncertain significance,p.Q58R,
Kanamycin,whiB7,whiB7_p.Ala34Pro,3) Uncertain significance,p.A34P,0.0
Kanamycin,whiB7,whiB7_p.Pro11Ser,3) Uncertain significance,p.P11S,
Kanamycin,eis,eis_p.Val301Ile,3) Uncertain significance,p.V301I,
Kanamycin,eis,eis_p.Arg227Gln,3) Uncertain significance,p.R227Q,0.0
Kanamycin,eis,eis_p.Pro193Ser,3) Uncertain significance,p.P193S,0.0
Kanamycin,eis,eis_p.His270Gln,3) Uncertain significance,p.H270Q,0.0
Kanamycin,whiB7,whiB7_p.Arg50Leu,3) Uncertain significance,p.R50L,
Kanamycin,whiB7,whiB7_p.Gly67Val,3) Uncertain significance,p.G67V,0.0
Kanamycin,whiB7,whiB7_p.His79Gln,3) Uncertain significance,p.H79Q,0.16666666666666666
Kanamycin,whiB7,whiB7_p.Lys80Gln,3) Uncertain significance,p.K80Q,0.16666666666666666
Kanamycin,eis,eis_p.Val85Ala,3) Uncertain significance,p.V85A,0.0
Kanamycin,eis,eis_p.Val314Leu,3) Uncertain significance,p.V314L,0.0
Kanamycin,whiB7,whiB7_p.Leu42Pro,4) Not assoc w R - Interim,p.L42P,0.25
Kanamycin,eis,eis_p.Leu361Phe,3) Uncertain significance,p.L361F,
Kanamycin,eis,eis_p.Met100Val,3) Uncertain significance,p.M100V,
Kanamycin,whiB7,whiB7_p.Gly74Asp,3) Uncertain significance,p.G74D,
Levofloxacin,gyrA,gyrA_p.Asp94Gly,1) Assoc w R,p.D94G,0.9468302658486708
Levofloxacin,gyrA,gyrA_p.Ala90Val,1) Assoc w R,p.A90V,0.8900445765230312
Levofloxacin,gyrA,gyrA_p.Asp94Asn,1) Assoc w R,p.D94N,0.9230769230769231
Levofloxacin,gyrA,gyrA_p.Asp94Ala,1) Assoc w R,p.D94A,0.8653846153846154
Levofloxacin,gyrA,gyrA_p.Ser91Pro,1) Assoc w R,p.S91P,0.8505747126436781
Levofloxacin,gyrA,gyrA_p.Asp94Tyr,1) Assoc w R,p.D94Y,0.9369369369369369
Levofloxacin,gyrA,gyrA_p.Asp94His,1) Assoc w R,p.D94H,0.9111111111111111
Levofloxacin,gyrA,gyrA_p.Gly88Cys,1) Assoc w R,p.G88C,1.0
Levofloxacin,gyrA,gyrA_p.Gly668Asp,3) Uncertain significance,p.G668D,0.21836829836829838
Levofloxacin,gyrB,gyrB_p.Asp461Asn,1) Assoc w R,p.D461N,0.7096774193548387
Levofloxacin,gyrB,gyrB_p.Asp461His,1) Assoc w R,p.D461H,0.8421052631578947
Levofloxacin,gyrB,gyrB_p.Asn499Asp,1) Assoc w R,p.N499D,0.6666666666666666
Levofloxacin,gyrB,gyrB_p.Glu501Asp,2) Assoc w R - Interim,p.E501D,0.4864864864864865
Levofloxacin,gyrA,gyrA_p.Asp89Asn,1) Assoc w R,p.D89N,0.7222222222222222
Levofloxacin,gyrB,gyrB_p.Ser447Phe,1) Assoc w R,p.S447F,0.5555555555555556
Levofloxacin,gyrB,gyrB_p.Asn499Thr,1) Assoc w R,p.N499T,0.631578947368421
Levofloxacin,gyrB,gyrB_p.Arg446Cys,1) Assoc w R,p.R446C,0.5454545454545454
Levofloxacin,gyrB,gyrB_p.Ala504Val,1) Assoc w R,p.A504V,0.7777777777777778
Levofloxacin,gyrA,gyrA_p.Asp89Gly,2) Assoc w R - Interim,p.D89G,1.0
Levofloxacin,gyrB,gyrB_p.Thr500Asn,1) Assoc w R,p.T500N,0.6666666666666666
Levofloxacin,gyrB,gyrB_p.Ser661Thr,3) Uncertain significance,p.S661T,0.7
Levofloxacin,gyrA,gyrA_p.His70Arg,1) Assoc w R,p.H70R,0.8571428571428571
Levofloxacin,gyrA,gyrA_p.Gly88Ala,1) Assoc w R,p.G88A,0.6666666666666666
Levofloxacin,gyrA,gyrA_p.Gly729Arg,3) Uncertain significance,p.G729R,0.0
Levofloxacin,gyrA,gyrA_p.Ala74Ser,2) Assoc w R - Interim,p.A74S,0.75
Levofloxacin,gyrA,gyrA_p.Ala288Asp,3) Uncertain significance,p.A288D,0.4
Levofloxacin,gyrA,gyrA_p.Lys636Thr,1) Assoc w R,p.K636T,0.4878048780487805
Levofloxacin,gyrB,gyrB_p.Asn499Ile,2) Assoc w R - Interim,p.N499I,1.0
Levofloxacin,gyrA,gyrA_p.Ile707Val,3) Uncertain significance,p.I707V,
Levofloxacin,gyrB,gyrB_p.Ser447Tyr,3) Uncertain significance,p.S447Y,0.42857142857142855
Levofloxacin,gyrB,gyrB_p.Asn499Lys,2) Assoc w R - Interim,p.N499K,0.6
Levofloxacin,gyrB,gyrB_p.Ser274Arg,3) Uncertain significance,p.S274R,0.4
Levofloxacin,gyrB,gyrB_p.Thr500Ala,3) Uncertain significance,p.T500A,0.6666666666666666
Levofloxacin,gyrB,gyrB_p.Val427Met,3) Uncertain significance,p.V427M,0.6
Levofloxacin,gyrB,gyrB_p.Gly512Arg,3) Uncertain significance,p.G512R,0.4444444444444444
Levofloxacin,gyrA,gyrA_p.Asp94Phe,3) Uncertain significance,p.D94F,1.0
Levofloxacin,gyrB,gyrB_p.Ala504Thr,3) Uncertain significance,p.A504T,0.7272727272727273
Levofloxacin,gyrA,gyrA_p.Asp94Val,3) Uncertain significance,p.D94V,0.6666666666666666
Levofloxacin,gyrA,gyrA_p.Ala90Trp,3) Uncertain significance,p.A90W,1.0
Levofloxacin,gyrB,gyrB_p.Arg446His,3) Uncertain significance,p.R446H,0.25
Levofloxacin,gyrB,gyrB_p.Thr664Ile,3) Uncertain significance,p.T664I,
Levofloxacin,gyrA,gyrA_p.Leu812Val,3) Uncertain significance,p.L812V,1.0
Levofloxacin,gyrA,gyrA_p.Pro108Ser,3) Uncertain significance,p.P108S,1.0
Levofloxacin,gyrA,gyrA_p.Arg309Trp,3) Uncertain significance,p.R309W,1.0
Levofloxacin,gyrB,gyrB_p.Pro243Ser,3) Uncertain significance,p.P243S,
Levofloxacin,gyrA,gyrA_p.Val596Met,3) Uncertain significance,p.V596M,
Levofloxacin,gyrB,gyrB_p.Pro578Ser,3) Uncertain significance,p.P578S,
Levofloxacin,gyrB,gyrB_p.Arg553Gly,3) Uncertain significance,p.R553G,
Levofloxacin,gyrA,gyrA_p.Gln475Arg,3) Uncertain significance,p.Q475R,1.0
Levofloxacin,gyrA,gyrA_p.Ala689Val,3) Uncertain significance,p.A689V,
Levofloxacin,gyrA,gyrA_p.His490Arg,3) Uncertain significance,p.H490R,
Levofloxacin,gyrB,gyrB_p.Leu509Pro,3) Uncertain significance,p.L509P,
Levofloxacin,gyrB,gyrB_p.Arg417Cys,3) Uncertain significance,p.R417C,1.0
Levofloxacin,gyrA,gyrA_p.Gly88Asp,3) Uncertain significance,p.G88D,1.0
Levofloxacin,gyrA,gyrA_p.Ile189Val,3) Uncertain significance,p.I189V,
Levofloxacin,gyrB,gyrB_p.Val502Phe,3) Uncertain significance,p.V502F,1.0
Levofloxacin,gyrA,gyrA_p.Thr735Ser,3) Uncertain significance,p.T735S,1.0
Levofloxacin,gyrA,gyrA_p.Glu289Asp,3) Uncertain significance,p.E289D,0.5555555555555556
Levofloxacin,gyrA,gyrA_p.Ala736Thr,3) Uncertain significance,p.A736T,
Levofloxacin,gyrB,gyrB_p.Leu522Val,3) Uncertain significance,p.L522V,1.0
Levofloxacin,gyrA,gyrA_p.Glu214Asp,3) Uncertain significance,p.E214D,0.6
Levofloxacin,gyrB,gyrB_p.Gln9His,3) Uncertain significance,p.Q9H,1.0
Levofloxacin,gyrB,gyrB_p.Asp461Val,3) Uncertain significance,p.D461V,1.0
Levofloxacin,gyrA,gyrA_p.Leu105Arg,3) Uncertain significance,p.L105R,
Levofloxacin,gyrA,gyrA_p.Arg309Gln,3) Uncertain significance,p.R309Q,0.0
Levofloxacin,gyrA,gyrA_p.Glu739Gln,3) Uncertain significance,p.E739Q,0.0
Levofloxacin,gyrB,gyrB_p.Pro450Arg,3) Uncertain significance,p.P450R,1.0
Levofloxacin,gyrB,gyrB_p.Arg429Cys,3) Uncertain significance,p.R429C,1.0
Levofloxacin,gyrB,gyrB_p.Ala233Pro,3) Uncertain significance,p.A233P,
Levofloxacin,gyrA,gyrA_p.Arg363Cys,3) Uncertain significance,p.R363C,0.5
Levofloxacin,gyrA,gyrA_p.Ala126Ser,3) Uncertain significance,p.A126S,
Levofloxacin,gyrA,gyrA_p.Ala90Gly,3) Uncertain significance,p.A90G,0.041666666666666664
Levofloxacin,gyrB,gyrB_p.Glu586Lys,3) Uncertain significance,p.E586K,0.5
Levofloxacin,gyrA,gyrA_p.Asp829Glu,3) Uncertain significance,p.D829E,
Levofloxacin,gyrA,gyrA_p.Thr267Ile,3) Uncertain significance,p.T267I,0.5
Levofloxacin,gyrA,gyrA_p.Ile478Thr,3) Uncertain significance,p.I478T,1.0
Levofloxacin,gyrA,gyrA_p.Asp211Glu,3) Uncertain significance,p.D211E,
Levofloxacin,gyrB,gyrB_p.Ala398Val,3) Uncertain significance,p.A398V,0.2
Levofloxacin,gyrB,gyrB_p.Pro254Leu,3) Uncertain significance,p.P254L,0.2
Levofloxacin,gyrA,gyrA_p.Ala591Val,3) Uncertain significance,p.A591V,
Levofloxacin,gyrA,gyrA_p.Leu142Val,3) Uncertain significance,p.L142V,
Levofloxacin,gyrB,gyrB_p.Tyr456His,3) Uncertain significance,p.Y456H,1.0
Levofloxacin,gyrA,gyrA_p.Asn831Lys,3) Uncertain significance,p.N831K,0.0
Levofloxacin,gyrB,gyrB_p.Glu397Asp,3) Uncertain significance,p.E397D,
Levofloxacin,gyrA,gyrA_p.Thr5Ala,3) Uncertain significance,p.T5A,0.0
Levofloxacin,gyrA,gyrA_p.Val326Gly,3) Uncertain significance,p.V326G,
Levofloxacin,gyrA,gyrA_p.Pro8Leu,3) Uncertain significance,p.P8L,1.0
Levofloxacin,gyrB,gyrB_p.Ala2Ser,3) Uncertain significance,p.A2S,1.0
Levofloxacin,gyrB,gyrB_p.Glu501Ala,3) Uncertain significance,p.E501A,0.6666666666666666
Levofloxacin,gyrA,gyrA_p.His52Tyr,3) Uncertain significance,p.H52Y,1.0
Levofloxacin,gyrB,gyrB_p.Lys165Asn,3) Uncertain significance,p.K165N,1.0
Levofloxacin,gyrB,gyrB_p.Gly470Cys,3) Uncertain significance,p.G470C,
Levofloxacin,gyrB,gyrB_p.Leu257Pro,3) Uncertain significance,p.L257P,
Levofloxacin,gyrA,gyrA_p.Thr413Ala,3) Uncertain significance,p.T413A,1.0
Levofloxacin,gyrB,gyrB_p.Asn499Tyr,3) Uncertain significance,p.N499Y,1.0
Levofloxacin,gyrA,gyrA_p.Arg718Cys,3) Uncertain significance,p.R718C,
Levofloxacin,gyrA,gyrA_p.Ala126Pro,3) Uncertain significance,p.A126P,0.3333333333333333
Levofloxacin,gyrA,gyrA_p.His490Tyr,3) Uncertain significance,p.H490Y,1.0
Levofloxacin,gyrB,gyrB_p.Asp588Asn,3) Uncertain significance,p.D588N,
Levofloxacin,gyrA,gyrA_p.Arg292Leu,3) Uncertain significance,p.R292L,
Levofloxacin,gyrA,gyrA_p.Gly88Asn,3) Uncertain significance,p.G88N,
Levofloxacin,gyrB,gyrB_p.Ala242Pro,3) Uncertain significance,p.A242P,1.0
Levofloxacin,gyrA,gyrA_p.Pro102Leu,3) Uncertain significance,p.P102L,
Levofloxacin,gyrA,gyrA_p.Leu274Phe,3) Uncertain significance,p.L274F,1.0
Levofloxacin,gyrB,gyrB_p.Arg523His,3) Uncertain significance,p.R523H,1.0
Levofloxacin,gyrB,gyrB_p.Gly589Val,3) Uncertain significance,p.G589V,0.0
Levofloxacin,gyrA,gyrA_p.Ala434Glu,3) Uncertain significance,p.A434E,
Levofloxacin,gyrA,gyrA_p.Pro163Ala,3) Uncertain significance,p.P163A,1.0
Levofloxacin,gyrA,gyrA_p.Gln594Arg,3) Uncertain significance,p.Q594R,
Levofloxacin,gyrA,gyrA_p.Leu134Met,3) Uncertain significance,p.L134M,
Levofloxacin,gyrB,gyrB_p.Val276Ala,3) Uncertain significance,p.V276A,
Levofloxacin,gyrA,gyrA_p.Asp641Glu,3) Uncertain significance,p.D641E,1.0
Levofloxacin,gyrA,gyrA_p.Arg592Cys,3) Uncertain significance,p.R592C,1.0
Levofloxacin,gyrA,gyrA_p.Ala347Thr,3) Uncertain significance,p.A347T,
Levofloxacin,gyrA,gyrA_p.Ile390Thr,3) Uncertain significance,p.I390T,
Levofloxacin,gyrA,gyrA_p.Met220Arg,3) Uncertain significance,p.M220R,1.0
Levofloxacin,gyrB,gyrB_p.Ile506Met,3) Uncertain significance,p.I506M,1.0
Levofloxacin,gyrA,gyrA_p.Ile478Val,3) Uncertain significance,p.I478V,1.0
Levofloxacin,gyrB,gyrB_p.Arg446Gly,3) Uncertain significance,p.R446G,
Levofloxacin,gyrB,gyrB_p.Leu42Ile,3) Uncertain significance,p.L42I,1.0
Levofloxacin,gyrB,gyrB_p.Asp472Asn,3) Uncertain significance,p.D472N,1.0
Levofloxacin,gyrB,gyrB_p.Lys599Arg,3) Uncertain significance,p.K599R,1.0
Levofloxacin,gyrB,gyrB_p.Glu623Asp,3) Uncertain significance,p.E623D,
Levofloxacin,gyrB,gyrB_p.Asp645Ala,3) Uncertain significance,p.D645A,
Levofloxacin,gyrA,gyrA_p.Leu346Val,3) Uncertain significance,p.L346V,0.6666666666666666
Levofloxacin,gyrB,gyrB_p.Thr167Met,3) Uncertain significance,p.T167M,
Levofloxacin,gyrB,gyrB_p.Tyr582His,3) Uncertain significance,p.Y582H,0.8
Levofloxacin,gyrB,gyrB_p.Val561Gly,3) Uncertain significance,p.V561G,
Levofloxacin,gyrA,gyrA_p.Glu147Asp,3) Uncertain significance,p.E147D,1.0
Levofloxacin,gyrB,gyrB_p.Glu604Gly,3) Uncertain significance,p.E604G,1.0
Levofloxacin,gyrA,gyrA_p.Leu653Val,3) Uncertain significance,p.L653V,
Levofloxacin,gyrB,gyrB_p.Ala618Val,3) Uncertain significance,p.A618V,1.0
Levofloxacin,gyrA,gyrA_p.Asp824Glu,3) Uncertain significance,p.D824E,1.0
Levofloxacin,gyrB,gyrB_p.Thr182Ile,3) Uncertain significance,p.T182I,
Levofloxacin,gyrB,gyrB_p.Tyr144Phe,3) Uncertain significance,p.Y144F,
Levofloxacin,gyrB,gyrB_p.Asp461Ala,3) Uncertain significance,p.D461A,1.0
Levofloxacin,gyrA,gyrA_p.Ala676Val,3) Uncertain significance,p.A676V,1.0
Levofloxacin,gyrA,gyrA_p.Leu455Arg,3) Uncertain significance,p.L455R,
Levofloxacin,gyrB,gyrB_p.Ser16Cys,3) Uncertain significance,p.S16C,1.0
Levofloxacin,gyrA,gyrA_p.Gly694Ser,3) Uncertain significance,p.G694S,1.0
Levofloxacin,gyrB,gyrB_p.Gly520Val,3) Uncertain significance,p.G520V,
Levofloxacin,gyrB,gyrB_p.Ala618Thr,3) Uncertain significance,p.A618T,0.5
Levofloxacin,gyrA,gyrA_p.Ile92Val,3) Uncertain significance,p.I92V,1.0
Levofloxacin,gyrA,gyrA_p.Asp810Glu,3) Uncertain significance,p.D810E,
Levofloxacin,gyrB,gyrB_p.Glu364Asp,3) Uncertain significance,p.E364D,
Levofloxacin,gyrB,gyrB_p.Asp645Glu,3) Uncertain significance,p.D645E,1.0
Levofloxacin,gyrA,gyrA_p.Asp770Gly,3) Uncertain significance,p.D770G,
Levofloxacin,gyrA,gyrA_p.Asp824Asn,3) Uncertain significance,p.D824N,
Levofloxacin,gyrB,gyrB_p.Lys430Asn,3) Uncertain significance,p.K430N,
Levofloxacin,gyrB,gyrB_p.Thr500Pro,3) Uncertain significance,p.T500P,0.0
Levofloxacin,gyrA,gyrA_p.Glu21His,3) Uncertain significance,p.E21H,
Levofloxacin,gyrA,gyrA_p.Ser95Ala,3) Uncertain significance,p.S95A,0.6666666666666666
Levofloxacin,gyrA,gyrA_p.Asp515Glu,3) Uncertain significance,p.D515E,
Levofloxacin,gyrA,gyrA_p.Arg292Gly,3) Uncertain significance,p.R292G,0.0
Levofloxacin,gyrB,gyrB_p.Val457Leu,3) Uncertain significance,p.V457L,0.41379310344827586
Levofloxacin,gyrB,gyrB_p.Ile486Leu,3) Uncertain significance,p.I486L,0.75
Levofloxacin,gyrB,gyrB_p.Gln503Arg,3) Uncertain significance,p.Q503R,1.0
Levofloxacin,gyrA,gyrA_p.Tyr379Cys,3) Uncertain significance,p.Y379C,0.5
Levofloxacin,gyrB,gyrB_p.Val670Phe,3) Uncertain significance,p.V670F,0.3333333333333333
Levofloxacin,gyrA,gyrA_p.Arg450Ser,3) Uncertain significance,p.R450S,
Levofloxacin,gyrB,gyrB_p.Leu375Val,3) Uncertain significance,p.L375V,
Levofloxacin,gyrA,gyrA_p.Ala90Glu,3) Uncertain significance,p.A90E,
Levofloxacin,gyrA,gyrA_p.Thr836Ala,3) Uncertain significance,p.T836A,0.0
Levofloxacin,gyrA,gyrA_p.Ser237Ala,3) Uncertain significance,p.S237A,0.3333333333333333
Levofloxacin,gyrA,gyrA_p.Gly247Ser,5) Not assoc w R,p.G247S,0.15906288532675708
Levofloxacin,gyrB,gyrB_p.Thr500Ile,3) Uncertain significance,p.T500I,
Levofloxacin,gyrA,gyrA_p.Lys319Glu,3) Uncertain significance,p.K319E,
Levofloxacin,gyrB,gyrB_p.Met100Val,3) Uncertain significance,p.M100V,0.5
Levofloxacin,gyrA,gyrA_p.Glu738Asp,3) Uncertain significance,p.E738D,1.0
Levofloxacin,gyrA,gyrA_p.Ala579Val,3) Uncertain significance,p.A579V,0.3333333333333333
Levofloxacin,gyrA,gyrA_p.Pro275Ala,3) Uncertain significance,p.P275A,
Levofloxacin,gyrA,gyrA_p.Val624Leu,3) Uncertain significance,p.V624L,0.0
Levofloxacin,gyrA,gyrA_p.Ile462Val,3) Uncertain significance,p.I462V,0.25
Levofloxacin,gyrA,gyrA_p.Arg222Trp,3) Uncertain significance,p.R222W,
Levofloxacin,gyrB,gyrB_p.Ala597Thr,3) Uncertain significance,p.A597T,0.0
Levofloxacin,gyrB,gyrB_p.Ala467Val,3) Uncertain significance,p.A467V,
Levofloxacin,gyrB,gyrB_p.Lys404Arg,3) Uncertain significance,p.K404R,1.0
Levofloxacin,gyrA,gyrA_p.Gly236Val,3) Uncertain significance,p.G236V,
Levofloxacin,gyrB,gyrB_p.Glu501Gly,3) Uncertain significance,p.E501G,
Levofloxacin,gyrA,gyrA_p.Thr590Ala,3) Uncertain significance,p.T590A,
Levofloxacin,gyrA,gyrA_p.Ala463Ser,4) Not assoc w R - Interim,p.A463S,0.19444444444444445
Levofloxacin,gyrB,gyrB_p.Asp340Gly,3) Uncertain significance,p.D340G,0.0
Levofloxacin,gyrA,gyrA_p.Leu398Phe,3) Uncertain significance,p.L398F,1.0
Levofloxacin,gyrB,gyrB_p.Lys526Gln,3) Uncertain significance,p.K526Q,0.0
Levofloxacin,gyrB,gyrB_p.Thr378Ser,3) Uncertain significance,p.T378S,0.0
Levofloxacin,gyrB,gyrB_p.Ile505Val,3) Uncertain significance,p.I505V,0.0
Levofloxacin,gyrA,gyrA_p.His557Arg,3) Uncertain significance,p.H557R,
Levofloxacin,gyrB,gyrB_p.Thr507Ala,3) Uncertain significance,p.T507A,0.0
Levofloxacin,gyrA,gyrA_p.Gln238Arg,3) Uncertain significance,p.Q238R,0.0
Levofloxacin,gyrA,gyrA_p.Gly236Glu,3) Uncertain significance,p.G236E,0.0
Levofloxacin,gyrB,gyrB_p.Ser298Ala,3) Uncertain significance,p.S298A,0.0
Levofloxacin,gyrA,gyrA_p.Ala814Thr,3) Uncertain significance,p.A814T,0.0
Levofloxacin,gyrB,gyrB_p.Arg446Leu,3) Uncertain significance,p.R446L,
Levofloxacin,gyrB,gyrB_p.Ile556Val,3) Uncertain significance,p.I556V,0.0
Levofloxacin,gyrA,gyrA_p.Asp552Gly,3) Uncertain significance,p.D552G,0.0
Levofloxacin,gyrB,gyrB_p.Asn499Ser,3) Uncertain significance,p.N499S,0.42857142857142855
Levofloxacin,gyrA,gyrA_p.Gln238Glu,3) Uncertain significance,p.Q238E,0.0
Levofloxacin,gyrA,gyrA_p.Met24Val,3) Uncertain significance,p.M24V,0.0
Levofloxacin,gyrA,gyrA_p.Ala432Gly,3) Uncertain significance,p.A432G,
Levofloxacin,gyrA,gyrA_p.Ile520Leu,3) Uncertain significance,p.I520L,
Levofloxacin,gyrB,gyrB_p.Asn666Ser,3) Uncertain significance,p.N666S,
Levofloxacin,gyrB,gyrB_p.Arg451His,3) Uncertain significance,p.R451H,
Levofloxacin,gyrA,gyrA_p.Glu459Ala,3) Uncertain significance,p.E459A,
Levofloxacin,gyrA,gyrA_p.Thr377Ile,3) Uncertain significance,p.T377I,0.0
Levofloxacin,gyrA,gyrA_p.Ala384Val,3) Uncertain significance,p.A384V,0.06944444444444445
Levofloxacin,gyrA,gyrA_p.Glu508Ala,3) Uncertain significance,p.E508A,0.0
Levofloxacin,gyrA,gyrA_p.Lys333Arg,3) Uncertain significance,p.K333R,0.0
Levofloxacin,gyrA,gyrA_p.Val352Leu,3) Uncertain significance,p.V352L,
Levofloxacin,gyrA,gyrA_p.Gln25Glu,3) Uncertain significance,p.Q25E,0.0
Levofloxacin,gyrA,gyrA_p.Ile314Val,3) Uncertain significance,p.I314V,0.0
Levofloxacin,gyrB,gyrB_p.Gln476Glu,3) Uncertain significance,p.Q476E,0.0
Levofloxacin,gyrB,gyrB_p.Ser413Ala,3) Uncertain significance,p.S413A,
Levofloxacin,gyrB,gyrB_p.Thr170Ala,3) Uncertain significance,p.T170A,0.0
Levofloxacin,gyrA,gyrA_p.Arg254Leu,3) Uncertain significance,p.R254L,
Levofloxacin,gyrA,gyrA_p.Glu808Ala,3) Uncertain significance,p.E808A,
Levofloxacin,gyrA,gyrA_p.Thr836Arg,3) Uncertain significance,p.T836R,0.2
Levofloxacin,gyrA,gyrA_p.Ala788Val,3) Uncertain significance,p.A788V,0.0
Levofloxacin,gyrA,gyrA_p.Asp415Ala,3) Uncertain significance,p.D415A,0.0
Levofloxacin,gyrA,gyrA_p.Gly780Cys,3) Uncertain significance,p.G780C,0.0
Levofloxacin,gyrA,gyrA_p.Ser168Thr,3) Uncertain significance,p.S168T,0.0
Levofloxacin,gyrB,gyrB_p.Met197Ile,3) Uncertain significance,p.M197I,0.0
Levofloxacin,gyrA,gyrA_p.Val310Ile,3) Uncertain significance,p.V310I,
Levofloxacin,gyrA,gyrA_p.Val516Ala,3) Uncertain significance,p.V516A,
Levofloxacin,gyrA,gyrA_p.Pro50Arg,3) Uncertain significance,p.P50R,
Levofloxacin,gyrA,gyrA_p.Asp481Glu,3) Uncertain significance,p.D481E,
Levofloxacin,gyrB,gyrB_p.Arg587Gly,3) Uncertain significance,p.R587G,
Levofloxacin,gyrB,gyrB_p.Asp402Glu,3) Uncertain significance,p.D402E,
Levofloxacin,gyrB,gyrB_p.His285Arg,3) Uncertain significance,p.H285R,0.0
Levofloxacin,gyrB,gyrB_p.Arg575His,3) Uncertain significance,p.R575H,0.5
Levofloxacin,gyrA,gyrA_p.Thr378Ile,3) Uncertain significance,p.T378I,
Levofloxacin,gyrB,gyrB_p.Val670Ile,3) Uncertain significance,p.V670I,0.0
Levofloxacin,gyrA,gyrA_p.Glu719Gln,3) Uncertain significance,p.E719Q,0.0
Levofloxacin,gyrB,gyrB_p.Thr373Ala,3) Uncertain significance,p.T373A,0.0
Levofloxacin,gyrA,gyrA_p.Arg607Cys,3) Uncertain significance,p.R607C,
Levofloxacin,gyrA,gyrA_p.Arg14Leu,3) Uncertain significance,p.R14L,
Levofloxacin,gyrA,gyrA_p.Arg68Cys,3) Uncertain significance,p.R68C,
Levofloxacin,gyrA,gyrA_p.Leu766Ser,3) Uncertain significance,p.L766S,
Levofloxacin,gyrB,gyrB_p.Arg212Thr,3) Uncertain significance,p.R212T,
Levofloxacin,gyrA,gyrA_p.Arg387Gln,3) Uncertain significance,p.R387Q,0.0
Levofloxacin,gyrA,gyrA_p.Lys799Arg,3) Uncertain significance,p.K799R,0.0
Levofloxacin,gyrA,gyrA_p.Asn301Thr,3) Uncertain significance,p.N301T,
Levofloxacin,gyrA,gyrA_p.Leu549Val,3) Uncertain significance,p.L549V,
Levofloxacin,gyrA,gyrA_p.Arg375Gln,3) Uncertain significance,p.R375Q,
Levofloxacin,gyrA,gyrA_p.His192Gln,3) Uncertain significance,p.H192Q,
Levofloxacin,gyrB,gyrB_p.His560Asn,3) Uncertain significance,p.H560N,0.0
Levofloxacin,gyrA,gyrA_p.Met703Val,3) Uncertain significance,p.M703V,
Levofloxacin,gyrA,gyrA_p.Val517Leu,3) Uncertain significance,p.V517L,
Levofloxacin,gyrB,gyrB_p.Asp617Tyr,3) Uncertain significance,p.D617Y,0.6666666666666666
Levofloxacin,gyrB,gyrB_p.Ala229Thr,3) Uncertain significance,p.A229T,0.0
Levofloxacin,gyrA,gyrA_p.Tyr276His,3) Uncertain significance,p.Y276H,
Levofloxacin,gyrA,gyrA_p.Glu386Val,3) Uncertain significance,p.E386V,
Levofloxacin,gyrB,gyrB_p.His302Arg,3) Uncertain significance,p.H302R,0.2
Levofloxacin,gyrA,gyrA_p.Asn826Ile,3) Uncertain significance,p.N826I,
Levofloxacin,gyrA,gyrA_p.Asp825Glu,3) Uncertain significance,p.D825E,
Levofloxacin,gyrA,gyrA_p.Ala620Thr,3) Uncertain significance,p.A620T,0.0
Levofloxacin,gyrB,gyrB_p.Leu375Phe,3) Uncertain significance,p.L375F,0.0
Levofloxacin,gyrB,gyrB_p.Val301Met,3) Uncertain significance,p.V301M,0.0
Levofloxacin,gyrB,gyrB_p.Ala233Gly,3) Uncertain significance,p.A233G,
Levofloxacin,gyrB,gyrB_p.Val675Ile,3) Uncertain significance,p.V675I,
Levofloxacin,gyrB,gyrB_p.Ala644Asp,3) Uncertain significance,p.A644D,0.3333333333333333
Levofloxacin,gyrA,gyrA_p.Pro119Leu,3) Uncertain significance,p.P119L,
Levofloxacin,gyrA,gyrA_p.Gly294Ala,3) Uncertain significance,p.G294A,0.0
Levofloxacin,gyrA,gyrA_p.Thr355Met,3) Uncertain significance,p.T355M,0.0
Levofloxacin,gyrA,gyrA_p.Phe683Leu,3) Uncertain significance,p.F683L,0.0
Levofloxacin,gyrB,gyrB_p.Ala641Asp,3) Uncertain significance,p.A641D,0.5
Levofloxacin,gyrA,gyrA_p.Val372Ala,3) Uncertain significance,p.V372A,0.0
Levofloxacin,gyrA,gyrA_p.Asp415Asn,3) Uncertain significance,p.D415N,
Levofloxacin,gyrA,gyrA_p.Arg489Lys,3) Uncertain significance,p.R489K,
Levofloxacin,gyrA,gyrA_p.Asp111Gly,3) Uncertain significance,p.D111G,
Levofloxacin,gyrA,gyrA_p.Thr686Ser,3) Uncertain significance,p.T686S,
Levofloxacin,gyrB,gyrB_p.Pro578Arg,3) Uncertain significance,p.P578R,
Levofloxacin,gyrA,gyrA_p.Pro741Ala,3) Uncertain significance,p.P741A,0.0
Levofloxacin,gyrA,gyrA_p.Ser728Ala,3) Uncertain significance,p.S728A,0.0
Levofloxacin,gyrA,gyrA_p.Asp583Glu,3) Uncertain significance,p.D583E,
Levofloxacin,gyrA,gyrA_p.Lys633Arg,3) Uncertain significance,p.K633R,
Levofloxacin,gyrB,gyrB_p.Glu71Asp,3) Uncertain significance,p.E71D,
Levofloxacin,gyrA,gyrA_p.Ser250Ala,3) Uncertain significance,p.S250A,
Levofloxacin,gyrA,gyrA_p.Gln679His,3) Uncertain significance,p.Q679H,0.0
Levofloxacin,gyrB,gyrB_p.Tyr144Ser,3) Uncertain significance,p.Y144S,0.0
Levofloxacin,gyrA,gyrA_p.Glu317Asp,3) Uncertain significance,p.E317D,0.0
Levofloxacin,gyrB,gyrB_p.Ser466Pro,3) Uncertain significance,p.S466P,0.0
Levofloxacin,gyrA,gyrA_p.Val257Leu,3) Uncertain significance,p.V257L,
Levofloxacin,gyrA,gyrA_p.Gly832Arg,3) Uncertain significance,p.G832R,0.0
Levofloxacin,gyrA,gyrA_p.Asp367Glu,3) Uncertain significance,p.D367E,
Levofloxacin,gyrB,gyrB_p.Ile271Val,3) Uncertain significance,p.I271V,
Levofloxacin,gyrA,gyrA_p.Glu605Gly,3) Uncertain significance,p.E605G,0.0
Levofloxacin,gyrA,gyrA_p.Ile408Thr,3) Uncertain significance,p.I408T,0.0
Levofloxacin,gyrB,gyrB_p.Ala237Gly,3) Uncertain significance,p.A237G,
Levofloxacin,gyrA,gyrA_p.Ala512Val,3) Uncertain significance,p.A512V,
Levofloxacin,gyrA,gyrA_p.Gly311Ala,3) Uncertain significance,p.G311A,0.0
Levofloxacin,gyrA,gyrA_p.Pro472Ser,3) Uncertain significance,p.P472S,0.0
Levofloxacin,gyrA,gyrA_p.Ala512Gly,3) Uncertain significance,p.A512G,
Levofloxacin,gyrB,gyrB_p.Ala78Gly,3) Uncertain significance,p.A78G,
Levofloxacin,gyrB,gyrB_p.Ile435Val,3) Uncertain significance,p.I435V,
Levofloxacin,gyrB,gyrB_p.Asp220Glu,3) Uncertain significance,p.D220E,
Levofloxacin,gyrB,gyrB_p.Val405Ala,3) Uncertain significance,p.V405A,0.0
Levofloxacin,gyrA,gyrA_p.Asp209Gly,3) Uncertain significance,p.D209G,
Levofloxacin,gyrA,gyrA_p.Ile427Val,3) Uncertain significance,p.I427V,
Levofloxacin,gyrA,gyrA_p.Glu429Ala,3) Uncertain significance,p.E429A,
Levofloxacin,gyrA,gyrA_p.Lys333Asn,3) Uncertain significance,p.K333N,
Levofloxacin,gyrB,gyrB_p.Ile19Leu,3) Uncertain significance,p.I19L,
Levofloxacin,gyrB,gyrB_p.Glu21Gln,3) Uncertain significance,p.E21Q,
Levofloxacin,gyrA,gyrA_p.Ala667Val,3) Uncertain significance,p.A667V,
Levofloxacin,gyrB,gyrB_p.Ala355Thr,3) Uncertain significance,p.A355T,0.0
Levofloxacin,gyrA,gyrA_p.Pro17Leu,3) Uncertain significance,p.P17L,
Levofloxacin,gyrA,gyrA_p.Glu485Ala,3) Uncertain significance,p.E485A,
Levofloxacin,gyrB,gyrB_p.Glu425Ala,3) Uncertain significance,p.E425A,
Levofloxacin,gyrB,gyrB_p.Ala508Val,3) Uncertain significance,p.A508V,
Levofloxacin,gyrA,gyrA_p.Asp262Asn,3) Uncertain significance,p.D262N,0.0
Levofloxacin,gyrA,gyrA_p.Gly823Cys,3) Uncertain significance,p.G823C,0.0
Levofloxacin,gyrA,gyrA_p.Glu514Gln,3) Uncertain significance,p.E514Q,
Levofloxacin,gyrB,gyrB_p.Lys603Arg,3) Uncertain significance,p.K603R,
Levofloxacin,gyrA,gyrA_p.Ala581Gly,3) Uncertain significance,p.A581G,0.0
Levofloxacin,gyrB,gyrB_p.Lys333Arg,3) Uncertain significance,p.K333R,
Levofloxacin,gyrA,gyrA_p.Gly265Asp,3) Uncertain significance,p.G265D,0.0
Levofloxacin,gyrB,gyrB_p.Gly594Arg,3) Uncertain significance,p.G594R,
Levofloxacin,gyrA,gyrA_p.Ser168Asn,3) Uncertain significance,p.S168N,
Levofloxacin,gyrA,gyrA_p.Val716Phe,3) Uncertain significance,p.V716F,
Levofloxacin,gyrB,gyrB_p.Ala115Val,3) Uncertain significance,p.A115V,
Levofloxacin,gyrA,gyrA_p.Val326Leu,3) Uncertain significance,p.V326L,0.0
Levofloxacin,gyrB,gyrB_p.Ile527Val,3) Uncertain significance,p.I527V,
Levofloxacin,gyrB,gyrB_p.Ile116Met,3) Uncertain significance,p.I116M,
Levofloxacin,gyrA,gyrA_p.Tyr364Asp,3) Uncertain significance,p.Y364D,0.0
Levofloxacin,gyrA,gyrA_p.Asp532Asn,3) Uncertain significance,p.D532N,0.0
Levofloxacin,gyrB,gyrB_p.Pro439Ala,3) Uncertain significance,p.P439A,
Levofloxacin,gyrA,gyrA_p.Ile153Met,3) Uncertain significance,p.I153M,
Levofloxacin,gyrB,gyrB_p.Leu563Phe,3) Uncertain significance,p.L563F,0.0
Levofloxacin,gyrA,gyrA_p.Asn629Lys,3) Uncertain significance,p.N629K,
Levofloxacin,gyrB,gyrB_p.Asn558Asp,3) Uncertain significance,p.N558D,
Levofloxacin,gyrB,gyrB_p.Leu455Val,3) Uncertain significance,p.L455V,
Levofloxacin,gyrA,gyrA_p.Gly477Arg,3) Uncertain significance,p.G477R,0.0
Levofloxacin,gyrB,gyrB_p.Lys159Met,3) Uncertain significance,p.K159M,
Levofloxacin,gyrB,gyrB_p.Gln565His,3) Uncertain significance,p.Q565H,
Levofloxacin,gyrA,gyrA_p.Thr378Asn,3) Uncertain significance,p.T378N,0.0
Levofloxacin,gyrA,gyrA_p.Glu808Gln,3) Uncertain significance,p.E808Q,0.0
Levofloxacin,gyrA,gyrA_p.Ala410Thr,3) Uncertain significance,p.A410T,0.0
Levofloxacin,gyrB,gyrB_p.Thr209Ala,3) Uncertain significance,p.T209A,
Levofloxacin,gyrA,gyrA_p.Leu724Val,3) Uncertain significance,p.L724V,0.0
Levofloxacin,gyrA,gyrA_p.Arg615Gly,3) Uncertain significance,p.R615G,
Levofloxacin,gyrA,gyrA_p.Arg376Leu,3) Uncertain significance,p.R376L,0.0
Levofloxacin,gyrA,gyrA_p.His334Tyr,3) Uncertain significance,p.H334Y,
Levofloxacin,gyrA,gyrA_p.Ser62Phe,3) Uncertain significance,p.S62F,
Levofloxacin,gyrB,gyrB_p.Ile478Leu,3) Uncertain significance,p.I478L,0.0
Levofloxacin,gyrA,gyrA_p.Ala297Asp,3) Uncertain significance,p.A297D,0.0
Levofloxacin,gyrA,gyrA_p.Glu412Ala,3) Uncertain significance,p.E412A,
Levofloxacin,gyrB,gyrB_p.Met616Val,3) Uncertain significance,p.M616V,0.0
Levofloxacin,gyrB,gyrB_p.Thr167Ala,3) Uncertain significance,p.T167A,
Levofloxacin,gyrA,gyrA_p.Ala347Val,3) Uncertain significance,p.A347V,
Levofloxacin,gyrB,gyrB_p.Asn207Asp,3) Uncertain significance,p.N207D,
Levofloxacin,gyrB,gyrB_p.Ala175Thr,3) Uncertain significance,p.A175T,0.0
Levofloxacin,gyrB,gyrB_p.His560Arg,3) Uncertain significance,p.H560R,
Levofloxacin,gyrB,gyrB_p.Arg665Cys,3) Uncertain significance,p.R665C,
Levofloxacin,gyrA,gyrA_p.Glu412Gly,3) Uncertain significance,p.E412G,0.0
Levofloxacin,gyrA,gyrA_p.Leu205Val,3) Uncertain significance,p.L205V,
Levofloxacin,gyrA,gyrA_p.Met24Ile,3) Uncertain significance,p.M24I,0.0
Levofloxacin,gyrA,gyrA_p.Ser411Ala,3) Uncertain significance,p.S411A,
Levofloxacin,gyrA,gyrA_p.Arg392Cys,3) Uncertain significance,p.R392C,0.0
Levofloxacin,gyrB,gyrB_p.Leu555Phe,3) Uncertain significance,p.L555F,0.0
Levofloxacin,gyrA,gyrA_p.Ala186Thr,3) Uncertain significance,p.A186T,
Levofloxacin,gyrB,gyrB_p.Leu337Arg,3) Uncertain significance,p.L337R,0.0
Levofloxacin,gyrA,gyrA_p.Asp641Tyr,3) Uncertain significance,p.D641Y,
Levofloxacin,gyrA,gyrA_p.Met99Val,3) Uncertain significance,p.M99V,
Levofloxacin,gyrA,gyrA_p.Arg615Leu,3) Uncertain significance,p.R615L,
Levofloxacin,gyrA,gyrA_p.Ala501Val,3) Uncertain significance,p.A501V,
Levofloxacin,gyrB,gyrB_p.Glu654Ala,3) Uncertain significance,p.E654A,0.0
Levofloxacin,gyrB,gyrB_p.Thr37Ser,3) Uncertain significance,p.T37S,
Levofloxacin,gyrB,gyrB_p.Asp216Gly,3) Uncertain significance,p.D216G,
Levofloxacin,gyrB,gyrB_p.Lys526Asn,3) Uncertain significance,p.K526N,
Levofloxacin,gyrA,gyrA_p.Asp488Ala,3) Uncertain significance,p.D488A,
Levofloxacin,gyrB,gyrB_p.His252Tyr,3) Uncertain significance,p.H252Y,
Levofloxacin,gyrA,gyrA_p.Ala324Gly,3) Uncertain significance,p.A324G,0.0
Levofloxacin,gyrA,gyrA_p.Arg578Gln,3) Uncertain significance,p.R578Q,0.16216216216216217
Levofloxacin,gyrB,gyrB_p.Lys668Glu,3) Uncertain significance,p.K668E,
Levofloxacin,gyrA,gyrA_p.Ile815Met,3) Uncertain significance,p.I815M,0.0
Levofloxacin,gyrB,gyrB_p.Gln538Arg,3) Uncertain significance,p.Q538R,0.0
Levofloxacin,gyrA,gyrA_p.Gln573Arg,3) Uncertain significance,p.Q573R,
Levofloxacin,gyrB,gyrB_p.Gly203Val,3) Uncertain significance,p.G203V,0.0
Levofloxacin,gyrB,gyrB_p.Thr183Met,3) Uncertain significance,p.T183M,
Levofloxacin,gyrA,gyrA_p.Arg252Gly,3) Uncertain significance,p.R252G,
Levofloxacin,gyrA,gyrA_p.Met438Ile,3) Uncertain significance,p.M438I,0.0
Levofloxacin,gyrA,gyrA_p.Glu140Gly,3) Uncertain significance,p.E140G,
Levofloxacin,gyrA,gyrA_p.Asp199Tyr,3) Uncertain significance,p.D199Y,
Levofloxacin,gyrA,gyrA_p.Ser250Tyr,3) Uncertain significance,p.S250Y,
Levofloxacin,gyrA,gyrA_p.Thr836Met,3) Uncertain significance,p.T836M,
Levofloxacin,gyrA,gyrA_p.Met99Ile,3) Uncertain significance,p.M99I,
Levofloxacin,gyrA,gyrA_p.Ile284Val,3) Uncertain significance,p.I284V,0.0
Levofloxacin,gyrA,gyrA_p.Ile554Val,3) Uncertain significance,p.I554V,
Levofloxacin,gyrB,gyrB_p.Arg634Leu,3) Uncertain significance,p.R634L,
Levofloxacin,gyrA,gyrA_p.Val768Ala,3) Uncertain significance,p.V768A,
Levofloxacin,gyrB,gyrB_p.Pro177His,3) Uncertain significance,p.P177H,0.0
Levofloxacin,gyrA,gyrA_p.Leu173Val,3) Uncertain significance,p.L173V,0.0
Levofloxacin,gyrA,gyrA_p.Ala126Glu,3) Uncertain significance,p.A126E,0.3333333333333333
Levofloxacin,gyrB,gyrB_p.Val75Gly,3) Uncertain significance,p.V75G,
Levofloxacin,gyrA,gyrA_p.Asp532Glu,3) Uncertain significance,p.D532E,0.0
Levofloxacin,gyrB,gyrB_p.Ala242Thr,3) Uncertain significance,p.A242T,
Levofloxacin,gyrB,gyrB_p.Glu501Val,2) Assoc w R - Interim,p.E501V,
Levofloxacin,gyrA,gyrA_p.Thr590Met,3) Uncertain significance,p.T590M,
Levofloxacin,gyrA,gyrA_p.Leu425Phe,3) Uncertain significance,p.L425F,
Levofloxacin,gyrB,gyrB_p.Pro163Leu,3) Uncertain significance,p.P163L,
Levofloxacin,gyrA,gyrA_p.Val352Met,3) Uncertain significance,p.V352M,0.0
Levofloxacin,gyrA,gyrA_p.Gln336Lys,3) Uncertain significance,p.Q336K,
Levofloxacin,gyrA,gyrA_p.Lys224Glu,3) Uncertain significance,p.K224E,
Levofloxacin,gyrB,gyrB_p.Lys498Asn,3) Uncertain significance,p.K498N,
Levofloxacin,gyrA,gyrA_p.Asp687Asn,3) Uncertain significance,p.D687N,
Levofloxacin,gyrA,gyrA_p.Gly744Ala,3) Uncertain significance,p.G744A,0.0
Levofloxacin,gyrA,gyrA_p.Ala500Glu,3) Uncertain significance,p.A500E,0.0
Levofloxacin,gyrA,gyrA_p.Phe640Val,3) Uncertain significance,p.F640V,
Levofloxacin,gyrA,gyrA_p.Ala406Val,3) Uncertain significance,p.A406V,
Levofloxacin,gyrB,gyrB_p.Gly510Asp,3) Uncertain significance,p.G510D,0.0
Levofloxacin,gyrA,gyrA_p.Arg513Cys,3) Uncertain significance,p.R513C,
Levofloxacin,gyrB,gyrB_p.Val68Leu,3) Uncertain significance,p.V68L,0.0
Levofloxacin,gyrA,gyrA_p.Arg143Lys,3) Uncertain significance,p.R143K,0.0
Levofloxacin,gyrA,gyrA_p.Asp515Asn,3) Uncertain significance,p.D515N,
Levofloxacin,gyrB,gyrB_p.Asp225Glu,3) Uncertain significance,p.D225E,0.0
Levofloxacin,gyrA,gyrA_p.Met141Ile,3) Uncertain significance,p.M141I,
Levofloxacin,gyrA,gyrA_p.Asn831Asp,3) Uncertain significance,p.N831D,0.0
Levofloxacin,gyrB,gyrB_p.Pro343Ser,3) Uncertain significance,p.P343S,
Levofloxacin,gyrA,gyrA_p.Thr697Ala,3) Uncertain significance,p.T697A,
Levofloxacin,gyrA,gyrA_p.Glu148Asp,3) Uncertain significance,p.E148D,
Levofloxacin,gyrB,gyrB_p.Val222Met,3) Uncertain significance,p.V222M,
Levofloxacin,gyrA,gyrA_p.Asp211Gly,3) Uncertain significance,p.D211G,
Levofloxacin,gyrA,gyrA_p.Gln290Arg,3) Uncertain significance,p.Q290R,
Levofloxacin,gyrB,gyrB_p.Ser274Thr,3) Uncertain significance,p.S274T,
Levofloxacin,gyrA,gyrA_p.Gly764Arg,3) Uncertain significance,p.G764R,0.0
Levofloxacin,gyrB,gyrB_p.Ala90Thr,3) Uncertain significance,p.A90T,
Levofloxacin,gyrB,gyrB_p.Ala618Asp,3) Uncertain significance,p.A618D,
Levofloxacin,gyrA,gyrA_p.Val223Ile,3) Uncertain significance,p.V223I,
Levofloxacin,gyrA,gyrA_p.Gln603His,3) Uncertain significance,p.Q603H,
Levofloxacin,gyrA,gyrA_p.Ala322Ser,3) Uncertain significance,p.A322S,
Levofloxacin,gyrB,gyrB_p.Thr371Ile,3) Uncertain significance,p.T371I,0.0
Levofloxacin,gyrA,gyrA_p.Thr572Asn,3) Uncertain significance,p.T572N,
Levofloxacin,gyrA,gyrA_p.Arg392His,3) Uncertain significance,p.R392H,
Levofloxacin,gyrB,gyrB_p.Ile486Val,3) Uncertain significance,p.I486V,
Levofloxacin,gyrA,gyrA_p.Asp824Ala,3) Uncertain significance,p.D824A,0.0
Levofloxacin,gyrA,gyrA_p.Thr339Ser,3) Uncertain significance,p.T339S,
Levofloxacin,gyrA,gyrA_p.Gly63Arg,3) Uncertain significance,p.G63R,0.0
Levofloxacin,gyrB,gyrB_p.Arg553Trp,3) Uncertain significance,p.R553W,0.0
Levofloxacin,gyrA,gyrA_p.Arg539Pro,3) Uncertain significance,p.R539P,
Levofloxacin,gyrA,gyrA_p.Glu466Ala,3) Uncertain significance,p.E466A,
Levofloxacin,gyrA,gyrA_p.Gln22Arg,3) Uncertain significance,p.Q22R,
Levofloxacin,gyrA,gyrA_p.Glu459Lys,3) Uncertain significance,p.E459K,
Levofloxacin,gyrB,gyrB_p.Leu156Arg,3) Uncertain significance,p.L156R,0.0
Levofloxacin,gyrB,gyrB_p.Ile601Thr,3) Uncertain significance,p.I601T,
Levofloxacin,gyrB,gyrB_p.Lys452Asn,3) Uncertain significance,p.K452N,
Levofloxacin,gyrA,gyrA_p.Val235Ala,3) Uncertain significance,p.V235A,
Levofloxacin,gyrA,gyrA_p.Ile468Val,3) Uncertain significance,p.I468V,
Levofloxacin,gyrA,gyrA_p.Asp507His,3) Uncertain significance,p.D507H,
Levofloxacin,gyrA,gyrA_p.Asp493His,3) Uncertain significance,p.D493H,
Levofloxacin,gyrA,gyrA_p.Arg789His,3) Uncertain significance,p.R789H,
Levofloxacin,gyrB,gyrB_p.Ala162Glu,3) Uncertain significance,p.A162E,
Levofloxacin,gyrA,gyrA_p.Arg26His,3) Uncertain significance,p.R26H,
Levofloxacin,gyrB,gyrB_p.Pro343Ala,3) Uncertain significance,p.P343A,
Levofloxacin,gyrA,gyrA_p.Pro7Ser,3) Uncertain significance,p.P7S,
Levofloxacin,gyrA,gyrA_p.Phe569Cys,3) Uncertain significance,p.F569C,
Levofloxacin,gyrA,gyrA_p.Glu79Lys,3) Uncertain significance,p.E79K,
Levofloxacin,gyrB,gyrB_p.Ala191Asp,3) Uncertain significance,p.A191D,0.0
Levofloxacin,gyrB,gyrB_p.Asp110Gly,3) Uncertain significance,p.D110G,0.0
Levofloxacin,gyrA,gyrA_p.Ala417Ser,3) Uncertain significance,p.A417S,0.0
Levofloxacin,gyrA,gyrA_p.Met141Thr,3) Uncertain significance,p.M141T,
Levofloxacin,gyrA,gyrA_p.Arg252Pro,3) Uncertain significance,p.R252P,0.0
Levofloxacin,gyrA,gyrA_p.Thr563Ser,3) Uncertain significance,p.T563S,
Levofloxacin,gyrA,gyrA_p.Pro154Leu,3) Uncertain significance,p.P154L,
Levofloxacin,gyrA,gyrA_p.Leu671Val,3) Uncertain significance,p.L671V,
Levofloxacin,gyrB,gyrB_p.Ser273Gly,3) Uncertain significance,p.S273G,0.0
Levofloxacin,gyrA,gyrA_p.Thr355Ser,3) Uncertain significance,p.T355S,0.0
Levofloxacin,gyrA,gyrA_p.Leu711Met,3) Uncertain significance,p.L711M,0.1111111111111111
Levofloxacin,gyrA,gyrA_p.Ala74Val,3) Uncertain significance,p.A74V,0.0
Levofloxacin,gyrB,gyrB_p.Glu151Asp,3) Uncertain significance,p.E151D,
Levofloxacin,gyrA,gyrA_p.Asn826His,3) Uncertain significance,p.N826H,
Levofloxacin,gyrA,gyrA_p.Asp402Glu,3) Uncertain significance,p.D402E,0.0
Levofloxacin,gyrA,gyrA_p.Arg758Trp,3) Uncertain significance,p.R758W,0.0
Levofloxacin,gyrA,gyrA_p.Ala400Val,3) Uncertain significance,p.A400V,
Levofloxacin,gyrB,gyrB_p.Pro439Arg,3) Uncertain significance,p.P439R,
Levofloxacin,gyrB,gyrB_p.Ala78Val,3) Uncertain significance,p.A78V,
Levofloxacin,gyrA,gyrA_p.Ser506Asn,3) Uncertain significance,p.S506N,
Levofloxacin,gyrA,gyrA_p.Leu358Met,3) Uncertain significance,p.L358M,
Levofloxacin,gyrB,gyrB_p.Leu204Met,3) Uncertain significance,p.L204M,
Levofloxacin,gyrA,gyrA_p.Leu690Val,3) Uncertain significance,p.L690V,0.0
Levofloxacin,gyrA,gyrA_p.Glu289Gln,3) Uncertain significance,p.E289Q,
Levofloxacin,gyrA,gyrA_p.Gln797Pro,3) Uncertain significance,p.Q797P,0.0
Levofloxacin,gyrA,gyrA_p.Ile153Val,3) Uncertain significance,p.I153V,0.0
Levofloxacin,gyrB,gyrB_p.Ala403Val,3) Uncertain significance,p.A403V,
Levofloxacin,gyrB,gyrB_p.Glu21Lys,3) Uncertain significance,p.E21K,0.0
Levofloxacin,gyrB,gyrB_p.Leu673Pro,3) Uncertain significance,p.L673P,
Levofloxacin,gyrB,gyrB_p.Val68Ala,3) Uncertain significance,p.V68A,0.0
Levofloxacin,gyrA,gyrA_p.Gly158Ser,3) Uncertain significance,p.G158S,
Levofloxacin,gyrB,gyrB_p.Glu604Lys,3) Uncertain significance,p.E604K,
Levofloxacin,gyrA,gyrA_p.Met139Val,3) Uncertain significance,p.M139V,
Levofloxacin,gyrA,gyrA_p.Arg26Cys,3) Uncertain significance,p.R26C,
Levofloxacin,gyrA,gyrA_p.Ser34Arg,3) Uncertain significance,p.S34R,
Levofloxacin,gyrA,gyrA_p.Val327Leu,3) Uncertain significance,p.V327L,
Levofloxacin,gyrA,gyrA_p.Ala512Thr,3) Uncertain significance,p.A512T,
Levofloxacin,gyrA,gyrA_p.Gly548Arg,3) Uncertain significance,p.G548R,
Levofloxacin,gyrA,gyrA_p.Gly823Ser,3) Uncertain significance,p.G823S,
Levofloxacin,gyrA,gyrA_p.Val649Met,3) Uncertain significance,p.V649M,
Levofloxacin,gyrA,gyrA_p.Ala410Val,3) Uncertain significance,p.A410V,0.0
Levofloxacin,gyrB,gyrB_p.Ala238Thr,3) Uncertain significance,p.A238T,0.0
Levofloxacin,gyrB,gyrB_p.Val218Ile,3) Uncertain significance,p.V218I,0.0
Levofloxacin,gyrA,gyrA_p.Glu317Gly,3) Uncertain significance,p.E317G,
Levofloxacin,gyrB,gyrB_p.Val226Ala,3) Uncertain significance,p.V226A,
Levofloxacin,gyrA,gyrA_p.Gly477Glu,3) Uncertain significance,p.G477E,
Levofloxacin,gyrA,gyrA_p.Tyr365His,3) Uncertain significance,p.Y365H,
Levofloxacin,gyrA,gyrA_p.Arg495Cys,3) Uncertain significance,p.R495C,0.0
Levofloxacin,gyrB,gyrB_p.Thr189Pro,3) Uncertain significance,p.T189P,0.0
Levofloxacin,gyrA,gyrA_p.Ile681Met,3) Uncertain significance,p.I681M,0.0
Levofloxacin,gyrA,gyrA_p.Met804Val,3) Uncertain significance,p.M804V,0.0
Levofloxacin,gyrB,gyrB_p.Lys7Gln,3) Uncertain significance,p.K7Q,0.0
Levofloxacin,gyrA,gyrA_p.Asp415Phe,3) Uncertain significance,p.D415F,0.0
Levofloxacin,gyrA,gyrA_p.Gly694Ala,3) Uncertain significance,p.G694A,0.0
Levofloxacin,gyrA,gyrA_p.Ser69Gly,3) Uncertain significance,p.S69G,0.0
Levofloxacin,gyrA,gyrA_p.Leu465Gln,3) Uncertain significance,p.L465Q,
Levofloxacin,gyrB,gyrB_p.His311Arg,3) Uncertain significance,p.H311R,0.0
Levofloxacin,gyrA,gyrA_p.Val674Ile,3) Uncertain significance,p.V674I,
Levofloxacin,gyrB,gyrB_p.Ser576Thr,3) Uncertain significance,p.S576T,
Levofloxacin,gyrB,gyrB_p.Arg192Pro,3) Uncertain significance,p.R192P,0.0
Levofloxacin,gyrA,gyrA_p.Gln790Glu,3) Uncertain significance,p.Q790E,0.0
Levofloxacin,gyrA,gyrA_p.Thr230Ser,3) Uncertain significance,p.T230S,
Levofloxacin,gyrB,gyrB_p.Ala78Thr,3) Uncertain significance,p.A78T,0.0
Levofloxacin,gyrB,gyrB_p.Ala233Val,3) Uncertain significance,p.A233V,
Levofloxacin,gyrA,gyrA_p.Ala71Thr,3) Uncertain significance,p.A71T,0.0
Levofloxacin,gyrB,gyrB_p.Asn399Ser,3) Uncertain significance,p.N399S,0.0
Levofloxacin,gyrA,gyrA_p.Arg195Gly,3) Uncertain significance,p.R195G,0.0
Levofloxacin,gyrA,gyrA_p.Lys319Asn,3) Uncertain significance,p.K319N,
Levofloxacin,gyrA,gyrA_p.Pro66Ala,3) Uncertain significance,p.P66A,0.0
Levofloxacin,gyrA,gyrA_p.Ala512Ser,3) Uncertain significance,p.A512S,0.0
Levofloxacin,gyrA,gyrA_p.Gly112Cys,3) Uncertain significance,p.G112C,
Levofloxacin,gyrA,gyrA_p.Ala587Asp,3) Uncertain significance,p.A587D,0.0
Levofloxacin,gyrA,gyrA_p.Pro621Leu,3) Uncertain significance,p.P621L,0.0
Levofloxacin,gyrB,gyrB_p.Glu228Asp,3) Uncertain significance,p.E228D,0.3333333333333333
Levofloxacin,gyrB,gyrB_p.Glu181Gly,3) Uncertain significance,p.E181G,
Levofloxacin,gyrB,gyrB_p.Asp176Glu,3) Uncertain significance,p.D176E,
Levofloxacin,gyrA,gyrA_p.Val479Met,3) Uncertain significance,p.V479M,0.0
Levofloxacin,gyrB,gyrB_p.Glu228Gln,3) Uncertain significance,p.E228Q,0.0
Levofloxacin,gyrA,gyrA_p.Asp639Gly,3) Uncertain significance,p.D639G,
Levofloxacin,gyrA,gyrA_p.Gly702Ser,3) Uncertain significance,p.G702S,
Levofloxacin,gyrB,gyrB_p.Ala87Gly,3) Uncertain significance,p.A87G,0.0
Levofloxacin,gyrB,gyrB_p.Gln4Arg,3) Uncertain significance,p.Q4R,0.0
Levofloxacin,gyrB,gyrB_p.Ser629Ala,3) Uncertain significance,p.S629A,0.0
Levofloxacin,gyrB,gyrB_p.Ala332Val,3) Uncertain significance,p.A332V,
Levofloxacin,gyrB,gyrB_p.Asp640Ala,3) Uncertain significance,p.D640A,0.0
Levofloxacin,gyrA,gyrA_p.Arg615His,3) Uncertain significance,p.R615H,
Levofloxacin,gyrB,gyrB_p.Ile46Ser,3) Uncertain significance,p.I46S,
Levofloxacin,gyrA,gyrA_p.Phe152Leu,3) Uncertain significance,p.F152L,0.0
Levofloxacin,gyrB,gyrB_p.Gly437Ala,3) Uncertain significance,p.G437A,0.0
Levofloxacin,gyrA,gyrA_p.Ser772Arg,3) Uncertain significance,p.S772R,0.0
Levofloxacin,gyrA,gyrA_p.Ile452Thr,3) Uncertain significance,p.I452T,
Levofloxacin,gyrB,gyrB_p.His272Pro,3) Uncertain significance,p.H272P,0.0
Levofloxacin,gyrA,gyrA_p.Asp242Asn,3) Uncertain significance,p.D242N,
Levofloxacin,gyrB,gyrB_p.Ala238Gly,3) Uncertain significance,p.A238G,
Levofloxacin,gyrA,gyrA_p.Phe64Leu,3) Uncertain significance,p.F64L,0.0
Levofloxacin,gyrB,gyrB_p.Asp494Ala,3) Uncertain significance,p.D494A,0.5
Levofloxacin,gyrA,gyrA_p.Asp481Gly,3) Uncertain significance,p.D481G,
Levofloxacin,gyrA,gyrA_p.Arg65His,3) Uncertain significance,p.R65H,
Levofloxacin,gyrB,gyrB_p.Asp334Gly,3) Uncertain significance,p.D334G,
Levofloxacin,gyrB,gyrB_p.Val407Leu,3) Uncertain significance,p.V407L,
Levofloxacin,gyrA,gyrA_p.Thr638Asn,3) Uncertain significance,p.T638N,
Levofloxacin,gyrA,gyrA_p.Phe228Leu,3) Uncertain significance,p.F228L,
Levofloxacin,gyrA,gyrA_p.Val352Ala,3) Uncertain significance,p.V352A,0.0
Levofloxacin,gyrA,gyrA_p.Ala432Val,3) Uncertain significance,p.A432V,
Levofloxacin,gyrA,gyrA_p.Ala456Gly,3) Uncertain significance,p.A456G,0.0
Levofloxacin,gyrA,gyrA_p.Glu79Asp,3) Uncertain significance,p.E79D,0.0
Levofloxacin,gyrA,gyrA_p.Val750Ala,3) Uncertain significance,p.V750A,
Levofloxacin,gyrA,gyrA_p.Tyr722Cys,3) Uncertain significance,p.Y722C,
Levofloxacin,gyrA,gyrA_p.His389Pro,3) Uncertain significance,p.H389P,0.0
Levofloxacin,gyrA,gyrA_p.Ser104Leu,3) Uncertain significance,p.S104L,0.0
Levofloxacin,gyrB,gyrB_p.Glu299Gln,3) Uncertain significance,p.E299Q,0.0
Levofloxacin,gyrB,gyrB_p.Leu156Met,3) Uncertain significance,p.L156M,
Levofloxacin,gyrB,gyrB_p.Glu21Asp,3) Uncertain significance,p.E21D,
Levofloxacin,gyrA,gyrA_p.His490Asn,3) Uncertain significance,p.H490N,
Levofloxacin,gyrA,gyrA_p.Ala324Val,3) Uncertain significance,p.A324V,
Levofloxacin,gyrA,gyrA_p.Asp509Asn,3) Uncertain significance,p.D509N,
Levofloxacin,gyrA,gyrA_p.Ala74Thr,3) Uncertain significance,p.A74T,
Levofloxacin,gyrA,gyrA_p.Thr355Ala,3) Uncertain significance,p.T355A,0.0
Levofloxacin,gyrB,gyrB_p.Asn66His,3) Uncertain significance,p.N66H,
Levofloxacin,gyrB,gyrB_p.Glu76Asp,3) Uncertain significance,p.E76D,0.0
Levofloxacin,gyrA,gyrA_p.Gln475Pro,3) Uncertain significance,p.Q475P,
Levofloxacin,gyrB,gyrB_p.Arg523Cys,3) Uncertain significance,p.R523C,
Levofloxacin,gyrA,gyrA_p.Asn282Lys,3) Uncertain significance,p.N282K,0.2
Levofloxacin,gyrA,gyrA_p.Val278Ile,3) Uncertain significance,p.V278I,0.0
Levofloxacin,gyrB,gyrB_p.Pro177Arg,3) Uncertain significance,p.P177R,0.0
Levofloxacin,gyrA,gyrA_p.Ala676Asp,3) Uncertain significance,p.A676D,0.0
Levofloxacin,gyrA,gyrA_p.Gln305Arg,3) Uncertain significance,p.Q305R,0.0
Levofloxacin,gyrA,gyrA_p.Ile348Val,3) Uncertain significance,p.I348V,
Levofloxacin,gyrA,gyrA_p.Phe683Val,3) Uncertain significance,p.F683V,
Levofloxacin,gyrB,gyrB_p.Ser359Thr,3) Uncertain significance,p.S359T,0.0
Levofloxacin,gyrA,gyrA_p.Gly503Arg,3) Uncertain significance,p.G503R,
Levofloxacin,gyrA,gyrA_p.Gln743His,3) Uncertain significance,p.Q743H,0.0
Levofloxacin,gyrB,gyrB_p.Ala564Thr,3) Uncertain significance,p.A564T,
Levofloxacin,gyrA,gyrA_p.Pro17Ser,3) Uncertain significance,p.P17S,0.0
Levofloxacin,gyrA,gyrA_p.Gln22His,3) Uncertain significance,p.Q22H,0.0
Levofloxacin,gyrA,gyrA_p.Asp464Glu,3) Uncertain significance,p.D464E,0.0
Levofloxacin,gyrA,gyrA_p.Ala662Val,3) Uncertain significance,p.A662V,0.0
Levofloxacin,gyrA,gyrA_p.Leu12Phe,3) Uncertain significance,p.L12F,
Levofloxacin,gyrA,gyrA_p.Ser642Cys,3) Uncertain significance,p.S642C,
Levofloxacin,gyrA,gyrA_p.Val651Ala,3) Uncertain significance,p.V651A,
Levofloxacin,gyrA,gyrA_p.Asp367His,3) Uncertain significance,p.D367H,0.0
Levofloxacin,gyrB,gyrB_p.Met530Thr,3) Uncertain significance,p.M530T,
Levofloxacin,gyrB,gyrB_p.Asp225Gly,3) Uncertain significance,p.D225G,
Levofloxacin,gyrA,gyrA_p.Glu412Val,3) Uncertain significance,p.E412V,0.0
Levofloxacin,gyrA,gyrA_p.Gly795Arg,3) Uncertain significance,p.G795R,0.0
Levofloxacin,gyrB,gyrB_p.Ala432Val,3) Uncertain significance,p.A432V,0.0
Levofloxacin,gyrB,gyrB_p.Leu69Val,3) Uncertain significance,p.L69V,0.0
Levofloxacin,gyrB,gyrB_p.Ser576Gly,3) Uncertain significance,p.S576G,0.0
Levofloxacin,gyrB,gyrB_p.Lys668Arg,3) Uncertain significance,p.K668R,
Levofloxacin,gyrB,gyrB_p.Ser363Arg,3) Uncertain significance,p.S363R,0.0
Levofloxacin,gyrA,gyrA_p.Arg380Gly,3) Uncertain significance,p.R380G,
Levofloxacin,gyrB,gyrB_p.Cys388Gly,3) Uncertain significance,p.C388G,
Levofloxacin,gyrA,gyrA_p.Met141Val,3) Uncertain significance,p.M141V,
Levofloxacin,gyrA,gyrA_p.Glu303Lys,3) Uncertain significance,p.E303K,
Levofloxacin,gyrB,gyrB_p.Asp434Glu,3) Uncertain significance,p.D434E,
Levofloxacin,gyrB,gyrB_p.Asp259Glu,3) Uncertain significance,p.D259E,0.0
Levofloxacin,gyrA,gyrA_p.Arg480Cys,3) Uncertain significance,p.R480C,
Levofloxacin,gyrA,gyrA_p.Lys636Glu,3) Uncertain significance,p.K636E,0.0
Levofloxacin,gyrB,gyrB_p.Leu354Val,3) Uncertain significance,p.L354V,0.0
Levofloxacin,gyrB,gyrB_p.Gly436Arg,3) Uncertain significance,p.G436R,
Levofloxacin,gyrA,gyrA_p.Ala696Val,3) Uncertain significance,p.A696V,0.0
Levofloxacin,gyrB,gyrB_p.Glu604Val,3) Uncertain significance,p.E604V,
Levofloxacin,gyrB,gyrB_p.Glu489Gln,3) Uncertain significance,p.E489Q,0.0
Levofloxacin,gyrB,gyrB_p.Arg523Ser,3) Uncertain significance,p.R523S,
Levofloxacin,gyrB,gyrB_p.Asp518Gly,3) Uncertain significance,p.D518G,0.0
Levofloxacin,gyrB,gyrB_p.Tyr253Ser,3) Uncertain significance,p.Y253S,0.0
Levofloxacin,gyrA,gyrA_p.Arg252Leu,4) Not assoc w R - Interim,p.R252L,0.0
Levofloxacin,gyrA,gyrA_p.Arg106Cys,3) Uncertain significance,p.R106C,0.0
Levofloxacin,gyrB,gyrB_p.Glu379Gly,3) Uncertain significance,p.E379G,
Levofloxacin,gyrA,gyrA_p.Arg489Ser,3) Uncertain significance,p.R489S,0.0
Levofloxacin,gyrA,gyrA_p.Val544Leu,3) Uncertain significance,p.V544L,
Levofloxacin,gyrA,gyrA_p.Ala445Val,3) Uncertain significance,p.A445V,0.0
Levofloxacin,gyrB,gyrB_p.Thr250Ser,3) Uncertain significance,p.T250S,
Levofloxacin,gyrA,gyrA_p.Leu401Val,3) Uncertain significance,p.L401V,
Levofloxacin,gyrA,gyrA_p.Ala297Gly,3) Uncertain significance,p.A297G,0.0
Levofloxacin,gyrB,gyrB_p.Gly606Ser,3) Uncertain significance,p.G606S,0.0
Levofloxacin,gyrA,gyrA_p.Gln679Lys,3) Uncertain significance,p.Q679K,0.0
Levofloxacin,gyrA,gyrA_p.Asp467His,3) Uncertain significance,p.D467H,0.0
Levofloxacin,gyrA,gyrA_p.Pro7Leu,3) Uncertain significance,p.P7L,
Levofloxacin,gyrA,gyrA_p.Thr836Lys,3) Uncertain significance,p.T836K,0.0
Levofloxacin,gyrB,gyrB_p.Leu638Val,3) Uncertain significance,p.L638V,
Levofloxacin,gyrA,gyrA_p.Asp437Gly,3) Uncertain significance,p.D437G,0.0
Levofloxacin,gyrA,gyrA_p.Asp481Ala,3) Uncertain significance,p.D481A,
Levofloxacin,gyrA,gyrA_p.Ala696Thr,3) Uncertain significance,p.A696T,0.0
Levofloxacin,gyrA,gyrA_p.Gln613Glu,3) Uncertain significance,p.Q613E,0.05154639175257732
Levofloxacin,gyrA,gyrA_p.Thr638Ile,3) Uncertain significance,p.T638I,
Levofloxacin,gyrB,gyrB_p.Thr267Ser,3) Uncertain significance,p.T267S,0.0
Levofloxacin,gyrA,gyrA_p.Asp262Val,3) Uncertain significance,p.D262V,0.0
Levofloxacin,gyrB,gyrB_p.Lys596Asn,3) Uncertain significance,p.K596N,0.0
Levofloxacin,gyrB,gyrB_p.Ala423Val,3) Uncertain significance,p.A423V,
Levofloxacin,gyrB,gyrB_p.Ser248Gly,3) Uncertain significance,p.S248G,
Levofloxacin,gyrA,gyrA_p.Pro604Thr,3) Uncertain significance,p.P604T,0.0
Levofloxacin,gyrA,gyrA_p.Asp834Asn,3) Uncertain significance,p.D834N,0.0
Levofloxacin,gyrB,gyrB_p.Val327Leu,3) Uncertain significance,p.V327L,
Levofloxacin,gyrA,gyrA_p.Asp639Ala,3) Uncertain significance,p.D639A,0.0
Levofloxacin,gyrA,gyrA_p.Ser237Pro,3) Uncertain significance,p.S237P,0.0
Levofloxacin,gyrA,gyrA_p.Ala40Thr,3) Uncertain significance,p.A40T,0.0
Levofloxacin,gyrB,gyrB_p.Val496Gly,3) Uncertain significance,p.V496G,0.0
Levofloxacin,gyrB,gyrB_p.Phe549Leu,3) Uncertain significance,p.F549L,
Levofloxacin,gyrB,gyrB_p.Ile493Thr,3) Uncertain significance,p.I493T,0.0
Levofloxacin,gyrB,gyrB_p.Ile93Val,3) Uncertain significance,p.I93V,0.0
Levofloxacin,gyrA,gyrA_p.Asn818Asp,3) Uncertain significance,p.N818D,
Levofloxacin,gyrA,gyrA_p.Ala210Val,3) Uncertain significance,p.A210V,
Levofloxacin,gyrA,gyrA_p.Lys636Asn,3) Uncertain significance,p.K636N,0.0
Levofloxacin,gyrA,gyrA_p.Val651Ile,3) Uncertain significance,p.V651I,0.0
Levofloxacin,gyrB,gyrB_p.Ala467Thr,3) Uncertain significance,p.A467T,1.0
Levofloxacin,gyrA,gyrA_p.Val783Met,3) Uncertain significance,p.V783M,0.0
Levofloxacin,gyrB,gyrB_p.Pro400Arg,3) Uncertain significance,p.P400R,
Levofloxacin,gyrA,gyrA_p.Ile189Met,3) Uncertain significance,p.I189M,0.0
Levofloxacin,gyrB,gyrB_p.Asp112His,3) Uncertain significance,p.D112H,0.0
Levofloxacin,gyrB,gyrB_p.Asp627Ala,3) Uncertain significance,p.D627A,0.0
Levofloxacin,gyrA,gyrA_p.Gly351Trp,3) Uncertain significance,p.G351W,0.0
Levofloxacin,gyrB,gyrB_p.Pro163Ser,3) Uncertain significance,p.P163S,0.0
Levofloxacin,gyrA,gyrA_p.Ala322Glu,3) Uncertain significance,p.A322E,0.0
Levofloxacin,gyrB,gyrB_p.Val535Ile,3) Uncertain significance,p.V535I,
Levofloxacin,gyrA,gyrA_p.Arg68Gly,3) Uncertain significance,p.R68G,0.0
Levofloxacin,gyrA,gyrA_p.Arg789Gly,3) Uncertain significance,p.R789G,
Levofloxacin,gyrA,gyrA_p.Arg409Gln,3) Uncertain significance,p.R409Q,0.0
Levofloxacin,gyrA,gyrA_p.Val51Ala,3) Uncertain significance,p.V51A,
Levofloxacin,gyrA,gyrA_p.Leu455Val,3) Uncertain significance,p.L455V,
Levofloxacin,gyrB,gyrB_p.Ser274Gly,3) Uncertain significance,p.S274G,0.0
Levofloxacin,gyrB,gyrB_p.Gly38Ser,3) Uncertain significance,p.G38S,
Levofloxacin,gyrB,gyrB_p.Asn66Ser,3) Uncertain significance,p.N66S,0.0
Levofloxacin,gyrB,gyrB_p.Asp434His,3) Uncertain significance,p.D434H,
Levofloxacin,gyrA,gyrA_p.Ala198Gly,3) Uncertain significance,p.A198G,
Levofloxacin,gyrA,gyrA_p.Gly351Ala,3) Uncertain significance,p.G351A,0.0
Levofloxacin,gyrB,gyrB_p.Pro343Leu,3) Uncertain significance,p.P343L,0.0
Levofloxacin,gyrB,gyrB_p.Ile607Val,3) Uncertain significance,p.I607V,0.0
Levofloxacin,gyrB,gyrB_p.Asp342Glu,3) Uncertain significance,p.D342E,0.0
Levofloxacin,gyrA,gyrA_p.Gln290His,3) Uncertain significance,p.Q290H,0.0
Levofloxacin,gyrA,gyrA_p.Leu659Val,3) Uncertain significance,p.L659V,0.0
Levofloxacin,gyrB,gyrB_p.Ala593Val,3) Uncertain significance,p.A593V,0.0
Levofloxacin,gyrB,gyrB_p.Gly282Asp,3) Uncertain significance,p.G282D,0.0
Levofloxacin,gyrB,gyrB_p.Pro628Ala,3) Uncertain significance,p.P628A,
Levofloxacin,gyrB,gyrB_p.Pro177Leu,3) Uncertain significance,p.P177L,0.0
Levofloxacin,gyrA,gyrA_p.Val742Leu,3) Uncertain significance,p.V742L,0.0
Levofloxacin,gyrA,gyrA_p.Ala787Gly,3) Uncertain significance,p.A787G,
Levofloxacin,gyrA,gyrA_p.Ala288Val,3) Uncertain significance,p.A288V,
Levofloxacin,gyrA,gyrA_p.Gln113Glu,3) Uncertain significance,p.Q113E,0.0
Levofloxacin,gyrB,gyrB_p.Asp97Glu,3) Uncertain significance,p.D97E,0.0
Levofloxacin,gyrB,gyrB_p.Ala162Ser,3) Uncertain significance,p.A162S,0.0
Levofloxacin,gyrA,gyrA_p.Ser536Arg,3) Uncertain significance,p.S536R,0.0
Levofloxacin,gyrA,gyrA_p.Thr246Ala,3) Uncertain significance,p.T246A,0.0
Levofloxacin,gyrA,gyrA_p.Ser698Leu,3) Uncertain significance,p.S698L,
Levofloxacin,gyrA,gyrA_p.His368Gln,3) Uncertain significance,p.H368Q,0.0
Levofloxacin,gyrA,gyrA_p.Ile408Val,3) Uncertain significance,p.I408V,0.0
Levofloxacin,gyrA,gyrA_p.Thr80Ala,3) Uncertain significance,p.T80A,0.04
Levofloxacin,gyrB,gyrB_p.Met58Ile,3) Uncertain significance,p.M58I,0.0
Levofloxacin,gyrA,gyrA_p.Arg607His,3) Uncertain significance,p.R607H,0.0
Levofloxacin,gyrB,gyrB_p.Pro578Ala,3) Uncertain significance,p.P578A,0.0
Levofloxacin,gyrA,gyrA_p.Pro154Arg,3) Uncertain significance,p.P154R,0.0
Levofloxacin,gyrB,gyrB_p.Phe187Leu,3) Uncertain significance,p.F187L,0.0
Levofloxacin,gyrA,gyrA_p.Thr272Ile,3) Uncertain significance,p.T272I,0.0
Levofloxacin,gyrB,gyrB_p.Val630Ile,3) Uncertain significance,p.V630I,0.0
Levofloxacin,gyrB,gyrB_p.Asp434Gly,3) Uncertain significance,p.D434G,
Levofloxacin,gyrB,gyrB_p.Ala90Gly,3) Uncertain significance,p.A90G,0.0
Levofloxacin,gyrA,gyrA_p.Asn826Asp,3) Uncertain significance,p.N826D,0.0
Levofloxacin,gyrA,gyrA_p.Val783Leu,3) Uncertain significance,p.V783L,
Levofloxacin,gyrA,gyrA_p.Glu144Gln,3) Uncertain significance,p.E144Q,0.0
Levofloxacin,gyrB,gyrB_p.Gly598Glu,3) Uncertain significance,p.G598E,
Levofloxacin,gyrA,gyrA_p.Ala736Val,3) Uncertain significance,p.A736V,0.0
Levofloxacin,gyrA,gyrA_p.Phe705Leu,3) Uncertain significance,p.F705L,0.0
Levofloxacin,gyrB,gyrB_p.Ile34Val,3) Uncertain significance,p.I34V,0.5
Levofloxacin,gyrA,gyrA_p.Leu296Pro,3) Uncertain significance,p.L296P,0.0
Levofloxacin,gyrA,gyrA_p.Pro8Ala,3) Uncertain significance,p.P8A,0.0
Levofloxacin,gyrB,gyrB_p.Ser576Ile,3) Uncertain significance,p.S576I,0.0
Levofloxacin,gyrA,gyrA_p.Arg254Cys,3) Uncertain significance,p.R254C,0.0
Levofloxacin,gyrB,gyrB_p.Leu571Ile,3) Uncertain significance,p.L571I,
Levofloxacin,gyrB,gyrB_p.Met291Ile,3) Uncertain significance,p.M291I,0.06976744186046512
Levofloxacin,gyrA,gyrA_p.Asp488Glu,3) Uncertain significance,p.D488E,0.0
Levofloxacin,gyrA,gyrA_p.Gln277Arg,3) Uncertain significance,p.Q277R,0.0
Levofloxacin,gyrB,gyrB_p.Pro94Leu,3) Uncertain significance,p.P94L,0.018957345971563982
Levofloxacin,gyrB,gyrB_p.Ile84Val,3) Uncertain significance,p.I84V,0.0
Levofloxacin,gyrB,gyrB_p.Leu555Val,3) Uncertain significance,p.L555V,
Levofloxacin,gyrA,gyrA_p.Ala626Val,3) Uncertain significance,p.A626V,
Levofloxacin,gyrA,gyrA_p.Ile15Val,3) Uncertain significance,p.I15V,0.0
Levofloxacin,gyrB,gyrB_p.Ile206Ser,3) Uncertain significance,p.I206S,0.0
Levofloxacin,gyrA,gyrA_p.Asn193Ser,4) Not assoc w R - Interim,p.N193S,0.0
Levofloxacin,gyrA,gyrA_p.Ala456Val,4) Not assoc w R - Interim,p.A456V,0.0
Levofloxacin,gyrA,gyrA_p.Gly503Val,3) Uncertain significance,p.G503V,
Levofloxacin,gyrB,gyrB_p.Pro480Ser,3) Uncertain significance,p.P480S,
Levofloxacin,gyrB,gyrB_p.Ala130Ser,3) Uncertain significance,p.A130S,
Levofloxacin,gyrB,gyrB_p.Ala403Ser,3) Uncertain significance,p.A403S,0.023809523809523808
Levofloxacin,gyrA,gyrA_p.Glu21Gln,4) Not assoc w R - Interim,p.E21Q,0.21116263663464724
Levofloxacin,gyrB,gyrB_p.Thr393Ser,3) Uncertain significance,p.T393S,0.0
Levofloxacin,gyrB,gyrB_p.Ile271Met,3) Uncertain significance,p.I271M,0.7
Levofloxacin,gyrA,gyrA_p.Asp293Tyr,5) Not assoc w R,p.D293Y,0.0
Levofloxacin,gyrB,gyrB_p.Gly520Ala,5) Not assoc w R,p.G520A,0.0
Levofloxacin,gyrB,gyrB_p.Val301Leu,5) Not assoc w R,p.V301L,0.10891089108910891
Levofloxacin,gyrA,gyrA_p.Ser95Thr,5) Not assoc w R,p.S95T,0.21536186338848323
Levofloxacin,gyrA,gyrA_p.Ala347Ser,3) Uncertain significance,p.A347S,
Levofloxacin,gyrA,gyrA_p.Asp504Glu,3) Uncertain significance,p.D504E,
Levofloxacin,gyrA,gyrA_p.Ile328Leu,3) Uncertain significance,p.I328L,
Levofloxacin,gyrA,gyrA_p.Leu566Trp,3) Uncertain significance,p.L566W,
Levofloxacin,gyrB,gyrB_p.Ala643Asp,3) Uncertain significance,p.A643D,
Linezolid,rplC,rplC_p.Cys154Arg,1) Assoc w R,p.C154R,0.8243243243243243
Linezolid,rplC,rplC_p.Gly120Ser,3) Uncertain significance,p.G120S,0.5
Linezolid,rplC,rplC_p.Tyr80Cys,3) Uncertain significance,p.Y80C,
Linezolid,rplC,rplC_p.Arg38Cys,3) Uncertain significance,p.R38C,0.5
Linezolid,rplC,rplC_p.Arg79Leu,3) Uncertain significance,p.R79L,0.0
Linezolid,rplC,rplC_p.Ser89Ala,3) Uncertain significance,p.S89A,
Linezolid,rplC,rplC_p.Ile105Val,3) Uncertain significance,p.I105V,
Linezolid,rplC,rplC_p.Asp173Gly,3) Uncertain significance,p.D173G,0.0
Linezolid,rplC,rplC_p.Gly12Ser,3) Uncertain significance,p.G12S,
Linezolid,rplC,rplC_p.Asn179Lys,3) Uncertain significance,p.N179K,
Linezolid,rplC,rplC_p.Arg44Leu,3) Uncertain significance,p.R44L,
Linezolid,rplC,rplC_p.Pro25Ser,3) Uncertain significance,p.P25S,
Linezolid,rplC,rplC_p.Ser138Arg,3) Uncertain significance,p.S138R,
Linezolid,rplC,rplC_p.Ala137Val,3) Uncertain significance,p.A137V,
Linezolid,rplC,rplC_p.Thr41Met,3) Uncertain significance,p.T41M,
Linezolid,rplC,rplC_p.Gly215Ser,3) Uncertain significance,p.G215S,
Linezolid,rplC,rplC_p.Thr102Ser,3) Uncertain significance,p.T102S,
Linezolid,rplC,rplC_p.Gly136Ser,3) Uncertain significance,p.G136S,
Linezolid,rplC,rplC_p.Gly168Arg,3) Uncertain significance,p.G168R,
Linezolid,rplC,rplC_p.Arg214Gln,3) Uncertain significance,p.R214Q,
Linezolid,rplC,rplC_p.Pro33Leu,3) Uncertain significance,p.P33L,
Linezolid,rplC,rplC_p.Thr93Ala,3) Uncertain significance,p.T93A,
Linezolid,rplC,rplC_p.Gly131Ser,3) Uncertain significance,p.G131S,
Linezolid,rplC,rplC_p.Lys61Thr,3) Uncertain significance,p.K61T,0.0
Linezolid,rplC,rplC_p.Asp18Asn,3) Uncertain significance,p.D18N,
Linezolid,rplC,rplC_p.Ala31Thr,5) Not assoc w R,p.A31T,0.0
Linezolid,rplC,rplC_p.His183Tyr,3) Uncertain significance,p.H183Y,0.0
Linezolid,rplC,rplC_p.Val185Ile,3) Uncertain significance,p.V185I,
Linezolid,rplC,rplC_p.Thr115Ala,3) Uncertain significance,p.T115A,
Linezolid,rplC,rplC_p.Val97Ile,3) Uncertain significance,p.V97I,0.0
Linezolid,rplC,rplC_p.Ala72Thr,3) Uncertain significance,p.A72T,
Linezolid,rplC,rplC_p.Gly98Arg,3) Uncertain significance,p.G98R,
Moxifloxacin,gyrA,gyrA_p.Asp94Gly,1) Assoc w R,p.D94G,0.9127358490566038
Moxifloxacin,gyrA,gyrA_p.Ala90Val,1) Assoc w R,p.A90V,0.6546184738955824
Moxifloxacin,gyrA,gyrA_p.Asp94Asn,1) Assoc w R,p.D94N,0.8702290076335878
Moxifloxacin,gyrA,gyrA_p.Asp94Ala,1) Assoc w R,p.D94A,0.6746411483253588
Moxifloxacin,gyrA,gyrA_p.Asp94Tyr,1) Assoc w R,p.D94Y,0.92
Moxifloxacin,gyrA,gyrA_p.Ser91Pro,1) Assoc w R,p.S91P,0.7878787878787878
Moxifloxacin,gyrA,gyrA_p.Gly668Asp,3) Uncertain significance,p.G668D,0.21003469442220443
Moxifloxacin,gyrA,gyrA_p.Asp94His,1) Assoc w R,p.D94H,0.9666666666666667
Moxifloxacin,gyrB,gyrB_p.Glu501Asp,1) Assoc w R,p.E501D,0.9714285714285714
Moxifloxacin,gyrA,gyrA_p.Gly88Cys,1) Assoc w R,p.G88C,1.0
Moxifloxacin,gyrA,gyrA_p.Asp89Asn,1) Assoc w R,p.D89N,0.9230769230769231
Moxifloxacin,gyrB,gyrB_p.Thr500Asn,1) Assoc w R,p.T500N,0.8333333333333334
Moxifloxacin,gyrB,gyrB_p.Asn499Asp,2) Assoc w R - Interim,p.N499D,0.5
Moxifloxacin,gyrA,gyrA_p.Ala288Asp,2) Assoc w R - Interim,p.A288D,0.5
Moxifloxacin,gyrB,gyrB_p.Arg446Cys,3) Uncertain significance,p.R446C,0.42857142857142855
Moxifloxacin,gyrA,gyrA_p.Gly88Ala,2) Assoc w R - Interim,p.G88A,0.5
Moxifloxacin,gyrB,gyrB_p.Asn499Thr,2) Assoc w R - Interim,p.N499T,0.4375
Moxifloxacin,gyrB,gyrB_p.Thr500Ala,2) Assoc w R - Interim,p.T500A,0.6363636363636364
Moxifloxacin,gyrB,gyrB_p.Asp461Asn,2) Assoc w R - Interim,p.D461N,0.1111111111111111
Moxifloxacin,gyrB,gyrB_p.Asn499Lys,2) Assoc w R - Interim,p.N499K,0.75
Moxifloxacin,gyrB,gyrB_p.Val427Met,3) Uncertain significance,p.V427M,0.5
Moxifloxacin,gyrB,gyrB_p.Ser447Phe,2) Assoc w R - Interim,p.S447F,0.13333333333333333
Moxifloxacin,gyrB,gyrB_p.Gly512Arg,3) Uncertain significance,p.G512R,1.0
Moxifloxacin,gyrA,gyrA_p.His70Arg,2) Assoc w R - Interim,p.H70R,0.8
Moxifloxacin,gyrA,gyrA_p.Arg392Cys,3) Uncertain significance,p.R392C,
Moxifloxacin,gyrB,gyrB_p.Ala504Thr,2) Assoc w R - Interim,p.A504T,0.75
Moxifloxacin,gyrB,gyrB_p.Ala504Val,2) Assoc w R - Interim,p.A504V,1.0
Moxifloxacin,gyrA,gyrA_p.Arg578Gln,3) Uncertain significance,p.R578Q,0.11764705882352941
Moxifloxacin,gyrB,gyrB_p.Asp461His,2) Assoc w R - Interim,p.D461H,0.3333333333333333
Moxifloxacin,gyrA,gyrA_p.Ala689Val,3) Uncertain significance,p.A689V,
Moxifloxacin,gyrA,gyrA_p.Leu812Val,3) Uncertain significance,p.L812V,1.0
Moxifloxacin,gyrB,gyrB_p.Pro578Ser,3) Uncertain significance,p.P578S,1.0
Moxifloxacin,gyrA,gyrA_p.Val596Met,3) Uncertain significance,p.V596M,
Moxifloxacin,gyrB,gyrB_p.Arg553Gly,3) Uncertain significance,p.R553G,
Moxifloxacin,gyrB,gyrB_p.Pro243Ser,3) Uncertain significance,p.P243S,
Moxifloxacin,gyrB,gyrB_p.Pro254Leu,3) Uncertain significance,p.P254L,0.25
Moxifloxacin,gyrA,gyrA_p.Arg309Trp,3) Uncertain significance,p.R309W,1.0
Moxifloxacin,gyrA,gyrA_p.Arg128Lys,3) Uncertain significance,p.R128K,
Moxifloxacin,gyrB,gyrB_p.Ala618Asp,3) Uncertain significance,p.A618D,
Moxifloxacin,gyrA,gyrA_p.Thr5Ala,3) Uncertain significance,p.T5A,0.3333333333333333
Moxifloxacin,gyrB,gyrB_p.Leu509Pro,3) Uncertain significance,p.L509P,
Moxifloxacin,gyrA,gyrA_p.His490Arg,3) Uncertain significance,p.H490R,
Moxifloxacin,gyrA,gyrA_p.Ala463Ser,3) Uncertain significance,p.A463S,0.36619718309859156
Moxifloxacin,gyrA,gyrA_p.Lys319Thr,3) Uncertain significance,p.K319T,
Moxifloxacin,gyrA,gyrA_p.Ala736Thr,3) Uncertain significance,p.A736T,
Moxifloxacin,gyrA,gyrA_p.Gly88Asp,3) Uncertain significance,p.G88D,1.0
Moxifloxacin,gyrB,gyrB_p.Ala233Pro,3) Uncertain significance,p.A233P,1.0
Moxifloxacin,gyrB,gyrB_p.Ala2Ser,3) Uncertain significance,p.A2S,
Moxifloxacin,gyrA,gyrA_p.Ser698Leu,3) Uncertain significance,p.S698L,
Moxifloxacin,gyrA,gyrA_p.Thr80Ala,3) Uncertain significance,p.T80A,0.05555555555555555
Moxifloxacin,gyrA,gyrA_p.Glu303Lys,3) Uncertain significance,p.E303K,
Moxifloxacin,gyrA,gyrA_p.Asp89Gly,3) Uncertain significance,p.D89G,1.0
Moxifloxacin,gyrA,gyrA_p.Asp94Phe,3) Uncertain significance,p.D94F,
Moxifloxacin,gyrB,gyrB_p.Ser447Ala,3) Uncertain significance,p.S447A,1.0
Moxifloxacin,gyrB,gyrB_p.Asp334Gly,3) Uncertain significance,p.D334G,
Moxifloxacin,gyrB,gyrB_p.Leu522Val,3) Uncertain significance,p.L522V,
Moxifloxacin,gyrA,gyrA_p.Glu739Gln,3) Uncertain significance,p.E739Q,0.0
Moxifloxacin,gyrB,gyrB_p.His302Arg,3) Uncertain significance,p.H302R,0.45454545454545453
Moxifloxacin,gyrB,gyrB_p.Met100Val,3) Uncertain significance,p.M100V,1.0
Moxifloxacin,gyrA,gyrA_p.Leu105Arg,3) Uncertain significance,p.L105R,
Moxifloxacin,gyrA,gyrA_p.Asp94Val,3) Uncertain significance,p.D94V,0.5
Moxifloxacin,gyrB,gyrB_p.Arg446His,3) Uncertain significance,p.R446H,0.0
Moxifloxacin,gyrB,gyrB_p.Ala618Thr,3) Uncertain significance,p.A618T,0.5
Moxifloxacin,gyrA,gyrA_p.Arg292Gly,3) Uncertain significance,p.R292G,0.3333333333333333
Moxifloxacin,gyrA,gyrA_p.Gly247Ser,3) Uncertain significance,p.G247S,0.11739130434782609
Moxifloxacin,gyrB,gyrB_p.Asp461Ala,3) Uncertain significance,p.D461A,0.6
Moxifloxacin,gyrA,gyrA_p.Met220Arg,3) Uncertain significance,p.M220R,1.0
Moxifloxacin,gyrB,gyrB_p.Ser279Phe,3) Uncertain significance,p.S279F,
Moxifloxacin,gyrB,gyrB_p.Leu257Pro,3) Uncertain significance,p.L257P,
Moxifloxacin,gyrA,gyrA_p.Gln594Arg,3) Uncertain significance,p.Q594R,
Moxifloxacin,gyrB,gyrB_p.Val561Gly,3) Uncertain significance,p.V561G,
Moxifloxacin,gyrB,gyrB_p.Glu501Ala,3) Uncertain significance,p.E501A,1.0
Moxifloxacin,gyrB,gyrB_p.Glu604Gly,3) Uncertain significance,p.E604G,1.0
Moxifloxacin,gyrA,gyrA_p.Arg718Cys,3) Uncertain significance,p.R718C,
Moxifloxacin,gyrA,gyrA_p.Pro102Leu,3) Uncertain significance,p.P102L,
Moxifloxacin,gyrB,gyrB_p.Gly470Ser,3) Uncertain significance,p.G470S,
Moxifloxacin,gyrB,gyrB_p.Arg446Gly,3) Uncertain significance,p.R446G,
Moxifloxacin,gyrB,gyrB_p.Tyr582His,3) Uncertain significance,p.Y582H,1.0
Moxifloxacin,gyrA,gyrA_p.Arg292Leu,3) Uncertain significance,p.R292L,1.0
Moxifloxacin,gyrB,gyrB_p.Tyr144Phe,3) Uncertain significance,p.Y144F,
Moxifloxacin,gyrA,gyrA_p.Glu289Asp,3) Uncertain significance,p.E289D,0.5333333333333333
Moxifloxacin,gyrB,gyrB_p.Thr167Met,3) Uncertain significance,p.T167M,
Moxifloxacin,gyrB,gyrB_p.Asp645Ala,3) Uncertain significance,p.D645A,
Moxifloxacin,gyrB,gyrB_p.Ala597Thr,3) Uncertain significance,p.A597T,
Moxifloxacin,gyrB,gyrB_p.Leu42Ile,3) Uncertain significance,p.L42I,
Moxifloxacin,gyrB,gyrB_p.Asp472Asn,3) Uncertain significance,p.D472N,1.0
Moxifloxacin,gyrB,gyrB_p.Lys599Arg,3) Uncertain significance,p.K599R,1.0
Moxifloxacin,gyrA,gyrA_p.Arg592Cys,3) Uncertain significance,p.R592C,1.0
Moxifloxacin,gyrB,gyrB_p.Gln503Arg,3) Uncertain significance,p.Q503R,1.0
Moxifloxacin,gyrB,gyrB_p.Lys430Asn,3) Uncertain significance,p.K430N,
Moxifloxacin,gyrA,gyrA_p.Thr836Ala,3) Uncertain significance,p.T836A,0.0
Moxifloxacin,gyrB,gyrB_p.Asp645Glu,3) Uncertain significance,p.D645E,1.0
Moxifloxacin,gyrB,gyrB_p.Gly520Val,3) Uncertain significance,p.G520V,
Moxifloxacin,gyrA,gyrA_p.Ala90Glu,3) Uncertain significance,p.A90E,
Moxifloxacin,gyrA,gyrA_p.Asp810Glu,3) Uncertain significance,p.D810E,1.0
Moxifloxacin,gyrB,gyrB_p.Thr500Pro,3) Uncertain significance,p.T500P,
Moxifloxacin,gyrB,gyrB_p.Thr182Ile,3) Uncertain significance,p.T182I,
Moxifloxacin,gyrA,gyrA_p.Ile92Val,3) Uncertain significance,p.I92V,1.0
Moxifloxacin,gyrB,gyrB_p.Glu364Asp,3) Uncertain significance,p.E364D,
Moxifloxacin,gyrA,gyrA_p.Gly236Val,3) Uncertain significance,p.G236V,
Moxifloxacin,gyrA,gyrA_p.Lys319Glu,3) Uncertain significance,p.K319E,0.0
Moxifloxacin,gyrB,gyrB_p.Thr500Ile,3) Uncertain significance,p.T500I,0.5
Moxifloxacin,gyrB,gyrB_p.Ile271Met,3) Uncertain significance,p.I271M,
Moxifloxacin,gyrA,gyrA_p.Leu455Arg,3) Uncertain significance,p.L455R,
Moxifloxacin,gyrA,gyrA_p.Ala74Ser,3) Uncertain significance,p.A74S,1.0
Moxifloxacin,gyrB,gyrB_p.Leu375Val,3) Uncertain significance,p.L375V,1.0
Moxifloxacin,gyrB,gyrB_p.Ile486Leu,3) Uncertain significance,p.I486L,1.0
Moxifloxacin,gyrA,gyrA_p.Ala579Val,3) Uncertain significance,p.A579V,0.5
Moxifloxacin,gyrB,gyrB_p.Lys404Arg,3) Uncertain significance,p.K404R,0.5
Moxifloxacin,gyrB,gyrB_p.Glu501Gly,3) Uncertain significance,p.E501G,1.0
Moxifloxacin,gyrA,gyrA_p.Glu214Asp,3) Uncertain significance,p.E214D,0.5
Moxifloxacin,gyrB,gyrB_p.Leu555Val,3) Uncertain significance,p.L555V,1.0
Moxifloxacin,gyrB,gyrB_p.Val670Phe,3) Uncertain significance,p.V670F,0.6
Moxifloxacin,gyrA,gyrA_p.Asp515Glu,3) Uncertain significance,p.D515E,
Moxifloxacin,gyrB,gyrB_p.Asn499Ser,3) Uncertain significance,p.N499S,0.6
Moxifloxacin,gyrB,gyrB_p.Val457Leu,3) Uncertain significance,p.V457L,0.6
Moxifloxacin,gyrB,gyrB_p.Thr378Ser,3) Uncertain significance,p.T378S,0.0
Moxifloxacin,gyrA,gyrA_p.Thr590Ala,3) Uncertain significance,p.T590A,
Moxifloxacin,gyrA,gyrA_p.Gln613Glu,3) Uncertain significance,p.Q613E,0.02247191011235955
Moxifloxacin,gyrB,gyrB_p.Glu397Asp,3) Uncertain significance,p.E397D,0.5
Moxifloxacin,gyrA,gyrA_p.Ile462Val,3) Uncertain significance,p.I462V,0.4
Moxifloxacin,gyrA,gyrA_p.Glu738Asp,3) Uncertain significance,p.E738D,
Moxifloxacin,gyrA,gyrA_p.Val624Leu,3) Uncertain significance,p.V624L,0.5
Moxifloxacin,gyrA,gyrA_p.Ala676Val,3) Uncertain significance,p.A676V,0.75
Moxifloxacin,gyrA,gyrA_p.Leu653Val,3) Uncertain significance,p.L653V,0.0
Moxifloxacin,gyrA,gyrA_p.Arg450Ser,3) Uncertain significance,p.R450S,1.0
Moxifloxacin,gyrB,gyrB_p.Ala644Asp,3) Uncertain significance,p.A644D,0.0
Moxifloxacin,gyrA,gyrA_p.Ala591Val,3) Uncertain significance,p.A591V,
Moxifloxacin,gyrA,gyrA_p.Arg68Cys,3) Uncertain significance,p.R68C,
Moxifloxacin,gyrB,gyrB_p.Asp461Val,3) Uncertain significance,p.D461V,0.5
Moxifloxacin,gyrB,gyrB_p.Asp340Gly,3) Uncertain significance,p.D340G,0.0
Moxifloxacin,gyrB,gyrB_p.Arg492Ser,3) Uncertain significance,p.R492S,
Moxifloxacin,gyrA,gyrA_p.Glu808Ala,3) Uncertain significance,p.E808A,
Moxifloxacin,gyrB,gyrB_p.Thr170Ala,3) Uncertain significance,p.T170A,0.0
Moxifloxacin,gyrA,gyrA_p.His389Pro,3) Uncertain significance,p.H389P,0.0
Moxifloxacin,gyrA,gyrA_p.His557Arg,3) Uncertain significance,p.H557R,
Moxifloxacin,gyrB,gyrB_p.Met197Ile,3) Uncertain significance,p.M197I,0.0
Moxifloxacin,gyrB,gyrB_p.Ile505Val,3) Uncertain significance,p.I505V,0.0
Moxifloxacin,gyrA,gyrA_p.Gly780Cys,3) Uncertain significance,p.G780C,0.0
Moxifloxacin,gyrA,gyrA_p.Ser168Thr,3) Uncertain significance,p.S168T,0.0
Moxifloxacin,gyrB,gyrB_p.Ser413Ala,3) Uncertain significance,p.S413A,
Moxifloxacin,gyrB,gyrB_p.Gln476Glu,3) Uncertain significance,p.Q476E,0.0
Moxifloxacin,gyrA,gyrA_p.Gln25Glu,3) Uncertain significance,p.Q25E,0.0
Moxifloxacin,gyrA,gyrA_p.Ile314Val,3) Uncertain significance,p.I314V,0.0
Moxifloxacin,gyrA,gyrA_p.Asp481Glu,3) Uncertain significance,p.D481E,0.0
Moxifloxacin,gyrA,gyrA_p.Asn282Lys,3) Uncertain significance,p.N282K,
Moxifloxacin,gyrB,gyrB_p.Asp402Glu,3) Uncertain significance,p.D402E,
Moxifloxacin,gyrA,gyrA_p.Glu459Ala,3) Uncertain significance,p.E459A,
Moxifloxacin,gyrB,gyrB_p.Arg451His,3) Uncertain significance,p.R451H,
Moxifloxacin,gyrA,gyrA_p.Arg607Cys,3) Uncertain significance,p.R607C,
Moxifloxacin,gyrA,gyrA_p.Arg14Leu,3) Uncertain significance,p.R14L,
Moxifloxacin,gyrA,gyrA_p.Thr378Ile,3) Uncertain significance,p.T378I,
Moxifloxacin,gyrA,gyrA_p.Ser95Ala,3) Uncertain significance,p.S95A,0.3333333333333333
Moxifloxacin,gyrA,gyrA_p.Asp639Ala,3) Uncertain significance,p.D639A,0.0
Moxifloxacin,gyrA,gyrA_p.Ala126Glu,3) Uncertain significance,p.A126E,0.3333333333333333
Moxifloxacin,gyrA,gyrA_p.Asp504Glu,3) Uncertain significance,p.D504E,0.0
Moxifloxacin,gyrA,gyrA_p.Asp437Gly,3) Uncertain significance,p.D437G,0.0
Moxifloxacin,gyrA,gyrA_p.Ala512Gly,3) Uncertain significance,p.A512G,
Moxifloxacin,gyrA,gyrA_p.Ala432Gly,3) Uncertain significance,p.A432G,
Moxifloxacin,gyrA,gyrA_p.Ile520Leu,3) Uncertain significance,p.I520L,
Moxifloxacin,gyrB,gyrB_p.Asn666Ser,3) Uncertain significance,p.N666S,
Moxifloxacin,gyrB,gyrB_p.His311Arg,3) Uncertain significance,p.H311R,0.0
Moxifloxacin,gyrA,gyrA_p.Gln679His,3) Uncertain significance,p.Q679H,0.0
Moxifloxacin,gyrA,gyrA_p.Asp367His,3) Uncertain significance,p.D367H,
Moxifloxacin,gyrA,gyrA_p.Val352Leu,3) Uncertain significance,p.V352L,
Moxifloxacin,gyrA,gyrA_p.Leu766Ser,3) Uncertain significance,p.L766S,0.0
Moxifloxacin,gyrB,gyrB_p.Arg212Thr,3) Uncertain significance,p.R212T,0.0
Moxifloxacin,gyrA,gyrA_p.Glu386Val,3) Uncertain significance,p.E386V,
Moxifloxacin,gyrA,gyrA_p.Lys636Glu,3) Uncertain significance,p.K636E,0.0
Moxifloxacin,gyrA,gyrA_p.Tyr276His,3) Uncertain significance,p.Y276H,0.0
Moxifloxacin,gyrB,gyrB_p.Asn499Ile,3) Uncertain significance,p.N499I,
Moxifloxacin,gyrA,gyrA_p.Arg375Gln,3) Uncertain significance,p.R375Q,
Moxifloxacin,gyrA,gyrA_p.His192Gln,3) Uncertain significance,p.H192Q,
Moxifloxacin,gyrA,gyrA_p.Met703Val,3) Uncertain significance,p.M703V,
Moxifloxacin,gyrA,gyrA_p.Val517Leu,3) Uncertain significance,p.V517L,
Moxifloxacin,gyrA,gyrA_p.Arg254Leu,3) Uncertain significance,p.R254L,
Moxifloxacin,gyrA,gyrA_p.Asp111Gly,3) Uncertain significance,p.D111G,
Moxifloxacin,gyrA,gyrA_p.Thr686Ser,3) Uncertain significance,p.T686S,
Moxifloxacin,gyrA,gyrA_p.Gly294Ala,3) Uncertain significance,p.G294A,0.0
Moxifloxacin,gyrA,gyrA_p.Pro119Leu,3) Uncertain significance,p.P119L,0.0
Moxifloxacin,gyrA,gyrA_p.Thr355Met,3) Uncertain significance,p.T355M,0.0
Moxifloxacin,gyrA,gyrA_p.Phe683Leu,3) Uncertain significance,p.F683L,0.0
Moxifloxacin,gyrB,gyrB_p.Ile493Thr,3) Uncertain significance,p.I493T,0.0
Moxifloxacin,gyrB,gyrB_p.Ile93Val,3) Uncertain significance,p.I93V,0.0
Moxifloxacin,gyrA,gyrA_p.Asn301Thr,3) Uncertain significance,p.N301T,
Moxifloxacin,gyrA,gyrA_p.Leu549Val,3) Uncertain significance,p.L549V,
Moxifloxacin,gyrA,gyrA_p.Ser728Ala,3) Uncertain significance,p.S728A,0.0
Moxifloxacin,gyrA,gyrA_p.Asp464Glu,3) Uncertain significance,p.D464E,0.0
Moxifloxacin,gyrB,gyrB_p.Ala508Val,3) Uncertain significance,p.A508V,
Moxifloxacin,gyrB,gyrB_p.Ile271Val,3) Uncertain significance,p.I271V,0.0
Moxifloxacin,gyrA,gyrA_p.Asp367Glu,3) Uncertain significance,p.D367E,0.0
Moxifloxacin,gyrA,gyrA_p.Gly832Arg,3) Uncertain significance,p.G832R,0.0
Moxifloxacin,gyrA,gyrA_p.Ile707Val,3) Uncertain significance,p.I707V,
Moxifloxacin,gyrA,gyrA_p.Gly311Ala,3) Uncertain significance,p.G311A,0.0
Moxifloxacin,gyrB,gyrB_p.Lys526Gln,3) Uncertain significance,p.K526Q,0.08333333333333333
Moxifloxacin,gyrB,gyrB_p.Ala115Val,3) Uncertain significance,p.A115V,
Moxifloxacin,gyrA,gyrA_p.Arg68Gly,3) Uncertain significance,p.R68G,0.0
Moxifloxacin,gyrA,gyrA_p.Glu719Gln,3) Uncertain significance,p.E719Q,0.0
Moxifloxacin,gyrB,gyrB_p.Thr373Ala,3) Uncertain significance,p.T373A,0.0
Moxifloxacin,gyrB,gyrB_p.Ser661Thr,3) Uncertain significance,p.S661T,
Moxifloxacin,gyrA,gyrA_p.Arg387Gln,3) Uncertain significance,p.R387Q,0.0
Moxifloxacin,gyrA,gyrA_p.Lys799Arg,3) Uncertain significance,p.K799R,0.0
Moxifloxacin,gyrB,gyrB_p.Met291Ile,3) Uncertain significance,p.M291I,0.03866666666666667
Moxifloxacin,gyrA,gyrA_p.Glu508Ala,3) Uncertain significance,p.E508A,0.0
Moxifloxacin,gyrB,gyrB_p.Pro177Arg,3) Uncertain significance,p.P177R,0.0
Moxifloxacin,gyrB,gyrB_p.Arg665Cys,3) Uncertain significance,p.R665C,0.0
Moxifloxacin,gyrB,gyrB_p.His560Arg,3) Uncertain significance,p.H560R,
Moxifloxacin,gyrA,gyrA_p.Glu412Gly,3) Uncertain significance,p.E412G,0.0
Moxifloxacin,gyrB,gyrB_p.Glu654Ala,3) Uncertain significance,p.E654A,
Moxifloxacin,gyrB,gyrB_p.Ala467Thr,3) Uncertain significance,p.A467T,1.0
Moxifloxacin,gyrB,gyrB_p.Ala233Gly,3) Uncertain significance,p.A233G,
Moxifloxacin,gyrB,gyrB_p.Val675Ile,3) Uncertain significance,p.V675I,
Moxifloxacin,gyrA,gyrA_p.Pro50Arg,3) Uncertain significance,p.P50R,
Moxifloxacin,gyrA,gyrA_p.Val310Ile,3) Uncertain significance,p.V310I,
Moxifloxacin,gyrA,gyrA_p.Val516Ala,3) Uncertain significance,p.V516A,
Moxifloxacin,gyrA,gyrA_p.Gly477Glu,3) Uncertain significance,p.G477E,
Moxifloxacin,gyrB,gyrB_p.Thr267Ser,3) Uncertain significance,p.T267S,
Moxifloxacin,gyrA,gyrA_p.Asn826Ile,3) Uncertain significance,p.N826I,
Moxifloxacin,gyrA,gyrA_p.Asp825Glu,3) Uncertain significance,p.D825E,
Moxifloxacin,gyrA,gyrA_p.Gly265Ser,3) Uncertain significance,p.G265S,0.0
Moxifloxacin,gyrB,gyrB_p.Phe672Val,3) Uncertain significance,p.F672V,0.0
Moxifloxacin,gyrA,gyrA_p.Val716Phe,3) Uncertain significance,p.V716F,
Moxifloxacin,gyrB,gyrB_p.Ile435Val,3) Uncertain significance,p.I435V,
Moxifloxacin,gyrB,gyrB_p.Asp220Glu,3) Uncertain significance,p.D220E,
Moxifloxacin,gyrA,gyrA_p.Asp209Gly,3) Uncertain significance,p.D209G,
Moxifloxacin,gyrA,gyrA_p.Glu429Ala,3) Uncertain significance,p.E429A,
Moxifloxacin,gyrA,gyrA_p.Lys333Asn,3) Uncertain significance,p.K333N,
Moxifloxacin,gyrA,gyrA_p.Ile427Val,3) Uncertain significance,p.I427V,0.0
Moxifloxacin,gyrA,gyrA_p.Pro17Leu,3) Uncertain significance,p.P17L,0.0
Moxifloxacin,gyrB,gyrB_p.Ala355Thr,3) Uncertain significance,p.A355T,
Moxifloxacin,gyrB,gyrB_p.Pro578Arg,3) Uncertain significance,p.P578R,
Moxifloxacin,gyrA,gyrA_p.Pro741Ala,3) Uncertain significance,p.P741A,0.0
Moxifloxacin,gyrA,gyrA_p.Ile189Val,3) Uncertain significance,p.I189V,
Moxifloxacin,gyrA,gyrA_p.Thr339Ser,3) Uncertain significance,p.T339S,
Moxifloxacin,gyrA,gyrA_p.Ser69Gly,3) Uncertain significance,p.S69G,0.0
Moxifloxacin,gyrA,gyrA_p.Gly63Arg,3) Uncertain significance,p.G63R,0.0
Moxifloxacin,gyrA,gyrA_p.Tyr379Cys,3) Uncertain significance,p.Y379C,0.0
Moxifloxacin,gyrA,gyrA_p.Glu459Lys,3) Uncertain significance,p.E459K,
Moxifloxacin,gyrA,gyrA_p.Arg26His,3) Uncertain significance,p.R26H,
Moxifloxacin,gyrB,gyrB_p.Ile601Thr,3) Uncertain significance,p.I601T,
Moxifloxacin,gyrB,gyrB_p.Lys452Asn,3) Uncertain significance,p.K452N,
Moxifloxacin,gyrA,gyrA_p.Asp493His,3) Uncertain significance,p.D493H,
Moxifloxacin,gyrB,gyrB_p.Ala162Glu,3) Uncertain significance,p.A162E,
Moxifloxacin,gyrA,gyrA_p.Asp507His,3) Uncertain significance,p.D507H,
Moxifloxacin,gyrA,gyrA_p.Ser680Ala,3) Uncertain significance,p.S680A,
Moxifloxacin,gyrA,gyrA_p.Arg789His,3) Uncertain significance,p.R789H,
Moxifloxacin,gyrA,gyrA_p.Val235Ala,3) Uncertain significance,p.V235A,
Moxifloxacin,gyrA,gyrA_p.Phe569Cys,3) Uncertain significance,p.F569C,
Moxifloxacin,gyrB,gyrB_p.Asp110Gly,3) Uncertain significance,p.D110G,0.0
Moxifloxacin,gyrA,gyrA_p.Glu466Ala,3) Uncertain significance,p.E466A,
Moxifloxacin,gyrA,gyrA_p.Thr697Ala,3) Uncertain significance,p.T697A,0.0
Moxifloxacin,gyrB,gyrB_p.Val222Met,3) Uncertain significance,p.V222M,
Moxifloxacin,gyrA,gyrA_p.Val223Ile,3) Uncertain significance,p.V223I,
Moxifloxacin,gyrA,gyrA_p.Asp211Gly,3) Uncertain significance,p.D211G,0.0
Moxifloxacin,gyrA,gyrA_p.Met141Ile,3) Uncertain significance,p.M141I,
Moxifloxacin,gyrB,gyrB_p.Ala90Thr,3) Uncertain significance,p.A90T,
Moxifloxacin,gyrA,gyrA_p.Asp488Ala,3) Uncertain significance,p.D488A,0.0
Moxifloxacin,gyrB,gyrB_p.Ser359Thr,3) Uncertain significance,p.S359T,0.0
Moxifloxacin,gyrB,gyrB_p.Arg446Leu,3) Uncertain significance,p.R446L,
Moxifloxacin,gyrB,gyrB_p.Glu425Ala,3) Uncertain significance,p.E425A,
Moxifloxacin,gyrA,gyrA_p.Ala322Ser,3) Uncertain significance,p.A322S,0.0
Moxifloxacin,gyrB,gyrB_p.Arg553Trp,3) Uncertain significance,p.R553W,0.0
Moxifloxacin,gyrA,gyrA_p.Val278Ile,3) Uncertain significance,p.V278I,0.0
Moxifloxacin,gyrA,gyrA_p.Asn629Lys,3) Uncertain significance,p.N629K,
Moxifloxacin,gyrA,gyrA_p.Lys636Asn,3) Uncertain significance,p.K636N,
Moxifloxacin,gyrA,gyrA_p.Ile554Val,3) Uncertain significance,p.I554V,0.0
Moxifloxacin,gyrB,gyrB_p.Asn558Asp,3) Uncertain significance,p.N558D,
Moxifloxacin,gyrA,gyrA_p.Gly646Ser,3) Uncertain significance,p.G646S,
Moxifloxacin,gyrB,gyrB_p.Leu673Pro,3) Uncertain significance,p.L673P,
Moxifloxacin,gyrA,gyrA_p.Pro7Ser,3) Uncertain significance,p.P7S,
Moxifloxacin,gyrB,gyrB_p.Ala191Asp,3) Uncertain significance,p.A191D,0.0
Moxifloxacin,gyrA,gyrA_p.Met141Thr,3) Uncertain significance,p.M141T,0.0
Moxifloxacin,gyrA,gyrA_p.Ile348Val,3) Uncertain significance,p.I348V,
Moxifloxacin,gyrA,gyrA_p.Ala512Thr,3) Uncertain significance,p.A512T,
Moxifloxacin,gyrA,gyrA_p.Ala676Asp,3) Uncertain significance,p.A676D,0.0
Moxifloxacin,gyrA,gyrA_p.Arg26Cys,3) Uncertain significance,p.R26C,
Moxifloxacin,gyrA,gyrA_p.Phe683Val,3) Uncertain significance,p.F683V,
Moxifloxacin,gyrB,gyrB_p.Met616Val,3) Uncertain significance,p.M616V,0.0
Moxifloxacin,gyrA,gyrA_p.Gln475Pro,3) Uncertain significance,p.Q475P,0.0
Moxifloxacin,gyrA,gyrA_p.Val716Gly,3) Uncertain significance,p.V716G,
Moxifloxacin,gyrB,gyrB_p.Asn66His,3) Uncertain significance,p.N66H,
Moxifloxacin,gyrA,gyrA_p.Gly158Ser,3) Uncertain significance,p.G158S,
Moxifloxacin,gyrB,gyrB_p.Lys159Met,3) Uncertain significance,p.K159M,0.0
Moxifloxacin,gyrA,gyrA_p.Ala410Val,3) Uncertain significance,p.A410V,0.0
Moxifloxacin,gyrB,gyrB_p.Gln565His,3) Uncertain significance,p.Q565H,
Moxifloxacin,gyrB,gyrB_p.Glu21Lys,3) Uncertain significance,p.E21K,0.0
Moxifloxacin,gyrA,gyrA_p.Arg497Trp,3) Uncertain significance,p.R497W,0.0
Moxifloxacin,gyrB,gyrB_p.Tyr144Ser,3) Uncertain significance,p.Y144S,0.0
Moxifloxacin,gyrB,gyrB_p.Leu455Val,3) Uncertain significance,p.L455V,
Moxifloxacin,gyrA,gyrA_p.Arg615Leu,3) Uncertain significance,p.R615L,
Moxifloxacin,gyrA,gyrA_p.Ala297Gly,3) Uncertain significance,p.A297G,0.0
Moxifloxacin,gyrB,gyrB_p.Thr170Lys,3) Uncertain significance,p.T170K,0.0
Moxifloxacin,gyrA,gyrA_p.Gly823Ser,3) Uncertain significance,p.G823S,
Moxifloxacin,gyrB,gyrB_p.Glu604Lys,3) Uncertain significance,p.E604K,0.0
Moxifloxacin,gyrA,gyrA_p.Val649Met,3) Uncertain significance,p.V649M,0.0
Moxifloxacin,gyrB,gyrB_p.Ala238Thr,3) Uncertain significance,p.A238T,0.0
Moxifloxacin,gyrA,gyrA_p.Gly823Cys,3) Uncertain significance,p.G823C,0.0
Moxifloxacin,gyrA,gyrA_p.Val327Leu,3) Uncertain significance,p.V327L,
Moxifloxacin,gyrA,gyrA_p.Arg68Ser,3) Uncertain significance,p.R68S,
Moxifloxacin,gyrB,gyrB_p.Lys333Arg,3) Uncertain significance,p.K333R,
Moxifloxacin,gyrB,gyrB_p.Lys603Arg,3) Uncertain significance,p.K603R,
Moxifloxacin,gyrA,gyrA_p.Glu514Gln,3) Uncertain significance,p.E514Q,
Moxifloxacin,gyrA,gyrA_p.Tyr365His,3) Uncertain significance,p.Y365H,0.0
Moxifloxacin,gyrA,gyrA_p.Ala126Ser,3) Uncertain significance,p.A126S,
Moxifloxacin,gyrA,gyrA_p.Ala406Val,3) Uncertain significance,p.A406V,
Moxifloxacin,gyrB,gyrB_p.Ile527Val,3) Uncertain significance,p.I527V,
Moxifloxacin,gyrA,gyrA_p.Asp687Asn,3) Uncertain significance,p.D687N,0.0
Moxifloxacin,gyrA,gyrA_p.Gly63Ala,3) Uncertain significance,p.G63A,0.0
Moxifloxacin,gyrA,gyrA_p.Met438Ile,3) Uncertain significance,p.M438I,0.0
Moxifloxacin,gyrA,gyrA_p.Asp467Glu,3) Uncertain significance,p.D467E,0.0
Moxifloxacin,gyrB,gyrB_p.Lys603Asn,3) Uncertain significance,p.K603N,
Moxifloxacin,gyrB,gyrB_p.Pro163Leu,3) Uncertain significance,p.P163L,
Moxifloxacin,gyrB,gyrB_p.Asp176Glu,3) Uncertain significance,p.D176E,
Moxifloxacin,gyrA,gyrA_p.Arg513Cys,3) Uncertain significance,p.R513C,0.0
Moxifloxacin,gyrB,gyrB_p.Ala432Val,3) Uncertain significance,p.A432V,0.0
Moxifloxacin,gyrA,gyrA_p.Lys224Glu,3) Uncertain significance,p.K224E,
Moxifloxacin,gyrA,gyrA_p.Asp30Asn,3) Uncertain significance,p.D30N,
Moxifloxacin,gyrA,gyrA_p.Ala500Glu,3) Uncertain significance,p.A500E,0.0
Moxifloxacin,gyrA,gyrA_p.Val352Met,3) Uncertain significance,p.V352M,0.0
Moxifloxacin,gyrA,gyrA_p.Gln336Lys,3) Uncertain significance,p.Q336K,
Moxifloxacin,gyrA,gyrA_p.Leu425Phe,3) Uncertain significance,p.L425F,
Moxifloxacin,gyrB,gyrB_p.Lys526Asn,3) Uncertain significance,p.K526N,
Moxifloxacin,gyrA,gyrA_p.Ser250Ala,3) Uncertain significance,p.S250A,
Moxifloxacin,gyrB,gyrB_p.Arg575His,3) Uncertain significance,p.R575H,0.07142857142857142
Moxifloxacin,gyrA,gyrA_p.Lys633Arg,3) Uncertain significance,p.K633R,
Moxifloxacin,gyrA,gyrA_p.Arg489Lys,3) Uncertain significance,p.R489K,
Moxifloxacin,gyrA,gyrA_p.Asp583Glu,3) Uncertain significance,p.D583E,
Moxifloxacin,gyrA,gyrA_p.Arg495Cys,3) Uncertain significance,p.R495C,0.0
Moxifloxacin,gyrA,gyrA_p.Asp415Asn,3) Uncertain significance,p.D415N,
Moxifloxacin,gyrB,gyrB_p.Lys339Arg,3) Uncertain significance,p.K339R,0.0
Moxifloxacin,gyrB,gyrB_p.Arg495Gln,3) Uncertain significance,p.R495Q,0.0
Moxifloxacin,gyrA,gyrA_p.Val479Met,3) Uncertain significance,p.V479M,0.0
Moxifloxacin,gyrB,gyrB_p.Arg634Leu,3) Uncertain significance,p.R634L,
Moxifloxacin,gyrA,gyrA_p.Phe640Val,3) Uncertain significance,p.F640V,
Moxifloxacin,gyrB,gyrB_p.Lys521Asn,3) Uncertain significance,p.K521N,
Moxifloxacin,gyrB,gyrB_p.Lys498Asn,3) Uncertain significance,p.K498N,
Moxifloxacin,gyrA,gyrA_p.Gly744Ala,3) Uncertain significance,p.G744A,0.0
Moxifloxacin,gyrB,gyrB_p.Val670Ile,3) Uncertain significance,p.V670I,0.0
Moxifloxacin,gyrB,gyrB_p.Ala78Gly,3) Uncertain significance,p.A78G,
Moxifloxacin,gyrA,gyrA_p.Val257Leu,3) Uncertain significance,p.V257L,
Moxifloxacin,gyrB,gyrB_p.Ala242Thr,3) Uncertain significance,p.A242T,
Moxifloxacin,gyrB,gyrB_p.Ala87Gly,3) Uncertain significance,p.A87G,0.0
Moxifloxacin,gyrB,gyrB_p.Gln4Arg,3) Uncertain significance,p.Q4R,0.0
Moxifloxacin,gyrB,gyrB_p.Ala237Gly,3) Uncertain significance,p.A237G,
Moxifloxacin,gyrB,gyrB_p.Val226Ala,3) Uncertain significance,p.V226A,
Moxifloxacin,gyrA,gyrA_p.Leu401Val,3) Uncertain significance,p.L401V,
Moxifloxacin,gyrA,gyrA_p.Glu317Gly,3) Uncertain significance,p.E317G,
Moxifloxacin,gyrB,gyrB_p.Asp225Glu,3) Uncertain significance,p.D225E,0.0
Moxifloxacin,gyrA,gyrA_p.Glu79Lys,3) Uncertain significance,p.E79K,
Moxifloxacin,gyrB,gyrB_p.Pro343Ala,3) Uncertain significance,p.P343A,
Moxifloxacin,gyrA,gyrA_p.Pro154Leu,3) Uncertain significance,p.P154L,
Moxifloxacin,gyrB,gyrB_p.Glu21Asp,3) Uncertain significance,p.E21D,0.0
Moxifloxacin,gyrA,gyrA_p.His490Asn,3) Uncertain significance,p.H490N,
Moxifloxacin,gyrA,gyrA_p.Asp509Asn,3) Uncertain significance,p.D509N,
Moxifloxacin,gyrB,gyrB_p.Leu156Met,3) Uncertain significance,p.L156M,0.0
Moxifloxacin,gyrA,gyrA_p.Ser104Leu,3) Uncertain significance,p.S104L,0.0
Moxifloxacin,gyrA,gyrA_p.Leu671Val,3) Uncertain significance,p.L671V,
Moxifloxacin,gyrA,gyrA_p.Ile189Met,3) Uncertain significance,p.I189M,
Moxifloxacin,gyrA,gyrA_p.Ala324Val,3) Uncertain significance,p.A324V,
Moxifloxacin,gyrA,gyrA_p.Gln603His,3) Uncertain significance,p.Q603H,
Moxifloxacin,gyrB,gyrB_p.Ser273Gly,3) Uncertain significance,p.S273G,0.0
Moxifloxacin,gyrB,gyrB_p.Thr214Pro,3) Uncertain significance,p.T214P,
Moxifloxacin,gyrA,gyrA_p.Asn826His,3) Uncertain significance,p.N826H,
Moxifloxacin,gyrA,gyrA_p.Thr563Ser,3) Uncertain significance,p.T563S,
Moxifloxacin,gyrB,gyrB_p.Glu151Asp,3) Uncertain significance,p.E151D,
Moxifloxacin,gyrA,gyrA_p.Lys636Thr,3) Uncertain significance,p.K636T,
Moxifloxacin,gyrA,gyrA_p.Asp532Asn,3) Uncertain significance,p.D532N,0.0
Moxifloxacin,gyrA,gyrA_p.Ala74Val,3) Uncertain significance,p.A74V,0.0
Moxifloxacin,gyrB,gyrB_p.Val75Gly,3) Uncertain significance,p.V75G,
Moxifloxacin,gyrA,gyrA_p.Thr590Met,3) Uncertain significance,p.T590M,
Moxifloxacin,gyrA,gyrA_p.Asp515Asn,3) Uncertain significance,p.D515N,
Moxifloxacin,gyrB,gyrB_p.Ala175Thr,3) Uncertain significance,p.A175T,0.0
Moxifloxacin,gyrB,gyrB_p.Lys596Asn,3) Uncertain significance,p.K596N,0.0
Moxifloxacin,gyrB,gyrB_p.Asp494Ala,3) Uncertain significance,p.D494A,0.0
Moxifloxacin,gyrB,gyrB_p.His311Tyr,3) Uncertain significance,p.H311Y,0.0
Moxifloxacin,gyrA,gyrA_p.Gln797Pro,3) Uncertain significance,p.Q797P,0.0
Moxifloxacin,gyrB,gyrB_p.Ala403Val,3) Uncertain significance,p.A403V,
Moxifloxacin,gyrB,gyrB_p.Ala238Gly,3) Uncertain significance,p.A238G,
Moxifloxacin,gyrA,gyrA_p.Glu412Ala,3) Uncertain significance,p.E412A,
Moxifloxacin,gyrA,gyrA_p.Glu140Gly,3) Uncertain significance,p.E140G,
Moxifloxacin,gyrB,gyrB_p.Val68Ala,3) Uncertain significance,p.V68A,0.0
Moxifloxacin,gyrA,gyrA_p.Val768Ala,3) Uncertain significance,p.V768A,
Moxifloxacin,gyrA,gyrA_p.Ser250Tyr,3) Uncertain significance,p.S250Y,
Moxifloxacin,gyrB,gyrB_p.Val127Ala,3) Uncertain significance,p.V127A,
Moxifloxacin,gyrA,gyrA_p.Arg252Gly,3) Uncertain significance,p.R252G,
Moxifloxacin,gyrB,gyrB_p.Glu501Val,2) Assoc w R - Interim,p.E501V,0.0
Moxifloxacin,gyrB,gyrB_p.Thr183Met,3) Uncertain significance,p.T183M,
Moxifloxacin,gyrA,gyrA_p.Gln290Arg,3) Uncertain significance,p.Q290R,0.0
Moxifloxacin,gyrB,gyrB_p.Pro343Ser,3) Uncertain significance,p.P343S,
Moxifloxacin,gyrA,gyrA_p.Glu808Gln,3) Uncertain significance,p.E808Q,0.0
Moxifloxacin,gyrA,gyrA_p.Glu148Asp,3) Uncertain significance,p.E148D,
Moxifloxacin,gyrA,gyrA_p.Leu724Val,3) Uncertain significance,p.L724V,0.0
Moxifloxacin,gyrA,gyrA_p.Arg65His,3) Uncertain significance,p.R65H,
Moxifloxacin,gyrB,gyrB_p.Asp259Glu,3) Uncertain significance,p.D259E,0.0
Moxifloxacin,gyrB,gyrB_p.Val407Leu,3) Uncertain significance,p.V407L,
Moxifloxacin,gyrA,gyrA_p.Met99Ile,3) Uncertain significance,p.M99I,
Moxifloxacin,gyrA,gyrA_p.Ala400Val,3) Uncertain significance,p.A400V,
Moxifloxacin,gyrB,gyrB_p.Ala78Val,3) Uncertain significance,p.A78V,
Moxifloxacin,gyrA,gyrA_p.Ser506Asn,3) Uncertain significance,p.S506N,
Moxifloxacin,gyrA,gyrA_p.Gln743His,3) Uncertain significance,p.Q743H,0.0
Moxifloxacin,gyrB,gyrB_p.Pro439Arg,3) Uncertain significance,p.P439R,
Moxifloxacin,gyrA,gyrA_p.Ile815Met,3) Uncertain significance,p.I815M,0.0
Moxifloxacin,gyrB,gyrB_p.Gln538Arg,3) Uncertain significance,p.Q538R,0.0
Moxifloxacin,gyrA,gyrA_p.Ile284Val,3) Uncertain significance,p.I284V,
Moxifloxacin,gyrB,gyrB_p.Ile486Val,3) Uncertain significance,p.I486V,
Moxifloxacin,gyrA,gyrA_p.Val750Ala,3) Uncertain significance,p.V750A,0.0
Moxifloxacin,gyrA,gyrA_p.Gly548Arg,3) Uncertain significance,p.G548R,
Moxifloxacin,gyrA,gyrA_p.Glu79Asp,3) Uncertain significance,p.E79D,0.0
Moxifloxacin,gyrA,gyrA_p.Pro17Ser,3) Uncertain significance,p.P17S,0.0
Moxifloxacin,gyrA,gyrA_p.Ala501Val,3) Uncertain significance,p.A501V,
Moxifloxacin,gyrB,gyrB_p.Pro177His,3) Uncertain significance,p.P177H,0.0
Moxifloxacin,gyrA,gyrA_p.Leu205Val,3) Uncertain significance,p.L205V,
Moxifloxacin,gyrA,gyrA_p.Met804Val,3) Uncertain significance,p.M804V,0.0
Moxifloxacin,gyrA,gyrA_p.Asp415Phe,3) Uncertain significance,p.D415F,0.0
Moxifloxacin,gyrA,gyrA_p.Leu465Gln,3) Uncertain significance,p.L465Q,
Moxifloxacin,gyrB,gyrB_p.Lys7Gln,3) Uncertain significance,p.K7Q,0.0
Moxifloxacin,gyrB,gyrB_p.Asp216Gly,3) Uncertain significance,p.D216G,
Moxifloxacin,gyrA,gyrA_p.Asp641Tyr,3) Uncertain significance,p.D641Y,0.0
Moxifloxacin,gyrB,gyrB_p.Thr37Ser,3) Uncertain significance,p.T37S,
Moxifloxacin,gyrB,gyrB_p.Thr189Pro,3) Uncertain significance,p.T189P,0.0
Moxifloxacin,gyrA,gyrA_p.Val150Ala,3) Uncertain significance,p.V150A,
Moxifloxacin,gyrA,gyrA_p.Gln573Arg,3) Uncertain significance,p.Q573R,
Moxifloxacin,gyrB,gyrB_p.Ser274Thr,3) Uncertain significance,p.S274T,
Moxifloxacin,gyrA,gyrA_p.Ala324Gly,3) Uncertain significance,p.A324G,0.0
Moxifloxacin,gyrA,gyrA_p.Glu289Gln,3) Uncertain significance,p.E289Q,0.0
Moxifloxacin,gyrA,gyrA_p.Arg615Gly,3) Uncertain significance,p.R615G,
Moxifloxacin,gyrB,gyrB_p.Ser576Thr,3) Uncertain significance,p.S576T,
Moxifloxacin,gyrA,gyrA_p.Ala432Val,3) Uncertain significance,p.A432V,
Moxifloxacin,gyrB,gyrB_p.Thr209Ala,3) Uncertain significance,p.T209A,
Moxifloxacin,gyrA,gyrA_p.Val674Ile,3) Uncertain significance,p.V674I,
Moxifloxacin,gyrA,gyrA_p.Ala347Thr,3) Uncertain significance,p.A347T,
Moxifloxacin,gyrA,gyrA_p.Ile390Thr,3) Uncertain significance,p.I390T,
Moxifloxacin,gyrA,gyrA_p.Arg195Gly,3) Uncertain significance,p.R195G,0.0
Moxifloxacin,gyrA,gyrA_p.Thr230Ser,3) Uncertain significance,p.T230S,
Moxifloxacin,gyrA,gyrA_p.Ala71Thr,3) Uncertain significance,p.A71T,
Moxifloxacin,gyrA,gyrA_p.Asp481Gly,3) Uncertain significance,p.D481G,
Moxifloxacin,gyrB,gyrB_p.Ala233Val,3) Uncertain significance,p.A233V,
Moxifloxacin,gyrB,gyrB_p.Lys668Glu,3) Uncertain significance,p.K668E,
Moxifloxacin,gyrA,gyrA_p.Ala347Val,3) Uncertain significance,p.A347V,
Moxifloxacin,gyrA,gyrA_p.Thr572Asn,3) Uncertain significance,p.T572N,
Moxifloxacin,gyrB,gyrB_p.Met530Thr,3) Uncertain significance,p.M530T,
Moxifloxacin,gyrA,gyrA_p.Ile153Met,3) Uncertain significance,p.I153M,
Moxifloxacin,gyrB,gyrB_p.Leu563Phe,3) Uncertain significance,p.L563F,
Moxifloxacin,gyrA,gyrA_p.Ser645Leu,3) Uncertain significance,p.S645L,0.0
Moxifloxacin,gyrA,gyrA_p.Ala662Val,3) Uncertain significance,p.A662V,
Moxifloxacin,gyrB,gyrB_p.Thr167Ala,3) Uncertain significance,p.T167A,
Moxifloxacin,gyrA,gyrA_p.Val310Phe,3) Uncertain significance,p.V310F,
Moxifloxacin,gyrA,gyrA_p.His334Tyr,3) Uncertain significance,p.H334Y,
Moxifloxacin,gyrA,gyrA_p.Ala186Thr,3) Uncertain significance,p.A186T,
Moxifloxacin,gyrB,gyrB_p.Ala564Thr,3) Uncertain significance,p.A564T,
Moxifloxacin,gyrA,gyrA_p.Asp770Gly,3) Uncertain significance,p.D770G,
Moxifloxacin,gyrA,gyrA_p.Asp824Asn,3) Uncertain significance,p.D824N,
Moxifloxacin,gyrB,gyrB_p.Arg587Gly,3) Uncertain significance,p.R587G,0.0
Moxifloxacin,gyrA,gyrA_p.Lys319Asn,3) Uncertain significance,p.K319N,
Moxifloxacin,gyrB,gyrB_p.Ser363Arg,3) Uncertain significance,p.S363R,0.0
Moxifloxacin,gyrB,gyrB_p.Glu76Asp,3) Uncertain significance,p.E76D,0.0
Moxifloxacin,gyrA,gyrA_p.Ile452Thr,3) Uncertain significance,p.I452T,
Moxifloxacin,gyrA,gyrA_p.Pro66Ala,3) Uncertain significance,p.P66A,0.0
Moxifloxacin,gyrB,gyrB_p.Gly38Ser,3) Uncertain significance,p.G38S,
Moxifloxacin,gyrB,gyrB_p.His272Pro,3) Uncertain significance,p.H272P,0.0
Moxifloxacin,gyrB,gyrB_p.Ile46Ser,3) Uncertain significance,p.I46S,
Moxifloxacin,gyrA,gyrA_p.Asn831Lys,3) Uncertain significance,p.N831K,
Moxifloxacin,gyrA,gyrA_p.Arg615His,3) Uncertain significance,p.R615H,
Moxifloxacin,gyrA,gyrA_p.Gly351Ala,3) Uncertain significance,p.G351A,
Moxifloxacin,gyrA,gyrA_p.Gly112Cys,3) Uncertain significance,p.G112C,
Moxifloxacin,gyrA,gyrA_p.Ala696Thr,3) Uncertain significance,p.A696T,
Moxifloxacin,gyrA,gyrA_p.Pro621Leu,3) Uncertain significance,p.P621L,0.0
Moxifloxacin,gyrB,gyrB_p.Glu181Gly,3) Uncertain significance,p.E181G,
Moxifloxacin,gyrB,gyrB_p.Asp640Asn,3) Uncertain significance,p.D640N,
Moxifloxacin,gyrA,gyrA_p.Asp639Gly,3) Uncertain significance,p.D639G,
Moxifloxacin,gyrB,gyrB_p.Asp342Glu,3) Uncertain significance,p.D342E,0.0
Moxifloxacin,gyrB,gyrB_p.Asp640Ala,3) Uncertain significance,p.D640A,
Moxifloxacin,gyrB,gyrB_p.Ala332Val,3) Uncertain significance,p.A332V,0.0
Moxifloxacin,gyrB,gyrB_p.Glu379Gly,3) Uncertain significance,p.E379G,0.0
Moxifloxacin,gyrB,gyrB_p.Ile116Met,3) Uncertain significance,p.I116M,
Moxifloxacin,gyrA,gyrA_p.Ala217Val,3) Uncertain significance,p.A217V,0.0
Moxifloxacin,gyrA,gyrA_p.Ser62Phe,3) Uncertain significance,p.S62F,0.0
Moxifloxacin,gyrA,gyrA_p.Ser237Ala,3) Uncertain significance,p.S237A,0.0
Moxifloxacin,gyrB,gyrB_p.Pro450Arg,3) Uncertain significance,p.P450R,0.0
Moxifloxacin,gyrB,gyrB_p.Arg523Ser,3) Uncertain significance,p.R523S,0.0
Moxifloxacin,gyrA,gyrA_p.Arg380Gly,3) Uncertain significance,p.R380G,0.0
Moxifloxacin,gyrA,gyrA_p.Arg489Ser,3) Uncertain significance,p.R489S,0.0
Moxifloxacin,gyrA,gyrA_p.Ala445Val,3) Uncertain significance,p.A445V,0.0
Moxifloxacin,gyrA,gyrA_p.Pro123Gln,3) Uncertain significance,p.P123Q,0.0
Moxifloxacin,gyrA,gyrA_p.Val544Leu,3) Uncertain significance,p.V544L,
Moxifloxacin,gyrB,gyrB_p.Thr250Ser,3) Uncertain significance,p.T250S,
Moxifloxacin,gyrA,gyrA_p.Ala74Thr,3) Uncertain significance,p.A74T,0.0
Moxifloxacin,gyrB,gyrB_p.Gly594Arg,3) Uncertain significance,p.G594R,
Moxifloxacin,gyrA,gyrA_p.Ala406Pro,3) Uncertain significance,p.A406P,
Moxifloxacin,gyrB,gyrB_p.Leu69Val,3) Uncertain significance,p.L69V,0.0
Moxifloxacin,gyrB,gyrB_p.Asn66Ser,3) Uncertain significance,p.N66S,0.0
Moxifloxacin,gyrB,gyrB_p.Arg192His,3) Uncertain significance,p.R192H,0.0
Moxifloxacin,gyrA,gyrA_p.Gly795Arg,3) Uncertain significance,p.G795R,0.0
Moxifloxacin,gyrA,gyrA_p.Ser237Pro,3) Uncertain significance,p.S237P,
Moxifloxacin,gyrA,gyrA_p.Asp242Asn,3) Uncertain significance,p.D242N,
Moxifloxacin,gyrB,gyrB_p.Thr393Ser,4) Not assoc w R - Interim,p.T393S,0.0
Moxifloxacin,gyrB,gyrB_p.Glu21Gln,3) Uncertain significance,p.E21Q,
Moxifloxacin,gyrA,gyrA_p.Ala667Val,3) Uncertain significance,p.A667V,
Moxifloxacin,gyrB,gyrB_p.Lys668Arg,3) Uncertain significance,p.K668R,
Moxifloxacin,gyrB,gyrB_p.Ile19Leu,3) Uncertain significance,p.I19L,
Moxifloxacin,gyrA,gyrA_p.Gly503Arg,3) Uncertain significance,p.G503R,
Moxifloxacin,gyrA,gyrA_p.Gly702Ser,3) Uncertain significance,p.G702S,
Moxifloxacin,gyrA,gyrA_p.Gln290His,3) Uncertain significance,p.Q290H,0.0
Moxifloxacin,gyrA,gyrA_p.Thr272Ile,3) Uncertain significance,p.T272I,0.0
Moxifloxacin,gyrA,gyrA_p.Thr638Asn,3) Uncertain significance,p.T638N,
Moxifloxacin,gyrB,gyrB_p.Leu354Val,3) Uncertain significance,p.L354V,0.0
Moxifloxacin,gyrB,gyrB_p.Gly436Arg,3) Uncertain significance,p.G436R,
Moxifloxacin,gyrA,gyrA_p.Arg106Cys,3) Uncertain significance,p.R106C,0.0
Moxifloxacin,gyrA,gyrA_p.Ala696Val,3) Uncertain significance,p.A696V,0.0
Moxifloxacin,gyrB,gyrB_p.Asp434Glu,3) Uncertain significance,p.D434E,0.0
Moxifloxacin,gyrA,gyrA_p.Thr735Ser,3) Uncertain significance,p.T735S,
Moxifloxacin,gyrB,gyrB_p.Gly282Asp,3) Uncertain significance,p.G282D,0.0
Moxifloxacin,gyrA,gyrA_p.Leu12Phe,3) Uncertain significance,p.L12F,
Moxifloxacin,gyrA,gyrA_p.Gln113Glu,3) Uncertain significance,p.Q113E,0.0
Moxifloxacin,gyrA,gyrA_p.Asp829Glu,3) Uncertain significance,p.D829E,0.0
Moxifloxacin,gyrA,gyrA_p.Gln22His,3) Uncertain significance,p.Q22H,0.0
Moxifloxacin,gyrB,gyrB_p.Tyr253Ser,3) Uncertain significance,p.Y253S,0.0
Moxifloxacin,gyrB,gyrB_p.Glu489Gln,3) Uncertain significance,p.E489Q,0.0
Moxifloxacin,gyrB,gyrB_p.Pro163Ser,3) Uncertain significance,p.P163S,0.0
Moxifloxacin,gyrB,gyrB_p.Cys388Gly,3) Uncertain significance,p.C388G,
Moxifloxacin,gyrA,gyrA_p.Gln305Arg,3) Uncertain significance,p.Q305R,0.0
Moxifloxacin,gyrA,gyrA_p.Asp262Val,3) Uncertain significance,p.D262V,0.0
Moxifloxacin,gyrB,gyrB_p.Arg523Cys,3) Uncertain significance,p.R523C,
Moxifloxacin,gyrA,gyrA_p.Arg392His,3) Uncertain significance,p.R392H,0.0
Moxifloxacin,gyrB,gyrB_p.Glu299Gln,3) Uncertain significance,p.E299Q,0.0
Moxifloxacin,gyrB,gyrB_p.Asp225Gly,3) Uncertain significance,p.D225G,
Moxifloxacin,gyrB,gyrB_p.Pro439Ala,3) Uncertain significance,p.P439A,0.0
Moxifloxacin,gyrA,gyrA_p.Leu659Val,3) Uncertain significance,p.L659V,0.0
Moxifloxacin,gyrA,gyrA_p.Arg480Cys,3) Uncertain significance,p.R480C,
Moxifloxacin,gyrA,gyrA_p.Arg309Gln,3) Uncertain significance,p.R309Q,0.0
Moxifloxacin,gyrA,gyrA_p.Gly694Ala,3) Uncertain significance,p.G694A,0.0
Moxifloxacin,gyrB,gyrB_p.Asn207Asp,3) Uncertain significance,p.N207D,
Moxifloxacin,gyrA,gyrA_p.Gln679Lys,3) Uncertain significance,p.Q679K,0.0
Moxifloxacin,gyrA,gyrA_p.Arg409Gln,3) Uncertain significance,p.R409Q,0.0
Moxifloxacin,gyrA,gyrA_p.Asp467His,3) Uncertain significance,p.D467H,0.0
Moxifloxacin,gyrB,gyrB_p.Asp518Gly,3) Uncertain significance,p.D518G,0.0
Moxifloxacin,gyrA,gyrA_p.Thr355Ala,3) Uncertain significance,p.T355A,
Moxifloxacin,gyrA,gyrA_p.Val651Ala,3) Uncertain significance,p.V651A,
Moxifloxacin,gyrB,gyrB_p.Ser248Gly,3) Uncertain significance,p.S248G,
Moxifloxacin,gyrA,gyrA_p.Ser642Cys,3) Uncertain significance,p.S642C,
Moxifloxacin,gyrA,gyrA_p.Asp211Glu,3) Uncertain significance,p.D211E,
Moxifloxacin,gyrA,gyrA_p.Gln790Glu,3) Uncertain significance,p.Q790E,0.0
Moxifloxacin,gyrA,gyrA_p.Phe228Leu,3) Uncertain significance,p.F228L,
Moxifloxacin,gyrB,gyrB_p.Phe549Leu,3) Uncertain significance,p.F549L,
Moxifloxacin,gyrA,gyrA_p.Pro7Leu,3) Uncertain significance,p.P7L,
Moxifloxacin,gyrA,gyrA_p.Thr836Lys,3) Uncertain significance,p.T836K,0.0
Moxifloxacin,gyrB,gyrB_p.Leu638Val,3) Uncertain significance,p.L638V,
Moxifloxacin,gyrB,gyrB_p.Gln9His,3) Uncertain significance,p.Q9H,
Moxifloxacin,gyrA,gyrA_p.Ser411Ala,3) Uncertain significance,p.S411A,
Moxifloxacin,gyrA,gyrA_p.Ala322Glu,3) Uncertain significance,p.A322E,
Moxifloxacin,gyrA,gyrA_p.Met141Val,3) Uncertain significance,p.M141V,
Moxifloxacin,gyrA,gyrA_p.Phe152Leu,3) Uncertain significance,p.F152L,0.0
Moxifloxacin,gyrB,gyrB_p.Asp617Tyr,3) Uncertain significance,p.D617Y,0.0
Moxifloxacin,gyrB,gyrB_p.Ser576Gly,3) Uncertain significance,p.S576G,0.0
Moxifloxacin,gyrB,gyrB_p.Phe475Val,3) Uncertain significance,p.F475V,
Moxifloxacin,gyrA,gyrA_p.Val783Met,3) Uncertain significance,p.V783M,
Moxifloxacin,gyrB,gyrB_p.Asp97Glu,3) Uncertain significance,p.D97E,0.0
Moxifloxacin,gyrA,gyrA_p.Asp481Ala,3) Uncertain significance,p.D481A,
Moxifloxacin,gyrA,gyrA_p.Val651Ile,3) Uncertain significance,p.V651I,0.0
Moxifloxacin,gyrB,gyrB_p.Glu604Val,3) Uncertain significance,p.E604V,
Moxifloxacin,gyrB,gyrB_p.Val535Ile,3) Uncertain significance,p.V535I,
Moxifloxacin,gyrB,gyrB_p.Val327Leu,3) Uncertain significance,p.V327L,
Moxifloxacin,gyrB,gyrB_p.Ile607Val,3) Uncertain significance,p.I607V,0.0
Moxifloxacin,gyrB,gyrB_p.Asp112His,3) Uncertain significance,p.D112H,0.0
Moxifloxacin,gyrB,gyrB_p.Pro343Leu,3) Uncertain significance,p.P343L,0.0
Moxifloxacin,gyrB,gyrB_p.Asp627Ala,3) Uncertain significance,p.D627A,0.0
Moxifloxacin,gyrA,gyrA_p.His368Gln,3) Uncertain significance,p.H368Q,
Moxifloxacin,gyrA,gyrA_p.Asp488Glu,3) Uncertain significance,p.D488E,0.0
Moxifloxacin,gyrA,gyrA_p.Leu398Phe,3) Uncertain significance,p.L398F,0.0
Moxifloxacin,gyrB,gyrB_p.Pro177Leu,3) Uncertain significance,p.P177L,0.0
Moxifloxacin,gyrA,gyrA_p.Leu455Val,3) Uncertain significance,p.L455V,
Moxifloxacin,gyrA,gyrA_p.Ala90Gly,3) Uncertain significance,p.A90G,0.0
Moxifloxacin,gyrB,gyrB_p.Ala162Ser,3) Uncertain significance,p.A162S,0.0
Moxifloxacin,gyrA,gyrA_p.Gly729Arg,3) Uncertain significance,p.G729R,0.0
Moxifloxacin,gyrB,gyrB_p.Gly589Val,3) Uncertain significance,p.G589V,
Moxifloxacin,gyrA,gyrA_p.Val326Gly,3) Uncertain significance,p.V326G,
Moxifloxacin,gyrB,gyrB_p.Asp434His,3) Uncertain significance,p.D434H,
Moxifloxacin,gyrA,gyrA_p.Ala198Gly,3) Uncertain significance,p.A198G,
Moxifloxacin,gyrA,gyrA_p.Thr638Ile,3) Uncertain significance,p.T638I,
Moxifloxacin,gyrB,gyrB_p.Ser274Gly,3) Uncertain significance,p.S274G,0.0
Moxifloxacin,gyrB,gyrB_p.Val630Ile,3) Uncertain significance,p.V630I,
Moxifloxacin,gyrB,gyrB_p.Met58Ile,3) Uncertain significance,p.M58I,0.0
Moxifloxacin,gyrA,gyrA_p.Asn193Ser,3) Uncertain significance,p.N193S,0.0
Moxifloxacin,gyrB,gyrB_p.Ile34Val,3) Uncertain significance,p.I34V,0.25
Moxifloxacin,gyrA,gyrA_p.Arg789Gly,3) Uncertain significance,p.R789G,
Moxifloxacin,gyrA,gyrA_p.Leu296Pro,3) Uncertain significance,p.L296P,0.0
Moxifloxacin,gyrB,gyrB_p.Thr664Ile,3) Uncertain significance,p.T664I,
Moxifloxacin,gyrB,gyrB_p.Ala423Val,3) Uncertain significance,p.A423V,
Moxifloxacin,gyrA,gyrA_p.Pro108Ser,3) Uncertain significance,p.P108S,
Moxifloxacin,gyrB,gyrB_p.Ser447Tyr,3) Uncertain significance,p.S447Y,0.0
Moxifloxacin,gyrA,gyrA_p.Arg607His,3) Uncertain significance,p.R607H,0.0
Moxifloxacin,gyrB,gyrB_p.Ser576Ile,3) Uncertain significance,p.S576I,0.0
Moxifloxacin,gyrA,gyrA_p.Val51Ala,3) Uncertain significance,p.V51A,
Moxifloxacin,gyrB,gyrB_p.Gly470Cys,3) Uncertain significance,p.G470C,0.0
Moxifloxacin,gyrB,gyrB_p.Asp588Asn,3) Uncertain significance,p.D588N,0.0
Moxifloxacin,gyrB,gyrB_p.Ala593Val,3) Uncertain significance,p.A593V,0.0
Moxifloxacin,gyrA,gyrA_p.Ala288Val,3) Uncertain significance,p.A288V,
Moxifloxacin,gyrA,gyrA_p.Pro8Leu,3) Uncertain significance,p.P8L,0.0
Moxifloxacin,gyrB,gyrB_p.Pro578Ala,3) Uncertain significance,p.P578A,0.0
Moxifloxacin,gyrA,gyrA_p.Thr413Ala,3) Uncertain significance,p.T413A,
Moxifloxacin,gyrA,gyrA_p.Thr836Arg,3) Uncertain significance,p.T836R,0.0
Moxifloxacin,gyrB,gyrB_p.Pro628Ala,3) Uncertain significance,p.P628A,
Moxifloxacin,gyrA,gyrA_p.Asn826Asp,3) Uncertain significance,p.N826D,0.0
Moxifloxacin,gyrB,gyrB_p.Ser16Cys,3) Uncertain significance,p.S16C,0.0
Moxifloxacin,gyrA,gyrA_p.Tyr722Cys,3) Uncertain significance,p.Y722C,
Moxifloxacin,gyrA,gyrA_p.Leu142Val,3) Uncertain significance,p.L142V,
Moxifloxacin,gyrB,gyrB_p.Glu623Asp,3) Uncertain significance,p.E623D,
Moxifloxacin,gyrA,gyrA_p.Ala787Gly,3) Uncertain significance,p.A787G,
Moxifloxacin,gyrA,gyrA_p.Val783Leu,3) Uncertain significance,p.V783L,
Moxifloxacin,gyrA,gyrA_p.Ala736Val,3) Uncertain significance,p.A736V,0.0
Moxifloxacin,gyrB,gyrB_p.Ala90Gly,3) Uncertain significance,p.A90G,0.0
Moxifloxacin,gyrA,gyrA_p.Pro472Ser,3) Uncertain significance,p.P472S,0.0
Moxifloxacin,gyrA,gyrA_p.Ser536Arg,3) Uncertain significance,p.S536R,0.0
Moxifloxacin,gyrB,gyrB_p.Gly606Ser,3) Uncertain significance,p.G606S,0.0
Moxifloxacin,gyrB,gyrB_p.Ile206Ser,3) Uncertain significance,p.I206S,
Moxifloxacin,gyrA,gyrA_p.Asp824Glu,3) Uncertain significance,p.D824E,0.0
Moxifloxacin,gyrA,gyrA_p.Asp293Tyr,3) Uncertain significance,p.D293Y,0.0
Moxifloxacin,gyrA,gyrA_p.Leu134Met,3) Uncertain significance,p.L134M,0.0
Moxifloxacin,gyrB,gyrB_p.Gly520Ala,3) Uncertain significance,p.G520A,0.0
Moxifloxacin,gyrA,gyrA_p.Pro154Arg,3) Uncertain significance,p.P154R,0.0
Moxifloxacin,gyrB,gyrB_p.Gly598Glu,3) Uncertain significance,p.G598E,
Moxifloxacin,gyrB,gyrB_p.Ala398Val,3) Uncertain significance,p.A398V,0.0
Moxifloxacin,gyrA,gyrA_p.Asp552Gly,3) Uncertain significance,p.D552G,0.0
Moxifloxacin,gyrA,gyrA_p.Asp641Glu,3) Uncertain significance,p.D641E,0.0
Moxifloxacin,gyrB,gyrB_p.Pro400Arg,3) Uncertain significance,p.P400R,
Moxifloxacin,gyrB,gyrB_p.Ser274Arg,3) Uncertain significance,p.S274R,0.0
Moxifloxacin,gyrA,gyrA_p.Pro275Ala,3) Uncertain significance,p.P275A,
Moxifloxacin,gyrA,gyrA_p.Phe705Leu,3) Uncertain significance,p.F705L,0.0
Moxifloxacin,gyrA,gyrA_p.His490Tyr,3) Uncertain significance,p.H490Y,
Moxifloxacin,gyrA,gyrA_p.Ala126Val,3) Uncertain significance,p.A126V,
Moxifloxacin,gyrA,gyrA_p.Pro8Ala,3) Uncertain significance,p.P8A,0.0
Moxifloxacin,gyrA,gyrA_p.Leu711Met,3) Uncertain significance,p.L711M,0.0
Moxifloxacin,gyrA,gyrA_p.Ala210Val,3) Uncertain significance,p.A210V,
Moxifloxacin,gyrB,gyrB_p.Asp434Gly,3) Uncertain significance,p.D434G,0.0
Moxifloxacin,gyrB,gyrB_p.Asp657Gly,3) Uncertain significance,p.D657G,0.0
Moxifloxacin,gyrA,gyrA_p.Thr267Ile,3) Uncertain significance,p.T267I,
Moxifloxacin,gyrA,gyrA_p.Arg254Cys,3) Uncertain significance,p.R254C,0.0
Moxifloxacin,gyrB,gyrB_p.Glu586Lys,3) Uncertain significance,p.E586K,0.0
Moxifloxacin,gyrB,gyrB_p.Phe187Leu,3) Uncertain significance,p.F187L,
Moxifloxacin,gyrA,gyrA_p.Ala456Val,3) Uncertain significance,p.A456V,0.0
Moxifloxacin,gyrA,gyrA_p.Ile15Val,3) Uncertain significance,p.I15V,0.0
Moxifloxacin,gyrA,gyrA_p.Ala814Thr,3) Uncertain significance,p.A814T,0.0
Moxifloxacin,gyrA,gyrA_p.Asn818Asp,3) Uncertain significance,p.N818D,
Moxifloxacin,gyrB,gyrB_p.Ile556Val,3) Uncertain significance,p.I556V,0.0
Moxifloxacin,gyrB,gyrB_p.Ile84Val,3) Uncertain significance,p.I84V,0.0
Moxifloxacin,gyrA,gyrA_p.Ala626Val,3) Uncertain significance,p.A626V,
Moxifloxacin,gyrA,gyrA_p.Thr377Ile,3) Uncertain significance,p.T377I,0.0
Moxifloxacin,gyrA,gyrA_p.Gly503Val,3) Uncertain significance,p.G503V,
Moxifloxacin,gyrA,gyrA_p.Gln277Arg,3) Uncertain significance,p.Q277R,0.0
Moxifloxacin,gyrA,gyrA_p.Glu21His,3) Uncertain significance,p.E21H,
Moxifloxacin,gyrA,gyrA_p.Leu346Val,3) Uncertain significance,p.L346V,0.0
Moxifloxacin,gyrB,gyrB_p.Pro480Ser,3) Uncertain significance,p.P480S,
Moxifloxacin,gyrB,gyrB_p.Val301Leu,3) Uncertain significance,p.V301L,0.0784313725490196
Moxifloxacin,gyrB,gyrB_p.Ala130Ser,3) Uncertain significance,p.A130S,
Moxifloxacin,gyrA,gyrA_p.Glu21Gln,4) Not assoc w R - Interim,p.E21Q,0.20150980153415318
Moxifloxacin,gyrB,gyrB_p.Pro94Leu,4) Not assoc w R - Interim,p.P94L,0.009569377990430622
Moxifloxacin,gyrA,gyrA_p.Arg252Leu,4) Not assoc w R - Interim,p.R252L,0.0
Moxifloxacin,gyrB,gyrB_p.Ala403Ser,3) Uncertain significance,p.A403S,0.0
Moxifloxacin,gyrA,gyrA_p.Ala384Val,3) Uncertain significance,p.A384V,0.03679369250985545
Moxifloxacin,gyrA,gyrA_p.Ser95Thr,5) Not assoc w R,p.S95T,0.20738485971413445
Moxifloxacin,gyrA,gyrA_p.Ala347Ser,3) Uncertain significance,p.A347S,
Moxifloxacin,gyrA,gyrA_p.Ile328Leu,3) Uncertain significance,p.I328L,
Moxifloxacin,gyrA,gyrA_p.Leu566Trp,3) Uncertain significance,p.L566W,
Moxifloxacin,gyrB,gyrB_p.Ala643Asp,3) Uncertain significance,p.A643D,
Pyrazinamide,pncA,pncA_p.His57Asp,1) Assoc w R,p.H57D,0.9879518072289156
Pyrazinamide,pncA,pncA_p.His51Asp,1) Assoc w R,p.H51D,0.9791666666666666
Pyrazinamide,pncA,pncA_p.His51Arg,1) Assoc w R,p.H51R,0.9285714285714286
Pyrazinamide,pncA,pncA_p.Val139Ala,1) Assoc w R,p.V139A,0.9107142857142857
Pyrazinamide,pncA,pncA_p.Gln10Pro,1) Assoc w R,p.Q10P,0.953125
Pyrazinamide,pncA,pncA_p.Leu27Pro,1) Assoc w R,p.L27P,1.0
Pyrazinamide,pncA,pncA_p.Thr76Pro,1) Assoc w R,p.T76P,0.94
Pyrazinamide,pncA,pncA_p.Gln141Pro,1) Assoc w R,p.Q141P,0.9358974358974359
Pyrazinamide,pncA,pncA_p.Gln10Arg,1) Assoc w R,p.Q10R,1.0
Pyrazinamide,pncA,pncA_p.Leu172Pro,1) Assoc w R,p.L172P,1.0
Pyrazinamide,pncA,pncA_p.Leu120Pro,1) Assoc w R,p.L120P,1.0
Pyrazinamide,pncA,pncA_p.His71Tyr,1) Assoc w R,p.H71Y,0.9714285714285714
Pyrazinamide,pncA,pncA_p.Thr135Pro,1) Assoc w R,p.T135P,0.9375
Pyrazinamide,pncA,pncA_p.Asp49Gly,1) Assoc w R,p.D49G,0.9148936170212766
Pyrazinamide,pncA,pncA_p.His57Arg,1) Assoc w R,p.H57R,0.9166666666666666
Pyrazinamide,pncA,pncA_p.Trp68Cys,1) Assoc w R,p.W68C,1.0
Pyrazinamide,pncA,pncA_p.Gly132Ala,1) Assoc w R,p.G132A,0.9642857142857143
Pyrazinamide,pncA,pncA_p.Ser59Pro,1) Assoc w R,p.S59P,1.0
Pyrazinamide,pncA,pncA_p.Leu4Ser,1) Assoc w R,p.L4S,0.9444444444444444
Pyrazinamide,pncA,pncA_p.Gly97Asp,1) Assoc w R,p.G97D,0.8936170212765957
Pyrazinamide,pncA,pncA_p.His71Arg,1) Assoc w R,p.H71R,0.95
Pyrazinamide,pncA,pncA_p.Gly97Cys,1) Assoc w R,p.G97C,0.9444444444444444
Pyrazinamide,pncA,pncA_p.Pro54Leu,1) Assoc w R,p.P54L,0.9
Pyrazinamide,pncA,pncA_p.Ala146Val,1) Assoc w R,p.A146V,0.9473684210526315
Pyrazinamide,pncA,pncA_p.Tyr34Asp,1) Assoc w R,p.Y34D,1.0
Pyrazinamide,pncA,pncA_p.Val7Gly,1) Assoc w R,p.V7G,0.9444444444444444
Pyrazinamide,pncA,pncA_p.Trp68Gly,1) Assoc w R,p.W68G,0.9393939393939394
Pyrazinamide,pncA,pncA_p.Cys14Arg,1) Assoc w R,p.C14R,0.9666666666666667
Pyrazinamide,pncA,pncA_p.Val125Gly,1) Assoc w R,p.V125G,1.0
Pyrazinamide,pncA,pncA_p.Ser67Pro,1) Assoc w R,p.S67P,1.0
Pyrazinamide,pncA,pncA_p.Asp8Gly,1) Assoc w R,p.D8G,0.9523809523809523
Pyrazinamide,pncA,pncA_p.Lys96Thr,1) Assoc w R,p.K96T,1.0
Pyrazinamide,pncA,pncA_p.Ile5Ser,1) Assoc w R,p.I5S,1.0
Pyrazinamide,pncA,pncA_p.His71Pro,1) Assoc w R,p.H71P,1.0
Pyrazinamide,pncA,pncA_p.Gln10His,1) Assoc w R,p.Q10H,1.0
Pyrazinamide,pncA,pncA_p.Leu120Arg,1) Assoc w R,p.L120R,1.0
Pyrazinamide,pncA,pncA_p.Cys72Arg,1) Assoc w R,p.C72R,1.0
Pyrazinamide,pncA,pncA_p.Leu4Trp,1) Assoc w R,p.L4W,0.9230769230769231
Pyrazinamide,pncA,pncA_p.Asp8Asn,1) Assoc w R,p.D8N,1.0
Pyrazinamide,pncA,pncA_p.Gly108Arg,1) Assoc w R,p.G108R,0.9444444444444444
Pyrazinamide,pncA,pncA_p.Val180Phe,1) Assoc w R,p.V180F,1.0
Pyrazinamide,pncA,pncA_p.Asp49Ala,1) Assoc w R,p.D49A,1.0
Pyrazinamide,pncA,pncA_p.Val139Gly,1) Assoc w R,p.V139G,1.0
Pyrazinamide,pncA,pncA_p.Asp63Ala,1) Assoc w R,p.D63A,0.8888888888888888
Pyrazinamide,pncA,pncA_p.Val128Gly,1) Assoc w R,p.V128G,1.0
Pyrazinamide,pncA,pncA_p.Trp68Arg,1) Assoc w R,p.W68R,0.9411764705882353
Pyrazinamide,pncA,pncA_p.Arg154Gly,1) Assoc w R,p.R154G,0.6956521739130435
Pyrazinamide,pncA,pncA_p.Val9Gly,1) Assoc w R,p.V9G,1.0
Pyrazinamide,pncA,pncA_p.Thr160Pro,1) Assoc w R,p.T160P,1.0
Pyrazinamide,pncA,pncA_p.His57Tyr,1) Assoc w R,p.H57Y,1.0
Pyrazinamide,pncA,pncA_p.Leu151Ser,1) Assoc w R,p.L151S,0.7391304347826086
Pyrazinamide,pncA,pncA_p.Thr142Met,1) Assoc w R,p.T142M,0.9230769230769231
Pyrazinamide,pncA,pncA_p.Met175Arg,1) Assoc w R,p.M175R,1.0
Pyrazinamide,pncA,pncA_p.Gly132Ser,1) Assoc w R,p.G132S,1.0
Pyrazinamide,pncA,pncA_p.Leu85Pro,1) Assoc w R,p.L85P,1.0
Pyrazinamide,pncA,pncA_p.Val7Leu,1) Assoc w R,p.V7L,1.0
Pyrazinamide,pncA,pncA_p.Phe94Cys,1) Assoc w R,p.F94C,1.0
Pyrazinamide,pncA,pncA_p.Asp12Ala,1) Assoc w R,p.D12A,0.7368421052631579
Pyrazinamide,pncA,pncA_p.His51Pro,1) Assoc w R,p.H51P,1.0
Pyrazinamide,pncA,pncA_p.Lys96Glu,1) Assoc w R,p.K96E,1.0
Pyrazinamide,pncA,pncA_p.Leu159Pro,1) Assoc w R,p.L159P,1.0
Pyrazinamide,pncA,pncA_p.Ile6Thr,1) Assoc w R,p.I6T,1.0
Pyrazinamide,pncA,pncA_p.Val180Gly,1) Assoc w R,p.V180G,1.0
Pyrazinamide,pncA,pncA_p.Ala146Thr,1) Assoc w R,p.A146T,0.7894736842105263
Pyrazinamide,pncA,pncA_p.Val139Met,1) Assoc w R,p.V139M,1.0
Pyrazinamide,pncA,pncA_p.Ile133Thr,1) Assoc w R,p.I133T,0.6304347826086957
Pyrazinamide,pncA,pncA_p.Leu182Ser,1) Assoc w R,p.L182S,0.7894736842105263
Pyrazinamide,pncA,pncA_p.Asp136Gly,1) Assoc w R,p.D136G,0.8
Pyrazinamide,pncA,pncA_p.Ile31Ser,1) Assoc w R,p.I31S,0.84
Pyrazinamide,pncA,pncA_p.Phe58Leu,1) Assoc w R,p.F58L,0.6666666666666666
Pyrazinamide,pncA,pncA_p.Gly97Ser,1) Assoc w R,p.G97S,0.9090909090909091
Pyrazinamide,pncA,pncA_p.Val21Gly,1) Assoc w R,p.V21G,1.0
Pyrazinamide,pncA,pncA_p.Cys138Arg,1) Assoc w R,p.C138R,1.0
Pyrazinamide,pncA,pncA_p.Ser164Pro,1) Assoc w R,p.S164P,0.9
Pyrazinamide,pncA,pncA_p.Phe13Ile,1) Assoc w R,p.F13I,1.0
Pyrazinamide,pncA,pncA_p.Asp8Glu,1) Assoc w R,p.D8E,1.0
Pyrazinamide,pncA,pncA_p.Leu116Arg,1) Assoc w R,p.L116R,1.0
Pyrazinamide,pncA,pncA_p.Lys96Arg,1) Assoc w R,p.K96R,0.8333333333333334
Pyrazinamide,pncA,pncA_p.Val180Ala,1) Assoc w R,p.V180A,1.0
Pyrazinamide,pncA,pncA_p.Leu85Arg,1) Assoc w R,p.L85R,1.0
Pyrazinamide,pncA,pncA_p.Asp12Gly,1) Assoc w R,p.D12G,0.8
Pyrazinamide,pncA,pncA_p.Ala134Val,1) Assoc w R,p.A134V,0.8571428571428571
Pyrazinamide,pncA,pncA_p.Thr76Ile,1) Assoc w R,p.T76I,0.875
Pyrazinamide,pncA,pncA_p.Gly97Arg,1) Assoc w R,p.G97R,1.0
Pyrazinamide,pncA,pncA_p.Asp12Glu,1) Assoc w R,p.D12E,1.0
Pyrazinamide,pncA,pncA_p.Leu19Pro,1) Assoc w R,p.L19P,0.9
Pyrazinamide,pncA,pncA_p.His51Gln,1) Assoc w R,p.H51Q,0.7777777777777778
Pyrazinamide,pncA,pncA_p.Gly108Glu,1) Assoc w R,p.G108E,1.0
Pyrazinamide,pncA,pncA_p.Ser104Arg,1) Assoc w R,p.S104R,1.0
Pyrazinamide,pncA,pncA_p.Tyr103His,1) Assoc w R,p.Y103H,1.0
Pyrazinamide,pncA,pncA_p.Thr142Ala,1) Assoc w R,p.T142A,0.8
Pyrazinamide,pncA,pncA_p.Leu182Trp,1) Assoc w R,p.L182W,1.0
Pyrazinamide,pncA,pncA_p.Lys48Thr,2) Assoc w R - Interim,p.K48T,0.4375
Pyrazinamide,pncA,pncA_p.Val155Gly,1) Assoc w R,p.V155G,0.875
Pyrazinamide,pncA,pncA_p.Pro62Leu,1) Assoc w R,p.P62L,0.9
Pyrazinamide,pncA,pncA_p.Thr47Ala,1) Assoc w R,p.T47A,0.6296296296296297
Pyrazinamide,pncA,pncA_p.Ser66Pro,1) Assoc w R,p.S66P,1.0
Pyrazinamide,pncA,pncA_p.Trp119Arg,1) Assoc w R,p.W119R,1.0
Pyrazinamide,pncA,pncA_p.Pro54Arg,1) Assoc w R,p.P54R,1.0
Pyrazinamide,pncA,pncA_p.Arg154Met,1) Assoc w R,p.R154M,0.7142857142857143
Pyrazinamide,pncA,pncA_p.Met175Val,1) Assoc w R,p.M175V,0.7857142857142857
Pyrazinamide,pncA,pncA_p.Gly105Asp,1) Assoc w R,p.G105D,0.75
Pyrazinamide,pncA,pncA_p.Val155Met,1) Assoc w R,p.V155M,0.8888888888888888
Pyrazinamide,pncA,pncA_p.Pro69Leu,1) Assoc w R,p.P69L,0.7368421052631579
Pyrazinamide,pncA,pncA_p.Val125Phe,1) Assoc w R,p.V125F,0.625
Pyrazinamide,pncA,pncA_p.His82Arg,1) Assoc w R,p.H82R,1.0
Pyrazinamide,pncA,pncA_p.His51Tyr,1) Assoc w R,p.H51Y,1.0
Pyrazinamide,pncA,pncA_p.Phe94Leu,1) Assoc w R,p.F94L,0.7777777777777778
Pyrazinamide,pncA,pncA_p.Leu159Arg,1) Assoc w R,p.L159R,0.75
Pyrazinamide,pncA,pncA_p.Trp119Gly,1) Assoc w R,p.W119G,1.0
Pyrazinamide,pncA,pncA_p.Ala102Pro,1) Assoc w R,p.A102P,0.875
Pyrazinamide,pncA,pncA_p.Ile90Ser,1) Assoc w R,p.I90S,0.7
Pyrazinamide,pncA,pncA_p.Arg140Pro,1) Assoc w R,p.R140P,1.0
Pyrazinamide,pncA,pncA_p.Tyr103Cys,1) Assoc w R,p.Y103C,0.6153846153846154
Pyrazinamide,pncA,pncA_p.Thr177Pro,1) Assoc w R,p.T177P,0.8888888888888888
Pyrazinamide,pncA,pncA_p.Phe13Ser,1) Assoc w R,p.F13S,0.8333333333333334
Pyrazinamide,pncA,pncA_p.Met175Thr,1) Assoc w R,p.M175T,1.0
Pyrazinamide,pncA,pncA_p.Ala146Glu,2) Assoc w R - Interim,p.A146E,1.0
Pyrazinamide,pncA,pncA_p.Thr168Pro,1) Assoc w R,p.T168P,1.0
Pyrazinamide,pncA,pncA_p.Pro62Arg,1) Assoc w R,p.P62R,1.0
Pyrazinamide,pncA,pncA_p.Val93Leu,2) Assoc w R - Interim,p.V93L,
Pyrazinamide,pncA,pncA_p.Thr47Pro,1) Assoc w R,p.T47P,1.0
Pyrazinamide,pncA,pncA_p.Lys96Asn,1) Assoc w R,p.K96N,1.0
Pyrazinamide,pncA,pncA_p.Trp119Cys,1) Assoc w R,p.W119C,1.0
Pyrazinamide,pncA,pncA_p.Val7Phe,1) Assoc w R,p.V7F,1.0
Pyrazinamide,panD,panD_p.Met117Thr,3) Uncertain significance,p.M117T,1.0
Pyrazinamide,pncA,pncA_p.Asp49Asn,2) Assoc w R - Interim,p.D49N,
Pyrazinamide,pncA,pncA_p.Gly24Asp,1) Assoc w R,p.G24D,0.8333333333333334
Pyrazinamide,pncA,pncA_p.Asp63Gly,1) Assoc w R,p.D63G,0.5454545454545454
Pyrazinamide,pncA,pncA_p.Ala3Glu,1) Assoc w R,p.A3E,1.0
Pyrazinamide,pncA,pncA_p.His57Leu,2) Assoc w R - Interim,p.H57L,
Pyrazinamide,pncA,pncA_p.Leu120Gln,1) Assoc w R,p.L120Q,1.0
Pyrazinamide,pncA,pncA_p.Ala102Val,3) Uncertain significance,p.A102V,0.3125
Pyrazinamide,pncA,pncA_p.Ile90Thr,2) Assoc w R - Interim,p.I90T,1.0
Pyrazinamide,pncA,pncA_p.Phe13Leu,1) Assoc w R,p.F13L,1.0
Pyrazinamide,pncA,pncA_p.Phe106Ser,1) Assoc w R,p.F106S,1.0
Pyrazinamide,pncA,pncA_p.Asp8Tyr,1) Assoc w R,p.D8Y,1.0
Pyrazinamide,pncA,pncA_p.Gly162Asp,1) Assoc w R,p.G162D,1.0
Pyrazinamide,clpC1,clpC1_p.Val63Ala,3) Uncertain significance,p.V63A,0.1602136181575434
Pyrazinamide,pncA,pncA_p.Asp12Asn,1) Assoc w R,p.D12N,0.8333333333333334
Pyrazinamide,pncA,pncA_p.His137Pro,1) Assoc w R,p.H137P,1.0
Pyrazinamide,pncA,pncA_p.Asp8Ala,1) Assoc w R,p.D8A,1.0
Pyrazinamide,pncA,pncA_p.Ala171Glu,1) Assoc w R,p.A171E,1.0
Pyrazinamide,pncA,pncA_p.Gly17Asp,1) Assoc w R,p.G17D,0.8
Pyrazinamide,pncA,pncA_p.Pro62Thr,1) Assoc w R,p.P62T,1.0
Pyrazinamide,pncA,pncA_p.Val44Gly,1) Assoc w R,p.V44G,1.0
Pyrazinamide,pncA,pncA_p.Trp119Leu,1) Assoc w R,p.W119L,1.0
Pyrazinamide,pncA,pncA_p.Ala46Glu,1) Assoc w R,p.A46E,1.0
Pyrazinamide,pncA,pncA_p.His43Pro,1) Assoc w R,p.H43P,1.0
Pyrazinamide,pncA,pncA_p.Gly78Asp,1) Assoc w R,p.G78D,1.0
Pyrazinamide,pncA,pncA_p.Gly105Val,1) Assoc w R,p.G105V,1.0
Pyrazinamide,pncA,pncA_p.Thr100Pro,1) Assoc w R,p.T100P,1.0
Pyrazinamide,pncA,pncA_p.Asp12His,1) Assoc w R,p.D12H,1.0
Pyrazinamide,pncA,pncA_p.Asp49Glu,1) Assoc w R,p.D49E,1.0
Pyrazinamide,pncA,pncA_p.Val130Gly,1) Assoc w R,p.V130G,1.0
Pyrazinamide,pncA,pncA_p.Pro54Ser,1) Assoc w R,p.P54S,1.0
Pyrazinamide,pncA,pncA_p.Phe94Ser,1) Assoc w R,p.F94S,1.0
Pyrazinamide,pncA,pncA_p.Val131Gly,2) Assoc w R - Interim,p.V131G,1.0
Pyrazinamide,pncA,pncA_p.Gly78Val,1) Assoc w R,p.G78V,1.0
Pyrazinamide,pncA,pncA_p.Lys96Gln,1) Assoc w R,p.K96Q,0.8333333333333334
Pyrazinamide,pncA,pncA_p.Phe58Cys,2) Assoc w R - Interim,p.F58C,1.0
Pyrazinamide,pncA,pncA_p.Ala143Gly,1) Assoc w R,p.A143G,0.75
Pyrazinamide,pncA,pncA_p.Cys14Gly,3) Uncertain significance,p.C14G,0.4444444444444444
Pyrazinamide,pncA,pncA_p.Phe58Ser,1) Assoc w R,p.F58S,1.0
Pyrazinamide,pncA,pncA_p.Val131Phe,1) Assoc w R,p.V131F,0.8
Pyrazinamide,pncA,pncA_p.Ile90Asn,1) Assoc w R,p.I90N,1.0
Pyrazinamide,pncA,pncA_p.Thr47Asn,1) Assoc w R,p.T47N,1.0
Pyrazinamide,pncA,pncA_p.Thr142Pro,2) Assoc w R - Interim,p.T142P,1.0
Pyrazinamide,pncA,pncA_p.Ala46Val,1) Assoc w R,p.A46V,0.75
Pyrazinamide,pncA,pncA_p.Thr160Lys,2) Assoc w R - Interim,p.T160K,1.0
Pyrazinamide,pncA,pncA_p.Val130Met,2) Assoc w R - Interim,p.V130M,
Pyrazinamide,clpC1,clpC1_p.Ala757Val,3) Uncertain significance,p.A757V,1.0
Pyrazinamide,pncA,pncA_p.Gly97Val,1) Assoc w R,p.G97V,1.0
Pyrazinamide,pncA,pncA_p.Thr160Arg,1) Assoc w R,p.T160R,1.0
Pyrazinamide,pncA,pncA_p.Met175Ile,1) Assoc w R,p.M175I,0.5
Pyrazinamide,pncA,pncA_p.Thr135Asn,1) Assoc w R,p.T135N,1.0
Pyrazinamide,pncA,pncA_p.Asp8His,1) Assoc w R,p.D8H,1.0
Pyrazinamide,pncA,pncA_p.Leu35Pro,1) Assoc w R,p.L35P,0.625
Pyrazinamide,pncA,pncA_p.Thr142Lys,1) Assoc w R,p.T142K,1.0
Pyrazinamide,panD,panD_p.Ile115Thr,3) Uncertain significance,p.I115T,0.3333333333333333
Pyrazinamide,clpC1,clpC1_p.Arg737Trp,3) Uncertain significance,p.R737W,1.0
Pyrazinamide,pncA,pncA_p.Leu116Pro,1) Assoc w R,p.L116P,0.75
Pyrazinamide,pncA,pncA_p.Tyr95Asp,1) Assoc w R,p.Y95D,1.0
Pyrazinamide,pncA,pncA_p.Val163Ala,1) Assoc w R,p.V163A,0.75
Pyrazinamide,clpC1,clpC1_p.Met734Ile,3) Uncertain significance,p.M734I,0.5
Pyrazinamide,pncA,pncA_p.Cys72Tyr,1) Assoc w R,p.C72Y,1.0
Pyrazinamide,pncA,pncA_p.Val139Leu,1) Assoc w R,p.V139L,0.6666666666666666
Pyrazinamide,pncA,pncA_p.Tyr34Ser,1) Assoc w R,p.Y34S,1.0
Pyrazinamide,pncA,pncA_p.Val7Ala,1) Assoc w R,p.V7A,0.6666666666666666
Pyrazinamide,clpC1,clpC1_p.Glu327Val,3) Uncertain significance,p.E327V,1.0
Pyrazinamide,pncA,pncA_p.Phe106Leu,1) Assoc w R,p.F106L,1.0
Pyrazinamide,pncA,pncA_p.Trp68Leu,2) Assoc w R - Interim,p.W68L,1.0
Pyrazinamide,pncA,pncA_p.Thr114Pro,1) Assoc w R,p.T114P,1.0
Pyrazinamide,pncA,pncA_p.Ser104Ile,1) Assoc w R,p.S104I,1.0
Pyrazinamide,pncA,pncA_p.Tyr103Ser,1) Assoc w R,p.Y103S,1.0
Pyrazinamide,clpC1,clpC1_p.Gln346His,3) Uncertain significance,p.Q346H,0.14285714285714285
Pyrazinamide,pncA,pncA_p.Ile6Ser,1) Assoc w R,p.I6S,1.0
Pyrazinamide,pncA,pncA_p.His57Gln,1) Assoc w R,p.H57Q,1.0
Pyrazinamide,pncA,pncA_p.Gly78Ser,1) Assoc w R,p.G78S,0.6666666666666666
Pyrazinamide,pncA,pncA_p.Pro54Gln,1) Assoc w R,p.P54Q,0.75
Pyrazinamide,pncA,pncA_p.Ala171Pro,1) Assoc w R,p.A171P,1.0
Pyrazinamide,pncA,pncA_p.Arg121Pro,1) Assoc w R,p.R121P,1.0
Pyrazinamide,pncA,pncA_p.Leu156Pro,1) Assoc w R,p.L156P,1.0
Pyrazinamide,pncA,pncA_p.Asp136Val,1) Assoc w R,p.D136V,1.0
Pyrazinamide,pncA,pncA_p.Gly132Asp,1) Assoc w R,p.G132D,1.0
Pyrazinamide,pncA,pncA_p.Gly132Cys,1) Assoc w R,p.G132C,1.0
Pyrazinamide,pncA,pncA_p.Ala3Pro,3) Uncertain significance,p.A3P,1.0
Pyrazinamide,pncA,pncA_p.Ala102Leu,3) Uncertain significance,p.A102L,1.0
Pyrazinamide,pncA,pncA_p.Gly17Ala,3) Uncertain significance,p.G17A,1.0
Pyrazinamide,pncA,pncA_p.Cys14Tyr,3) Uncertain significance,p.C14Y,1.0
Pyrazinamide,pncA,pncA_p.Ala28Asp,3) Uncertain significance,p.A28D,1.0
Pyrazinamide,pncA,pncA_p.Asp136Ala,3) Uncertain significance,p.D136A,1.0
Pyrazinamide,pncA,pncA_p.Gln10Leu,3) Uncertain significance,p.Q10L,1.0
Pyrazinamide,pncA,pncA_p.Arg123Pro,3) Uncertain significance,p.R123P,1.0
Pyrazinamide,pncA,pncA_p.Val7Ile,3) Uncertain significance,p.V7I,
Pyrazinamide,pncA,pncA_p.Pro62Gln,3) Uncertain significance,p.P62Q,1.0
Pyrazinamide,pncA,pncA_p.Leu172Arg,3) Uncertain significance,p.L172R,1.0
Pyrazinamide,pncA,pncA_p.Cys14Trp,1) Assoc w R,p.C14W,0.6666666666666666
Pyrazinamide,pncA,pncA_p.Val180Asp,3) Uncertain significance,p.V180D,1.0
Pyrazinamide,pncA,pncA_p.Asp136Tyr,3) Uncertain significance,p.D136Y,
Pyrazinamide,pncA,pncA_p.Ala134Gly,3) Uncertain significance,p.A134G,1.0
Pyrazinamide,pncA,pncA_p.Thr61Pro,1) Assoc w R,p.T61P,0.5714285714285714
Pyrazinamide,pncA,pncA_p.Gly17Arg,3) Uncertain significance,p.G17R,1.0
Pyrazinamide,pncA,pncA_p.Asp63Val,3) Uncertain significance,p.D63V,1.0
Pyrazinamide,pncA,pncA_p.Ser32Ile,3) Uncertain significance,p.S32I,1.0
Pyrazinamide,pncA,pncA_p.Phe81Val,3) Uncertain significance,p.F81V,0.3333333333333333
Pyrazinamide,pncA,pncA_p.Val93Met,3) Uncertain significance,p.V93M,1.0
Pyrazinamide,pncA,pncA_p.Pro54Thr,1) Assoc w R,p.P54T,0.6666666666666666
Pyrazinamide,pncA,pncA_p.Ser59Phe,3) Uncertain significance,p.S59F,1.0
Pyrazinamide,pncA,pncA_p.Ala171Val,3) Uncertain significance,p.A171V,0.375
Pyrazinamide,pncA,pncA_p.Tyr64Asp,1) Assoc w R,p.Y64D,0.6
Pyrazinamide,pncA,pncA_p.Leu159Val,1) Assoc w R,p.L159V,0.75
Pyrazinamide,pncA,pncA_p.Asn11Ser,3) Uncertain significance,p.N11S,0.5
Pyrazinamide,pncA,pncA_p.Val9Ala,3) Uncertain significance,p.V9A,0.5
Pyrazinamide,pncA,pncA_p.Asp49Tyr,3) Uncertain significance,p.D49Y,1.0
Pyrazinamide,pncA,pncA_p.Asp129Asn,1) Assoc w R,p.D129N,0.75
Pyrazinamide,pncA,pncA_p.Pro69Thr,3) Uncertain significance,p.P69T,1.0
Pyrazinamide,pncA,pncA_p.Lys48Glu,1) Assoc w R,p.K48E,0.6666666666666666
Pyrazinamide,pncA,pncA_p.Pro62Ser,1) Assoc w R,p.P62S,0.75
Pyrazinamide,pncA,pncA_p.Ser104Gly,1) Assoc w R,p.S104G,0.6666666666666666
Pyrazinamide,pncA,pncA_p.Arg2Trp,3) Uncertain significance,p.R2W,
Pyrazinamide,pncA,pncA_p.Arg2Pro,3) Uncertain significance,p.R2P,1.0
Pyrazinamide,pncA,pncA_p.Val45Gly,3) Uncertain significance,p.V45G,1.0
Pyrazinamide,pncA,pncA_p.Pro69Arg,3) Uncertain significance,p.P69R,1.0
Pyrazinamide,pncA,pncA_p.His57Pro,3) Uncertain significance,p.H57P,1.0
Pyrazinamide,pncA,pncA_p.Cys72Trp,3) Uncertain significance,p.C72W,1.0
Pyrazinamide,pncA,pncA_p.Cys138Ser,3) Uncertain significance,p.C138S,1.0
Pyrazinamide,pncA,pncA_p.Ala134Pro,3) Uncertain significance,p.A134P,1.0
Pyrazinamide,pncA,pncA_p.Asp136His,3) Uncertain significance,p.D136H,1.0
Pyrazinamide,pncA,pncA_p.Gly24Val,3) Uncertain significance,p.G24V,1.0
Pyrazinamide,pncA,pncA_p.Gly162Arg,3) Uncertain significance,p.G162R,1.0
Pyrazinamide,pncA,pncA_p.Ala161Gly,3) Uncertain significance,p.A161G,1.0
Pyrazinamide,pncA,pncA_p.Val180Leu,3) Uncertain significance,p.V180L,1.0
Pyrazinamide,pncA,pncA_p.Ala171Asp,3) Uncertain significance,p.A171D,1.0
Pyrazinamide,pncA,pncA_p.His82Asp,3) Uncertain significance,p.H82D,0.25
Pyrazinamide,pncA,pncA_p.Gln10Lys,3) Uncertain significance,p.Q10K,1.0
Pyrazinamide,pncA,pncA_p.Ile133Ser,3) Uncertain significance,p.I133S,1.0
Pyrazinamide,pncA,pncA_p.Val157Gly,3) Uncertain significance,p.V157G,1.0
Pyrazinamide,pncA,pncA_p.Ala161Pro,3) Uncertain significance,p.A161P,1.0
Pyrazinamide,pncA,pncA_p.Val93Gly,3) Uncertain significance,p.V93G,
Pyrazinamide,pncA,pncA_p.Gly132Arg,3) Uncertain significance,p.G132R,1.0
Pyrazinamide,pncA,pncA_p.Lys96Met,3) Uncertain significance,p.K96M,1.0
Pyrazinamide,pncA,pncA_p.Phe58Val,3) Uncertain significance,p.F58V,0.2
Pyrazinamide,pncA,pncA_p.Ala102Thr,1) Assoc w R,p.A102T,0.5
Pyrazinamide,pncA,pncA_p.Thr167Ile,3) Uncertain significance,p.T167I,0.3333333333333333
Pyrazinamide,pncA,pncA_p.Cys72Phe,3) Uncertain significance,p.C72F,1.0
Pyrazinamide,pncA,pncA_p.Tyr103Asp,1) Assoc w R,p.Y103D,0.6666666666666666
Pyrazinamide,pncA,pncA_p.Ala46Thr,3) Uncertain significance,p.A46T,0.5
Pyrazinamide,pncA,pncA_p.His71Gln,3) Uncertain significance,p.H71Q,1.0
Pyrazinamide,clpC1,clpC1_p.Glu161Asp,3) Uncertain significance,p.E161D,1.0
Pyrazinamide,pncA,pncA_p.Thr100Ile,3) Uncertain significance,p.T100I,0.75
Pyrazinamide,pncA,pncA_p.Ile133Asn,3) Uncertain significance,p.I133N,1.0
Pyrazinamide,pncA,pncA_p.Leu182Phe,3) Uncertain significance,p.L182F,
Pyrazinamide,pncA,pncA_p.Asp145Glu,3) Uncertain significance,p.D145E,1.0
Pyrazinamide,panD,panD_p.Thr14Met,3) Uncertain significance,p.T14M,1.0
Pyrazinamide,pncA,pncA_p.His137Asn,3) Uncertain significance,p.H137N,0.5
Pyrazinamide,pncA,pncA_p.Val155Ala,3) Uncertain significance,p.V155A,0.5
Pyrazinamide,pncA,pncA_p.Val93Ala,3) Uncertain significance,p.V93A,0.5
Pyrazinamide,pncA,pncA_p.Thr160Ala,3) Uncertain significance,p.T160A,0.5
Pyrazinamide,pncA,pncA_p.Gly78Cys,3) Uncertain significance,p.G78C,0.5
Pyrazinamide,pncA,pncA_p.Pro69Ser,3) Uncertain significance,p.P69S,0.3333333333333333
Pyrazinamide,panD,panD_p.Pro134Ser,3) Uncertain significance,p.P134S,0.125
Pyrazinamide,clpC1,clpC1_p.Ile627Leu,3) Uncertain significance,p.I627L,1.0
Pyrazinamide,clpC1,clpC1_p.Gly471Asp,3) Uncertain significance,p.G471D,0.5
Pyrazinamide,pncA,pncA_p.Ala171Thr,3) Uncertain significance,p.A171T,0.5
Pyrazinamide,pncA,pncA_p.Leu35Arg,3) Uncertain significance,p.L35R,0.11764705882352941
Pyrazinamide,clpC1,clpC1_p.Glu405Asp,3) Uncertain significance,p.E405D,1.0
Pyrazinamide,pncA,pncA_p.Ile31Thr,2) Assoc w R - Interim,p.I31T,0.3333333333333333
Pyrazinamide,pncA,pncA_p.Ser67Trp,3) Uncertain significance,p.S67W,0.3333333333333333
Pyrazinamide,clpC1,clpC1_p.Gly58Ala,3) Uncertain significance,p.G58A,1.0
Pyrazinamide,pncA,pncA_p.Trp68Ser,3) Uncertain significance,p.W68S,0.5
Pyrazinamide,pncA,pncA_p.His137Arg,3) Uncertain significance,p.H137R,0.2857142857142857
Pyrazinamide,clpC1,clpC1_p.Ile78Met,3) Uncertain significance,p.I78M,1.0
Pyrazinamide,pncA,pncA_p.Ile5Thr,3) Uncertain significance,p.I5T,0.3333333333333333
Pyrazinamide,panD,panD_p.Asp50Asn,3) Uncertain significance,p.D50N,0.0625
Pyrazinamide,pncA,pncA_p.Gly17Val,3) Uncertain significance,p.G17V,0.5
Pyrazinamide,pncA,pncA_p.Asp136Asn,3) Uncertain significance,p.D136N,0.25
Pyrazinamide,panD,panD_p.Asp34Gly,3) Uncertain significance,p.D34G,1.0
Pyrazinamide,pncA,pncA_p.Glu174Asp,3) Uncertain significance,p.E174D,1.0
Pyrazinamide,clpC1,clpC1_p.Thr819Ser,3) Uncertain significance,p.T819S,1.0
Pyrazinamide,clpC1,clpC1_p.Val44Phe,3) Uncertain significance,p.V44F,1.0
Pyrazinamide,clpC1,clpC1_p.Glu810Gly,3) Uncertain significance,p.E810G,0.3333333333333333
Pyrazinamide,pncA,pncA_p.Phe106Ile,3) Uncertain significance,p.F106I,0.3333333333333333
Pyrazinamide,pncA,pncA_p.Val163Gly,3) Uncertain significance,p.V163G,0.3333333333333333
Pyrazinamide,clpC1,clpC1_p.Val718Ile,3) Uncertain significance,p.V718I,1.0
Pyrazinamide,clpC1,clpC1_p.Arg451His,3) Uncertain significance,p.R451H,1.0
Pyrazinamide,panD,panD_p.Ser8Ala,3) Uncertain significance,p.S8A,1.0
Pyrazinamide,clpC1,clpC1_p.Ile286Val,3) Uncertain significance,p.I286V,1.0
Pyrazinamide,clpC1,clpC1_p.Phe595Cys,3) Uncertain significance,p.F595C,
Pyrazinamide,clpC1,clpC1_p.Leu402Val,3) Uncertain significance,p.L402V,1.0
Pyrazinamide,clpC1,clpC1_p.Arg432Gly,3) Uncertain significance,p.R432G,
Pyrazinamide,panD,panD_p.Asp109Asn,3) Uncertain significance,p.D109N,0.75
Pyrazinamide,pncA,pncA_p.Thr135Ala,3) Uncertain significance,p.T135A,0.0
Pyrazinamide,pncA,pncA_p.Asn11His,3) Uncertain significance,p.N11H,1.0
Pyrazinamide,pncA,pncA_p.Asp56His,3) Uncertain significance,p.D56H,0.0
Pyrazinamide,clpC1,clpC1_p.Val345Leu,3) Uncertain significance,p.V345L,0.5
Pyrazinamide,clpC1,clpC1_p.Arg506Gly,3) Uncertain significance,p.R506G,0.0
Pyrazinamide,clpC1,clpC1_p.Ala828Val,3) Uncertain significance,p.A828V,0.0
Pyrazinamide,clpC1,clpC1_p.Arg413Leu,3) Uncertain significance,p.R413L,0.0
Pyrazinamide,clpC1,clpC1_p.Lys186Asn,3) Uncertain significance,p.K186N,0.0
Pyrazinamide,panD,panD_p.Met5Ile,3) Uncertain significance,p.M5I,0.0
Pyrazinamide,clpC1,clpC1_p.Val794Phe,3) Uncertain significance,p.V794F,0.0
Pyrazinamide,clpC1,clpC1_p.Glu478Lys,3) Uncertain significance,p.E478K,0.0
Pyrazinamide,clpC1,clpC1_p.Ala567Thr,3) Uncertain significance,p.A567T,0.0
Pyrazinamide,pncA,pncA_p.Glu37Val,3) Uncertain significance,p.E37V,0.0
Pyrazinamide,clpC1,clpC1_p.Glu612Asp,3) Uncertain significance,p.E612D,0.0
Pyrazinamide,clpC1,clpC1_p.Arg729Gly,3) Uncertain significance,p.R729G,0.0
Pyrazinamide,clpC1,clpC1_p.Ile727Thr,3) Uncertain significance,p.I727T,0.0
Pyrazinamide,clpC1,clpC1_p.His235Tyr,3) Uncertain significance,p.H235Y,0.5
Pyrazinamide,clpC1,clpC1_p.Glu426Gly,3) Uncertain significance,p.E426G,0.0
Pyrazinamide,clpC1,clpC1_p.Ile412Leu,3) Uncertain significance,p.I412L,0.0
Pyrazinamide,pncA,pncA_p.Arg140Gly,3) Uncertain significance,p.R140G,0.0
Pyrazinamide,pncA,pncA_p.Cys14Phe,3) Uncertain significance,p.C14F,0.0
Pyrazinamide,clpC1,clpC1_p.Arg509Gly,3) Uncertain significance,p.R509G,0.0
Pyrazinamide,clpC1,clpC1_p.Arg388Leu,3) Uncertain significance,p.R388L,0.0
Pyrazinamide,pncA,pncA_p.Thr76Ala,3) Uncertain significance,p.T76A,0.0
Pyrazinamide,panD,panD_p.Asp50Glu,3) Uncertain significance,p.D50E,0.0
Pyrazinamide,clpC1,clpC1_p.Arg536Gln,3) Uncertain significance,p.R536Q,0.0
Pyrazinamide,clpC1,clpC1_p.Arg453Gln,3) Uncertain significance,p.R453Q,0.0
Pyrazinamide,clpC1,clpC1_p.Asp753Val,3) Uncertain significance,p.D753V,0.0
Pyrazinamide,pncA,pncA_p.Thr153Pro,3) Uncertain significance,p.T153P,0.0
Pyrazinamide,clpC1,clpC1_p.Arg724Ser,3) Uncertain significance,p.R724S,0.0
Pyrazinamide,clpC1,clpC1_p.Asp443Ala,3) Uncertain significance,p.D443A,0.0
Pyrazinamide,clpC1,clpC1_p.Glu463Lys,3) Uncertain significance,p.E463K,0.0
Pyrazinamide,panD,panD_p.Thr4Ala,3) Uncertain significance,p.T4A,0.0
Pyrazinamide,clpC1,clpC1_p.Ile139Val,3) Uncertain significance,p.I139V,0.0
Pyrazinamide,clpC1,clpC1_p.Ala232Thr,3) Uncertain significance,p.A232T,0.0
Pyrazinamide,clpC1,clpC1_p.Ala527Val,3) Uncertain significance,p.A527V,0.0
Pyrazinamide,clpC1,clpC1_p.Asp656Gly,3) Uncertain significance,p.D656G,0.0
Pyrazinamide,pncA,pncA_p.Ala143Val,3) Uncertain significance,p.A143V,0.0
Pyrazinamide,clpC1,clpC1_p.Asp783His,3) Uncertain significance,p.D783H,0.0
Pyrazinamide,pncA,pncA_p.Glu107Gly,3) Uncertain significance,p.E107G,0.0
Pyrazinamide,clpC1,clpC1_p.Thr654Met,3) Uncertain significance,p.T654M,0.0
Pyrazinamide,pncA,pncA_p.Val157Ala,3) Uncertain significance,p.V157A,0.0
Pyrazinamide,clpC1,clpC1_p.Val525Phe,3) Uncertain significance,p.V525F,0.0
Pyrazinamide,pncA,pncA_p.Val163Leu,3) Uncertain significance,p.V163L,0.0
Pyrazinamide,clpC1,clpC1_p.Ile634Val,3) Uncertain significance,p.I634V,0.0
Pyrazinamide,clpC1,clpC1_p.Lys743Asn,3) Uncertain significance,p.K743N,0.0
Pyrazinamide,panD,panD_p.Pro134Ala,3) Uncertain significance,p.P134A,0.0
Pyrazinamide,clpC1,clpC1_p.Thr278Ser,3) Uncertain significance,p.T278S,0.0
Pyrazinamide,clpC1,clpC1_p.Val170Leu,3) Uncertain significance,p.V170L,0.0
Pyrazinamide,clpC1,clpC1_p.Ala232Asp,3) Uncertain significance,p.A232D,0.0
Pyrazinamide,pncA,pncA_p.Gly17Ser,3) Uncertain significance,p.G17S,0.0
Pyrazinamide,clpC1,clpC1_p.Asp326Ala,3) Uncertain significance,p.D326A,0.0
Pyrazinamide,pncA,pncA_p.Leu4Phe,3) Uncertain significance,p.L4F,0.0
Pyrazinamide,clpC1,clpC1_p.Ile412Ser,3) Uncertain significance,p.I412S,0.0
Pyrazinamide,pncA,pncA_p.Ala26Val,3) Uncertain significance,p.A26V,
Pyrazinamide,clpC1,clpC1_p.Phe342Leu,3) Uncertain significance,p.F342L,0.0
Pyrazinamide,clpC1,clpC1_p.Lys360Asn,3) Uncertain significance,p.K360N,0.0
Pyrazinamide,clpC1,clpC1_p.Pro766Leu,3) Uncertain significance,p.P766L,0.0625
Pyrazinamide,clpC1,clpC1_p.Glu367Gln,3) Uncertain significance,p.E367Q,0.0
Pyrazinamide,panD,panD_p.Ala98Thr,3) Uncertain significance,p.A98T,0.0
Pyrazinamide,clpC1,clpC1_p.Ala368Glu,3) Uncertain significance,p.A368E,0.0
Pyrazinamide,clpC1,clpC1_p.Ile320Val,3) Uncertain significance,p.I320V,0.0
Pyrazinamide,clpC1,clpC1_p.His515Arg,3) Uncertain significance,p.H515R,0.0
Pyrazinamide,pncA,pncA_p.Ser104Thr,3) Uncertain significance,p.S104T,
Pyrazinamide,pncA,pncA_p.Glu37Ala,3) Uncertain significance,p.E37A,0.0
Pyrazinamide,pncA,pncA_p.Phe81Ser,3) Uncertain significance,p.F81S,0.0
Pyrazinamide,clpC1,clpC1_p.Glu430Asp,3) Uncertain significance,p.E430D,0.0
Pyrazinamide,clpC1,clpC1_p.Ala377Thr,3) Uncertain significance,p.A377T,0.0
Pyrazinamide,pncA,pncA_p.Arg2Gln,3) Uncertain significance,p.R2Q,0.0
Pyrazinamide,clpC1,clpC1_p.Glu434Lys,3) Uncertain significance,p.E434K,0.0
Pyrazinamide,clpC1,clpC1_p.Gly159Arg,3) Uncertain significance,p.G159R,0.0
Pyrazinamide,clpC1,clpC1_p.Thr249Met,3) Uncertain significance,p.T249M,0.0
Pyrazinamide,clpC1,clpC1_p.Ala531Ser,3) Uncertain significance,p.A531S,0.0
Pyrazinamide,clpC1,clpC1_p.Lys195Thr,3) Uncertain significance,p.K195T,0.0
Pyrazinamide,pncA,pncA_p.Phe94Tyr,3) Uncertain significance,p.F94Y,
Pyrazinamide,pncA,pncA_p.Arg2Leu,3) Uncertain significance,p.R2L,
Pyrazinamide,pncA,pncA_p.His137Tyr,3) Uncertain significance,p.H137Y,0.0
Pyrazinamide,clpC1,clpC1_p.Arg60Cys,3) Uncertain significance,p.R60C,0.0
Pyrazinamide,pncA,pncA_p.Gly105Ser,3) Uncertain significance,p.G105S,
Pyrazinamide,pncA,pncA_p.Asp136Glu,3) Uncertain significance,p.D136E,0.0
Pyrazinamide,pncA,pncA_p.Val128Ile,3) Uncertain significance,p.V128I,0.0
Pyrazinamide,panD,panD_p.Leu132Pro,3) Uncertain significance,p.L132P,0.0
Pyrazinamide,pncA,pncA_p.Arg140Ser,3) Uncertain significance,p.R140S,0.5
Pyrazinamide,clpC1,clpC1_p.Ala232Val,3) Uncertain significance,p.A232V,0.0
Pyrazinamide,pncA,pncA_p.Val155Leu,3) Uncertain significance,p.V155L,0.0
Pyrazinamide,panD,panD_p.Ala96Val,3) Uncertain significance,p.A96V,0.0
Pyrazinamide,panD,panD_p.Asp37Glu,3) Uncertain significance,p.D37E,0.0
Pyrazinamide,panD,panD_p.Thr100Pro,3) Uncertain significance,p.T100P,0.0
Pyrazinamide,clpC1,clpC1_p.Lys825Glu,3) Uncertain significance,p.K825E,0.0
Pyrazinamide,clpC1,clpC1_p.Ile403Val,3) Uncertain significance,p.I403V,0.0
Pyrazinamide,pncA,pncA_p.Arg148Ser,3) Uncertain significance,p.R148S,0.0
Pyrazinamide,panD,panD_p.Arg135Gly,3) Uncertain significance,p.R135G,0.0
Pyrazinamide,clpC1,clpC1_p.Arg848Leu,3) Uncertain significance,p.R848L,0.0
Pyrazinamide,clpC1,clpC1_p.Tyr248Cys,3) Uncertain significance,p.Y248C,0.0
Pyrazinamide,clpC1,clpC1_p.Ala181Ser,3) Uncertain significance,p.A181S,
Pyrazinamide,clpC1,clpC1_p.Asp244Asn,3) Uncertain significance,p.D244N,0.0
Pyrazinamide,pncA,pncA_p.Ile6Val,3) Uncertain significance,p.I6V,0.0
Pyrazinamide,pncA,pncA_p.Ala30Val,3) Uncertain significance,p.A30V,0.0
Pyrazinamide,panD,panD_p.Gln43Arg,3) Uncertain significance,p.Q43R,0.0
Pyrazinamide,clpC1,clpC1_p.Gly813Asp,3) Uncertain significance,p.G813D,0.0
Pyrazinamide,panD,panD_p.Arg99Gly,3) Uncertain significance,p.R99G,0.0
Pyrazinamide,clpC1,clpC1_p.Gln246Arg,3) Uncertain significance,p.Q246R,0.0
Pyrazinamide,pncA,pncA_p.Arg29Ser,3) Uncertain significance,p.R29S,0.0
Pyrazinamide,pncA,pncA_p.Asp80Val,3) Uncertain significance,p.D80V,0.0
Pyrazinamide,pncA,pncA_p.Asp110Gly,3) Uncertain significance,p.D110G,0.0
Pyrazinamide,clpC1,clpC1_p.Val677Ile,3) Uncertain significance,p.V677I,0.0
Pyrazinamide,panD,panD_p.Gly139Arg,3) Uncertain significance,p.G139R,0.0
Pyrazinamide,clpC1,clpC1_p.Pro796Gln,3) Uncertain significance,p.P796Q,0.0
Pyrazinamide,pncA,pncA_p.Asn149Asp,3) Uncertain significance,p.N149D,0.0
Pyrazinamide,pncA,pncA_p.Asp86Gly,3) Uncertain significance,p.D86G,0.0
Pyrazinamide,clpC1,clpC1_p.Met693Ile,3) Uncertain significance,p.M693I,0.0
Pyrazinamide,pncA,pncA_p.Gly162Ser,3) Uncertain significance,p.G162S,0.0
Pyrazinamide,pncA,pncA_p.His137Gln,3) Uncertain significance,p.H137Q,0.0
Pyrazinamide,pncA,pncA_p.Val163Met,3) Uncertain significance,p.V163M,0.0
Pyrazinamide,pncA,pncA_p.Val125Asp,3) Uncertain significance,p.V125D,0.0
Pyrazinamide,clpC1,clpC1_p.His631Asn,3) Uncertain significance,p.H631N,0.0
Pyrazinamide,clpC1,clpC1_p.Lys743Thr,3) Uncertain significance,p.K743T,0.0
Pyrazinamide,clpC1,clpC1_p.Gln146Arg,3) Uncertain significance,p.Q146R,0.0
Pyrazinamide,clpC1,clpC1_p.Val817Met,3) Uncertain significance,p.V817M,0.0
Pyrazinamide,clpC1,clpC1_p.Thr179Met,3) Uncertain significance,p.T179M,0.0
Pyrazinamide,pncA,pncA_p.Ala171Gly,3) Uncertain significance,p.A171G,
Pyrazinamide,clpC1,clpC1_p.Lys694Glu,3) Uncertain significance,p.K694E,0.0
Pyrazinamide,clpC1,clpC1_p.Met379Leu,3) Uncertain significance,p.M379L,0.0
Pyrazinamide,pncA,pncA_p.Val125Ile,3) Uncertain significance,p.V125I,0.0
Pyrazinamide,pncA,pncA_p.Ser179Ile,3) Uncertain significance,p.S179I,0.0
Pyrazinamide,clpC1,clpC1_p.Pro74Leu,3) Uncertain significance,p.P74L,
Pyrazinamide,clpC1,clpC1_p.Phe657Val,3) Uncertain significance,p.F657V,0.0
Pyrazinamide,clpC1,clpC1_p.Leu204Val,3) Uncertain significance,p.L204V,0.0
Pyrazinamide,clpC1,clpC1_p.Leu273Val,3) Uncertain significance,p.L273V,
Pyrazinamide,pncA,pncA_p.Leu19Arg,3) Uncertain significance,p.L19R,0.0
Pyrazinamide,clpC1,clpC1_p.Lys270Arg,3) Uncertain significance,p.K270R,0.058823529411764705
Pyrazinamide,pncA,pncA_p.Asp158Asn,3) Uncertain significance,p.D158N,0.0
Pyrazinamide,clpC1,clpC1_p.Glu184Lys,3) Uncertain significance,p.E184K,0.0
Pyrazinamide,clpC1,clpC1_p.Gln579Arg,3) Uncertain significance,p.Q579R,0.0
Pyrazinamide,panD,panD_p.Gly137Val,3) Uncertain significance,p.G137V,0.0
Pyrazinamide,clpC1,clpC1_p.Gly822Ser,3) Uncertain significance,p.G822S,0.0
Pyrazinamide,pncA,pncA_p.Asp129Gly,3) Uncertain significance,p.D129G,
Pyrazinamide,pncA,pncA_p.Tyr41Cys,3) Uncertain significance,p.Y41C,
Pyrazinamide,clpC1,clpC1_p.Ile550Val,3) Uncertain significance,p.I550V,0.0
Pyrazinamide,clpC1,clpC1_p.Glu792Gly,3) Uncertain significance,p.E792G,0.0
Pyrazinamide,clpC1,clpC1_p.Ala151Thr,3) Uncertain significance,p.A151T,0.0
Pyrazinamide,pncA,pncA_p.Thr135Ile,3) Uncertain significance,p.T135I,0.0
Pyrazinamide,clpC1,clpC1_p.Thr208Ile,3) Uncertain significance,p.T208I,0.0
Pyrazinamide,pncA,pncA_p.Thr167Pro,3) Uncertain significance,p.T167P,0.0
Pyrazinamide,pncA,pncA_p.Pro115Ser,3) Uncertain significance,p.P115S,0.0
Pyrazinamide,clpC1,clpC1_p.Tyr690Ser,3) Uncertain significance,p.Y690S,0.0
Pyrazinamide,clpC1,clpC1_p.Glu793Lys,3) Uncertain significance,p.E793K,0.0
Pyrazinamide,pncA,pncA_p.Pro77Leu,3) Uncertain significance,p.P77L,0.0
Pyrazinamide,panD,panD_p.Pro81Leu,3) Uncertain significance,p.P81L,0.0
Pyrazinamide,clpC1,clpC1_p.Gln784Pro,3) Uncertain significance,p.Q784P,0.0
Pyrazinamide,panD,panD_p.Ala96Thr,3) Uncertain significance,p.A96T,0.0
Pyrazinamide,pncA,pncA_p.Val45Ala,3) Uncertain significance,p.V45A,0.0
Pyrazinamide,clpC1,clpC1_p.Gln97Arg,3) Uncertain significance,p.Q97R,0.0
Pyrazinamide,pncA,pncA_p.Ala36Pro,3) Uncertain significance,p.A36P,
Pyrazinamide,pncA,pncA_p.Asp63Glu,3) Uncertain significance,p.D63E,0.0
Pyrazinamide,pncA,pncA_p.Tyr99Cys,3) Uncertain significance,p.Y99C,0.0
Pyrazinamide,panD,panD_p.Val15Ala,3) Uncertain significance,p.V15A,0.0
Pyrazinamide,clpC1,clpC1_p.Ala755Thr,3) Uncertain significance,p.A755T,0.0
Pyrazinamide,panD,panD_p.Arg104Gln,3) Uncertain significance,p.R104Q,0.0
Pyrazinamide,pncA,pncA_p.Pro115Leu,3) Uncertain significance,p.P115L,0.0
Pyrazinamide,pncA,pncA_p.Leu27Gln,3) Uncertain significance,p.L27Q,0.0
Pyrazinamide,clpC1,clpC1_p.Ala591Val,3) Uncertain significance,p.A591V,0.0
Pyrazinamide,clpC1,clpC1_p.Glu240Lys,3) Uncertain significance,p.E240K,0.0
Pyrazinamide,clpC1,clpC1_p.Leu273Ile,3) Uncertain significance,p.L273I,0.0
Pyrazinamide,pncA,pncA_p.Gly124Ser,3) Uncertain significance,p.G124S,0.0
Pyrazinamide,clpC1,clpC1_p.Val602Ile,3) Uncertain significance,p.V602I,0.0
Pyrazinamide,pncA,pncA_p.Ser66Ala,3) Uncertain significance,p.S66A,0.0
Pyrazinamide,pncA,pncA_p.His43Tyr,3) Uncertain significance,p.H43Y,0.0
Pyrazinamide,pncA,pncA_p.Ala79Thr,3) Uncertain significance,p.A79T,0.0
Pyrazinamide,pncA,pncA_p.Thr47Ile,3) Uncertain significance,p.T47I,0.0
Pyrazinamide,pncA,pncA_p.Val183Leu,3) Uncertain significance,p.V183L,0.0
Pyrazinamide,pncA,pncA_p.Ser18Pro,3) Uncertain significance,p.S18P,0.0
Pyrazinamide,clpC1,clpC1_p.Leu566Val,3) Uncertain significance,p.L566V,0.0
Pyrazinamide,pncA,pncA_p.Thr114Met,3) Uncertain significance,p.T114M,0.0
Pyrazinamide,pncA,pncA_p.Ala143Thr,3) Uncertain significance,p.A143T,0.0
Pyrazinamide,pncA,pncA_p.Pro54Ala,3) Uncertain significance,p.P54A,0.0
Pyrazinamide,pncA,pncA_p.Val109Gly,3) Uncertain significance,p.V109G,0.0
Pyrazinamide,clpC1,clpC1_p.Asp699Ala,3) Uncertain significance,p.D699A,0.0
Pyrazinamide,pncA,pncA_p.Ala79Val,3) Uncertain significance,p.A79V,0.0
Pyrazinamide,clpC1,clpC1_p.Asp656Asn,3) Uncertain significance,p.D656N,0.0
Pyrazinamide,clpC1,clpC1_p.Ala816Val,3) Uncertain significance,p.A816V,0.0
Pyrazinamide,pncA,pncA_p.Val45Met,3) Uncertain significance,p.V45M,0.0
Pyrazinamide,clpC1,clpC1_p.Pro419Leu,3) Uncertain significance,p.P419L,0.0
Pyrazinamide,pncA,pncA_p.Thr168Ile,3) Uncertain significance,p.T168I,0.0
Pyrazinamide,panD,panD_p.Ala122Thr,3) Uncertain significance,p.A122T,0.0
Pyrazinamide,clpC1,clpC1_p.Ala567Val,3) Uncertain significance,p.A567V,0.0
Pyrazinamide,pncA,pncA_p.Leu116Val,3) Uncertain significance,p.L116V,0.0
Pyrazinamide,pncA,pncA_p.Lys48Asn,3) Uncertain significance,p.K48N,0.0
Pyrazinamide,clpC1,clpC1_p.Gly686Ser,3) Uncertain significance,p.G686S,0.0
Pyrazinamide,pncA,pncA_p.Ser65Pro,3) Uncertain significance,p.S65P,0.0
Pyrazinamide,pncA,pncA_p.Leu151Trp,3) Uncertain significance,p.L151W,0.0
Pyrazinamide,clpC1,clpC1_p.Pro796Ala,3) Uncertain significance,p.P796A,0.0
Pyrazinamide,clpC1,clpC1_p.Glu793Gln,3) Uncertain significance,p.E793Q,0.0
Pyrazinamide,pncA,pncA_p.Val157Leu,3) Uncertain significance,p.V157L,0.0
Pyrazinamide,pncA,pncA_p.Glu15Gly,3) Uncertain significance,p.E15G,0.0
Pyrazinamide,panD,panD_p.Asp116Gly,3) Uncertain significance,p.D116G,0.0
Pyrazinamide,clpC1,clpC1_p.Arg737Leu,3) Uncertain significance,p.R737L,0.0
Pyrazinamide,clpC1,clpC1_p.Leu473Val,3) Uncertain significance,p.L473V,0.0
Pyrazinamide,clpC1,clpC1_p.Asp474Gly,3) Uncertain significance,p.D474G,0.0
Pyrazinamide,clpC1,clpC1_p.Ile215Val,3) Uncertain significance,p.I215V,0.13333333333333333
Pyrazinamide,pncA,pncA_p.Ile6Leu,4) Not assoc w R - Interim,p.I6L,0.05263157894736842
Pyrazinamide,pncA,pncA_p.Thr87Met,4) Not assoc w R - Interim,p.T87M,0.0
Pyrazinamide,clpC1,clpC1_p.Asp474His,3) Uncertain significance,p.D474H,0.0
Pyrazinamide,panD,panD_p.Arg97Trp,3) Uncertain significance,p.R97W,0.0
Pyrazinamide,clpC1,clpC1_p.Pro796Leu,3) Uncertain significance,p.P796L,0.08717948717948718
Pyrazinamide,panD,panD_p.Ile49Val,3) Uncertain significance,p.I49V,0.0
Pyrazinamide,pncA,pncA_p.Ser66Leu,3) Uncertain significance,p.S66L,0.0
Pyrazinamide,pncA,pncA_p.Val21Ala,5) Not assoc w R,p.V21A,0.125
Pyrazinamide,clpC1,clpC1_p.Asp326Asn,3) Uncertain significance,p.D326N,0.06564551422319474
Pyrazinamide,clpC1,clpC1_p.Ile673Val,3) Uncertain significance,p.I673V,
Pyrazinamide,clpC1,clpC1_p.Met379Ile,3) Uncertain significance,p.M379I,
Pyrazinamide,clpC1,clpC1_p.Pro79Thr,3) Uncertain significance,p.P79T,
Pyrazinamide,panD,panD_p.Asp31Glu,3) Uncertain significance,p.D31E,
Pyrazinamide,panD,panD_p.Ile60Thr,3) Uncertain significance,p.I60T,
Pyrazinamide,pncA,pncA_p.Asp145Tyr,3) Uncertain significance,p.D145Y,
Rifampicin,rpoB,rpoB_p.Ser450Leu,1) Assoc w R,p.S450L,0.9871811990920016
Rifampicin,rpoB,rpoB_p.Asp435Val,1) Assoc w R,p.D435V,0.9869753979739508
Rifampicin,rpoB,rpoB_p.His445Asp,1) Assoc w R,p.H445D,0.987012987012987
Rifampicin,rpoB,rpoB_p.His445Tyr,1) Assoc w R,p.H445Y,0.9780701754385965
Rifampicin,rpoB,rpoB_p.Ser450Trp,1) Assoc w R,p.S450W,0.9796954314720813
Rifampicin,rpoB,rpoB_p.Ser450Phe,1) Assoc w R,p.S450F,0.9942196531791907
Rifampicin,rpoB,rpoB_p.Asp435Tyr,1) Assoc w R,p.D435Y,0.7569444444444444
Rifampicin,rpoB,rpoB_p.His445Leu,1) Assoc w R,p.H445L,0.9337748344370861
Rifampicin,rpoB,rpoB_p.His445Arg,1) Assoc w R,p.H445R,0.9801980198019802
Rifampicin,rpoB,rpoB_p.Leu452Pro,1) Assoc w R,p.L452P,0.7605042016806722
Rifampicin,rpoB,rpoB_p.Val170Phe,1) Assoc w R,p.V170F,0.9836065573770492
Rifampicin,rpoB,rpoB_p.Gln432Pro,1) Assoc w R,p.Q432P,1.0
Rifampicin,rpoB,rpoB_p.Ile491Phe,1) Assoc w R,p.I491F,0.4859154929577465
Rifampicin,rpoB,rpoB_p.Leu430Pro,1) Assoc w R,p.L430P,0.5811320754716981
Rifampicin,rpoB,rpoB_p.His445Cys,1) Assoc w R,p.H445C,0.8846153846153846
Rifampicin,rpoB,rpoB_p.Gln432Lys,1) Assoc w R,p.Q432K,1.0
Rifampicin,rpoB,rpoB_p.Asp435Gly,1) Assoc w R,p.D435G,0.967391304347826
Rifampicin,rpoB,rpoB_p.Asp435Phe,1) Assoc w R,p.D435F,0.8888888888888888
Rifampicin,rpoB,rpoB_p.Ser441Leu,1) Assoc w R,p.S441L,1.0
Rifampicin,rpoB,rpoB_p.His445Asn,1) Assoc w R,p.H445N,0.6918238993710691
Rifampicin,rpoB,rpoB_p.Ser441Gln,1) Assoc w R,p.S441Q,0.9354838709677419
Rifampicin,rpoB,rpoB_p.Gln432Leu,1) Assoc w R,p.Q432L,0.9473684210526315
Rifampicin,rpoB,rpoB_p.Ser450Gln,1) Assoc w R,p.S450Q,1.0
Rifampicin,rpoB,rpoB_p.Ile491Leu,1) Assoc w R,p.I491L,1.0
Rifampicin,rpoB,rpoB_p.Met434Ile,1) Assoc w R,p.M434I,0.9166666666666666
Rifampicin,rpoB,rpoB_p.Asp435Glu,1) Assoc w R,p.D435E,1.0
Rifampicin,rpoB,rpoB_p.His835Arg,3) Uncertain significance,p.H835R,1.0
Rifampicin,rpoB,rpoB_p.His445Pro,1) Assoc w R,p.H445P,1.0
Rifampicin,rpoB,rpoB_p.Ser450Tyr,1) Assoc w R,p.S450Y,1.0
Rifampicin,rpoB,rpoB_p.Val496Met,3) Uncertain significance,p.V496M,1.0
Rifampicin,rpoB,rpoB_p.Pro45Ser,3) Uncertain significance,p.P45S,1.0
Rifampicin,rpoB,rpoB_p.His445Ser,1) Assoc w R,p.H445S,0.8235294117647058
Rifampicin,rpoB,rpoB_p.Phe424Val,1) Assoc w R,p.F424V,1.0
Rifampicin,rpoB,rpoB_p.Ser493Leu,1) Assoc w R,p.S493L,1.0
Rifampicin,rpoB,rpoB_p.Ile488Val,3) Uncertain significance,p.I488V,1.0
Rifampicin,rpoB,rpoB_p.Val496Ala,3) Uncertain significance,p.V496A,0.9714285714285714
Rifampicin,rpoB,rpoB_p.Ser450Met,2) Assoc w R - Interim,p.S450M,1.0
Rifampicin,rpoB,rpoB_p.Ser441Met,2) Assoc w R - Interim,p.S441M,1.0
Rifampicin,rpoB,rpoB_p.Arg448Gln,2) Assoc w R - Interim,p.R448Q,1.0
Rifampicin,rpoB,rpoB_p.His445Gly,1) Assoc w R,p.H445G,1.0
Rifampicin,rpoB,rpoB_p.His445Gln,1) Assoc w R,p.H445Q,0.8666666666666667
Rifampicin,rpoB,rpoB_p.Ile491Met,1) Assoc w R,p.I491M,1.0
Rifampicin,rpoB,rpoB_p.Gln432Glu,2) Assoc w R - Interim,p.Q432E,1.0
Rifampicin,rpoB,rpoB_p.His445Thr,2) Assoc w R - Interim,p.H445T,1.0
Rifampicin,rpoB,rpoB_p.Arg448Lys,2) Assoc w R - Interim,p.R448K,1.0
Rifampicin,rpoB,rpoB_p.Ile491Thr,1) Assoc w R,p.I491T,1.0
Rifampicin,rpoB,rpoB_p.His1028Tyr,3) Uncertain significance,p.H1028Y,1.0
Rifampicin,rpoB,rpoB_p.Phe503Ser,3) Uncertain significance,p.F503S,0.9565217391304348
Rifampicin,rpoB,rpoB_p.Ser441Val,2) Assoc w R - Interim,p.S441V,1.0
Rifampicin,rpoB,rpoB_p.Ile1106Thr,3) Uncertain significance,p.I1106T,1.0
Rifampicin,rpoB,rpoB_p.Ile491Tyr,3) Uncertain significance,p.I491Y,1.0
Rifampicin,rpoB,rpoB_p.Thr400Ala,3) Uncertain significance,p.T400A,1.0
Rifampicin,rpoB,rpoB_p.His445Phe,2) Assoc w R - Interim,p.H445F,
Rifampicin,rpoB,rpoB_p.Ser431Gly,1) Assoc w R,p.S431G,0.9
Rifampicin,rpoB,rpoB_p.Glu761Asp,3) Uncertain significance,p.E761D,1.0
Rifampicin,rpoB,rpoB_p.Leu430Arg,2) Assoc w R - Interim,p.L430R,0.9090909090909091
Rifampicin,rpoB,rpoB_p.Ser431Arg,2) Assoc w R - Interim,p.S431R,1.0
Rifampicin,rpoB,rpoB_p.Asp435Asn,2) Assoc w R - Interim,p.D435N,1.0
Rifampicin,rpoB,rpoB_p.Pro45Arg,3) Uncertain significance,p.P45R,1.0
Rifampicin,rpoB,rpoB_p.Val695Leu,3) Uncertain significance,p.V695L,0.4835164835164835
Rifampicin,rpoB,rpoB_p.Ser874Tyr,3) Uncertain significance,p.S874Y,1.0
Rifampicin,rpoB,rpoB_p.Gln172Arg,3) Uncertain significance,p.Q172R,1.0
Rifampicin,rpoB,rpoB_p.Ala584Asp,3) Uncertain significance,p.A584D,1.0
Rifampicin,rpoB,rpoB_p.Val168Ala,3) Uncertain significance,p.V168A,1.0
Rifampicin,rpoB,rpoB_p.Ala2Thr,3) Uncertain significance,p.A2T,1.0
Rifampicin,rpoB,rpoB_p.Thr399Ile,3) Uncertain significance,p.T399I,1.0
Rifampicin,rpoB,rpoB_p.Asn437His,2) Assoc w R - Interim,p.N437H,1.0
Rifampicin,rpoB,rpoB_p.Gln429Leu,2) Assoc w R - Interim,p.Q429L,1.0
Rifampicin,rpoB,rpoB_p.Glu250Gly,3) Uncertain significance,p.E250G,0.09259259259259259
Rifampicin,rpoB,rpoB_p.Ala286Val,3) Uncertain significance,p.A286V,1.0
Rifampicin,rpoB,rpoB_p.Arg827Leu,3) Uncertain significance,p.R827L,1.0
Rifampicin,rpoB,rpoB_p.Arg552His,3) Uncertain significance,p.R552H,1.0
Rifampicin,rpoB,rpoB_p.Ser428Thr,2) Assoc w R - Interim,p.S428T,1.0
Rifampicin,rpoB,rpoB_p.Ile873Phe,3) Uncertain significance,p.I873F,1.0
Rifampicin,rpoB,rpoB_p.Leu731Pro,3) Uncertain significance,p.L731P,0.9763779527559056
Rifampicin,rpoB,rpoB_p.Thr427Ile,2) Assoc w R - Interim,p.T427I,1.0
Rifampicin,rpoB,rpoB_p.Leu378Arg,3) Uncertain significance,p.L378R,1.0
Rifampicin,rpoB,rpoB_p.Arg827His,3) Uncertain significance,p.R827H,1.0
Rifampicin,rpoB,rpoB_p.Ser441Trp,2) Assoc w R - Interim,p.S441W,
Rifampicin,rpoB,rpoB_p.Met434Arg,2) Assoc w R - Interim,p.M434R,1.0
Rifampicin,rpoB,rpoB_p.Gly675Asp,3) Uncertain significance,p.G675D,1.0
Rifampicin,rpoB,rpoB_p.Ser450Gly,2) Assoc w R - Interim,p.S450G,0.5
Rifampicin,rpoB,rpoB_p.Ser493Arg,3) Uncertain significance,p.S493R,0.5
Rifampicin,rpoB,rpoB_p.Asp574Glu,3) Uncertain significance,p.D574E,1.0
Rifampicin,rpoB,rpoB_p.Gln432His,2) Assoc w R - Interim,p.Q432H,1.0
Rifampicin,rpoB,rpoB_p.Pro906Gln,3) Uncertain significance,p.P906Q,1.0
Rifampicin,rpoB,rpoB_p.His674Asp,3) Uncertain significance,p.H674D,
Rifampicin,rpoB,rpoB_p.Tyr564His,3) Uncertain significance,p.Y564H,1.0
Rifampicin,rpoB,rpoB_p.Asp571Tyr,3) Uncertain significance,p.D571Y,
Rifampicin,rpoB,rpoB_p.Val26Ala,3) Uncertain significance,p.V26A,1.0
Rifampicin,rpoB,rpoB_p.Ala943Val,3) Uncertain significance,p.A943V,1.0
Rifampicin,rpoB,rpoB_p.Leu449Met,2) Assoc w R - Interim,p.L449M,1.0
Rifampicin,rpoB,rpoB_p.Met920Val,3) Uncertain significance,p.M920V,1.0
Rifampicin,rpoB,rpoB_p.Pro700Ser,3) Uncertain significance,p.P700S,1.0
Rifampicin,rpoB,rpoB_p.Asp435Leu,2) Assoc w R - Interim,p.D435L,
Rifampicin,rpoB,rpoB_p.Val168Leu,3) Uncertain significance,p.V168L,1.0
Rifampicin,rpoB,rpoB_p.His723Asp,3) Uncertain significance,p.H723D,1.0
Rifampicin,rpoB,rpoB_p.Tyr308Cys,3) Uncertain significance,p.Y308C,1.0
Rifampicin,rpoB,rpoB_p.Gly981Asp,3) Uncertain significance,p.G981D,1.0
Rifampicin,rpoB,rpoB_p.Arg552Cys,3) Uncertain significance,p.R552C,1.0
Rifampicin,rpoB,rpoB_p.Thr444Ile,2) Assoc w R - Interim,p.T444I,1.0
Rifampicin,rpoB,rpoB_p.Gln432Asn,2) Assoc w R - Interim,p.Q432N,1.0
Rifampicin,rpoB,rpoB_p.Lys274Asn,3) Uncertain significance,p.K274N,1.0
Rifampicin,rpoB,rpoB_p.Arg827Cys,3) Uncertain significance,p.R827C,0.9753086419753086
Rifampicin,rpoB,rpoB_p.Arg448Leu,2) Assoc w R - Interim,p.R448L,1.0
Rifampicin,rpoB,rpoB_p.His194Arg,3) Uncertain significance,p.H194R,1.0
Rifampicin,rpoB,rpoB_p.Glu550Gly,3) Uncertain significance,p.E550G,1.0
Rifampicin,rpoB,rpoB_p.Leu831Arg,3) Uncertain significance,p.L831R,1.0
Rifampicin,rpoB,rpoB_p.Glu207Lys,3) Uncertain significance,p.E207K,1.0
Rifampicin,rpoB,rpoB_p.Thr400Ser,3) Uncertain significance,p.T400S,1.0
Rifampicin,rpoB,rpoB_p.Leu862Arg,3) Uncertain significance,p.L862R,1.0
Rifampicin,rpoB,rpoB_p.Thr159Pro,3) Uncertain significance,p.T159P,1.0
Rifampicin,rpoB,rpoB_p.Lys891Thr,3) Uncertain significance,p.K891T,
Rifampicin,rpoB,rpoB_p.Asn487Ser,3) Uncertain significance,p.N487S,1.0
Rifampicin,rpoB,rpoB_p.Leu554Pro,3) Uncertain significance,p.L554P,1.0
Rifampicin,rpoB,rpoB_p.Val970Met,3) Uncertain significance,p.V970M,1.0
Rifampicin,rpoB,rpoB_p.Val562Ala,3) Uncertain significance,p.V562A,1.0
Rifampicin,rpoB,rpoB_p.Gly836Ser,3) Uncertain significance,p.G836S,1.0
Rifampicin,rpoB,rpoB_p.Val534Met,3) Uncertain significance,p.V534M,0.9782608695652174
Rifampicin,rpoB,rpoB_p.Lys1054Arg,3) Uncertain significance,p.K1054R,1.0
Rifampicin,rpoB,rpoB_p.Ser431Asn,2) Assoc w R - Interim,p.S431N,1.0
Rifampicin,rpoB,rpoB_p.Pro483Leu,3) Uncertain significance,p.P483L,0.5
Rifampicin,rpoB,rpoB_p.Met434Thr,2) Assoc w R - Interim,p.M434T,1.0
Rifampicin,rpoB,rpoB_p.Lys832Glu,3) Uncertain significance,p.K832E,1.0
Rifampicin,rpoB,rpoB_p.Asp571Ala,3) Uncertain significance,p.D571A,1.0
Rifampicin,rpoB,rpoB_p.Val168Gly,3) Uncertain significance,p.V168G,
Rifampicin,rpoB,rpoB_p.His1028Asp,3) Uncertain significance,p.H1028D,1.0
Rifampicin,rpoB,rpoB_p.Ala498Val,3) Uncertain significance,p.A498V,
Rifampicin,rpoB,rpoB_p.Phe424Leu,3) Uncertain significance,p.F424L,0.42857142857142855
Rifampicin,rpoB,rpoB_p.Gln436Pro,2) Assoc w R - Interim,p.Q436P,1.0
Rifampicin,rpoB,rpoB_p.Ile90Ser,3) Uncertain significance,p.I90S,1.0
Rifampicin,rpoB,rpoB_p.Arg167His,3) Uncertain significance,p.R167H,1.0
Rifampicin,rpoB,rpoB_p.Gly973Asp,3) Uncertain significance,p.G973D,1.0
Rifampicin,rpoB,rpoB_p.Thr427Ala,2) Assoc w R - Interim,p.T427A,1.0
Rifampicin,rpoB,rpoB_p.Ser450Cys,2) Assoc w R - Interim,p.S450C,0.3333333333333333
Rifampicin,rpoB,rpoB_p.Ala934Thr,3) Uncertain significance,p.A934T,
Rifampicin,rpoB,rpoB_p.Gly456Ser,3) Uncertain significance,p.G456S,1.0
Rifampicin,rpoB,rpoB_p.Val736Leu,3) Uncertain significance,p.V736L,1.0
Rifampicin,rpoB,rpoB_p.Arg219Cys,3) Uncertain significance,p.R219C,1.0
Rifampicin,rpoB,rpoB_p.Val168Met,3) Uncertain significance,p.V168M,
Rifampicin,rpoB,rpoB_p.His674Asn,3) Uncertain significance,p.H674N,1.0
Rifampicin,rpoB,rpoB_p.Pro45Thr,3) Uncertain significance,p.P45T,1.0
Rifampicin,rpoB,rpoB_p.Thr427Pro,2) Assoc w R - Interim,p.T427P,
Rifampicin,rpoB,rpoB_p.Leu452Val,2) Assoc w R - Interim,p.L452V,
Rifampicin,rpoB,rpoB_p.Gln409Arg,3) Uncertain significance,p.Q409R,0.9743589743589743
Rifampicin,rpoB,rpoB_p.Leu490Val,3) Uncertain significance,p.L490V,1.0
Rifampicin,rpoB,rpoB_p.Gln1056Arg,3) Uncertain significance,p.Q1056R,1.0
Rifampicin,rpoB,rpoB_p.Met434Val,2) Assoc w R - Interim,p.M434V,0.8333333333333334
Rifampicin,rpoB,rpoB_p.Glu1121Asp,3) Uncertain significance,p.E1121D,
Rifampicin,rpoB,rpoB_p.Glu563Lys,3) Uncertain significance,p.E563K,1.0
Rifampicin,rpoB,rpoB_p.Ala596Gly,3) Uncertain significance,p.A596G,1.0
Rifampicin,rpoB,rpoB_p.Phe424Ile,3) Uncertain significance,p.F424I,
Rifampicin,rpoB,rpoB_p.Glu507Lys,3) Uncertain significance,p.E507K,0.5
Rifampicin,rpoB,rpoB_p.Leu173Pro,3) Uncertain significance,p.L173P,1.0
Rifampicin,rpoB,rpoB_p.Val534Leu,3) Uncertain significance,p.V534L,1.0
Rifampicin,rpoB,rpoB_p.Glu592Asp,3) Uncertain significance,p.E592D,1.0
Rifampicin,rpoB,rpoB_p.His674Tyr,3) Uncertain significance,p.H674Y,1.0
Rifampicin,rpoB,rpoB_p.Ala753Val,3) Uncertain significance,p.A753V,1.0
Rifampicin,rpoB,rpoB_p.Pro577Leu,3) Uncertain significance,p.P577L,1.0
Rifampicin,rpoB,rpoB_p.Pro45Gln,3) Uncertain significance,p.P45Q,1.0
Rifampicin,rpoB,rpoB_p.Gly453Arg,3) Uncertain significance,p.G453R,1.0
Rifampicin,rpoB,rpoB_p.Pro969Ser,3) Uncertain significance,p.P969S,1.0
Rifampicin,rpoB,rpoB_p.Asp435Ala,2) Assoc w R - Interim,p.D435A,0.5454545454545454
Rifampicin,rpoB,rpoB_p.Val581Met,3) Uncertain significance,p.V581M,1.0
Rifampicin,rpoB,rpoB_p.Ser450Val,2) Assoc w R - Interim,p.S450V,0.75
Rifampicin,rpoB,rpoB_p.Ser96Pro,3) Uncertain significance,p.S96P,1.0
Rifampicin,rpoB,rpoB_p.Gly455Arg,3) Uncertain significance,p.G455R,1.0
Rifampicin,rpoB,rpoB_p.Asn539Lys,3) Uncertain significance,p.N539K,1.0
Rifampicin,rpoB,rpoB_p.Thr653Ala,3) Uncertain significance,p.T653A,0.5
Rifampicin,rpoB,rpoB_p.Thr400Asn,3) Uncertain significance,p.T400N,1.0
Rifampicin,rpoB,rpoB_p.Leu42Val,3) Uncertain significance,p.L42V,1.0
Rifampicin,rpoB,rpoB_p.Gly46Val,3) Uncertain significance,p.G46V,1.0
Rifampicin,rpoB,rpoB_p.Thr155Ile,3) Uncertain significance,p.T155I,1.0
Rifampicin,rpoB,rpoB_p.Val50Gly,3) Uncertain significance,p.V50G,1.0
Rifampicin,rpoB,rpoB_p.Glu563Ala,3) Uncertain significance,p.E563A,1.0
Rifampicin,rpoB,rpoB_p.Val305Ile,3) Uncertain significance,p.V305I,1.0
Rifampicin,rpoB,rpoB_p.Ala584Gly,3) Uncertain significance,p.A584G,1.0
Rifampicin,rpoB,rpoB_p.Gly442Glu,2) Assoc w R - Interim,p.G442E,1.0
Rifampicin,rpoB,rpoB_p.Thr928Asn,3) Uncertain significance,p.T928N,1.0
Rifampicin,rpoB,rpoB_p.Gly79Ser,3) Uncertain significance,p.G79S,1.0
Rifampicin,rpoB,rpoB_p.Val496Leu,3) Uncertain significance,p.V496L,1.0
Rifampicin,rpoB,rpoB_p.Pro358Leu,3) Uncertain significance,p.P358L,0.1875
Rifampicin,rpoB,rpoB_p.Val228Ile,3) Uncertain significance,p.V228I,1.0
Rifampicin,rpoB,rpoB_p.Ile480Thr,3) Uncertain significance,p.I480T,1.0
Rifampicin,rpoB,rpoB_p.Ser540Pro,3) Uncertain significance,p.S540P,1.0
Rifampicin,rpoB,rpoB_p.Arg273Cys,3) Uncertain significance,p.R273C,1.0
Rifampicin,rpoB,rpoB_p.Val970Ala,3) Uncertain significance,p.V970A,1.0
Rifampicin,rpoB,rpoB_p.Thr399Ala,3) Uncertain significance,p.T399A,1.0
Rifampicin,rpoB,rpoB_p.Thr399Pro,3) Uncertain significance,p.T399P,1.0
Rifampicin,rpoB,rpoB_p.Ser672Ala,3) Uncertain significance,p.S672A,1.0
Rifampicin,rpoB,rpoB_p.Lys799Gln,3) Uncertain significance,p.K799Q,1.0
Rifampicin,rpoB,rpoB_p.Gln980Arg,3) Uncertain significance,p.Q980R,1.0
Rifampicin,rpoB,rpoB_p.His194Tyr,3) Uncertain significance,p.H194Y,0.1111111111111111
Rifampicin,rpoB,rpoB_p.Pro834Thr,3) Uncertain significance,p.P834T,
Rifampicin,rpoB,rpoB_p.Thr444Ser,2) Assoc w R - Interim,p.T444S,1.0
Rifampicin,rpoB,rpoB_p.Val305Leu,3) Uncertain significance,p.V305L,1.0
Rifampicin,rpoB,rpoB_p.Asp435His,2) Assoc w R - Interim,p.D435H,1.0
Rifampicin,rpoB,rpoB_p.Pro577Ala,3) Uncertain significance,p.P577A,1.0
Rifampicin,rpoB,rpoB_p.Thr427Ser,2) Assoc w R - Interim,p.T427S,1.0
Rifampicin,rpoB,rpoB_p.Thr756Ala,3) Uncertain significance,p.T756A,1.0
Rifampicin,rpoB,rpoB_p.Val562Met,3) Uncertain significance,p.V562M,1.0
Rifampicin,rpoB,rpoB_p.Glu807Gly,3) Uncertain significance,p.E807G,1.0
Rifampicin,rpoB,rpoB_p.Ser441Ala,2) Assoc w R - Interim,p.S441A,1.0
Rifampicin,rpoB,rpoB_p.Gly453Ala,3) Uncertain significance,p.G453A,0.6666666666666666
Rifampicin,rpoB,rpoB_p.Arg824His,3) Uncertain significance,p.R824H,
Rifampicin,rpoB,rpoB_p.Glu423Ala,3) Uncertain significance,p.E423A,1.0
Rifampicin,rpoB,rpoB_p.Pro483Ser,3) Uncertain significance,p.P483S,1.0
Rifampicin,rpoB,rpoB_p.Asp634Gly,3) Uncertain significance,p.D634G,0.925
Rifampicin,rpoB,rpoB_p.Cys681Arg,3) Uncertain significance,p.C681R,1.0
Rifampicin,rpoB,rpoB_p.Asn163Asp,3) Uncertain significance,p.N163D,0.3333333333333333
Rifampicin,rpoB,rpoB_p.Glu465Gln,3) Uncertain significance,p.E465Q,
Rifampicin,rpoB,rpoB_p.Ser874Thr,3) Uncertain significance,p.S874T,1.0
Rifampicin,rpoB,rpoB_p.Asn438His,2) Assoc w R - Interim,p.N438H,1.0
Rifampicin,rpoB,rpoB_p.Val170Ala,3) Uncertain significance,p.V170A,0.6666666666666666
Rifampicin,rpoB,rpoB_p.Gly836Cys,3) Uncertain significance,p.G836C,
Rifampicin,rpoB,rpoB_p.Glu481Ala,3) Uncertain significance,p.E481A,0.8333333333333334
Rifampicin,rpoB,rpoB_p.Arg341His,3) Uncertain significance,p.R341H,1.0
Rifampicin,rpoB,rpoB_p.Tyr572His,3) Uncertain significance,p.Y572H,1.0
Rifampicin,rpoB,rpoB_p.His674Arg,3) Uncertain significance,p.H674R,0.875
Rifampicin,rpoB,rpoB_p.Arg578His,3) Uncertain significance,p.R578H,1.0
Rifampicin,rpoB,rpoB_p.Ser582Ala,3) Uncertain significance,p.S582A,1.0
Rifampicin,rpoB,rpoB_p.Leu494Pro,3) Uncertain significance,p.L494P,
Rifampicin,rpoB,rpoB_p.His593Tyr,3) Uncertain significance,p.H593Y,1.0
Rifampicin,rpoB,rpoB_p.Arg824Leu,3) Uncertain significance,p.R824L,1.0
Rifampicin,rpoB,rpoB_p.Gly158Ser,3) Uncertain significance,p.G158S,1.0
Rifampicin,rpoB,rpoB_p.Gln172Lys,3) Uncertain significance,p.Q172K,1.0
Rifampicin,rpoB,rpoB_p.Thr676Ala,3) Uncertain significance,p.T676A,
Rifampicin,rpoB,rpoB_p.Gln429His,2) Assoc w R - Interim,p.Q429H,0.9
Rifampicin,rpoB,rpoB_p.Pro454Ser,3) Uncertain significance,p.P454S,1.0
Rifampicin,rpoB,rpoB_p.Ala451Gly,2) Assoc w R - Interim,p.A451G,1.0
Rifampicin,rpoB,rpoB_p.Asn733Ser,3) Uncertain significance,p.N733S,1.0
Rifampicin,rpoB,rpoB_p.Ile488Leu,3) Uncertain significance,p.I488L,1.0
Rifampicin,rpoB,rpoB_p.Val359Ala,3) Uncertain significance,p.V359A,0.07692307692307693
Rifampicin,rpoB,rpoB_p.Arg219Leu,3) Uncertain significance,p.R219L,1.0
Rifampicin,rpoB,rpoB_p.Gly633Asp,3) Uncertain significance,p.G633D,
Rifampicin,rpoB,rpoB_p.Asn501Lys,3) Uncertain significance,p.N501K,1.0
Rifampicin,rpoB,rpoB_p.Phe503Val,3) Uncertain significance,p.F503V,1.0
Rifampicin,rpoB,rpoB_p.Asp3Gly,3) Uncertain significance,p.D3G,0.15384615384615385
Rifampicin,rpoB,rpoB_p.Glu291Lys,3) Uncertain significance,p.E291K,1.0
Rifampicin,rpoB,rpoB_p.Leu855Ser,3) Uncertain significance,p.L855S,1.0
Rifampicin,rpoB,rpoB_p.Arg871Leu,3) Uncertain significance,p.R871L,1.0
Rifampicin,rpoB,rpoB_p.Asp265Ala,3) Uncertain significance,p.D265A,
Rifampicin,rpoB,rpoB_p.Ala692Thr,3) Uncertain significance,p.A692T,0.6388888888888888
Rifampicin,rpoB,rpoB_p.Asp520Ala,3) Uncertain significance,p.D520A,1.0
Rifampicin,rpoB,rpoB_p.Val170Gly,3) Uncertain significance,p.V170G,1.0
Rifampicin,rpoB,rpoB_p.Asn24Lys,3) Uncertain significance,p.N24K,1.0
Rifampicin,rpoB,rpoB_p.Leu293Ser,3) Uncertain significance,p.L293S,1.0
Rifampicin,rpoB,rpoB_p.Arg225Gly,3) Uncertain significance,p.R225G,
Rifampicin,rpoB,rpoB_p.Pro454His,3) Uncertain significance,p.P454H,1.0
Rifampicin,rpoB,rpoB_p.Ala538Pro,3) Uncertain significance,p.A538P,
Rifampicin,rpoB,rpoB_p.Leu554Val,3) Uncertain significance,p.L554V,1.0
Rifampicin,rpoB,rpoB_p.Val800Ala,3) Uncertain significance,p.V800A,1.0
Rifampicin,rpoB,rpoB_p.Arg219His,3) Uncertain significance,p.R219H,1.0
Rifampicin,rpoB,rpoB_p.Glu550Lys,3) Uncertain significance,p.E550K,1.0
Rifampicin,rpoB,rpoB_p.Pro1014Arg,3) Uncertain significance,p.P1014R,0.1111111111111111
Rifampicin,rpoB,rpoB_p.Glu807Ala,3) Uncertain significance,p.E807A,1.0
Rifampicin,rpoB,rpoB_p.Cys701Trp,3) Uncertain significance,p.C701W,1.0
Rifampicin,rpoB,rpoB_p.Pro700Arg,3) Uncertain significance,p.P700R,1.0
Rifampicin,rpoB,rpoB_p.Glu166Gly,3) Uncertain significance,p.E166G,1.0
Rifampicin,rpoB,rpoB_p.Val44Gly,3) Uncertain significance,p.V44G,1.0
Rifampicin,rpoB,rpoB_p.Gly890Cys,3) Uncertain significance,p.G890C,1.0
Rifampicin,rpoB,rpoB_p.Asn437Ile,2) Assoc w R - Interim,p.N437I,
Rifampicin,rpoB,rpoB_p.Phe151Leu,3) Uncertain significance,p.F151L,1.0
Rifampicin,rpoB,rpoB_p.Pro454Arg,3) Uncertain significance,p.P454R,1.0
Rifampicin,rpoB,rpoB_p.Ile488Met,3) Uncertain significance,p.I488M,1.0
Rifampicin,rpoB,rpoB_p.Lys803Thr,3) Uncertain significance,p.K803T,1.0
Rifampicin,rpoB,rpoB_p.Gly787Ser,3) Uncertain significance,p.G787S,1.0
Rifampicin,rpoB,rpoB_p.Asn679Ser,3) Uncertain significance,p.N679S,1.0
Rifampicin,rpoB,rpoB_p.Arg845Trp,3) Uncertain significance,p.R845W,1.0
Rifampicin,rpoB,rpoB_p.Glu166Lys,3) Uncertain significance,p.E166K,1.0
Rifampicin,rpoB,rpoB_p.Val496Gly,3) Uncertain significance,p.V496G,1.0
Rifampicin,rpoB,rpoB_p.Ile1035Val,3) Uncertain significance,p.I1035V,1.0
Rifampicin,rpoB,rpoB_p.Thr585Ala,3) Uncertain significance,p.T585A,1.0
Rifampicin,rpoB,rpoB_p.Pro618Ala,3) Uncertain significance,p.P618A,1.0
Rifampicin,rpoB,rpoB_p.Glu563Gly,3) Uncertain significance,p.E563G,1.0
Rifampicin,rpoB,rpoB_p.Val355Ile,3) Uncertain significance,p.V355I,
Rifampicin,rpoB,rpoB_p.Ala1072Gly,3) Uncertain significance,p.A1072G,1.0
Rifampicin,rpoB,rpoB_p.Lys1102Thr,3) Uncertain significance,p.K1102T,1.0
Rifampicin,rpoB,rpoB_p.Val375Leu,3) Uncertain significance,p.V375L,1.0
Rifampicin,rpoB,rpoB_p.Lys37Arg,3) Uncertain significance,p.K37R,0.8
Rifampicin,rpoB,rpoB_p.Glu284Gly,3) Uncertain significance,p.E284G,1.0
Rifampicin,rpoB,rpoB_p.Ile90Leu,3) Uncertain significance,p.I90L,
Rifampicin,rpoB,rpoB_p.Gly915Ser,3) Uncertain significance,p.G915S,
Rifampicin,rpoB,rpoB_p.Glu360Lys,3) Uncertain significance,p.E360K,1.0
Rifampicin,rpoB,rpoB_p.Asp211Asn,3) Uncertain significance,p.D211N,1.0
Rifampicin,rpoB,rpoB_p.Arg1008Cys,3) Uncertain significance,p.R1008C,
Rifampicin,rpoB,rpoB_p.Glu377Val,3) Uncertain significance,p.E377V,1.0
Rifampicin,rpoB,rpoB_p.Thr482Ile,3) Uncertain significance,p.T482I,1.0
Rifampicin,rpoB,rpoB_p.Pro483Thr,3) Uncertain significance,p.P483T,
Rifampicin,rpoB,rpoB_p.Leu525Pro,3) Uncertain significance,p.L525P,
Rifampicin,rpoB,rpoB_p.Gly376Cys,3) Uncertain significance,p.G376C,1.0
Rifampicin,rpoB,rpoB_p.Lys832Gln,3) Uncertain significance,p.K832Q,1.0
Rifampicin,rpoB,rpoB_p.Ile909Val,3) Uncertain significance,p.I909V,1.0
Rifampicin,rpoB,rpoB_p.Ala527Thr,3) Uncertain significance,p.A527T,1.0
Rifampicin,rpoB,rpoB_p.Gln382Arg,3) Uncertain significance,p.Q382R,1.0
Rifampicin,rpoB,rpoB_p.Leu443Trp,2) Assoc w R - Interim,p.L443W,1.0
Rifampicin,rpoB,rpoB_p.Thr444Pro,2) Assoc w R - Interim,p.T444P,1.0
Rifampicin,rpoB,rpoB_p.Ala638Gly,3) Uncertain significance,p.A638G,1.0
Rifampicin,rpoB,rpoB_p.Val581Leu,3) Uncertain significance,p.V581L,1.0
Rifampicin,rpoB,rpoB_p.Lys832Asn,3) Uncertain significance,p.K832N,1.0
Rifampicin,rpoB,rpoB_p.Met587Thr,3) Uncertain significance,p.M587T,1.0
Rifampicin,rpoB,rpoB_p.Ser493Pro,3) Uncertain significance,p.S493P,1.0
Rifampicin,rpoB,rpoB_p.Gln436Arg,2) Assoc w R - Interim,p.Q436R,1.0
Rifampicin,rpoB,rpoB_p.Ser672Pro,3) Uncertain significance,p.S672P,1.0
Rifampicin,rpoB,rpoB_p.Ser176Leu,3) Uncertain significance,p.S176L,
Rifampicin,rpoB,rpoB_p.His674Gln,3) Uncertain significance,p.H674Q,
Rifampicin,rpoB,rpoB_p.His533Asn,3) Uncertain significance,p.H533N,
Rifampicin,rpoB,rpoB_p.Thr508Pro,3) Uncertain significance,p.T508P,
Rifampicin,rpoB,rpoB_p.Asp520Gly,3) Uncertain significance,p.D520G,1.0
Rifampicin,rpoB,rpoB_p.Pro439Ser,2) Assoc w R - Interim,p.P439S,1.0
Rifampicin,rpoB,rpoB_p.Gly46Arg,3) Uncertain significance,p.G46R,
Rifampicin,rpoB,rpoB_p.Ala628Pro,3) Uncertain significance,p.A628P,1.0
Rifampicin,rpoB,rpoB_p.Ala559Val,3) Uncertain significance,p.A559V,1.0
Rifampicin,rpoB,rpoB_p.Arg871His,3) Uncertain significance,p.R871H,1.0
Rifampicin,rpoB,rpoB_p.His835Pro,3) Uncertain significance,p.H835P,1.0
Rifampicin,rpoB,rpoB_p.Ala951Thr,3) Uncertain significance,p.A951T,1.0
Rifampicin,rpoB,rpoB_p.Thr482Ala,3) Uncertain significance,p.T482A,1.0
Rifampicin,rpoB,rpoB_p.Arg824Cys,3) Uncertain significance,p.R824C,
Rifampicin,rpoB,rpoB_p.Pro700Leu,3) Uncertain significance,p.P700L,
Rifampicin,rpoB,rpoB_p.Lys446Thr,2) Assoc w R - Interim,p.K446T,1.0
Rifampicin,rpoB,rpoB_p.Pro768Leu,3) Uncertain significance,p.P768L,1.0
Rifampicin,rpoB,rpoB_p.Ile491Ser,3) Uncertain significance,p.I491S,0.5
Rifampicin,rpoB,rpoB_p.Ile542Lys,3) Uncertain significance,p.I542K,1.0
Rifampicin,rpoB,rpoB_p.Glu423Gly,3) Uncertain significance,p.E423G,
Rifampicin,rpoB,rpoB_p.Glu821Val,3) Uncertain significance,p.E821V,1.0
Rifampicin,rpoB,rpoB_p.Val833Met,3) Uncertain significance,p.V833M,
Rifampicin,rpoB,rpoB_p.Ile1046Val,3) Uncertain significance,p.I1046V,
Rifampicin,rpoB,rpoB_p.Val996Ala,3) Uncertain significance,p.V996A,
Rifampicin,rpoB,rpoB_p.Leu443Ser,2) Assoc w R - Interim,p.L443S,1.0
Rifampicin,rpoB,rpoB_p.Val523Leu,3) Uncertain significance,p.V523L,
Rifampicin,rpoB,rpoB_p.Asp301Asn,3) Uncertain significance,p.D301N,
Rifampicin,rpoB,rpoB_p.Met387Val,3) Uncertain significance,p.M387V,1.0
Rifampicin,rpoB,rpoB_p.Val549Gly,3) Uncertain significance,p.V549G,1.0
Rifampicin,rpoB,rpoB_p.Glu896Lys,3) Uncertain significance,p.E896K,
Rifampicin,rpoB,rpoB_p.Ala708Ser,3) Uncertain significance,p.A708S,
Rifampicin,rpoB,rpoB_p.Gly992Arg,3) Uncertain significance,p.G992R,1.0
Rifampicin,rpoB,rpoB_p.Gln537Lys,3) Uncertain significance,p.Q537K,1.0
Rifampicin,rpoB,rpoB_p.Ser672Cys,3) Uncertain significance,p.S672C,1.0
Rifampicin,rpoB,rpoB_p.Arg224His,3) Uncertain significance,p.R224H,1.0
Rifampicin,rpoB,rpoB_p.Gln1123Arg,3) Uncertain significance,p.Q1123R,1.0
Rifampicin,rpoB,rpoB_p.Asp515Ala,3) Uncertain significance,p.D515A,1.0
Rifampicin,rpoB,rpoB_p.Arg607Ser,3) Uncertain significance,p.R607S,
Rifampicin,rpoB,rpoB_p.Thr400Ile,3) Uncertain significance,p.T400I,
Rifampicin,rpoB,rpoB_p.Glu750Gln,3) Uncertain significance,p.E750Q,1.0
Rifampicin,rpoB,rpoB_p.Thr742Ala,3) Uncertain significance,p.T742A,
Rifampicin,rpoB,rpoB_p.Glu976Lys,3) Uncertain significance,p.E976K,1.0
Rifampicin,rpoB,rpoB_p.Ser567Pro,3) Uncertain significance,p.S567P,1.0
Rifampicin,rpoB,rpoB_p.Asp186Ala,3) Uncertain significance,p.D186A,1.0
Rifampicin,rpoB,rpoB_p.Lys274Glu,3) Uncertain significance,p.K274E,1.0
Rifampicin,rpoB,rpoB_p.Ala599Thr,3) Uncertain significance,p.A599T,1.0
Rifampicin,rpoB,rpoB_p.Thr9Ile,3) Uncertain significance,p.T9I,0.0
Rifampicin,rpoB,rpoB_p.Gln1056His,3) Uncertain significance,p.Q1056H,
Rifampicin,rpoB,rpoB_p.Gly602Ala,3) Uncertain significance,p.G602A,1.0
Rifampicin,rpoB,rpoB_p.Val469Leu,3) Uncertain significance,p.V469L,
Rifampicin,rpoB,rpoB_p.Val196Ala,3) Uncertain significance,p.V196A,1.0
Rifampicin,rpoB,rpoB_p.Val394Leu,3) Uncertain significance,p.V394L,
Rifampicin,rpoB,rpoB_p.Arg845Gln,3) Uncertain significance,p.R845Q,
Rifampicin,rpoB,rpoB_p.Ser672Tyr,3) Uncertain significance,p.S672Y,
Rifampicin,rpoB,rpoB_p.Gln226Arg,3) Uncertain significance,p.Q226R,
Rifampicin,rpoB,rpoB_p.Pro280Ser,3) Uncertain significance,p.P280S,1.0
Rifampicin,rpoB,rpoB_p.Asp363Asn,3) Uncertain significance,p.D363N,1.0
Rifampicin,rpoB,rpoB_p.Val583Met,3) Uncertain significance,p.V583M,1.0
Rifampicin,rpoB,rpoB_p.Glu750Gly,3) Uncertain significance,p.E750G,1.0
Rifampicin,rpoB,rpoB_p.Glu391Gly,3) Uncertain significance,p.E391G,
Rifampicin,rpoB,rpoB_p.Arg665Trp,3) Uncertain significance,p.R665W,1.0
Rifampicin,rpoB,rpoB_p.Pro577Thr,3) Uncertain significance,p.P577T,1.0
Rifampicin,rpoB,rpoB_p.Glu330Asp,3) Uncertain significance,p.E330D,1.0
Rifampicin,rpoB,rpoB_p.Gly203Arg,3) Uncertain significance,p.G203R,1.0
Rifampicin,rpoB,rpoB_p.Arg224Cys,3) Uncertain significance,p.R224C,
Rifampicin,rpoB,rpoB_p.Asn75Thr,3) Uncertain significance,p.N75T,1.0
Rifampicin,rpoB,rpoB_p.Lys1095Arg,3) Uncertain significance,p.K1095R,1.0
Rifampicin,rpoB,rpoB_p.His835Asp,3) Uncertain significance,p.H835D,1.0
Rifampicin,rpoB,rpoB_p.Pro509Ser,3) Uncertain significance,p.P509S,0.75
Rifampicin,rpoB,rpoB_p.Asp114Gly,3) Uncertain significance,p.D114G,1.0
Rifampicin,rpoB,rpoB_p.Ser450Ala,2) Assoc w R - Interim,p.S450A,
Rifampicin,rpoB,rpoB_p.Val575Ala,3) Uncertain significance,p.V575A,1.0
Rifampicin,rpoB,rpoB_p.Ser495Pro,3) Uncertain significance,p.S495P,1.0
Rifampicin,rpoB,rpoB_p.Glu530Gln,3) Uncertain significance,p.E530Q,1.0
Rifampicin,rpoB,rpoB_p.Glu761Ala,3) Uncertain significance,p.E761A,1.0
Rifampicin,rpoB,rpoB_p.Thr676Ile,3) Uncertain significance,p.T676I,
Rifampicin,rpoB,rpoB_p.Ile1035Thr,3) Uncertain significance,p.I1035T,1.0
Rifampicin,rpoB,rpoB_p.Ile336Thr,3) Uncertain significance,p.I336T,1.0
Rifampicin,rpoB,rpoB_p.Asp190Ala,3) Uncertain significance,p.D190A,1.0
Rifampicin,rpoB,rpoB_p.Glu750Lys,3) Uncertain significance,p.E750K,
Rifampicin,rpoB,rpoB_p.Ser428Ile,2) Assoc w R - Interim,p.S428I,0.6666666666666666
Rifampicin,rpoB,rpoB_p.Ser88Pro,3) Uncertain significance,p.S88P,1.0
Rifampicin,rpoB,rpoB_p.Asp118Gly,3) Uncertain significance,p.D118G,1.0
Rifampicin,rpoB,rpoB_p.Val170Ile,3) Uncertain significance,p.V170I,1.0
Rifampicin,rpoB,rpoB_p.Val496Glu,3) Uncertain significance,p.V496E,1.0
Rifampicin,rpoB,rpoB_p.Ala974Thr,3) Uncertain significance,p.A974T,1.0
Rifampicin,rpoB,rpoB_p.Arg224Gly,3) Uncertain significance,p.R224G,1.0
Rifampicin,rpoB,rpoB_p.Gly798Ser,3) Uncertain significance,p.G798S,1.0
Rifampicin,rpoB,rpoB_p.Arg578Gly,3) Uncertain significance,p.R578G,1.0
Rifampicin,rpoB,rpoB_p.Gln401Glu,3) Uncertain significance,p.Q401E,1.0
Rifampicin,rpoB,rpoB_p.Ser582Thr,3) Uncertain significance,p.S582T,1.0
Rifampicin,rpoB,rpoB_p.Arg578Cys,3) Uncertain significance,p.R578C,1.0
Rifampicin,rpoB,rpoB_p.Tyr510His,3) Uncertain significance,p.Y510H,
Rifampicin,rpoB,rpoB_p.Asp766His,3) Uncertain significance,p.D766H,
Rifampicin,rpoB,rpoB_p.Ala974Val,3) Uncertain significance,p.A974V,1.0
Rifampicin,rpoB,rpoB_p.Gly79Asp,3) Uncertain significance,p.G79D,
Rifampicin,rpoB,rpoB_p.Arg824Ser,3) Uncertain significance,p.R824S,1.0
Rifampicin,rpoB,rpoB_p.Val357Leu,3) Uncertain significance,p.V357L,
Rifampicin,rpoB,rpoB_p.Glu812Gly,3) Uncertain significance,p.E812G,1.0
Rifampicin,rpoB,rpoB_p.Arg827Ser,3) Uncertain significance,p.R827S,1.0
Rifampicin,rpoB,rpoB_p.Gln980Lys,3) Uncertain significance,p.Q980K,1.0
Rifampicin,rpoB,rpoB_p.Thr742Asn,3) Uncertain significance,p.T742N,1.0
Rifampicin,rpoB,rpoB_p.Ala599Val,3) Uncertain significance,p.A599V,1.0
Rifampicin,rpoB,rpoB_p.Val970Leu,3) Uncertain significance,p.V970L,1.0
Rifampicin,rpoB,rpoB_p.Arg167Cys,3) Uncertain significance,p.R167C,0.875
Rifampicin,rpoB,rpoB_p.Val534Gly,3) Uncertain significance,p.V534G,
Rifampicin,rpoB,rpoB_p.Asn135Asp,3) Uncertain significance,p.N135D,1.0
Rifampicin,rpoB,rpoB_p.Leu778Val,3) Uncertain significance,p.L778V,1.0
Rifampicin,rpoB,rpoB_p.Ser576Leu,3) Uncertain significance,p.S576L,1.0
Rifampicin,rpoB,rpoB_p.Pro479Ser,3) Uncertain significance,p.P479S,1.0
Rifampicin,rpoB,rpoB_p.Ala817Val,3) Uncertain significance,p.A817V,1.0
Rifampicin,rpoB,rpoB_p.Arg219Ser,3) Uncertain significance,p.R219S,1.0
Rifampicin,rpoB,rpoB_p.Leu443Phe,2) Assoc w R - Interim,p.L443F,1.0
Rifampicin,rpoB,rpoB_p.Asp531Tyr,3) Uncertain significance,p.D531Y,1.0
Rifampicin,rpoB,rpoB_p.Val555Ala,3) Uncertain significance,p.V555A,1.0
Rifampicin,rpoB,rpoB_p.Thr400Pro,3) Uncertain significance,p.T400P,
Rifampicin,rpoB,rpoB_p.Gln226Glu,3) Uncertain significance,p.Q226E,1.0
Rifampicin,rpoB,rpoB_p.Val996Gly,3) Uncertain significance,p.V996G,1.0
Rifampicin,rpoB,rpoB_p.Leu775Pro,3) Uncertain significance,p.L775P,1.0
Rifampicin,rpoB,rpoB_p.Asp752Gly,3) Uncertain significance,p.D752G,1.0
Rifampicin,rpoB,rpoB_p.Asn1155Ser,3) Uncertain significance,p.N1155S,0.5
Rifampicin,rpoB,rpoB_p.Ser672Phe,3) Uncertain significance,p.S672F,1.0
Rifampicin,rpoB,rpoB_p.Ser431Thr,2) Assoc w R - Interim,p.S431T,0.6666666666666666
Rifampicin,rpoB,rpoB_p.Thr676Pro,3) Uncertain significance,p.T676P,1.0
Rifampicin,rpoB,rpoB_p.Gln429Pro,2) Assoc w R - Interim,p.Q429P,1.0
Rifampicin,rpoB,rpoB_p.Ile199Thr,3) Uncertain significance,p.I199T,1.0
Rifampicin,rpoB,rpoB_p.Ala1153Val,3) Uncertain significance,p.A1153V,
Rifampicin,rpoB,rpoB_p.Lys446Glu,2) Assoc w R - Interim,p.K446E,
Rifampicin,rpoB,rpoB_p.Asn163Lys,3) Uncertain significance,p.N163K,0.6666666666666666
Rifampicin,rpoB,rpoB_p.Gly178Arg,3) Uncertain significance,p.G178R,1.0
Rifampicin,rpoB,rpoB_p.Met390Thr,3) Uncertain significance,p.M390T,0.14285714285714285
Rifampicin,rpoB,rpoB_p.Val916Met,3) Uncertain significance,p.V916M,1.0
Rifampicin,rpoB,rpoB_p.Asp595Glu,3) Uncertain significance,p.D595E,1.0
Rifampicin,rpoB,rpoB_p.Asn437Asp,2) Assoc w R - Interim,p.N437D,0.6
Rifampicin,rpoB,rpoB_p.Glu1140Asp,3) Uncertain significance,p.E1140D,1.0
Rifampicin,rpoB,rpoB_p.Gln51Pro,3) Uncertain significance,p.Q51P,0.5
Rifampicin,rpoB,rpoB_p.Ser493Thr,3) Uncertain significance,p.S493T,0.6
Rifampicin,rpoB,rpoB_p.Gly699Ser,3) Uncertain significance,p.G699S,
Rifampicin,rpoB,rpoB_p.Glu291Val,3) Uncertain significance,p.E291V,1.0
Rifampicin,rpoB,rpoB_p.Asp777Asn,3) Uncertain significance,p.D777N,1.0
Rifampicin,rpoB,rpoB_p.Ala1055Pro,3) Uncertain significance,p.A1055P,
Rifampicin,rpoB,rpoB_p.Asn769Thr,3) Uncertain significance,p.N769T,1.0
Rifampicin,rpoB,rpoB_p.Arg952Lys,3) Uncertain significance,p.R952K,0.5
Rifampicin,rpoB,rpoB_p.Glu86Val,3) Uncertain significance,p.E86V,1.0
Rifampicin,rpoB,rpoB_p.Arg552Leu,3) Uncertain significance,p.R552L,0.9714285714285714
Rifampicin,rpoB,rpoB_p.Ala977Ser,3) Uncertain significance,p.A977S,1.0
Rifampicin,rpoB,rpoB_p.Gly217Ser,3) Uncertain significance,p.G217S,0.5
Rifampicin,rpoB,rpoB_p.Ser195Arg,3) Uncertain significance,p.S195R,0.5
Rifampicin,rpoB,rpoB_p.Ala1172Pro,3) Uncertain significance,p.A1172P,1.0
Rifampicin,rpoB,rpoB_p.Glu156Gly,3) Uncertain significance,p.E156G,1.0
Rifampicin,rpoB,rpoB_p.Ala776Val,3) Uncertain significance,p.A776V,1.0
Rifampicin,rpoB,rpoB_p.Gln19Arg,3) Uncertain significance,p.Q19R,0.8888888888888888
Rifampicin,rpoB,rpoB_p.Lys446Arg,2) Assoc w R - Interim,p.K446R,0.5
Rifampicin,rpoB,rpoB_p.Ala753Thr,3) Uncertain significance,p.A753T,
Rifampicin,rpoB,rpoB_p.Glu639Asp,4) Not assoc w R - Interim,p.E639D,0.06779661016949153
Rifampicin,rpoB,rpoB_p.His1028Arg,3) Uncertain significance,p.H1028R,0.0
Rifampicin,rpoB,rpoB_p.Pro906Leu,3) Uncertain significance,p.P906L,0.0
Rifampicin,rpoB,rpoB_p.Lys446Gln,2) Assoc w R - Interim,p.K446Q,0.8
Rifampicin,rpoB,rpoB_p.Pro856Leu,3) Uncertain significance,p.P856L,1.0
Rifampicin,rpoB,rpoB_p.Ala632Ser,3) Uncertain significance,p.A632S,
Rifampicin,rpoB,rpoB_p.Asp777His,3) Uncertain significance,p.D777H,0.0
Rifampicin,rpoB,rpoB_p.Ser428Gly,2) Assoc w R - Interim,p.S428G,1.0
Rifampicin,rpoB,rpoB_p.Ala451Val,2) Assoc w R - Interim,p.A451V,0.4444444444444444
Rifampicin,rpoB,rpoB_p.Ala960Glu,3) Uncertain significance,p.A960E,0.5
Rifampicin,rpoB,rpoB_p.Gln975His,3) Uncertain significance,p.Q975H,0.75
Rifampicin,rpoB,rpoB_p.Val216Ile,3) Uncertain significance,p.V216I,
Rifampicin,rpoB,rpoB_p.Pro30Ala,3) Uncertain significance,p.P30A,0.3333333333333333
Rifampicin,rpoB,rpoB_p.Ile588Val,3) Uncertain significance,p.I588V,0.8571428571428571
Rifampicin,rpoB,rpoB_p.Met1070Thr,3) Uncertain significance,p.M1070T,
Rifampicin,rpoB,rpoB_p.Asp265Gly,3) Uncertain significance,p.D265G,0.75
Rifampicin,rpoB,rpoB_p.Pro1014Ser,3) Uncertain significance,p.P1014S,0.0
Rifampicin,rpoB,rpoB_p.Ile480Val,3) Uncertain significance,p.I480V,0.9508196721311475
Rifampicin,rpoB,rpoB_p.Asp851Pro,3) Uncertain significance,p.D851P,0.0
Rifampicin,rpoB,rpoB_p.Tyr866His,3) Uncertain significance,p.Y866H,0.0
Rifampicin,rpoB,rpoB_p.Arg499Trp,3) Uncertain significance,p.R499W,0.0
Rifampicin,rpoB,rpoB_p.Gly345Ser,3) Uncertain significance,p.G345S,0.0
Rifampicin,rpoB,rpoB_p.Pro45Ala,3) Uncertain significance,p.P45A,1.0
Rifampicin,rpoB,rpoB_p.Ile644Val,3) Uncertain significance,p.I644V,0.0
Rifampicin,rpoB,rpoB_p.Thr9Lys,3) Uncertain significance,p.T9K,0.0
Rifampicin,rpoB,rpoB_p.Ile783Val,3) Uncertain significance,p.I783V,0.0
Rifampicin,rpoB,rpoB_p.Ser428Arg,2) Assoc w R - Interim,p.S428R,0.8
Rifampicin,rpoB,rpoB_p.Asp270Glu,3) Uncertain significance,p.D270E,0.0
Rifampicin,rpoB,rpoB_p.Tyr572Cys,3) Uncertain significance,p.Y572C,0.25
Rifampicin,rpoB,rpoB_p.Ser254Pro,3) Uncertain significance,p.S254P,0.5
Rifampicin,rpoB,rpoB_p.Gly945Glu,3) Uncertain significance,p.G945E,0.125
Rifampicin,rpoB,rpoB_p.Gly693Val,3) Uncertain significance,p.G693V,0.0
Rifampicin,rpoB,rpoB_p.Leu452Met,2) Assoc w R - Interim,p.L452M,0.0
Rifampicin,rpoB,rpoB_p.Met154Ile,3) Uncertain significance,p.M154I,0.0
Rifampicin,rpoB,rpoB_p.Leu316Val,3) Uncertain significance,p.L316V,0.0
Rifampicin,rpoB,rpoB_p.Ala628Gly,3) Uncertain significance,p.A628G,0.0
Rifampicin,rpoB,rpoB_p.Val44Ala,3) Uncertain significance,p.V44A,0.0
Rifampicin,rpoB,rpoB_p.Tyr651His,3) Uncertain significance,p.Y651H,
Rifampicin,rpoB,rpoB_p.His317Tyr,3) Uncertain significance,p.H317Y,0.0
Rifampicin,rpoB,rpoB_p.Ala68Val,3) Uncertain significance,p.A68V,0.0
Rifampicin,rpoB,rpoB_p.Glu320Asp,3) Uncertain significance,p.E320D,0.5
Rifampicin,rpoB,rpoB_p.Ser67Phe,3) Uncertain significance,p.S67F,0.0
Rifampicin,rpoB,rpoB_p.Glu789Lys,3) Uncertain significance,p.E789K,0.0
Rifampicin,rpoB,rpoB_p.Val715Ala,3) Uncertain significance,p.V715A,0.0
Rifampicin,rpoB,rpoB_p.Val129Ile,3) Uncertain significance,p.V129I,0.0
Rifampicin,rpoB,rpoB_p.Glu82Lys,3) Uncertain significance,p.E82K,0.0
Rifampicin,rpoB,rpoB_p.Asp114Asn,3) Uncertain significance,p.D114N,0.0
Rifampicin,rpoB,rpoB_p.Thr526Asn,3) Uncertain significance,p.T526N,0.0
Rifampicin,rpoB,rpoB_p.Arg307His,3) Uncertain significance,p.R307H,
Rifampicin,rpoB,rpoB_p.Glu1130Val,3) Uncertain significance,p.E1130V,0.0
Rifampicin,rpoB,rpoB_p.Ser984Leu,3) Uncertain significance,p.S984L,0.0
Rifampicin,rpoB,rpoB_p.Ala974Gly,3) Uncertain significance,p.A974G,0.0
Rifampicin,rpoB,rpoB_p.Ala131Val,3) Uncertain significance,p.A131V,0.0
Rifampicin,rpoB,rpoB_p.Lys1102Arg,3) Uncertain significance,p.K1102R,0.0
Rifampicin,rpoB,rpoB_p.Asp1148Glu,3) Uncertain significance,p.D1148E,
Rifampicin,rpoB,rpoB_p.Arg734His,3) Uncertain significance,p.R734H,
Rifampicin,rpoB,rpoB_p.Ile751Val,3) Uncertain significance,p.I751V,
Rifampicin,rpoB,rpoB_p.Val549Ile,3) Uncertain significance,p.V549I,0.0
Rifampicin,rpoB,rpoB_p.Pro89Ser,3) Uncertain significance,p.P89S,0.0
Rifampicin,rpoB,rpoB_p.Ala10Thr,3) Uncertain significance,p.A10T,0.0
Rifampicin,rpoB,rpoB_p.Glu337Lys,3) Uncertain significance,p.E337K,0.0
Rifampicin,rpoB,rpoB_p.Gly236Asp,3) Uncertain significance,p.G236D,0.0
Rifampicin,rpoB,rpoB_p.Thr660Asn,3) Uncertain significance,p.T660N,
Rifampicin,rpoB,rpoB_p.Asp120Gly,3) Uncertain significance,p.D120G,
Rifampicin,rpoB,rpoB_p.Phe590Cys,3) Uncertain significance,p.F590C,0.0
Rifampicin,rpoB,rpoB_p.Val994Ala,3) Uncertain significance,p.V994A,0.0
Rifampicin,rpoB,rpoB_p.Val517Met,3) Uncertain significance,p.V517M,0.0
Rifampicin,rpoB,rpoB_p.Ala334Asp,3) Uncertain significance,p.A334D,0.0
Rifampicin,rpoB,rpoB_p.Gly890Asp,3) Uncertain significance,p.G890D,0.0
Rifampicin,rpoB,rpoB_p.Ile162Val,3) Uncertain significance,p.I162V,
Rifampicin,rpoB,rpoB_p.Asp49His,3) Uncertain significance,p.D49H,0.0
Rifampicin,rpoB,rpoB_p.Leu235Arg,3) Uncertain significance,p.L235R,0.0
Rifampicin,rpoB,rpoB_p.Leu893Val,3) Uncertain significance,p.L893V,0.0
Rifampicin,rpoB,rpoB_p.Val33Leu,3) Uncertain significance,p.V33L,
Rifampicin,rpoB,rpoB_p.Gly642Ser,3) Uncertain significance,p.G642S,
Rifampicin,rpoB,rpoB_p.Asn369Asp,3) Uncertain significance,p.N369D,0.0
Rifampicin,rpoB,rpoB_p.Arg459His,3) Uncertain significance,p.R459H,0.0
Rifampicin,rpoB,rpoB_p.Met121Ile,3) Uncertain significance,p.M121I,0.3333333333333333
Rifampicin,rpoB,rpoB_p.Arg225Gln,3) Uncertain significance,p.R225Q,0.0
Rifampicin,rpoB,rpoB_p.Val946Gly,3) Uncertain significance,p.V946G,0.0
Rifampicin,rpoB,rpoB_p.Glu737Gly,3) Uncertain significance,p.E737G,0.0
Rifampicin,rpoB,rpoB_p.Glu1169Ala,3) Uncertain significance,p.E1169A,0.0
Rifampicin,rpoB,rpoB_p.Thr350Pro,3) Uncertain significance,p.T350P,0.0
Rifampicin,rpoB,rpoB_p.Ala544Val,3) Uncertain significance,p.A544V,0.0
Rifampicin,rpoB,rpoB_p.Arg849His,3) Uncertain significance,p.R849H,0.0
Rifampicin,rpoB,rpoB_p.Phe669Leu,3) Uncertain significance,p.F669L,0.0
Rifampicin,rpoB,rpoB_p.Glu805Ala,3) Uncertain significance,p.E805A,0.0
Rifampicin,rpoB,rpoB_p.Ala498Gly,3) Uncertain significance,p.A498G,0.0
Rifampicin,rpoB,rpoB_p.His656Gln,3) Uncertain significance,p.H656Q,0.3333333333333333
Rifampicin,rpoB,rpoB_p.Asn724Ser,3) Uncertain significance,p.N724S,
Rifampicin,rpoB,rpoB_p.Met153Val,3) Uncertain significance,p.M153V,0.0
Rifampicin,rpoB,rpoB_p.Arg990Leu,3) Uncertain significance,p.R990L,0.0
Rifampicin,rpoB,rpoB_p.Pro13Leu,3) Uncertain significance,p.P13L,0.0
Rifampicin,rpoB,rpoB_p.Ser441Lys,2) Assoc w R - Interim,p.S441K,0.0
Rifampicin,rpoB,rpoB_p.Ala632Gly,3) Uncertain significance,p.A632G,0.0
Rifampicin,rpoB,rpoB_p.Pro541Leu,3) Uncertain significance,p.P541L,0.0
Rifampicin,rpoB,rpoB_p.Ser21Phe,3) Uncertain significance,p.S21F,0.0
Rifampicin,rpoB,rpoB_p.Asp120Ala,3) Uncertain significance,p.D120A,0.0
Rifampicin,rpoB,rpoB_p.Glu460Gly,3) Uncertain significance,p.E460G,1.0
Rifampicin,rpoB,rpoB_p.Ala964Thr,3) Uncertain significance,p.A964T,0.0
Rifampicin,rpoB,rpoB_p.Val895Phe,3) Uncertain significance,p.V895F,0.0
Rifampicin,rpoB,rpoB_p.His749Tyr,3) Uncertain significance,p.H749Y,0.2
Rifampicin,rpoB,rpoB_p.Ala950Val,3) Uncertain significance,p.A950V,0.0
Rifampicin,rpoB,rpoB_p.Met1070Ile,3) Uncertain significance,p.M1070I,
Rifampicin,rpoB,rpoB_p.Glu625Asp,3) Uncertain significance,p.E625D,0.0
Rifampicin,rpoB,rpoB_p.Ala868Val,3) Uncertain significance,p.A868V,0.0
Rifampicin,rpoB,rpoB_p.Arg499Gln,3) Uncertain significance,p.R499Q,0.0
Rifampicin,rpoB,rpoB_p.Tyr308Asp,3) Uncertain significance,p.Y308D,0.8
Rifampicin,rpoB,rpoB_p.Ser249Ala,3) Uncertain significance,p.S249A,0.0
Rifampicin,rpoB,rpoB_p.Asp997Glu,3) Uncertain significance,p.D997E,
Rifampicin,rpoB,rpoB_p.Ser388Leu,5) Not assoc w R,p.S388L,0.06666666666666667
Rifampicin,rpoB,rpoB_p.Pro1014Gln,3) Uncertain significance,p.P1014Q,0.0
Rifampicin,rpoB,rpoB_p.Asp993Gly,3) Uncertain significance,p.D993G,0.0
Rifampicin,rpoB,rpoB_p.Ala943Asp,3) Uncertain significance,p.A943D,0.0
Rifampicin,rpoB,rpoB_p.Ala934Val,3) Uncertain significance,p.A934V,0.0
Rifampicin,rpoB,rpoB_p.Arg304Cys,3) Uncertain significance,p.R304C,0.0
Rifampicin,rpoB,rpoB_p.Lys309Glu,3) Uncertain significance,p.K309E,0.0
Rifampicin,rpoB,rpoB_p.Gly945Arg,3) Uncertain significance,p.G945R,0.0
Rifampicin,rpoB,rpoB_p.Cys1126Phe,3) Uncertain significance,p.C1126F,0.0
Rifampicin,rpoB,rpoB_p.Val77Met,3) Uncertain significance,p.V77M,0.0
Rifampicin,rpoB,rpoB_p.Glu291Asp,3) Uncertain significance,p.E291D,0.0
Rifampicin,rpoB,rpoB_p.Gly560Asp,3) Uncertain significance,p.G560D,0.0
Rifampicin,rpoB,rpoB_p.Leu314Val,3) Uncertain significance,p.L314V,0.0
Rifampicin,rpoB,rpoB_p.Val351Ile,3) Uncertain significance,p.V351I,0.0
Rifampicin,rpoB,rpoB_p.Val332Ile,3) Uncertain significance,p.V332I,0.0
Rifampicin,rpoB,rpoB_p.Leu290Phe,3) Uncertain significance,p.L290F,0.0
Rifampicin,rpoB,rpoB_p.Val1168Phe,3) Uncertain significance,p.V1168F,0.0
Rifampicin,rpoB,rpoB_p.Leu232Val,3) Uncertain significance,p.L232V,0.0
Rifampicin,rpoB,rpoB_p.Leu1004Ile,3) Uncertain significance,p.L1004I,0.0
Rifampicin,rpoB,rpoB_p.Val1117Leu,3) Uncertain significance,p.V1117L,0.0
Rifampicin,rpoB,rpoB_p.Glu721Gly,3) Uncertain significance,p.E721G,0.0
Rifampicin,rpoB,rpoB_p.Glu240Gly,3) Uncertain significance,p.E240G,
Rifampicin,rpoB,rpoB_p.Val262Phe,3) Uncertain significance,p.V262F,0.0
Rifampicin,rpoB,rpoB_p.Asp520Val,3) Uncertain significance,p.D520V,0.0
Rifampicin,rpoB,rpoB_p.Asp108Glu,3) Uncertain significance,p.D108E,
Rifampicin,rpoB,rpoB_p.Asn1105Ser,3) Uncertain significance,p.N1105S,0.0
Rifampicin,rpoB,rpoB_p.Ile412Leu,3) Uncertain significance,p.I412L,0.0
Rifampicin,rpoB,rpoB_p.Pro719Ser,3) Uncertain significance,p.P719S,0.0
Rifampicin,rpoB,rpoB_p.Phe548Leu,3) Uncertain significance,p.F548L,0.0
Rifampicin,rpoB,rpoB_p.Ser641Arg,3) Uncertain significance,p.S641R,0.0
Rifampicin,rpoB,rpoB_p.Asp545Glu,3) Uncertain significance,p.D545E,0.45454545454545453
Rifampicin,rpoB,rpoB_p.Glu959Lys,3) Uncertain significance,p.E959K,0.0
Rifampicin,rpoB,rpoB_p.Ser1009Thr,3) Uncertain significance,p.S1009T,0.0
Rifampicin,rpoB,rpoB_p.Gly560Ala,3) Uncertain significance,p.G560A,0.0
Rifampicin,rpoB,rpoB_p.Met707Thr,3) Uncertain significance,p.M707T,0.0
Rifampicin,rpoB,rpoB_p.Val583Ala,3) Uncertain significance,p.V583A,0.0
Rifampicin,rpoB,rpoB_p.Pro682Thr,3) Uncertain significance,p.P682T,0.0
Rifampicin,rpoB,rpoB_p.Asp1146Gly,3) Uncertain significance,p.D1146G,
Rifampicin,rpoB,rpoB_p.Asp362His,3) Uncertain significance,p.D362H,0.0
Rifampicin,rpoB,rpoB_p.Pro27His,3) Uncertain significance,p.P27H,0.3333333333333333
Rifampicin,rpoB,rpoB_p.Val310Gly,3) Uncertain significance,p.V310G,
Rifampicin,rpoB,rpoB_p.Glu645Gly,3) Uncertain significance,p.E645G,0.0
Rifampicin,rpoB,rpoB_p.Val179Met,3) Uncertain significance,p.V179M,0.0
Rifampicin,rpoB,rpoB_p.Glu721Asp,3) Uncertain significance,p.E721D,0.0
Rifampicin,rpoB,rpoB_p.Glu639Gln,3) Uncertain significance,p.E639Q,0.0
Rifampicin,rpoB,rpoB_p.Asp209Asn,3) Uncertain significance,p.D209N,0.0
Rifampicin,rpoB,rpoB_p.Ser1134Arg,3) Uncertain significance,p.S1134R,0.0
Rifampicin,rpoB,rpoB_p.Pro988Ser,3) Uncertain significance,p.P988S,0.0
Rifampicin,rpoB,rpoB_p.Cys701Ser,3) Uncertain significance,p.C701S,0.0
Rifampicin,rpoB,rpoB_p.Gly95Arg,3) Uncertain significance,p.G95R,0.0
Rifampicin,rpoB,rpoB_p.Ser20Ile,3) Uncertain significance,p.S20I,0.0
Rifampicin,rpoB,rpoB_p.Pro988Ala,3) Uncertain significance,p.P988A,
Rifampicin,rpoB,rpoB_p.Val867Ala,3) Uncertain significance,p.V867A,
Rifampicin,rpoB,rpoB_p.Asp703Gly,3) Uncertain significance,p.D703G,0.0
Rifampicin,rpoB,rpoB_p.Pro321Ser,3) Uncertain significance,p.P321S,0.0
Rifampicin,rpoB,rpoB_p.Arg547Ser,3) Uncertain significance,p.R547S,0.0
Rifampicin,rpoB,rpoB_p.Gly659Asp,3) Uncertain significance,p.G659D,0.0
Rifampicin,rpoB,rpoB_p.Phe93Leu,3) Uncertain significance,p.F93L,0.0
Rifampicin,rpoB,rpoB_p.Met624Thr,3) Uncertain significance,p.M624T,0.0
Rifampicin,rpoB,rpoB_p.Glu70Val,3) Uncertain significance,p.E70V,0.0
Rifampicin,rpoB,rpoB_p.Asn137Asp,3) Uncertain significance,p.N137D,
Rifampicin,rpoB,rpoB_p.Leu80Val,3) Uncertain significance,p.L80V,0.0
Rifampicin,rpoB,rpoB_p.Thr905Ile,3) Uncertain significance,p.T905I,0.0
Rifampicin,rpoB,rpoB_p.Ser98Ala,3) Uncertain significance,p.S98A,0.0
Rifampicin,rpoB,rpoB_p.Gly426Ser,2) Assoc w R - Interim,p.G426S,0.0
Rifampicin,rpoB,rpoB_p.Pro439Leu,2) Assoc w R - Interim,p.P439L,
Rifampicin,rpoB,rpoB_p.Ala902Pro,3) Uncertain significance,p.A902P,
Rifampicin,rpoB,rpoB_p.Gly492Ser,3) Uncertain significance,p.G492S,0.0
Rifampicin,rpoB,rpoB_p.Leu457Met,3) Uncertain significance,p.L457M,0.0
Rifampicin,rpoB,rpoB_p.Ala942Thr,3) Uncertain significance,p.A942T,0.0
Rifampicin,rpoB,rpoB_p.Ser239Arg,3) Uncertain significance,p.S239R,0.0
Rifampicin,rpoB,rpoB_p.Glu360Gln,3) Uncertain significance,p.E360Q,
Rifampicin,rpoB,rpoB_p.Met666Ile,3) Uncertain significance,p.M666I,0.0
Rifampicin,rpoB,rpoB_p.Val198Met,3) Uncertain significance,p.V198M,
Rifampicin,rpoB,rpoB_p.Gly354Ser,3) Uncertain significance,p.G354S,0.0
Rifampicin,rpoB,rpoB_p.Lys711Arg,3) Uncertain significance,p.K711R,0.0
Rifampicin,rpoB,rpoB_p.Thr347Asn,3) Uncertain significance,p.T347N,0.0
Rifampicin,rpoB,rpoB_p.Leu778Met,3) Uncertain significance,p.L778M,
Rifampicin,rpoB,rpoB_p.Thr347Ile,3) Uncertain significance,p.T347I,0.0
Rifampicin,rpoB,rpoB_p.Thr52Ser,3) Uncertain significance,p.T52S,0.0
Rifampicin,rpoB,rpoB_p.Asn963Asp,3) Uncertain significance,p.N963D,0.0
Rifampicin,rpoB,rpoB_p.Glu646Gly,3) Uncertain significance,p.E646G,0.0
Rifampicin,rpoB,rpoB_p.Thr427Gly,2) Assoc w R - Interim,p.T427G,
Rifampicin,rpoB,rpoB_p.Asn24Asp,3) Uncertain significance,p.N24D,0.0
Rifampicin,rpoB,rpoB_p.Val613Ile,3) Uncertain significance,p.V613I,0.0
Rifampicin,rpoB,rpoB_p.His935Arg,3) Uncertain significance,p.H935R,0.0
Rifampicin,rpoB,rpoB_p.Asn437Ser,2) Assoc w R - Interim,p.N437S,0.5
Rifampicin,rpoB,rpoB_p.Asp752Asn,3) Uncertain significance,p.D752N,0.0
Rifampicin,rpoB,rpoB_p.Glu91Gly,3) Uncertain significance,p.E91G,0.0
Rifampicin,rpoB,rpoB_p.His343Arg,3) Uncertain significance,p.H343R,
Rifampicin,rpoB,rpoB_p.Ser1134Asn,3) Uncertain significance,p.S1134N,0.0
Rifampicin,rpoB,rpoB_p.Ala977Thr,3) Uncertain significance,p.A977T,0.0
Rifampicin,rpoB,rpoB_p.Glu639Lys,3) Uncertain significance,p.E639K,
Rifampicin,rpoB,rpoB_p.Arg661Gln,3) Uncertain significance,p.R661Q,0.0
Rifampicin,rpoB,rpoB_p.Thr215Ala,3) Uncertain significance,p.T215A,
Rifampicin,rpoB,rpoB_p.Asn673Ser,3) Uncertain significance,p.N673S,1.0
Rifampicin,rpoB,rpoB_p.Ala29Thr,3) Uncertain significance,p.A29T,0.0
Rifampicin,rpoB,rpoB_p.Glu825Gly,3) Uncertain significance,p.E825G,0.0
Rifampicin,rpoB,rpoB_p.Lys233Met,3) Uncertain significance,p.K233M,0.0
Rifampicin,rpoB,rpoB_p.His533Arg,3) Uncertain significance,p.H533R,0.0
Rifampicin,rpoB,rpoB_p.Met153Thr,3) Uncertain significance,p.M153T,0.0
Rifampicin,rpoB,rpoB_p.Lys944Asn,3) Uncertain significance,p.K944N,
Rifampicin,rpoB,rpoB_p.Pro45Leu,3) Uncertain significance,p.P45L,1.0
Rifampicin,rpoB,rpoB_p.Lys298Arg,3) Uncertain significance,p.K298R,0.0
Rifampicin,rpoB,rpoB_p.Tyr564Cys,3) Uncertain significance,p.Y564C,0.0
Rifampicin,rpoB,rpoB_p.Asp903Asn,3) Uncertain significance,p.D903N,0.0
Rifampicin,rpoB,rpoB_p.Met1022Ile,3) Uncertain significance,p.M1022I,0.0
Rifampicin,rpoB,rpoB_p.Ala334Val,3) Uncertain significance,p.A334V,0.0
Rifampicin,rpoB,rpoB_p.Pro834Leu,3) Uncertain significance,p.P834L,0.0
Rifampicin,rpoB,rpoB_p.Cys681Gly,3) Uncertain significance,p.C681G,0.0
Rifampicin,rpoB,rpoB_p.Ile506Val,3) Uncertain significance,p.I506V,0.0
Rifampicin,rpoB,rpoB_p.Ile910Val,3) Uncertain significance,p.I910V,
Rifampicin,rpoB,rpoB_p.Gly516Asp,3) Uncertain significance,p.G516D,0.0
Rifampicin,rpoB,rpoB_p.Ser1124Ala,3) Uncertain significance,p.S1124A,0.0
Rifampicin,rpoB,rpoB_p.Ile965Val,3) Uncertain significance,p.I965V,0.0
Rifampicin,rpoB,rpoB_p.Glu132Asp,3) Uncertain significance,p.E132D,0.0
Rifampicin,rpoB,rpoB_p.Asp631Gly,3) Uncertain significance,p.D631G,1.0
Rifampicin,rpoB,rpoB_p.Pro30Ser,3) Uncertain significance,p.P30S,0.0
Rifampicin,rpoB,rpoB_p.Glu1011Ala,3) Uncertain significance,p.E1011A,0.0
Rifampicin,rpoB,rpoB_p.Ala29Val,3) Uncertain significance,p.A29V,0.0
Rifampicin,rpoB,rpoB_p.Ile892Thr,3) Uncertain significance,p.I892T,0.0
Rifampicin,rpoB,rpoB_p.Asn963Ser,3) Uncertain significance,p.N963S,
Rifampicin,rpoB,rpoB_p.Thr427Asn,2) Assoc w R - Interim,p.T427N,0.0
Rifampicin,rpoB,rpoB_p.Ser936Arg,3) Uncertain significance,p.S936R,0.0
Rifampicin,rpoB,rpoB_p.Ala998Val,3) Uncertain significance,p.A998V,0.0
Rifampicin,rpoB,rpoB_p.Thr52Pro,3) Uncertain significance,p.T52P,1.0
Rifampicin,rpoB,rpoB_p.Cys116Phe,3) Uncertain significance,p.C116F,
Rifampicin,rpoB,rpoB_p.Asp211Val,3) Uncertain significance,p.D211V,0.0
Rifampicin,rpoB,rpoB_p.Pro454Leu,3) Uncertain significance,p.P454L,0.125
Rifampicin,rpoB,rpoB_p.Asp92Gly,3) Uncertain significance,p.D92G,1.0
Rifampicin,rpoB,rpoB_p.Ala527Val,3) Uncertain significance,p.A527V,0.0
Rifampicin,rpoB,rpoB_p.Met1003Thr,3) Uncertain significance,p.M1003T,0.0
Rifampicin,rpoB,rpoB_p.Phe971Leu,3) Uncertain significance,p.F971L,1.0
Rifampicin,rpoB,rpoB_p.Asn437Tyr,2) Assoc w R - Interim,p.N437Y,0.0
Rifampicin,rpoB,rpoB_p.Gln436Asn,2) Assoc w R - Interim,p.Q436N,0.0
Rifampicin,rpoB,rpoB_p.Gln1080Arg,3) Uncertain significance,p.Q1080R,1.0
Rifampicin,rpoB,rpoB_p.Asp545Ala,3) Uncertain significance,p.D545A,0.0
Rifampicin,rpoB,rpoB_p.Pro682Ala,3) Uncertain significance,p.P682A,0.0
Rifampicin,rpoB,rpoB_p.Ala1002Pro,3) Uncertain significance,p.A1002P,0.0
Rifampicin,rpoB,rpoB_p.Asp851Gly,3) Uncertain significance,p.D851G,0.0
Rifampicin,rpoB,rpoB_p.Glu156Asp,3) Uncertain significance,p.E156D,0.0
Rifampicin,rpoB,rpoB_p.Asp543Gly,3) Uncertain significance,p.D543G,0.0
Rifampicin,rpoB,rpoB_p.Pro502Leu,3) Uncertain significance,p.P502L,0.0
Rifampicin,rpoB,rpoB_p.Val129Gly,3) Uncertain significance,p.V129G,
Rifampicin,rpoB,rpoB_p.Asp1006Gly,3) Uncertain significance,p.D1006G,0.0
Rifampicin,rpoB,rpoB_p.Met573Thr,3) Uncertain significance,p.M573T,0.0
Rifampicin,rpoB,rpoB_p.Glu344Gln,3) Uncertain significance,p.E344Q,0.0
Rifampicin,rpoB,rpoB_p.Val797Leu,3) Uncertain significance,p.V797L,
Rifampicin,rpoB,rpoB_p.Val613Phe,3) Uncertain significance,p.V613F,0.0
Rifampicin,rpoB,rpoB_p.Pro280Leu,3) Uncertain significance,p.P280L,0.8333333333333334
Rifampicin,rpoB,rpoB_p.Asp875Ala,3) Uncertain significance,p.D875A,0.0
Rifampicin,rpoB,rpoB_p.Pro954Arg,3) Uncertain significance,p.P954R,0.0
Rifampicin,rpoB,rpoB_p.Glu738Ala,3) Uncertain significance,p.E738A,0.0
Rifampicin,rpoB,rpoB_p.Phe1005Val,3) Uncertain significance,p.F1005V,0.8571428571428571
Rifampicin,rpoB,rpoB_p.Met587Ile,3) Uncertain significance,p.M587I,
Rifampicin,rpoB,rpoB_p.Asn487His,3) Uncertain significance,p.N487H,1.0
Rifampicin,rpoB,rpoB_p.Asn673Thr,3) Uncertain significance,p.N673T,0.0
Rifampicin,rpoB,rpoB_p.Met434Leu,2) Assoc w R - Interim,p.M434L,0.0
Rifampicin,rpoB,rpoB_p.Met477Arg,3) Uncertain significance,p.M477R,0.0
Rifampicin,rpoB,rpoB_p.Leu48Phe,3) Uncertain significance,p.L48F,0.0
Rifampicin,rpoB,rpoB_p.Gly516Arg,3) Uncertain significance,p.G516R,0.0
Rifampicin,rpoB,rpoB_p.Gln401Arg,3) Uncertain significance,p.Q401R,0.5
Rifampicin,rpoB,rpoB_p.Asp107Glu,3) Uncertain significance,p.D107E,0.0
Rifampicin,rpoB,rpoB_p.Leu957Val,3) Uncertain significance,p.L957V,0.5
Rifampicin,rpoB,rpoB_p.Asp53Asn,3) Uncertain significance,p.D53N,0.0
Rifampicin,rpoB,rpoB_p.Phe295Leu,3) Uncertain significance,p.F295L,0.14285714285714285
Rifampicin,rpoB,rpoB_p.Ile491Val,3) Uncertain significance,p.I491V,0.8333333333333334
Rifampicin,rpoB,rpoB_p.Cys1067Gly,3) Uncertain significance,p.C1067G,0.0
Rifampicin,rpoB,rpoB_p.Gly28Arg,3) Uncertain significance,p.G28R,0.0
Rifampicin,rpoB,rpoB_p.Glu1145Gly,3) Uncertain significance,p.E1145G,0.0
Rifampicin,rpoB,rpoB_p.Ser493Trp,3) Uncertain significance,p.S493W,0.0
Rifampicin,rpoB,rpoB_p.Glu639Gly,3) Uncertain significance,p.E639G,0.0
Rifampicin,rpoB,rpoB_p.Ala686Thr,3) Uncertain significance,p.A686T,0.0
Rifampicin,rpoB,rpoB_p.Asp955Asn,3) Uncertain significance,p.D955N,0.0
Rifampicin,rpoB,rpoB_p.Glu761Gly,3) Uncertain significance,p.E761G,0.5
Rifampicin,rpoB,rpoB_p.Asp103Glu,3) Uncertain significance,p.D103E,0.0
Rifampicin,rpoB,rpoB_p.Ala69Pro,3) Uncertain significance,p.A69P,0.0
Rifampicin,rpoB,rpoB_p.Ala943Thr,3) Uncertain significance,p.A943T,0.0
Rifampicin,rpoB,rpoB_p.Val534Ala,3) Uncertain significance,p.V534A,0.9354838709677419
Rifampicin,rpoB,rpoB_p.Asn292Ser,3) Uncertain significance,p.N292S,0.0
Rifampicin,rpoB,rpoB_p.Gly376Val,3) Uncertain significance,p.G376V,1.0
Rifampicin,rpoB,rpoB_p.Asp515Tyr,3) Uncertain significance,p.D515Y,0.0
Rifampicin,rpoB,rpoB_p.Lys944Glu,5) Not assoc w R,p.K944E,0.0392156862745098
Rifampicin,rpoB,rpoB_p.Glu721Lys,3) Uncertain significance,p.E721K,0.0
Rifampicin,rpoB,rpoB_p.Phe208Leu,3) Uncertain significance,p.F208L,0.0
Rifampicin,rpoB,rpoB_p.Leu893Arg,3) Uncertain significance,p.L893R,0.0
Rifampicin,rpoB,rpoB_p.Thr350Ile,4) Not assoc w R - Interim,p.T350I,0.0
Rifampicin,rpoB,rpoB_p.Lys822Thr,3) Uncertain significance,p.K822T,
Rifampicin,rpoB,rpoB_p.Glu563Asp,3) Uncertain significance,p.E563D,0.0
Rifampicin,rpoB,rpoB_p.Arg791Cys,4) Not assoc w R - Interim,p.R791C,0.05555555555555555
Rifampicin,rpoB,rpoB_p.Asp594Ala,3) Uncertain significance,p.D594A,0.0
Rifampicin,rpoB,rpoB_p.Lys891Glu,3) Uncertain significance,p.K891E,1.0
Rifampicin,rpoB,rpoB_p.Val113Ile,4) Not assoc w R - Interim,p.V113I,0.11428571428571428
Rifampicin,rpoB,rpoB_p.Ile925Val,5) Not assoc w R,p.I925V,0.09876543209876543
Rifampicin,rpoB,rpoB_p.Ser16Cys,5) Not assoc w R,p.S16C,0.0
Rifampicin,rpoB,rpoB_p.Met655Thr,5) Not assoc w R,p.M655T,0.0
Rifampicin,rpoB,rpoB_p.His343Gln,5) Not assoc w R,p.H343Q,0.0
Rifampicin,rpoB,rpoB_p.Asn381His,5) Not assoc w R,p.N381H,0.0
Rifampicin,rpoB,rpoB_p.Ala420Ser,3) Uncertain significance,p.A420S,
Rifampicin,rpoB,rpoB_p.Ala998Gly,3) Uncertain significance,p.A998G,
Rifampicin,rpoB,rpoB_p.Arg253Met,3) Uncertain significance,p.R253M,
Rifampicin,rpoB,rpoB_p.Asp190Glu,3) Uncertain significance,p.D190E,
Rifampicin,rpoB,rpoB_p.Asp993Glu,3) Uncertain significance,p.D993E,
Rifampicin,rpoB,rpoB_p.Asp997Asn,3) Uncertain significance,p.D997N,
Rifampicin,rpoB,rpoB_p.Cys985Ser,3) Uncertain significance,p.C985S,
Rifampicin,rpoB,rpoB_p.Gln226Lys,3) Uncertain significance,p.Q226K,
Rifampicin,rpoB,rpoB_p.Glu1140Gln,3) Uncertain significance,p.E1140Q,
Rifampicin,rpoB,rpoB_p.Glu207Gly,3) Uncertain significance,p.E207G,
Rifampicin,rpoB,rpoB_p.Glu360Asp,3) Uncertain significance,p.E360D,
Rifampicin,rpoB,rpoB_p.Glu460Asp,3) Uncertain significance,p.E460D,
Rifampicin,rpoB,rpoB_p.Ile717Val,3) Uncertain significance,p.I717V,
Rifampicin,rpoB,rpoB_p.Ile770Val,3) Uncertain significance,p.I770V,
Rifampicin,rpoB,rpoB_p.Leu995Met,3) Uncertain significance,p.L995M,
Rifampicin,rpoB,rpoB_p.Lys157Met,3) Uncertain significance,p.K157M,
Rifampicin,rpoB,rpoB_p.Met1025Leu,3) Uncertain significance,p.M1025L,
Rifampicin,rpoB,rpoB_p.Met387Leu,3) Uncertain significance,p.M387L,
Rifampicin,rpoB,rpoB_p.Pro439Ala,2) Assoc w R - Interim,p.P439A,
Rifampicin,rpoB,rpoB_p.Ser1133Ala,3) Uncertain significance,p.S1133A,
Rifampicin,rpoB,rpoB_p.Ser1134Lys,3) Uncertain significance,p.S1134K,
Rifampicin,rpoB,rpoB_p.Ser201Gly,3) Uncertain significance,p.S201G,
Rifampicin,rpoB,rpoB_p.Ser239Asn,3) Uncertain significance,p.S239N,
Rifampicin,rpoB,rpoB_p.Ser458Thr,3) Uncertain significance,p.S458T,
Rifampicin,rpoB,rpoB_p.Thr184Ser,3) Uncertain significance,p.T184S,
Rifampicin,rpoB,rpoB_p.Thr288Ala,3) Uncertain significance,p.T288A,
Rifampicin,rpoB,rpoB_p.Thr361Val,3) Uncertain significance,p.T361V,
Rifampicin,rpoB,rpoB_p.Val351Ala,3) Uncertain significance,p.V351A,
Rifampicin,rpoB,rpoB_p.Val740Thr,3) Uncertain significance,p.V740T,
Streptomycin,rpsL,rpsL_p.Lys43Arg,1) Assoc w R,p.K43R,0.9695745826602046
Streptomycin,rpsL,rpsL_p.Lys88Arg,1) Assoc w R,p.K88R,0.9750922509225092
Streptomycin,rpsL,rpsL_p.Lys88Thr,1) Assoc w R,p.K88T,1.0
Streptomycin,rpsL,rpsL_p.Lys88Met,1) Assoc w R,p.K88M,0.9629629629629629
Streptomycin,gid,gid_p.Ala134Glu,1) Assoc w R,p.A134E,1.0
Streptomycin,gid,gid_p.Pro84Leu,2) Assoc w R - Interim,p.P84L,0.14285714285714285
Streptomycin,gid,gid_p.Leu79Ser,1) Assoc w R,p.L79S,0.75
Streptomycin,gid,gid_p.Leu79Trp,2) Assoc w R - Interim,p.L79W,0.42857142857142855
Streptomycin,gid,gid_p.Gly37Arg,1) Assoc w R,p.G37R,0.7941176470588235
Streptomycin,gid,gid_p.Ala138Val,1) Assoc w R,p.A138V,0.65
Streptomycin,gid,gid_p.Val105Glu,1) Assoc w R,p.V105E,0.9090909090909091
Streptomycin,gid,gid_p.Leu91Pro,1) Assoc w R,p.L91P,0.9375
Streptomycin,gid,gid_p.Leu50Arg,2) Assoc w R - Interim,p.L50R,0.6666666666666666
Streptomycin,gid,gid_p.Leu90Arg,2) Assoc w R - Interim,p.L90R,0.75
Streptomycin,gid,gid_p.Trp45Arg,1) Assoc w R,p.W45R,1.0
Streptomycin,gid,gid_p.Gly73Ala,2) Assoc w R - Interim,p.G73A,0.625
Streptomycin,gid,gid_p.Ala80Pro,1) Assoc w R,p.A80P,1.0
Streptomycin,gid,gid_p.Gly37Val,1) Assoc w R,p.G37V,0.9375
Streptomycin,gid,gid_p.Ser70Arg,1) Assoc w R,p.S70R,0.72
Streptomycin,gid,gid_p.Ala200Glu,1) Assoc w R,p.A200E,0.9285714285714286
Streptomycin,gid,gid_p.Ser149Arg,1) Assoc w R,p.S149R,0.6428571428571429
Streptomycin,gid,gid_p.His48Gln,1) Assoc w R,p.H48Q,0.7916666666666666
Streptomycin,gid,gid_p.Ser70Asn,1) Assoc w R,p.S70N,0.9411764705882353
Streptomycin,gid,gid_p.Gly73Glu,1) Assoc w R,p.G73E,0.875
Streptomycin,gid,gid_p.Val77Gly,2) Assoc w R - Interim,p.V77G,0.5
Streptomycin,gid,gid_p.Gly73Arg,2) Assoc w R - Interim,p.G73R,0.25
Streptomycin,gid,gid_p.Glu40Lys,1) Assoc w R,p.E40K,1.0
Streptomycin,gid,gid_p.Val77Ala,1) Assoc w R,p.V77A,0.8
Streptomycin,gid,gid_p.Arg137Trp,1) Assoc w R,p.R137W,0.6363636363636364
Streptomycin,gid,gid_p.Asp67Gly,1) Assoc w R,p.D67G,0.875
Streptomycin,gid,gid_p.Pro75Ser,1) Assoc w R,p.P75S,0.6
Streptomycin,Rv1258c,Rv1258c_p.Ala29Glu,3) Uncertain significance,p.A29E,1.0
Streptomycin,gid,gid_p.Asn51Lys,1) Assoc w R,p.N51K,0.875
Streptomycin,gid,gid_p.Val65Gly,1) Assoc w R,p.V65G,0.5263157894736842
Streptomycin,gid,gid_p.Gly69Asp,1) Assoc w R,p.G69D,0.7142857142857143
Streptomycin,gid,gid_p.Val65Ala,1) Assoc w R,p.V65A,0.6785714285714286
Streptomycin,rpsL,rpsL_p.Lys88Gln,1) Assoc w R,p.K88Q,0.75
Streptomycin,gid,gid_p.Asp67His,1) Assoc w R,p.D67H,1.0
Streptomycin,gid,gid_p.Ala138Glu,1) Assoc w R,p.A138E,1.0
Streptomycin,gid,gid_p.Gly37Ala,1) Assoc w R,p.G37A,0.52
Streptomycin,gid,gid_p.Glu92Lys,2) Assoc w R - Interim,p.E92K,1.0
Streptomycin,gid,gid_p.Pro75Arg,1) Assoc w R,p.P75R,0.8181818181818182
Streptomycin,gid,gid_p.Ala82Pro,1) Assoc w R,p.A82P,0.8333333333333334
Streptomycin,gid,gid_p.Ile68Ser,3) Uncertain significance,p.I68S,1.0
Streptomycin,gid,gid_p.His48Pro,3) Uncertain significance,p.H48P,1.0
Streptomycin,gid,gid_p.Gly34Val,1) Assoc w R,p.G34V,0.7692307692307693
Streptomycin,gid,gid_p.Leu91Arg,1) Assoc w R,p.L91R,0.7777777777777778
Streptomycin,gid,gid_p.Glu170Lys,1) Assoc w R,p.E170K,0.5384615384615384
Streptomycin,gid,gid_p.Ala167Asp,1) Assoc w R,p.A167D,0.7692307692307693
Streptomycin,gid,gid_p.Pro75Leu,1) Assoc w R,p.P75L,0.6666666666666666
Streptomycin,gid,gid_p.Gly71Arg,3) Uncertain significance,p.G71R,1.0
Streptomycin,gid,gid_p.His48Tyr,2) Assoc w R - Interim,p.H48Y,0.2
Streptomycin,gid,gid_p.Gly34Trp,1) Assoc w R,p.G34W,0.7777777777777778
Streptomycin,gid,gid_p.Arg83Pro,1) Assoc w R,p.R83P,0.7
Streptomycin,gid,gid_p.Arg96Leu,2) Assoc w R - Interim,p.R96L,1.0
Streptomycin,gid,gid_p.Glu92Gly,2) Assoc w R - Interim,p.E92G,1.0
Streptomycin,gid,gid_p.Arg96Cys,2) Assoc w R - Interim,p.R96C,0.625
Streptomycin,gid,gid_p.Asp132Tyr,2) Assoc w R - Interim,p.D132Y,0.0
Streptomycin,gid,gid_p.Phe100Val,1) Assoc w R,p.F100V,0.75
Streptomycin,gid,gid_p.Ala140Pro,3) Uncertain significance,p.A140P,1.0
Streptomycin,gid,gid_p.Arg102Pro,3) Uncertain significance,p.R102P,1.0
Streptomycin,gid,gid_p.Gly117Glu,3) Uncertain significance,p.G117E,1.0
Streptomycin,gid,gid_p.Val36Gly,1) Assoc w R,p.V36G,0.7
Streptomycin,gid,gid_p.Gly76Asp,1) Assoc w R,p.G76D,1.0
Streptomycin,gid,gid_p.Leu26Phe,2) Assoc w R - Interim,p.L26F,0.6666666666666666
Streptomycin,gid,gid_p.Arg47Gln,1) Assoc w R,p.R47Q,0.7272727272727273
Streptomycin,gid,gid_p.Val110Ala,3) Uncertain significance,p.V110A,
Streptomycin,Rv1258c,Rv1258c_p.Gly195Asp,3) Uncertain significance,p.G195D,1.0
Streptomycin,gid,gid_p.Ala161Asp,1) Assoc w R,p.A161D,0.8333333333333334
Streptomycin,gid,gid_p.Leu101Val,3) Uncertain significance,p.L101V,1.0
Streptomycin,gid,gid_p.Leu35Arg,3) Uncertain significance,p.L35R,1.0
Streptomycin,gid,gid_p.Ala119Asp,1) Assoc w R,p.A119D,0.6
Streptomycin,gid,gid_p.Leu145Phe,3) Uncertain significance,p.L145F,0.3333333333333333
Streptomycin,gid,gid_p.Ala19Pro,3) Uncertain significance,p.A19P,0.5
Streptomycin,gid,gid_p.Asp63Tyr,3) Uncertain significance,p.D63Y,1.0
Streptomycin,gid,gid_p.Val88Ala,1) Assoc w R,p.V88A,0.6
Streptomycin,gid,gid_p.Arg137Pro,2) Assoc w R - Interim,p.R137P,0.3333333333333333
Streptomycin,rpsL,rpsL_p.Lys43Met,3) Uncertain significance,p.K43M,1.0
Streptomycin,gid,gid_p.Gly117Arg,3) Uncertain significance,p.G117R,0.4166666666666667
Streptomycin,gid,gid_p.Arg83Gly,2) Assoc w R - Interim,p.R83G,0.3333333333333333
Streptomycin,gid,gid_p.Gly164Asp,1) Assoc w R,p.G164D,0.8333333333333334
Streptomycin,gid,gid_p.Glu40Gln,3) Uncertain significance,p.E40Q,1.0
Streptomycin,gid,gid_p.Val124Ala,2) Assoc w R - Interim,p.V124A,0.6666666666666666
Streptomycin,gid,gid_p.Arg83Gln,3) Uncertain significance,p.R83Q,1.0
Streptomycin,gid,gid_p.Val124Gly,3) Uncertain significance,p.V124G,0.5454545454545454
Streptomycin,whiB7,whiB7_p.Gly67Val,3) Uncertain significance,p.G67V,1.0
Streptomycin,gid,gid_p.Asp85Ala,1) Assoc w R,p.D85A,0.8
Streptomycin,gid,gid_p.Gly69Arg,3) Uncertain significance,p.G69R,1.0
Streptomycin,gid,gid_p.Val202Gly,3) Uncertain significance,p.V202G,
Streptomycin,gid,gid_p.Thr146Lys,2) Assoc w R - Interim,p.T146K,1.0
Streptomycin,gid,gid_p.Arg96Pro,3) Uncertain significance,p.R96P,1.0
Streptomycin,gid,gid_p.Met178Arg,3) Uncertain significance,p.M178R,1.0
Streptomycin,gid,gid_p.Leu74Ser,3) Uncertain significance,p.L74S,0.5
Streptomycin,gid,gid_p.Arg64Pro,3) Uncertain significance,p.R64P,1.0
Streptomycin,gid,gid_p.Gly37Glu,2) Assoc w R - Interim,p.G37E,1.0
Streptomycin,gid,gid_p.Ala138Leu,3) Uncertain significance,p.A138L,
Streptomycin,whiB7,whiB7_p.Ala92Thr,3) Uncertain significance,p.A92T,1.0
Streptomycin,gid,gid_p.Arg20Pro,3) Uncertain significance,p.R20P,0.2
Streptomycin,gid,gid_p.Ala19Thr,1) Assoc w R,p.A19T,0.8
Streptomycin,gid,gid_p.Ala133Thr,3) Uncertain significance,p.A133T,1.0
Streptomycin,gid,gid_p.Leu152Ser,2) Assoc w R - Interim,p.L152S,1.0
Streptomycin,gid,gid_p.Gly34Glu,3) Uncertain significance,p.G34E,0.6
Streptomycin,gid,gid_p.Met150Arg,3) Uncertain significance,p.M150R,1.0
Streptomycin,gid,gid_p.Leu160Arg,3) Uncertain significance,p.L160R,
Streptomycin,gid,gid_p.Arg64Trp,3) Uncertain significance,p.R64W,1.0
Streptomycin,gid,gid_p.Phe12Val,3) Uncertain significance,p.F12V,1.0
Streptomycin,gid,gid_p.Gly73Val,3) Uncertain significance,p.G73V,1.0
Streptomycin,gid,gid_p.Arg97His,3) Uncertain significance,p.R97H,1.0
Streptomycin,gid,gid_p.Gly117Trp,3) Uncertain significance,p.G117W,
Streptomycin,gid,gid_p.Gly30Asp,1) Assoc w R,p.G30D,0.75
Streptomycin,gid,gid_p.Leu142Ser,3) Uncertain significance,p.L142S,1.0
Streptomycin,gid,gid_p.Asn51Asp,3) Uncertain significance,p.N51D,0.8571428571428571
Streptomycin,gid,gid_p.Val88Gly,3) Uncertain significance,p.V88G,0.6666666666666666
Streptomycin,gid,gid_p.Arg137Leu,3) Uncertain significance,p.R137L,0.5
Streptomycin,gid,gid_p.Leu35Pro,3) Uncertain significance,p.L35P,0.6
Streptomycin,gid,gid_p.Leu86Pro,3) Uncertain significance,p.L86P,0.6666666666666666
Streptomycin,gid,gid_p.Leu59Arg,3) Uncertain significance,p.L59R,
Streptomycin,gid,gid_p.Leu94Pro,3) Uncertain significance,p.L94P,0.75
Streptomycin,gid,gid_p.Pro93Leu,3) Uncertain significance,p.P93L,0.42857142857142855
Streptomycin,gid,gid_p.Leu108Arg,3) Uncertain significance,p.L108R,1.0
Streptomycin,gid,gid_p.Val135Gly,1) Assoc w R,p.V135G,0.6666666666666666
Streptomycin,gid,gid_p.Leu50Met,3) Uncertain significance,p.L50M,1.0
Streptomycin,rpsL,rpsL_p.Arg86Gln,3) Uncertain significance,p.R86Q,1.0
Streptomycin,gid,gid_p.Val139Ala,3) Uncertain significance,p.V139A,
Streptomycin,gid,gid_p.Pro75Ala,3) Uncertain significance,p.P75A,1.0
Streptomycin,gid,gid_p.Gly117Val,3) Uncertain significance,p.G117V,0.6666666666666666
Streptomycin,gid,gid_p.Trp45Ser,3) Uncertain significance,p.W45S,
Streptomycin,Rv1258c,Rv1258c_p.Val245Met,3) Uncertain significance,p.V245M,1.0
Streptomycin,gid,gid_p.Met218Val,3) Uncertain significance,p.M218V,1.0
Streptomycin,gid,gid_p.Leu145Ser,3) Uncertain significance,p.L145S,0.625
Streptomycin,gid,gid_p.Ile153Thr,3) Uncertain significance,p.I153T,0.5
Streptomycin,gid,gid_p.Arg137Gln,3) Uncertain significance,p.R137Q,0.375
Streptomycin,gid,gid_p.Val203Leu,3) Uncertain significance,p.V203L,0.5
Streptomycin,gid,gid_p.Leu101Phe,3) Uncertain significance,p.L101F,0.5
Streptomycin,gid,gid_p.Leu49Pro,3) Uncertain significance,p.L49P,0.6666666666666666
Streptomycin,gid,gid_p.Pro78Leu,3) Uncertain significance,p.P78L,
Streptomycin,gid,gid_p.Leu49Arg,3) Uncertain significance,p.L49R,0.5
Streptomycin,gid,gid_p.Gly73Trp,3) Uncertain significance,p.G73W,0.5
Streptomycin,gid,gid_p.Arg118Ser,3) Uncertain significance,p.R118S,0.75
Streptomycin,gid,gid_p.Val115Ala,3) Uncertain significance,p.V115A,1.0
Streptomycin,gid,gid_p.Gly62Ser,3) Uncertain significance,p.G62S,1.0
Streptomycin,gid,gid_p.Leu86Arg,3) Uncertain significance,p.L86R,0.5
Streptomycin,gid,gid_p.Val188Ala,3) Uncertain significance,p.V188A,1.0
Streptomycin,gid,gid_p.Leu90Pro,3) Uncertain significance,p.L90P,1.0
Streptomycin,gid,gid_p.Val66Met,3) Uncertain significance,p.V66M,1.0
Streptomycin,gid,gid_p.Leu16Pro,3) Uncertain significance,p.L16P,1.0
Streptomycin,gid,gid_p.Gly34Arg,3) Uncertain significance,p.G34R,0.3333333333333333
Streptomycin,gid,gid_p.Ala183Glu,3) Uncertain significance,p.A183E,1.0
Streptomycin,gid,gid_p.Gly157Glu,3) Uncertain significance,p.G157E,1.0
Streptomycin,gid,gid_p.Arg47Trp,3) Uncertain significance,p.R47W,0.5714285714285714
Streptomycin,gid,gid_p.Leu142Trp,3) Uncertain significance,p.L142W,0.0
Streptomycin,gid,gid_p.Arg47Pro,3) Uncertain significance,p.R47P,
Streptomycin,gid,gid_p.Glu92Val,3) Uncertain significance,p.E92V,1.0
Streptomycin,rpsL,rpsL_p.Val55Met,3) Uncertain significance,p.V55M,
Streptomycin,gid,gid_p.Gly164Arg,3) Uncertain significance,p.G164R,
Streptomycin,gid,gid_p.Ala200Val,3) Uncertain significance,p.A200V,1.0
Streptomycin,gid,gid_p.Arg154Trp,3) Uncertain significance,p.R154W,
Streptomycin,gid,gid_p.Glu92Gln,3) Uncertain significance,p.E92Q,0.42857142857142855
Streptomycin,gid,gid_p.Pro84Thr,3) Uncertain significance,p.P84T,1.0
Streptomycin,gid,gid_p.Cys52Phe,3) Uncertain significance,p.C52F,1.0
Streptomycin,gid,gid_p.Asp67Asn,3) Uncertain significance,p.D67N,1.0
Streptomycin,gid,gid_p.Leu26Ser,3) Uncertain significance,p.L26S,0.6666666666666666
Streptomycin,gid,gid_p.Asp85Gly,3) Uncertain significance,p.D85G,1.0
Streptomycin,gid,gid_p.Val177Met,3) Uncertain significance,p.V177M,
Streptomycin,gid,gid_p.Leu86His,3) Uncertain significance,p.L86H,1.0
Streptomycin,gid,gid_p.Lys163Glu,3) Uncertain significance,p.K163E,0.3333333333333333
Streptomycin,gid,gid_p.Cys191Arg,3) Uncertain significance,p.C191R,1.0
Streptomycin,gid,gid_p.Val124Leu,3) Uncertain significance,p.V124L,
Streptomycin,gid,gid_p.His48Asn,3) Uncertain significance,p.H48N,0.6666666666666666
Streptomycin,gid,gid_p.Leu26Trp,3) Uncertain significance,p.L26W,1.0
Streptomycin,gid,gid_p.Ile11Asn,3) Uncertain significance,p.I11N,1.0
Streptomycin,gid,gid_p.Gly157Arg,3) Uncertain significance,p.G157R,0.2857142857142857
Streptomycin,gid,gid_p.His174Asp,3) Uncertain significance,p.H174D,1.0
Streptomycin,gid,gid_p.Leu44Pro,3) Uncertain significance,p.L44P,1.0
Streptomycin,gid,gid_p.Val124Met,3) Uncertain significance,p.V124M,1.0
Streptomycin,gid,gid_p.Pro151Leu,3) Uncertain significance,p.P151L,1.0
Streptomycin,gid,gid_p.Arg175Pro,3) Uncertain significance,p.R175P,
Streptomycin,gid,gid_p.Ala19Asp,3) Uncertain significance,p.A19D,1.0
Streptomycin,whiB7,whiB7_p.Gly23Asp,3) Uncertain significance,p.G23D,1.0
Streptomycin,gid,gid_p.Met104Lys,3) Uncertain significance,p.M104K,1.0
Streptomycin,gid,gid_p.Arg97Leu,3) Uncertain significance,p.R97L,0.5
Streptomycin,gid,gid_p.Arg83Leu,3) Uncertain significance,p.R83L,
Streptomycin,gid,gid_p.Val89Gly,3) Uncertain significance,p.V89G,
Streptomycin,gid,gid_p.Phe100Leu,3) Uncertain significance,p.F100L,
Streptomycin,gid,gid_p.Ala138Pro,3) Uncertain significance,p.A138P,0.2
Streptomycin,gid,gid_p.Gly192Arg,3) Uncertain significance,p.G192R,1.0
Streptomycin,gid,gid_p.Arg118Cys,3) Uncertain significance,p.R118C,
Streptomycin,gid,gid_p.Pro93Arg,3) Uncertain significance,p.P93R,
Streptomycin,gid,gid_p.Ile81Thr,3) Uncertain significance,p.I81T,0.6666666666666666
Streptomycin,gid,gid_p.Ser70Gly,3) Uncertain significance,p.S70G,0.0
Streptomycin,gid,gid_p.Trp45Gly,3) Uncertain significance,p.W45G,1.0
Streptomycin,gid,gid_p.Ala134Pro,3) Uncertain significance,p.A134P,1.0
Streptomycin,gid,gid_p.Leu101Arg,3) Uncertain significance,p.L101R,1.0
Streptomycin,gid,gid_p.Ile68Asn,3) Uncertain significance,p.I68N,1.0
Streptomycin,gid,gid_p.Gly182Val,3) Uncertain significance,p.G182V,
Streptomycin,gid,gid_p.Arg118His,3) Uncertain significance,p.R118H,1.0
Streptomycin,gid,gid_p.Met178Thr,3) Uncertain significance,p.M178T,1.0
Streptomycin,gid,gid_p.Leu35Gln,3) Uncertain significance,p.L35Q,1.0
Streptomycin,gid,gid_p.Cys52Tyr,3) Uncertain significance,p.C52Y,1.0
Streptomycin,whiB7,whiB7_p.Ala92Val,3) Uncertain significance,p.A92V,1.0
Streptomycin,gid,gid_p.Val66Ala,3) Uncertain significance,p.V66A,
Streptomycin,gid,gid_p.Leu18Arg,3) Uncertain significance,p.L18R,1.0
Streptomycin,gid,gid_p.Ala205Glu,3) Uncertain significance,p.A205E,1.0
Streptomycin,gid,gid_p.Ile162Ser,3) Uncertain significance,p.I162S,1.0
Streptomycin,gid,gid_p.Gly62Val,3) Uncertain significance,p.G62V,1.0
Streptomycin,gid,gid_p.Arg96His,3) Uncertain significance,p.R96H,0.4
Streptomycin,gid,gid_p.Leu35Met,3) Uncertain significance,p.L35M,1.0
Streptomycin,gid,gid_p.Val115Gly,3) Uncertain significance,p.V115G,0.2857142857142857
Streptomycin,gid,gid_p.Leu86Gln,3) Uncertain significance,p.L86Q,1.0
Streptomycin,gid,gid_p.Leu50Pro,3) Uncertain significance,p.L50P,0.3333333333333333
Streptomycin,gid,gid_p.Ile114Asn,3) Uncertain significance,p.I114N,1.0
Streptomycin,gid,gid_p.Leu160Pro,3) Uncertain significance,p.L160P,1.0
Streptomycin,gid,gid_p.Arg166Pro,3) Uncertain significance,p.R166P,1.0
Streptomycin,gid,gid_p.Arg154Pro,3) Uncertain significance,p.R154P,0.2631578947368421
Streptomycin,gid,gid_p.Leu49Val,3) Uncertain significance,p.L49V,
Streptomycin,gid,gid_p.Thr98Pro,3) Uncertain significance,p.T98P,0.6666666666666666
Streptomycin,gid,gid_p.Leu86Phe,3) Uncertain significance,p.L86F,0.4
Streptomycin,gid,gid_p.Tyr22Ser,3) Uncertain significance,p.Y22S,
Streptomycin,gid,gid_p.Ala138Thr,3) Uncertain significance,p.A138T,0.5
Streptomycin,gid,gid_p.Ala119Thr,3) Uncertain significance,p.A119T,0.2967032967032967
Streptomycin,gid,gid_p.Val203Met,3) Uncertain significance,p.V203M,0.5
Streptomycin,gid,gid_p.Arg21Pro,3) Uncertain significance,p.R21P,0.5
Streptomycin,gid,gid_p.Leu79Phe,3) Uncertain significance,p.L79F,0.0
Streptomycin,gid,gid_p.Ala180Gly,3) Uncertain significance,p.A180G,1.0
Streptomycin,gid,gid_p.Arg21Trp,3) Uncertain significance,p.R21W,1.0
Streptomycin,gid,gid_p.Leu94Arg,3) Uncertain significance,p.L94R,
Streptomycin,gid,gid_p.Ala80Glu,3) Uncertain significance,p.A80E,0.5
Streptomycin,gid,gid_p.Tyr22Cys,3) Uncertain significance,p.Y22C,0.5
Streptomycin,gid,gid_p.Glu40Ala,3) Uncertain significance,p.E40A,0.0
Streptomycin,gid,gid_p.Arg47Leu,3) Uncertain significance,p.R47L,0.5
Streptomycin,Rv1258c,Rv1258c_p.Gly229Arg,3) Uncertain significance,p.G229R,1.0
Streptomycin,gid,gid_p.Gly130Arg,3) Uncertain significance,p.G130R,1.0
Streptomycin,gid,gid_p.Leu44Gln,3) Uncertain significance,p.L44Q,1.0
Streptomycin,gid,gid_p.Asp63His,3) Uncertain significance,p.D63H,0.6666666666666666
Streptomycin,gid,gid_p.Ala25Pro,3) Uncertain significance,p.A25P,0.6666666666666666
Streptomycin,gid,gid_p.Arg158Leu,3) Uncertain significance,p.R158L,1.0
Streptomycin,gid,gid_p.Gly76Arg,3) Uncertain significance,p.G76R,0.5
Streptomycin,Rv1258c,Rv1258c_p.Gly7Ser,3) Uncertain significance,p.G7S,1.0
Streptomycin,gid,gid_p.Gly109Val,3) Uncertain significance,p.G109V,1.0
Streptomycin,gid,gid_p.Leu90Phe,3) Uncertain significance,p.L90F,0.3333333333333333
Streptomycin,gid,gid_p.Asp67Ala,3) Uncertain significance,p.D67A,0.5
Streptomycin,gid,gid_p.Leu58Pro,3) Uncertain significance,p.L58P,
Streptomycin,gid,gid_p.Pro78Arg,3) Uncertain significance,p.P78R,1.0
Streptomycin,gid,gid_p.Tyr195Cys,3) Uncertain significance,p.Y195C,
Streptomycin,gid,gid_p.Gly71Glu,3) Uncertain significance,p.G71E,0.0
Streptomycin,gid,gid_p.Arg118Leu,3) Uncertain significance,p.R118L,0.6666666666666666
Streptomycin,gid,gid_p.Thr190Ile,3) Uncertain significance,p.T190I,1.0
Streptomycin,gid,gid_p.Ser70Ile,3) Uncertain significance,p.S70I,0.5
Streptomycin,gid,gid_p.Val112Gly,3) Uncertain significance,p.V112G,0.3333333333333333
Streptomycin,rpsL,rpsL_p.Arg30Cys,3) Uncertain significance,p.R30C,1.0
Streptomycin,gid,gid_p.Ala133Pro,3) Uncertain significance,p.A133P,
Streptomycin,gid,gid_p.Ala72Val,3) Uncertain significance,p.A72V,0.5
Streptomycin,gid,gid_p.Pro93Gln,3) Uncertain significance,p.P93Q,
Streptomycin,gid,gid_p.Gly71Ala,3) Uncertain significance,p.G71A,0.5
Streptomycin,gid,gid_p.Cys191Trp,3) Uncertain significance,p.C191W,0.3333333333333333
Streptomycin,gid,gid_p.Ala27Pro,3) Uncertain significance,p.A27P,0.4
Streptomycin,Rv1258c,Rv1258c_p.Pro369Thr,3) Uncertain significance,p.P369T,0.5
Streptomycin,Rv1258c,Rv1258c_p.Val285Ile,3) Uncertain significance,p.V285I,1.0
Streptomycin,gid,gid_p.Gln210His,3) Uncertain significance,p.Q210H,
Streptomycin,gid,gid_p.Val41Ile,3) Uncertain significance,p.V41I,0.5
Streptomycin,gid,gid_p.Val171Gly,3) Uncertain significance,p.V171G,0.0
Streptomycin,gid,gid_p.Lys163Asn,3) Uncertain significance,p.K163N,0.3333333333333333
Streptomycin,gid,gid_p.Cys191Phe,3) Uncertain significance,p.C191F,
Streptomycin,gid,gid_p.Leu128Ser,3) Uncertain significance,p.L128S,1.0
Streptomycin,gid,gid_p.Asp67Glu,3) Uncertain significance,p.D67E,0.5
Streptomycin,gid,gid_p.Glu40Gly,3) Uncertain significance,p.E40G,
Streptomycin,gid,gid_p.Gly164Val,3) Uncertain significance,p.G164V,0.0
Streptomycin,whiB7,whiB7_p.Lys40Asn,3) Uncertain significance,p.K40N,
Streptomycin,gid,gid_p.Arg166Trp,3) Uncertain significance,p.R166W,0.5
Streptomycin,gid,gid_p.Gly208Glu,3) Uncertain significance,p.G208E,1.0
Streptomycin,gid,gid_p.Arg197Pro,3) Uncertain significance,p.R197P,0.0
Streptomycin,gid,gid_p.Glu170Gly,3) Uncertain significance,p.E170G,
Streptomycin,gid,gid_p.Arg83Trp,3) Uncertain significance,p.R83W,1.0
Streptomycin,gid,gid_p.Lys163Gln,3) Uncertain significance,p.K163Q,0.3333333333333333
Streptomycin,gid,gid_p.Val65Phe,3) Uncertain significance,p.V65F,0.2857142857142857
Streptomycin,gid,gid_p.Phe12Leu,3) Uncertain significance,p.F12L,1.0
Streptomycin,gid,gid_p.Ala140Val,3) Uncertain significance,p.A140V,0.5
Streptomycin,gid,gid_p.Arg158Pro,3) Uncertain significance,p.R158P,0.5
Streptomycin,gid,gid_p.Gly192Val,3) Uncertain significance,p.G192V,1.0
Streptomycin,gid,gid_p.Gly109Ala,3) Uncertain significance,p.G109A,1.0
Streptomycin,gid,gid_p.Pro75Thr,3) Uncertain significance,p.P75T,0.3
Streptomycin,whiB7,whiB7_p.Pro7Arg,3) Uncertain significance,p.P7R,1.0
Streptomycin,gid,gid_p.Leu90Ile,3) Uncertain significance,p.L90I,
Streptomycin,gid,gid_p.Tyr22His,3) Uncertain significance,p.Y22H,0.0
Streptomycin,whiB7,whiB7_p.His79Gln,3) Uncertain significance,p.H79Q,1.0
Streptomycin,whiB7,whiB7_p.Lys80Gln,3) Uncertain significance,p.K80Q,1.0
Streptomycin,Rv1258c,Rv1258c_p.Gly95Arg,3) Uncertain significance,p.G95R,1.0
Streptomycin,gid,gid_p.Phe12Ser,3) Uncertain significance,p.F12S,
Streptomycin,gid,gid_p.Cys191Tyr,3) Uncertain significance,p.C191Y,0.3333333333333333
Streptomycin,gid,gid_p.Leu58Phe,3) Uncertain significance,p.L58F,0.16666666666666666
Streptomycin,gid,gid_p.Ile81Arg,3) Uncertain significance,p.I81R,0.5
Streptomycin,rpsL,rpsL_p.Thr64Met,3) Uncertain significance,p.T64M,1.0
Streptomycin,whiB7,whiB7_p.Leu42Pro,3) Uncertain significance,p.L42P,1.0
Streptomycin,gid,gid_p.Asn51Thr,3) Uncertain significance,p.N51T,0.3333333333333333
Streptomycin,gid,gid_p.Glu99Gly,3) Uncertain significance,p.E99G,0.2
Streptomycin,gid,gid_p.Arg33Trp,3) Uncertain significance,p.R33W,1.0
Streptomycin,gid,gid_p.Pro29Leu,3) Uncertain significance,p.P29L,1.0
Streptomycin,gid,gid_p.Ala10Gly,3) Uncertain significance,p.A10G,0.3333333333333333
Streptomycin,gid,gid_p.Ala180Ser,3) Uncertain significance,p.A180S,
Streptomycin,rpsL,rpsL_p.Lys43Asn,3) Uncertain significance,p.K43N,1.0
Streptomycin,gid,gid_p.Gly28Val,3) Uncertain significance,p.G28V,
Streptomycin,Rv1258c,Rv1258c_p.Thr16Met,3) Uncertain significance,p.T16M,1.0
Streptomycin,whiB7,whiB7_p.Pro33Ser,3) Uncertain significance,p.P33S,
Streptomycin,gid,gid_p.Gly76Ser,3) Uncertain significance,p.G76S,0.2
Streptomycin,gid,gid_p.Ser149Asn,3) Uncertain significance,p.S149N,1.0
Streptomycin,rpsL,rpsL_p.Pro2Ser,3) Uncertain significance,p.P2S,1.0
Streptomycin,rpsL,rpsL_p.Val107Ala,3) Uncertain significance,p.V107A,
Streptomycin,rpsL,rpsL_p.Thr40Ile,3) Uncertain significance,p.T40I,1.0
Streptomycin,gid,gid_p.Asp132Glu,3) Uncertain significance,p.D132E,0.3333333333333333
Streptomycin,gid,gid_p.Glu120Asp,3) Uncertain significance,p.E120D,1.0
Streptomycin,gid,gid_p.Leu108Pro,3) Uncertain significance,p.L108P,0.2
Streptomycin,gid,gid_p.Glu121Asp,3) Uncertain significance,p.E121D,0.0
Streptomycin,rpsL,rpsL_p.Lys43Thr,3) Uncertain significance,p.K43T,1.0
Streptomycin,Rv1258c,Rv1258c_p.Gln259Leu,3) Uncertain significance,p.Q259L,
Streptomycin,gid,gid_p.Met104Arg,3) Uncertain significance,p.M104R,0.5
Streptomycin,gid,gid_p.Ile81Met,3) Uncertain significance,p.I81M,1.0
Streptomycin,gid,gid_p.Met178Ile,3) Uncertain significance,p.M178I,
Streptomycin,gid,gid_p.Tyr22Asn,3) Uncertain significance,p.Y22N,
Streptomycin,Rv1258c,Rv1258c_p.Ala65Thr,3) Uncertain significance,p.A65T,1.0
Streptomycin,gid,gid_p.Ser122Pro,3) Uncertain significance,p.S122P,0.5
Streptomycin,gid,gid_p.Gly76Cys,3) Uncertain significance,p.G76C,
Streptomycin,Rv1258c,Rv1258c_p.Pro241Ser,3) Uncertain significance,p.P241S,
Streptomycin,gid,gid_p.Leu108Val,3) Uncertain significance,p.L108V,
Streptomycin,Rv1258c,Rv1258c_p.Ala19Thr,3) Uncertain significance,p.A19T,
Streptomycin,whiB7,whiB7_p.Ala39Thr,3) Uncertain significance,p.A39T,1.0
Streptomycin,whiB7,whiB7_p.Ala34Pro,3) Uncertain significance,p.A34P,1.0
Streptomycin,gid,gid_p.Arg197Cys,3) Uncertain significance,p.R197C,0.5
Streptomycin,Rv1258c,Rv1258c_p.Pro361Leu,3) Uncertain significance,p.P361L,1.0
Streptomycin,Rv1258c,Rv1258c_p.Gly161Ser,3) Uncertain significance,p.G161S,1.0
Streptomycin,gid,gid_p.Gly164Cys,3) Uncertain significance,p.G164C,0.0
Streptomycin,gid,gid_p.Gly76Val,3) Uncertain significance,p.G76V,1.0
Streptomycin,whiB7,whiB7_p.Ile70Thr,3) Uncertain significance,p.I70T,1.0
Streptomycin,rpsL,rpsL_p.Gly71Asp,3) Uncertain significance,p.G71D,
Streptomycin,gid,gid_p.Gly28Arg,3) Uncertain significance,p.G28R,
Streptomycin,rpsL,rpsL_p.Ser17Ile,3) Uncertain significance,p.S17I,1.0
Streptomycin,whiB7,whiB7_p.Gln13Lys,3) Uncertain significance,p.Q13K,1.0
Streptomycin,gid,gid_p.Ser149Cys,3) Uncertain significance,p.S149C,
Streptomycin,Rv1258c,Rv1258c_p.Leu60Val,3) Uncertain significance,p.L60V,
Streptomycin,Rv1258c,Rv1258c_p.Asp23Gly,3) Uncertain significance,p.D23G,1.0
Streptomycin,rpsL,rpsL_p.Gly106Cys,3) Uncertain significance,p.G106C,
Streptomycin,whiB7,whiB7_p.Phe29Ser,3) Uncertain significance,p.F29S,1.0
Streptomycin,Rv1258c,Rv1258c_p.Pro398Ala,3) Uncertain significance,p.P398A,1.0
Streptomycin,gid,gid_p.Ala10Pro,3) Uncertain significance,p.A10P,0.18181818181818182
Streptomycin,Rv1258c,Rv1258c_p.Ile12Val,3) Uncertain significance,p.I12V,1.0
Streptomycin,rpsL,rpsL_p.Pro91Ser,3) Uncertain significance,p.P91S,1.0
Streptomycin,whiB7,whiB7_p.Val65Phe,3) Uncertain significance,p.V65F,1.0
Streptomycin,Rv1258c,Rv1258c_p.Val335Leu,3) Uncertain significance,p.V335L,1.0
Streptomycin,gid,gid_p.Trp148Cys,3) Uncertain significance,p.W148C,0.3333333333333333
Streptomycin,whiB7,whiB7_p.Ser2Ala,3) Uncertain significance,p.S2A,
Streptomycin,gid,gid_p.Thr201Pro,3) Uncertain significance,p.T201P,0.0
Streptomycin,gid,gid_p.Ala140Ser,3) Uncertain significance,p.A140S,
Streptomycin,gid,gid_p.Gly222Arg,3) Uncertain significance,p.G222R,1.0
Streptomycin,gid,gid_p.Arg116Gln,3) Uncertain significance,p.R116Q,1.0
Streptomycin,whiB7,whiB7_p.Arg50Pro,3) Uncertain significance,p.R50P,1.0
Streptomycin,gid,gid_p.Arg116Trp,3) Uncertain significance,p.R116W,
Streptomycin,Rv1258c,Rv1258c_p.Tyr334Cys,3) Uncertain significance,p.Y334C,1.0
Streptomycin,gid,gid_p.Gly13Ala,3) Uncertain significance,p.G13A,0.5
Streptomycin,Rv1258c,Rv1258c_p.Thr173Pro,3) Uncertain significance,p.T173P,0.5
Streptomycin,gid,gid_p.Val202Ala,3) Uncertain significance,p.V202A,1.0
Streptomycin,whiB7,whiB7_p.Pro62Thr,3) Uncertain significance,p.P62T,1.0
Streptomycin,rpsL,rpsL_p.Glu122Lys,3) Uncertain significance,p.E122K,1.0
Streptomycin,whiB7,whiB7_p.Pro82Leu,3) Uncertain significance,p.P82L,0.5
Streptomycin,gid,gid_p.Val139Met,3) Uncertain significance,p.V139M,0.5
Streptomycin,Rv1258c,Rv1258c_p.Ser292Leu,3) Uncertain significance,p.S292L,0.5
Streptomycin,whiB7,whiB7_p.Val91Gly,3) Uncertain significance,p.V91G,1.0
Streptomycin,rpsL,rpsL_p.Gly71Ser,3) Uncertain significance,p.G71S,1.0
Streptomycin,whiB7,whiB7_p.Asp26Gly,3) Uncertain significance,p.D26G,1.0
Streptomycin,Rv1258c,Rv1258c_p.Pro118Gln,3) Uncertain significance,p.P118Q,1.0
Streptomycin,Rv1258c,Rv1258c_p.Leu150Phe,3) Uncertain significance,p.L150F,1.0
Streptomycin,gid,gid_p.Ala141Glu,3) Uncertain significance,p.A141E,0.25
Streptomycin,whiB7,whiB7_p.Ser45Gly,3) Uncertain significance,p.S45G,1.0
Streptomycin,gid,gid_p.Ala72Thr,3) Uncertain significance,p.A72T,1.0
Streptomycin,gid,gid_p.Pro6Leu,3) Uncertain significance,p.P6L,0.0
Streptomycin,gid,gid_p.Ser181Trp,3) Uncertain significance,p.S181W,1.0
Streptomycin,gid,gid_p.Thr146Pro,3) Uncertain significance,p.T146P,1.0
Streptomycin,gid,gid_p.Pro6Arg,3) Uncertain significance,p.P6R,1.0
Streptomycin,gid,gid_p.Arg61Pro,3) Uncertain significance,p.R61P,1.0
Streptomycin,whiB7,whiB7_p.Leu27Pro,3) Uncertain significance,p.L27P,1.0
Streptomycin,Rv1258c,Rv1258c_p.Ile27Val,3) Uncertain significance,p.I27V,1.0
Streptomycin,gid,gid_p.Gly28Glu,3) Uncertain significance,p.G28E,0.0
Streptomycin,whiB7,whiB7_p.Ser45Arg,3) Uncertain significance,p.S45R,1.0
Streptomycin,rpsL,rpsL_p.Arg94Cys,3) Uncertain significance,p.R94C,1.0
Streptomycin,gid,gid_p.Asp85Glu,3) Uncertain significance,p.D85E,0.2
Streptomycin,whiB7,whiB7_p.Arg81His,3) Uncertain significance,p.R81H,1.0
Streptomycin,gid,gid_p.Leu91Val,4) Not assoc w R - Interim,p.L91V,0.8571428571428571
Streptomycin,gid,gid_p.Ala53Asp,3) Uncertain significance,p.A53D,1.0
Streptomycin,gid,gid_p.Ala10Val,4) Not assoc w R - Interim,p.A10V,0.16666666666666666
Streptomycin,gid,gid_p.His168Arg,3) Uncertain significance,p.H168R,0.0
Streptomycin,gid,gid_p.Glu170Asp,3) Uncertain significance,p.E170D,0.0
Streptomycin,gid,gid_p.Glu113Gln,3) Uncertain significance,p.E113Q,0.5
Streptomycin,gid,gid_p.Ala23Asp,3) Uncertain significance,p.A23D,0.5
Streptomycin,Rv1258c,Rv1258c_p.Arg345Cys,3) Uncertain significance,p.R345C,0.0
Streptomycin,gid,gid_p.Val203Glu,3) Uncertain significance,p.V203E,0.0
Streptomycin,Rv1258c,Rv1258c_p.Gly391Arg,3) Uncertain significance,p.G391R,0.3333333333333333
Streptomycin,rpsL,rpsL_p.Glu70Ala,3) Uncertain significance,p.E70A,0.5
Streptomycin,gid,gid_p.Ala27Val,3) Uncertain significance,p.A27V,0.0
Streptomycin,Rv1258c,Rv1258c_p.Gly95Glu,3) Uncertain significance,p.G95E,0.0
Streptomycin,Rv1258c,Rv1258c_p.Ile411Val,3) Uncertain significance,p.I411V,0.0
Streptomycin,gid,gid_p.Val65Ile,3) Uncertain significance,p.V65I,0.0
Streptomycin,Rv1258c,Rv1258c_p.Ala399Val,3) Uncertain significance,p.A399V,0.3076923076923077
Streptomycin,gid,gid_p.Ile68Lys,3) Uncertain significance,p.I68K,0.0
Streptomycin,gid,gid_p.Ser181Leu,3) Uncertain significance,p.S181L,1.0
Streptomycin,gid,gid_p.Val41Ala,3) Uncertain significance,p.V41A,
Streptomycin,Rv1258c,Rv1258c_p.Ala41Gly,3) Uncertain significance,p.A41G,
Streptomycin,Rv1258c,Rv1258c_p.Asp23Val,3) Uncertain significance,p.D23V,0.2222222222222222
Streptomycin,gid,gid_p.Ala72Asp,3) Uncertain significance,p.A72D,0.0
Streptomycin,gid,gid_p.Trp148Leu,3) Uncertain significance,p.W148L,1.0
Streptomycin,gid,gid_p.Ala183Pro,3) Uncertain significance,p.A183P,0.0
Streptomycin,rpsL,rpsL_p.Arg114Cys,3) Uncertain significance,p.R114C,0.0
Streptomycin,gid,gid_p.His48Asp,3) Uncertain significance,p.H48D,
Streptomycin,Rv1258c,Rv1258c_p.Ala374Pro,3) Uncertain significance,p.A374P,0.16666666666666666
Streptomycin,Rv1258c,Rv1258c_p.Gly215Ala,3) Uncertain significance,p.G215A,0.0
Streptomycin,gid,gid_p.Arg172Trp,3) Uncertain significance,p.R172W,0.0
Streptomycin,gid,gid_p.Pro93Ser,3) Uncertain significance,p.P93S,0.25
Streptomycin,Rv1258c,Rv1258c_p.Gly24Asp,3) Uncertain significance,p.G24D,0.0
Streptomycin,whiB7,whiB7_p.Arg50Leu,3) Uncertain significance,p.R50L,0.0
Streptomycin,Rv1258c,Rv1258c_p.Pro90Leu,3) Uncertain significance,p.P90L,0.0
Streptomycin,gid,gid_p.Ala205Val,3) Uncertain significance,p.A205V,0.0
Streptomycin,gid,gid_p.Arg33Pro,3) Uncertain significance,p.R33P,0.0
Streptomycin,gid,gid_p.Ala25Gly,3) Uncertain significance,p.A25G,0.0
Streptomycin,gid,gid_p.Ser2Cys,3) Uncertain significance,p.S2C,0.0
Streptomycin,Rv1258c,Rv1258c_p.Pro312Ser,3) Uncertain significance,p.P312S,0.0
Streptomycin,gid,gid_p.Arg207His,3) Uncertain significance,p.R207H,0.0
Streptomycin,Rv1258c,Rv1258c_p.Ala394Thr,3) Uncertain significance,p.A394T,
Streptomycin,Rv1258c,Rv1258c_p.Gly97Asp,3) Uncertain significance,p.G97D,
Streptomycin,gid,gid_p.Ala25Val,3) Uncertain significance,p.A25V,0.0
Streptomycin,gid,gid_p.Ala141Thr,3) Uncertain significance,p.A141T,0.0
Streptomycin,gid,gid_p.Arg97Cys,3) Uncertain significance,p.R97C,0.0
Streptomycin,gid,gid_p.Arg187Lys,3) Uncertain significance,p.R187K,0.0
Streptomycin,gid,gid_p.Glu120Lys,3) Uncertain significance,p.E120K,0.0
Streptomycin,gid,gid_p.Asn194Asp,3) Uncertain significance,p.N194D,0.0
Streptomycin,Rv1258c,Rv1258c_p.Glu214Lys,3) Uncertain significance,p.E214K,0.0
Streptomycin,Rv1258c,Rv1258c_p.Val66Ile,3) Uncertain significance,p.V66I,0.0
Streptomycin,Rv1258c,Rv1258c_p.Met352Ile,3) Uncertain significance,p.M352I,0.0
Streptomycin,gid,gid_p.Gly30Val,3) Uncertain significance,p.G30V,
Streptomycin,Rv1258c,Rv1258c_p.Arg141Leu,3) Uncertain significance,p.R141L,0.0
Streptomycin,rpsL,rpsL_p.Ser101Ala,3) Uncertain significance,p.S101A,0.0
Streptomycin,gid,gid_p.Glu99Lys,3) Uncertain significance,p.E99K,0.0
Streptomycin,gid,gid_p.Leu44Arg,3) Uncertain significance,p.L44R,0.0
Streptomycin,gid,gid_p.Gly130Ser,3) Uncertain significance,p.G130S,0.0
Streptomycin,Rv1258c,Rv1258c_p.Leu370Pro,3) Uncertain significance,p.L370P,0.0
Streptomycin,Rv1258c,Rv1258c_p.Leu193Pro,3) Uncertain significance,p.L193P,0.0
Streptomycin,Rv1258c,Rv1258c_p.Gly70Arg,3) Uncertain significance,p.G70R,
Streptomycin,gid,gid_p.His174Arg,3) Uncertain significance,p.H174R,0.0
Streptomycin,gid,gid_p.Thr146Arg,3) Uncertain significance,p.T146R,0.0
Streptomycin,Rv1258c,Rv1258c_p.Thr167Pro,3) Uncertain significance,p.T167P,
Streptomycin,gid,gid_p.His48Arg,3) Uncertain significance,p.H48R,0.0
Streptomycin,gid,gid_p.Glu165Gly,3) Uncertain significance,p.E165G,0.0
Streptomycin,whiB7,whiB7_p.Pro11Ser,3) Uncertain significance,p.P11S,0.0
Streptomycin,gid,gid_p.Gly76Ala,3) Uncertain significance,p.G76A,
Streptomycin,gid,gid_p.Gly69Ile,3) Uncertain significance,p.G69I,
Streptomycin,Rv1258c,Rv1258c_p.Thr173Ile,3) Uncertain significance,p.T173I,0.0
Streptomycin,gid,gid_p.Ser136Pro,3) Uncertain significance,p.S136P,0.0
Streptomycin,Rv1258c,Rv1258c_p.Leu355Pro,3) Uncertain significance,p.L355P,0.0
Streptomycin,Rv1258c,Rv1258c_p.Asp404Asn,3) Uncertain significance,p.D404N,
Streptomycin,Rv1258c,Rv1258c_p.Val349Ile,3) Uncertain significance,p.V349I,0.0
Streptomycin,Rv1258c,Rv1258c_p.Met230Val,3) Uncertain significance,p.M230V,0.0
Streptomycin,rpsL,rpsL_p.Arg86Gly,3) Uncertain significance,p.R86G,0.0
Streptomycin,Rv1258c,Rv1258c_p.Asp125Glu,3) Uncertain significance,p.D125E,0.0
Streptomycin,gid,gid_p.Ile114Ser,3) Uncertain significance,p.I114S,0.0
Streptomycin,gid,gid_p.Ile114Met,3) Uncertain significance,p.I114M,0.0
Streptomycin,whiB7,whiB7_p.Ala56Pro,3) Uncertain significance,p.A56P,0.0
Streptomycin,gid,gid_p.Pro199Arg,3) Uncertain significance,p.P199R,0.0
Streptomycin,Rv1258c,Rv1258c_p.Ala294Val,3) Uncertain significance,p.A294V,0.0
Streptomycin,whiB7,whiB7_p.Val6Phe,3) Uncertain significance,p.V6F,0.0
Streptomycin,gid,gid_p.Met159Thr,3) Uncertain significance,p.M159T,
Streptomycin,whiB7,whiB7_p.Glu69Lys,3) Uncertain significance,p.E69K,
Streptomycin,gid,gid_p.Glu103Ala,3) Uncertain significance,p.E103A,0.0
Streptomycin,gid,gid_p.Ala193Gly,3) Uncertain significance,p.A193G,0.0
Streptomycin,Rv1258c,Rv1258c_p.Met121Val,3) Uncertain significance,p.M121V,
Streptomycin,gid,gid_p.Val36Ala,3) Uncertain significance,p.V36A,0.5
Streptomycin,gid,gid_p.Asp169Gly,3) Uncertain significance,p.D169G,0.0
Streptomycin,gid,gid_p.Ala183Thr,3) Uncertain significance,p.A183T,0.0
Streptomycin,gid,gid_p.Pro78Gln,3) Uncertain significance,p.P78Q,0.0
Streptomycin,gid,gid_p.Ser9Pro,3) Uncertain significance,p.S9P,1.0
Streptomycin,rpsL,rpsL_p.Asp14Glu,3) Uncertain significance,p.D14E,0.0
Streptomycin,Rv1258c,Rv1258c_p.Pro54Leu,3) Uncertain significance,p.P54L,0.0
Streptomycin,Rv1258c,Rv1258c_p.Pro8Leu,3) Uncertain significance,p.P8L,
Streptomycin,gid,gid_p.Gly221Arg,3) Uncertain significance,p.G221R,
Streptomycin,Rv1258c,Rv1258c_p.Ala148Thr,3) Uncertain significance,p.A148T,0.0
Streptomycin,gid,gid_p.Glu57Lys,3) Uncertain significance,p.E57K,0.0
Streptomycin,Rv1258c,Rv1258c_p.Thr59Ala,3) Uncertain significance,p.T59A,
Streptomycin,Rv1258c,Rv1258c_p.Ala418Ser,3) Uncertain significance,p.A418S,0.0
Streptomycin,Rv1258c,Rv1258c_p.Ala113Glu,3) Uncertain significance,p.A113E,0.0
Streptomycin,gid,gid_p.Val105Gly,3) Uncertain significance,p.V105G,0.0
Streptomycin,Rv1258c,Rv1258c_p.Gly375Arg,3) Uncertain significance,p.G375R,0.0
Streptomycin,gid,gid_p.Leu91Ile,3) Uncertain significance,p.L91I,0.0
Streptomycin,gid,gid_p.Gly214Arg,3) Uncertain significance,p.G214R,0.0
Streptomycin,gid,gid_p.Ala8Glu,3) Uncertain significance,p.A8E,
Streptomycin,Rv1258c,Rv1258c_p.Trp220Cys,3) Uncertain significance,p.W220C,0.0
Streptomycin,gid,gid_p.Arg102Gly,3) Uncertain significance,p.R102G,0.0
Streptomycin,gid,gid_p.Asp85His,3) Uncertain significance,p.D85H,
Streptomycin,Rv1258c,Rv1258c_p.Pro361Ser,3) Uncertain significance,p.P361S,0.0
Streptomycin,gid,gid_p.Phe12Cys,3) Uncertain significance,p.F12C,0.0
Streptomycin,whiB7,whiB7_p.Pro33Thr,3) Uncertain significance,p.P33T,0.0
Streptomycin,Rv1258c,Rv1258c_p.Arg396Trp,3) Uncertain significance,p.R396W,0.0
Streptomycin,gid,gid_p.Ala167Ser,3) Uncertain significance,p.A167S,0.0
Streptomycin,gid,gid_p.Ser149Thr,3) Uncertain significance,p.S149T,0.0
Streptomycin,gid,gid_p.Arg39Cys,3) Uncertain significance,p.R39C,
Streptomycin,gid,gid_p.Glu92Ala,3) Uncertain significance,p.E92A,0.0
Streptomycin,gid,gid_p.Glu113Ala,3) Uncertain significance,p.E113A,0.0
Streptomycin,gid,gid_p.Gln127Glu,3) Uncertain significance,p.Q127E,
Streptomycin,Rv1258c,Rv1258c_p.Met315Ile,3) Uncertain significance,p.M315I,0.0
Streptomycin,gid,gid_p.Ala161Pro,3) Uncertain significance,p.A161P,0.0
Streptomycin,gid,gid_p.Asp185Asn,3) Uncertain significance,p.D185N,0.0
Streptomycin,rpsL,rpsL_p.Gly100Ser,3) Uncertain significance,p.G100S,0.0
Streptomycin,gid,gid_p.Arg158Gly,3) Uncertain significance,p.R158G,0.0
Streptomycin,rpsL,rpsL_p.Ala113Gly,3) Uncertain significance,p.A113G,
Streptomycin,gid,gid_p.Val202Leu,3) Uncertain significance,p.V202L,
Streptomycin,gid,gid_p.Val171Leu,3) Uncertain significance,p.V171L,
Streptomycin,gid,gid_p.Phe204Ser,3) Uncertain significance,p.F204S,
Streptomycin,Rv1258c,Rv1258c_p.Ile185Thr,3) Uncertain significance,p.I185T,
Streptomycin,gid,gid_p.Val89Ala,3) Uncertain significance,p.V89A,0.0
Streptomycin,gid,gid_p.His174Pro,3) Uncertain significance,p.H174P,0.0
Streptomycin,rpsL,rpsL_p.Asn73Lys,3) Uncertain significance,p.N73K,0.0
Streptomycin,Rv1258c,Rv1258c_p.Tyr334His,3) Uncertain significance,p.Y334H,0.0
Streptomycin,rpsL,rpsL_p.Pro2Arg,3) Uncertain significance,p.P2R,
Streptomycin,whiB7,whiB7_p.Leu36Phe,3) Uncertain significance,p.L36F,
Streptomycin,gid,gid_p.Gly109Asp,3) Uncertain significance,p.G109D,
Streptomycin,gid,gid_p.His168Asp,3) Uncertain significance,p.H168D,
Streptomycin,Rv1258c,Rv1258c_p.Tyr325Cys,3) Uncertain significance,p.Y325C,
Streptomycin,gid,gid_p.Pro38His,3) Uncertain significance,p.P38H,0.0
Streptomycin,gid,gid_p.Leu95Val,3) Uncertain significance,p.L95V,
Streptomycin,Rv1258c,Rv1258c_p.Leu13Arg,3) Uncertain significance,p.L13R,0.0
Streptomycin,Rv1258c,Rv1258c_p.Gly211Arg,3) Uncertain significance,p.G211R,
Streptomycin,whiB7,whiB7_p.Pro7Leu,3) Uncertain significance,p.P7L,0.0
Streptomycin,Rv1258c,Rv1258c_p.Glu194Asp,3) Uncertain significance,p.E194D,0.0
Streptomycin,gid,gid_p.Arg175Gly,3) Uncertain significance,p.R175G,0.0
Streptomycin,Rv1258c,Rv1258c_p.Gly360Ser,3) Uncertain significance,p.G360S,0.0
Streptomycin,Rv1258c,Rv1258c_p.Val25Ile,3) Uncertain significance,p.V25I,
Streptomycin,gid,gid_p.Ser220Arg,3) Uncertain significance,p.S220R,0.0
Streptomycin,Rv1258c,Rv1258c_p.Gly360Asp,3) Uncertain significance,p.G360D,0.0
Streptomycin,gid,gid_p.Asp85Asn,3) Uncertain significance,p.D85N,0.0
Streptomycin,gid,gid_p.Gly42Val,3) Uncertain significance,p.G42V,0.0
Streptomycin,gid,gid_p.Thr98Ile,3) Uncertain significance,p.T98I,0.0
Streptomycin,rpsL,rpsL_p.Ile16Thr,3) Uncertain significance,p.I16T,
Streptomycin,gid,gid_p.Pro84Ser,3) Uncertain significance,p.P84S,0.0
Streptomycin,gid,gid_p.Ile114Phe,3) Uncertain significance,p.I114F,
Streptomycin,gid,gid_p.Ile11Thr,3) Uncertain significance,p.I11T,0.0
Streptomycin,gid,gid_p.Arg187Ser,3) Uncertain significance,p.R187S,0.0
Streptomycin,gid,gid_p.Gln87Pro,3) Uncertain significance,p.Q87P,
Streptomycin,gid,gid_p.Pro6Thr,3) Uncertain significance,p.P6T,0.0
Streptomycin,Rv1258c,Rv1258c_p.Pro90His,3) Uncertain significance,p.P90H,0.0
Streptomycin,Rv1258c,Rv1258c_p.Asp232Glu,3) Uncertain significance,p.D232E,0.0
Streptomycin,rpsL,rpsL_p.Gln105Glu,3) Uncertain significance,p.Q105E,
Streptomycin,gid,gid_p.Ala119Val,3) Uncertain significance,p.A119V,0.0
Streptomycin,gid,gid_p.Ile11Ser,3) Uncertain significance,p.I11S,0.0
Streptomycin,gid,gid_p.Met159Arg,3) Uncertain significance,p.M159R,0.0
Streptomycin,gid,gid_p.Ala23Pro,3) Uncertain significance,p.A23P,0.0
Streptomycin,Rv1258c,Rv1258c_p.Thr290Ile,3) Uncertain significance,p.T290I,
Streptomycin,gid,gid_p.Gly13Val,3) Uncertain significance,p.G13V,0.0
Streptomycin,Rv1258c,Rv1258c_p.Thr202Ala,3) Uncertain significance,p.T202A,0.0
Streptomycin,gid,gid_p.Gly30Ser,3) Uncertain significance,p.G30S,0.0
Streptomycin,rpsL,rpsL_p.Glu76Ala,3) Uncertain significance,p.E76A,
Streptomycin,gid,gid_p.Leu142Phe,3) Uncertain significance,p.L142F,0.0
Streptomycin,gid,gid_p.Pro198Ala,3) Uncertain significance,p.P198A,0.0
Streptomycin,gid,gid_p.Ala111Val,3) Uncertain significance,p.A111V,0.0
Streptomycin,rpsL,rpsL_p.Lys108Thr,3) Uncertain significance,p.K108T,0.0
Streptomycin,Rv1258c,Rv1258c_p.Ala78Thr,3) Uncertain significance,p.A78T,0.0
Streptomycin,Rv1258c,Rv1258c_p.Gly322Arg,3) Uncertain significance,p.G322R,0.0
Streptomycin,gid,gid_p.His174Tyr,3) Uncertain significance,p.H174Y,
Streptomycin,rpsL,rpsL_p.Asp14Tyr,3) Uncertain significance,p.D14Y,0.0
Streptomycin,gid,gid_p.Ile55Val,3) Uncertain significance,p.I55V,0.0
Streptomycin,Rv1258c,Rv1258c_p.Ala319Glu,3) Uncertain significance,p.A319E,0.0
Streptomycin,gid,gid_p.Thr190Pro,3) Uncertain significance,p.T190P,
Streptomycin,whiB7,whiB7_p.Val38Leu,3) Uncertain significance,p.V38L,0.0
Streptomycin,Rv1258c,Rv1258c_p.Arg6Cys,3) Uncertain significance,p.R6C,0.0
Streptomycin,Rv1258c,Rv1258c_p.Asn151Lys,3) Uncertain significance,p.N151K,0.0
Streptomycin,gid,gid_p.Ile179Val,3) Uncertain significance,p.I179V,
Streptomycin,gid,gid_p.Gly164Ser,3) Uncertain significance,p.G164S,
Streptomycin,gid,gid_p.Met150Thr,3) Uncertain significance,p.M150T,
Streptomycin,Rv1258c,Rv1258c_p.Leu128Arg,3) Uncertain significance,p.L128R,0.0
Streptomycin,gid,gid_p.Glu120Ala,3) Uncertain significance,p.E120A,
Streptomycin,whiB7,whiB7_p.Arg81Cys,3) Uncertain significance,p.R81C,0.0
Streptomycin,gid,gid_p.Pro38Ala,3) Uncertain significance,p.P38A,
Streptomycin,Rv1258c,Rv1258c_p.Val348Leu,3) Uncertain significance,p.V348L,0.25
Streptomycin,gid,gid_p.Thr190Ala,3) Uncertain significance,p.T190A,0.0
Streptomycin,Rv1258c,Rv1258c_p.Leu296Val,3) Uncertain significance,p.L296V,0.0
Streptomycin,gid,gid_p.Val41Leu,3) Uncertain significance,p.V41L,0.0
Streptomycin,Rv1258c,Rv1258c_p.Glu214Asp,3) Uncertain significance,p.E214D,0.0
Streptomycin,gid,gid_p.Gly34Ala,3) Uncertain significance,p.G34A,
Streptomycin,gid,gid_p.Ile68Phe,3) Uncertain significance,p.I68F,0.0
Streptomycin,gid,gid_p.Pro38Ser,3) Uncertain significance,p.P38S,0.0
Streptomycin,Rv1258c,Rv1258c_p.Met52Ile,3) Uncertain significance,p.M52I,0.0
Streptomycin,Rv1258c,Rv1258c_p.Gly360Arg,3) Uncertain significance,p.G360R,0.0
Streptomycin,Rv1258c,Rv1258c_p.Leu397Pro,3) Uncertain significance,p.L397P,0.0
Streptomycin,gid,gid_p.Ala8Pro,3) Uncertain significance,p.A8P,0.0
Streptomycin,Rv1258c,Rv1258c_p.Ala135Thr,3) Uncertain significance,p.A135T,0.0
Streptomycin,gid,gid_p.Leu160Phe,3) Uncertain significance,p.L160F,0.0
Streptomycin,Rv1258c,Rv1258c_p.Thr390Ser,3) Uncertain significance,p.T390S,0.0
Streptomycin,Rv1258c,Rv1258c_p.Tyr250His,3) Uncertain significance,p.Y250H,0.0
Streptomycin,Rv1258c,Rv1258c_p.Ala237Gly,3) Uncertain significance,p.A237G,0.0
Streptomycin,Rv1258c,Rv1258c_p.Gln43His,3) Uncertain significance,p.Q43H,0.0
Streptomycin,Rv1258c,Rv1258c_p.Thr51Ala,3) Uncertain significance,p.T51A,
Streptomycin,gid,gid_p.Ala193Pro,3) Uncertain significance,p.A193P,0.0
Streptomycin,gid,gid_p.Gln87Arg,3) Uncertain significance,p.Q87R,0.0
Streptomycin,Rv1258c,Rv1258c_p.Ala166Thr,3) Uncertain significance,p.A166T,
Streptomycin,gid,gid_p.Asp169His,3) Uncertain significance,p.D169H,0.0
Streptomycin,whiB7,whiB7_p.Gln58Arg,3) Uncertain significance,p.Q58R,0.0
Streptomycin,rpsL,rpsL_p.Ser17Arg,3) Uncertain significance,p.S17R,0.0
Streptomycin,gid,gid_p.Pro151Ser,3) Uncertain significance,p.P151S,0.0
Streptomycin,Rv1258c,Rv1258c_p.Thr371Ile,3) Uncertain significance,p.T371I,
Streptomycin,gid,gid_p.Arg176Cys,3) Uncertain significance,p.R176C,0.0
Streptomycin,Rv1258c,Rv1258c_p.Thr297Ile,3) Uncertain significance,p.T297I,0.0
Streptomycin,whiB7,whiB7_p.Pro47Leu,3) Uncertain significance,p.P47L,
Streptomycin,gid,gid_p.Gly13Glu,3) Uncertain significance,p.G13E,
Streptomycin,whiB7,whiB7_p.Arg59Trp,3) Uncertain significance,p.R59W,0.0
Streptomycin,Rv1258c,Rv1258c_p.Ala374Thr,3) Uncertain significance,p.A374T,0.0
Streptomycin,rpsL,rpsL_p.Thr58Ala,3) Uncertain significance,p.T58A,
Streptomycin,Rv1258c,Rv1258c_p.Ala294Ser,3) Uncertain significance,p.A294S,0.0
Streptomycin,Rv1258c,Rv1258c_p.Gly277Arg,3) Uncertain significance,p.G277R,0.0
Streptomycin,Rv1258c,Rv1258c_p.Met242Thr,3) Uncertain significance,p.M242T,
Streptomycin,rpsL,rpsL_p.Thr35Ala,3) Uncertain significance,p.T35A,
Streptomycin,gid,gid_p.Ala134Thr,3) Uncertain significance,p.A134T,0.0
Streptomycin,Rv1258c,Rv1258c_p.Pro241Leu,3) Uncertain significance,p.P241L,0.0
Streptomycin,gid,gid_p.Gly182Cys,3) Uncertain significance,p.G182C,0.0
Streptomycin,whiB7,whiB7_p.Ala55Glu,3) Uncertain significance,p.A55E,
Streptomycin,gid,gid_p.Glu173Gly,3) Uncertain significance,p.E173G,0.0
Streptomycin,gid,gid_p.Ala82Glu,3) Uncertain significance,p.A82E,0.0
Streptomycin,gid,gid_p.Trp148Arg,3) Uncertain significance,p.W148R,
Streptomycin,whiB7,whiB7_p.Gln58His,3) Uncertain significance,p.Q58H,
Streptomycin,gid,gid_p.Ala19Ser,3) Uncertain significance,p.A19S,
Streptomycin,rpsL,rpsL_p.Arg116His,3) Uncertain significance,p.R116H,0.0
Streptomycin,gid,gid_p.Asp107His,3) Uncertain significance,p.D107H,0.0
Streptomycin,gid,gid_p.Leu160Val,3) Uncertain significance,p.L160V,0.0
Streptomycin,Rv1258c,Rv1258c_p.Thr379Lys,3) Uncertain significance,p.T379K,
Streptomycin,gid,gid_p.Trp45Cys,3) Uncertain significance,p.W45C,0.0
Streptomycin,Rv1258c,Rv1258c_p.Pro414Ser,3) Uncertain significance,p.P414S,0.09803921568627451
Streptomycin,Rv1258c,Rv1258c_p.Gln337Pro,3) Uncertain significance,p.Q337P,0.0
Streptomycin,gid,gid_p.Glu173Ala,3) Uncertain significance,p.E173A,0.0
Streptomycin,gid,gid_p.Pro3Ser,3) Uncertain significance,p.P3S,
Streptomycin,gid,gid_p.Asp107Gly,3) Uncertain significance,p.D107G,0.0
Streptomycin,gid,gid_p.Pro155Ser,3) Uncertain significance,p.P155S,0.0
Streptomycin,gid,gid_p.Val186Phe,3) Uncertain significance,p.V186F,0.0
Streptomycin,Rv1258c,Rv1258c_p.Ala29Val,3) Uncertain significance,p.A29V,0.0
Streptomycin,gid,gid_p.Thr146Ala,3) Uncertain significance,p.T146A,0.0
Streptomycin,gid,gid_p.Gly13Arg,3) Uncertain significance,p.G13R,0.5
Streptomycin,Rv1258c,Rv1258c_p.Leu365Ser,3) Uncertain significance,p.L365S,0.0
Streptomycin,gid,gid_p.Val188Gly,3) Uncertain significance,p.V188G,0.0
Streptomycin,gid,gid_p.Asp143Ala,3) Uncertain significance,p.D143A,0.0
Streptomycin,gid,gid_p.Ala19Gly,3) Uncertain significance,p.A19G,0.0
Streptomycin,gid,gid_p.Leu101Pro,3) Uncertain significance,p.L101P,
Streptomycin,Rv1258c,Rv1258c_p.Ser184Pro,3) Uncertain significance,p.S184P,0.0
Streptomycin,gid,gid_p.Cys52Trp,3) Uncertain significance,p.C52W,0.0
Streptomycin,gid,gid_p.Pro6Ala,3) Uncertain significance,p.P6A,0.0
Streptomycin,Rv1258c,Rv1258c_p.Asp99Glu,3) Uncertain significance,p.D99E,0.0
Streptomycin,gid,gid_p.Tyr195Phe,3) Uncertain significance,p.Y195F,0.0
Streptomycin,Rv1258c,Rv1258c_p.Asp67Asn,3) Uncertain significance,p.D67N,0.0
Streptomycin,gid,gid_p.Arg20Gln,3) Uncertain significance,p.R20Q,0.0
Streptomycin,Rv1258c,Rv1258c_p.Ser40Asn,3) Uncertain significance,p.S40N,0.0
Streptomycin,gid,gid_p.Gln87Glu,3) Uncertain significance,p.Q87E,0.0
Streptomycin,gid,gid_p.Leu90Val,3) Uncertain significance,p.L90V,0.0
Streptomycin,gid,gid_p.Ser131Arg,3) Uncertain significance,p.S131R,0.0
Streptomycin,gid,gid_p.Ala183Val,3) Uncertain significance,p.A183V,0.0
Streptomycin,gid,gid_p.Ser131Thr,3) Uncertain significance,p.S131T,0.0
Streptomycin,gid,gid_p.Cys52Arg,3) Uncertain significance,p.C52R,0.0
Streptomycin,rpsL,rpsL_p.Thr104Met,3) Uncertain significance,p.T104M,0.0
Streptomycin,gid,gid_p.Glu57Gln,3) Uncertain significance,p.E57Q,0.0
Streptomycin,Rv1258c,Rv1258c_p.Val224Ala,3) Uncertain significance,p.V224A,0.3333333333333333
Streptomycin,gid,gid_p.Ala138Ser,3) Uncertain significance,p.A138S,0.0
Streptomycin,rpsL,rpsL_p.Ile16Val,3) Uncertain significance,p.I16V,0.0
Streptomycin,gid,gid_p.Ala133Gly,3) Uncertain significance,p.A133G,0.25
Streptomycin,Rv1258c,Rv1258c_p.Leu240Pro,3) Uncertain significance,p.L240P,0.0
Streptomycin,gid,gid_p.Pro3Thr,3) Uncertain significance,p.P3T,0.0
Streptomycin,gid,gid_p.Leu74Phe,3) Uncertain significance,p.L74F,0.0
Streptomycin,Rv1258c,Rv1258c_p.Ala178Val,3) Uncertain significance,p.A178V,0.0
Streptomycin,gid,gid_p.Arg217Trp,3) Uncertain significance,p.R217W,0.0
Streptomycin,gid,gid_p.Arg15Pro,3) Uncertain significance,p.R15P,0.0
Streptomycin,gid,gid_p.Phe204Leu,3) Uncertain significance,p.F204L,0.0
Streptomycin,Rv1258c,Rv1258c_p.Pro129Arg,3) Uncertain significance,p.P129R,0.0
Streptomycin,Rv1258c,Rv1258c_p.Val156Asp,3) Uncertain significance,p.V156D,0.0
Streptomycin,Rv1258c,Rv1258c_p.Val304Ala,3) Uncertain significance,p.V304A,0.0
Streptomycin,Rv1258c,Rv1258c_p.Leu35Ser,3) Uncertain significance,p.L35S,0.0
Streptomycin,gid,gid_p.Gly69Ser,3) Uncertain significance,p.G69S,0.0
Streptomycin,Rv1258c,Rv1258c_p.Gln419Arg,3) Uncertain significance,p.Q419R,0.0
Streptomycin,gid,gid_p.Trp123Cys,3) Uncertain significance,p.W123C,0.0
Streptomycin,gid,gid_p.Arg15Trp,3) Uncertain significance,p.R15W,0.0
Streptomycin,Rv1258c,Rv1258c_p.Phe154Val,3) Uncertain significance,p.F154V,0.0
Streptomycin,gid,gid_p.Val41Gly,3) Uncertain significance,p.V41G,0.0
Streptomycin,Rv1258c,Rv1258c_p.Ala275Val,3) Uncertain significance,p.A275V,0.0
Streptomycin,gid,gid_p.Gly30Cys,3) Uncertain significance,p.G30C,0.0
Streptomycin,whiB7,whiB7_p.Asp24His,3) Uncertain significance,p.D24H,0.0
Streptomycin,gid,gid_p.Ala80Val,3) Uncertain significance,p.A80V,0.0
Streptomycin,Rv1258c,Rv1258c_p.Arg347Gln,3) Uncertain significance,p.R347Q,0.0
Streptomycin,gid,gid_p.Val203Gly,3) Uncertain significance,p.V203G,0.0
Streptomycin,whiB7,whiB7_p.Cys20Tyr,3) Uncertain significance,p.C20Y,0.5
Streptomycin,whiB7,whiB7_p.Lys88Thr,3) Uncertain significance,p.K88T,0.5
Streptomycin,gid,gid_p.Asp132Gly,3) Uncertain significance,p.D132G,0.0
Streptomycin,Rv1258c,Rv1258c_p.Ala373Val,3) Uncertain significance,p.A373V,0.0
Streptomycin,Rv1258c,Rv1258c_p.Ala113Val,3) Uncertain significance,p.A113V,0.0
Streptomycin,gid,gid_p.Val135Met,3) Uncertain significance,p.V135M,0.0
Streptomycin,gid,gid_p.Glu32Asp,3) Uncertain significance,p.E32D,0.28125
Streptomycin,Rv1258c,Rv1258c_p.Pro257Leu,3) Uncertain significance,p.P257L,0.0
Streptomycin,gid,gid_p.Val177Leu,3) Uncertain significance,p.V177L,0.0
Streptomycin,gid,gid_p.Pro198Leu,3) Uncertain significance,p.P198L,0.0
Streptomycin,rpsL,rpsL_p.Ser17Asn,3) Uncertain significance,p.S17N,0.0
Streptomycin,gid,gid_p.Arg217Leu,3) Uncertain significance,p.R217L,0.0
Streptomycin,gid,gid_p.Gln125Glu,3) Uncertain significance,p.Q125E,0.0
Streptomycin,Rv1258c,Rv1258c_p.Gly24Cys,3) Uncertain significance,p.G24C,0.0
Streptomycin,Rv1258c,Rv1258c_p.Thr64Ser,3) Uncertain significance,p.T64S,0.0
Streptomycin,gid,gid_p.Ala133Val,3) Uncertain significance,p.A133V,0.0
Streptomycin,gid,gid_p.Arg176Ser,3) Uncertain significance,p.R176S,0.0
Streptomycin,gid,gid_p.Ala224Val,3) Uncertain significance,p.A224V,0.0
Streptomycin,Rv1258c,Rv1258c_p.Ile283Val,3) Uncertain significance,p.I283V,0.0
Streptomycin,gid,gid_p.Arg116Gly,3) Uncertain significance,p.R116G,0.0
Streptomycin,gid,gid_p.Asp132His,3) Uncertain significance,p.D132H,
Streptomycin,Rv1258c,Rv1258c_p.Met18Thr,3) Uncertain significance,p.M18T,0.0
Streptomycin,gid,gid_p.Arg20Gly,3) Uncertain significance,p.R20G,0.0
Streptomycin,gid,gid_p.Ala219Val,3) Uncertain significance,p.A219V,0.0
Streptomycin,Rv1258c,Rv1258c_p.Met76Val,3) Uncertain significance,p.M76V,0.0
Streptomycin,Rv1258c,Rv1258c_p.Ser4Thr,3) Uncertain significance,p.S4T,0.0
Streptomycin,gid,gid_p.Pro199Ala,3) Uncertain significance,p.P199A,0.0
Streptomycin,gid,gid_p.Glu92Asp,3) Uncertain significance,p.E92D,0.6125567322239032
Streptomycin,Rv1258c,Rv1258c_p.Val280Leu,3) Uncertain significance,p.V280L,0.041666666666666664
Streptomycin,gid,gid_p.Ala8Val,3) Uncertain significance,p.A8V,0.25
Streptomycin,gid,gid_p.Pro151Arg,3) Uncertain significance,p.P151R,0.0
Streptomycin,gid,gid_p.Thr146Met,3) Uncertain significance,p.T146M,0.0
Streptomycin,gid,gid_p.His174Asn,3) Uncertain significance,p.H174N,0.0
Streptomycin,whiB7,whiB7_p.Pro25Leu,3) Uncertain significance,p.P25L,0.0
Streptomycin,Rv1258c,Rv1258c_p.Ala58Ser,3) Uncertain significance,p.A58S,
Streptomycin,gid,gid_p.Ala161Gly,3) Uncertain significance,p.A161G,1.0
Streptomycin,whiB7,whiB7_p.Thr32Asn,3) Uncertain significance,p.T32N,0.0
Streptomycin,gid,gid_p.Ala205Thr,5) Not assoc w R,p.A205T,0.1388888888888889
Streptomycin,gid,gid_p.Ala167Pro,3) Uncertain significance,p.A167P,0.0
Streptomycin,whiB7,whiB7_p.Arg87Cys,3) Uncertain significance,p.R87C,
Streptomycin,Rv1258c,Rv1258c_p.His254Arg,3) Uncertain significance,p.H254R,0.0
Streptomycin,Rv1258c,Rv1258c_p.Glu243Ala,3) Uncertain significance,p.E243A,0.0
Streptomycin,Rv1258c,Rv1258c_p.Ala367Thr,4) Not assoc w R - Interim,p.A367T,0.0
Streptomycin,Rv1258c,Rv1258c_p.Arg223Trp,3) Uncertain significance,p.R223W,0.0
Streptomycin,Rv1258c,Rv1258c_p.Val219Ala,3) Uncertain significance,p.V219A,0.0
Streptomycin,Rv1258c,Rv1258c_p.Ala237Val,4) Not assoc w R - Interim,p.A237V,0.5294117647058824
Streptomycin,Rv1258c,Rv1258c_p.Val388Met,3) Uncertain significance,p.V388M,
Streptomycin,rpsL,rpsL_p.Gly124Ser,4) Not assoc w R - Interim,p.G124S,0.0
Streptomycin,Rv1258c,Rv1258c_p.Leu240Arg,5) Not assoc w R,p.L240R,0.0
Streptomycin,Rv1258c,Rv1258c_p.Gly363Val,5) Not assoc w R,p.G363V,0.02564102564102564
Streptomycin,gid,gid_p.Tyr195His,5) Not assoc w R,p.Y195H,0.39919354838709675
Streptomycin,gid,gid_p.Leu16Arg,5) Not assoc w R,p.L16R,0.308852140077821
Streptomycin,gid,gid_p.Ala161Val,3) Uncertain significance,p.A161V,
Streptomycin,gid,gid_p.Arg118Pro,3) Uncertain significance,p.R118P,
Streptomycin,gid,gid_p.Asn51His,3) Uncertain significance,p.N51H,
Streptomycin,gid,gid_p.Glu121Lys,3) Uncertain significance,p.E121K,
Streptomycin,gid,gid_p.Gly30Arg,3) Uncertain significance,p.G30R,
Streptomycin,gid,gid_p.Ile179Ser,3) Uncertain significance,p.I179S,
Streptomycin,gid,gid_p.Met218Ile,3) Uncertain significance,p.M218I,
Streptomycin,gid,gid_p.Pro198Arg,3) Uncertain significance,p.P198R,
Streptomycin,gid,gid_p.Ser136Ala,3) Uncertain significance,p.S136A,
Streptomycin,gid,gid_p.Ser136Leu,3) Uncertain significance,p.S136L,
Streptomycin,rpsL,rpsL_p.Lys10Thr,3) Uncertain significance,p.K10T,
Streptomycin,rpsL,rpsL_p.Val63Ile,3) Uncertain significance,p.V63I,
Streptomycin,Rv1258c,Rv1258c_p.Ala367Gly,3) Uncertain significance,p.A367G,
Streptomycin,Rv1258c,Rv1258c_p.Glu38Lys,3) Uncertain significance,p.E38K,
Streptomycin,Rv1258c,Rv1258c_p.Gly207Arg,3) Uncertain significance,p.G207R,
Streptomycin,Rv1258c,Rv1258c_p.Gly277Ala,3) Uncertain significance,p.G277A,
Streptomycin,Rv1258c,Rv1258c_p.Pro129His,3) Uncertain significance,p.P129H,
Streptomycin,Rv1258c,Rv1258c_p.Val335Met,3) Uncertain significance,p.V335M,
Streptomycin,whiB7,whiB7_p.Leu18Phe,3) Uncertain significance,p.L18F,
Streptomycin,whiB7,whiB7_p.Leu57Phe,3) Uncertain significance,p.L57F,
