drug,gene,variant,Present_R,Present_S,confidence,one_letter_mutation
Amikacin,eis,eis_p.Trp36Arg,2.0,3.0,2) Assoc w R - Interim,p.W36R
Amikacin,eis,eis_p.Val40Met,1.0,0.0,3) Uncertain significance,p.V40M
Amikacin,eis,eis_p.Glu199Ala,,,3) Uncertain significance,p.E199A
Amikacin,eis,eis_p.Leu331Arg,,,3) Uncertain significance,p.L331R
Amikacin,whiB7,whiB7_p.Ala92Val,1.0,0.0,3) Uncertain significance,p.A92V
Amikacin,eis,eis_p.Arg106His,1.0,4.0,3) Uncertain significance,p.R106H
Amikacin,eis,eis_p.Leu235Arg,,,3) Uncertain significance,p.L235R
Amikacin,eis,eis_p.Arg37Gly,1.0,0.0,3) Uncertain significance,p.R37G
Amikacin,eis,eis_p.Phe84Tyr,,,3) Uncertain significance,p.F84Y
Amikacin,whiB7,whiB7_p.Arg81His,1.0,0.0,3) Uncertain significance,p.R81H
Amikacin,eis,eis_p.Leu256Met,1.0,2.0,3) Uncertain significance,p.L256M
Amikacin,eis,eis_p.Val163Ile,6.0,116.0,3) Uncertain significance,p.V163I
Amikacin,eis,eis_p.Thr341Ile,,,3) Uncertain significance,p.T341I
Amikacin,whiB7,whiB7_p.Val91Gly,2.0,0.0,3) Uncertain significance,p.V91G
Amikacin,eis,eis_p.Val301Gly,,,3) Uncertain significance,p.V301G
Amikacin,eis,eis_p.Gly60Glu,,,3) Uncertain significance,p.G60E
Amikacin,eis,eis_p.Asp354Glu,1.0,0.0,3) Uncertain significance,p.D354E
Amikacin,whiB7,whiB7_p.Leu27Pro,1.0,0.0,3) Uncertain significance,p.L27P
Amikacin,whiB7,whiB7_p.Ser45Arg,1.0,0.0,3) Uncertain significance,p.S45R
Amikacin,eis,eis_p.Val85Ala,1.0,1.0,3) Uncertain significance,p.V85A
Amikacin,eis,eis_p.Phe129Leu,1.0,0.0,3) Uncertain significance,p.F129L
Amikacin,whiB7,whiB7_p.His79Gln,2.0,10.0,3) Uncertain significance,p.H79Q
Amikacin,whiB7,whiB7_p.Lys80Gln,2.0,10.0,3) Uncertain significance,p.K80Q
Amikacin,eis,eis_p.Ala22Gly,,,3) Uncertain significance,p.A22G
Amikacin,whiB7,whiB7_p.Pro33Ser,,,3) Uncertain significance,p.P33S
Amikacin,eis,eis_p.Asp221Glu,0.0,1.0,3) Uncertain significance,p.D221E
Amikacin,eis,eis_p.Glu103Lys,,,3) Uncertain significance,p.E103K
Amikacin,eis,eis_p.Ile267Thr,,,3) Uncertain significance,p.I267T
Amikacin,whiB7,whiB7_p.Ala39Thr,0.0,1.0,3) Uncertain significance,p.A39T
Amikacin,eis,eis_p.Ala370Val,,,3) Uncertain significance,p.A370V
Amikacin,eis,eis_p.Ala207Thr,0.0,2.0,3) Uncertain significance,p.A207T
Amikacin,eis,eis_p.Val396Ile,,,3) Uncertain significance,p.V396I
Amikacin,eis,eis_p.Asp152Asn,,,3) Uncertain significance,p.D152N
Amikacin,eis,eis_p.Arg339Gln,,,3) Uncertain significance,p.R339Q
Amikacin,eis,eis_p.Gly222Arg,0.0,1.0,3) Uncertain significance,p.G222R
Amikacin,eis,eis_p.Thr287Ala,0.0,1.0,3) Uncertain significance,p.T287A
Amikacin,whiB7,whiB7_p.Ser78Asn,0.0,1.0,3) Uncertain significance,p.S78N
Amikacin,whiB7,whiB7_p.Phe29Ile,,,3) Uncertain significance,p.F29I
Amikacin,whiB7,whiB7_p.Arg50Pro,0.0,1.0,3) Uncertain significance,p.R50P
Amikacin,eis,eis_p.Pro30Leu,,,3) Uncertain significance,p.P30L
Amikacin,whiB7,whiB7_p.Asp26Gly,0.0,1.0,3) Uncertain significance,p.D26G
Amikacin,eis,eis_p.His270Gln,0.0,2.0,3) Uncertain significance,p.H270Q
Amikacin,eis,eis_p.Asp26Tyr,,,3) Uncertain significance,p.D26Y
Amikacin,eis,eis_p.His249Arg,0.0,1.0,3) Uncertain significance,p.H249R
Amikacin,eis,eis_p.Leu256Pro,,,3) Uncertain significance,p.L256P
Amikacin,eis,eis_p.Arg376Cys,,,3) Uncertain significance,p.R376C
Amikacin,eis,eis_p.Pro114Leu,,,3) Uncertain significance,p.P114L
Amikacin,whiB7,whiB7_p.Gly67Val,,,3) Uncertain significance,p.G67V
Amikacin,eis,eis_p.Gly156Cys,,,3) Uncertain significance,p.G156C
Amikacin,whiB7,whiB7_p.His21Gln,,,3) Uncertain significance,p.H21Q
Amikacin,eis,eis_p.Ser56Cys,,,3) Uncertain significance,p.S56C
Amikacin,eis,eis_p.Gly222Ala,,,3) Uncertain significance,p.G222A
Amikacin,whiB7,whiB7_p.Thr10Ser,,,3) Uncertain significance,p.T10S
Amikacin,whiB7,whiB7_p.Val22Ile,,,3) Uncertain significance,p.V22I
Amikacin,eis,eis_p.Asp281Gly,,,3) Uncertain significance,p.D281G
Amikacin,eis,eis_p.Leu77Pro,,,3) Uncertain significance,p.L77P
Amikacin,eis,eis_p.Ser358Arg,0.0,1.0,3) Uncertain significance,p.S358R
Amikacin,eis,eis_p.Leu375Ser,,,3) Uncertain significance,p.L375S
Amikacin,eis,eis_p.Ala151Val,,,3) Uncertain significance,p.A151V
Amikacin,eis,eis_p.Leu200Val,,,3) Uncertain significance,p.L200V
Amikacin,eis,eis_p.Gly357Asp,,,3) Uncertain significance,p.G357D
Amikacin,whiB7,whiB7_p.Ser2Ala,,,3) Uncertain significance,p.S2A
Amikacin,eis,eis_p.Gly309Asp,,,3) Uncertain significance,p.G309D
Amikacin,eis,eis_p.Arg297Cys,,,3) Uncertain significance,p.R297C
Amikacin,eis,eis_p.Pro187Arg,,,3) Uncertain significance,p.P187R
Amikacin,eis,eis_p.Ala62Val,,,3) Uncertain significance,p.A62V
Amikacin,whiB7,whiB7_p.Pro62Thr,0.0,1.0,3) Uncertain significance,p.P62T
Amikacin,eis,eis_p.Thr136Ser,0.0,1.0,3) Uncertain significance,p.T136S
Amikacin,eis,eis_p.Pro89Leu,,,3) Uncertain significance,p.P89L
Amikacin,whiB7,whiB7_p.Ala90Ser,,,3) Uncertain significance,p.A90S
Amikacin,whiB7,whiB7_p.Ala55Glu,,,3) Uncertain significance,p.A55E
Amikacin,eis,eis_p.Leu386Ile,,,3) Uncertain significance,p.L386I
Amikacin,eis,eis_p.Ser23Gly,,,3) Uncertain significance,p.S23G
Amikacin,eis,eis_p.Ser367Pro,,,3) Uncertain significance,p.S367P
Amikacin,eis,eis_p.Ala99Val,,,3) Uncertain significance,p.A99V
Amikacin,eis,eis_p.Val115Ala,,,3) Uncertain significance,p.V115A
Amikacin,eis,eis_p.Thr38Ala,,,3) Uncertain significance,p.T38A
Amikacin,whiB7,whiB7_p.Val91Ile,,,3) Uncertain significance,p.V91I
Amikacin,eis,eis_p.Met351Val,,,3) Uncertain significance,p.M351V
Amikacin,eis,eis_p.Pro78Ser,,,3) Uncertain significance,p.P78S
Amikacin,eis,eis_p.Pro72Leu,,,3) Uncertain significance,p.P72L
Amikacin,whiB7,whiB7_p.Arg87Cys,,,3) Uncertain significance,p.R87C
Amikacin,whiB7,whiB7_p.Gly23Asp,,,3) Uncertain significance,p.G23D
Amikacin,eis,eis_p.His277Tyr,0.0,1.0,3) Uncertain significance,p.H277Y
Amikacin,whiB7,whiB7_p.Glu69Gly,,,3) Uncertain significance,p.E69G
Amikacin,eis,eis_p.His105Tyr,,,3) Uncertain significance,p.H105Y
Amikacin,eis,eis_p.Leu201Arg,,,3) Uncertain significance,p.L201R
Amikacin,eis,eis_p.Thr282Ile,,,3) Uncertain significance,p.T282I
Amikacin,whiB7,whiB7_p.Thr32Asn,,,3) Uncertain significance,p.T32N
Amikacin,eis,eis_p.Arg94Ser,,,3) Uncertain significance,p.R94S
Amikacin,whiB7,whiB7_p.Arg81Cys,0.0,1.0,3) Uncertain significance,p.R81C
Amikacin,eis,eis_p.Arg254Gln,,,3) Uncertain significance,p.R254Q
Amikacin,eis,eis_p.Asp354Asn,,,3) Uncertain significance,p.D354N
Amikacin,eis,eis_p.Pro208Leu,,,3) Uncertain significance,p.P208L
Amikacin,eis,eis_p.Ser83Thr,,,3) Uncertain significance,p.S83T
Amikacin,eis,eis_p.Ala338Thr,,,3) Uncertain significance,p.A338T
Amikacin,whiB7,whiB7_p.Leu42Pro,1.0,3.0,3) Uncertain significance,p.L42P
Amikacin,whiB7,whiB7_p.Ile76Val,,,3) Uncertain significance,p.I76V
Amikacin,whiB7,whiB7_p.Gln13Lys,0.0,1.0,3) Uncertain significance,p.Q13K
Amikacin,eis,eis_p.Ser56Pro,,,3) Uncertain significance,p.S56P
Amikacin,eis,eis_p.Glu199Gly,0.0,1.0,3) Uncertain significance,p.E199G
Amikacin,eis,eis_p.Glu176Ala,,,3) Uncertain significance,p.E176A
Amikacin,eis,eis_p.Ala330Val,,,3) Uncertain significance,p.A330V
Amikacin,eis,eis_p.Arg212His,0.0,1.0,3) Uncertain significance,p.R212H
Amikacin,whiB7,whiB7_p.Asp24His,,,3) Uncertain significance,p.D24H
Amikacin,whiB7,whiB7_p.Val3Ala,,,3) Uncertain significance,p.V3A
Amikacin,whiB7,whiB7_p.Arg59Trp,0.0,1.0,3) Uncertain significance,p.R59W
Amikacin,eis,eis_p.Arg49Cys,0.0,1.0,3) Uncertain significance,p.R49C
Amikacin,whiB7,whiB7_p.Lys88Thr,0.0,1.0,3) Uncertain significance,p.K88T
Amikacin,eis,eis_p.Arg92Cys,0.0,1.0,3) Uncertain significance,p.R92C
Amikacin,eis,eis_p.Pro276Ser,0.0,2.0,3) Uncertain significance,p.P276S
Amikacin,eis,eis_p.Glu313Asp,,,3) Uncertain significance,p.E313D
Amikacin,eis,eis_p.Gly258Ser,,,3) Uncertain significance,p.G258S
Amikacin,eis,eis_p.Gly357Ser,0.0,1.0,3) Uncertain significance,p.G357S
Amikacin,whiB7,whiB7_p.Leu18Phe,,,3) Uncertain significance,p.L18F
Amikacin,eis,eis_p.Ala371Ser,,,3) Uncertain significance,p.A371S
Amikacin,eis,eis_p.Asp273Ala,,,3) Uncertain significance,p.D273A
Amikacin,whiB7,whiB7_p.Asp31Asn,,,3) Uncertain significance,p.D31N
Amikacin,eis,eis_p.Leu18Pro,,,3) Uncertain significance,p.L18P
Amikacin,eis,eis_p.Ala153Ser,,,3) Uncertain significance,p.A153S
Amikacin,whiB7,whiB7_p.Arg12Lys,,,3) Uncertain significance,p.R12K
Amikacin,whiB7,whiB7_p.Glu69Lys,,,3) Uncertain significance,p.E69K
Amikacin,eis,eis_p.Pro342Leu,0.0,1.0,3) Uncertain significance,p.P342L
Amikacin,eis,eis_p.Glu348Asp,,,3) Uncertain significance,p.E348D
Amikacin,eis,eis_p.Ala21Glu,,,3) Uncertain significance,p.A21E
Amikacin,eis,eis_p.Lys234Glu,0.0,1.0,3) Uncertain significance,p.K234E
Amikacin,whiB7,whiB7_p.Pro25Leu,0.0,1.0,3) Uncertain significance,p.P25L
Amikacin,eis,eis_p.Val3Ala,0.0,1.0,3) Uncertain significance,p.V3A
Amikacin,eis,eis_p.Ile333Val,0.0,2.0,3) Uncertain significance,p.I333V
Amikacin,eis,eis_p.Ala370Ser,,,3) Uncertain significance,p.A370S
Amikacin,eis,eis_p.Val314Leu,0.0,1.0,3) Uncertain significance,p.V314L
Amikacin,eis,eis_p.Lys234Asn,0.0,1.0,3) Uncertain significance,p.K234N
Amikacin,whiB7,whiB7_p.Lys40Asn,,,3) Uncertain significance,p.K40N
Amikacin,eis,eis_p.Leu18Arg,0.0,3.0,3) Uncertain significance,p.L18R
Amikacin,eis,eis_p.Glu122Gly,0.0,2.0,3) Uncertain significance,p.E122G
Amikacin,whiB7,whiB7_p.Gln73Arg,,,3) Uncertain significance,p.Q73R
Amikacin,eis,eis_p.Phe149Leu,0.0,2.0,3) Uncertain significance,p.F149L
Amikacin,eis,eis_p.Thr70Ala,0.0,4.0,3) Uncertain significance,p.T70A
Amikacin,eis,eis_p.Ala304Val,0.0,1.0,3) Uncertain significance,p.A304V
Amikacin,eis,eis_p.Leu140Val,,,3) Uncertain significance,p.L140V
Amikacin,eis,eis_p.Glu401Asp,,,3) Uncertain significance,p.E401D
Amikacin,eis,eis_p.Phe149Val,0.0,2.0,3) Uncertain significance,p.F149V
Amikacin,eis,eis_p.Gly188Ala,,,3) Uncertain significance,p.G188A
Amikacin,eis,eis_p.Glu74Asp,0.0,3.0,3) Uncertain significance,p.E74D
Amikacin,eis,eis_p.Pro302Gln,,,3) Uncertain significance,p.P302Q
Amikacin,eis,eis_p.Arg227Gln,0.0,2.0,3) Uncertain significance,p.R227Q
Amikacin,whiB7,whiB7_p.Ala92Thr,0.0,2.0,3) Uncertain significance,p.A92T
Amikacin,eis,eis_p.Thr398Asn,,,3) Uncertain significance,p.T398N
Amikacin,eis,eis_p.Ala86Val,,,3) Uncertain significance,p.A86V
Amikacin,eis,eis_p.Ala251Gly,0.0,2.0,3) Uncertain significance,p.A251G
Amikacin,eis,eis_p.Pro30His,,,3) Uncertain significance,p.P30H
Amikacin,eis,eis_p.Asp352Gly,0.0,3.0,3) Uncertain significance,p.D352G
Amikacin,eis,eis_p.Thr231Ile,,,3) Uncertain significance,p.T231I
Amikacin,eis,eis_p.Glu348Lys,0.0,1.0,3) Uncertain significance,p.E348K
Amikacin,eis,eis_p.Ala243Val,,,3) Uncertain significance,p.A243V
Amikacin,eis,eis_p.Thr2Ala,0.0,1.0,3) Uncertain significance,p.T2A
Amikacin,eis,eis_p.Ser7Arg,0.0,1.0,3) Uncertain significance,p.S7R
Amikacin,whiB7,whiB7_p.Val65Phe,0.0,1.0,3) Uncertain significance,p.V65F
Amikacin,eis,eis_p.Val301Ile,,,3) Uncertain significance,p.V301I
Amikacin,whiB7,whiB7_p.Arg50Leu,,,3) Uncertain significance,p.R50L
Amikacin,eis,eis_p.Trp13Arg,,,3) Uncertain significance,p.W13R
Amikacin,whiB7,whiB7_p.Pro11Ser,,,3) Uncertain significance,p.P11S
Amikacin,eis,eis_p.Pro193Ser,,,3) Uncertain significance,p.P193S
Amikacin,whiB7,whiB7_p.Gln58Arg,,,3) Uncertain significance,p.Q58R
Amikacin,eis,eis_p.Thr4Pro,,,3) Uncertain significance,p.T4P
Amikacin,whiB7,whiB7_p.Ser45Gly,0.0,1.0,3) Uncertain significance,p.S45G
Amikacin,eis,eis_p.Ala285Val,,,3) Uncertain significance,p.A285V
Amikacin,eis,eis_p.Leu361Phe,,,3) Uncertain significance,p.L361F
Amikacin,eis,eis_p.Met100Val,,,3) Uncertain significance,p.M100V
Amikacin,whiB7,whiB7_p.Gly74Asp,,,3) Uncertain significance,p.G74D
Bedaquiline,mmpL5,mmpL5_p.Thr794Ile,542.0,759.0,3) Uncertain significance,p.T794I
Bedaquiline,Rv0678,Rv0678_p.Met146Thr,11.0,0.0,3) Uncertain significance,p.M146T
Bedaquiline,atpE,atpE_p.Ala63Pro,4.0,0.0,2) Assoc w R - Interim,p.A63P
Bedaquiline,atpE,atpE_p.Ile66Met,7.0,0.0,1) Assoc w R,p.I66M
Bedaquiline,Rv0678,Rv0678_p.Ile67Ser,11.0,0.0,2) Assoc w R - Interim,p.I67S
Bedaquiline,Rv0678,Rv0678_p.Ala36Val,4.0,0.0,2) Assoc w R - Interim,p.A36V
Bedaquiline,Rv0678,Rv0678_p.Leu32Ser,5.0,0.0,1) Assoc w R,p.L32S
Bedaquiline,mmpL5,mmpL5_p.Gly246Ser,,,3) Uncertain significance,p.G246S
Bedaquiline,Rv0678,Rv0678_p.Leu117Arg,8.0,0.0,1) Assoc w R,p.L117R
Bedaquiline,Rv0678,Rv0678_p.Thr91Ile,3.0,0.0,3) Uncertain significance,p.T91I
Bedaquiline,Rv0678,Rv0678_p.Gly121Arg,8.0,0.0,1) Assoc w R,p.G121R
Bedaquiline,Rv0678,Rv0678_p.Ser63Gly,3.0,0.0,3) Uncertain significance,p.S63G
Bedaquiline,Rv0678,Rv0678_p.Ser53Pro,4.0,0.0,3) Uncertain significance,p.S53P
Bedaquiline,Rv0678,Rv0678_p.Cys46Arg,9.0,0.0,1) Assoc w R,p.C46R
Bedaquiline,Rv0678,Rv0678_p.Gly65Glu,3.0,0.0,3) Uncertain significance,p.G65E
Bedaquiline,Rv0678,Rv0678_p.Gly41Asp,4.0,0.0,3) Uncertain significance,p.G41D
Bedaquiline,atpE,atpE_p.Glu61Asp,,,2) Assoc w R - Interim,p.E61D
Bedaquiline,Rv0678,Rv0678_p.Leu35Trp,2.0,0.0,3) Uncertain significance,p.L35W
Bedaquiline,Rv0678,Rv0678_p.Phe79Leu,2.0,0.0,3) Uncertain significance,p.F79L
Bedaquiline,Rv0678,Rv0678_p.Ser2Ile,3.0,0.0,3) Uncertain significance,p.S2I
Bedaquiline,Rv0678,Rv0678_p.Leu60Pro,3.0,0.0,3) Uncertain significance,p.L60P
Bedaquiline,Rv0678,Rv0678_p.Leu142Arg,1.0,0.0,2) Assoc w R - Interim,p.L142R
Bedaquiline,mmpL5,mmpL5_p.Arg328Gly,3.0,0.0,3) Uncertain significance,p.R328G
Bedaquiline,Rv0678,Rv0678_p.Ser53Leu,2.0,0.0,3) Uncertain significance,p.S53L
Bedaquiline,Rv0678,Rv0678_p.Arg107Cys,2.0,0.0,3) Uncertain significance,p.R107C
Bedaquiline,Rv0678,Rv0678_p.Asn70Ile,2.0,0.0,3) Uncertain significance,p.N70I
Bedaquiline,Rv0678,Rv0678_p.Leu95Ser,2.0,1.0,3) Uncertain significance,p.L95S
Bedaquiline,Rv0678,Rv0678_p.Leu122Pro,2.0,0.0,3) Uncertain significance,p.L122P
Bedaquiline,Rv0678,Rv0678_p.Gly78Arg,2.0,0.0,3) Uncertain significance,p.G78R
Bedaquiline,Rv0678,Rv0678_p.Ser151Pro,2.0,0.0,3) Uncertain significance,p.S151P
Bedaquiline,Rv0678,Rv0678_p.Leu40Phe,1.0,0.0,3) Uncertain significance,p.L40F
Bedaquiline,Rv0678,Rv0678_p.Leu60Gln,2.0,0.0,3) Uncertain significance,p.L60Q
Bedaquiline,Rv0678,Rv0678_p.Asn70Asp,5.0,0.0,2) Assoc w R - Interim,p.N70D
Bedaquiline,Rv0678,Rv0678_p.Met139Ile,1.0,0.0,3) Uncertain significance,p.M139I
Bedaquiline,Rv0678,Rv0678_p.Leu136Pro,1.0,0.0,3) Uncertain significance,p.L136P
Bedaquiline,Rv0678,Rv0678_p.Tyr157Ser,2.0,1.0,3) Uncertain significance,p.Y157S
Bedaquiline,mmpL5,mmpL5_p.Leu709Ile,,,3) Uncertain significance,p.L709I
Bedaquiline,Rv0678,Rv0678_p.Pro48Leu,2.0,0.0,3) Uncertain significance,p.P48L
Bedaquiline,Rv0678,Rv0678_p.Gln76Lys,1.0,0.0,3) Uncertain significance,p.Q76K
Bedaquiline,pepQ,pepQ_p.Ser200Leu,2.0,0.0,3) Uncertain significance,p.S200L
Bedaquiline,Rv0678,Rv0678_p.Ala102Thr,2.0,0.0,3) Uncertain significance,p.A102T
Bedaquiline,Rv0678,Rv0678_p.Ile67Leu,1.0,0.0,3) Uncertain significance,p.I67L
Bedaquiline,Rv0678,Rv0678_p.Ser52Phe,2.0,0.0,3) Uncertain significance,p.S52F
Bedaquiline,Rv0678,Rv0678_p.Gln115Pro,2.0,0.0,3) Uncertain significance,p.Q115P
Bedaquiline,Rv0678,Rv0678_p.Cys46Trp,2.0,0.0,3) Uncertain significance,p.C46W
Bedaquiline,Rv0678,Rv0678_p.Arg50Gln,1.0,0.0,3) Uncertain significance,p.R50Q
Bedaquiline,Rv0678,Rv0678_p.Arg96Leu,1.0,0.0,3) Uncertain significance,p.R96L
Bedaquiline,atpE,atpE_p.Ala63Val,,,3) Uncertain significance,p.A63V
Bedaquiline,Rv0678,Rv0678_p.Arg90Cys,1.0,1.0,3) Uncertain significance,p.R90C
Bedaquiline,Rv0678,Rv0678_p.Phe93Leu,2.0,1.0,3) Uncertain significance,p.F93L
Bedaquiline,Rv0678,Rv0678_p.Arg34Gln,2.0,0.0,3) Uncertain significance,p.R34Q
Bedaquiline,Rv0678,Rv0678_p.Arg30Trp,1.0,0.0,3) Uncertain significance,p.R30W
Bedaquiline,Rv0678,Rv0678_p.Arg105Ser,1.0,0.0,3) Uncertain significance,p.R105S
Bedaquiline,Rv0678,Rv0678_p.Glu104Lys,1.0,1.0,3) Uncertain significance,p.E104K
Bedaquiline,Rv0678,Rv0678_p.Asn70Lys,1.0,0.0,3) Uncertain significance,p.N70K
Bedaquiline,mmpL5,mmpL5_p.Ala359Thr,,,3) Uncertain significance,p.A359T
Bedaquiline,Rv0678,Rv0678_p.Leu40Met,,,3) Uncertain significance,p.L40M
Bedaquiline,Rv0678,Rv0678_p.Met139Thr,1.0,0.0,3) Uncertain significance,p.M139T
Bedaquiline,Rv0678,Rv0678_p.Ser68Asn,,,3) Uncertain significance,p.S68N
Bedaquiline,Rv0678,Rv0678_p.Ile67Met,,,3) Uncertain significance,p.I67M
Bedaquiline,Rv0678,Rv0678_p.Phe19Leu,1.0,0.0,3) Uncertain significance,p.F19L
Bedaquiline,Rv0678,Rv0678_p.Ser64Ile,1.0,0.0,3) Uncertain significance,p.S64I
Bedaquiline,Rv0678,Rv0678_p.Arg38Leu,1.0,0.0,3) Uncertain significance,p.R38L
Bedaquiline,Rv0678,Rv0678_p.Arg109Pro,1.0,0.0,3) Uncertain significance,p.R109P
Bedaquiline,Rv0678,Rv0678_p.Ala99Pro,1.0,0.0,3) Uncertain significance,p.A99P
Bedaquiline,Rv0678,Rv0678_p.Arg34Trp,2.0,0.0,3) Uncertain significance,p.R34W
Bedaquiline,Rv0678,Rv0678_p.Gln51Arg,,,3) Uncertain significance,p.Q51R
Bedaquiline,Rv0678,Rv0678_p.Phe100Ile,1.0,0.0,3) Uncertain significance,p.F100I
Bedaquiline,Rv0678,Rv0678_p.Gln76Arg,1.0,0.0,3) Uncertain significance,p.Q76R
Bedaquiline,Rv0678,Rv0678_p.Tyr26His,1.0,0.0,3) Uncertain significance,p.Y26H
Bedaquiline,Rv0678,Rv0678_p.Gly25Asp,1.0,0.0,3) Uncertain significance,p.G25D
Bedaquiline,Rv0678,Rv0678_p.Arg109Trp,,,3) Uncertain significance,p.R109W
Bedaquiline,Rv0678,Rv0678_p.Ala102Asp,1.0,0.0,3) Uncertain significance,p.A102D
Bedaquiline,Rv0678,Rv0678_p.Arg94Gln,1.0,0.0,3) Uncertain significance,p.R94Q
Bedaquiline,Rv0678,Rv0678_p.Val20Gly,1.0,2.0,3) Uncertain significance,p.V20G
Bedaquiline,Rv0678,Rv0678_p.Phe19Ser,,,3) Uncertain significance,p.F19S
Bedaquiline,Rv0678,Rv0678_p.Leu83Pro,1.0,0.0,3) Uncertain significance,p.L83P
Bedaquiline,Rv0678,Rv0678_p.Phe93Ser,,,3) Uncertain significance,p.F93S
Bedaquiline,Rv0678,Rv0678_p.Gly65Arg,1.0,0.0,3) Uncertain significance,p.G65R
Bedaquiline,Rv0678,Rv0678_p.Arg96Trp,1.0,0.0,3) Uncertain significance,p.R96W
Bedaquiline,Rv0678,Rv0678_p.Gly24Cys,1.0,0.0,3) Uncertain significance,p.G24C
Bedaquiline,Rv0678,Rv0678_p.Arg94Trp,3.0,0.0,3) Uncertain significance,p.R94W
Bedaquiline,Rv0678,Rv0678_p.Arg135Trp,1.0,0.0,3) Uncertain significance,p.R135W
Bedaquiline,Rv0678,Rv0678_p.Arg50Pro,1.0,0.0,3) Uncertain significance,p.R50P
Bedaquiline,Rv0678,Rv0678_p.Asp47Gly,1.0,0.0,3) Uncertain significance,p.D47G
Bedaquiline,Rv0678,Rv0678_p.Asp47Glu,4.0,0.0,3) Uncertain significance,p.D47E
Bedaquiline,Rv0678,Rv0678_p.Gly103Arg,1.0,0.0,3) Uncertain significance,p.G103R
Bedaquiline,Rv0678,Rv0678_p.Cys46Tyr,1.0,0.0,3) Uncertain significance,p.C46Y
Bedaquiline,Rv0678,Rv0678_p.Arg89Gln,1.0,0.0,3) Uncertain significance,p.R89Q
Bedaquiline,Rv0678,Rv0678_p.Arg89Leu,1.0,0.0,3) Uncertain significance,p.R89L
Bedaquiline,Rv0678,Rv0678_p.Thr33Ile,1.0,0.0,3) Uncertain significance,p.T33I
Bedaquiline,Rv0678,Rv0678_p.Arg50Trp,1.0,0.0,3) Uncertain significance,p.R50W
Bedaquiline,Rv0678,Rv0678_p.Arg72Trp,1.0,0.0,3) Uncertain significance,p.R72W
Bedaquiline,Rv0678,Rv0678_p.Arg107Leu,1.0,0.0,3) Uncertain significance,p.R107L
Bedaquiline,Rv0678,Rv0678_p.Tyr92Cys,1.0,0.0,3) Uncertain significance,p.Y92C
Bedaquiline,Rv0678,Rv0678_p.Ala112Pro,1.0,0.0,3) Uncertain significance,p.A112P
Bedaquiline,Rv0678,Rv0678_p.Ile16Ser,1.0,0.0,3) Uncertain significance,p.I16S
Bedaquiline,Rv0678,Rv0678_p.Gly24Arg,1.0,0.0,3) Uncertain significance,p.G24R
Bedaquiline,Rv0678,Rv0678_p.Ser63Arg,2.0,1.0,3) Uncertain significance,p.S63R
Bedaquiline,Rv0678,Rv0678_p.Ala84Val,1.0,0.0,3) Uncertain significance,p.A84V
Bedaquiline,Rv0678,Rv0678_p.Asn98Asp,1.0,0.0,3) Uncertain significance,p.N98D
Bedaquiline,pepQ,pepQ_p.Arg7Gln,1.0,1.0,3) Uncertain significance,p.R7Q
Bedaquiline,Rv0678,Rv0678_p.Ile108Val,1.0,0.0,3) Uncertain significance,p.I108V
Bedaquiline,pepQ,pepQ_p.Ser66Pro,1.0,0.0,3) Uncertain significance,p.S66P
Bedaquiline,pepQ,pepQ_p.Ala141Glu,1.0,0.0,3) Uncertain significance,p.A141E
Bedaquiline,Rv0678,Rv0678_p.Gly87Arg,1.0,0.0,3) Uncertain significance,p.G87R
Bedaquiline,atpE,atpE_p.Ala63Thr,1.0,0.0,3) Uncertain significance,p.A63T
Bedaquiline,mmpL5,mmpL5_p.Leu219Phe,2.0,0.0,4) Not assoc w R - Interim,p.L219F
Bedaquiline,mmpS5,mmpS5_p.Ala8Ser,,,3) Uncertain significance,p.A8S
Bedaquiline,mmpL5,mmpL5_p.Phe696Leu,4.0,16.0,3) Uncertain significance,p.F696L
Bedaquiline,mmpL5,mmpL5_p.Pro390Ser,,,3) Uncertain significance,p.P390S
Bedaquiline,mmpL5,mmpL5_p.Gly102Asp,,,3) Uncertain significance,p.G102D
Bedaquiline,mmpL5,mmpL5_p.Ile484Thr,,,3) Uncertain significance,p.I484T
Bedaquiline,Rv0678,Rv0678_p.Pro14Leu,,,3) Uncertain significance,p.P14L
Bedaquiline,mmpL5,mmpL5_p.Trp823Arg,,,3) Uncertain significance,p.W823R
Bedaquiline,mmpL5,mmpL5_p.Val151Gly,,,3) Uncertain significance,p.V151G
Bedaquiline,mmpL5,mmpL5_p.Arg380His,,,3) Uncertain significance,p.R380H
Bedaquiline,mmpL5,mmpL5_p.Arg717Gln,,,3) Uncertain significance,p.R717Q
Bedaquiline,mmpL5,mmpL5_p.Asp128Ala,,,3) Uncertain significance,p.D128A
Bedaquiline,Rv0678,Rv0678_p.Arg96Gly,,,3) Uncertain significance,p.R96G
Bedaquiline,mmpL5,mmpL5_p.Tyr411Asp,,,3) Uncertain significance,p.Y411D
Bedaquiline,atpE,atpE_p.Ala45Val,,,3) Uncertain significance,p.A45V
Bedaquiline,mmpL5,mmpL5_p.Ile910Val,,,3) Uncertain significance,p.I910V
Bedaquiline,mmpL5,mmpL5_p.Asn685Asp,,,3) Uncertain significance,p.N685D
Bedaquiline,pepQ,pepQ_p.Gln5Arg,,,3) Uncertain significance,p.Q5R
Bedaquiline,pepQ,pepQ_p.Asp108Asn,,,3) Uncertain significance,p.D108N
Bedaquiline,mmpL5,mmpL5_p.Met676Val,,,3) Uncertain significance,p.M676V
Bedaquiline,pepQ,pepQ_p.Met180Thr,,,3) Uncertain significance,p.M180T
Bedaquiline,mmpL5,mmpL5_p.Leu600Arg,,,3) Uncertain significance,p.L600R
Bedaquiline,mmpL5,mmpL5_p.Ala209Thr,,,3) Uncertain significance,p.A209T
Bedaquiline,mmpL5,mmpL5_p.Gly876Asp,,,3) Uncertain significance,p.G876D
Bedaquiline,pepQ,pepQ_p.Val328Phe,,,3) Uncertain significance,p.V328F
Bedaquiline,pepQ,pepQ_p.Ala137Ser,,,3) Uncertain significance,p.A137S
Bedaquiline,pepQ,pepQ_p.Val324Met,,,3) Uncertain significance,p.V324M
Bedaquiline,mmpL5,mmpL5_p.Asn466Ser,,,3) Uncertain significance,p.N466S
Bedaquiline,mmpL5,mmpL5_p.Ala385Thr,,,3) Uncertain significance,p.A385T
Bedaquiline,Rv0678,Rv0678_p.Arg156Gln,,,3) Uncertain significance,p.R156Q
Bedaquiline,pepQ,pepQ_p.Gln63Arg,0.0,1.0,3) Uncertain significance,p.Q63R
Bedaquiline,Rv0678,Rv0678_p.Ala112Ser,,,3) Uncertain significance,p.A112S
Bedaquiline,mmpL5,mmpL5_p.Val149Ile,,,3) Uncertain significance,p.V149I
Bedaquiline,mmpL5,mmpL5_p.Gly661Arg,,,3) Uncertain significance,p.G661R
Bedaquiline,mmpL5,mmpL5_p.Ala273Thr,,,3) Uncertain significance,p.A273T
Bedaquiline,Rv0678,Rv0678_p.Ala86Val,,,3) Uncertain significance,p.A86V
Bedaquiline,mmpL5,mmpL5_p.Pro445Leu,,,3) Uncertain significance,p.P445L
Bedaquiline,pepQ,pepQ_p.Ala275Ser,,,3) Uncertain significance,p.A275S
Bedaquiline,mmpL5,mmpL5_p.Val41Ile,,,3) Uncertain significance,p.V41I
Bedaquiline,pepQ,pepQ_p.Gly41Asp,,,3) Uncertain significance,p.G41D
Bedaquiline,Rv0678,Rv0678_p.Asp5Gly,,,3) Uncertain significance,p.D5G
Bedaquiline,mmpL5,mmpL5_p.Val346Ala,,,3) Uncertain significance,p.V346A
Bedaquiline,mmpL5,mmpL5_p.Met72Thr,,,3) Uncertain significance,p.M72T
Bedaquiline,mmpL5,mmpL5_p.Ala20Thr,,,3) Uncertain significance,p.A20T
Bedaquiline,mmpL5,mmpL5_p.His656Tyr,,,3) Uncertain significance,p.H656Y
Bedaquiline,Rv0678,Rv0678_p.Ala101Glu,,,3) Uncertain significance,p.A101E
Bedaquiline,mmpL5,mmpL5_p.Met912Thr,,,3) Uncertain significance,p.M912T
Bedaquiline,pepQ,pepQ_p.Ala124Val,,,3) Uncertain significance,p.A124V
Bedaquiline,mmpL5,mmpL5_p.Met903Ile,,,3) Uncertain significance,p.M903I
Bedaquiline,mmpL5,mmpL5_p.Met503Ile,,,3) Uncertain significance,p.M503I
Bedaquiline,mmpL5,mmpL5_p.Lys649Thr,,,3) Uncertain significance,p.K649T
Bedaquiline,mmpL5,mmpL5_p.Phe129Ser,,,3) Uncertain significance,p.F129S
Bedaquiline,mmpL5,mmpL5_p.Ser507Asn,0.0,1.0,3) Uncertain significance,p.S507N
Bedaquiline,mmpS5,mmpS5_p.Thr24Ala,,,3) Uncertain significance,p.T24A
Bedaquiline,Rv0678,Rv0678_p.Gly78Trp,,,3) Uncertain significance,p.G78W
Bedaquiline,mmpS5,mmpS5_p.Ile116Leu,,,3) Uncertain significance,p.I116L
Bedaquiline,mmpS5,mmpS5_p.Gly109Asp,,,3) Uncertain significance,p.G109D
Bedaquiline,pepQ,pepQ_p.Thr341Ala,,,3) Uncertain significance,p.T341A
Bedaquiline,Rv0678,Rv0678_p.Leu83His,0.0,1.0,3) Uncertain significance,p.L83H
Bedaquiline,mmpL5,mmpL5_p.Trp598Cys,,,3) Uncertain significance,p.W598C
Bedaquiline,Rv0678,Rv0678_p.Ser68Ile,,,3) Uncertain significance,p.S68I
Bedaquiline,Rv0678,Rv0678_p.Val20Ala,,,3) Uncertain significance,p.V20A
Bedaquiline,mmpL5,mmpL5_p.Ile787Met,,,3) Uncertain significance,p.I787M
Bedaquiline,mmpL5,mmpL5_p.Glu83Lys,,,3) Uncertain significance,p.E83K
Bedaquiline,pepQ,pepQ_p.Ala187Glu,,,3) Uncertain significance,p.A187E
Bedaquiline,mmpL5,mmpL5_p.Val840Ile,0.0,1.0,3) Uncertain significance,p.V840I
Bedaquiline,mmpL5,mmpL5_p.Glu174Gln,,,3) Uncertain significance,p.E174Q
Bedaquiline,mmpL5,mmpL5_p.Arg944Gln,,,3) Uncertain significance,p.R944Q
Bedaquiline,pepQ,pepQ_p.Arg61Cys,,,3) Uncertain significance,p.R61C
Bedaquiline,atpE,atpE_p.Thr51Ile,,,3) Uncertain significance,p.T51I
Bedaquiline,pepQ,pepQ_p.Ser130Leu,,,3) Uncertain significance,p.S130L
Bedaquiline,Rv0678,Rv0678_p.Gln22Arg,,,3) Uncertain significance,p.Q22R
Bedaquiline,mmpL5,mmpL5_p.Ala434Thr,,,3) Uncertain significance,p.A434T
Bedaquiline,mmpL5,mmpL5_p.Glu744Gln,,,3) Uncertain significance,p.E744Q
Bedaquiline,mmpS5,mmpS5_p.Val55Met,,,3) Uncertain significance,p.V55M
Bedaquiline,mmpL5,mmpL5_p.Glu524Gly,,,3) Uncertain significance,p.E524G
Bedaquiline,mmpS5,mmpS5_p.Gly130Arg,,,3) Uncertain significance,p.G130R
Bedaquiline,mmpL5,mmpL5_p.Leu116Val,,,3) Uncertain significance,p.L116V
Bedaquiline,mmpL5,mmpL5_p.Val942Ile,,,3) Uncertain significance,p.V942I
Bedaquiline,Rv0678,Rv0678_p.Ser158Arg,,,3) Uncertain significance,p.S158R
Bedaquiline,pepQ,pepQ_p.Glu191Val,,,3) Uncertain significance,p.E191V
Bedaquiline,mmpL5,mmpL5_p.Lys80Gln,,,3) Uncertain significance,p.K80Q
Bedaquiline,mmpL5,mmpL5_p.Gly181Asp,,,3) Uncertain significance,p.G181D
Bedaquiline,pepQ,pepQ_p.Asp209Glu,,,3) Uncertain significance,p.D209E
Bedaquiline,pepQ,pepQ_p.Glu89Asp,,,3) Uncertain significance,p.E89D
Bedaquiline,mmpL5,mmpL5_p.Pro947Ser,,,3) Uncertain significance,p.P947S
Bedaquiline,pepQ,pepQ_p.Val343Ala,,,3) Uncertain significance,p.V343A
Bedaquiline,mmpL5,mmpL5_p.Gln140His,,,3) Uncertain significance,p.Q140H
Bedaquiline,mmpL5,mmpL5_p.Gly114Arg,,,3) Uncertain significance,p.G114R
Bedaquiline,mmpL5,mmpL5_p.Lys646Gln,,,3) Uncertain significance,p.K646Q
Bedaquiline,mmpL5,mmpL5_p.Ala44Gly,,,3) Uncertain significance,p.A44G
Bedaquiline,Rv0678,Rv0678_p.Ser52Tyr,0.0,1.0,3) Uncertain significance,p.S52Y
Bedaquiline,pepQ,pepQ_p.Val101Leu,,,3) Uncertain significance,p.V101L
Bedaquiline,mmpL5,mmpL5_p.Asp681Glu,,,3) Uncertain significance,p.D681E
Bedaquiline,mmpL5,mmpL5_p.Ser452Asn,,,3) Uncertain significance,p.S452N
Bedaquiline,pepQ,pepQ_p.Asn118Asp,,,3) Uncertain significance,p.N118D
Bedaquiline,atpE,atpE_p.Val39Ile,,,3) Uncertain significance,p.V39I
Bedaquiline,mmpL5,mmpL5_p.Asn458Asp,,,3) Uncertain significance,p.N458D
Bedaquiline,mmpL5,mmpL5_p.Ala199Thr,,,3) Uncertain significance,p.A199T
Bedaquiline,mmpL5,mmpL5_p.Asp128His,,,3) Uncertain significance,p.D128H
Bedaquiline,Rv0678,Rv0678_p.Ile80Met,,,3) Uncertain significance,p.I80M
Bedaquiline,mmpL5,mmpL5_p.Asp110Gly,0.0,1.0,3) Uncertain significance,p.D110G
Bedaquiline,mmpL5,mmpL5_p.Met218Val,,,3) Uncertain significance,p.M218V
Bedaquiline,Rv0678,Rv0678_p.Thr58Pro,,,3) Uncertain significance,p.T58P
Bedaquiline,mmpL5,mmpL5_p.Ala800Ser,,,3) Uncertain significance,p.A800S
Bedaquiline,mmpL5,mmpL5_p.Val247Ala,1.0,2.0,3) Uncertain significance,p.V247A
Bedaquiline,Rv0678,Rv0678_p.Pro14Ser,,,3) Uncertain significance,p.P14S
Bedaquiline,Rv0678,Rv0678_p.Tyr26Cys,,,3) Uncertain significance,p.Y26C
Bedaquiline,mmpL5,mmpL5_p.Met443Thr,,,3) Uncertain significance,p.M443T
Bedaquiline,mmpL5,mmpL5_p.Lys467Arg,,,3) Uncertain significance,p.K467R
Bedaquiline,mmpL5,mmpL5_p.Leu751Phe,,,3) Uncertain significance,p.L751F
Bedaquiline,mmpL5,mmpL5_p.His122Arg,,,3) Uncertain significance,p.H122R
Bedaquiline,mmpL5,mmpL5_p.Ala572Val,,,3) Uncertain significance,p.A572V
Bedaquiline,mmpL5,mmpL5_p.Val186Ile,,,3) Uncertain significance,p.V186I
Bedaquiline,mmpL5,mmpL5_p.Tyr299Cys,,,3) Uncertain significance,p.Y299C
Bedaquiline,mmpS5,mmpS5_p.Ile14Thr,,,3) Uncertain significance,p.I14T
Bedaquiline,mmpL5,mmpL5_p.Glu512Ala,,,3) Uncertain significance,p.E512A
Bedaquiline,mmpL5,mmpL5_p.Ala896Thr,,,3) Uncertain significance,p.A896T
Bedaquiline,pepQ,pepQ_p.Asp20Gly,,,3) Uncertain significance,p.D20G
Bedaquiline,mmpL5,mmpL5_p.Gly305Ser,0.0,1.0,3) Uncertain significance,p.G305S
Bedaquiline,mmpL5,mmpL5_p.Gly257Arg,,,3) Uncertain significance,p.G257R
Bedaquiline,mmpL5,mmpL5_p.Arg289His,,,3) Uncertain significance,p.R289H
Bedaquiline,atpE,atpE_p.Leu59Phe,0.0,1.0,3) Uncertain significance,p.L59F
Bedaquiline,mmpS5,mmpS5_p.Lys42Arg,,,3) Uncertain significance,p.K42R
Bedaquiline,Rv0678,Rv0678_p.Glu113Lys,,,3) Uncertain significance,p.E113K
Bedaquiline,Rv0678,Rv0678_p.Trp42Arg,,,3) Uncertain significance,p.W42R
Bedaquiline,mmpS5,mmpS5_p.Pro53Leu,,,3) Uncertain significance,p.P53L
Bedaquiline,pepQ,pepQ_p.Glu360Asp,,,3) Uncertain significance,p.E360D
Bedaquiline,mmpS5,mmpS5_p.Ser34Phe,,,3) Uncertain significance,p.S34F
Bedaquiline,mmpL5,mmpL5_p.Leu335Val,,,3) Uncertain significance,p.L335V
Bedaquiline,pepQ,pepQ_p.Ile302Val,,,3) Uncertain significance,p.I302V
Bedaquiline,Rv0678,Rv0678_p.Ser52Pro,,,3) Uncertain significance,p.S52P
Bedaquiline,mmpL5,mmpL5_p.Arg244Leu,,,3) Uncertain significance,p.R244L
Bedaquiline,Rv0678,Rv0678_p.Ser68Gly,,,3) Uncertain significance,p.S68G
Bedaquiline,Rv0678,Rv0678_p.Ala62Thr,,,3) Uncertain significance,p.A62T
Bedaquiline,mmpL5,mmpL5_p.Pro927Arg,,,3) Uncertain significance,p.P927R
Bedaquiline,pepQ,pepQ_p.Gly112Asp,,,3) Uncertain significance,p.G112D
Bedaquiline,Rv0678,Rv0678_p.Leu40Ser,,,3) Uncertain significance,p.L40S
Bedaquiline,mmpL5,mmpL5_p.Thr6Ala,,,3) Uncertain significance,p.T6A
Bedaquiline,pepQ,pepQ_p.Asp26Gly,1.0,0.0,3) Uncertain significance,p.D26G
Bedaquiline,mmpL5,mmpL5_p.Gly559Ala,,,3) Uncertain significance,p.G559A
Bedaquiline,mmpL5,mmpL5_p.Phe816Leu,,,3) Uncertain significance,p.F816L
Bedaquiline,mmpS5,mmpS5_p.Ala142Ser,,,3) Uncertain significance,p.A142S
Bedaquiline,mmpL5,mmpL5_p.Gly391Ser,,,3) Uncertain significance,p.G391S
Bedaquiline,mmpL5,mmpL5_p.Met892Thr,,,3) Uncertain significance,p.M892T
Bedaquiline,Rv0678,Rv0678_p.Glu104Asp,0.0,1.0,3) Uncertain significance,p.E104D
Bedaquiline,mmpL5,mmpL5_p.Ala801Val,,,3) Uncertain significance,p.A801V
Bedaquiline,pepQ,pepQ_p.Ser66Leu,,,3) Uncertain significance,p.S66L
Bedaquiline,mmpL5,mmpL5_p.Gly875Arg,,,3) Uncertain significance,p.G875R
Bedaquiline,mmpL5,mmpL5_p.Trp598Gly,,,3) Uncertain significance,p.W598G
Bedaquiline,pepQ,pepQ_p.Ala305Val,,,3) Uncertain significance,p.A305V
Bedaquiline,mmpL5,mmpL5_p.Val222Gly,,,3) Uncertain significance,p.V222G
Bedaquiline,mmpS5,mmpS5_p.Thr113Asn,,,3) Uncertain significance,p.T113N
Bedaquiline,mmpL5,mmpL5_p.Leu523Pro,,,3) Uncertain significance,p.L523P
Bedaquiline,mmpS5,mmpS5_p.Lys6Thr,,,3) Uncertain significance,p.K6T
Bedaquiline,mmpL5,mmpL5_p.Tyr514Cys,,,3) Uncertain significance,p.Y514C
Bedaquiline,mmpL5,mmpL5_p.Ser654Thr,,,3) Uncertain significance,p.S654T
Bedaquiline,pepQ,pepQ_p.Lys94Asn,,,3) Uncertain significance,p.K94N
Bedaquiline,mmpL5,mmpL5_p.Gly138Asp,,,3) Uncertain significance,p.G138D
Bedaquiline,mmpL5,mmpL5_p.Val182Ile,,,3) Uncertain significance,p.V182I
Bedaquiline,mmpL5,mmpL5_p.Trp952Leu,,,3) Uncertain significance,p.W952L
Bedaquiline,pepQ,pepQ_p.Pro165Gln,,,3) Uncertain significance,p.P165Q
Bedaquiline,mmpL5,mmpL5_p.Ala401Val,,,3) Uncertain significance,p.A401V
Bedaquiline,mmpL5,mmpL5_p.Ala397Ser,,,3) Uncertain significance,p.A397S
Bedaquiline,mmpL5,mmpL5_p.Asp143Gly,,,3) Uncertain significance,p.D143G
Bedaquiline,mmpL5,mmpL5_p.Thr606Ala,,,3) Uncertain significance,p.T606A
Bedaquiline,Rv0678,Rv0678_p.Leu56Pro,0.0,1.0,3) Uncertain significance,p.L56P
Bedaquiline,pepQ,pepQ_p.Leu107Arg,,,3) Uncertain significance,p.L107R
Bedaquiline,Rv0678,Rv0678_p.Gln76Glu,,,3) Uncertain significance,p.Q76E
Bedaquiline,Rv0678,Rv0678_p.Glu104Gly,,,3) Uncertain significance,p.E104G
Bedaquiline,mmpL5,mmpL5_p.Met892Ile,,,3) Uncertain significance,p.M892I
Bedaquiline,Rv0678,Rv0678_p.Asp141Tyr,,,3) Uncertain significance,p.D141Y
Bedaquiline,pepQ,pepQ_p.Ile24Thr,,,3) Uncertain significance,p.I24T
Bedaquiline,Rv0678,Rv0678_p.Ile108Thr,,,3) Uncertain significance,p.I108T
Bedaquiline,atpE,atpE_p.Phe76Leu,0.0,1.0,3) Uncertain significance,p.F76L
Bedaquiline,mmpL5,mmpL5_p.Val846Ile,,,3) Uncertain significance,p.V846I
Bedaquiline,Rv0678,Rv0678_p.Ser31Gly,0.0,1.0,3) Uncertain significance,p.S31G
Bedaquiline,Rv0678,Rv0678_p.Ala110Val,,,3) Uncertain significance,p.A110V
Bedaquiline,mmpS5,mmpS5_p.Gly109Ser,,,3) Uncertain significance,p.G109S
Bedaquiline,mmpL5,mmpL5_p.Leu818Met,,,3) Uncertain significance,p.L818M
Bedaquiline,Rv0678,Rv0678_p.Met23Val,,,3) Uncertain significance,p.M23V
Bedaquiline,mmpL5,mmpL5_p.Leu95Arg,,,3) Uncertain significance,p.L95R
Bedaquiline,mmpL5,mmpL5_p.Val382Ala,,,3) Uncertain significance,p.V382A
Bedaquiline,mmpL5,mmpL5_p.Leu653Met,,,3) Uncertain significance,p.L653M
Bedaquiline,mmpL5,mmpL5_p.Ile529Met,,,3) Uncertain significance,p.I529M
Bedaquiline,mmpL5,mmpL5_p.Val964Leu,,,3) Uncertain significance,p.V964L
Bedaquiline,mmpL5,mmpL5_p.Glu830Asp,,,3) Uncertain significance,p.E830D
Bedaquiline,pepQ,pepQ_p.Gly80Arg,,,3) Uncertain significance,p.G80R
Bedaquiline,mmpL5,mmpL5_p.Ala69Val,,,3) Uncertain significance,p.A69V
Bedaquiline,pepQ,pepQ_p.Lys367Asn,,,3) Uncertain significance,p.K367N
Bedaquiline,mmpL5,mmpL5_p.Leu691Arg,,,3) Uncertain significance,p.L691R
Bedaquiline,mmpL5,mmpL5_p.Met638Leu,,,3) Uncertain significance,p.M638L
Bedaquiline,mmpL5,mmpL5_p.Val612Ile,,,3) Uncertain significance,p.V612I
Bedaquiline,mmpL5,mmpL5_p.Gly865Arg,,,3) Uncertain significance,p.G865R
Bedaquiline,mmpL5,mmpL5_p.His494Tyr,,,3) Uncertain significance,p.H494Y
Bedaquiline,mmpL5,mmpL5_p.Ser879Leu,,,3) Uncertain significance,p.S879L
Bedaquiline,Rv0678,Rv0678_p.Gly25Cys,,,3) Uncertain significance,p.G25C
Bedaquiline,Rv0678,Rv0678_p.Val120Met,0.0,1.0,3) Uncertain significance,p.V120M
Bedaquiline,mmpL5,mmpL5_p.His590Pro,,,3) Uncertain significance,p.H590P
Bedaquiline,mmpL5,mmpL5_p.Arg254Gln,0.0,1.0,3) Uncertain significance,p.R254Q
Bedaquiline,mmpL5,mmpL5_p.Ser541Arg,,,3) Uncertain significance,p.S541R
Bedaquiline,Rv0678,Rv0678_p.Ala59Val,,,3) Uncertain significance,p.A59V
Bedaquiline,pepQ,pepQ_p.Gly85Cys,,,3) Uncertain significance,p.G85C
Bedaquiline,mmpL5,mmpL5_p.Val360Met,,,3) Uncertain significance,p.V360M
Bedaquiline,mmpS5,mmpS5_p.Val56Met,,,3) Uncertain significance,p.V56M
Bedaquiline,Rv0678,Rv0678_p.Val85Ala,,,3) Uncertain significance,p.V85A
Bedaquiline,mmpL5,mmpL5_p.Met645Ile,,,3) Uncertain significance,p.M645I
Bedaquiline,mmpL5,mmpL5_p.Thr519Ala,0.0,1.0,3) Uncertain significance,p.T519A
Bedaquiline,Rv0678,Rv0678_p.Asp5Asn,,,3) Uncertain significance,p.D5N
Bedaquiline,mmpL5,mmpL5_p.Thr10Ala,,,3) Uncertain significance,p.T10A
Bedaquiline,mmpS5,mmpS5_p.Pro101Arg,,,3) Uncertain significance,p.P101R
Bedaquiline,mmpL5,mmpL5_p.Gly131Arg,0.0,1.0,3) Uncertain significance,p.G131R
Bedaquiline,mmpL5,mmpL5_p.Ile113Thr,,,3) Uncertain significance,p.I113T
Bedaquiline,mmpL5,mmpL5_p.Pro179Thr,,,3) Uncertain significance,p.P179T
Bedaquiline,pepQ,pepQ_p.Ala263Val,,,3) Uncertain significance,p.A263V
Bedaquiline,Rv0678,Rv0678_p.Gln51Lys,,,3) Uncertain significance,p.Q51K
Bedaquiline,mmpL5,mmpL5_p.Pro953Ser,,,3) Uncertain significance,p.P953S
Bedaquiline,mmpL5,mmpL5_p.Phe916Ser,,,3) Uncertain significance,p.F916S
Bedaquiline,mmpL5,mmpL5_p.Ile732Val,,,3) Uncertain significance,p.I732V
Bedaquiline,atpE,atpE_p.Ala62Thr,,,3) Uncertain significance,p.A62T
Bedaquiline,mmpS5,mmpS5_p.Thr24Met,0.0,2.0,3) Uncertain significance,p.T24M
Bedaquiline,mmpL5,mmpL5_p.Pro180Leu,,,3) Uncertain significance,p.P180L
Bedaquiline,pepQ,pepQ_p.Pro266Ser,,,3) Uncertain significance,p.P266S
Bedaquiline,Rv0678,Rv0678_p.Gly103Ser,,,3) Uncertain significance,p.G103S
Bedaquiline,Rv0678,Rv0678_p.Leu117Pro,,,3) Uncertain significance,p.L117P
Bedaquiline,mmpL5,mmpL5_p.Val612Gly,,,3) Uncertain significance,p.V612G
Bedaquiline,Rv0678,Rv0678_p.Leu142Pro,,,3) Uncertain significance,p.L142P
Bedaquiline,pepQ,pepQ_p.Ile193Val,0.0,1.0,3) Uncertain significance,p.I193V
Bedaquiline,Rv0678,Rv0678_p.Glu21Lys,,,3) Uncertain significance,p.E21K
Bedaquiline,mmpL5,mmpL5_p.Gly336Ser,,,3) Uncertain significance,p.G336S
Bedaquiline,mmpL5,mmpL5_p.Asp608Tyr,,,3) Uncertain significance,p.D608Y
Bedaquiline,mmpL5,mmpL5_p.Asp455Gly,,,3) Uncertain significance,p.D455G
Bedaquiline,mmpS5,mmpS5_p.Thr4Pro,,,3) Uncertain significance,p.T4P
Bedaquiline,mmpL5,mmpL5_p.Ser439Pro,0.0,3.0,3) Uncertain significance,p.S439P
Bedaquiline,mmpS5,mmpS5_p.Glu59Lys,,,3) Uncertain significance,p.E59K
Bedaquiline,mmpL5,mmpL5_p.Val820Leu,0.0,1.0,3) Uncertain significance,p.V820L
Bedaquiline,mmpL5,mmpL5_p.Gly704Cys,,,3) Uncertain significance,p.G704C
Bedaquiline,Rv0678,Rv0678_p.Met10Ile,,,3) Uncertain significance,p.M10I
Bedaquiline,mmpS5,mmpS5_p.Val67Ile,,,3) Uncertain significance,p.V67I
Bedaquiline,mmpL5,mmpL5_p.Trp938Arg,,,3) Uncertain significance,p.W938R
Bedaquiline,pepQ,pepQ_p.Ser99Arg,,,3) Uncertain significance,p.S99R
Bedaquiline,mmpL5,mmpL5_p.Val344Leu,0.0,9.0,3) Uncertain significance,p.V344L
Bedaquiline,mmpL5,mmpL5_p.Met560Thr,,,3) Uncertain significance,p.M560T
Bedaquiline,mmpL5,mmpL5_p.Gly759Ser,,,3) Uncertain significance,p.G759S
Bedaquiline,mmpL5,mmpL5_p.Ser782Ala,,,3) Uncertain significance,p.S782A
Bedaquiline,mmpL5,mmpL5_p.Thr234Met,,,3) Uncertain significance,p.T234M
Bedaquiline,mmpL5,mmpL5_p.Ser583Asn,,,3) Uncertain significance,p.S583N
Bedaquiline,pepQ,pepQ_p.Arg170Trp,,,3) Uncertain significance,p.R170W
Bedaquiline,mmpS5,mmpS5_p.Gly130Asp,0.0,1.0,3) Uncertain significance,p.G130D
Bedaquiline,mmpL5,mmpL5_p.Leu836Phe,,,3) Uncertain significance,p.L836F
Bedaquiline,pepQ,pepQ_p.Ile28Arg,,,3) Uncertain significance,p.I28R
Bedaquiline,mmpL5,mmpL5_p.Met655Thr,,,3) Uncertain significance,p.M655T
Bedaquiline,atpE,atpE_p.Ser37Ala,0.0,1.0,3) Uncertain significance,p.S37A
Bedaquiline,Rv0678,Rv0678_p.Gly162Glu,,,3) Uncertain significance,p.G162E
Bedaquiline,Rv0678,Rv0678_p.Ile80Ser,,,3) Uncertain significance,p.I80S
Bedaquiline,mmpL5,mmpL5_p.Ala273Gly,,,3) Uncertain significance,p.A273G
Bedaquiline,mmpL5,mmpL5_p.Ile948Val,756.0,1242.0,3) Uncertain significance,p.I948V
Bedaquiline,mmpL5,mmpL5_p.Val481Met,0.0,1.0,3) Uncertain significance,p.V481M
Bedaquiline,pepQ,pepQ_p.Glu177Asp,,,3) Uncertain significance,p.E177D
Bedaquiline,mmpS5,mmpS5_p.Arg29Cys,,,3) Uncertain significance,p.R29C
Bedaquiline,pepQ,pepQ_p.Ala227Asp,,,3) Uncertain significance,p.A227D
Bedaquiline,pepQ,pepQ_p.Arg278Gly,0.0,1.0,3) Uncertain significance,p.R278G
Bedaquiline,mmpL5,mmpL5_p.Leu810Phe,,,3) Uncertain significance,p.L810F
Bedaquiline,mmpL5,mmpL5_p.Gly477Arg,,,3) Uncertain significance,p.G477R
Bedaquiline,mmpL5,mmpL5_p.Met560Leu,,,3) Uncertain significance,p.M560L
Bedaquiline,pepQ,pepQ_p.Leu179Pro,,,3) Uncertain significance,p.L179P
Bedaquiline,mmpL5,mmpL5_p.Glu159Ala,0.0,1.0,3) Uncertain significance,p.E159A
Bedaquiline,mmpL5,mmpL5_p.Ser599Leu,0.0,2.0,3) Uncertain significance,p.S599L
Bedaquiline,mmpL5,mmpL5_p.Tyr415Cys,,,3) Uncertain significance,p.Y415C
Bedaquiline,mmpS5,mmpS5_p.Ile69Val,,,3) Uncertain significance,p.I69V
Bedaquiline,mmpL5,mmpL5_p.His540Arg,,,3) Uncertain significance,p.H540R
Bedaquiline,Rv0678,Rv0678_p.Leu74Met,,,3) Uncertain significance,p.L74M
Bedaquiline,mmpS5,mmpS5_p.Cys114Ser,,,3) Uncertain significance,p.C114S
Bedaquiline,Rv0678,Rv0678_p.Leu40Val,,,3) Uncertain significance,p.L40V
Bedaquiline,mmpL5,mmpL5_p.His77Asn,,,3) Uncertain significance,p.H77N
Bedaquiline,mmpL5,mmpL5_p.Gly748Asp,,,3) Uncertain significance,p.G748D
Bedaquiline,mmpL5,mmpL5_p.Leu329Arg,,,3) Uncertain significance,p.L329R
Bedaquiline,mmpL5,mmpL5_p.Ile948Ala,,,3) Uncertain significance,p.I948A
Bedaquiline,pepQ,pepQ_p.Ala16Gly,,,3) Uncertain significance,p.A16G
Bedaquiline,mmpL5,mmpL5_p.Met503Arg,,,3) Uncertain significance,p.M503R
Bedaquiline,mmpL5,mmpL5_p.Gly609Arg,,,3) Uncertain significance,p.G609R
Bedaquiline,mmpL5,mmpL5_p.His454Gln,,,3) Uncertain significance,p.H454Q
Bedaquiline,mmpS5,mmpS5_p.Arg29Leu,,,3) Uncertain significance,p.R29L
Bedaquiline,mmpL5,mmpL5_p.Glu566Asp,,,3) Uncertain significance,p.E566D
Bedaquiline,pepQ,pepQ_p.Thr354Ala,,,3) Uncertain significance,p.T354A
Bedaquiline,mmpS5,mmpS5_p.Ala8Val,,,3) Uncertain significance,p.A8V
Bedaquiline,mmpL5,mmpL5_p.Ile59Thr,,,3) Uncertain significance,p.I59T
Bedaquiline,pepQ,pepQ_p.Ala153Gly,,,3) Uncertain significance,p.A153G
Bedaquiline,mmpL5,mmpL5_p.Ile215Val,,,3) Uncertain significance,p.I215V
Bedaquiline,mmpL5,mmpL5_p.Ser65Arg,,,3) Uncertain significance,p.S65R
Bedaquiline,pepQ,pepQ_p.Gln262Arg,0.0,2.0,3) Uncertain significance,p.Q262R
Bedaquiline,mmpL5,mmpL5_p.Val267Gly,,,3) Uncertain significance,p.V267G
Bedaquiline,mmpL5,mmpL5_p.Val695Ile,0.0,1.0,3) Uncertain significance,p.V695I
Bedaquiline,Rv0678,Rv0678_p.Met73Ile,,,3) Uncertain significance,p.M73I
Bedaquiline,mmpS5,mmpS5_p.Thr4Ile,,,3) Uncertain significance,p.T4I
Bedaquiline,mmpL5,mmpL5_p.Gly79Ser,,,3) Uncertain significance,p.G79S
Bedaquiline,mmpL5,mmpL5_p.Asn772Ser,,,3) Uncertain significance,p.N772S
Bedaquiline,mmpL5,mmpL5_p.Val123Ile,,,3) Uncertain significance,p.V123I
Bedaquiline,mmpS5,mmpS5_p.Val67Gly,,,3) Uncertain significance,p.V67G
Bedaquiline,Rv0678,Rv0678_p.Gly87Trp,0.0,1.0,3) Uncertain significance,p.G87W
Bedaquiline,mmpL5,mmpL5_p.Ala230Thr,0.0,7.0,3) Uncertain significance,p.A230T
Bedaquiline,mmpL5,mmpL5_p.Val214Leu,,,3) Uncertain significance,p.V214L
Bedaquiline,Rv0678,Rv0678_p.Asp8Gly,,,3) Uncertain significance,p.D8G
Bedaquiline,mmpL5,mmpL5_p.Ser439Ala,,,3) Uncertain significance,p.S439A
Bedaquiline,mmpL5,mmpL5_p.Val268Met,,,3) Uncertain significance,p.V268M
Bedaquiline,pepQ,pepQ_p.Val158Met,0.0,1.0,3) Uncertain significance,p.V158M
Bedaquiline,mmpL5,mmpL5_p.His437Arg,,,3) Uncertain significance,p.H437R
Bedaquiline,Rv0678,Rv0678_p.Tyr145His,,,3) Uncertain significance,p.Y145H
Bedaquiline,mmpL5,mmpL5_p.Val337Met,,,3) Uncertain significance,p.V337M
Bedaquiline,mmpL5,mmpL5_p.Phe82Leu,,,3) Uncertain significance,p.F82L
Bedaquiline,pepQ,pepQ_p.Ala242Thr,,,3) Uncertain significance,p.A242T
Bedaquiline,Rv0678,Rv0678_p.Met17Val,,,3) Uncertain significance,p.M17V
Bedaquiline,Rv0678,Rv0678_p.Cys46Gly,,,3) Uncertain significance,p.C46G
Bedaquiline,Rv0678,Rv0678_p.Thr69Pro,,,3) Uncertain significance,p.T69P
Bedaquiline,Rv0678,Rv0678_p.Gln22Pro,,,3) Uncertain significance,p.Q22P
Bedaquiline,mmpL5,mmpL5_p.Ile829Val,,,3) Uncertain significance,p.I829V
Bedaquiline,mmpL5,mmpL5_p.Asp424Asn,,,3) Uncertain significance,p.D424N
Bedaquiline,mmpL5,mmpL5_p.Glu723Asp,,,3) Uncertain significance,p.E723D
Bedaquiline,mmpL5,mmpL5_p.Ser71Pro,,,3) Uncertain significance,p.S71P
Bedaquiline,Rv0678,Rv0678_p.Gln51Pro,0.0,2.0,3) Uncertain significance,p.Q51P
Bedaquiline,mmpS5,mmpS5_p.Asp82Glu,,,3) Uncertain significance,p.D82E
Bedaquiline,pepQ,pepQ_p.Asp26Ala,,,3) Uncertain significance,p.D26A
Bedaquiline,pepQ,pepQ_p.Ala370Val,,,3) Uncertain significance,p.A370V
Bedaquiline,mmpS5,mmpS5_p.Ala133Thr,0.0,1.0,3) Uncertain significance,p.A133T
Bedaquiline,mmpL5,mmpL5_p.Ile841Val,,,3) Uncertain significance,p.I841V
Bedaquiline,pepQ,pepQ_p.Val298Ile,0.0,2.0,3) Uncertain significance,p.V298I
Bedaquiline,mmpS5,mmpS5_p.Ser98Pro,,,3) Uncertain significance,p.S98P
Bedaquiline,mmpL5,mmpL5_p.Ala230Val,,,3) Uncertain significance,p.A230V
Bedaquiline,mmpL5,mmpL5_p.Gly396Cys,,,3) Uncertain significance,p.G396C
Bedaquiline,mmpL5,mmpL5_p.Ala679Asp,,,3) Uncertain significance,p.A679D
Bedaquiline,Rv0678,Rv0678_p.Arg89Trp,0.0,2.0,3) Uncertain significance,p.R89W
Bedaquiline,mmpL5,mmpL5_p.Trp936Arg,,,3) Uncertain significance,p.W936R
Bedaquiline,mmpL5,mmpL5_p.Ser125Cys,0.0,5.0,3) Uncertain significance,p.S125C
Bedaquiline,mmpL5,mmpL5_p.Ile282Leu,,,3) Uncertain significance,p.I282L
Bedaquiline,pepQ,pepQ_p.Met180Val,,,3) Uncertain significance,p.M180V
Bedaquiline,mmpL5,mmpL5_p.Ala667Ser,,,3) Uncertain significance,p.A667S
Bedaquiline,mmpL5,mmpL5_p.Glu512Gln,,,3) Uncertain significance,p.E512Q
Bedaquiline,mmpL5,mmpL5_p.Asp128Asn,,,3) Uncertain significance,p.D128N
Bedaquiline,mmpL5,mmpL5_p.Met666Ile,,,3) Uncertain significance,p.M666I
Bedaquiline,mmpL5,mmpL5_p.Met892Val,,,3) Uncertain significance,p.M892V
Bedaquiline,mmpL5,mmpL5_p.Ala288Pro,,,3) Uncertain significance,p.A288P
Bedaquiline,Rv0678,Rv0678_p.Glu147Asp,1.0,0.0,3) Uncertain significance,p.E147D
Bedaquiline,pepQ,pepQ_p.Val104Leu,,,3) Uncertain significance,p.V104L
Bedaquiline,Rv0678,Rv0678_p.Arg134Gly,,,3) Uncertain significance,p.R134G
Bedaquiline,Rv0678,Rv0678_p.Ser2Arg,,,3) Uncertain significance,p.S2R
Bedaquiline,Rv0678,Rv0678_p.Tyr26Asp,,,3) Uncertain significance,p.Y26D
Bedaquiline,Rv0678,Rv0678_p.Met23Leu,,,3) Uncertain significance,p.M23L
Bedaquiline,pepQ,pepQ_p.Pro69Leu,0.0,1.0,3) Uncertain significance,p.P69L
Bedaquiline,mmpL5,mmpL5_p.Ala147Thr,,,3) Uncertain significance,p.A147T
Bedaquiline,mmpL5,mmpL5_p.Gln333Glu,,,3) Uncertain significance,p.Q333E
Bedaquiline,mmpL5,mmpL5_p.Phe890Ser,0.0,1.0,3) Uncertain significance,p.F890S
Bedaquiline,Rv0678,Rv0678_p.Glu55Asp,,,3) Uncertain significance,p.E55D
Bedaquiline,pepQ,pepQ_p.Val45Leu,0.0,1.0,3) Uncertain significance,p.V45L
Bedaquiline,mmpL5,mmpL5_p.Gln707Lys,0.0,2.0,3) Uncertain significance,p.Q707K
Bedaquiline,pepQ,pepQ_p.Phe46Leu,,,3) Uncertain significance,p.F46L
Bedaquiline,mmpL5,mmpL5_p.Glu552Gly,,,3) Uncertain significance,p.E552G
Bedaquiline,mmpL5,mmpL5_p.Asp608Asn,,,3) Uncertain significance,p.D608N
Bedaquiline,pepQ,pepQ_p.Ile193Thr,0.0,2.0,3) Uncertain significance,p.I193T
Bedaquiline,mmpL5,mmpL5_p.Val376Ala,0.0,2.0,3) Uncertain significance,p.V376A
Bedaquiline,Rv0678,Rv0678_p.Asn4Thr,4.0,2.0,3) Uncertain significance,p.N4T
Bedaquiline,mmpL5,mmpL5_p.Asp767Ala,0.0,3.0,3) Uncertain significance,p.D767A
Bedaquiline,pepQ,pepQ_p.Gly197Arg,,,3) Uncertain significance,p.G197R
Bedaquiline,mmpL5,mmpL5_p.Trp598Arg,1.0,1.0,3) Uncertain significance,p.W598R
Bedaquiline,mmpL5,mmpL5_p.Asp767Asn,117.0,503.0,5) Not assoc w R,p.D767N
Bedaquiline,atpE,atpE_p.Asp28Ala,,,2) Assoc w R - Interim,p.D28A
Bedaquiline,atpE,atpE_p.Asp28Gly,,,2) Assoc w R - Interim,p.D28G
Bedaquiline,atpE,atpE_p.Asp28Val,,,2) Assoc w R - Interim,p.D28V
Bedaquiline,mmpL5,mmpL5_p.Thr120Ala,,,3) Uncertain significance,p.T120A
Bedaquiline,mmpL5,mmpL5_p.Thr327Ile,,,3) Uncertain significance,p.T327I
Bedaquiline,mmpS5,mmpS5_p.Pro78Leu,,,3) Uncertain significance,p.P78L
Bedaquiline,Rv0678,Rv0678_p.Arg109Leu,,,3) Uncertain significance,p.R109L
Capreomycin,tlyA,tlyA_p.Asn236Lys,19.0,0.0,1) Assoc w R,p.N236K
Capreomycin,tlyA,tlyA_p.Gly232Asp,3.0,0.0,2) Assoc w R - Interim,p.G232D
Capreomycin,tlyA,tlyA_p.Leu150Pro,,,3) Uncertain significance,p.L150P
Capreomycin,tlyA,tlyA_p.Leu74Pro,4.0,0.0,3) Uncertain significance,p.L74P
Capreomycin,tlyA,tlyA_p.Val54Gly,3.0,0.0,3) Uncertain significance,p.V54G
Capreomycin,tlyA,tlyA_p.Val46Glu,3.0,0.0,3) Uncertain significance,p.V46E
Capreomycin,tlyA,tlyA_p.Gly95Glu,2.0,0.0,3) Uncertain significance,p.G95E
Capreomycin,tlyA,tlyA_p.Gly94Ser,2.0,0.0,3) Uncertain significance,p.G94S
Capreomycin,tlyA,tlyA_p.Cys86Arg,2.0,0.0,3) Uncertain significance,p.C86R
Capreomycin,tlyA,tlyA_p.Ala67Glu,2.0,0.0,3) Uncertain significance,p.A67E
Capreomycin,tlyA,tlyA_p.Leu155Arg,,,3) Uncertain significance,p.L155R
Capreomycin,tlyA,tlyA_p.Leu139Arg,1.0,0.0,3) Uncertain significance,p.L139R
Capreomycin,tlyA,tlyA_p.Val181Gly,1.0,0.0,3) Uncertain significance,p.V181G
Capreomycin,tlyA,tlyA_p.Arg123Pro,1.0,0.0,3) Uncertain significance,p.R123P
Capreomycin,tlyA,tlyA_p.Arg244Pro,,,3) Uncertain significance,p.R244P
Capreomycin,tlyA,tlyA_p.Arg65Cys,1.0,0.0,3) Uncertain significance,p.R65C
Capreomycin,tlyA,tlyA_p.Asp154Tyr,1.0,0.0,3) Uncertain significance,p.D154Y
Capreomycin,tlyA,tlyA_p.Leu218Pro,1.0,0.0,3) Uncertain significance,p.L218P
Capreomycin,tlyA,tlyA_p.Asn236Asp,1.0,0.0,3) Uncertain significance,p.N236D
Capreomycin,tlyA,tlyA_p.Leu100Pro,1.0,0.0,3) Uncertain significance,p.L100P
Capreomycin,tlyA,tlyA_p.Leu87Arg,1.0,0.0,3) Uncertain significance,p.L87R
Capreomycin,tlyA,tlyA_p.Asp154Gly,1.0,0.0,3) Uncertain significance,p.D154G
Capreomycin,tlyA,tlyA_p.Leu101Pro,1.0,0.0,3) Uncertain significance,p.L101P
Capreomycin,tlyA,tlyA_p.Phe157Val,1.0,0.0,3) Uncertain significance,p.F157V
Capreomycin,tlyA,tlyA_p.Cys170Arg,1.0,0.0,3) Uncertain significance,p.C170R
Capreomycin,tlyA,tlyA_p.Leu122Arg,,,3) Uncertain significance,p.L122R
Capreomycin,tlyA,tlyA_p.Asp154Ala,,,3) Uncertain significance,p.D154A
Capreomycin,tlyA,tlyA_p.Arg14Trp,1.0,0.0,3) Uncertain significance,p.R14W
Capreomycin,tlyA,tlyA_p.Gly90Cys,1.0,0.0,3) Uncertain significance,p.G90C
Capreomycin,tlyA,tlyA_p.Arg133Leu,1.0,0.0,3) Uncertain significance,p.R133L
Capreomycin,tlyA,tlyA_p.Leu11Arg,1.0,0.0,3) Uncertain significance,p.L11R
Capreomycin,tlyA,tlyA_p.Leu241Pro,1.0,0.0,3) Uncertain significance,p.L241P
Capreomycin,tlyA,tlyA_p.Asp154Glu,1.0,0.0,3) Uncertain significance,p.D154E
Capreomycin,tlyA,tlyA_p.Leu218Met,4.0,1.0,3) Uncertain significance,p.L218M
Capreomycin,tlyA,tlyA_p.Ser228Arg,4.0,1.0,3) Uncertain significance,p.S228R
Capreomycin,tlyA,tlyA_p.Pro179Ala,1.0,1.0,3) Uncertain significance,p.P179A
Capreomycin,tlyA,tlyA_p.Leu160Trp,1.0,1.0,3) Uncertain significance,p.L160W
Capreomycin,tlyA,tlyA_p.Cys86Tyr,1.0,0.0,3) Uncertain significance,p.C86Y
Capreomycin,tlyA,tlyA_p.Leu180Arg,2.0,0.0,3) Uncertain significance,p.L180R
Capreomycin,tlyA,tlyA_p.Ala210Thr,0.0,1.0,3) Uncertain significance,p.A210T
Capreomycin,tlyA,tlyA_p.Pro194Ser,0.0,1.0,3) Uncertain significance,p.P194S
Capreomycin,tlyA,tlyA_p.Glu238Lys,,,3) Uncertain significance,p.E238K
Capreomycin,tlyA,tlyA_p.Arg84Gly,0.0,1.0,3) Uncertain significance,p.R84G
Capreomycin,tlyA,tlyA_p.Ala212Val,,,3) Uncertain significance,p.A212V
Capreomycin,tlyA,tlyA_p.Ala5Val,,,3) Uncertain significance,p.A5V
Capreomycin,tlyA,tlyA_p.Gly190Arg,,,3) Uncertain significance,p.G190R
Capreomycin,tlyA,tlyA_p.Arg3Pro,,,3) Uncertain significance,p.R3P
Capreomycin,tlyA,tlyA_p.Val108Ala,,,3) Uncertain significance,p.V108A
Capreomycin,tlyA,tlyA_p.Gly145Asn,,,3) Uncertain significance,p.G145N
Capreomycin,tlyA,tlyA_p.Glu132Gln,,,3) Uncertain significance,p.E132Q
Capreomycin,tlyA,tlyA_p.Ile177Thr,,,3) Uncertain significance,p.I177T
Capreomycin,tlyA,tlyA_p.Lys69Glu,,,3) Uncertain significance,p.K69E
Capreomycin,tlyA,tlyA_p.Ala5Thr,,,3) Uncertain significance,p.A5T
Capreomycin,tlyA,tlyA_p.Glu75Lys,0.0,1.0,3) Uncertain significance,p.E75K
Capreomycin,tlyA,tlyA_p.Pro233Ser,,,3) Uncertain significance,p.P233S
Capreomycin,tlyA,tlyA_p.Ser252Leu,,,3) Uncertain significance,p.S252L
Capreomycin,tlyA,tlyA_p.Pro229Arg,,,3) Uncertain significance,p.P229R
Capreomycin,tlyA,tlyA_p.Leu87Pro,,,3) Uncertain significance,p.L87P
Capreomycin,tlyA,tlyA_p.Gly83Cys,0.0,1.0,3) Uncertain significance,p.G83C
Capreomycin,tlyA,tlyA_p.Phe240Leu,,,3) Uncertain significance,p.F240L
Capreomycin,tlyA,tlyA_p.Gly235Asp,0.0,1.0,3) Uncertain significance,p.G235D
Capreomycin,tlyA,tlyA_p.Gly196Arg,,,3) Uncertain significance,p.G196R
Capreomycin,tlyA,tlyA_p.Glu132Gly,,,3) Uncertain significance,p.E132G
Capreomycin,tlyA,tlyA_p.Asp35Gly,,,3) Uncertain significance,p.D35G
Capreomycin,tlyA,tlyA_p.Asp57Gly,,,3) Uncertain significance,p.D57G
Capreomycin,tlyA,tlyA_p.Arg249Gln,,,3) Uncertain significance,p.R249Q
Capreomycin,tlyA,tlyA_p.Val99Ile,,,3) Uncertain significance,p.V99I
Capreomycin,tlyA,tlyA_p.Glu132Ala,,,3) Uncertain significance,p.E132A
Capreomycin,tlyA,tlyA_p.Thr134Ile,0.0,1.0,3) Uncertain significance,p.T134I
Capreomycin,tlyA,tlyA_p.Arg244His,0.0,1.0,3) Uncertain significance,p.R244H
Capreomycin,tlyA,tlyA_p.Arg262Cys,0.0,1.0,3) Uncertain significance,p.R262C
Capreomycin,tlyA,tlyA_p.Asp48Asn,0.0,1.0,3) Uncertain significance,p.D48N
Capreomycin,tlyA,tlyA_p.Ala250Thr,,,3) Uncertain significance,p.A250T
Capreomycin,tlyA,tlyA_p.Asn236His,0.0,1.0,3) Uncertain significance,p.N236H
Capreomycin,tlyA,tlyA_p.Val198Gly,0.0,1.0,3) Uncertain significance,p.V198G
Capreomycin,tlyA,tlyA_p.Val7Phe,0.0,1.0,3) Uncertain significance,p.V7F
Capreomycin,tlyA,tlyA_p.Ala29Val,0.0,3.0,3) Uncertain significance,p.A29V
Capreomycin,tlyA,tlyA_p.Ile34Thr,0.0,1.0,3) Uncertain significance,p.I34T
Capreomycin,tlyA,tlyA_p.Ile27Val,0.0,1.0,3) Uncertain significance,p.I27V
Capreomycin,tlyA,tlyA_p.Thr97Pro,0.0,1.0,3) Uncertain significance,p.T97P
Capreomycin,tlyA,tlyA_p.Ala166Val,,,3) Uncertain significance,p.A166V
Capreomycin,tlyA,tlyA_p.Val151Ile,0.0,1.0,3) Uncertain significance,p.V151I
Capreomycin,tlyA,tlyA_p.Ala51Val,0.0,1.0,3) Uncertain significance,p.A51V
Capreomycin,tlyA,tlyA_p.Ser121Leu,0.0,2.0,3) Uncertain significance,p.S121L
Capreomycin,tlyA,tlyA_p.Gln191His,,,3) Uncertain significance,p.Q191H
Capreomycin,tlyA,tlyA_p.Gly188Glu,0.0,2.0,3) Uncertain significance,p.G188E
Capreomycin,tlyA,tlyA_p.Lys182Arg,,,3) Uncertain significance,p.K182R
Capreomycin,tlyA,tlyA_p.Lys69Thr,0.0,1.0,3) Uncertain significance,p.K69T
Capreomycin,tlyA,tlyA_p.Pro179Ser,,,3) Uncertain significance,p.P179S
Capreomycin,tlyA,tlyA_p.Lys189Asn,0.0,3.0,3) Uncertain significance,p.K189N
Capreomycin,tlyA,tlyA_p.Ala259Thr,0.0,3.0,3) Uncertain significance,p.A259T
Capreomycin,tlyA,tlyA_p.Arg20Leu,0.0,4.0,3) Uncertain significance,p.R20L
Capreomycin,tlyA,tlyA_p.His68Arg,0.0,2.0,3) Uncertain significance,p.H68R
Capreomycin,tlyA,tlyA_p.Cys86Gly,,,3) Uncertain significance,p.C86G
Capreomycin,tlyA,tlyA_p.Ser156Ala,,,3) Uncertain significance,p.S156A
Capreomycin,tlyA,tlyA_p.Val178Ala,,,3) Uncertain significance,p.V178A
Capreomycin,tlyA,tlyA_p.Val32Leu,,,3) Uncertain significance,p.V32L
Clofazimine,Rv1979c,Rv1979c_p.Arg409Gln,1.0,6.0,2) Assoc w R - Interim,p.R409Q
Clofazimine,Rv1979c,Rv1979c_p.Tyr51Asn,0.0,7.0,3) Uncertain significance,p.Y51N
Clofazimine,pepQ,pepQ_p.Gly197Arg,,,3) Uncertain significance,p.G197R
Clofazimine,Rv0678,Rv0678_p.Leu117Arg,3.0,6.0,2) Assoc w R - Interim,p.L117R
Clofazimine,mmpL5,mmpL5_p.Thr794Ile,160.0,3764.0,3) Uncertain significance,p.T794I
Clofazimine,Rv0678,Rv0678_p.Val20Gly,3.0,0.0,3) Uncertain significance,p.V20G
Clofazimine,Rv0678,Rv0678_p.Ser53Pro,4.0,0.0,3) Uncertain significance,p.S53P
Clofazimine,Rv0678,Rv0678_p.Gly121Arg,2.0,1.0,2) Assoc w R - Interim,p.G121R
Clofazimine,Rv0678,Rv0678_p.Cys46Arg,2.0,0.0,2) Assoc w R - Interim,p.C46R
Clofazimine,Rv0678,Rv0678_p.Arg50Gln,,,3) Uncertain significance,p.R50Q
Clofazimine,Rv0678,Rv0678_p.Gln51Arg,,,3) Uncertain significance,p.Q51R
Clofazimine,Rv0678,Rv0678_p.Ala36Val,2.0,0.0,2) Assoc w R - Interim,p.A36V
Clofazimine,Rv0678,Rv0678_p.Ser151Pro,2.0,0.0,3) Uncertain significance,p.S151P
Clofazimine,Rv0678,Rv0678_p.Leu35Trp,2.0,0.0,3) Uncertain significance,p.L35W
Clofazimine,mmpL5,mmpL5_p.Ala230Val,,,3) Uncertain significance,p.A230V
Clofazimine,Rv0678,Rv0678_p.Ala102Thr,2.0,0.0,3) Uncertain significance,p.A102T
Clofazimine,mmpL5,mmpL5_p.Ala44Gly,,,3) Uncertain significance,p.A44G
Clofazimine,Rv0678,Rv0678_p.Gln51Pro,2.0,0.0,3) Uncertain significance,p.Q51P
Clofazimine,Rv0678,Rv0678_p.Leu32Ser,1.0,2.0,2) Assoc w R - Interim,p.L32S
Clofazimine,Rv0678,Rv0678_p.Leu142Arg,1.0,0.0,3) Uncertain significance,p.L142R
Clofazimine,Rv0678,Rv0678_p.Met10Ile,,,3) Uncertain significance,p.M10I
Clofazimine,mmpS5,mmpS5_p.Gly130Arg,,,3) Uncertain significance,p.G130R
Clofazimine,mmpL5,mmpL5_p.Pro445Leu,,,3) Uncertain significance,p.P445L
Clofazimine,Rv0678,Rv0678_p.Tyr157Ser,1.0,0.0,3) Uncertain significance,p.Y157S
Clofazimine,Rv0678,Rv0678_p.Val120Met,1.0,0.0,3) Uncertain significance,p.V120M
Clofazimine,Rv0678,Rv0678_p.Leu83Pro,,,3) Uncertain significance,p.L83P
Clofazimine,pepQ,pepQ_p.Asp26Ala,,,3) Uncertain significance,p.D26A
Clofazimine,Rv0678,Rv0678_p.Leu56Pro,1.0,0.0,3) Uncertain significance,p.L56P
Clofazimine,mmpL5,mmpL5_p.Met218Val,,,3) Uncertain significance,p.M218V
Clofazimine,Rv1979c,Rv1979c_p.Tyr71Cys,,,3) Uncertain significance,p.Y71C
Clofazimine,mmpL5,mmpL5_p.Arg328Gly,1.0,2.0,3) Uncertain significance,p.R328G
Clofazimine,Rv0678,Rv0678_p.Ala102Asp,1.0,0.0,3) Uncertain significance,p.A102D
Clofazimine,Rv0678,Rv0678_p.Arg94Gln,1.0,0.0,3) Uncertain significance,p.R94Q
Clofazimine,mmpL5,mmpL5_p.Leu751Phe,,,3) Uncertain significance,p.L751F
Clofazimine,Rv0678,Rv0678_p.Gly65Arg,1.0,0.0,3) Uncertain significance,p.G65R
Clofazimine,Rv0678,Rv0678_p.Ser52Phe,1.0,0.0,3) Uncertain significance,p.S52F
Clofazimine,Rv0678,Rv0678_p.Gly103Ser,,,3) Uncertain significance,p.G103S
Clofazimine,Rv1979c,Rv1979c_p.Val96Ile,,,3) Uncertain significance,p.V96I
Clofazimine,Rv0678,Rv0678_p.Asn70Lys,1.0,0.0,3) Uncertain significance,p.N70K
Clofazimine,Rv0678,Rv0678_p.Ser52Tyr,1.0,0.0,3) Uncertain significance,p.S52Y
Clofazimine,Rv0678,Rv0678_p.Ala62Thr,,,3) Uncertain significance,p.A62T
Clofazimine,Rv0678,Rv0678_p.Leu40Phe,,,3) Uncertain significance,p.L40F
Clofazimine,mmpL5,mmpL5_p.Ala359Thr,,,3) Uncertain significance,p.A359T
Clofazimine,Rv1979c,Rv1979c_p.Asp249Glu,2.0,7.0,3) Uncertain significance,p.D249E
Clofazimine,Rv0678,Rv0678_p.Arg89Gln,1.0,0.0,3) Uncertain significance,p.R89Q
Clofazimine,pepQ,pepQ_p.Gly80Arg,,,3) Uncertain significance,p.G80R
Clofazimine,Rv1979c,Rv1979c_p.Leu174Phe,0.0,3.0,3) Uncertain significance,p.L174F
Clofazimine,mmpL5,mmpL5_p.Ala273Gly,,,3) Uncertain significance,p.A273G
Clofazimine,Rv1979c,Rv1979c_p.Phe300Leu,4.0,0.0,3) Uncertain significance,p.F300L
Clofazimine,Rv0678,Rv0678_p.Asn70Ile,1.0,1.0,3) Uncertain significance,p.N70I
Clofazimine,Rv0678,Rv0678_p.Ser68Asn,,,3) Uncertain significance,p.S68N
Clofazimine,Rv0678,Rv0678_p.Phe19Ser,,,3) Uncertain significance,p.F19S
Clofazimine,Rv0678,Rv0678_p.Glu55Asp,0.0,4.0,3) Uncertain significance,p.E55D
Clofazimine,Rv0678,Rv0678_p.Arg50Trp,1.0,0.0,3) Uncertain significance,p.R50W
Clofazimine,Rv0678,Rv0678_p.Arg89Leu,1.0,0.0,3) Uncertain significance,p.R89L
Clofazimine,Rv0678,Rv0678_p.Thr33Ile,1.0,0.0,3) Uncertain significance,p.T33I
Clofazimine,Rv0678,Rv0678_p.Arg90Cys,1.0,1.0,3) Uncertain significance,p.R90C
Clofazimine,Rv1979c,Rv1979c_p.Arg88His,,,3) Uncertain significance,p.R88H
Clofazimine,Rv0678,Rv0678_p.Asn70Asp,,,2) Assoc w R - Interim,p.N70D
Clofazimine,Rv0678,Rv0678_p.Pro48Leu,1.0,0.0,3) Uncertain significance,p.P48L
Clofazimine,mmpL5,mmpL5_p.Glu723Asp,,,3) Uncertain significance,p.E723D
Clofazimine,mmpL5,mmpL5_p.Ile829Val,0.0,1.0,3) Uncertain significance,p.I829V
Clofazimine,Rv1979c,Rv1979c_p.Thr270Ala,0.0,32.0,3) Uncertain significance,p.T270A
Clofazimine,Rv0678,Rv0678_p.Cys46Tyr,1.0,0.0,3) Uncertain significance,p.C46Y
Clofazimine,Rv0678,Rv0678_p.Glu147Asp,,,3) Uncertain significance,p.E147D
Clofazimine,pepQ,pepQ_p.Ala141Glu,1.0,0.0,3) Uncertain significance,p.A141E
Clofazimine,Rv1979c,Rv1979c_p.Ala66Val,1.0,0.0,3) Uncertain significance,p.A66V
Clofazimine,pepQ,pepQ_p.Arg7Gln,1.0,6.0,3) Uncertain significance,p.R7Q
Clofazimine,Rv1979c,Rv1979c_p.Met245Leu,1.0,0.0,3) Uncertain significance,p.M245L
Clofazimine,Rv0678,Rv0678_p.Cys46Gly,,,3) Uncertain significance,p.C46G
Clofazimine,Rv0678,Rv0678_p.Ala99Pro,,,3) Uncertain significance,p.A99P
Clofazimine,Rv0678,Rv0678_p.Arg72Trp,1.0,0.0,3) Uncertain significance,p.R72W
Clofazimine,Rv0678,Rv0678_p.Asn4Thr,5.0,4.0,3) Uncertain significance,p.N4T
Clofazimine,Rv0678,Rv0678_p.Pro14Ser,,,3) Uncertain significance,p.P14S
Clofazimine,Rv0678,Rv0678_p.Tyr26Cys,,,3) Uncertain significance,p.Y26C
Clofazimine,Rv0678,Rv0678_p.Met146Thr,0.0,2.0,2) Assoc w R - Interim,p.M146T
Clofazimine,Rv1979c,Rv1979c_p.Val426Ile,0.0,4.0,3) Uncertain significance,p.V426I
Clofazimine,Rv0678,Rv0678_p.Ile108Val,1.0,0.0,3) Uncertain significance,p.I108V
Clofazimine,Rv0678,Rv0678_p.Met111Thr,0.0,1.0,3) Uncertain significance,p.M111T
Clofazimine,Rv0678,Rv0678_p.Gly25Asp,0.0,1.0,3) Uncertain significance,p.G25D
Clofazimine,mmpS5,mmpS5_p.Ala8Ser,,,3) Uncertain significance,p.A8S
Clofazimine,Rv0678,Rv0678_p.Ser2Ile,,,3) Uncertain significance,p.S2I
Clofazimine,mmpL5,mmpL5_p.Phe574Leu,0.0,1.0,3) Uncertain significance,p.F574L
Clofazimine,mmpL5,mmpL5_p.Val151Gly,0.0,1.0,3) Uncertain significance,p.V151G
Clofazimine,Rv0678,Rv0678_p.Arg30Trp,0.0,1.0,3) Uncertain significance,p.R30W
Clofazimine,Rv0678,Rv0678_p.Glu104Gly,,,3) Uncertain significance,p.E104G
Clofazimine,pepQ,pepQ_p.Gln5Arg,,,3) Uncertain significance,p.Q5R
Clofazimine,mmpL5,mmpL5_p.Asn685Asp,,,3) Uncertain significance,p.N685D
Clofazimine,pepQ,pepQ_p.Asp108Asn,,,3) Uncertain significance,p.D108N
Clofazimine,mmpL5,mmpL5_p.Pro390Ser,,,3) Uncertain significance,p.P390S
Clofazimine,mmpL5,mmpL5_p.Asp616Asn,0.0,1.0,3) Uncertain significance,p.D616N
Clofazimine,mmpL5,mmpL5_p.Ala20Thr,0.0,1.0,3) Uncertain significance,p.A20T
Clofazimine,pepQ,pepQ_p.Gly41Asp,,,3) Uncertain significance,p.G41D
Clofazimine,mmpL5,mmpL5_p.Lys467Arg,,,3) Uncertain significance,p.K467R
Clofazimine,pepQ,pepQ_p.Ser99Arg,0.0,1.0,3) Uncertain significance,p.S99R
Clofazimine,mmpL5,mmpL5_p.Met560Thr,,,3) Uncertain significance,p.M560T
Clofazimine,mmpL5,mmpL5_p.Leu653Met,,,3) Uncertain significance,p.L653M
Clofazimine,Rv0678,Rv0678_p.Arg96Gly,0.0,1.0,3) Uncertain significance,p.R96G
Clofazimine,Rv0678,Rv0678_p.Arg72Gln,0.0,1.0,3) Uncertain significance,p.R72Q
Clofazimine,mmpL5,mmpL5_p.Tyr411Asp,,,3) Uncertain significance,p.Y411D
Clofazimine,mmpL5,mmpL5_p.Val346Ala,0.0,1.0,3) Uncertain significance,p.V346A
Clofazimine,pepQ,pepQ_p.Leu107Arg,,,3) Uncertain significance,p.L107R
Clofazimine,Rv1979c,Rv1979c_p.Met49Ile,,,3) Uncertain significance,p.M49I
Clofazimine,mmpL5,mmpL5_p.His656Tyr,0.0,1.0,3) Uncertain significance,p.H656Y
Clofazimine,mmpL5,mmpL5_p.Gly875Arg,,,3) Uncertain significance,p.G875R
Clofazimine,mmpL5,mmpL5_p.Ala801Val,,,3) Uncertain significance,p.A801V
Clofazimine,pepQ,pepQ_p.Gln63Arg,0.0,1.0,3) Uncertain significance,p.Q63R
Clofazimine,mmpS5,mmpS5_p.Pro53Leu,,,3) Uncertain significance,p.P53L
Clofazimine,Rv1979c,Rv1979c_p.Ala461Val,0.0,1.0,3) Uncertain significance,p.A461V
Clofazimine,mmpL5,mmpL5_p.Gln333Pro,0.0,1.0,3) Uncertain significance,p.Q333P
Clofazimine,Rv0678,Rv0678_p.Ala112Ser,,,3) Uncertain significance,p.A112S
Clofazimine,Rv1979c,Rv1979c_p.Leu109Ser,0.0,1.0,3) Uncertain significance,p.L109S
Clofazimine,mmpL5,mmpL5_p.Asp110Gly,0.0,1.0,3) Uncertain significance,p.D110G
Clofazimine,mmpL5,mmpL5_p.Val376Ala,0.0,2.0,3) Uncertain significance,p.V376A
Clofazimine,Rv1979c,Rv1979c_p.Phe122Leu,,,3) Uncertain significance,p.F122L
Clofazimine,mmpL5,mmpL5_p.Pro179Thr,0.0,1.0,3) Uncertain significance,p.P179T
Clofazimine,Rv1979c,Rv1979c_p.Val423Leu,,,3) Uncertain significance,p.V423L
Clofazimine,Rv0678,Rv0678_p.Pro14Leu,,,3) Uncertain significance,p.P14L
Clofazimine,Rv1979c,Rv1979c_p.Ala66Ser,,,3) Uncertain significance,p.A66S
Clofazimine,Rv1979c,Rv1979c_p.Val190Ala,0.0,1.0,3) Uncertain significance,p.V190A
Clofazimine,Rv0678,Rv0678_p.Gln51Lys,0.0,1.0,3) Uncertain significance,p.Q51K
Clofazimine,mmpS5,mmpS5_p.Val67Ile,,,3) Uncertain significance,p.V67I
Clofazimine,mmpL5,mmpL5_p.Val149Ile,0.0,2.0,3) Uncertain significance,p.V149I
Clofazimine,mmpL5,mmpL5_p.Arg377Gln,0.0,1.0,3) Uncertain significance,p.R377Q
Clofazimine,pepQ,pepQ_p.Ala90Val,0.0,1.0,3) Uncertain significance,p.A90V
Clofazimine,mmpL5,mmpL5_p.Glu830Asp,,,3) Uncertain significance,p.E830D
Clofazimine,Rv0678,Rv0678_p.Leu83Phe,0.0,1.0,3) Uncertain significance,p.L83F
Clofazimine,Rv0678,Rv0678_p.Gln76Arg,0.0,1.0,3) Uncertain significance,p.Q76R
Clofazimine,Rv1979c,Rv1979c_p.Ile394Val,0.0,1.0,3) Uncertain significance,p.I394V
Clofazimine,pepQ,pepQ_p.Pro266Ser,0.0,1.0,3) Uncertain significance,p.P266S
Clofazimine,mmpS5,mmpS5_p.Glu59Lys,0.0,1.0,3) Uncertain significance,p.E59K
Clofazimine,mmpL5,mmpL5_p.Phe916Ser,0.0,1.0,3) Uncertain significance,p.F916S
Clofazimine,mmpL5,mmpL5_p.Arg244Leu,,,3) Uncertain significance,p.R244L
Clofazimine,mmpL5,mmpL5_p.Asp128His,,,3) Uncertain significance,p.D128H
Clofazimine,mmpL5,mmpL5_p.Ala401Val,0.0,1.0,3) Uncertain significance,p.A401V
Clofazimine,Rv1979c,Rv1979c_p.Thr67Ala,0.0,1.0,3) Uncertain significance,p.T67A
Clofazimine,mmpL5,mmpL5_p.Asp143Gly,,,3) Uncertain significance,p.D143G
Clofazimine,Rv0678,Rv0678_p.Leu60Gln,0.0,1.0,3) Uncertain significance,p.L60Q
Clofazimine,pepQ,pepQ_p.Pro165Gln,0.0,1.0,3) Uncertain significance,p.P165Q
Clofazimine,Rv1979c,Rv1979c_p.Thr413Asn,0.0,1.0,3) Uncertain significance,p.T413N
Clofazimine,Rv1979c,Rv1979c_p.Ala202Ser,0.0,1.0,3) Uncertain significance,p.A202S
Clofazimine,Rv1979c,Rv1979c_p.Ser399Phe,0.0,1.0,3) Uncertain significance,p.S399F
Clofazimine,Rv0678,Rv0678_p.Ile75Val,0.0,1.0,3) Uncertain significance,p.I75V
Clofazimine,Rv1979c,Rv1979c_p.Gly107Ala,0.0,1.0,3) Uncertain significance,p.G107A
Clofazimine,mmpL5,mmpL5_p.Glu84Ala,,,3) Uncertain significance,p.E84A
Clofazimine,mmpS5,mmpS5_p.Ala84Glu,0.0,1.0,3) Uncertain significance,p.A84E
Clofazimine,Rv1979c,Rv1979c_p.Arg469Leu,0.0,1.0,3) Uncertain significance,p.R469L
Clofazimine,pepQ,pepQ_p.Glu76Asp,0.0,1.0,3) Uncertain significance,p.E76D
Clofazimine,mmpL5,mmpL5_p.Gly876Asp,,,3) Uncertain significance,p.G876D
Clofazimine,mmpL5,mmpL5_p.Pro338Ala,0.0,1.0,3) Uncertain significance,p.P338A
Clofazimine,mmpL5,mmpL5_p.Arg254Gln,0.0,1.0,3) Uncertain significance,p.R254Q
Clofazimine,Rv1979c,Rv1979c_p.Ser206Leu,0.0,1.0,3) Uncertain significance,p.S206L
Clofazimine,mmpL5,mmpL5_p.Gly865Arg,,,3) Uncertain significance,p.G865R
Clofazimine,mmpL5,mmpL5_p.Met655Ile,0.0,1.0,3) Uncertain significance,p.M655I
Clofazimine,Rv1979c,Rv1979c_p.Ala401Thr,0.0,1.0,3) Uncertain significance,p.A401T
Clofazimine,Rv1979c,Rv1979c_p.Val305Asp,0.0,1.0,3) Uncertain significance,p.V305D
Clofazimine,mmpL5,mmpL5_p.Ser879Leu,0.0,1.0,3) Uncertain significance,p.S879L
Clofazimine,mmpS5,mmpS5_p.Val56Met,0.0,1.0,3) Uncertain significance,p.V56M
Clofazimine,pepQ,pepQ_p.Val53Met,0.0,1.0,3) Uncertain significance,p.V53M
Clofazimine,mmpL5,mmpL5_p.Ile36Met,0.0,1.0,3) Uncertain significance,p.I36M
Clofazimine,Rv0678,Rv0678_p.Phe19Leu,0.0,1.0,3) Uncertain significance,p.F19L
Clofazimine,mmpS5,mmpS5_p.Thr24Ala,0.0,1.0,3) Uncertain significance,p.T24A
Clofazimine,Rv0678,Rv0678_p.Ser53Leu,0.0,1.0,3) Uncertain significance,p.S53L
Clofazimine,Rv1979c,Rv1979c_p.Ala461Thr,0.0,1.0,3) Uncertain significance,p.A461T
Clofazimine,mmpL5,mmpL5_p.Val48Ile,0.0,1.0,3) Uncertain significance,p.V48I
Clofazimine,Rv0678,Rv0678_p.Gly78Trp,0.0,1.0,3) Uncertain significance,p.G78W
Clofazimine,mmpL5,mmpL5_p.Thr519Ala,0.0,1.0,3) Uncertain significance,p.T519A
Clofazimine,mmpL5,mmpL5_p.Trp823Arg,0.0,2.0,3) Uncertain significance,p.W823R
Clofazimine,Rv0678,Rv0678_p.Leu83His,0.0,1.0,3) Uncertain significance,p.L83H
Clofazimine,Rv0678,Rv0678_p.Asp5Gly,,,3) Uncertain significance,p.D5G
Clofazimine,pepQ,pepQ_p.Asp20Gly,,,3) Uncertain significance,p.D20G
Clofazimine,mmpL5,mmpL5_p.Met72Thr,,,3) Uncertain significance,p.M72T
Clofazimine,mmpL5,mmpL5_p.Val41Ile,,,3) Uncertain significance,p.V41I
Clofazimine,pepQ,pepQ_p.Val324Met,,,3) Uncertain significance,p.V324M
Clofazimine,pepQ,pepQ_p.Val328Phe,,,3) Uncertain significance,p.V328F
Clofazimine,pepQ,pepQ_p.Ala137Ser,,,3) Uncertain significance,p.A137S
Clofazimine,mmpL5,mmpL5_p.Ala385Thr,,,3) Uncertain significance,p.A385T
Clofazimine,pepQ,pepQ_p.Ala263Val,,,3) Uncertain significance,p.A263V
Clofazimine,pepQ,pepQ_p.Gln262Arg,0.0,1.0,3) Uncertain significance,p.Q262R
Clofazimine,Rv0678,Rv0678_p.Asp5Asn,,,3) Uncertain significance,p.D5N
Clofazimine,Rv1979c,Rv1979c_p.Ala265Val,0.0,1.0,3) Uncertain significance,p.A265V
Clofazimine,Rv0678,Rv0678_p.Ala124Pro,0.0,1.0,3) Uncertain significance,p.A124P
Clofazimine,mmpS5,mmpS5_p.Gly109Asp,,,3) Uncertain significance,p.G109D
Clofazimine,pepQ,pepQ_p.Thr341Ala,,,3) Uncertain significance,p.T341A
Clofazimine,mmpL5,mmpL5_p.Trp598Cys,,,3) Uncertain significance,p.W598C
Clofazimine,Rv0678,Rv0678_p.Leu74Met,,,3) Uncertain significance,p.L74M
Clofazimine,mmpL5,mmpL5_p.Met903Ile,,,3) Uncertain significance,p.M903I
Clofazimine,mmpS5,mmpS5_p.Cys114Ser,,,3) Uncertain significance,p.C114S
Clofazimine,mmpL5,mmpL5_p.His540Arg,,,3) Uncertain significance,p.H540R
Clofazimine,mmpL5,mmpL5_p.Phe816Leu,,,3) Uncertain significance,p.F816L
Clofazimine,mmpL5,mmpL5_p.His77Asn,,,3) Uncertain significance,p.H77N
Clofazimine,mmpL5,mmpL5_p.Gly391Ser,,,3) Uncertain significance,p.G391S
Clofazimine,pepQ,pepQ_p.Ser66Leu,,,3) Uncertain significance,p.S66L
Clofazimine,mmpL5,mmpL5_p.Ile910Val,,,3) Uncertain significance,p.I910V
Clofazimine,Rv1979c,Rv1979c_p.Ala199Gly,0.0,1.0,3) Uncertain significance,p.A199G
Clofazimine,mmpL5,mmpL5_p.Thr6Ala,,,3) Uncertain significance,p.T6A
Clofazimine,mmpL5,mmpL5_p.Asn458Asp,,,3) Uncertain significance,p.N458D
Clofazimine,pepQ,pepQ_p.Gly112Asp,,,3) Uncertain significance,p.G112D
Clofazimine,mmpS5,mmpS5_p.Pro101Arg,,,3) Uncertain significance,p.P101R
Clofazimine,mmpL5,mmpL5_p.Val820Leu,0.0,1.0,3) Uncertain significance,p.V820L
Clofazimine,Rv1979c,Rv1979c_p.Ile394Thr,,,3) Uncertain significance,p.I394T
Clofazimine,mmpL5,mmpL5_p.Leu95Arg,0.0,2.0,3) Uncertain significance,p.L95R
Clofazimine,Rv0678,Rv0678_p.Ile67Leu,,,3) Uncertain significance,p.I67L
Clofazimine,pepQ,pepQ_p.Ala16Gly,0.0,1.0,3) Uncertain significance,p.A16G
Clofazimine,mmpL5,mmpL5_p.Met503Arg,0.0,1.0,3) Uncertain significance,p.M503R
Clofazimine,mmpL5,mmpL5_p.Glu566Asp,0.0,1.0,3) Uncertain significance,p.E566D
Clofazimine,Rv1979c,Rv1979c_p.Phe447Val,0.0,1.0,3) Uncertain significance,p.F447V
Clofazimine,mmpL5,mmpL5_p.Ala800Ser,,,3) Uncertain significance,p.A800S
Clofazimine,mmpL5,mmpL5_p.His454Gln,0.0,1.0,3) Uncertain significance,p.H454Q
Clofazimine,pepQ,pepQ_p.Ala227Asp,,,3) Uncertain significance,p.A227D
Clofazimine,pepQ,pepQ_p.Thr354Ala,,,3) Uncertain significance,p.T354A
Clofazimine,Rv0678,Rv0678_p.Glu21Lys,,,3) Uncertain significance,p.E21K
Clofazimine,pepQ,pepQ_p.Ile193Val,0.0,1.0,3) Uncertain significance,p.I193V
Clofazimine,Rv0678,Rv0678_p.Arg94Trp,,,3) Uncertain significance,p.R94W
Clofazimine,Rv1979c,Rv1979c_p.Pro4Ala,,,3) Uncertain significance,p.P4A
Clofazimine,Rv0678,Rv0678_p.Trp42Cys,0.0,1.0,3) Uncertain significance,p.W42C
Clofazimine,mmpL5,mmpL5_p.Met443Thr,,,3) Uncertain significance,p.M443T
Clofazimine,mmpL5,mmpL5_p.Thr352Ile,,,3) Uncertain significance,p.T352I
Clofazimine,mmpL5,mmpL5_p.Leu523Pro,,,3) Uncertain significance,p.L523P
Clofazimine,mmpL5,mmpL5_p.Glu524Gly,,,3) Uncertain significance,p.E524G
Clofazimine,Rv1979c,Rv1979c_p.Leu330Val,,,3) Uncertain significance,p.L330V
Clofazimine,mmpL5,mmpL5_p.Trp598Gly,,,3) Uncertain significance,p.W598G
Clofazimine,mmpS5,mmpS5_p.Lys6Thr,,,3) Uncertain significance,p.K6T
Clofazimine,mmpL5,mmpL5_p.Met655Thr,,,3) Uncertain significance,p.M655T
Clofazimine,Rv1979c,Rv1979c_p.Gly37Val,0.0,2.0,3) Uncertain significance,p.G37V
Clofazimine,mmpL5,mmpL5_p.Val846Ile,,,3) Uncertain significance,p.V846I
Clofazimine,mmpL5,mmpL5_p.Gly292Asp,0.0,1.0,3) Uncertain significance,p.G292D
Clofazimine,mmpL5,mmpL5_p.Met892Ile,0.0,2.0,3) Uncertain significance,p.M892I
Clofazimine,Rv0678,Rv0678_p.Ser158Arg,0.0,1.0,3) Uncertain significance,p.S158R
Clofazimine,Rv0678,Rv0678_p.Gln76Glu,0.0,2.0,3) Uncertain significance,p.Q76E
Clofazimine,mmpS5,mmpS5_p.Ile69Val,0.0,1.0,3) Uncertain significance,p.I69V
Clofazimine,Rv0678,Rv0678_p.Gly87Arg,0.0,2.0,3) Uncertain significance,p.G87R
Clofazimine,mmpL5,mmpL5_p.Leu709Ile,,,3) Uncertain significance,p.L709I
Clofazimine,pepQ,pepQ_p.Ile24Thr,,,3) Uncertain significance,p.I24T
Clofazimine,Rv1979c,Rv1979c_p.Ala121Val,,,3) Uncertain significance,p.A121V
Clofazimine,mmpL5,mmpL5_p.Met638Leu,0.0,2.0,3) Uncertain significance,p.M638L
Clofazimine,pepQ,pepQ_p.Lys350Glu,0.0,1.0,3) Uncertain significance,p.K350E
Clofazimine,Rv1979c,Rv1979c_p.Val210Phe,,,3) Uncertain significance,p.V210F
Clofazimine,mmpL5,mmpL5_p.Ser541Arg,0.0,2.0,3) Uncertain significance,p.S541R
Clofazimine,Rv0678,Rv0678_p.Asn148His,0.0,2.0,3) Uncertain significance,p.N148H
Clofazimine,Rv1979c,Rv1979c_p.Ala228Val,0.0,1.0,3) Uncertain significance,p.A228V
Clofazimine,Rv0678,Rv0678_p.Ser68Ile,,,3) Uncertain significance,p.S68I
Clofazimine,mmpL5,mmpL5_p.Ala69Val,,,3) Uncertain significance,p.A69V
Clofazimine,pepQ,pepQ_p.Glu177Asp,,,3) Uncertain significance,p.E177D
Clofazimine,mmpS5,mmpS5_p.Arg29Cys,0.0,1.0,3) Uncertain significance,p.R29C
Clofazimine,Rv1979c,Rv1979c_p.Tyr81Asp,0.0,1.0,3) Uncertain significance,p.Y81D
Clofazimine,Rv1979c,Rv1979c_p.Gly146Ser,0.0,1.0,3) Uncertain significance,p.G146S
Clofazimine,mmpL5,mmpL5_p.Ala715Val,0.0,1.0,3) Uncertain significance,p.A715V
Clofazimine,mmpL5,mmpL5_p.His590Arg,0.0,1.0,3) Uncertain significance,p.H590R
Clofazimine,Rv1979c,Rv1979c_p.Met275Ile,0.0,1.0,3) Uncertain significance,p.M275I
Clofazimine,Rv1979c,Rv1979c_p.Tyr79Cys,0.0,1.0,3) Uncertain significance,p.Y79C
Clofazimine,Rv0678,Rv0678_p.Arg107Cys,,,3) Uncertain significance,p.R107C
Clofazimine,Rv0678,Rv0678_p.Glu54Lys,0.0,1.0,3) Uncertain significance,p.E54K
Clofazimine,Rv1979c,Rv1979c_p.Leu229Ser,,,3) Uncertain significance,p.L229S
Clofazimine,mmpL5,mmpL5_p.Pro927Arg,,,3) Uncertain significance,p.P927R
Clofazimine,mmpL5,mmpL5_p.Ala168Ser,0.0,1.0,3) Uncertain significance,p.A168S
Clofazimine,Rv1979c,Rv1979c_p.Gly216Asp,,,3) Uncertain significance,p.G216D
Clofazimine,mmpL5,mmpL5_p.Met560Leu,0.0,1.0,3) Uncertain significance,p.M560L
Clofazimine,pepQ,pepQ_p.Arg278Gly,0.0,1.0,3) Uncertain significance,p.R278G
Clofazimine,mmpL5,mmpL5_p.Arg380His,,,3) Uncertain significance,p.R380H
Clofazimine,mmpL5,mmpL5_p.Glu159Ala,0.0,1.0,3) Uncertain significance,p.E159A
Clofazimine,mmpL5,mmpL5_p.Asp128Ala,,,3) Uncertain significance,p.D128A
Clofazimine,pepQ,pepQ_p.Leu179Pro,,,3) Uncertain significance,p.L179P
Clofazimine,mmpL5,mmpL5_p.Pro953Ser,,,3) Uncertain significance,p.P953S
Clofazimine,Rv1979c,Rv1979c_p.Val384Ile,,,3) Uncertain significance,p.V384I
Clofazimine,mmpL5,mmpL5_p.Glu83Lys,0.0,1.0,3) Uncertain significance,p.E83K
Clofazimine,mmpL5,mmpL5_p.Ile787Met,,,3) Uncertain significance,p.I787M
Clofazimine,mmpL5,mmpL5_p.Met503Ile,,,3) Uncertain significance,p.M503I
Clofazimine,mmpS5,mmpS5_p.Ile14Thr,,,3) Uncertain significance,p.I14T
Clofazimine,pepQ,pepQ_p.Val30Leu,0.0,1.0,3) Uncertain significance,p.V30L
Clofazimine,mmpL5,mmpL5_p.Asp681Glu,,,3) Uncertain significance,p.D681E
Clofazimine,Rv1979c,Rv1979c_p.Val120Leu,,,3) Uncertain significance,p.V120L
Clofazimine,Rv0678,Rv0678_p.Leu40Met,,,3) Uncertain significance,p.L40M
Clofazimine,pepQ,pepQ_p.Glu89Asp,,,3) Uncertain significance,p.E89D
Clofazimine,pepQ,pepQ_p.Asp209Glu,,,3) Uncertain significance,p.D209E
Clofazimine,mmpL5,mmpL5_p.Val942Ile,,,3) Uncertain significance,p.V942I
Clofazimine,Rv1979c,Rv1979c_p.Ala405Pro,,,3) Uncertain significance,p.A405P
Clofazimine,Rv1979c,Rv1979c_p.Ala105Asp,,,3) Uncertain significance,p.A105D
Clofazimine,Rv1979c,Rv1979c_p.Ser237Leu,,,3) Uncertain significance,p.S237L
Clofazimine,mmpL5,mmpL5_p.Lys646Gln,,,3) Uncertain significance,p.K646Q
Clofazimine,mmpL5,mmpL5_p.Pro947Ser,,,3) Uncertain significance,p.P947S
Clofazimine,pepQ,pepQ_p.Val343Ala,,,3) Uncertain significance,p.V343A
Clofazimine,pepQ,pepQ_p.Glu191Val,,,3) Uncertain significance,p.E191V
Clofazimine,mmpL5,mmpL5_p.Gly114Arg,,,3) Uncertain significance,p.G114R
Clofazimine,pepQ,pepQ_p.Val101Leu,,,3) Uncertain significance,p.V101L
Clofazimine,mmpL5,mmpL5_p.Phe108Leu,,,3) Uncertain significance,p.F108L
Clofazimine,Rv1979c,Rv1979c_p.Ala357Val,,,3) Uncertain significance,p.A357V
Clofazimine,Rv1979c,Rv1979c_p.Tyr230Cys,,,3) Uncertain significance,p.Y230C
Clofazimine,mmpL5,mmpL5_p.Val612Gly,,,3) Uncertain significance,p.V612G
Clofazimine,mmpL5,mmpL5_p.Lys80Gln,,,3) Uncertain significance,p.K80Q
Clofazimine,mmpL5,mmpL5_p.Gly181Asp,,,3) Uncertain significance,p.G181D
Clofazimine,mmpL5,mmpL5_p.Gly336Ser,0.0,1.0,3) Uncertain significance,p.G336S
Clofazimine,Rv0678,Rv0678_p.Leu40Ser,,,3) Uncertain significance,p.L40S
Clofazimine,mmpL5,mmpL5_p.Gly559Ala,,,3) Uncertain significance,p.G559A
Clofazimine,mmpL5,mmpL5_p.Val382Ala,,,3) Uncertain significance,p.V382A
Clofazimine,Rv1979c,Rv1979c_p.His404Tyr,,,3) Uncertain significance,p.H404Y
Clofazimine,Rv1979c,Rv1979c_p.Gly334Glu,,,3) Uncertain significance,p.G334E
Clofazimine,mmpS5,mmpS5_p.Ala142Ser,,,3) Uncertain significance,p.A142S
Clofazimine,mmpL5,mmpL5_p.Tyr299Cys,,,3) Uncertain significance,p.Y299C
Clofazimine,Rv0678,Rv0678_p.Thr58Lys,0.0,1.0,3) Uncertain significance,p.T58K
Clofazimine,Rv1979c,Rv1979c_p.Phe386Val,,,3) Uncertain significance,p.F386V
Clofazimine,mmpL5,mmpL5_p.Glu512Ala,,,3) Uncertain significance,p.E512A
Clofazimine,mmpL5,mmpL5_p.Gly305Ser,0.0,1.0,3) Uncertain significance,p.G305S
Clofazimine,mmpL5,mmpL5_p.Gly257Arg,,,3) Uncertain significance,p.G257R
Clofazimine,Rv1979c,Rv1979c_p.Phe144Cys,,,3) Uncertain significance,p.F144C
Clofazimine,mmpL5,mmpL5_p.Asn466Ser,,,3) Uncertain significance,p.N466S
Clofazimine,Rv1979c,Rv1979c_p.Val459Ile,,,3) Uncertain significance,p.V459I
Clofazimine,Rv1979c,Rv1979c_p.Arg441Trp,,,3) Uncertain significance,p.R441W
Clofazimine,mmpL5,mmpL5_p.Gly748Asp,,,3) Uncertain significance,p.G748D
Clofazimine,pepQ,pepQ_p.Lys94Asn,,,3) Uncertain significance,p.K94N
Clofazimine,Rv1979c,Rv1979c_p.Ala259Glu,,,3) Uncertain significance,p.A259E
Clofazimine,mmpL5,mmpL5_p.Ser654Thr,,,3) Uncertain significance,p.S654T
Clofazimine,mmpL5,mmpL5_p.Tyr514Cys,,,3) Uncertain significance,p.Y514C
Clofazimine,mmpL5,mmpL5_p.Lys935Asn,0.0,1.0,3) Uncertain significance,p.K935N
Clofazimine,Rv1979c,Rv1979c_p.Val136Leu,,,3) Uncertain significance,p.V136L
Clofazimine,mmpL5,mmpL5_p.Leu329Arg,,,3) Uncertain significance,p.L329R
Clofazimine,Rv0678,Rv0678_p.Glu113Lys,,,3) Uncertain significance,p.E113K
Clofazimine,Rv0678,Rv0678_p.Ser52Pro,,,3) Uncertain significance,p.S52P
Clofazimine,mmpL5,mmpL5_p.Leu335Val,,,3) Uncertain significance,p.L335V
Clofazimine,Rv0678,Rv0678_p.Ser68Gly,,,3) Uncertain significance,p.S68G
Clofazimine,Rv1979c,Rv1979c_p.Ala247Thr,,,3) Uncertain significance,p.A247T
Clofazimine,mmpS5,mmpS5_p.Ser34Phe,,,3) Uncertain significance,p.S34F
Clofazimine,pepQ,pepQ_p.Glu360Asp,,,3) Uncertain significance,p.E360D
Clofazimine,mmpL5,mmpL5_p.Val186Ile,,,3) Uncertain significance,p.V186I
Clofazimine,Rv0678,Rv0678_p.Arg96Trp,0.0,1.0,3) Uncertain significance,p.R96W
Clofazimine,mmpL5,mmpL5_p.Gln140His,,,3) Uncertain significance,p.Q140H
Clofazimine,pepQ,pepQ_p.Asn118Asp,,,3) Uncertain significance,p.N118D
Clofazimine,mmpL5,mmpL5_p.Ala199Thr,,,3) Uncertain significance,p.A199T
Clofazimine,mmpL5,mmpL5_p.Arg289His,,,3) Uncertain significance,p.R289H
Clofazimine,Rv1979c,Rv1979c_p.Glu38Asp,0.0,8.0,3) Uncertain significance,p.E38D
Clofazimine,Rv0678,Rv0678_p.Ile80Met,,,3) Uncertain significance,p.I80M
Clofazimine,mmpS5,mmpS5_p.Lys42Arg,,,3) Uncertain significance,p.K42R
Clofazimine,Rv0678,Rv0678_p.Trp42Arg,,,3) Uncertain significance,p.W42R
Clofazimine,Rv0678,Rv0678_p.Met139Ile,0.0,1.0,3) Uncertain significance,p.M139I
Clofazimine,mmpL5,mmpL5_p.Ala434Thr,,,3) Uncertain significance,p.A434T
Clofazimine,Rv0678,Rv0678_p.Gln22Arg,,,3) Uncertain significance,p.Q22R
Clofazimine,Rv1979c,Rv1979c_p.Pro36Ser,,,3) Uncertain significance,p.P36S
Clofazimine,mmpL5,mmpL5_p.Arg944Gln,,,3) Uncertain significance,p.R944Q
Clofazimine,pepQ,pepQ_p.Ser130Leu,,,3) Uncertain significance,p.S130L
Clofazimine,mmpL5,mmpL5_p.Glu744Gln,,,3) Uncertain significance,p.E744Q
Clofazimine,mmpL5,mmpL5_p.Glu174Gln,,,3) Uncertain significance,p.E174Q
Clofazimine,Rv0678,Rv0678_p.Arg156Gln,,,3) Uncertain significance,p.R156Q
Clofazimine,mmpL5,mmpL5_p.Thr327Ile,,,3) Uncertain significance,p.T327I
Clofazimine,mmpL5,mmpL5_p.Ile529Met,,,3) Uncertain significance,p.I529M
Clofazimine,mmpL5,mmpL5_p.Val964Leu,,,3) Uncertain significance,p.V964L
Clofazimine,mmpS5,mmpS5_p.Ile116Leu,,,3) Uncertain significance,p.I116L
Clofazimine,Rv1979c,Rv1979c_p.Phe154Val,,,3) Uncertain significance,p.F154V
Clofazimine,Rv0678,Rv0678_p.Val20Ala,,,3) Uncertain significance,p.V20A
Clofazimine,Rv1979c,Rv1979c_p.Pro123Ser,,,3) Uncertain significance,p.P123S
Clofazimine,mmpL5,mmpL5_p.Val182Ile,,,3) Uncertain significance,p.V182I
Clofazimine,mmpL5,mmpL5_p.Leu691Arg,,,3) Uncertain significance,p.L691R
Clofazimine,Rv0678,Rv0678_p.Asp15Gly,0.0,3.0,3) Uncertain significance,p.D15G
Clofazimine,pepQ,pepQ_p.Lys367Asn,,,3) Uncertain significance,p.K367N
Clofazimine,Rv1979c,Rv1979c_p.Phe412Cys,,,3) Uncertain significance,p.F412C
Clofazimine,Rv1979c,Rv1979c_p.Val52Leu,0.0,1.0,3) Uncertain significance,p.V52L
Clofazimine,mmpL5,mmpL5_p.Ile484Thr,,,3) Uncertain significance,p.I484T
Clofazimine,mmpS5,mmpS5_p.Thr113Asn,,,3) Uncertain significance,p.T113N
Clofazimine,mmpL5,mmpL5_p.Val840Ile,0.0,1.0,3) Uncertain significance,p.V840I
Clofazimine,mmpL5,mmpL5_p.Gly102Asp,,,3) Uncertain significance,p.G102D
Clofazimine,mmpL5,mmpL5_p.Val222Gly,,,3) Uncertain significance,p.V222G
Clofazimine,Rv1979c,Rv1979c_p.Ala406Thr,,,3) Uncertain significance,p.A406T
Clofazimine,Rv1979c,Rv1979c_p.Ala247Val,0.0,1.0,3) Uncertain significance,p.A247V
Clofazimine,mmpS5,mmpS5_p.Ala133Thr,0.0,1.0,3) Uncertain significance,p.A133T
Clofazimine,mmpL5,mmpL5_p.Ile841Val,0.0,1.0,3) Uncertain significance,p.I841V
Clofazimine,mmpL5,mmpL5_p.Ser507Asn,0.0,1.0,3) Uncertain significance,p.S507N
Clofazimine,mmpL5,mmpL5_p.Lys649Thr,0.0,1.0,3) Uncertain significance,p.K649T
Clofazimine,mmpL5,mmpL5_p.Phe129Ser,,,3) Uncertain significance,p.F129S
Clofazimine,Rv1979c,Rv1979c_p.Ala85Gly,,,3) Uncertain significance,p.A85G
Clofazimine,Rv0678,Rv0678_p.Arg96Leu,,,3) Uncertain significance,p.R96L
Clofazimine,mmpL5,mmpL5_p.Ile113Thr,,,3) Uncertain significance,p.I113T
Clofazimine,pepQ,pepQ_p.Ala370Val,,,3) Uncertain significance,p.A370V
Clofazimine,Rv1979c,Rv1979c_p.Ser175Leu,0.0,4.0,3) Uncertain significance,p.S175L
Clofazimine,pepQ,pepQ_p.Gly291Ser,0.0,1.0,3) Uncertain significance,p.G291S
Clofazimine,mmpL5,mmpL5_p.Leu818Met,,,3) Uncertain significance,p.L818M
Clofazimine,pepQ,pepQ_p.Asp26Gly,0.0,1.0,3) Uncertain significance,p.D26G
Clofazimine,Rv1979c,Rv1979c_p.Met275Thr,,,3) Uncertain significance,p.M275T
Clofazimine,mmpL5,mmpL5_p.Ser583Asn,,,3) Uncertain significance,p.S583N
Clofazimine,mmpS5,mmpS5_p.Gly109Ser,0.0,1.0,3) Uncertain significance,p.G109S
Clofazimine,Rv0678,Rv0678_p.Val85Ala,,,3) Uncertain significance,p.V85A
Clofazimine,mmpL5,mmpL5_p.Met645Ile,,,3) Uncertain significance,p.M645I
Clofazimine,pepQ,pepQ_p.Gly85Cys,,,3) Uncertain significance,p.G85C
Clofazimine,mmpL5,mmpL5_p.Trp952Leu,,,3) Uncertain significance,p.W952L
Clofazimine,mmpL5,mmpL5_p.Val360Met,,,3) Uncertain significance,p.V360M
Clofazimine,Rv1979c,Rv1979c_p.Phe300Val,,,3) Uncertain significance,p.F300V
Clofazimine,pepQ,pepQ_p.Ala254Thr,0.0,2.0,3) Uncertain significance,p.A254T
Clofazimine,mmpL5,mmpL5_p.Leu95Pro,0.0,1.0,3) Uncertain significance,p.L95P
Clofazimine,Rv1979c,Rv1979c_p.Lys13Gln,,,3) Uncertain significance,p.K13Q
Clofazimine,mmpL5,mmpL5_p.Val267Gly,0.0,1.0,3) Uncertain significance,p.V267G
Clofazimine,mmpS5,mmpS5_p.Asp82Glu,,,3) Uncertain significance,p.D82E
Clofazimine,mmpL5,mmpL5_p.Ala679Asp,,,3) Uncertain significance,p.A679D
Clofazimine,mmpL5,mmpL5_p.Val695Ile,0.0,1.0,3) Uncertain significance,p.V695I
Clofazimine,mmpL5,mmpL5_p.Leu836Phe,,,3) Uncertain significance,p.L836F
Clofazimine,mmpL5,mmpL5_p.Val247Ala,0.0,2.0,3) Uncertain significance,p.V247A
Clofazimine,Rv1979c,Rv1979c_p.Thr270Ile,0.0,1.0,3) Uncertain significance,p.T270I
Clofazimine,Rv1979c,Rv1979c_p.Ile471Val,,,3) Uncertain significance,p.I471V
Clofazimine,mmpL5,mmpL5_p.Ala273Thr,,,3) Uncertain significance,p.A273T
Clofazimine,Rv1979c,Rv1979c_p.His12Tyr,,,3) Uncertain significance,p.H12Y
Clofazimine,Rv0678,Rv0678_p.Glu104Lys,0.0,2.0,3) Uncertain significance,p.E104K
Clofazimine,Rv0678,Rv0678_p.Thr58Pro,,,3) Uncertain significance,p.T58P
Clofazimine,Rv1979c,Rv1979c_p.Ile256Thr,0.0,3.0,3) Uncertain significance,p.I256T
Clofazimine,Rv1979c,Rv1979c_p.Ile238Thr,,,3) Uncertain significance,p.I238T
Clofazimine,mmpS5,mmpS5_p.Thr24Met,0.0,7.0,3) Uncertain significance,p.T24M
Clofazimine,mmpL5,mmpL5_p.Val123Ile,,,3) Uncertain significance,p.V123I
Clofazimine,mmpL5,mmpL5_p.Ala572Val,,,3) Uncertain significance,p.A572V
Clofazimine,mmpL5,mmpL5_p.Ala667Ser,,,3) Uncertain significance,p.A667S
Clofazimine,mmpS5,mmpS5_p.Thr4Ile,,,3) Uncertain significance,p.T4I
Clofazimine,mmpL5,mmpL5_p.Val612Ile,,,3) Uncertain significance,p.V612I
Clofazimine,mmpL5,mmpL5_p.Met892Thr,,,3) Uncertain significance,p.M892T
Clofazimine,mmpL5,mmpL5_p.His494Tyr,,,3) Uncertain significance,p.H494Y
Clofazimine,Rv0678,Rv0678_p.Glu104Asp,0.0,1.0,3) Uncertain significance,p.E104D
Clofazimine,Rv0678,Rv0678_p.Gly25Cys,,,3) Uncertain significance,p.G25C
Clofazimine,mmpS5,mmpS5_p.Ser98Pro,0.0,5.0,3) Uncertain significance,p.S98P
Clofazimine,Rv0678,Rv0678_p.Ala59Val,,,3) Uncertain significance,p.A59V
Clofazimine,mmpL5,mmpL5_p.Asp424Asn,,,3) Uncertain significance,p.D424N
Clofazimine,Rv0678,Rv0678_p.Ile108Thr,0.0,1.0,3) Uncertain significance,p.I108T
Clofazimine,Rv1979c,Rv1979c_p.Ala298Ser,,,3) Uncertain significance,p.A298S
Clofazimine,Rv0678,Rv0678_p.Ser31Gly,0.0,1.0,3) Uncertain significance,p.S31G
Clofazimine,Rv0678,Rv0678_p.Asp8Gly,,,3) Uncertain significance,p.D8G
Clofazimine,mmpL5,mmpL5_p.Ser439Ala,,,3) Uncertain significance,p.S439A
Clofazimine,Rv1979c,Rv1979c_p.Leu336Arg,0.0,1.0,3) Uncertain significance,p.L336R
Clofazimine,Rv1979c,Rv1979c_p.Leu419Val,0.0,1.0,3) Uncertain significance,p.L419V
Clofazimine,mmpL5,mmpL5_p.Val268Met,0.0,1.0,3) Uncertain significance,p.V268M
Clofazimine,mmpL5,mmpL5_p.Thr10Ala,,,3) Uncertain significance,p.T10A
Clofazimine,Rv1979c,Rv1979c_p.Val114Gly,,,3) Uncertain significance,p.V114G
Clofazimine,mmpS5,mmpS5_p.Gly130Asp,0.0,2.0,3) Uncertain significance,p.G130D
Clofazimine,Rv1979c,Rv1979c_p.Phe218Ser,0.0,1.0,3) Uncertain significance,p.F218S
Clofazimine,Rv1979c,Rv1979c_p.Ala126Thr,,,3) Uncertain significance,p.A126T
Clofazimine,pepQ,pepQ_p.Val158Met,0.0,1.0,3) Uncertain significance,p.V158M
Clofazimine,Rv0678,Rv0678_p.Gly87Trp,0.0,1.0,3) Uncertain significance,p.G87W
Clofazimine,Rv1979c,Rv1979c_p.Val2Ala,,,3) Uncertain significance,p.V2A
Clofazimine,mmpL5,mmpL5_p.Leu810Phe,0.0,1.0,3) Uncertain significance,p.L810F
Clofazimine,mmpL5,mmpL5_p.Ser452Asn,,,3) Uncertain significance,p.S452N
Clofazimine,mmpL5,mmpL5_p.Ala397Ser,,,3) Uncertain significance,p.A397S
Clofazimine,Rv0678,Rv0678_p.Ile80Ser,0.0,1.0,3) Uncertain significance,p.I80S
Clofazimine,Rv0678,Rv0678_p.Ala110Val,,,3) Uncertain significance,p.A110V
Clofazimine,mmpL5,mmpL5_p.Leu219Phe,,,3) Uncertain significance,p.L219F
Clofazimine,Rv0678,Rv0678_p.Leu95Ser,0.0,2.0,3) Uncertain significance,p.L95S
Clofazimine,mmpL5,mmpL5_p.Asp608Tyr,,,3) Uncertain significance,p.D608Y
Clofazimine,pepQ,pepQ_p.Ala124Val,,,3) Uncertain significance,p.A124V
Clofazimine,mmpL5,mmpL5_p.Gly79Ser,0.0,1.0,3) Uncertain significance,p.G79S
Clofazimine,mmpL5,mmpL5_p.Val481Met,0.0,1.0,3) Uncertain significance,p.V481M
Clofazimine,mmpL5,mmpL5_p.Asp455Gly,,,3) Uncertain significance,p.D455G
Clofazimine,mmpL5,mmpL5_p.Gly131Arg,0.0,1.0,3) Uncertain significance,p.G131R
Clofazimine,mmpL5,mmpL5_p.Thr606Ala,,,3) Uncertain significance,p.T606A
Clofazimine,mmpL5,mmpL5_p.Gly759Ser,,,3) Uncertain significance,p.G759S
Clofazimine,Rv1979c,Rv1979c_p.Gly214Ser,,,3) Uncertain significance,p.G214S
Clofazimine,pepQ,pepQ_p.Val104Leu,,,3) Uncertain significance,p.V104L
Clofazimine,Rv1979c,Rv1979c_p.Ile226Thr,,,3) Uncertain significance,p.I226T
Clofazimine,mmpL5,mmpL5_p.Thr234Met,,,3) Uncertain significance,p.T234M
Clofazimine,Rv1979c,Rv1979c_p.Thr83Ala,,,3) Uncertain significance,p.T83A
Clofazimine,Rv1979c,Rv1979c_p.Ala47Thr,,,3) Uncertain significance,p.A47T
Clofazimine,mmpL5,mmpL5_p.Asn772Ser,0.0,1.0,3) Uncertain significance,p.N772S
Clofazimine,pepQ,pepQ_p.Arg170Trp,,,3) Uncertain significance,p.R170W
Clofazimine,mmpS5,mmpS5_p.Val55Met,,,3) Uncertain significance,p.V55M
Clofazimine,Rv1979c,Rv1979c_p.Ala331Val,,,3) Uncertain significance,p.A331V
Clofazimine,Rv1979c,Rv1979c_p.Ala158Thr,,,3) Uncertain significance,p.A158T
Clofazimine,Rv1979c,Rv1979c_p.Ala84Thr,,,3) Uncertain significance,p.A84T
Clofazimine,mmpS5,mmpS5_p.Ala8Val,0.0,4.0,4) Not assoc w R - Interim,p.A8V
Clofazimine,Rv1979c,Rv1979c_p.Ala10Val,0.0,6.0,3) Uncertain significance,p.A10V
Clofazimine,pepQ,pepQ_p.Ile28Arg,,,3) Uncertain significance,p.I28R
Clofazimine,Rv0678,Rv0678_p.Phe93Leu,0.0,2.0,3) Uncertain significance,p.F93L
Clofazimine,mmpL5,mmpL5_p.Ser782Ala,,,3) Uncertain significance,p.S782A
Clofazimine,Rv0678,Rv0678_p.Tyr145His,,,3) Uncertain significance,p.Y145H
Clofazimine,pepQ,pepQ_p.Ala305Val,,,3) Uncertain significance,p.A305V
Clofazimine,Rv1979c,Rv1979c_p.Ser219Ala,,,3) Uncertain significance,p.S219A
Clofazimine,mmpL5,mmpL5_p.Gly396Cys,,,3) Uncertain significance,p.G396C
Clofazimine,Rv1979c,Rv1979c_p.Val458Ala,,,3) Uncertain significance,p.V458A
Clofazimine,mmpL5,mmpL5_p.Ala896Thr,,,3) Uncertain significance,p.A896T
Clofazimine,mmpL5,mmpL5_p.Gly661Arg,,,3) Uncertain significance,p.G661R
Clofazimine,mmpL5,mmpL5_p.His122Arg,,,3) Uncertain significance,p.H122R
Clofazimine,Rv0678,Rv0678_p.Ala101Glu,,,3) Uncertain significance,p.A101E
Clofazimine,mmpL5,mmpL5_p.Met676Val,,,3) Uncertain significance,p.M676V
Clofazimine,mmpL5,mmpL5_p.Trp938Arg,,,3) Uncertain significance,p.W938R
Clofazimine,mmpL5,mmpL5_p.Ala209Thr,,,3) Uncertain significance,p.A209T
Clofazimine,pepQ,pepQ_p.Met180Thr,,,3) Uncertain significance,p.M180T
Clofazimine,Rv1979c,Rv1979c_p.Ala378Thr,,,3) Uncertain significance,p.A378T
Clofazimine,mmpL5,mmpL5_p.Pro390Thr,0.0,2.0,3) Uncertain significance,p.P390T
Clofazimine,Rv1979c,Rv1979c_p.His98Tyr,0.0,6.0,3) Uncertain significance,p.H98Y
Clofazimine,mmpL5,mmpL5_p.Ser65Arg,,,3) Uncertain significance,p.S65R
Clofazimine,pepQ,pepQ_p.Ala153Gly,,,3) Uncertain significance,p.A153G
Clofazimine,mmpL5,mmpL5_p.Phe82Leu,0.0,3.0,3) Uncertain significance,p.F82L
Clofazimine,Rv1979c,Rv1979c_p.Val402Gly,0.0,3.0,3) Uncertain significance,p.V402G
Clofazimine,mmpL5,mmpL5_p.Ile215Val,,,3) Uncertain significance,p.I215V
Clofazimine,Rv0678,Rv0678_p.Phe93Ser,,,3) Uncertain significance,p.F93S
Clofazimine,mmpL5,mmpL5_p.Ser599Leu,0.0,2.0,3) Uncertain significance,p.S599L
Clofazimine,Rv1979c,Rv1979c_p.Glu403Gly,,,3) Uncertain significance,p.E403G
Clofazimine,mmpL5,mmpL5_p.His590Pro,,,3) Uncertain significance,p.H590P
Clofazimine,Rv0678,Rv0678_p.Arg89Trp,0.0,2.0,3) Uncertain significance,p.R89W
Clofazimine,Rv1979c,Rv1979c_p.Arg88Leu,0.0,2.0,3) Uncertain significance,p.R88L
Clofazimine,Rv1979c,Rv1979c_p.Asp347Gly,,,3) Uncertain significance,p.D347G
Clofazimine,Rv0678,Rv0678_p.Ala84Thr,0.0,3.0,3) Uncertain significance,p.A84T
Clofazimine,Rv0678,Rv0678_p.Met73Ile,,,3) Uncertain significance,p.M73I
Clofazimine,Rv1979c,Rv1979c_p.Phe172Ser,,,3) Uncertain significance,p.F172S
Clofazimine,mmpL5,mmpL5_p.Gly704Cys,,,3) Uncertain significance,p.G704C
Clofazimine,mmpL5,mmpL5_p.Phe890Ser,0.0,1.0,3) Uncertain significance,p.F890S
Clofazimine,Rv1979c,Rv1979c_p.Ser219Trp,0.0,1.0,3) Uncertain significance,p.S219W
Clofazimine,mmpL5,mmpL5_p.Val337Met,,,3) Uncertain significance,p.V337M
Clofazimine,Rv0678,Rv0678_p.Ala86Val,0.0,1.0,3) Uncertain significance,p.A86V
Clofazimine,Rv0678,Rv0678_p.Gly162Glu,0.0,8.0,3) Uncertain significance,p.G162E
Clofazimine,Rv1979c,Rv1979c_p.Leu14Arg,,,3) Uncertain significance,p.L14R
Clofazimine,Rv0678,Rv0678_p.Ala84Val,0.0,2.0,3) Uncertain significance,p.A84V
Clofazimine,Rv1979c,Rv1979c_p.Tyr434Cys,0.0,1.0,3) Uncertain significance,p.Y434C
Clofazimine,mmpL5,mmpL5_p.Gly477Arg,0.0,1.0,3) Uncertain significance,p.G477R
Clofazimine,mmpS5,mmpS5_p.Arg29Leu,,,3) Uncertain significance,p.R29L
Clofazimine,Rv1979c,Rv1979c_p.Ala259Thr,0.0,3.0,3) Uncertain significance,p.A259T
Clofazimine,Rv1979c,Rv1979c_p.Val273Ala,,,3) Uncertain significance,p.V273A
Clofazimine,mmpL5,mmpL5_p.Met666Ile,0.0,2.0,3) Uncertain significance,p.M666I
Clofazimine,mmpL5,mmpL5_p.Ala288Pro,0.0,1.0,3) Uncertain significance,p.A288P
Clofazimine,mmpL5,mmpL5_p.Met892Val,0.0,1.0,3) Uncertain significance,p.M892V
Clofazimine,pepQ,pepQ_p.Met180Val,,,3) Uncertain significance,p.M180V
Clofazimine,mmpL5,mmpL5_p.Ile282Leu,,,3) Uncertain significance,p.I282L
Clofazimine,mmpL5,mmpL5_p.Trp936Arg,0.0,1.0,3) Uncertain significance,p.W936R
Clofazimine,mmpL5,mmpL5_p.Pro180Leu,,,3) Uncertain significance,p.P180L
Clofazimine,mmpL5,mmpL5_p.Ser439Pro,0.0,3.0,3) Uncertain significance,p.S439P
Clofazimine,mmpL5,mmpL5_p.Gly609Arg,0.0,2.0,3) Uncertain significance,p.G609R
Clofazimine,mmpS5,mmpS5_p.Val67Gly,,,3) Uncertain significance,p.V67G
Clofazimine,mmpL5,mmpL5_p.Ile732Val,0.0,1.0,3) Uncertain significance,p.I732V
Clofazimine,Rv0678,Rv0678_p.Met17Val,,,3) Uncertain significance,p.M17V
Clofazimine,Rv0678,Rv0678_p.Leu40Val,,,3) Uncertain significance,p.L40V
Clofazimine,pepQ,pepQ_p.Ala242Thr,,,3) Uncertain significance,p.A242T
Clofazimine,mmpL5,mmpL5_p.Asp128Asn,0.0,1.0,3) Uncertain significance,p.D128N
Clofazimine,Rv1979c,Rv1979c_p.Val416Met,,,3) Uncertain significance,p.V416M
Clofazimine,mmpL5,mmpL5_p.Val214Leu,,,3) Uncertain significance,p.V214L
Clofazimine,Rv1979c,Rv1979c_p.Arg7Lys,0.0,2.0,3) Uncertain significance,p.R7K
Clofazimine,Rv0678,Rv0678_p.Gln22Pro,,,3) Uncertain significance,p.Q22P
Clofazimine,Rv0678,Rv0678_p.Ile67Ser,,,2) Assoc w R - Interim,p.I67S
Clofazimine,Rv0678,Rv0678_p.Arg134Gly,,,3) Uncertain significance,p.R134G
Clofazimine,pepQ,pepQ_p.Val298Ile,0.0,2.0,3) Uncertain significance,p.V298I
Clofazimine,Rv0678,Rv0678_p.Thr69Pro,,,3) Uncertain significance,p.T69P
Clofazimine,pepQ,pepQ_p.Ala187Glu,,,3) Uncertain significance,p.A187E
Clofazimine,Rv1979c,Rv1979c_p.Ser262Leu,,,3) Uncertain significance,p.S262L
Clofazimine,Rv1979c,Rv1979c_p.Ser358Leu,,,3) Uncertain significance,p.S358L
Clofazimine,Rv1979c,Rv1979c_p.Thr356Lys,0.0,1.0,3) Uncertain significance,p.T356K
Clofazimine,mmpL5,mmpL5_p.Gln707Lys,0.0,11.0,3) Uncertain significance,p.Q707K
Clofazimine,Rv0678,Rv0678_p.Ser2Arg,,,3) Uncertain significance,p.S2R
Clofazimine,Rv0678,Rv0678_p.Met23Val,,,3) Uncertain significance,p.M23V
Clofazimine,mmpL5,mmpL5_p.Ser125Cys,0.0,4.0,3) Uncertain significance,p.S125C
Clofazimine,mmpL5,mmpL5_p.Ser71Pro,,,3) Uncertain significance,p.S71P
Clofazimine,Rv0678,Rv0678_p.Asn98Asp,,,3) Uncertain significance,p.N98D
Clofazimine,mmpS5,mmpS5_p.Thr4Pro,0.0,6.0,3) Uncertain significance,p.T4P
Clofazimine,Rv1979c,Rv1979c_p.Glu38Lys,0.0,1.0,3) Uncertain significance,p.E38K
Clofazimine,mmpL5,mmpL5_p.Gly246Ser,0.0,2.0,3) Uncertain significance,p.G246S
Clofazimine,pepQ,pepQ_p.Arg61Cys,,,3) Uncertain significance,p.R61C
Clofazimine,mmpL5,mmpL5_p.Gln333Glu,,,3) Uncertain significance,p.Q333E
Clofazimine,pepQ,pepQ_p.Val45Leu,0.0,1.0,3) Uncertain significance,p.V45L
Clofazimine,mmpL5,mmpL5_p.Glu512Gln,,,3) Uncertain significance,p.E512Q
Clofazimine,mmpL5,mmpL5_p.Ile59Thr,,,3) Uncertain significance,p.I59T
Clofazimine,Rv1979c,Rv1979c_p.Ala105Thr,,,3) Uncertain significance,p.A105T
Clofazimine,mmpL5,mmpL5_p.Ile948Ala,,,3) Uncertain significance,p.I948A
Clofazimine,mmpL5,mmpL5_p.His437Arg,,,3) Uncertain significance,p.H437R
Clofazimine,Rv1979c,Rv1979c_p.Val423Ala,0.0,1.0,3) Uncertain significance,p.V423A
Clofazimine,mmpL5,mmpL5_p.Ala230Thr,0.0,7.0,3) Uncertain significance,p.A230T
Clofazimine,mmpL5,mmpL5_p.Ala147Thr,0.0,3.0,3) Uncertain significance,p.A147T
Clofazimine,mmpL5,mmpL5_p.Asp608Asn,0.0,1.0,3) Uncertain significance,p.D608N
Clofazimine,pepQ,pepQ_p.Ile193Thr,0.0,2.0,3) Uncertain significance,p.I193T
Clofazimine,Rv1979c,Rv1979c_p.Ala222Thr,,,3) Uncertain significance,p.A222T
Clofazimine,mmpL5,mmpL5_p.Trp598Arg,0.0,1.0,3) Uncertain significance,p.W598R
Clofazimine,Rv1979c,Rv1979c_p.Pro478Gln,0.0,7.0,3) Uncertain significance,p.P478Q
Clofazimine,Rv1979c,Rv1979c_p.Ile104Thr,0.0,2.0,3) Uncertain significance,p.I104T
Clofazimine,mmpL5,mmpL5_p.Glu552Gly,0.0,17.0,3) Uncertain significance,p.E552G
Clofazimine,Rv1979c,Rv1979c_p.Val52Gly,0.0,18.0,3) Uncertain significance,p.V52G
Clofazimine,mmpL5,mmpL5_p.Phe696Leu,4.0,229.0,3) Uncertain significance,p.F696L
Clofazimine,mmpL5,mmpL5_p.Val344Leu,0.0,8.0,3) Uncertain significance,p.V344L
Clofazimine,Rv1979c,Rv1979c_p.Asp286Gly,6.0,654.0,4) Not assoc w R - Interim,p.D286G
Clofazimine,pepQ,pepQ_p.Phe46Leu,0.0,1.0,3) Uncertain significance,p.F46L
Clofazimine,mmpL5,mmpL5_p.Asp767Ala,0.0,33.0,3) Uncertain significance,p.D767A
Clofazimine,Rv1979c,Rv1979c_p.Arg7Ser,0.0,1.0,3) Uncertain significance,p.R7S
Clofazimine,pepQ,pepQ_p.Pro69Leu,0.0,26.0,3) Uncertain significance,p.P69L
Clofazimine,mmpL5,mmpL5_p.Ile948Val,189.0,4687.0,3) Uncertain significance,p.I948V
Clofazimine,mmpL5,mmpL5_p.Asp767Asn,42.0,1568.0,5) Not assoc w R,p.D767N
Clofazimine,mmpL5,mmpL5_p.Thr120Ala,,,3) Uncertain significance,p.T120A
Clofazimine,mmpL5,mmpL5_p.Tyr415Cys,,,3) Uncertain significance,p.Y415C
Clofazimine,mmpL5,mmpL5_p.Val186Leu,,,3) Uncertain significance,p.V186L
Clofazimine,mmpS5,mmpS5_p.Pro78Leu,,,3) Uncertain significance,p.P78L
Clofazimine,Rv0678,Rv0678_p.Arg109Leu,,,3) Uncertain significance,p.R109L
Clofazimine,Rv0678,Rv0678_p.Leu117Pro,,,3) Uncertain significance,p.L117P
Delamanid,ddn,ddn_p.Leu49Pro,,,2) Assoc w R - Interim,p.L49P
Delamanid,fbiB,fbiB_p.Ala31Thr,,,3) Uncertain significance,p.A31T
Delamanid,fbiC,fbiC_p.Val713Leu,,,3) Uncertain significance,p.V713L
Delamanid,fbiA,fbiA_p.Arg321Ser,,,3) Uncertain significance,p.R321S
Delamanid,ddn,ddn_p.Gly81Ser,,,3) Uncertain significance,p.G81S
Delamanid,fbiA,fbiA_p.Ser35Ala,,,3) Uncertain significance,p.S35A
Delamanid,fbiC,fbiC_p.Ala524Gly,0.0,1.0,3) Uncertain significance,p.A524G
Delamanid,ddn,ddn_p.Val127Phe,3.0,1.0,3) Uncertain significance,p.V127F
Delamanid,fgd1,fgd1_p.Lys183Met,,,3) Uncertain significance,p.K183M
Delamanid,fbiC,fbiC_p.Glu598Asp,,,3) Uncertain significance,p.E598D
Delamanid,ddn,ddn_p.Trp88Arg,,,3) Uncertain significance,p.W88R
Delamanid,fbiA,fbiA_p.Ser184Thr,,,3) Uncertain significance,p.S184T
Delamanid,fgd1,fgd1_p.Asp190Glu,,,3) Uncertain significance,p.D190E
Delamanid,fbiC,fbiC_p.Ala594Ser,,,3) Uncertain significance,p.A594S
Delamanid,ddn,ddn_p.Tyr65Ser,,,3) Uncertain significance,p.Y65S
Delamanid,fbiC,fbiC_p.Val581Leu,,,3) Uncertain significance,p.V581L
Delamanid,fbiA,fbiA_p.Cys280Gly,,,3) Uncertain significance,p.C280G
Delamanid,fbiC,fbiC_p.Ala623Val,,,3) Uncertain significance,p.A623V
Delamanid,fbiC,fbiC_p.Met812Ile,,,3) Uncertain significance,p.M812I
Delamanid,fbiA,fbiA_p.Ile53Thr,,,3) Uncertain significance,p.I53T
Delamanid,fbiB,fbiB_p.Thr268Ile,,,3) Uncertain significance,p.T268I
Delamanid,fbiC,fbiC_p.Ala852Thr,,,3) Uncertain significance,p.A852T
Delamanid,fbiA,fbiA_p.His183Gln,,,3) Uncertain significance,p.H183Q
Delamanid,fbiA,fbiA_p.Thr302Met,1.0,18.0,3) Uncertain significance,p.T302M
Delamanid,fbiA,fbiA_p.Val47Ile,1.0,0.0,3) Uncertain significance,p.V47I
Delamanid,fbiA,fbiA_p.Asn314Lys,,,3) Uncertain significance,p.N314K
Delamanid,fgd1,fgd1_p.Val170Met,,,3) Uncertain significance,p.V170M
Delamanid,fbiA,fbiA_p.Leu104Phe,,,3) Uncertain significance,p.L104F
Delamanid,ddn,ddn_p.Ile74Val,,,3) Uncertain significance,p.I74V
Delamanid,fbiC,fbiC_p.Gly839Ser,,,3) Uncertain significance,p.G839S
Delamanid,fbiB,fbiB_p.Gly19Glu,,,3) Uncertain significance,p.G19E
Delamanid,fbiB,fbiB_p.Asp315Ala,,,3) Uncertain significance,p.D315A
Delamanid,fbiC,fbiC_p.Gly683Ala,,,3) Uncertain significance,p.G683A
Delamanid,fgd1,fgd1_p.Glu119Lys,,,3) Uncertain significance,p.E119K
Delamanid,ddn,ddn_p.Thr40Ala,,,3) Uncertain significance,p.T40A
Delamanid,fbiA,fbiA_p.Val217Met,,,3) Uncertain significance,p.V217M
Delamanid,fbiC,fbiC_p.Glu376Asp,0.0,1.0,3) Uncertain significance,p.E376D
Delamanid,Rv2983,Rv2983_p.Glu66Gln,0.0,1.0,3) Uncertain significance,p.E66Q
Delamanid,ddn,ddn_p.Gly34Arg,,,3) Uncertain significance,p.G34R
Delamanid,fbiC,fbiC_p.Met211Ile,,,3) Uncertain significance,p.M211I
Delamanid,fgd1,fgd1_p.Gln279Pro,,,3) Uncertain significance,p.Q279P
Delamanid,fbiA,fbiA_p.Val188Ala,,,3) Uncertain significance,p.V188A
Delamanid,fbiC,fbiC_p.Gly262Asp,,,3) Uncertain significance,p.G262D
Delamanid,fbiB,fbiB_p.Thr212Ala,,,3) Uncertain significance,p.T212A
Delamanid,Rv2983,Rv2983_p.Arg101His,,,3) Uncertain significance,p.R101H
Delamanid,fbiC,fbiC_p.Trp405Cys,,,3) Uncertain significance,p.W405C
Delamanid,Rv2983,Rv2983_p.Ile13Leu,,,3) Uncertain significance,p.I13L
Delamanid,fbiB,fbiB_p.Ser30Arg,,,3) Uncertain significance,p.S30R
Delamanid,fbiA,fbiA_p.Thr4Asn,,,3) Uncertain significance,p.T4N
Delamanid,fbiB,fbiB_p.Val192Ile,,,3) Uncertain significance,p.V192I
Delamanid,fgd1,fgd1_p.Glu19Asp,,,3) Uncertain significance,p.E19D
Delamanid,fbiA,fbiA_p.Thr302Ala,,,3) Uncertain significance,p.T302A
Delamanid,fbiC,fbiC_p.Arg66Ser,,,3) Uncertain significance,p.R66S
Delamanid,Rv2983,Rv2983_p.Glu105Asp,,,3) Uncertain significance,p.E105D
Delamanid,fbiA,fbiA_p.Asp312Gly,,,3) Uncertain significance,p.D312G
Delamanid,fbiA,fbiA_p.Leu132Val,,,3) Uncertain significance,p.L132V
Delamanid,fbiC,fbiC_p.Asp130Glu,,,3) Uncertain significance,p.D130E
Delamanid,fbiA,fbiA_p.Gly48Ser,,,3) Uncertain significance,p.G48S
Delamanid,fbiC,fbiC_p.Asp454Asn,,,3) Uncertain significance,p.D454N
Delamanid,fbiC,fbiC_p.Ala349Val,,,3) Uncertain significance,p.A349V
Delamanid,fbiC,fbiC_p.Arg330Cys,,,3) Uncertain significance,p.R330C
Delamanid,fbiC,fbiC_p.Ser645Gly,,,3) Uncertain significance,p.S645G
Delamanid,fbiC,fbiC_p.Asp521Gly,,,3) Uncertain significance,p.D521G
Delamanid,fgd1,fgd1_p.Glu240Gly,,,3) Uncertain significance,p.E240G
Delamanid,fbiC,fbiC_p.Asp352Gly,,,3) Uncertain significance,p.D352G
Delamanid,fbiC,fbiC_p.His592Arg,,,3) Uncertain significance,p.H592R
Delamanid,fbiC,fbiC_p.Arg243Gly,,,3) Uncertain significance,p.R243G
Delamanid,fbiB,fbiB_p.Ser433Pro,,,3) Uncertain significance,p.S433P
Delamanid,fbiB,fbiB_p.Thr371Ile,,,3) Uncertain significance,p.T371I
Delamanid,fbiB,fbiB_p.Arg293Gly,,,3) Uncertain significance,p.R293G
Delamanid,ddn,ddn_p.Thr56Ala,,,3) Uncertain significance,p.T56A
Delamanid,fbiC,fbiC_p.Arg7Leu,,,3) Uncertain significance,p.R7L
Delamanid,fgd1,fgd1_p.His260Pro,,,3) Uncertain significance,p.H260P
Delamanid,fgd1,fgd1_p.Gln47Leu,,,3) Uncertain significance,p.Q47L
Delamanid,fbiB,fbiB_p.Arg157Cys,,,3) Uncertain significance,p.R157C
Delamanid,fbiC,fbiC_p.Pro420Leu,,,3) Uncertain significance,p.P420L
Delamanid,fbiC,fbiC_p.Val365Ile,,,3) Uncertain significance,p.V365I
Delamanid,fgd1,fgd1_p.His315Asp,,,3) Uncertain significance,p.H315D
Delamanid,fbiC,fbiC_p.Val37Ala,,,3) Uncertain significance,p.V37A
Delamanid,fbiC,fbiC_p.Leu162Val,,,3) Uncertain significance,p.L162V
Delamanid,fgd1,fgd1_p.Lys183Thr,,,3) Uncertain significance,p.K183T
Delamanid,fbiB,fbiB_p.Gly3Ser,,,3) Uncertain significance,p.G3S
Delamanid,Rv2983,Rv2983_p.Ala119Val,,,3) Uncertain significance,p.A119V
Delamanid,Rv2983,Rv2983_p.Thr179Pro,,,3) Uncertain significance,p.T179P
Delamanid,fbiC,fbiC_p.Glu832Gly,,,3) Uncertain significance,p.E832G
Delamanid,fbiB,fbiB_p.Ala441Val,,,3) Uncertain significance,p.A441V
Delamanid,fbiA,fbiA_p.Ser194Gly,,,3) Uncertain significance,p.S194G
Delamanid,Rv2983,Rv2983_p.Ala107Asp,,,3) Uncertain significance,p.A107D
Delamanid,ddn,ddn_p.Asp15Asn,0.0,1.0,3) Uncertain significance,p.D15N
Delamanid,ddn,ddn_p.Asp108Asn,,,3) Uncertain significance,p.D108N
Delamanid,fbiC,fbiC_p.Arg426Cys,,,3) Uncertain significance,p.R426C
Delamanid,Rv2983,Rv2983_p.Ala157Glu,,,3) Uncertain significance,p.A157E
Delamanid,fgd1,fgd1_p.Gly137Glu,,,3) Uncertain significance,p.G137E
Delamanid,fgd1,fgd1_p.Gly169Asp,0.0,1.0,3) Uncertain significance,p.G169D
Delamanid,Rv2983,Rv2983_p.Arg171His,0.0,1.0,3) Uncertain significance,p.R171H
Delamanid,fbiB,fbiB_p.Ala376Thr,,,3) Uncertain significance,p.A376T
Delamanid,fbiC,fbiC_p.Ala469Pro,,,3) Uncertain significance,p.A469P
Delamanid,fbiB,fbiB_p.Arg230Gln,0.0,1.0,3) Uncertain significance,p.R230Q
Delamanid,Rv2983,Rv2983_p.Ala107Val,0.0,1.0,3) Uncertain significance,p.A107V
Delamanid,fbiC,fbiC_p.Asp472Ala,,,3) Uncertain significance,p.D472A
Delamanid,fbiB,fbiB_p.Asp437Ala,,,3) Uncertain significance,p.D437A
Delamanid,fbiC,fbiC_p.Leu517Ile,,,3) Uncertain significance,p.L517I
Delamanid,ddn,ddn_p.Phe66Ser,,,3) Uncertain significance,p.F66S
Delamanid,fbiA,fbiA_p.Ile229Val,0.0,2.0,3) Uncertain significance,p.I229V
Delamanid,fbiB,fbiB_p.Asp109Glu,,,3) Uncertain significance,p.D109E
Delamanid,fbiA,fbiA_p.Ala29Thr,,,3) Uncertain significance,p.A29T
Delamanid,fbiA,fbiA_p.Val217Gly,,,3) Uncertain significance,p.V217G
Delamanid,fbiC,fbiC_p.Asn549Asp,,,3) Uncertain significance,p.N549D
Delamanid,Rv2983,Rv2983_p.Gly74Arg,,,3) Uncertain significance,p.G74R
Delamanid,ddn,ddn_p.Asp15Glu,,,3) Uncertain significance,p.D15E
Delamanid,ddn,ddn_p.Ala120Ser,,,3) Uncertain significance,p.A120S
Delamanid,ddn,ddn_p.Arg72Gln,,,3) Uncertain significance,p.R72Q
Delamanid,fgd1,fgd1_p.Val294Ala,,,3) Uncertain significance,p.V294A
Delamanid,fbiB,fbiB_p.Val17Ala,,,3) Uncertain significance,p.V17A
Delamanid,fgd1,fgd1_p.Leu323Phe,,,3) Uncertain significance,p.L323F
Delamanid,fbiA,fbiA_p.Gly293Ala,,,3) Uncertain significance,p.G293A
Delamanid,fbiA,fbiA_p.Pro245Ser,,,3) Uncertain significance,p.P245S
Delamanid,fbiB,fbiB_p.Pro25Arg,,,3) Uncertain significance,p.P25R
Delamanid,Rv2983,Rv2983_p.Arg209Gln,,,3) Uncertain significance,p.R209Q
Delamanid,fbiA,fbiA_p.Ala190Thr,,,3) Uncertain significance,p.A190T
Delamanid,fbiB,fbiB_p.Arg334Gln,,,3) Uncertain significance,p.R334Q
Delamanid,fgd1,fgd1_p.Ala188Thr,,,3) Uncertain significance,p.A188T
Delamanid,fgd1,fgd1_p.Glu269Lys,,,3) Uncertain significance,p.E269K
Delamanid,fgd1,fgd1_p.Val286Ala,,,3) Uncertain significance,p.V286A
Delamanid,fbiC,fbiC_p.Asp313Gly,,,3) Uncertain significance,p.D313G
Delamanid,fbiA,fbiA_p.Ala327Thr,,,3) Uncertain significance,p.A327T
Delamanid,fbiB,fbiB_p.Ala36Val,,,3) Uncertain significance,p.A36V
Delamanid,fbiA,fbiA_p.Gly70Ser,,,3) Uncertain significance,p.G70S
Delamanid,fbiA,fbiA_p.Cys280Ser,,,3) Uncertain significance,p.C280S
Delamanid,fbiB,fbiB_p.Ala200Glu,,,3) Uncertain significance,p.A200E
Delamanid,fbiC,fbiC_p.Val94Ala,,,3) Uncertain significance,p.V94A
Delamanid,fbiC,fbiC_p.Ile491Val,,,3) Uncertain significance,p.I491V
Delamanid,fgd1,fgd1_p.Val37Gly,,,3) Uncertain significance,p.V37G
Delamanid,fbiC,fbiC_p.Leu647Arg,,,3) Uncertain significance,p.L647R
Delamanid,fbiA,fbiA_p.Arg304Gln,0.0,1.0,3) Uncertain significance,p.R304Q
Delamanid,fbiC,fbiC_p.Ala852Val,,,3) Uncertain significance,p.A852V
Delamanid,fbiA,fbiA_p.Glu130Lys,,,3) Uncertain significance,p.E130K
Delamanid,fbiA,fbiA_p.Pro239Ser,,,3) Uncertain significance,p.P239S
Delamanid,ddn,ddn_p.Met87Ile,,,3) Uncertain significance,p.M87I
Delamanid,fbiA,fbiA_p.Asp292Gly,0.0,1.0,3) Uncertain significance,p.D292G
Delamanid,fgd1,fgd1_p.His315Tyr,,,3) Uncertain significance,p.H315Y
Delamanid,fbiB,fbiB_p.Asp311Ala,0.0,1.0,3) Uncertain significance,p.D311A
Delamanid,fbiB,fbiB_p.Leu284Val,,,3) Uncertain significance,p.L284V
Delamanid,fgd1,fgd1_p.Ser56Cys,0.0,1.0,3) Uncertain significance,p.S56C
Delamanid,fbiA,fbiA_p.Val265Met,,,3) Uncertain significance,p.V265M
Delamanid,fbiB,fbiB_p.Glu65Lys,,,3) Uncertain significance,p.E65K
Delamanid,fbiC,fbiC_p.Val745Met,,,3) Uncertain significance,p.V745M
Delamanid,ddn,ddn_p.Glu105Lys,0.0,1.0,3) Uncertain significance,p.E105K
Delamanid,fbiC,fbiC_p.Glu738Gly,0.0,1.0,3) Uncertain significance,p.E738G
Delamanid,fbiC,fbiC_p.Thr663Asn,,,3) Uncertain significance,p.T663N
Delamanid,fbiA,fbiA_p.Trp101Cys,,,3) Uncertain significance,p.W101C
Delamanid,fgd1,fgd1_p.Ala216Gly,,,3) Uncertain significance,p.A216G
Delamanid,fbiC,fbiC_p.Ala574Val,,,3) Uncertain significance,p.A574V
Delamanid,fbiC,fbiC_p.Gln117Pro,,,3) Uncertain significance,p.Q117P
Delamanid,ddn,ddn_p.Ile144Thr,,,3) Uncertain significance,p.I144T
Delamanid,ddn,ddn_p.Val98Ala,,,3) Uncertain significance,p.V98A
Delamanid,fbiB,fbiB_p.Ile18Thr,,,3) Uncertain significance,p.I18T
Delamanid,fgd1,fgd1_p.Tyr163Cys,,,3) Uncertain significance,p.Y163C
Delamanid,fbiC,fbiC_p.Pro234Leu,,,3) Uncertain significance,p.P234L
Delamanid,fbiB,fbiB_p.Pro361Leu,,,3) Uncertain significance,p.P361L
Delamanid,fbiC,fbiC_p.Glu265Asp,,,3) Uncertain significance,p.E265D
Delamanid,Rv2983,Rv2983_p.Gln123Arg,,,3) Uncertain significance,p.Q123R
Delamanid,fgd1,fgd1_p.Ala10Val,,,3) Uncertain significance,p.A10V
Delamanid,fbiB,fbiB_p.Thr268Ala,,,3) Uncertain significance,p.T268A
Delamanid,fbiB,fbiB_p.Asp343Ala,,,3) Uncertain significance,p.D343A
Delamanid,fbiB,fbiB_p.Pro440Ser,,,3) Uncertain significance,p.P440S
Delamanid,ddn,ddn_p.Pro45Leu,,,3) Uncertain significance,p.P45L
Delamanid,fbiC,fbiC_p.Pro438Leu,,,3) Uncertain significance,p.P438L
Delamanid,fgd1,fgd1_p.Ile86Leu,,,3) Uncertain significance,p.I86L
Delamanid,Rv2983,Rv2983_p.Ala50Thr,,,3) Uncertain significance,p.A50T
Delamanid,fbiC,fbiC_p.Phe470Leu,0.0,1.0,3) Uncertain significance,p.F470L
Delamanid,fbiB,fbiB_p.Trp418Ser,,,3) Uncertain significance,p.W418S
Delamanid,fbiB,fbiB_p.Asp90Glu,0.0,1.0,3) Uncertain significance,p.D90E
Delamanid,fbiB,fbiB_p.Thr292Ala,,,3) Uncertain significance,p.T292A
Delamanid,fbiA,fbiA_p.Val114Leu,,,3) Uncertain significance,p.V114L
Delamanid,fbiB,fbiB_p.Pro122Ala,,,3) Uncertain significance,p.P122A
Delamanid,ddn,ddn_p.Pro124Ser,,,3) Uncertain significance,p.P124S
Delamanid,Rv2983,Rv2983_p.Ile110Val,,,3) Uncertain significance,p.I110V
Delamanid,fbiC,fbiC_p.Ala378Glu,,,3) Uncertain significance,p.A378E
Delamanid,fbiB,fbiB_p.Asp90Gly,,,3) Uncertain significance,p.D90G
Delamanid,Rv2983,Rv2983_p.Thr146Ser,,,3) Uncertain significance,p.T146S
Delamanid,fgd1,fgd1_p.Thr255Pro,,,3) Uncertain significance,p.T255P
Delamanid,fbiB,fbiB_p.Gln69Arg,,,3) Uncertain significance,p.Q69R
Delamanid,fbiC,fbiC_p.Val621Ile,,,3) Uncertain significance,p.V621I
Delamanid,Rv2983,Rv2983_p.Thr146Ala,,,3) Uncertain significance,p.T146A
Delamanid,fbiC,fbiC_p.Asp235Gly,,,3) Uncertain significance,p.D235G
Delamanid,Rv2983,Rv2983_p.Leu144Val,,,3) Uncertain significance,p.L144V
Delamanid,fbiC,fbiC_p.Met628Ile,,,3) Uncertain significance,p.M628I
Delamanid,fbiC,fbiC_p.Ala404Pro,,,3) Uncertain significance,p.A404P
Delamanid,fbiB,fbiB_p.Gln339Arg,,,3) Uncertain significance,p.Q339R
Delamanid,fbiB,fbiB_p.Asp437Gly,,,3) Uncertain significance,p.D437G
Delamanid,ddn,ddn_p.Gly70Val,,,3) Uncertain significance,p.G70V
Delamanid,fgd1,fgd1_p.Gly7Ser,,,3) Uncertain significance,p.G7S
Delamanid,Rv2983,Rv2983_p.Gly8Asp,,,3) Uncertain significance,p.G8D
Delamanid,Rv2983,Rv2983_p.Leu125Ile,,,3) Uncertain significance,p.L125I
Delamanid,fbiA,fbiA_p.Ile229Met,,,3) Uncertain significance,p.I229M
Delamanid,fbiA,fbiA_p.Gly189Ser,,,3) Uncertain significance,p.G189S
Delamanid,fgd1,fgd1_p.Tyr81His,,,3) Uncertain significance,p.Y81H
Delamanid,ddn,ddn_p.Arg7Leu,,,3) Uncertain significance,p.R7L
Delamanid,fbiC,fbiC_p.Ala63Thr,,,3) Uncertain significance,p.A63T
Delamanid,fbiC,fbiC_p.Glu299Val,,,3) Uncertain significance,p.E299V
Delamanid,fbiA,fbiA_p.Ile53Val,,,3) Uncertain significance,p.I53V
Delamanid,fbiC,fbiC_p.Lys682Arg,,,3) Uncertain significance,p.K682R
Delamanid,ddn,ddn_p.Thr115Ala,,,3) Uncertain significance,p.T115A
Delamanid,fbiB,fbiB_p.Ala304Asp,,,3) Uncertain significance,p.A304D
Delamanid,fbiB,fbiB_p.Asp417Ala,,,3) Uncertain significance,p.D417A
Delamanid,Rv2983,Rv2983_p.Ala68Thr,,,3) Uncertain significance,p.A68T
Delamanid,fbiA,fbiA_p.Val160Ile,,,3) Uncertain significance,p.V160I
Delamanid,fgd1,fgd1_p.Pro166Leu,,,3) Uncertain significance,p.P166L
Delamanid,Rv2983,Rv2983_p.Ala210Ser,,,3) Uncertain significance,p.A210S
Delamanid,ddn,ddn_p.Asp113Asn,,,3) Uncertain significance,p.D113N
Delamanid,fbiA,fbiA_p.Ala33Asp,,,3) Uncertain significance,p.A33D
Delamanid,Rv2983,Rv2983_p.Asp78Asn,,,3) Uncertain significance,p.D78N
Delamanid,Rv2983,Rv2983_p.Gly76Ser,,,3) Uncertain significance,p.G76S
Delamanid,fbiC,fbiC_p.Ala73Ser,,,3) Uncertain significance,p.A73S
Delamanid,ddn,ddn_p.Glu83Ala,0.0,2.0,3) Uncertain significance,p.E83A
Delamanid,ddn,ddn_p.Arg72Gly,,,3) Uncertain significance,p.R72G
Delamanid,fgd1,fgd1_p.Tyr118Ser,,,3) Uncertain significance,p.Y118S
Delamanid,fbiC,fbiC_p.Glu526Lys,,,3) Uncertain significance,p.E526K
Delamanid,fgd1,fgd1_p.Ile229Thr,,,3) Uncertain significance,p.I229T
Delamanid,fbiC,fbiC_p.Phe306Leu,,,3) Uncertain significance,p.F306L
Delamanid,ddn,ddn_p.Phe16Cys,0.0,1.0,3) Uncertain significance,p.F16C
Delamanid,Rv2983,Rv2983_p.Val61Ile,,,3) Uncertain significance,p.V61I
Delamanid,fbiB,fbiB_p.Lys206Asn,,,3) Uncertain significance,p.K206N
Delamanid,fbiA,fbiA_p.Gly78Ser,,,3) Uncertain significance,p.G78S
Delamanid,fbiB,fbiB_p.Val416Ile,,,3) Uncertain significance,p.V416I
Delamanid,fbiA,fbiA_p.Gly26Ser,,,3) Uncertain significance,p.G26S
Delamanid,fbiB,fbiB_p.Ala32Val,,,3) Uncertain significance,p.A32V
Delamanid,fbiC,fbiC_p.Ala45Thr,,,3) Uncertain significance,p.A45T
Delamanid,fbiC,fbiC_p.Gly711Ala,,,3) Uncertain significance,p.G711A
Delamanid,fbiB,fbiB_p.Ala286Gly,,,3) Uncertain significance,p.A286G
Delamanid,fbiC,fbiC_p.Arg727Cys,,,3) Uncertain significance,p.R727C
Delamanid,fbiC,fbiC_p.Ala143Val,,,3) Uncertain significance,p.A143V
Delamanid,fbiB,fbiB_p.Val214Leu,,,3) Uncertain significance,p.V214L
Delamanid,fbiB,fbiB_p.Pro303Thr,,,3) Uncertain significance,p.P303T
Delamanid,fbiA,fbiA_p.Arg175His,,,3) Uncertain significance,p.R175H
Delamanid,ddn,ddn_p.Phe17Ser,,,3) Uncertain significance,p.F17S
Delamanid,fbiA,fbiA_p.Ala206Thr,,,3) Uncertain significance,p.A206T
Delamanid,fbiC,fbiC_p.Thr687Met,,,3) Uncertain significance,p.T687M
Delamanid,fbiA,fbiA_p.Ser42Cys,,,3) Uncertain significance,p.S42C
Delamanid,fbiC,fbiC_p.Met196Val,0.0,1.0,3) Uncertain significance,p.M196V
Delamanid,fbiC,fbiC_p.Gly285Glu,,,3) Uncertain significance,p.G285E
Delamanid,fbiB,fbiB_p.Glu191Gln,,,3) Uncertain significance,p.E191Q
Delamanid,fbiA,fbiA_p.Pro227Thr,,,3) Uncertain significance,p.P227T
Delamanid,fbiA,fbiA_p.Asp100Asn,,,3) Uncertain significance,p.D100N
Delamanid,fbiB,fbiB_p.Ala82Thr,,,3) Uncertain significance,p.A82T
Delamanid,fbiC,fbiC_p.His300Tyr,,,3) Uncertain significance,p.H300Y
Delamanid,fbiB,fbiB_p.Ile18Asn,,,3) Uncertain significance,p.I18N
Delamanid,fbiC,fbiC_p.Gly385Cys,,,3) Uncertain significance,p.G385C
Delamanid,ddn,ddn_p.Gly53Asp,,,3) Uncertain significance,p.G53D
Delamanid,fbiC,fbiC_p.Phe470Val,,,3) Uncertain significance,p.F470V
Delamanid,fbiC,fbiC_p.Pro359Ser,,,3) Uncertain significance,p.P359S
Delamanid,fbiC,fbiC_p.Ala418Glu,,,3) Uncertain significance,p.A418E
Delamanid,fbiC,fbiC_p.Gly385Asp,,,3) Uncertain significance,p.G385D
Delamanid,fbiB,fbiB_p.Val17Ile,,,3) Uncertain significance,p.V17I
Delamanid,fbiB,fbiB_p.Asp430His,,,3) Uncertain significance,p.D430H
Delamanid,fbiA,fbiA_p.Gln21Leu,,,3) Uncertain significance,p.Q21L
Delamanid,ddn,ddn_p.Pro6Thr,,,3) Uncertain significance,p.P6T
Delamanid,fbiA,fbiA_p.Ser32Phe,,,3) Uncertain significance,p.S32F
Delamanid,fgd1,fgd1_p.Arg18Cys,,,3) Uncertain significance,p.R18C
Delamanid,fbiA,fbiA_p.Val180Met,,,3) Uncertain significance,p.V180M
Delamanid,fgd1,fgd1_p.Gly224Asp,0.0,1.0,3) Uncertain significance,p.G224D
Delamanid,fbiC,fbiC_p.Ile816Met,,,3) Uncertain significance,p.I816M
Delamanid,fbiA,fbiA_p.Lys192Glu,,,3) Uncertain significance,p.K192E
Delamanid,fbiA,fbiA_p.Asp299Ala,,,3) Uncertain significance,p.D299A
Delamanid,Rv2983,Rv2983_p.Arg101Leu,,,3) Uncertain significance,p.R101L
Delamanid,fbiB,fbiB_p.Tyr183Cys,,,3) Uncertain significance,p.Y183C
Delamanid,fbiA,fbiA_p.Cys287Tyr,,,3) Uncertain significance,p.C287Y
Delamanid,fbiB,fbiB_p.Phe403Leu,,,3) Uncertain significance,p.F403L
Delamanid,fgd1,fgd1_p.Arg212Leu,,,3) Uncertain significance,p.R212L
Delamanid,fgd1,fgd1_p.Asn66Ser,,,3) Uncertain significance,p.N66S
Delamanid,fbiC,fbiC_p.Pro18Leu,,,3) Uncertain significance,p.P18L
Delamanid,fbiC,fbiC_p.Ser172Cys,,,3) Uncertain significance,p.S172C
Delamanid,fgd1,fgd1_p.Arg45Cys,,,3) Uncertain significance,p.R45C
Delamanid,fbiB,fbiB_p.Ala127Thr,,,3) Uncertain significance,p.A127T
Delamanid,fbiC,fbiC_p.His103Arg,,,3) Uncertain significance,p.H103R
Delamanid,fbiA,fbiA_p.Glu130Asp,,,3) Uncertain significance,p.E130D
Delamanid,fbiC,fbiC_p.Lys622Arg,,,3) Uncertain significance,p.K622R
Delamanid,fbiC,fbiC_p.Pro125His,,,3) Uncertain significance,p.P125H
Delamanid,fbiC,fbiC_p.Ile453Val,,,3) Uncertain significance,p.I453V
Delamanid,fbiC,fbiC_p.Asp168Glu,,,3) Uncertain significance,p.D168E
Delamanid,ddn,ddn_p.Pro59Gln,0.0,2.0,3) Uncertain significance,p.P59Q
Delamanid,fbiC,fbiC_p.Thr707Met,,,3) Uncertain significance,p.T707M
Delamanid,fbiA,fbiA_p.Phe102Leu,,,3) Uncertain significance,p.F102L
Delamanid,fbiC,fbiC_p.Gly340Asp,,,3) Uncertain significance,p.G340D
Delamanid,Rv2983,Rv2983_p.Ala210Val,,,3) Uncertain significance,p.A210V
Delamanid,fbiB,fbiB_p.Leu444Phe,,,3) Uncertain significance,p.L444F
Delamanid,fgd1,fgd1_p.Met139Ile,,,3) Uncertain significance,p.M139I
Delamanid,fbiC,fbiC_p.Glu54Gly,,,3) Uncertain significance,p.E54G
Delamanid,fbiC,fbiC_p.Ser219Ala,,,3) Uncertain significance,p.S219A
Delamanid,fbiB,fbiB_p.Glu191Asp,,,3) Uncertain significance,p.E191D
Delamanid,fbiB,fbiB_p.Asp315His,,,3) Uncertain significance,p.D315H
Delamanid,fbiC,fbiC_p.Val725Ala,,,3) Uncertain significance,p.V725A
Delamanid,fgd1,fgd1_p.Val136Met,,,3) Uncertain significance,p.V136M
Delamanid,fbiA,fbiA_p.Val188Phe,,,3) Uncertain significance,p.V188F
Delamanid,fbiB,fbiB_p.Arg174His,,,3) Uncertain significance,p.R174H
Delamanid,Rv2983,Rv2983_p.Gly145Arg,,,3) Uncertain significance,p.G145R
Delamanid,fbiC,fbiC_p.Arg536Leu,0.0,1.0,3) Uncertain significance,p.R536L
Delamanid,fgd1,fgd1_p.Asp273Gly,,,3) Uncertain significance,p.D273G
Delamanid,fgd1,fgd1_p.Asp33Gly,,,3) Uncertain significance,p.D33G
Delamanid,fbiC,fbiC_p.Arg64Gln,,,3) Uncertain significance,p.R64Q
Delamanid,fbiA,fbiA_p.Gly277Ser,,,3) Uncertain significance,p.G277S
Delamanid,fbiC,fbiC_p.Ala659Val,,,3) Uncertain significance,p.A659V
Delamanid,Rv2983,Rv2983_p.Asn37Asp,,,3) Uncertain significance,p.N37D
Delamanid,ddn,ddn_p.Arg23Trp,,,3) Uncertain significance,p.R23W
Delamanid,fbiC,fbiC_p.Pro420Ser,,,3) Uncertain significance,p.P420S
Delamanid,fbiA,fbiA_p.Ala43Thr,,,3) Uncertain significance,p.A43T
Delamanid,fbiC,fbiC_p.Ile781Val,,,3) Uncertain significance,p.I781V
Delamanid,fbiA,fbiA_p.Ser42Gly,,,3) Uncertain significance,p.S42G
Delamanid,fbiC,fbiC_p.Asp375Asn,,,3) Uncertain significance,p.D375N
Delamanid,fbiB,fbiB_p.Asp224Asn,,,3) Uncertain significance,p.D224N
Delamanid,fbiC,fbiC_p.Asp272Gly,,,3) Uncertain significance,p.D272G
Delamanid,ddn,ddn_p.Val106Met,,,3) Uncertain significance,p.V106M
Delamanid,Rv2983,Rv2983_p.Ala21Thr,,,3) Uncertain significance,p.A21T
Delamanid,fbiC,fbiC_p.Gly839Asp,,,3) Uncertain significance,p.G839D
Delamanid,Rv2983,Rv2983_p.Arg172Ser,0.0,3.0,3) Uncertain significance,p.R172S
Delamanid,fbiB,fbiB_p.Arg409Ser,0.0,1.0,3) Uncertain significance,p.R409S
Delamanid,fbiC,fbiC_p.Glu801Gly,,,3) Uncertain significance,p.E801G
Delamanid,fbiB,fbiB_p.Ile446Thr,,,3) Uncertain significance,p.I446T
Delamanid,ddn,ddn_p.Glu150Asp,0.0,2.0,3) Uncertain significance,p.E150D
Delamanid,fbiC,fbiC_p.Met709Ile,,,3) Uncertain significance,p.M709I
Delamanid,fbiC,fbiC_p.Asp542Glu,,,3) Uncertain significance,p.D542E
Delamanid,fgd1,fgd1_p.Ala35Val,,,3) Uncertain significance,p.A35V
Delamanid,fgd1,fgd1_p.Arg187His,0.0,1.0,3) Uncertain significance,p.R187H
Delamanid,fgd1,fgd1_p.Gly168Arg,,,3) Uncertain significance,p.G168R
Delamanid,fbiC,fbiC_p.Lys113Thr,,,3) Uncertain significance,p.K113T
Delamanid,fbiC,fbiC_p.Gly135Ser,,,3) Uncertain significance,p.G135S
Delamanid,fbiB,fbiB_p.Glu138Lys,0.0,1.0,3) Uncertain significance,p.E138K
Delamanid,fgd1,fgd1_p.Ala2Val,0.0,1.0,3) Uncertain significance,p.A2V
Delamanid,fbiA,fbiA_p.Ala30Val,,,3) Uncertain significance,p.A30V
Delamanid,fbiB,fbiB_p.His370Arg,,,3) Uncertain significance,p.H370R
Delamanid,fbiC,fbiC_p.Ile406Phe,,,3) Uncertain significance,p.I406F
Delamanid,fbiC,fbiC_p.Arg134Leu,,,3) Uncertain significance,p.R134L
Delamanid,fgd1,fgd1_p.Glu119Asp,,,3) Uncertain significance,p.E119D
Delamanid,fbiC,fbiC_p.Asp427His,,,3) Uncertain significance,p.D427H
Delamanid,fbiA,fbiA_p.Arg177His,,,3) Uncertain significance,p.R177H
Delamanid,fbiB,fbiB_p.Lys448Arg,15.0,48.0,5) Not assoc w R,p.K448R
Delamanid,fbiB,fbiB_p.Arg265Gln,,,3) Uncertain significance,p.R265Q
Delamanid,fbiC,fbiC_p.Pro761Leu,,,3) Uncertain significance,p.P761L
Delamanid,fgd1,fgd1_p.Lys296Glu,,,3) Uncertain significance,p.K296E
Delamanid,Rv2983,Rv2983_p.Arg169Gln,,,3) Uncertain significance,p.R169Q
Delamanid,Rv2983,Rv2983_p.Ala32Thr,,,3) Uncertain significance,p.A32T
Delamanid,fgd1,fgd1_p.Thr255Ala,,,3) Uncertain significance,p.T255A
Delamanid,fbiB,fbiB_p.Arg253His,,,3) Uncertain significance,p.R253H
Delamanid,fbiA,fbiA_p.His295Arg,,,3) Uncertain significance,p.H295R
Delamanid,Rv2983,Rv2983_p.Ala20Val,,,3) Uncertain significance,p.A20V
Delamanid,fbiC,fbiC_p.Ser762Asn,,,3) Uncertain significance,p.S762N
Delamanid,Rv2983,Rv2983_p.Gly155Ser,,,3) Uncertain significance,p.G155S
Delamanid,fbiC,fbiC_p.Leu114Arg,,,3) Uncertain significance,p.L114R
Delamanid,fgd1,fgd1_p.Lys296Arg,,,3) Uncertain significance,p.K296R
Delamanid,fbiB,fbiB_p.Arg365Gly,,,3) Uncertain significance,p.R365G
Delamanid,fbiC,fbiC_p.Gly522Arg,,,3) Uncertain significance,p.G522R
Delamanid,fbiB,fbiB_p.Thr374Lys,,,3) Uncertain significance,p.T374K
Delamanid,ddn,ddn_p.Gly34Glu,,,3) Uncertain significance,p.G34E
Delamanid,fbiA,fbiA_p.Gln27Pro,,,3) Uncertain significance,p.Q27P
Delamanid,Rv2983,Rv2983_p.Arg57Leu,,,3) Uncertain significance,p.R57L
Delamanid,fbiA,fbiA_p.Ala199Thr,,,3) Uncertain significance,p.A199T
Delamanid,fbiC,fbiC_p.Gly508Ser,,,3) Uncertain significance,p.G508S
Delamanid,fbiB,fbiB_p.Gly325Ser,,,3) Uncertain significance,p.G325S
Delamanid,fbiC,fbiC_p.Ala754Val,,,3) Uncertain significance,p.A754V
Delamanid,fbiC,fbiC_p.Asp616Gly,0.0,1.0,3) Uncertain significance,p.D616G
Delamanid,fbiC,fbiC_p.Ala620Thr,,,3) Uncertain significance,p.A620T
Delamanid,fbiB,fbiB_p.Val348Ile,,,3) Uncertain significance,p.V348I
Delamanid,fbiA,fbiA_p.Gln120Arg,,,3) Uncertain significance,p.Q120R
Delamanid,fbiC,fbiC_p.Ala11Val,,,3) Uncertain significance,p.A11V
Delamanid,fgd1,fgd1_p.Arg64Ser,0.0,2.0,3) Uncertain significance,p.R64S
Delamanid,fbiA,fbiA_p.Val306Met,,,3) Uncertain significance,p.V306M
Delamanid,Rv2983,Rv2983_p.Pro91Ser,,,3) Uncertain significance,p.P91S
Delamanid,fbiA,fbiA_p.Leu22Val,,,3) Uncertain significance,p.L22V
Delamanid,fbiB,fbiB_p.Asp90Asn,,,3) Uncertain significance,p.D90N
Delamanid,fbiC,fbiC_p.Ala333Val,,,3) Uncertain significance,p.A333V
Delamanid,fbiB,fbiB_p.Asp66Glu,,,3) Uncertain significance,p.D66E
Delamanid,ddn,ddn_p.Arg30Ser,,,3) Uncertain significance,p.R30S
Delamanid,fbiC,fbiC_p.Gly839Ala,,,3) Uncertain significance,p.G839A
Delamanid,fbiC,fbiC_p.Ile693Val,,,3) Uncertain significance,p.I693V
Delamanid,fbiC,fbiC_p.Val41Met,0.0,2.0,3) Uncertain significance,p.V41M
Delamanid,ddn,ddn_p.Glu83Asp,0.0,6.0,3) Uncertain significance,p.E83D
Delamanid,Rv2983,Rv2983_p.Asp90Asn,0.0,3.0,3) Uncertain significance,p.D90N
Delamanid,Rv2983,Rv2983_p.Ile59Leu,,,3) Uncertain significance,p.I59L
Delamanid,fbiA,fbiA_p.Val188Ile,,,3) Uncertain significance,p.V188I
Delamanid,Rv2983,Rv2983_p.Gln121His,,,3) Uncertain significance,p.Q121H
Delamanid,fgd1,fgd1_p.Met93Thr,,,3) Uncertain significance,p.M93T
Delamanid,fbiC,fbiC_p.Thr273Ala,0.0,1.0,3) Uncertain significance,p.T273A
Delamanid,fbiC,fbiC_p.Trp678Gly,0.0,2.0,3) Uncertain significance,p.W678G
Delamanid,fgd1,fgd1_p.Lys270Met,2.0,9.0,3) Uncertain significance,p.K270M
Delamanid,fbiA,fbiA_p.Ala222Thr,,,3) Uncertain significance,p.A222T
Delamanid,ddn,ddn_p.Arg72Trp,0.0,1.0,3) Uncertain significance,p.R72W
Delamanid,fbiC,fbiC_p.Asp100Glu,,,3) Uncertain significance,p.D100E
Delamanid,fbiA,fbiA_p.Gly264Arg,,,3) Uncertain significance,p.G264R
Delamanid,fbiA,fbiA_p.Ile208Val,0.0,1.0,3) Uncertain significance,p.I208V
Delamanid,fbiB,fbiB_p.Leu447Arg,,,3) Uncertain significance,p.L447R
Delamanid,fbiC,fbiC_p.Ala505Thr,,,3) Uncertain significance,p.A505T
Delamanid,fbiA,fbiA_p.Ala178Thr,,,3) Uncertain significance,p.A178T
Delamanid,fbiC,fbiC_p.Pro334Ala,,,3) Uncertain significance,p.P334A
Ethambutol,embB,embB_p.Met306Val,2238.0,403.0,1) Assoc w R,p.M306V
Ethambutol,embB,embB_p.Met306Ile,1322.0,610.0,1) Assoc w R,p.M306I
Ethambutol,embB,embB_p.Gln497Arg,577.0,113.0,1) Assoc w R,p.Q497R
Ethambutol,embB,embB_p.Gly406Ala,227.0,99.0,1) Assoc w R,p.G406A
Ethambutol,embB,embB_p.Asp354Ala,255.0,86.0,1) Assoc w R,p.D354A
Ethambutol,embB,embB_p.Tyr319Ser,74.0,26.0,1) Assoc w R,p.Y319S
Ethambutol,embB,embB_p.Gly406Asp,209.0,155.0,1) Assoc w R,p.G406D
Ethambutol,embB,embB_p.Met306Leu,97.0,37.0,1) Assoc w R,p.M306L
Ethambutol,embB,embB_p.Gly406Ser,97.0,36.0,1) Assoc w R,p.G406S
Ethambutol,embB,embB_p.Gln497Lys,93.0,35.0,1) Assoc w R,p.Q497K
Ethambutol,embB,embB_p.Ser297Ala,145.0,152.0,1) Assoc w R,p.S297A
Ethambutol,embB,embB_p.Tyr334His,155.0,28.0,1) Assoc w R,p.Y334H
Ethambutol,embB,embB_p.Asp1024Asn,117.0,66.0,1) Assoc w R,p.D1024N
Ethambutol,embB,embB_p.Asp328Tyr,29.0,2.0,1) Assoc w R,p.D328Y
Ethambutol,embB,embB_p.Gln445Arg,29.0,1.0,1) Assoc w R,p.Q445R
Ethambutol,embB,embB_p.Gly406Cys,30.0,19.0,1) Assoc w R,p.G406C
Ethambutol,ubiA,ubiA_p.Met180Val,51.0,7.0,1) Assoc w R,p.M180V
Ethambutol,embC,embC_p.Ala387Val,98.0,14.0,3) Uncertain significance,p.A387V
Ethambutol,embB,embB_p.Glu405Asp,36.0,5.0,1) Assoc w R,p.E405D
Ethambutol,embB,embB_p.His1002Arg,23.0,23.0,1) Assoc w R,p.H1002R
Ethambutol,embA,embA_p.Thr608Asn,58.0,37.0,1) Assoc w R,p.T608N
Ethambutol,embB,embB_p.Gln497Pro,27.0,18.0,1) Assoc w R,p.Q497P
Ethambutol,embB,embB_p.Tyr319Cys,24.0,13.0,1) Assoc w R,p.Y319C
Ethambutol,embC,embC_p.Ala774Ser,63.0,141.0,3) Uncertain significance,p.A774S
Ethambutol,embB,embB_p.Val456Ala,38.0,4.0,1) Assoc w R,p.V456A
Ethambutol,embB,embB_p.Leu402Val,24.0,20.0,1) Assoc w R,p.L402V
Ethambutol,embB,embB_p.Glu504Asp,18.0,11.0,1) Assoc w R,p.E504D
Ethambutol,ubiA,ubiA_p.Leu178Val,6.0,6.0,2) Assoc w R - Interim,p.L178V
Ethambutol,ubiA,ubiA_p.Ala35Ser,20.0,1.0,1) Assoc w R,p.A35S
Ethambutol,ubiA,ubiA_p.Gly234Val,6.0,0.0,1) Assoc w R,p.G234V
Ethambutol,embB,embB_p.Tyr319Asp,7.0,3.0,1) Assoc w R,p.Y319D
Ethambutol,embB,embB_p.Ser347Ile,13.0,6.0,1) Assoc w R,p.S347I
Ethambutol,ubiA,ubiA_p.Phe176Leu,16.0,6.0,1) Assoc w R,p.F176L
Ethambutol,ubiA,ubiA_p.Ser173Ala,12.0,3.0,1) Assoc w R,p.S173A
Ethambutol,embB,embB_p.Asp328Gly,32.0,14.0,2) Assoc w R - Interim,p.D328G
Ethambutol,embB,embB_p.Ser347Thr,10.0,2.0,1) Assoc w R,p.S347T
Ethambutol,ubiA,ubiA_p.Val55Leu,10.0,0.0,1) Assoc w R,p.V55L
Ethambutol,embB,embB_p.Asn296His,35.0,28.0,1) Assoc w R,p.N296H
Ethambutol,embB,embB_p.Thr1082Ala,89.0,111.0,3) Uncertain significance,p.T1082A
Ethambutol,ubiA,ubiA_p.Ala181Val,2.0,6.0,2) Assoc w R - Interim,p.A181V
Ethambutol,ubiA,ubiA_p.Ile179Thr,14.0,0.0,1) Assoc w R,p.I179T
Ethambutol,ubiA,ubiA_p.Ala38Val,10.0,7.0,2) Assoc w R - Interim,p.A38V
Ethambutol,embB,embB_p.Pro404Ser,6.0,5.0,2) Assoc w R - Interim,p.P404S
Ethambutol,ubiA,ubiA_p.Ala237Val,29.0,6.0,2) Assoc w R - Interim,p.A237V
Ethambutol,embB,embB_p.Met1000Arg,6.0,1.0,1) Assoc w R,p.M1000R
Ethambutol,ubiA,ubiA_p.Leu31Pro,9.0,3.0,1) Assoc w R,p.L31P
Ethambutol,embB,embB_p.Leu74Arg,19.0,6.0,2) Assoc w R - Interim,p.L74R
Ethambutol,embB,embB_p.Ala409Pro,30.0,1.0,3) Uncertain significance,p.A409P
Ethambutol,embB,embB_p.Gln497His,21.0,4.0,2) Assoc w R - Interim,p.Q497H
Ethambutol,embB,embB_p.Phe330Ser,3.0,0.0,2) Assoc w R - Interim,p.F330S
Ethambutol,ubiA,ubiA_p.Val229Ala,5.0,3.0,3) Uncertain significance,p.V229A
Ethambutol,ubiA,ubiA_p.Lys174Thr,19.0,4.0,3) Uncertain significance,p.K174T
Ethambutol,embA,embA_p.Trp306Arg,6.0,10.0,3) Uncertain significance,p.W306R
Ethambutol,embB,embB_p.Leu74Pro,,,3) Uncertain significance,p.L74P
Ethambutol,embB,embB_p.Asn399Thr,4.0,1.0,1) Assoc w R,p.N399T
Ethambutol,ubiA,ubiA_p.Ala39Ser,11.0,1.0,3) Uncertain significance,p.A39S
Ethambutol,embA,embA_p.Thr652Lys,4.0,1.0,3) Uncertain significance,p.T652K
Ethambutol,ubiA,ubiA_p.Val148Ala,27.0,8.0,2) Assoc w R - Interim,p.V148A
Ethambutol,embB,embB_p.Arg351Cys,2.0,0.0,3) Uncertain significance,p.R351C
Ethambutol,ubiA,ubiA_p.Val55Gly,8.0,0.0,1) Assoc w R,p.V55G
Ethambutol,ubiA,ubiA_p.Gly234Ala,12.0,1.0,3) Uncertain significance,p.G234A
Ethambutol,ubiA,ubiA_p.Phe238Cys,4.0,0.0,3) Uncertain significance,p.F238C
Ethambutol,embB,embB_p.Asp328Phe,2.0,0.0,3) Uncertain significance,p.D328F
Ethambutol,ubiA,ubiA_p.Ile179Ser,4.0,1.0,3) Uncertain significance,p.I179S
Ethambutol,embA,embA_p.Asp808Ala,,,3) Uncertain significance,p.D808A
Ethambutol,embA,embA_p.Ile905Val,4.0,1.0,3) Uncertain significance,p.I905V
Ethambutol,embB,embB_p.Phe330Val,2.0,0.0,3) Uncertain significance,p.F330V
Ethambutol,embB,embB_p.Asp1056Ala,,,3) Uncertain significance,p.D1056A
Ethambutol,embA,embA_p.Asp112Gly,0.0,2.0,3) Uncertain significance,p.D112G
Ethambutol,ubiA,ubiA_p.Val188Ala,36.0,4.0,3) Uncertain significance,p.V188A
Ethambutol,ubiA,ubiA_p.Ala38Thr,11.0,2.0,3) Uncertain significance,p.A38T
Ethambutol,embB,embB_p.Trp332Arg,9.0,11.0,3) Uncertain significance,p.W332R
Ethambutol,embB,embB_p.Arg524His,3.0,2.0,3) Uncertain significance,p.R524H
Ethambutol,embA,embA_p.Thr652Arg,1.0,1.0,3) Uncertain significance,p.T652R
Ethambutol,embB,embB_p.Thr642Ala,5.0,1.0,2) Assoc w R - Interim,p.T642A
Ethambutol,embB,embB_p.Ala505Val,4.0,1.0,3) Uncertain significance,p.A505V
Ethambutol,embB,embB_p.Cys361Tyr,2.0,0.0,3) Uncertain significance,p.C361Y
Ethambutol,ubiA,ubiA_p.Gly165Val,0.0,1.0,3) Uncertain significance,p.G165V
Ethambutol,ubiA,ubiA_p.Phe238Ser,2.0,0.0,3) Uncertain significance,p.F238S
Ethambutol,embB,embB_p.Ile450Leu,1.0,0.0,3) Uncertain significance,p.I450L
Ethambutol,embB,embB_p.Glu504Ala,3.0,0.0,3) Uncertain significance,p.E504A
Ethambutol,ubiA,ubiA_p.Trp175Gly,20.0,8.0,3) Uncertain significance,p.W175G
Ethambutol,embB,embB_p.Cys361Ser,6.0,36.0,3) Uncertain significance,p.C361S
Ethambutol,embA,embA_p.Thr478Met,1.0,0.0,3) Uncertain significance,p.T478M
Ethambutol,embC,embC_p.Ala505Thr,1.0,0.0,3) Uncertain significance,p.A505T
Ethambutol,ubiA,ubiA_p.Ala228Ser,1.0,17.0,3) Uncertain significance,p.A228S
Ethambutol,embB,embB_p.Leu629Pro,,,3) Uncertain significance,p.L629P
Ethambutol,embA,embA_p.Ala576Thr,37.0,6.0,3) Uncertain significance,p.A576T
Ethambutol,embC,embC_p.Met613Val,50.0,26.0,3) Uncertain significance,p.M613V
Ethambutol,embB,embB_p.Arg14Gln,7.0,7.0,3) Uncertain significance,p.R14Q
Ethambutol,embB,embB_p.Asn644Ile,1.0,0.0,3) Uncertain significance,p.N644I
Ethambutol,embB,embB_p.Val77Ile,4.0,3.0,3) Uncertain significance,p.V77I
Ethambutol,embB,embB_p.Glu504Gly,1.0,0.0,3) Uncertain significance,p.E504G
Ethambutol,embB,embB_p.Thr546Ile,1.0,0.0,3) Uncertain significance,p.T546I
Ethambutol,embA,embA_p.Pro714Ser,,,3) Uncertain significance,p.P714S
Ethambutol,ubiA,ubiA_p.Phe238Leu,5.0,1.0,3) Uncertain significance,p.F238L
Ethambutol,embA,embA_p.Ala813Gly,43.0,46.0,3) Uncertain significance,p.A813G
Ethambutol,embB,embB_p.Gly156Cys,43.0,46.0,3) Uncertain significance,p.G156C
Ethambutol,embB,embB_p.Ser651Asn,1.0,0.0,3) Uncertain significance,p.S651N
Ethambutol,embB,embB_p.Thr532Ile,1.0,0.0,3) Uncertain significance,p.T532I
Ethambutol,embB,embB_p.Asp328His,5.0,5.0,3) Uncertain significance,p.D328H
Ethambutol,embC,embC_p.Ile1011Val,,,3) Uncertain significance,p.I1011V
Ethambutol,embB,embB_p.Ile303Leu,1.0,0.0,3) Uncertain significance,p.I303L
Ethambutol,embC,embC_p.Ala774Asp,1.0,0.0,3) Uncertain significance,p.A774D
Ethambutol,embB,embB_p.Ala601Gly,2.0,0.0,3) Uncertain significance,p.A601G
Ethambutol,embB,embB_p.Val488Ala,1.0,0.0,3) Uncertain significance,p.V488A
Ethambutol,embB,embB_p.Met423Thr,15.0,1.0,3) Uncertain significance,p.M423T
Ethambutol,ubiA,ubiA_p.Arg240Cys,10.0,3.0,3) Uncertain significance,p.R240C
Ethambutol,embB,embB_p.Leu410Pro,1.0,0.0,3) Uncertain significance,p.L410P
Ethambutol,embB,embB_p.Pro167Arg,12.0,5.0,3) Uncertain significance,p.P167R
Ethambutol,embC,embC_p.Ala68Thr,,,3) Uncertain significance,p.A68T
Ethambutol,embB,embB_p.Ile450Met,1.0,0.0,3) Uncertain significance,p.I450M
Ethambutol,ubiA,ubiA_p.Gly268Asp,15.0,142.0,3) Uncertain significance,p.G268D
Ethambutol,ubiA,ubiA_p.Glu273Asp,1.0,0.0,3) Uncertain significance,p.E273D
Ethambutol,embC,embC_p.Thr827Pro,,,3) Uncertain significance,p.T827P
Ethambutol,embA,embA_p.Arg239Gln,1.0,1.0,3) Uncertain significance,p.R239Q
Ethambutol,embB,embB_p.Val292Ile,1.0,1.0,3) Uncertain significance,p.V292I
Ethambutol,embC,embC_p.Pro110Ser,5.0,0.0,3) Uncertain significance,p.P110S
Ethambutol,ubiA,ubiA_p.Tyr243Cys,,,3) Uncertain significance,p.Y243C
Ethambutol,embA,embA_p.Gln497His,1.0,0.0,3) Uncertain significance,p.Q497H
Ethambutol,embB,embB_p.Arg351His,,,3) Uncertain significance,p.R351H
Ethambutol,embA,embA_p.Gly135Asp,1.0,1.0,3) Uncertain significance,p.G135D
Ethambutol,embB,embB_p.Ile563Leu,7.0,7.0,3) Uncertain significance,p.I563L
Ethambutol,embB,embB_p.Phe398Cys,1.0,0.0,3) Uncertain significance,p.F398C
Ethambutol,ubiA,ubiA_p.Met180Ile,7.0,3.0,3) Uncertain significance,p.M180I
Ethambutol,embA,embA_p.Ser654Leu,,,3) Uncertain significance,p.S654L
Ethambutol,embA,embA_p.Ile655Thr,3.0,3.0,3) Uncertain significance,p.I655T
Ethambutol,ubiA,ubiA_p.Phe176Ser,2.0,1.0,3) Uncertain significance,p.F176S
Ethambutol,embB,embB_p.Ile1009Leu,,,3) Uncertain significance,p.I1009L
Ethambutol,ubiA,ubiA_p.Val188Leu,3.0,0.0,3) Uncertain significance,p.V188L
Ethambutol,ubiA,ubiA_p.Pro171Ser,4.0,0.0,3) Uncertain significance,p.P171S
Ethambutol,embA,embA_p.Leu369Met,1.0,2.0,3) Uncertain significance,p.L369M
Ethambutol,ubiA,ubiA_p.Arg240Leu,1.0,1.0,3) Uncertain significance,p.R240L
Ethambutol,embB,embB_p.Phe579Ser,1.0,0.0,3) Uncertain significance,p.F579S
Ethambutol,embB,embB_p.Asn400Tyr,2.0,0.0,3) Uncertain significance,p.N400Y
Ethambutol,ubiA,ubiA_p.Tyr48Phe,2.0,0.0,3) Uncertain significance,p.Y48F
Ethambutol,embC,embC_p.Asn176His,1.0,2.0,3) Uncertain significance,p.N176H
Ethambutol,embC,embC_p.Arg894His,1.0,0.0,3) Uncertain significance,p.R894H
Ethambutol,embB,embB_p.Met396Ile,2.0,3.0,3) Uncertain significance,p.M396I
Ethambutol,ubiA,ubiA_p.Ala35Thr,4.0,0.0,3) Uncertain significance,p.A35T
Ethambutol,embA,embA_p.Val531Leu,4.0,5.0,3) Uncertain significance,p.V531L
Ethambutol,ubiA,ubiA_p.Leu158Val,2.0,0.0,3) Uncertain significance,p.L158V
Ethambutol,ubiA,ubiA_p.Gly41Arg,1.0,0.0,3) Uncertain significance,p.G41R
Ethambutol,embB,embB_p.Phe323Leu,1.0,2.0,3) Uncertain significance,p.F323L
Ethambutol,ubiA,ubiA_p.Ile179Met,1.0,0.0,3) Uncertain significance,p.I179M
Ethambutol,embB,embB_p.Phe320Cys,1.0,0.0,3) Uncertain significance,p.F320C
Ethambutol,embB,embB_p.Val593Met,1.0,1.0,3) Uncertain significance,p.V593M
Ethambutol,embA,embA_p.Leu373Pro,3.0,29.0,3) Uncertain significance,p.L373P
Ethambutol,embB,embB_p.Ile489Thr,2.0,10.0,3) Uncertain significance,p.I489T
Ethambutol,embB,embB_p.Asp354Gly,,,3) Uncertain significance,p.D354G
Ethambutol,ubiA,ubiA_p.Cys232Gly,4.0,0.0,3) Uncertain significance,p.C232G
Ethambutol,embC,embC_p.Leu251Arg,1.0,4.0,3) Uncertain significance,p.L251R
Ethambutol,ubiA,ubiA_p.Ala38Ser,4.0,0.0,3) Uncertain significance,p.A38S
Ethambutol,embB,embB_p.Pro214Ala,1.0,1.0,3) Uncertain significance,p.P214A
Ethambutol,embB,embB_p.Gln853His,1.0,0.0,3) Uncertain significance,p.Q853H
Ethambutol,ubiA,ubiA_p.Gly165Ser,3.0,1.0,3) Uncertain significance,p.G165S
Ethambutol,embB,embB_p.Asp328Val,2.0,0.0,3) Uncertain significance,p.D328V
Ethambutol,embB,embB_p.Ser856Arg,1.0,3.0,3) Uncertain significance,p.S856R
Ethambutol,embB,embB_p.Met306Thr,1.0,0.0,3) Uncertain significance,p.M306T
Ethambutol,ubiA,ubiA_p.Phe238Val,,,3) Uncertain significance,p.F238V
Ethambutol,embC,embC_p.Ile10Thr,0.0,1.0,3) Uncertain significance,p.I10T
Ethambutol,embB,embB_p.Pro92Ser,1.0,1.0,3) Uncertain significance,p.P92S
Ethambutol,ubiA,ubiA_p.Ala249Thr,18.0,7.0,3) Uncertain significance,p.A249T
Ethambutol,ubiA,ubiA_p.Leu224Phe,2.0,0.0,3) Uncertain significance,p.L224F
Ethambutol,embA,embA_p.Val391Leu,0.0,1.0,3) Uncertain significance,p.V391L
Ethambutol,ubiA,ubiA_p.Leu33Val,1.0,0.0,3) Uncertain significance,p.L33V
Ethambutol,embC,embC_p.Val608Leu,1.0,4.0,3) Uncertain significance,p.V608L
Ethambutol,embA,embA_p.Gly134Arg,1.0,1.0,3) Uncertain significance,p.G134R
Ethambutol,embC,embC_p.Ala1059Val,1.0,0.0,3) Uncertain significance,p.A1059V
Ethambutol,embB,embB_p.Gln63Lys,3.0,0.0,3) Uncertain significance,p.Q63K
Ethambutol,ubiA,ubiA_p.Val49Ile,4.0,72.0,3) Uncertain significance,p.V49I
Ethambutol,ubiA,ubiA_p.Cys232Ser,2.0,0.0,3) Uncertain significance,p.C232S
Ethambutol,ubiA,ubiA_p.Ile162Leu,,,3) Uncertain significance,p.I162L
Ethambutol,embA,embA_p.Gly5Ser,7.0,4.0,3) Uncertain significance,p.G5S
Ethambutol,embA,embA_p.Asn722Asp,2.0,1.0,3) Uncertain significance,p.N722D
Ethambutol,embB,embB_p.Ala1073Asp,0.0,14.0,3) Uncertain significance,p.A1073D
Ethambutol,embA,embA_p.Pro918Ser,1.0,0.0,3) Uncertain significance,p.P918S
Ethambutol,embB,embB_p.Gly979Asp,1.0,0.0,3) Uncertain significance,p.G979D
Ethambutol,embC,embC_p.Thr220Ile,1.0,5.0,3) Uncertain significance,p.T220I
Ethambutol,embB,embB_p.Thr151Ile,1.0,0.0,3) Uncertain significance,p.T151I
Ethambutol,embA,embA_p.Ala734Val,3.0,0.0,3) Uncertain significance,p.A734V
Ethambutol,embB,embB_p.Asn644Thr,1.0,0.0,3) Uncertain significance,p.N644T
Ethambutol,ubiA,ubiA_p.Leu31Met,2.0,0.0,3) Uncertain significance,p.L31M
Ethambutol,embB,embB_p.Asn296Tyr,1.0,2.0,3) Uncertain significance,p.N296Y
Ethambutol,ubiA,ubiA_p.Ile159Met,,,3) Uncertain significance,p.I159M
Ethambutol,ubiA,ubiA_p.Ser63Asn,2.0,0.0,3) Uncertain significance,p.S63N
Ethambutol,embB,embB_p.Thr643Ala,2.0,1.0,3) Uncertain significance,p.T643A
Ethambutol,ubiA,ubiA_p.Ala34Val,8.0,0.0,3) Uncertain significance,p.A34V
Ethambutol,embB,embB_p.Ser317Phe,1.0,0.0,3) Uncertain significance,p.S317F
Ethambutol,embC,embC_p.Phe581Leu,1.0,0.0,3) Uncertain significance,p.F581L
Ethambutol,embA,embA_p.Gly729Arg,6.0,3.0,3) Uncertain significance,p.G729R
Ethambutol,ubiA,ubiA_p.Ser2Thr,1.0,0.0,3) Uncertain significance,p.S2T
Ethambutol,ubiA,ubiA_p.Phe176Val,4.0,0.0,3) Uncertain significance,p.F176V
Ethambutol,ubiA,ubiA_p.Val27Ala,4.0,0.0,3) Uncertain significance,p.V27A
Ethambutol,embB,embB_p.Asn318Asp,3.0,2.0,3) Uncertain significance,p.N318D
Ethambutol,embC,embC_p.Met351Thr,,,3) Uncertain significance,p.M351T
Ethambutol,embA,embA_p.Asp636Asn,1.0,0.0,3) Uncertain significance,p.D636N
Ethambutol,embA,embA_p.Trp1054Ser,1.0,0.0,3) Uncertain significance,p.W1054S
Ethambutol,embC,embC_p.Ala233Thr,1.0,3.0,3) Uncertain significance,p.A233T
Ethambutol,embB,embB_p.Val614Ile,2.0,1.0,3) Uncertain significance,p.V614I
Ethambutol,embC,embC_p.Leu94Val,2.0,1.0,3) Uncertain significance,p.L94V
Ethambutol,ubiA,ubiA_p.Leu40Ser,,,3) Uncertain significance,p.L40S
Ethambutol,embC,embC_p.Phe286Leu,,,3) Uncertain significance,p.F286L
Ethambutol,embC,embC_p.Gly1002Asp,3.0,1.0,3) Uncertain significance,p.G1002D
Ethambutol,embC,embC_p.Ala726Gly,1.0,1.0,3) Uncertain significance,p.A726G
Ethambutol,ubiA,ubiA_p.Phe176Cys,1.0,1.0,3) Uncertain significance,p.F176C
Ethambutol,embB,embB_p.Gly603Arg,0.0,4.0,3) Uncertain significance,p.G603R
Ethambutol,embA,embA_p.Val310Ala,,,3) Uncertain significance,p.V310A
Ethambutol,embA,embA_p.Tyr635Cys,1.0,0.0,3) Uncertain significance,p.Y635C
Ethambutol,embB,embB_p.Ala454Thr,2.0,3.0,3) Uncertain significance,p.A454T
Ethambutol,embB,embB_p.Thr1084Pro,,,3) Uncertain significance,p.T1084P
Ethambutol,embB,embB_p.Glu521Ala,0.0,2.0,3) Uncertain significance,p.E521A
Ethambutol,embC,embC_p.Ala95Thr,2.0,0.0,3) Uncertain significance,p.A95T
Ethambutol,embB,embB_p.Leu1036Val,1.0,0.0,3) Uncertain significance,p.L1036V
Ethambutol,embB,embB_p.Ser651Thr,1.0,0.0,3) Uncertain significance,p.S651T
Ethambutol,embB,embB_p.Leu466Ser,2.0,0.0,3) Uncertain significance,p.L466S
Ethambutol,embA,embA_p.Ser731Phe,1.0,0.0,3) Uncertain significance,p.S731F
Ethambutol,embB,embB_p.Asp300Glu,1.0,0.0,3) Uncertain significance,p.D300E
Ethambutol,embB,embB_p.Thr498Pro,1.0,0.0,3) Uncertain significance,p.T498P
Ethambutol,embC,embC_p.Phe385Ser,1.0,0.0,3) Uncertain significance,p.F385S
Ethambutol,embA,embA_p.Leu535Val,,,3) Uncertain significance,p.L535V
Ethambutol,embA,embA_p.Val534Gly,,,3) Uncertain significance,p.V534G
Ethambutol,ubiA,ubiA_p.Val14Leu,1.0,0.0,3) Uncertain significance,p.V14L
Ethambutol,embB,embB_p.Pro397Thr,2.0,0.0,3) Uncertain significance,p.P397T
Ethambutol,embC,embC_p.Ala925Val,3.0,2.0,3) Uncertain significance,p.A925V
Ethambutol,embA,embA_p.Asp4Tyr,1.0,0.0,3) Uncertain significance,p.D4Y
Ethambutol,embA,embA_p.Ala23Glu,,,3) Uncertain significance,p.A23E
Ethambutol,embB,embB_p.Thr501Lys,1.0,1.0,3) Uncertain significance,p.T501K
Ethambutol,embC,embC_p.Pro391Ser,1.0,0.0,3) Uncertain significance,p.P391S
Ethambutol,embA,embA_p.His598Tyr,1.0,1.0,3) Uncertain significance,p.H598Y
Ethambutol,embB,embB_p.Asp920Asn,1.0,0.0,3) Uncertain significance,p.D920N
Ethambutol,embB,embB_p.Val309Leu,1.0,0.0,3) Uncertain significance,p.V309L
Ethambutol,embA,embA_p.Lys488Met,1.0,0.0,3) Uncertain significance,p.K488M
Ethambutol,embA,embA_p.His598Arg,2.0,0.0,3) Uncertain significance,p.H598R
Ethambutol,embC,embC_p.Glu904Lys,1.0,0.0,3) Uncertain significance,p.E904K
Ethambutol,embA,embA_p.Thr232Pro,1.0,0.0,3) Uncertain significance,p.T232P
Ethambutol,ubiA,ubiA_p.Ala181Leu,1.0,0.0,3) Uncertain significance,p.A181L
Ethambutol,embA,embA_p.Pro2Thr,,,3) Uncertain significance,p.P2T
Ethambutol,embA,embA_p.Arg991Gln,1.0,0.0,3) Uncertain significance,p.R991Q
Ethambutol,embA,embA_p.Asp761Asn,1.0,0.0,3) Uncertain significance,p.D761N
Ethambutol,embB,embB_p.Met91Thr,1.0,0.0,3) Uncertain significance,p.M91T
Ethambutol,embC,embC_p.His369Gln,,,3) Uncertain significance,p.H369Q
Ethambutol,embC,embC_p.Gly237Ala,1.0,9.0,3) Uncertain significance,p.G237A
Ethambutol,embA,embA_p.Val89Ala,1.0,0.0,3) Uncertain significance,p.V89A
Ethambutol,ubiA,ubiA_p.Trp175Arg,1.0,0.0,3) Uncertain significance,p.W175R
Ethambutol,ubiA,ubiA_p.Gly41His,,,3) Uncertain significance,p.G41H
Ethambutol,embC,embC_p.Ala745Thr,,,3) Uncertain significance,p.A745T
Ethambutol,embA,embA_p.Thr1080Ser,,,3) Uncertain significance,p.T1080S
Ethambutol,embB,embB_p.Pro477Thr,,,3) Uncertain significance,p.P477T
Ethambutol,ubiA,ubiA_p.Val147Leu,,,3) Uncertain significance,p.V147L
Ethambutol,embA,embA_p.Asn54Asp,15.0,0.0,3) Uncertain significance,p.N54D
Ethambutol,ubiA,ubiA_p.Val5Ala,,,3) Uncertain significance,p.V5A
Ethambutol,embA,embA_p.Pro455Gln,1.0,0.0,3) Uncertain significance,p.P455Q
Ethambutol,embC,embC_p.Leu1049Val,1.0,1.0,3) Uncertain significance,p.L1049V
Ethambutol,embC,embC_p.Thr786Ile,4.0,1.0,3) Uncertain significance,p.T786I
Ethambutol,embC,embC_p.Ser729Phe,,,3) Uncertain significance,p.S729F
Ethambutol,embC,embC_p.Val769Met,3.0,0.0,3) Uncertain significance,p.V769M
Ethambutol,embB,embB_p.Glu138Lys,2.0,1.0,3) Uncertain significance,p.E138K
Ethambutol,embC,embC_p.Thr492Ala,1.0,0.0,3) Uncertain significance,p.T492A
Ethambutol,embB,embB_p.Ile545Phe,,,3) Uncertain significance,p.I545F
Ethambutol,ubiA,ubiA_p.Ile162Thr,2.0,0.0,3) Uncertain significance,p.I162T
Ethambutol,embB,embB_p.Thr643Ile,1.0,5.0,3) Uncertain significance,p.T643I
Ethambutol,embC,embC_p.Gly23Glu,4.0,12.0,3) Uncertain significance,p.G23E
Ethambutol,embC,embC_p.Leu983Arg,,,3) Uncertain significance,p.L983R
Ethambutol,embC,embC_p.Gly780Asp,,,3) Uncertain significance,p.G780D
Ethambutol,embA,embA_p.Leu653Pro,1.0,0.0,3) Uncertain significance,p.L653P
Ethambutol,embB,embB_p.Pro616Ser,2.0,0.0,3) Uncertain significance,p.P616S
Ethambutol,embB,embB_p.Leu359Ile,,,3) Uncertain significance,p.L359I
Ethambutol,embB,embB_p.Asp1017Glu,1.0,0.0,3) Uncertain significance,p.D1017E
Ethambutol,embB,embB_p.Ser10Thr,1.0,0.0,3) Uncertain significance,p.S10T
Ethambutol,embA,embA_p.Ala364Ser,,,3) Uncertain significance,p.A364S
Ethambutol,embB,embB_p.Ala201Ser,,,3) Uncertain significance,p.A201S
Ethambutol,embB,embB_p.Leu544Trp,1.0,0.0,3) Uncertain significance,p.L544W
Ethambutol,embB,embB_p.Phe1067Leu,1.0,0.0,3) Uncertain significance,p.F1067L
Ethambutol,embB,embB_p.Val618Met,1.0,12.0,3) Uncertain significance,p.V618M
Ethambutol,embA,embA_p.Phe533Leu,,,3) Uncertain significance,p.F533L
Ethambutol,embC,embC_p.Arg894Leu,1.0,0.0,3) Uncertain significance,p.R894L
Ethambutol,ubiA,ubiA_p.Ala249Gly,1.0,1.0,3) Uncertain significance,p.A249G
Ethambutol,embA,embA_p.Asp52Asn,1.0,0.0,3) Uncertain significance,p.D52N
Ethambutol,embA,embA_p.Asp4Asn,1.0,2.0,3) Uncertain significance,p.D4N
Ethambutol,ubiA,ubiA_p.Ala161Pro,4.0,1.0,3) Uncertain significance,p.A161P
Ethambutol,embA,embA_p.Val468Ala,16.0,57.0,3) Uncertain significance,p.V468A
Ethambutol,embA,embA_p.Ala331Thr,2.0,0.0,3) Uncertain significance,p.A331T
Ethambutol,embB,embB_p.Thr279Pro,2.0,8.0,3) Uncertain significance,p.T279P
Ethambutol,embA,embA_p.Leu215Met,2.0,1.0,3) Uncertain significance,p.L215M
Ethambutol,embB,embB_p.Ala1007Thr,1.0,0.0,3) Uncertain significance,p.A1007T
Ethambutol,embB,embB_p.Ile303Met,1.0,0.0,3) Uncertain significance,p.I303M
Ethambutol,embC,embC_p.Thr620Ile,1.0,1.0,3) Uncertain significance,p.T620I
Ethambutol,embB,embB_p.Arg173Leu,2.0,0.0,3) Uncertain significance,p.R173L
Ethambutol,ubiA,ubiA_p.Asp265Tyr,1.0,0.0,3) Uncertain significance,p.D265Y
Ethambutol,ubiA,ubiA_p.Ala278Val,2.0,0.0,3) Uncertain significance,p.A278V
Ethambutol,embB,embB_p.Val488Ile,1.0,0.0,3) Uncertain significance,p.V488I
Ethambutol,embB,embB_p.Asp496Asn,1.0,0.0,3) Uncertain significance,p.D496N
Ethambutol,ubiA,ubiA_p.Val221Leu,,,3) Uncertain significance,p.V221L
Ethambutol,embB,embB_p.Asp57Gly,1.0,1.0,3) Uncertain significance,p.D57G
Ethambutol,embC,embC_p.Phe535Leu,1.0,0.0,3) Uncertain significance,p.F535L
Ethambutol,embB,embB_p.Lys165Asn,1.0,0.0,3) Uncertain significance,p.K165N
Ethambutol,embA,embA_p.Val695Ala,3.0,2.0,3) Uncertain significance,p.V695A
Ethambutol,embA,embA_p.Thr1080Pro,1.0,3.0,3) Uncertain significance,p.T1080P
Ethambutol,embA,embA_p.Met697Val,1.0,1.0,3) Uncertain significance,p.M697V
Ethambutol,embB,embB_p.Ala679Val,1.0,0.0,3) Uncertain significance,p.A679V
Ethambutol,embC,embC_p.Val131Ala,2.0,0.0,3) Uncertain significance,p.V131A
Ethambutol,embC,embC_p.Val974Ala,1.0,0.0,3) Uncertain significance,p.V974A
Ethambutol,embA,embA_p.Thr40Ala,1.0,0.0,3) Uncertain significance,p.T40A
Ethambutol,embA,embA_p.Met153Val,1.0,1.0,3) Uncertain significance,p.M153V
Ethambutol,embC,embC_p.Val755Leu,1.0,0.0,3) Uncertain significance,p.V755L
Ethambutol,embB,embB_p.Ile16Leu,1.0,3.0,3) Uncertain significance,p.I16L
Ethambutol,embA,embA_p.Asn1019Asp,1.0,0.0,3) Uncertain significance,p.N1019D
Ethambutol,embB,embB_p.Ile450Ser,0.0,1.0,3) Uncertain significance,p.I450S
Ethambutol,embB,embB_p.Tyr315Cys,0.0,1.0,3) Uncertain significance,p.Y315C
Ethambutol,embB,embB_p.Gly1031Ser,1.0,1.0,3) Uncertain significance,p.G1031S
Ethambutol,embB,embB_p.Val50Ala,1.0,0.0,3) Uncertain significance,p.V50A
Ethambutol,embC,embC_p.Arg20His,1.0,1.0,3) Uncertain significance,p.R20H
Ethambutol,embA,embA_p.Pro156Ser,1.0,0.0,3) Uncertain significance,p.P156S
Ethambutol,embA,embA_p.Ala205Thr,1.0,0.0,3) Uncertain significance,p.A205T
Ethambutol,ubiA,ubiA_p.Phe248Leu,1.0,1.0,3) Uncertain significance,p.F248L
Ethambutol,embB,embB_p.Phe330Leu,3.0,1.0,3) Uncertain significance,p.F330L
Ethambutol,embB,embB_p.Ile489Met,1.0,0.0,3) Uncertain significance,p.I489M
Ethambutol,embB,embB_p.Lys107Arg,1.0,0.0,3) Uncertain significance,p.K107R
Ethambutol,embB,embB_p.Asp816His,1.0,0.0,3) Uncertain significance,p.D816H
Ethambutol,ubiA,ubiA_p.Met180Thr,4.0,1.0,3) Uncertain significance,p.M180T
Ethambutol,embC,embC_p.Gly149Cys,1.0,0.0,3) Uncertain significance,p.G149C
Ethambutol,embC,embC_p.Pro992Leu,1.0,0.0,3) Uncertain significance,p.P992L
Ethambutol,embA,embA_p.Ile637Thr,1.0,0.0,3) Uncertain significance,p.I637T
Ethambutol,embB,embB_p.Trp1089Leu,1.0,0.0,3) Uncertain significance,p.W1089L
Ethambutol,embB,embB_p.Arg691His,1.0,0.0,3) Uncertain significance,p.R691H
Ethambutol,embA,embA_p.Asp176His,1.0,0.0,3) Uncertain significance,p.D176H
Ethambutol,embC,embC_p.Ala92Gly,,,3) Uncertain significance,p.A92G
Ethambutol,embB,embB_p.Gly406Val,,,3) Uncertain significance,p.G406V
Ethambutol,ubiA,ubiA_p.Leu31Val,2.0,0.0,3) Uncertain significance,p.L31V
Ethambutol,embA,embA_p.Leu27Val,1.0,0.0,3) Uncertain significance,p.L27V
Ethambutol,embB,embB_p.Gly1087Asp,1.0,0.0,3) Uncertain significance,p.G1087D
Ethambutol,ubiA,ubiA_p.Met252Thr,,,3) Uncertain significance,p.M252T
Ethambutol,ubiA,ubiA_p.Thr104Ala,1.0,0.0,3) Uncertain significance,p.T104A
Ethambutol,embB,embB_p.Asn522Thr,1.0,0.0,3) Uncertain significance,p.N522T
Ethambutol,embB,embB_p.Thr153Asn,1.0,0.0,3) Uncertain significance,p.T153N
Ethambutol,ubiA,ubiA_p.Phe186Leu,,,3) Uncertain significance,p.F186L
Ethambutol,ubiA,ubiA_p.Val229Leu,,,3) Uncertain significance,p.V229L
Ethambutol,embB,embB_p.Met939Val,,,3) Uncertain significance,p.M939V
Ethambutol,ubiA,ubiA_p.Leu218Met,,,3) Uncertain significance,p.L218M
Ethambutol,embA,embA_p.Pro431Gln,2.0,0.0,3) Uncertain significance,p.P431Q
Ethambutol,embB,embB_p.Leu1070Pro,1.0,0.0,3) Uncertain significance,p.L1070P
Ethambutol,embA,embA_p.Val911Ile,0.0,6.0,3) Uncertain significance,p.V911I
Ethambutol,embB,embB_p.Trp1089Arg,1.0,0.0,3) Uncertain significance,p.W1089R
Ethambutol,embA,embA_p.Phe912Leu,3.0,1.0,3) Uncertain significance,p.F912L
Ethambutol,embC,embC_p.Phe67Val,1.0,3.0,3) Uncertain significance,p.F67V
Ethambutol,embB,embB_p.Ile465Ser,1.0,0.0,3) Uncertain significance,p.I465S
Ethambutol,embB,embB_p.Ser347Val,,,3) Uncertain significance,p.S347V
Ethambutol,embC,embC_p.Val371Ile,,,3) Uncertain significance,p.V371I
Ethambutol,ubiA,ubiA_p.Gly41Ser,,,3) Uncertain significance,p.G41S
Ethambutol,ubiA,ubiA_p.Phe238Tyr,,,3) Uncertain significance,p.F238Y
Ethambutol,embA,embA_p.Arg229Ser,1.0,1.0,3) Uncertain significance,p.R229S
Ethambutol,embA,embA_p.Val938Leu,1.0,0.0,3) Uncertain significance,p.V938L
Ethambutol,embB,embB_p.Leu632Phe,1.0,3.0,3) Uncertain significance,p.L632F
Ethambutol,embB,embB_p.Gln925Pro,2.0,0.0,3) Uncertain significance,p.Q925P
Ethambutol,embC,embC_p.Pro820Leu,1.0,0.0,3) Uncertain significance,p.P820L
Ethambutol,ubiA,ubiA_p.Leu172Val,1.0,2.0,3) Uncertain significance,p.L172V
Ethambutol,embA,embA_p.Gly348Glu,1.0,0.0,3) Uncertain significance,p.G348E
Ethambutol,embB,embB_p.Trp349Arg,,,3) Uncertain significance,p.W349R
Ethambutol,ubiA,ubiA_p.Leu40Phe,1.0,0.0,3) Uncertain significance,p.L40F
Ethambutol,embA,embA_p.Leu62Met,1.0,1.0,3) Uncertain significance,p.L62M
Ethambutol,ubiA,ubiA_p.Val188Gly,1.0,0.0,3) Uncertain significance,p.V188G
Ethambutol,embC,embC_p.Val42Leu,1.0,0.0,3) Uncertain significance,p.V42L
Ethambutol,embC,embC_p.Arg879Gly,3.0,8.0,3) Uncertain significance,p.R879G
Ethambutol,embA,embA_p.Ala320Val,1.0,0.0,3) Uncertain significance,p.A320V
Ethambutol,embB,embB_p.Pro197Arg,1.0,1.0,3) Uncertain significance,p.P197R
Ethambutol,embC,embC_p.Cys355Phe,1.0,0.0,3) Uncertain significance,p.C355F
Ethambutol,embA,embA_p.Gly543Ala,1.0,0.0,3) Uncertain significance,p.G543A
Ethambutol,embC,embC_p.Arg1041Pro,1.0,0.0,3) Uncertain significance,p.R1041P
Ethambutol,embC,embC_p.Ala68Pro,,,3) Uncertain significance,p.A68P
Ethambutol,embA,embA_p.Val266Ala,1.0,0.0,3) Uncertain significance,p.V266A
Ethambutol,embB,embB_p.Asp328Ile,0.0,1.0,3) Uncertain significance,p.D328I
Ethambutol,embA,embA_p.Ser727Asn,1.0,1.0,3) Uncertain significance,p.S727N
Ethambutol,embA,embA_p.Ala835Thr,,,3) Uncertain significance,p.A835T
Ethambutol,embB,embB_p.Thr126Asn,1.0,0.0,3) Uncertain significance,p.T126N
Ethambutol,embA,embA_p.Leu659Phe,0.0,4.0,3) Uncertain significance,p.L659F
Ethambutol,embC,embC_p.Arg13Trp,1.0,0.0,3) Uncertain significance,p.R13W
Ethambutol,embA,embA_p.Ala757Ser,1.0,0.0,3) Uncertain significance,p.A757S
Ethambutol,ubiA,ubiA_p.Ile179Val,1.0,0.0,3) Uncertain significance,p.I179V
Ethambutol,embB,embB_p.Arg182Cys,1.0,1.0,3) Uncertain significance,p.R182C
Ethambutol,embA,embA_p.Pro774His,1.0,2.0,3) Uncertain significance,p.P774H
Ethambutol,embA,embA_p.Ala725Val,1.0,0.0,3) Uncertain significance,p.A725V
Ethambutol,embA,embA_p.Pro639Ser,16.0,57.0,3) Uncertain significance,p.P639S
Ethambutol,embB,embB_p.Gly1081Ser,,,3) Uncertain significance,p.G1081S
Ethambutol,embA,embA_p.Ala797Pro,,,3) Uncertain significance,p.A797P
Ethambutol,embA,embA_p.Pro455Arg,1.0,1.0,3) Uncertain significance,p.P455R
Ethambutol,embB,embB_p.Ala5Ser,1.0,0.0,3) Uncertain significance,p.A5S
Ethambutol,embC,embC_p.Val473Met,1.0,0.0,3) Uncertain significance,p.V473M
Ethambutol,embA,embA_p.Phe1030Leu,,,3) Uncertain significance,p.F1030L
Ethambutol,embA,embA_p.Ala401Gly,,,3) Uncertain significance,p.A401G
Ethambutol,embB,embB_p.Pro404Ala,3.0,0.0,3) Uncertain significance,p.P404A
Ethambutol,embA,embA_p.Asp120Asn,2.0,0.0,3) Uncertain significance,p.D120N
Ethambutol,embB,embB_p.Ala30Thr,2.0,0.0,3) Uncertain significance,p.A30T
Ethambutol,ubiA,ubiA_p.Ile150Met,1.0,0.0,3) Uncertain significance,p.I150M
Ethambutol,embA,embA_p.Val640Phe,1.0,0.0,3) Uncertain significance,p.V640F
Ethambutol,ubiA,ubiA_p.Val283Leu,1.0,1.0,3) Uncertain significance,p.V283L
Ethambutol,embA,embA_p.Gly778Ser,,,3) Uncertain significance,p.G778S
Ethambutol,embC,embC_p.Asn618His,1.0,1.0,3) Uncertain significance,p.N618H
Ethambutol,embB,embB_p.Thr212Ala,2.0,3.0,3) Uncertain significance,p.T212A
Ethambutol,embC,embC_p.Ile406Val,4.0,12.0,3) Uncertain significance,p.I406V
Ethambutol,embB,embB_p.Arg267Gln,1.0,2.0,3) Uncertain significance,p.R267Q
Ethambutol,embC,embC_p.Glu178Lys,,,3) Uncertain significance,p.E178K
Ethambutol,embA,embA_p.Ala249Thr,2.0,3.0,3) Uncertain significance,p.A249T
Ethambutol,ubiA,ubiA_p.Trp175Ser,2.0,1.0,3) Uncertain significance,p.W175S
Ethambutol,embA,embA_p.Arg517Cys,1.0,0.0,3) Uncertain significance,p.R517C
Ethambutol,embB,embB_p.Trp572Cys,1.0,1.0,3) Uncertain significance,p.W572C
Ethambutol,embB,embB_p.Gly294Ser,2.0,1.0,3) Uncertain significance,p.G294S
Ethambutol,ubiA,ubiA_p.Ala39Gly,3.0,1.0,3) Uncertain significance,p.A39G
Ethambutol,embA,embA_p.Arg11Trp,1.0,0.0,3) Uncertain significance,p.R11W
Ethambutol,ubiA,ubiA_p.Phe59Ser,2.0,1.0,3) Uncertain significance,p.F59S
Ethambutol,ubiA,ubiA_p.Lys54Asn,1.0,0.0,3) Uncertain significance,p.K54N
Ethambutol,embA,embA_p.Asp744Ala,1.0,0.0,3) Uncertain significance,p.D744A
Ethambutol,embA,embA_p.Ala662Thr,,,3) Uncertain significance,p.A662T
Ethambutol,embC,embC_p.Pro210Ala,1.0,0.0,3) Uncertain significance,p.P210A
Ethambutol,embC,embC_p.Gly242Ser,1.0,1.0,3) Uncertain significance,p.G242S
Ethambutol,embC,embC_p.Gly857Ser,1.0,2.0,3) Uncertain significance,p.G857S
Ethambutol,embA,embA_p.Asp235Gly,1.0,0.0,3) Uncertain significance,p.D235G
Ethambutol,embA,embA_p.Asp865Asn,6.0,16.0,3) Uncertain significance,p.D865N
Ethambutol,embC,embC_p.Val35Met,2.0,5.0,3) Uncertain significance,p.V35M
Ethambutol,embA,embA_p.Gln858Arg,1.0,2.0,3) Uncertain significance,p.Q858R
Ethambutol,embB,embB_p.Gly100Ser,0.0,9.0,3) Uncertain significance,p.G100S
Ethambutol,embA,embA_p.Ala315Pro,1.0,0.0,3) Uncertain significance,p.A315P
Ethambutol,embB,embB_p.Val917Ala,1.0,0.0,3) Uncertain significance,p.V917A
Ethambutol,embB,embB_p.Ala680Thr,1.0,1.0,3) Uncertain significance,p.A680T
Ethambutol,embC,embC_p.Asn176Asp,1.0,2.0,3) Uncertain significance,p.N176D
Ethambutol,embB,embB_p.Asp108Asn,2.0,1.0,3) Uncertain significance,p.D108N
Ethambutol,embA,embA_p.Glu301Ala,1.0,1.0,3) Uncertain significance,p.E301A
Ethambutol,ubiA,ubiA_p.Val55Met,3.0,2.0,5) Not assoc w R,p.V55M
Ethambutol,ubiA,ubiA_p.Trp175Cys,3.0,5.0,3) Uncertain significance,p.W175C
Ethambutol,embB,embB_p.Met804Ile,1.0,1.0,3) Uncertain significance,p.M804I
Ethambutol,embB,embB_p.Gln853Arg,4.0,1.0,3) Uncertain significance,p.Q853R
Ethambutol,embC,embC_p.Val19Ala,0.0,2.0,3) Uncertain significance,p.V19A
Ethambutol,embB,embB_p.Arg972His,,,3) Uncertain significance,p.R972H
Ethambutol,embB,embB_p.Thr498Ser,,,3) Uncertain significance,p.T498S
Ethambutol,embA,embA_p.Ala103Ser,0.0,1.0,3) Uncertain significance,p.A103S
Ethambutol,embB,embB_p.Val292Phe,1.0,3.0,3) Uncertain significance,p.V292F
Ethambutol,embA,embA_p.Arg68Pro,0.0,2.0,3) Uncertain significance,p.R68P
Ethambutol,ubiA,ubiA_p.Lys174Arg,1.0,0.0,3) Uncertain significance,p.K174R
Ethambutol,embC,embC_p.Pro564Gln,1.0,0.0,3) Uncertain significance,p.P564Q
Ethambutol,embB,embB_p.Gly979Ala,0.0,1.0,3) Uncertain significance,p.G979A
Ethambutol,embA,embA_p.Gly759Arg,2.0,1.0,3) Uncertain significance,p.G759R
Ethambutol,embB,embB_p.Val668Ala,2.0,4.0,4) Not assoc w R - Interim,p.V668A
Ethambutol,embB,embB_p.Gly246Arg,1.0,28.0,3) Uncertain significance,p.G246R
Ethambutol,embC,embC_p.Thr1044Pro,1.0,1.0,3) Uncertain significance,p.T1044P
Ethambutol,embB,embB_p.Ser773Pro,0.0,1.0,3) Uncertain significance,p.S773P
Ethambutol,ubiA,ubiA_p.Thr216Ala,1.0,0.0,3) Uncertain significance,p.T216A
Ethambutol,embC,embC_p.Ala664Thr,1.0,3.0,3) Uncertain significance,p.A664T
Ethambutol,embA,embA_p.Leu344Pro,,,3) Uncertain significance,p.L344P
Ethambutol,embC,embC_p.Gly186Cys,0.0,3.0,4) Not assoc w R - Interim,p.G186C
Ethambutol,embC,embC_p.Gly149Ser,0.0,1.0,3) Uncertain significance,p.G149S
Ethambutol,embB,embB_p.Ile32Thr,1.0,3.0,3) Uncertain significance,p.I32T
Ethambutol,embA,embA_p.Ile696Leu,2.0,2.0,3) Uncertain significance,p.I696L
Ethambutol,embC,embC_p.Gln725Arg,4.0,4.0,4) Not assoc w R - Interim,p.Q725R
Ethambutol,ubiA,ubiA_p.Leu172Pro,2.0,3.0,4) Not assoc w R - Interim,p.L172P
Ethambutol,embC,embC_p.Val920Ile,1.0,3.0,3) Uncertain significance,p.V920I
Ethambutol,embC,embC_p.Asp1052Ala,,,3) Uncertain significance,p.D1052A
Ethambutol,embC,embC_p.Asn60His,1.0,1.0,3) Uncertain significance,p.N60H
Ethambutol,ubiA,ubiA_p.Val283Ala,,,3) Uncertain significance,p.V283A
Ethambutol,embC,embC_p.Gly687Glu,0.0,2.0,3) Uncertain significance,p.G687E
Ethambutol,embA,embA_p.Arg11Gln,1.0,4.0,4) Not assoc w R - Interim,p.R11Q
Ethambutol,embB,embB_p.Ser650Cys,0.0,1.0,3) Uncertain significance,p.S650C
Ethambutol,embB,embB_p.Ala15Pro,0.0,1.0,3) Uncertain significance,p.A15P
Ethambutol,embB,embB_p.Thr11Pro,0.0,1.0,3) Uncertain significance,p.T11P
Ethambutol,embA,embA_p.Gly596Ser,1.0,12.0,4) Not assoc w R - Interim,p.G596S
Ethambutol,embB,embB_p.Gly458Cys,0.0,1.0,3) Uncertain significance,p.G458C
Ethambutol,embA,embA_p.Gly86Ala,0.0,1.0,3) Uncertain significance,p.G86A
Ethambutol,embB,embB_p.Gln497Leu,0.0,1.0,3) Uncertain significance,p.Q497L
Ethambutol,embB,embB_p.Thr498Ala,0.0,1.0,3) Uncertain significance,p.T498A
Ethambutol,embA,embA_p.Thr56Pro,0.0,1.0,3) Uncertain significance,p.T56P
Ethambutol,embB,embB_p.Asp328Ala,0.0,1.0,3) Uncertain significance,p.D328A
Ethambutol,embA,embA_p.Gly298Asp,0.0,1.0,3) Uncertain significance,p.G298D
Ethambutol,embC,embC_p.Pro1065Leu,1.0,6.0,4) Not assoc w R - Interim,p.P1065L
Ethambutol,embA,embA_p.Leu208Phe,0.0,2.0,3) Uncertain significance,p.L208F
Ethambutol,embA,embA_p.Gly5Val,3.0,4.0,3) Uncertain significance,p.G5V
Ethambutol,embC,embC_p.Ala1073Thr,0.0,1.0,3) Uncertain significance,p.A1073T
Ethambutol,embB,embB_p.Gln3Arg,,,3) Uncertain significance,p.Q3R
Ethambutol,embC,embC_p.Ala888Gly,,,3) Uncertain significance,p.A888G
Ethambutol,embB,embB_p.Ala439Thr,1.0,0.0,3) Uncertain significance,p.A439T
Ethambutol,embA,embA_p.Gly388Ser,1.0,0.0,3) Uncertain significance,p.G388S
Ethambutol,embB,embB_p.Glu1008Lys,0.0,1.0,3) Uncertain significance,p.E1008K
Ethambutol,embC,embC_p.Gly432Ser,0.0,1.0,3) Uncertain significance,p.G432S
Ethambutol,embC,embC_p.His956Arg,0.0,1.0,3) Uncertain significance,p.H956R
Ethambutol,embC,embC_p.Val974Leu,4.0,1.0,3) Uncertain significance,p.V974L
Ethambutol,embA,embA_p.Met207Ile,0.0,1.0,3) Uncertain significance,p.M207I
Ethambutol,embA,embA_p.Gly5Arg,3.0,1.0,3) Uncertain significance,p.G5R
Ethambutol,embB,embB_p.Gly199Arg,0.0,4.0,3) Uncertain significance,p.G199R
Ethambutol,embA,embA_p.Leu967Val,0.0,1.0,3) Uncertain significance,p.L967V
Ethambutol,ubiA,ubiA_p.Leu158Ser,0.0,4.0,3) Uncertain significance,p.L158S
Ethambutol,embC,embC_p.Met310Thr,0.0,1.0,3) Uncertain significance,p.M310T
Ethambutol,embA,embA_p.Tyr664His,0.0,1.0,3) Uncertain significance,p.Y664H
Ethambutol,embC,embC_p.Thr770Ala,0.0,1.0,3) Uncertain significance,p.T770A
Ethambutol,embB,embB_p.Ala941Thr,0.0,1.0,3) Uncertain significance,p.A941T
Ethambutol,embC,embC_p.Asp878Ala,0.0,1.0,3) Uncertain significance,p.D878A
Ethambutol,ubiA,ubiA_p.Gly268Ser,0.0,1.0,3) Uncertain significance,p.G268S
Ethambutol,embB,embB_p.Gln497Glu,,,3) Uncertain significance,p.Q497E
Ethambutol,embA,embA_p.Met153Thr,0.0,4.0,3) Uncertain significance,p.M153T
Ethambutol,embA,embA_p.Ser49Arg,0.0,4.0,3) Uncertain significance,p.S49R
Ethambutol,embA,embA_p.Thr308Pro,0.0,4.0,3) Uncertain significance,p.T308P
Ethambutol,embB,embB_p.Lys561Met,0.0,4.0,3) Uncertain significance,p.K561M
Ethambutol,embB,embB_p.Val744Ala,0.0,4.0,3) Uncertain significance,p.V744A
Ethambutol,ubiA,ubiA_p.Gln8Arg,0.0,4.0,3) Uncertain significance,p.Q8R
Ethambutol,embB,embB_p.Lys1011Thr,0.0,1.0,3) Uncertain significance,p.K1011T
Ethambutol,embB,embB_p.Ala716Pro,0.0,1.0,3) Uncertain significance,p.A716P
Ethambutol,ubiA,ubiA_p.Ala181Thr,5.0,2.0,5) Not assoc w R,p.A181T
Ethambutol,embA,embA_p.Gly765Asp,,,3) Uncertain significance,p.G765D
Ethambutol,embA,embA_p.Asp176Glu,2.0,7.0,3) Uncertain significance,p.D176E
Ethambutol,embB,embB_p.Val369Met,0.0,2.0,3) Uncertain significance,p.V369M
Ethambutol,embA,embA_p.Phe342Val,0.0,1.0,3) Uncertain significance,p.F342V
Ethambutol,embA,embA_p.Gly628Asp,0.0,1.0,3) Uncertain significance,p.G628D
Ethambutol,embC,embC_p.Pro62Ser,0.0,1.0,3) Uncertain significance,p.P62S
Ethambutol,embA,embA_p.Pro901Leu,1.0,20.0,3) Uncertain significance,p.P901L
Ethambutol,embB,embB_p.Ala281Val,0.0,1.0,3) Uncertain significance,p.A281V
Ethambutol,embB,embB_p.Gly169Asp,0.0,1.0,3) Uncertain significance,p.G169D
Ethambutol,embC,embC_p.Asn127Ser,0.0,1.0,3) Uncertain significance,p.N127S
Ethambutol,embA,embA_p.Glu1075Asp,0.0,1.0,3) Uncertain significance,p.E1075D
Ethambutol,embB,embB_p.Pro894Ser,0.0,1.0,3) Uncertain significance,p.P894S
Ethambutol,embB,embB_p.Val377Ala,0.0,1.0,3) Uncertain significance,p.V377A
Ethambutol,embA,embA_p.Pro689Leu,0.0,1.0,3) Uncertain significance,p.P689L
Ethambutol,embA,embA_p.Ala520Thr,0.0,1.0,3) Uncertain significance,p.A520T
Ethambutol,embB,embB_p.Pro912Thr,0.0,1.0,3) Uncertain significance,p.P912T
Ethambutol,embC,embC_p.Pro649Ser,0.0,1.0,3) Uncertain significance,p.P649S
Ethambutol,embC,embC_p.Thr319Ile,0.0,1.0,3) Uncertain significance,p.T319I
Ethambutol,embA,embA_p.Pro763Leu,,,3) Uncertain significance,p.P763L
Ethambutol,embB,embB_p.Gly25Arg,0.0,3.0,3) Uncertain significance,p.G25R
Ethambutol,embB,embB_p.Ala259Glu,0.0,1.0,3) Uncertain significance,p.A259E
Ethambutol,embB,embB_p.Pro262Leu,0.0,1.0,3) Uncertain significance,p.P262L
Ethambutol,embB,embB_p.Ser260Glu,0.0,1.0,3) Uncertain significance,p.S260E
Ethambutol,embB,embB_p.Ser261Glu,0.0,1.0,3) Uncertain significance,p.S261E
Ethambutol,embB,embB_p.Phe628Ser,0.0,1.0,3) Uncertain significance,p.F628S
Ethambutol,embA,embA_p.Arg446His,0.0,1.0,3) Uncertain significance,p.R446H
Ethambutol,embA,embA_p.Asn85Tyr,0.0,1.0,3) Uncertain significance,p.N85Y
Ethambutol,embA,embA_p.Cys527Tyr,0.0,1.0,3) Uncertain significance,p.C527Y
Ethambutol,embB,embB_p.Lys820Thr,0.0,2.0,3) Uncertain significance,p.K820T
Ethambutol,embB,embB_p.Ala249Asp,0.0,1.0,3) Uncertain significance,p.A249D
Ethambutol,embB,embB_p.Ala683Val,0.0,2.0,3) Uncertain significance,p.A683V
Ethambutol,embC,embC_p.Ser107Ala,0.0,1.0,3) Uncertain significance,p.S107A
Ethambutol,embA,embA_p.Val339Ala,0.0,1.0,3) Uncertain significance,p.V339A
Ethambutol,embB,embB_p.Thr1015Ala,0.0,1.0,3) Uncertain significance,p.T1015A
Ethambutol,embB,embB_p.Met423Ile,1.0,4.0,3) Uncertain significance,p.M423I
Ethambutol,embA,embA_p.Thr270Pro,1.0,0.0,3) Uncertain significance,p.T270P
Ethambutol,embB,embB_p.Pro404Leu,0.0,1.0,3) Uncertain significance,p.P404L
Ethambutol,embA,embA_p.Pro242Arg,,,3) Uncertain significance,p.P242R
Ethambutol,embB,embB_p.Ala701Pro,,,3) Uncertain significance,p.A701P
Ethambutol,embA,embA_p.Ala355Ser,0.0,1.0,3) Uncertain significance,p.A355S
Ethambutol,embA,embA_p.Thr674Asn,0.0,1.0,3) Uncertain significance,p.T674N
Ethambutol,embC,embC_p.Val34Met,0.0,1.0,3) Uncertain significance,p.V34M
Ethambutol,embC,embC_p.Met579Leu,0.0,1.0,3) Uncertain significance,p.M579L
Ethambutol,embB,embB_p.Arg507Thr,0.0,1.0,3) Uncertain significance,p.R507T
Ethambutol,embB,embB_p.Ser565Thr,1.0,2.0,3) Uncertain significance,p.S565T
Ethambutol,embC,embC_p.Arg614Pro,0.0,1.0,3) Uncertain significance,p.R614P
Ethambutol,embA,embA_p.Ser1024Cys,0.0,1.0,3) Uncertain significance,p.S1024C
Ethambutol,embB,embB_p.Ser174Asn,0.0,1.0,3) Uncertain significance,p.S174N
Ethambutol,embB,embB_p.Ile226Val,0.0,1.0,3) Uncertain significance,p.I226V
Ethambutol,embA,embA_p.Trp142Arg,0.0,1.0,3) Uncertain significance,p.W142R
Ethambutol,embC,embC_p.Val506Ile,0.0,1.0,3) Uncertain significance,p.V506I
Ethambutol,embA,embA_p.Glu882Lys,,,3) Uncertain significance,p.E882K
Ethambutol,embB,embB_p.Val492Met,0.0,1.0,3) Uncertain significance,p.V492M
Ethambutol,embA,embA_p.Ala440Thr,,,3) Uncertain significance,p.A440T
Ethambutol,embC,embC_p.Thr609Ser,0.0,1.0,3) Uncertain significance,p.T609S
Ethambutol,embB,embB_p.Ala943Val,0.0,1.0,3) Uncertain significance,p.A943V
Ethambutol,embA,embA_p.Asp678Gly,0.0,1.0,3) Uncertain significance,p.D678G
Ethambutol,embC,embC_p.Val716Met,0.0,1.0,3) Uncertain significance,p.V716M
Ethambutol,embB,embB_p.Pro76Leu,0.0,1.0,3) Uncertain significance,p.P76L
Ethambutol,embA,embA_p.Gly96Asp,0.0,2.0,3) Uncertain significance,p.G96D
Ethambutol,ubiA,ubiA_p.Asp276Gly,0.0,1.0,3) Uncertain significance,p.D276G
Ethambutol,embA,embA_p.Gly817Ser,0.0,1.0,3) Uncertain significance,p.G817S
Ethambutol,embB,embB_p.Asp178Asn,,,3) Uncertain significance,p.D178N
Ethambutol,embA,embA_p.Val31Phe,0.0,1.0,3) Uncertain significance,p.V31F
Ethambutol,embC,embC_p.Pro226Ser,0.0,1.0,3) Uncertain significance,p.P226S
Ethambutol,embA,embA_p.Glu995Gly,0.0,1.0,3) Uncertain significance,p.E995G
Ethambutol,embA,embA_p.Ser516Cys,0.0,1.0,3) Uncertain significance,p.S516C
Ethambutol,ubiA,ubiA_p.Glu99Lys,0.0,1.0,3) Uncertain significance,p.E99K
Ethambutol,embC,embC_p.Phe214Ser,0.0,1.0,3) Uncertain significance,p.F214S
Ethambutol,embA,embA_p.Trp495Cys,0.0,1.0,3) Uncertain significance,p.W495C
Ethambutol,embC,embC_p.Pro996Thr,0.0,1.0,3) Uncertain significance,p.P996T
Ethambutol,embA,embA_p.Pro867Ser,,,3) Uncertain significance,p.P867S
Ethambutol,embC,embC_p.Tyr1066His,0.0,1.0,3) Uncertain significance,p.Y1066H
Ethambutol,embC,embC_p.Leu472Met,0.0,1.0,3) Uncertain significance,p.L472M
Ethambutol,embB,embB_p.Pro177Leu,0.0,1.0,3) Uncertain significance,p.P177L
Ethambutol,embB,embB_p.Val414Ile,0.0,1.0,3) Uncertain significance,p.V414I
Ethambutol,embA,embA_p.Arg866Leu,,,3) Uncertain significance,p.R866L
Ethambutol,embC,embC_p.Gly764Val,0.0,1.0,3) Uncertain significance,p.G764V
Ethambutol,embA,embA_p.Gly29Val,,,3) Uncertain significance,p.G29V
Ethambutol,embA,embA_p.Gly180Glu,0.0,1.0,3) Uncertain significance,p.G180E
Ethambutol,embC,embC_p.Pro798Gln,0.0,1.0,3) Uncertain significance,p.P798Q
Ethambutol,embC,embC_p.Ala232Val,0.0,1.0,3) Uncertain significance,p.A232V
Ethambutol,embC,embC_p.Gly186Arg,0.0,1.0,3) Uncertain significance,p.G186R
Ethambutol,embA,embA_p.Gly547Asp,,,3) Uncertain significance,p.G547D
Ethambutol,embB,embB_p.Pro214Gln,0.0,1.0,3) Uncertain significance,p.P214Q
Ethambutol,embA,embA_p.Gly149Asp,,,3) Uncertain significance,p.G149D
Ethambutol,embA,embA_p.Arg472Leu,0.0,1.0,3) Uncertain significance,p.R472L
Ethambutol,ubiA,ubiA_p.Val49Phe,0.0,1.0,3) Uncertain significance,p.V49F
Ethambutol,embC,embC_p.Arg695Trp,0.0,1.0,3) Uncertain significance,p.R695W
Ethambutol,embB,embB_p.Thr704Lys,0.0,1.0,3) Uncertain significance,p.T704K
Ethambutol,ubiA,ubiA_p.Val27Leu,0.0,1.0,3) Uncertain significance,p.V27L
Ethambutol,embA,embA_p.Leu685Ser,0.0,1.0,3) Uncertain significance,p.L685S
Ethambutol,embA,embA_p.Val31Ile,0.0,1.0,3) Uncertain significance,p.V31I
Ethambutol,embC,embC_p.Gly601Glu,0.0,1.0,3) Uncertain significance,p.G601E
Ethambutol,embA,embA_p.Ala355Val,0.0,1.0,3) Uncertain significance,p.A355V
Ethambutol,embC,embC_p.Ala279Val,0.0,1.0,3) Uncertain significance,p.A279V
Ethambutol,ubiA,ubiA_p.Pro122Leu,0.0,1.0,3) Uncertain significance,p.P122L
Ethambutol,embB,embB_p.Ala1020Ser,0.0,1.0,3) Uncertain significance,p.A1020S
Ethambutol,embC,embC_p.Ser547Leu,0.0,1.0,3) Uncertain significance,p.S547L
Ethambutol,embC,embC_p.Ile431Val,0.0,1.0,3) Uncertain significance,p.I431V
Ethambutol,embC,embC_p.His910Tyr,0.0,1.0,3) Uncertain significance,p.H910Y
Ethambutol,embC,embC_p.Ala307Thr,0.0,1.0,3) Uncertain significance,p.A307T
Ethambutol,embA,embA_p.Val1073Ala,0.0,1.0,3) Uncertain significance,p.V1073A
Ethambutol,embA,embA_p.Val739Met,0.0,1.0,3) Uncertain significance,p.V739M
Ethambutol,embA,embA_p.Ala852Val,0.0,1.0,3) Uncertain significance,p.A852V
Ethambutol,embA,embA_p.Pro349Leu,0.0,1.0,3) Uncertain significance,p.P349L
Ethambutol,embC,embC_p.Arg553Cys,0.0,1.0,3) Uncertain significance,p.R553C
Ethambutol,embC,embC_p.Gln54His,0.0,1.0,3) Uncertain significance,p.Q54H
Ethambutol,embB,embB_p.Val130Met,0.0,1.0,3) Uncertain significance,p.V130M
Ethambutol,embA,embA_p.Gly210Ser,0.0,1.0,3) Uncertain significance,p.G210S
Ethambutol,embB,embB_p.Ala627Val,0.0,1.0,3) Uncertain significance,p.A627V
Ethambutol,embC,embC_p.Ala578Val,0.0,1.0,3) Uncertain significance,p.A578V
Ethambutol,embA,embA_p.Asp52His,0.0,1.0,3) Uncertain significance,p.D52H
Ethambutol,embA,embA_p.Val786Leu,0.0,1.0,3) Uncertain significance,p.V786L
Ethambutol,embA,embA_p.Leu580Pro,0.0,2.0,3) Uncertain significance,p.L580P
Ethambutol,embA,embA_p.Arg1052Gly,0.0,1.0,3) Uncertain significance,p.R1052G
Ethambutol,embA,embA_p.Gly844Arg,0.0,1.0,3) Uncertain significance,p.G844R
Ethambutol,embB,embB_p.Thr208Asn,0.0,1.0,3) Uncertain significance,p.T208N
Ethambutol,embB,embB_p.Asn657Asp,0.0,1.0,3) Uncertain significance,p.N657D
Ethambutol,embC,embC_p.Gly909Glu,0.0,1.0,3) Uncertain significance,p.G909E
Ethambutol,embB,embB_p.Asp664Gly,0.0,1.0,3) Uncertain significance,p.D664G
Ethambutol,embC,embC_p.Ala901Ser,,,3) Uncertain significance,p.A901S
Ethambutol,embC,embC_p.Pro693Ser,,,3) Uncertain significance,p.P693S
Ethambutol,embA,embA_p.Glu512Ala,0.0,1.0,3) Uncertain significance,p.E512A
Ethambutol,embC,embC_p.Arg154Trp,0.0,1.0,3) Uncertain significance,p.R154W
Ethambutol,embB,embB_p.Met626Val,,,3) Uncertain significance,p.M626V
Ethambutol,embC,embC_p.Leu470Pro,,,3) Uncertain significance,p.L470P
Ethambutol,embA,embA_p.Thr40Ile,0.0,1.0,3) Uncertain significance,p.T40I
Ethambutol,embA,embA_p.Ile877Val,0.0,1.0,3) Uncertain significance,p.I877V
Ethambutol,embA,embA_p.Leu832Phe,0.0,1.0,3) Uncertain significance,p.L832F
Ethambutol,embA,embA_p.Ala23Val,0.0,1.0,3) Uncertain significance,p.A23V
Ethambutol,embA,embA_p.Gly403Arg,0.0,1.0,3) Uncertain significance,p.G403R
Ethambutol,embC,embC_p.Phe891Tyr,0.0,1.0,3) Uncertain significance,p.F891Y
Ethambutol,embB,embB_p.Gln516Glu,0.0,1.0,3) Uncertain significance,p.Q516E
Ethambutol,embA,embA_p.Thr161Ile,0.0,1.0,3) Uncertain significance,p.T161I
Ethambutol,embC,embC_p.Ala1046Ser,0.0,1.0,3) Uncertain significance,p.A1046S
Ethambutol,embA,embA_p.Val414Met,0.0,1.0,3) Uncertain significance,p.V414M
Ethambutol,embA,embA_p.Ala835Pro,0.0,1.0,3) Uncertain significance,p.A835P
Ethambutol,embB,embB_p.Gly1092Arg,0.0,1.0,3) Uncertain significance,p.G1092R
Ethambutol,embA,embA_p.Arg680Trp,0.0,1.0,3) Uncertain significance,p.R680W
Ethambutol,embB,embB_p.Ile206Ser,0.0,1.0,3) Uncertain significance,p.I206S
Ethambutol,embB,embB_p.Val452Leu,0.0,1.0,3) Uncertain significance,p.V452L
Ethambutol,embB,embB_p.Phe584Leu,,,3) Uncertain significance,p.F584L
Ethambutol,embC,embC_p.Ala536Val,0.0,1.0,3) Uncertain significance,p.A536V
Ethambutol,embA,embA_p.Asn803Lys,,,3) Uncertain significance,p.N803K
Ethambutol,embB,embB_p.Arg238His,0.0,1.0,3) Uncertain significance,p.R238H
Ethambutol,ubiA,ubiA_p.Glu239Ala,0.0,1.0,3) Uncertain significance,p.E239A
Ethambutol,embB,embB_p.Phe256Leu,0.0,1.0,3) Uncertain significance,p.F256L
Ethambutol,embC,embC_p.Ala165Thr,0.0,1.0,3) Uncertain significance,p.A165T
Ethambutol,embB,embB_p.Gly459Ser,0.0,1.0,3) Uncertain significance,p.G459S
Ethambutol,embB,embB_p.Met389Ile,0.0,3.0,3) Uncertain significance,p.M389I
Ethambutol,embB,embB_p.Thr498Ile,0.0,1.0,3) Uncertain significance,p.T498I
Ethambutol,embC,embC_p.Ser651Pro,0.0,1.0,3) Uncertain significance,p.S651P
Ethambutol,embB,embB_p.Arg728Gln,0.0,1.0,3) Uncertain significance,p.R728Q
Ethambutol,embA,embA_p.Val1078Met,0.0,2.0,3) Uncertain significance,p.V1078M
Ethambutol,embB,embB_p.Phe579Val,0.0,1.0,3) Uncertain significance,p.F579V
Ethambutol,embB,embB_p.Lys662Glu,0.0,1.0,3) Uncertain significance,p.K662E
Ethambutol,embA,embA_p.Ala66Val,0.0,1.0,3) Uncertain significance,p.A66V
Ethambutol,embA,embA_p.Asp473Gly,0.0,1.0,3) Uncertain significance,p.D473G
Ethambutol,embB,embB_p.Ala679Ser,,,3) Uncertain significance,p.A679S
Ethambutol,ubiA,ubiA_p.Val129Ile,0.0,1.0,3) Uncertain significance,p.V129I
Ethambutol,embB,embB_p.Pro12Gln,0.0,2.0,3) Uncertain significance,p.P12Q
Ethambutol,embC,embC_p.Phe437Ser,0.0,1.0,3) Uncertain significance,p.F437S
Ethambutol,embA,embA_p.Asp1071Glu,0.0,1.0,3) Uncertain significance,p.D1071E
Ethambutol,embA,embA_p.Asn947Ser,0.0,1.0,3) Uncertain significance,p.N947S
Ethambutol,embA,embA_p.Thr329Asn,,,3) Uncertain significance,p.T329N
Ethambutol,embB,embB_p.Trp28Ser,0.0,1.0,3) Uncertain significance,p.W28S
Ethambutol,embC,embC_p.Leu450Met,0.0,1.0,3) Uncertain significance,p.L450M
Ethambutol,ubiA,ubiA_p.Leu40Met,0.0,2.0,3) Uncertain significance,p.L40M
Ethambutol,embA,embA_p.Leu278Arg,1.0,1.0,3) Uncertain significance,p.L278R
Ethambutol,embB,embB_p.Ala235Val,0.0,1.0,3) Uncertain significance,p.A235V
Ethambutol,embB,embB_p.Thr1025Ile,0.0,1.0,3) Uncertain significance,p.T1025I
Ethambutol,embA,embA_p.Pro934Arg,0.0,1.0,3) Uncertain significance,p.P934R
Ethambutol,ubiA,ubiA_p.Val130Ile,0.0,1.0,3) Uncertain significance,p.V130I
Ethambutol,embB,embB_p.Met91Ile,0.0,1.0,3) Uncertain significance,p.M91I
Ethambutol,embC,embC_p.Leu460Arg,0.0,1.0,3) Uncertain significance,p.L460R
Ethambutol,embB,embB_p.Ala1083Val,0.0,1.0,3) Uncertain significance,p.A1083V
Ethambutol,ubiA,ubiA_p.His197Asn,0.0,1.0,3) Uncertain significance,p.H197N
Ethambutol,embC,embC_p.Asn176Lys,3.0,6.0,3) Uncertain significance,p.N176K
Ethambutol,embA,embA_p.Ser768Arg,0.0,1.0,3) Uncertain significance,p.S768R
Ethambutol,embA,embA_p.Val458Met,0.0,1.0,3) Uncertain significance,p.V458M
Ethambutol,ubiA,ubiA_p.Ile170Val,1.0,1.0,3) Uncertain significance,p.I170V
Ethambutol,embB,embB_p.Arg213Trp,0.0,1.0,3) Uncertain significance,p.R213W
Ethambutol,embA,embA_p.Glu508Ala,0.0,1.0,3) Uncertain significance,p.E508A
Ethambutol,embB,embB_p.Gly106Val,0.0,1.0,3) Uncertain significance,p.G106V
Ethambutol,embB,embB_p.Val390Ile,0.0,1.0,3) Uncertain significance,p.V390I
Ethambutol,embB,embB_p.Ala204Thr,0.0,1.0,3) Uncertain significance,p.A204T
Ethambutol,embB,embB_p.Thr275Ala,0.0,1.0,3) Uncertain significance,p.T275A
Ethambutol,embA,embA_p.Arg241His,0.0,1.0,3) Uncertain significance,p.R241H
Ethambutol,embC,embC_p.Thr275Ile,0.0,1.0,3) Uncertain significance,p.T275I
Ethambutol,embC,embC_p.Arg375Gln,0.0,1.0,3) Uncertain significance,p.R375Q
Ethambutol,embA,embA_p.Arg594His,0.0,1.0,3) Uncertain significance,p.R594H
Ethambutol,embB,embB_p.Phe994Val,0.0,1.0,3) Uncertain significance,p.F994V
Ethambutol,embA,embA_p.Thr1080Ala,0.0,1.0,3) Uncertain significance,p.T1080A
Ethambutol,embB,embB_p.Lys381Gln,0.0,1.0,3) Uncertain significance,p.K381Q
Ethambutol,embC,embC_p.Ser438Ala,0.0,1.0,3) Uncertain significance,p.S438A
Ethambutol,embA,embA_p.Thr591Ala,0.0,1.0,3) Uncertain significance,p.T591A
Ethambutol,embC,embC_p.Asp490Gly,0.0,1.0,3) Uncertain significance,p.D490G
Ethambutol,embB,embB_p.Ala271Thr,0.0,1.0,3) Uncertain significance,p.A271T
Ethambutol,embA,embA_p.Gly815Glu,0.0,1.0,3) Uncertain significance,p.G815E
Ethambutol,embC,embC_p.Ala612Thr,0.0,1.0,3) Uncertain significance,p.A612T
Ethambutol,embA,embA_p.Ile916Val,0.0,1.0,3) Uncertain significance,p.I916V
Ethambutol,embA,embA_p.Val170Phe,0.0,1.0,3) Uncertain significance,p.V170F
Ethambutol,embB,embB_p.Ile556Val,0.0,1.0,3) Uncertain significance,p.I556V
Ethambutol,embB,embB_p.Gly603Ala,0.0,1.0,3) Uncertain significance,p.G603A
Ethambutol,embA,embA_p.Gly1048Trp,0.0,1.0,3) Uncertain significance,p.G1048W
Ethambutol,embB,embB_p.Ala601Pro,0.0,1.0,3) Uncertain significance,p.A601P
Ethambutol,embA,embA_p.Ala545Pro,0.0,1.0,3) Uncertain significance,p.A545P
Ethambutol,embA,embA_p.Val698Ala,0.0,1.0,3) Uncertain significance,p.V698A
Ethambutol,embC,embC_p.His999Tyr,0.0,1.0,3) Uncertain significance,p.H999Y
Ethambutol,embC,embC_p.Thr1006Ile,0.0,1.0,3) Uncertain significance,p.T1006I
Ethambutol,embC,embC_p.Asn788Lys,0.0,1.0,3) Uncertain significance,p.N788K
Ethambutol,embA,embA_p.Ala41Val,0.0,1.0,3) Uncertain significance,p.A41V
Ethambutol,ubiA,ubiA_p.Phe140Val,,,3) Uncertain significance,p.F140V
Ethambutol,embA,embA_p.Thr175Ala,0.0,1.0,3) Uncertain significance,p.T175A
Ethambutol,embA,embA_p.Ser137Asn,0.0,1.0,3) Uncertain significance,p.S137N
Ethambutol,embB,embB_p.Asp207Glu,,,3) Uncertain significance,p.D207E
Ethambutol,ubiA,ubiA_p.Gly43Ser,,,3) Uncertain significance,p.G43S
Ethambutol,embB,embB_p.Pro430Leu,0.0,1.0,3) Uncertain significance,p.P430L
Ethambutol,embB,embB_p.Met606Ile,0.0,1.0,3) Uncertain significance,p.M606I
Ethambutol,embC,embC_p.Lys1008Asn,0.0,1.0,3) Uncertain significance,p.K1008N
Ethambutol,embC,embC_p.Ile430Leu,0.0,1.0,3) Uncertain significance,p.I430L
Ethambutol,embA,embA_p.Thr568Ile,0.0,1.0,3) Uncertain significance,p.T568I
Ethambutol,embB,embB_p.Ala356Val,0.0,1.0,3) Uncertain significance,p.A356V
Ethambutol,embB,embB_p.Pro957Leu,0.0,1.0,3) Uncertain significance,p.P957L
Ethambutol,embC,embC_p.Asp948Ala,0.0,1.0,3) Uncertain significance,p.D948A
Ethambutol,embB,embB_p.Val479Leu,0.0,1.0,3) Uncertain significance,p.V479L
Ethambutol,embB,embB_p.Thr670Ile,0.0,1.0,3) Uncertain significance,p.T670I
Ethambutol,embA,embA_p.Pro1065Thr,0.0,1.0,3) Uncertain significance,p.P1065T
Ethambutol,embB,embB_p.His154Arg,0.0,1.0,3) Uncertain significance,p.H154R
Ethambutol,embA,embA_p.Val206Ile,,,3) Uncertain significance,p.V206I
Ethambutol,embB,embB_p.Ala724Thr,,,3) Uncertain significance,p.A724T
Ethambutol,embC,embC_p.Asp274Asn,0.0,2.0,3) Uncertain significance,p.D274N
Ethambutol,embB,embB_p.Asp1041Ala,0.0,1.0,3) Uncertain significance,p.D1041A
Ethambutol,embC,embC_p.Thr748Ile,0.0,1.0,3) Uncertain significance,p.T748I
Ethambutol,embA,embA_p.Ile43Val,0.0,2.0,3) Uncertain significance,p.I43V
Ethambutol,embA,embA_p.Phe174Leu,0.0,1.0,3) Uncertain significance,p.F174L
Ethambutol,embC,embC_p.Gln491His,0.0,3.0,3) Uncertain significance,p.Q491H
Ethambutol,embC,embC_p.Arg1082His,0.0,1.0,3) Uncertain significance,p.R1082H
Ethambutol,embA,embA_p.Glu675Lys,,,3) Uncertain significance,p.E675K
Ethambutol,embB,embB_p.Phe176Leu,0.0,1.0,3) Uncertain significance,p.F176L
Ethambutol,embB,embB_p.Glu138Gly,0.0,2.0,3) Uncertain significance,p.E138G
Ethambutol,embB,embB_p.Asn160Asp,0.0,1.0,3) Uncertain significance,p.N160D
Ethambutol,embB,embB_p.Ala388Ser,,,3) Uncertain significance,p.A388S
Ethambutol,embB,embB_p.Asp280Asn,,,3) Uncertain significance,p.D280N
Ethambutol,embB,embB_p.Ala454Pro,0.0,1.0,3) Uncertain significance,p.A454P
Ethambutol,embB,embB_p.Asp814Asn,0.0,1.0,3) Uncertain significance,p.D814N
Ethambutol,embA,embA_p.Ser318Thr,0.0,1.0,3) Uncertain significance,p.S318T
Ethambutol,embB,embB_p.Phe743Leu,0.0,1.0,3) Uncertain significance,p.F743L
Ethambutol,embC,embC_p.Asp805Asn,0.0,1.0,3) Uncertain significance,p.D805N
Ethambutol,embA,embA_p.Ala721Thr,0.0,1.0,3) Uncertain significance,p.A721T
Ethambutol,embC,embC_p.Ala480Thr,,,3) Uncertain significance,p.A480T
Ethambutol,embA,embA_p.Gly823Glu,0.0,1.0,3) Uncertain significance,p.G823E
Ethambutol,embB,embB_p.Ala880Thr,0.0,1.0,3) Uncertain significance,p.A880T
Ethambutol,embA,embA_p.Thr113Met,0.0,1.0,3) Uncertain significance,p.T113M
Ethambutol,ubiA,ubiA_p.Leu132His,0.0,1.0,3) Uncertain significance,p.L132H
Ethambutol,embB,embB_p.Asp752His,0.0,1.0,3) Uncertain significance,p.D752H
Ethambutol,embA,embA_p.Arg358Leu,0.0,1.0,3) Uncertain significance,p.R358L
Ethambutol,embC,embC_p.Pro424Leu,,,3) Uncertain significance,p.P424L
Ethambutol,embB,embB_p.Ala505Thr,0.0,1.0,3) Uncertain significance,p.A505T
Ethambutol,embB,embB_p.Val436Gly,,,3) Uncertain significance,p.V436G
Ethambutol,embC,embC_p.Ala978Val,0.0,1.0,3) Uncertain significance,p.A978V
Ethambutol,ubiA,ubiA_p.Pro85Ser,,,3) Uncertain significance,p.P85S
Ethambutol,embB,embB_p.Ala457Thr,,,3) Uncertain significance,p.A457T
Ethambutol,embC,embC_p.Thr724Ala,,,3) Uncertain significance,p.T724A
Ethambutol,embA,embA_p.Pro491Leu,0.0,1.0,3) Uncertain significance,p.P491L
Ethambutol,embA,embA_p.Ala494Ser,0.0,1.0,3) Uncertain significance,p.A494S
Ethambutol,embC,embC_p.Ala623Thr,0.0,1.0,3) Uncertain significance,p.A623T
Ethambutol,embA,embA_p.Phe368Leu,0.0,1.0,3) Uncertain significance,p.F368L
Ethambutol,embA,embA_p.Arg904His,,,3) Uncertain significance,p.R904H
Ethambutol,embA,embA_p.Ser1025Ala,,,3) Uncertain significance,p.S1025A
Ethambutol,embB,embB_p.Glu976Lys,0.0,1.0,3) Uncertain significance,p.E976K
Ethambutol,embB,embB_p.Val282Leu,0.0,1.0,3) Uncertain significance,p.V282L
Ethambutol,embC,embC_p.Pro114Leu,,,3) Uncertain significance,p.P114L
Ethambutol,embB,embB_p.Val508Phe,0.0,2.0,3) Uncertain significance,p.V508F
Ethambutol,embB,embB_p.Gly810Ala,0.0,2.0,3) Uncertain significance,p.G810A
Ethambutol,embB,embB_p.Thr878Ala,0.0,1.0,3) Uncertain significance,p.T878A
Ethambutol,embB,embB_p.Trp237Arg,0.0,1.0,3) Uncertain significance,p.W237R
Ethambutol,embB,embB_p.Val39Gly,0.0,1.0,3) Uncertain significance,p.V39G
Ethambutol,embB,embB_p.Met904Ile,0.0,2.0,3) Uncertain significance,p.M904I
Ethambutol,embA,embA_p.Val458Ala,0.0,1.0,3) Uncertain significance,p.V458A
Ethambutol,embC,embC_p.Gly454Arg,0.0,2.0,3) Uncertain significance,p.G454R
Ethambutol,embB,embB_p.Asp191Tyr,0.0,5.0,3) Uncertain significance,p.D191Y
Ethambutol,embB,embB_p.Lys927Glu,0.0,1.0,3) Uncertain significance,p.K927E
Ethambutol,embA,embA_p.Gly771Asp,,,3) Uncertain significance,p.G771D
Ethambutol,embC,embC_p.Arg870Leu,0.0,1.0,3) Uncertain significance,p.R870L
Ethambutol,ubiA,ubiA_p.Ala237Thr,1.0,3.0,3) Uncertain significance,p.A237T
Ethambutol,embC,embC_p.Pro320Ser,0.0,1.0,3) Uncertain significance,p.P320S
Ethambutol,embA,embA_p.Asp176Ala,0.0,1.0,3) Uncertain significance,p.D176A
Ethambutol,embB,embB_p.Ala840Val,0.0,1.0,3) Uncertain significance,p.A840V
Ethambutol,embA,embA_p.Val911Gly,0.0,1.0,3) Uncertain significance,p.V911G
Ethambutol,embC,embC_p.Gly804Glu,0.0,1.0,3) Uncertain significance,p.G804E
Ethambutol,embA,embA_p.Arg445Pro,0.0,1.0,3) Uncertain significance,p.R445P
Ethambutol,embC,embC_p.Pro924Leu,0.0,1.0,3) Uncertain significance,p.P924L
Ethambutol,embB,embB_p.Leu253Ile,0.0,1.0,3) Uncertain significance,p.L253I
Ethambutol,embC,embC_p.Leu212Pro,0.0,1.0,3) Uncertain significance,p.L212P
Ethambutol,embB,embB_p.Asp970Ala,0.0,1.0,3) Uncertain significance,p.D970A
Ethambutol,ubiA,ubiA_p.Lys208Arg,0.0,1.0,3) Uncertain significance,p.K208R
Ethambutol,embA,embA_p.Gln990His,0.0,1.0,3) Uncertain significance,p.Q990H
Ethambutol,embB,embB_p.Val654Met,0.0,1.0,3) Uncertain significance,p.V654M
Ethambutol,embB,embB_p.Asp1060Asn,0.0,1.0,3) Uncertain significance,p.D1060N
Ethambutol,ubiA,ubiA_p.Pro10Gln,0.0,1.0,3) Uncertain significance,p.P10Q
Ethambutol,embC,embC_p.Phe317Ser,,,3) Uncertain significance,p.F317S
Ethambutol,embB,embB_p.Pro45Leu,0.0,1.0,3) Uncertain significance,p.P45L
Ethambutol,embA,embA_p.Ala223Val,0.0,1.0,3) Uncertain significance,p.A223V
Ethambutol,embA,embA_p.Tyr276Cys,0.0,1.0,3) Uncertain significance,p.Y276C
Ethambutol,embA,embA_p.Lys1012Thr,0.0,1.0,3) Uncertain significance,p.K1012T
Ethambutol,embC,embC_p.Leu700Val,0.0,1.0,3) Uncertain significance,p.L700V
Ethambutol,embA,embA_p.Thr688Met,0.0,1.0,3) Uncertain significance,p.T688M
Ethambutol,embB,embB_p.Met462Thr,0.0,1.0,3) Uncertain significance,p.M462T
Ethambutol,embA,embA_p.Val819Ile,0.0,1.0,3) Uncertain significance,p.V819I
Ethambutol,embC,embC_p.Ala480Val,,,3) Uncertain significance,p.A480V
Ethambutol,embA,embA_p.Leu560Pro,0.0,1.0,3) Uncertain significance,p.L560P
Ethambutol,embC,embC_p.His1027Gln,0.0,1.0,3) Uncertain significance,p.H1027Q
Ethambutol,embB,embB_p.Val888Met,0.0,1.0,3) Uncertain significance,p.V888M
Ethambutol,embA,embA_p.Arg108Ser,0.0,1.0,3) Uncertain significance,p.R108S
Ethambutol,embC,embC_p.Ala611Thr,0.0,1.0,3) Uncertain significance,p.A611T
Ethambutol,embA,embA_p.Asp883Glu,0.0,1.0,3) Uncertain significance,p.D883E
Ethambutol,embC,embC_p.Val858Leu,0.0,1.0,3) Uncertain significance,p.V858L
Ethambutol,embA,embA_p.Gln57Glu,0.0,1.0,3) Uncertain significance,p.Q57E
Ethambutol,embB,embB_p.Gly748Glu,0.0,1.0,3) Uncertain significance,p.G748E
Ethambutol,embB,embB_p.Ala903Thr,0.0,1.0,3) Uncertain significance,p.A903T
Ethambutol,embA,embA_p.Gly1077Ser,0.0,1.0,3) Uncertain significance,p.G1077S
Ethambutol,embA,embA_p.Phe650Leu,0.0,1.0,3) Uncertain significance,p.F650L
Ethambutol,embC,embC_p.Ala57Val,0.0,1.0,3) Uncertain significance,p.A57V
Ethambutol,embB,embB_p.Ala852Val,0.0,1.0,3) Uncertain significance,p.A852V
Ethambutol,embA,embA_p.Gly972Trp,0.0,1.0,3) Uncertain significance,p.G972W
Ethambutol,embA,embA_p.Thr591Pro,0.0,1.0,3) Uncertain significance,p.T591P
Ethambutol,embB,embB_p.Gly1087Cys,0.0,1.0,3) Uncertain significance,p.G1087C
Ethambutol,embA,embA_p.Gly348Ala,0.0,2.0,3) Uncertain significance,p.G348A
Ethambutol,ubiA,ubiA_p.Val44Leu,0.0,2.0,3) Uncertain significance,p.V44L
Ethambutol,embA,embA_p.Ser1024Asn,,,3) Uncertain significance,p.S1024N
Ethambutol,embA,embA_p.Val244Met,0.0,1.0,3) Uncertain significance,p.V244M
Ethambutol,embA,embA_p.Arg229Thr,0.0,1.0,3) Uncertain significance,p.R229T
Ethambutol,embC,embC_p.Leu741Val,0.0,1.0,3) Uncertain significance,p.L741V
Ethambutol,embC,embC_p.Asp754Asn,0.0,1.0,3) Uncertain significance,p.D754N
Ethambutol,embC,embC_p.Phe467Leu,,,3) Uncertain significance,p.F467L
Ethambutol,embB,embB_p.Ser412Leu,,,3) Uncertain significance,p.S412L
Ethambutol,embA,embA_p.Val470Met,0.0,1.0,3) Uncertain significance,p.V470M
Ethambutol,embC,embC_p.Pro175Thr,,,3) Uncertain significance,p.P175T
Ethambutol,embA,embA_p.Ala736Val,0.0,1.0,3) Uncertain significance,p.A736V
Ethambutol,embB,embB_p.Gly1035Ser,,,3) Uncertain significance,p.G1035S
Ethambutol,embC,embC_p.Ala562Pro,0.0,1.0,3) Uncertain significance,p.A562P
Ethambutol,embA,embA_p.Gln751Pro,,,3) Uncertain significance,p.Q751P
Ethambutol,embB,embB_p.Pro1075Leu,,,3) Uncertain significance,p.P1075L
Ethambutol,embB,embB_p.Thr506Asn,0.0,1.0,3) Uncertain significance,p.T506N
Ethambutol,embC,embC_p.Lys511Asn,0.0,1.0,3) Uncertain significance,p.K511N
Ethambutol,embB,embB_p.Gly748Arg,0.0,1.0,3) Uncertain significance,p.G748R
Ethambutol,embB,embB_p.Ala677Glu,,,3) Uncertain significance,p.A677E
Ethambutol,embB,embB_p.Glu149Lys,0.0,1.0,3) Uncertain significance,p.E149K
Ethambutol,embA,embA_p.Gly658Glu,0.0,1.0,3) Uncertain significance,p.G658E
Ethambutol,embB,embB_p.Pro1098Arg,0.0,1.0,3) Uncertain significance,p.P1098R
Ethambutol,embA,embA_p.Ala1069Val,0.0,1.0,3) Uncertain significance,p.A1069V
Ethambutol,embC,embC_p.Thr609Ala,,,3) Uncertain significance,p.T609A
Ethambutol,embB,embB_p.Asp869His,0.0,1.0,3) Uncertain significance,p.D869H
Ethambutol,embA,embA_p.Thr420Met,0.0,1.0,3) Uncertain significance,p.T420M
Ethambutol,embB,embB_p.Gly175Ser,,,3) Uncertain significance,p.G175S
Ethambutol,embC,embC_p.Leu240Pro,0.0,1.0,3) Uncertain significance,p.L240P
Ethambutol,embC,embC_p.Ala24Val,,,3) Uncertain significance,p.A24V
Ethambutol,embA,embA_p.Gln57Arg,0.0,1.0,3) Uncertain significance,p.Q57R
Ethambutol,embB,embB_p.Ala1083Thr,,,3) Uncertain significance,p.A1083T
Ethambutol,embA,embA_p.Ile173Val,0.0,1.0,3) Uncertain significance,p.I173V
Ethambutol,embC,embC_p.Asn684Asp,0.0,1.0,3) Uncertain significance,p.N684D
Ethambutol,embA,embA_p.Ser250Gly,0.0,1.0,3) Uncertain significance,p.S250G
Ethambutol,embA,embA_p.Asn847Ser,0.0,1.0,3) Uncertain significance,p.N847S
Ethambutol,embB,embB_p.Gly374Glu,,,3) Uncertain significance,p.G374E
Ethambutol,embB,embB_p.Ser261Ala,0.0,1.0,3) Uncertain significance,p.S261A
Ethambutol,embC,embC_p.Gln153His,0.0,1.0,3) Uncertain significance,p.Q153H
Ethambutol,embA,embA_p.Tyr289Cys,,,3) Uncertain significance,p.Y289C
Ethambutol,embA,embA_p.Asp784Asn,0.0,1.0,3) Uncertain significance,p.D784N
Ethambutol,embA,embA_p.Pro933Ala,0.0,1.0,3) Uncertain significance,p.P933A
Ethambutol,embC,embC_p.Arg466Gln,0.0,1.0,3) Uncertain significance,p.R466Q
Ethambutol,embA,embA_p.Ala974Thr,,,3) Uncertain significance,p.A974T
Ethambutol,embC,embC_p.Asn842Tyr,0.0,1.0,3) Uncertain significance,p.N842Y
Ethambutol,embC,embC_p.Asp844Asn,0.0,1.0,3) Uncertain significance,p.D844N
Ethambutol,embC,embC_p.Arg489Cys,0.0,1.0,3) Uncertain significance,p.R489C
Ethambutol,embA,embA_p.Thr1080Asn,0.0,1.0,3) Uncertain significance,p.T1080N
Ethambutol,embC,embC_p.Ala597Pro,,,3) Uncertain significance,p.A597P
Ethambutol,embB,embB_p.Thr68Ala,0.0,1.0,3) Uncertain significance,p.T68A
Ethambutol,embA,embA_p.Arg345Pro,0.0,1.0,3) Uncertain significance,p.R345P
Ethambutol,embC,embC_p.Ala887Thr,0.0,1.0,3) Uncertain significance,p.A887T
Ethambutol,embC,embC_p.Thr786Ala,0.0,3.0,3) Uncertain significance,p.T786A
Ethambutol,embC,embC_p.Pro732Ala,0.0,1.0,3) Uncertain significance,p.P732A
Ethambutol,embA,embA_p.Pro958Leu,0.0,1.0,3) Uncertain significance,p.P958L
Ethambutol,embC,embC_p.Arg553His,0.0,1.0,3) Uncertain significance,p.R553H
Ethambutol,ubiA,ubiA_p.Arg88Ser,0.0,1.0,3) Uncertain significance,p.R88S
Ethambutol,embC,embC_p.Pro861Leu,0.0,1.0,3) Uncertain significance,p.P861L
Ethambutol,embC,embC_p.Ala41Ser,,,3) Uncertain significance,p.A41S
Ethambutol,embB,embB_p.Ala1073Gly,0.0,1.0,3) Uncertain significance,p.A1073G
Ethambutol,ubiA,ubiA_p.Tyr46Cys,0.0,1.0,3) Uncertain significance,p.Y46C
Ethambutol,embC,embC_p.Ala426Glu,0.0,1.0,3) Uncertain significance,p.A426E
Ethambutol,embC,embC_p.Thr712Ala,0.0,1.0,3) Uncertain significance,p.T712A
Ethambutol,embB,embB_p.Ala684Val,0.0,1.0,3) Uncertain significance,p.A684V
Ethambutol,embA,embA_p.Arg447Gly,0.0,1.0,3) Uncertain significance,p.R447G
Ethambutol,embB,embB_p.Ala155Val,0.0,1.0,3) Uncertain significance,p.A155V
Ethambutol,embC,embC_p.Val140Ile,0.0,1.0,3) Uncertain significance,p.V140I
Ethambutol,embB,embB_p.Lys882Glu,,,3) Uncertain significance,p.K882E
Ethambutol,embB,embB_p.Val727Met,0.0,1.0,3) Uncertain significance,p.V727M
Ethambutol,embA,embA_p.Glu508Lys,,,3) Uncertain significance,p.E508K
Ethambutol,embA,embA_p.Met324Val,0.0,1.0,3) Uncertain significance,p.M324V
Ethambutol,embB,embB_p.Asn931Asp,,,3) Uncertain significance,p.N931D
Ethambutol,embB,embB_p.Leu974Met,0.0,1.0,3) Uncertain significance,p.L974M
Ethambutol,embB,embB_p.Ala383Ser,,,3) Uncertain significance,p.A383S
Ethambutol,embB,embB_p.Ala451Thr,0.0,1.0,3) Uncertain significance,p.A451T
Ethambutol,embC,embC_p.Arg125Gln,0.0,1.0,3) Uncertain significance,p.R125Q
Ethambutol,embC,embC_p.Ala525Thr,0.0,1.0,3) Uncertain significance,p.A525T
Ethambutol,embB,embB_p.Gly199Glu,0.0,1.0,3) Uncertain significance,p.G199E
Ethambutol,embC,embC_p.Val482Ala,0.0,1.0,3) Uncertain significance,p.V482A
Ethambutol,embB,embB_p.Pro999Ser,0.0,1.0,3) Uncertain significance,p.P999S
Ethambutol,embC,embC_p.Gly817Asp,0.0,1.0,3) Uncertain significance,p.G817D
Ethambutol,embA,embA_p.Trp45Gly,0.0,1.0,3) Uncertain significance,p.W45G
Ethambutol,embA,embA_p.Gly350Ala,,,3) Uncertain significance,p.G350A
Ethambutol,embC,embC_p.Leu236Pro,0.0,1.0,3) Uncertain significance,p.L236P
Ethambutol,embC,embC_p.Cys411Trp,0.0,1.0,3) Uncertain significance,p.C411W
Ethambutol,embC,embC_p.Gly468Ser,0.0,1.0,3) Uncertain significance,p.G468S
Ethambutol,embB,embB_p.Arg559Pro,0.0,1.0,3) Uncertain significance,p.R559P
Ethambutol,embA,embA_p.Thr983Asn,0.0,1.0,3) Uncertain significance,p.T983N
Ethambutol,embB,embB_p.Ser650Pro,0.0,1.0,3) Uncertain significance,p.S650P
Ethambutol,embB,embB_p.Gly914Arg,0.0,1.0,3) Uncertain significance,p.G914R
Ethambutol,embB,embB_p.Val898Met,0.0,1.0,3) Uncertain significance,p.V898M
Ethambutol,embA,embA_p.Ala438Val,0.0,1.0,3) Uncertain significance,p.A438V
Ethambutol,embC,embC_p.Val363Asp,0.0,1.0,3) Uncertain significance,p.V363D
Ethambutol,embC,embC_p.Asp1004Gly,0.0,1.0,3) Uncertain significance,p.D1004G
Ethambutol,embC,embC_p.Thr886Ala,,,3) Uncertain significance,p.T886A
Ethambutol,embA,embA_p.Ala80Thr,,,3) Uncertain significance,p.A80T
Ethambutol,embA,embA_p.Ser1040Leu,0.0,1.0,3) Uncertain significance,p.S1040L
Ethambutol,embC,embC_p.Gly206Glu,,,3) Uncertain significance,p.G206E
Ethambutol,embC,embC_p.Ile364Leu,0.0,1.0,3) Uncertain significance,p.I364L
Ethambutol,embC,embC_p.Gln1071His,,,3) Uncertain significance,p.Q1071H
Ethambutol,embC,embC_p.Ala311Ser,0.0,1.0,3) Uncertain significance,p.A311S
Ethambutol,embA,embA_p.Gln1004Arg,,,3) Uncertain significance,p.Q1004R
Ethambutol,embB,embB_p.Ala993Thr,0.0,1.0,3) Uncertain significance,p.A993T
Ethambutol,embB,embB_p.Asp243His,0.0,1.0,3) Uncertain significance,p.D243H
Ethambutol,embB,embB_p.Ala801Glu,0.0,1.0,3) Uncertain significance,p.A801E
Ethambutol,embC,embC_p.Val109Met,,,3) Uncertain significance,p.V109M
Ethambutol,embA,embA_p.Ala571Thr,0.0,1.0,3) Uncertain significance,p.A571T
Ethambutol,embA,embA_p.Ala461Thr,0.0,1.0,3) Uncertain significance,p.A461T
Ethambutol,embB,embB_p.Ala571Val,0.0,1.0,3) Uncertain significance,p.A571V
Ethambutol,embC,embC_p.Val246Met,0.0,1.0,3) Uncertain significance,p.V246M
Ethambutol,embB,embB_p.Asp1072Asn,0.0,1.0,3) Uncertain significance,p.D1072N
Ethambutol,embC,embC_p.Ala925Gly,0.0,1.0,3) Uncertain significance,p.A925G
Ethambutol,embC,embC_p.Ala607Pro,0.0,1.0,3) Uncertain significance,p.A607P
Ethambutol,embA,embA_p.Ala419Thr,0.0,1.0,3) Uncertain significance,p.A419T
Ethambutol,embC,embC_p.Arg556Ser,0.0,1.0,3) Uncertain significance,p.R556S
Ethambutol,embC,embC_p.Ala856Ser,0.0,1.0,3) Uncertain significance,p.A856S
Ethambutol,embB,embB_p.Arg147His,0.0,1.0,3) Uncertain significance,p.R147H
Ethambutol,embA,embA_p.Trp306Gly,0.0,1.0,3) Uncertain significance,p.W306G
Ethambutol,embB,embB_p.Ala221Thr,0.0,1.0,3) Uncertain significance,p.A221T
Ethambutol,embC,embC_p.Gly825Val,0.0,1.0,3) Uncertain significance,p.G825V
Ethambutol,embA,embA_p.Ser340Asn,0.0,1.0,3) Uncertain significance,p.S340N
Ethambutol,embC,embC_p.Asp892Asn,0.0,1.0,3) Uncertain significance,p.D892N
Ethambutol,embA,embA_p.Arg234Pro,0.0,1.0,3) Uncertain significance,p.R234P
Ethambutol,embC,embC_p.Leu744Ser,,,3) Uncertain significance,p.L744S
Ethambutol,embB,embB_p.Pro93His,0.0,1.0,3) Uncertain significance,p.P93H
Ethambutol,embA,embA_p.Pro976Thr,0.0,1.0,3) Uncertain significance,p.P976T
Ethambutol,embA,embA_p.Ala436Gly,0.0,1.0,3) Uncertain significance,p.A436G
Ethambutol,embA,embA_p.Pro327Leu,0.0,1.0,3) Uncertain significance,p.P327L
Ethambutol,embB,embB_p.Cys549Phe,1.0,0.0,3) Uncertain significance,p.C549F
Ethambutol,embB,embB_p.Ser480Leu,,,3) Uncertain significance,p.S480L
Ethambutol,embB,embB_p.Glu958Gly,,,3) Uncertain significance,p.E958G
Ethambutol,embC,embC_p.Trp1053Cys,0.0,1.0,3) Uncertain significance,p.W1053C
Ethambutol,embA,embA_p.Cys76Phe,,,3) Uncertain significance,p.C76F
Ethambutol,embC,embC_p.Ala578Ser,,,3) Uncertain significance,p.A578S
Ethambutol,embB,embB_p.Arg173Pro,,,3) Uncertain significance,p.R173P
Ethambutol,embA,embA_p.Ala661Pro,0.0,1.0,3) Uncertain significance,p.A661P
Ethambutol,embC,embC_p.Val363Ile,0.0,1.0,3) Uncertain significance,p.V363I
Ethambutol,embA,embA_p.Thr434Ala,,,3) Uncertain significance,p.T434A
Ethambutol,embC,embC_p.Met234Ile,0.0,1.0,3) Uncertain significance,p.M234I
Ethambutol,embA,embA_p.Arg447Pro,0.0,1.0,3) Uncertain significance,p.R447P
Ethambutol,embA,embA_p.His665Tyr,0.0,2.0,3) Uncertain significance,p.H665Y
Ethambutol,embA,embA_p.Val1081Met,0.0,1.0,3) Uncertain significance,p.V1081M
Ethambutol,embC,embC_p.Leu814Pro,,,3) Uncertain significance,p.L814P
Ethambutol,embA,embA_p.Trp1050Gly,0.0,1.0,3) Uncertain significance,p.W1050G
Ethambutol,embA,embA_p.Pro745Leu,,,3) Uncertain significance,p.P745L
Ethambutol,embA,embA_p.Ile887Thr,0.0,1.0,3) Uncertain significance,p.I887T
Ethambutol,embC,embC_p.Ile459Thr,,,3) Uncertain significance,p.I459T
Ethambutol,embB,embB_p.Ala225Glu,,,3) Uncertain significance,p.A225E
Ethambutol,embB,embB_p.Met389Val,,,3) Uncertain significance,p.M389V
Ethambutol,embA,embA_p.Gly21Arg,0.0,1.0,3) Uncertain significance,p.G21R
Ethambutol,embA,embA_p.Leu390Val,0.0,1.0,3) Uncertain significance,p.L390V
Ethambutol,embC,embC_p.Arg838Gln,0.0,1.0,3) Uncertain significance,p.R838Q
Ethambutol,embC,embC_p.Ala953Gly,,,3) Uncertain significance,p.A953G
Ethambutol,embC,embC_p.Ser269Leu,0.0,1.0,3) Uncertain significance,p.S269L
Ethambutol,embB,embB_p.Cys4Ser,0.0,1.0,3) Uncertain significance,p.C4S
Ethambutol,embC,embC_p.Gly186Asp,0.0,1.0,3) Uncertain significance,p.G186D
Ethambutol,embB,embB_p.Met316Val,,,3) Uncertain significance,p.M316V
Ethambutol,embB,embB_p.Val602Gly,0.0,1.0,3) Uncertain significance,p.V602G
Ethambutol,embA,embA_p.Pro838Ser,0.0,1.0,3) Uncertain significance,p.P838S
Ethambutol,embB,embB_p.Gln3His,,,3) Uncertain significance,p.Q3H
Ethambutol,embC,embC_p.Asp162Gly,,,3) Uncertain significance,p.D162G
Ethambutol,embB,embB_p.Ser119Asn,0.0,3.0,3) Uncertain significance,p.S119N
Ethambutol,embC,embC_p.Gly186Ala,0.0,1.0,3) Uncertain significance,p.G186A
Ethambutol,embA,embA_p.Ile877Thr,,,3) Uncertain significance,p.I877T
Ethambutol,embC,embC_p.Thr151Ile,0.0,1.0,3) Uncertain significance,p.T151I
Ethambutol,embA,embA_p.Gly403Ala,0.0,1.0,3) Uncertain significance,p.G403A
Ethambutol,embA,embA_p.Gly247Ala,0.0,1.0,3) Uncertain significance,p.G247A
Ethambutol,embA,embA_p.Gly823Arg,0.0,1.0,3) Uncertain significance,p.G823R
Ethambutol,embA,embA_p.Ala150Thr,,,3) Uncertain significance,p.A150T
Ethambutol,embA,embA_p.Gly149Ser,0.0,1.0,3) Uncertain significance,p.G149S
Ethambutol,embA,embA_p.Phe830Leu,0.0,1.0,3) Uncertain significance,p.F830L
Ethambutol,ubiA,ubiA_p.Val107Met,,,3) Uncertain significance,p.V107M
Ethambutol,embA,embA_p.Ala331Pro,0.0,1.0,3) Uncertain significance,p.A331P
Ethambutol,embC,embC_p.Ala418Pro,0.0,1.0,3) Uncertain significance,p.A418P
Ethambutol,embB,embB_p.Gly542Ser,0.0,1.0,3) Uncertain significance,p.G542S
Ethambutol,embB,embB_p.Val118Ala,0.0,1.0,3) Uncertain significance,p.V118A
Ethambutol,embB,embB_p.Leu953Met,,,3) Uncertain significance,p.L953M
Ethambutol,embC,embC_p.Gln705Glu,0.0,1.0,3) Uncertain significance,p.Q705E
Ethambutol,embC,embC_p.Ala340Thr,0.0,1.0,3) Uncertain significance,p.A340T
Ethambutol,embB,embB_p.Gly244Arg,0.0,1.0,3) Uncertain significance,p.G244R
Ethambutol,embB,embB_p.Gly106Arg,0.0,1.0,3) Uncertain significance,p.G106R
Ethambutol,embB,embB_p.Val230Ala,0.0,1.0,3) Uncertain significance,p.V230A
Ethambutol,embC,embC_p.Ile568Met,0.0,1.0,3) Uncertain significance,p.I568M
Ethambutol,embB,embB_p.Val123Ala,,,3) Uncertain significance,p.V123A
Ethambutol,embB,embB_p.Arg61Pro,0.0,1.0,3) Uncertain significance,p.R61P
Ethambutol,embA,embA_p.Pro1094Ser,0.0,1.0,3) Uncertain significance,p.P1094S
Ethambutol,embC,embC_p.Gly647Ser,0.0,1.0,3) Uncertain significance,p.G647S
Ethambutol,embC,embC_p.Pro845Arg,,,3) Uncertain significance,p.P845R
Ethambutol,embB,embB_p.Thr830Met,0.0,1.0,3) Uncertain significance,p.T830M
Ethambutol,embA,embA_p.Gly180Arg,,,3) Uncertain significance,p.G180R
Ethambutol,embC,embC_p.Arg695Gln,0.0,1.0,3) Uncertain significance,p.R695Q
Ethambutol,embB,embB_p.Gly696Arg,,,3) Uncertain significance,p.G696R
Ethambutol,embB,embB_p.Glu1008Ala,0.0,1.0,3) Uncertain significance,p.E1008A
Ethambutol,embC,embC_p.Gln955Pro,,,3) Uncertain significance,p.Q955P
Ethambutol,embC,embC_p.Ala767Glu,0.0,1.0,3) Uncertain significance,p.A767E
Ethambutol,embA,embA_p.Asp737Glu,,,3) Uncertain significance,p.D737E
Ethambutol,embA,embA_p.Ala1072Thr,0.0,1.0,3) Uncertain significance,p.A1072T
Ethambutol,embC,embC_p.Asn64Lys,,,3) Uncertain significance,p.N64K
Ethambutol,embC,embC_p.Ser215Ala,,,3) Uncertain significance,p.S215A
Ethambutol,embA,embA_p.Ala984Thr,,,3) Uncertain significance,p.A984T
Ethambutol,embB,embB_p.Ala840Gly,0.0,1.0,3) Uncertain significance,p.A840G
Ethambutol,embB,embB_p.Met350Thr,0.0,1.0,3) Uncertain significance,p.M350T
Ethambutol,embC,embC_p.Ala116Thr,0.0,1.0,3) Uncertain significance,p.A116T
Ethambutol,embB,embB_p.Arg147Cys,0.0,1.0,3) Uncertain significance,p.R147C
Ethambutol,embA,embA_p.Pro860Leu,0.0,1.0,3) Uncertain significance,p.P860L
Ethambutol,embA,embA_p.Arg188His,0.0,1.0,3) Uncertain significance,p.R188H
Ethambutol,embB,embB_p.Gly665Arg,0.0,1.0,3) Uncertain significance,p.G665R
Ethambutol,embA,embA_p.Asn54Ser,0.0,1.0,3) Uncertain significance,p.N54S
Ethambutol,embA,embA_p.Arg251Gln,0.0,2.0,3) Uncertain significance,p.R251Q
Ethambutol,embA,embA_p.Thr1014Ala,0.0,2.0,3) Uncertain significance,p.T1014A
Ethambutol,embA,embA_p.Arg442Lys,0.0,1.0,3) Uncertain significance,p.R442K
Ethambutol,embB,embB_p.Val231Ile,0.0,1.0,3) Uncertain significance,p.V231I
Ethambutol,embA,embA_p.Ala187Val,0.0,1.0,3) Uncertain significance,p.A187V
Ethambutol,embB,embB_p.Pro477Ala,0.0,1.0,3) Uncertain significance,p.P477A
Ethambutol,embC,embC_p.Pro210Ser,0.0,1.0,3) Uncertain significance,p.P210S
Ethambutol,embB,embB_p.Met764Leu,0.0,1.0,3) Uncertain significance,p.M764L
Ethambutol,embB,embB_p.Gly825Asp,,,3) Uncertain significance,p.G825D
Ethambutol,ubiA,ubiA_p.Arg280Gly,0.0,1.0,3) Uncertain significance,p.R280G
Ethambutol,embB,embB_p.Arg623Pro,0.0,1.0,3) Uncertain significance,p.R623P
Ethambutol,embA,embA_p.His1061Gln,0.0,2.0,3) Uncertain significance,p.H1061Q
Ethambutol,embA,embA_p.Val870Leu,0.0,1.0,3) Uncertain significance,p.V870L
Ethambutol,embA,embA_p.Val479Met,0.0,1.0,3) Uncertain significance,p.V479M
Ethambutol,embA,embA_p.Gly909Glu,0.0,3.0,3) Uncertain significance,p.G909E
Ethambutol,embB,embB_p.Asp970Glu,,,3) Uncertain significance,p.D970E
Ethambutol,embB,embB_p.Asn1004Thr,0.0,1.0,3) Uncertain significance,p.N1004T
Ethambutol,embB,embB_p.Val710Leu,0.0,1.0,3) Uncertain significance,p.V710L
Ethambutol,embB,embB_p.Gly34Arg,0.0,1.0,3) Uncertain significance,p.G34R
Ethambutol,embC,embC_p.Gln63Glu,0.0,2.0,3) Uncertain significance,p.Q63E
Ethambutol,embA,embA_p.Pro327Ser,,,3) Uncertain significance,p.P327S
Ethambutol,embC,embC_p.Thr941Ala,0.0,3.0,3) Uncertain significance,p.T941A
Ethambutol,embB,embB_p.Ser203Leu,3.0,40.0,3) Uncertain significance,p.S203L
Ethambutol,embB,embB_p.Thr151Pro,,,3) Uncertain significance,p.T151P
Ethambutol,embB,embB_p.Leu253Arg,0.0,1.0,3) Uncertain significance,p.L253R
Ethambutol,embC,embC_p.Phe157Leu,1.0,1.0,3) Uncertain significance,p.F157L
Ethambutol,embA,embA_p.Thr197Arg,,,3) Uncertain significance,p.T197R
Ethambutol,embB,embB_p.Ile709Val,0.0,3.0,3) Uncertain significance,p.I709V
Ethambutol,embC,embC_p.Gly454Trp,0.0,3.0,3) Uncertain significance,p.G454W
Ethambutol,embB,embB_p.Gly535Ser,0.0,1.0,3) Uncertain significance,p.G535S
Ethambutol,embA,embA_p.Asp865Glu,0.0,1.0,3) Uncertain significance,p.D865E
Ethambutol,embC,embC_p.Asp793Glu,0.0,1.0,3) Uncertain significance,p.D793E
Ethambutol,embB,embB_p.Val377Met,0.0,1.0,3) Uncertain significance,p.V377M
Ethambutol,embA,embA_p.Asn110Asp,0.0,2.0,3) Uncertain significance,p.N110D
Ethambutol,embA,embA_p.Thr478Ala,0.0,1.0,3) Uncertain significance,p.T478A
Ethambutol,embB,embB_p.Val1048Ile,0.0,1.0,3) Uncertain significance,p.V1048I
Ethambutol,embB,embB_p.Ser622Trp,0.0,1.0,3) Uncertain significance,p.S622W
Ethambutol,embA,embA_p.Ala557Val,0.0,2.0,3) Uncertain significance,p.A557V
Ethambutol,embB,embB_p.Ala724Val,0.0,2.0,3) Uncertain significance,p.A724V
Ethambutol,embA,embA_p.Thr604Met,0.0,1.0,3) Uncertain significance,p.T604M
Ethambutol,ubiA,ubiA_p.Glu79Ala,0.0,1.0,3) Uncertain significance,p.E79A
Ethambutol,embB,embB_p.Ala338Thr,5.0,25.0,3) Uncertain significance,p.A338T
Ethambutol,embA,embA_p.Lys801Arg,0.0,1.0,3) Uncertain significance,p.K801R
Ethambutol,embA,embA_p.Ala302Thr,0.0,1.0,3) Uncertain significance,p.A302T
Ethambutol,embA,embA_p.Gly154Arg,0.0,1.0,3) Uncertain significance,p.G154R
Ethambutol,embB,embB_p.Arg61Trp,,,3) Uncertain significance,p.R61W
Ethambutol,embA,embA_p.Pro934Ser,0.0,1.0,3) Uncertain significance,p.P934S
Ethambutol,embA,embA_p.Leu562Met,0.0,1.0,3) Uncertain significance,p.L562M
Ethambutol,embC,embC_p.Ser69Arg,,,3) Uncertain significance,p.S69R
Ethambutol,embC,embC_p.Pro62Leu,,,3) Uncertain significance,p.P62L
Ethambutol,ubiA,ubiA_p.Met128Ile,0.0,1.0,3) Uncertain significance,p.M128I
Ethambutol,embB,embB_p.Phe541Val,0.0,1.0,3) Uncertain significance,p.F541V
Ethambutol,embA,embA_p.Cys28Tyr,0.0,1.0,3) Uncertain significance,p.C28Y
Ethambutol,embA,embA_p.Ala1000Thr,0.0,1.0,3) Uncertain significance,p.A1000T
Ethambutol,embB,embB_p.Pro103His,0.0,1.0,3) Uncertain significance,p.P103H
Ethambutol,embB,embB_p.Val67Leu,0.0,2.0,3) Uncertain significance,p.V67L
Ethambutol,embB,embB_p.Ala313Thr,0.0,1.0,3) Uncertain significance,p.A313T
Ethambutol,embA,embA_p.Thr81Ala,0.0,1.0,3) Uncertain significance,p.T81A
Ethambutol,embA,embA_p.Ala593Val,0.0,1.0,3) Uncertain significance,p.A593V
Ethambutol,embC,embC_p.Pro558Leu,,,3) Uncertain significance,p.P558L
Ethambutol,embA,embA_p.Gly200Ser,0.0,1.0,3) Uncertain significance,p.G200S
Ethambutol,embB,embB_p.Arg468His,0.0,1.0,3) Uncertain significance,p.R468H
Ethambutol,embB,embB_p.Lys662Thr,,,3) Uncertain significance,p.K662T
Ethambutol,embB,embB_p.Arg1055His,0.0,1.0,3) Uncertain significance,p.R1055H
Ethambutol,embB,embB_p.Ala295Val,,,3) Uncertain significance,p.A295V
Ethambutol,embB,embB_p.Arg1059Pro,0.0,1.0,3) Uncertain significance,p.R1059P
Ethambutol,embC,embC_p.Met613Ile,,,3) Uncertain significance,p.M613I
Ethambutol,embB,embB_p.Leu974Val,0.0,1.0,3) Uncertain significance,p.L974V
Ethambutol,embB,embB_p.Thr981Met,0.0,1.0,3) Uncertain significance,p.T981M
Ethambutol,embB,embB_p.Lys927Arg,0.0,1.0,3) Uncertain significance,p.K927R
Ethambutol,embB,embB_p.Ala259Val,0.0,1.0,3) Uncertain significance,p.A259V
Ethambutol,embA,embA_p.Val246Gly,0.0,1.0,3) Uncertain significance,p.V246G
Ethambutol,embC,embC_p.Glu399Asp,0.0,1.0,3) Uncertain significance,p.E399D
Ethambutol,embA,embA_p.Leu263Phe,0.0,1.0,3) Uncertain significance,p.L263F
Ethambutol,embB,embB_p.Thr341Ile,0.0,1.0,3) Uncertain significance,p.T341I
Ethambutol,embB,embB_p.Thr819Ile,0.0,1.0,3) Uncertain significance,p.T819I
Ethambutol,embA,embA_p.Thr363Ile,0.0,1.0,3) Uncertain significance,p.T363I
Ethambutol,embA,embA_p.Ser77Pro,0.0,1.0,3) Uncertain significance,p.S77P
Ethambutol,embC,embC_p.Ile28Val,0.0,1.0,3) Uncertain significance,p.I28V
Ethambutol,embB,embB_p.Gly696Glu,0.0,1.0,3) Uncertain significance,p.G696E
Ethambutol,embC,embC_p.Val799Leu,0.0,1.0,3) Uncertain significance,p.V799L
Ethambutol,embB,embB_p.Ser261Pro,0.0,1.0,3) Uncertain significance,p.S261P
Ethambutol,embA,embA_p.Pro988Leu,0.0,1.0,3) Uncertain significance,p.P988L
Ethambutol,embB,embB_p.Ala1076Thr,0.0,2.0,3) Uncertain significance,p.A1076T
Ethambutol,embA,embA_p.Val613Met,0.0,1.0,3) Uncertain significance,p.V613M
Ethambutol,embB,embB_p.Trp621Ser,,,3) Uncertain significance,p.W621S
Ethambutol,embB,embB_p.Ala102Thr,0.0,1.0,3) Uncertain significance,p.A102T
Ethambutol,embB,embB_p.Pro353Ser,,,3) Uncertain significance,p.P353S
Ethambutol,embC,embC_p.Gly852Asp,0.0,1.0,3) Uncertain significance,p.G852D
Ethambutol,embB,embB_p.Pro818Thr,0.0,1.0,3) Uncertain significance,p.P818T
Ethambutol,embB,embB_p.Glu951Lys,0.0,1.0,3) Uncertain significance,p.E951K
Ethambutol,embA,embA_p.Pro164Ser,,,3) Uncertain significance,p.P164S
Ethambutol,embA,embA_p.Thr899Ser,0.0,1.0,3) Uncertain significance,p.T899S
Ethambutol,embB,embB_p.Val360Leu,0.0,1.0,3) Uncertain significance,p.V360L
Ethambutol,embB,embB_p.Val602Ile,0.0,1.0,3) Uncertain significance,p.V602I
Ethambutol,embA,embA_p.Ala586Thr,0.0,1.0,3) Uncertain significance,p.A586T
Ethambutol,embA,embA_p.Gly210Val,0.0,1.0,3) Uncertain significance,p.G210V
Ethambutol,embC,embC_p.Gly272Ser,0.0,1.0,3) Uncertain significance,p.G272S
Ethambutol,embA,embA_p.Ile621Val,,,3) Uncertain significance,p.I621V
Ethambutol,embB,embB_p.Phe763Leu,0.0,1.0,3) Uncertain significance,p.F763L
Ethambutol,embA,embA_p.Thr238Ser,0.0,1.0,3) Uncertain significance,p.T238S
Ethambutol,embB,embB_p.Ala221Ser,,,3) Uncertain significance,p.A221S
Ethambutol,embA,embA_p.Arg444Trp,,,3) Uncertain significance,p.R444W
Ethambutol,embB,embB_p.Ser669Arg,,,3) Uncertain significance,p.S669R
Ethambutol,embA,embA_p.Leu525Met,0.0,2.0,3) Uncertain significance,p.L525M
Ethambutol,embC,embC_p.Ile965Leu,0.0,2.0,3) Uncertain significance,p.I965L
Ethambutol,embB,embB_p.Asn13Ser,6.0,192.0,3) Uncertain significance,p.N13S
Ethambutol,embC,embC_p.Lys511Arg,0.0,1.0,3) Uncertain significance,p.K511R
Ethambutol,ubiA,ubiA_p.Leu33Met,,,3) Uncertain significance,p.L33M
Ethambutol,embA,embA_p.Arg346Pro,0.0,1.0,3) Uncertain significance,p.R346P
Ethambutol,embA,embA_p.Glu1075Val,,,3) Uncertain significance,p.E1075V
Ethambutol,embA,embA_p.Ala41Thr,0.0,1.0,3) Uncertain significance,p.A41T
Ethambutol,embA,embA_p.Asn510Thr,,,3) Uncertain significance,p.N510T
Ethambutol,embA,embA_p.Ser514Pro,0.0,1.0,3) Uncertain significance,p.S514P
Ethambutol,embB,embB_p.Arg573Gln,0.0,1.0,3) Uncertain significance,p.R573Q
Ethambutol,embB,embB_p.Tyr977His,0.0,1.0,3) Uncertain significance,p.Y977H
Ethambutol,embA,embA_p.Ala849Pro,0.0,1.0,3) Uncertain significance,p.A849P
Ethambutol,embA,embA_p.Asp498Gly,0.0,3.0,3) Uncertain significance,p.D498G
Ethambutol,embA,embA_p.Val394Ala,,,3) Uncertain significance,p.V394A
Ethambutol,embA,embA_p.Thr39Ile,0.0,1.0,3) Uncertain significance,p.T39I
Ethambutol,embA,embA_p.Gly365Asp,0.0,1.0,3) Uncertain significance,p.G365D
Ethambutol,embA,embA_p.Thr657Pro,0.0,1.0,3) Uncertain significance,p.T657P
Ethambutol,embA,embA_p.Ala409Thr,0.0,1.0,3) Uncertain significance,p.A409T
Ethambutol,embA,embA_p.Glu742Asp,0.0,1.0,3) Uncertain significance,p.E742D
Ethambutol,embA,embA_p.Ile821Thr,0.0,1.0,3) Uncertain significance,p.I821T
Ethambutol,embB,embB_p.Thr215Ile,0.0,1.0,3) Uncertain significance,p.T215I
Ethambutol,embA,embA_p.Pro861Ser,0.0,1.0,3) Uncertain significance,p.P861S
Ethambutol,embB,embB_p.Gly851Asp,,,3) Uncertain significance,p.G851D
Ethambutol,embB,embB_p.Gln144Pro,0.0,2.0,3) Uncertain significance,p.Q144P
Ethambutol,embB,embB_p.Phe494Leu,0.0,1.0,3) Uncertain significance,p.F494L
Ethambutol,embB,embB_p.Gly694Asp,0.0,1.0,3) Uncertain significance,p.G694D
Ethambutol,embB,embB_p.Met660Arg,,,3) Uncertain significance,p.M660R
Ethambutol,embB,embB_p.Ile883Val,0.0,1.0,3) Uncertain significance,p.I883V
Ethambutol,embC,embC_p.Ala676Thr,0.0,1.0,3) Uncertain significance,p.A676T
Ethambutol,embB,embB_p.Ala155Pro,0.0,4.0,3) Uncertain significance,p.A155P
Ethambutol,embC,embC_p.Ala631Ser,0.0,1.0,3) Uncertain significance,p.A631S
Ethambutol,embC,embC_p.Phe991Leu,0.0,2.0,3) Uncertain significance,p.F991L
Ethambutol,embB,embB_p.Lys765Asn,,,3) Uncertain significance,p.K765N
Ethambutol,embB,embB_p.Gly891Glu,0.0,1.0,3) Uncertain significance,p.G891E
Ethambutol,embC,embC_p.Thr241Ser,0.0,1.0,3) Uncertain significance,p.T241S
Ethambutol,ubiA,ubiA_p.Val105Met,0.0,2.0,3) Uncertain significance,p.V105M
Ethambutol,embC,embC_p.Cys993Arg,0.0,1.0,3) Uncertain significance,p.C993R
Ethambutol,embB,embB_p.Val602Ala,0.0,1.0,3) Uncertain significance,p.V602A
Ethambutol,embA,embA_p.Ile696Thr,0.0,1.0,3) Uncertain significance,p.I696T
Ethambutol,embC,embC_p.Ile571Phe,,,3) Uncertain significance,p.I571F
Ethambutol,embC,embC_p.Phe654Leu,,,3) Uncertain significance,p.F654L
Ethambutol,embB,embB_p.Gly314Ser,0.0,1.0,3) Uncertain significance,p.G314S
Ethambutol,embA,embA_p.Ala364Thr,0.0,1.0,3) Uncertain significance,p.A364T
Ethambutol,embA,embA_p.Arg836Gly,0.0,1.0,3) Uncertain significance,p.R836G
Ethambutol,embB,embB_p.Gly825Ser,0.0,1.0,3) Uncertain significance,p.G825S
Ethambutol,embB,embB_p.Ala43Val,0.0,1.0,3) Uncertain significance,p.A43V
Ethambutol,embA,embA_p.Met735Ile,0.0,2.0,3) Uncertain significance,p.M735I
Ethambutol,embB,embB_p.Val492Leu,0.0,1.0,3) Uncertain significance,p.V492L
Ethambutol,embA,embA_p.Gln497Arg,,,3) Uncertain significance,p.Q497R
Ethambutol,ubiA,ubiA_p.Leu198Val,0.0,1.0,3) Uncertain significance,p.L198V
Ethambutol,embB,embB_p.Ala386Val,0.0,1.0,3) Uncertain significance,p.A386V
Ethambutol,embA,embA_p.Gly435Asp,0.0,1.0,3) Uncertain significance,p.G435D
Ethambutol,embC,embC_p.Ala856Thr,0.0,1.0,3) Uncertain significance,p.A856T
Ethambutol,embC,embC_p.Gly559Asp,0.0,1.0,3) Uncertain significance,p.G559D
Ethambutol,embB,embB_p.Ser651Cys,0.0,1.0,3) Uncertain significance,p.S651C
Ethambutol,ubiA,ubiA_p.Val44Ile,0.0,1.0,3) Uncertain significance,p.V44I
Ethambutol,embC,embC_p.Pro1068Ser,0.0,1.0,3) Uncertain significance,p.P1068S
Ethambutol,embA,embA_p.Ala331Ser,0.0,1.0,3) Uncertain significance,p.A331S
Ethambutol,ubiA,ubiA_p.Val75Ala,,,3) Uncertain significance,p.V75A
Ethambutol,embB,embB_p.Leu348Pro,0.0,1.0,3) Uncertain significance,p.L348P
Ethambutol,embA,embA_p.Arg940Ser,0.0,1.0,3) Uncertain significance,p.R940S
Ethambutol,embC,embC_p.Ala79Thr,0.0,1.0,3) Uncertain significance,p.A79T
Ethambutol,embB,embB_p.Arg1045Gln,,,3) Uncertain significance,p.R1045Q
Ethambutol,embB,embB_p.Trp273Leu,0.0,1.0,3) Uncertain significance,p.W273L
Ethambutol,embC,embC_p.Pro787Ser,0.0,1.0,3) Uncertain significance,p.P787S
Ethambutol,embB,embB_p.Gly846Ser,0.0,1.0,3) Uncertain significance,p.G846S
Ethambutol,embA,embA_p.Ala60Asp,,,3) Uncertain significance,p.A60D
Ethambutol,embA,embA_p.Asp737Gly,0.0,1.0,3) Uncertain significance,p.D737G
Ethambutol,embC,embC_p.Ala604Gly,0.0,1.0,3) Uncertain significance,p.A604G
Ethambutol,embA,embA_p.Glu508Asp,0.0,1.0,3) Uncertain significance,p.E508D
Ethambutol,embB,embB_p.Met916Thr,,,3) Uncertain significance,p.M916T
Ethambutol,embA,embA_p.Ala316Pro,0.0,1.0,3) Uncertain significance,p.A316P
Ethambutol,embC,embC_p.Asn928Tyr,0.0,1.0,3) Uncertain significance,p.N928Y
Ethambutol,embA,embA_p.Leu263Pro,0.0,1.0,3) Uncertain significance,p.L263P
Ethambutol,ubiA,ubiA_p.Gly116Ser,0.0,1.0,3) Uncertain significance,p.G116S
Ethambutol,embC,embC_p.Arg465Thr,0.0,1.0,3) Uncertain significance,p.R465T
Ethambutol,embB,embB_p.Ala495Thr,,,3) Uncertain significance,p.A495T
Ethambutol,embA,embA_p.Ala826Glu,0.0,1.0,3) Uncertain significance,p.A826E
Ethambutol,embB,embB_p.Ser66Asn,0.0,1.0,3) Uncertain significance,p.S66N
Ethambutol,embA,embA_p.Ala259Ser,0.0,1.0,3) Uncertain significance,p.A259S
Ethambutol,embC,embC_p.Gly559Arg,0.0,2.0,3) Uncertain significance,p.G559R
Ethambutol,embB,embB_p.Pro655Leu,0.0,1.0,3) Uncertain significance,p.P655L
Ethambutol,embC,embC_p.Ile430Ser,0.0,1.0,3) Uncertain significance,p.I430S
Ethambutol,embB,embB_p.Pro818Leu,0.0,1.0,3) Uncertain significance,p.P818L
Ethambutol,embC,embC_p.Val858Met,,,3) Uncertain significance,p.V858M
Ethambutol,embC,embC_p.Ala307Ser,,,3) Uncertain significance,p.A307S
Ethambutol,embC,embC_p.Ala243Thr,0.0,1.0,3) Uncertain significance,p.A243T
Ethambutol,embA,embA_p.Pro1065Leu,0.0,1.0,3) Uncertain significance,p.P1065L
Ethambutol,embC,embC_p.Asn762Asp,0.0,1.0,3) Uncertain significance,p.N762D
Ethambutol,embB,embB_p.Gly696Ala,0.0,1.0,3) Uncertain significance,p.G696A
Ethambutol,embC,embC_p.Gly921Asp,0.0,1.0,3) Uncertain significance,p.G921D
Ethambutol,embA,embA_p.Ala589Glu,,,3) Uncertain significance,p.A589E
Ethambutol,embB,embB_p.Val612Met,0.0,1.0,3) Uncertain significance,p.V612M
Ethambutol,embA,embA_p.Asp902Glu,,,3) Uncertain significance,p.D902E
Ethambutol,embB,embB_p.Ala484Thr,0.0,1.0,3) Uncertain significance,p.A484T
Ethambutol,embB,embB_p.Ser73Leu,,,3) Uncertain significance,p.S73L
Ethambutol,embC,embC_p.Arg969His,0.0,1.0,3) Uncertain significance,p.R969H
Ethambutol,embC,embC_p.Pro51Leu,0.0,1.0,3) Uncertain significance,p.P51L
Ethambutol,embB,embB_p.Asp240Tyr,0.0,1.0,3) Uncertain significance,p.D240Y
Ethambutol,embA,embA_p.Asp274Gly,0.0,1.0,3) Uncertain significance,p.D274G
Ethambutol,embA,embA_p.Ile1007Leu,0.0,1.0,3) Uncertain significance,p.I1007L
Ethambutol,embC,embC_p.Met351Ile,0.0,2.0,3) Uncertain significance,p.M351I
Ethambutol,embA,embA_p.Pro327His,0.0,1.0,3) Uncertain significance,p.P327H
Ethambutol,embB,embB_p.Gly923Glu,0.0,1.0,3) Uncertain significance,p.G923E
Ethambutol,embB,embB_p.Ala90Gly,0.0,1.0,3) Uncertain significance,p.A90G
Ethambutol,embB,embB_p.Arg930His,0.0,1.0,3) Uncertain significance,p.R930H
Ethambutol,embC,embC_p.Ala612Val,0.0,1.0,3) Uncertain significance,p.A612V
Ethambutol,embA,embA_p.Ser250Arg,0.0,1.0,3) Uncertain significance,p.S250R
Ethambutol,embB,embB_p.Pro59Thr,0.0,1.0,3) Uncertain significance,p.P59T
Ethambutol,embB,embB_p.Ile284Leu,0.0,1.0,3) Uncertain significance,p.I284L
Ethambutol,embC,embC_p.Pro138Ser,0.0,2.0,3) Uncertain significance,p.P138S
Ethambutol,embC,embC_p.Met524Ile,0.0,1.0,3) Uncertain significance,p.M524I
Ethambutol,embB,embB_p.His342Asn,0.0,1.0,3) Uncertain significance,p.H342N
Ethambutol,embB,embB_p.Gly745Ala,,,3) Uncertain significance,p.G745A
Ethambutol,embA,embA_p.Ala436Val,0.0,1.0,3) Uncertain significance,p.A436V
Ethambutol,embB,embB_p.Ala21Thr,0.0,1.0,3) Uncertain significance,p.A21T
Ethambutol,embA,embA_p.Arg358Gln,,,3) Uncertain significance,p.R358Q
Ethambutol,embA,embA_p.Val676Ile,,,3) Uncertain significance,p.V676I
Ethambutol,embA,embA_p.Ala334Val,0.0,1.0,3) Uncertain significance,p.A334V
Ethambutol,embB,embB_p.Ala357Thr,0.0,1.0,3) Uncertain significance,p.A357T
Ethambutol,embB,embB_p.Tyr1018His,0.0,1.0,3) Uncertain significance,p.Y1018H
Ethambutol,embC,embC_p.Ala426Pro,0.0,1.0,3) Uncertain significance,p.A426P
Ethambutol,embC,embC_p.Arg366Leu,0.0,1.0,3) Uncertain significance,p.R366L
Ethambutol,embA,embA_p.Arg229Lys,0.0,1.0,3) Uncertain significance,p.R229K
Ethambutol,embB,embB_p.Val614Leu,0.0,1.0,3) Uncertain significance,p.V614L
Ethambutol,embA,embA_p.Thr652Met,0.0,1.0,3) Uncertain significance,p.T652M
Ethambutol,embC,embC_p.Gly764Asp,0.0,1.0,3) Uncertain significance,p.G764D
Ethambutol,embC,embC_p.Val337Ile,0.0,1.0,3) Uncertain significance,p.V337I
Ethambutol,ubiA,ubiA_p.Ala80Thr,0.0,1.0,3) Uncertain significance,p.A80T
Ethambutol,embB,embB_p.Ala155Thr,0.0,1.0,3) Uncertain significance,p.A155T
Ethambutol,embC,embC_p.Val198Phe,0.0,1.0,3) Uncertain significance,p.V198F
Ethambutol,embA,embA_p.Ala719Thr,,,3) Uncertain significance,p.A719T
Ethambutol,embB,embB_p.Ser344Arg,0.0,1.0,3) Uncertain significance,p.S344R
Ethambutol,embB,embB_p.Arg122His,0.0,1.0,3) Uncertain significance,p.R122H
Ethambutol,embB,embB_p.Phe398Leu,0.0,1.0,3) Uncertain significance,p.F398L
Ethambutol,embC,embC_p.Met550Ile,0.0,1.0,3) Uncertain significance,p.M550I
Ethambutol,embA,embA_p.His10Asn,0.0,1.0,3) Uncertain significance,p.H10N
Ethambutol,ubiA,ubiA_p.Thr216Ser,0.0,1.0,3) Uncertain significance,p.T216S
Ethambutol,embA,embA_p.Gly1085Ser,0.0,1.0,3) Uncertain significance,p.G1085S
Ethambutol,embC,embC_p.Ala701Thr,0.0,1.0,3) Uncertain significance,p.A701T
Ethambutol,embB,embB_p.Ala431Pro,0.0,1.0,3) Uncertain significance,p.A431P
Ethambutol,embA,embA_p.Ala316Gly,0.0,1.0,3) Uncertain significance,p.A316G
Ethambutol,embC,embC_p.Ala378Thr,0.0,1.0,3) Uncertain significance,p.A378T
Ethambutol,embB,embB_p.Asp240Val,0.0,1.0,3) Uncertain significance,p.D240V
Ethambutol,embB,embB_p.Ser617Leu,0.0,1.0,3) Uncertain significance,p.S617L
Ethambutol,embB,embB_p.Met714Ile,,,3) Uncertain significance,p.M714I
Ethambutol,embA,embA_p.Leu908Val,0.0,1.0,3) Uncertain significance,p.L908V
Ethambutol,ubiA,ubiA_p.Val14Ala,0.0,2.0,3) Uncertain significance,p.V14A
Ethambutol,embA,embA_p.Leu1037Pro,0.0,1.0,3) Uncertain significance,p.L1037P
Ethambutol,embA,embA_p.Leu452Met,0.0,1.0,3) Uncertain significance,p.L452M
Ethambutol,embC,embC_p.Pro150Thr,0.0,1.0,3) Uncertain significance,p.P150T
Ethambutol,embB,embB_p.Val1071Phe,0.0,1.0,3) Uncertain significance,p.V1071F
Ethambutol,embC,embC_p.Met1040Thr,0.0,2.0,3) Uncertain significance,p.M1040T
Ethambutol,embB,embB_p.Asp166Ala,0.0,1.0,3) Uncertain significance,p.D166A
Ethambutol,embB,embB_p.Ala517Thr,0.0,1.0,3) Uncertain significance,p.A517T
Ethambutol,embC,embC_p.Asp903Glu,0.0,1.0,3) Uncertain significance,p.D903E
Ethambutol,embB,embB_p.Thr1069Pro,0.0,1.0,3) Uncertain significance,p.T1069P
Ethambutol,embC,embC_p.His911Gln,,,3) Uncertain significance,p.H911Q
Ethambutol,embA,embA_p.Ala477Gly,0.0,1.0,3) Uncertain significance,p.A477G
Ethambutol,embA,embA_p.Pro774Ser,,,3) Uncertain significance,p.P774S
Ethambutol,embC,embC_p.Gly383Ser,0.0,1.0,3) Uncertain significance,p.G383S
Ethambutol,ubiA,ubiA_p.Val49Ala,0.0,1.0,3) Uncertain significance,p.V49A
Ethambutol,embC,embC_p.Arg9Ser,0.0,1.0,3) Uncertain significance,p.R9S
Ethambutol,embA,embA_p.Ser516Pro,0.0,1.0,3) Uncertain significance,p.S516P
Ethambutol,embC,embC_p.Val946Ile,0.0,1.0,3) Uncertain significance,p.V946I
Ethambutol,embC,embC_p.Ala701Gly,0.0,1.0,3) Uncertain significance,p.A701G
Ethambutol,embA,embA_p.Ala255Thr,0.0,2.0,3) Uncertain significance,p.A255T
Ethambutol,embB,embB_p.Gly745Arg,0.0,1.0,3) Uncertain significance,p.G745R
Ethambutol,embC,embC_p.Ser304Pro,,,3) Uncertain significance,p.S304P
Ethambutol,embB,embB_p.Asp178His,,,3) Uncertain significance,p.D178H
Ethambutol,embC,embC_p.Gly23Arg,,,3) Uncertain significance,p.G23R
Ethambutol,embC,embC_p.Ile517Val,0.0,1.0,3) Uncertain significance,p.I517V
Ethambutol,embB,embB_p.Trp332Leu,0.0,1.0,3) Uncertain significance,p.W332L
Ethambutol,embA,embA_p.Gly200Ala,,,3) Uncertain significance,p.G200A
Ethambutol,embA,embA_p.Pro913Leu,,,3) Uncertain significance,p.P913L
Ethambutol,embB,embB_p.Gly474Asp,0.0,1.0,3) Uncertain significance,p.G474D
Ethambutol,embC,embC_p.Ala416Ser,0.0,1.0,3) Uncertain significance,p.A416S
Ethambutol,embB,embB_p.Leu239Arg,0.0,1.0,3) Uncertain significance,p.L239R
Ethambutol,embB,embB_p.Glu378Asp,,,3) Uncertain significance,p.E378D
Ethambutol,embC,embC_p.Trp268Cys,,,3) Uncertain significance,p.W268C
Ethambutol,embA,embA_p.Gly841Ala,0.0,3.0,3) Uncertain significance,p.G841A
Ethambutol,embB,embB_p.Ile666Thr,0.0,1.0,3) Uncertain significance,p.I666T
Ethambutol,embC,embC_p.Asn1028Lys,,,3) Uncertain significance,p.N1028K
Ethambutol,embC,embC_p.Gly988Glu,0.0,1.0,3) Uncertain significance,p.G988E
Ethambutol,embA,embA_p.Ala448Gly,0.0,1.0,3) Uncertain significance,p.A448G
Ethambutol,embB,embB_p.Phe161Leu,0.0,1.0,3) Uncertain significance,p.F161L
Ethambutol,embA,embA_p.Ile413Val,0.0,1.0,3) Uncertain significance,p.I413V
Ethambutol,embB,embB_p.Ala861Thr,0.0,1.0,3) Uncertain significance,p.A861T
Ethambutol,embB,embB_p.Tyr384Ser,0.0,1.0,3) Uncertain significance,p.Y384S
Ethambutol,embC,embC_p.Gly813Glu,0.0,1.0,3) Uncertain significance,p.G813E
Ethambutol,embB,embB_p.Val309Phe,0.0,1.0,3) Uncertain significance,p.V309F
Ethambutol,embA,embA_p.Gly1085Val,0.0,1.0,3) Uncertain significance,p.G1085V
Ethambutol,embC,embC_p.Phe581Val,0.0,1.0,3) Uncertain significance,p.F581V
Ethambutol,embA,embA_p.Thr113Arg,0.0,5.0,3) Uncertain significance,p.T113R
Ethambutol,embC,embC_p.Thr241Ile,0.0,1.0,3) Uncertain significance,p.T241I
Ethambutol,embB,embB_p.Val116Ile,,,3) Uncertain significance,p.V116I
Ethambutol,embB,embB_p.Gly851Val,0.0,4.0,3) Uncertain significance,p.G851V
Ethambutol,embC,embC_p.Thr873Ala,0.0,1.0,3) Uncertain significance,p.T873A
Ethambutol,embA,embA_p.Arg282Trp,0.0,1.0,3) Uncertain significance,p.R282W
Ethambutol,embB,embB_p.Gly1005Ala,0.0,1.0,3) Uncertain significance,p.G1005A
Ethambutol,embC,embC_p.Pro564Leu,0.0,1.0,3) Uncertain significance,p.P564L
Ethambutol,embB,embB_p.Val566Met,0.0,3.0,3) Uncertain significance,p.V566M
Ethambutol,embC,embC_p.His336Gln,0.0,2.0,3) Uncertain significance,p.H336Q
Ethambutol,embC,embC_p.Leu43Pro,0.0,2.0,3) Uncertain significance,p.L43P
Ethambutol,embB,embB_p.Ala432Val,,,3) Uncertain significance,p.A432V
Ethambutol,embA,embA_p.Glu951Lys,,,3) Uncertain significance,p.E951K
Ethambutol,embA,embA_p.Val283Leu,,,3) Uncertain significance,p.V283L
Ethambutol,embC,embC_p.Val238Ile,0.0,2.0,3) Uncertain significance,p.V238I
Ethambutol,embA,embA_p.Gly220Met,0.0,1.0,3) Uncertain significance,p.G220M
Ethambutol,embB,embB_p.Leu1053Val,0.0,1.0,3) Uncertain significance,p.L1053V
Ethambutol,embB,embB_p.Ala388Val,0.0,1.0,3) Uncertain significance,p.A388V
Ethambutol,embC,embC_p.Trp389Cys,0.0,1.0,3) Uncertain significance,p.W389C
Ethambutol,embB,embB_p.Ala54Thr,0.0,1.0,3) Uncertain significance,p.A54T
Ethambutol,embA,embA_p.Pro645Arg,0.0,2.0,3) Uncertain significance,p.P645R
Ethambutol,embB,embB_p.Asp758Asn,0.0,2.0,3) Uncertain significance,p.D758N
Ethambutol,embB,embB_p.Ala630Thr,0.0,1.0,3) Uncertain significance,p.A630T
Ethambutol,embB,embB_p.Ser980Ala,0.0,1.0,3) Uncertain significance,p.S980A
Ethambutol,embC,embC_p.Arg9His,0.0,1.0,3) Uncertain significance,p.R9H
Ethambutol,embA,embA_p.Pro754Ala,0.0,1.0,3) Uncertain significance,p.P754A
Ethambutol,embB,embB_p.Phe440Ser,0.0,2.0,3) Uncertain significance,p.F440S
Ethambutol,embB,embB_p.Gly792Ser,0.0,1.0,3) Uncertain significance,p.G792S
Ethambutol,embB,embB_p.Gly443Ser,0.0,3.0,3) Uncertain significance,p.G443S
Ethambutol,embA,embA_p.Asp678Asn,0.0,1.0,3) Uncertain significance,p.D678N
Ethambutol,embA,embA_p.Thr300Ala,0.0,1.0,3) Uncertain significance,p.T300A
Ethambutol,embA,embA_p.Pro1087Ser,0.0,1.0,3) Uncertain significance,p.P1087S
Ethambutol,embA,embA_p.Val479Glu,0.0,1.0,3) Uncertain significance,p.V479E
Ethambutol,embB,embB_p.Ala386Thr,0.0,1.0,3) Uncertain significance,p.A386T
Ethambutol,embB,embB_p.Asp311Phe,0.0,2.0,3) Uncertain significance,p.D311F
Ethambutol,embB,embB_p.Thr520Ser,0.0,1.0,3) Uncertain significance,p.T520S
Ethambutol,embB,embB_p.Pro708Leu,0.0,1.0,3) Uncertain significance,p.P708L
Ethambutol,embB,embB_p.Phe763Val,,,3) Uncertain significance,p.F763V
Ethambutol,embC,embC_p.Met231Ile,0.0,1.0,3) Uncertain significance,p.M231I
Ethambutol,embB,embB_p.Val444Met,0.0,1.0,3) Uncertain significance,p.V444M
Ethambutol,ubiA,ubiA_p.Ala94Thr,,,3) Uncertain significance,p.A94T
Ethambutol,embC,embC_p.Asp775Glu,,,3) Uncertain significance,p.D775E
Ethambutol,embB,embB_p.Arg464Leu,,,3) Uncertain significance,p.R464L
Ethambutol,embB,embB_p.Val292Leu,0.0,1.0,3) Uncertain significance,p.V292L
Ethambutol,embA,embA_p.Phe529Leu,0.0,1.0,3) Uncertain significance,p.F529L
Ethambutol,ubiA,ubiA_p.Asp4Asn,0.0,1.0,3) Uncertain significance,p.D4N
Ethambutol,embC,embC_p.Ala953Ser,0.0,1.0,3) Uncertain significance,p.A953S
Ethambutol,embB,embB_p.Glu976Gln,,,3) Uncertain significance,p.E976Q
Ethambutol,embC,embC_p.Ala57Thr,0.0,1.0,3) Uncertain significance,p.A57T
Ethambutol,embA,embA_p.His140Asp,0.0,1.0,3) Uncertain significance,p.H140D
Ethambutol,embB,embB_p.Arg620Pro,0.0,2.0,3) Uncertain significance,p.R620P
Ethambutol,embB,embB_p.Ala1073Val,0.0,2.0,3) Uncertain significance,p.A1073V
Ethambutol,embC,embC_p.Ala505Gly,,,3) Uncertain significance,p.A505G
Ethambutol,embB,embB_p.Arg568His,0.0,1.0,3) Uncertain significance,p.R568H
Ethambutol,embB,embB_p.Ala567Thr,0.0,1.0,3) Uncertain significance,p.A567T
Ethambutol,ubiA,ubiA_p.Val17Leu,0.0,1.0,3) Uncertain significance,p.V17L
Ethambutol,embC,embC_p.Ala887Val,0.0,2.0,3) Uncertain significance,p.A887V
Ethambutol,embC,embC_p.Phe1016Ser,0.0,2.0,3) Uncertain significance,p.F1016S
Ethambutol,embA,embA_p.Asn629Tyr,0.0,1.0,3) Uncertain significance,p.N629Y
Ethambutol,embB,embB_p.Asp127Ala,0.0,1.0,3) Uncertain significance,p.D127A
Ethambutol,embB,embB_p.Leu558Phe,0.0,1.0,3) Uncertain significance,p.L558F
Ethambutol,embC,embC_p.Arg688Leu,0.0,1.0,3) Uncertain significance,p.R688L
Ethambutol,embA,embA_p.Pro455Leu,,,3) Uncertain significance,p.P455L
Ethambutol,embC,embC_p.Leu236Val,,,3) Uncertain significance,p.L236V
Ethambutol,embB,embB_p.Leu472Val,0.0,1.0,3) Uncertain significance,p.L472V
Ethambutol,embC,embC_p.Arg30Gln,0.0,1.0,3) Uncertain significance,p.R30Q
Ethambutol,embA,embA_p.Asp235Ala,0.0,1.0,3) Uncertain significance,p.D235A
Ethambutol,embC,embC_p.His910Asn,0.0,2.0,3) Uncertain significance,p.H910N
Ethambutol,embC,embC_p.Trp1053Arg,,,3) Uncertain significance,p.W1053R
Ethambutol,embA,embA_p.Leu221Met,0.0,1.0,3) Uncertain significance,p.L221M
Ethambutol,ubiA,ubiA_p.Val105Ala,0.0,1.0,3) Uncertain significance,p.V105A
Ethambutol,embB,embB_p.Arg1059Gly,0.0,1.0,3) Uncertain significance,p.R1059G
Ethambutol,embB,embB_p.Thr546Ala,0.0,2.0,3) Uncertain significance,p.T546A
Ethambutol,embB,embB_p.Leu777Val,0.0,1.0,3) Uncertain significance,p.L777V
Ethambutol,embC,embC_p.Arg266His,,,3) Uncertain significance,p.R266H
Ethambutol,ubiA,ubiA_p.Thr104Ile,0.0,3.0,3) Uncertain significance,p.T104I
Ethambutol,embC,embC_p.Asn762Ser,0.0,1.0,3) Uncertain significance,p.N762S
Ethambutol,embB,embB_p.Thr732Ile,0.0,1.0,3) Uncertain significance,p.T732I
Ethambutol,embA,embA_p.Ile30Val,0.0,2.0,3) Uncertain significance,p.I30V
Ethambutol,embA,embA_p.Leu659Ser,,,3) Uncertain significance,p.L659S
Ethambutol,embC,embC_p.Pro1072Leu,,,3) Uncertain significance,p.P1072L
Ethambutol,embA,embA_p.Leu34Arg,0.0,2.0,3) Uncertain significance,p.L34R
Ethambutol,embB,embB_p.Ala5Thr,0.0,1.0,3) Uncertain significance,p.A5T
Ethambutol,embC,embC_p.Ser213Asn,0.0,5.0,3) Uncertain significance,p.S213N
Ethambutol,embA,embA_p.Ala127Val,0.0,2.0,3) Uncertain significance,p.A127V
Ethambutol,embB,embB_p.Phe79Leu,0.0,1.0,3) Uncertain significance,p.F79L
Ethambutol,embB,embB_p.Pro731Leu,0.0,5.0,3) Uncertain significance,p.P731L
Ethambutol,embA,embA_p.Gly1048Arg,0.0,1.0,3) Uncertain significance,p.G1048R
Ethambutol,embB,embB_p.Pro143Ser,0.0,1.0,3) Uncertain significance,p.P143S
Ethambutol,embC,embC_p.Thr795Ala,0.0,1.0,3) Uncertain significance,p.T795A
Ethambutol,embC,embC_p.Asp811Asn,0.0,1.0,3) Uncertain significance,p.D811N
Ethambutol,embB,embB_p.Ala33Pro,,,3) Uncertain significance,p.A33P
Ethambutol,embB,embB_p.Lys107Glu,,,3) Uncertain significance,p.K107E
Ethambutol,embB,embB_p.Pro183Ser,0.0,1.0,3) Uncertain significance,p.P183S
Ethambutol,embA,embA_p.Val627Ala,0.0,2.0,3) Uncertain significance,p.V627A
Ethambutol,embA,embA_p.Ala415Val,0.0,1.0,3) Uncertain significance,p.A415V
Ethambutol,embA,embA_p.Ala930Val,0.0,1.0,3) Uncertain significance,p.A930V
Ethambutol,embB,embB_p.Arg464Gln,0.0,1.0,3) Uncertain significance,p.R464Q
Ethambutol,embB,embB_p.Ala693Thr,0.0,2.0,3) Uncertain significance,p.A693T
Ethambutol,embB,embB_p.Ala386Ser,0.0,1.0,3) Uncertain significance,p.A386S
Ethambutol,embA,embA_p.Ser994Phe,0.0,1.0,3) Uncertain significance,p.S994F
Ethambutol,embB,embB_p.Asp869Glu,0.0,2.0,3) Uncertain significance,p.D869E
Ethambutol,embC,embC_p.Val388Ile,0.0,2.0,3) Uncertain significance,p.V388I
Ethambutol,embA,embA_p.Val1074Ala,0.0,1.0,3) Uncertain significance,p.V1074A
Ethambutol,embA,embA_p.Val534Leu,0.0,2.0,3) Uncertain significance,p.V534L
Ethambutol,embC,embC_p.Met727Val,0.0,2.0,3) Uncertain significance,p.M727V
Ethambutol,embA,embA_p.Thr899Ala,0.0,2.0,3) Uncertain significance,p.T899A
Ethambutol,embC,embC_p.Ile459Met,0.0,1.0,3) Uncertain significance,p.I459M
Ethambutol,embC,embC_p.Glu4Ala,,,3) Uncertain significance,p.E4A
Ethambutol,embB,embB_p.Ser272Asn,0.0,2.0,3) Uncertain significance,p.S272N
Ethambutol,embB,embB_p.Tyr319Asn,,,3) Uncertain significance,p.Y319N
Ethambutol,embC,embC_p.Gly101Ala,0.0,2.0,3) Uncertain significance,p.G101A
Ethambutol,embB,embB_p.Pro766Arg,0.0,2.0,3) Uncertain significance,p.P766R
Ethambutol,embB,embB_p.Ser22Phe,0.0,1.0,3) Uncertain significance,p.S22F
Ethambutol,embC,embC_p.Leu39Pro,0.0,1.0,3) Uncertain significance,p.L39P
Ethambutol,embC,embC_p.Gly610Ser,,,3) Uncertain significance,p.G610S
Ethambutol,embC,embC_p.Ser551Trp,,,3) Uncertain significance,p.S551W
Ethambutol,embA,embA_p.Leu868Pro,0.0,1.0,3) Uncertain significance,p.L868P
Ethambutol,embB,embB_p.Ala720Val,,,3) Uncertain significance,p.A720V
Ethambutol,embA,embA_p.Pro164Ala,0.0,1.0,3) Uncertain significance,p.P164A
Ethambutol,embA,embA_p.Arg68His,0.0,1.0,3) Uncertain significance,p.R68H
Ethambutol,embB,embB_p.Pro866Ser,,,3) Uncertain significance,p.P866S
Ethambutol,embA,embA_p.Arg245Trp,,,3) Uncertain significance,p.R245W
Ethambutol,embA,embA_p.Asn377Gly,0.0,1.0,3) Uncertain significance,p.N377G
Ethambutol,embC,embC_p.Pro707Leu,0.0,1.0,3) Uncertain significance,p.P707L
Ethambutol,embA,embA_p.Met840Val,,,3) Uncertain significance,p.M840V
Ethambutol,embC,embC_p.Thr253Ile,0.0,1.0,3) Uncertain significance,p.T253I
Ethambutol,embC,embC_p.Asn788Asp,,,3) Uncertain significance,p.N788D
Ethambutol,embC,embC_p.Leu14Ile,1.0,8.0,3) Uncertain significance,p.L14I
Ethambutol,embB,embB_p.Ala505Pro,0.0,1.0,3) Uncertain significance,p.A505P
Ethambutol,embC,embC_p.Gly211Ala,0.0,1.0,3) Uncertain significance,p.G211A
Ethambutol,embA,embA_p.Thr300Pro,0.0,1.0,3) Uncertain significance,p.T300P
Ethambutol,embB,embB_p.Gly1092Ala,0.0,1.0,3) Uncertain significance,p.G1092A
Ethambutol,embA,embA_p.Leu925Val,0.0,1.0,3) Uncertain significance,p.L925V
Ethambutol,embB,embB_p.Val436Ile,0.0,1.0,3) Uncertain significance,p.V436I
Ethambutol,embB,embB_p.Tyr519His,0.0,1.0,3) Uncertain significance,p.Y519H
Ethambutol,embC,embC_p.Ile1035Val,,,3) Uncertain significance,p.I1035V
Ethambutol,embC,embC_p.Glu520Gln,0.0,1.0,3) Uncertain significance,p.E520Q
Ethambutol,embA,embA_p.Ser309Ala,,,3) Uncertain significance,p.S309A
Ethambutol,embA,embA_p.Ala430Thr,,,3) Uncertain significance,p.A430T
Ethambutol,embA,embA_p.Ala95Thr,,,3) Uncertain significance,p.A95T
Ethambutol,embC,embC_p.Leu331Pro,,,3) Uncertain significance,p.L331P
Ethambutol,embB,embB_p.Val963Met,,,3) Uncertain significance,p.V963M
Ethambutol,embB,embB_p.His872Tyr,,,3) Uncertain significance,p.H872Y
Ethambutol,embC,embC_p.Ile364Asn,0.0,1.0,3) Uncertain significance,p.I364N
Ethambutol,embC,embC_p.Ala6Ser,0.0,1.0,3) Uncertain significance,p.A6S
Ethambutol,embB,embB_p.Val162Gly,0.0,1.0,3) Uncertain significance,p.V162G
Ethambutol,embA,embA_p.Arg325Cys,,,3) Uncertain significance,p.R325C
Ethambutol,embC,embC_p.Ala539Val,0.0,3.0,3) Uncertain significance,p.A539V
Ethambutol,embB,embB_p.Pro531His,,,3) Uncertain significance,p.P531H
Ethambutol,embA,embA_p.Gln1059Pro,,,3) Uncertain significance,p.Q1059P
Ethambutol,embA,embA_p.Ala457Glu,0.0,1.0,3) Uncertain significance,p.A457E
Ethambutol,embB,embB_p.Pro706Ser,0.0,1.0,3) Uncertain significance,p.P706S
Ethambutol,embC,embC_p.Arg967Trp,0.0,1.0,3) Uncertain significance,p.R967W
Ethambutol,embC,embC_p.Ala990Pro,0.0,1.0,3) Uncertain significance,p.A990P
Ethambutol,embA,embA_p.Pro763Ser,,,3) Uncertain significance,p.P763S
Ethambutol,embB,embB_p.Arg469His,0.0,1.0,3) Uncertain significance,p.R469H
Ethambutol,embB,embB_p.Gly895Arg,0.0,1.0,3) Uncertain significance,p.G895R
Ethambutol,embA,embA_p.Gly1083Asp,,,3) Uncertain significance,p.G1083D
Ethambutol,embA,embA_p.Thr604Arg,0.0,2.0,3) Uncertain significance,p.T604R
Ethambutol,embA,embA_p.Asp235Asn,,,3) Uncertain significance,p.D235N
Ethambutol,embC,embC_p.Leu766Pro,0.0,1.0,3) Uncertain significance,p.L766P
Ethambutol,embA,embA_p.Thr983Ala,0.0,2.0,3) Uncertain significance,p.T983A
Ethambutol,embC,embC_p.Thr1036Asn,0.0,1.0,3) Uncertain significance,p.T1036N
Ethambutol,embA,embA_p.Phe362Val,,,3) Uncertain significance,p.F362V
Ethambutol,ubiA,ubiA_p.Glu83Lys,0.0,1.0,3) Uncertain significance,p.E83K
Ethambutol,embC,embC_p.Pro73Gln,0.0,3.0,3) Uncertain significance,p.P73Q
Ethambutol,embB,embB_p.Asn400Ser,0.0,1.0,3) Uncertain significance,p.N400S
Ethambutol,embB,embB_p.Asp191Glu,0.0,2.0,3) Uncertain significance,p.D191E
Ethambutol,embB,embB_p.His687Tyr,,,3) Uncertain significance,p.H687Y
Ethambutol,embC,embC_p.Pro150Ser,0.0,1.0,3) Uncertain significance,p.P150S
Ethambutol,embB,embB_p.Gly1005Asp,0.0,1.0,3) Uncertain significance,p.G1005D
Ethambutol,embA,embA_p.Phe987Leu,0.0,1.0,3) Uncertain significance,p.F987L
Ethambutol,embB,embB_p.Gly871Val,,,3) Uncertain significance,p.G871V
Ethambutol,embB,embB_p.Gly96Glu,0.0,1.0,3) Uncertain significance,p.G96E
Ethambutol,embB,embB_p.Ala945Thr,0.0,1.0,3) Uncertain significance,p.A945T
Ethambutol,embB,embB_p.Ala716Val,0.0,2.0,3) Uncertain significance,p.A716V
Ethambutol,embA,embA_p.Ala477Thr,0.0,1.0,3) Uncertain significance,p.A477T
Ethambutol,embC,embC_p.Ala792Thr,0.0,1.0,3) Uncertain significance,p.A792T
Ethambutol,embA,embA_p.Gly547Arg,0.0,1.0,3) Uncertain significance,p.G547R
Ethambutol,embA,embA_p.Thr308Ile,0.0,1.0,3) Uncertain significance,p.T308I
Ethambutol,embB,embB_p.Pro12Ser,0.0,1.0,3) Uncertain significance,p.P12S
Ethambutol,embB,embB_p.Arg257Gln,0.0,1.0,3) Uncertain significance,p.R257Q
Ethambutol,embA,embA_p.Asp144Gly,0.0,1.0,3) Uncertain significance,p.D144G
Ethambutol,embC,embC_p.Ala828Thr,0.0,1.0,3) Uncertain significance,p.A828T
Ethambutol,embA,embA_p.Gly700Cys,,,3) Uncertain significance,p.G700C
Ethambutol,embA,embA_p.Lys816Asn,0.0,1.0,3) Uncertain significance,p.K816N
Ethambutol,embA,embA_p.Met668Ile,0.0,2.0,3) Uncertain significance,p.M668I
Ethambutol,embC,embC_p.Val218Ala,0.0,1.0,3) Uncertain significance,p.V218A
Ethambutol,embC,embC_p.Ala377Thr,,,3) Uncertain significance,p.A377T
Ethambutol,embB,embB_p.Glu138Ala,0.0,1.0,3) Uncertain significance,p.E138A
Ethambutol,embB,embB_p.Ala928Thr,0.0,1.0,3) Uncertain significance,p.A928T
Ethambutol,embB,embB_p.Glu149Ala,,,3) Uncertain significance,p.E149A
Ethambutol,embA,embA_p.Leu347Arg,,,3) Uncertain significance,p.L347R
Ethambutol,embC,embC_p.Ala484Thr,0.0,2.0,3) Uncertain significance,p.A484T
Ethambutol,embC,embC_p.Ile815Thr,0.0,1.0,3) Uncertain significance,p.I815T
Ethambutol,embB,embB_p.Val282Ala,0.0,2.0,3) Uncertain significance,p.V282A
Ethambutol,embA,embA_p.Leu215Pro,0.0,1.0,3) Uncertain significance,p.L215P
Ethambutol,embA,embA_p.Pro1094Thr,,,3) Uncertain significance,p.P1094T
Ethambutol,embB,embB_p.Asp78Glu,0.0,2.0,3) Uncertain significance,p.D78E
Ethambutol,embA,embA_p.Ser1025Leu,,,3) Uncertain significance,p.S1025L
Ethambutol,embB,embB_p.Val39Leu,0.0,1.0,3) Uncertain significance,p.V39L
Ethambutol,embB,embB_p.Pro270Ala,0.0,1.0,3) Uncertain significance,p.P270A
Ethambutol,ubiA,ubiA_p.Pro10Leu,0.0,1.0,3) Uncertain significance,p.P10L
Ethambutol,embA,embA_p.Ile131Val,0.0,2.0,3) Uncertain significance,p.I131V
Ethambutol,embA,embA_p.Phe927Leu,0.0,1.0,3) Uncertain significance,p.F927L
Ethambutol,embB,embB_p.Ala201Thr,0.0,1.0,3) Uncertain significance,p.A201T
Ethambutol,ubiA,ubiA_p.Ala205Pro,0.0,1.0,3) Uncertain significance,p.A205P
Ethambutol,embB,embB_p.Met575Val,0.0,2.0,3) Uncertain significance,p.M575V
Ethambutol,embA,embA_p.Leu892Val,,,3) Uncertain significance,p.L892V
Ethambutol,embA,embA_p.Glu397Lys,0.0,1.0,3) Uncertain significance,p.E397K
Ethambutol,embB,embB_p.Ala102Val,0.0,1.0,3) Uncertain significance,p.A102V
Ethambutol,embC,embC_p.Thr939Ile,0.0,1.0,3) Uncertain significance,p.T939I
Ethambutol,embA,embA_p.Pro1082Leu,,,3) Uncertain significance,p.P1082L
Ethambutol,embB,embB_p.Ala684Thr,0.0,4.0,3) Uncertain significance,p.A684T
Ethambutol,embB,embB_p.Pro766Leu,0.0,1.0,3) Uncertain significance,p.P766L
Ethambutol,embA,embA_p.Leu552Pro,0.0,1.0,3) Uncertain significance,p.L552P
Ethambutol,embB,embB_p.Val50Met,0.0,1.0,3) Uncertain significance,p.V50M
Ethambutol,embC,embC_p.Val592Met,0.0,2.0,3) Uncertain significance,p.V592M
Ethambutol,embA,embA_p.Gly275Ser,,,3) Uncertain significance,p.G275S
Ethambutol,embC,embC_p.Ala545Thr,0.0,1.0,3) Uncertain significance,p.A545T
Ethambutol,embA,embA_p.Arg866Gln,0.0,2.0,3) Uncertain significance,p.R866Q
Ethambutol,embC,embC_p.Pro264His,0.0,1.0,3) Uncertain significance,p.P264H
Ethambutol,embA,embA_p.Trp634Ser,0.0,1.0,3) Uncertain significance,p.W634S
Ethambutol,embA,embA_p.Ala734Thr,0.0,1.0,3) Uncertain significance,p.A734T
Ethambutol,embA,embA_p.Val89Met,0.0,1.0,3) Uncertain significance,p.V89M
Ethambutol,embB,embB_p.Pro616Thr,0.0,2.0,3) Uncertain significance,p.P616T
Ethambutol,embC,embC_p.Val19Leu,,,3) Uncertain significance,p.V19L
Ethambutol,embC,embC_p.Ala1046Thr,0.0,1.0,3) Uncertain significance,p.A1046T
Ethambutol,embA,embA_p.Thr238Ile,,,3) Uncertain significance,p.T238I
Ethambutol,embA,embA_p.Leu344Arg,,,3) Uncertain significance,p.L344R
Ethambutol,ubiA,ubiA_p.Tyr103Ser,0.0,1.0,3) Uncertain significance,p.Y103S
Ethambutol,embC,embC_p.Gly976Asp,,,3) Uncertain significance,p.G976D
Ethambutol,embC,embC_p.Asp844His,,,3) Uncertain significance,p.D844H
Ethambutol,embB,embB_p.Val502Leu,0.0,1.0,3) Uncertain significance,p.V502L
Ethambutol,embA,embA_p.Ile553Leu,0.0,1.0,3) Uncertain significance,p.I553L
Ethambutol,embA,embA_p.Asp273Gly,0.0,1.0,3) Uncertain significance,p.D273G
Ethambutol,embC,embC_p.Glu71Lys,0.0,2.0,3) Uncertain significance,p.E71K
Ethambutol,embC,embC_p.Arg836His,0.0,1.0,3) Uncertain significance,p.R836H
Ethambutol,embA,embA_p.Asp865Val,0.0,2.0,3) Uncertain significance,p.D865V
Ethambutol,embA,embA_p.Pro163Leu,0.0,3.0,3) Uncertain significance,p.P163L
Ethambutol,embA,embA_p.Val458Pro,0.0,2.0,3) Uncertain significance,p.V458P
Ethambutol,embA,embA_p.Gly972Arg,,,3) Uncertain significance,p.G972R
Ethambutol,embA,embA_p.Val676Ala,,,3) Uncertain significance,p.V676A
Ethambutol,embC,embC_p.Thr1044Met,0.0,3.0,3) Uncertain significance,p.T1044M
Ethambutol,embB,embB_p.Ile1006Met,0.0,5.0,3) Uncertain significance,p.I1006M
Ethambutol,embB,embB_p.Ala196Thr,0.0,3.0,3) Uncertain significance,p.A196T
Ethambutol,embA,embA_p.Pro164Leu,0.0,1.0,3) Uncertain significance,p.P164L
Ethambutol,embA,embA_p.Ala159Pro,,,3) Uncertain significance,p.A159P
Ethambutol,embC,embC_p.Ala46Val,0.0,3.0,3) Uncertain significance,p.A46V
Ethambutol,embA,embA_p.Gly101Ser,0.0,2.0,3) Uncertain significance,p.G101S
Ethambutol,embB,embB_p.Ala232Glu,0.0,2.0,3) Uncertain significance,p.A232E
Ethambutol,embA,embA_p.Ile196Val,0.0,1.0,3) Uncertain significance,p.I196V
Ethambutol,embB,embB_p.Val135Met,0.0,1.0,3) Uncertain significance,p.V135M
Ethambutol,embC,embC_p.Ser420Gly,0.0,1.0,3) Uncertain significance,p.S420G
Ethambutol,ubiA,ubiA_p.Val96Ala,,,3) Uncertain significance,p.V96A
Ethambutol,embC,embC_p.Ile427Val,0.0,2.0,3) Uncertain significance,p.I427V
Ethambutol,embB,embB_p.Ala485Val,0.0,2.0,3) Uncertain significance,p.A485V
Ethambutol,embA,embA_p.Ile1007Val,0.0,1.0,3) Uncertain significance,p.I1007V
Ethambutol,embA,embA_p.Val396Met,0.0,2.0,3) Uncertain significance,p.V396M
Ethambutol,embB,embB_p.Thr275Asn,0.0,1.0,3) Uncertain significance,p.T275N
Ethambutol,embB,embB_p.Tyr730His,0.0,1.0,3) Uncertain significance,p.Y730H
Ethambutol,embB,embB_p.Pro461Gln,0.0,2.0,3) Uncertain significance,p.P461Q
Ethambutol,embC,embC_p.Arg462Leu,0.0,2.0,3) Uncertain significance,p.R462L
Ethambutol,embB,embB_p.Gly34Val,0.0,2.0,3) Uncertain significance,p.G34V
Ethambutol,embB,embB_p.Thr981Ala,0.0,1.0,3) Uncertain significance,p.T981A
Ethambutol,embC,embC_p.Asn53Lys,0.0,1.0,3) Uncertain significance,p.N53K
Ethambutol,embA,embA_p.Ser250Asn,0.0,2.0,3) Uncertain significance,p.S250N
Ethambutol,embB,embB_p.Arg257Trp,0.0,2.0,3) Uncertain significance,p.R257W
Ethambutol,embC,embC_p.Asp329Asn,0.0,1.0,3) Uncertain significance,p.D329N
Ethambutol,embB,embB_p.Arg367His,0.0,2.0,3) Uncertain significance,p.R367H
Ethambutol,embA,embA_p.Gly748Ser,0.0,2.0,3) Uncertain significance,p.G748S
Ethambutol,embA,embA_p.Pro75Leu,0.0,3.0,3) Uncertain significance,p.P75L
Ethambutol,embB,embB_p.Ala701Thr,0.0,2.0,3) Uncertain significance,p.A701T
Ethambutol,embC,embC_p.Ile958Leu,0.0,1.0,3) Uncertain significance,p.I958L
Ethambutol,embA,embA_p.Val541Met,,,3) Uncertain significance,p.V541M
Ethambutol,embB,embB_p.Val783Ile,,,3) Uncertain significance,p.V783I
Ethambutol,embC,embC_p.Thr158Ile,0.0,1.0,3) Uncertain significance,p.T158I
Ethambutol,embA,embA_p.Ile12Thr,0.0,1.0,3) Uncertain significance,p.I12T
Ethambutol,embA,embA_p.Thr100Ser,0.0,1.0,3) Uncertain significance,p.T100S
Ethambutol,embB,embB_p.Ala761Val,0.0,2.0,3) Uncertain significance,p.A761V
Ethambutol,embA,embA_p.Ala461Pro,0.0,1.0,3) Uncertain significance,p.A461P
Ethambutol,embC,embC_p.Ala771Thr,0.0,2.0,3) Uncertain significance,p.A771T
Ethambutol,embA,embA_p.Ala835Glu,0.0,3.0,3) Uncertain significance,p.A835E
Ethambutol,embC,embC_p.Thr66Pro,,,3) Uncertain significance,p.T66P
Ethambutol,embA,embA_p.Tyr635His,0.0,1.0,3) Uncertain significance,p.Y635H
Ethambutol,embA,embA_p.Arg251Leu,0.0,1.0,3) Uncertain significance,p.R251L
Ethambutol,embB,embB_p.Ala840Pro,0.0,1.0,3) Uncertain significance,p.A840P
Ethambutol,embA,embA_p.Leu227Phe,0.0,1.0,3) Uncertain significance,p.L227F
Ethambutol,embC,embC_p.Leu50Val,0.0,2.0,3) Uncertain significance,p.L50V
Ethambutol,embC,embC_p.Pro772Ser,0.0,3.0,3) Uncertain significance,p.P772S
Ethambutol,embC,embC_p.Ala11Thr,0.0,2.0,3) Uncertain significance,p.A11T
Ethambutol,embA,embA_p.Gly378Ser,0.0,1.0,3) Uncertain significance,p.G378S
Ethambutol,embB,embB_p.Asp970Gly,0.0,2.0,3) Uncertain significance,p.D970G
Ethambutol,ubiA,ubiA_p.Ala249Val,1.0,2.0,3) Uncertain significance,p.A249V
Ethambutol,embA,embA_p.Lys1012Met,,,3) Uncertain significance,p.K1012M
Ethambutol,embA,embA_p.Pro752Leu,,,3) Uncertain significance,p.P752L
Ethambutol,embA,embA_p.Thr238Asn,0.0,2.0,3) Uncertain significance,p.T238N
Ethambutol,embB,embB_p.Thr157Ala,0.0,1.0,3) Uncertain significance,p.T157A
Ethambutol,embB,embB_p.Arg372Cys,0.0,2.0,3) Uncertain significance,p.R372C
Ethambutol,embB,embB_p.Thr897Pro,0.0,1.0,3) Uncertain significance,p.T897P
Ethambutol,embA,embA_p.Gly623Ala,0.0,1.0,3) Uncertain significance,p.G623A
Ethambutol,embA,embA_p.Thr566Met,,,3) Uncertain significance,p.T566M
Ethambutol,embC,embC_p.Asp1051Asn,0.0,2.0,3) Uncertain significance,p.D1051N
Ethambutol,ubiA,ubiA_p.Val147Met,1.0,1.0,3) Uncertain significance,p.V147M
Ethambutol,embB,embB_p.Ala705Thr,0.0,2.0,3) Uncertain significance,p.A705T
Ethambutol,embB,embB_p.Phe285Leu,0.0,8.0,3) Uncertain significance,p.F285L
Ethambutol,embA,embA_p.Thr588Ile,0.0,1.0,3) Uncertain significance,p.T588I
Ethambutol,ubiA,ubiA_p.Val44Ala,0.0,2.0,3) Uncertain significance,p.V44A
Ethambutol,embB,embB_p.Gly25Ala,0.0,4.0,3) Uncertain significance,p.G25A
Ethambutol,embB,embB_p.Ser426Asn,0.0,4.0,3) Uncertain significance,p.S426N
Ethambutol,embC,embC_p.Glu719Gly,0.0,2.0,3) Uncertain significance,p.E719G
Ethambutol,embB,embB_p.Thr822Met,0.0,1.0,3) Uncertain significance,p.T822M
Ethambutol,embA,embA_p.Val698Ile,0.0,2.0,3) Uncertain significance,p.V698I
Ethambutol,embA,embA_p.Ala148Glu,,,3) Uncertain significance,p.A148E
Ethambutol,ubiA,ubiA_p.Val130Ala,,,3) Uncertain significance,p.V130A
Ethambutol,embA,embA_p.Ala438Thr,,,3) Uncertain significance,p.A438T
Ethambutol,embB,embB_p.Gly156Asp,0.0,1.0,3) Uncertain significance,p.G156D
Ethambutol,embA,embA_p.Pro976Leu,0.0,1.0,3) Uncertain significance,p.P976L
Ethambutol,embC,embC_p.Asp129Asn,0.0,2.0,3) Uncertain significance,p.D129N
Ethambutol,embB,embB_p.Asn886Thr,0.0,2.0,3) Uncertain significance,p.N886T
Ethambutol,embC,embC_p.Val358Ala,0.0,1.0,3) Uncertain significance,p.V358A
Ethambutol,embA,embA_p.Ala159Ser,0.0,1.0,3) Uncertain significance,p.A159S
Ethambutol,embC,embC_p.Val943Ile,0.0,1.0,3) Uncertain significance,p.V943I
Ethambutol,embC,embC_p.Thr319Ala,0.0,3.0,3) Uncertain significance,p.T319A
Ethambutol,embA,embA_p.Leu964Met,0.0,1.0,3) Uncertain significance,p.L964M
Ethambutol,embB,embB_p.Met265Ile,0.0,4.0,3) Uncertain significance,p.M265I
Ethambutol,embB,embB_p.Ala950Val,0.0,2.0,3) Uncertain significance,p.A950V
Ethambutol,embB,embB_p.Leu638Ser,0.0,1.0,3) Uncertain significance,p.L638S
Ethambutol,embA,embA_p.Ser809Phe,0.0,2.0,3) Uncertain significance,p.S809F
Ethambutol,embB,embB_p.Lys938Asn,0.0,1.0,3) Uncertain significance,p.K938N
Ethambutol,ubiA,ubiA_p.Gly116Cys,0.0,2.0,3) Uncertain significance,p.G116C
Ethambutol,embC,embC_p.Pro7Ser,0.0,1.0,3) Uncertain significance,p.P7S
Ethambutol,embA,embA_p.Ser768Ile,0.0,2.0,3) Uncertain significance,p.S768I
Ethambutol,embC,embC_p.Leu229Arg,0.0,2.0,3) Uncertain significance,p.L229R
Ethambutol,embA,embA_p.Pro802Leu,0.0,2.0,3) Uncertain significance,p.P802L
Ethambutol,embA,embA_p.Gly321Ala,,,3) Uncertain significance,p.G321A
Ethambutol,embC,embC_p.Arg556Leu,0.0,2.0,3) Uncertain significance,p.R556L
Ethambutol,embB,embB_p.Ala608Thr,0.0,1.0,3) Uncertain significance,p.A608T
Ethambutol,embB,embB_p.Phe688Cys,0.0,2.0,3) Uncertain significance,p.F688C
Ethambutol,embA,embA_p.Trp624Cys,0.0,1.0,3) Uncertain significance,p.W624C
Ethambutol,embA,embA_p.Ala874Thr,,,3) Uncertain significance,p.A874T
Ethambutol,embC,embC_p.Phe262Cys,0.0,2.0,3) Uncertain significance,p.F262C
Ethambutol,ubiA,ubiA_p.Phe59Cys,3.0,1.0,3) Uncertain significance,p.F59C
Ethambutol,embB,embB_p.Gly305Cys,0.0,3.0,3) Uncertain significance,p.G305C
Ethambutol,embA,embA_p.Tyr307His,0.0,3.0,3) Uncertain significance,p.Y307H
Ethambutol,embC,embC_p.Phe535Ile,0.0,3.0,3) Uncertain significance,p.F535I
Ethambutol,embB,embB_p.Asp814Ala,0.0,3.0,3) Uncertain significance,p.D814A
Ethambutol,embC,embC_p.Leu603Arg,0.0,3.0,3) Uncertain significance,p.L603R
Ethambutol,embC,embC_p.Gln153Arg,0.0,1.0,3) Uncertain significance,p.Q153R
Ethambutol,ubiA,ubiA_p.Ile259Val,0.0,2.0,3) Uncertain significance,p.I259V
Ethambutol,embA,embA_p.Gly353Arg,0.0,2.0,3) Uncertain significance,p.G353R
Ethambutol,embA,embA_p.Glu779Gln,0.0,1.0,3) Uncertain significance,p.E779Q
Ethambutol,embB,embB_p.Asp311Ala,0.0,3.0,3) Uncertain significance,p.D311A
Ethambutol,embC,embC_p.Val548Met,0.0,2.0,3) Uncertain significance,p.V548M
Ethambutol,embA,embA_p.Ala291Thr,0.0,1.0,3) Uncertain significance,p.A291T
Ethambutol,embA,embA_p.Arg1047Gly,0.0,2.0,3) Uncertain significance,p.R1047G
Ethambutol,embB,embB_p.Ala1083Glu,0.0,2.0,3) Uncertain significance,p.A1083E
Ethambutol,embC,embC_p.Gly190Ser,0.0,2.0,3) Uncertain significance,p.G190S
Ethambutol,embB,embB_p.Ala113Thr,,,3) Uncertain significance,p.A113T
Ethambutol,embB,embB_p.Ala388Asp,0.0,2.0,3) Uncertain significance,p.A388D
Ethambutol,embC,embC_p.Arg802His,0.0,1.0,3) Uncertain significance,p.R802H
Ethambutol,embB,embB_p.Asp952Glu,0.0,2.0,3) Uncertain significance,p.D952E
Ethambutol,embB,embB_p.Pro1091Gln,,,3) Uncertain significance,p.P1091Q
Ethambutol,embC,embC_p.Val104Met,9.0,301.0,3) Uncertain significance,p.V104M
Ethambutol,ubiA,ubiA_p.Val111Gly,0.0,1.0,3) Uncertain significance,p.V111G
Ethambutol,embC,embC_p.Asp686His,0.0,1.0,3) Uncertain significance,p.D686H
Ethambutol,embA,embA_p.Val18Ile,0.0,2.0,3) Uncertain significance,p.V18I
Ethambutol,embC,embC_p.Ile728Val,0.0,2.0,3) Uncertain significance,p.I728V
Ethambutol,embB,embB_p.Asn129Asp,0.0,2.0,3) Uncertain significance,p.N129D
Ethambutol,embB,embB_p.Phe676Ser,0.0,3.0,3) Uncertain significance,p.F676S
Ethambutol,embA,embA_p.Thr983Ile,0.0,2.0,3) Uncertain significance,p.T983I
Ethambutol,embA,embA_p.Asp1049Ala,0.0,2.0,3) Uncertain significance,p.D1049A
Ethambutol,embA,embA_p.Lys789Gln,0.0,2.0,3) Uncertain significance,p.K789Q
Ethambutol,embC,embC_p.Arg738Trp,0.0,2.0,3) Uncertain significance,p.R738W
Ethambutol,embC,embC_p.Val19Met,0.0,3.0,3) Uncertain significance,p.V19M
Ethambutol,embB,embB_p.Val493Met,,,3) Uncertain significance,p.V493M
Ethambutol,embC,embC_p.Gly821Ser,,,3) Uncertain significance,p.G821S
Ethambutol,embB,embB_p.Gly65Ser,0.0,1.0,3) Uncertain significance,p.G65S
Ethambutol,embC,embC_p.Ala205Ser,0.0,2.0,3) Uncertain significance,p.A205S
Ethambutol,embC,embC_p.Ser565Gly,0.0,2.0,3) Uncertain significance,p.S565G
Ethambutol,embB,embB_p.Val803Met,,,3) Uncertain significance,p.V803M
Ethambutol,ubiA,ubiA_p.Glu3Lys,0.0,2.0,3) Uncertain significance,p.E3K
Ethambutol,ubiA,ubiA_p.Val18Phe,0.0,2.0,3) Uncertain significance,p.V18F
Ethambutol,embB,embB_p.Val755Ile,0.0,2.0,3) Uncertain significance,p.V755I
Ethambutol,embB,embB_p.Thr31Ala,0.0,2.0,3) Uncertain significance,p.T31A
Ethambutol,embA,embA_p.Arg380Leu,,,3) Uncertain significance,p.R380L
Ethambutol,embA,embA_p.Pro156Leu,0.0,3.0,3) Uncertain significance,p.P156L
Ethambutol,embB,embB_p.Gly1097Ser,0.0,2.0,3) Uncertain significance,p.G1097S
Ethambutol,embA,embA_p.Val898Phe,0.0,1.0,3) Uncertain significance,p.V898F
Ethambutol,embB,embB_p.Val566Leu,0.0,2.0,3) Uncertain significance,p.V566L
Ethambutol,embB,embB_p.Tyr848His,0.0,2.0,3) Uncertain significance,p.Y848H
Ethambutol,embB,embB_p.Pro12Leu,0.0,1.0,3) Uncertain significance,p.P12L
Ethambutol,embA,embA_p.Ala581Thr,0.0,2.0,3) Uncertain significance,p.A581T
Ethambutol,embA,embA_p.Arg234His,0.0,2.0,3) Uncertain significance,p.R234H
Ethambutol,embC,embC_p.Val637Ile,,,3) Uncertain significance,p.V637I
Ethambutol,embC,embC_p.Met915Thr,0.0,1.0,3) Uncertain significance,p.M915T
Ethambutol,embC,embC_p.Leu714Phe,0.0,1.0,3) Uncertain significance,p.L714F
Ethambutol,embB,embB_p.Gly65Asp,0.0,3.0,3) Uncertain significance,p.G65D
Ethambutol,embB,embB_p.Ala379Thr,0.0,1.0,3) Uncertain significance,p.A379T
Ethambutol,embB,embB_p.Ser142Cys,0.0,3.0,3) Uncertain significance,p.S142C
Ethambutol,embB,embB_p.Pro136Ala,,,3) Uncertain significance,p.P136A
Ethambutol,embA,embA_p.Ala921Ser,0.0,2.0,3) Uncertain significance,p.A921S
Ethambutol,embB,embB_p.Thr532Ala,0.0,3.0,3) Uncertain significance,p.T532A
Ethambutol,embA,embA_p.Ala259Thr,0.0,2.0,3) Uncertain significance,p.A259T
Ethambutol,embC,embC_p.Lys102Asn,0.0,2.0,3) Uncertain significance,p.K102N
Ethambutol,embA,embA_p.Asn986Lys,0.0,2.0,3) Uncertain significance,p.N986K
Ethambutol,embA,embA_p.Pro381Leu,0.0,2.0,3) Uncertain significance,p.P381L
Ethambutol,embA,embA_p.Ala549Pro,0.0,1.0,3) Uncertain significance,p.A549P
Ethambutol,embC,embC_p.Arg806Leu,,,3) Uncertain significance,p.R806L
Ethambutol,embC,embC_p.Trp343Leu,,,3) Uncertain significance,p.W343L
Ethambutol,embC,embC_p.Ala370Thr,,,3) Uncertain significance,p.A370T
Ethambutol,embC,embC_p.Arg688Cys,0.0,1.0,3) Uncertain significance,p.R688C
Ethambutol,embC,embC_p.Pro1090Thr,1.0,1.0,3) Uncertain significance,p.P1090T
Ethambutol,embB,embB_p.Met575Arg,0.0,2.0,3) Uncertain significance,p.M575R
Ethambutol,embB,embB_p.Ser426Arg,0.0,1.0,3) Uncertain significance,p.S426R
Ethambutol,embC,embC_p.Gln730His,0.0,1.0,3) Uncertain significance,p.Q730H
Ethambutol,embC,embC_p.Thr409Ala,0.0,1.0,3) Uncertain significance,p.T409A
Ethambutol,embB,embB_p.Ser168Leu,0.0,1.0,3) Uncertain significance,p.S168L
Ethambutol,embA,embA_p.Phe471Leu,0.0,2.0,3) Uncertain significance,p.F471L
Ethambutol,embB,embB_p.Pro655Gln,0.0,4.0,3) Uncertain significance,p.P655Q
Ethambutol,embC,embC_p.Ile936Val,0.0,4.0,3) Uncertain significance,p.I936V
Ethambutol,embC,embC_p.Leu50Pro,,,3) Uncertain significance,p.L50P
Ethambutol,embC,embC_p.Leu1012Met,0.0,2.0,3) Uncertain significance,p.L1012M
Ethambutol,embC,embC_p.Pro791Thr,0.0,2.0,3) Uncertain significance,p.P791T
Ethambutol,embA,embA_p.Gln169Pro,0.0,1.0,3) Uncertain significance,p.Q169P
Ethambutol,embB,embB_p.Leu47Arg,0.0,1.0,3) Uncertain significance,p.L47R
Ethambutol,embB,embB_p.Met586Val,0.0,1.0,3) Uncertain significance,p.M586V
Ethambutol,embC,embC_p.Val52Ile,0.0,1.0,3) Uncertain significance,p.V52I
Ethambutol,embA,embA_p.Thr718Ile,0.0,1.0,3) Uncertain significance,p.T718I
Ethambutol,embA,embA_p.Phe590Ser,0.0,1.0,3) Uncertain significance,p.F590S
Ethambutol,embC,embC_p.Ala543Thr,0.0,5.0,3) Uncertain significance,p.A543T
Ethambutol,embB,embB_p.Ser823Arg,0.0,3.0,3) Uncertain significance,p.S823R
Ethambutol,embC,embC_p.Thr663Asn,0.0,4.0,3) Uncertain significance,p.T663N
Ethambutol,embA,embA_p.Val489Ile,0.0,2.0,3) Uncertain significance,p.V489I
Ethambutol,embB,embB_p.Thr216Ala,0.0,1.0,3) Uncertain significance,p.T216A
Ethambutol,embC,embC_p.Gln742Arg,0.0,2.0,3) Uncertain significance,p.Q742R
Ethambutol,embB,embB_p.Gly175Arg,0.0,3.0,3) Uncertain significance,p.G175R
Ethambutol,embB,embB_p.Thr208Ile,0.0,2.0,3) Uncertain significance,p.T208I
Ethambutol,embC,embC_p.Asp252His,0.0,2.0,3) Uncertain significance,p.D252H
Ethambutol,embA,embA_p.Ala985Pro,,,3) Uncertain significance,p.A985P
Ethambutol,embB,embB_p.Thr82Ala,0.0,1.0,3) Uncertain significance,p.T82A
Ethambutol,embA,embA_p.Ala133Thr,0.0,3.0,3) Uncertain significance,p.A133T
Ethambutol,embC,embC_p.Ala1059Thr,0.0,2.0,3) Uncertain significance,p.A1059T
Ethambutol,embB,embB_p.Ala438Thr,0.0,3.0,3) Uncertain significance,p.A438T
Ethambutol,embA,embA_p.Thr308Lys,0.0,1.0,3) Uncertain significance,p.T308K
Ethambutol,embC,embC_p.Arg9Gly,0.0,2.0,3) Uncertain significance,p.R9G
Ethambutol,embB,embB_p.Lys561Asn,0.0,1.0,3) Uncertain significance,p.K561N
Ethambutol,embA,embA_p.Gly530Glu,0.0,2.0,3) Uncertain significance,p.G530E
Ethambutol,embA,embA_p.Leu656Val,,,3) Uncertain significance,p.L656V
Ethambutol,embB,embB_p.Thr581Ala,,,3) Uncertain significance,p.T581A
Ethambutol,embC,embC_p.Gly383Asp,0.0,2.0,3) Uncertain significance,p.G383D
Ethambutol,embA,embA_p.Gly909Arg,,,3) Uncertain significance,p.G909R
Ethambutol,embA,embA_p.Arg346Gln,,,3) Uncertain significance,p.R346Q
Ethambutol,embC,embC_p.Ala907Thr,0.0,1.0,3) Uncertain significance,p.A907T
Ethambutol,embA,embA_p.Arg969Trp,,,3) Uncertain significance,p.R969W
Ethambutol,embB,embB_p.Gly194Arg,0.0,2.0,3) Uncertain significance,p.G194R
Ethambutol,embB,embB_p.Leu17Trp,0.0,2.0,3) Uncertain significance,p.L17W
Ethambutol,embB,embB_p.Met939Ile,0.0,2.0,3) Uncertain significance,p.M939I
Ethambutol,embC,embC_p.Ala6Thr,0.0,2.0,3) Uncertain significance,p.A6T
Ethambutol,embB,embB_p.Ala553Thr,0.0,2.0,3) Uncertain significance,p.A553T
Ethambutol,embC,embC_p.Lys656Asn,0.0,22.0,3) Uncertain significance,p.K656N
Ethambutol,embB,embB_p.Gly62Arg,0.0,2.0,3) Uncertain significance,p.G62R
Ethambutol,ubiA,ubiA_p.Ala115Val,0.0,1.0,3) Uncertain significance,p.A115V
Ethambutol,embC,embC_p.Val280Ala,2.0,4.0,3) Uncertain significance,p.V280A
Ethambutol,embC,embC_p.Val625Leu,,,3) Uncertain significance,p.V625L
Ethambutol,embB,embB_p.Gln112His,0.0,1.0,3) Uncertain significance,p.Q112H
Ethambutol,embA,embA_p.Val911Ala,0.0,1.0,3) Uncertain significance,p.V911A
Ethambutol,embA,embA_p.Ala936Val,,,3) Uncertain significance,p.A936V
Ethambutol,embB,embB_p.Val414Gly,0.0,2.0,3) Uncertain significance,p.V414G
Ethambutol,ubiA,ubiA_p.Ala15Val,0.0,2.0,3) Uncertain significance,p.A15V
Ethambutol,embA,embA_p.Ile141Thr,0.0,2.0,3) Uncertain significance,p.I141T
Ethambutol,embB,embB_p.Lys218Asn,0.0,1.0,3) Uncertain significance,p.K218N
Ethambutol,embA,embA_p.Leu894Val,,,3) Uncertain significance,p.L894V
Ethambutol,embC,embC_p.Ala279Thr,0.0,1.0,3) Uncertain significance,p.A279T
Ethambutol,embC,embC_p.Ile45Thr,,,3) Uncertain significance,p.I45T
Ethambutol,embA,embA_p.Ala217Thr,0.0,4.0,3) Uncertain significance,p.A217T
Ethambutol,embB,embB_p.Ala379Val,0.0,3.0,3) Uncertain significance,p.A379V
Ethambutol,embC,embC_p.Gly831Arg,0.0,2.0,3) Uncertain significance,p.G831R
Ethambutol,embA,embA_p.Ala109Thr,0.0,3.0,3) Uncertain significance,p.A109T
Ethambutol,embC,embC_p.Asp329His,,,3) Uncertain significance,p.D329H
Ethambutol,ubiA,ubiA_p.Ala167Thr,0.0,1.0,3) Uncertain significance,p.A167T
Ethambutol,embB,embB_p.Asn886His,0.0,2.0,3) Uncertain significance,p.N886H
Ethambutol,embC,embC_p.Thr1079Ala,0.0,2.0,3) Uncertain significance,p.T1079A
Ethambutol,embB,embB_p.Pro824Leu,,,3) Uncertain significance,p.P824L
Ethambutol,embB,embB_p.Ile545Met,0.0,2.0,3) Uncertain significance,p.I545M
Ethambutol,embC,embC_p.Val34Ala,0.0,2.0,3) Uncertain significance,p.V34A
Ethambutol,embB,embB_p.Ala1058Val,,,3) Uncertain significance,p.A1058V
Ethambutol,embC,embC_p.Asn874Ser,0.0,1.0,3) Uncertain significance,p.N874S
Ethambutol,embB,embB_p.Ser669Gly,0.0,1.0,3) Uncertain significance,p.S669G
Ethambutol,embC,embC_p.Thr380Met,0.0,3.0,3) Uncertain significance,p.T380M
Ethambutol,embA,embA_p.Ala360Ser,0.0,1.0,3) Uncertain significance,p.A360S
Ethambutol,embC,embC_p.Ala726Ser,0.0,1.0,3) Uncertain significance,p.A726S
Ethambutol,ubiA,ubiA_p.Ala115Thr,0.0,4.0,3) Uncertain significance,p.A115T
Ethambutol,embA,embA_p.Glu7Lys,0.0,2.0,3) Uncertain significance,p.E7K
Ethambutol,embA,embA_p.Leu1008Pro,0.0,3.0,3) Uncertain significance,p.L1008P
Ethambutol,embB,embB_p.Asn522His,0.0,1.0,3) Uncertain significance,p.N522H
Ethambutol,embC,embC_p.Thr227Lys,0.0,4.0,3) Uncertain significance,p.T227K
Ethambutol,embA,embA_p.Ala320Thr,0.0,2.0,3) Uncertain significance,p.A320T
Ethambutol,ubiA,ubiA_p.Ala15Pro,0.0,1.0,3) Uncertain significance,p.A15P
Ethambutol,embC,embC_p.Ile557Thr,,,3) Uncertain significance,p.I557T
Ethambutol,ubiA,ubiA_p.Pro122Ala,0.0,3.0,3) Uncertain significance,p.P122A
Ethambutol,embB,embB_p.Val793Ile,0.0,3.0,3) Uncertain significance,p.V793I
Ethambutol,embA,embA_p.Gly596Asp,0.0,4.0,3) Uncertain significance,p.G596D
Ethambutol,embC,embC_p.Pro849Leu,,,3) Uncertain significance,p.P849L
Ethambutol,embB,embB_p.Ala94Val,0.0,3.0,3) Uncertain significance,p.A94V
Ethambutol,ubiA,ubiA_p.Glu79Gln,0.0,2.0,3) Uncertain significance,p.E79Q
Ethambutol,embA,embA_p.Gly230Ser,0.0,3.0,3) Uncertain significance,p.G230S
Ethambutol,embC,embC_p.Gln196His,0.0,2.0,3) Uncertain significance,p.Q196H
Ethambutol,embB,embB_p.Leu638Trp,0.0,2.0,3) Uncertain significance,p.L638W
Ethambutol,embA,embA_p.Val107Ile,0.0,1.0,3) Uncertain significance,p.V107I
Ethambutol,embB,embB_p.Leu1037Ile,0.0,4.0,3) Uncertain significance,p.L1037I
Ethambutol,embA,embA_p.Val98Leu,0.0,2.0,3) Uncertain significance,p.V98L
Ethambutol,embB,embB_p.Val668Ile,2.0,23.0,3) Uncertain significance,p.V668I
Ethambutol,embA,embA_p.Thr434Pro,0.0,2.0,3) Uncertain significance,p.T434P
Ethambutol,embA,embA_p.Asn376Asp,,,3) Uncertain significance,p.N376D
Ethambutol,embC,embC_p.Ala925Thr,0.0,1.0,3) Uncertain significance,p.A925T
Ethambutol,embC,embC_p.Pro962Ser,0.0,1.0,3) Uncertain significance,p.P962S
Ethambutol,embC,embC_p.Leu477Gln,,,3) Uncertain significance,p.L477Q
Ethambutol,embA,embA_p.Lys166Asn,0.0,8.0,3) Uncertain significance,p.K166N
Ethambutol,ubiA,ubiA_p.Arg240Pro,0.0,4.0,3) Uncertain significance,p.R240P
Ethambutol,embA,embA_p.Leu261Ser,0.0,2.0,3) Uncertain significance,p.L261S
Ethambutol,embC,embC_p.Asp878Gly,0.0,2.0,3) Uncertain significance,p.D878G
Ethambutol,embA,embA_p.Pro838Leu,0.0,3.0,3) Uncertain significance,p.P838L
Ethambutol,embA,embA_p.Ala126Thr,0.0,2.0,3) Uncertain significance,p.A126T
Ethambutol,embA,embA_p.Val125Glu,0.0,1.0,3) Uncertain significance,p.V125E
Ethambutol,ubiA,ubiA_p.Val55Ala,0.0,2.0,3) Uncertain significance,p.V55A
Ethambutol,embB,embB_p.Gln853Pro,3.0,8.0,3) Uncertain significance,p.Q853P
Ethambutol,embC,embC_p.Ala733Thr,0.0,1.0,3) Uncertain significance,p.A733T
Ethambutol,embB,embB_p.Met340Ile,0.0,3.0,3) Uncertain significance,p.M340I
Ethambutol,ubiA,ubiA_p.Phe89Val,0.0,2.0,3) Uncertain significance,p.F89V
Ethambutol,embA,embA_p.Phe499Cys,0.0,3.0,3) Uncertain significance,p.F499C
Ethambutol,embA,embA_p.Ala312Val,2.0,29.0,3) Uncertain significance,p.A312V
Ethambutol,embB,embB_p.Ala547Ser,0.0,4.0,3) Uncertain significance,p.A547S
Ethambutol,embB,embB_p.Asn807Thr,0.0,2.0,3) Uncertain significance,p.N807T
Ethambutol,embC,embC_p.Val626Met,0.0,3.0,3) Uncertain significance,p.V626M
Ethambutol,embA,embA_p.Gly332Glu,0.0,3.0,3) Uncertain significance,p.G332E
Ethambutol,embC,embC_p.Pro849Ser,0.0,3.0,3) Uncertain significance,p.P849S
Ethambutol,embB,embB_p.Thr588Met,,,3) Uncertain significance,p.T588M
Ethambutol,embB,embB_p.Asp240Gly,,,3) Uncertain significance,p.D240G
Ethambutol,embC,embC_p.Ala561Val,0.0,2.0,3) Uncertain significance,p.A561V
Ethambutol,embA,embA_p.Ala483Thr,,,3) Uncertain significance,p.A483T
Ethambutol,embA,embA_p.Val534Met,0.0,1.0,3) Uncertain significance,p.V534M
Ethambutol,ubiA,ubiA_p.Ala137Gly,0.0,2.0,3) Uncertain significance,p.A137G
Ethambutol,embA,embA_p.Gly220Glu,0.0,1.0,3) Uncertain significance,p.G220E
Ethambutol,embB,embB_p.Tyr813Asp,0.0,2.0,3) Uncertain significance,p.Y813D
Ethambutol,embB,embB_p.Thr797Met,0.0,4.0,3) Uncertain significance,p.T797M
Ethambutol,embC,embC_p.Thr572Ala,0.0,1.0,3) Uncertain significance,p.T572A
Ethambutol,embA,embA_p.Arg1062Leu,0.0,1.0,3) Uncertain significance,p.R1062L
Ethambutol,embB,embB_p.Ser119Ile,0.0,2.0,3) Uncertain significance,p.S119I
Ethambutol,embB,embB_p.Arg741Trp,0.0,12.0,3) Uncertain significance,p.R741W
Ethambutol,embA,embA_p.Ser1017Ala,0.0,1.0,3) Uncertain significance,p.S1017A
Ethambutol,embC,embC_p.Ser225Arg,0.0,4.0,3) Uncertain significance,p.S225R
Ethambutol,embA,embA_p.Tyr502Cys,0.0,3.0,3) Uncertain significance,p.Y502C
Ethambutol,embB,embB_p.Gly836Glu,0.0,3.0,3) Uncertain significance,p.G836E
Ethambutol,embB,embB_p.Thr157Ile,0.0,4.0,3) Uncertain significance,p.T157I
Ethambutol,embC,embC_p.Asp393Ala,0.0,1.0,3) Uncertain significance,p.D393A
Ethambutol,embB,embB_p.Phe285Val,0.0,1.0,3) Uncertain significance,p.F285V
Ethambutol,embC,embC_p.Cys411Arg,0.0,2.0,3) Uncertain significance,p.C411R
Ethambutol,embC,embC_p.Ile430Thr,0.0,3.0,3) Uncertain significance,p.I430T
Ethambutol,embB,embB_p.Arg7Thr,0.0,5.0,3) Uncertain significance,p.R7T
Ethambutol,embB,embB_p.Arg267Pro,0.0,6.0,3) Uncertain significance,p.R267P
Ethambutol,embB,embB_p.Thr667Ala,0.0,3.0,3) Uncertain significance,p.T667A
Ethambutol,embB,embB_p.Ala799Thr,0.0,3.0,3) Uncertain significance,p.A799T
Ethambutol,embC,embC_p.Asp948Tyr,0.0,1.0,3) Uncertain significance,p.D948Y
Ethambutol,embA,embA_p.Val98Ala,0.0,2.0,3) Uncertain significance,p.V98A
Ethambutol,embA,embA_p.His673Arg,0.0,5.0,3) Uncertain significance,p.H673R
Ethambutol,embB,embB_p.Asp870Asn,0.0,4.0,3) Uncertain significance,p.D870N
Ethambutol,embA,embA_p.Thr837Ala,0.0,3.0,3) Uncertain significance,p.T837A
Ethambutol,embB,embB_p.Val944Ala,0.0,3.0,3) Uncertain significance,p.V944A
Ethambutol,embA,embA_p.Val63Ile,0.0,5.0,3) Uncertain significance,p.V63I
Ethambutol,embA,embA_p.Pro645Gln,0.0,8.0,3) Uncertain significance,p.P645Q
Ethambutol,embB,embB_p.Asp280Tyr,0.0,1.0,3) Uncertain significance,p.D280Y
Ethambutol,embC,embC_p.Val625Ala,0.0,1.0,3) Uncertain significance,p.V625A
Ethambutol,embA,embA_p.Gly353Glu,0.0,1.0,3) Uncertain significance,p.G353E
Ethambutol,ubiA,ubiA_p.Ala133Thr,0.0,2.0,3) Uncertain significance,p.A133T
Ethambutol,embA,embA_p.Ile338Val,0.0,3.0,3) Uncertain significance,p.I338V
Ethambutol,embB,embB_p.Asp354Asn,0.0,3.0,3) Uncertain significance,p.D354N
Ethambutol,embB,embB_p.Asp300Gly,0.0,1.0,3) Uncertain significance,p.D300G
Ethambutol,embA,embA_p.Asp305Gly,0.0,1.0,3) Uncertain significance,p.D305G
Ethambutol,embC,embC_p.Thr1044Lys,0.0,2.0,3) Uncertain significance,p.T1044K
Ethambutol,embA,embA_p.Val206Met,112.0,1675.0,3) Uncertain significance,p.V206M
Ethambutol,embC,embC_p.Val757Ala,0.0,6.0,3) Uncertain significance,p.V757A
Ethambutol,embC,embC_p.Arg463Leu,0.0,2.0,3) Uncertain significance,p.R463L
Ethambutol,embA,embA_p.Ile155Met,1.0,3.0,3) Uncertain significance,p.I155M
Ethambutol,embC,embC_p.Pro486Thr,0.0,4.0,3) Uncertain significance,p.P486T
Ethambutol,embB,embB_p.Val186Ala,,,3) Uncertain significance,p.V186A
Ethambutol,embC,embC_p.Cys429Gly,,,3) Uncertain significance,p.C429G
Ethambutol,embC,embC_p.Gly610Ala,0.0,3.0,3) Uncertain significance,p.G610A
Ethambutol,embA,embA_p.Ser643Asn,0.0,1.0,3) Uncertain significance,p.S643N
Ethambutol,embC,embC_p.Pro772Ala,,,3) Uncertain significance,p.P772A
Ethambutol,embC,embC_p.Pro558Arg,0.0,3.0,3) Uncertain significance,p.P558R
Ethambutol,embC,embC_p.Asn60Thr,0.0,3.0,3) Uncertain significance,p.N60T
Ethambutol,embB,embB_p.Asp240Asn,0.0,3.0,3) Uncertain significance,p.D240N
Ethambutol,embA,embA_p.Lys488Asn,0.0,4.0,3) Uncertain significance,p.K488N
Ethambutol,embC,embC_p.Ala862Thr,0.0,4.0,3) Uncertain significance,p.A862T
Ethambutol,embB,embB_p.Gly37Ser,0.0,4.0,3) Uncertain significance,p.G37S
Ethambutol,embB,embB_p.Pro136Ser,0.0,3.0,3) Uncertain significance,p.P136S
Ethambutol,embA,embA_p.His825Tyr,0.0,1.0,3) Uncertain significance,p.H825Y
Ethambutol,embB,embB_p.Pro776Leu,0.0,5.0,3) Uncertain significance,p.P776L
Ethambutol,embB,embB_p.Val29Leu,0.0,2.0,3) Uncertain significance,p.V29L
Ethambutol,embC,embC_p.Ala664Glu,,,3) Uncertain significance,p.A664E
Ethambutol,embA,embA_p.Leu417Arg,0.0,3.0,3) Uncertain significance,p.L417R
Ethambutol,embA,embA_p.Val469Met,0.0,4.0,3) Uncertain significance,p.V469M
Ethambutol,ubiA,ubiA_p.Leu158Met,1.0,2.0,3) Uncertain significance,p.L158M
Ethambutol,embC,embC_p.Val246Ala,0.0,5.0,3) Uncertain significance,p.V246A
Ethambutol,embB,embB_p.Asp1056Glu,0.0,2.0,3) Uncertain significance,p.D1056E
Ethambutol,embB,embB_p.Ala386Glu,0.0,3.0,3) Uncertain significance,p.A386E
Ethambutol,embC,embC_p.Phe891Leu,0.0,3.0,3) Uncertain significance,p.F891L
Ethambutol,embA,embA_p.Ala1016Ser,0.0,4.0,3) Uncertain significance,p.A1016S
Ethambutol,embA,embA_p.Ala454Thr,0.0,4.0,3) Uncertain significance,p.A454T
Ethambutol,ubiA,ubiA_p.Gly165Ala,,,3) Uncertain significance,p.G165A
Ethambutol,embB,embB_p.Val186Leu,0.0,4.0,3) Uncertain significance,p.V186L
Ethambutol,embB,embB_p.Ala232Thr,0.0,3.0,3) Uncertain significance,p.A232T
Ethambutol,embB,embB_p.Thr849Ala,0.0,3.0,3) Uncertain significance,p.T849A
Ethambutol,embB,embB_p.Ala228Thr,0.0,4.0,3) Uncertain significance,p.A228T
Ethambutol,embB,embB_p.Cys549Tyr,0.0,3.0,3) Uncertain significance,p.C549Y
Ethambutol,embB,embB_p.Ala439Val,,,3) Uncertain significance,p.A439V
Ethambutol,embC,embC_p.Val169Ile,0.0,3.0,3) Uncertain significance,p.V169I
Ethambutol,embB,embB_p.Ala571Thr,0.0,2.0,3) Uncertain significance,p.A571T
Ethambutol,embA,embA_p.Trp393Ser,1.0,6.0,3) Uncertain significance,p.W393S
Ethambutol,embA,embA_p.Ala408Ser,0.0,7.0,3) Uncertain significance,p.A408S
Ethambutol,embB,embB_p.Leu971Val,0.0,7.0,3) Uncertain significance,p.L971V
Ethambutol,embB,embB_p.Ser565Gly,0.0,7.0,3) Uncertain significance,p.S565G
Ethambutol,embB,embB_p.Ala439Gly,0.0,1.0,3) Uncertain significance,p.A439G
Ethambutol,embC,embC_p.Val975Met,0.0,3.0,3) Uncertain significance,p.V975M
Ethambutol,embB,embB_p.Pro195His,1.0,8.0,3) Uncertain significance,p.P195H
Ethambutol,embA,embA_p.Thr728Ile,0.0,5.0,3) Uncertain significance,p.T728I
Ethambutol,embA,embA_p.Val317Leu,0.0,5.0,3) Uncertain significance,p.V317L
Ethambutol,embA,embA_p.Gly29Ser,0.0,3.0,3) Uncertain significance,p.G29S
Ethambutol,embA,embA_p.Gly352Ser,0.0,4.0,3) Uncertain significance,p.G352S
Ethambutol,embA,embA_p.Tyr296His,0.0,14.0,3) Uncertain significance,p.Y296H
Ethambutol,embA,embA_p.Gly288Ser,0.0,1.0,3) Uncertain significance,p.G288S
Ethambutol,embB,embB_p.Thr498Asn,0.0,3.0,3) Uncertain significance,p.T498N
Ethambutol,embA,embA_p.Cys335Trp,0.0,6.0,3) Uncertain significance,p.C335W
Ethambutol,embB,embB_p.Glu405Gly,0.0,1.0,3) Uncertain significance,p.E405G
Ethambutol,embB,embB_p.Ala679Thr,1.0,5.0,3) Uncertain significance,p.A679T
Ethambutol,embB,embB_p.Thr956Ile,,,3) Uncertain significance,p.T956I
Ethambutol,embC,embC_p.Arg927His,0.0,15.0,3) Uncertain significance,p.R927H
Ethambutol,ubiA,ubiA_p.Ile179Leu,,,3) Uncertain significance,p.I179L
Ethambutol,embC,embC_p.Arg266Cys,0.0,6.0,3) Uncertain significance,p.R266C
Ethambutol,embB,embB_p.Ala510Thr,0.0,5.0,3) Uncertain significance,p.A510T
Ethambutol,embB,embB_p.Val803Ala,0.0,1.0,3) Uncertain significance,p.V803A
Ethambutol,embA,embA_p.Thr300Met,0.0,5.0,3) Uncertain significance,p.T300M
Ethambutol,embC,embC_p.Arg30Trp,0.0,3.0,3) Uncertain significance,p.R30W
Ethambutol,embB,embB_p.Glu958Ala,0.0,3.0,3) Uncertain significance,p.E958A
Ethambutol,embA,embA_p.Gly547Ser,0.0,4.0,3) Uncertain significance,p.G547S
Ethambutol,embB,embB_p.Ser1054Pro,2.0,31.0,3) Uncertain significance,p.S1054P
Ethambutol,embA,embA_p.Ala955Thr,,,3) Uncertain significance,p.A955T
Ethambutol,embB,embB_p.Pro809Ser,0.0,4.0,3) Uncertain significance,p.P809S
Ethambutol,embB,embB_p.Pro371Arg,0.0,2.0,3) Uncertain significance,p.P371R
Ethambutol,embB,embB_p.Ala1007Val,0.0,1.0,3) Uncertain significance,p.A1007V
Ethambutol,embC,embC_p.Thr816Ala,,,3) Uncertain significance,p.T816A
Ethambutol,embA,embA_p.Ala1015Thr,0.0,18.0,3) Uncertain significance,p.A1015T
Ethambutol,ubiA,ubiA_p.Pro122Gln,0.0,18.0,3) Uncertain significance,p.P122Q
Ethambutol,embB,embB_p.Tyr319Phe,,,3) Uncertain significance,p.Y319F
Ethambutol,embA,embA_p.Val607Met,0.0,3.0,3) Uncertain significance,p.V607M
Ethambutol,embC,embC_p.Val987Ala,0.0,3.0,3) Uncertain significance,p.V987A
Ethambutol,embC,embC_p.Asn788Thr,,,3) Uncertain significance,p.N788T
Ethambutol,embB,embB_p.His890Arg,0.0,8.0,3) Uncertain significance,p.H890R
Ethambutol,embA,embA_p.Thr467Asn,0.0,2.0,3) Uncertain significance,p.T467N
Ethambutol,embA,embA_p.Asp1053Gly,0.0,2.0,3) Uncertain significance,p.D1053G
Ethambutol,embC,embC_p.Gln742His,0.0,4.0,3) Uncertain significance,p.Q742H
Ethambutol,embB,embB_p.Thr797Pro,0.0,3.0,3) Uncertain significance,p.T797P
Ethambutol,embB,embB_p.Ala801Thr,0.0,2.0,3) Uncertain significance,p.A801T
Ethambutol,embC,embC_p.Gly563Glu,0.0,1.0,3) Uncertain significance,p.G563E
Ethambutol,embA,embA_p.Ala874Val,0.0,1.0,3) Uncertain significance,p.A874V
Ethambutol,embA,embA_p.Lys773Asn,0.0,4.0,3) Uncertain significance,p.K773N
Ethambutol,embC,embC_p.Ala91Thr,0.0,1.0,3) Uncertain significance,p.A91T
Ethambutol,embC,embC_p.Val147Met,,,3) Uncertain significance,p.V147M
Ethambutol,embA,embA_p.Thr853Ala,0.0,8.0,3) Uncertain significance,p.T853A
Ethambutol,embB,embB_p.Ala376Thr,,,3) Uncertain significance,p.A376T
Ethambutol,embA,embA_p.Pro864Gln,,,3) Uncertain significance,p.P864Q
Ethambutol,embC,embC_p.Ala931Thr,5.0,2.0,3) Uncertain significance,p.A931T
Ethambutol,embB,embB_p.Ser211Phe,0.0,6.0,3) Uncertain significance,p.S211F
Ethambutol,embA,embA_p.Leu390Met,0.0,3.0,3) Uncertain significance,p.L390M
Ethambutol,embB,embB_p.Ala313Val,0.0,8.0,3) Uncertain significance,p.A313V
Ethambutol,embA,embA_p.Ile595Val,0.0,8.0,3) Uncertain significance,p.I595V
Ethambutol,embA,embA_p.Arg836Cys,0.0,1.0,3) Uncertain significance,p.R836C
Ethambutol,embC,embC_p.Leu502Phe,0.0,1.0,3) Uncertain significance,p.L502F
Ethambutol,embC,embC_p.Ala624Thr,0.0,5.0,3) Uncertain significance,p.A624T
Ethambutol,embB,embB_p.Ile1039Met,0.0,6.0,3) Uncertain significance,p.I1039M
Ethambutol,embA,embA_p.Val31Ala,1.0,17.0,3) Uncertain significance,p.V31A
Ethambutol,embA,embA_p.Leu967Met,0.0,2.0,3) Uncertain significance,p.L967M
Ethambutol,embA,embA_p.Arg538His,0.0,1.0,3) Uncertain significance,p.R538H
Ethambutol,embC,embC_p.Ala448Val,0.0,5.0,3) Uncertain significance,p.A448V
Ethambutol,embA,embA_p.Ala409Pro,0.0,4.0,3) Uncertain significance,p.A409P
Ethambutol,embB,embB_p.Ala201Glu,0.0,3.0,3) Uncertain significance,p.A201E
Ethambutol,embA,embA_p.Val558Leu,0.0,5.0,3) Uncertain significance,p.V558L
Ethambutol,embB,embB_p.Val188Ala,0.0,3.0,3) Uncertain significance,p.V188A
Ethambutol,embC,embC_p.Ile459Val,0.0,5.0,3) Uncertain significance,p.I459V
Ethambutol,embB,embB_p.Pro907Ser,0.0,1.0,3) Uncertain significance,p.P907S
Ethambutol,embB,embB_p.Ala567Asp,0.0,1.0,3) Uncertain significance,p.A567D
Ethambutol,embA,embA_p.Gly86Val,0.0,3.0,3) Uncertain significance,p.G86V
Ethambutol,embC,embC_p.Leu333Arg,0.0,8.0,3) Uncertain significance,p.L333R
Ethambutol,embB,embB_p.Asn807Asp,0.0,7.0,3) Uncertain significance,p.N807D
Ethambutol,embC,embC_p.Met234Leu,0.0,1.0,3) Uncertain significance,p.M234L
Ethambutol,ubiA,ubiA_p.Val229Gly,,,3) Uncertain significance,p.V229G
Ethambutol,embA,embA_p.Val1073Ile,0.0,3.0,3) Uncertain significance,p.V1073I
Ethambutol,embA,embA_p.Arg194Gln,0.0,6.0,3) Uncertain significance,p.R194Q
Ethambutol,ubiA,ubiA_p.Val148Met,0.0,1.0,3) Uncertain significance,p.V148M
Ethambutol,ubiA,ubiA_p.Val5Gly,0.0,5.0,3) Uncertain significance,p.V5G
Ethambutol,embC,embC_p.Ala142Thr,0.0,1.0,3) Uncertain significance,p.A142T
Ethambutol,embB,embB_p.Leu499Pro,0.0,2.0,3) Uncertain significance,p.L499P
Ethambutol,embC,embC_p.Gln1061His,0.0,5.0,3) Uncertain significance,p.Q1061H
Ethambutol,embB,embB_p.Gly665Trp,0.0,4.0,3) Uncertain significance,p.G665W
Ethambutol,embC,embC_p.Arg20Leu,0.0,1.0,3) Uncertain significance,p.R20L
Ethambutol,embB,embB_p.Gln51Pro,0.0,3.0,3) Uncertain significance,p.Q51P
Ethambutol,embA,embA_p.Ile338Leu,0.0,7.0,3) Uncertain significance,p.I338L
Ethambutol,embC,embC_p.Ala940Ser,0.0,14.0,3) Uncertain significance,p.A940S
Ethambutol,embA,embA_p.Leu505Phe,0.0,11.0,3) Uncertain significance,p.L505F
Ethambutol,embC,embC_p.Tyr327Cys,1.0,1.0,3) Uncertain significance,p.Y327C
Ethambutol,embC,embC_p.Ile573Thr,0.0,5.0,3) Uncertain significance,p.I573T
Ethambutol,embC,embC_p.Arg489Pro,,,3) Uncertain significance,p.R489P
Ethambutol,embC,embC_p.Phe982Ile,0.0,11.0,3) Uncertain significance,p.F982I
Ethambutol,embC,embC_p.Ala605Ser,0.0,1.0,3) Uncertain significance,p.A605S
Ethambutol,embB,embB_p.Val417Ala,0.0,3.0,3) Uncertain significance,p.V417A
Ethambutol,embA,embA_p.Asn510Ser,0.0,1.0,3) Uncertain significance,p.N510S
Ethambutol,embA,embA_p.Val695Met,0.0,9.0,3) Uncertain significance,p.V695M
Ethambutol,embA,embA_p.Pro1087Arg,,,3) Uncertain significance,p.P1087R
Ethambutol,embB,embB_p.Phe330Ile,0.0,1.0,3) Uncertain significance,p.F330I
Ethambutol,embB,embB_p.Val786Ala,,,3) Uncertain significance,p.V786A
Ethambutol,embC,embC_p.Ala711Thr,0.0,3.0,3) Uncertain significance,p.A711T
Ethambutol,embC,embC_p.Arg1055Lys,0.0,1.0,3) Uncertain significance,p.R1055K
Ethambutol,embB,embB_p.Pro103Thr,0.0,8.0,3) Uncertain significance,p.P103T
Ethambutol,embC,embC_p.Thr822Pro,0.0,1.0,3) Uncertain significance,p.T822P
Ethambutol,embB,embB_p.Thr215Ala,,,3) Uncertain significance,p.T215A
Ethambutol,embC,embC_p.Val469Met,,,3) Uncertain significance,p.V469M
Ethambutol,embA,embA_p.Ala84Ser,0.0,1.0,3) Uncertain significance,p.A84S
Ethambutol,embA,embA_p.Pro838Ala,,,3) Uncertain significance,p.P838A
Ethambutol,embB,embB_p.Asp78Gly,0.0,8.0,3) Uncertain significance,p.D78G
Ethambutol,embB,embB_p.Ala225Thr,,,3) Uncertain significance,p.A225T
Ethambutol,embB,embB_p.Val130Leu,0.0,1.0,3) Uncertain significance,p.V130L
Ethambutol,embB,embB_p.Thr811Ala,0.0,7.0,3) Uncertain significance,p.T811A
Ethambutol,embA,embA_p.Gly154Ser,0.0,20.0,3) Uncertain significance,p.G154S
Ethambutol,embB,embB_p.Asp207Asn,,,3) Uncertain significance,p.D207N
Ethambutol,embC,embC_p.Gly976Arg,0.0,2.0,3) Uncertain significance,p.G976R
Ethambutol,embB,embB_p.Leu239Pro,0.0,1.0,3) Uncertain significance,p.L239P
Ethambutol,embC,embC_p.Gly174Arg,0.0,5.0,3) Uncertain significance,p.G174R
Ethambutol,embA,embA_p.Met705Thr,0.0,2.0,3) Uncertain significance,p.M705T
Ethambutol,embA,embA_p.Asp1053Asn,0.0,2.0,3) Uncertain significance,p.D1053N
Ethambutol,embC,embC_p.Thr492Asn,,,3) Uncertain significance,p.T492N
Ethambutol,embC,embC_p.Ala247Ser,0.0,1.0,3) Uncertain significance,p.A247S
Ethambutol,ubiA,ubiA_p.Leu235Met,0.0,1.0,3) Uncertain significance,p.L235M
Ethambutol,embA,embA_p.Phe666Leu,,,3) Uncertain significance,p.F666L
Ethambutol,embA,embA_p.Gln169Glu,0.0,6.0,3) Uncertain significance,p.Q169E
Ethambutol,embB,embB_p.Ala607Asp,0.0,1.0,3) Uncertain significance,p.A607D
Ethambutol,ubiA,ubiA_p.Arg82Gln,0.0,2.0,3) Uncertain significance,p.R82Q
Ethambutol,embA,embA_p.Gly884Asp,0.0,14.0,3) Uncertain significance,p.G884D
Ethambutol,embC,embC_p.Ser18Phe,0.0,8.0,3) Uncertain significance,p.S18F
Ethambutol,embB,embB_p.Val283Met,0.0,9.0,3) Uncertain significance,p.V283M
Ethambutol,embB,embB_p.Thr501Ala,,,3) Uncertain significance,p.T501A
Ethambutol,embA,embA_p.Ala557Thr,0.0,1.0,3) Uncertain significance,p.A557T
Ethambutol,embB,embB_p.Ala109Thr,,,3) Uncertain significance,p.A109T
Ethambutol,embB,embB_p.Pro93Leu,0.0,6.0,3) Uncertain significance,p.P93L
Ethambutol,embA,embA_p.Val541Ala,0.0,2.0,3) Uncertain significance,p.V541A
Ethambutol,embC,embC_p.Val42Ala,,,3) Uncertain significance,p.V42A
Ethambutol,embB,embB_p.Thr797Ala,0.0,6.0,3) Uncertain significance,p.T797A
Ethambutol,embA,embA_p.Glu951Asp,14.0,126.0,3) Uncertain significance,p.E951D
Ethambutol,embB,embB_p.Arg620Cys,0.0,1.0,3) Uncertain significance,p.R620C
Ethambutol,embB,embB_p.Pro70Arg,0.0,11.0,3) Uncertain significance,p.P70R
Ethambutol,embB,embB_p.Gly374Trp,,,3) Uncertain significance,p.G374W
Ethambutol,embA,embA_p.Gln1004Pro,1.0,22.0,3) Uncertain significance,p.Q1004P
Ethambutol,ubiA,ubiA_p.Ala249Ser,0.0,1.0,3) Uncertain significance,p.A249S
Ethambutol,embB,embB_p.Gly836Arg,0.0,12.0,3) Uncertain significance,p.G836R
Ethambutol,embC,embC_p.Arg699Leu,0.0,1.0,3) Uncertain significance,p.R699L
Ethambutol,embB,embB_p.Leu632Ser,,,3) Uncertain significance,p.L632S
Ethambutol,embB,embB_p.Glu951Gln,0.0,10.0,3) Uncertain significance,p.E951Q
Ethambutol,embB,embB_p.Lys561Arg,0.0,19.0,3) Uncertain significance,p.K561R
Ethambutol,embA,embA_p.Ile155Val,0.0,8.0,3) Uncertain significance,p.I155V
Ethambutol,embA,embA_p.Ala852Thr,0.0,18.0,3) Uncertain significance,p.A852T
Ethambutol,embC,embC_p.Met800Ile,0.0,7.0,3) Uncertain significance,p.M800I
Ethambutol,embB,embB_p.Thr141Arg,0.0,1.0,3) Uncertain significance,p.T141R
Ethambutol,embC,embC_p.Gly37Asp,0.0,1.0,3) Uncertain significance,p.G37D
Ethambutol,embA,embA_p.Glu481Gln,,,3) Uncertain significance,p.E481Q
Ethambutol,embC,embC_p.Gly976Ser,0.0,12.0,3) Uncertain significance,p.G976S
Ethambutol,embC,embC_p.Arg877Trp,0.0,4.0,3) Uncertain significance,p.R877W
Ethambutol,embB,embB_p.Ile709Thr,0.0,13.0,3) Uncertain significance,p.I709T
Ethambutol,embA,embA_p.Met218Leu,0.0,1.0,3) Uncertain significance,p.M218L
Ethambutol,embA,embA_p.Leu459Arg,0.0,2.0,3) Uncertain significance,p.L459R
Ethambutol,embC,embC_p.Val885Met,2.0,0.0,3) Uncertain significance,p.V885M
Ethambutol,embA,embA_p.Gly451Arg,0.0,14.0,3) Uncertain significance,p.G451R
Ethambutol,embA,embA_p.Pro383Ser,1.0,58.0,4) Not assoc w R - Interim,p.P383S
Ethambutol,embC,embC_p.Leu661Ile,1.0,58.0,4) Not assoc w R - Interim,p.L661I
Ethambutol,embA,embA_p.Val391Ile,0.0,2.0,3) Uncertain significance,p.V391I
Ethambutol,embB,embB_p.Thr341Asn,0.0,7.0,3) Uncertain significance,p.T341N
Ethambutol,embC,embC_p.Ile487Thr,0.0,2.0,3) Uncertain significance,p.I487T
Ethambutol,embA,embA_p.Thr308Ala,0.0,39.0,3) Uncertain significance,p.T308A
Ethambutol,embA,embA_p.Met735Thr,0.0,1.0,3) Uncertain significance,p.M735T
Ethambutol,embA,embA_p.Gly158Asp,0.0,12.0,3) Uncertain significance,p.G158D
Ethambutol,embA,embA_p.Ser20Ala,0.0,6.0,3) Uncertain significance,p.S20A
Ethambutol,embB,embB_p.Gly580Ser,1.0,0.0,3) Uncertain significance,p.G580S
Ethambutol,embC,embC_p.Glu667Val,,,3) Uncertain significance,p.E667V
Ethambutol,embB,embB_p.Pro832Ser,0.0,4.0,3) Uncertain significance,p.P832S
Ethambutol,embA,embA_p.Gln47His,0.0,2.0,3) Uncertain significance,p.Q47H
Ethambutol,embB,embB_p.Asn791Ser,,,3) Uncertain significance,p.N791S
Ethambutol,embB,embB_p.Glu901Asp,0.0,9.0,3) Uncertain significance,p.E901D
Ethambutol,embC,embC_p.Glu875Gln,0.0,8.0,3) Uncertain significance,p.E875Q
Ethambutol,embC,embC_p.Ile497Met,10.0,13.0,3) Uncertain significance,p.I497M
Ethambutol,embB,embB_p.Asp78Ala,,,3) Uncertain significance,p.D78A
Ethambutol,embA,embA_p.Ala409Glu,0.0,3.0,3) Uncertain significance,p.A409E
Ethambutol,embB,embB_p.Phe1012Leu,0.0,15.0,3) Uncertain significance,p.F1012L
Ethambutol,embC,embC_p.Thr270Ile,234.0,3198.0,3) Uncertain significance,p.T270I
Ethambutol,embB,embB_p.Leu370Arg,0.0,20.0,3) Uncertain significance,p.L370R
Ethambutol,embA,embA_p.Arg346Trp,0.0,1.0,3) Uncertain significance,p.R346W
Ethambutol,embA,embA_p.Ala460Thr,0.0,5.0,3) Uncertain significance,p.A460T
Ethambutol,embC,embC_p.Arg847His,0.0,14.0,3) Uncertain significance,p.R847H
Ethambutol,embA,embA_p.Asn629Ser,0.0,1.0,3) Uncertain significance,p.N629S
Ethambutol,embA,embA_p.Pro913Ser,218.0,2979.0,3) Uncertain significance,p.P913S
Ethambutol,embB,embB_p.Val131Met,0.0,28.0,3) Uncertain significance,p.V131M
Ethambutol,embA,embA_p.Leu233Met,0.0,16.0,3) Uncertain significance,p.L233M
Ethambutol,embB,embB_p.Met557Ile,0.0,3.0,3) Uncertain significance,p.M557I
Ethambutol,embC,embC_p.Asp775Asn,0.0,25.0,3) Uncertain significance,p.D775N
Ethambutol,ubiA,ubiA_p.Val96Met,0.0,14.0,3) Uncertain significance,p.V96M
Ethambutol,embA,embA_p.Ser20Pro,0.0,6.0,3) Uncertain significance,p.S20P
Ethambutol,embC,embC_p.Ile832Val,0.0,10.0,3) Uncertain significance,p.I832V
Ethambutol,embB,embB_p.Glu378Ala,242.0,3341.0,3) Uncertain significance,p.E378A
Ethambutol,embC,embC_p.Asn394Asp,216.0,2966.0,3) Uncertain significance,p.N394D
Ethambutol,embB,embB_p.Asp869Gly,0.0,6.0,3) Uncertain significance,p.D869G
Ethambutol,embC,embC_p.Val417Met,0.0,4.0,3) Uncertain significance,p.V417M
Ethambutol,embB,embB_p.Gln139His,2.0,138.0,4) Not assoc w R - Interim,p.Q139H
Ethambutol,embA,embA_p.Ala201Thr,1.0,136.0,4) Not assoc w R - Interim,p.A201T
Ethambutol,embA,embA_p.Arg404Gln,0.0,2.0,4) Not assoc w R - Interim,p.R404Q
Ethambutol,embC,embC_p.Arg567His,8.0,377.0,4) Not assoc w R - Interim,p.R567H
Ethambutol,embC,embC_p.Val981Leu,494.0,4011.0,4) Not assoc w R - Interim,p.V981L
Ethambutol,ubiA,ubiA_p.Glu149Asp,239.0,3357.0,5) Not assoc w R,p.E149D
Ethambutol,embB,embB_p.Arg213Gln,1.0,205.0,5) Not assoc w R,p.R213Q
Ethambutol,embC,embC_p.Arg738Gln,306.0,3794.0,5) Not assoc w R,p.R738Q
Ethambutol,embA,embA_p.Ala124Thr,,,3) Uncertain significance,p.A124T
Ethambutol,embA,embA_p.Arg243Trp,,,3) Uncertain significance,p.R243W
Ethambutol,embA,embA_p.Asp669Glu,,,3) Uncertain significance,p.D669E
Ethambutol,embA,embA_p.Ile412Thr,,,3) Uncertain significance,p.I412T
Ethambutol,embA,embA_p.Ile914Val,,,3) Uncertain significance,p.I914V
Ethambutol,embA,embA_p.Pro548Leu,,,3) Uncertain significance,p.P548L
Ethambutol,embA,embA_p.Val468Met,,,3) Uncertain significance,p.V468M
Ethambutol,embA,embA_p.Val898Ile,,,3) Uncertain significance,p.V898I
Ethambutol,embB,embB_p.Ala43Thr,,,3) Uncertain significance,p.A43T
Ethambutol,embB,embB_p.Ala909Thr,,,3) Uncertain significance,p.A909T
Ethambutol,embB,embB_p.Asp1068Tyr,,,3) Uncertain significance,p.D1068Y
Ethambutol,embB,embB_p.Gln729Pro,,,3) Uncertain significance,p.Q729P
Ethambutol,embB,embB_p.Lys1011Glu,,,3) Uncertain significance,p.K1011E
Ethambutol,embB,embB_p.Lys1022Thr,,,3) Uncertain significance,p.K1022T
Ethambutol,embB,embB_p.Phe688Val,,,3) Uncertain significance,p.F688V
Ethambutol,embB,embB_p.Trp685Leu,,,3) Uncertain significance,p.W685L
Ethambutol,embB,embB_p.Val859Ile,,,3) Uncertain significance,p.V859I
Ethambutol,embC,embC_p.Ala418Ser,,,3) Uncertain significance,p.A418S
Ethambutol,embC,embC_p.Arg1082Pro,,,3) Uncertain significance,p.R1082P
Ethambutol,embC,embC_p.Asp1069Asn,,,3) Uncertain significance,p.D1069N
Ethambutol,embC,embC_p.Glu783Lys,,,3) Uncertain significance,p.E783K
Ethambutol,embC,embC_p.Gly750Arg,,,3) Uncertain significance,p.G750R
Ethambutol,embC,embC_p.Ile235Val,,,3) Uncertain significance,p.I235V
Ethambutol,embC,embC_p.Trp326Cys,,,3) Uncertain significance,p.W326C
Ethambutol,embC,embC_p.Val42Met,,,3) Uncertain significance,p.V42M
Ethambutol,embC,embC_p.Val627Ile,,,3) Uncertain significance,p.V627I
Ethambutol,ubiA,ubiA_p.Arg280His,,,3) Uncertain significance,p.R280H
Ethambutol,ubiA,ubiA_p.Leu235Gln,,,3) Uncertain significance,p.L235Q
Ethionamide,inhA,inhA_p.Ser94Ala,50.0,8.0,1) Assoc w R,p.S94A
Ethionamide,ethA,ethA_p.Asn379Asp,59.0,76.0,1) Assoc w R,p.N379D
Ethionamide,inhA,inhA_p.Ile194Thr,49.0,3.0,1) Assoc w R,p.I194T
Ethionamide,inhA,inhA_p.Ile21Thr,23.0,6.0,1) Assoc w R,p.I21T
Ethionamide,ethA,ethA_p.Pro378Leu,7.0,6.0,1) Assoc w R,p.P378L
Ethionamide,ethA,ethA_p.Thr314Ile,71.0,118.0,1) Assoc w R,p.T314I
Ethionamide,ethA,ethA_p.Arg207Gly,35.0,22.0,1) Assoc w R,p.R207G
Ethionamide,ethA,ethA_p.Thr321Pro,7.0,0.0,1) Assoc w R,p.T321P
Ethionamide,ethA,ethA_p.Ser390Phe,1.0,0.0,2) Assoc w R - Interim,p.S390F
Ethionamide,ethA,ethA_p.Tyr32Asp,1.0,0.0,2) Assoc w R - Interim,p.Y32D
Ethionamide,mshA,mshA_p.Ala187Val,958.0,1554.0,3) Uncertain significance,p.A187V
Ethionamide,ethA,ethA_p.Ala341Val,1.0,2.0,2) Assoc w R - Interim,p.A341V
Ethionamide,ethA,ethA_p.Ala381Pro,12.0,0.0,2) Assoc w R - Interim,p.A381P
Ethionamide,ethA,ethA_p.His281Pro,311.0,114.0,2) Assoc w R - Interim,p.H281P
Ethionamide,ethA,ethA_p.Leu35Arg,1.0,1.0,2) Assoc w R - Interim,p.L35R
Ethionamide,ethA,ethA_p.Gly11Val,1.0,0.0,2) Assoc w R - Interim,p.G11V
Ethionamide,ethA,ethA_p.Cys137Arg,9.0,8.0,1) Assoc w R,p.C137R
Ethionamide,ethA,ethA_p.Tyr211Ser,5.0,1.0,2) Assoc w R - Interim,p.Y211S
Ethionamide,inhA,inhA_p.Ile21Val,16.0,2.0,1) Assoc w R,p.I21V
Ethionamide,ethA,ethA_p.Thr88Ile,7.0,0.0,1) Assoc w R,p.T88I
Ethionamide,ethA,ethA_p.Cys403Tyr,1.0,0.0,2) Assoc w R - Interim,p.C403Y
Ethionamide,ethA,ethA_p.Thr61Met,12.0,12.0,1) Assoc w R,p.T61M
Ethionamide,ethA,ethA_p.Asp56Ala,7.0,1.0,1) Assoc w R,p.D56A
Ethionamide,ethA,ethA_p.Gln254Pro,3.0,4.0,2) Assoc w R - Interim,p.Q254P
Ethionamide,ethA,ethA_p.Ser57Tyr,,,2) Assoc w R - Interim,p.S57Y
Ethionamide,ethA,ethA_p.Ala89Glu,5.0,5.0,3) Uncertain significance,p.A89E
Ethionamide,ethA,ethA_p.Thr342Lys,1.0,0.0,2) Assoc w R - Interim,p.T342K
Ethionamide,ethA,ethA_p.Asp58Gly,1.0,0.0,2) Assoc w R - Interim,p.D58G
Ethionamide,ethA,ethA_p.Val202Gly,4.0,0.0,2) Assoc w R - Interim,p.V202G
Ethionamide,inhA,inhA_p.Ala239Val,6.0,0.0,2) Assoc w R - Interim,p.A239V
Ethionamide,ethA,ethA_p.Phe282Val,1.0,1.0,2) Assoc w R - Interim,p.F282V
Ethionamide,ethA,ethA_p.Leu205Pro,3.0,0.0,2) Assoc w R - Interim,p.L205P
Ethionamide,ethA,ethA_p.Ser208Pro,5.0,3.0,3) Uncertain significance,p.S208P
Ethionamide,ethA,ethA_p.Tyr50Cys,1.0,0.0,3) Uncertain significance,p.Y50C
Ethionamide,ethA,ethA_p.Leu23Arg,4.0,3.0,2) Assoc w R - Interim,p.L23R
Ethionamide,ethA,ethA_p.Gly63Asp,4.0,0.0,3) Uncertain significance,p.G63D
Ethionamide,ethA,ethA_p.Thr314Ala,1.0,1.0,2) Assoc w R - Interim,p.T314A
Ethionamide,ethA,ethA_p.Asn345Lys,40.0,32.0,3) Uncertain significance,p.N345K
Ethionamide,ethA,ethA_p.Tyr50Asp,1.0,1.0,2) Assoc w R - Interim,p.Y50D
Ethionamide,ethA,ethA_p.Gly43Ser,2.0,2.0,2) Assoc w R - Interim,p.G43S
Ethionamide,ethA,ethA_p.Thr392Arg,0.0,2.0,3) Uncertain significance,p.T392R
Ethionamide,ethA,ethA_p.Gln206Pro,1.0,0.0,3) Uncertain significance,p.Q206P
Ethionamide,ethA,ethA_p.Thr61Arg,3.0,1.0,3) Uncertain significance,p.T61R
Ethionamide,ethA,ethA_p.Leu194Pro,1.0,0.0,2) Assoc w R - Interim,p.L194P
Ethionamide,ethA,ethA_p.Val191Met,3.0,0.0,3) Uncertain significance,p.V191M
Ethionamide,ethA,ethA_p.Arg54Leu,2.0,0.0,3) Uncertain significance,p.R54L
Ethionamide,ethA,ethA_p.Thr44Ala,2.0,1.0,2) Assoc w R - Interim,p.T44A
Ethionamide,ethA,ethA_p.Thr342Ala,1.0,1.0,2) Assoc w R - Interim,p.T342A
Ethionamide,ethA,ethA_p.Val118Gly,1.0,2.0,3) Uncertain significance,p.V118G
Ethionamide,ethA,ethA_p.Asp396Asn,,,3) Uncertain significance,p.D396N
Ethionamide,ethA,ethA_p.Ile34Thr,4.0,5.0,3) Uncertain significance,p.I34T
Ethionamide,ethA,ethA_p.Ala341Glu,,,3) Uncertain significance,p.A341E
Ethionamide,ethA,ethA_p.Thr88Pro,,,3) Uncertain significance,p.T88P
Ethionamide,ethA,ethA_p.Pro422Leu,3.0,0.0,3) Uncertain significance,p.P422L
Ethionamide,ethA,ethA_p.Tyr84Cys,3.0,0.0,3) Uncertain significance,p.Y84C
Ethionamide,mshA,mshA_p.Gly67Ala,,,3) Uncertain significance,p.G67A
Ethionamide,ethA,ethA_p.Met59Arg,1.0,0.0,3) Uncertain significance,p.M59R
Ethionamide,ethA,ethA_p.Gly182Asp,1.0,0.0,3) Uncertain significance,p.G182D
Ethionamide,ethA,ethA_p.His201Pro,,,3) Uncertain significance,p.H201P
Ethionamide,ethA,ethA_p.Arg479Pro,,,3) Uncertain significance,p.R479P
Ethionamide,ethA,ethA_p.Asn379Lys,,,3) Uncertain significance,p.N379K
Ethionamide,ethA,ethA_p.Trp167Gly,1.0,0.0,3) Uncertain significance,p.W167G
Ethionamide,mshA,mshA_p.Gly106Ala,1.0,0.0,3) Uncertain significance,p.G106A
Ethionamide,ethA,ethA_p.Pro257Leu,3.0,0.0,3) Uncertain significance,p.P257L
Ethionamide,ethA,ethA_p.Cys137Tyr,2.0,0.0,3) Uncertain significance,p.C137Y
Ethionamide,ethA,ethA_p.Leu134Pro,2.0,1.0,3) Uncertain significance,p.L134P
Ethionamide,ethA,ethA_p.Tyr369Cys,,,3) Uncertain significance,p.Y369C
Ethionamide,ethA,ethA_p.Tyr211Cys,4.0,2.0,3) Uncertain significance,p.Y211C
Ethionamide,ethA,ethA_p.Trp167Arg,3.0,1.0,3) Uncertain significance,p.W167R
Ethionamide,ethA,ethA_p.Gly42Val,2.0,0.0,3) Uncertain significance,p.G42V
Ethionamide,ethA,ethA_p.Gln246Pro,,,3) Uncertain significance,p.Q246P
Ethionamide,ethA,ethA_p.Pro192Leu,3.0,0.0,3) Uncertain significance,p.P192L
Ethionamide,ethA,ethA_p.Tyr84Asp,1.0,0.0,3) Uncertain significance,p.Y84D
Ethionamide,ethA,ethA_p.Leu62Pro,3.0,1.0,3) Uncertain significance,p.L62P
Ethionamide,ethA,ethA_p.Met204Val,3.0,1.0,3) Uncertain significance,p.M204V
Ethionamide,ethA,ethA_p.Gly139Ser,1.0,0.0,3) Uncertain significance,p.G139S
Ethionamide,ethA,ethA_p.Leu62Arg,0.0,1.0,3) Uncertain significance,p.L62R
Ethionamide,ethA,ethA_p.Leu244Pro,5.0,3.0,3) Uncertain significance,p.L244P
Ethionamide,ethA,ethA_p.Leu190Phe,2.0,0.0,3) Uncertain significance,p.L190F
Ethionamide,ethA,ethA_p.Ile34Ser,,,3) Uncertain significance,p.I34S
Ethionamide,ethA,ethA_p.Leu397Pro,2.0,0.0,3) Uncertain significance,p.L397P
Ethionamide,ethA,ethA_p.Asp396Gly,,,3) Uncertain significance,p.D396G
Ethionamide,ethA,ethA_p.Tyr235Asp,,,3) Uncertain significance,p.Y235D
Ethionamide,ethA,ethA_p.Ala247Pro,0.0,3.0,3) Uncertain significance,p.A247P
Ethionamide,ethA,ethA_p.Ser55Pro,,,2) Assoc w R - Interim,p.S55P
Ethionamide,ethA,ethA_p.Cys403Trp,0.0,2.0,3) Uncertain significance,p.C403W
Ethionamide,ethA,ethA_p.Gly16Asp,1.0,0.0,3) Uncertain significance,p.G16D
Ethionamide,ethA,ethA_p.Leu82Pro,2.0,0.0,3) Uncertain significance,p.L82P
Ethionamide,ethA,ethA_p.Thr383Lys,2.0,0.0,3) Uncertain significance,p.T383K
Ethionamide,ethA,ethA_p.Pro192Thr,5.0,4.0,3) Uncertain significance,p.P192T
Ethionamide,ethA,ethA_p.Gly43Val,1.0,6.0,3) Uncertain significance,p.G43V
Ethionamide,ethA,ethA_p.Phe431Leu,3.0,0.0,3) Uncertain significance,p.F431L
Ethionamide,ethA,ethA_p.Asn242Asp,2.0,0.0,3) Uncertain significance,p.N242D
Ethionamide,ethA,ethA_p.Leu374Arg,,,3) Uncertain significance,p.L374R
Ethionamide,ethA,ethA_p.Arg404Leu,,,3) Uncertain significance,p.R404L
Ethionamide,ethA,ethA_p.Pro257Ser,3.0,3.0,3) Uncertain significance,p.P257S
Ethionamide,ethA,ethA_p.Ala185Val,1.0,0.0,3) Uncertain significance,p.A185V
Ethionamide,ethA,ethA_p.Pro164Leu,0.0,2.0,3) Uncertain significance,p.P164L
Ethionamide,ethA,ethA_p.Gly182Ser,1.0,0.0,3) Uncertain significance,p.G182S
Ethionamide,ethA,ethA_p.Val384Gly,1.0,1.0,3) Uncertain significance,p.V384G
Ethionamide,ethA,ethA_p.Ala187Val,2.0,2.0,3) Uncertain significance,p.A187V
Ethionamide,ethA,ethA_p.Pro51His,1.0,0.0,3) Uncertain significance,p.P51H
Ethionamide,ethA,ethA_p.Gly13Glu,2.0,1.0,3) Uncertain significance,p.G13E
Ethionamide,ethA,ethA_p.Val17Ala,2.0,0.0,3) Uncertain significance,p.V17A
Ethionamide,ethA,ethA_p.Cys294Tyr,2.0,4.0,3) Uncertain significance,p.C294Y
Ethionamide,ethA,ethA_p.Thr383Pro,,,3) Uncertain significance,p.T383P
Ethionamide,ethA,ethA_p.Gly423Arg,,,3) Uncertain significance,p.G423R
Ethionamide,ethA,ethA_p.Thr186Met,,,3) Uncertain significance,p.T186M
Ethionamide,ethA,ethA_p.Asn379His,,,3) Uncertain significance,p.N379H
Ethionamide,mshA,mshA_p.Arg46Trp,1.0,0.0,3) Uncertain significance,p.R46W
Ethionamide,ethA,ethA_p.Arg65Pro,1.0,0.0,3) Uncertain significance,p.R65P
Ethionamide,ethA,ethA_p.Val118Phe,,,3) Uncertain significance,p.V118F
Ethionamide,mshA,mshA_p.Leu12Val,,,3) Uncertain significance,p.L12V
Ethionamide,ethA,ethA_p.Thr61Lys,,,3) Uncertain significance,p.T61K
Ethionamide,ethA,ethA_p.Ile75Thr,,,3) Uncertain significance,p.I75T
Ethionamide,ethA,ethA_p.Cys253Trp,1.0,0.0,3) Uncertain significance,p.C253W
Ethionamide,ethA,ethA_p.Phe157Ser,3.0,0.0,3) Uncertain significance,p.F157S
Ethionamide,mshA,mshA_p.Lys278Glu,1.0,0.0,3) Uncertain significance,p.K278E
Ethionamide,ethA,ethA_p.Phe264Ser,1.0,0.0,3) Uncertain significance,p.F264S
Ethionamide,ethA,ethA_p.Trp21Leu,,,3) Uncertain significance,p.W21L
Ethionamide,ethA,ethA_p.Gln271Pro,,,3) Uncertain significance,p.Q271P
Ethionamide,ethA,ethA_p.Asn458Val,1.0,0.0,3) Uncertain significance,p.N458V
Ethionamide,ethA,ethA_p.Leu225Arg,1.0,0.0,3) Uncertain significance,p.L225R
Ethionamide,ethA,ethA_p.Gly11Asp,,,3) Uncertain significance,p.G11D
Ethionamide,ethA,ethA_p.Arg303Pro,,,3) Uncertain significance,p.R303P
Ethionamide,ethA,ethA_p.Pro454Ser,1.0,0.0,3) Uncertain significance,p.P454S
Ethionamide,ethA,ethA_p.Tyr60Asp,1.0,0.0,3) Uncertain significance,p.Y60D
Ethionamide,ethA,ethA_p.Thr186Pro,1.0,0.0,3) Uncertain significance,p.T186P
Ethionamide,ethA,ethA_p.Pro164Gln,,,3) Uncertain significance,p.P164Q
Ethionamide,inhA,inhA_p.Thr51Ala,1.0,0.0,3) Uncertain significance,p.T51A
Ethionamide,mshA,mshA_p.Gly106Arg,,,3) Uncertain significance,p.G106R
Ethionamide,ethA,ethA_p.Pro209Ser,,,3) Uncertain significance,p.P209S
Ethionamide,ethA,ethA_p.Gln206Glu,,,3) Uncertain significance,p.Q206E
Ethionamide,ethA,ethA_p.Val188Gly,1.0,0.0,3) Uncertain significance,p.V188G
Ethionamide,ethA,ethA_p.Pro273Leu,4.0,0.0,3) Uncertain significance,p.P273L
Ethionamide,ethA,ethA_p.Tyr276Asp,1.0,0.0,3) Uncertain significance,p.Y276D
Ethionamide,ethA,ethA_p.Ala20Asp,1.0,1.0,3) Uncertain significance,p.A20D
Ethionamide,ethA,ethA_p.Gly139Cys,,,3) Uncertain significance,p.G139C
Ethionamide,ethA,ethA_p.Arg38Pro,,,3) Uncertain significance,p.R38P
Ethionamide,ethA,ethA_p.Trp167Ser,,,3) Uncertain significance,p.W167S
Ethionamide,ethA,ethA_p.Leu134Arg,1.0,3.0,3) Uncertain significance,p.L134R
Ethionamide,ethA,ethA_p.Pro273Arg,1.0,0.0,3) Uncertain significance,p.P273R
Ethionamide,ethA,ethA_p.Ala19Val,,,3) Uncertain significance,p.A19V
Ethionamide,ethA,ethA_p.Leu406Ser,,,3) Uncertain significance,p.L406S
Ethionamide,ethA,ethA_p.Ser55Ala,1.0,0.0,3) Uncertain significance,p.S55A
Ethionamide,ethA,ethA_p.Leu393Pro,,,3) Uncertain significance,p.L393P
Ethionamide,ethA,ethA_p.Cys253Phe,,,3) Uncertain significance,p.C253F
Ethionamide,ethA,ethA_p.Phe401Val,,,3) Uncertain significance,p.F401V
Ethionamide,ethA,ethA_p.Ile473Ser,1.0,0.0,3) Uncertain significance,p.I473S
Ethionamide,ethA,ethA_p.Met41Arg,,,3) Uncertain significance,p.M41R
Ethionamide,ethA,ethA_p.Gly139Val,,,3) Uncertain significance,p.G139V
Ethionamide,ethA,ethA_p.Leu190Pro,1.0,1.0,3) Uncertain significance,p.L190P
Ethionamide,ethA,ethA_p.Gly182Ala,,,3) Uncertain significance,p.G182A
Ethionamide,ethA,ethA_p.Gly343Glu,,,3) Uncertain significance,p.G343E
Ethionamide,ethA,ethA_p.Gly43Asp,2.0,1.0,3) Uncertain significance,p.G43D
Ethionamide,ethA,ethA_p.Leu229Arg,,,3) Uncertain significance,p.L229R
Ethionamide,ethA,ethA_p.His4Arg,1.0,0.0,3) Uncertain significance,p.H4R
Ethionamide,ethA,ethA_p.Leu134His,,,3) Uncertain significance,p.L134H
Ethionamide,ethA,ethA_p.Leu47Ser,,,3) Uncertain significance,p.L47S
Ethionamide,ethA,ethA_p.Pro257Gln,,,3) Uncertain significance,p.P257Q
Ethionamide,ethA,ethA_p.Ala304Val,1.0,0.0,3) Uncertain significance,p.A304V
Ethionamide,ethA,ethA_p.Val10Gly,,,3) Uncertain significance,p.V10G
Ethionamide,ethA,ethA_p.Glu36Lys,,,3) Uncertain significance,p.E36K
Ethionamide,ethA,ethA_p.Thr392Lys,1.0,0.0,3) Uncertain significance,p.T392K
Ethionamide,mshA,mshA_p.His152Arg,1.0,0.0,3) Uncertain significance,p.H152R
Ethionamide,ethA,ethA_p.Ser399Pro,1.0,0.0,3) Uncertain significance,p.S399P
Ethionamide,ethA,ethA_p.Cys253Arg,1.0,0.0,3) Uncertain significance,p.C253R
Ethionamide,ethA,ethA_p.Pro257Thr,,,3) Uncertain significance,p.P257T
Ethionamide,ethA,ethA_p.His281Arg,1.0,2.0,3) Uncertain significance,p.H281R
Ethionamide,ethA,ethA_p.Pro257Ala,,,3) Uncertain significance,p.P257A
Ethionamide,ethA,ethA_p.Met373Ile,1.0,1.0,3) Uncertain significance,p.M373I
Ethionamide,ethA,ethA_p.Ser208Leu,2.0,0.0,3) Uncertain significance,p.S208L
Ethionamide,ethA,ethA_p.Leu397Arg,,,3) Uncertain significance,p.L397R
Ethionamide,ethA,ethA_p.Ser138Arg,3.0,5.0,3) Uncertain significance,p.S138R
Ethionamide,ethA,ethA_p.Pro288Ser,1.0,0.0,3) Uncertain significance,p.P288S
Ethionamide,ethA,ethA_p.Ile94Ser,1.0,0.0,3) Uncertain significance,p.I94S
Ethionamide,ethA,ethA_p.Asp77Gly,,,3) Uncertain significance,p.D77G
Ethionamide,ethA,ethA_p.Ala20Val,1.0,1.0,3) Uncertain significance,p.A20V
Ethionamide,ethA,ethA_p.Leu348Pro,1.0,0.0,3) Uncertain significance,p.L348P
Ethionamide,ethA,ethA_p.Ser15Phe,,,3) Uncertain significance,p.S15F
Ethionamide,ethA,ethA_p.Gln165Pro,2.0,11.0,3) Uncertain significance,p.Q165P
Ethionamide,ethA,ethA_p.Ile305Ser,2.0,2.0,3) Uncertain significance,p.I305S
Ethionamide,ethA,ethA_p.Phe48Ser,,,3) Uncertain significance,p.F48S
Ethionamide,ethA,ethA_p.Cys294Phe,0.0,1.0,3) Uncertain significance,p.C294F
Ethionamide,ethA,ethA_p.Arg261Trp,,,3) Uncertain significance,p.R261W
Ethionamide,ethA,ethA_p.Leu136Arg,2.0,3.0,3) Uncertain significance,p.L136R
Ethionamide,ethA,ethA_p.Tyr382His,1.0,0.0,3) Uncertain significance,p.Y382H
Ethionamide,ethA,ethA_p.Val180Met,,,3) Uncertain significance,p.V180M
Ethionamide,ethA,ethA_p.Gly343Arg,,,3) Uncertain significance,p.G343R
Ethionamide,ethA,ethA_p.Ala76Val,1.0,0.0,3) Uncertain significance,p.A76V
Ethionamide,ethA,ethA_p.Thr189Lys,,,3) Uncertain significance,p.T189K
Ethionamide,mshA,mshA_p.Leu284Pro,1.0,0.0,3) Uncertain significance,p.L284P
Ethionamide,ethA,ethA_p.Gly385Ala,1.0,0.0,3) Uncertain significance,p.G385A
Ethionamide,ethA,ethA_p.Cys253Gly,1.0,0.0,3) Uncertain significance,p.C253G
Ethionamide,ethA,ethA_p.Gly11Cys,1.0,0.0,3) Uncertain significance,p.G11C
Ethionamide,ethA,ethA_p.Ala185Glu,,,3) Uncertain significance,p.A185E
Ethionamide,ethA,ethA_p.Ser57Pro,1.0,0.0,3) Uncertain significance,p.S57P
Ethionamide,ethA,ethA_p.Ile105Leu,1.0,3.0,3) Uncertain significance,p.I105L
Ethionamide,ethA,ethA_p.Ile9Ser,1.0,0.0,3) Uncertain significance,p.I9S
Ethionamide,ethA,ethA_p.Phe302Leu,,,3) Uncertain significance,p.F302L
Ethionamide,ethA,ethA_p.Arg239Gln,1.0,2.0,3) Uncertain significance,p.R239Q
Ethionamide,ethA,ethA_p.Cys131Tyr,2.0,2.0,3) Uncertain significance,p.C131Y
Ethionamide,mshA,mshA_p.Leu405Arg,,,3) Uncertain significance,p.L405R
Ethionamide,ethA,ethA_p.Gly43Ala,,,3) Uncertain significance,p.G43A
Ethionamide,ethA,ethA_p.Tyr276His,2.0,0.0,3) Uncertain significance,p.Y276H
Ethionamide,ethA,ethA_p.Arg207Cys,1.0,1.0,3) Uncertain significance,p.R207C
Ethionamide,ethA,ethA_p.Ser18Thr,1.0,0.0,3) Uncertain significance,p.S18T
Ethionamide,ethA,ethA_p.Gly13Arg,,,3) Uncertain significance,p.G13R
Ethionamide,mshA,mshA_p.Pro280His,,,3) Uncertain significance,p.P280H
Ethionamide,inhA,inhA_p.Asn231Asp,1.0,0.0,3) Uncertain significance,p.N231D
Ethionamide,ethA,ethA_p.Met409Arg,1.0,0.0,3) Uncertain significance,p.M409R
Ethionamide,mshA,mshA_p.Ser354Ala,,,3) Uncertain significance,p.S354A
Ethionamide,inhA,inhA_p.Gly40Trp,1.0,0.0,3) Uncertain significance,p.G40W
Ethionamide,ethA,ethA_p.Trp21Arg,0.0,1.0,3) Uncertain significance,p.W21R
Ethionamide,ethA,ethA_p.Arg207Ser,0.0,1.0,3) Uncertain significance,p.R207S
Ethionamide,ethA,ethA_p.Met372Arg,,,3) Uncertain significance,p.M372R
Ethionamide,ethA,ethA_p.Pro334Ala,9.0,27.0,3) Uncertain significance,p.P334A
Ethionamide,ethA,ethA_p.Ser57Phe,,,3) Uncertain significance,p.S57F
Ethionamide,ethA,ethA_p.Thr355Pro,1.0,1.0,3) Uncertain significance,p.T355P
Ethionamide,ethA,ethA_p.Cys131Arg,,,3) Uncertain significance,p.C131R
Ethionamide,ethA,ethA_p.Ser138Ile,1.0,0.0,3) Uncertain significance,p.S138I
Ethionamide,ethA,ethA_p.Cys137Gly,1.0,0.0,3) Uncertain significance,p.C137G
Ethionamide,ethA,ethA_p.Gln246Arg,1.0,0.0,3) Uncertain significance,p.Q246R
Ethionamide,inhA,inhA_p.Ala124Val,,,3) Uncertain significance,p.A124V
Ethionamide,ethA,ethA_p.Pro230Gln,,,3) Uncertain significance,p.P230Q
Ethionamide,ethA,ethA_p.Ala187Glu,,,3) Uncertain significance,p.A187E
Ethionamide,ethA,ethA_p.Thr44Ile,,,3) Uncertain significance,p.T44I
Ethionamide,ethA,ethA_p.His307Pro,,,3) Uncertain significance,p.H307P
Ethionamide,ethA,ethA_p.Pro257Arg,,,3) Uncertain significance,p.P257R
Ethionamide,ethA,ethA_p.Leu478Arg,0.0,1.0,3) Uncertain significance,p.L478R
Ethionamide,ethA,ethA_p.Leu374His,1.0,0.0,3) Uncertain significance,p.L374H
Ethionamide,inhA,inhA_p.Ala239Thr,1.0,0.0,3) Uncertain significance,p.A239T
Ethionamide,ethA,ethA_p.Tyr60Cys,1.0,0.0,3) Uncertain significance,p.Y60C
Ethionamide,ethA,ethA_p.Pro447Leu,1.0,0.0,3) Uncertain significance,p.P447L
Ethionamide,ethA,ethA_p.Asp56Gly,,,3) Uncertain significance,p.D56G
Ethionamide,ethA,ethA_p.Leu225Pro,0.0,1.0,3) Uncertain significance,p.L225P
Ethionamide,ethA,ethA_p.Tyr147Ser,,,3) Uncertain significance,p.Y147S
Ethionamide,ethA,ethA_p.Thr392Pro,2.0,0.0,3) Uncertain significance,p.T392P
Ethionamide,ethA,ethA_p.Trp391Cys,2.0,0.0,3) Uncertain significance,p.W391C
Ethionamide,ethA,ethA_p.Trp109Cys,1.0,0.0,3) Uncertain significance,p.W109C
Ethionamide,mshA,mshA_p.Thr179Arg,,,3) Uncertain significance,p.T179R
Ethionamide,ethA,ethA_p.Leu295Trp,2.0,0.0,3) Uncertain significance,p.L295W
Ethionamide,ethA,ethA_p.Asn287Lys,,,3) Uncertain significance,p.N287K
Ethionamide,mshA,mshA_p.Ala182Thr,1.0,1.0,3) Uncertain significance,p.A182T
Ethionamide,ethA,ethA_p.Arg441Cys,1.0,0.0,3) Uncertain significance,p.R441C
Ethionamide,ethA,ethA_p.Thr44Pro,1.0,0.0,3) Uncertain significance,p.T44P
Ethionamide,ethA,ethA_p.Ala19Glu,1.0,0.0,3) Uncertain significance,p.A19E
Ethionamide,ethA,ethA_p.Gln291Pro,,,3) Uncertain significance,p.Q291P
Ethionamide,ethA,ethA_p.Ile81Thr,,,3) Uncertain significance,p.I81T
Ethionamide,ethA,ethA_p.Gly343Val,0.0,1.0,3) Uncertain significance,p.G343V
Ethionamide,ethA,ethA_p.Gly124Val,1.0,0.0,3) Uncertain significance,p.G124V
Ethionamide,ethA,ethA_p.Gly450Ser,0.0,1.0,3) Uncertain significance,p.G450S
Ethionamide,ethA,ethA_p.Tyr235His,1.0,0.0,3) Uncertain significance,p.Y235H
Ethionamide,mshA,mshA_p.Thr338Ala,,,3) Uncertain significance,p.T338A
Ethionamide,mshA,mshA_p.Ala233Glu,,,3) Uncertain significance,p.A233E
Ethionamide,ethA,ethA_p.Ser399Leu,,,3) Uncertain significance,p.S399L
Ethionamide,ethA,ethA_p.Trp21Gly,,,3) Uncertain significance,p.W21G
Ethionamide,ethA,ethA_p.Cys403Arg,1.0,3.0,3) Uncertain significance,p.C403R
Ethionamide,ethA,ethA_p.His102Pro,1.0,0.0,3) Uncertain significance,p.H102P
Ethionamide,ethA,ethA_p.Gly42Cys,1.0,0.0,3) Uncertain significance,p.G42C
Ethionamide,mshA,mshA_p.His175Pro,1.0,0.0,3) Uncertain significance,p.H175P
Ethionamide,ethA,ethA_p.Met204Thr,0.0,1.0,3) Uncertain significance,p.M204T
Ethionamide,mshA,mshA_p.His228Pro,1.0,0.0,3) Uncertain significance,p.H228P
Ethionamide,ethA,ethA_p.Arg96Lys,,,3) Uncertain significance,p.R96K
Ethionamide,ethA,ethA_p.Cys294Trp,,,3) Uncertain significance,p.C294W
Ethionamide,mshA,mshA_p.Ala323Thr,,,3) Uncertain significance,p.A323T
Ethionamide,ethA,ethA_p.Asp444Gly,,,3) Uncertain significance,p.D444G
Ethionamide,ethA,ethA_p.Glu36Gln,,,3) Uncertain significance,p.E36Q
Ethionamide,mshA,mshA_p.Ala480Val,1.0,0.0,3) Uncertain significance,p.A480V
Ethionamide,mshA,mshA_p.Ala2Thr,0.0,1.0,3) Uncertain significance,p.A2T
Ethionamide,ethA,ethA_p.Cys137Phe,1.0,0.0,3) Uncertain significance,p.C137F
Ethionamide,mshA,mshA_p.Asn69Ser,5.0,3.0,3) Uncertain significance,p.N69S
Ethionamide,ethA,ethA_p.Phe302Ser,1.0,0.0,3) Uncertain significance,p.F302S
Ethionamide,ethA,ethA_p.Leu35Val,0.0,2.0,3) Uncertain significance,p.L35V
Ethionamide,ethA,ethA_p.Val7Gly,1.0,0.0,3) Uncertain significance,p.V7G
Ethionamide,ethA,ethA_p.His22Gln,1.0,0.0,3) Uncertain significance,p.H22Q
Ethionamide,ethA,ethA_p.Ala20Ser,,,3) Uncertain significance,p.A20S
Ethionamide,ethA,ethA_p.Ala19Thr,1.0,0.0,3) Uncertain significance,p.A19T
Ethionamide,ethA,ethA_p.His163Asp,1.0,0.0,3) Uncertain significance,p.H163D
Ethionamide,ethA,ethA_p.Gly71Arg,1.0,0.0,3) Uncertain significance,p.G71R
Ethionamide,ethA,ethA_p.Ser197Pro,1.0,0.0,3) Uncertain significance,p.S197P
Ethionamide,ethA,ethA_p.Gln165His,1.0,1.0,3) Uncertain significance,p.Q165H
Ethionamide,ethA,ethA_p.Leu129Arg,5.0,1.0,3) Uncertain significance,p.L129R
Ethionamide,ethA,ethA_p.Gly182Cys,,,3) Uncertain significance,p.G182C
Ethionamide,inhA,inhA_p.Ile16Thr,1.0,0.0,3) Uncertain significance,p.I16T
Ethionamide,ethA,ethA_p.Arg54Ser,,,3) Uncertain significance,p.R54S
Ethionamide,ethA,ethA_p.Thr189Met,,,3) Uncertain significance,p.T189M
Ethionamide,ethA,ethA_p.Tyr50Asn,1.0,0.0,3) Uncertain significance,p.Y50N
Ethionamide,ethA,ethA_p.Ile338Ser,3.0,0.0,3) Uncertain significance,p.I338S
Ethionamide,inhA,inhA_p.Ile95Val,,,3) Uncertain significance,p.I95V
Ethionamide,ethA,ethA_p.Pro454Leu,1.0,5.0,3) Uncertain significance,p.P454L
Ethionamide,ethA,ethA_p.Thr203Pro,,,3) Uncertain significance,p.T203P
Ethionamide,mshA,mshA_p.Ala41Glu,,,3) Uncertain significance,p.A41E
Ethionamide,ethA,ethA_p.Ala76Asp,1.0,1.0,3) Uncertain significance,p.A76D
Ethionamide,ethA,ethA_p.Ala222Thr,1.0,0.0,3) Uncertain significance,p.A222T
Ethionamide,inhA,inhA_p.Pro107Ser,,,3) Uncertain significance,p.P107S
Ethionamide,mshA,mshA_p.Asp218Gly,1.0,0.0,3) Uncertain significance,p.D218G
Ethionamide,ethA,ethA_p.Val238Gly,1.0,4.0,3) Uncertain significance,p.V238G
Ethionamide,ethA,ethA_p.Arg54Cys,1.0,1.0,3) Uncertain significance,p.R54C
Ethionamide,mshA,mshA_p.Pro30Leu,,,3) Uncertain significance,p.P30L
Ethionamide,ethA,ethA_p.Ile181Ser,,,3) Uncertain significance,p.I181S
Ethionamide,ethA,ethA_p.Ala335Asp,1.0,1.0,3) Uncertain significance,p.A335D
Ethionamide,ethA,ethA_p.Arg469Pro,,,3) Uncertain significance,p.R469P
Ethionamide,ethA,ethA_p.Lys241Thr,1.0,0.0,3) Uncertain significance,p.K241T
Ethionamide,ethA,ethA_p.Tyr369Asp,,,3) Uncertain significance,p.Y369D
Ethionamide,ethA,ethA_p.Ile212Met,1.0,0.0,3) Uncertain significance,p.I212M
Ethionamide,mshA,mshA_p.Ala421Glu,1.0,0.0,3) Uncertain significance,p.A421E
Ethionamide,ethA,ethA_p.Ala352Glu,1.0,0.0,3) Uncertain significance,p.A352E
Ethionamide,inhA,inhA_p.Phe41Ser,,,3) Uncertain significance,p.F41S
Ethionamide,ethA,ethA_p.Ala234Asp,,,3) Uncertain significance,p.A234D
Ethionamide,ethA,ethA_p.Glu400Lys,1.0,0.0,3) Uncertain significance,p.E400K
Ethionamide,ethA,ethA_p.Arg441Pro,1.0,0.0,3) Uncertain significance,p.R441P
Ethionamide,ethA,ethA_p.Pro447Ser,0.0,2.0,3) Uncertain significance,p.P447S
Ethionamide,ethA,ethA_p.Lys280Thr,1.0,0.0,3) Uncertain significance,p.K280T
Ethionamide,inhA,inhA_p.Lys233Thr,1.0,0.0,3) Uncertain significance,p.K233T
Ethionamide,ethA,ethA_p.Thr435Ile,1.0,0.0,3) Uncertain significance,p.T435I
Ethionamide,ethA,ethA_p.His166Pro,2.0,1.0,3) Uncertain significance,p.H166P
Ethionamide,ethA,ethA_p.Leu194Arg,,,3) Uncertain significance,p.L194R
Ethionamide,ethA,ethA_p.Phe133Ser,,,3) Uncertain significance,p.F133S
Ethionamide,ethA,ethA_p.Ser197Ala,2.0,0.0,3) Uncertain significance,p.S197A
Ethionamide,ethA,ethA_p.Val417Glu,1.0,0.0,3) Uncertain significance,p.V417E
Ethionamide,ethA,ethA_p.Tyr461Cys,1.0,2.0,3) Uncertain significance,p.Y461C
Ethionamide,inhA,inhA_p.Val92Met,,,3) Uncertain significance,p.V92M
Ethionamide,ethA,ethA_p.Cys403Gly,1.0,1.0,3) Uncertain significance,p.C403G
Ethionamide,ethA,ethA_p.Phe48Val,1.0,0.0,3) Uncertain significance,p.F48V
Ethionamide,ethA,ethA_p.Leu348Ile,1.0,0.0,3) Uncertain significance,p.L348I
Ethionamide,mshA,mshA_p.Ala134Val,2.0,0.0,3) Uncertain significance,p.A134V
Ethionamide,ethA,ethA_p.Lys370Thr,2.0,1.0,3) Uncertain significance,p.K370T
Ethionamide,ethA,ethA_p.Thr61Ala,1.0,0.0,3) Uncertain significance,p.T61A
Ethionamide,ethA,ethA_p.Ser329Leu,1.0,1.0,3) Uncertain significance,p.S329L
Ethionamide,ethA,ethA_p.Gly184Asp,,,3) Uncertain significance,p.G184D
Ethionamide,ethA,ethA_p.Leu344Phe,,,3) Uncertain significance,p.L344F
Ethionamide,ethA,ethA_p.Val296Met,1.0,0.0,3) Uncertain significance,p.V296M
Ethionamide,ethA,ethA_p.Leu23Pro,,,3) Uncertain significance,p.L23P
Ethionamide,ethA,ethA_p.Asp58Asn,,,3) Uncertain significance,p.D58N
Ethionamide,ethA,ethA_p.Ile161Ser,,,3) Uncertain significance,p.I161S
Ethionamide,ethA,ethA_p.Gly450Cys,,,3) Uncertain significance,p.G450C
Ethionamide,ethA,ethA_p.Met380Ile,1.0,0.0,3) Uncertain significance,p.M380I
Ethionamide,ethA,ethA_p.His119Pro,,,3) Uncertain significance,p.H119P
Ethionamide,ethA,ethA_p.Arg239Trp,,,3) Uncertain significance,p.R239W
Ethionamide,ethA,ethA_p.Ala248Pro,,,3) Uncertain significance,p.A248P
Ethionamide,ethA,ethA_p.Val402Phe,2.0,1.0,3) Uncertain significance,p.V402F
Ethionamide,ethA,ethA_p.Pro160Ser,,,3) Uncertain significance,p.P160S
Ethionamide,mshA,mshA_p.Leu389Pro,4.0,1.0,3) Uncertain significance,p.L389P
Ethionamide,ethA,ethA_p.Pro51Leu,1.0,3.0,3) Uncertain significance,p.P51L
Ethionamide,ethA,ethA_p.Gly139Ala,1.0,0.0,3) Uncertain significance,p.G139A
Ethionamide,mshA,mshA_p.Gly83Arg,1.0,0.0,3) Uncertain significance,p.G83R
Ethionamide,ethA,ethA_p.Trp289Arg,,,3) Uncertain significance,p.W289R
Ethionamide,ethA,ethA_p.Thr117Pro,0.0,1.0,3) Uncertain significance,p.T117P
Ethionamide,ethA,ethA_p.Ser183Arg,1.0,1.0,3) Uncertain significance,p.S183R
Ethionamide,ethA,ethA_p.Pro297Ser,1.0,0.0,3) Uncertain significance,p.P297S
Ethionamide,mshA,mshA_p.Lys184Thr,1.0,0.0,3) Uncertain significance,p.K184T
Ethionamide,ethA,ethA_p.Met409Thr,1.0,2.0,3) Uncertain significance,p.M409T
Ethionamide,ethA,ethA_p.Ser375Tyr,3.0,5.0,3) Uncertain significance,p.S375Y
Ethionamide,ethA,ethA_p.Phe66Leu,1.0,0.0,3) Uncertain significance,p.F66L
Ethionamide,ethA,ethA_p.Thr366Pro,,,3) Uncertain significance,p.T366P
Ethionamide,ethA,ethA_p.Trp45Leu,,,3) Uncertain significance,p.W45L
Ethionamide,ethA,ethA_p.Gly471Val,,,3) Uncertain significance,p.G471V
Ethionamide,inhA,inhA_p.Thr236Met,3.0,4.0,3) Uncertain significance,p.T236M
Ethionamide,ethA,ethA_p.Pro436Leu,2.0,0.0,3) Uncertain significance,p.P436L
Ethionamide,mshA,mshA_p.Gly106Val,2.0,1.0,3) Uncertain significance,p.G106V
Ethionamide,ethA,ethA_p.Leu348Phe,1.0,1.0,3) Uncertain significance,p.L348F
Ethionamide,mshA,mshA_p.Leu137Pro,,,3) Uncertain significance,p.L137P
Ethionamide,ethA,ethA_p.Trp240Arg,0.0,1.0,3) Uncertain significance,p.W240R
Ethionamide,ethA,ethA_p.Tyr211His,1.0,0.0,3) Uncertain significance,p.Y211H
Ethionamide,ethA,ethA_p.Pro51Arg,1.0,0.0,3) Uncertain significance,p.P51R
Ethionamide,ethA,ethA_p.Val188Ile,3.0,3.0,3) Uncertain significance,p.V188I
Ethionamide,ethA,ethA_p.Ser251Arg,1.0,1.0,3) Uncertain significance,p.S251R
Ethionamide,ethA,ethA_p.Ser214Pro,1.0,0.0,3) Uncertain significance,p.S214P
Ethionamide,ethA,ethA_p.Pro192Ser,0.0,1.0,3) Uncertain significance,p.P192S
Ethionamide,inhA,inhA_p.Ala114Thr,1.0,2.0,3) Uncertain significance,p.A114T
Ethionamide,ethA,ethA_p.Tyr286Cys,,,3) Uncertain significance,p.Y286C
Ethionamide,ethA,ethA_p.Arg469Trp,2.0,0.0,3) Uncertain significance,p.R469W
Ethionamide,ethA,ethA_p.Asp464Gly,1.0,6.0,3) Uncertain significance,p.D464G
Ethionamide,mshA,mshA_p.Val271Leu,,,3) Uncertain significance,p.V271L
Ethionamide,ethA,ethA_p.Ile356Thr,,,3) Uncertain significance,p.I356T
Ethionamide,ethA,ethA_p.Ser110Trp,,,3) Uncertain significance,p.S110W
Ethionamide,ethA,ethA_p.Cys27Tyr,0.0,1.0,3) Uncertain significance,p.C27Y
Ethionamide,ethA,ethA_p.Tyr382Asn,,,3) Uncertain significance,p.Y382N
Ethionamide,ethA,ethA_p.Trp69Arg,1.0,2.0,3) Uncertain significance,p.W69R
Ethionamide,ethA,ethA_p.Gly275Glu,,,3) Uncertain significance,p.G275E
Ethionamide,inhA,inhA_p.Met161Val,,,3) Uncertain significance,p.M161V
Ethionamide,ethA,ethA_p.Asp58Ala,1.0,1.0,3) Uncertain significance,p.D58A
Ethionamide,ethA,ethA_p.Ala112Gly,1.0,1.0,3) Uncertain significance,p.A112G
Ethionamide,ethA,ethA_p.Thr2Ala,0.0,1.0,3) Uncertain significance,p.T2A
Ethionamide,ethA,ethA_p.Leu35Pro,1.0,0.0,3) Uncertain significance,p.L35P
Ethionamide,ethA,ethA_p.Ser266Arg,29.0,66.0,4) Not assoc w R - Interim,p.S266R
Ethionamide,mshA,mshA_p.Arg443His,3.0,2.0,3) Uncertain significance,p.R443H
Ethionamide,inhA,inhA_p.Thr162Met,0.0,1.0,3) Uncertain significance,p.T162M
Ethionamide,ethA,ethA_p.Pro230Leu,4.0,8.0,3) Uncertain significance,p.P230L
Ethionamide,mshA,mshA_p.Gly292Arg,1.0,3.0,3) Uncertain significance,p.G292R
Ethionamide,ethA,ethA_p.Trp455Arg,1.0,0.0,3) Uncertain significance,p.W455R
Ethionamide,ethA,ethA_p.Arg207His,2.0,0.0,3) Uncertain significance,p.R207H
Ethionamide,ethA,ethA_p.Phe302Val,0.0,3.0,3) Uncertain significance,p.F302V
Ethionamide,mshA,mshA_p.Pro249Ala,0.0,3.0,3) Uncertain significance,p.P249A
Ethionamide,ethA,ethA_p.Ala199Val,,,3) Uncertain significance,p.A199V
Ethionamide,ethA,ethA_p.Ile9Thr,1.0,0.0,3) Uncertain significance,p.I9T
Ethionamide,ethA,ethA_p.Gly78Ser,1.0,2.0,3) Uncertain significance,p.G78S
Ethionamide,mshA,mshA_p.Met417Val,,,3) Uncertain significance,p.M417V
Ethionamide,ethA,ethA_p.Thr453Arg,,,3) Uncertain significance,p.T453R
Ethionamide,mshA,mshA_p.Pro469Leu,,,3) Uncertain significance,p.P469L
Ethionamide,ethA,ethA_p.Ala185Gly,0.0,1.0,3) Uncertain significance,p.A185G
Ethionamide,ethA,ethA_p.Pro273Ser,0.0,1.0,3) Uncertain significance,p.P273S
Ethionamide,ethA,ethA_p.Asp336Glu,,,3) Uncertain significance,p.D336E
Ethionamide,ethA,ethA_p.Asp196Asn,0.0,1.0,3) Uncertain significance,p.D196N
Ethionamide,ethA,ethA_p.Gly63Val,,,3) Uncertain significance,p.G63V
Ethionamide,ethA,ethA_p.Lys394Thr,,,3) Uncertain significance,p.K394T
Ethionamide,ethA,ethA_p.Asp415Gly,0.0,1.0,3) Uncertain significance,p.D415G
Ethionamide,ethA,ethA_p.His281Gln,0.0,1.0,3) Uncertain significance,p.H281Q
Ethionamide,ethA,ethA_p.Val419Ile,0.0,1.0,3) Uncertain significance,p.V419I
Ethionamide,ethA,ethA_p.Trp391Arg,,,3) Uncertain significance,p.W391R
Ethionamide,ethA,ethA_p.Ala222Val,,,3) Uncertain significance,p.A222V
Ethionamide,ethA,ethA_p.Gly324Ala,,,3) Uncertain significance,p.G324A
Ethionamide,ethA,ethA_p.Asp196Glu,,,3) Uncertain significance,p.D196E
Ethionamide,inhA,inhA_p.Gly76Asp,0.0,1.0,3) Uncertain significance,p.G76D
Ethionamide,mshA,mshA_p.Gly411Arg,,,3) Uncertain significance,p.G411R
Ethionamide,ethA,ethA_p.Gly477Asp,0.0,1.0,3) Uncertain significance,p.G477D
Ethionamide,ethA,ethA_p.Phe264Leu,0.0,1.0,3) Uncertain significance,p.F264L
Ethionamide,ethA,ethA_p.Arg245His,0.0,1.0,3) Uncertain significance,p.R245H
Ethionamide,ethA,ethA_p.Phe64Ser,,,3) Uncertain significance,p.F64S
Ethionamide,mshA,mshA_p.Leu377His,,,3) Uncertain significance,p.L377H
Ethionamide,mshA,mshA_p.Ser31Phe,,,3) Uncertain significance,p.S31F
Ethionamide,ethA,ethA_p.Arg218Trp,,,3) Uncertain significance,p.R218W
Ethionamide,mshA,mshA_p.Arg168Cys,,,3) Uncertain significance,p.R168C
Ethionamide,mshA,mshA_p.Trp169Cys,,,3) Uncertain significance,p.W169C
Ethionamide,mshA,mshA_p.Asp42Tyr,,,3) Uncertain significance,p.D42Y
Ethionamide,mshA,mshA_p.Leu408Ser,,,3) Uncertain significance,p.L408S
Ethionamide,ethA,ethA_p.Val489Phe,,,3) Uncertain significance,p.V489F
Ethionamide,ethA,ethA_p.Ala481Thr,,,3) Uncertain significance,p.A481T
Ethionamide,mshA,mshA_p.Ala342Val,,,3) Uncertain significance,p.A342V
Ethionamide,mshA,mshA_p.Gly384Val,,,3) Uncertain significance,p.G384V
Ethionamide,ethA,ethA_p.Asp410His,,,3) Uncertain significance,p.D410H
Ethionamide,mshA,mshA_p.Gly396Ala,,,3) Uncertain significance,p.G396A
Ethionamide,inhA,inhA_p.Gly212Ser,,,3) Uncertain significance,p.G212S
Ethionamide,ethA,ethA_p.Ser18Arg,0.0,1.0,3) Uncertain significance,p.S18R
Ethionamide,ethA,ethA_p.Pro436Ala,0.0,1.0,3) Uncertain significance,p.P436A
Ethionamide,mshA,mshA_p.Ile402Thr,,,3) Uncertain significance,p.I402T
Ethionamide,ethA,ethA_p.Lys200Arg,,,3) Uncertain significance,p.K200R
Ethionamide,ethA,ethA_p.Leu393Arg,,,3) Uncertain significance,p.L393R
Ethionamide,ethA,ethA_p.Ile34Met,,,3) Uncertain significance,p.I34M
Ethionamide,ethA,ethA_p.Ala354Gly,,,3) Uncertain significance,p.A354G
Ethionamide,mshA,mshA_p.Val346Ala,,,3) Uncertain significance,p.V346A
Ethionamide,ethA,ethA_p.Asp144Gly,,,3) Uncertain significance,p.D144G
Ethionamide,ethA,ethA_p.Ala175Thr,,,3) Uncertain significance,p.A175T
Ethionamide,ethA,ethA_p.Arg72Trp,0.0,1.0,3) Uncertain significance,p.R72W
Ethionamide,inhA,inhA_p.Ala190Ser,,,3) Uncertain significance,p.A190S
Ethionamide,ethA,ethA_p.Phe64Leu,0.0,1.0,3) Uncertain significance,p.F64L
Ethionamide,ethA,ethA_p.Arg441His,,,3) Uncertain significance,p.R441H
Ethionamide,mshA,mshA_p.Arg455Leu,,,3) Uncertain significance,p.R455L
Ethionamide,ethA,ethA_p.Leu405Ser,,,3) Uncertain significance,p.L405S
Ethionamide,mshA,mshA_p.Gly479Asp,,,3) Uncertain significance,p.G479D
Ethionamide,ethA,ethA_p.Gly324Arg,,,3) Uncertain significance,p.G324R
Ethionamide,ethA,ethA_p.Gly423Val,,,3) Uncertain significance,p.G423V
Ethionamide,inhA,inhA_p.Ala201Thr,0.0,1.0,3) Uncertain significance,p.A201T
Ethionamide,ethA,ethA_p.Val249Ala,,,3) Uncertain significance,p.V249A
Ethionamide,mshA,mshA_p.Gly260Arg,,,3) Uncertain significance,p.G260R
Ethionamide,ethA,ethA_p.Ala12Val,,,3) Uncertain significance,p.A12V
Ethionamide,ethA,ethA_p.Asp219Glu,0.0,1.0,3) Uncertain significance,p.D219E
Ethionamide,mshA,mshA_p.Ala347Val,,,3) Uncertain significance,p.A347V
Ethionamide,mshA,mshA_p.Tyr351His,,,3) Uncertain significance,p.Y351H
Ethionamide,ethA,ethA_p.Pro378Ser,,,3) Uncertain significance,p.P378S
Ethionamide,ethA,ethA_p.Pro454Thr,,,3) Uncertain significance,p.P454T
Ethionamide,ethA,ethA_p.Ala74Val,,,3) Uncertain significance,p.A74V
Ethionamide,mshA,mshA_p.Ser95Pro,,,3) Uncertain significance,p.S95P
Ethionamide,ethA,ethA_p.Trp45Gly,,,3) Uncertain significance,p.W45G
Ethionamide,ethA,ethA_p.Val384Ala,0.0,1.0,3) Uncertain significance,p.V384A
Ethionamide,ethA,ethA_p.Met409Ile,0.0,1.0,3) Uncertain significance,p.M409I
Ethionamide,ethA,ethA_p.Met233Val,,,3) Uncertain significance,p.M233V
Ethionamide,ethA,ethA_p.Tyr250Asn,,,3) Uncertain significance,p.Y250N
Ethionamide,ethA,ethA_p.Ile178Ser,,,3) Uncertain significance,p.I178S
Ethionamide,ethA,ethA_p.Gly471Arg,0.0,1.0,3) Uncertain significance,p.G471R
Ethionamide,ethA,ethA_p.Ala74Pro,,,3) Uncertain significance,p.A74P
Ethionamide,mshA,mshA_p.Arg81Gly,,,3) Uncertain significance,p.R81G
Ethionamide,ethA,ethA_p.Thr453Ile,0.0,1.0,3) Uncertain significance,p.T453I
Ethionamide,ethA,ethA_p.Met233Ile,0.0,1.0,3) Uncertain significance,p.M233I
Ethionamide,ethA,ethA_p.Ile325Asn,0.0,1.0,3) Uncertain significance,p.I325N
Ethionamide,ethA,ethA_p.Ile178Val,,,3) Uncertain significance,p.I178V
Ethionamide,inhA,inhA_p.Asn231Lys,,,3) Uncertain significance,p.N231K
Ethionamide,ethA,ethA_p.Gly52Arg,0.0,1.0,3) Uncertain significance,p.G52R
Ethionamide,mshA,mshA_p.Gly479Ser,,,3) Uncertain significance,p.G479S
Ethionamide,mshA,mshA_p.Ser308Leu,0.0,1.0,3) Uncertain significance,p.S308L
Ethionamide,mshA,mshA_p.Asp64Asn,,,3) Uncertain significance,p.D64N
Ethionamide,mshA,mshA_p.Leu12Trp,0.0,1.0,3) Uncertain significance,p.L12W
Ethionamide,mshA,mshA_p.Val293Trp,,,3) Uncertain significance,p.V293W
Ethionamide,ethA,ethA_p.Gly52Glu,0.0,1.0,3) Uncertain significance,p.G52E
Ethionamide,ethA,ethA_p.Gly43Arg,0.0,1.0,3) Uncertain significance,p.G43R
Ethionamide,ethA,ethA_p.Leu344Ser,,,3) Uncertain significance,p.L344S
Ethionamide,mshA,mshA_p.Ala76Ser,,,3) Uncertain significance,p.A76S
Ethionamide,inhA,inhA_p.Glu80Ala,,,3) Uncertain significance,p.E80A
Ethionamide,inhA,inhA_p.Ala235Val,,,3) Uncertain significance,p.A235V
Ethionamide,ethA,ethA_p.Asn298Thr,,,3) Uncertain significance,p.N298T
Ethionamide,ethA,ethA_p.Ala20Pro,,,3) Uncertain significance,p.A20P
Ethionamide,ethA,ethA_p.Ser15Cys,,,3) Uncertain significance,p.S15C
Ethionamide,ethA,ethA_p.Glu113Gln,,,3) Uncertain significance,p.E113Q
Ethionamide,ethA,ethA_p.Ile98Val,,,3) Uncertain significance,p.I98V
Ethionamide,inhA,inhA_p.Gly221Ser,,,3) Uncertain significance,p.G221S
Ethionamide,ethA,ethA_p.His4Asn,0.0,1.0,3) Uncertain significance,p.H4N
Ethionamide,ethA,ethA_p.Gln360Arg,0.0,1.0,3) Uncertain significance,p.Q360R
Ethionamide,ethA,ethA_p.Ile162Ser,0.0,1.0,3) Uncertain significance,p.I162S
Ethionamide,mshA,mshA_p.Arg253Leu,,,3) Uncertain significance,p.R253L
Ethionamide,ethA,ethA_p.Gly93Arg,0.0,1.0,3) Uncertain significance,p.G93R
Ethionamide,mshA,mshA_p.Thr388Ala,,,3) Uncertain significance,p.T388A
Ethionamide,ethA,ethA_p.Val7Ala,0.0,1.0,3) Uncertain significance,p.V7A
Ethionamide,mshA,mshA_p.Asp167Ala,,,3) Uncertain significance,p.D167A
Ethionamide,ethA,ethA_p.Leu301Arg,0.0,1.0,3) Uncertain significance,p.L301R
Ethionamide,mshA,mshA_p.Met72Thr,,,3) Uncertain significance,p.M72T
Ethionamide,ethA,ethA_p.Asn298His,,,3) Uncertain significance,p.N298H
Ethionamide,inhA,inhA_p.Gly76Ser,,,3) Uncertain significance,p.G76S
Ethionamide,mshA,mshA_p.Ser10Leu,0.0,1.0,3) Uncertain significance,p.S10L
Ethionamide,inhA,inhA_p.Val91Ala,,,3) Uncertain significance,p.V91A
Ethionamide,mshA,mshA_p.Glu220Asp,,,3) Uncertain significance,p.E220D
Ethionamide,ethA,ethA_p.Arg441Leu,,,3) Uncertain significance,p.R441L
Ethionamide,ethA,ethA_p.Trp69Ser,,,3) Uncertain significance,p.W69S
Ethionamide,ethA,ethA_p.Pro160Thr,,,3) Uncertain significance,p.P160T
Ethionamide,ethA,ethA_p.Ile338Leu,0.0,1.0,3) Uncertain significance,p.I338L
Ethionamide,ethA,ethA_p.Ile339Ser,,,3) Uncertain significance,p.I339S
Ethionamide,inhA,inhA_p.Val203Ala,,,3) Uncertain significance,p.V203A
Ethionamide,inhA,inhA_p.Arg27Trp,0.0,1.0,3) Uncertain significance,p.R27W
Ethionamide,ethA,ethA_p.Phe282Ser,0.0,1.0,3) Uncertain significance,p.F282S
Ethionamide,ethA,ethA_p.Glu83Gly,0.0,1.0,3) Uncertain significance,p.E83G
Ethionamide,ethA,ethA_p.Ala112Val,,,3) Uncertain significance,p.A112V
Ethionamide,ethA,ethA_p.Arg292Gln,0.0,1.0,3) Uncertain significance,p.R292Q
Ethionamide,ethA,ethA_p.His119Arg,0.0,1.0,3) Uncertain significance,p.H119R
Ethionamide,ethA,ethA_p.Ile377Lys,0.0,1.0,3) Uncertain significance,p.I377K
Ethionamide,mshA,mshA_p.Gly446Ser,,,3) Uncertain significance,p.G446S
Ethionamide,mshA,mshA_p.Arg324Trp,,,3) Uncertain significance,p.R324W
Ethionamide,ethA,ethA_p.Ser55Cys,0.0,2.0,3) Uncertain significance,p.S55C
Ethionamide,ethA,ethA_p.Ser110Pro,,,3) Uncertain significance,p.S110P
Ethionamide,mshA,mshA_p.Pro474Leu,0.0,1.0,3) Uncertain significance,p.P474L
Ethionamide,mshA,mshA_p.Gly11Arg,,,3) Uncertain significance,p.G11R
Ethionamide,mshA,mshA_p.Asp121Gly,,,3) Uncertain significance,p.D121G
Ethionamide,ethA,ethA_p.Phe431Ser,0.0,1.0,3) Uncertain significance,p.F431S
Ethionamide,mshA,mshA_p.Asp190Asn,0.0,1.0,3) Uncertain significance,p.D190N
Ethionamide,ethA,ethA_p.Gly350Val,,,3) Uncertain significance,p.G350V
Ethionamide,ethA,ethA_p.Trp256Gly,,,3) Uncertain significance,p.W256G
Ethionamide,mshA,mshA_p.Arg45Leu,,,3) Uncertain significance,p.R45L
Ethionamide,ethA,ethA_p.Asp46Asn,,,3) Uncertain significance,p.D46N
Ethionamide,ethA,ethA_p.Ala90Thr,,,3) Uncertain significance,p.A90T
Ethionamide,ethA,ethA_p.Ala248Asp,,,3) Uncertain significance,p.A248D
Ethionamide,inhA,inhA_p.Asp248Asn,,,3) Uncertain significance,p.D248N
Ethionamide,ethA,ethA_p.Tyr60Ser,0.0,1.0,3) Uncertain significance,p.Y60S
Ethionamide,mshA,mshA_p.Asp281Gly,,,3) Uncertain significance,p.D281G
Ethionamide,ethA,ethA_p.Val310Ile,,,3) Uncertain significance,p.V310I
Ethionamide,ethA,ethA_p.Glu476Gln,0.0,1.0,3) Uncertain significance,p.E476Q
Ethionamide,ethA,ethA_p.Arg227Pro,0.0,1.0,3) Uncertain significance,p.R227P
Ethionamide,ethA,ethA_p.Leu374Phe,,,3) Uncertain significance,p.L374F
Ethionamide,mshA,mshA_p.Arg294Cys,,,3) Uncertain significance,p.R294C
Ethionamide,ethA,ethA_p.Gly198Ser,,,3) Uncertain significance,p.G198S
Ethionamide,mshA,mshA_p.Glu85Ala,,,3) Uncertain significance,p.E85A
Ethionamide,ethA,ethA_p.Arg466Trp,,,3) Uncertain significance,p.R466W
Ethionamide,inhA,inhA_p.Tyr182His,,,3) Uncertain significance,p.Y182H
Ethionamide,ethA,ethA_p.Arg270His,,,3) Uncertain significance,p.R270H
Ethionamide,mshA,mshA_p.Arg413Trp,0.0,2.0,3) Uncertain significance,p.R413W
Ethionamide,ethA,ethA_p.Trp116Ser,,,3) Uncertain significance,p.W116S
Ethionamide,ethA,ethA_p.Ala107Ser,0.0,1.0,3) Uncertain significance,p.A107S
Ethionamide,ethA,ethA_p.Thr453Ser,,,3) Uncertain significance,p.T453S
Ethionamide,ethA,ethA_p.Val213Gly,,,3) Uncertain significance,p.V213G
Ethionamide,ethA,ethA_p.Leu205Arg,,,3) Uncertain significance,p.L205R
Ethionamide,mshA,mshA_p.Glu118Lys,,,3) Uncertain significance,p.E118K
Ethionamide,ethA,ethA_p.Tyr92Cys,0.0,1.0,3) Uncertain significance,p.Y92C
Ethionamide,ethA,ethA_p.Thr392Met,,,3) Uncertain significance,p.T392M
Ethionamide,ethA,ethA_p.Val426Phe,,,3) Uncertain significance,p.V426F
Ethionamide,ethA,ethA_p.Val179Gly,,,3) Uncertain significance,p.V179G
Ethionamide,ethA,ethA_p.Val238Ile,,,3) Uncertain significance,p.V238I
Ethionamide,ethA,ethA_p.Tyr92His,,,3) Uncertain significance,p.Y92H
Ethionamide,mshA,mshA_p.His404Asn,,,3) Uncertain significance,p.H404N
Ethionamide,ethA,ethA_p.Ile338Met,,,3) Uncertain significance,p.I338M
Ethionamide,ethA,ethA_p.His307Gln,,,3) Uncertain significance,p.H307Q
Ethionamide,ethA,ethA_p.Ser424Leu,0.0,1.0,3) Uncertain significance,p.S424L
Ethionamide,ethA,ethA_p.Ala389Asp,,,3) Uncertain significance,p.A389D
Ethionamide,mshA,mshA_p.Gly305Asp,,,3) Uncertain significance,p.G305D
Ethionamide,mshA,mshA_p.Asp403Gly,,,3) Uncertain significance,p.D403G
Ethionamide,ethA,ethA_p.His22Tyr,,,3) Uncertain significance,p.H22Y
Ethionamide,mshA,mshA_p.Ile84Leu,,,3) Uncertain significance,p.I84L
Ethionamide,ethA,ethA_p.Thr353Met,,,3) Uncertain significance,p.T353M
Ethionamide,ethA,ethA_p.Phe282Leu,0.0,1.0,3) Uncertain significance,p.F282L
Ethionamide,ethA,ethA_p.Gly78Asp,,,3) Uncertain significance,p.G78D
Ethionamide,ethA,ethA_p.Gln165Arg,0.0,1.0,3) Uncertain significance,p.Q165R
Ethionamide,mshA,mshA_p.Pro105Ser,,,3) Uncertain significance,p.P105S
Ethionamide,mshA,mshA_p.Pro249Leu,,,3) Uncertain significance,p.P249L
Ethionamide,ethA,ethA_p.Gln271His,,,3) Uncertain significance,p.Q271H
Ethionamide,ethA,ethA_p.Ser15Pro,0.0,1.0,3) Uncertain significance,p.S15P
Ethionamide,ethA,ethA_p.Ala395Asp,0.0,1.0,3) Uncertain significance,p.A395D
Ethionamide,ethA,ethA_p.Gly350Cys,0.0,1.0,3) Uncertain significance,p.G350C
Ethionamide,ethA,ethA_p.Pro68Leu,,,3) Uncertain significance,p.P68L
Ethionamide,ethA,ethA_p.Asp357Tyr,1.0,1.0,3) Uncertain significance,p.D357Y
Ethionamide,ethA,ethA_p.Ala33Pro,0.0,1.0,3) Uncertain significance,p.A33P
Ethionamide,ethA,ethA_p.Met373Thr,,,3) Uncertain significance,p.M373T
Ethionamide,ethA,ethA_p.Pro51Ser,0.0,2.0,3) Uncertain significance,p.P51S
Ethionamide,mshA,mshA_p.Arg26His,,,3) Uncertain significance,p.R26H
Ethionamide,ethA,ethA_p.Ile120Asn,,,3) Uncertain significance,p.I120N
Ethionamide,ethA,ethA_p.Glu311Asp,,,3) Uncertain significance,p.E311D
Ethionamide,ethA,ethA_p.Ala152Val,,,3) Uncertain significance,p.A152V
Ethionamide,ethA,ethA_p.Gly343Ala,0.0,2.0,3) Uncertain significance,p.G343A
Ethionamide,mshA,mshA_p.Ala189Val,0.0,2.0,3) Uncertain significance,p.A189V
Ethionamide,mshA,mshA_p.Leu188Val,1.0,0.0,3) Uncertain significance,p.L188V
Ethionamide,mshA,mshA_p.Ala337Thr,,,3) Uncertain significance,p.A337T
Ethionamide,ethA,ethA_p.Leu82Arg,,,3) Uncertain significance,p.L82R
Ethionamide,ethA,ethA_p.Ile120Val,,,3) Uncertain significance,p.I120V
Ethionamide,ethA,ethA_p.Gly351Val,,,3) Uncertain significance,p.G351V
Ethionamide,ethA,ethA_p.Trp69Leu,0.0,1.0,3) Uncertain significance,p.W69L
Ethionamide,ethA,ethA_p.Met373Val,0.0,1.0,3) Uncertain significance,p.M373V
Ethionamide,ethA,ethA_p.Phe414Leu,0.0,1.0,3) Uncertain significance,p.F414L
Ethionamide,mshA,mshA_p.Gly477Arg,,,3) Uncertain significance,p.G477R
Ethionamide,ethA,ethA_p.Leu393Val,,,3) Uncertain significance,p.L393V
Ethionamide,mshA,mshA_p.Ala343Val,0.0,2.0,3) Uncertain significance,p.A343V
Ethionamide,ethA,ethA_p.Ile161Thr,0.0,1.0,3) Uncertain significance,p.I161T
Ethionamide,ethA,ethA_p.Tyr50His,,,3) Uncertain significance,p.Y50H
Ethionamide,ethA,ethA_p.Gln449Pro,0.0,1.0,3) Uncertain significance,p.Q449P
Ethionamide,mshA,mshA_p.Ile296Ser,0.0,1.0,3) Uncertain significance,p.I296S
Ethionamide,ethA,ethA_p.Pro288Arg,,,3) Uncertain significance,p.P288R
Ethionamide,ethA,ethA_p.Leu171Phe,,,3) Uncertain significance,p.L171F
Ethionamide,ethA,ethA_p.Asp58His,0.0,1.0,3) Uncertain significance,p.D58H
Ethionamide,mshA,mshA_p.Val416Met,,,3) Uncertain significance,p.V416M
Ethionamide,mshA,mshA_p.Leu290Phe,0.0,1.0,3) Uncertain significance,p.L290F
Ethionamide,ethA,ethA_p.Gly184Val,0.0,1.0,3) Uncertain significance,p.G184V
Ethionamide,ethA,ethA_p.Arg239Gly,0.0,1.0,3) Uncertain significance,p.R239G
Ethionamide,ethA,ethA_p.Arg54His,0.0,1.0,3) Uncertain significance,p.R54H
Ethionamide,ethA,ethA_p.Phe64Cys,0.0,1.0,3) Uncertain significance,p.F64C
Ethionamide,ethA,ethA_p.Thr365Met,,,3) Uncertain significance,p.T365M
Ethionamide,ethA,ethA_p.Arg38Trp,0.0,1.0,3) Uncertain significance,p.R38W
Ethionamide,ethA,ethA_p.Thr232Ala,,,3) Uncertain significance,p.T232A
Ethionamide,ethA,ethA_p.Ser40Pro,0.0,2.0,3) Uncertain significance,p.S40P
Ethionamide,ethA,ethA_p.Val398Leu,0.0,1.0,3) Uncertain significance,p.V398L
Ethionamide,inhA,inhA_p.Met130Val,0.0,1.0,3) Uncertain significance,p.M130V
Ethionamide,ethA,ethA_p.Trp167Cys,,,3) Uncertain significance,p.W167C
Ethionamide,mshA,mshA_p.His471Arg,,,3) Uncertain significance,p.H471R
Ethionamide,mshA,mshA_p.Pro33Ser,,,3) Uncertain significance,p.P33S
Ethionamide,ethA,ethA_p.Leu333Pro,,,3) Uncertain significance,p.L333P
Ethionamide,ethA,ethA_p.Phe320Ser,0.0,1.0,3) Uncertain significance,p.F320S
Ethionamide,ethA,ethA_p.Ile161Val,,,3) Uncertain significance,p.I161V
Ethionamide,ethA,ethA_p.Arg67His,0.0,2.0,3) Uncertain significance,p.R67H
Ethionamide,ethA,ethA_p.Asn379Ser,,,3) Uncertain significance,p.N379S
Ethionamide,mshA,mshA_p.Leu198Arg,,,3) Uncertain significance,p.L198R
Ethionamide,mshA,mshA_p.Ala24Val,,,3) Uncertain significance,p.A24V
Ethionamide,mshA,mshA_p.Asp218Glu,,,3) Uncertain significance,p.D218E
Ethionamide,ethA,ethA_p.Tyr211Asp,,,3) Uncertain significance,p.Y211D
Ethionamide,ethA,ethA_p.Tyr141Cys,0.0,1.0,3) Uncertain significance,p.Y141C
Ethionamide,inhA,inhA_p.Asp89Asn,,,3) Uncertain significance,p.D89N
Ethionamide,ethA,ethA_p.Thr392Ala,,,3) Uncertain significance,p.T392A
Ethionamide,inhA,inhA_p.Asp52Gly,,,3) Uncertain significance,p.D52G
Ethionamide,ethA,ethA_p.Met372Thr,0.0,1.0,3) Uncertain significance,p.M372T
Ethionamide,inhA,inhA_p.Ala84Thr,,,3) Uncertain significance,p.A84T
Ethionamide,mshA,mshA_p.Val478Ala,0.0,1.0,3) Uncertain significance,p.V478A
Ethionamide,ethA,ethA_p.Met41Ile,0.0,3.0,3) Uncertain significance,p.M41I
Ethionamide,ethA,ethA_p.His285Pro,,,3) Uncertain significance,p.H285P
Ethionamide,ethA,ethA_p.Gln165Glu,0.0,1.0,3) Uncertain significance,p.Q165E
Ethionamide,ethA,ethA_p.Met59Thr,,,3) Uncertain significance,p.M59T
Ethionamide,ethA,ethA_p.Tyr461Asp,0.0,3.0,3) Uncertain significance,p.Y461D
Ethionamide,mshA,mshA_p.Asp124Asn,,,3) Uncertain significance,p.D124N
Ethionamide,mshA,mshA_p.Arg324Gln,,,3) Uncertain significance,p.R324Q
Ethionamide,ethA,ethA_p.Asp219Gly,0.0,1.0,3) Uncertain significance,p.D219G
Ethionamide,ethA,ethA_p.Arg326Gln,0.0,2.0,3) Uncertain significance,p.R326Q
Ethionamide,ethA,ethA_p.Thr125Met,,,3) Uncertain significance,p.T125M
Ethionamide,mshA,mshA_p.Leu306Arg,,,3) Uncertain significance,p.L306R
Ethionamide,inhA,inhA_p.Gly83Arg,0.0,3.0,3) Uncertain significance,p.G83R
Ethionamide,mshA,mshA_p.Asn37Asp,,,3) Uncertain significance,p.N37D
Ethionamide,mshA,mshA_p.Thr334Ala,,,3) Uncertain significance,p.T334A
Ethionamide,ethA,ethA_p.Tyr60Asn,,,3) Uncertain significance,p.Y60N
Ethionamide,mshA,mshA_p.Ser352His,,,3) Uncertain significance,p.S352H
Ethionamide,mshA,mshA_p.Val325Met,0.0,2.0,3) Uncertain significance,p.V325M
Ethionamide,inhA,inhA_p.Ala133Thr,0.0,2.0,3) Uncertain significance,p.A133T
Ethionamide,ethA,ethA_p.Leu440Pro,2.0,11.0,3) Uncertain significance,p.L440P
Ethionamide,ethA,ethA_p.Glu433Asp,,,3) Uncertain significance,p.E433D
Ethionamide,ethA,ethA_p.Gly42Asp,0.0,1.0,3) Uncertain significance,p.G42D
Ethionamide,mshA,mshA_p.Ala399Thr,0.0,1.0,3) Uncertain significance,p.A399T
Ethionamide,ethA,ethA_p.Leu5Phe,,,3) Uncertain significance,p.L5F
Ethionamide,ethA,ethA_p.Ser183Gly,0.0,2.0,3) Uncertain significance,p.S183G
Ethionamide,mshA,mshA_p.Arg26Cys,0.0,1.0,3) Uncertain significance,p.R26C
Ethionamide,ethA,ethA_p.Arg115Cys,0.0,1.0,3) Uncertain significance,p.R115C
Ethionamide,ethA,ethA_p.Thr342Met,0.0,1.0,3) Uncertain significance,p.T342M
Ethionamide,ethA,ethA_p.Asn379Thr,0.0,1.0,3) Uncertain significance,p.N379T
Ethionamide,ethA,ethA_p.Gly488Val,,,3) Uncertain significance,p.G488V
Ethionamide,ethA,ethA_p.Met204Arg,0.0,1.0,3) Uncertain significance,p.M204R
Ethionamide,ethA,ethA_p.Leu62Ile,,,3) Uncertain significance,p.L62I
Ethionamide,ethA,ethA_p.Phe151Leu,,,3) Uncertain significance,p.F151L
Ethionamide,ethA,ethA_p.Leu126Phe,0.0,1.0,3) Uncertain significance,p.L126F
Ethionamide,mshA,mshA_p.Val4Met,0.0,2.0,3) Uncertain significance,p.V4M
Ethionamide,mshA,mshA_p.Pro249Ser,,,3) Uncertain significance,p.P249S
Ethionamide,mshA,mshA_p.Ala177Thr,,,3) Uncertain significance,p.A177T
Ethionamide,mshA,mshA_p.Asn111Ser,61.0,175.0,3) Uncertain significance,p.N111S
Ethionamide,inhA,inhA_p.Ala235Thr,0.0,1.0,3) Uncertain significance,p.A235T
Ethionamide,ethA,ethA_p.Gly308Trp,,,3) Uncertain significance,p.G308W
Ethionamide,mshA,mshA_p.Arg413Gln,0.0,2.0,3) Uncertain significance,p.R413Q
Ethionamide,ethA,ethA_p.Leu272Pro,0.0,6.0,3) Uncertain significance,p.L272P
Ethionamide,ethA,ethA_p.Leu301Pro,0.0,6.0,3) Uncertain significance,p.L301P
Ethionamide,mshA,mshA_p.Ala364Val,,,3) Uncertain significance,p.A364V
Ethionamide,mshA,mshA_p.Ala48Val,,,3) Uncertain significance,p.A48V
Ethionamide,ethA,ethA_p.Arg470Ser,,,3) Uncertain significance,p.R470S
Ethionamide,ethA,ethA_p.Glu3Gly,0.0,1.0,3) Uncertain significance,p.E3G
Ethionamide,ethA,ethA_p.Thr210Asn,,,3) Uncertain significance,p.T210N
Ethionamide,ethA,ethA_p.Tyr386Cys,,,3) Uncertain significance,p.Y386C
Ethionamide,ethA,ethA_p.Leu62Gln,,,3) Uncertain significance,p.L62Q
Ethionamide,mshA,mshA_p.His53Pro,0.0,1.0,3) Uncertain significance,p.H53P
Ethionamide,ethA,ethA_p.Gly413Asp,,,3) Uncertain significance,p.G413D
Ethionamide,ethA,ethA_p.Trp116Cys,,,3) Uncertain significance,p.W116C
Ethionamide,ethA,ethA_p.Val85Gly,0.0,1.0,3) Uncertain significance,p.V85G
Ethionamide,mshA,mshA_p.Gln205Ser,,,3) Uncertain significance,p.Q205S
Ethionamide,ethA,ethA_p.Asn242Thr,,,3) Uncertain significance,p.N242T
Ethionamide,ethA,ethA_p.Gly42Ser,,,3) Uncertain significance,p.G42S
Ethionamide,inhA,inhA_p.Ile21Met,0.0,1.0,3) Uncertain significance,p.I21M
Ethionamide,inhA,inhA_p.Ile95Leu,,,3) Uncertain significance,p.I95L
Ethionamide,inhA,inhA_p.Val171Ile,,,3) Uncertain significance,p.V171I
Ethionamide,inhA,inhA_p.Thr162Ser,,,3) Uncertain significance,p.T162S
Ethionamide,mshA,mshA_p.Tyr155Ser,0.0,1.0,3) Uncertain significance,p.Y155S
Ethionamide,ethA,ethA_p.Gly385Asp,0.0,4.0,3) Uncertain significance,p.G385D
Ethionamide,ethA,ethA_p.Asp144Asn,0.0,4.0,3) Uncertain significance,p.D144N
Ethionamide,ethA,ethA_p.Ala33Gly,2.0,5.0,3) Uncertain significance,p.A33G
Ethionamide,ethA,ethA_p.Leu443Pro,0.0,1.0,3) Uncertain significance,p.L443P
Ethionamide,ethA,ethA_p.His22Asp,0.0,2.0,3) Uncertain significance,p.H22D
Ethionamide,ethA,ethA_p.Tyr147Cys,0.0,1.0,3) Uncertain significance,p.Y147C
Ethionamide,ethA,ethA_p.Gly450Asp,0.0,1.0,3) Uncertain significance,p.G450D
Ethionamide,ethA,ethA_p.Met263Thr,,,3) Uncertain significance,p.M263T
Ethionamide,inhA,inhA_p.Ile228Val,0.0,2.0,3) Uncertain significance,p.I228V
Ethionamide,inhA,inhA_p.Glu209Gly,,,3) Uncertain significance,p.E209G
Ethionamide,ethA,ethA_p.Leu225His,,,3) Uncertain significance,p.L225H
Ethionamide,ethA,ethA_p.Gly139Asp,0.0,2.0,3) Uncertain significance,p.G139D
Ethionamide,ethA,ethA_p.Ile337Val,,,3) Uncertain significance,p.I337V
Ethionamide,inhA,inhA_p.Val78Ala,,,3) Uncertain significance,p.V78A
Ethionamide,ethA,ethA_p.Ala74Glu,,,3) Uncertain significance,p.A74E
Ethionamide,mshA,mshA_p.Glu458Gln,0.0,4.0,3) Uncertain significance,p.E458Q
Ethionamide,inhA,inhA_p.Gln35Arg,0.0,1.0,3) Uncertain significance,p.Q35R
Ethionamide,inhA,inhA_p.Ala22Ser,0.0,1.0,3) Uncertain significance,p.A22S
Ethionamide,ethA,ethA_p.Leu129Pro,0.0,1.0,3) Uncertain significance,p.L129P
Ethionamide,ethA,ethA_p.Ser329Pro,,,3) Uncertain significance,p.S329P
Ethionamide,ethA,ethA_p.His22Pro,0.0,4.0,3) Uncertain significance,p.H22P
Ethionamide,ethA,ethA_p.Gly371Cys,0.0,2.0,3) Uncertain significance,p.G371C
Ethionamide,inhA,inhA_p.Thr2Pro,0.0,1.0,3) Uncertain significance,p.T2P
Ethionamide,mshA,mshA_p.Asp236Gly,,,3) Uncertain significance,p.D236G
Ethionamide,mshA,mshA_p.Pro56Thr,,,3) Uncertain significance,p.P56T
Ethionamide,ethA,ethA_p.Gly43Cys,0.0,2.0,3) Uncertain significance,p.G43C
Ethionamide,ethA,ethA_p.Pro447Thr,0.0,2.0,3) Uncertain significance,p.P447T
Ethionamide,ethA,ethA_p.Ser375Pro,0.0,3.0,3) Uncertain significance,p.S375P
Ethionamide,ethA,ethA_p.Tyr141Asn,0.0,1.0,3) Uncertain significance,p.Y141N
Ethionamide,ethA,ethA_p.Tyr386Ser,0.0,2.0,3) Uncertain significance,p.Y386S
Ethionamide,ethA,ethA_p.Met260Ile,0.0,1.0,3) Uncertain significance,p.M260I
Ethionamide,ethA,ethA_p.Ser18Gly,0.0,2.0,3) Uncertain significance,p.S18G
Ethionamide,mshA,mshA_p.Ala187Thr,0.0,1.0,3) Uncertain significance,p.A187T
Ethionamide,ethA,ethA_p.Thr70Ser,0.0,2.0,3) Uncertain significance,p.T70S
Ethionamide,ethA,ethA_p.Asp174Gly,0.0,4.0,3) Uncertain significance,p.D174G
Ethionamide,ethA,ethA_p.Gly124Asp,0.0,11.0,4) Not assoc w R - Interim,p.G124D
Ethionamide,mshA,mshA_p.Val390Ala,0.0,1.0,3) Uncertain significance,p.V390A
Ethionamide,mshA,mshA_p.Asp218Ala,3.0,12.0,4) Not assoc w R - Interim,p.D218A
Ethionamide,ethA,ethA_p.Ala322Val,,,3) Uncertain significance,p.A322V
Ethionamide,ethA,ethA_p.Tyr84Ser,,,3) Uncertain significance,p.Y84S
Ethionamide,mshA,mshA_p.Ala65Val,,,3) Uncertain significance,p.A65V
Ethionamide,mshA,mshA_p.Arg273Gly,,,3) Uncertain significance,p.R273G
Isoniazid,katG,katG_p.Ser315Thr,10346.0,136.0,1) Assoc w R,p.S315T
Isoniazid,katG,katG_p.Ser315Asn,117.0,3.0,1) Assoc w R,p.S315N
Isoniazid,inhA,inhA_p.Ser94Ala,126.0,18.0,1) Assoc w R,p.S94A
Isoniazid,inhA,inhA_p.Ile194Thr,170.0,4.0,1) Assoc w R,p.I194T
Isoniazid,katG,katG_p.Ser315Ile,11.0,0.0,1) Assoc w R,p.S315I
Isoniazid,inhA,inhA_p.Ile21Thr,70.0,1.0,1) Assoc w R,p.I21T
Isoniazid,ahpC,ahpC_p.Asp73His,25.0,2.0,1) Assoc w R,p.D73H
Isoniazid,katG,katG_p.Trp328Leu,9.0,0.0,1) Assoc w R,p.W328L
Isoniazid,katG,katG_p.Ser315Arg,10.0,0.0,1) Assoc w R,p.S315R
Isoniazid,katG,katG_p.Ser315Gly,20.0,0.0,1) Assoc w R,p.S315G
Isoniazid,katG,katG_p.Asn138Ser,7.0,0.0,1) Assoc w R,p.N138S
Isoniazid,katG,katG_p.Gly279Asp,4.0,0.0,2) Assoc w R - Interim,p.G279D
Isoniazid,katG,katG_p.Ala109Val,8.0,0.0,1) Assoc w R,p.A109V
Isoniazid,katG,katG_p.Ala110Val,11.0,0.0,1) Assoc w R,p.A110V
Isoniazid,katG,katG_p.Leu141Ser,4.0,1.0,1) Assoc w R,p.L141S
Isoniazid,katG,katG_p.Thr380Ile,23.0,0.0,3) Uncertain significance,p.T380I
Isoniazid,katG,katG_p.Trp161Arg,5.0,0.0,1) Assoc w R,p.W161R
Isoniazid,katG,katG_p.Gly285Cys,10.0,0.0,3) Uncertain significance,p.G285C
Isoniazid,katG,katG_p.Tyr337Cys,4.0,1.0,2) Assoc w R - Interim,p.Y337C
Isoniazid,katG,katG_p.Pro232Ala,1.0,0.0,2) Assoc w R - Interim,p.P232A
Isoniazid,katG,katG_p.Asn138His,6.0,0.0,1) Assoc w R,p.N138H
Isoniazid,katG,katG_p.Gly699Glu,9.0,1.0,1) Assoc w R,p.G699E
Isoniazid,katG,katG_p.Ser302Arg,7.0,1.0,1) Assoc w R,p.S302R
Isoniazid,katG,katG_p.Met257Ile,7.0,1.0,2) Assoc w R - Interim,p.M257I
Isoniazid,katG,katG_p.Gln127Pro,15.0,1.0,1) Assoc w R,p.Q127P
Isoniazid,katG,katG_p.Asp142Gly,4.0,2.0,2) Assoc w R - Interim,p.D142G
Isoniazid,katG,katG_p.Gly299Ser,3.0,0.0,2) Assoc w R - Interim,p.G299S
Isoniazid,katG,katG_p.Tyr155Ser,4.0,0.0,2) Assoc w R - Interim,p.Y155S
Isoniazid,katG,katG_p.Thr568Pro,4.0,0.0,3) Uncertain significance,p.T568P
Isoniazid,katG,katG_p.Pro232Ser,4.0,0.0,2) Assoc w R - Interim,p.P232S
Isoniazid,katG,katG_p.Asp94Gly,2.0,0.0,3) Uncertain significance,p.D94G
Isoniazid,katG,katG_p.Thr271Ile,4.0,0.0,3) Uncertain significance,p.T271I
Isoniazid,katG,katG_p.Gln439Pro,3.0,1.0,3) Uncertain significance,p.Q439P
Isoniazid,katG,katG_p.Asp94Ala,3.0,0.0,3) Uncertain significance,p.D94A
Isoniazid,katG,katG_p.Gly118Ser,4.0,0.0,3) Uncertain significance,p.G118S
Isoniazid,katG,katG_p.Ala106Val,4.0,0.0,3) Uncertain significance,p.A106V
Isoniazid,katG,katG_p.Trp300Gly,3.0,0.0,3) Uncertain significance,p.W300G
Isoniazid,katG,katG_p.Asp419His,3.0,0.0,3) Uncertain significance,p.D419H
Isoniazid,katG,katG_p.Ala172Val,3.0,0.0,3) Uncertain significance,p.A172V
Isoniazid,inhA,inhA_p.Ile21Val,37.0,12.0,1) Assoc w R,p.I21V
Isoniazid,katG,katG_p.Asp142Asn,3.0,0.0,3) Uncertain significance,p.D142N
Isoniazid,katG,katG_p.Trp191Arg,9.0,3.0,2) Assoc w R - Interim,p.W191R
Isoniazid,katG,katG_p.Trp91Arg,1.0,3.0,3) Uncertain significance,p.W91R
Isoniazid,katG,katG_p.Trp149Arg,2.0,0.0,3) Uncertain significance,p.W149R
Isoniazid,katG,katG_p.Tyr98Cys,2.0,0.0,3) Uncertain significance,p.Y98C
Isoniazid,katG,katG_p.Asp487Asn,1.0,0.0,3) Uncertain significance,p.D487N
Isoniazid,katG,katG_p.Arg484His,1.0,0.0,3) Uncertain significance,p.R484H
Isoniazid,katG,katG_p.Glu3Gly,3.0,0.0,3) Uncertain significance,p.E3G
Isoniazid,katG,katG_p.Gly491Ser,,,3) Uncertain significance,p.G491S
Isoniazid,katG,katG_p.Trp300Arg,2.0,0.0,3) Uncertain significance,p.W300R
Isoniazid,katG,katG_p.Asp189Gly,5.0,1.0,2) Assoc w R - Interim,p.D189G
Isoniazid,katG,katG_p.Gly297Val,6.0,1.0,1) Assoc w R,p.G297V
Isoniazid,katG,katG_p.Asp189Asn,1.0,0.0,3) Uncertain significance,p.D189N
Isoniazid,katG,katG_p.Asp311Gly,1.0,0.0,3) Uncertain significance,p.D311G
Isoniazid,katG,katG_p.Thr271Pro,2.0,0.0,3) Uncertain significance,p.T271P
Isoniazid,katG,katG_p.Asp419Tyr,3.0,0.0,3) Uncertain significance,p.D419Y
Isoniazid,inhA,inhA_p.Ala239Val,10.0,0.0,3) Uncertain significance,p.A239V
Isoniazid,katG,katG_p.Leu48Pro,2.0,0.0,3) Uncertain significance,p.L48P
Isoniazid,katG,katG_p.Gln525Pro,4.0,1.0,1) Assoc w R,p.Q525P
Isoniazid,katG,katG_p.Gly125Asp,,,3) Uncertain significance,p.G125D
Isoniazid,katG,katG_p.Val473Leu,13.0,2.0,3) Uncertain significance,p.V473L
Isoniazid,katG,katG_p.Trp438Gly,2.0,0.0,3) Uncertain significance,p.W438G
Isoniazid,katG,katG_p.Gly156Asp,2.0,0.0,3) Uncertain significance,p.G156D
Isoniazid,inhA,inhA_p.Ala114Thr,3.0,0.0,3) Uncertain significance,p.A114T
Isoniazid,katG,katG_p.Phe167Cys,2.0,0.0,3) Uncertain significance,p.F167C
Isoniazid,katG,katG_p.Arg145Pro,1.0,0.0,3) Uncertain significance,p.R145P
Isoniazid,katG,katG_p.Gly495Ser,8.0,11.0,3) Uncertain significance,p.G495S
Isoniazid,inhA,inhA_p.Thr162Ser,2.0,0.0,3) Uncertain significance,p.T162S
Isoniazid,katG,katG_p.Phe183Leu,2.0,0.0,3) Uncertain significance,p.F183L
Isoniazid,katG,katG_p.Trp300Cys,1.0,1.0,3) Uncertain significance,p.W300C
Isoniazid,katG,katG_p.Glu709Ala,2.0,0.0,3) Uncertain significance,p.E709A
Isoniazid,katG,katG_p.Leu298Ser,3.0,0.0,3) Uncertain significance,p.L298S
Isoniazid,katG,katG_p.Phe540Ser,3.0,0.0,3) Uncertain significance,p.F540S
Isoniazid,inhA,inhA_p.Ile95Val,2.0,0.0,3) Uncertain significance,p.I95V
Isoniazid,katG,katG_p.Ala411Asp,2.0,0.0,3) Uncertain significance,p.A411D
Isoniazid,katG,katG_p.Asn138Asp,5.0,2.0,1) Assoc w R,p.N138D
Isoniazid,katG,katG_p.Leu132Pro,2.0,0.0,3) Uncertain significance,p.L132P
Isoniazid,katG,katG_p.Arg128Trp,2.0,0.0,3) Uncertain significance,p.R128W
Isoniazid,katG,katG_p.Glu588Gly,2.0,0.0,3) Uncertain significance,p.E588G
Isoniazid,katG,katG_p.Gly699Arg,,,3) Uncertain significance,p.G699R
Isoniazid,katG,katG_p.Gly120Ser,1.0,0.0,3) Uncertain significance,p.G120S
Isoniazid,katG,katG_p.Thr677Pro,5.0,0.0,3) Uncertain significance,p.T677P
Isoniazid,katG,katG_p.Gln439Arg,2.0,0.0,3) Uncertain significance,p.Q439R
Isoniazid,katG,katG_p.Asp189Ala,1.0,0.0,3) Uncertain significance,p.D189A
Isoniazid,katG,katG_p.Pro288His,2.0,0.0,3) Uncertain significance,p.P288H
Isoniazid,katG,katG_p.Leu333Pro,,,3) Uncertain significance,p.L333P
Isoniazid,katG,katG_p.Thr322Ala,,,3) Uncertain significance,p.T322A
Isoniazid,katG,katG_p.Leu427Pro,1.0,0.0,3) Uncertain significance,p.L427P
Isoniazid,katG,katG_p.Trp397Gly,2.0,0.0,3) Uncertain significance,p.W397G
Isoniazid,katG,katG_p.Asp381Ala,2.0,0.0,3) Uncertain significance,p.D381A
Isoniazid,katG,katG_p.Asp163Asn,1.0,0.0,3) Uncertain significance,p.D163N
Isoniazid,katG,katG_p.Phe129Ser,2.0,0.0,3) Uncertain significance,p.F129S
Isoniazid,katG,katG_p.Asn637Lys,1.0,0.0,3) Uncertain significance,p.N637K
Isoniazid,katG,katG_p.Gly629Cys,2.0,0.0,3) Uncertain significance,p.G629C
Isoniazid,katG,katG_p.Arg146Gly,,,3) Uncertain significance,p.R146G
Isoniazid,katG,katG_p.Leu141Phe,4.0,0.0,3) Uncertain significance,p.L141F
Isoniazid,katG,katG_p.Trp328Cys,2.0,0.0,3) Uncertain significance,p.W328C
Isoniazid,katG,katG_p.His97Leu,2.0,0.0,3) Uncertain significance,p.H97L
Isoniazid,katG,katG_p.Tyr155Asp,2.0,0.0,3) Uncertain significance,p.Y155D
Isoniazid,katG,katG_p.Lys143Glu,3.0,0.0,3) Uncertain significance,p.K143E
Isoniazid,katG,katG_p.Asn596Thr,0.0,1.0,3) Uncertain significance,p.N596T
Isoniazid,katG,katG_p.Trp328Arg,2.0,0.0,3) Uncertain significance,p.W328R
Isoniazid,katG,katG_p.Trp191Gly,14.0,5.0,3) Uncertain significance,p.W191G
Isoniazid,katG,katG_p.Tyr390Ser,2.0,0.0,3) Uncertain significance,p.Y390S
Isoniazid,katG,katG_p.Val431Gly,2.0,0.0,3) Uncertain significance,p.V431G
Isoniazid,katG,katG_p.Ala93Asp,2.0,0.0,3) Uncertain significance,p.A93D
Isoniazid,katG,katG_p.Glu709Gly,1.0,0.0,3) Uncertain significance,p.E709G
Isoniazid,katG,katG_p.Thr251Pro,2.0,0.0,3) Uncertain significance,p.T251P
Isoniazid,katG,katG_p.Asp448Ala,11.0,0.0,3) Uncertain significance,p.D448A
Isoniazid,katG,katG_p.Asn660His,2.0,0.0,3) Uncertain significance,p.N660H
Isoniazid,katG,katG_p.Val710Gly,2.0,0.0,3) Uncertain significance,p.V710G
Isoniazid,katG,katG_p.Gln295Pro,2.0,0.0,3) Uncertain significance,p.Q295P
Isoniazid,katG,katG_p.Asn170Lys,7.0,0.0,3) Uncertain significance,p.N170K
Isoniazid,katG,katG_p.Ala492Asp,2.0,0.0,3) Uncertain significance,p.A492D
Isoniazid,katG,katG_p.Glu607Lys,1.0,0.0,3) Uncertain significance,p.E607K
Isoniazid,katG,katG_p.Ala621Asp,1.0,0.0,3) Uncertain significance,p.A621D
Isoniazid,katG,katG_p.Glu607Gly,2.0,0.0,3) Uncertain significance,p.E607G
Isoniazid,katG,katG_p.Tyr229Cys,2.0,0.0,3) Uncertain significance,p.Y229C
Isoniazid,katG,katG_p.Thr394Ala,2.0,0.0,3) Uncertain significance,p.T394A
Isoniazid,katG,katG_p.Ser160Pro,2.0,0.0,3) Uncertain significance,p.S160P
Isoniazid,katG,katG_p.Arg249Cys,1.0,1.0,3) Uncertain significance,p.R249C
Isoniazid,katG,katG_p.Gln461Pro,4.0,2.0,2) Assoc w R - Interim,p.Q461P
Isoniazid,katG,katG_p.Thr344Pro,4.0,1.0,3) Uncertain significance,p.T344P
Isoniazid,katG,katG_p.Gly121Asp,2.0,0.0,3) Uncertain significance,p.G121D
Isoniazid,katG,katG_p.Ser700Pro,2.0,0.0,3) Uncertain significance,p.S700P
Isoniazid,katG,katG_p.Val697Ala,,,3) Uncertain significance,p.V697A
Isoniazid,katG,katG_p.Gly182Arg,2.0,0.0,3) Uncertain significance,p.G182R
Isoniazid,katG,katG_p.Gly169Ser,,,3) Uncertain significance,p.G169S
Isoniazid,katG,katG_p.Ala713Pro,,,3) Uncertain significance,p.A713P
Isoniazid,katG,katG_p.Gly269Ser,1.0,0.0,3) Uncertain significance,p.G269S
Isoniazid,katG,katG_p.Pro241His,1.0,0.0,3) Uncertain significance,p.P241H
Isoniazid,katG,katG_p.Thr180Met,1.0,0.0,3) Uncertain significance,p.T180M
Isoniazid,katG,katG_p.Pro232Arg,1.0,0.0,3) Uncertain significance,p.P232R
Isoniazid,katG,katG_p.Thr690Pro,2.0,0.0,3) Uncertain significance,p.T690P
Isoniazid,katG,katG_p.Thr324Pro,1.0,0.0,3) Uncertain significance,p.T324P
Isoniazid,katG,katG_p.Pro325Thr,,,3) Uncertain significance,p.P325T
Isoniazid,katG,katG_p.His108Arg,1.0,0.0,3) Uncertain significance,p.H108R
Isoniazid,katG,katG_p.Gly121Val,1.0,0.0,3) Uncertain significance,p.G121V
Isoniazid,katG,katG_p.Asp163Glu,1.0,0.0,3) Uncertain significance,p.D163E
Isoniazid,katG,katG_p.Arg104Gln,3.0,1.0,3) Uncertain significance,p.R104Q
Isoniazid,ahpC,ahpC_p.Gly188Ala,1.0,0.0,3) Uncertain significance,p.G188A
Isoniazid,katG,katG_p.Leu587Arg,2.0,0.0,3) Uncertain significance,p.L587R
Isoniazid,katG,katG_p.Gln352Pro,,,3) Uncertain significance,p.Q352P
Isoniazid,katG,katG_p.Asp381Asn,1.0,0.0,3) Uncertain significance,p.D381N
Isoniazid,katG,katG_p.Arg595Gln,1.0,0.0,3) Uncertain significance,p.R595Q
Isoniazid,katG,katG_p.Ile455Met,1.0,0.0,3) Uncertain significance,p.I455M
Isoniazid,katG,katG_p.Gly177Val,1.0,0.0,3) Uncertain significance,p.G177V
Isoniazid,katG,katG_p.Leu634Pro,1.0,0.0,3) Uncertain significance,p.L634P
Isoniazid,katG,katG_p.Glu553Lys,1.0,0.0,3) Uncertain significance,p.E553K
Isoniazid,katG,katG_p.Tyr155Cys,3.0,1.0,3) Uncertain significance,p.Y155C
Isoniazid,katG,katG_p.Arg128Gly,1.0,0.0,3) Uncertain significance,p.R128G
Isoniazid,katG,katG_p.Glu318Ala,1.0,0.0,3) Uncertain significance,p.E318A
Isoniazid,katG,katG_p.Leu661Arg,,,3) Uncertain significance,p.L661R
Isoniazid,katG,katG_p.Glu526Lys,1.0,0.0,3) Uncertain significance,p.E526K
Isoniazid,katG,katG_p.Val267Gly,,,3) Uncertain significance,p.V267G
Isoniazid,katG,katG_p.Arg571His,2.0,0.0,3) Uncertain significance,p.R571H
Isoniazid,katG,katG_p.Ala110Pro,1.0,0.0,3) Uncertain significance,p.A110P
Isoniazid,ahpC,ahpC_p.His93Arg,1.0,0.0,3) Uncertain significance,p.H93R
Isoniazid,katG,katG_p.Asp735Ala,1.0,1.0,3) Uncertain significance,p.D735A
Isoniazid,katG,katG_p.Ala550Thr,1.0,0.0,3) Uncertain significance,p.A550T
Isoniazid,katG,katG_p.Asp189Tyr,1.0,0.0,3) Uncertain significance,p.D189Y
Isoniazid,katG,katG_p.Gly111Asp,1.0,0.0,3) Uncertain significance,p.G111D
Isoniazid,katG,katG_p.Trp91Gly,,,3) Uncertain significance,p.W91G
Isoniazid,katG,katG_p.Ala614Glu,1.0,0.0,3) Uncertain significance,p.A614E
Isoniazid,katG,katG_p.Trp412Cys,1.0,0.0,3) Uncertain significance,p.W412C
Isoniazid,katG,katG_p.Ala550Pro,1.0,0.0,3) Uncertain significance,p.A550P
Isoniazid,katG,katG_p.Leu159Pro,,,3) Uncertain significance,p.L159P
Isoniazid,katG,katG_p.Asp735Glu,1.0,0.0,3) Uncertain significance,p.D735E
Isoniazid,katG,katG_p.Leu164Arg,1.0,0.0,3) Uncertain significance,p.L164R
Isoniazid,katG,katG_p.Val319Asp,1.0,0.0,3) Uncertain significance,p.V319D
Isoniazid,katG,katG_p.Leu521Pro,1.0,0.0,3) Uncertain significance,p.L521P
Isoniazid,katG,katG_p.Asp387Gly,,,3) Uncertain significance,p.D387G
Isoniazid,katG,katG_p.Phe483Leu,1.0,0.0,3) Uncertain significance,p.F483L
Isoniazid,katG,katG_p.Arg249Gly,1.0,0.0,3) Uncertain significance,p.R249G
Isoniazid,katG,katG_p.Thr625Lys,2.0,0.0,3) Uncertain significance,p.T625K
Isoniazid,katG,katG_p.Gly277Asp,1.0,0.0,3) Uncertain significance,p.G277D
Isoniazid,katG,katG_p.Arg498Leu,1.0,0.0,3) Uncertain significance,p.R498L
Isoniazid,katG,katG_p.Gly269Asp,1.0,0.0,3) Uncertain significance,p.G269D
Isoniazid,katG,katG_p.Gly120Asp,,,3) Uncertain significance,p.G120D
Isoniazid,katG,katG_p.Ala555Pro,1.0,0.0,3) Uncertain significance,p.A555P
Isoniazid,katG,katG_p.Gln127Arg,1.0,0.0,3) Uncertain significance,p.Q127R
Isoniazid,katG,katG_p.Ser460Asn,1.0,0.0,3) Uncertain significance,p.S460N
Isoniazid,katG,katG_p.Gly299Cys,1.0,0.0,3) Uncertain significance,p.G299C
Isoniazid,katG,katG_p.Arg187Trp,1.0,0.0,3) Uncertain significance,p.R187W
Isoniazid,katG,katG_p.Trp728Cys,,,3) Uncertain significance,p.W728C
Isoniazid,katG,katG_p.Trp328Tyr,1.0,0.0,3) Uncertain significance,p.W328Y
Isoniazid,katG,katG_p.Thr275Pro,1.0,0.0,3) Uncertain significance,p.T275P
Isoniazid,katG,katG_p.Leu43Arg,2.0,0.0,3) Uncertain significance,p.L43R
Isoniazid,katG,katG_p.Thr326Pro,1.0,0.0,3) Uncertain significance,p.T326P
Isoniazid,katG,katG_p.Trp300Ser,1.0,0.0,3) Uncertain significance,p.W300S
Isoniazid,katG,katG_p.Gly699Val,1.0,0.0,3) Uncertain significance,p.G699V
Isoniazid,katG,katG_p.Gly99Glu,1.0,0.0,3) Uncertain significance,p.G99E
Isoniazid,katG,katG_p.Ala291Asp,,,3) Uncertain significance,p.A291D
Isoniazid,katG,katG_p.Leu384Pro,,,3) Uncertain significance,p.L384P
Isoniazid,katG,katG_p.Arg104Trp,,,3) Uncertain significance,p.R104W
Isoniazid,katG,katG_p.Asn596Lys,1.0,0.0,3) Uncertain significance,p.N596K
Isoniazid,katG,katG_p.Arg571Gly,1.0,0.0,3) Uncertain significance,p.R571G
Isoniazid,katG,katG_p.Ile103Asn,1.0,0.0,3) Uncertain significance,p.I103N
Isoniazid,katG,katG_p.Asn493Lys,0.0,1.0,3) Uncertain significance,p.N493K
Isoniazid,katG,katG_p.Gly234Arg,2.0,0.0,3) Uncertain significance,p.G234R
Isoniazid,katG,katG_p.Ala122Asp,1.0,0.0,3) Uncertain significance,p.A122D
Isoniazid,katG,katG_p.Tyr337Asp,,,3) Uncertain significance,p.Y337D
Isoniazid,katG,katG_p.Ser383Trp,,,3) Uncertain significance,p.S383W
Isoniazid,katG,katG_p.Gly285Val,2.0,1.0,3) Uncertain significance,p.G285V
Isoniazid,katG,katG_p.Ile364Thr,,,3) Uncertain significance,p.I364T
Isoniazid,katG,katG_p.Ala379Val,9.0,0.0,3) Uncertain significance,p.A379V
Isoniazid,katG,katG_p.Gly629Asp,,,3) Uncertain significance,p.G629D
Isoniazid,katG,katG_p.Pro131Gln,,,3) Uncertain significance,p.P131Q
Isoniazid,katG,katG_p.Lys143Thr,1.0,0.0,3) Uncertain significance,p.K143T
Isoniazid,katG,katG_p.Leu734Arg,1.0,0.0,3) Uncertain significance,p.L734R
Isoniazid,katG,katG_p.Val423Ile,4.0,1.0,3) Uncertain significance,p.V423I
Isoniazid,katG,katG_p.Phe183Ser,,,3) Uncertain significance,p.F183S
Isoniazid,katG,katG_p.Ala256Thr,2.0,0.0,3) Uncertain significance,p.A256T
Isoniazid,ahpC,ahpC_p.Asp33Ala,1.0,3.0,3) Uncertain significance,p.D33A
Isoniazid,katG,katG_p.Arg705Trp,1.0,0.0,3) Uncertain significance,p.R705W
Isoniazid,katG,katG_p.Ser481Leu,1.0,1.0,3) Uncertain significance,p.S481L
Isoniazid,katG,katG_p.Tyr413Cys,1.0,2.0,3) Uncertain significance,p.Y413C
Isoniazid,katG,katG_p.Thr380Pro,1.0,0.0,3) Uncertain significance,p.T380P
Isoniazid,katG,katG_p.Asp381Gly,1.0,0.0,3) Uncertain significance,p.D381G
Isoniazid,katG,katG_p.Leu76Pro,,,3) Uncertain significance,p.L76P
Isoniazid,katG,katG_p.Gly273Ser,,,3) Uncertain significance,p.G273S
Isoniazid,katG,katG_p.Gly548Arg,,,3) Uncertain significance,p.G548R
Isoniazid,katG,katG_p.Arg249Pro,1.0,0.0,3) Uncertain significance,p.R249P
Isoniazid,katG,katG_p.Trp149Cys,2.0,0.0,3) Uncertain significance,p.W149C
Isoniazid,inhA,inhA_p.Ala252Val,2.0,2.0,3) Uncertain significance,p.A252V
Isoniazid,katG,katG_p.Ser692Arg,,,3) Uncertain significance,p.S692R
Isoniazid,katG,katG_p.Val565Gly,2.0,0.0,3) Uncertain significance,p.V565G
Isoniazid,katG,katG_p.Ala476Val,1.0,0.0,3) Uncertain significance,p.A476V
Isoniazid,katG,katG_p.Leu378Met,4.0,0.0,3) Uncertain significance,p.L378M
Isoniazid,katG,katG_p.Thr322Pro,,,3) Uncertain significance,p.T322P
Isoniazid,katG,katG_p.Arg104Leu,1.0,0.0,3) Uncertain significance,p.R104L
Isoniazid,katG,katG_p.Arg145Cys,2.0,1.0,3) Uncertain significance,p.R145C
Isoniazid,katG,katG_p.Pro292Ala,2.0,0.0,3) Uncertain significance,p.P292A
Isoniazid,katG,katG_p.Ala264Thr,1.0,0.0,3) Uncertain significance,p.A264T
Isoniazid,katG,katG_p.Ala479Glu,1.0,0.0,3) Uncertain significance,p.A479E
Isoniazid,katG,katG_p.Arg128Gln,1.0,0.0,3) Uncertain significance,p.R128Q
Isoniazid,katG,katG_p.Val83Leu,2.0,0.0,3) Uncertain significance,p.V83L
Isoniazid,katG,katG_p.Asp735Tyr,,,3) Uncertain significance,p.D735Y
Isoniazid,katG,katG_p.Leu611Arg,1.0,0.0,3) Uncertain significance,p.L611R
Isoniazid,katG,katG_p.Gly186Asp,1.0,0.0,3) Uncertain significance,p.G186D
Isoniazid,katG,katG_p.Ile228Leu,1.0,0.0,3) Uncertain significance,p.I228L
Isoniazid,katG,katG_p.Val386Glu,3.0,0.0,3) Uncertain significance,p.V386E
Isoniazid,katG,katG_p.Leu132Arg,1.0,0.0,3) Uncertain significance,p.L132R
Isoniazid,katG,katG_p.Gly111Cys,1.0,0.0,3) Uncertain significance,p.G111C
Isoniazid,katG,katG_p.Gly299Asp,2.0,0.0,3) Uncertain significance,p.G299D
Isoniazid,katG,katG_p.Ala139Pro,1.0,0.0,3) Uncertain significance,p.A139P
Isoniazid,katG,katG_p.Glu342Ala,,,3) Uncertain significance,p.E342A
Isoniazid,katG,katG_p.Arg146Gln,1.0,0.0,3) Uncertain significance,p.R146Q
Isoniazid,katG,katG_p.Phe368Leu,2.0,0.0,3) Uncertain significance,p.F368L
Isoniazid,katG,katG_p.Ala144Val,2.0,1.0,3) Uncertain significance,p.A144V
Isoniazid,katG,katG_p.Gln679Pro,1.0,1.0,3) Uncertain significance,p.Q679P
Isoniazid,katG,katG_p.Lys152Thr,1.0,0.0,3) Uncertain significance,p.K152T
Isoniazid,katG,katG_p.Trp90Arg,,,3) Uncertain significance,p.W90R
Isoniazid,katG,katG_p.Asp419Ala,,,3) Uncertain significance,p.D419A
Isoniazid,katG,katG_p.Ile248Thr,5.0,0.0,3) Uncertain significance,p.I248T
Isoniazid,katG,katG_p.Gly285Ser,2.0,0.0,3) Uncertain significance,p.G285S
Isoniazid,katG,katG_p.Gly169Val,1.0,0.0,3) Uncertain significance,p.G169V
Isoniazid,katG,katG_p.Gln295Lys,6.0,0.0,3) Uncertain significance,p.Q295K
Isoniazid,katG,katG_p.Gly234Glu,1.0,0.0,3) Uncertain significance,p.G234E
Isoniazid,katG,katG_p.Gln439His,6.0,0.0,3) Uncertain significance,p.Q439H
Isoniazid,katG,katG_p.Thr380Ala,2.0,0.0,3) Uncertain significance,p.T380A
Isoniazid,katG,katG_p.Arg249Ser,1.0,0.0,3) Uncertain significance,p.R249S
Isoniazid,katG,katG_p.Ser457Ile,1.0,0.0,3) Uncertain significance,p.S457I
Isoniazid,ahpC,ahpC_p.Gly45Ala,1.0,0.0,3) Uncertain significance,p.G45A
Isoniazid,katG,katG_p.Gly491Ala,1.0,0.0,3) Uncertain significance,p.G491A
Isoniazid,katG,katG_p.Gly338Ser,1.0,1.0,3) Uncertain significance,p.G338S
Isoniazid,katG,katG_p.Leu627Pro,1.0,0.0,3) Uncertain significance,p.L627P
Isoniazid,katG,katG_p.Gly99Arg,1.0,0.0,3) Uncertain significance,p.G99R
Isoniazid,katG,katG_p.Ile335Val,46.0,0.0,3) Uncertain significance,p.I335V
Isoniazid,katG,katG_p.Trp689Gly,0.0,1.0,3) Uncertain significance,p.W689G
Isoniazid,katG,katG_p.Trp689Cys,1.0,0.0,3) Uncertain significance,p.W689C
Isoniazid,katG,katG_p.Gly277Ser,2.0,0.0,3) Uncertain significance,p.G277S
Isoniazid,katG,katG_p.Val586Met,1.0,1.0,3) Uncertain significance,p.V586M
Isoniazid,katG,katG_p.Asn493Ser,5.0,0.0,3) Uncertain significance,p.N493S
Isoniazid,katG,katG_p.Ala109Pro,1.0,0.0,3) Uncertain significance,p.A109P
Isoniazid,katG,katG_p.Trp328Ser,1.0,0.0,3) Uncertain significance,p.W328S
Isoniazid,katG,katG_p.Cys171Gly,1.0,0.0,3) Uncertain significance,p.C171G
Isoniazid,katG,katG_p.Gly712Val,,,3) Uncertain significance,p.G712V
Isoniazid,inhA,inhA_p.Met103Val,1.0,1.0,3) Uncertain significance,p.M103V
Isoniazid,katG,katG_p.Val731Gly,1.0,0.0,3) Uncertain significance,p.V731G
Isoniazid,katG,katG_p.Arg249His,0.0,1.0,3) Uncertain significance,p.R249H
Isoniazid,katG,katG_p.Phe594Leu,,,3) Uncertain significance,p.F594L
Isoniazid,katG,katG_p.Arg253Pro,,,3) Uncertain significance,p.R253P
Isoniazid,katG,katG_p.Pro232Leu,1.0,0.0,3) Uncertain significance,p.P232L
Isoniazid,katG,katG_p.Gly712Asp,1.0,0.0,3) Uncertain significance,p.G712D
Isoniazid,katG,katG_p.Asn508Asp,2.0,0.0,3) Uncertain significance,p.N508D
Isoniazid,katG,katG_p.Gly307Val,2.0,0.0,3) Uncertain significance,p.G307V
Isoniazid,ahpC,ahpC_p.Ser194Leu,3.0,0.0,3) Uncertain significance,p.S194L
Isoniazid,katG,katG_p.Gly182Glu,3.0,0.0,3) Uncertain significance,p.G182E
Isoniazid,katG,katG_p.Ile462Ser,,,3) Uncertain significance,p.I462S
Isoniazid,katG,katG_p.Gly644Asp,1.0,0.0,3) Uncertain significance,p.G644D
Isoniazid,katG,katG_p.Asp207Asn,,,3) Uncertain significance,p.D207N
Isoniazid,katG,katG_p.Ile71Ser,0.0,1.0,3) Uncertain significance,p.I71S
Isoniazid,katG,katG_p.Asn133Ser,1.0,0.0,3) Uncertain significance,p.N133S
Isoniazid,katG,katG_p.Gly490Ser,2.0,0.0,3) Uncertain significance,p.G490S
Isoniazid,inhA,inhA_p.Ile21Met,2.0,0.0,3) Uncertain significance,p.I21M
Isoniazid,katG,katG_p.Asn596Ser,5.0,0.0,3) Uncertain significance,p.N596S
Isoniazid,katG,katG_p.Tyr597His,5.0,0.0,3) Uncertain significance,p.Y597H
Isoniazid,katG,katG_p.Ala290Pro,2.0,0.0,3) Uncertain significance,p.A290P
Isoniazid,katG,katG_p.Leu704Val,5.0,0.0,3) Uncertain significance,p.L704V
Isoniazid,inhA,inhA_p.Ile95Leu,,,3) Uncertain significance,p.I95L
Isoniazid,katG,katG_p.Tyr413His,0.0,3.0,3) Uncertain significance,p.Y413H
Isoniazid,katG,katG_p.Val697Leu,,,3) Uncertain significance,p.V697L
Isoniazid,katG,katG_p.Ala222Thr,1.0,0.0,3) Uncertain significance,p.A222T
Isoniazid,katG,katG_p.Phe567Tyr,,,3) Uncertain significance,p.F567Y
Isoniazid,katG,katG_p.Thr568His,,,3) Uncertain significance,p.T568H
Isoniazid,katG,katG_p.Met105Ile,6.0,2.0,3) Uncertain significance,p.M105I
Isoniazid,katG,katG_p.Asp656Ala,0.0,3.0,3) Uncertain significance,p.D656A
Isoniazid,katG,katG_p.Phe272Leu,2.0,0.0,3) Uncertain significance,p.F272L
Isoniazid,katG,katG_p.Leu458Arg,1.0,0.0,3) Uncertain significance,p.L458R
Isoniazid,katG,katG_p.Trp149Gly,8.0,0.0,3) Uncertain significance,p.W149G
Isoniazid,katG,katG_p.Ala312Pro,1.0,0.0,3) Uncertain significance,p.A312P
Isoniazid,inhA,inhA_p.Gly33Ser,2.0,0.0,3) Uncertain significance,p.G33S
Isoniazid,katG,katG_p.Gly268Ser,2.0,0.0,3) Uncertain significance,p.G268S
Isoniazid,katG,katG_p.Gly121Ala,1.0,0.0,3) Uncertain significance,p.G121A
Isoniazid,katG,katG_p.Met377Arg,2.0,0.0,3) Uncertain significance,p.M377R
Isoniazid,katG,katG_p.Arg104Pro,,,3) Uncertain significance,p.R104P
Isoniazid,katG,katG_p.Ala256Val,1.0,0.0,3) Uncertain significance,p.A256V
Isoniazid,katG,katG_p.Gly285Arg,1.0,0.0,3) Uncertain significance,p.G285R
Isoniazid,inhA,inhA_p.Glu209Gly,,,3) Uncertain significance,p.E209G
Isoniazid,katG,katG_p.Gly560Ser,0.0,1.0,3) Uncertain significance,p.G560S
Isoniazid,katG,katG_p.Val442Ala,1.0,0.0,3) Uncertain significance,p.V442A
Isoniazid,katG,katG_p.Thr322Lys,1.0,0.0,3) Uncertain significance,p.T322K
Isoniazid,katG,katG_p.Pro367Leu,,,3) Uncertain significance,p.P367L
Isoniazid,katG,katG_p.Glu289Ala,,,3) Uncertain significance,p.E289A
Isoniazid,katG,katG_p.Leu598Phe,,,3) Uncertain significance,p.L598F
Isoniazid,katG,katG_p.Asp419Gly,,,3) Uncertain significance,p.D419G
Isoniazid,katG,katG_p.Ala162Glu,1.0,0.0,3) Uncertain significance,p.A162E
Isoniazid,katG,katG_p.Val83Gly,2.0,0.0,3) Uncertain significance,p.V83G
Isoniazid,katG,katG_p.Asp723Asn,1.0,0.0,3) Uncertain significance,p.D723N
Isoniazid,katG,katG_p.Gly428Glu,1.0,0.0,3) Uncertain significance,p.G428E
Isoniazid,katG,katG_p.Glu709Asp,1.0,0.0,3) Uncertain significance,p.E709D
Isoniazid,katG,katG_p.Pro325Ser,,,3) Uncertain significance,p.P325S
Isoniazid,katG,katG_p.Arg78Pro,,,3) Uncertain significance,p.R78P
Isoniazid,katG,katG_p.Gln352His,1.0,0.0,3) Uncertain significance,p.Q352H
Isoniazid,katG,katG_p.Pro57Ser,1.0,0.0,3) Uncertain significance,p.P57S
Isoniazid,katG,katG_p.Leu141Val,1.0,0.0,3) Uncertain significance,p.L141V
Isoniazid,katG,katG_p.Arg498His,1.0,0.0,3) Uncertain significance,p.R498H
Isoniazid,katG,katG_p.Gly273Cys,,,3) Uncertain significance,p.G273C
Isoniazid,katG,katG_p.Lys153Gln,1.0,0.0,3) Uncertain significance,p.K153Q
Isoniazid,katG,katG_p.Met176Thr,1.0,0.0,3) Uncertain significance,p.M176T
Isoniazid,katG,katG_p.Leu336Met,1.0,1.0,3) Uncertain significance,p.L336M
Isoniazid,katG,katG_p.Trp341Gly,,,3) Uncertain significance,p.W341G
Isoniazid,katG,katG_p.Ala541Val,1.0,0.0,3) Uncertain significance,p.A541V
Isoniazid,katG,katG_p.Asp663Tyr,2.0,0.0,3) Uncertain significance,p.D663Y
Isoniazid,katG,katG_p.Ser486Asn,1.0,0.0,3) Uncertain significance,p.S486N
Isoniazid,katG,katG_p.Gln461Glu,2.0,0.0,3) Uncertain significance,p.Q461E
Isoniazid,katG,katG_p.Phe724Leu,1.0,0.0,3) Uncertain significance,p.F724L
Isoniazid,katG,katG_p.Met126Ile,3.0,0.0,3) Uncertain significance,p.M126I
Isoniazid,katG,katG_p.Asp142Ala,1.0,0.0,3) Uncertain significance,p.D142A
Isoniazid,katG,katG_p.Asn238Thr,,,3) Uncertain significance,p.N238T
Isoniazid,katG,katG_p.Lys153Asn,,,3) Uncertain significance,p.K153N
Isoniazid,katG,katG_p.Ala551Gly,1.0,0.0,3) Uncertain significance,p.A551G
Isoniazid,katG,katG_p.Trp505Arg,1.0,0.0,3) Uncertain significance,p.W505R
Isoniazid,katG,katG_p.Gly299Ala,1.0,0.0,3) Uncertain significance,p.G299A
Isoniazid,katG,katG_p.Val626Glu,,,3) Uncertain significance,p.V626E
Isoniazid,katG,katG_p.Gly169Ala,2.0,0.0,3) Uncertain significance,p.G169A
Isoniazid,katG,katG_p.Ala130Glu,,,3) Uncertain significance,p.A130E
Isoniazid,katG,katG_p.Leu220Pro,,,3) Uncertain significance,p.L220P
Isoniazid,inhA,inhA_p.Phe41Ser,,,3) Uncertain significance,p.F41S
Isoniazid,katG,katG_p.Ala162Val,0.0,2.0,3) Uncertain significance,p.A162V
Isoniazid,katG,katG_p.Gly307Glu,1.0,0.0,3) Uncertain significance,p.G307E
Isoniazid,katG,katG_p.Glu607Asp,2.0,0.0,3) Uncertain significance,p.E607D
Isoniazid,inhA,inhA_p.Gly40Trp,1.0,0.0,3) Uncertain significance,p.G40W
Isoniazid,katG,katG_p.Gly593Asp,1.0,0.0,3) Uncertain significance,p.G593D
Isoniazid,katG,katG_p.Thr667Pro,3.0,1.0,3) Uncertain significance,p.T667P
Isoniazid,inhA,inhA_p.Val65Ala,1.0,0.0,3) Uncertain significance,p.V65A
Isoniazid,katG,katG_p.Leu631Gln,1.0,0.0,3) Uncertain significance,p.L631Q
Isoniazid,katG,katG_p.Gly635Ala,1.0,0.0,3) Uncertain significance,p.G635A
Isoniazid,katG,katG_p.Ser482Pro,,,3) Uncertain significance,p.S482P
Isoniazid,katG,katG_p.Thr326Met,1.0,0.0,3) Uncertain significance,p.T326M
Isoniazid,katG,katG_p.Ala264Val,2.0,0.0,3) Uncertain significance,p.A264V
Isoniazid,inhA,inhA_p.Thr236Met,9.0,0.0,3) Uncertain significance,p.T236M
Isoniazid,katG,katG_p.Ala379Thr,2.0,0.0,3) Uncertain significance,p.A379T
Isoniazid,katG,katG_p.Met126Val,,,3) Uncertain significance,p.M126V
Isoniazid,katG,katG_p.Gly34Ala,,,3) Uncertain significance,p.G34A
Isoniazid,ahpC,ahpC_p.Leu162Gln,1.0,0.0,3) Uncertain significance,p.L162Q
Isoniazid,katG,katG_p.Tyr64Cys,,,3) Uncertain significance,p.Y64C
Isoniazid,katG,katG_p.Glu287Gly,,,3) Uncertain significance,p.E287G
Isoniazid,katG,katG_p.Lys200Glu,,,3) Uncertain significance,p.K200E
Isoniazid,katG,katG_p.Ala144Thr,1.0,0.0,3) Uncertain significance,p.A144T
Isoniazid,katG,katG_p.Glu402Lys,0.0,3.0,3) Uncertain significance,p.E402K
Isoniazid,ahpC,ahpC_p.Ala122Thr,,,3) Uncertain significance,p.A122T
Isoniazid,inhA,inhA_p.Lys233Thr,1.0,0.0,3) Uncertain significance,p.K233T
Isoniazid,katG,katG_p.Val73Gly,1.0,0.0,3) Uncertain significance,p.V73G
Isoniazid,katG,katG_p.Trp39Arg,,,3) Uncertain significance,p.W39R
Isoniazid,inhA,inhA_p.Ile50Val,1.0,0.0,3) Uncertain significance,p.I50V
Isoniazid,katG,katG_p.Glu454Ala,1.0,0.0,3) Uncertain significance,p.E454A
Isoniazid,katG,katG_p.Gly34Glu,,,3) Uncertain significance,p.G34E
Isoniazid,katG,katG_p.Tyr64Asn,1.0,0.0,3) Uncertain significance,p.Y64N
Isoniazid,katG,katG_p.Lys488Glu,,,3) Uncertain significance,p.K488E
Isoniazid,katG,katG_p.Ala716Gly,1.0,0.0,3) Uncertain significance,p.A716G
Isoniazid,katG,katG_p.Thr271Ala,1.0,0.0,3) Uncertain significance,p.T271A
Isoniazid,katG,katG_p.Ala556Glu,1.0,0.0,3) Uncertain significance,p.A556E
Isoniazid,ahpC,ahpC_p.Asp73Gly,1.0,0.0,3) Uncertain significance,p.D73G
Isoniazid,inhA,inhA_p.Val28Leu,1.0,0.0,3) Uncertain significance,p.V28L
Isoniazid,katG,katG_p.Gln578Pro,,,3) Uncertain significance,p.Q578P
Isoniazid,katG,katG_p.Tyr64Ser,1.0,0.0,3) Uncertain significance,p.Y64S
Isoniazid,inhA,inhA_p.Asn231Asp,3.0,0.0,3) Uncertain significance,p.N231D
Isoniazid,katG,katG_p.Ser652Pro,1.0,0.0,3) Uncertain significance,p.S652P
Isoniazid,katG,katG_p.Tyr64His,,,3) Uncertain significance,p.Y64H
Isoniazid,katG,katG_p.Met176Ile,,,3) Uncertain significance,p.M176I
Isoniazid,katG,katG_p.Tyr678Cys,,,3) Uncertain significance,p.Y678C
Isoniazid,katG,katG_p.Ser383Pro,1.0,0.0,3) Uncertain significance,p.S383P
Isoniazid,katG,katG_p.Asp440Tyr,,,3) Uncertain significance,p.D440Y
Isoniazid,katG,katG_p.Glu289Gly,,,3) Uncertain significance,p.E289G
Isoniazid,katG,katG_p.Trp161Gln,1.0,0.0,3) Uncertain significance,p.W161Q
Isoniazid,katG,katG_p.Glu623Gly,1.0,0.0,3) Uncertain significance,p.E623G
Isoniazid,katG,katG_p.Ser331Ile,,,3) Uncertain significance,p.S331I
Isoniazid,katG,katG_p.Val196Gly,1.0,0.0,3) Uncertain significance,p.V196G
Isoniazid,katG,katG_p.Trp321Ser,1.0,0.0,3) Uncertain significance,p.W321S
Isoniazid,katG,katG_p.Leu48Gln,,,3) Uncertain significance,p.L48Q
Isoniazid,katG,katG_p.Asn655Asp,1.0,0.0,3) Uncertain significance,p.N655D
Isoniazid,inhA,inhA_p.Ala201Thr,1.0,0.0,3) Uncertain significance,p.A201T
Isoniazid,katG,katG_p.Asp381His,1.0,0.0,3) Uncertain significance,p.D381H
Isoniazid,katG,katG_p.Phe594Ile,1.0,0.0,3) Uncertain significance,p.F594I
Isoniazid,katG,katG_p.Val320Leu,1.0,0.0,3) Uncertain significance,p.V320L
Isoniazid,katG,katG_p.Lys153Glu,1.0,0.0,3) Uncertain significance,p.K153E
Isoniazid,katG,katG_p.Arg249Leu,,,3) Uncertain significance,p.R249L
Isoniazid,katG,katG_p.Arg254His,1.0,0.0,3) Uncertain significance,p.R254H
Isoniazid,katG,katG_p.Phe483Ser,,,3) Uncertain significance,p.F483S
Isoniazid,katG,katG_p.Leu704Trp,1.0,0.0,3) Uncertain significance,p.L704W
Isoniazid,katG,katG_p.Gly125Ala,1.0,0.0,3) Uncertain significance,p.G125A
Isoniazid,katG,katG_p.Gly121Ser,1.0,2.0,3) Uncertain significance,p.G121S
Isoniazid,katG,katG_p.Gly177Ala,2.0,0.0,3) Uncertain significance,p.G177A
Isoniazid,katG,katG_p.Ile80Thr,,,3) Uncertain significance,p.I80T
Isoniazid,katG,katG_p.Lys459Glu,,,3) Uncertain significance,p.K459E
Isoniazid,katG,katG_p.Val731Met,1.0,0.0,3) Uncertain significance,p.V731M
Isoniazid,katG,katG_p.Thr85Pro,0.0,1.0,3) Uncertain significance,p.T85P
Isoniazid,katG,katG_p.Val196Ala,,,3) Uncertain significance,p.V196A
Isoniazid,katG,katG_p.Arg425Gly,,,3) Uncertain significance,p.R425G
Isoniazid,katG,katG_p.His270Pro,,,3) Uncertain significance,p.H270P
Isoniazid,ahpC,ahpC_p.Val85Ile,2.0,0.0,3) Uncertain significance,p.V85I
Isoniazid,katG,katG_p.Trp90Cys,1.0,0.0,3) Uncertain significance,p.W90C
Isoniazid,katG,katG_p.Val68Gly,2.0,1.0,3) Uncertain significance,p.V68G
Isoniazid,katG,katG_p.Gln471Arg,2.0,0.0,3) Uncertain significance,p.Q471R
Isoniazid,katG,katG_p.Met624Val,1.0,0.0,3) Uncertain significance,p.M624V
Isoniazid,katG,katG_p.Gly369Ala,1.0,0.0,3) Uncertain significance,p.G369A
Isoniazid,ahpC,ahpC_p.Gly32Asp,1.0,0.0,3) Uncertain significance,p.G32D
Isoniazid,katG,katG_p.Asp240Ala,1.0,0.0,3) Uncertain significance,p.D240A
Isoniazid,katG,katG_p.Met242Thr,2.0,0.0,3) Uncertain significance,p.M242T
Isoniazid,katG,katG_p.Gln578Arg,1.0,0.0,3) Uncertain significance,p.Q578R
Isoniazid,katG,katG_p.Glu522Gln,,,3) Uncertain significance,p.E522Q
Isoniazid,katG,katG_p.Ala479Gly,1.0,0.0,3) Uncertain significance,p.A479G
Isoniazid,ahpC,ahpC_p.Glu76Lys,10.0,24.0,3) Uncertain significance,p.E76K
Isoniazid,katG,katG_p.Ala492Val,1.0,0.0,3) Uncertain significance,p.A492V
Isoniazid,katG,katG_p.Val628Gly,1.0,0.0,3) Uncertain significance,p.V628G
Isoniazid,katG,katG_p.Met624Ile,1.0,0.0,3) Uncertain significance,p.M624I
Isoniazid,katG,katG_p.Asn493His,1.0,0.0,3) Uncertain significance,p.N493H
Isoniazid,katG,katG_p.Pro401Leu,1.0,0.0,3) Uncertain significance,p.P401L
Isoniazid,katG,katG_p.Val284Ile,1.0,0.0,3) Uncertain significance,p.V284I
Isoniazid,inhA,inhA_p.Arg27Trp,1.0,0.0,3) Uncertain significance,p.R27W
Isoniazid,katG,katG_p.Asp729Gly,1.0,0.0,3) Uncertain significance,p.D729G
Isoniazid,katG,katG_p.Met609Ile,1.0,0.0,3) Uncertain significance,p.M609I
Isoniazid,katG,katG_p.Trp505Ser,1.0,0.0,3) Uncertain significance,p.W505S
Isoniazid,katG,katG_p.Met84Val,1.0,0.0,3) Uncertain significance,p.M84V
Isoniazid,katG,katG_p.Gly495Ala,1.0,0.0,3) Uncertain significance,p.G495A
Isoniazid,katG,katG_p.Asp542Glu,,,3) Uncertain significance,p.D542E
Isoniazid,ahpC,ahpC_p.Gln145Pro,1.0,0.0,3) Uncertain significance,p.Q145P
Isoniazid,katG,katG_p.Arg571Leu,,,3) Uncertain significance,p.R571L
Isoniazid,katG,katG_p.Pro288Leu,1.0,0.0,3) Uncertain significance,p.P288L
Isoniazid,katG,katG_p.Ser474Pro,1.0,0.0,3) Uncertain significance,p.S474P
Isoniazid,katG,katG_p.Ala75Val,1.0,0.0,3) Uncertain significance,p.A75V
Isoniazid,katG,katG_p.Met296Val,1.0,0.0,3) Uncertain significance,p.M296V
Isoniazid,katG,katG_p.Tyr597Ser,1.0,0.0,3) Uncertain significance,p.Y597S
Isoniazid,katG,katG_p.Asn660Asp,1.0,0.0,3) Uncertain significance,p.N660D
Isoniazid,katG,katG_p.Asp440Glu,1.0,0.0,3) Uncertain significance,p.D440E
Isoniazid,ahpC,ahpC_p.Leu111Ala,1.0,0.0,3) Uncertain significance,p.L111A
Isoniazid,katG,katG_p.Lys433Thr,2.0,0.0,3) Uncertain significance,p.K433T
Isoniazid,katG,katG_p.Pro235Ser,1.0,0.0,3) Uncertain significance,p.P235S
Isoniazid,katG,katG_p.Ile248Val,,,3) Uncertain significance,p.I248V
Isoniazid,ahpC,ahpC_p.Val161Ile,1.0,0.0,3) Uncertain significance,p.V161I
Isoniazid,ahpC,ahpC_p.Asp22Glu,,,3) Uncertain significance,p.D22E
Isoniazid,katG,katG_p.Gly599Arg,1.0,0.0,3) Uncertain significance,p.G599R
Isoniazid,katG,katG_p.Asp573Asn,1.0,0.0,3) Uncertain significance,p.D573N
Isoniazid,katG,katG_p.Asn35Thr,,,3) Uncertain significance,p.N35T
Isoniazid,katG,katG_p.Asp56Asn,,,3) Uncertain significance,p.D56N
Isoniazid,katG,katG_p.His97Tyr,,,3) Uncertain significance,p.H97Y
Isoniazid,katG,katG_p.Glu391Asp,1.0,0.0,3) Uncertain significance,p.E391D
Isoniazid,katG,katG_p.Lys46Asn,1.0,0.0,3) Uncertain significance,p.K46N
Isoniazid,katG,katG_p.Phe567Ser,,,3) Uncertain significance,p.F567S
Isoniazid,katG,katG_p.Gly490Ala,,,3) Uncertain significance,p.G490A
Isoniazid,ahpC,ahpC_p.Leu106Phe,1.0,0.0,3) Uncertain significance,p.L106F
Isoniazid,katG,katG_p.Asp329Ala,,,3) Uncertain significance,p.D329A
Isoniazid,katG,katG_p.Gly206Asp,,,3) Uncertain significance,p.G206D
Isoniazid,ahpC,ahpC_p.Phe52Ser,1.0,0.0,3) Uncertain significance,p.F52S
Isoniazid,katG,katG_p.Ala61Pro,,,3) Uncertain significance,p.A61P
Isoniazid,katG,katG_p.Ala476Gly,1.0,0.0,3) Uncertain significance,p.A476G
Isoniazid,katG,katG_p.Gly683Arg,1.0,0.0,3) Uncertain significance,p.G683R
Isoniazid,katG,katG_p.Glu233Gln,,,3) Uncertain significance,p.E233Q
Isoniazid,inhA,inhA_p.Met155Leu,1.0,0.0,3) Uncertain significance,p.M155L
Isoniazid,katG,katG_p.Arg395Leu,1.0,0.0,3) Uncertain significance,p.R395L
Isoniazid,katG,katG_p.Leu604Phe,1.0,0.0,3) Uncertain significance,p.L604F
Isoniazid,katG,katG_p.Glu81Ala,,,3) Uncertain significance,p.E81A
Isoniazid,katG,katG_p.Thr625Ala,10.0,5.0,3) Uncertain significance,p.T625A
Isoniazid,katG,katG_p.Asp259Glu,1.0,0.0,3) Uncertain significance,p.D259E
Isoniazid,katG,katG_p.Ile666Met,1.0,0.0,3) Uncertain significance,p.I666M
Isoniazid,katG,katG_p.Gly33Ala,,,3) Uncertain significance,p.G33A
Isoniazid,katG,katG_p.Gln679Glu,,,3) Uncertain significance,p.Q679E
Isoniazid,katG,katG_p.Met377Thr,,,3) Uncertain significance,p.M377T
Isoniazid,katG,katG_p.Leu378Pro,,,3) Uncertain significance,p.L378P
Isoniazid,katG,katG_p.Lys157Asn,1.0,0.0,3) Uncertain significance,p.K157N
Isoniazid,katG,katG_p.Met225Ile,1.0,0.0,3) Uncertain significance,p.M225I
Isoniazid,katG,katG_p.Ser650Phe,1.0,0.0,3) Uncertain significance,p.S650F
Isoniazid,katG,katG_p.Lys516Arg,1.0,0.0,3) Uncertain significance,p.K516R
Isoniazid,katG,katG_p.Pro2Ser,,,3) Uncertain significance,p.P2S
Isoniazid,katG,katG_p.Val581Met,1.0,0.0,3) Uncertain significance,p.V581M
Isoniazid,katG,katG_p.Lys488Asn,1.0,0.0,3) Uncertain significance,p.K488N
Isoniazid,katG,katG_p.Leu604Ser,,,3) Uncertain significance,p.L604S
Isoniazid,katG,katG_p.Asp247His,1.0,0.0,3) Uncertain significance,p.D247H
Isoniazid,katG,katG_p.Thr435Ile,1.0,0.0,3) Uncertain significance,p.T435I
Isoniazid,inhA,inhA_p.Ala235Thr,1.0,0.0,3) Uncertain significance,p.A235T
Isoniazid,ahpC,ahpC_p.Cys61Trp,1.0,0.0,3) Uncertain significance,p.C61W
Isoniazid,ahpC,ahpC_p.Asp113Gly,1.0,0.0,3) Uncertain significance,p.D113G
Isoniazid,katG,katG_p.Lys310Asn,1.0,0.0,3) Uncertain significance,p.K310N
Isoniazid,katG,katG_p.Ala256Gly,2.0,1.0,3) Uncertain significance,p.A256G
Isoniazid,katG,katG_p.Val260Leu,1.0,0.0,3) Uncertain significance,p.V260L
Isoniazid,katG,katG_p.Glu233Lys,1.0,0.0,3) Uncertain significance,p.E233K
Isoniazid,katG,katG_p.Pro286His,,,3) Uncertain significance,p.P286H
Isoniazid,katG,katG_p.Arg145His,,,3) Uncertain significance,p.R145H
Isoniazid,ahpC,ahpC_p.Trp96Arg,,,3) Uncertain significance,p.W96R
Isoniazid,katG,katG_p.Val320Ala,1.0,0.0,3) Uncertain significance,p.V320A
Isoniazid,katG,katG_p.Gln525Thr,1.0,0.0,3) Uncertain significance,p.Q525T
Isoniazid,katG,katG_p.Ala531Ser,1.0,0.0,3) Uncertain significance,p.A531S
Isoniazid,inhA,inhA_p.Ile16Val,1.0,0.0,3) Uncertain significance,p.I16V
Isoniazid,katG,katG_p.Arg693His,1.0,0.0,3) Uncertain significance,p.R693H
Isoniazid,katG,katG_p.Asp37Gly,1.0,0.0,3) Uncertain significance,p.D37G
Isoniazid,katG,katG_p.Ala424Gly,1.0,0.0,3) Uncertain significance,p.A424G
Isoniazid,katG,katG_p.Ala621Thr,1.0,0.0,3) Uncertain significance,p.A621T
Isoniazid,katG,katG_p.Asn529His,1.0,0.0,3) Uncertain significance,p.N529H
Isoniazid,ahpC,ahpC_p.Val161Gly,,,3) Uncertain significance,p.V161G
Isoniazid,katG,katG_p.Thr475Ile,3.0,15.0,3) Uncertain significance,p.T475I
Isoniazid,katG,katG_p.Thr344Met,1.0,0.0,3) Uncertain significance,p.T344M
Isoniazid,katG,katG_p.Ala244Gly,3.0,1.0,3) Uncertain significance,p.A244G
Isoniazid,katG,katG_p.Lys143Gln,1.0,0.0,3) Uncertain significance,p.K143Q
Isoniazid,inhA,inhA_p.Ala191Thr,,,3) Uncertain significance,p.A191T
Isoniazid,katG,katG_p.Phe698Leu,1.0,0.0,3) Uncertain significance,p.F698L
Isoniazid,katG,katG_p.Met84Thr,,,3) Uncertain significance,p.M84T
Isoniazid,katG,katG_p.Phe408Leu,,,3) Uncertain significance,p.F408L
Isoniazid,katG,katG_p.Ala110Thr,3.0,0.0,3) Uncertain significance,p.A110T
Isoniazid,katG,katG_p.Gln88Pro,1.0,0.0,3) Uncertain significance,p.Q88P
Isoniazid,katG,katG_p.Lys600Gln,1.0,0.0,3) Uncertain significance,p.K600Q
Isoniazid,katG,katG_p.Pro150Ser,1.0,0.0,3) Uncertain significance,p.P150S
Isoniazid,ahpC,ahpC_p.Asn72Lys,1.0,0.0,3) Uncertain significance,p.N72K
Isoniazid,ahpC,ahpC_p.Ala195Thr,1.0,0.0,3) Uncertain significance,p.A195T
Isoniazid,katG,katG_p.Gly560Arg,1.0,0.0,3) Uncertain significance,p.G560R
Isoniazid,inhA,inhA_p.Val92Met,,,3) Uncertain significance,p.V92M
Isoniazid,katG,katG_p.Gly125Cys,,,3) Uncertain significance,p.G125C
Isoniazid,katG,katG_p.Pro92Ser,1.0,0.0,3) Uncertain significance,p.P92S
Isoniazid,katG,katG_p.Ala706Thr,,,3) Uncertain significance,p.A706T
Isoniazid,katG,katG_p.Ala168Thr,1.0,0.0,3) Uncertain significance,p.A168T
Isoniazid,katG,katG_p.Glu233Gly,3.0,1.0,3) Uncertain significance,p.E233G
Isoniazid,inhA,inhA_p.Ile16Thr,1.0,1.0,3) Uncertain significance,p.I16T
Isoniazid,katG,katG_p.Gly125Ser,2.0,1.0,3) Uncertain significance,p.G125S
Isoniazid,katG,katG_p.Met296Ile,1.0,0.0,3) Uncertain significance,p.M296I
Isoniazid,katG,katG_p.Glu294Gly,,,3) Uncertain significance,p.E294G
Isoniazid,katG,katG_p.Ile393Ser,0.0,1.0,3) Uncertain significance,p.I393S
Isoniazid,katG,katG_p.Leu159Phe,0.0,1.0,3) Uncertain significance,p.L159F
Isoniazid,ahpC,ahpC_p.Lys192Gln,1.0,0.0,3) Uncertain significance,p.K192Q
Isoniazid,katG,katG_p.Arg632Cys,1.0,0.0,3) Uncertain significance,p.R632C
Isoniazid,ahpC,ahpC_p.Gly32Ser,,,3) Uncertain significance,p.G32S
Isoniazid,katG,katG_p.Gly570Ser,,,3) Uncertain significance,p.G570S
Isoniazid,inhA,inhA_p.Gln35Arg,3.0,8.0,3) Uncertain significance,p.Q35R
Isoniazid,katG,katG_p.Gly494Ala,3.0,1.0,3) Uncertain significance,p.G494A
Isoniazid,katG,katG_p.Phe252Leu,,,3) Uncertain significance,p.F252L
Isoniazid,katG,katG_p.Thr306Pro,,,3) Uncertain significance,p.T306P
Isoniazid,katG,katG_p.Ala122Thr,1.0,0.0,3) Uncertain significance,p.A122T
Isoniazid,katG,katG_p.Ser331Gly,,,3) Uncertain significance,p.S331G
Isoniazid,katG,katG_p.Gln439Lys,1.0,0.0,3) Uncertain significance,p.Q439K
Isoniazid,katG,katG_p.Phe62Ser,1.0,0.0,3) Uncertain significance,p.F62S
Isoniazid,katG,katG_p.Lys686Glu,1.0,0.0,3) Uncertain significance,p.K686E
Isoniazid,katG,katG_p.Asn133Thr,1.0,0.0,3) Uncertain significance,p.N133T
Isoniazid,katG,katG_p.Thr468Pro,1.0,0.0,3) Uncertain significance,p.T468P
Isoniazid,katG,katG_p.Glu208Ala,1.0,0.0,3) Uncertain significance,p.E208A
Isoniazid,katG,katG_p.Asp357His,1.0,0.0,3) Uncertain significance,p.D357H
Isoniazid,katG,katG_p.Leu587Pro,0.0,1.0,3) Uncertain significance,p.L587P
Isoniazid,inhA,inhA_p.His24Gln,1.0,0.0,3) Uncertain significance,p.H24Q
Isoniazid,katG,katG_p.Val230Ala,1.0,0.0,3) Uncertain significance,p.V230A
Isoniazid,inhA,inhA_p.Ile228Val,5.0,30.0,3) Uncertain significance,p.I228V
Isoniazid,katG,katG_p.Thr579Ser,1.0,0.0,3) Uncertain significance,p.T579S
Isoniazid,katG,katG_p.Trp438Cys,1.0,0.0,3) Uncertain significance,p.W438C
Isoniazid,katG,katG_p.Tyr426His,1.0,0.0,3) Uncertain significance,p.Y426H
Isoniazid,katG,katG_p.Thr579Ala,1.0,0.0,3) Uncertain significance,p.T579A
Isoniazid,katG,katG_p.Lys719Gln,1.0,0.0,3) Uncertain significance,p.K719Q
Isoniazid,katG,katG_p.Asp723Ala,1.0,0.0,3) Uncertain significance,p.D723A
Isoniazid,katG,katG_p.Ala162Thr,1.0,0.0,3) Uncertain significance,p.A162T
Isoniazid,katG,katG_p.Gly560Ala,2.0,1.0,3) Uncertain significance,p.G560A
Isoniazid,katG,katG_p.Ala243Thr,2.0,1.0,3) Uncertain significance,p.A243T
Isoniazid,katG,katG_p.Leu598Arg,0.0,1.0,3) Uncertain significance,p.L598R
Isoniazid,inhA,inhA_p.Ala26Thr,1.0,0.0,3) Uncertain significance,p.A26T
Isoniazid,inhA,inhA_p.Leu61Val,,,3) Uncertain significance,p.L61V
Isoniazid,ahpC,ahpC_p.Leu165Phe,1.0,0.0,3) Uncertain significance,p.L165F
Isoniazid,katG,katG_p.Arg489Cys,1.0,1.0,3) Uncertain significance,p.R489C
Isoniazid,katG,katG_p.Pro569Leu,0.0,1.0,3) Uncertain significance,p.P569L
Isoniazid,katG,katG_p.Arg463Trp,1.0,0.0,3) Uncertain significance,p.R463W
Isoniazid,katG,katG_p.Ser465Pro,1.0,0.0,3) Uncertain significance,p.S465P
Isoniazid,inhA,inhA_p.Ala239Thr,1.0,0.0,3) Uncertain significance,p.A239T
Isoniazid,katG,katG_p.Leu734Val,1.0,0.0,3) Uncertain significance,p.L734V
Isoniazid,katG,katG_p.Pro280Ser,7.0,8.0,3) Uncertain significance,p.P280S
Isoniazid,katG,katG_p.Thr625Pro,,,3) Uncertain significance,p.T625P
Isoniazid,katG,katG_p.Ser700Phe,1.0,1.0,3) Uncertain significance,p.S700F
Isoniazid,ahpC,ahpC_p.Val49Leu,1.0,0.0,3) Uncertain significance,p.V49L
Isoniazid,inhA,inhA_p.Ala124Val,1.0,0.0,3) Uncertain significance,p.A124V
Isoniazid,katG,katG_p.Val450Ala,,,3) Uncertain significance,p.V450A
Isoniazid,ahpC,ahpC_p.Thr105Met,1.0,2.0,3) Uncertain significance,p.T105M
Isoniazid,katG,katG_p.Gly305Ser,,,3) Uncertain significance,p.G305S
Isoniazid,katG,katG_p.Gly124Ala,2.0,0.0,3) Uncertain significance,p.G124A
Isoniazid,katG,katG_p.His49Tyr,2.0,0.0,3) Uncertain significance,p.H49Y
Isoniazid,ahpC,ahpC_p.Glu143Ala,1.0,0.0,3) Uncertain significance,p.E143A
Isoniazid,katG,katG_p.Asp387His,,,3) Uncertain significance,p.D387H
Isoniazid,katG,katG_p.Pro432Leu,3.0,1.0,3) Uncertain significance,p.P432L
Isoniazid,katG,katG_p.Thr85Ala,3.0,1.0,3) Uncertain significance,p.T85A
Isoniazid,katG,katG_p.Ala480Ser,7.0,3.0,3) Uncertain significance,p.A480S
Isoniazid,katG,katG_p.Ser17Gly,1.0,1.0,3) Uncertain significance,p.S17G
Isoniazid,katG,katG_p.Met58Val,,,3) Uncertain significance,p.M58V
Isoniazid,katG,katG_p.Asn493Gly,1.0,0.0,3) Uncertain significance,p.N493G
Isoniazid,katG,katG_p.Val246Gly,1.0,0.0,3) Uncertain significance,p.V246G
Isoniazid,katG,katG_p.Pro131Ser,1.0,1.0,3) Uncertain significance,p.P131S
Isoniazid,katG,katG_p.Pro136Leu,2.0,1.0,3) Uncertain significance,p.P136L
Isoniazid,katG,katG_p.Gly307Arg,1.0,0.0,3) Uncertain significance,p.G307R
Isoniazid,katG,katG_p.Ala614Thr,1.0,2.0,4) Not assoc w R - Interim,p.A614T
Isoniazid,katG,katG_p.Ala130Thr,1.0,0.0,3) Uncertain significance,p.A130T
Isoniazid,katG,katG_p.Ala726Thr,0.0,3.0,3) Uncertain significance,p.A726T
Isoniazid,katG,katG_p.Asn529Thr,3.0,2.0,4) Not assoc w R - Interim,p.N529T
Isoniazid,ahpC,ahpC_p.Arg133His,1.0,0.0,3) Uncertain significance,p.R133H
Isoniazid,katG,katG_p.Tyr197Asp,1.0,0.0,3) Uncertain significance,p.Y197D
Isoniazid,inhA,inhA_p.Pro107Ser,,,3) Uncertain significance,p.P107S
Isoniazid,katG,katG_p.Gly285Asp,0.0,1.0,3) Uncertain significance,p.G285D
Isoniazid,katG,katG_p.Asp194Asn,1.0,2.0,3) Uncertain significance,p.D194N
Isoniazid,inhA,inhA_p.Thr2Pro,1.0,0.0,3) Uncertain significance,p.T2P
Isoniazid,katG,katG_p.Thr11Ala,,,3) Uncertain significance,p.T11A
Isoniazid,katG,katG_p.Asp94Tyr,1.0,0.0,3) Uncertain significance,p.D94Y
Isoniazid,katG,katG_p.Pro365Thr,1.0,0.0,3) Uncertain significance,p.P365T
Isoniazid,inhA,inhA_p.Met130Val,1.0,0.0,3) Uncertain significance,p.M130V
Isoniazid,katG,katG_p.Glu3Val,1.0,0.0,3) Uncertain significance,p.E3V
Isoniazid,ahpC,ahpC_p.Leu191Pro,1.0,0.0,3) Uncertain significance,p.L191P
Isoniazid,katG,katG_p.Met225Val,1.0,0.0,3) Uncertain significance,p.M225V
Isoniazid,katG,katG_p.Ile666Thr,,,3) Uncertain significance,p.I666T
Isoniazid,inhA,inhA_p.Ile15Leu,1.0,0.0,3) Uncertain significance,p.I15L
Isoniazid,inhA,inhA_p.Ala133Thr,2.0,0.0,3) Uncertain significance,p.A133T
Isoniazid,katG,katG_p.Ala649Thr,1.0,0.0,3) Uncertain significance,p.A649T
Isoniazid,ahpC,ahpC_p.Val130Met,1.0,2.0,3) Uncertain significance,p.V130M
Isoniazid,katG,katG_p.Lys557Asn,6.0,11.0,3) Uncertain significance,p.K557N
Isoniazid,katG,katG_p.Glu399Asp,1.0,1.0,3) Uncertain significance,p.E399D
Isoniazid,katG,katG_p.Ile317Val,7.0,0.0,3) Uncertain significance,p.I317V
Isoniazid,katG,katG_p.Arg496His,0.0,1.0,3) Uncertain significance,p.R496H
Isoniazid,katG,katG_p.Phe178Val,1.0,1.0,3) Uncertain significance,p.F178V
Isoniazid,inhA,inhA_p.Gly183Ser,2.0,1.0,3) Uncertain significance,p.G183S
Isoniazid,katG,katG_p.Tyr64Asp,0.0,1.0,3) Uncertain significance,p.Y64D
Isoniazid,katG,katG_p.Pro29Ser,2.0,1.0,3) Uncertain significance,p.P29S
Isoniazid,katG,katG_p.Ala532Pro,0.0,1.0,3) Uncertain significance,p.A532P
Isoniazid,ahpC,ahpC_p.Pro62His,0.0,1.0,3) Uncertain significance,p.P62H
Isoniazid,katG,katG_p.Ile455Leu,0.0,1.0,3) Uncertain significance,p.I455L
Isoniazid,katG,katG_p.Phe584Val,2.0,7.0,3) Uncertain significance,p.F584V
Isoniazid,katG,katG_p.Ser211Asn,2.0,3.0,3) Uncertain significance,p.S211N
Isoniazid,inhA,inhA_p.Ala252Thr,0.0,1.0,3) Uncertain significance,p.A252T
Isoniazid,katG,katG_p.Ala109Thr,12.0,2.0,3) Uncertain significance,p.A109T
Isoniazid,katG,katG_p.Trp728Phe,0.0,2.0,3) Uncertain significance,p.W728F
Isoniazid,katG,katG_p.His116Tyr,1.0,1.0,3) Uncertain significance,p.H116Y
Isoniazid,katG,katG_p.Asn51Thr,0.0,1.0,3) Uncertain significance,p.N51T
Isoniazid,katG,katG_p.Pro52Arg,0.0,1.0,3) Uncertain significance,p.P52R
Isoniazid,inhA,inhA_p.Gly183Asp,0.0,4.0,3) Uncertain significance,p.G183D
Isoniazid,katG,katG_p.Ala558Arg,0.0,1.0,3) Uncertain significance,p.A558R
Isoniazid,katG,katG_p.Lys557Arg,0.0,1.0,3) Uncertain significance,p.K557R
Isoniazid,inhA,inhA_p.Gly76Ser,,,3) Uncertain significance,p.G76S
Isoniazid,katG,katG_p.Val626Ala,,,3) Uncertain significance,p.V626A
Isoniazid,katG,katG_p.Pro429Arg,1.0,2.0,3) Uncertain significance,p.P429R
Isoniazid,katG,katG_p.Ala348Gly,1.0,1.0,3) Uncertain significance,p.A348G
Isoniazid,katG,katG_p.Leu147Arg,,,3) Uncertain significance,p.L147R
Isoniazid,katG,katG_p.Val507Ile,0.0,1.0,3) Uncertain significance,p.V507I
Isoniazid,katG,katG_p.Leu333Phe,0.0,1.0,3) Uncertain significance,p.L333F
Isoniazid,inhA,inhA_p.Gly76Asp,0.0,1.0,3) Uncertain significance,p.G76D
Isoniazid,katG,katG_p.Thr275Ala,17.0,1.0,3) Uncertain significance,p.T275A
Isoniazid,katG,katG_p.Ala591Thr,1.0,2.0,3) Uncertain significance,p.A591T
Isoniazid,ahpC,ahpC_p.Phe108Val,,,3) Uncertain significance,p.F108V
Isoniazid,katG,katG_p.Lys152Gln,,,3) Uncertain significance,p.K152Q
Isoniazid,katG,katG_p.Glu506Asp,1.0,1.0,3) Uncertain significance,p.E506D
Isoniazid,katG,katG_p.Gly466Arg,0.0,1.0,3) Uncertain significance,p.G466R
Isoniazid,katG,katG_p.Ala727Thr,0.0,1.0,3) Uncertain significance,p.A727T
Isoniazid,ahpC,ahpC_p.Pro44Arg,37.0,44.0,3) Uncertain significance,p.P44R
Isoniazid,katG,katG_p.Arg519His,0.0,1.0,3) Uncertain significance,p.R519H
Isoniazid,inhA,inhA_p.Ala22Ser,2.0,1.0,3) Uncertain significance,p.A22S
Isoniazid,ahpC,ahpC_p.Ala12Val,0.0,1.0,3) Uncertain significance,p.A12V
Isoniazid,katG,katG_p.Pro672Ser,0.0,1.0,3) Uncertain significance,p.P672S
Isoniazid,katG,katG_p.Gly156Ser,0.0,1.0,3) Uncertain significance,p.G156S
Isoniazid,inhA,inhA_p.Ala190Ser,2.0,3.0,3) Uncertain significance,p.A190S
Isoniazid,ahpC,ahpC_p.Gly20Ala,0.0,1.0,3) Uncertain significance,p.G20A
Isoniazid,katG,katG_p.Ala61Ser,,,3) Uncertain significance,p.A61S
Isoniazid,katG,katG_p.Ala574Val,,,3) Uncertain significance,p.A574V
Isoniazid,katG,katG_p.Pro286Ala,,,3) Uncertain significance,p.P286A
Isoniazid,katG,katG_p.Ala202Ser,,,3) Uncertain significance,p.A202S
Isoniazid,inhA,inhA_p.Gly212Ser,,,3) Uncertain significance,p.G212S
Isoniazid,katG,katG_p.Arg146Leu,0.0,2.0,3) Uncertain significance,p.R146L
Isoniazid,ahpC,ahpC_p.His100Leu,0.0,1.0,3) Uncertain significance,p.H100L
Isoniazid,katG,katG_p.Asp675His,0.0,1.0,3) Uncertain significance,p.D675H
Isoniazid,katG,katG_p.Ser87Leu,0.0,1.0,3) Uncertain significance,p.S87L
Isoniazid,katG,katG_p.Gly34Arg,,,3) Uncertain significance,p.G34R
Isoniazid,katG,katG_p.Glu523Asp,0.0,1.0,3) Uncertain significance,p.E523D
Isoniazid,katG,katG_p.Pro432Thr,0.0,1.0,3) Uncertain significance,p.P432T
Isoniazid,katG,katG_p.Pro40Leu,0.0,1.0,3) Uncertain significance,p.P40L
Isoniazid,katG,katG_p.Ala281Thr,0.0,1.0,3) Uncertain significance,p.A281T
Isoniazid,katG,katG_p.Met420Ile,0.0,1.0,3) Uncertain significance,p.M420I
Isoniazid,ahpC,ahpC_p.Arg179His,0.0,1.0,3) Uncertain significance,p.R179H
Isoniazid,katG,katG_p.Ser481Ala,0.0,1.0,3) Uncertain significance,p.S481A
Isoniazid,katG,katG_p.Val721Leu,,,3) Uncertain significance,p.V721L
Isoniazid,katG,katG_p.Asp511Tyr,0.0,1.0,3) Uncertain significance,p.D511Y
Isoniazid,ahpC,ahpC_p.Ala149Asp,0.0,1.0,3) Uncertain significance,p.A149D
Isoniazid,katG,katG_p.Tyr390Cys,0.0,1.0,3) Uncertain significance,p.Y390C
Isoniazid,katG,katG_p.Met84Ile,,,3) Uncertain significance,p.M84I
Isoniazid,katG,katG_p.Asp406Gly,0.0,1.0,3) Uncertain significance,p.D406G
Isoniazid,katG,katG_p.Asp509Asn,0.0,1.0,3) Uncertain significance,p.D509N
Isoniazid,katG,katG_p.Gly124Asp,0.0,1.0,3) Uncertain significance,p.G124D
Isoniazid,katG,katG_p.Ile80Phe,0.0,1.0,3) Uncertain significance,p.I80F
Isoniazid,ahpC,ahpC_p.Gly21Ser,0.0,1.0,3) Uncertain significance,p.G21S
Isoniazid,inhA,inhA_p.Pro140Leu,0.0,1.0,3) Uncertain significance,p.P140L
Isoniazid,ahpC,ahpC_p.Lys29Asn,0.0,1.0,3) Uncertain significance,p.K29N
Isoniazid,katG,katG_p.Glu195Lys,0.0,1.0,3) Uncertain significance,p.E195K
Isoniazid,katG,katG_p.Thr380Ser,0.0,1.0,3) Uncertain significance,p.T380S
Isoniazid,katG,katG_p.Phe62Leu,,,3) Uncertain significance,p.F62L
Isoniazid,ahpC,ahpC_p.Gly155Glu,,,3) Uncertain significance,p.G155E
Isoniazid,katG,katG_p.Val445Ile,0.0,1.0,3) Uncertain significance,p.V445I
Isoniazid,katG,katG_p.Val473Phe,0.0,1.0,3) Uncertain significance,p.V473F
Isoniazid,katG,katG_p.Val267Ala,0.0,1.0,3) Uncertain significance,p.V267A
Isoniazid,inhA,inhA_p.Ser19Ala,0.0,1.0,3) Uncertain significance,p.S19A
Isoniazid,katG,katG_p.Val319Ile,,,3) Uncertain significance,p.V319I
Isoniazid,katG,katG_p.Thr654Ala,,,3) Uncertain significance,p.T654A
Isoniazid,inhA,inhA_p.Glu219Ala,0.0,1.0,3) Uncertain significance,p.E219A
Isoniazid,ahpC,ahpC_p.Val134Leu,0.0,1.0,3) Uncertain significance,p.V134L
Isoniazid,katG,katG_p.Met242Ile,,,3) Uncertain significance,p.M242I
Isoniazid,inhA,inhA_p.Lys118Glu,,,3) Uncertain significance,p.K118E
Isoniazid,katG,katG_p.Leu449Arg,0.0,1.0,3) Uncertain significance,p.L449R
Isoniazid,katG,katG_p.Gln352Tyr,0.0,1.0,3) Uncertain significance,p.Q352Y
Isoniazid,inhA,inhA_p.Ala114Gly,,,3) Uncertain significance,p.A114G
Isoniazid,katG,katG_p.Phe658Leu,0.0,1.0,3) Uncertain significance,p.F658L
Isoniazid,katG,katG_p.Thr376Lys,0.0,1.0,3) Uncertain significance,p.T376K
Isoniazid,katG,katG_p.Glu402Ala,0.0,1.0,3) Uncertain significance,p.E402A
Isoniazid,katG,katG_p.Trp351Leu,,,3) Uncertain significance,p.W351L
Isoniazid,katG,katG_p.Lys554Asn,0.0,1.0,3) Uncertain significance,p.K554N
Isoniazid,katG,katG_p.Arg736Ser,0.0,1.0,3) Uncertain significance,p.R736S
Isoniazid,katG,katG_p.Leu205Arg,0.0,1.0,3) Uncertain significance,p.L205R
Isoniazid,ahpC,ahpC_p.Thr105Lys,,,3) Uncertain significance,p.T105K
Isoniazid,katG,katG_p.Lys681Thr,0.0,1.0,3) Uncertain significance,p.K681T
Isoniazid,katG,katG_p.Glu526Asp,0.0,1.0,3) Uncertain significance,p.E526D
Isoniazid,katG,katG_p.His447Arg,,,3) Uncertain significance,p.H447R
Isoniazid,katG,katG_p.Leu427Phe,,,3) Uncertain significance,p.L427F
Isoniazid,katG,katG_p.Pro510Ala,0.0,1.0,3) Uncertain significance,p.P510A
Isoniazid,katG,katG_p.Asp663Gly,0.0,1.0,3) Uncertain significance,p.D663G
Isoniazid,katG,katG_p.Glu407Lys,0.0,1.0,3) Uncertain significance,p.E407K
Isoniazid,inhA,inhA_p.Thr266Ala,0.0,1.0,3) Uncertain significance,p.T266A
Isoniazid,katG,katG_p.Thr306Ala,0.0,1.0,3) Uncertain significance,p.T306A
Isoniazid,katG,katG_p.Tyr638Cys,0.0,1.0,3) Uncertain significance,p.Y638C
Isoniazid,katG,katG_p.Asn535Thr,0.0,1.0,3) Uncertain significance,p.N535T
Isoniazid,inhA,inhA_p.Ser143Cys,0.0,1.0,3) Uncertain significance,p.S143C
Isoniazid,katG,katG_p.Thr112Ser,0.0,1.0,3) Uncertain significance,p.T112S
Isoniazid,inhA,inhA_p.Gln214Arg,,,3) Uncertain significance,p.Q214R
Isoniazid,katG,katG_p.Ala541Thr,0.0,2.0,3) Uncertain significance,p.A541T
Isoniazid,inhA,inhA_p.Asn231Lys,,,3) Uncertain significance,p.N231K
Isoniazid,ahpC,ahpC_p.Ala151Ser,0.0,1.0,3) Uncertain significance,p.A151S
Isoniazid,katG,katG_p.Thr654Asn,,,3) Uncertain significance,p.T654N
Isoniazid,katG,katG_p.Ser620Arg,0.0,1.0,3) Uncertain significance,p.S620R
Isoniazid,inhA,inhA_p.Gly221Ser,,,3) Uncertain significance,p.G221S
Isoniazid,katG,katG_p.Ala168Val,0.0,1.0,3) Uncertain significance,p.A168V
Isoniazid,katG,katG_p.Glu522Lys,0.0,1.0,3) Uncertain significance,p.E522K
Isoniazid,katG,katG_p.Pro347Ser,0.0,1.0,3) Uncertain significance,p.P347S
Isoniazid,katG,katG_p.Asp37Glu,0.0,1.0,3) Uncertain significance,p.D37E
Isoniazid,katG,katG_p.Asp580Glu,0.0,1.0,3) Uncertain significance,p.D580E
Isoniazid,katG,katG_p.Ala60Thr,0.0,1.0,3) Uncertain significance,p.A60T
Isoniazid,katG,katG_p.Asn637Tyr,0.0,1.0,3) Uncertain significance,p.N637Y
Isoniazid,katG,katG_p.Cys549Ser,0.0,1.0,3) Uncertain significance,p.C549S
Isoniazid,katG,katG_p.Leu382Arg,0.0,2.0,3) Uncertain significance,p.L382R
Isoniazid,katG,katG_p.Gln88Glu,0.0,1.0,3) Uncertain significance,p.Q88E
Isoniazid,katG,katG_p.Gln4Tyr,0.0,1.0,3) Uncertain significance,p.Q4Y
Isoniazid,inhA,inhA_p.Asp89Asn,,,3) Uncertain significance,p.D89N
Isoniazid,inhA,inhA_p.Asn139Tyr,0.0,1.0,3) Uncertain significance,p.N139Y
Isoniazid,katG,katG_p.Gly601Asp,0.0,1.0,3) Uncertain significance,p.G601D
Isoniazid,katG,katG_p.Lys730Asn,0.0,1.0,3) Uncertain significance,p.K730N
Isoniazid,katG,katG_p.Thr654Ser,0.0,1.0,3) Uncertain significance,p.T654S
Isoniazid,inhA,inhA_p.Asp42Ala,0.0,1.0,3) Uncertain significance,p.D42A
Isoniazid,katG,katG_p.Val423Phe,,,3) Uncertain significance,p.V423F
Isoniazid,katG,katG_p.Ile497Val,0.0,1.0,3) Uncertain significance,p.I497V
Isoniazid,ahpC,ahpC_p.Asp171Asn,0.0,1.0,3) Uncertain significance,p.D171N
Isoniazid,katG,katG_p.Glu623Ala,0.0,1.0,3) Uncertain significance,p.E623A
Isoniazid,katG,katG_p.Lys200Arg,0.0,1.0,3) Uncertain significance,p.K200R
Isoniazid,ahpC,ahpC_p.Trp96Cys,0.0,1.0,3) Uncertain significance,p.W96C
Isoniazid,katG,katG_p.Thr9Lys,,,3) Uncertain significance,p.T9K
Isoniazid,katG,katG_p.Asn35His,,,3) Uncertain significance,p.N35H
Isoniazid,katG,katG_p.Ile8Val,0.0,1.0,3) Uncertain significance,p.I8V
Isoniazid,ahpC,ahpC_p.Lys115Arg,0.0,1.0,3) Uncertain significance,p.K115R
Isoniazid,katG,katG_p.Ser140Arg,0.0,1.0,3) Uncertain significance,p.S140R
Isoniazid,katG,katG_p.Leu437Arg,,,3) Uncertain significance,p.L437R
Isoniazid,katG,katG_p.Gly285Ala,0.0,1.0,3) Uncertain significance,p.G285A
Isoniazid,katG,katG_p.Trp728Tyr,,,3) Uncertain significance,p.W728Y
Isoniazid,katG,katG_p.Thr344Leu,0.0,1.0,3) Uncertain significance,p.T344L
Isoniazid,katG,katG_p.Gln439Tyr,0.0,1.0,3) Uncertain significance,p.Q439Y
Isoniazid,katG,katG_p.Met257Thr,,,3) Uncertain significance,p.M257T
Isoniazid,ahpC,ahpC_p.Leu191Arg,0.0,1.0,3) Uncertain significance,p.L191R
Isoniazid,katG,katG_p.Tyr353Cys,0.0,1.0,3) Uncertain significance,p.Y353C
Isoniazid,ahpC,ahpC_p.Asp102Gly,0.0,1.0,3) Uncertain significance,p.D102G
Isoniazid,katG,katG_p.Ser652Ala,0.0,1.0,3) Uncertain significance,p.S652A
Isoniazid,katG,katG_p.Pro566Leu,0.0,1.0,3) Uncertain significance,p.P566L
Isoniazid,ahpC,ahpC_p.Trp178Cys,0.0,1.0,3) Uncertain significance,p.W178C
Isoniazid,inhA,inhA_p.Val12Ile,0.0,1.0,3) Uncertain significance,p.V12I
Isoniazid,katG,katG_p.Ala15Val,0.0,1.0,3) Uncertain significance,p.A15V
Isoniazid,katG,katG_p.Gly451Asp,0.0,1.0,3) Uncertain significance,p.G451D
Isoniazid,inhA,inhA_p.Pro55Leu,0.0,1.0,3) Uncertain significance,p.P55L
Isoniazid,katG,katG_p.Ala60Gly,,,3) Uncertain significance,p.A60G
Isoniazid,katG,katG_p.Leu696Gln,0.0,1.0,3) Uncertain significance,p.L696Q
Isoniazid,katG,katG_p.Val710Ile,0.0,1.0,3) Uncertain significance,p.V710I
Isoniazid,ahpC,ahpC_p.Leu4Arg,0.0,1.0,3) Uncertain significance,p.L4R
Isoniazid,inhA,inhA_p.Gly33Asp,0.0,1.0,3) Uncertain significance,p.G33D
Isoniazid,inhA,inhA_p.Val91Ala,,,3) Uncertain significance,p.V91A
Isoniazid,katG,katG_p.Ala122Pro,0.0,1.0,3) Uncertain significance,p.A122P
Isoniazid,katG,katG_p.Asn660Ala,0.0,1.0,3) Uncertain significance,p.N660A
Isoniazid,katG,katG_p.Gly570Phe,,,3) Uncertain significance,p.G570F
Isoniazid,ahpC,ahpC_p.Lys180Asn,0.0,1.0,3) Uncertain significance,p.K180N
Isoniazid,katG,katG_p.Gln461Arg,0.0,1.0,3) Uncertain significance,p.Q461R
Isoniazid,ahpC,ahpC_p.Arg133Gln,0.0,1.0,3) Uncertain significance,p.R133Q
Isoniazid,katG,katG_p.Gly593Ser,1.0,0.0,3) Uncertain significance,p.G593S
Isoniazid,ahpC,ahpC_p.Leu15Arg,0.0,1.0,3) Uncertain significance,p.L15R
Isoniazid,katG,katG_p.Asp406Ala,0.0,1.0,3) Uncertain significance,p.D406A
Isoniazid,katG,katG_p.Ser527Leu,0.0,1.0,3) Uncertain significance,p.S527L
Isoniazid,inhA,inhA_p.Tyr182His,,,3) Uncertain significance,p.Y182H
Isoniazid,ahpC,ahpC_p.Val147Gly,,,3) Uncertain significance,p.V147G
Isoniazid,katG,katG_p.Gly338Asp,0.0,1.0,3) Uncertain significance,p.G338D
Isoniazid,katG,katG_p.Val196Ile,0.0,1.0,3) Uncertain significance,p.V196I
Isoniazid,katG,katG_p.Thr77Arg,0.0,1.0,3) Uncertain significance,p.T77R
Isoniazid,katG,katG_p.Leu707Pro,0.0,1.0,3) Uncertain significance,p.L707P
Isoniazid,katG,katG_p.Pro52Ser,0.0,1.0,3) Uncertain significance,p.P52S
Isoniazid,katG,katG_p.Lys590Gln,,,3) Uncertain significance,p.K590Q
Isoniazid,katG,katG_p.Ala559Val,0.0,1.0,3) Uncertain significance,p.A559V
Isoniazid,inhA,inhA_p.Met155Ile,0.0,1.0,3) Uncertain significance,p.M155I
Isoniazid,ahpC,ahpC_p.Thr63Asn,0.0,1.0,3) Uncertain significance,p.T63N
Isoniazid,katG,katG_p.Lys143Asn,,,3) Uncertain significance,p.K143N
Isoniazid,katG,katG_p.Leu616Ser,0.0,1.0,3) Uncertain significance,p.L616S
Isoniazid,katG,katG_p.Arg496Leu,,,3) Uncertain significance,p.R496L
Isoniazid,inhA,inhA_p.Ser19Leu,0.0,1.0,3) Uncertain significance,p.S19L
Isoniazid,inhA,inhA_p.Glu80Ala,,,3) Uncertain significance,p.E80A
Isoniazid,katG,katG_p.Thr11Ser,,,3) Uncertain significance,p.T11S
Isoniazid,inhA,inhA_p.Gln100His,0.0,1.0,3) Uncertain significance,p.Q100H
Isoniazid,katG,katG_p.Thr324Asn,0.0,1.0,3) Uncertain significance,p.T324N
Isoniazid,katG,katG_p.Gly206Arg,0.0,1.0,3) Uncertain significance,p.G206R
Isoniazid,katG,katG_p.Asn236Lys,0.0,1.0,3) Uncertain significance,p.N236K
Isoniazid,inhA,inhA_p.Leu268Phe,0.0,1.0,3) Uncertain significance,p.L268F
Isoniazid,katG,katG_p.Asp282Gly,,,3) Uncertain significance,p.D282G
Isoniazid,katG,katG_p.Ser474Gln,0.0,1.0,3) Uncertain significance,p.S474Q
Isoniazid,katG,katG_p.Phe332Val,0.0,1.0,3) Uncertain significance,p.F332V
Isoniazid,inhA,inhA_p.Gly142Ser,0.0,1.0,3) Uncertain significance,p.G142S
Isoniazid,katG,katG_p.Asp729Asn,0.0,1.0,3) Uncertain significance,p.D729N
Isoniazid,katG,katG_p.Lys345Asn,0.0,1.0,3) Uncertain significance,p.K345N
Isoniazid,katG,katG_p.Val538Leu,,,3) Uncertain significance,p.V538L
Isoniazid,katG,katG_p.Leu147Ala,,,3) Uncertain significance,p.L147A
Isoniazid,inhA,inhA_p.His70Asp,0.0,1.0,3) Uncertain significance,p.H70D
Isoniazid,katG,katG_p.Arg498Cys,0.0,1.0,3) Uncertain significance,p.R498C
Isoniazid,katG,katG_p.Ala53Thr,,,3) Uncertain significance,p.A53T
Isoniazid,ahpC,ahpC_p.Leu185Ile,0.0,1.0,3) Uncertain significance,p.L185I
Isoniazid,katG,katG_p.Asp259Ala,,,3) Uncertain significance,p.D259A
Isoniazid,ahpC,ahpC_p.Ile137Thr,,,3) Uncertain significance,p.I137T
Isoniazid,katG,katG_p.Pro422His,,,3) Uncertain significance,p.P422H
Isoniazid,katG,katG_p.Glu31Ala,0.0,1.0,3) Uncertain significance,p.E31A
Isoniazid,katG,katG_p.Thr520Ala,0.0,1.0,3) Uncertain significance,p.T520A
Isoniazid,katG,katG_p.Gly305Cys,0.0,1.0,3) Uncertain significance,p.G305C
Isoniazid,ahpC,ahpC_p.Asp79Asn,,,3) Uncertain significance,p.D79N
Isoniazid,katG,katG_p.Gln525Ala,0.0,1.0,3) Uncertain significance,p.Q525A
Isoniazid,katG,katG_p.Leu398Arg,0.0,1.0,3) Uncertain significance,p.L398R
Isoniazid,katG,katG_p.Ala162Gly,0.0,1.0,3) Uncertain significance,p.A162G
Isoniazid,katG,katG_p.Val503Ala,0.0,1.0,3) Uncertain significance,p.V503A
Isoniazid,ahpC,ahpC_p.Asp166Asn,0.0,1.0,3) Uncertain significance,p.D166N
Isoniazid,ahpC,ahpC_p.Asp182Gly,0.0,1.0,3) Uncertain significance,p.D182G
Isoniazid,ahpC,ahpC_p.Asp102Glu,0.0,1.0,3) Uncertain significance,p.D102E
Isoniazid,katG,katG_p.Pro286Leu,0.0,1.0,3) Uncertain significance,p.P286L
Isoniazid,katG,katG_p.Leu298Phe,,,3) Uncertain significance,p.L298F
Isoniazid,katG,katG_p.Pro6Ser,3.0,14.0,3) Uncertain significance,p.P6S
Isoniazid,katG,katG_p.Ala716Thr,0.0,1.0,3) Uncertain significance,p.A716T
Isoniazid,katG,katG_p.His561Arg,0.0,1.0,3) Uncertain significance,p.H561R
Isoniazid,ahpC,ahpC_p.Leu15Ile,,,3) Uncertain significance,p.L15I
Isoniazid,ahpC,ahpC_p.Thr150Ala,0.0,1.0,3) Uncertain significance,p.T150A
Isoniazid,katG,katG_p.Pro605Arg,0.0,1.0,3) Uncertain significance,p.P605R
Isoniazid,inhA,inhA_p.Val189Ile,0.0,1.0,3) Uncertain significance,p.V189I
Isoniazid,katG,katG_p.Thr363Ala,,,3) Uncertain significance,p.T363A
Isoniazid,katG,katG_p.Arg736Lys,0.0,1.0,3) Uncertain significance,p.R736K
Isoniazid,katG,katG_p.Asp656Gly,,,3) Uncertain significance,p.D656G
Isoniazid,katG,katG_p.Arg498Ser,0.0,1.0,3) Uncertain significance,p.R498S
Isoniazid,katG,katG_p.Arg705Leu,0.0,1.0,3) Uncertain significance,p.R705L
Isoniazid,katG,katG_p.Ser684Arg,0.0,1.0,3) Uncertain significance,p.S684R
Isoniazid,ahpC,ahpC_p.Gln169His,0.0,1.0,3) Uncertain significance,p.Q169H
Isoniazid,katG,katG_p.Leu458Ser,,,3) Uncertain significance,p.L458S
Isoniazid,inhA,inhA_p.Gln216Arg,0.0,1.0,3) Uncertain significance,p.Q216R
Isoniazid,katG,katG_p.Val628Leu,0.0,1.0,3) Uncertain significance,p.V628L
Isoniazid,katG,katG_p.Gln576Tyr,0.0,1.0,3) Uncertain significance,p.Q576Y
Isoniazid,katG,katG_p.Asp79Ala,0.0,2.0,3) Uncertain significance,p.D79A
Isoniazid,inhA,inhA_p.Ala213Val,0.0,2.0,3) Uncertain significance,p.A213V
Isoniazid,inhA,inhA_p.Asp52Gly,,,3) Uncertain significance,p.D52G
Isoniazid,ahpC,ahpC_p.Leu191Phe,8.0,20.0,3) Uncertain significance,p.L191F
Isoniazid,katG,katG_p.Asp675Tyr,3.0,2.0,5) Not assoc w R,p.D675Y
Isoniazid,inhA,inhA_p.Glu31Lys,0.0,2.0,3) Uncertain significance,p.E31K
Isoniazid,katG,katG_p.Asp511Asn,0.0,2.0,3) Uncertain significance,p.D511N
Isoniazid,katG,katG_p.Thr376Met,0.0,2.0,3) Uncertain significance,p.T376M
Isoniazid,katG,katG_p.Leu427Arg,0.0,1.0,3) Uncertain significance,p.L427R
Isoniazid,ahpC,ahpC_p.Gly45Ser,0.0,1.0,3) Uncertain significance,p.G45S
Isoniazid,katG,katG_p.Lys46Glu,0.0,1.0,3) Uncertain significance,p.K46E
Isoniazid,katG,katG_p.Val538Ala,0.0,2.0,3) Uncertain significance,p.V538A
Isoniazid,katG,katG_p.Ala60Val,0.0,1.0,3) Uncertain significance,p.A60V
Isoniazid,inhA,inhA_p.Thr2Ala,0.0,2.0,3) Uncertain significance,p.T2A
Isoniazid,katG,katG_p.Ile103Val,1.0,2.0,3) Uncertain significance,p.I103V
Isoniazid,katG,katG_p.Thr520Asn,,,3) Uncertain significance,p.T520N
Isoniazid,katG,katG_p.Gly184Asp,0.0,1.0,3) Uncertain significance,p.G184D
Isoniazid,inhA,inhA_p.Ala235Val,0.0,1.0,3) Uncertain significance,p.A235V
Isoniazid,katG,katG_p.Thr12Ala,0.0,2.0,3) Uncertain significance,p.T12A
Isoniazid,inhA,inhA_p.Gly83Arg,1.0,5.0,3) Uncertain significance,p.G83R
Isoniazid,ahpC,ahpC_p.Asp186Glu,0.0,2.0,3) Uncertain significance,p.D186E
Isoniazid,katG,katG_p.Ala606Thr,0.0,2.0,3) Uncertain significance,p.A606T
Isoniazid,katG,katG_p.Pro566Ser,0.0,2.0,3) Uncertain significance,p.P566S
Isoniazid,katG,katG_p.Tyr678Ala,0.0,2.0,3) Uncertain significance,p.Y678A
Isoniazid,katG,katG_p.Gly169Arg,0.0,1.0,3) Uncertain significance,p.G169R
Isoniazid,katG,katG_p.Val166Ile,,,3) Uncertain significance,p.V166I
Isoniazid,katG,katG_p.Leu514Pro,,,3) Uncertain significance,p.L514P
Isoniazid,katG,katG_p.Gln434His,0.0,1.0,3) Uncertain significance,p.Q434H
Isoniazid,katG,katG_p.Val386Leu,0.0,1.0,3) Uncertain significance,p.V386L
Isoniazid,katG,katG_p.Asn562His,1.0,6.0,3) Uncertain significance,p.N562H
Isoniazid,katG,katG_p.Met609Thr,0.0,2.0,3) Uncertain significance,p.M609T
Isoniazid,inhA,inhA_p.Val203Ala,,,3) Uncertain significance,p.V203A
Isoniazid,katG,katG_p.Leu436Arg,0.0,1.0,3) Uncertain significance,p.L436R
Isoniazid,inhA,inhA_p.Ala58Val,0.0,2.0,3) Uncertain significance,p.A58V
Isoniazid,katG,katG_p.Arg515His,0.0,2.0,3) Uncertain significance,p.R515H
Isoniazid,ahpC,ahpC_p.Ala149Thr,0.0,2.0,3) Uncertain significance,p.A149T
Isoniazid,katG,katG_p.Val386Met,,,3) Uncertain significance,p.V386M
Isoniazid,katG,katG_p.Val73Ala,0.0,2.0,3) Uncertain significance,p.V73A
Isoniazid,ahpC,ahpC_p.Val161Leu,0.0,1.0,3) Uncertain significance,p.V161L
Isoniazid,inhA,inhA_p.Asn139Ser,0.0,2.0,3) Uncertain significance,p.N139S
Isoniazid,katG,katG_p.Lys158Glu,0.0,2.0,3) Uncertain significance,p.K158E
Isoniazid,katG,katG_p.Gly630Ser,0.0,3.0,3) Uncertain significance,p.G630S
Isoniazid,katG,katG_p.Ala480Gln,0.0,1.0,3) Uncertain significance,p.A480Q
Isoniazid,ahpC,ahpC_p.Asp41Asn,0.0,1.0,3) Uncertain significance,p.D41N
Isoniazid,katG,katG_p.Val633Ile,0.0,2.0,3) Uncertain significance,p.V633I
Isoniazid,katG,katG_p.Asp240Asn,0.0,1.0,3) Uncertain significance,p.D240N
Isoniazid,katG,katG_p.Ala424Val,0.0,2.0,3) Uncertain significance,p.A424V
Isoniazid,ahpC,ahpC_p.Ala193Val,0.0,1.0,3) Uncertain significance,p.A193V
Isoniazid,katG,katG_p.Ile266Thr,0.0,2.0,3) Uncertain significance,p.I266T
Isoniazid,katG,katG_p.Gln295Ala,0.0,2.0,3) Uncertain significance,p.Q295A
Isoniazid,katG,katG_p.Ile462Met,,,3) Uncertain significance,p.I462M
Isoniazid,katG,katG_p.Asn323Ser,0.0,2.0,3) Uncertain significance,p.N323S
Isoniazid,ahpC,ahpC_p.His43Gln,0.0,2.0,3) Uncertain significance,p.H43Q
Isoniazid,katG,katG_p.Gln50Pro,,,3) Uncertain significance,p.Q50P
Isoniazid,katG,katG_p.Gly237Ala,0.0,2.0,3) Uncertain significance,p.G237A
Isoniazid,inhA,inhA_p.Val171Ile,,,3) Uncertain significance,p.V171I
Isoniazid,katG,katG_p.Lys459Thr,0.0,3.0,3) Uncertain significance,p.K459T
Isoniazid,katG,katG_p.Thr647Pro,0.0,1.0,3) Uncertain significance,p.T647P
Isoniazid,katG,katG_p.Asp682Asn,0.0,1.0,3) Uncertain significance,p.D682N
Isoniazid,ahpC,ahpC_p.Val158Phe,0.0,3.0,3) Uncertain significance,p.V158F
Isoniazid,katG,katG_p.Gly534Arg,0.0,3.0,3) Uncertain significance,p.G534R
Isoniazid,katG,katG_p.Ala139Thr,0.0,1.0,3) Uncertain significance,p.A139T
Isoniazid,katG,katG_p.Val260Ile,0.0,3.0,3) Uncertain significance,p.V260I
Isoniazid,katG,katG_p.Asp513Asn,0.0,2.0,3) Uncertain significance,p.D513N
Isoniazid,inhA,inhA_p.Gly141Arg,0.0,3.0,3) Uncertain significance,p.G141R
Isoniazid,katG,katG_p.Tyr678Leu,0.0,2.0,3) Uncertain significance,p.Y678L
Isoniazid,katG,katG_p.Pro533Leu,0.0,3.0,3) Uncertain significance,p.P533L
Isoniazid,katG,katG_p.Gly494Ser,0.0,3.0,3) Uncertain significance,p.G494S
Isoniazid,katG,katG_p.Gln525Ser,0.0,2.0,3) Uncertain significance,p.Q525S
Isoniazid,ahpC,ahpC_p.Glu160Lys,0.0,3.0,3) Uncertain significance,p.E160K
Isoniazid,katG,katG_p.Gly186Ala,0.0,2.0,3) Uncertain significance,p.G186A
Isoniazid,katG,katG_p.Lys537Glu,0.0,2.0,3) Uncertain significance,p.K537E
Isoniazid,katG,katG_p.Val473Ala,0.0,3.0,3) Uncertain significance,p.V473A
Isoniazid,katG,katG_p.Thr344Ser,0.0,3.0,3) Uncertain significance,p.T344S
Isoniazid,katG,katG_p.Asp74Gly,0.0,3.0,3) Uncertain significance,p.D74G
Isoniazid,katG,katG_p.Asp215Glu,0.0,3.0,3) Uncertain significance,p.D215E
Isoniazid,katG,katG_p.Ala621Gly,0.0,1.0,3) Uncertain significance,p.A621G
Isoniazid,ahpC,ahpC_p.Thr5Ile,0.0,3.0,3) Uncertain significance,p.T5I
Isoniazid,ahpC,ahpC_p.Asp22Asn,0.0,1.0,3) Uncertain significance,p.D22N
Isoniazid,katG,katG_p.Trp412Tyr,0.0,1.0,3) Uncertain significance,p.W412Y
Isoniazid,katG,katG_p.Glu82Gly,0.0,4.0,3) Uncertain significance,p.E82G
Isoniazid,katG,katG_p.Gln679Tyr,0.0,2.0,3) Uncertain significance,p.Q679Y
Isoniazid,inhA,inhA_p.Asp248Asn,0.0,2.0,3) Uncertain significance,p.D248N
Isoniazid,katG,katG_p.Gly19Val,0.0,4.0,3) Uncertain significance,p.G19V
Isoniazid,katG,katG_p.Met84Leu,0.0,3.0,3) Uncertain significance,p.M84L
Isoniazid,katG,katG_p.Arg254Ser,0.0,1.0,3) Uncertain significance,p.R254S
Isoniazid,katG,katG_p.Val23Leu,0.0,4.0,3) Uncertain significance,p.V23L
Isoniazid,katG,katG_p.Gly593Cys,0.0,4.0,3) Uncertain significance,p.G593C
Isoniazid,katG,katG_p.Leu707Arg,0.0,6.0,3) Uncertain significance,p.L707R
Isoniazid,inhA,inhA_p.Gly183Arg,0.0,4.0,3) Uncertain significance,p.G183R
Isoniazid,katG,katG_p.Gln36Glu,,,3) Uncertain significance,p.Q36E
Isoniazid,katG,katG_p.Glu82Asp,0.0,5.0,3) Uncertain significance,p.E82D
Isoniazid,katG,katG_p.Asp37Asn,,,3) Uncertain significance,p.D37N
Isoniazid,ahpC,ahpC_p.Ser119Asn,0.0,1.0,3) Uncertain significance,p.S119N
Isoniazid,katG,katG_p.Thr354Ile,1.0,13.0,4) Not assoc w R - Interim,p.T354I
Isoniazid,katG,katG_p.Arg489Ser,,,3) Uncertain significance,p.R489S
Isoniazid,katG,katG_p.Val47Ile,0.0,6.0,3) Uncertain significance,p.V47I
Isoniazid,katG,katG_p.Val739Met,0.0,3.0,3) Uncertain significance,p.V739M
Isoniazid,katG,katG_p.Ser446Asn,0.0,3.0,3) Uncertain significance,p.S446N
Isoniazid,katG,katG_p.Asp735Asn,0.0,1.0,3) Uncertain significance,p.D735N
Isoniazid,katG,katG_p.Ser457Gly,0.0,5.0,4) Not assoc w R - Interim,p.S457G
Isoniazid,katG,katG_p.Ala606Pro,0.0,6.0,3) Uncertain significance,p.A606P
Isoniazid,katG,katG_p.Glu651Asp,0.0,1.0,3) Uncertain significance,p.E651D
Isoniazid,katG,katG_p.Gly685Asp,,,3) Uncertain significance,p.G685D
Isoniazid,katG,katG_p.Pro718Ser,0.0,13.0,4) Not assoc w R - Interim,p.P718S
Isoniazid,katG,katG_p.Asp729Glu,0.0,1.0,3) Uncertain significance,p.D729E
Isoniazid,katG,katG_p.Gln36Pro,0.0,4.0,3) Uncertain significance,p.Q36P
Isoniazid,katG,katG_p.Trp668Cys,,,3) Uncertain significance,p.W668C
Isoniazid,katG,katG_p.Arg595Leu,,,3) Uncertain significance,p.R595L
Isoniazid,katG,katG_p.Ser140Gly,0.0,2.0,3) Uncertain significance,p.S140G
Isoniazid,katG,katG_p.Val469Leu,0.0,46.0,5) Not assoc w R,p.V469L
Isoniazid,inhA,inhA_p.Val78Ala,6.0,55.0,5) Not assoc w R,p.V78A
Isoniazid,katG,katG_p.Ser140Asn,4.0,4.0,3) Uncertain significance,p.S140N
Isoniazid,ahpC,ahpC_p.Tyr34Cys,1.0,13.0,4) Not assoc w R - Interim,p.Y34C
Isoniazid,katG,katG_p.Arg463Leu,7430.0,9751.0,5) Not assoc w R,p.R463L
Isoniazid,katG,katG_p.Ala172Thr,,,3) Uncertain significance,p.A172T
Isoniazid,katG,katG_p.Ala263Pro,,,3) Uncertain significance,p.A263P
Isoniazid,katG,katG_p.Ala479Val,,,3) Uncertain significance,p.A479V
Isoniazid,katG,katG_p.Asp142Cys,,,3) Uncertain significance,p.D142C
Isoniazid,katG,katG_p.Gly421Ala,,,3) Uncertain significance,p.G421A
Isoniazid,katG,katG_p.Leu265Arg,,,3) Uncertain significance,p.L265R
Isoniazid,katG,katG_p.Leu472Pro,,,3) Uncertain significance,p.L472P
Isoniazid,katG,katG_p.Phe658Val,,,3) Uncertain significance,p.F658V
Kanamycin,eis,eis_p.Pro302Gln,,,3) Uncertain significance,p.P302Q
Kanamycin,eis,eis_p.Leu331Arg,,,3) Uncertain significance,p.L331R
Kanamycin,whiB7,whiB7_p.His21Gln,,,3) Uncertain significance,p.H21Q
Kanamycin,eis,eis_p.Glu199Ala,,,3) Uncertain significance,p.E199A
Kanamycin,eis,eis_p.Ala62Val,,,3) Uncertain significance,p.A62V
Kanamycin,eis,eis_p.Arg37Gly,1.0,0.0,3) Uncertain significance,p.R37G
Kanamycin,eis,eis_p.Leu235Arg,,,3) Uncertain significance,p.L235R
Kanamycin,eis,eis_p.Ile333Val,1.0,1.0,3) Uncertain significance,p.I333V
Kanamycin,eis,eis_p.Lys234Glu,1.0,0.0,3) Uncertain significance,p.K234E
Kanamycin,whiB7,whiB7_p.Val3Ala,,,3) Uncertain significance,p.V3A
Kanamycin,eis,eis_p.Thr341Ile,,,3) Uncertain significance,p.T341I
Kanamycin,eis,eis_p.Thr341Ala,1.0,0.0,3) Uncertain significance,p.T341A
Kanamycin,eis,eis_p.Val301Gly,,,3) Uncertain significance,p.V301G
Kanamycin,eis,eis_p.Lys234Asn,1.0,0.0,3) Uncertain significance,p.K234N
Kanamycin,eis,eis_p.Ala120Val,1.0,0.0,3) Uncertain significance,p.A120V
Kanamycin,whiB7,whiB7_p.Ser45Arg,1.0,0.0,3) Uncertain significance,p.S45R
Kanamycin,eis,eis_p.Tyr64Gln,1.0,0.0,3) Uncertain significance,p.Y64Q
Kanamycin,eis,eis_p.Thr2Ala,1.0,0.0,3) Uncertain significance,p.T2A
Kanamycin,whiB7,whiB7_p.Val65Phe,1.0,0.0,3) Uncertain significance,p.V65F
Kanamycin,eis,eis_p.Arg106His,0.0,5.0,3) Uncertain significance,p.R106H
Kanamycin,whiB7,whiB7_p.Val91Gly,1.0,0.0,3) Uncertain significance,p.V91G
Kanamycin,eis,eis_p.Asp354Glu,1.0,0.0,3) Uncertain significance,p.D354E
Kanamycin,eis,eis_p.Gly222Ala,1.0,0.0,3) Uncertain significance,p.G222A
Kanamycin,eis,eis_p.Trp36Arg,0.0,1.0,3) Uncertain significance,p.W36R
Kanamycin,whiB7,whiB7_p.Leu27Pro,1.0,0.0,3) Uncertain significance,p.L27P
Kanamycin,whiB7,whiB7_p.Arg81His,1.0,0.0,3) Uncertain significance,p.R81H
Kanamycin,eis,eis_p.Leu256Met,1.0,2.0,3) Uncertain significance,p.L256M
Kanamycin,eis,eis_p.Phe129Leu,1.0,0.0,3) Uncertain significance,p.F129L
Kanamycin,eis,eis_p.Gly159Asp,0.0,1.0,3) Uncertain significance,p.G159D
Kanamycin,eis,eis_p.Ala22Gly,,,3) Uncertain significance,p.A22G
Kanamycin,eis,eis_p.Glu103Lys,,,3) Uncertain significance,p.E103K
Kanamycin,eis,eis_p.Ile267Thr,,,3) Uncertain significance,p.I267T
Kanamycin,eis,eis_p.Trp13Arg,,,3) Uncertain significance,p.W13R
Kanamycin,eis,eis_p.Ala370Val,,,3) Uncertain significance,p.A370V
Kanamycin,eis,eis_p.Ala207Thr,0.0,1.0,3) Uncertain significance,p.A207T
Kanamycin,eis,eis_p.Pro114Gln,0.0,1.0,3) Uncertain significance,p.P114Q
Kanamycin,eis,eis_p.Gly222Arg,0.0,1.0,3) Uncertain significance,p.G222R
Kanamycin,eis,eis_p.Thr287Ala,0.0,1.0,3) Uncertain significance,p.T287A
Kanamycin,eis,eis_p.Asp152Asn,,,3) Uncertain significance,p.D152N
Kanamycin,eis,eis_p.Leu256Pro,,,3) Uncertain significance,p.L256P
Kanamycin,eis,eis_p.Val396Ile,,,3) Uncertain significance,p.V396I
Kanamycin,eis,eis_p.Asp260Tyr,0.0,1.0,3) Uncertain significance,p.D260Y
Kanamycin,eis,eis_p.Pro30Leu,,,3) Uncertain significance,p.P30L
Kanamycin,whiB7,whiB7_p.Pro62Thr,,,3) Uncertain significance,p.P62T
Kanamycin,whiB7,whiB7_p.Phe29Ile,,,3) Uncertain significance,p.F29I
Kanamycin,eis,eis_p.Asp221Glu,0.0,1.0,3) Uncertain significance,p.D221E
Kanamycin,eis,eis_p.Arg339Gln,,,3) Uncertain significance,p.R339Q
Kanamycin,eis,eis_p.Arg376Cys,,,3) Uncertain significance,p.R376C
Kanamycin,eis,eis_p.Gly156Cys,,,3) Uncertain significance,p.G156C
Kanamycin,eis,eis_p.Leu19Met,0.0,1.0,3) Uncertain significance,p.L19M
Kanamycin,eis,eis_p.Ser56Cys,,,3) Uncertain significance,p.S56C
Kanamycin,eis,eis_p.Ser23Gly,,,3) Uncertain significance,p.S23G
Kanamycin,eis,eis_p.Val58Met,0.0,1.0,3) Uncertain significance,p.V58M
Kanamycin,eis,eis_p.Pro114Leu,,,3) Uncertain significance,p.P114L
Kanamycin,eis,eis_p.Leu375Ser,,,3) Uncertain significance,p.L375S
Kanamycin,eis,eis_p.Leu77Pro,,,3) Uncertain significance,p.L77P
Kanamycin,eis,eis_p.Pro274Leu,,,3) Uncertain significance,p.P274L
Kanamycin,eis,eis_p.Leu200Val,,,3) Uncertain significance,p.L200V
Kanamycin,whiB7,whiB7_p.Val22Ile,,,3) Uncertain significance,p.V22I
Kanamycin,eis,eis_p.Asp354Asn,,,3) Uncertain significance,p.D354N
Kanamycin,eis,eis_p.Asp281Gly,,,3) Uncertain significance,p.D281G
Kanamycin,eis,eis_p.Asp26Tyr,,,3) Uncertain significance,p.D26Y
Kanamycin,eis,eis_p.Gly357Asp,,,3) Uncertain significance,p.G357D
Kanamycin,eis,eis_p.Ala151Val,,,3) Uncertain significance,p.A151V
Kanamycin,eis,eis_p.Pro89Leu,0.0,1.0,3) Uncertain significance,p.P89L
Kanamycin,whiB7,whiB7_p.Ser2Ala,,,3) Uncertain significance,p.S2A
Kanamycin,eis,eis_p.Val396Phe,0.0,1.0,3) Uncertain significance,p.V396F
Kanamycin,eis,eis_p.Leu386Ile,,,3) Uncertain significance,p.L386I
Kanamycin,eis,eis_p.Arg37Gln,0.0,1.0,3) Uncertain significance,p.R37Q
Kanamycin,whiB7,whiB7_p.Ala55Glu,,,3) Uncertain significance,p.A55E
Kanamycin,eis,eis_p.Met65Ile,0.0,1.0,3) Uncertain significance,p.M65I
Kanamycin,eis,eis_p.Met351Val,,,3) Uncertain significance,p.M351V
Kanamycin,eis,eis_p.Pro72Leu,,,3) Uncertain significance,p.P72L
Kanamycin,eis,eis_p.Pro78Ser,,,3) Uncertain significance,p.P78S
Kanamycin,whiB7,whiB7_p.Leu36Phe,,,3) Uncertain significance,p.L36F
Kanamycin,eis,eis_p.Pro187Arg,,,3) Uncertain significance,p.P187R
Kanamycin,eis,eis_p.Thr282Ile,,,3) Uncertain significance,p.T282I
Kanamycin,eis,eis_p.His105Tyr,,,3) Uncertain significance,p.H105Y
Kanamycin,eis,eis_p.Ala109Gly,0.0,1.0,3) Uncertain significance,p.A109G
Kanamycin,eis,eis_p.Arg297Cys,,,3) Uncertain significance,p.R297C
Kanamycin,whiB7,whiB7_p.Gly23Asp,,,3) Uncertain significance,p.G23D
Kanamycin,eis,eis_p.His277Tyr,0.0,1.0,3) Uncertain significance,p.H277Y
Kanamycin,whiB7,whiB7_p.Glu69Lys,,,3) Uncertain significance,p.E69K
Kanamycin,whiB7,whiB7_p.Thr32Asn,,,3) Uncertain significance,p.T32N
Kanamycin,whiB7,whiB7_p.Arg87Cys,,,3) Uncertain significance,p.R87C
Kanamycin,eis,eis_p.Ala338Thr,,,3) Uncertain significance,p.A338T
Kanamycin,eis,eis_p.Leu201Arg,,,3) Uncertain significance,p.L201R
Kanamycin,whiB7,whiB7_p.Glu69Gly,,,3) Uncertain significance,p.E69G
Kanamycin,eis,eis_p.Lys205Asn,,,3) Uncertain significance,p.K205N
Kanamycin,eis,eis_p.Pro208Leu,,,3) Uncertain significance,p.P208L
Kanamycin,eis,eis_p.Ser83Thr,,,3) Uncertain significance,p.S83T
Kanamycin,whiB7,whiB7_p.Arg81Cys,0.0,1.0,3) Uncertain significance,p.R81C
Kanamycin,eis,eis_p.Arg254Gln,,,3) Uncertain significance,p.R254Q
Kanamycin,eis,eis_p.Arg94Ser,,,3) Uncertain significance,p.R94S
Kanamycin,eis,eis_p.Gly309Asp,,,3) Uncertain significance,p.G309D
Kanamycin,eis,eis_p.Phe84Tyr,,,3) Uncertain significance,p.F84Y
Kanamycin,whiB7,whiB7_p.Ile76Val,,,3) Uncertain significance,p.I76V
Kanamycin,whiB7,whiB7_p.Gln73Arg,,,3) Uncertain significance,p.Q73R
Kanamycin,whiB7,whiB7_p.Gln13Lys,0.0,1.0,3) Uncertain significance,p.Q13K
Kanamycin,eis,eis_p.Glu176Ala,,,3) Uncertain significance,p.E176A
Kanamycin,eis,eis_p.Ser56Pro,,,3) Uncertain significance,p.S56P
Kanamycin,eis,eis_p.Thr4Pro,,,3) Uncertain significance,p.T4P
Kanamycin,eis,eis_p.Arg212His,0.0,1.0,3) Uncertain significance,p.R212H
Kanamycin,whiB7,whiB7_p.Asp24His,,,3) Uncertain significance,p.D24H
Kanamycin,eis,eis_p.Gly357Ser,0.0,1.0,3) Uncertain significance,p.G357S
Kanamycin,whiB7,whiB7_p.Leu18Phe,,,3) Uncertain significance,p.L18F
Kanamycin,eis,eis_p.Ala371Ser,,,3) Uncertain significance,p.A371S
Kanamycin,eis,eis_p.Ala330Val,,,3) Uncertain significance,p.A330V
Kanamycin,eis,eis_p.Glu313Asp,,,3) Uncertain significance,p.E313D
Kanamycin,eis,eis_p.Gly258Ser,,,3) Uncertain significance,p.G258S
Kanamycin,whiB7,whiB7_p.Arg59Trp,0.0,1.0,3) Uncertain significance,p.R59W
Kanamycin,eis,eis_p.Arg49Cys,0.0,1.0,3) Uncertain significance,p.R49C
Kanamycin,eis,eis_p.Arg92Cys,0.0,1.0,3) Uncertain significance,p.R92C
Kanamycin,whiB7,whiB7_p.Pro25Leu,0.0,1.0,3) Uncertain significance,p.P25L
Kanamycin,eis,eis_p.Ala99Val,0.0,1.0,3) Uncertain significance,p.A99V
Kanamycin,whiB7,whiB7_p.Val91Ile,,,3) Uncertain significance,p.V91I
Kanamycin,eis,eis_p.Thr38Ala,,,3) Uncertain significance,p.T38A
Kanamycin,eis,eis_p.Val115Ala,,,3) Uncertain significance,p.V115A
Kanamycin,eis,eis_p.Thr136Ser,0.0,1.0,3) Uncertain significance,p.T136S
Kanamycin,whiB7,whiB7_p.Lys40Asn,,,3) Uncertain significance,p.K40N
Kanamycin,whiB7,whiB7_p.Ala90Ser,,,3) Uncertain significance,p.A90S
Kanamycin,eis,eis_p.Ser367Pro,,,3) Uncertain significance,p.S367P
Kanamycin,eis,eis_p.Asp273Ala,,,3) Uncertain significance,p.D273A
Kanamycin,eis,eis_p.Ala21Glu,,,3) Uncertain significance,p.A21E
Kanamycin,eis,eis_p.Glu348Asp,,,3) Uncertain significance,p.E348D
Kanamycin,whiB7,whiB7_p.Asp31Asn,,,3) Uncertain significance,p.D31N
Kanamycin,eis,eis_p.Leu18Pro,,,3) Uncertain significance,p.L18P
Kanamycin,eis,eis_p.Ala153Ser,,,3) Uncertain significance,p.A153S
Kanamycin,eis,eis_p.Thr398Asn,,,3) Uncertain significance,p.T398N
Kanamycin,eis,eis_p.Ala304Val,,,3) Uncertain significance,p.A304V
Kanamycin,eis,eis_p.Glu74Asp,0.0,2.0,3) Uncertain significance,p.E74D
Kanamycin,whiB7,whiB7_p.Thr10Ser,,,3) Uncertain significance,p.T10S
Kanamycin,eis,eis_p.Leu140Val,,,3) Uncertain significance,p.L140V
Kanamycin,eis,eis_p.Glu122Gly,0.0,2.0,3) Uncertain significance,p.E122G
Kanamycin,eis,eis_p.Ala370Ser,,,3) Uncertain significance,p.A370S
Kanamycin,eis,eis_p.Phe149Val,0.0,2.0,3) Uncertain significance,p.F149V
Kanamycin,eis,eis_p.Leu18Arg,0.0,3.0,3) Uncertain significance,p.L18R
Kanamycin,whiB7,whiB7_p.Ala92Thr,0.0,2.0,3) Uncertain significance,p.A92T
Kanamycin,eis,eis_p.Gly188Ala,,,3) Uncertain significance,p.G188A
Kanamycin,eis,eis_p.Thr70Ala,0.0,3.0,3) Uncertain significance,p.T70A
Kanamycin,eis,eis_p.Pro30His,,,3) Uncertain significance,p.P30H
Kanamycin,eis,eis_p.Val3Ala,0.0,1.0,3) Uncertain significance,p.V3A
Kanamycin,eis,eis_p.Val163Ile,6.0,88.0,3) Uncertain significance,p.V163I
Kanamycin,eis,eis_p.Ala86Val,,,3) Uncertain significance,p.A86V
Kanamycin,whiB7,whiB7_p.Arg12Lys,,,3) Uncertain significance,p.R12K
Kanamycin,eis,eis_p.Ala243Val,,,3) Uncertain significance,p.A243V
Kanamycin,eis,eis_p.Pro342Leu,0.0,5.0,3) Uncertain significance,p.P342L
Kanamycin,eis,eis_p.Ala251Gly,0.0,2.0,3) Uncertain significance,p.A251G
Kanamycin,eis,eis_p.Thr231Ile,,,3) Uncertain significance,p.T231I
Kanamycin,eis,eis_p.Pro276Ser,0.0,2.0,3) Uncertain significance,p.P276S
Kanamycin,whiB7,whiB7_p.Pro33Ser,,,3) Uncertain significance,p.P33S
Kanamycin,eis,eis_p.Glu348Lys,0.0,1.0,3) Uncertain significance,p.E348K
Kanamycin,eis,eis_p.Glu401Asp,0.0,2.0,3) Uncertain significance,p.E401D
Kanamycin,whiB7,whiB7_p.Arg50Pro,0.0,2.0,3) Uncertain significance,p.R50P
Kanamycin,whiB7,whiB7_p.Gln58Arg,,,3) Uncertain significance,p.Q58R
Kanamycin,whiB7,whiB7_p.Ala34Pro,0.0,1.0,3) Uncertain significance,p.A34P
Kanamycin,whiB7,whiB7_p.Pro11Ser,,,3) Uncertain significance,p.P11S
Kanamycin,eis,eis_p.Val301Ile,,,3) Uncertain significance,p.V301I
Kanamycin,eis,eis_p.Arg227Gln,0.0,1.0,3) Uncertain significance,p.R227Q
Kanamycin,eis,eis_p.Pro193Ser,0.0,1.0,3) Uncertain significance,p.P193S
Kanamycin,eis,eis_p.His270Gln,0.0,2.0,3) Uncertain significance,p.H270Q
Kanamycin,whiB7,whiB7_p.Arg50Leu,,,3) Uncertain significance,p.R50L
Kanamycin,whiB7,whiB7_p.Gly67Val,0.0,10.0,3) Uncertain significance,p.G67V
Kanamycin,whiB7,whiB7_p.His79Gln,2.0,10.0,3) Uncertain significance,p.H79Q
Kanamycin,whiB7,whiB7_p.Lys80Gln,2.0,10.0,3) Uncertain significance,p.K80Q
Kanamycin,eis,eis_p.Val85Ala,0.0,2.0,3) Uncertain significance,p.V85A
Kanamycin,eis,eis_p.Val314Leu,0.0,15.0,3) Uncertain significance,p.V314L
Kanamycin,whiB7,whiB7_p.Leu42Pro,1.0,3.0,4) Not assoc w R - Interim,p.L42P
Kanamycin,eis,eis_p.Leu361Phe,,,3) Uncertain significance,p.L361F
Kanamycin,eis,eis_p.Met100Val,,,3) Uncertain significance,p.M100V
Kanamycin,whiB7,whiB7_p.Gly74Asp,,,3) Uncertain significance,p.G74D
Levofloxacin,gyrA,gyrA_p.Asp94Gly,926.0,52.0,1) Assoc w R,p.D94G
Levofloxacin,gyrA,gyrA_p.Ala90Val,599.0,74.0,1) Assoc w R,p.A90V
Levofloxacin,gyrA,gyrA_p.Asp94Asn,144.0,12.0,1) Assoc w R,p.D94N
Levofloxacin,gyrA,gyrA_p.Asp94Ala,225.0,35.0,1) Assoc w R,p.D94A
Levofloxacin,gyrA,gyrA_p.Ser91Pro,148.0,26.0,1) Assoc w R,p.S91P
Levofloxacin,gyrA,gyrA_p.Asp94Tyr,104.0,7.0,1) Assoc w R,p.D94Y
Levofloxacin,gyrA,gyrA_p.Asp94His,41.0,4.0,1) Assoc w R,p.D94H
Levofloxacin,gyrA,gyrA_p.Gly88Cys,19.0,0.0,1) Assoc w R,p.G88C
Levofloxacin,gyrA,gyrA_p.Gly668Asp,2342.0,8383.0,3) Uncertain significance,p.G668D
Levofloxacin,gyrB,gyrB_p.Asp461Asn,22.0,9.0,1) Assoc w R,p.D461N
Levofloxacin,gyrB,gyrB_p.Asp461His,16.0,3.0,1) Assoc w R,p.D461H
Levofloxacin,gyrB,gyrB_p.Asn499Asp,10.0,5.0,1) Assoc w R,p.N499D
Levofloxacin,gyrB,gyrB_p.Glu501Asp,18.0,19.0,2) Assoc w R - Interim,p.E501D
Levofloxacin,gyrA,gyrA_p.Asp89Asn,13.0,5.0,1) Assoc w R,p.D89N
Levofloxacin,gyrB,gyrB_p.Ser447Phe,15.0,12.0,1) Assoc w R,p.S447F
Levofloxacin,gyrB,gyrB_p.Asn499Thr,12.0,7.0,1) Assoc w R,p.N499T
Levofloxacin,gyrB,gyrB_p.Arg446Cys,12.0,10.0,1) Assoc w R,p.R446C
Levofloxacin,gyrB,gyrB_p.Ala504Val,21.0,6.0,1) Assoc w R,p.A504V
Levofloxacin,gyrA,gyrA_p.Asp89Gly,3.0,0.0,2) Assoc w R - Interim,p.D89G
Levofloxacin,gyrB,gyrB_p.Thr500Asn,10.0,5.0,1) Assoc w R,p.T500N
Levofloxacin,gyrB,gyrB_p.Ser661Thr,7.0,3.0,3) Uncertain significance,p.S661T
Levofloxacin,gyrA,gyrA_p.His70Arg,6.0,1.0,1) Assoc w R,p.H70R
Levofloxacin,gyrA,gyrA_p.Gly88Ala,6.0,3.0,1) Assoc w R,p.G88A
Levofloxacin,gyrA,gyrA_p.Gly729Arg,0.0,4.0,3) Uncertain significance,p.G729R
Levofloxacin,gyrA,gyrA_p.Ala74Ser,3.0,1.0,2) Assoc w R - Interim,p.A74S
Levofloxacin,gyrA,gyrA_p.Ala288Asp,8.0,12.0,3) Uncertain significance,p.A288D
Levofloxacin,gyrA,gyrA_p.Lys636Thr,20.0,21.0,1) Assoc w R,p.K636T
Levofloxacin,gyrB,gyrB_p.Asn499Ile,4.0,0.0,2) Assoc w R - Interim,p.N499I
Levofloxacin,gyrA,gyrA_p.Ile707Val,,,3) Uncertain significance,p.I707V
Levofloxacin,gyrB,gyrB_p.Ser447Tyr,3.0,4.0,3) Uncertain significance,p.S447Y
Levofloxacin,gyrB,gyrB_p.Asn499Lys,3.0,2.0,2) Assoc w R - Interim,p.N499K
Levofloxacin,gyrB,gyrB_p.Ser274Arg,8.0,12.0,3) Uncertain significance,p.S274R
Levofloxacin,gyrB,gyrB_p.Thr500Ala,6.0,3.0,3) Uncertain significance,p.T500A
Levofloxacin,gyrB,gyrB_p.Val427Met,3.0,2.0,3) Uncertain significance,p.V427M
Levofloxacin,gyrB,gyrB_p.Gly512Arg,20.0,25.0,3) Uncertain significance,p.G512R
Levofloxacin,gyrA,gyrA_p.Asp94Phe,1.0,0.0,3) Uncertain significance,p.D94F
Levofloxacin,gyrB,gyrB_p.Ala504Thr,8.0,3.0,3) Uncertain significance,p.A504T
Levofloxacin,gyrA,gyrA_p.Asp94Val,2.0,1.0,3) Uncertain significance,p.D94V
Levofloxacin,gyrA,gyrA_p.Ala90Trp,1.0,0.0,3) Uncertain significance,p.A90W
Levofloxacin,gyrB,gyrB_p.Arg446His,1.0,3.0,3) Uncertain significance,p.R446H
Levofloxacin,gyrB,gyrB_p.Thr664Ile,,,3) Uncertain significance,p.T664I
Levofloxacin,gyrA,gyrA_p.Leu812Val,1.0,0.0,3) Uncertain significance,p.L812V
Levofloxacin,gyrA,gyrA_p.Pro108Ser,2.0,0.0,3) Uncertain significance,p.P108S
Levofloxacin,gyrA,gyrA_p.Arg309Trp,1.0,0.0,3) Uncertain significance,p.R309W
Levofloxacin,gyrB,gyrB_p.Pro243Ser,,,3) Uncertain significance,p.P243S
Levofloxacin,gyrA,gyrA_p.Val596Met,,,3) Uncertain significance,p.V596M
Levofloxacin,gyrB,gyrB_p.Pro578Ser,,,3) Uncertain significance,p.P578S
Levofloxacin,gyrB,gyrB_p.Arg553Gly,,,3) Uncertain significance,p.R553G
Levofloxacin,gyrA,gyrA_p.Gln475Arg,1.0,0.0,3) Uncertain significance,p.Q475R
Levofloxacin,gyrA,gyrA_p.Ala689Val,,,3) Uncertain significance,p.A689V
Levofloxacin,gyrA,gyrA_p.His490Arg,,,3) Uncertain significance,p.H490R
Levofloxacin,gyrB,gyrB_p.Leu509Pro,,,3) Uncertain significance,p.L509P
Levofloxacin,gyrB,gyrB_p.Arg417Cys,1.0,0.0,3) Uncertain significance,p.R417C
Levofloxacin,gyrA,gyrA_p.Gly88Asp,1.0,0.0,3) Uncertain significance,p.G88D
Levofloxacin,gyrA,gyrA_p.Ile189Val,,,3) Uncertain significance,p.I189V
Levofloxacin,gyrB,gyrB_p.Val502Phe,1.0,0.0,3) Uncertain significance,p.V502F
Levofloxacin,gyrA,gyrA_p.Thr735Ser,1.0,0.0,3) Uncertain significance,p.T735S
Levofloxacin,gyrA,gyrA_p.Glu289Asp,5.0,4.0,3) Uncertain significance,p.E289D
Levofloxacin,gyrA,gyrA_p.Ala736Thr,,,3) Uncertain significance,p.A736T
Levofloxacin,gyrB,gyrB_p.Leu522Val,2.0,0.0,3) Uncertain significance,p.L522V
Levofloxacin,gyrA,gyrA_p.Glu214Asp,3.0,2.0,3) Uncertain significance,p.E214D
Levofloxacin,gyrB,gyrB_p.Gln9His,1.0,0.0,3) Uncertain significance,p.Q9H
Levofloxacin,gyrB,gyrB_p.Asp461Val,2.0,0.0,3) Uncertain significance,p.D461V
Levofloxacin,gyrA,gyrA_p.Leu105Arg,,,3) Uncertain significance,p.L105R
Levofloxacin,gyrA,gyrA_p.Arg309Gln,0.0,1.0,3) Uncertain significance,p.R309Q
Levofloxacin,gyrA,gyrA_p.Glu739Gln,0.0,2.0,3) Uncertain significance,p.E739Q
Levofloxacin,gyrB,gyrB_p.Pro450Arg,2.0,0.0,3) Uncertain significance,p.P450R
Levofloxacin,gyrB,gyrB_p.Arg429Cys,1.0,0.0,3) Uncertain significance,p.R429C
Levofloxacin,gyrB,gyrB_p.Ala233Pro,,,3) Uncertain significance,p.A233P
Levofloxacin,gyrA,gyrA_p.Arg363Cys,1.0,1.0,3) Uncertain significance,p.R363C
Levofloxacin,gyrA,gyrA_p.Ala126Ser,,,3) Uncertain significance,p.A126S
Levofloxacin,gyrA,gyrA_p.Ala90Gly,1.0,23.0,3) Uncertain significance,p.A90G
Levofloxacin,gyrB,gyrB_p.Glu586Lys,1.0,1.0,3) Uncertain significance,p.E586K
Levofloxacin,gyrA,gyrA_p.Asp829Glu,,,3) Uncertain significance,p.D829E
Levofloxacin,gyrA,gyrA_p.Thr267Ile,1.0,1.0,3) Uncertain significance,p.T267I
Levofloxacin,gyrA,gyrA_p.Ile478Thr,1.0,0.0,3) Uncertain significance,p.I478T
Levofloxacin,gyrA,gyrA_p.Asp211Glu,,,3) Uncertain significance,p.D211E
Levofloxacin,gyrB,gyrB_p.Ala398Val,1.0,4.0,3) Uncertain significance,p.A398V
Levofloxacin,gyrB,gyrB_p.Pro254Leu,1.0,4.0,3) Uncertain significance,p.P254L
Levofloxacin,gyrA,gyrA_p.Ala591Val,,,3) Uncertain significance,p.A591V
Levofloxacin,gyrA,gyrA_p.Leu142Val,,,3) Uncertain significance,p.L142V
Levofloxacin,gyrB,gyrB_p.Tyr456His,2.0,0.0,3) Uncertain significance,p.Y456H
Levofloxacin,gyrA,gyrA_p.Asn831Lys,0.0,1.0,3) Uncertain significance,p.N831K
Levofloxacin,gyrB,gyrB_p.Glu397Asp,,,3) Uncertain significance,p.E397D
Levofloxacin,gyrA,gyrA_p.Thr5Ala,0.0,3.0,3) Uncertain significance,p.T5A
Levofloxacin,gyrA,gyrA_p.Val326Gly,,,3) Uncertain significance,p.V326G
Levofloxacin,gyrA,gyrA_p.Pro8Leu,1.0,0.0,3) Uncertain significance,p.P8L
Levofloxacin,gyrB,gyrB_p.Ala2Ser,1.0,0.0,3) Uncertain significance,p.A2S
Levofloxacin,gyrB,gyrB_p.Glu501Ala,2.0,1.0,3) Uncertain significance,p.E501A
Levofloxacin,gyrA,gyrA_p.His52Tyr,2.0,0.0,3) Uncertain significance,p.H52Y
Levofloxacin,gyrB,gyrB_p.Lys165Asn,1.0,0.0,3) Uncertain significance,p.K165N
Levofloxacin,gyrB,gyrB_p.Gly470Cys,,,3) Uncertain significance,p.G470C
Levofloxacin,gyrB,gyrB_p.Leu257Pro,,,3) Uncertain significance,p.L257P
Levofloxacin,gyrA,gyrA_p.Thr413Ala,1.0,0.0,3) Uncertain significance,p.T413A
Levofloxacin,gyrB,gyrB_p.Asn499Tyr,1.0,0.0,3) Uncertain significance,p.N499Y
Levofloxacin,gyrA,gyrA_p.Arg718Cys,,,3) Uncertain significance,p.R718C
Levofloxacin,gyrA,gyrA_p.Ala126Pro,1.0,2.0,3) Uncertain significance,p.A126P
Levofloxacin,gyrA,gyrA_p.His490Tyr,1.0,0.0,3) Uncertain significance,p.H490Y
Levofloxacin,gyrB,gyrB_p.Asp588Asn,,,3) Uncertain significance,p.D588N
Levofloxacin,gyrA,gyrA_p.Arg292Leu,,,3) Uncertain significance,p.R292L
Levofloxacin,gyrA,gyrA_p.Gly88Asn,,,3) Uncertain significance,p.G88N
Levofloxacin,gyrB,gyrB_p.Ala242Pro,1.0,0.0,3) Uncertain significance,p.A242P
Levofloxacin,gyrA,gyrA_p.Pro102Leu,,,3) Uncertain significance,p.P102L
Levofloxacin,gyrA,gyrA_p.Leu274Phe,1.0,0.0,3) Uncertain significance,p.L274F
Levofloxacin,gyrB,gyrB_p.Arg523His,1.0,0.0,3) Uncertain significance,p.R523H
Levofloxacin,gyrB,gyrB_p.Gly589Val,0.0,1.0,3) Uncertain significance,p.G589V
Levofloxacin,gyrA,gyrA_p.Ala434Glu,,,3) Uncertain significance,p.A434E
Levofloxacin,gyrA,gyrA_p.Pro163Ala,1.0,0.0,3) Uncertain significance,p.P163A
Levofloxacin,gyrA,gyrA_p.Gln594Arg,,,3) Uncertain significance,p.Q594R
Levofloxacin,gyrA,gyrA_p.Leu134Met,,,3) Uncertain significance,p.L134M
Levofloxacin,gyrB,gyrB_p.Val276Ala,,,3) Uncertain significance,p.V276A
Levofloxacin,gyrA,gyrA_p.Asp641Glu,1.0,0.0,3) Uncertain significance,p.D641E
Levofloxacin,gyrA,gyrA_p.Arg592Cys,1.0,0.0,3) Uncertain significance,p.R592C
Levofloxacin,gyrA,gyrA_p.Ala347Thr,,,3) Uncertain significance,p.A347T
Levofloxacin,gyrA,gyrA_p.Ile390Thr,,,3) Uncertain significance,p.I390T
Levofloxacin,gyrA,gyrA_p.Met220Arg,1.0,0.0,3) Uncertain significance,p.M220R
Levofloxacin,gyrB,gyrB_p.Ile506Met,1.0,0.0,3) Uncertain significance,p.I506M
Levofloxacin,gyrA,gyrA_p.Ile478Val,1.0,0.0,3) Uncertain significance,p.I478V
Levofloxacin,gyrB,gyrB_p.Arg446Gly,,,3) Uncertain significance,p.R446G
Levofloxacin,gyrB,gyrB_p.Leu42Ile,1.0,0.0,3) Uncertain significance,p.L42I
Levofloxacin,gyrB,gyrB_p.Asp472Asn,1.0,0.0,3) Uncertain significance,p.D472N
Levofloxacin,gyrB,gyrB_p.Lys599Arg,1.0,0.0,3) Uncertain significance,p.K599R
Levofloxacin,gyrB,gyrB_p.Glu623Asp,,,3) Uncertain significance,p.E623D
Levofloxacin,gyrB,gyrB_p.Asp645Ala,,,3) Uncertain significance,p.D645A
Levofloxacin,gyrA,gyrA_p.Leu346Val,2.0,1.0,3) Uncertain significance,p.L346V
Levofloxacin,gyrB,gyrB_p.Thr167Met,,,3) Uncertain significance,p.T167M
Levofloxacin,gyrB,gyrB_p.Tyr582His,4.0,1.0,3) Uncertain significance,p.Y582H
Levofloxacin,gyrB,gyrB_p.Val561Gly,,,3) Uncertain significance,p.V561G
Levofloxacin,gyrA,gyrA_p.Glu147Asp,1.0,0.0,3) Uncertain significance,p.E147D
Levofloxacin,gyrB,gyrB_p.Glu604Gly,1.0,0.0,3) Uncertain significance,p.E604G
Levofloxacin,gyrA,gyrA_p.Leu653Val,,,3) Uncertain significance,p.L653V
Levofloxacin,gyrB,gyrB_p.Ala618Val,1.0,0.0,3) Uncertain significance,p.A618V
Levofloxacin,gyrA,gyrA_p.Asp824Glu,1.0,0.0,3) Uncertain significance,p.D824E
Levofloxacin,gyrB,gyrB_p.Thr182Ile,,,3) Uncertain significance,p.T182I
Levofloxacin,gyrB,gyrB_p.Tyr144Phe,,,3) Uncertain significance,p.Y144F
Levofloxacin,gyrB,gyrB_p.Asp461Ala,5.0,0.0,3) Uncertain significance,p.D461A
Levofloxacin,gyrA,gyrA_p.Ala676Val,3.0,0.0,3) Uncertain significance,p.A676V
Levofloxacin,gyrA,gyrA_p.Leu455Arg,,,3) Uncertain significance,p.L455R
Levofloxacin,gyrB,gyrB_p.Ser16Cys,1.0,0.0,3) Uncertain significance,p.S16C
Levofloxacin,gyrA,gyrA_p.Gly694Ser,1.0,0.0,3) Uncertain significance,p.G694S
Levofloxacin,gyrB,gyrB_p.Gly520Val,,,3) Uncertain significance,p.G520V
Levofloxacin,gyrB,gyrB_p.Ala618Thr,1.0,1.0,3) Uncertain significance,p.A618T
Levofloxacin,gyrA,gyrA_p.Ile92Val,1.0,0.0,3) Uncertain significance,p.I92V
Levofloxacin,gyrA,gyrA_p.Asp810Glu,,,3) Uncertain significance,p.D810E
Levofloxacin,gyrB,gyrB_p.Glu364Asp,,,3) Uncertain significance,p.E364D
Levofloxacin,gyrB,gyrB_p.Asp645Glu,1.0,0.0,3) Uncertain significance,p.D645E
Levofloxacin,gyrA,gyrA_p.Asp770Gly,,,3) Uncertain significance,p.D770G
Levofloxacin,gyrA,gyrA_p.Asp824Asn,,,3) Uncertain significance,p.D824N
Levofloxacin,gyrB,gyrB_p.Lys430Asn,,,3) Uncertain significance,p.K430N
Levofloxacin,gyrB,gyrB_p.Thr500Pro,0.0,1.0,3) Uncertain significance,p.T500P
Levofloxacin,gyrA,gyrA_p.Glu21His,,,3) Uncertain significance,p.E21H
Levofloxacin,gyrA,gyrA_p.Ser95Ala,4.0,2.0,3) Uncertain significance,p.S95A
Levofloxacin,gyrA,gyrA_p.Asp515Glu,,,3) Uncertain significance,p.D515E
Levofloxacin,gyrA,gyrA_p.Arg292Gly,0.0,3.0,3) Uncertain significance,p.R292G
Levofloxacin,gyrB,gyrB_p.Val457Leu,12.0,17.0,3) Uncertain significance,p.V457L
Levofloxacin,gyrB,gyrB_p.Ile486Leu,3.0,1.0,3) Uncertain significance,p.I486L
Levofloxacin,gyrB,gyrB_p.Gln503Arg,1.0,0.0,3) Uncertain significance,p.Q503R
Levofloxacin,gyrA,gyrA_p.Tyr379Cys,1.0,1.0,3) Uncertain significance,p.Y379C
Levofloxacin,gyrB,gyrB_p.Val670Phe,1.0,2.0,3) Uncertain significance,p.V670F
Levofloxacin,gyrA,gyrA_p.Arg450Ser,,,3) Uncertain significance,p.R450S
Levofloxacin,gyrB,gyrB_p.Leu375Val,,,3) Uncertain significance,p.L375V
Levofloxacin,gyrA,gyrA_p.Ala90Glu,,,3) Uncertain significance,p.A90E
Levofloxacin,gyrA,gyrA_p.Thr836Ala,0.0,1.0,3) Uncertain significance,p.T836A
Levofloxacin,gyrA,gyrA_p.Ser237Ala,1.0,2.0,3) Uncertain significance,p.S237A
Levofloxacin,gyrA,gyrA_p.Gly247Ser,129.0,682.0,5) Not assoc w R,p.G247S
Levofloxacin,gyrB,gyrB_p.Thr500Ile,,,3) Uncertain significance,p.T500I
Levofloxacin,gyrA,gyrA_p.Lys319Glu,,,3) Uncertain significance,p.K319E
Levofloxacin,gyrB,gyrB_p.Met100Val,1.0,1.0,3) Uncertain significance,p.M100V
Levofloxacin,gyrA,gyrA_p.Glu738Asp,1.0,0.0,3) Uncertain significance,p.E738D
Levofloxacin,gyrA,gyrA_p.Ala579Val,1.0,2.0,3) Uncertain significance,p.A579V
Levofloxacin,gyrA,gyrA_p.Pro275Ala,,,3) Uncertain significance,p.P275A
Levofloxacin,gyrA,gyrA_p.Val624Leu,0.0,1.0,3) Uncertain significance,p.V624L
Levofloxacin,gyrA,gyrA_p.Ile462Val,1.0,3.0,3) Uncertain significance,p.I462V
Levofloxacin,gyrA,gyrA_p.Arg222Trp,,,3) Uncertain significance,p.R222W
Levofloxacin,gyrB,gyrB_p.Ala597Thr,0.0,1.0,3) Uncertain significance,p.A597T
Levofloxacin,gyrB,gyrB_p.Ala467Val,,,3) Uncertain significance,p.A467V
Levofloxacin,gyrB,gyrB_p.Lys404Arg,1.0,0.0,3) Uncertain significance,p.K404R
Levofloxacin,gyrA,gyrA_p.Gly236Val,,,3) Uncertain significance,p.G236V
Levofloxacin,gyrB,gyrB_p.Glu501Gly,,,3) Uncertain significance,p.E501G
Levofloxacin,gyrA,gyrA_p.Thr590Ala,,,3) Uncertain significance,p.T590A
Levofloxacin,gyrA,gyrA_p.Ala463Ser,14.0,58.0,4) Not assoc w R - Interim,p.A463S
Levofloxacin,gyrB,gyrB_p.Asp340Gly,0.0,1.0,3) Uncertain significance,p.D340G
Levofloxacin,gyrA,gyrA_p.Leu398Phe,1.0,0.0,3) Uncertain significance,p.L398F
Levofloxacin,gyrB,gyrB_p.Lys526Gln,0.0,10.0,3) Uncertain significance,p.K526Q
Levofloxacin,gyrB,gyrB_p.Thr378Ser,0.0,1.0,3) Uncertain significance,p.T378S
Levofloxacin,gyrB,gyrB_p.Ile505Val,0.0,1.0,3) Uncertain significance,p.I505V
Levofloxacin,gyrA,gyrA_p.His557Arg,,,3) Uncertain significance,p.H557R
Levofloxacin,gyrB,gyrB_p.Thr507Ala,0.0,1.0,3) Uncertain significance,p.T507A
Levofloxacin,gyrA,gyrA_p.Gln238Arg,0.0,1.0,3) Uncertain significance,p.Q238R
Levofloxacin,gyrA,gyrA_p.Gly236Glu,0.0,1.0,3) Uncertain significance,p.G236E
Levofloxacin,gyrB,gyrB_p.Ser298Ala,0.0,1.0,3) Uncertain significance,p.S298A
Levofloxacin,gyrA,gyrA_p.Ala814Thr,0.0,1.0,3) Uncertain significance,p.A814T
Levofloxacin,gyrB,gyrB_p.Arg446Leu,,,3) Uncertain significance,p.R446L
Levofloxacin,gyrB,gyrB_p.Ile556Val,0.0,2.0,3) Uncertain significance,p.I556V
Levofloxacin,gyrA,gyrA_p.Asp552Gly,0.0,1.0,3) Uncertain significance,p.D552G
Levofloxacin,gyrB,gyrB_p.Asn499Ser,3.0,4.0,3) Uncertain significance,p.N499S
Levofloxacin,gyrA,gyrA_p.Gln238Glu,0.0,1.0,3) Uncertain significance,p.Q238E
Levofloxacin,gyrA,gyrA_p.Met24Val,0.0,1.0,3) Uncertain significance,p.M24V
Levofloxacin,gyrA,gyrA_p.Ala432Gly,,,3) Uncertain significance,p.A432G
Levofloxacin,gyrA,gyrA_p.Ile520Leu,,,3) Uncertain significance,p.I520L
Levofloxacin,gyrB,gyrB_p.Asn666Ser,,,3) Uncertain significance,p.N666S
Levofloxacin,gyrB,gyrB_p.Arg451His,,,3) Uncertain significance,p.R451H
Levofloxacin,gyrA,gyrA_p.Glu459Ala,,,3) Uncertain significance,p.E459A
Levofloxacin,gyrA,gyrA_p.Thr377Ile,0.0,1.0,3) Uncertain significance,p.T377I
Levofloxacin,gyrA,gyrA_p.Ala384Val,40.0,536.0,3) Uncertain significance,p.A384V
Levofloxacin,gyrA,gyrA_p.Glu508Ala,0.0,1.0,3) Uncertain significance,p.E508A
Levofloxacin,gyrA,gyrA_p.Lys333Arg,0.0,1.0,3) Uncertain significance,p.K333R
Levofloxacin,gyrA,gyrA_p.Val352Leu,,,3) Uncertain significance,p.V352L
Levofloxacin,gyrA,gyrA_p.Gln25Glu,0.0,1.0,3) Uncertain significance,p.Q25E
Levofloxacin,gyrA,gyrA_p.Ile314Val,0.0,1.0,3) Uncertain significance,p.I314V
Levofloxacin,gyrB,gyrB_p.Gln476Glu,0.0,1.0,3) Uncertain significance,p.Q476E
Levofloxacin,gyrB,gyrB_p.Ser413Ala,,,3) Uncertain significance,p.S413A
Levofloxacin,gyrB,gyrB_p.Thr170Ala,0.0,2.0,3) Uncertain significance,p.T170A
Levofloxacin,gyrA,gyrA_p.Arg254Leu,,,3) Uncertain significance,p.R254L
Levofloxacin,gyrA,gyrA_p.Glu808Ala,,,3) Uncertain significance,p.E808A
Levofloxacin,gyrA,gyrA_p.Thr836Arg,1.0,4.0,3) Uncertain significance,p.T836R
Levofloxacin,gyrA,gyrA_p.Ala788Val,0.0,1.0,3) Uncertain significance,p.A788V
Levofloxacin,gyrA,gyrA_p.Asp415Ala,0.0,1.0,3) Uncertain significance,p.D415A
Levofloxacin,gyrA,gyrA_p.Gly780Cys,0.0,1.0,3) Uncertain significance,p.G780C
Levofloxacin,gyrA,gyrA_p.Ser168Thr,0.0,1.0,3) Uncertain significance,p.S168T
Levofloxacin,gyrB,gyrB_p.Met197Ile,0.0,1.0,3) Uncertain significance,p.M197I
Levofloxacin,gyrA,gyrA_p.Val310Ile,,,3) Uncertain significance,p.V310I
Levofloxacin,gyrA,gyrA_p.Val516Ala,,,3) Uncertain significance,p.V516A
Levofloxacin,gyrA,gyrA_p.Pro50Arg,,,3) Uncertain significance,p.P50R
Levofloxacin,gyrA,gyrA_p.Asp481Glu,,,3) Uncertain significance,p.D481E
Levofloxacin,gyrB,gyrB_p.Arg587Gly,,,3) Uncertain significance,p.R587G
Levofloxacin,gyrB,gyrB_p.Asp402Glu,,,3) Uncertain significance,p.D402E
Levofloxacin,gyrB,gyrB_p.His285Arg,0.0,1.0,3) Uncertain significance,p.H285R
Levofloxacin,gyrB,gyrB_p.Arg575His,1.0,1.0,3) Uncertain significance,p.R575H
Levofloxacin,gyrA,gyrA_p.Thr378Ile,,,3) Uncertain significance,p.T378I
Levofloxacin,gyrB,gyrB_p.Val670Ile,0.0,1.0,3) Uncertain significance,p.V670I
Levofloxacin,gyrA,gyrA_p.Glu719Gln,0.0,1.0,3) Uncertain significance,p.E719Q
Levofloxacin,gyrB,gyrB_p.Thr373Ala,0.0,1.0,3) Uncertain significance,p.T373A
Levofloxacin,gyrA,gyrA_p.Arg607Cys,,,3) Uncertain significance,p.R607C
Levofloxacin,gyrA,gyrA_p.Arg14Leu,,,3) Uncertain significance,p.R14L
Levofloxacin,gyrA,gyrA_p.Arg68Cys,,,3) Uncertain significance,p.R68C
Levofloxacin,gyrA,gyrA_p.Leu766Ser,,,3) Uncertain significance,p.L766S
Levofloxacin,gyrB,gyrB_p.Arg212Thr,,,3) Uncertain significance,p.R212T
Levofloxacin,gyrA,gyrA_p.Arg387Gln,0.0,1.0,3) Uncertain significance,p.R387Q
Levofloxacin,gyrA,gyrA_p.Lys799Arg,0.0,1.0,3) Uncertain significance,p.K799R
Levofloxacin,gyrA,gyrA_p.Asn301Thr,,,3) Uncertain significance,p.N301T
Levofloxacin,gyrA,gyrA_p.Leu549Val,,,3) Uncertain significance,p.L549V
Levofloxacin,gyrA,gyrA_p.Arg375Gln,,,3) Uncertain significance,p.R375Q
Levofloxacin,gyrA,gyrA_p.His192Gln,,,3) Uncertain significance,p.H192Q
Levofloxacin,gyrB,gyrB_p.His560Asn,0.0,1.0,3) Uncertain significance,p.H560N
Levofloxacin,gyrA,gyrA_p.Met703Val,,,3) Uncertain significance,p.M703V
Levofloxacin,gyrA,gyrA_p.Val517Leu,,,3) Uncertain significance,p.V517L
Levofloxacin,gyrB,gyrB_p.Asp617Tyr,2.0,1.0,3) Uncertain significance,p.D617Y
Levofloxacin,gyrB,gyrB_p.Ala229Thr,0.0,1.0,3) Uncertain significance,p.A229T
Levofloxacin,gyrA,gyrA_p.Tyr276His,,,3) Uncertain significance,p.Y276H
Levofloxacin,gyrA,gyrA_p.Glu386Val,,,3) Uncertain significance,p.E386V
Levofloxacin,gyrB,gyrB_p.His302Arg,2.0,8.0,3) Uncertain significance,p.H302R
Levofloxacin,gyrA,gyrA_p.Asn826Ile,,,3) Uncertain significance,p.N826I
Levofloxacin,gyrA,gyrA_p.Asp825Glu,,,3) Uncertain significance,p.D825E
Levofloxacin,gyrA,gyrA_p.Ala620Thr,0.0,1.0,3) Uncertain significance,p.A620T
Levofloxacin,gyrB,gyrB_p.Leu375Phe,0.0,1.0,3) Uncertain significance,p.L375F
Levofloxacin,gyrB,gyrB_p.Val301Met,0.0,1.0,3) Uncertain significance,p.V301M
Levofloxacin,gyrB,gyrB_p.Ala233Gly,,,3) Uncertain significance,p.A233G
Levofloxacin,gyrB,gyrB_p.Val675Ile,,,3) Uncertain significance,p.V675I
Levofloxacin,gyrB,gyrB_p.Ala644Asp,1.0,2.0,3) Uncertain significance,p.A644D
Levofloxacin,gyrA,gyrA_p.Pro119Leu,,,3) Uncertain significance,p.P119L
Levofloxacin,gyrA,gyrA_p.Gly294Ala,0.0,1.0,3) Uncertain significance,p.G294A
Levofloxacin,gyrA,gyrA_p.Thr355Met,0.0,1.0,3) Uncertain significance,p.T355M
Levofloxacin,gyrA,gyrA_p.Phe683Leu,0.0,1.0,3) Uncertain significance,p.F683L
Levofloxacin,gyrB,gyrB_p.Ala641Asp,1.0,1.0,3) Uncertain significance,p.A641D
Levofloxacin,gyrA,gyrA_p.Val372Ala,0.0,1.0,3) Uncertain significance,p.V372A
Levofloxacin,gyrA,gyrA_p.Asp415Asn,,,3) Uncertain significance,p.D415N
Levofloxacin,gyrA,gyrA_p.Arg489Lys,,,3) Uncertain significance,p.R489K
Levofloxacin,gyrA,gyrA_p.Asp111Gly,,,3) Uncertain significance,p.D111G
Levofloxacin,gyrA,gyrA_p.Thr686Ser,,,3) Uncertain significance,p.T686S
Levofloxacin,gyrB,gyrB_p.Pro578Arg,,,3) Uncertain significance,p.P578R
Levofloxacin,gyrA,gyrA_p.Pro741Ala,0.0,1.0,3) Uncertain significance,p.P741A
Levofloxacin,gyrA,gyrA_p.Ser728Ala,0.0,1.0,3) Uncertain significance,p.S728A
Levofloxacin,gyrA,gyrA_p.Asp583Glu,,,3) Uncertain significance,p.D583E
Levofloxacin,gyrA,gyrA_p.Lys633Arg,,,3) Uncertain significance,p.K633R
Levofloxacin,gyrB,gyrB_p.Glu71Asp,,,3) Uncertain significance,p.E71D
Levofloxacin,gyrA,gyrA_p.Ser250Ala,,,3) Uncertain significance,p.S250A
Levofloxacin,gyrA,gyrA_p.Gln679His,0.0,1.0,3) Uncertain significance,p.Q679H
Levofloxacin,gyrB,gyrB_p.Tyr144Ser,0.0,1.0,3) Uncertain significance,p.Y144S
Levofloxacin,gyrA,gyrA_p.Glu317Asp,0.0,1.0,3) Uncertain significance,p.E317D
Levofloxacin,gyrB,gyrB_p.Ser466Pro,0.0,1.0,3) Uncertain significance,p.S466P
Levofloxacin,gyrA,gyrA_p.Val257Leu,,,3) Uncertain significance,p.V257L
Levofloxacin,gyrA,gyrA_p.Gly832Arg,0.0,1.0,3) Uncertain significance,p.G832R
Levofloxacin,gyrA,gyrA_p.Asp367Glu,,,3) Uncertain significance,p.D367E
Levofloxacin,gyrB,gyrB_p.Ile271Val,,,3) Uncertain significance,p.I271V
Levofloxacin,gyrA,gyrA_p.Glu605Gly,0.0,1.0,3) Uncertain significance,p.E605G
Levofloxacin,gyrA,gyrA_p.Ile408Thr,0.0,1.0,3) Uncertain significance,p.I408T
Levofloxacin,gyrB,gyrB_p.Ala237Gly,,,3) Uncertain significance,p.A237G
Levofloxacin,gyrA,gyrA_p.Ala512Val,,,3) Uncertain significance,p.A512V
Levofloxacin,gyrA,gyrA_p.Gly311Ala,0.0,1.0,3) Uncertain significance,p.G311A
Levofloxacin,gyrA,gyrA_p.Pro472Ser,0.0,9.0,3) Uncertain significance,p.P472S
Levofloxacin,gyrA,gyrA_p.Ala512Gly,,,3) Uncertain significance,p.A512G
Levofloxacin,gyrB,gyrB_p.Ala78Gly,,,3) Uncertain significance,p.A78G
Levofloxacin,gyrB,gyrB_p.Ile435Val,,,3) Uncertain significance,p.I435V
Levofloxacin,gyrB,gyrB_p.Asp220Glu,,,3) Uncertain significance,p.D220E
Levofloxacin,gyrB,gyrB_p.Val405Ala,0.0,1.0,3) Uncertain significance,p.V405A
Levofloxacin,gyrA,gyrA_p.Asp209Gly,,,3) Uncertain significance,p.D209G
Levofloxacin,gyrA,gyrA_p.Ile427Val,,,3) Uncertain significance,p.I427V
Levofloxacin,gyrA,gyrA_p.Glu429Ala,,,3) Uncertain significance,p.E429A
Levofloxacin,gyrA,gyrA_p.Lys333Asn,,,3) Uncertain significance,p.K333N
Levofloxacin,gyrB,gyrB_p.Ile19Leu,,,3) Uncertain significance,p.I19L
Levofloxacin,gyrB,gyrB_p.Glu21Gln,,,3) Uncertain significance,p.E21Q
Levofloxacin,gyrA,gyrA_p.Ala667Val,,,3) Uncertain significance,p.A667V
Levofloxacin,gyrB,gyrB_p.Ala355Thr,0.0,1.0,3) Uncertain significance,p.A355T
Levofloxacin,gyrA,gyrA_p.Pro17Leu,,,3) Uncertain significance,p.P17L
Levofloxacin,gyrA,gyrA_p.Glu485Ala,,,3) Uncertain significance,p.E485A
Levofloxacin,gyrB,gyrB_p.Glu425Ala,,,3) Uncertain significance,p.E425A
Levofloxacin,gyrB,gyrB_p.Ala508Val,,,3) Uncertain significance,p.A508V
Levofloxacin,gyrA,gyrA_p.Asp262Asn,0.0,1.0,3) Uncertain significance,p.D262N
Levofloxacin,gyrA,gyrA_p.Gly823Cys,0.0,1.0,3) Uncertain significance,p.G823C
Levofloxacin,gyrA,gyrA_p.Glu514Gln,,,3) Uncertain significance,p.E514Q
Levofloxacin,gyrB,gyrB_p.Lys603Arg,,,3) Uncertain significance,p.K603R
Levofloxacin,gyrA,gyrA_p.Ala581Gly,0.0,1.0,3) Uncertain significance,p.A581G
Levofloxacin,gyrB,gyrB_p.Lys333Arg,,,3) Uncertain significance,p.K333R
Levofloxacin,gyrA,gyrA_p.Gly265Asp,0.0,1.0,3) Uncertain significance,p.G265D
Levofloxacin,gyrB,gyrB_p.Gly594Arg,,,3) Uncertain significance,p.G594R
Levofloxacin,gyrA,gyrA_p.Ser168Asn,,,3) Uncertain significance,p.S168N
Levofloxacin,gyrA,gyrA_p.Val716Phe,,,3) Uncertain significance,p.V716F
Levofloxacin,gyrB,gyrB_p.Ala115Val,,,3) Uncertain significance,p.A115V
Levofloxacin,gyrA,gyrA_p.Val326Leu,0.0,1.0,3) Uncertain significance,p.V326L
Levofloxacin,gyrB,gyrB_p.Ile527Val,,,3) Uncertain significance,p.I527V
Levofloxacin,gyrB,gyrB_p.Ile116Met,,,3) Uncertain significance,p.I116M
Levofloxacin,gyrA,gyrA_p.Tyr364Asp,0.0,1.0,3) Uncertain significance,p.Y364D
Levofloxacin,gyrA,gyrA_p.Asp532Asn,0.0,1.0,3) Uncertain significance,p.D532N
Levofloxacin,gyrB,gyrB_p.Pro439Ala,,,3) Uncertain significance,p.P439A
Levofloxacin,gyrA,gyrA_p.Ile153Met,,,3) Uncertain significance,p.I153M
Levofloxacin,gyrB,gyrB_p.Leu563Phe,0.0,1.0,3) Uncertain significance,p.L563F
Levofloxacin,gyrA,gyrA_p.Asn629Lys,,,3) Uncertain significance,p.N629K
Levofloxacin,gyrB,gyrB_p.Asn558Asp,,,3) Uncertain significance,p.N558D
Levofloxacin,gyrB,gyrB_p.Leu455Val,,,3) Uncertain significance,p.L455V
Levofloxacin,gyrA,gyrA_p.Gly477Arg,0.0,1.0,3) Uncertain significance,p.G477R
Levofloxacin,gyrB,gyrB_p.Lys159Met,,,3) Uncertain significance,p.K159M
Levofloxacin,gyrB,gyrB_p.Gln565His,,,3) Uncertain significance,p.Q565H
Levofloxacin,gyrA,gyrA_p.Thr378Asn,0.0,1.0,3) Uncertain significance,p.T378N
Levofloxacin,gyrA,gyrA_p.Glu808Gln,0.0,1.0,3) Uncertain significance,p.E808Q
Levofloxacin,gyrA,gyrA_p.Ala410Thr,0.0,1.0,3) Uncertain significance,p.A410T
Levofloxacin,gyrB,gyrB_p.Thr209Ala,,,3) Uncertain significance,p.T209A
Levofloxacin,gyrA,gyrA_p.Leu724Val,0.0,1.0,3) Uncertain significance,p.L724V
Levofloxacin,gyrA,gyrA_p.Arg615Gly,,,3) Uncertain significance,p.R615G
Levofloxacin,gyrA,gyrA_p.Arg376Leu,0.0,1.0,3) Uncertain significance,p.R376L
Levofloxacin,gyrA,gyrA_p.His334Tyr,,,3) Uncertain significance,p.H334Y
Levofloxacin,gyrA,gyrA_p.Ser62Phe,,,3) Uncertain significance,p.S62F
Levofloxacin,gyrB,gyrB_p.Ile478Leu,0.0,1.0,3) Uncertain significance,p.I478L
Levofloxacin,gyrA,gyrA_p.Ala297Asp,0.0,1.0,3) Uncertain significance,p.A297D
Levofloxacin,gyrA,gyrA_p.Glu412Ala,,,3) Uncertain significance,p.E412A
Levofloxacin,gyrB,gyrB_p.Met616Val,0.0,1.0,3) Uncertain significance,p.M616V
Levofloxacin,gyrB,gyrB_p.Thr167Ala,,,3) Uncertain significance,p.T167A
Levofloxacin,gyrA,gyrA_p.Ala347Val,,,3) Uncertain significance,p.A347V
Levofloxacin,gyrB,gyrB_p.Asn207Asp,,,3) Uncertain significance,p.N207D
Levofloxacin,gyrB,gyrB_p.Ala175Thr,0.0,1.0,3) Uncertain significance,p.A175T
Levofloxacin,gyrB,gyrB_p.His560Arg,,,3) Uncertain significance,p.H560R
Levofloxacin,gyrB,gyrB_p.Arg665Cys,,,3) Uncertain significance,p.R665C
Levofloxacin,gyrA,gyrA_p.Glu412Gly,0.0,1.0,3) Uncertain significance,p.E412G
Levofloxacin,gyrA,gyrA_p.Leu205Val,,,3) Uncertain significance,p.L205V
Levofloxacin,gyrA,gyrA_p.Met24Ile,0.0,1.0,3) Uncertain significance,p.M24I
Levofloxacin,gyrA,gyrA_p.Ser411Ala,,,3) Uncertain significance,p.S411A
Levofloxacin,gyrA,gyrA_p.Arg392Cys,0.0,1.0,3) Uncertain significance,p.R392C
Levofloxacin,gyrB,gyrB_p.Leu555Phe,0.0,1.0,3) Uncertain significance,p.L555F
Levofloxacin,gyrA,gyrA_p.Ala186Thr,,,3) Uncertain significance,p.A186T
Levofloxacin,gyrB,gyrB_p.Leu337Arg,0.0,1.0,3) Uncertain significance,p.L337R
Levofloxacin,gyrA,gyrA_p.Asp641Tyr,,,3) Uncertain significance,p.D641Y
Levofloxacin,gyrA,gyrA_p.Met99Val,,,3) Uncertain significance,p.M99V
Levofloxacin,gyrA,gyrA_p.Arg615Leu,,,3) Uncertain significance,p.R615L
Levofloxacin,gyrA,gyrA_p.Ala501Val,,,3) Uncertain significance,p.A501V
Levofloxacin,gyrB,gyrB_p.Glu654Ala,0.0,3.0,3) Uncertain significance,p.E654A
Levofloxacin,gyrB,gyrB_p.Thr37Ser,,,3) Uncertain significance,p.T37S
Levofloxacin,gyrB,gyrB_p.Asp216Gly,,,3) Uncertain significance,p.D216G
Levofloxacin,gyrB,gyrB_p.Lys526Asn,,,3) Uncertain significance,p.K526N
Levofloxacin,gyrA,gyrA_p.Asp488Ala,,,3) Uncertain significance,p.D488A
Levofloxacin,gyrB,gyrB_p.His252Tyr,,,3) Uncertain significance,p.H252Y
Levofloxacin,gyrA,gyrA_p.Ala324Gly,0.0,1.0,3) Uncertain significance,p.A324G
Levofloxacin,gyrA,gyrA_p.Arg578Gln,6.0,31.0,3) Uncertain significance,p.R578Q
Levofloxacin,gyrB,gyrB_p.Lys668Glu,,,3) Uncertain significance,p.K668E
Levofloxacin,gyrA,gyrA_p.Ile815Met,0.0,1.0,3) Uncertain significance,p.I815M
Levofloxacin,gyrB,gyrB_p.Gln538Arg,0.0,1.0,3) Uncertain significance,p.Q538R
Levofloxacin,gyrA,gyrA_p.Gln573Arg,,,3) Uncertain significance,p.Q573R
Levofloxacin,gyrB,gyrB_p.Gly203Val,0.0,1.0,3) Uncertain significance,p.G203V
Levofloxacin,gyrB,gyrB_p.Thr183Met,,,3) Uncertain significance,p.T183M
Levofloxacin,gyrA,gyrA_p.Arg252Gly,,,3) Uncertain significance,p.R252G
Levofloxacin,gyrA,gyrA_p.Met438Ile,0.0,1.0,3) Uncertain significance,p.M438I
Levofloxacin,gyrA,gyrA_p.Glu140Gly,,,3) Uncertain significance,p.E140G
Levofloxacin,gyrA,gyrA_p.Asp199Tyr,,,3) Uncertain significance,p.D199Y
Levofloxacin,gyrA,gyrA_p.Ser250Tyr,,,3) Uncertain significance,p.S250Y
Levofloxacin,gyrA,gyrA_p.Thr836Met,,,3) Uncertain significance,p.T836M
Levofloxacin,gyrA,gyrA_p.Met99Ile,,,3) Uncertain significance,p.M99I
Levofloxacin,gyrA,gyrA_p.Ile284Val,0.0,1.0,3) Uncertain significance,p.I284V
Levofloxacin,gyrA,gyrA_p.Ile554Val,,,3) Uncertain significance,p.I554V
Levofloxacin,gyrB,gyrB_p.Arg634Leu,,,3) Uncertain significance,p.R634L
Levofloxacin,gyrA,gyrA_p.Val768Ala,,,3) Uncertain significance,p.V768A
Levofloxacin,gyrB,gyrB_p.Pro177His,0.0,1.0,3) Uncertain significance,p.P177H
Levofloxacin,gyrA,gyrA_p.Leu173Val,0.0,1.0,3) Uncertain significance,p.L173V
Levofloxacin,gyrA,gyrA_p.Ala126Glu,1.0,2.0,3) Uncertain significance,p.A126E
Levofloxacin,gyrB,gyrB_p.Val75Gly,,,3) Uncertain significance,p.V75G
Levofloxacin,gyrA,gyrA_p.Asp532Glu,0.0,1.0,3) Uncertain significance,p.D532E
Levofloxacin,gyrB,gyrB_p.Ala242Thr,,,3) Uncertain significance,p.A242T
Levofloxacin,gyrB,gyrB_p.Glu501Val,,,2) Assoc w R - Interim,p.E501V
Levofloxacin,gyrA,gyrA_p.Thr590Met,,,3) Uncertain significance,p.T590M
Levofloxacin,gyrA,gyrA_p.Leu425Phe,,,3) Uncertain significance,p.L425F
Levofloxacin,gyrB,gyrB_p.Pro163Leu,,,3) Uncertain significance,p.P163L
Levofloxacin,gyrA,gyrA_p.Val352Met,0.0,1.0,3) Uncertain significance,p.V352M
Levofloxacin,gyrA,gyrA_p.Gln336Lys,,,3) Uncertain significance,p.Q336K
Levofloxacin,gyrA,gyrA_p.Lys224Glu,,,3) Uncertain significance,p.K224E
Levofloxacin,gyrB,gyrB_p.Lys498Asn,,,3) Uncertain significance,p.K498N
Levofloxacin,gyrA,gyrA_p.Asp687Asn,,,3) Uncertain significance,p.D687N
Levofloxacin,gyrA,gyrA_p.Gly744Ala,0.0,1.0,3) Uncertain significance,p.G744A
Levofloxacin,gyrA,gyrA_p.Ala500Glu,0.0,1.0,3) Uncertain significance,p.A500E
Levofloxacin,gyrA,gyrA_p.Phe640Val,,,3) Uncertain significance,p.F640V
Levofloxacin,gyrA,gyrA_p.Ala406Val,,,3) Uncertain significance,p.A406V
Levofloxacin,gyrB,gyrB_p.Gly510Asp,0.0,1.0,3) Uncertain significance,p.G510D
Levofloxacin,gyrA,gyrA_p.Arg513Cys,,,3) Uncertain significance,p.R513C
Levofloxacin,gyrB,gyrB_p.Val68Leu,0.0,1.0,3) Uncertain significance,p.V68L
Levofloxacin,gyrA,gyrA_p.Arg143Lys,0.0,1.0,3) Uncertain significance,p.R143K
Levofloxacin,gyrA,gyrA_p.Asp515Asn,,,3) Uncertain significance,p.D515N
Levofloxacin,gyrB,gyrB_p.Asp225Glu,0.0,1.0,3) Uncertain significance,p.D225E
Levofloxacin,gyrA,gyrA_p.Met141Ile,,,3) Uncertain significance,p.M141I
Levofloxacin,gyrA,gyrA_p.Asn831Asp,0.0,1.0,3) Uncertain significance,p.N831D
Levofloxacin,gyrB,gyrB_p.Pro343Ser,,,3) Uncertain significance,p.P343S
Levofloxacin,gyrA,gyrA_p.Thr697Ala,,,3) Uncertain significance,p.T697A
Levofloxacin,gyrA,gyrA_p.Glu148Asp,,,3) Uncertain significance,p.E148D
Levofloxacin,gyrB,gyrB_p.Val222Met,,,3) Uncertain significance,p.V222M
Levofloxacin,gyrA,gyrA_p.Asp211Gly,,,3) Uncertain significance,p.D211G
Levofloxacin,gyrA,gyrA_p.Gln290Arg,,,3) Uncertain significance,p.Q290R
Levofloxacin,gyrB,gyrB_p.Ser274Thr,,,3) Uncertain significance,p.S274T
Levofloxacin,gyrA,gyrA_p.Gly764Arg,0.0,1.0,3) Uncertain significance,p.G764R
Levofloxacin,gyrB,gyrB_p.Ala90Thr,,,3) Uncertain significance,p.A90T
Levofloxacin,gyrB,gyrB_p.Ala618Asp,,,3) Uncertain significance,p.A618D
Levofloxacin,gyrA,gyrA_p.Val223Ile,,,3) Uncertain significance,p.V223I
Levofloxacin,gyrA,gyrA_p.Gln603His,,,3) Uncertain significance,p.Q603H
Levofloxacin,gyrA,gyrA_p.Ala322Ser,,,3) Uncertain significance,p.A322S
Levofloxacin,gyrB,gyrB_p.Thr371Ile,0.0,1.0,3) Uncertain significance,p.T371I
Levofloxacin,gyrA,gyrA_p.Thr572Asn,,,3) Uncertain significance,p.T572N
Levofloxacin,gyrA,gyrA_p.Arg392His,,,3) Uncertain significance,p.R392H
Levofloxacin,gyrB,gyrB_p.Ile486Val,,,3) Uncertain significance,p.I486V
Levofloxacin,gyrA,gyrA_p.Asp824Ala,0.0,1.0,3) Uncertain significance,p.D824A
Levofloxacin,gyrA,gyrA_p.Thr339Ser,,,3) Uncertain significance,p.T339S
Levofloxacin,gyrA,gyrA_p.Gly63Arg,0.0,1.0,3) Uncertain significance,p.G63R
Levofloxacin,gyrB,gyrB_p.Arg553Trp,0.0,1.0,3) Uncertain significance,p.R553W
Levofloxacin,gyrA,gyrA_p.Arg539Pro,,,3) Uncertain significance,p.R539P
Levofloxacin,gyrA,gyrA_p.Glu466Ala,,,3) Uncertain significance,p.E466A
Levofloxacin,gyrA,gyrA_p.Gln22Arg,,,3) Uncertain significance,p.Q22R
Levofloxacin,gyrA,gyrA_p.Glu459Lys,,,3) Uncertain significance,p.E459K
Levofloxacin,gyrB,gyrB_p.Leu156Arg,0.0,1.0,3) Uncertain significance,p.L156R
Levofloxacin,gyrB,gyrB_p.Ile601Thr,,,3) Uncertain significance,p.I601T
Levofloxacin,gyrB,gyrB_p.Lys452Asn,,,3) Uncertain significance,p.K452N
Levofloxacin,gyrA,gyrA_p.Val235Ala,,,3) Uncertain significance,p.V235A
Levofloxacin,gyrA,gyrA_p.Ile468Val,,,3) Uncertain significance,p.I468V
Levofloxacin,gyrA,gyrA_p.Asp507His,,,3) Uncertain significance,p.D507H
Levofloxacin,gyrA,gyrA_p.Asp493His,,,3) Uncertain significance,p.D493H
Levofloxacin,gyrA,gyrA_p.Arg789His,,,3) Uncertain significance,p.R789H
Levofloxacin,gyrB,gyrB_p.Ala162Glu,,,3) Uncertain significance,p.A162E
Levofloxacin,gyrA,gyrA_p.Arg26His,,,3) Uncertain significance,p.R26H
Levofloxacin,gyrB,gyrB_p.Pro343Ala,,,3) Uncertain significance,p.P343A
Levofloxacin,gyrA,gyrA_p.Pro7Ser,,,3) Uncertain significance,p.P7S
Levofloxacin,gyrA,gyrA_p.Phe569Cys,,,3) Uncertain significance,p.F569C
Levofloxacin,gyrA,gyrA_p.Glu79Lys,,,3) Uncertain significance,p.E79K
Levofloxacin,gyrB,gyrB_p.Ala191Asp,0.0,1.0,3) Uncertain significance,p.A191D
Levofloxacin,gyrB,gyrB_p.Asp110Gly,0.0,1.0,3) Uncertain significance,p.D110G
Levofloxacin,gyrA,gyrA_p.Ala417Ser,0.0,1.0,3) Uncertain significance,p.A417S
Levofloxacin,gyrA,gyrA_p.Met141Thr,,,3) Uncertain significance,p.M141T
Levofloxacin,gyrA,gyrA_p.Arg252Pro,0.0,1.0,3) Uncertain significance,p.R252P
Levofloxacin,gyrA,gyrA_p.Thr563Ser,,,3) Uncertain significance,p.T563S
Levofloxacin,gyrA,gyrA_p.Pro154Leu,,,3) Uncertain significance,p.P154L
Levofloxacin,gyrA,gyrA_p.Leu671Val,,,3) Uncertain significance,p.L671V
Levofloxacin,gyrB,gyrB_p.Ser273Gly,0.0,1.0,3) Uncertain significance,p.S273G
Levofloxacin,gyrA,gyrA_p.Thr355Ser,0.0,1.0,3) Uncertain significance,p.T355S
Levofloxacin,gyrA,gyrA_p.Leu711Met,2.0,16.0,3) Uncertain significance,p.L711M
Levofloxacin,gyrA,gyrA_p.Ala74Val,0.0,1.0,3) Uncertain significance,p.A74V
Levofloxacin,gyrB,gyrB_p.Glu151Asp,,,3) Uncertain significance,p.E151D
Levofloxacin,gyrA,gyrA_p.Asn826His,,,3) Uncertain significance,p.N826H
Levofloxacin,gyrA,gyrA_p.Asp402Glu,0.0,1.0,3) Uncertain significance,p.D402E
Levofloxacin,gyrA,gyrA_p.Arg758Trp,0.0,1.0,3) Uncertain significance,p.R758W
Levofloxacin,gyrA,gyrA_p.Ala400Val,,,3) Uncertain significance,p.A400V
Levofloxacin,gyrB,gyrB_p.Pro439Arg,,,3) Uncertain significance,p.P439R
Levofloxacin,gyrB,gyrB_p.Ala78Val,,,3) Uncertain significance,p.A78V
Levofloxacin,gyrA,gyrA_p.Ser506Asn,,,3) Uncertain significance,p.S506N
Levofloxacin,gyrA,gyrA_p.Leu358Met,,,3) Uncertain significance,p.L358M
Levofloxacin,gyrB,gyrB_p.Leu204Met,,,3) Uncertain significance,p.L204M
Levofloxacin,gyrA,gyrA_p.Leu690Val,0.0,1.0,3) Uncertain significance,p.L690V
Levofloxacin,gyrA,gyrA_p.Glu289Gln,,,3) Uncertain significance,p.E289Q
Levofloxacin,gyrA,gyrA_p.Gln797Pro,0.0,1.0,3) Uncertain significance,p.Q797P
Levofloxacin,gyrA,gyrA_p.Ile153Val,0.0,1.0,3) Uncertain significance,p.I153V
Levofloxacin,gyrB,gyrB_p.Ala403Val,,,3) Uncertain significance,p.A403V
Levofloxacin,gyrB,gyrB_p.Glu21Lys,0.0,1.0,3) Uncertain significance,p.E21K
Levofloxacin,gyrB,gyrB_p.Leu673Pro,,,3) Uncertain significance,p.L673P
Levofloxacin,gyrB,gyrB_p.Val68Ala,0.0,1.0,3) Uncertain significance,p.V68A
Levofloxacin,gyrA,gyrA_p.Gly158Ser,,,3) Uncertain significance,p.G158S
Levofloxacin,gyrB,gyrB_p.Glu604Lys,,,3) Uncertain significance,p.E604K
Levofloxacin,gyrA,gyrA_p.Met139Val,,,3) Uncertain significance,p.M139V
Levofloxacin,gyrA,gyrA_p.Arg26Cys,,,3) Uncertain significance,p.R26C
Levofloxacin,gyrA,gyrA_p.Ser34Arg,,,3) Uncertain significance,p.S34R
Levofloxacin,gyrA,gyrA_p.Val327Leu,,,3) Uncertain significance,p.V327L
Levofloxacin,gyrA,gyrA_p.Ala512Thr,,,3) Uncertain significance,p.A512T
Levofloxacin,gyrA,gyrA_p.Gly548Arg,,,3) Uncertain significance,p.G548R
Levofloxacin,gyrA,gyrA_p.Gly823Ser,,,3) Uncertain significance,p.G823S
Levofloxacin,gyrA,gyrA_p.Val649Met,,,3) Uncertain significance,p.V649M
Levofloxacin,gyrA,gyrA_p.Ala410Val,0.0,1.0,3) Uncertain significance,p.A410V
Levofloxacin,gyrB,gyrB_p.Ala238Thr,0.0,1.0,3) Uncertain significance,p.A238T
Levofloxacin,gyrB,gyrB_p.Val218Ile,0.0,1.0,3) Uncertain significance,p.V218I
Levofloxacin,gyrA,gyrA_p.Glu317Gly,,,3) Uncertain significance,p.E317G
Levofloxacin,gyrB,gyrB_p.Val226Ala,,,3) Uncertain significance,p.V226A
Levofloxacin,gyrA,gyrA_p.Gly477Glu,,,3) Uncertain significance,p.G477E
Levofloxacin,gyrA,gyrA_p.Tyr365His,,,3) Uncertain significance,p.Y365H
Levofloxacin,gyrA,gyrA_p.Arg495Cys,0.0,1.0,3) Uncertain significance,p.R495C
Levofloxacin,gyrB,gyrB_p.Thr189Pro,0.0,1.0,3) Uncertain significance,p.T189P
Levofloxacin,gyrA,gyrA_p.Ile681Met,0.0,1.0,3) Uncertain significance,p.I681M
Levofloxacin,gyrA,gyrA_p.Met804Val,0.0,1.0,3) Uncertain significance,p.M804V
Levofloxacin,gyrB,gyrB_p.Lys7Gln,0.0,1.0,3) Uncertain significance,p.K7Q
Levofloxacin,gyrA,gyrA_p.Asp415Phe,0.0,1.0,3) Uncertain significance,p.D415F
Levofloxacin,gyrA,gyrA_p.Gly694Ala,0.0,1.0,3) Uncertain significance,p.G694A
Levofloxacin,gyrA,gyrA_p.Ser69Gly,0.0,2.0,3) Uncertain significance,p.S69G
Levofloxacin,gyrA,gyrA_p.Leu465Gln,,,3) Uncertain significance,p.L465Q
Levofloxacin,gyrB,gyrB_p.His311Arg,0.0,1.0,3) Uncertain significance,p.H311R
Levofloxacin,gyrA,gyrA_p.Val674Ile,,,3) Uncertain significance,p.V674I
Levofloxacin,gyrB,gyrB_p.Ser576Thr,,,3) Uncertain significance,p.S576T
Levofloxacin,gyrB,gyrB_p.Arg192Pro,0.0,1.0,3) Uncertain significance,p.R192P
Levofloxacin,gyrA,gyrA_p.Gln790Glu,0.0,1.0,3) Uncertain significance,p.Q790E
Levofloxacin,gyrA,gyrA_p.Thr230Ser,,,3) Uncertain significance,p.T230S
Levofloxacin,gyrB,gyrB_p.Ala78Thr,0.0,1.0,3) Uncertain significance,p.A78T
Levofloxacin,gyrB,gyrB_p.Ala233Val,,,3) Uncertain significance,p.A233V
Levofloxacin,gyrA,gyrA_p.Ala71Thr,0.0,1.0,3) Uncertain significance,p.A71T
Levofloxacin,gyrB,gyrB_p.Asn399Ser,0.0,1.0,3) Uncertain significance,p.N399S
Levofloxacin,gyrA,gyrA_p.Arg195Gly,0.0,1.0,3) Uncertain significance,p.R195G
Levofloxacin,gyrA,gyrA_p.Lys319Asn,,,3) Uncertain significance,p.K319N
Levofloxacin,gyrA,gyrA_p.Pro66Ala,0.0,1.0,3) Uncertain significance,p.P66A
Levofloxacin,gyrA,gyrA_p.Ala512Ser,0.0,1.0,3) Uncertain significance,p.A512S
Levofloxacin,gyrA,gyrA_p.Gly112Cys,,,3) Uncertain significance,p.G112C
Levofloxacin,gyrA,gyrA_p.Ala587Asp,0.0,1.0,3) Uncertain significance,p.A587D
Levofloxacin,gyrA,gyrA_p.Pro621Leu,0.0,1.0,3) Uncertain significance,p.P621L
Levofloxacin,gyrB,gyrB_p.Glu228Asp,2.0,4.0,3) Uncertain significance,p.E228D
Levofloxacin,gyrB,gyrB_p.Glu181Gly,,,3) Uncertain significance,p.E181G
Levofloxacin,gyrB,gyrB_p.Asp176Glu,,,3) Uncertain significance,p.D176E
Levofloxacin,gyrA,gyrA_p.Val479Met,0.0,2.0,3) Uncertain significance,p.V479M
Levofloxacin,gyrB,gyrB_p.Glu228Gln,0.0,2.0,3) Uncertain significance,p.E228Q
Levofloxacin,gyrA,gyrA_p.Asp639Gly,,,3) Uncertain significance,p.D639G
Levofloxacin,gyrA,gyrA_p.Gly702Ser,,,3) Uncertain significance,p.G702S
Levofloxacin,gyrB,gyrB_p.Ala87Gly,0.0,1.0,3) Uncertain significance,p.A87G
Levofloxacin,gyrB,gyrB_p.Gln4Arg,0.0,1.0,3) Uncertain significance,p.Q4R
Levofloxacin,gyrB,gyrB_p.Ser629Ala,0.0,2.0,3) Uncertain significance,p.S629A
Levofloxacin,gyrB,gyrB_p.Ala332Val,,,3) Uncertain significance,p.A332V
Levofloxacin,gyrB,gyrB_p.Asp640Ala,0.0,1.0,3) Uncertain significance,p.D640A
Levofloxacin,gyrA,gyrA_p.Arg615His,,,3) Uncertain significance,p.R615H
Levofloxacin,gyrB,gyrB_p.Ile46Ser,,,3) Uncertain significance,p.I46S
Levofloxacin,gyrA,gyrA_p.Phe152Leu,0.0,2.0,3) Uncertain significance,p.F152L
Levofloxacin,gyrB,gyrB_p.Gly437Ala,0.0,1.0,3) Uncertain significance,p.G437A
Levofloxacin,gyrA,gyrA_p.Ser772Arg,0.0,1.0,3) Uncertain significance,p.S772R
Levofloxacin,gyrA,gyrA_p.Ile452Thr,,,3) Uncertain significance,p.I452T
Levofloxacin,gyrB,gyrB_p.His272Pro,0.0,1.0,3) Uncertain significance,p.H272P
Levofloxacin,gyrA,gyrA_p.Asp242Asn,,,3) Uncertain significance,p.D242N
Levofloxacin,gyrB,gyrB_p.Ala238Gly,,,3) Uncertain significance,p.A238G
Levofloxacin,gyrA,gyrA_p.Phe64Leu,0.0,1.0,3) Uncertain significance,p.F64L
Levofloxacin,gyrB,gyrB_p.Asp494Ala,2.0,2.0,3) Uncertain significance,p.D494A
Levofloxacin,gyrA,gyrA_p.Asp481Gly,,,3) Uncertain significance,p.D481G
Levofloxacin,gyrA,gyrA_p.Arg65His,,,3) Uncertain significance,p.R65H
Levofloxacin,gyrB,gyrB_p.Asp334Gly,,,3) Uncertain significance,p.D334G
Levofloxacin,gyrB,gyrB_p.Val407Leu,,,3) Uncertain significance,p.V407L
Levofloxacin,gyrA,gyrA_p.Thr638Asn,,,3) Uncertain significance,p.T638N
Levofloxacin,gyrA,gyrA_p.Phe228Leu,,,3) Uncertain significance,p.F228L
Levofloxacin,gyrA,gyrA_p.Val352Ala,0.0,1.0,3) Uncertain significance,p.V352A
Levofloxacin,gyrA,gyrA_p.Ala432Val,,,3) Uncertain significance,p.A432V
Levofloxacin,gyrA,gyrA_p.Ala456Gly,0.0,1.0,3) Uncertain significance,p.A456G
Levofloxacin,gyrA,gyrA_p.Glu79Asp,0.0,2.0,3) Uncertain significance,p.E79D
Levofloxacin,gyrA,gyrA_p.Val750Ala,,,3) Uncertain significance,p.V750A
Levofloxacin,gyrA,gyrA_p.Tyr722Cys,,,3) Uncertain significance,p.Y722C
Levofloxacin,gyrA,gyrA_p.His389Pro,0.0,2.0,3) Uncertain significance,p.H389P
Levofloxacin,gyrA,gyrA_p.Ser104Leu,0.0,1.0,3) Uncertain significance,p.S104L
Levofloxacin,gyrB,gyrB_p.Glu299Gln,0.0,1.0,3) Uncertain significance,p.E299Q
Levofloxacin,gyrB,gyrB_p.Leu156Met,,,3) Uncertain significance,p.L156M
Levofloxacin,gyrB,gyrB_p.Glu21Asp,,,3) Uncertain significance,p.E21D
Levofloxacin,gyrA,gyrA_p.His490Asn,,,3) Uncertain significance,p.H490N
Levofloxacin,gyrA,gyrA_p.Ala324Val,,,3) Uncertain significance,p.A324V
Levofloxacin,gyrA,gyrA_p.Asp509Asn,,,3) Uncertain significance,p.D509N
Levofloxacin,gyrA,gyrA_p.Ala74Thr,,,3) Uncertain significance,p.A74T
Levofloxacin,gyrA,gyrA_p.Thr355Ala,0.0,1.0,3) Uncertain significance,p.T355A
Levofloxacin,gyrB,gyrB_p.Asn66His,,,3) Uncertain significance,p.N66H
Levofloxacin,gyrB,gyrB_p.Glu76Asp,0.0,1.0,3) Uncertain significance,p.E76D
Levofloxacin,gyrA,gyrA_p.Gln475Pro,,,3) Uncertain significance,p.Q475P
Levofloxacin,gyrB,gyrB_p.Arg523Cys,,,3) Uncertain significance,p.R523C
Levofloxacin,gyrA,gyrA_p.Asn282Lys,1.0,4.0,3) Uncertain significance,p.N282K
Levofloxacin,gyrA,gyrA_p.Val278Ile,0.0,1.0,3) Uncertain significance,p.V278I
Levofloxacin,gyrB,gyrB_p.Pro177Arg,0.0,2.0,3) Uncertain significance,p.P177R
Levofloxacin,gyrA,gyrA_p.Ala676Asp,0.0,1.0,3) Uncertain significance,p.A676D
Levofloxacin,gyrA,gyrA_p.Gln305Arg,0.0,2.0,3) Uncertain significance,p.Q305R
Levofloxacin,gyrA,gyrA_p.Ile348Val,,,3) Uncertain significance,p.I348V
Levofloxacin,gyrA,gyrA_p.Phe683Val,,,3) Uncertain significance,p.F683V
Levofloxacin,gyrB,gyrB_p.Ser359Thr,0.0,1.0,3) Uncertain significance,p.S359T
Levofloxacin,gyrA,gyrA_p.Gly503Arg,,,3) Uncertain significance,p.G503R
Levofloxacin,gyrA,gyrA_p.Gln743His,0.0,1.0,3) Uncertain significance,p.Q743H
Levofloxacin,gyrB,gyrB_p.Ala564Thr,,,3) Uncertain significance,p.A564T
Levofloxacin,gyrA,gyrA_p.Pro17Ser,0.0,2.0,3) Uncertain significance,p.P17S
Levofloxacin,gyrA,gyrA_p.Gln22His,0.0,1.0,3) Uncertain significance,p.Q22H
Levofloxacin,gyrA,gyrA_p.Asp464Glu,0.0,1.0,3) Uncertain significance,p.D464E
Levofloxacin,gyrA,gyrA_p.Ala662Val,0.0,1.0,3) Uncertain significance,p.A662V
Levofloxacin,gyrA,gyrA_p.Leu12Phe,,,3) Uncertain significance,p.L12F
Levofloxacin,gyrA,gyrA_p.Ser642Cys,,,3) Uncertain significance,p.S642C
Levofloxacin,gyrA,gyrA_p.Val651Ala,,,3) Uncertain significance,p.V651A
Levofloxacin,gyrA,gyrA_p.Asp367His,0.0,1.0,3) Uncertain significance,p.D367H
Levofloxacin,gyrB,gyrB_p.Met530Thr,,,3) Uncertain significance,p.M530T
Levofloxacin,gyrB,gyrB_p.Asp225Gly,,,3) Uncertain significance,p.D225G
Levofloxacin,gyrA,gyrA_p.Glu412Val,0.0,5.0,3) Uncertain significance,p.E412V
Levofloxacin,gyrA,gyrA_p.Gly795Arg,0.0,1.0,3) Uncertain significance,p.G795R
Levofloxacin,gyrB,gyrB_p.Ala432Val,0.0,1.0,3) Uncertain significance,p.A432V
Levofloxacin,gyrB,gyrB_p.Leu69Val,0.0,2.0,3) Uncertain significance,p.L69V
Levofloxacin,gyrB,gyrB_p.Ser576Gly,0.0,2.0,3) Uncertain significance,p.S576G
Levofloxacin,gyrB,gyrB_p.Lys668Arg,,,3) Uncertain significance,p.K668R
Levofloxacin,gyrB,gyrB_p.Ser363Arg,0.0,2.0,3) Uncertain significance,p.S363R
Levofloxacin,gyrA,gyrA_p.Arg380Gly,,,3) Uncertain significance,p.R380G
Levofloxacin,gyrB,gyrB_p.Cys388Gly,,,3) Uncertain significance,p.C388G
Levofloxacin,gyrA,gyrA_p.Met141Val,,,3) Uncertain significance,p.M141V
Levofloxacin,gyrA,gyrA_p.Glu303Lys,,,3) Uncertain significance,p.E303K
Levofloxacin,gyrB,gyrB_p.Asp434Glu,,,3) Uncertain significance,p.D434E
Levofloxacin,gyrB,gyrB_p.Asp259Glu,0.0,2.0,3) Uncertain significance,p.D259E
Levofloxacin,gyrA,gyrA_p.Arg480Cys,,,3) Uncertain significance,p.R480C
Levofloxacin,gyrA,gyrA_p.Lys636Glu,0.0,1.0,3) Uncertain significance,p.K636E
Levofloxacin,gyrB,gyrB_p.Leu354Val,0.0,2.0,3) Uncertain significance,p.L354V
Levofloxacin,gyrB,gyrB_p.Gly436Arg,,,3) Uncertain significance,p.G436R
Levofloxacin,gyrA,gyrA_p.Ala696Val,0.0,2.0,3) Uncertain significance,p.A696V
Levofloxacin,gyrB,gyrB_p.Glu604Val,,,3) Uncertain significance,p.E604V
Levofloxacin,gyrB,gyrB_p.Glu489Gln,0.0,2.0,3) Uncertain significance,p.E489Q
Levofloxacin,gyrB,gyrB_p.Arg523Ser,,,3) Uncertain significance,p.R523S
Levofloxacin,gyrB,gyrB_p.Asp518Gly,0.0,1.0,3) Uncertain significance,p.D518G
Levofloxacin,gyrB,gyrB_p.Tyr253Ser,0.0,2.0,3) Uncertain significance,p.Y253S
Levofloxacin,gyrA,gyrA_p.Arg252Leu,0.0,26.0,4) Not assoc w R - Interim,p.R252L
Levofloxacin,gyrA,gyrA_p.Arg106Cys,0.0,1.0,3) Uncertain significance,p.R106C
Levofloxacin,gyrB,gyrB_p.Glu379Gly,,,3) Uncertain significance,p.E379G
Levofloxacin,gyrA,gyrA_p.Arg489Ser,0.0,1.0,3) Uncertain significance,p.R489S
Levofloxacin,gyrA,gyrA_p.Val544Leu,,,3) Uncertain significance,p.V544L
Levofloxacin,gyrA,gyrA_p.Ala445Val,0.0,1.0,3) Uncertain significance,p.A445V
Levofloxacin,gyrB,gyrB_p.Thr250Ser,,,3) Uncertain significance,p.T250S
Levofloxacin,gyrA,gyrA_p.Leu401Val,,,3) Uncertain significance,p.L401V
Levofloxacin,gyrA,gyrA_p.Ala297Gly,0.0,1.0,3) Uncertain significance,p.A297G
Levofloxacin,gyrB,gyrB_p.Gly606Ser,0.0,1.0,3) Uncertain significance,p.G606S
Levofloxacin,gyrA,gyrA_p.Gln679Lys,0.0,2.0,3) Uncertain significance,p.Q679K
Levofloxacin,gyrA,gyrA_p.Asp467His,0.0,2.0,3) Uncertain significance,p.D467H
Levofloxacin,gyrA,gyrA_p.Pro7Leu,,,3) Uncertain significance,p.P7L
Levofloxacin,gyrA,gyrA_p.Thr836Lys,0.0,2.0,3) Uncertain significance,p.T836K
Levofloxacin,gyrB,gyrB_p.Leu638Val,,,3) Uncertain significance,p.L638V
Levofloxacin,gyrA,gyrA_p.Asp437Gly,0.0,1.0,3) Uncertain significance,p.D437G
Levofloxacin,gyrA,gyrA_p.Asp481Ala,,,3) Uncertain significance,p.D481A
Levofloxacin,gyrA,gyrA_p.Ala696Thr,0.0,1.0,3) Uncertain significance,p.A696T
Levofloxacin,gyrA,gyrA_p.Gln613Glu,5.0,92.0,3) Uncertain significance,p.Q613E
Levofloxacin,gyrA,gyrA_p.Thr638Ile,,,3) Uncertain significance,p.T638I
Levofloxacin,gyrB,gyrB_p.Thr267Ser,0.0,1.0,3) Uncertain significance,p.T267S
Levofloxacin,gyrA,gyrA_p.Asp262Val,0.0,2.0,3) Uncertain significance,p.D262V
Levofloxacin,gyrB,gyrB_p.Lys596Asn,0.0,3.0,3) Uncertain significance,p.K596N
Levofloxacin,gyrB,gyrB_p.Ala423Val,,,3) Uncertain significance,p.A423V
Levofloxacin,gyrB,gyrB_p.Ser248Gly,,,3) Uncertain significance,p.S248G
Levofloxacin,gyrA,gyrA_p.Pro604Thr,0.0,3.0,3) Uncertain significance,p.P604T
Levofloxacin,gyrA,gyrA_p.Asp834Asn,0.0,3.0,3) Uncertain significance,p.D834N
Levofloxacin,gyrB,gyrB_p.Val327Leu,,,3) Uncertain significance,p.V327L
Levofloxacin,gyrA,gyrA_p.Asp639Ala,0.0,7.0,3) Uncertain significance,p.D639A
Levofloxacin,gyrA,gyrA_p.Ser237Pro,0.0,1.0,3) Uncertain significance,p.S237P
Levofloxacin,gyrA,gyrA_p.Ala40Thr,0.0,3.0,3) Uncertain significance,p.A40T
Levofloxacin,gyrB,gyrB_p.Val496Gly,0.0,2.0,3) Uncertain significance,p.V496G
Levofloxacin,gyrB,gyrB_p.Phe549Leu,,,3) Uncertain significance,p.F549L
Levofloxacin,gyrB,gyrB_p.Ile493Thr,0.0,6.0,3) Uncertain significance,p.I493T
Levofloxacin,gyrB,gyrB_p.Ile93Val,0.0,6.0,3) Uncertain significance,p.I93V
Levofloxacin,gyrA,gyrA_p.Asn818Asp,,,3) Uncertain significance,p.N818D
Levofloxacin,gyrA,gyrA_p.Ala210Val,,,3) Uncertain significance,p.A210V
Levofloxacin,gyrA,gyrA_p.Lys636Asn,0.0,2.0,3) Uncertain significance,p.K636N
Levofloxacin,gyrA,gyrA_p.Val651Ile,0.0,1.0,3) Uncertain significance,p.V651I
Levofloxacin,gyrB,gyrB_p.Ala467Thr,1.0,0.0,3) Uncertain significance,p.A467T
Levofloxacin,gyrA,gyrA_p.Val783Met,0.0,1.0,3) Uncertain significance,p.V783M
Levofloxacin,gyrB,gyrB_p.Pro400Arg,,,3) Uncertain significance,p.P400R
Levofloxacin,gyrA,gyrA_p.Ile189Met,0.0,2.0,3) Uncertain significance,p.I189M
Levofloxacin,gyrB,gyrB_p.Asp112His,0.0,1.0,3) Uncertain significance,p.D112H
Levofloxacin,gyrB,gyrB_p.Asp627Ala,0.0,3.0,3) Uncertain significance,p.D627A
Levofloxacin,gyrA,gyrA_p.Gly351Trp,0.0,3.0,3) Uncertain significance,p.G351W
Levofloxacin,gyrB,gyrB_p.Pro163Ser,0.0,3.0,3) Uncertain significance,p.P163S
Levofloxacin,gyrA,gyrA_p.Ala322Glu,0.0,4.0,3) Uncertain significance,p.A322E
Levofloxacin,gyrB,gyrB_p.Val535Ile,,,3) Uncertain significance,p.V535I
Levofloxacin,gyrA,gyrA_p.Arg68Gly,0.0,1.0,3) Uncertain significance,p.R68G
Levofloxacin,gyrA,gyrA_p.Arg789Gly,,,3) Uncertain significance,p.R789G
Levofloxacin,gyrA,gyrA_p.Arg409Gln,0.0,2.0,3) Uncertain significance,p.R409Q
Levofloxacin,gyrA,gyrA_p.Val51Ala,,,3) Uncertain significance,p.V51A
Levofloxacin,gyrA,gyrA_p.Leu455Val,,,3) Uncertain significance,p.L455V
Levofloxacin,gyrB,gyrB_p.Ser274Gly,0.0,3.0,3) Uncertain significance,p.S274G
Levofloxacin,gyrB,gyrB_p.Gly38Ser,,,3) Uncertain significance,p.G38S
Levofloxacin,gyrB,gyrB_p.Asn66Ser,0.0,1.0,3) Uncertain significance,p.N66S
Levofloxacin,gyrB,gyrB_p.Asp434His,,,3) Uncertain significance,p.D434H
Levofloxacin,gyrA,gyrA_p.Ala198Gly,,,3) Uncertain significance,p.A198G
Levofloxacin,gyrA,gyrA_p.Gly351Ala,0.0,2.0,3) Uncertain significance,p.G351A
Levofloxacin,gyrB,gyrB_p.Pro343Leu,0.0,3.0,3) Uncertain significance,p.P343L
Levofloxacin,gyrB,gyrB_p.Ile607Val,0.0,3.0,3) Uncertain significance,p.I607V
Levofloxacin,gyrB,gyrB_p.Asp342Glu,0.0,3.0,3) Uncertain significance,p.D342E
Levofloxacin,gyrA,gyrA_p.Gln290His,0.0,2.0,3) Uncertain significance,p.Q290H
Levofloxacin,gyrA,gyrA_p.Leu659Val,0.0,5.0,3) Uncertain significance,p.L659V
Levofloxacin,gyrB,gyrB_p.Ala593Val,0.0,3.0,3) Uncertain significance,p.A593V
Levofloxacin,gyrB,gyrB_p.Gly282Asp,0.0,3.0,3) Uncertain significance,p.G282D
Levofloxacin,gyrB,gyrB_p.Pro628Ala,,,3) Uncertain significance,p.P628A
Levofloxacin,gyrB,gyrB_p.Pro177Leu,0.0,1.0,3) Uncertain significance,p.P177L
Levofloxacin,gyrA,gyrA_p.Val742Leu,0.0,4.0,3) Uncertain significance,p.V742L
Levofloxacin,gyrA,gyrA_p.Ala787Gly,,,3) Uncertain significance,p.A787G
Levofloxacin,gyrA,gyrA_p.Ala288Val,,,3) Uncertain significance,p.A288V
Levofloxacin,gyrA,gyrA_p.Gln113Glu,0.0,5.0,3) Uncertain significance,p.Q113E
Levofloxacin,gyrB,gyrB_p.Asp97Glu,0.0,3.0,3) Uncertain significance,p.D97E
Levofloxacin,gyrB,gyrB_p.Ala162Ser,0.0,4.0,3) Uncertain significance,p.A162S
Levofloxacin,gyrA,gyrA_p.Ser536Arg,0.0,1.0,3) Uncertain significance,p.S536R
Levofloxacin,gyrA,gyrA_p.Thr246Ala,0.0,1.0,3) Uncertain significance,p.T246A
Levofloxacin,gyrA,gyrA_p.Ser698Leu,,,3) Uncertain significance,p.S698L
Levofloxacin,gyrA,gyrA_p.His368Gln,0.0,1.0,3) Uncertain significance,p.H368Q
Levofloxacin,gyrA,gyrA_p.Ile408Val,0.0,5.0,3) Uncertain significance,p.I408V
Levofloxacin,gyrA,gyrA_p.Thr80Ala,3.0,72.0,3) Uncertain significance,p.T80A
Levofloxacin,gyrB,gyrB_p.Met58Ile,0.0,6.0,3) Uncertain significance,p.M58I
Levofloxacin,gyrA,gyrA_p.Arg607His,0.0,1.0,3) Uncertain significance,p.R607H
Levofloxacin,gyrB,gyrB_p.Pro578Ala,0.0,2.0,3) Uncertain significance,p.P578A
Levofloxacin,gyrA,gyrA_p.Pro154Arg,0.0,2.0,3) Uncertain significance,p.P154R
Levofloxacin,gyrB,gyrB_p.Phe187Leu,0.0,1.0,3) Uncertain significance,p.F187L
Levofloxacin,gyrA,gyrA_p.Thr272Ile,0.0,3.0,3) Uncertain significance,p.T272I
Levofloxacin,gyrB,gyrB_p.Val630Ile,0.0,2.0,3) Uncertain significance,p.V630I
Levofloxacin,gyrB,gyrB_p.Asp434Gly,,,3) Uncertain significance,p.D434G
Levofloxacin,gyrB,gyrB_p.Ala90Gly,0.0,2.0,3) Uncertain significance,p.A90G
Levofloxacin,gyrA,gyrA_p.Asn826Asp,0.0,1.0,3) Uncertain significance,p.N826D
Levofloxacin,gyrA,gyrA_p.Val783Leu,,,3) Uncertain significance,p.V783L
Levofloxacin,gyrA,gyrA_p.Glu144Gln,0.0,1.0,3) Uncertain significance,p.E144Q
Levofloxacin,gyrB,gyrB_p.Gly598Glu,,,3) Uncertain significance,p.G598E
Levofloxacin,gyrA,gyrA_p.Ala736Val,0.0,3.0,3) Uncertain significance,p.A736V
Levofloxacin,gyrA,gyrA_p.Phe705Leu,0.0,3.0,3) Uncertain significance,p.F705L
Levofloxacin,gyrB,gyrB_p.Ile34Val,1.0,1.0,3) Uncertain significance,p.I34V
Levofloxacin,gyrA,gyrA_p.Leu296Pro,0.0,4.0,3) Uncertain significance,p.L296P
Levofloxacin,gyrA,gyrA_p.Pro8Ala,0.0,8.0,3) Uncertain significance,p.P8A
Levofloxacin,gyrB,gyrB_p.Ser576Ile,0.0,8.0,3) Uncertain significance,p.S576I
Levofloxacin,gyrA,gyrA_p.Arg254Cys,0.0,8.0,3) Uncertain significance,p.R254C
Levofloxacin,gyrB,gyrB_p.Leu571Ile,,,3) Uncertain significance,p.L571I
Levofloxacin,gyrB,gyrB_p.Met291Ile,39.0,520.0,3) Uncertain significance,p.M291I
Levofloxacin,gyrA,gyrA_p.Asp488Glu,0.0,5.0,3) Uncertain significance,p.D488E
Levofloxacin,gyrA,gyrA_p.Gln277Arg,0.0,4.0,3) Uncertain significance,p.Q277R
Levofloxacin,gyrB,gyrB_p.Pro94Leu,4.0,207.0,3) Uncertain significance,p.P94L
Levofloxacin,gyrB,gyrB_p.Ile84Val,0.0,18.0,3) Uncertain significance,p.I84V
Levofloxacin,gyrB,gyrB_p.Leu555Val,,,3) Uncertain significance,p.L555V
Levofloxacin,gyrA,gyrA_p.Ala626Val,,,3) Uncertain significance,p.A626V
Levofloxacin,gyrA,gyrA_p.Ile15Val,0.0,2.0,3) Uncertain significance,p.I15V
Levofloxacin,gyrB,gyrB_p.Ile206Ser,0.0,3.0,3) Uncertain significance,p.I206S
Levofloxacin,gyrA,gyrA_p.Asn193Ser,0.0,17.0,4) Not assoc w R - Interim,p.N193S
Levofloxacin,gyrA,gyrA_p.Ala456Val,0.0,13.0,4) Not assoc w R - Interim,p.A456V
Levofloxacin,gyrA,gyrA_p.Gly503Val,,,3) Uncertain significance,p.G503V
Levofloxacin,gyrB,gyrB_p.Pro480Ser,,,3) Uncertain significance,p.P480S
Levofloxacin,gyrB,gyrB_p.Ala130Ser,,,3) Uncertain significance,p.A130S
Levofloxacin,gyrB,gyrB_p.Ala403Ser,1.0,41.0,3) Uncertain significance,p.A403S
Levofloxacin,gyrA,gyrA_p.Glu21Gln,2550.0,9526.0,4) Not assoc w R - Interim,p.E21Q
Levofloxacin,gyrB,gyrB_p.Thr393Ser,0.0,4.0,3) Uncertain significance,p.T393S
Levofloxacin,gyrB,gyrB_p.Ile271Met,7.0,3.0,3) Uncertain significance,p.I271M
Levofloxacin,gyrA,gyrA_p.Asp293Tyr,0.0,6.0,5) Not assoc w R,p.D293Y
Levofloxacin,gyrB,gyrB_p.Gly520Ala,0.0,37.0,5) Not assoc w R,p.G520A
Levofloxacin,gyrB,gyrB_p.Val301Leu,11.0,90.0,5) Not assoc w R,p.V301L
Levofloxacin,gyrA,gyrA_p.Ser95Thr,2330.0,8489.0,5) Not assoc w R,p.S95T
Levofloxacin,gyrA,gyrA_p.Ala347Ser,,,3) Uncertain significance,p.A347S
Levofloxacin,gyrA,gyrA_p.Asp504Glu,,,3) Uncertain significance,p.D504E
Levofloxacin,gyrA,gyrA_p.Ile328Leu,,,3) Uncertain significance,p.I328L
Levofloxacin,gyrA,gyrA_p.Leu566Trp,,,3) Uncertain significance,p.L566W
Levofloxacin,gyrB,gyrB_p.Ala643Asp,,,3) Uncertain significance,p.A643D
Linezolid,rplC,rplC_p.Cys154Arg,61.0,13.0,1) Assoc w R,p.C154R
Linezolid,rplC,rplC_p.Gly120Ser,1.0,1.0,3) Uncertain significance,p.G120S
Linezolid,rplC,rplC_p.Tyr80Cys,,,3) Uncertain significance,p.Y80C
Linezolid,rplC,rplC_p.Arg38Cys,1.0,1.0,3) Uncertain significance,p.R38C
Linezolid,rplC,rplC_p.Arg79Leu,0.0,1.0,3) Uncertain significance,p.R79L
Linezolid,rplC,rplC_p.Ser89Ala,,,3) Uncertain significance,p.S89A
Linezolid,rplC,rplC_p.Ile105Val,,,3) Uncertain significance,p.I105V
Linezolid,rplC,rplC_p.Asp173Gly,0.0,1.0,3) Uncertain significance,p.D173G
Linezolid,rplC,rplC_p.Gly12Ser,,,3) Uncertain significance,p.G12S
Linezolid,rplC,rplC_p.Asn179Lys,,,3) Uncertain significance,p.N179K
Linezolid,rplC,rplC_p.Arg44Leu,,,3) Uncertain significance,p.R44L
Linezolid,rplC,rplC_p.Pro25Ser,,,3) Uncertain significance,p.P25S
Linezolid,rplC,rplC_p.Ser138Arg,,,3) Uncertain significance,p.S138R
Linezolid,rplC,rplC_p.Ala137Val,,,3) Uncertain significance,p.A137V
Linezolid,rplC,rplC_p.Thr41Met,,,3) Uncertain significance,p.T41M
Linezolid,rplC,rplC_p.Gly215Ser,,,3) Uncertain significance,p.G215S
Linezolid,rplC,rplC_p.Thr102Ser,,,3) Uncertain significance,p.T102S
Linezolid,rplC,rplC_p.Gly136Ser,,,3) Uncertain significance,p.G136S
Linezolid,rplC,rplC_p.Gly168Arg,,,3) Uncertain significance,p.G168R
Linezolid,rplC,rplC_p.Arg214Gln,,,3) Uncertain significance,p.R214Q
Linezolid,rplC,rplC_p.Pro33Leu,,,3) Uncertain significance,p.P33L
Linezolid,rplC,rplC_p.Thr93Ala,,,3) Uncertain significance,p.T93A
Linezolid,rplC,rplC_p.Gly131Ser,,,3) Uncertain significance,p.G131S
Linezolid,rplC,rplC_p.Lys61Thr,0.0,2.0,3) Uncertain significance,p.K61T
Linezolid,rplC,rplC_p.Asp18Asn,,,3) Uncertain significance,p.D18N
Linezolid,rplC,rplC_p.Ala31Thr,0.0,6.0,5) Not assoc w R,p.A31T
Linezolid,rplC,rplC_p.His183Tyr,0.0,5.0,3) Uncertain significance,p.H183Y
Linezolid,rplC,rplC_p.Val185Ile,,,3) Uncertain significance,p.V185I
Linezolid,rplC,rplC_p.Thr115Ala,,,3) Uncertain significance,p.T115A
Linezolid,rplC,rplC_p.Val97Ile,0.0,1.0,3) Uncertain significance,p.V97I
Linezolid,rplC,rplC_p.Ala72Thr,,,3) Uncertain significance,p.A72T
Linezolid,rplC,rplC_p.Gly98Arg,,,3) Uncertain significance,p.G98R
Moxifloxacin,gyrA,gyrA_p.Asp94Gly,774.0,74.0,1) Assoc w R,p.D94G
Moxifloxacin,gyrA,gyrA_p.Ala90Val,326.0,172.0,1) Assoc w R,p.A90V
Moxifloxacin,gyrA,gyrA_p.Asp94Asn,114.0,17.0,1) Assoc w R,p.D94N
Moxifloxacin,gyrA,gyrA_p.Asp94Ala,141.0,68.0,1) Assoc w R,p.D94A
Moxifloxacin,gyrA,gyrA_p.Asp94Tyr,69.0,6.0,1) Assoc w R,p.D94Y
Moxifloxacin,gyrA,gyrA_p.Ser91Pro,78.0,21.0,1) Assoc w R,p.S91P
Moxifloxacin,gyrA,gyrA_p.Gly668Asp,1574.0,5920.0,3) Uncertain significance,p.G668D
Moxifloxacin,gyrA,gyrA_p.Asp94His,29.0,1.0,1) Assoc w R,p.D94H
Moxifloxacin,gyrB,gyrB_p.Glu501Asp,34.0,1.0,1) Assoc w R,p.E501D
Moxifloxacin,gyrA,gyrA_p.Gly88Cys,12.0,0.0,1) Assoc w R,p.G88C
Moxifloxacin,gyrA,gyrA_p.Asp89Asn,12.0,1.0,1) Assoc w R,p.D89N
Moxifloxacin,gyrB,gyrB_p.Thr500Asn,10.0,2.0,1) Assoc w R,p.T500N
Moxifloxacin,gyrB,gyrB_p.Asn499Asp,3.0,3.0,2) Assoc w R - Interim,p.N499D
Moxifloxacin,gyrA,gyrA_p.Ala288Asp,3.0,3.0,2) Assoc w R - Interim,p.A288D
Moxifloxacin,gyrB,gyrB_p.Arg446Cys,3.0,4.0,3) Uncertain significance,p.R446C
Moxifloxacin,gyrA,gyrA_p.Gly88Ala,4.0,4.0,2) Assoc w R - Interim,p.G88A
Moxifloxacin,gyrB,gyrB_p.Asn499Thr,7.0,9.0,2) Assoc w R - Interim,p.N499T
Moxifloxacin,gyrB,gyrB_p.Thr500Ala,7.0,4.0,2) Assoc w R - Interim,p.T500A
Moxifloxacin,gyrB,gyrB_p.Asp461Asn,1.0,8.0,2) Assoc w R - Interim,p.D461N
Moxifloxacin,gyrB,gyrB_p.Asn499Lys,3.0,1.0,2) Assoc w R - Interim,p.N499K
Moxifloxacin,gyrB,gyrB_p.Val427Met,2.0,2.0,3) Uncertain significance,p.V427M
Moxifloxacin,gyrB,gyrB_p.Ser447Phe,2.0,13.0,2) Assoc w R - Interim,p.S447F
Moxifloxacin,gyrB,gyrB_p.Gly512Arg,5.0,0.0,3) Uncertain significance,p.G512R
Moxifloxacin,gyrA,gyrA_p.His70Arg,4.0,1.0,2) Assoc w R - Interim,p.H70R
Moxifloxacin,gyrA,gyrA_p.Arg392Cys,,,3) Uncertain significance,p.R392C
Moxifloxacin,gyrB,gyrB_p.Ala504Thr,3.0,1.0,2) Assoc w R - Interim,p.A504T
Moxifloxacin,gyrB,gyrB_p.Ala504Val,7.0,0.0,2) Assoc w R - Interim,p.A504V
Moxifloxacin,gyrA,gyrA_p.Arg578Gln,2.0,15.0,3) Uncertain significance,p.R578Q
Moxifloxacin,gyrB,gyrB_p.Asp461His,1.0,2.0,2) Assoc w R - Interim,p.D461H
Moxifloxacin,gyrA,gyrA_p.Ala689Val,,,3) Uncertain significance,p.A689V
Moxifloxacin,gyrA,gyrA_p.Leu812Val,1.0,0.0,3) Uncertain significance,p.L812V
Moxifloxacin,gyrB,gyrB_p.Pro578Ser,1.0,0.0,3) Uncertain significance,p.P578S
Moxifloxacin,gyrA,gyrA_p.Val596Met,,,3) Uncertain significance,p.V596M
Moxifloxacin,gyrB,gyrB_p.Arg553Gly,,,3) Uncertain significance,p.R553G
Moxifloxacin,gyrB,gyrB_p.Pro243Ser,,,3) Uncertain significance,p.P243S
Moxifloxacin,gyrB,gyrB_p.Pro254Leu,1.0,3.0,3) Uncertain significance,p.P254L
Moxifloxacin,gyrA,gyrA_p.Arg309Trp,1.0,0.0,3) Uncertain significance,p.R309W
Moxifloxacin,gyrA,gyrA_p.Arg128Lys,,,3) Uncertain significance,p.R128K
Moxifloxacin,gyrB,gyrB_p.Ala618Asp,,,3) Uncertain significance,p.A618D
Moxifloxacin,gyrA,gyrA_p.Thr5Ala,2.0,4.0,3) Uncertain significance,p.T5A
Moxifloxacin,gyrB,gyrB_p.Leu509Pro,,,3) Uncertain significance,p.L509P
Moxifloxacin,gyrA,gyrA_p.His490Arg,,,3) Uncertain significance,p.H490R
Moxifloxacin,gyrA,gyrA_p.Ala463Ser,26.0,45.0,3) Uncertain significance,p.A463S
Moxifloxacin,gyrA,gyrA_p.Lys319Thr,,,3) Uncertain significance,p.K319T
Moxifloxacin,gyrA,gyrA_p.Ala736Thr,,,3) Uncertain significance,p.A736T
Moxifloxacin,gyrA,gyrA_p.Gly88Asp,1.0,0.0,3) Uncertain significance,p.G88D
Moxifloxacin,gyrB,gyrB_p.Ala233Pro,2.0,0.0,3) Uncertain significance,p.A233P
Moxifloxacin,gyrB,gyrB_p.Ala2Ser,,,3) Uncertain significance,p.A2S
Moxifloxacin,gyrA,gyrA_p.Ser698Leu,,,3) Uncertain significance,p.S698L
Moxifloxacin,gyrA,gyrA_p.Thr80Ala,1.0,17.0,3) Uncertain significance,p.T80A
Moxifloxacin,gyrA,gyrA_p.Glu303Lys,,,3) Uncertain significance,p.E303K
Moxifloxacin,gyrA,gyrA_p.Asp89Gly,3.0,0.0,3) Uncertain significance,p.D89G
Moxifloxacin,gyrA,gyrA_p.Asp94Phe,,,3) Uncertain significance,p.D94F
Moxifloxacin,gyrB,gyrB_p.Ser447Ala,2.0,0.0,3) Uncertain significance,p.S447A
Moxifloxacin,gyrB,gyrB_p.Asp334Gly,,,3) Uncertain significance,p.D334G
Moxifloxacin,gyrB,gyrB_p.Leu522Val,,,3) Uncertain significance,p.L522V
Moxifloxacin,gyrA,gyrA_p.Glu739Gln,0.0,2.0,3) Uncertain significance,p.E739Q
Moxifloxacin,gyrB,gyrB_p.His302Arg,5.0,6.0,3) Uncertain significance,p.H302R
Moxifloxacin,gyrB,gyrB_p.Met100Val,1.0,0.0,3) Uncertain significance,p.M100V
Moxifloxacin,gyrA,gyrA_p.Leu105Arg,,,3) Uncertain significance,p.L105R
Moxifloxacin,gyrA,gyrA_p.Asp94Val,2.0,2.0,3) Uncertain significance,p.D94V
Moxifloxacin,gyrB,gyrB_p.Arg446His,0.0,3.0,3) Uncertain significance,p.R446H
Moxifloxacin,gyrB,gyrB_p.Ala618Thr,1.0,1.0,3) Uncertain significance,p.A618T
Moxifloxacin,gyrA,gyrA_p.Arg292Gly,1.0,2.0,3) Uncertain significance,p.R292G
Moxifloxacin,gyrA,gyrA_p.Gly247Ser,54.0,406.0,3) Uncertain significance,p.G247S
Moxifloxacin,gyrB,gyrB_p.Asp461Ala,3.0,2.0,3) Uncertain significance,p.D461A
Moxifloxacin,gyrA,gyrA_p.Met220Arg,1.0,0.0,3) Uncertain significance,p.M220R
Moxifloxacin,gyrB,gyrB_p.Ser279Phe,,,3) Uncertain significance,p.S279F
Moxifloxacin,gyrB,gyrB_p.Leu257Pro,,,3) Uncertain significance,p.L257P
Moxifloxacin,gyrA,gyrA_p.Gln594Arg,,,3) Uncertain significance,p.Q594R
Moxifloxacin,gyrB,gyrB_p.Val561Gly,,,3) Uncertain significance,p.V561G
Moxifloxacin,gyrB,gyrB_p.Glu501Ala,2.0,0.0,3) Uncertain significance,p.E501A
Moxifloxacin,gyrB,gyrB_p.Glu604Gly,1.0,0.0,3) Uncertain significance,p.E604G
Moxifloxacin,gyrA,gyrA_p.Arg718Cys,,,3) Uncertain significance,p.R718C
Moxifloxacin,gyrA,gyrA_p.Pro102Leu,,,3) Uncertain significance,p.P102L
Moxifloxacin,gyrB,gyrB_p.Gly470Ser,,,3) Uncertain significance,p.G470S
Moxifloxacin,gyrB,gyrB_p.Arg446Gly,,,3) Uncertain significance,p.R446G
Moxifloxacin,gyrB,gyrB_p.Tyr582His,1.0,0.0,3) Uncertain significance,p.Y582H
Moxifloxacin,gyrA,gyrA_p.Arg292Leu,1.0,0.0,3) Uncertain significance,p.R292L
Moxifloxacin,gyrB,gyrB_p.Tyr144Phe,,,3) Uncertain significance,p.Y144F
Moxifloxacin,gyrA,gyrA_p.Glu289Asp,8.0,7.0,3) Uncertain significance,p.E289D
Moxifloxacin,gyrB,gyrB_p.Thr167Met,,,3) Uncertain significance,p.T167M
Moxifloxacin,gyrB,gyrB_p.Asp645Ala,,,3) Uncertain significance,p.D645A
Moxifloxacin,gyrB,gyrB_p.Ala597Thr,,,3) Uncertain significance,p.A597T
Moxifloxacin,gyrB,gyrB_p.Leu42Ile,,,3) Uncertain significance,p.L42I
Moxifloxacin,gyrB,gyrB_p.Asp472Asn,1.0,0.0,3) Uncertain significance,p.D472N
Moxifloxacin,gyrB,gyrB_p.Lys599Arg,1.0,0.0,3) Uncertain significance,p.K599R
Moxifloxacin,gyrA,gyrA_p.Arg592Cys,1.0,0.0,3) Uncertain significance,p.R592C
Moxifloxacin,gyrB,gyrB_p.Gln503Arg,1.0,0.0,3) Uncertain significance,p.Q503R
Moxifloxacin,gyrB,gyrB_p.Lys430Asn,,,3) Uncertain significance,p.K430N
Moxifloxacin,gyrA,gyrA_p.Thr836Ala,0.0,1.0,3) Uncertain significance,p.T836A
Moxifloxacin,gyrB,gyrB_p.Asp645Glu,1.0,0.0,3) Uncertain significance,p.D645E
Moxifloxacin,gyrB,gyrB_p.Gly520Val,,,3) Uncertain significance,p.G520V
Moxifloxacin,gyrA,gyrA_p.Ala90Glu,,,3) Uncertain significance,p.A90E
Moxifloxacin,gyrA,gyrA_p.Asp810Glu,1.0,0.0,3) Uncertain significance,p.D810E
Moxifloxacin,gyrB,gyrB_p.Thr500Pro,,,3) Uncertain significance,p.T500P
Moxifloxacin,gyrB,gyrB_p.Thr182Ile,,,3) Uncertain significance,p.T182I
Moxifloxacin,gyrA,gyrA_p.Ile92Val,1.0,0.0,3) Uncertain significance,p.I92V
Moxifloxacin,gyrB,gyrB_p.Glu364Asp,,,3) Uncertain significance,p.E364D
Moxifloxacin,gyrA,gyrA_p.Gly236Val,,,3) Uncertain significance,p.G236V
Moxifloxacin,gyrA,gyrA_p.Lys319Glu,0.0,1.0,3) Uncertain significance,p.K319E
Moxifloxacin,gyrB,gyrB_p.Thr500Ile,1.0,1.0,3) Uncertain significance,p.T500I
Moxifloxacin,gyrB,gyrB_p.Ile271Met,,,3) Uncertain significance,p.I271M
Moxifloxacin,gyrA,gyrA_p.Leu455Arg,,,3) Uncertain significance,p.L455R
Moxifloxacin,gyrA,gyrA_p.Ala74Ser,1.0,0.0,3) Uncertain significance,p.A74S
Moxifloxacin,gyrB,gyrB_p.Leu375Val,1.0,0.0,3) Uncertain significance,p.L375V
Moxifloxacin,gyrB,gyrB_p.Ile486Leu,2.0,0.0,3) Uncertain significance,p.I486L
Moxifloxacin,gyrA,gyrA_p.Ala579Val,1.0,1.0,3) Uncertain significance,p.A579V
Moxifloxacin,gyrB,gyrB_p.Lys404Arg,1.0,1.0,3) Uncertain significance,p.K404R
Moxifloxacin,gyrB,gyrB_p.Glu501Gly,1.0,0.0,3) Uncertain significance,p.E501G
Moxifloxacin,gyrA,gyrA_p.Glu214Asp,2.0,2.0,3) Uncertain significance,p.E214D
Moxifloxacin,gyrB,gyrB_p.Leu555Val,1.0,0.0,3) Uncertain significance,p.L555V
Moxifloxacin,gyrB,gyrB_p.Val670Phe,3.0,2.0,3) Uncertain significance,p.V670F
Moxifloxacin,gyrA,gyrA_p.Asp515Glu,,,3) Uncertain significance,p.D515E
Moxifloxacin,gyrB,gyrB_p.Asn499Ser,3.0,2.0,3) Uncertain significance,p.N499S
Moxifloxacin,gyrB,gyrB_p.Val457Leu,3.0,2.0,3) Uncertain significance,p.V457L
Moxifloxacin,gyrB,gyrB_p.Thr378Ser,0.0,5.0,3) Uncertain significance,p.T378S
Moxifloxacin,gyrA,gyrA_p.Thr590Ala,,,3) Uncertain significance,p.T590A
Moxifloxacin,gyrA,gyrA_p.Gln613Glu,2.0,87.0,3) Uncertain significance,p.Q613E
Moxifloxacin,gyrB,gyrB_p.Glu397Asp,1.0,1.0,3) Uncertain significance,p.E397D
Moxifloxacin,gyrA,gyrA_p.Ile462Val,2.0,3.0,3) Uncertain significance,p.I462V
Moxifloxacin,gyrA,gyrA_p.Glu738Asp,,,3) Uncertain significance,p.E738D
Moxifloxacin,gyrA,gyrA_p.Val624Leu,1.0,1.0,3) Uncertain significance,p.V624L
Moxifloxacin,gyrA,gyrA_p.Ala676Val,6.0,2.0,3) Uncertain significance,p.A676V
Moxifloxacin,gyrA,gyrA_p.Leu653Val,0.0,1.0,3) Uncertain significance,p.L653V
Moxifloxacin,gyrA,gyrA_p.Arg450Ser,1.0,0.0,3) Uncertain significance,p.R450S
Moxifloxacin,gyrB,gyrB_p.Ala644Asp,0.0,1.0,3) Uncertain significance,p.A644D
Moxifloxacin,gyrA,gyrA_p.Ala591Val,,,3) Uncertain significance,p.A591V
Moxifloxacin,gyrA,gyrA_p.Arg68Cys,,,3) Uncertain significance,p.R68C
Moxifloxacin,gyrB,gyrB_p.Asp461Val,1.0,1.0,3) Uncertain significance,p.D461V
Moxifloxacin,gyrB,gyrB_p.Asp340Gly,0.0,1.0,3) Uncertain significance,p.D340G
Moxifloxacin,gyrB,gyrB_p.Arg492Ser,,,3) Uncertain significance,p.R492S
Moxifloxacin,gyrA,gyrA_p.Glu808Ala,,,3) Uncertain significance,p.E808A
Moxifloxacin,gyrB,gyrB_p.Thr170Ala,0.0,1.0,3) Uncertain significance,p.T170A
Moxifloxacin,gyrA,gyrA_p.His389Pro,0.0,1.0,3) Uncertain significance,p.H389P
Moxifloxacin,gyrA,gyrA_p.His557Arg,,,3) Uncertain significance,p.H557R
Moxifloxacin,gyrB,gyrB_p.Met197Ile,0.0,1.0,3) Uncertain significance,p.M197I
Moxifloxacin,gyrB,gyrB_p.Ile505Val,0.0,1.0,3) Uncertain significance,p.I505V
Moxifloxacin,gyrA,gyrA_p.Gly780Cys,0.0,1.0,3) Uncertain significance,p.G780C
Moxifloxacin,gyrA,gyrA_p.Ser168Thr,0.0,1.0,3) Uncertain significance,p.S168T
Moxifloxacin,gyrB,gyrB_p.Ser413Ala,,,3) Uncertain significance,p.S413A
Moxifloxacin,gyrB,gyrB_p.Gln476Glu,0.0,1.0,3) Uncertain significance,p.Q476E
Moxifloxacin,gyrA,gyrA_p.Gln25Glu,0.0,1.0,3) Uncertain significance,p.Q25E
Moxifloxacin,gyrA,gyrA_p.Ile314Val,0.0,1.0,3) Uncertain significance,p.I314V
Moxifloxacin,gyrA,gyrA_p.Asp481Glu,0.0,1.0,3) Uncertain significance,p.D481E
Moxifloxacin,gyrA,gyrA_p.Asn282Lys,,,3) Uncertain significance,p.N282K
Moxifloxacin,gyrB,gyrB_p.Asp402Glu,,,3) Uncertain significance,p.D402E
Moxifloxacin,gyrA,gyrA_p.Glu459Ala,,,3) Uncertain significance,p.E459A
Moxifloxacin,gyrB,gyrB_p.Arg451His,,,3) Uncertain significance,p.R451H
Moxifloxacin,gyrA,gyrA_p.Arg607Cys,,,3) Uncertain significance,p.R607C
Moxifloxacin,gyrA,gyrA_p.Arg14Leu,,,3) Uncertain significance,p.R14L
Moxifloxacin,gyrA,gyrA_p.Thr378Ile,,,3) Uncertain significance,p.T378I
Moxifloxacin,gyrA,gyrA_p.Ser95Ala,1.0,2.0,3) Uncertain significance,p.S95A
Moxifloxacin,gyrA,gyrA_p.Asp639Ala,0.0,3.0,3) Uncertain significance,p.D639A
Moxifloxacin,gyrA,gyrA_p.Ala126Glu,1.0,2.0,3) Uncertain significance,p.A126E
Moxifloxacin,gyrA,gyrA_p.Asp504Glu,0.0,1.0,3) Uncertain significance,p.D504E
Moxifloxacin,gyrA,gyrA_p.Asp437Gly,0.0,1.0,3) Uncertain significance,p.D437G
Moxifloxacin,gyrA,gyrA_p.Ala512Gly,,,3) Uncertain significance,p.A512G
Moxifloxacin,gyrA,gyrA_p.Ala432Gly,,,3) Uncertain significance,p.A432G
Moxifloxacin,gyrA,gyrA_p.Ile520Leu,,,3) Uncertain significance,p.I520L
Moxifloxacin,gyrB,gyrB_p.Asn666Ser,,,3) Uncertain significance,p.N666S
Moxifloxacin,gyrB,gyrB_p.His311Arg,0.0,1.0,3) Uncertain significance,p.H311R
Moxifloxacin,gyrA,gyrA_p.Gln679His,0.0,1.0,3) Uncertain significance,p.Q679H
Moxifloxacin,gyrA,gyrA_p.Asp367His,,,3) Uncertain significance,p.D367H
Moxifloxacin,gyrA,gyrA_p.Val352Leu,,,3) Uncertain significance,p.V352L
Moxifloxacin,gyrA,gyrA_p.Leu766Ser,0.0,1.0,3) Uncertain significance,p.L766S
Moxifloxacin,gyrB,gyrB_p.Arg212Thr,0.0,1.0,3) Uncertain significance,p.R212T
Moxifloxacin,gyrA,gyrA_p.Glu386Val,,,3) Uncertain significance,p.E386V
Moxifloxacin,gyrA,gyrA_p.Lys636Glu,0.0,1.0,3) Uncertain significance,p.K636E
Moxifloxacin,gyrA,gyrA_p.Tyr276His,0.0,1.0,3) Uncertain significance,p.Y276H
Moxifloxacin,gyrB,gyrB_p.Asn499Ile,,,3) Uncertain significance,p.N499I
Moxifloxacin,gyrA,gyrA_p.Arg375Gln,,,3) Uncertain significance,p.R375Q
Moxifloxacin,gyrA,gyrA_p.His192Gln,,,3) Uncertain significance,p.H192Q
Moxifloxacin,gyrA,gyrA_p.Met703Val,,,3) Uncertain significance,p.M703V
Moxifloxacin,gyrA,gyrA_p.Val517Leu,,,3) Uncertain significance,p.V517L
Moxifloxacin,gyrA,gyrA_p.Arg254Leu,,,3) Uncertain significance,p.R254L
Moxifloxacin,gyrA,gyrA_p.Asp111Gly,,,3) Uncertain significance,p.D111G
Moxifloxacin,gyrA,gyrA_p.Thr686Ser,,,3) Uncertain significance,p.T686S
Moxifloxacin,gyrA,gyrA_p.Gly294Ala,0.0,1.0,3) Uncertain significance,p.G294A
Moxifloxacin,gyrA,gyrA_p.Pro119Leu,0.0,1.0,3) Uncertain significance,p.P119L
Moxifloxacin,gyrA,gyrA_p.Thr355Met,0.0,1.0,3) Uncertain significance,p.T355M
Moxifloxacin,gyrA,gyrA_p.Phe683Leu,0.0,1.0,3) Uncertain significance,p.F683L
Moxifloxacin,gyrB,gyrB_p.Ile493Thr,0.0,7.0,3) Uncertain significance,p.I493T
Moxifloxacin,gyrB,gyrB_p.Ile93Val,0.0,7.0,3) Uncertain significance,p.I93V
Moxifloxacin,gyrA,gyrA_p.Asn301Thr,,,3) Uncertain significance,p.N301T
Moxifloxacin,gyrA,gyrA_p.Leu549Val,,,3) Uncertain significance,p.L549V
Moxifloxacin,gyrA,gyrA_p.Ser728Ala,0.0,1.0,3) Uncertain significance,p.S728A
Moxifloxacin,gyrA,gyrA_p.Asp464Glu,0.0,1.0,3) Uncertain significance,p.D464E
Moxifloxacin,gyrB,gyrB_p.Ala508Val,,,3) Uncertain significance,p.A508V
Moxifloxacin,gyrB,gyrB_p.Ile271Val,0.0,1.0,3) Uncertain significance,p.I271V
Moxifloxacin,gyrA,gyrA_p.Asp367Glu,0.0,1.0,3) Uncertain significance,p.D367E
Moxifloxacin,gyrA,gyrA_p.Gly832Arg,0.0,1.0,3) Uncertain significance,p.G832R
Moxifloxacin,gyrA,gyrA_p.Ile707Val,,,3) Uncertain significance,p.I707V
Moxifloxacin,gyrA,gyrA_p.Gly311Ala,0.0,1.0,3) Uncertain significance,p.G311A
Moxifloxacin,gyrB,gyrB_p.Lys526Gln,1.0,11.0,3) Uncertain significance,p.K526Q
Moxifloxacin,gyrB,gyrB_p.Ala115Val,,,3) Uncertain significance,p.A115V
Moxifloxacin,gyrA,gyrA_p.Arg68Gly,0.0,1.0,3) Uncertain significance,p.R68G
Moxifloxacin,gyrA,gyrA_p.Glu719Gln,0.0,1.0,3) Uncertain significance,p.E719Q
Moxifloxacin,gyrB,gyrB_p.Thr373Ala,0.0,1.0,3) Uncertain significance,p.T373A
Moxifloxacin,gyrB,gyrB_p.Ser661Thr,,,3) Uncertain significance,p.S661T
Moxifloxacin,gyrA,gyrA_p.Arg387Gln,0.0,1.0,3) Uncertain significance,p.R387Q
Moxifloxacin,gyrA,gyrA_p.Lys799Arg,0.0,1.0,3) Uncertain significance,p.K799R
Moxifloxacin,gyrB,gyrB_p.Met291Ile,29.0,721.0,3) Uncertain significance,p.M291I
Moxifloxacin,gyrA,gyrA_p.Glu508Ala,0.0,1.0,3) Uncertain significance,p.E508A
Moxifloxacin,gyrB,gyrB_p.Pro177Arg,0.0,1.0,3) Uncertain significance,p.P177R
Moxifloxacin,gyrB,gyrB_p.Arg665Cys,0.0,1.0,3) Uncertain significance,p.R665C
Moxifloxacin,gyrB,gyrB_p.His560Arg,,,3) Uncertain significance,p.H560R
Moxifloxacin,gyrA,gyrA_p.Glu412Gly,0.0,1.0,3) Uncertain significance,p.E412G
Moxifloxacin,gyrB,gyrB_p.Glu654Ala,,,3) Uncertain significance,p.E654A
Moxifloxacin,gyrB,gyrB_p.Ala467Thr,1.0,0.0,3) Uncertain significance,p.A467T
Moxifloxacin,gyrB,gyrB_p.Ala233Gly,,,3) Uncertain significance,p.A233G
Moxifloxacin,gyrB,gyrB_p.Val675Ile,,,3) Uncertain significance,p.V675I
Moxifloxacin,gyrA,gyrA_p.Pro50Arg,,,3) Uncertain significance,p.P50R
Moxifloxacin,gyrA,gyrA_p.Val310Ile,,,3) Uncertain significance,p.V310I
Moxifloxacin,gyrA,gyrA_p.Val516Ala,,,3) Uncertain significance,p.V516A
Moxifloxacin,gyrA,gyrA_p.Gly477Glu,,,3) Uncertain significance,p.G477E
Moxifloxacin,gyrB,gyrB_p.Thr267Ser,,,3) Uncertain significance,p.T267S
Moxifloxacin,gyrA,gyrA_p.Asn826Ile,,,3) Uncertain significance,p.N826I
Moxifloxacin,gyrA,gyrA_p.Asp825Glu,,,3) Uncertain significance,p.D825E
Moxifloxacin,gyrA,gyrA_p.Gly265Ser,0.0,1.0,3) Uncertain significance,p.G265S
Moxifloxacin,gyrB,gyrB_p.Phe672Val,0.0,1.0,3) Uncertain significance,p.F672V
Moxifloxacin,gyrA,gyrA_p.Val716Phe,,,3) Uncertain significance,p.V716F
Moxifloxacin,gyrB,gyrB_p.Ile435Val,,,3) Uncertain significance,p.I435V
Moxifloxacin,gyrB,gyrB_p.Asp220Glu,,,3) Uncertain significance,p.D220E
Moxifloxacin,gyrA,gyrA_p.Asp209Gly,,,3) Uncertain significance,p.D209G
Moxifloxacin,gyrA,gyrA_p.Glu429Ala,,,3) Uncertain significance,p.E429A
Moxifloxacin,gyrA,gyrA_p.Lys333Asn,,,3) Uncertain significance,p.K333N
Moxifloxacin,gyrA,gyrA_p.Ile427Val,0.0,1.0,3) Uncertain significance,p.I427V
Moxifloxacin,gyrA,gyrA_p.Pro17Leu,0.0,1.0,3) Uncertain significance,p.P17L
Moxifloxacin,gyrB,gyrB_p.Ala355Thr,,,3) Uncertain significance,p.A355T
Moxifloxacin,gyrB,gyrB_p.Pro578Arg,,,3) Uncertain significance,p.P578R
Moxifloxacin,gyrA,gyrA_p.Pro741Ala,0.0,1.0,3) Uncertain significance,p.P741A
Moxifloxacin,gyrA,gyrA_p.Ile189Val,,,3) Uncertain significance,p.I189V
Moxifloxacin,gyrA,gyrA_p.Thr339Ser,,,3) Uncertain significance,p.T339S
Moxifloxacin,gyrA,gyrA_p.Ser69Gly,0.0,2.0,3) Uncertain significance,p.S69G
Moxifloxacin,gyrA,gyrA_p.Gly63Arg,0.0,1.0,3) Uncertain significance,p.G63R
Moxifloxacin,gyrA,gyrA_p.Tyr379Cys,0.0,2.0,3) Uncertain significance,p.Y379C
Moxifloxacin,gyrA,gyrA_p.Glu459Lys,,,3) Uncertain significance,p.E459K
Moxifloxacin,gyrA,gyrA_p.Arg26His,,,3) Uncertain significance,p.R26H
Moxifloxacin,gyrB,gyrB_p.Ile601Thr,,,3) Uncertain significance,p.I601T
Moxifloxacin,gyrB,gyrB_p.Lys452Asn,,,3) Uncertain significance,p.K452N
Moxifloxacin,gyrA,gyrA_p.Asp493His,,,3) Uncertain significance,p.D493H
Moxifloxacin,gyrB,gyrB_p.Ala162Glu,,,3) Uncertain significance,p.A162E
Moxifloxacin,gyrA,gyrA_p.Asp507His,,,3) Uncertain significance,p.D507H
Moxifloxacin,gyrA,gyrA_p.Ser680Ala,,,3) Uncertain significance,p.S680A
Moxifloxacin,gyrA,gyrA_p.Arg789His,,,3) Uncertain significance,p.R789H
Moxifloxacin,gyrA,gyrA_p.Val235Ala,,,3) Uncertain significance,p.V235A
Moxifloxacin,gyrA,gyrA_p.Phe569Cys,,,3) Uncertain significance,p.F569C
Moxifloxacin,gyrB,gyrB_p.Asp110Gly,0.0,1.0,3) Uncertain significance,p.D110G
Moxifloxacin,gyrA,gyrA_p.Glu466Ala,,,3) Uncertain significance,p.E466A
Moxifloxacin,gyrA,gyrA_p.Thr697Ala,0.0,1.0,3) Uncertain significance,p.T697A
Moxifloxacin,gyrB,gyrB_p.Val222Met,,,3) Uncertain significance,p.V222M
Moxifloxacin,gyrA,gyrA_p.Val223Ile,,,3) Uncertain significance,p.V223I
Moxifloxacin,gyrA,gyrA_p.Asp211Gly,0.0,1.0,3) Uncertain significance,p.D211G
Moxifloxacin,gyrA,gyrA_p.Met141Ile,,,3) Uncertain significance,p.M141I
Moxifloxacin,gyrB,gyrB_p.Ala90Thr,,,3) Uncertain significance,p.A90T
Moxifloxacin,gyrA,gyrA_p.Asp488Ala,0.0,1.0,3) Uncertain significance,p.D488A
Moxifloxacin,gyrB,gyrB_p.Ser359Thr,0.0,1.0,3) Uncertain significance,p.S359T
Moxifloxacin,gyrB,gyrB_p.Arg446Leu,,,3) Uncertain significance,p.R446L
Moxifloxacin,gyrB,gyrB_p.Glu425Ala,,,3) Uncertain significance,p.E425A
Moxifloxacin,gyrA,gyrA_p.Ala322Ser,0.0,1.0,3) Uncertain significance,p.A322S
Moxifloxacin,gyrB,gyrB_p.Arg553Trp,0.0,1.0,3) Uncertain significance,p.R553W
Moxifloxacin,gyrA,gyrA_p.Val278Ile,0.0,1.0,3) Uncertain significance,p.V278I
Moxifloxacin,gyrA,gyrA_p.Asn629Lys,,,3) Uncertain significance,p.N629K
Moxifloxacin,gyrA,gyrA_p.Lys636Asn,,,3) Uncertain significance,p.K636N
Moxifloxacin,gyrA,gyrA_p.Ile554Val,0.0,1.0,3) Uncertain significance,p.I554V
Moxifloxacin,gyrB,gyrB_p.Asn558Asp,,,3) Uncertain significance,p.N558D
Moxifloxacin,gyrA,gyrA_p.Gly646Ser,,,3) Uncertain significance,p.G646S
Moxifloxacin,gyrB,gyrB_p.Leu673Pro,,,3) Uncertain significance,p.L673P
Moxifloxacin,gyrA,gyrA_p.Pro7Ser,,,3) Uncertain significance,p.P7S
Moxifloxacin,gyrB,gyrB_p.Ala191Asp,0.0,1.0,3) Uncertain significance,p.A191D
Moxifloxacin,gyrA,gyrA_p.Met141Thr,0.0,1.0,3) Uncertain significance,p.M141T
Moxifloxacin,gyrA,gyrA_p.Ile348Val,,,3) Uncertain significance,p.I348V
Moxifloxacin,gyrA,gyrA_p.Ala512Thr,,,3) Uncertain significance,p.A512T
Moxifloxacin,gyrA,gyrA_p.Ala676Asp,0.0,1.0,3) Uncertain significance,p.A676D
Moxifloxacin,gyrA,gyrA_p.Arg26Cys,,,3) Uncertain significance,p.R26C
Moxifloxacin,gyrA,gyrA_p.Phe683Val,,,3) Uncertain significance,p.F683V
Moxifloxacin,gyrB,gyrB_p.Met616Val,0.0,1.0,3) Uncertain significance,p.M616V
Moxifloxacin,gyrA,gyrA_p.Gln475Pro,0.0,1.0,3) Uncertain significance,p.Q475P
Moxifloxacin,gyrA,gyrA_p.Val716Gly,,,3) Uncertain significance,p.V716G
Moxifloxacin,gyrB,gyrB_p.Asn66His,,,3) Uncertain significance,p.N66H
Moxifloxacin,gyrA,gyrA_p.Gly158Ser,,,3) Uncertain significance,p.G158S
Moxifloxacin,gyrB,gyrB_p.Lys159Met,0.0,1.0,3) Uncertain significance,p.K159M
Moxifloxacin,gyrA,gyrA_p.Ala410Val,0.0,1.0,3) Uncertain significance,p.A410V
Moxifloxacin,gyrB,gyrB_p.Gln565His,,,3) Uncertain significance,p.Q565H
Moxifloxacin,gyrB,gyrB_p.Glu21Lys,0.0,1.0,3) Uncertain significance,p.E21K
Moxifloxacin,gyrA,gyrA_p.Arg497Trp,0.0,1.0,3) Uncertain significance,p.R497W
Moxifloxacin,gyrB,gyrB_p.Tyr144Ser,0.0,1.0,3) Uncertain significance,p.Y144S
Moxifloxacin,gyrB,gyrB_p.Leu455Val,,,3) Uncertain significance,p.L455V
Moxifloxacin,gyrA,gyrA_p.Arg615Leu,,,3) Uncertain significance,p.R615L
Moxifloxacin,gyrA,gyrA_p.Ala297Gly,0.0,1.0,3) Uncertain significance,p.A297G
Moxifloxacin,gyrB,gyrB_p.Thr170Lys,0.0,1.0,3) Uncertain significance,p.T170K
Moxifloxacin,gyrA,gyrA_p.Gly823Ser,,,3) Uncertain significance,p.G823S
Moxifloxacin,gyrB,gyrB_p.Glu604Lys,0.0,1.0,3) Uncertain significance,p.E604K
Moxifloxacin,gyrA,gyrA_p.Val649Met,0.0,1.0,3) Uncertain significance,p.V649M
Moxifloxacin,gyrB,gyrB_p.Ala238Thr,0.0,1.0,3) Uncertain significance,p.A238T
Moxifloxacin,gyrA,gyrA_p.Gly823Cys,0.0,1.0,3) Uncertain significance,p.G823C
Moxifloxacin,gyrA,gyrA_p.Val327Leu,,,3) Uncertain significance,p.V327L
Moxifloxacin,gyrA,gyrA_p.Arg68Ser,,,3) Uncertain significance,p.R68S
Moxifloxacin,gyrB,gyrB_p.Lys333Arg,,,3) Uncertain significance,p.K333R
Moxifloxacin,gyrB,gyrB_p.Lys603Arg,,,3) Uncertain significance,p.K603R
Moxifloxacin,gyrA,gyrA_p.Glu514Gln,,,3) Uncertain significance,p.E514Q
Moxifloxacin,gyrA,gyrA_p.Tyr365His,0.0,1.0,3) Uncertain significance,p.Y365H
Moxifloxacin,gyrA,gyrA_p.Ala126Ser,,,3) Uncertain significance,p.A126S
Moxifloxacin,gyrA,gyrA_p.Ala406Val,,,3) Uncertain significance,p.A406V
Moxifloxacin,gyrB,gyrB_p.Ile527Val,,,3) Uncertain significance,p.I527V
Moxifloxacin,gyrA,gyrA_p.Asp687Asn,0.0,1.0,3) Uncertain significance,p.D687N
Moxifloxacin,gyrA,gyrA_p.Gly63Ala,0.0,1.0,3) Uncertain significance,p.G63A
Moxifloxacin,gyrA,gyrA_p.Met438Ile,0.0,1.0,3) Uncertain significance,p.M438I
Moxifloxacin,gyrA,gyrA_p.Asp467Glu,0.0,1.0,3) Uncertain significance,p.D467E
Moxifloxacin,gyrB,gyrB_p.Lys603Asn,,,3) Uncertain significance,p.K603N
Moxifloxacin,gyrB,gyrB_p.Pro163Leu,,,3) Uncertain significance,p.P163L
Moxifloxacin,gyrB,gyrB_p.Asp176Glu,,,3) Uncertain significance,p.D176E
Moxifloxacin,gyrA,gyrA_p.Arg513Cys,0.0,1.0,3) Uncertain significance,p.R513C
Moxifloxacin,gyrB,gyrB_p.Ala432Val,0.0,1.0,3) Uncertain significance,p.A432V
Moxifloxacin,gyrA,gyrA_p.Lys224Glu,,,3) Uncertain significance,p.K224E
Moxifloxacin,gyrA,gyrA_p.Asp30Asn,,,3) Uncertain significance,p.D30N
Moxifloxacin,gyrA,gyrA_p.Ala500Glu,0.0,1.0,3) Uncertain significance,p.A500E
Moxifloxacin,gyrA,gyrA_p.Val352Met,0.0,1.0,3) Uncertain significance,p.V352M
Moxifloxacin,gyrA,gyrA_p.Gln336Lys,,,3) Uncertain significance,p.Q336K
Moxifloxacin,gyrA,gyrA_p.Leu425Phe,,,3) Uncertain significance,p.L425F
Moxifloxacin,gyrB,gyrB_p.Lys526Asn,,,3) Uncertain significance,p.K526N
Moxifloxacin,gyrA,gyrA_p.Ser250Ala,,,3) Uncertain significance,p.S250A
Moxifloxacin,gyrB,gyrB_p.Arg575His,1.0,13.0,3) Uncertain significance,p.R575H
Moxifloxacin,gyrA,gyrA_p.Lys633Arg,,,3) Uncertain significance,p.K633R
Moxifloxacin,gyrA,gyrA_p.Arg489Lys,,,3) Uncertain significance,p.R489K
Moxifloxacin,gyrA,gyrA_p.Asp583Glu,,,3) Uncertain significance,p.D583E
Moxifloxacin,gyrA,gyrA_p.Arg495Cys,0.0,1.0,3) Uncertain significance,p.R495C
Moxifloxacin,gyrA,gyrA_p.Asp415Asn,,,3) Uncertain significance,p.D415N
Moxifloxacin,gyrB,gyrB_p.Lys339Arg,0.0,1.0,3) Uncertain significance,p.K339R
Moxifloxacin,gyrB,gyrB_p.Arg495Gln,0.0,1.0,3) Uncertain significance,p.R495Q
Moxifloxacin,gyrA,gyrA_p.Val479Met,0.0,2.0,3) Uncertain significance,p.V479M
Moxifloxacin,gyrB,gyrB_p.Arg634Leu,,,3) Uncertain significance,p.R634L
Moxifloxacin,gyrA,gyrA_p.Phe640Val,,,3) Uncertain significance,p.F640V
Moxifloxacin,gyrB,gyrB_p.Lys521Asn,,,3) Uncertain significance,p.K521N
Moxifloxacin,gyrB,gyrB_p.Lys498Asn,,,3) Uncertain significance,p.K498N
Moxifloxacin,gyrA,gyrA_p.Gly744Ala,0.0,1.0,3) Uncertain significance,p.G744A
Moxifloxacin,gyrB,gyrB_p.Val670Ile,0.0,1.0,3) Uncertain significance,p.V670I
Moxifloxacin,gyrB,gyrB_p.Ala78Gly,,,3) Uncertain significance,p.A78G
Moxifloxacin,gyrA,gyrA_p.Val257Leu,,,3) Uncertain significance,p.V257L
Moxifloxacin,gyrB,gyrB_p.Ala242Thr,,,3) Uncertain significance,p.A242T
Moxifloxacin,gyrB,gyrB_p.Ala87Gly,0.0,1.0,3) Uncertain significance,p.A87G
Moxifloxacin,gyrB,gyrB_p.Gln4Arg,0.0,1.0,3) Uncertain significance,p.Q4R
Moxifloxacin,gyrB,gyrB_p.Ala237Gly,,,3) Uncertain significance,p.A237G
Moxifloxacin,gyrB,gyrB_p.Val226Ala,,,3) Uncertain significance,p.V226A
Moxifloxacin,gyrA,gyrA_p.Leu401Val,,,3) Uncertain significance,p.L401V
Moxifloxacin,gyrA,gyrA_p.Glu317Gly,,,3) Uncertain significance,p.E317G
Moxifloxacin,gyrB,gyrB_p.Asp225Glu,0.0,1.0,3) Uncertain significance,p.D225E
Moxifloxacin,gyrA,gyrA_p.Glu79Lys,,,3) Uncertain significance,p.E79K
Moxifloxacin,gyrB,gyrB_p.Pro343Ala,,,3) Uncertain significance,p.P343A
Moxifloxacin,gyrA,gyrA_p.Pro154Leu,,,3) Uncertain significance,p.P154L
Moxifloxacin,gyrB,gyrB_p.Glu21Asp,0.0,1.0,3) Uncertain significance,p.E21D
Moxifloxacin,gyrA,gyrA_p.His490Asn,,,3) Uncertain significance,p.H490N
Moxifloxacin,gyrA,gyrA_p.Asp509Asn,,,3) Uncertain significance,p.D509N
Moxifloxacin,gyrB,gyrB_p.Leu156Met,0.0,1.0,3) Uncertain significance,p.L156M
Moxifloxacin,gyrA,gyrA_p.Ser104Leu,0.0,1.0,3) Uncertain significance,p.S104L
Moxifloxacin,gyrA,gyrA_p.Leu671Val,,,3) Uncertain significance,p.L671V
Moxifloxacin,gyrA,gyrA_p.Ile189Met,,,3) Uncertain significance,p.I189M
Moxifloxacin,gyrA,gyrA_p.Ala324Val,,,3) Uncertain significance,p.A324V
Moxifloxacin,gyrA,gyrA_p.Gln603His,,,3) Uncertain significance,p.Q603H
Moxifloxacin,gyrB,gyrB_p.Ser273Gly,0.0,1.0,3) Uncertain significance,p.S273G
Moxifloxacin,gyrB,gyrB_p.Thr214Pro,,,3) Uncertain significance,p.T214P
Moxifloxacin,gyrA,gyrA_p.Asn826His,,,3) Uncertain significance,p.N826H
Moxifloxacin,gyrA,gyrA_p.Thr563Ser,,,3) Uncertain significance,p.T563S
Moxifloxacin,gyrB,gyrB_p.Glu151Asp,,,3) Uncertain significance,p.E151D
Moxifloxacin,gyrA,gyrA_p.Lys636Thr,,,3) Uncertain significance,p.K636T
Moxifloxacin,gyrA,gyrA_p.Asp532Asn,0.0,1.0,3) Uncertain significance,p.D532N
Moxifloxacin,gyrA,gyrA_p.Ala74Val,0.0,1.0,3) Uncertain significance,p.A74V
Moxifloxacin,gyrB,gyrB_p.Val75Gly,,,3) Uncertain significance,p.V75G
Moxifloxacin,gyrA,gyrA_p.Thr590Met,,,3) Uncertain significance,p.T590M
Moxifloxacin,gyrA,gyrA_p.Asp515Asn,,,3) Uncertain significance,p.D515N
Moxifloxacin,gyrB,gyrB_p.Ala175Thr,0.0,1.0,3) Uncertain significance,p.A175T
Moxifloxacin,gyrB,gyrB_p.Lys596Asn,0.0,1.0,3) Uncertain significance,p.K596N
Moxifloxacin,gyrB,gyrB_p.Asp494Ala,0.0,1.0,3) Uncertain significance,p.D494A
Moxifloxacin,gyrB,gyrB_p.His311Tyr,0.0,1.0,3) Uncertain significance,p.H311Y
Moxifloxacin,gyrA,gyrA_p.Gln797Pro,0.0,1.0,3) Uncertain significance,p.Q797P
Moxifloxacin,gyrB,gyrB_p.Ala403Val,,,3) Uncertain significance,p.A403V
Moxifloxacin,gyrB,gyrB_p.Ala238Gly,,,3) Uncertain significance,p.A238G
Moxifloxacin,gyrA,gyrA_p.Glu412Ala,,,3) Uncertain significance,p.E412A
Moxifloxacin,gyrA,gyrA_p.Glu140Gly,,,3) Uncertain significance,p.E140G
Moxifloxacin,gyrB,gyrB_p.Val68Ala,0.0,1.0,3) Uncertain significance,p.V68A
Moxifloxacin,gyrA,gyrA_p.Val768Ala,,,3) Uncertain significance,p.V768A
Moxifloxacin,gyrA,gyrA_p.Ser250Tyr,,,3) Uncertain significance,p.S250Y
Moxifloxacin,gyrB,gyrB_p.Val127Ala,,,3) Uncertain significance,p.V127A
Moxifloxacin,gyrA,gyrA_p.Arg252Gly,,,3) Uncertain significance,p.R252G
Moxifloxacin,gyrB,gyrB_p.Glu501Val,0.0,1.0,2) Assoc w R - Interim,p.E501V
Moxifloxacin,gyrB,gyrB_p.Thr183Met,,,3) Uncertain significance,p.T183M
Moxifloxacin,gyrA,gyrA_p.Gln290Arg,0.0,1.0,3) Uncertain significance,p.Q290R
Moxifloxacin,gyrB,gyrB_p.Pro343Ser,,,3) Uncertain significance,p.P343S
Moxifloxacin,gyrA,gyrA_p.Glu808Gln,0.0,1.0,3) Uncertain significance,p.E808Q
Moxifloxacin,gyrA,gyrA_p.Glu148Asp,,,3) Uncertain significance,p.E148D
Moxifloxacin,gyrA,gyrA_p.Leu724Val,0.0,1.0,3) Uncertain significance,p.L724V
Moxifloxacin,gyrA,gyrA_p.Arg65His,,,3) Uncertain significance,p.R65H
Moxifloxacin,gyrB,gyrB_p.Asp259Glu,0.0,1.0,3) Uncertain significance,p.D259E
Moxifloxacin,gyrB,gyrB_p.Val407Leu,,,3) Uncertain significance,p.V407L
Moxifloxacin,gyrA,gyrA_p.Met99Ile,,,3) Uncertain significance,p.M99I
Moxifloxacin,gyrA,gyrA_p.Ala400Val,,,3) Uncertain significance,p.A400V
Moxifloxacin,gyrB,gyrB_p.Ala78Val,,,3) Uncertain significance,p.A78V
Moxifloxacin,gyrA,gyrA_p.Ser506Asn,,,3) Uncertain significance,p.S506N
Moxifloxacin,gyrA,gyrA_p.Gln743His,0.0,1.0,3) Uncertain significance,p.Q743H
Moxifloxacin,gyrB,gyrB_p.Pro439Arg,,,3) Uncertain significance,p.P439R
Moxifloxacin,gyrA,gyrA_p.Ile815Met,0.0,2.0,3) Uncertain significance,p.I815M
Moxifloxacin,gyrB,gyrB_p.Gln538Arg,0.0,2.0,3) Uncertain significance,p.Q538R
Moxifloxacin,gyrA,gyrA_p.Ile284Val,,,3) Uncertain significance,p.I284V
Moxifloxacin,gyrB,gyrB_p.Ile486Val,,,3) Uncertain significance,p.I486V
Moxifloxacin,gyrA,gyrA_p.Val750Ala,0.0,1.0,3) Uncertain significance,p.V750A
Moxifloxacin,gyrA,gyrA_p.Gly548Arg,,,3) Uncertain significance,p.G548R
Moxifloxacin,gyrA,gyrA_p.Glu79Asp,0.0,2.0,3) Uncertain significance,p.E79D
Moxifloxacin,gyrA,gyrA_p.Pro17Ser,0.0,2.0,3) Uncertain significance,p.P17S
Moxifloxacin,gyrA,gyrA_p.Ala501Val,,,3) Uncertain significance,p.A501V
Moxifloxacin,gyrB,gyrB_p.Pro177His,0.0,1.0,3) Uncertain significance,p.P177H
Moxifloxacin,gyrA,gyrA_p.Leu205Val,,,3) Uncertain significance,p.L205V
Moxifloxacin,gyrA,gyrA_p.Met804Val,0.0,1.0,3) Uncertain significance,p.M804V
Moxifloxacin,gyrA,gyrA_p.Asp415Phe,0.0,1.0,3) Uncertain significance,p.D415F
Moxifloxacin,gyrA,gyrA_p.Leu465Gln,,,3) Uncertain significance,p.L465Q
Moxifloxacin,gyrB,gyrB_p.Lys7Gln,0.0,1.0,3) Uncertain significance,p.K7Q
Moxifloxacin,gyrB,gyrB_p.Asp216Gly,,,3) Uncertain significance,p.D216G
Moxifloxacin,gyrA,gyrA_p.Asp641Tyr,0.0,1.0,3) Uncertain significance,p.D641Y
Moxifloxacin,gyrB,gyrB_p.Thr37Ser,,,3) Uncertain significance,p.T37S
Moxifloxacin,gyrB,gyrB_p.Thr189Pro,0.0,1.0,3) Uncertain significance,p.T189P
Moxifloxacin,gyrA,gyrA_p.Val150Ala,,,3) Uncertain significance,p.V150A
Moxifloxacin,gyrA,gyrA_p.Gln573Arg,,,3) Uncertain significance,p.Q573R
Moxifloxacin,gyrB,gyrB_p.Ser274Thr,,,3) Uncertain significance,p.S274T
Moxifloxacin,gyrA,gyrA_p.Ala324Gly,0.0,1.0,3) Uncertain significance,p.A324G
Moxifloxacin,gyrA,gyrA_p.Glu289Gln,0.0,1.0,3) Uncertain significance,p.E289Q
Moxifloxacin,gyrA,gyrA_p.Arg615Gly,,,3) Uncertain significance,p.R615G
Moxifloxacin,gyrB,gyrB_p.Ser576Thr,,,3) Uncertain significance,p.S576T
Moxifloxacin,gyrA,gyrA_p.Ala432Val,,,3) Uncertain significance,p.A432V
Moxifloxacin,gyrB,gyrB_p.Thr209Ala,,,3) Uncertain significance,p.T209A
Moxifloxacin,gyrA,gyrA_p.Val674Ile,,,3) Uncertain significance,p.V674I
Moxifloxacin,gyrA,gyrA_p.Ala347Thr,,,3) Uncertain significance,p.A347T
Moxifloxacin,gyrA,gyrA_p.Ile390Thr,,,3) Uncertain significance,p.I390T
Moxifloxacin,gyrA,gyrA_p.Arg195Gly,0.0,1.0,3) Uncertain significance,p.R195G
Moxifloxacin,gyrA,gyrA_p.Thr230Ser,,,3) Uncertain significance,p.T230S
Moxifloxacin,gyrA,gyrA_p.Ala71Thr,,,3) Uncertain significance,p.A71T
Moxifloxacin,gyrA,gyrA_p.Asp481Gly,,,3) Uncertain significance,p.D481G
Moxifloxacin,gyrB,gyrB_p.Ala233Val,,,3) Uncertain significance,p.A233V
Moxifloxacin,gyrB,gyrB_p.Lys668Glu,,,3) Uncertain significance,p.K668E
Moxifloxacin,gyrA,gyrA_p.Ala347Val,,,3) Uncertain significance,p.A347V
Moxifloxacin,gyrA,gyrA_p.Thr572Asn,,,3) Uncertain significance,p.T572N
Moxifloxacin,gyrB,gyrB_p.Met530Thr,,,3) Uncertain significance,p.M530T
Moxifloxacin,gyrA,gyrA_p.Ile153Met,,,3) Uncertain significance,p.I153M
Moxifloxacin,gyrB,gyrB_p.Leu563Phe,,,3) Uncertain significance,p.L563F
Moxifloxacin,gyrA,gyrA_p.Ser645Leu,0.0,1.0,3) Uncertain significance,p.S645L
Moxifloxacin,gyrA,gyrA_p.Ala662Val,,,3) Uncertain significance,p.A662V
Moxifloxacin,gyrB,gyrB_p.Thr167Ala,,,3) Uncertain significance,p.T167A
Moxifloxacin,gyrA,gyrA_p.Val310Phe,,,3) Uncertain significance,p.V310F
Moxifloxacin,gyrA,gyrA_p.His334Tyr,,,3) Uncertain significance,p.H334Y
Moxifloxacin,gyrA,gyrA_p.Ala186Thr,,,3) Uncertain significance,p.A186T
Moxifloxacin,gyrB,gyrB_p.Ala564Thr,,,3) Uncertain significance,p.A564T
Moxifloxacin,gyrA,gyrA_p.Asp770Gly,,,3) Uncertain significance,p.D770G
Moxifloxacin,gyrA,gyrA_p.Asp824Asn,,,3) Uncertain significance,p.D824N
Moxifloxacin,gyrB,gyrB_p.Arg587Gly,0.0,1.0,3) Uncertain significance,p.R587G
Moxifloxacin,gyrA,gyrA_p.Lys319Asn,,,3) Uncertain significance,p.K319N
Moxifloxacin,gyrB,gyrB_p.Ser363Arg,0.0,2.0,3) Uncertain significance,p.S363R
Moxifloxacin,gyrB,gyrB_p.Glu76Asp,0.0,1.0,3) Uncertain significance,p.E76D
Moxifloxacin,gyrA,gyrA_p.Ile452Thr,,,3) Uncertain significance,p.I452T
Moxifloxacin,gyrA,gyrA_p.Pro66Ala,0.0,1.0,3) Uncertain significance,p.P66A
Moxifloxacin,gyrB,gyrB_p.Gly38Ser,,,3) Uncertain significance,p.G38S
Moxifloxacin,gyrB,gyrB_p.His272Pro,0.0,1.0,3) Uncertain significance,p.H272P
Moxifloxacin,gyrB,gyrB_p.Ile46Ser,,,3) Uncertain significance,p.I46S
Moxifloxacin,gyrA,gyrA_p.Asn831Lys,,,3) Uncertain significance,p.N831K
Moxifloxacin,gyrA,gyrA_p.Arg615His,,,3) Uncertain significance,p.R615H
Moxifloxacin,gyrA,gyrA_p.Gly351Ala,,,3) Uncertain significance,p.G351A
Moxifloxacin,gyrA,gyrA_p.Gly112Cys,,,3) Uncertain significance,p.G112C
Moxifloxacin,gyrA,gyrA_p.Ala696Thr,,,3) Uncertain significance,p.A696T
Moxifloxacin,gyrA,gyrA_p.Pro621Leu,0.0,1.0,3) Uncertain significance,p.P621L
Moxifloxacin,gyrB,gyrB_p.Glu181Gly,,,3) Uncertain significance,p.E181G
Moxifloxacin,gyrB,gyrB_p.Asp640Asn,,,3) Uncertain significance,p.D640N
Moxifloxacin,gyrA,gyrA_p.Asp639Gly,,,3) Uncertain significance,p.D639G
Moxifloxacin,gyrB,gyrB_p.Asp342Glu,0.0,1.0,3) Uncertain significance,p.D342E
Moxifloxacin,gyrB,gyrB_p.Asp640Ala,,,3) Uncertain significance,p.D640A
Moxifloxacin,gyrB,gyrB_p.Ala332Val,0.0,1.0,3) Uncertain significance,p.A332V
Moxifloxacin,gyrB,gyrB_p.Glu379Gly,0.0,1.0,3) Uncertain significance,p.E379G
Moxifloxacin,gyrB,gyrB_p.Ile116Met,,,3) Uncertain significance,p.I116M
Moxifloxacin,gyrA,gyrA_p.Ala217Val,0.0,1.0,3) Uncertain significance,p.A217V
Moxifloxacin,gyrA,gyrA_p.Ser62Phe,0.0,1.0,3) Uncertain significance,p.S62F
Moxifloxacin,gyrA,gyrA_p.Ser237Ala,0.0,2.0,3) Uncertain significance,p.S237A
Moxifloxacin,gyrB,gyrB_p.Pro450Arg,0.0,2.0,3) Uncertain significance,p.P450R
Moxifloxacin,gyrB,gyrB_p.Arg523Ser,0.0,1.0,3) Uncertain significance,p.R523S
Moxifloxacin,gyrA,gyrA_p.Arg380Gly,0.0,1.0,3) Uncertain significance,p.R380G
Moxifloxacin,gyrA,gyrA_p.Arg489Ser,0.0,2.0,3) Uncertain significance,p.R489S
Moxifloxacin,gyrA,gyrA_p.Ala445Val,0.0,1.0,3) Uncertain significance,p.A445V
Moxifloxacin,gyrA,gyrA_p.Pro123Gln,0.0,3.0,3) Uncertain significance,p.P123Q
Moxifloxacin,gyrA,gyrA_p.Val544Leu,,,3) Uncertain significance,p.V544L
Moxifloxacin,gyrB,gyrB_p.Thr250Ser,,,3) Uncertain significance,p.T250S
Moxifloxacin,gyrA,gyrA_p.Ala74Thr,0.0,1.0,3) Uncertain significance,p.A74T
Moxifloxacin,gyrB,gyrB_p.Gly594Arg,,,3) Uncertain significance,p.G594R
Moxifloxacin,gyrA,gyrA_p.Ala406Pro,,,3) Uncertain significance,p.A406P
Moxifloxacin,gyrB,gyrB_p.Leu69Val,0.0,2.0,3) Uncertain significance,p.L69V
Moxifloxacin,gyrB,gyrB_p.Asn66Ser,0.0,2.0,3) Uncertain significance,p.N66S
Moxifloxacin,gyrB,gyrB_p.Arg192His,0.0,1.0,3) Uncertain significance,p.R192H
Moxifloxacin,gyrA,gyrA_p.Gly795Arg,0.0,2.0,3) Uncertain significance,p.G795R
Moxifloxacin,gyrA,gyrA_p.Ser237Pro,,,3) Uncertain significance,p.S237P
Moxifloxacin,gyrA,gyrA_p.Asp242Asn,,,3) Uncertain significance,p.D242N
Moxifloxacin,gyrB,gyrB_p.Thr393Ser,0.0,6.0,4) Not assoc w R - Interim,p.T393S
Moxifloxacin,gyrB,gyrB_p.Glu21Gln,,,3) Uncertain significance,p.E21Q
Moxifloxacin,gyrA,gyrA_p.Ala667Val,,,3) Uncertain significance,p.A667V
Moxifloxacin,gyrB,gyrB_p.Lys668Arg,,,3) Uncertain significance,p.K668R
Moxifloxacin,gyrB,gyrB_p.Ile19Leu,,,3) Uncertain significance,p.I19L
Moxifloxacin,gyrA,gyrA_p.Gly503Arg,,,3) Uncertain significance,p.G503R
Moxifloxacin,gyrA,gyrA_p.Gly702Ser,,,3) Uncertain significance,p.G702S
Moxifloxacin,gyrA,gyrA_p.Gln290His,0.0,2.0,3) Uncertain significance,p.Q290H
Moxifloxacin,gyrA,gyrA_p.Thr272Ile,0.0,1.0,3) Uncertain significance,p.T272I
Moxifloxacin,gyrA,gyrA_p.Thr638Asn,,,3) Uncertain significance,p.T638N
Moxifloxacin,gyrB,gyrB_p.Leu354Val,0.0,2.0,3) Uncertain significance,p.L354V
Moxifloxacin,gyrB,gyrB_p.Gly436Arg,,,3) Uncertain significance,p.G436R
Moxifloxacin,gyrA,gyrA_p.Arg106Cys,0.0,1.0,3) Uncertain significance,p.R106C
Moxifloxacin,gyrA,gyrA_p.Ala696Val,0.0,2.0,3) Uncertain significance,p.A696V
Moxifloxacin,gyrB,gyrB_p.Asp434Glu,0.0,1.0,3) Uncertain significance,p.D434E
Moxifloxacin,gyrA,gyrA_p.Thr735Ser,,,3) Uncertain significance,p.T735S
Moxifloxacin,gyrB,gyrB_p.Gly282Asp,0.0,1.0,3) Uncertain significance,p.G282D
Moxifloxacin,gyrA,gyrA_p.Leu12Phe,,,3) Uncertain significance,p.L12F
Moxifloxacin,gyrA,gyrA_p.Gln113Glu,0.0,2.0,3) Uncertain significance,p.Q113E
Moxifloxacin,gyrA,gyrA_p.Asp829Glu,0.0,1.0,3) Uncertain significance,p.D829E
Moxifloxacin,gyrA,gyrA_p.Gln22His,0.0,1.0,3) Uncertain significance,p.Q22H
Moxifloxacin,gyrB,gyrB_p.Tyr253Ser,0.0,2.0,3) Uncertain significance,p.Y253S
Moxifloxacin,gyrB,gyrB_p.Glu489Gln,0.0,2.0,3) Uncertain significance,p.E489Q
Moxifloxacin,gyrB,gyrB_p.Pro163Ser,0.0,2.0,3) Uncertain significance,p.P163S
Moxifloxacin,gyrB,gyrB_p.Cys388Gly,,,3) Uncertain significance,p.C388G
Moxifloxacin,gyrA,gyrA_p.Gln305Arg,0.0,1.0,3) Uncertain significance,p.Q305R
Moxifloxacin,gyrA,gyrA_p.Asp262Val,0.0,2.0,3) Uncertain significance,p.D262V
Moxifloxacin,gyrB,gyrB_p.Arg523Cys,,,3) Uncertain significance,p.R523C
Moxifloxacin,gyrA,gyrA_p.Arg392His,0.0,1.0,3) Uncertain significance,p.R392H
Moxifloxacin,gyrB,gyrB_p.Glu299Gln,0.0,1.0,3) Uncertain significance,p.E299Q
Moxifloxacin,gyrB,gyrB_p.Asp225Gly,,,3) Uncertain significance,p.D225G
Moxifloxacin,gyrB,gyrB_p.Pro439Ala,0.0,1.0,3) Uncertain significance,p.P439A
Moxifloxacin,gyrA,gyrA_p.Leu659Val,0.0,5.0,3) Uncertain significance,p.L659V
Moxifloxacin,gyrA,gyrA_p.Arg480Cys,,,3) Uncertain significance,p.R480C
Moxifloxacin,gyrA,gyrA_p.Arg309Gln,0.0,1.0,3) Uncertain significance,p.R309Q
Moxifloxacin,gyrA,gyrA_p.Gly694Ala,0.0,2.0,3) Uncertain significance,p.G694A
Moxifloxacin,gyrB,gyrB_p.Asn207Asp,,,3) Uncertain significance,p.N207D
Moxifloxacin,gyrA,gyrA_p.Gln679Lys,0.0,2.0,3) Uncertain significance,p.Q679K
Moxifloxacin,gyrA,gyrA_p.Arg409Gln,0.0,2.0,3) Uncertain significance,p.R409Q
Moxifloxacin,gyrA,gyrA_p.Asp467His,0.0,2.0,3) Uncertain significance,p.D467H
Moxifloxacin,gyrB,gyrB_p.Asp518Gly,0.0,1.0,3) Uncertain significance,p.D518G
Moxifloxacin,gyrA,gyrA_p.Thr355Ala,,,3) Uncertain significance,p.T355A
Moxifloxacin,gyrA,gyrA_p.Val651Ala,,,3) Uncertain significance,p.V651A
Moxifloxacin,gyrB,gyrB_p.Ser248Gly,,,3) Uncertain significance,p.S248G
Moxifloxacin,gyrA,gyrA_p.Ser642Cys,,,3) Uncertain significance,p.S642C
Moxifloxacin,gyrA,gyrA_p.Asp211Glu,,,3) Uncertain significance,p.D211E
Moxifloxacin,gyrA,gyrA_p.Gln790Glu,0.0,1.0,3) Uncertain significance,p.Q790E
Moxifloxacin,gyrA,gyrA_p.Phe228Leu,,,3) Uncertain significance,p.F228L
Moxifloxacin,gyrB,gyrB_p.Phe549Leu,,,3) Uncertain significance,p.F549L
Moxifloxacin,gyrA,gyrA_p.Pro7Leu,,,3) Uncertain significance,p.P7L
Moxifloxacin,gyrA,gyrA_p.Thr836Lys,0.0,2.0,3) Uncertain significance,p.T836K
Moxifloxacin,gyrB,gyrB_p.Leu638Val,,,3) Uncertain significance,p.L638V
Moxifloxacin,gyrB,gyrB_p.Gln9His,,,3) Uncertain significance,p.Q9H
Moxifloxacin,gyrA,gyrA_p.Ser411Ala,,,3) Uncertain significance,p.S411A
Moxifloxacin,gyrA,gyrA_p.Ala322Glu,,,3) Uncertain significance,p.A322E
Moxifloxacin,gyrA,gyrA_p.Met141Val,,,3) Uncertain significance,p.M141V
Moxifloxacin,gyrA,gyrA_p.Phe152Leu,0.0,3.0,3) Uncertain significance,p.F152L
Moxifloxacin,gyrB,gyrB_p.Asp617Tyr,0.0,2.0,3) Uncertain significance,p.D617Y
Moxifloxacin,gyrB,gyrB_p.Ser576Gly,0.0,2.0,3) Uncertain significance,p.S576G
Moxifloxacin,gyrB,gyrB_p.Phe475Val,,,3) Uncertain significance,p.F475V
Moxifloxacin,gyrA,gyrA_p.Val783Met,,,3) Uncertain significance,p.V783M
Moxifloxacin,gyrB,gyrB_p.Asp97Glu,0.0,1.0,3) Uncertain significance,p.D97E
Moxifloxacin,gyrA,gyrA_p.Asp481Ala,,,3) Uncertain significance,p.D481A
Moxifloxacin,gyrA,gyrA_p.Val651Ile,0.0,1.0,3) Uncertain significance,p.V651I
Moxifloxacin,gyrB,gyrB_p.Glu604Val,,,3) Uncertain significance,p.E604V
Moxifloxacin,gyrB,gyrB_p.Val535Ile,,,3) Uncertain significance,p.V535I
Moxifloxacin,gyrB,gyrB_p.Val327Leu,,,3) Uncertain significance,p.V327L
Moxifloxacin,gyrB,gyrB_p.Ile607Val,0.0,2.0,3) Uncertain significance,p.I607V
Moxifloxacin,gyrB,gyrB_p.Asp112His,0.0,1.0,3) Uncertain significance,p.D112H
Moxifloxacin,gyrB,gyrB_p.Pro343Leu,0.0,2.0,3) Uncertain significance,p.P343L
Moxifloxacin,gyrB,gyrB_p.Asp627Ala,0.0,3.0,3) Uncertain significance,p.D627A
Moxifloxacin,gyrA,gyrA_p.His368Gln,,,3) Uncertain significance,p.H368Q
Moxifloxacin,gyrA,gyrA_p.Asp488Glu,0.0,1.0,3) Uncertain significance,p.D488E
Moxifloxacin,gyrA,gyrA_p.Leu398Phe,0.0,1.0,3) Uncertain significance,p.L398F
Moxifloxacin,gyrB,gyrB_p.Pro177Leu,0.0,2.0,3) Uncertain significance,p.P177L
Moxifloxacin,gyrA,gyrA_p.Leu455Val,,,3) Uncertain significance,p.L455V
Moxifloxacin,gyrA,gyrA_p.Ala90Gly,0.0,2.0,3) Uncertain significance,p.A90G
Moxifloxacin,gyrB,gyrB_p.Ala162Ser,0.0,1.0,3) Uncertain significance,p.A162S
Moxifloxacin,gyrA,gyrA_p.Gly729Arg,0.0,6.0,3) Uncertain significance,p.G729R
Moxifloxacin,gyrB,gyrB_p.Gly589Val,,,3) Uncertain significance,p.G589V
Moxifloxacin,gyrA,gyrA_p.Val326Gly,,,3) Uncertain significance,p.V326G
Moxifloxacin,gyrB,gyrB_p.Asp434His,,,3) Uncertain significance,p.D434H
Moxifloxacin,gyrA,gyrA_p.Ala198Gly,,,3) Uncertain significance,p.A198G
Moxifloxacin,gyrA,gyrA_p.Thr638Ile,,,3) Uncertain significance,p.T638I
Moxifloxacin,gyrB,gyrB_p.Ser274Gly,0.0,2.0,3) Uncertain significance,p.S274G
Moxifloxacin,gyrB,gyrB_p.Val630Ile,,,3) Uncertain significance,p.V630I
Moxifloxacin,gyrB,gyrB_p.Met58Ile,0.0,4.0,3) Uncertain significance,p.M58I
Moxifloxacin,gyrA,gyrA_p.Asn193Ser,0.0,13.0,3) Uncertain significance,p.N193S
Moxifloxacin,gyrB,gyrB_p.Ile34Val,1.0,3.0,3) Uncertain significance,p.I34V
Moxifloxacin,gyrA,gyrA_p.Arg789Gly,,,3) Uncertain significance,p.R789G
Moxifloxacin,gyrA,gyrA_p.Leu296Pro,0.0,5.0,3) Uncertain significance,p.L296P
Moxifloxacin,gyrB,gyrB_p.Thr664Ile,,,3) Uncertain significance,p.T664I
Moxifloxacin,gyrB,gyrB_p.Ala423Val,,,3) Uncertain significance,p.A423V
Moxifloxacin,gyrA,gyrA_p.Pro108Ser,,,3) Uncertain significance,p.P108S
Moxifloxacin,gyrB,gyrB_p.Ser447Tyr,0.0,1.0,3) Uncertain significance,p.S447Y
Moxifloxacin,gyrA,gyrA_p.Arg607His,0.0,1.0,3) Uncertain significance,p.R607H
Moxifloxacin,gyrB,gyrB_p.Ser576Ile,0.0,6.0,3) Uncertain significance,p.S576I
Moxifloxacin,gyrA,gyrA_p.Val51Ala,,,3) Uncertain significance,p.V51A
Moxifloxacin,gyrB,gyrB_p.Gly470Cys,0.0,1.0,3) Uncertain significance,p.G470C
Moxifloxacin,gyrB,gyrB_p.Asp588Asn,0.0,1.0,3) Uncertain significance,p.D588N
Moxifloxacin,gyrB,gyrB_p.Ala593Val,0.0,4.0,3) Uncertain significance,p.A593V
Moxifloxacin,gyrA,gyrA_p.Ala288Val,,,3) Uncertain significance,p.A288V
Moxifloxacin,gyrA,gyrA_p.Pro8Leu,0.0,1.0,3) Uncertain significance,p.P8L
Moxifloxacin,gyrB,gyrB_p.Pro578Ala,0.0,3.0,3) Uncertain significance,p.P578A
Moxifloxacin,gyrA,gyrA_p.Thr413Ala,,,3) Uncertain significance,p.T413A
Moxifloxacin,gyrA,gyrA_p.Thr836Arg,0.0,5.0,3) Uncertain significance,p.T836R
Moxifloxacin,gyrB,gyrB_p.Pro628Ala,,,3) Uncertain significance,p.P628A
Moxifloxacin,gyrA,gyrA_p.Asn826Asp,0.0,1.0,3) Uncertain significance,p.N826D
Moxifloxacin,gyrB,gyrB_p.Ser16Cys,0.0,1.0,3) Uncertain significance,p.S16C
Moxifloxacin,gyrA,gyrA_p.Tyr722Cys,,,3) Uncertain significance,p.Y722C
Moxifloxacin,gyrA,gyrA_p.Leu142Val,,,3) Uncertain significance,p.L142V
Moxifloxacin,gyrB,gyrB_p.Glu623Asp,,,3) Uncertain significance,p.E623D
Moxifloxacin,gyrA,gyrA_p.Ala787Gly,,,3) Uncertain significance,p.A787G
Moxifloxacin,gyrA,gyrA_p.Val783Leu,,,3) Uncertain significance,p.V783L
Moxifloxacin,gyrA,gyrA_p.Ala736Val,0.0,3.0,3) Uncertain significance,p.A736V
Moxifloxacin,gyrB,gyrB_p.Ala90Gly,0.0,1.0,3) Uncertain significance,p.A90G
Moxifloxacin,gyrA,gyrA_p.Pro472Ser,0.0,6.0,3) Uncertain significance,p.P472S
Moxifloxacin,gyrA,gyrA_p.Ser536Arg,0.0,1.0,3) Uncertain significance,p.S536R
Moxifloxacin,gyrB,gyrB_p.Gly606Ser,0.0,1.0,3) Uncertain significance,p.G606S
Moxifloxacin,gyrB,gyrB_p.Ile206Ser,,,3) Uncertain significance,p.I206S
Moxifloxacin,gyrA,gyrA_p.Asp824Glu,0.0,1.0,3) Uncertain significance,p.D824E
Moxifloxacin,gyrA,gyrA_p.Asp293Tyr,0.0,3.0,3) Uncertain significance,p.D293Y
Moxifloxacin,gyrA,gyrA_p.Leu134Met,0.0,1.0,3) Uncertain significance,p.L134M
Moxifloxacin,gyrB,gyrB_p.Gly520Ala,0.0,1.0,3) Uncertain significance,p.G520A
Moxifloxacin,gyrA,gyrA_p.Pro154Arg,0.0,1.0,3) Uncertain significance,p.P154R
Moxifloxacin,gyrB,gyrB_p.Gly598Glu,,,3) Uncertain significance,p.G598E
Moxifloxacin,gyrB,gyrB_p.Ala398Val,0.0,4.0,3) Uncertain significance,p.A398V
Moxifloxacin,gyrA,gyrA_p.Asp552Gly,0.0,1.0,3) Uncertain significance,p.D552G
Moxifloxacin,gyrA,gyrA_p.Asp641Glu,0.0,1.0,3) Uncertain significance,p.D641E
Moxifloxacin,gyrB,gyrB_p.Pro400Arg,,,3) Uncertain significance,p.P400R
Moxifloxacin,gyrB,gyrB_p.Ser274Arg,0.0,3.0,3) Uncertain significance,p.S274R
Moxifloxacin,gyrA,gyrA_p.Pro275Ala,,,3) Uncertain significance,p.P275A
Moxifloxacin,gyrA,gyrA_p.Phe705Leu,0.0,3.0,3) Uncertain significance,p.F705L
Moxifloxacin,gyrA,gyrA_p.His490Tyr,,,3) Uncertain significance,p.H490Y
Moxifloxacin,gyrA,gyrA_p.Ala126Val,,,3) Uncertain significance,p.A126V
Moxifloxacin,gyrA,gyrA_p.Pro8Ala,0.0,12.0,3) Uncertain significance,p.P8A
Moxifloxacin,gyrA,gyrA_p.Leu711Met,0.0,7.0,3) Uncertain significance,p.L711M
Moxifloxacin,gyrA,gyrA_p.Ala210Val,,,3) Uncertain significance,p.A210V
Moxifloxacin,gyrB,gyrB_p.Asp434Gly,0.0,1.0,3) Uncertain significance,p.D434G
Moxifloxacin,gyrB,gyrB_p.Asp657Gly,0.0,1.0,3) Uncertain significance,p.D657G
Moxifloxacin,gyrA,gyrA_p.Thr267Ile,,,3) Uncertain significance,p.T267I
Moxifloxacin,gyrA,gyrA_p.Arg254Cys,0.0,7.0,3) Uncertain significance,p.R254C
Moxifloxacin,gyrB,gyrB_p.Glu586Lys,0.0,1.0,3) Uncertain significance,p.E586K
Moxifloxacin,gyrB,gyrB_p.Phe187Leu,,,3) Uncertain significance,p.F187L
Moxifloxacin,gyrA,gyrA_p.Ala456Val,0.0,8.0,3) Uncertain significance,p.A456V
Moxifloxacin,gyrA,gyrA_p.Ile15Val,0.0,3.0,3) Uncertain significance,p.I15V
Moxifloxacin,gyrA,gyrA_p.Ala814Thr,0.0,1.0,3) Uncertain significance,p.A814T
Moxifloxacin,gyrA,gyrA_p.Asn818Asp,,,3) Uncertain significance,p.N818D
Moxifloxacin,gyrB,gyrB_p.Ile556Val,0.0,1.0,3) Uncertain significance,p.I556V
Moxifloxacin,gyrB,gyrB_p.Ile84Val,0.0,9.0,3) Uncertain significance,p.I84V
Moxifloxacin,gyrA,gyrA_p.Ala626Val,,,3) Uncertain significance,p.A626V
Moxifloxacin,gyrA,gyrA_p.Thr377Ile,0.0,3.0,3) Uncertain significance,p.T377I
Moxifloxacin,gyrA,gyrA_p.Gly503Val,,,3) Uncertain significance,p.G503V
Moxifloxacin,gyrA,gyrA_p.Gln277Arg,0.0,2.0,3) Uncertain significance,p.Q277R
Moxifloxacin,gyrA,gyrA_p.Glu21His,,,3) Uncertain significance,p.E21H
Moxifloxacin,gyrA,gyrA_p.Leu346Val,0.0,4.0,3) Uncertain significance,p.L346V
Moxifloxacin,gyrB,gyrB_p.Pro480Ser,,,3) Uncertain significance,p.P480S
Moxifloxacin,gyrB,gyrB_p.Val301Leu,8.0,94.0,3) Uncertain significance,p.V301L
Moxifloxacin,gyrB,gyrB_p.Ala130Ser,,,3) Uncertain significance,p.A130S
Moxifloxacin,gyrA,gyrA_p.Glu21Gln,1655.0,6558.0,4) Not assoc w R - Interim,p.E21Q
Moxifloxacin,gyrB,gyrB_p.Pro94Leu,2.0,207.0,4) Not assoc w R - Interim,p.P94L
Moxifloxacin,gyrA,gyrA_p.Arg252Leu,0.0,26.0,4) Not assoc w R - Interim,p.R252L
Moxifloxacin,gyrB,gyrB_p.Ala403Ser,0.0,18.0,3) Uncertain significance,p.A403S
Moxifloxacin,gyrA,gyrA_p.Ala384Val,28.0,733.0,3) Uncertain significance,p.A384V
Moxifloxacin,gyrA,gyrA_p.Ser95Thr,1567.0,5989.0,5) Not assoc w R,p.S95T
Moxifloxacin,gyrA,gyrA_p.Ala347Ser,,,3) Uncertain significance,p.A347S
Moxifloxacin,gyrA,gyrA_p.Ile328Leu,,,3) Uncertain significance,p.I328L
Moxifloxacin,gyrA,gyrA_p.Leu566Trp,,,3) Uncertain significance,p.L566W
Moxifloxacin,gyrB,gyrB_p.Ala643Asp,,,3) Uncertain significance,p.A643D
Pyrazinamide,pncA,pncA_p.His57Asp,164.0,2.0,1) Assoc w R,p.H57D
Pyrazinamide,pncA,pncA_p.His51Asp,47.0,1.0,1) Assoc w R,p.H51D
Pyrazinamide,pncA,pncA_p.His51Arg,13.0,1.0,1) Assoc w R,p.H51R
Pyrazinamide,pncA,pncA_p.Val139Ala,51.0,5.0,1) Assoc w R,p.V139A
Pyrazinamide,pncA,pncA_p.Gln10Pro,61.0,3.0,1) Assoc w R,p.Q10P
Pyrazinamide,pncA,pncA_p.Leu27Pro,42.0,0.0,1) Assoc w R,p.L27P
Pyrazinamide,pncA,pncA_p.Thr76Pro,47.0,3.0,1) Assoc w R,p.T76P
Pyrazinamide,pncA,pncA_p.Gln141Pro,73.0,5.0,1) Assoc w R,p.Q141P
Pyrazinamide,pncA,pncA_p.Gln10Arg,18.0,0.0,1) Assoc w R,p.Q10R
Pyrazinamide,pncA,pncA_p.Leu172Pro,31.0,0.0,1) Assoc w R,p.L172P
Pyrazinamide,pncA,pncA_p.Leu120Pro,19.0,0.0,1) Assoc w R,p.L120P
Pyrazinamide,pncA,pncA_p.His71Tyr,34.0,1.0,1) Assoc w R,p.H71Y
Pyrazinamide,pncA,pncA_p.Thr135Pro,30.0,2.0,1) Assoc w R,p.T135P
Pyrazinamide,pncA,pncA_p.Asp49Gly,43.0,4.0,1) Assoc w R,p.D49G
Pyrazinamide,pncA,pncA_p.His57Arg,55.0,5.0,1) Assoc w R,p.H57R
Pyrazinamide,pncA,pncA_p.Trp68Cys,19.0,0.0,1) Assoc w R,p.W68C
Pyrazinamide,pncA,pncA_p.Gly132Ala,54.0,2.0,1) Assoc w R,p.G132A
Pyrazinamide,pncA,pncA_p.Ser59Pro,23.0,0.0,1) Assoc w R,p.S59P
Pyrazinamide,pncA,pncA_p.Leu4Ser,34.0,2.0,1) Assoc w R,p.L4S
Pyrazinamide,pncA,pncA_p.Gly97Asp,42.0,5.0,1) Assoc w R,p.G97D
Pyrazinamide,pncA,pncA_p.His71Arg,38.0,2.0,1) Assoc w R,p.H71R
Pyrazinamide,pncA,pncA_p.Gly97Cys,17.0,1.0,1) Assoc w R,p.G97C
Pyrazinamide,pncA,pncA_p.Pro54Leu,27.0,3.0,1) Assoc w R,p.P54L
Pyrazinamide,pncA,pncA_p.Ala146Val,18.0,1.0,1) Assoc w R,p.A146V
Pyrazinamide,pncA,pncA_p.Tyr34Asp,13.0,0.0,1) Assoc w R,p.Y34D
Pyrazinamide,pncA,pncA_p.Val7Gly,34.0,2.0,1) Assoc w R,p.V7G
Pyrazinamide,pncA,pncA_p.Trp68Gly,31.0,2.0,1) Assoc w R,p.W68G
Pyrazinamide,pncA,pncA_p.Cys14Arg,29.0,1.0,1) Assoc w R,p.C14R
Pyrazinamide,pncA,pncA_p.Val125Gly,19.0,0.0,1) Assoc w R,p.V125G
Pyrazinamide,pncA,pncA_p.Ser67Pro,19.0,0.0,1) Assoc w R,p.S67P
Pyrazinamide,pncA,pncA_p.Asp8Gly,20.0,1.0,1) Assoc w R,p.D8G
Pyrazinamide,pncA,pncA_p.Lys96Thr,21.0,0.0,1) Assoc w R,p.K96T
Pyrazinamide,pncA,pncA_p.Ile5Ser,26.0,0.0,1) Assoc w R,p.I5S
Pyrazinamide,pncA,pncA_p.His71Pro,19.0,0.0,1) Assoc w R,p.H71P
Pyrazinamide,pncA,pncA_p.Gln10His,13.0,0.0,1) Assoc w R,p.Q10H
Pyrazinamide,pncA,pncA_p.Leu120Arg,13.0,0.0,1) Assoc w R,p.L120R
Pyrazinamide,pncA,pncA_p.Cys72Arg,12.0,0.0,1) Assoc w R,p.C72R
Pyrazinamide,pncA,pncA_p.Leu4Trp,12.0,1.0,1) Assoc w R,p.L4W
Pyrazinamide,pncA,pncA_p.Asp8Asn,11.0,0.0,1) Assoc w R,p.D8N
Pyrazinamide,pncA,pncA_p.Gly108Arg,17.0,1.0,1) Assoc w R,p.G108R
Pyrazinamide,pncA,pncA_p.Val180Phe,13.0,0.0,1) Assoc w R,p.V180F
Pyrazinamide,pncA,pncA_p.Asp49Ala,10.0,0.0,1) Assoc w R,p.D49A
Pyrazinamide,pncA,pncA_p.Val139Gly,15.0,0.0,1) Assoc w R,p.V139G
Pyrazinamide,pncA,pncA_p.Asp63Ala,24.0,3.0,1) Assoc w R,p.D63A
Pyrazinamide,pncA,pncA_p.Val128Gly,14.0,0.0,1) Assoc w R,p.V128G
Pyrazinamide,pncA,pncA_p.Trp68Arg,16.0,1.0,1) Assoc w R,p.W68R
Pyrazinamide,pncA,pncA_p.Arg154Gly,16.0,7.0,1) Assoc w R,p.R154G
Pyrazinamide,pncA,pncA_p.Val9Gly,9.0,0.0,1) Assoc w R,p.V9G
Pyrazinamide,pncA,pncA_p.Thr160Pro,11.0,0.0,1) Assoc w R,p.T160P
Pyrazinamide,pncA,pncA_p.His57Tyr,9.0,0.0,1) Assoc w R,p.H57Y
Pyrazinamide,pncA,pncA_p.Leu151Ser,17.0,6.0,1) Assoc w R,p.L151S
Pyrazinamide,pncA,pncA_p.Thr142Met,12.0,1.0,1) Assoc w R,p.T142M
Pyrazinamide,pncA,pncA_p.Met175Arg,9.0,0.0,1) Assoc w R,p.M175R
Pyrazinamide,pncA,pncA_p.Gly132Ser,9.0,0.0,1) Assoc w R,p.G132S
Pyrazinamide,pncA,pncA_p.Leu85Pro,7.0,0.0,1) Assoc w R,p.L85P
Pyrazinamide,pncA,pncA_p.Val7Leu,8.0,0.0,1) Assoc w R,p.V7L
Pyrazinamide,pncA,pncA_p.Phe94Cys,8.0,0.0,1) Assoc w R,p.F94C
Pyrazinamide,pncA,pncA_p.Asp12Ala,14.0,5.0,1) Assoc w R,p.D12A
Pyrazinamide,pncA,pncA_p.His51Pro,8.0,0.0,1) Assoc w R,p.H51P
Pyrazinamide,pncA,pncA_p.Lys96Glu,9.0,0.0,1) Assoc w R,p.K96E
Pyrazinamide,pncA,pncA_p.Leu159Pro,5.0,0.0,1) Assoc w R,p.L159P
Pyrazinamide,pncA,pncA_p.Ile6Thr,11.0,0.0,1) Assoc w R,p.I6T
Pyrazinamide,pncA,pncA_p.Val180Gly,7.0,0.0,1) Assoc w R,p.V180G
Pyrazinamide,pncA,pncA_p.Ala146Thr,15.0,4.0,1) Assoc w R,p.A146T
Pyrazinamide,pncA,pncA_p.Val139Met,8.0,0.0,1) Assoc w R,p.V139M
Pyrazinamide,pncA,pncA_p.Ile133Thr,29.0,17.0,1) Assoc w R,p.I133T
Pyrazinamide,pncA,pncA_p.Leu182Ser,15.0,4.0,1) Assoc w R,p.L182S
Pyrazinamide,pncA,pncA_p.Asp136Gly,16.0,4.0,1) Assoc w R,p.D136G
Pyrazinamide,pncA,pncA_p.Ile31Ser,21.0,4.0,1) Assoc w R,p.I31S
Pyrazinamide,pncA,pncA_p.Phe58Leu,6.0,3.0,1) Assoc w R,p.F58L
Pyrazinamide,pncA,pncA_p.Gly97Ser,10.0,1.0,1) Assoc w R,p.G97S
Pyrazinamide,pncA,pncA_p.Val21Gly,3.0,0.0,1) Assoc w R,p.V21G
Pyrazinamide,pncA,pncA_p.Cys138Arg,9.0,0.0,1) Assoc w R,p.C138R
Pyrazinamide,pncA,pncA_p.Ser164Pro,9.0,1.0,1) Assoc w R,p.S164P
Pyrazinamide,pncA,pncA_p.Phe13Ile,6.0,0.0,1) Assoc w R,p.F13I
Pyrazinamide,pncA,pncA_p.Asp8Glu,7.0,0.0,1) Assoc w R,p.D8E
Pyrazinamide,pncA,pncA_p.Leu116Arg,4.0,0.0,1) Assoc w R,p.L116R
Pyrazinamide,pncA,pncA_p.Lys96Arg,10.0,2.0,1) Assoc w R,p.K96R
Pyrazinamide,pncA,pncA_p.Val180Ala,10.0,0.0,1) Assoc w R,p.V180A
Pyrazinamide,pncA,pncA_p.Leu85Arg,8.0,0.0,1) Assoc w R,p.L85R
Pyrazinamide,pncA,pncA_p.Asp12Gly,8.0,2.0,1) Assoc w R,p.D12G
Pyrazinamide,pncA,pncA_p.Ala134Val,12.0,2.0,1) Assoc w R,p.A134V
Pyrazinamide,pncA,pncA_p.Thr76Ile,7.0,1.0,1) Assoc w R,p.T76I
Pyrazinamide,pncA,pncA_p.Gly97Arg,10.0,0.0,1) Assoc w R,p.G97R
Pyrazinamide,pncA,pncA_p.Asp12Glu,5.0,0.0,1) Assoc w R,p.D12E
Pyrazinamide,pncA,pncA_p.Leu19Pro,9.0,1.0,1) Assoc w R,p.L19P
Pyrazinamide,pncA,pncA_p.His51Gln,7.0,2.0,1) Assoc w R,p.H51Q
Pyrazinamide,pncA,pncA_p.Gly108Glu,3.0,0.0,1) Assoc w R,p.G108E
Pyrazinamide,pncA,pncA_p.Ser104Arg,6.0,0.0,1) Assoc w R,p.S104R
Pyrazinamide,pncA,pncA_p.Tyr103His,7.0,0.0,1) Assoc w R,p.Y103H
Pyrazinamide,pncA,pncA_p.Thr142Ala,12.0,3.0,1) Assoc w R,p.T142A
Pyrazinamide,pncA,pncA_p.Leu182Trp,6.0,0.0,1) Assoc w R,p.L182W
Pyrazinamide,pncA,pncA_p.Lys48Thr,7.0,9.0,2) Assoc w R - Interim,p.K48T
Pyrazinamide,pncA,pncA_p.Val155Gly,7.0,1.0,1) Assoc w R,p.V155G
Pyrazinamide,pncA,pncA_p.Pro62Leu,9.0,1.0,1) Assoc w R,p.P62L
Pyrazinamide,pncA,pncA_p.Thr47Ala,17.0,10.0,1) Assoc w R,p.T47A
Pyrazinamide,pncA,pncA_p.Ser66Pro,5.0,0.0,1) Assoc w R,p.S66P
Pyrazinamide,pncA,pncA_p.Trp119Arg,4.0,0.0,1) Assoc w R,p.W119R
Pyrazinamide,pncA,pncA_p.Pro54Arg,6.0,0.0,1) Assoc w R,p.P54R
Pyrazinamide,pncA,pncA_p.Arg154Met,5.0,2.0,1) Assoc w R,p.R154M
Pyrazinamide,pncA,pncA_p.Met175Val,11.0,3.0,1) Assoc w R,p.M175V
Pyrazinamide,pncA,pncA_p.Gly105Asp,6.0,2.0,1) Assoc w R,p.G105D
Pyrazinamide,pncA,pncA_p.Val155Met,8.0,1.0,1) Assoc w R,p.V155M
Pyrazinamide,pncA,pncA_p.Pro69Leu,14.0,5.0,1) Assoc w R,p.P69L
Pyrazinamide,pncA,pncA_p.Val125Phe,5.0,3.0,1) Assoc w R,p.V125F
Pyrazinamide,pncA,pncA_p.His82Arg,5.0,0.0,1) Assoc w R,p.H82R
Pyrazinamide,pncA,pncA_p.His51Tyr,5.0,0.0,1) Assoc w R,p.H51Y
Pyrazinamide,pncA,pncA_p.Phe94Leu,7.0,2.0,1) Assoc w R,p.F94L
Pyrazinamide,pncA,pncA_p.Leu159Arg,6.0,2.0,1) Assoc w R,p.L159R
Pyrazinamide,pncA,pncA_p.Trp119Gly,3.0,0.0,1) Assoc w R,p.W119G
Pyrazinamide,pncA,pncA_p.Ala102Pro,7.0,1.0,1) Assoc w R,p.A102P
Pyrazinamide,pncA,pncA_p.Ile90Ser,7.0,3.0,1) Assoc w R,p.I90S
Pyrazinamide,pncA,pncA_p.Arg140Pro,2.0,0.0,1) Assoc w R,p.R140P
Pyrazinamide,pncA,pncA_p.Tyr103Cys,8.0,5.0,1) Assoc w R,p.Y103C
Pyrazinamide,pncA,pncA_p.Thr177Pro,8.0,1.0,1) Assoc w R,p.T177P
Pyrazinamide,pncA,pncA_p.Phe13Ser,5.0,1.0,1) Assoc w R,p.F13S
Pyrazinamide,pncA,pncA_p.Met175Thr,4.0,0.0,1) Assoc w R,p.M175T
Pyrazinamide,pncA,pncA_p.Ala146Glu,1.0,0.0,2) Assoc w R - Interim,p.A146E
Pyrazinamide,pncA,pncA_p.Thr168Pro,4.0,0.0,1) Assoc w R,p.T168P
Pyrazinamide,pncA,pncA_p.Pro62Arg,3.0,0.0,1) Assoc w R,p.P62R
Pyrazinamide,pncA,pncA_p.Val93Leu,,,2) Assoc w R - Interim,p.V93L
Pyrazinamide,pncA,pncA_p.Thr47Pro,5.0,0.0,1) Assoc w R,p.T47P
Pyrazinamide,pncA,pncA_p.Lys96Asn,4.0,0.0,1) Assoc w R,p.K96N
Pyrazinamide,pncA,pncA_p.Trp119Cys,5.0,0.0,1) Assoc w R,p.W119C
Pyrazinamide,pncA,pncA_p.Val7Phe,3.0,0.0,1) Assoc w R,p.V7F
Pyrazinamide,panD,panD_p.Met117Thr,3.0,0.0,3) Uncertain significance,p.M117T
Pyrazinamide,pncA,pncA_p.Asp49Asn,,,2) Assoc w R - Interim,p.D49N
Pyrazinamide,pncA,pncA_p.Gly24Asp,5.0,1.0,1) Assoc w R,p.G24D
Pyrazinamide,pncA,pncA_p.Asp63Gly,6.0,5.0,1) Assoc w R,p.D63G
Pyrazinamide,pncA,pncA_p.Ala3Glu,3.0,0.0,1) Assoc w R,p.A3E
Pyrazinamide,pncA,pncA_p.His57Leu,,,2) Assoc w R - Interim,p.H57L
Pyrazinamide,pncA,pncA_p.Leu120Gln,4.0,0.0,1) Assoc w R,p.L120Q
Pyrazinamide,pncA,pncA_p.Ala102Val,5.0,11.0,3) Uncertain significance,p.A102V
Pyrazinamide,pncA,pncA_p.Ile90Thr,1.0,0.0,2) Assoc w R - Interim,p.I90T
Pyrazinamide,pncA,pncA_p.Phe13Leu,4.0,0.0,1) Assoc w R,p.F13L
Pyrazinamide,pncA,pncA_p.Phe106Ser,3.0,0.0,1) Assoc w R,p.F106S
Pyrazinamide,pncA,pncA_p.Asp8Tyr,3.0,0.0,1) Assoc w R,p.D8Y
Pyrazinamide,pncA,pncA_p.Gly162Asp,4.0,0.0,1) Assoc w R,p.G162D
Pyrazinamide,clpC1,clpC1_p.Val63Ala,240.0,1258.0,3) Uncertain significance,p.V63A
Pyrazinamide,pncA,pncA_p.Asp12Asn,5.0,1.0,1) Assoc w R,p.D12N
Pyrazinamide,pncA,pncA_p.His137Pro,4.0,0.0,1) Assoc w R,p.H137P
Pyrazinamide,pncA,pncA_p.Asp8Ala,2.0,0.0,1) Assoc w R,p.D8A
Pyrazinamide,pncA,pncA_p.Ala171Glu,3.0,0.0,1) Assoc w R,p.A171E
Pyrazinamide,pncA,pncA_p.Gly17Asp,4.0,1.0,1) Assoc w R,p.G17D
Pyrazinamide,pncA,pncA_p.Pro62Thr,3.0,0.0,1) Assoc w R,p.P62T
Pyrazinamide,pncA,pncA_p.Val44Gly,4.0,0.0,1) Assoc w R,p.V44G
Pyrazinamide,pncA,pncA_p.Trp119Leu,3.0,0.0,1) Assoc w R,p.W119L
Pyrazinamide,pncA,pncA_p.Ala46Glu,3.0,0.0,1) Assoc w R,p.A46E
Pyrazinamide,pncA,pncA_p.His43Pro,2.0,0.0,1) Assoc w R,p.H43P
Pyrazinamide,pncA,pncA_p.Gly78Asp,4.0,0.0,1) Assoc w R,p.G78D
Pyrazinamide,pncA,pncA_p.Gly105Val,4.0,0.0,1) Assoc w R,p.G105V
Pyrazinamide,pncA,pncA_p.Thr100Pro,2.0,0.0,1) Assoc w R,p.T100P
Pyrazinamide,pncA,pncA_p.Asp12His,2.0,0.0,1) Assoc w R,p.D12H
Pyrazinamide,pncA,pncA_p.Asp49Glu,2.0,0.0,1) Assoc w R,p.D49E
Pyrazinamide,pncA,pncA_p.Val130Gly,3.0,0.0,1) Assoc w R,p.V130G
Pyrazinamide,pncA,pncA_p.Pro54Ser,3.0,0.0,1) Assoc w R,p.P54S
Pyrazinamide,pncA,pncA_p.Phe94Ser,3.0,0.0,1) Assoc w R,p.F94S
Pyrazinamide,pncA,pncA_p.Val131Gly,1.0,0.0,2) Assoc w R - Interim,p.V131G
Pyrazinamide,pncA,pncA_p.Gly78Val,3.0,0.0,1) Assoc w R,p.G78V
Pyrazinamide,pncA,pncA_p.Lys96Gln,5.0,1.0,1) Assoc w R,p.K96Q
Pyrazinamide,pncA,pncA_p.Phe58Cys,1.0,0.0,2) Assoc w R - Interim,p.F58C
Pyrazinamide,pncA,pncA_p.Ala143Gly,3.0,1.0,1) Assoc w R,p.A143G
Pyrazinamide,pncA,pncA_p.Cys14Gly,8.0,10.0,3) Uncertain significance,p.C14G
Pyrazinamide,pncA,pncA_p.Phe58Ser,2.0,0.0,1) Assoc w R,p.F58S
Pyrazinamide,pncA,pncA_p.Val131Phe,4.0,1.0,1) Assoc w R,p.V131F
Pyrazinamide,pncA,pncA_p.Ile90Asn,2.0,0.0,1) Assoc w R,p.I90N
Pyrazinamide,pncA,pncA_p.Thr47Asn,2.0,0.0,1) Assoc w R,p.T47N
Pyrazinamide,pncA,pncA_p.Thr142Pro,1.0,0.0,2) Assoc w R - Interim,p.T142P
Pyrazinamide,pncA,pncA_p.Ala46Val,3.0,1.0,1) Assoc w R,p.A46V
Pyrazinamide,pncA,pncA_p.Thr160Lys,1.0,0.0,2) Assoc w R - Interim,p.T160K
Pyrazinamide,pncA,pncA_p.Val130Met,,,2) Assoc w R - Interim,p.V130M
Pyrazinamide,clpC1,clpC1_p.Ala757Val,1.0,0.0,3) Uncertain significance,p.A757V
Pyrazinamide,pncA,pncA_p.Gly97Val,3.0,0.0,1) Assoc w R,p.G97V
Pyrazinamide,pncA,pncA_p.Thr160Arg,2.0,0.0,1) Assoc w R,p.T160R
Pyrazinamide,pncA,pncA_p.Met175Ile,3.0,3.0,1) Assoc w R,p.M175I
Pyrazinamide,pncA,pncA_p.Thr135Asn,2.0,0.0,1) Assoc w R,p.T135N
Pyrazinamide,pncA,pncA_p.Asp8His,2.0,0.0,1) Assoc w R,p.D8H
Pyrazinamide,pncA,pncA_p.Leu35Pro,5.0,3.0,1) Assoc w R,p.L35P
Pyrazinamide,pncA,pncA_p.Thr142Lys,2.0,0.0,1) Assoc w R,p.T142K
Pyrazinamide,panD,panD_p.Ile115Thr,4.0,8.0,3) Uncertain significance,p.I115T
Pyrazinamide,clpC1,clpC1_p.Arg737Trp,2.0,0.0,3) Uncertain significance,p.R737W
Pyrazinamide,pncA,pncA_p.Leu116Pro,6.0,2.0,1) Assoc w R,p.L116P
Pyrazinamide,pncA,pncA_p.Tyr95Asp,2.0,0.0,1) Assoc w R,p.Y95D
Pyrazinamide,pncA,pncA_p.Val163Ala,3.0,1.0,1) Assoc w R,p.V163A
Pyrazinamide,clpC1,clpC1_p.Met734Ile,2.0,2.0,3) Uncertain significance,p.M734I
Pyrazinamide,pncA,pncA_p.Cys72Tyr,2.0,0.0,1) Assoc w R,p.C72Y
Pyrazinamide,pncA,pncA_p.Val139Leu,2.0,1.0,1) Assoc w R,p.V139L
Pyrazinamide,pncA,pncA_p.Tyr34Ser,2.0,0.0,1) Assoc w R,p.Y34S
Pyrazinamide,pncA,pncA_p.Val7Ala,6.0,3.0,1) Assoc w R,p.V7A
Pyrazinamide,clpC1,clpC1_p.Glu327Val,1.0,0.0,3) Uncertain significance,p.E327V
Pyrazinamide,pncA,pncA_p.Phe106Leu,2.0,0.0,1) Assoc w R,p.F106L
Pyrazinamide,pncA,pncA_p.Trp68Leu,1.0,0.0,2) Assoc w R - Interim,p.W68L
Pyrazinamide,pncA,pncA_p.Thr114Pro,2.0,0.0,1) Assoc w R,p.T114P
Pyrazinamide,pncA,pncA_p.Ser104Ile,2.0,0.0,1) Assoc w R,p.S104I
Pyrazinamide,pncA,pncA_p.Tyr103Ser,2.0,0.0,1) Assoc w R,p.Y103S
Pyrazinamide,clpC1,clpC1_p.Gln346His,2.0,12.0,3) Uncertain significance,p.Q346H
Pyrazinamide,pncA,pncA_p.Ile6Ser,2.0,0.0,1) Assoc w R,p.I6S
Pyrazinamide,pncA,pncA_p.His57Gln,2.0,0.0,1) Assoc w R,p.H57Q
Pyrazinamide,pncA,pncA_p.Gly78Ser,2.0,1.0,1) Assoc w R,p.G78S
Pyrazinamide,pncA,pncA_p.Pro54Gln,3.0,1.0,1) Assoc w R,p.P54Q
Pyrazinamide,pncA,pncA_p.Ala171Pro,2.0,0.0,1) Assoc w R,p.A171P
Pyrazinamide,pncA,pncA_p.Arg121Pro,2.0,0.0,1) Assoc w R,p.R121P
Pyrazinamide,pncA,pncA_p.Leu156Pro,2.0,0.0,1) Assoc w R,p.L156P
Pyrazinamide,pncA,pncA_p.Asp136Val,2.0,0.0,1) Assoc w R,p.D136V
Pyrazinamide,pncA,pncA_p.Gly132Asp,2.0,0.0,1) Assoc w R,p.G132D
Pyrazinamide,pncA,pncA_p.Gly132Cys,2.0,0.0,1) Assoc w R,p.G132C
Pyrazinamide,pncA,pncA_p.Ala3Pro,1.0,0.0,3) Uncertain significance,p.A3P
Pyrazinamide,pncA,pncA_p.Ala102Leu,1.0,0.0,3) Uncertain significance,p.A102L
Pyrazinamide,pncA,pncA_p.Gly17Ala,1.0,0.0,3) Uncertain significance,p.G17A
Pyrazinamide,pncA,pncA_p.Cys14Tyr,1.0,0.0,3) Uncertain significance,p.C14Y
Pyrazinamide,pncA,pncA_p.Ala28Asp,1.0,0.0,3) Uncertain significance,p.A28D
Pyrazinamide,pncA,pncA_p.Asp136Ala,1.0,0.0,3) Uncertain significance,p.D136A
Pyrazinamide,pncA,pncA_p.Gln10Leu,1.0,0.0,3) Uncertain significance,p.Q10L
Pyrazinamide,pncA,pncA_p.Arg123Pro,1.0,0.0,3) Uncertain significance,p.R123P
Pyrazinamide,pncA,pncA_p.Val7Ile,,,3) Uncertain significance,p.V7I
Pyrazinamide,pncA,pncA_p.Pro62Gln,1.0,0.0,3) Uncertain significance,p.P62Q
Pyrazinamide,pncA,pncA_p.Leu172Arg,1.0,0.0,3) Uncertain significance,p.L172R
Pyrazinamide,pncA,pncA_p.Cys14Trp,2.0,1.0,1) Assoc w R,p.C14W
Pyrazinamide,pncA,pncA_p.Val180Asp,1.0,0.0,3) Uncertain significance,p.V180D
Pyrazinamide,pncA,pncA_p.Asp136Tyr,,,3) Uncertain significance,p.D136Y
Pyrazinamide,pncA,pncA_p.Ala134Gly,1.0,0.0,3) Uncertain significance,p.A134G
Pyrazinamide,pncA,pncA_p.Thr61Pro,4.0,3.0,1) Assoc w R,p.T61P
Pyrazinamide,pncA,pncA_p.Gly17Arg,1.0,0.0,3) Uncertain significance,p.G17R
Pyrazinamide,pncA,pncA_p.Asp63Val,1.0,0.0,3) Uncertain significance,p.D63V
Pyrazinamide,pncA,pncA_p.Ser32Ile,1.0,0.0,3) Uncertain significance,p.S32I
Pyrazinamide,pncA,pncA_p.Phe81Val,2.0,4.0,3) Uncertain significance,p.F81V
Pyrazinamide,pncA,pncA_p.Val93Met,1.0,0.0,3) Uncertain significance,p.V93M
Pyrazinamide,pncA,pncA_p.Pro54Thr,2.0,1.0,1) Assoc w R,p.P54T
Pyrazinamide,pncA,pncA_p.Ser59Phe,1.0,0.0,3) Uncertain significance,p.S59F
Pyrazinamide,pncA,pncA_p.Ala171Val,3.0,5.0,3) Uncertain significance,p.A171V
Pyrazinamide,pncA,pncA_p.Tyr64Asp,3.0,2.0,1) Assoc w R,p.Y64D
Pyrazinamide,pncA,pncA_p.Leu159Val,3.0,1.0,1) Assoc w R,p.L159V
Pyrazinamide,pncA,pncA_p.Asn11Ser,1.0,1.0,3) Uncertain significance,p.N11S
Pyrazinamide,pncA,pncA_p.Val9Ala,1.0,1.0,3) Uncertain significance,p.V9A
Pyrazinamide,pncA,pncA_p.Asp49Tyr,1.0,0.0,3) Uncertain significance,p.D49Y
Pyrazinamide,pncA,pncA_p.Asp129Asn,3.0,1.0,1) Assoc w R,p.D129N
Pyrazinamide,pncA,pncA_p.Pro69Thr,1.0,0.0,3) Uncertain significance,p.P69T
Pyrazinamide,pncA,pncA_p.Lys48Glu,2.0,1.0,1) Assoc w R,p.K48E
Pyrazinamide,pncA,pncA_p.Pro62Ser,3.0,1.0,1) Assoc w R,p.P62S
Pyrazinamide,pncA,pncA_p.Ser104Gly,2.0,1.0,1) Assoc w R,p.S104G
Pyrazinamide,pncA,pncA_p.Arg2Trp,,,3) Uncertain significance,p.R2W
Pyrazinamide,pncA,pncA_p.Arg2Pro,1.0,0.0,3) Uncertain significance,p.R2P
Pyrazinamide,pncA,pncA_p.Val45Gly,1.0,0.0,3) Uncertain significance,p.V45G
Pyrazinamide,pncA,pncA_p.Pro69Arg,1.0,0.0,3) Uncertain significance,p.P69R
Pyrazinamide,pncA,pncA_p.His57Pro,1.0,0.0,3) Uncertain significance,p.H57P
Pyrazinamide,pncA,pncA_p.Cys72Trp,1.0,0.0,3) Uncertain significance,p.C72W
Pyrazinamide,pncA,pncA_p.Cys138Ser,1.0,0.0,3) Uncertain significance,p.C138S
Pyrazinamide,pncA,pncA_p.Ala134Pro,1.0,0.0,3) Uncertain significance,p.A134P
Pyrazinamide,pncA,pncA_p.Asp136His,1.0,0.0,3) Uncertain significance,p.D136H
Pyrazinamide,pncA,pncA_p.Gly24Val,1.0,0.0,3) Uncertain significance,p.G24V
Pyrazinamide,pncA,pncA_p.Gly162Arg,1.0,0.0,3) Uncertain significance,p.G162R
Pyrazinamide,pncA,pncA_p.Ala161Gly,1.0,0.0,3) Uncertain significance,p.A161G
Pyrazinamide,pncA,pncA_p.Val180Leu,1.0,0.0,3) Uncertain significance,p.V180L
Pyrazinamide,pncA,pncA_p.Ala171Asp,1.0,0.0,3) Uncertain significance,p.A171D
Pyrazinamide,pncA,pncA_p.His82Asp,1.0,3.0,3) Uncertain significance,p.H82D
Pyrazinamide,pncA,pncA_p.Gln10Lys,1.0,0.0,3) Uncertain significance,p.Q10K
Pyrazinamide,pncA,pncA_p.Ile133Ser,1.0,0.0,3) Uncertain significance,p.I133S
Pyrazinamide,pncA,pncA_p.Val157Gly,1.0,0.0,3) Uncertain significance,p.V157G
Pyrazinamide,pncA,pncA_p.Ala161Pro,1.0,0.0,3) Uncertain significance,p.A161P
Pyrazinamide,pncA,pncA_p.Val93Gly,,,3) Uncertain significance,p.V93G
Pyrazinamide,pncA,pncA_p.Gly132Arg,1.0,0.0,3) Uncertain significance,p.G132R
Pyrazinamide,pncA,pncA_p.Lys96Met,1.0,0.0,3) Uncertain significance,p.K96M
Pyrazinamide,pncA,pncA_p.Phe58Val,3.0,12.0,3) Uncertain significance,p.F58V
Pyrazinamide,pncA,pncA_p.Ala102Thr,2.0,2.0,1) Assoc w R,p.A102T
Pyrazinamide,pncA,pncA_p.Thr167Ile,1.0,2.0,3) Uncertain significance,p.T167I
Pyrazinamide,pncA,pncA_p.Cys72Phe,1.0,0.0,3) Uncertain significance,p.C72F
Pyrazinamide,pncA,pncA_p.Tyr103Asp,2.0,1.0,1) Assoc w R,p.Y103D
Pyrazinamide,pncA,pncA_p.Ala46Thr,2.0,2.0,3) Uncertain significance,p.A46T
Pyrazinamide,pncA,pncA_p.His71Gln,1.0,0.0,3) Uncertain significance,p.H71Q
Pyrazinamide,clpC1,clpC1_p.Glu161Asp,1.0,0.0,3) Uncertain significance,p.E161D
Pyrazinamide,pncA,pncA_p.Thr100Ile,3.0,1.0,3) Uncertain significance,p.T100I
Pyrazinamide,pncA,pncA_p.Ile133Asn,1.0,0.0,3) Uncertain significance,p.I133N
Pyrazinamide,pncA,pncA_p.Leu182Phe,,,3) Uncertain significance,p.L182F
Pyrazinamide,pncA,pncA_p.Asp145Glu,1.0,0.0,3) Uncertain significance,p.D145E
Pyrazinamide,panD,panD_p.Thr14Met,1.0,0.0,3) Uncertain significance,p.T14M
Pyrazinamide,pncA,pncA_p.His137Asn,1.0,1.0,3) Uncertain significance,p.H137N
Pyrazinamide,pncA,pncA_p.Val155Ala,2.0,2.0,3) Uncertain significance,p.V155A
Pyrazinamide,pncA,pncA_p.Val93Ala,2.0,2.0,3) Uncertain significance,p.V93A
Pyrazinamide,pncA,pncA_p.Thr160Ala,3.0,3.0,3) Uncertain significance,p.T160A
Pyrazinamide,pncA,pncA_p.Gly78Cys,1.0,1.0,3) Uncertain significance,p.G78C
Pyrazinamide,pncA,pncA_p.Pro69Ser,1.0,2.0,3) Uncertain significance,p.P69S
Pyrazinamide,panD,panD_p.Pro134Ser,1.0,7.0,3) Uncertain significance,p.P134S
Pyrazinamide,clpC1,clpC1_p.Ile627Leu,1.0,0.0,3) Uncertain significance,p.I627L
Pyrazinamide,clpC1,clpC1_p.Gly471Asp,1.0,1.0,3) Uncertain significance,p.G471D
Pyrazinamide,pncA,pncA_p.Ala171Thr,1.0,1.0,3) Uncertain significance,p.A171T
Pyrazinamide,pncA,pncA_p.Leu35Arg,4.0,30.0,3) Uncertain significance,p.L35R
Pyrazinamide,clpC1,clpC1_p.Glu405Asp,1.0,0.0,3) Uncertain significance,p.E405D
Pyrazinamide,pncA,pncA_p.Ile31Thr,1.0,2.0,2) Assoc w R - Interim,p.I31T
Pyrazinamide,pncA,pncA_p.Ser67Trp,1.0,2.0,3) Uncertain significance,p.S67W
Pyrazinamide,clpC1,clpC1_p.Gly58Ala,1.0,0.0,3) Uncertain significance,p.G58A
Pyrazinamide,pncA,pncA_p.Trp68Ser,1.0,1.0,3) Uncertain significance,p.W68S
Pyrazinamide,pncA,pncA_p.His137Arg,2.0,5.0,3) Uncertain significance,p.H137R
Pyrazinamide,clpC1,clpC1_p.Ile78Met,1.0,0.0,3) Uncertain significance,p.I78M
Pyrazinamide,pncA,pncA_p.Ile5Thr,1.0,2.0,3) Uncertain significance,p.I5T
Pyrazinamide,panD,panD_p.Asp50Asn,1.0,15.0,3) Uncertain significance,p.D50N
Pyrazinamide,pncA,pncA_p.Gly17Val,1.0,1.0,3) Uncertain significance,p.G17V
Pyrazinamide,pncA,pncA_p.Asp136Asn,1.0,3.0,3) Uncertain significance,p.D136N
Pyrazinamide,panD,panD_p.Asp34Gly,1.0,0.0,3) Uncertain significance,p.D34G
Pyrazinamide,pncA,pncA_p.Glu174Asp,1.0,0.0,3) Uncertain significance,p.E174D
Pyrazinamide,clpC1,clpC1_p.Thr819Ser,1.0,0.0,3) Uncertain significance,p.T819S
Pyrazinamide,clpC1,clpC1_p.Val44Phe,1.0,0.0,3) Uncertain significance,p.V44F
Pyrazinamide,clpC1,clpC1_p.Glu810Gly,1.0,2.0,3) Uncertain significance,p.E810G
Pyrazinamide,pncA,pncA_p.Phe106Ile,1.0,2.0,3) Uncertain significance,p.F106I
Pyrazinamide,pncA,pncA_p.Val163Gly,1.0,2.0,3) Uncertain significance,p.V163G
Pyrazinamide,clpC1,clpC1_p.Val718Ile,1.0,0.0,3) Uncertain significance,p.V718I
Pyrazinamide,clpC1,clpC1_p.Arg451His,2.0,0.0,3) Uncertain significance,p.R451H
Pyrazinamide,panD,panD_p.Ser8Ala,1.0,0.0,3) Uncertain significance,p.S8A
Pyrazinamide,clpC1,clpC1_p.Ile286Val,1.0,0.0,3) Uncertain significance,p.I286V
Pyrazinamide,clpC1,clpC1_p.Phe595Cys,,,3) Uncertain significance,p.F595C
Pyrazinamide,clpC1,clpC1_p.Leu402Val,1.0,0.0,3) Uncertain significance,p.L402V
Pyrazinamide,clpC1,clpC1_p.Arg432Gly,,,3) Uncertain significance,p.R432G
Pyrazinamide,panD,panD_p.Asp109Asn,3.0,1.0,3) Uncertain significance,p.D109N
Pyrazinamide,pncA,pncA_p.Thr135Ala,0.0,1.0,3) Uncertain significance,p.T135A
Pyrazinamide,pncA,pncA_p.Asn11His,1.0,0.0,3) Uncertain significance,p.N11H
Pyrazinamide,pncA,pncA_p.Asp56His,0.0,1.0,3) Uncertain significance,p.D56H
Pyrazinamide,clpC1,clpC1_p.Val345Leu,1.0,1.0,3) Uncertain significance,p.V345L
Pyrazinamide,clpC1,clpC1_p.Arg506Gly,0.0,1.0,3) Uncertain significance,p.R506G
Pyrazinamide,clpC1,clpC1_p.Ala828Val,0.0,2.0,3) Uncertain significance,p.A828V
Pyrazinamide,clpC1,clpC1_p.Arg413Leu,0.0,1.0,3) Uncertain significance,p.R413L
Pyrazinamide,clpC1,clpC1_p.Lys186Asn,0.0,1.0,3) Uncertain significance,p.K186N
Pyrazinamide,panD,panD_p.Met5Ile,0.0,1.0,3) Uncertain significance,p.M5I
Pyrazinamide,clpC1,clpC1_p.Val794Phe,0.0,1.0,3) Uncertain significance,p.V794F
Pyrazinamide,clpC1,clpC1_p.Glu478Lys,0.0,1.0,3) Uncertain significance,p.E478K
Pyrazinamide,clpC1,clpC1_p.Ala567Thr,0.0,1.0,3) Uncertain significance,p.A567T
Pyrazinamide,pncA,pncA_p.Glu37Val,0.0,1.0,3) Uncertain significance,p.E37V
Pyrazinamide,clpC1,clpC1_p.Glu612Asp,0.0,1.0,3) Uncertain significance,p.E612D
Pyrazinamide,clpC1,clpC1_p.Arg729Gly,0.0,1.0,3) Uncertain significance,p.R729G
Pyrazinamide,clpC1,clpC1_p.Ile727Thr,0.0,1.0,3) Uncertain significance,p.I727T
Pyrazinamide,clpC1,clpC1_p.His235Tyr,1.0,1.0,3) Uncertain significance,p.H235Y
Pyrazinamide,clpC1,clpC1_p.Glu426Gly,0.0,1.0,3) Uncertain significance,p.E426G
Pyrazinamide,clpC1,clpC1_p.Ile412Leu,0.0,1.0,3) Uncertain significance,p.I412L
Pyrazinamide,pncA,pncA_p.Arg140Gly,0.0,1.0,3) Uncertain significance,p.R140G
Pyrazinamide,pncA,pncA_p.Cys14Phe,0.0,1.0,3) Uncertain significance,p.C14F
Pyrazinamide,clpC1,clpC1_p.Arg509Gly,0.0,1.0,3) Uncertain significance,p.R509G
Pyrazinamide,clpC1,clpC1_p.Arg388Leu,0.0,1.0,3) Uncertain significance,p.R388L
Pyrazinamide,pncA,pncA_p.Thr76Ala,0.0,1.0,3) Uncertain significance,p.T76A
Pyrazinamide,panD,panD_p.Asp50Glu,0.0,1.0,3) Uncertain significance,p.D50E
Pyrazinamide,clpC1,clpC1_p.Arg536Gln,0.0,1.0,3) Uncertain significance,p.R536Q
Pyrazinamide,clpC1,clpC1_p.Arg453Gln,0.0,1.0,3) Uncertain significance,p.R453Q
Pyrazinamide,clpC1,clpC1_p.Asp753Val,0.0,1.0,3) Uncertain significance,p.D753V
Pyrazinamide,pncA,pncA_p.Thr153Pro,0.0,1.0,3) Uncertain significance,p.T153P
Pyrazinamide,clpC1,clpC1_p.Arg724Ser,0.0,1.0,3) Uncertain significance,p.R724S
Pyrazinamide,clpC1,clpC1_p.Asp443Ala,0.0,1.0,3) Uncertain significance,p.D443A
Pyrazinamide,clpC1,clpC1_p.Glu463Lys,0.0,1.0,3) Uncertain significance,p.E463K
Pyrazinamide,panD,panD_p.Thr4Ala,0.0,1.0,3) Uncertain significance,p.T4A
Pyrazinamide,clpC1,clpC1_p.Ile139Val,0.0,1.0,3) Uncertain significance,p.I139V
Pyrazinamide,clpC1,clpC1_p.Ala232Thr,0.0,1.0,3) Uncertain significance,p.A232T
Pyrazinamide,clpC1,clpC1_p.Ala527Val,0.0,1.0,3) Uncertain significance,p.A527V
Pyrazinamide,clpC1,clpC1_p.Asp656Gly,0.0,1.0,3) Uncertain significance,p.D656G
Pyrazinamide,pncA,pncA_p.Ala143Val,0.0,1.0,3) Uncertain significance,p.A143V
Pyrazinamide,clpC1,clpC1_p.Asp783His,0.0,1.0,3) Uncertain significance,p.D783H
Pyrazinamide,pncA,pncA_p.Glu107Gly,0.0,1.0,3) Uncertain significance,p.E107G
Pyrazinamide,clpC1,clpC1_p.Thr654Met,0.0,1.0,3) Uncertain significance,p.T654M
Pyrazinamide,pncA,pncA_p.Val157Ala,0.0,1.0,3) Uncertain significance,p.V157A
Pyrazinamide,clpC1,clpC1_p.Val525Phe,0.0,1.0,3) Uncertain significance,p.V525F
Pyrazinamide,pncA,pncA_p.Val163Leu,0.0,1.0,3) Uncertain significance,p.V163L
Pyrazinamide,clpC1,clpC1_p.Ile634Val,0.0,1.0,3) Uncertain significance,p.I634V
Pyrazinamide,clpC1,clpC1_p.Lys743Asn,0.0,1.0,3) Uncertain significance,p.K743N
Pyrazinamide,panD,panD_p.Pro134Ala,0.0,1.0,3) Uncertain significance,p.P134A
Pyrazinamide,clpC1,clpC1_p.Thr278Ser,0.0,1.0,3) Uncertain significance,p.T278S
Pyrazinamide,clpC1,clpC1_p.Val170Leu,0.0,1.0,3) Uncertain significance,p.V170L
Pyrazinamide,clpC1,clpC1_p.Ala232Asp,0.0,1.0,3) Uncertain significance,p.A232D
Pyrazinamide,pncA,pncA_p.Gly17Ser,0.0,1.0,3) Uncertain significance,p.G17S
Pyrazinamide,clpC1,clpC1_p.Asp326Ala,0.0,1.0,3) Uncertain significance,p.D326A
Pyrazinamide,pncA,pncA_p.Leu4Phe,0.0,1.0,3) Uncertain significance,p.L4F
Pyrazinamide,clpC1,clpC1_p.Ile412Ser,0.0,1.0,3) Uncertain significance,p.I412S
Pyrazinamide,pncA,pncA_p.Ala26Val,,,3) Uncertain significance,p.A26V
Pyrazinamide,clpC1,clpC1_p.Phe342Leu,0.0,1.0,3) Uncertain significance,p.F342L
Pyrazinamide,clpC1,clpC1_p.Lys360Asn,0.0,1.0,3) Uncertain significance,p.K360N
Pyrazinamide,clpC1,clpC1_p.Pro766Leu,1.0,15.0,3) Uncertain significance,p.P766L
Pyrazinamide,clpC1,clpC1_p.Glu367Gln,0.0,1.0,3) Uncertain significance,p.E367Q
Pyrazinamide,panD,panD_p.Ala98Thr,0.0,1.0,3) Uncertain significance,p.A98T
Pyrazinamide,clpC1,clpC1_p.Ala368Glu,0.0,1.0,3) Uncertain significance,p.A368E
Pyrazinamide,clpC1,clpC1_p.Ile320Val,0.0,1.0,3) Uncertain significance,p.I320V
Pyrazinamide,clpC1,clpC1_p.His515Arg,0.0,1.0,3) Uncertain significance,p.H515R
Pyrazinamide,pncA,pncA_p.Ser104Thr,,,3) Uncertain significance,p.S104T
Pyrazinamide,pncA,pncA_p.Glu37Ala,0.0,1.0,3) Uncertain significance,p.E37A
Pyrazinamide,pncA,pncA_p.Phe81Ser,0.0,1.0,3) Uncertain significance,p.F81S
Pyrazinamide,clpC1,clpC1_p.Glu430Asp,0.0,1.0,3) Uncertain significance,p.E430D
Pyrazinamide,clpC1,clpC1_p.Ala377Thr,0.0,1.0,3) Uncertain significance,p.A377T
Pyrazinamide,pncA,pncA_p.Arg2Gln,0.0,1.0,3) Uncertain significance,p.R2Q
Pyrazinamide,clpC1,clpC1_p.Glu434Lys,0.0,1.0,3) Uncertain significance,p.E434K
Pyrazinamide,clpC1,clpC1_p.Gly159Arg,0.0,1.0,3) Uncertain significance,p.G159R
Pyrazinamide,clpC1,clpC1_p.Thr249Met,0.0,1.0,3) Uncertain significance,p.T249M
Pyrazinamide,clpC1,clpC1_p.Ala531Ser,0.0,1.0,3) Uncertain significance,p.A531S
Pyrazinamide,clpC1,clpC1_p.Lys195Thr,0.0,1.0,3) Uncertain significance,p.K195T
Pyrazinamide,pncA,pncA_p.Phe94Tyr,,,3) Uncertain significance,p.F94Y
Pyrazinamide,pncA,pncA_p.Arg2Leu,,,3) Uncertain significance,p.R2L
Pyrazinamide,pncA,pncA_p.His137Tyr,0.0,1.0,3) Uncertain significance,p.H137Y
Pyrazinamide,clpC1,clpC1_p.Arg60Cys,0.0,1.0,3) Uncertain significance,p.R60C
Pyrazinamide,pncA,pncA_p.Gly105Ser,,,3) Uncertain significance,p.G105S
Pyrazinamide,pncA,pncA_p.Asp136Glu,0.0,1.0,3) Uncertain significance,p.D136E
Pyrazinamide,pncA,pncA_p.Val128Ile,0.0,1.0,3) Uncertain significance,p.V128I
Pyrazinamide,panD,panD_p.Leu132Pro,0.0,1.0,3) Uncertain significance,p.L132P
Pyrazinamide,pncA,pncA_p.Arg140Ser,1.0,1.0,3) Uncertain significance,p.R140S
Pyrazinamide,clpC1,clpC1_p.Ala232Val,0.0,1.0,3) Uncertain significance,p.A232V
Pyrazinamide,pncA,pncA_p.Val155Leu,0.0,1.0,3) Uncertain significance,p.V155L
Pyrazinamide,panD,panD_p.Ala96Val,0.0,2.0,3) Uncertain significance,p.A96V
Pyrazinamide,panD,panD_p.Asp37Glu,0.0,1.0,3) Uncertain significance,p.D37E
Pyrazinamide,panD,panD_p.Thr100Pro,0.0,1.0,3) Uncertain significance,p.T100P
Pyrazinamide,clpC1,clpC1_p.Lys825Glu,0.0,1.0,3) Uncertain significance,p.K825E
Pyrazinamide,clpC1,clpC1_p.Ile403Val,0.0,1.0,3) Uncertain significance,p.I403V
Pyrazinamide,pncA,pncA_p.Arg148Ser,0.0,1.0,3) Uncertain significance,p.R148S
Pyrazinamide,panD,panD_p.Arg135Gly,0.0,1.0,3) Uncertain significance,p.R135G
Pyrazinamide,clpC1,clpC1_p.Arg848Leu,0.0,1.0,3) Uncertain significance,p.R848L
Pyrazinamide,clpC1,clpC1_p.Tyr248Cys,0.0,1.0,3) Uncertain significance,p.Y248C
Pyrazinamide,clpC1,clpC1_p.Ala181Ser,,,3) Uncertain significance,p.A181S
Pyrazinamide,clpC1,clpC1_p.Asp244Asn,0.0,2.0,3) Uncertain significance,p.D244N
Pyrazinamide,pncA,pncA_p.Ile6Val,0.0,1.0,3) Uncertain significance,p.I6V
Pyrazinamide,pncA,pncA_p.Ala30Val,0.0,2.0,3) Uncertain significance,p.A30V
Pyrazinamide,panD,panD_p.Gln43Arg,0.0,1.0,3) Uncertain significance,p.Q43R
Pyrazinamide,clpC1,clpC1_p.Gly813Asp,0.0,1.0,3) Uncertain significance,p.G813D
Pyrazinamide,panD,panD_p.Arg99Gly,0.0,1.0,3) Uncertain significance,p.R99G
Pyrazinamide,clpC1,clpC1_p.Gln246Arg,0.0,1.0,3) Uncertain significance,p.Q246R
Pyrazinamide,pncA,pncA_p.Arg29Ser,0.0,1.0,3) Uncertain significance,p.R29S
Pyrazinamide,pncA,pncA_p.Asp80Val,0.0,1.0,3) Uncertain significance,p.D80V
Pyrazinamide,pncA,pncA_p.Asp110Gly,0.0,1.0,3) Uncertain significance,p.D110G
Pyrazinamide,clpC1,clpC1_p.Val677Ile,0.0,1.0,3) Uncertain significance,p.V677I
Pyrazinamide,panD,panD_p.Gly139Arg,0.0,1.0,3) Uncertain significance,p.G139R
Pyrazinamide,clpC1,clpC1_p.Pro796Gln,0.0,2.0,3) Uncertain significance,p.P796Q
Pyrazinamide,pncA,pncA_p.Asn149Asp,0.0,1.0,3) Uncertain significance,p.N149D
Pyrazinamide,pncA,pncA_p.Asp86Gly,0.0,1.0,3) Uncertain significance,p.D86G
Pyrazinamide,clpC1,clpC1_p.Met693Ile,0.0,1.0,3) Uncertain significance,p.M693I
Pyrazinamide,pncA,pncA_p.Gly162Ser,0.0,1.0,3) Uncertain significance,p.G162S
Pyrazinamide,pncA,pncA_p.His137Gln,0.0,2.0,3) Uncertain significance,p.H137Q
Pyrazinamide,pncA,pncA_p.Val163Met,0.0,1.0,3) Uncertain significance,p.V163M
Pyrazinamide,pncA,pncA_p.Val125Asp,0.0,1.0,3) Uncertain significance,p.V125D
Pyrazinamide,clpC1,clpC1_p.His631Asn,0.0,1.0,3) Uncertain significance,p.H631N
Pyrazinamide,clpC1,clpC1_p.Lys743Thr,0.0,1.0,3) Uncertain significance,p.K743T
Pyrazinamide,clpC1,clpC1_p.Gln146Arg,0.0,1.0,3) Uncertain significance,p.Q146R
Pyrazinamide,clpC1,clpC1_p.Val817Met,0.0,1.0,3) Uncertain significance,p.V817M
Pyrazinamide,clpC1,clpC1_p.Thr179Met,0.0,1.0,3) Uncertain significance,p.T179M
Pyrazinamide,pncA,pncA_p.Ala171Gly,,,3) Uncertain significance,p.A171G
Pyrazinamide,clpC1,clpC1_p.Lys694Glu,0.0,1.0,3) Uncertain significance,p.K694E
Pyrazinamide,clpC1,clpC1_p.Met379Leu,0.0,1.0,3) Uncertain significance,p.M379L
Pyrazinamide,pncA,pncA_p.Val125Ile,0.0,2.0,3) Uncertain significance,p.V125I
Pyrazinamide,pncA,pncA_p.Ser179Ile,0.0,1.0,3) Uncertain significance,p.S179I
Pyrazinamide,clpC1,clpC1_p.Pro74Leu,,,3) Uncertain significance,p.P74L
Pyrazinamide,clpC1,clpC1_p.Phe657Val,0.0,2.0,3) Uncertain significance,p.F657V
Pyrazinamide,clpC1,clpC1_p.Leu204Val,0.0,2.0,3) Uncertain significance,p.L204V
Pyrazinamide,clpC1,clpC1_p.Leu273Val,,,3) Uncertain significance,p.L273V
Pyrazinamide,pncA,pncA_p.Leu19Arg,0.0,1.0,3) Uncertain significance,p.L19R
Pyrazinamide,clpC1,clpC1_p.Lys270Arg,1.0,16.0,3) Uncertain significance,p.K270R
Pyrazinamide,pncA,pncA_p.Asp158Asn,0.0,1.0,3) Uncertain significance,p.D158N
Pyrazinamide,clpC1,clpC1_p.Glu184Lys,0.0,3.0,3) Uncertain significance,p.E184K
Pyrazinamide,clpC1,clpC1_p.Gln579Arg,0.0,1.0,3) Uncertain significance,p.Q579R
Pyrazinamide,panD,panD_p.Gly137Val,0.0,1.0,3) Uncertain significance,p.G137V
Pyrazinamide,clpC1,clpC1_p.Gly822Ser,0.0,1.0,3) Uncertain significance,p.G822S
Pyrazinamide,pncA,pncA_p.Asp129Gly,,,3) Uncertain significance,p.D129G
Pyrazinamide,pncA,pncA_p.Tyr41Cys,,,3) Uncertain significance,p.Y41C
Pyrazinamide,clpC1,clpC1_p.Ile550Val,0.0,2.0,3) Uncertain significance,p.I550V
Pyrazinamide,clpC1,clpC1_p.Glu792Gly,0.0,1.0,3) Uncertain significance,p.E792G
Pyrazinamide,clpC1,clpC1_p.Ala151Thr,0.0,2.0,3) Uncertain significance,p.A151T
Pyrazinamide,pncA,pncA_p.Thr135Ile,0.0,2.0,3) Uncertain significance,p.T135I
Pyrazinamide,clpC1,clpC1_p.Thr208Ile,0.0,5.0,3) Uncertain significance,p.T208I
Pyrazinamide,pncA,pncA_p.Thr167Pro,0.0,3.0,3) Uncertain significance,p.T167P
Pyrazinamide,pncA,pncA_p.Pro115Ser,0.0,2.0,3) Uncertain significance,p.P115S
Pyrazinamide,clpC1,clpC1_p.Tyr690Ser,0.0,1.0,3) Uncertain significance,p.Y690S
Pyrazinamide,clpC1,clpC1_p.Glu793Lys,0.0,2.0,3) Uncertain significance,p.E793K
Pyrazinamide,pncA,pncA_p.Pro77Leu,0.0,1.0,3) Uncertain significance,p.P77L
Pyrazinamide,panD,panD_p.Pro81Leu,0.0,2.0,3) Uncertain significance,p.P81L
Pyrazinamide,clpC1,clpC1_p.Gln784Pro,0.0,1.0,3) Uncertain significance,p.Q784P
Pyrazinamide,panD,panD_p.Ala96Thr,0.0,3.0,3) Uncertain significance,p.A96T
Pyrazinamide,pncA,pncA_p.Val45Ala,0.0,1.0,3) Uncertain significance,p.V45A
Pyrazinamide,clpC1,clpC1_p.Gln97Arg,0.0,1.0,3) Uncertain significance,p.Q97R
Pyrazinamide,pncA,pncA_p.Ala36Pro,,,3) Uncertain significance,p.A36P
Pyrazinamide,pncA,pncA_p.Asp63Glu,0.0,1.0,3) Uncertain significance,p.D63E
Pyrazinamide,pncA,pncA_p.Tyr99Cys,0.0,1.0,3) Uncertain significance,p.Y99C
Pyrazinamide,panD,panD_p.Val15Ala,0.0,2.0,3) Uncertain significance,p.V15A
Pyrazinamide,clpC1,clpC1_p.Ala755Thr,0.0,2.0,3) Uncertain significance,p.A755T
Pyrazinamide,panD,panD_p.Arg104Gln,0.0,1.0,3) Uncertain significance,p.R104Q
Pyrazinamide,pncA,pncA_p.Pro115Leu,0.0,2.0,3) Uncertain significance,p.P115L
Pyrazinamide,pncA,pncA_p.Leu27Gln,0.0,1.0,3) Uncertain significance,p.L27Q
Pyrazinamide,clpC1,clpC1_p.Ala591Val,0.0,7.0,3) Uncertain significance,p.A591V
Pyrazinamide,clpC1,clpC1_p.Glu240Lys,0.0,2.0,3) Uncertain significance,p.E240K
Pyrazinamide,clpC1,clpC1_p.Leu273Ile,0.0,1.0,3) Uncertain significance,p.L273I
Pyrazinamide,pncA,pncA_p.Gly124Ser,0.0,1.0,3) Uncertain significance,p.G124S
Pyrazinamide,clpC1,clpC1_p.Val602Ile,0.0,1.0,3) Uncertain significance,p.V602I
Pyrazinamide,pncA,pncA_p.Ser66Ala,0.0,1.0,3) Uncertain significance,p.S66A
Pyrazinamide,pncA,pncA_p.His43Tyr,0.0,2.0,3) Uncertain significance,p.H43Y
Pyrazinamide,pncA,pncA_p.Ala79Thr,0.0,3.0,3) Uncertain significance,p.A79T
Pyrazinamide,pncA,pncA_p.Thr47Ile,0.0,2.0,3) Uncertain significance,p.T47I
Pyrazinamide,pncA,pncA_p.Val183Leu,0.0,2.0,3) Uncertain significance,p.V183L
Pyrazinamide,pncA,pncA_p.Ser18Pro,0.0,1.0,3) Uncertain significance,p.S18P
Pyrazinamide,clpC1,clpC1_p.Leu566Val,0.0,1.0,3) Uncertain significance,p.L566V
Pyrazinamide,pncA,pncA_p.Thr114Met,0.0,3.0,3) Uncertain significance,p.T114M
Pyrazinamide,pncA,pncA_p.Ala143Thr,0.0,1.0,3) Uncertain significance,p.A143T
Pyrazinamide,pncA,pncA_p.Pro54Ala,0.0,1.0,3) Uncertain significance,p.P54A
Pyrazinamide,pncA,pncA_p.Val109Gly,0.0,2.0,3) Uncertain significance,p.V109G
Pyrazinamide,clpC1,clpC1_p.Asp699Ala,0.0,2.0,3) Uncertain significance,p.D699A
Pyrazinamide,pncA,pncA_p.Ala79Val,0.0,2.0,3) Uncertain significance,p.A79V
Pyrazinamide,clpC1,clpC1_p.Asp656Asn,0.0,3.0,3) Uncertain significance,p.D656N
Pyrazinamide,clpC1,clpC1_p.Ala816Val,0.0,3.0,3) Uncertain significance,p.A816V
Pyrazinamide,pncA,pncA_p.Val45Met,0.0,2.0,3) Uncertain significance,p.V45M
Pyrazinamide,clpC1,clpC1_p.Pro419Leu,0.0,2.0,3) Uncertain significance,p.P419L
Pyrazinamide,pncA,pncA_p.Thr168Ile,0.0,3.0,3) Uncertain significance,p.T168I
Pyrazinamide,panD,panD_p.Ala122Thr,0.0,1.0,3) Uncertain significance,p.A122T
Pyrazinamide,clpC1,clpC1_p.Ala567Val,0.0,1.0,3) Uncertain significance,p.A567V
Pyrazinamide,pncA,pncA_p.Leu116Val,0.0,2.0,3) Uncertain significance,p.L116V
Pyrazinamide,pncA,pncA_p.Lys48Asn,0.0,1.0,3) Uncertain significance,p.K48N
Pyrazinamide,clpC1,clpC1_p.Gly686Ser,0.0,5.0,3) Uncertain significance,p.G686S
Pyrazinamide,pncA,pncA_p.Ser65Pro,0.0,2.0,3) Uncertain significance,p.S65P
Pyrazinamide,pncA,pncA_p.Leu151Trp,0.0,2.0,3) Uncertain significance,p.L151W
Pyrazinamide,clpC1,clpC1_p.Pro796Ala,0.0,5.0,3) Uncertain significance,p.P796A
Pyrazinamide,clpC1,clpC1_p.Glu793Gln,0.0,2.0,3) Uncertain significance,p.E793Q
Pyrazinamide,pncA,pncA_p.Val157Leu,0.0,2.0,3) Uncertain significance,p.V157L
Pyrazinamide,pncA,pncA_p.Glu15Gly,0.0,3.0,3) Uncertain significance,p.E15G
Pyrazinamide,panD,panD_p.Asp116Gly,0.0,5.0,3) Uncertain significance,p.D116G
Pyrazinamide,clpC1,clpC1_p.Arg737Leu,0.0,3.0,3) Uncertain significance,p.R737L
Pyrazinamide,clpC1,clpC1_p.Leu473Val,0.0,4.0,3) Uncertain significance,p.L473V
Pyrazinamide,clpC1,clpC1_p.Asp474Gly,0.0,3.0,3) Uncertain significance,p.D474G
Pyrazinamide,clpC1,clpC1_p.Ile215Val,2.0,13.0,3) Uncertain significance,p.I215V
Pyrazinamide,pncA,pncA_p.Ile6Leu,1.0,18.0,4) Not assoc w R - Interim,p.I6L
Pyrazinamide,pncA,pncA_p.Thr87Met,0.0,17.0,4) Not assoc w R - Interim,p.T87M
Pyrazinamide,clpC1,clpC1_p.Asp474His,0.0,10.0,3) Uncertain significance,p.D474H
Pyrazinamide,panD,panD_p.Arg97Trp,0.0,12.0,3) Uncertain significance,p.R97W
Pyrazinamide,clpC1,clpC1_p.Pro796Leu,17.0,178.0,3) Uncertain significance,p.P796L
Pyrazinamide,panD,panD_p.Ile49Val,0.0,7.0,3) Uncertain significance,p.I49V
Pyrazinamide,pncA,pncA_p.Ser66Leu,0.0,8.0,3) Uncertain significance,p.S66L
Pyrazinamide,pncA,pncA_p.Val21Ala,1.0,7.0,5) Not assoc w R,p.V21A
Pyrazinamide,clpC1,clpC1_p.Asp326Asn,30.0,427.0,3) Uncertain significance,p.D326N
Pyrazinamide,clpC1,clpC1_p.Ile673Val,,,3) Uncertain significance,p.I673V
Pyrazinamide,clpC1,clpC1_p.Met379Ile,,,3) Uncertain significance,p.M379I
Pyrazinamide,clpC1,clpC1_p.Pro79Thr,,,3) Uncertain significance,p.P79T
Pyrazinamide,panD,panD_p.Asp31Glu,,,3) Uncertain significance,p.D31E
Pyrazinamide,panD,panD_p.Ile60Thr,,,3) Uncertain significance,p.I60T
Pyrazinamide,pncA,pncA_p.Asp145Tyr,,,3) Uncertain significance,p.D145Y
Rifampicin,rpoB,rpoB_p.Ser450Leu,7393.0,96.0,1) Assoc w R,p.S450L
Rifampicin,rpoB,rpoB_p.Asp435Val,682.0,9.0,1) Assoc w R,p.D435V
Rifampicin,rpoB,rpoB_p.His445Asp,380.0,5.0,1) Assoc w R,p.H445D
Rifampicin,rpoB,rpoB_p.His445Tyr,446.0,10.0,1) Assoc w R,p.H445Y
Rifampicin,rpoB,rpoB_p.Ser450Trp,193.0,4.0,1) Assoc w R,p.S450W
Rifampicin,rpoB,rpoB_p.Ser450Phe,172.0,1.0,1) Assoc w R,p.S450F
Rifampicin,rpoB,rpoB_p.Asp435Tyr,218.0,70.0,1) Assoc w R,p.D435Y
Rifampicin,rpoB,rpoB_p.His445Leu,141.0,10.0,1) Assoc w R,p.H445L
Rifampicin,rpoB,rpoB_p.His445Arg,99.0,2.0,1) Assoc w R,p.H445R
Rifampicin,rpoB,rpoB_p.Leu452Pro,181.0,57.0,1) Assoc w R,p.L452P
Rifampicin,rpoB,rpoB_p.Val170Phe,60.0,1.0,1) Assoc w R,p.V170F
Rifampicin,rpoB,rpoB_p.Gln432Pro,56.0,0.0,1) Assoc w R,p.Q432P
Rifampicin,rpoB,rpoB_p.Ile491Phe,69.0,73.0,1) Assoc w R,p.I491F
Rifampicin,rpoB,rpoB_p.Leu430Pro,154.0,111.0,1) Assoc w R,p.L430P
Rifampicin,rpoB,rpoB_p.His445Cys,46.0,6.0,1) Assoc w R,p.H445C
Rifampicin,rpoB,rpoB_p.Gln432Lys,36.0,0.0,1) Assoc w R,p.Q432K
Rifampicin,rpoB,rpoB_p.Asp435Gly,89.0,3.0,1) Assoc w R,p.D435G
Rifampicin,rpoB,rpoB_p.Asp435Phe,32.0,4.0,1) Assoc w R,p.D435F
Rifampicin,rpoB,rpoB_p.Ser441Leu,24.0,0.0,1) Assoc w R,p.S441L
Rifampicin,rpoB,rpoB_p.His445Asn,110.0,49.0,1) Assoc w R,p.H445N
Rifampicin,rpoB,rpoB_p.Ser441Gln,29.0,2.0,1) Assoc w R,p.S441Q
Rifampicin,rpoB,rpoB_p.Gln432Leu,18.0,1.0,1) Assoc w R,p.Q432L
Rifampicin,rpoB,rpoB_p.Ser450Gln,5.0,0.0,1) Assoc w R,p.S450Q
Rifampicin,rpoB,rpoB_p.Ile491Leu,10.0,0.0,1) Assoc w R,p.I491L
Rifampicin,rpoB,rpoB_p.Met434Ile,22.0,2.0,1) Assoc w R,p.M434I
Rifampicin,rpoB,rpoB_p.Asp435Glu,19.0,0.0,1) Assoc w R,p.D435E
Rifampicin,rpoB,rpoB_p.His835Arg,42.0,0.0,3) Uncertain significance,p.H835R
Rifampicin,rpoB,rpoB_p.His445Pro,6.0,0.0,1) Assoc w R,p.H445P
Rifampicin,rpoB,rpoB_p.Ser450Tyr,9.0,0.0,1) Assoc w R,p.S450Y
Rifampicin,rpoB,rpoB_p.Val496Met,13.0,0.0,3) Uncertain significance,p.V496M
Rifampicin,rpoB,rpoB_p.Pro45Ser,41.0,0.0,3) Uncertain significance,p.P45S
Rifampicin,rpoB,rpoB_p.His445Ser,14.0,3.0,1) Assoc w R,p.H445S
Rifampicin,rpoB,rpoB_p.Phe424Val,14.0,0.0,1) Assoc w R,p.F424V
Rifampicin,rpoB,rpoB_p.Ser493Leu,13.0,0.0,1) Assoc w R,p.S493L
Rifampicin,rpoB,rpoB_p.Ile488Val,76.0,0.0,3) Uncertain significance,p.I488V
Rifampicin,rpoB,rpoB_p.Val496Ala,34.0,1.0,3) Uncertain significance,p.V496A
Rifampicin,rpoB,rpoB_p.Ser450Met,3.0,0.0,2) Assoc w R - Interim,p.S450M
Rifampicin,rpoB,rpoB_p.Ser441Met,3.0,0.0,2) Assoc w R - Interim,p.S441M
Rifampicin,rpoB,rpoB_p.Arg448Gln,2.0,0.0,2) Assoc w R - Interim,p.R448Q
Rifampicin,rpoB,rpoB_p.His445Gly,7.0,0.0,1) Assoc w R,p.H445G
Rifampicin,rpoB,rpoB_p.His445Gln,13.0,2.0,1) Assoc w R,p.H445Q
Rifampicin,rpoB,rpoB_p.Ile491Met,13.0,0.0,1) Assoc w R,p.I491M
Rifampicin,rpoB,rpoB_p.Gln432Glu,5.0,0.0,2) Assoc w R - Interim,p.Q432E
Rifampicin,rpoB,rpoB_p.His445Thr,4.0,0.0,2) Assoc w R - Interim,p.H445T
Rifampicin,rpoB,rpoB_p.Arg448Lys,2.0,0.0,2) Assoc w R - Interim,p.R448K
Rifampicin,rpoB,rpoB_p.Ile491Thr,7.0,0.0,1) Assoc w R,p.I491T
Rifampicin,rpoB,rpoB_p.His1028Tyr,6.0,0.0,3) Uncertain significance,p.H1028Y
Rifampicin,rpoB,rpoB_p.Phe503Ser,22.0,1.0,3) Uncertain significance,p.F503S
Rifampicin,rpoB,rpoB_p.Ser441Val,2.0,0.0,2) Assoc w R - Interim,p.S441V
Rifampicin,rpoB,rpoB_p.Ile1106Thr,28.0,0.0,3) Uncertain significance,p.I1106T
Rifampicin,rpoB,rpoB_p.Ile491Tyr,2.0,0.0,3) Uncertain significance,p.I491Y
Rifampicin,rpoB,rpoB_p.Thr400Ala,27.0,0.0,3) Uncertain significance,p.T400A
Rifampicin,rpoB,rpoB_p.His445Phe,,,2) Assoc w R - Interim,p.H445F
Rifampicin,rpoB,rpoB_p.Ser431Gly,9.0,1.0,1) Assoc w R,p.S431G
Rifampicin,rpoB,rpoB_p.Glu761Asp,87.0,0.0,3) Uncertain significance,p.E761D
Rifampicin,rpoB,rpoB_p.Leu430Arg,20.0,2.0,2) Assoc w R - Interim,p.L430R
Rifampicin,rpoB,rpoB_p.Ser431Arg,6.0,0.0,2) Assoc w R - Interim,p.S431R
Rifampicin,rpoB,rpoB_p.Asp435Asn,4.0,0.0,2) Assoc w R - Interim,p.D435N
Rifampicin,rpoB,rpoB_p.Pro45Arg,5.0,0.0,3) Uncertain significance,p.P45R
Rifampicin,rpoB,rpoB_p.Val695Leu,44.0,47.0,3) Uncertain significance,p.V695L
Rifampicin,rpoB,rpoB_p.Ser874Tyr,7.0,0.0,3) Uncertain significance,p.S874Y
Rifampicin,rpoB,rpoB_p.Gln172Arg,3.0,0.0,3) Uncertain significance,p.Q172R
Rifampicin,rpoB,rpoB_p.Ala584Asp,7.0,0.0,3) Uncertain significance,p.A584D
Rifampicin,rpoB,rpoB_p.Val168Ala,9.0,0.0,3) Uncertain significance,p.V168A
Rifampicin,rpoB,rpoB_p.Ala2Thr,2.0,0.0,3) Uncertain significance,p.A2T
Rifampicin,rpoB,rpoB_p.Thr399Ile,15.0,0.0,3) Uncertain significance,p.T399I
Rifampicin,rpoB,rpoB_p.Asn437His,2.0,0.0,2) Assoc w R - Interim,p.N437H
Rifampicin,rpoB,rpoB_p.Gln429Leu,2.0,0.0,2) Assoc w R - Interim,p.Q429L
Rifampicin,rpoB,rpoB_p.Glu250Gly,5.0,49.0,3) Uncertain significance,p.E250G
Rifampicin,rpoB,rpoB_p.Ala286Val,35.0,0.0,3) Uncertain significance,p.A286V
Rifampicin,rpoB,rpoB_p.Arg827Leu,29.0,0.0,3) Uncertain significance,p.R827L
Rifampicin,rpoB,rpoB_p.Arg552His,15.0,0.0,3) Uncertain significance,p.R552H
Rifampicin,rpoB,rpoB_p.Ser428Thr,5.0,0.0,2) Assoc w R - Interim,p.S428T
Rifampicin,rpoB,rpoB_p.Ile873Phe,16.0,0.0,3) Uncertain significance,p.I873F
Rifampicin,rpoB,rpoB_p.Leu731Pro,124.0,3.0,3) Uncertain significance,p.L731P
Rifampicin,rpoB,rpoB_p.Thr427Ile,4.0,0.0,2) Assoc w R - Interim,p.T427I
Rifampicin,rpoB,rpoB_p.Leu378Arg,11.0,0.0,3) Uncertain significance,p.L378R
Rifampicin,rpoB,rpoB_p.Arg827His,14.0,0.0,3) Uncertain significance,p.R827H
Rifampicin,rpoB,rpoB_p.Ser441Trp,,,2) Assoc w R - Interim,p.S441W
Rifampicin,rpoB,rpoB_p.Met434Arg,4.0,0.0,2) Assoc w R - Interim,p.M434R
Rifampicin,rpoB,rpoB_p.Gly675Asp,1.0,0.0,3) Uncertain significance,p.G675D
Rifampicin,rpoB,rpoB_p.Ser450Gly,2.0,2.0,2) Assoc w R - Interim,p.S450G
Rifampicin,rpoB,rpoB_p.Ser493Arg,1.0,1.0,3) Uncertain significance,p.S493R
Rifampicin,rpoB,rpoB_p.Asp574Glu,13.0,0.0,3) Uncertain significance,p.D574E
Rifampicin,rpoB,rpoB_p.Gln432His,1.0,0.0,2) Assoc w R - Interim,p.Q432H
Rifampicin,rpoB,rpoB_p.Pro906Gln,1.0,0.0,3) Uncertain significance,p.P906Q
Rifampicin,rpoB,rpoB_p.His674Asp,,,3) Uncertain significance,p.H674D
Rifampicin,rpoB,rpoB_p.Tyr564His,10.0,0.0,3) Uncertain significance,p.Y564H
Rifampicin,rpoB,rpoB_p.Asp571Tyr,,,3) Uncertain significance,p.D571Y
Rifampicin,rpoB,rpoB_p.Val26Ala,1.0,0.0,3) Uncertain significance,p.V26A
Rifampicin,rpoB,rpoB_p.Ala943Val,1.0,0.0,3) Uncertain significance,p.A943V
Rifampicin,rpoB,rpoB_p.Leu449Met,2.0,0.0,2) Assoc w R - Interim,p.L449M
Rifampicin,rpoB,rpoB_p.Met920Val,11.0,0.0,3) Uncertain significance,p.M920V
Rifampicin,rpoB,rpoB_p.Pro700Ser,1.0,0.0,3) Uncertain significance,p.P700S
Rifampicin,rpoB,rpoB_p.Asp435Leu,,,2) Assoc w R - Interim,p.D435L
Rifampicin,rpoB,rpoB_p.Val168Leu,2.0,0.0,3) Uncertain significance,p.V168L
Rifampicin,rpoB,rpoB_p.His723Asp,7.0,0.0,3) Uncertain significance,p.H723D
Rifampicin,rpoB,rpoB_p.Tyr308Cys,11.0,0.0,3) Uncertain significance,p.Y308C
Rifampicin,rpoB,rpoB_p.Gly981Asp,1.0,0.0,3) Uncertain significance,p.G981D
Rifampicin,rpoB,rpoB_p.Arg552Cys,7.0,0.0,3) Uncertain significance,p.R552C
Rifampicin,rpoB,rpoB_p.Thr444Ile,2.0,0.0,2) Assoc w R - Interim,p.T444I
Rifampicin,rpoB,rpoB_p.Gln432Asn,1.0,0.0,2) Assoc w R - Interim,p.Q432N
Rifampicin,rpoB,rpoB_p.Lys274Asn,9.0,0.0,3) Uncertain significance,p.K274N
Rifampicin,rpoB,rpoB_p.Arg827Cys,79.0,2.0,3) Uncertain significance,p.R827C
Rifampicin,rpoB,rpoB_p.Arg448Leu,1.0,0.0,2) Assoc w R - Interim,p.R448L
Rifampicin,rpoB,rpoB_p.His194Arg,1.0,0.0,3) Uncertain significance,p.H194R
Rifampicin,rpoB,rpoB_p.Glu550Gly,9.0,0.0,3) Uncertain significance,p.E550G
Rifampicin,rpoB,rpoB_p.Leu831Arg,12.0,0.0,3) Uncertain significance,p.L831R
Rifampicin,rpoB,rpoB_p.Glu207Lys,2.0,0.0,3) Uncertain significance,p.E207K
Rifampicin,rpoB,rpoB_p.Thr400Ser,7.0,0.0,3) Uncertain significance,p.T400S
Rifampicin,rpoB,rpoB_p.Leu862Arg,17.0,0.0,3) Uncertain significance,p.L862R
Rifampicin,rpoB,rpoB_p.Thr159Pro,5.0,0.0,3) Uncertain significance,p.T159P
Rifampicin,rpoB,rpoB_p.Lys891Thr,,,3) Uncertain significance,p.K891T
Rifampicin,rpoB,rpoB_p.Asn487Ser,3.0,0.0,3) Uncertain significance,p.N487S
Rifampicin,rpoB,rpoB_p.Leu554Pro,4.0,0.0,3) Uncertain significance,p.L554P
Rifampicin,rpoB,rpoB_p.Val970Met,6.0,0.0,3) Uncertain significance,p.V970M
Rifampicin,rpoB,rpoB_p.Val562Ala,7.0,0.0,3) Uncertain significance,p.V562A
Rifampicin,rpoB,rpoB_p.Gly836Ser,7.0,0.0,3) Uncertain significance,p.G836S
Rifampicin,rpoB,rpoB_p.Val534Met,45.0,1.0,3) Uncertain significance,p.V534M
Rifampicin,rpoB,rpoB_p.Lys1054Arg,5.0,0.0,3) Uncertain significance,p.K1054R
Rifampicin,rpoB,rpoB_p.Ser431Asn,3.0,0.0,2) Assoc w R - Interim,p.S431N
Rifampicin,rpoB,rpoB_p.Pro483Leu,1.0,1.0,3) Uncertain significance,p.P483L
Rifampicin,rpoB,rpoB_p.Met434Thr,2.0,0.0,2) Assoc w R - Interim,p.M434T
Rifampicin,rpoB,rpoB_p.Lys832Glu,4.0,0.0,3) Uncertain significance,p.K832E
Rifampicin,rpoB,rpoB_p.Asp571Ala,2.0,0.0,3) Uncertain significance,p.D571A
Rifampicin,rpoB,rpoB_p.Val168Gly,,,3) Uncertain significance,p.V168G
Rifampicin,rpoB,rpoB_p.His1028Asp,2.0,0.0,3) Uncertain significance,p.H1028D
Rifampicin,rpoB,rpoB_p.Ala498Val,,,3) Uncertain significance,p.A498V
Rifampicin,rpoB,rpoB_p.Phe424Leu,3.0,4.0,3) Uncertain significance,p.F424L
Rifampicin,rpoB,rpoB_p.Gln436Pro,1.0,0.0,2) Assoc w R - Interim,p.Q436P
Rifampicin,rpoB,rpoB_p.Ile90Ser,7.0,0.0,3) Uncertain significance,p.I90S
Rifampicin,rpoB,rpoB_p.Arg167His,4.0,0.0,3) Uncertain significance,p.R167H
Rifampicin,rpoB,rpoB_p.Gly973Asp,4.0,0.0,3) Uncertain significance,p.G973D
Rifampicin,rpoB,rpoB_p.Thr427Ala,4.0,0.0,2) Assoc w R - Interim,p.T427A
Rifampicin,rpoB,rpoB_p.Ser450Cys,2.0,4.0,2) Assoc w R - Interim,p.S450C
Rifampicin,rpoB,rpoB_p.Ala934Thr,,,3) Uncertain significance,p.A934T
Rifampicin,rpoB,rpoB_p.Gly456Ser,2.0,0.0,3) Uncertain significance,p.G456S
Rifampicin,rpoB,rpoB_p.Val736Leu,4.0,0.0,3) Uncertain significance,p.V736L
Rifampicin,rpoB,rpoB_p.Arg219Cys,4.0,0.0,3) Uncertain significance,p.R219C
Rifampicin,rpoB,rpoB_p.Val168Met,,,3) Uncertain significance,p.V168M
Rifampicin,rpoB,rpoB_p.His674Asn,2.0,0.0,3) Uncertain significance,p.H674N
Rifampicin,rpoB,rpoB_p.Pro45Thr,6.0,0.0,3) Uncertain significance,p.P45T
Rifampicin,rpoB,rpoB_p.Thr427Pro,,,2) Assoc w R - Interim,p.T427P
Rifampicin,rpoB,rpoB_p.Leu452Val,,,2) Assoc w R - Interim,p.L452V
Rifampicin,rpoB,rpoB_p.Gln409Arg,38.0,1.0,3) Uncertain significance,p.Q409R
Rifampicin,rpoB,rpoB_p.Leu490Val,2.0,0.0,3) Uncertain significance,p.L490V
Rifampicin,rpoB,rpoB_p.Gln1056Arg,4.0,0.0,3) Uncertain significance,p.Q1056R
Rifampicin,rpoB,rpoB_p.Met434Val,10.0,2.0,2) Assoc w R - Interim,p.M434V
Rifampicin,rpoB,rpoB_p.Glu1121Asp,,,3) Uncertain significance,p.E1121D
Rifampicin,rpoB,rpoB_p.Glu563Lys,2.0,0.0,3) Uncertain significance,p.E563K
Rifampicin,rpoB,rpoB_p.Ala596Gly,2.0,0.0,3) Uncertain significance,p.A596G
Rifampicin,rpoB,rpoB_p.Phe424Ile,,,3) Uncertain significance,p.F424I
Rifampicin,rpoB,rpoB_p.Glu507Lys,1.0,1.0,3) Uncertain significance,p.E507K
Rifampicin,rpoB,rpoB_p.Leu173Pro,1.0,0.0,3) Uncertain significance,p.L173P
Rifampicin,rpoB,rpoB_p.Val534Leu,2.0,0.0,3) Uncertain significance,p.V534L
Rifampicin,rpoB,rpoB_p.Glu592Asp,5.0,0.0,3) Uncertain significance,p.E592D
Rifampicin,rpoB,rpoB_p.His674Tyr,5.0,0.0,3) Uncertain significance,p.H674Y
Rifampicin,rpoB,rpoB_p.Ala753Val,3.0,0.0,3) Uncertain significance,p.A753V
Rifampicin,rpoB,rpoB_p.Pro577Leu,1.0,0.0,3) Uncertain significance,p.P577L
Rifampicin,rpoB,rpoB_p.Pro45Gln,2.0,0.0,3) Uncertain significance,p.P45Q
Rifampicin,rpoB,rpoB_p.Gly453Arg,1.0,0.0,3) Uncertain significance,p.G453R
Rifampicin,rpoB,rpoB_p.Pro969Ser,3.0,0.0,3) Uncertain significance,p.P969S
Rifampicin,rpoB,rpoB_p.Asp435Ala,6.0,5.0,2) Assoc w R - Interim,p.D435A
Rifampicin,rpoB,rpoB_p.Val581Met,4.0,0.0,3) Uncertain significance,p.V581M
Rifampicin,rpoB,rpoB_p.Ser450Val,3.0,1.0,2) Assoc w R - Interim,p.S450V
Rifampicin,rpoB,rpoB_p.Ser96Pro,2.0,0.0,3) Uncertain significance,p.S96P
Rifampicin,rpoB,rpoB_p.Gly455Arg,1.0,0.0,3) Uncertain significance,p.G455R
Rifampicin,rpoB,rpoB_p.Asn539Lys,4.0,0.0,3) Uncertain significance,p.N539K
Rifampicin,rpoB,rpoB_p.Thr653Ala,1.0,1.0,3) Uncertain significance,p.T653A
Rifampicin,rpoB,rpoB_p.Thr400Asn,3.0,0.0,3) Uncertain significance,p.T400N
Rifampicin,rpoB,rpoB_p.Leu42Val,12.0,0.0,3) Uncertain significance,p.L42V
Rifampicin,rpoB,rpoB_p.Gly46Val,1.0,0.0,3) Uncertain significance,p.G46V
Rifampicin,rpoB,rpoB_p.Thr155Ile,1.0,0.0,3) Uncertain significance,p.T155I
Rifampicin,rpoB,rpoB_p.Val50Gly,1.0,0.0,3) Uncertain significance,p.V50G
Rifampicin,rpoB,rpoB_p.Glu563Ala,4.0,0.0,3) Uncertain significance,p.E563A
Rifampicin,rpoB,rpoB_p.Val305Ile,1.0,0.0,3) Uncertain significance,p.V305I
Rifampicin,rpoB,rpoB_p.Ala584Gly,2.0,0.0,3) Uncertain significance,p.A584G
Rifampicin,rpoB,rpoB_p.Gly442Glu,1.0,0.0,2) Assoc w R - Interim,p.G442E
Rifampicin,rpoB,rpoB_p.Thr928Asn,3.0,0.0,3) Uncertain significance,p.T928N
Rifampicin,rpoB,rpoB_p.Gly79Ser,4.0,0.0,3) Uncertain significance,p.G79S
Rifampicin,rpoB,rpoB_p.Val496Leu,2.0,0.0,3) Uncertain significance,p.V496L
Rifampicin,rpoB,rpoB_p.Pro358Leu,3.0,13.0,3) Uncertain significance,p.P358L
Rifampicin,rpoB,rpoB_p.Val228Ile,1.0,0.0,3) Uncertain significance,p.V228I
Rifampicin,rpoB,rpoB_p.Ile480Thr,4.0,0.0,3) Uncertain significance,p.I480T
Rifampicin,rpoB,rpoB_p.Ser540Pro,4.0,0.0,3) Uncertain significance,p.S540P
Rifampicin,rpoB,rpoB_p.Arg273Cys,3.0,0.0,3) Uncertain significance,p.R273C
Rifampicin,rpoB,rpoB_p.Val970Ala,4.0,0.0,3) Uncertain significance,p.V970A
Rifampicin,rpoB,rpoB_p.Thr399Ala,2.0,0.0,3) Uncertain significance,p.T399A
Rifampicin,rpoB,rpoB_p.Thr399Pro,1.0,0.0,3) Uncertain significance,p.T399P
Rifampicin,rpoB,rpoB_p.Ser672Ala,1.0,0.0,3) Uncertain significance,p.S672A
Rifampicin,rpoB,rpoB_p.Lys799Gln,5.0,0.0,3) Uncertain significance,p.K799Q
Rifampicin,rpoB,rpoB_p.Gln980Arg,2.0,0.0,3) Uncertain significance,p.Q980R
Rifampicin,rpoB,rpoB_p.His194Tyr,2.0,16.0,3) Uncertain significance,p.H194Y
Rifampicin,rpoB,rpoB_p.Pro834Thr,,,3) Uncertain significance,p.P834T
Rifampicin,rpoB,rpoB_p.Thr444Ser,1.0,0.0,2) Assoc w R - Interim,p.T444S
Rifampicin,rpoB,rpoB_p.Val305Leu,3.0,0.0,3) Uncertain significance,p.V305L
Rifampicin,rpoB,rpoB_p.Asp435His,4.0,0.0,2) Assoc w R - Interim,p.D435H
Rifampicin,rpoB,rpoB_p.Pro577Ala,1.0,0.0,3) Uncertain significance,p.P577A
Rifampicin,rpoB,rpoB_p.Thr427Ser,3.0,0.0,2) Assoc w R - Interim,p.T427S
Rifampicin,rpoB,rpoB_p.Thr756Ala,1.0,0.0,3) Uncertain significance,p.T756A
Rifampicin,rpoB,rpoB_p.Val562Met,3.0,0.0,3) Uncertain significance,p.V562M
Rifampicin,rpoB,rpoB_p.Glu807Gly,1.0,0.0,3) Uncertain significance,p.E807G
Rifampicin,rpoB,rpoB_p.Ser441Ala,3.0,0.0,2) Assoc w R - Interim,p.S441A
Rifampicin,rpoB,rpoB_p.Gly453Ala,2.0,1.0,3) Uncertain significance,p.G453A
Rifampicin,rpoB,rpoB_p.Arg824His,,,3) Uncertain significance,p.R824H
Rifampicin,rpoB,rpoB_p.Glu423Ala,2.0,0.0,3) Uncertain significance,p.E423A
Rifampicin,rpoB,rpoB_p.Pro483Ser,1.0,0.0,3) Uncertain significance,p.P483S
Rifampicin,rpoB,rpoB_p.Asp634Gly,37.0,3.0,3) Uncertain significance,p.D634G
Rifampicin,rpoB,rpoB_p.Cys681Arg,2.0,0.0,3) Uncertain significance,p.C681R
Rifampicin,rpoB,rpoB_p.Asn163Asp,1.0,2.0,3) Uncertain significance,p.N163D
Rifampicin,rpoB,rpoB_p.Glu465Gln,,,3) Uncertain significance,p.E465Q
Rifampicin,rpoB,rpoB_p.Ser874Thr,3.0,0.0,3) Uncertain significance,p.S874T
Rifampicin,rpoB,rpoB_p.Asn438His,1.0,0.0,2) Assoc w R - Interim,p.N438H
Rifampicin,rpoB,rpoB_p.Val170Ala,4.0,2.0,3) Uncertain significance,p.V170A
Rifampicin,rpoB,rpoB_p.Gly836Cys,,,3) Uncertain significance,p.G836C
Rifampicin,rpoB,rpoB_p.Glu481Ala,10.0,2.0,3) Uncertain significance,p.E481A
Rifampicin,rpoB,rpoB_p.Arg341His,1.0,0.0,3) Uncertain significance,p.R341H
Rifampicin,rpoB,rpoB_p.Tyr572His,2.0,0.0,3) Uncertain significance,p.Y572H
Rifampicin,rpoB,rpoB_p.His674Arg,7.0,1.0,3) Uncertain significance,p.H674R
Rifampicin,rpoB,rpoB_p.Arg578His,3.0,0.0,3) Uncertain significance,p.R578H
Rifampicin,rpoB,rpoB_p.Ser582Ala,2.0,0.0,3) Uncertain significance,p.S582A
Rifampicin,rpoB,rpoB_p.Leu494Pro,,,3) Uncertain significance,p.L494P
Rifampicin,rpoB,rpoB_p.His593Tyr,1.0,0.0,3) Uncertain significance,p.H593Y
Rifampicin,rpoB,rpoB_p.Arg824Leu,2.0,0.0,3) Uncertain significance,p.R824L
Rifampicin,rpoB,rpoB_p.Gly158Ser,2.0,0.0,3) Uncertain significance,p.G158S
Rifampicin,rpoB,rpoB_p.Gln172Lys,1.0,0.0,3) Uncertain significance,p.Q172K
Rifampicin,rpoB,rpoB_p.Thr676Ala,,,3) Uncertain significance,p.T676A
Rifampicin,rpoB,rpoB_p.Gln429His,9.0,1.0,2) Assoc w R - Interim,p.Q429H
Rifampicin,rpoB,rpoB_p.Pro454Ser,1.0,0.0,3) Uncertain significance,p.P454S
Rifampicin,rpoB,rpoB_p.Ala451Gly,2.0,0.0,2) Assoc w R - Interim,p.A451G
Rifampicin,rpoB,rpoB_p.Asn733Ser,1.0,0.0,3) Uncertain significance,p.N733S
Rifampicin,rpoB,rpoB_p.Ile488Leu,1.0,0.0,3) Uncertain significance,p.I488L
Rifampicin,rpoB,rpoB_p.Val359Ala,1.0,12.0,3) Uncertain significance,p.V359A
Rifampicin,rpoB,rpoB_p.Arg219Leu,2.0,0.0,3) Uncertain significance,p.R219L
Rifampicin,rpoB,rpoB_p.Gly633Asp,,,3) Uncertain significance,p.G633D
Rifampicin,rpoB,rpoB_p.Asn501Lys,1.0,0.0,3) Uncertain significance,p.N501K
Rifampicin,rpoB,rpoB_p.Phe503Val,1.0,0.0,3) Uncertain significance,p.F503V
Rifampicin,rpoB,rpoB_p.Asp3Gly,2.0,11.0,3) Uncertain significance,p.D3G
Rifampicin,rpoB,rpoB_p.Glu291Lys,1.0,0.0,3) Uncertain significance,p.E291K
Rifampicin,rpoB,rpoB_p.Leu855Ser,1.0,0.0,3) Uncertain significance,p.L855S
Rifampicin,rpoB,rpoB_p.Arg871Leu,1.0,0.0,3) Uncertain significance,p.R871L
Rifampicin,rpoB,rpoB_p.Asp265Ala,,,3) Uncertain significance,p.D265A
Rifampicin,rpoB,rpoB_p.Ala692Thr,23.0,13.0,3) Uncertain significance,p.A692T
Rifampicin,rpoB,rpoB_p.Asp520Ala,2.0,0.0,3) Uncertain significance,p.D520A
Rifampicin,rpoB,rpoB_p.Val170Gly,2.0,0.0,3) Uncertain significance,p.V170G
Rifampicin,rpoB,rpoB_p.Asn24Lys,2.0,0.0,3) Uncertain significance,p.N24K
Rifampicin,rpoB,rpoB_p.Leu293Ser,3.0,0.0,3) Uncertain significance,p.L293S
Rifampicin,rpoB,rpoB_p.Arg225Gly,,,3) Uncertain significance,p.R225G
Rifampicin,rpoB,rpoB_p.Pro454His,1.0,0.0,3) Uncertain significance,p.P454H
Rifampicin,rpoB,rpoB_p.Ala538Pro,,,3) Uncertain significance,p.A538P
Rifampicin,rpoB,rpoB_p.Leu554Val,2.0,0.0,3) Uncertain significance,p.L554V
Rifampicin,rpoB,rpoB_p.Val800Ala,4.0,0.0,3) Uncertain significance,p.V800A
Rifampicin,rpoB,rpoB_p.Arg219His,2.0,0.0,3) Uncertain significance,p.R219H
Rifampicin,rpoB,rpoB_p.Glu550Lys,2.0,0.0,3) Uncertain significance,p.E550K
Rifampicin,rpoB,rpoB_p.Pro1014Arg,1.0,8.0,3) Uncertain significance,p.P1014R
Rifampicin,rpoB,rpoB_p.Glu807Ala,2.0,0.0,3) Uncertain significance,p.E807A
Rifampicin,rpoB,rpoB_p.Cys701Trp,1.0,0.0,3) Uncertain significance,p.C701W
Rifampicin,rpoB,rpoB_p.Pro700Arg,1.0,0.0,3) Uncertain significance,p.P700R
Rifampicin,rpoB,rpoB_p.Glu166Gly,2.0,0.0,3) Uncertain significance,p.E166G
Rifampicin,rpoB,rpoB_p.Val44Gly,1.0,0.0,3) Uncertain significance,p.V44G
Rifampicin,rpoB,rpoB_p.Gly890Cys,1.0,0.0,3) Uncertain significance,p.G890C
Rifampicin,rpoB,rpoB_p.Asn437Ile,,,2) Assoc w R - Interim,p.N437I
Rifampicin,rpoB,rpoB_p.Phe151Leu,1.0,0.0,3) Uncertain significance,p.F151L
Rifampicin,rpoB,rpoB_p.Pro454Arg,2.0,0.0,3) Uncertain significance,p.P454R
Rifampicin,rpoB,rpoB_p.Ile488Met,1.0,0.0,3) Uncertain significance,p.I488M
Rifampicin,rpoB,rpoB_p.Lys803Thr,1.0,0.0,3) Uncertain significance,p.K803T
Rifampicin,rpoB,rpoB_p.Gly787Ser,1.0,0.0,3) Uncertain significance,p.G787S
Rifampicin,rpoB,rpoB_p.Asn679Ser,1.0,0.0,3) Uncertain significance,p.N679S
Rifampicin,rpoB,rpoB_p.Arg845Trp,1.0,0.0,3) Uncertain significance,p.R845W
Rifampicin,rpoB,rpoB_p.Glu166Lys,1.0,0.0,3) Uncertain significance,p.E166K
Rifampicin,rpoB,rpoB_p.Val496Gly,1.0,0.0,3) Uncertain significance,p.V496G
Rifampicin,rpoB,rpoB_p.Ile1035Val,1.0,0.0,3) Uncertain significance,p.I1035V
Rifampicin,rpoB,rpoB_p.Thr585Ala,1.0,0.0,3) Uncertain significance,p.T585A
Rifampicin,rpoB,rpoB_p.Pro618Ala,2.0,0.0,3) Uncertain significance,p.P618A
Rifampicin,rpoB,rpoB_p.Glu563Gly,2.0,0.0,3) Uncertain significance,p.E563G
Rifampicin,rpoB,rpoB_p.Val355Ile,,,3) Uncertain significance,p.V355I
Rifampicin,rpoB,rpoB_p.Ala1072Gly,2.0,0.0,3) Uncertain significance,p.A1072G
Rifampicin,rpoB,rpoB_p.Lys1102Thr,2.0,0.0,3) Uncertain significance,p.K1102T
Rifampicin,rpoB,rpoB_p.Val375Leu,1.0,0.0,3) Uncertain significance,p.V375L
Rifampicin,rpoB,rpoB_p.Lys37Arg,4.0,1.0,3) Uncertain significance,p.K37R
Rifampicin,rpoB,rpoB_p.Glu284Gly,2.0,0.0,3) Uncertain significance,p.E284G
Rifampicin,rpoB,rpoB_p.Ile90Leu,,,3) Uncertain significance,p.I90L
Rifampicin,rpoB,rpoB_p.Gly915Ser,,,3) Uncertain significance,p.G915S
Rifampicin,rpoB,rpoB_p.Glu360Lys,1.0,0.0,3) Uncertain significance,p.E360K
Rifampicin,rpoB,rpoB_p.Asp211Asn,1.0,0.0,3) Uncertain significance,p.D211N
Rifampicin,rpoB,rpoB_p.Arg1008Cys,,,3) Uncertain significance,p.R1008C
Rifampicin,rpoB,rpoB_p.Glu377Val,1.0,0.0,3) Uncertain significance,p.E377V
Rifampicin,rpoB,rpoB_p.Thr482Ile,1.0,0.0,3) Uncertain significance,p.T482I
Rifampicin,rpoB,rpoB_p.Pro483Thr,,,3) Uncertain significance,p.P483T
Rifampicin,rpoB,rpoB_p.Leu525Pro,,,3) Uncertain significance,p.L525P
Rifampicin,rpoB,rpoB_p.Gly376Cys,2.0,0.0,3) Uncertain significance,p.G376C
Rifampicin,rpoB,rpoB_p.Lys832Gln,1.0,0.0,3) Uncertain significance,p.K832Q
Rifampicin,rpoB,rpoB_p.Ile909Val,1.0,0.0,3) Uncertain significance,p.I909V
Rifampicin,rpoB,rpoB_p.Ala527Thr,1.0,0.0,3) Uncertain significance,p.A527T
Rifampicin,rpoB,rpoB_p.Gln382Arg,1.0,0.0,3) Uncertain significance,p.Q382R
Rifampicin,rpoB,rpoB_p.Leu443Trp,1.0,0.0,2) Assoc w R - Interim,p.L443W
Rifampicin,rpoB,rpoB_p.Thr444Pro,1.0,0.0,2) Assoc w R - Interim,p.T444P
Rifampicin,rpoB,rpoB_p.Ala638Gly,1.0,0.0,3) Uncertain significance,p.A638G
Rifampicin,rpoB,rpoB_p.Val581Leu,2.0,0.0,3) Uncertain significance,p.V581L
Rifampicin,rpoB,rpoB_p.Lys832Asn,1.0,0.0,3) Uncertain significance,p.K832N
Rifampicin,rpoB,rpoB_p.Met587Thr,1.0,0.0,3) Uncertain significance,p.M587T
Rifampicin,rpoB,rpoB_p.Ser493Pro,1.0,0.0,3) Uncertain significance,p.S493P
Rifampicin,rpoB,rpoB_p.Gln436Arg,1.0,0.0,2) Assoc w R - Interim,p.Q436R
Rifampicin,rpoB,rpoB_p.Ser672Pro,1.0,0.0,3) Uncertain significance,p.S672P
Rifampicin,rpoB,rpoB_p.Ser176Leu,,,3) Uncertain significance,p.S176L
Rifampicin,rpoB,rpoB_p.His674Gln,,,3) Uncertain significance,p.H674Q
Rifampicin,rpoB,rpoB_p.His533Asn,,,3) Uncertain significance,p.H533N
Rifampicin,rpoB,rpoB_p.Thr508Pro,,,3) Uncertain significance,p.T508P
Rifampicin,rpoB,rpoB_p.Asp520Gly,1.0,0.0,3) Uncertain significance,p.D520G
Rifampicin,rpoB,rpoB_p.Pro439Ser,1.0,0.0,2) Assoc w R - Interim,p.P439S
Rifampicin,rpoB,rpoB_p.Gly46Arg,,,3) Uncertain significance,p.G46R
Rifampicin,rpoB,rpoB_p.Ala628Pro,1.0,0.0,3) Uncertain significance,p.A628P
Rifampicin,rpoB,rpoB_p.Ala559Val,1.0,0.0,3) Uncertain significance,p.A559V
Rifampicin,rpoB,rpoB_p.Arg871His,1.0,0.0,3) Uncertain significance,p.R871H
Rifampicin,rpoB,rpoB_p.His835Pro,1.0,0.0,3) Uncertain significance,p.H835P
Rifampicin,rpoB,rpoB_p.Ala951Thr,1.0,0.0,3) Uncertain significance,p.A951T
Rifampicin,rpoB,rpoB_p.Thr482Ala,1.0,0.0,3) Uncertain significance,p.T482A
Rifampicin,rpoB,rpoB_p.Arg824Cys,,,3) Uncertain significance,p.R824C
Rifampicin,rpoB,rpoB_p.Pro700Leu,,,3) Uncertain significance,p.P700L
Rifampicin,rpoB,rpoB_p.Lys446Thr,1.0,0.0,2) Assoc w R - Interim,p.K446T
Rifampicin,rpoB,rpoB_p.Pro768Leu,1.0,0.0,3) Uncertain significance,p.P768L
Rifampicin,rpoB,rpoB_p.Ile491Ser,1.0,1.0,3) Uncertain significance,p.I491S
Rifampicin,rpoB,rpoB_p.Ile542Lys,1.0,0.0,3) Uncertain significance,p.I542K
Rifampicin,rpoB,rpoB_p.Glu423Gly,,,3) Uncertain significance,p.E423G
Rifampicin,rpoB,rpoB_p.Glu821Val,1.0,0.0,3) Uncertain significance,p.E821V
Rifampicin,rpoB,rpoB_p.Val833Met,,,3) Uncertain significance,p.V833M
Rifampicin,rpoB,rpoB_p.Ile1046Val,,,3) Uncertain significance,p.I1046V
Rifampicin,rpoB,rpoB_p.Val996Ala,,,3) Uncertain significance,p.V996A
Rifampicin,rpoB,rpoB_p.Leu443Ser,1.0,0.0,2) Assoc w R - Interim,p.L443S
Rifampicin,rpoB,rpoB_p.Val523Leu,,,3) Uncertain significance,p.V523L
Rifampicin,rpoB,rpoB_p.Asp301Asn,,,3) Uncertain significance,p.D301N
Rifampicin,rpoB,rpoB_p.Met387Val,1.0,0.0,3) Uncertain significance,p.M387V
Rifampicin,rpoB,rpoB_p.Val549Gly,1.0,0.0,3) Uncertain significance,p.V549G
Rifampicin,rpoB,rpoB_p.Glu896Lys,,,3) Uncertain significance,p.E896K
Rifampicin,rpoB,rpoB_p.Ala708Ser,,,3) Uncertain significance,p.A708S
Rifampicin,rpoB,rpoB_p.Gly992Arg,1.0,0.0,3) Uncertain significance,p.G992R
Rifampicin,rpoB,rpoB_p.Gln537Lys,1.0,0.0,3) Uncertain significance,p.Q537K
Rifampicin,rpoB,rpoB_p.Ser672Cys,1.0,0.0,3) Uncertain significance,p.S672C
Rifampicin,rpoB,rpoB_p.Arg224His,1.0,0.0,3) Uncertain significance,p.R224H
Rifampicin,rpoB,rpoB_p.Gln1123Arg,1.0,0.0,3) Uncertain significance,p.Q1123R
Rifampicin,rpoB,rpoB_p.Asp515Ala,1.0,0.0,3) Uncertain significance,p.D515A
Rifampicin,rpoB,rpoB_p.Arg607Ser,,,3) Uncertain significance,p.R607S
Rifampicin,rpoB,rpoB_p.Thr400Ile,,,3) Uncertain significance,p.T400I
Rifampicin,rpoB,rpoB_p.Glu750Gln,1.0,0.0,3) Uncertain significance,p.E750Q
Rifampicin,rpoB,rpoB_p.Thr742Ala,,,3) Uncertain significance,p.T742A
Rifampicin,rpoB,rpoB_p.Glu976Lys,1.0,0.0,3) Uncertain significance,p.E976K
Rifampicin,rpoB,rpoB_p.Ser567Pro,1.0,0.0,3) Uncertain significance,p.S567P
Rifampicin,rpoB,rpoB_p.Asp186Ala,1.0,0.0,3) Uncertain significance,p.D186A
Rifampicin,rpoB,rpoB_p.Lys274Glu,1.0,0.0,3) Uncertain significance,p.K274E
Rifampicin,rpoB,rpoB_p.Ala599Thr,1.0,0.0,3) Uncertain significance,p.A599T
Rifampicin,rpoB,rpoB_p.Thr9Ile,0.0,1.0,3) Uncertain significance,p.T9I
Rifampicin,rpoB,rpoB_p.Gln1056His,,,3) Uncertain significance,p.Q1056H
Rifampicin,rpoB,rpoB_p.Gly602Ala,1.0,0.0,3) Uncertain significance,p.G602A
Rifampicin,rpoB,rpoB_p.Val469Leu,,,3) Uncertain significance,p.V469L
Rifampicin,rpoB,rpoB_p.Val196Ala,1.0,0.0,3) Uncertain significance,p.V196A
Rifampicin,rpoB,rpoB_p.Val394Leu,,,3) Uncertain significance,p.V394L
Rifampicin,rpoB,rpoB_p.Arg845Gln,,,3) Uncertain significance,p.R845Q
Rifampicin,rpoB,rpoB_p.Ser672Tyr,,,3) Uncertain significance,p.S672Y
Rifampicin,rpoB,rpoB_p.Gln226Arg,,,3) Uncertain significance,p.Q226R
Rifampicin,rpoB,rpoB_p.Pro280Ser,1.0,0.0,3) Uncertain significance,p.P280S
Rifampicin,rpoB,rpoB_p.Asp363Asn,1.0,0.0,3) Uncertain significance,p.D363N
Rifampicin,rpoB,rpoB_p.Val583Met,1.0,0.0,3) Uncertain significance,p.V583M
Rifampicin,rpoB,rpoB_p.Glu750Gly,1.0,0.0,3) Uncertain significance,p.E750G
Rifampicin,rpoB,rpoB_p.Glu391Gly,,,3) Uncertain significance,p.E391G
Rifampicin,rpoB,rpoB_p.Arg665Trp,1.0,0.0,3) Uncertain significance,p.R665W
Rifampicin,rpoB,rpoB_p.Pro577Thr,1.0,0.0,3) Uncertain significance,p.P577T
Rifampicin,rpoB,rpoB_p.Glu330Asp,1.0,0.0,3) Uncertain significance,p.E330D
Rifampicin,rpoB,rpoB_p.Gly203Arg,1.0,0.0,3) Uncertain significance,p.G203R
Rifampicin,rpoB,rpoB_p.Arg224Cys,,,3) Uncertain significance,p.R224C
Rifampicin,rpoB,rpoB_p.Asn75Thr,1.0,0.0,3) Uncertain significance,p.N75T
Rifampicin,rpoB,rpoB_p.Lys1095Arg,1.0,0.0,3) Uncertain significance,p.K1095R
Rifampicin,rpoB,rpoB_p.His835Asp,1.0,0.0,3) Uncertain significance,p.H835D
Rifampicin,rpoB,rpoB_p.Pro509Ser,3.0,1.0,3) Uncertain significance,p.P509S
Rifampicin,rpoB,rpoB_p.Asp114Gly,1.0,0.0,3) Uncertain significance,p.D114G
Rifampicin,rpoB,rpoB_p.Ser450Ala,,,2) Assoc w R - Interim,p.S450A
Rifampicin,rpoB,rpoB_p.Val575Ala,1.0,0.0,3) Uncertain significance,p.V575A
Rifampicin,rpoB,rpoB_p.Ser495Pro,1.0,0.0,3) Uncertain significance,p.S495P
Rifampicin,rpoB,rpoB_p.Glu530Gln,1.0,0.0,3) Uncertain significance,p.E530Q
Rifampicin,rpoB,rpoB_p.Glu761Ala,1.0,0.0,3) Uncertain significance,p.E761A
Rifampicin,rpoB,rpoB_p.Thr676Ile,,,3) Uncertain significance,p.T676I
Rifampicin,rpoB,rpoB_p.Ile1035Thr,1.0,0.0,3) Uncertain significance,p.I1035T
Rifampicin,rpoB,rpoB_p.Ile336Thr,1.0,0.0,3) Uncertain significance,p.I336T
Rifampicin,rpoB,rpoB_p.Asp190Ala,1.0,0.0,3) Uncertain significance,p.D190A
Rifampicin,rpoB,rpoB_p.Glu750Lys,,,3) Uncertain significance,p.E750K
Rifampicin,rpoB,rpoB_p.Ser428Ile,2.0,1.0,2) Assoc w R - Interim,p.S428I
Rifampicin,rpoB,rpoB_p.Ser88Pro,1.0,0.0,3) Uncertain significance,p.S88P
Rifampicin,rpoB,rpoB_p.Asp118Gly,1.0,0.0,3) Uncertain significance,p.D118G
Rifampicin,rpoB,rpoB_p.Val170Ile,1.0,0.0,3) Uncertain significance,p.V170I
Rifampicin,rpoB,rpoB_p.Val496Glu,1.0,0.0,3) Uncertain significance,p.V496E
Rifampicin,rpoB,rpoB_p.Ala974Thr,1.0,0.0,3) Uncertain significance,p.A974T
Rifampicin,rpoB,rpoB_p.Arg224Gly,1.0,0.0,3) Uncertain significance,p.R224G
Rifampicin,rpoB,rpoB_p.Gly798Ser,1.0,0.0,3) Uncertain significance,p.G798S
Rifampicin,rpoB,rpoB_p.Arg578Gly,1.0,0.0,3) Uncertain significance,p.R578G
Rifampicin,rpoB,rpoB_p.Gln401Glu,1.0,0.0,3) Uncertain significance,p.Q401E
Rifampicin,rpoB,rpoB_p.Ser582Thr,1.0,0.0,3) Uncertain significance,p.S582T
Rifampicin,rpoB,rpoB_p.Arg578Cys,1.0,0.0,3) Uncertain significance,p.R578C
Rifampicin,rpoB,rpoB_p.Tyr510His,,,3) Uncertain significance,p.Y510H
Rifampicin,rpoB,rpoB_p.Asp766His,,,3) Uncertain significance,p.D766H
Rifampicin,rpoB,rpoB_p.Ala974Val,1.0,0.0,3) Uncertain significance,p.A974V
Rifampicin,rpoB,rpoB_p.Gly79Asp,,,3) Uncertain significance,p.G79D
Rifampicin,rpoB,rpoB_p.Arg824Ser,1.0,0.0,3) Uncertain significance,p.R824S
Rifampicin,rpoB,rpoB_p.Val357Leu,,,3) Uncertain significance,p.V357L
Rifampicin,rpoB,rpoB_p.Glu812Gly,1.0,0.0,3) Uncertain significance,p.E812G
Rifampicin,rpoB,rpoB_p.Arg827Ser,1.0,0.0,3) Uncertain significance,p.R827S
Rifampicin,rpoB,rpoB_p.Gln980Lys,1.0,0.0,3) Uncertain significance,p.Q980K
Rifampicin,rpoB,rpoB_p.Thr742Asn,1.0,0.0,3) Uncertain significance,p.T742N
Rifampicin,rpoB,rpoB_p.Ala599Val,1.0,0.0,3) Uncertain significance,p.A599V
Rifampicin,rpoB,rpoB_p.Val970Leu,1.0,0.0,3) Uncertain significance,p.V970L
Rifampicin,rpoB,rpoB_p.Arg167Cys,7.0,1.0,3) Uncertain significance,p.R167C
Rifampicin,rpoB,rpoB_p.Val534Gly,,,3) Uncertain significance,p.V534G
Rifampicin,rpoB,rpoB_p.Asn135Asp,1.0,0.0,3) Uncertain significance,p.N135D
Rifampicin,rpoB,rpoB_p.Leu778Val,1.0,0.0,3) Uncertain significance,p.L778V
Rifampicin,rpoB,rpoB_p.Ser576Leu,1.0,0.0,3) Uncertain significance,p.S576L
Rifampicin,rpoB,rpoB_p.Pro479Ser,1.0,0.0,3) Uncertain significance,p.P479S
Rifampicin,rpoB,rpoB_p.Ala817Val,1.0,0.0,3) Uncertain significance,p.A817V
Rifampicin,rpoB,rpoB_p.Arg219Ser,1.0,0.0,3) Uncertain significance,p.R219S
Rifampicin,rpoB,rpoB_p.Leu443Phe,1.0,0.0,2) Assoc w R - Interim,p.L443F
Rifampicin,rpoB,rpoB_p.Asp531Tyr,1.0,0.0,3) Uncertain significance,p.D531Y
Rifampicin,rpoB,rpoB_p.Val555Ala,1.0,0.0,3) Uncertain significance,p.V555A
Rifampicin,rpoB,rpoB_p.Thr400Pro,,,3) Uncertain significance,p.T400P
Rifampicin,rpoB,rpoB_p.Gln226Glu,1.0,0.0,3) Uncertain significance,p.Q226E
Rifampicin,rpoB,rpoB_p.Val996Gly,1.0,0.0,3) Uncertain significance,p.V996G
Rifampicin,rpoB,rpoB_p.Leu775Pro,1.0,0.0,3) Uncertain significance,p.L775P
Rifampicin,rpoB,rpoB_p.Asp752Gly,1.0,0.0,3) Uncertain significance,p.D752G
Rifampicin,rpoB,rpoB_p.Asn1155Ser,1.0,1.0,3) Uncertain significance,p.N1155S
Rifampicin,rpoB,rpoB_p.Ser672Phe,2.0,0.0,3) Uncertain significance,p.S672F
Rifampicin,rpoB,rpoB_p.Ser431Thr,2.0,1.0,2) Assoc w R - Interim,p.S431T
Rifampicin,rpoB,rpoB_p.Thr676Pro,3.0,0.0,3) Uncertain significance,p.T676P
Rifampicin,rpoB,rpoB_p.Gln429Pro,1.0,0.0,2) Assoc w R - Interim,p.Q429P
Rifampicin,rpoB,rpoB_p.Ile199Thr,1.0,0.0,3) Uncertain significance,p.I199T
Rifampicin,rpoB,rpoB_p.Ala1153Val,,,3) Uncertain significance,p.A1153V
Rifampicin,rpoB,rpoB_p.Lys446Glu,,,2) Assoc w R - Interim,p.K446E
Rifampicin,rpoB,rpoB_p.Asn163Lys,2.0,1.0,3) Uncertain significance,p.N163K
Rifampicin,rpoB,rpoB_p.Gly178Arg,1.0,0.0,3) Uncertain significance,p.G178R
Rifampicin,rpoB,rpoB_p.Met390Thr,2.0,12.0,3) Uncertain significance,p.M390T
Rifampicin,rpoB,rpoB_p.Val916Met,1.0,0.0,3) Uncertain significance,p.V916M
Rifampicin,rpoB,rpoB_p.Asp595Glu,1.0,0.0,3) Uncertain significance,p.D595E
Rifampicin,rpoB,rpoB_p.Asn437Asp,6.0,4.0,2) Assoc w R - Interim,p.N437D
Rifampicin,rpoB,rpoB_p.Glu1140Asp,1.0,0.0,3) Uncertain significance,p.E1140D
Rifampicin,rpoB,rpoB_p.Gln51Pro,1.0,1.0,3) Uncertain significance,p.Q51P
Rifampicin,rpoB,rpoB_p.Ser493Thr,3.0,2.0,3) Uncertain significance,p.S493T
Rifampicin,rpoB,rpoB_p.Gly699Ser,,,3) Uncertain significance,p.G699S
Rifampicin,rpoB,rpoB_p.Glu291Val,1.0,0.0,3) Uncertain significance,p.E291V
Rifampicin,rpoB,rpoB_p.Asp777Asn,2.0,0.0,3) Uncertain significance,p.D777N
Rifampicin,rpoB,rpoB_p.Ala1055Pro,,,3) Uncertain significance,p.A1055P
Rifampicin,rpoB,rpoB_p.Asn769Thr,1.0,0.0,3) Uncertain significance,p.N769T
Rifampicin,rpoB,rpoB_p.Arg952Lys,1.0,1.0,3) Uncertain significance,p.R952K
Rifampicin,rpoB,rpoB_p.Glu86Val,1.0,0.0,3) Uncertain significance,p.E86V
Rifampicin,rpoB,rpoB_p.Arg552Leu,34.0,1.0,3) Uncertain significance,p.R552L
Rifampicin,rpoB,rpoB_p.Ala977Ser,1.0,0.0,3) Uncertain significance,p.A977S
Rifampicin,rpoB,rpoB_p.Gly217Ser,2.0,2.0,3) Uncertain significance,p.G217S
Rifampicin,rpoB,rpoB_p.Ser195Arg,1.0,1.0,3) Uncertain significance,p.S195R
Rifampicin,rpoB,rpoB_p.Ala1172Pro,1.0,0.0,3) Uncertain significance,p.A1172P
Rifampicin,rpoB,rpoB_p.Glu156Gly,1.0,0.0,3) Uncertain significance,p.E156G
Rifampicin,rpoB,rpoB_p.Ala776Val,2.0,0.0,3) Uncertain significance,p.A776V
Rifampicin,rpoB,rpoB_p.Gln19Arg,8.0,1.0,3) Uncertain significance,p.Q19R
Rifampicin,rpoB,rpoB_p.Lys446Arg,1.0,1.0,2) Assoc w R - Interim,p.K446R
Rifampicin,rpoB,rpoB_p.Ala753Thr,,,3) Uncertain significance,p.A753T
Rifampicin,rpoB,rpoB_p.Glu639Asp,4.0,55.0,4) Not assoc w R - Interim,p.E639D
Rifampicin,rpoB,rpoB_p.His1028Arg,0.0,2.0,3) Uncertain significance,p.H1028R
Rifampicin,rpoB,rpoB_p.Pro906Leu,0.0,1.0,3) Uncertain significance,p.P906L
Rifampicin,rpoB,rpoB_p.Lys446Gln,4.0,1.0,2) Assoc w R - Interim,p.K446Q
Rifampicin,rpoB,rpoB_p.Pro856Leu,1.0,0.0,3) Uncertain significance,p.P856L
Rifampicin,rpoB,rpoB_p.Ala632Ser,,,3) Uncertain significance,p.A632S
Rifampicin,rpoB,rpoB_p.Asp777His,0.0,1.0,3) Uncertain significance,p.D777H
Rifampicin,rpoB,rpoB_p.Ser428Gly,1.0,0.0,2) Assoc w R - Interim,p.S428G
Rifampicin,rpoB,rpoB_p.Ala451Val,4.0,5.0,2) Assoc w R - Interim,p.A451V
Rifampicin,rpoB,rpoB_p.Ala960Glu,1.0,1.0,3) Uncertain significance,p.A960E
Rifampicin,rpoB,rpoB_p.Gln975His,33.0,11.0,3) Uncertain significance,p.Q975H
Rifampicin,rpoB,rpoB_p.Val216Ile,,,3) Uncertain significance,p.V216I
Rifampicin,rpoB,rpoB_p.Pro30Ala,2.0,4.0,3) Uncertain significance,p.P30A
Rifampicin,rpoB,rpoB_p.Ile588Val,6.0,1.0,3) Uncertain significance,p.I588V
Rifampicin,rpoB,rpoB_p.Met1070Thr,,,3) Uncertain significance,p.M1070T
Rifampicin,rpoB,rpoB_p.Asp265Gly,6.0,2.0,3) Uncertain significance,p.D265G
Rifampicin,rpoB,rpoB_p.Pro1014Ser,0.0,1.0,3) Uncertain significance,p.P1014S
Rifampicin,rpoB,rpoB_p.Ile480Val,58.0,3.0,3) Uncertain significance,p.I480V
Rifampicin,rpoB,rpoB_p.Asp851Pro,0.0,1.0,3) Uncertain significance,p.D851P
Rifampicin,rpoB,rpoB_p.Tyr866His,0.0,1.0,3) Uncertain significance,p.Y866H
Rifampicin,rpoB,rpoB_p.Arg499Trp,0.0,1.0,3) Uncertain significance,p.R499W
Rifampicin,rpoB,rpoB_p.Gly345Ser,0.0,1.0,3) Uncertain significance,p.G345S
Rifampicin,rpoB,rpoB_p.Pro45Ala,6.0,0.0,3) Uncertain significance,p.P45A
Rifampicin,rpoB,rpoB_p.Ile644Val,0.0,1.0,3) Uncertain significance,p.I644V
Rifampicin,rpoB,rpoB_p.Thr9Lys,0.0,1.0,3) Uncertain significance,p.T9K
Rifampicin,rpoB,rpoB_p.Ile783Val,0.0,1.0,3) Uncertain significance,p.I783V
Rifampicin,rpoB,rpoB_p.Ser428Arg,4.0,1.0,2) Assoc w R - Interim,p.S428R
Rifampicin,rpoB,rpoB_p.Asp270Glu,0.0,2.0,3) Uncertain significance,p.D270E
Rifampicin,rpoB,rpoB_p.Tyr572Cys,1.0,3.0,3) Uncertain significance,p.Y572C
Rifampicin,rpoB,rpoB_p.Ser254Pro,2.0,2.0,3) Uncertain significance,p.S254P
Rifampicin,rpoB,rpoB_p.Gly945Glu,1.0,7.0,3) Uncertain significance,p.G945E
Rifampicin,rpoB,rpoB_p.Gly693Val,0.0,1.0,3) Uncertain significance,p.G693V
Rifampicin,rpoB,rpoB_p.Leu452Met,0.0,1.0,2) Assoc w R - Interim,p.L452M
Rifampicin,rpoB,rpoB_p.Met154Ile,0.0,1.0,3) Uncertain significance,p.M154I
Rifampicin,rpoB,rpoB_p.Leu316Val,0.0,1.0,3) Uncertain significance,p.L316V
Rifampicin,rpoB,rpoB_p.Ala628Gly,0.0,1.0,3) Uncertain significance,p.A628G
Rifampicin,rpoB,rpoB_p.Val44Ala,0.0,1.0,3) Uncertain significance,p.V44A
Rifampicin,rpoB,rpoB_p.Tyr651His,,,3) Uncertain significance,p.Y651H
Rifampicin,rpoB,rpoB_p.His317Tyr,0.0,1.0,3) Uncertain significance,p.H317Y
Rifampicin,rpoB,rpoB_p.Ala68Val,0.0,1.0,3) Uncertain significance,p.A68V
Rifampicin,rpoB,rpoB_p.Glu320Asp,2.0,2.0,3) Uncertain significance,p.E320D
Rifampicin,rpoB,rpoB_p.Ser67Phe,0.0,1.0,3) Uncertain significance,p.S67F
Rifampicin,rpoB,rpoB_p.Glu789Lys,0.0,1.0,3) Uncertain significance,p.E789K
Rifampicin,rpoB,rpoB_p.Val715Ala,0.0,1.0,3) Uncertain significance,p.V715A
Rifampicin,rpoB,rpoB_p.Val129Ile,0.0,1.0,3) Uncertain significance,p.V129I
Rifampicin,rpoB,rpoB_p.Glu82Lys,0.0,1.0,3) Uncertain significance,p.E82K
Rifampicin,rpoB,rpoB_p.Asp114Asn,0.0,1.0,3) Uncertain significance,p.D114N
Rifampicin,rpoB,rpoB_p.Thr526Asn,0.0,1.0,3) Uncertain significance,p.T526N
Rifampicin,rpoB,rpoB_p.Arg307His,,,3) Uncertain significance,p.R307H
Rifampicin,rpoB,rpoB_p.Glu1130Val,0.0,1.0,3) Uncertain significance,p.E1130V
Rifampicin,rpoB,rpoB_p.Ser984Leu,0.0,1.0,3) Uncertain significance,p.S984L
Rifampicin,rpoB,rpoB_p.Ala974Gly,0.0,1.0,3) Uncertain significance,p.A974G
Rifampicin,rpoB,rpoB_p.Ala131Val,0.0,1.0,3) Uncertain significance,p.A131V
Rifampicin,rpoB,rpoB_p.Lys1102Arg,0.0,1.0,3) Uncertain significance,p.K1102R
Rifampicin,rpoB,rpoB_p.Asp1148Glu,,,3) Uncertain significance,p.D1148E
Rifampicin,rpoB,rpoB_p.Arg734His,,,3) Uncertain significance,p.R734H
Rifampicin,rpoB,rpoB_p.Ile751Val,,,3) Uncertain significance,p.I751V
Rifampicin,rpoB,rpoB_p.Val549Ile,0.0,1.0,3) Uncertain significance,p.V549I
Rifampicin,rpoB,rpoB_p.Pro89Ser,0.0,1.0,3) Uncertain significance,p.P89S
Rifampicin,rpoB,rpoB_p.Ala10Thr,0.0,1.0,3) Uncertain significance,p.A10T
Rifampicin,rpoB,rpoB_p.Glu337Lys,0.0,1.0,3) Uncertain significance,p.E337K
Rifampicin,rpoB,rpoB_p.Gly236Asp,0.0,1.0,3) Uncertain significance,p.G236D
Rifampicin,rpoB,rpoB_p.Thr660Asn,,,3) Uncertain significance,p.T660N
Rifampicin,rpoB,rpoB_p.Asp120Gly,,,3) Uncertain significance,p.D120G
Rifampicin,rpoB,rpoB_p.Phe590Cys,0.0,1.0,3) Uncertain significance,p.F590C
Rifampicin,rpoB,rpoB_p.Val994Ala,0.0,1.0,3) Uncertain significance,p.V994A
Rifampicin,rpoB,rpoB_p.Val517Met,0.0,1.0,3) Uncertain significance,p.V517M
Rifampicin,rpoB,rpoB_p.Ala334Asp,0.0,1.0,3) Uncertain significance,p.A334D
Rifampicin,rpoB,rpoB_p.Gly890Asp,0.0,1.0,3) Uncertain significance,p.G890D
Rifampicin,rpoB,rpoB_p.Ile162Val,,,3) Uncertain significance,p.I162V
Rifampicin,rpoB,rpoB_p.Asp49His,0.0,1.0,3) Uncertain significance,p.D49H
Rifampicin,rpoB,rpoB_p.Leu235Arg,0.0,1.0,3) Uncertain significance,p.L235R
Rifampicin,rpoB,rpoB_p.Leu893Val,0.0,1.0,3) Uncertain significance,p.L893V
Rifampicin,rpoB,rpoB_p.Val33Leu,,,3) Uncertain significance,p.V33L
Rifampicin,rpoB,rpoB_p.Gly642Ser,,,3) Uncertain significance,p.G642S
Rifampicin,rpoB,rpoB_p.Asn369Asp,0.0,1.0,3) Uncertain significance,p.N369D
Rifampicin,rpoB,rpoB_p.Arg459His,0.0,1.0,3) Uncertain significance,p.R459H
Rifampicin,rpoB,rpoB_p.Met121Ile,1.0,2.0,3) Uncertain significance,p.M121I
Rifampicin,rpoB,rpoB_p.Arg225Gln,0.0,1.0,3) Uncertain significance,p.R225Q
Rifampicin,rpoB,rpoB_p.Val946Gly,0.0,1.0,3) Uncertain significance,p.V946G
Rifampicin,rpoB,rpoB_p.Glu737Gly,0.0,1.0,3) Uncertain significance,p.E737G
Rifampicin,rpoB,rpoB_p.Glu1169Ala,0.0,1.0,3) Uncertain significance,p.E1169A
Rifampicin,rpoB,rpoB_p.Thr350Pro,0.0,1.0,3) Uncertain significance,p.T350P
Rifampicin,rpoB,rpoB_p.Ala544Val,0.0,1.0,3) Uncertain significance,p.A544V
Rifampicin,rpoB,rpoB_p.Arg849His,0.0,1.0,3) Uncertain significance,p.R849H
Rifampicin,rpoB,rpoB_p.Phe669Leu,0.0,1.0,3) Uncertain significance,p.F669L
Rifampicin,rpoB,rpoB_p.Glu805Ala,0.0,1.0,3) Uncertain significance,p.E805A
Rifampicin,rpoB,rpoB_p.Ala498Gly,0.0,1.0,3) Uncertain significance,p.A498G
Rifampicin,rpoB,rpoB_p.His656Gln,1.0,2.0,3) Uncertain significance,p.H656Q
Rifampicin,rpoB,rpoB_p.Asn724Ser,,,3) Uncertain significance,p.N724S
Rifampicin,rpoB,rpoB_p.Met153Val,0.0,1.0,3) Uncertain significance,p.M153V
Rifampicin,rpoB,rpoB_p.Arg990Leu,0.0,1.0,3) Uncertain significance,p.R990L
Rifampicin,rpoB,rpoB_p.Pro13Leu,0.0,1.0,3) Uncertain significance,p.P13L
Rifampicin,rpoB,rpoB_p.Ser441Lys,0.0,1.0,2) Assoc w R - Interim,p.S441K
Rifampicin,rpoB,rpoB_p.Ala632Gly,0.0,1.0,3) Uncertain significance,p.A632G
Rifampicin,rpoB,rpoB_p.Pro541Leu,0.0,1.0,3) Uncertain significance,p.P541L
Rifampicin,rpoB,rpoB_p.Ser21Phe,0.0,1.0,3) Uncertain significance,p.S21F
Rifampicin,rpoB,rpoB_p.Asp120Ala,0.0,1.0,3) Uncertain significance,p.D120A
Rifampicin,rpoB,rpoB_p.Glu460Gly,3.0,0.0,3) Uncertain significance,p.E460G
Rifampicin,rpoB,rpoB_p.Ala964Thr,0.0,1.0,3) Uncertain significance,p.A964T
Rifampicin,rpoB,rpoB_p.Val895Phe,0.0,1.0,3) Uncertain significance,p.V895F
Rifampicin,rpoB,rpoB_p.His749Tyr,2.0,8.0,3) Uncertain significance,p.H749Y
Rifampicin,rpoB,rpoB_p.Ala950Val,0.0,1.0,3) Uncertain significance,p.A950V
Rifampicin,rpoB,rpoB_p.Met1070Ile,,,3) Uncertain significance,p.M1070I
Rifampicin,rpoB,rpoB_p.Glu625Asp,0.0,1.0,3) Uncertain significance,p.E625D
Rifampicin,rpoB,rpoB_p.Ala868Val,0.0,1.0,3) Uncertain significance,p.A868V
Rifampicin,rpoB,rpoB_p.Arg499Gln,0.0,1.0,3) Uncertain significance,p.R499Q
Rifampicin,rpoB,rpoB_p.Tyr308Asp,4.0,1.0,3) Uncertain significance,p.Y308D
Rifampicin,rpoB,rpoB_p.Ser249Ala,0.0,1.0,3) Uncertain significance,p.S249A
Rifampicin,rpoB,rpoB_p.Asp997Glu,,,3) Uncertain significance,p.D997E
Rifampicin,rpoB,rpoB_p.Ser388Leu,4.0,56.0,5) Not assoc w R,p.S388L
Rifampicin,rpoB,rpoB_p.Pro1014Gln,0.0,1.0,3) Uncertain significance,p.P1014Q
Rifampicin,rpoB,rpoB_p.Asp993Gly,0.0,1.0,3) Uncertain significance,p.D993G
Rifampicin,rpoB,rpoB_p.Ala943Asp,0.0,1.0,3) Uncertain significance,p.A943D
Rifampicin,rpoB,rpoB_p.Ala934Val,0.0,1.0,3) Uncertain significance,p.A934V
Rifampicin,rpoB,rpoB_p.Arg304Cys,0.0,1.0,3) Uncertain significance,p.R304C
Rifampicin,rpoB,rpoB_p.Lys309Glu,0.0,1.0,3) Uncertain significance,p.K309E
Rifampicin,rpoB,rpoB_p.Gly945Arg,0.0,1.0,3) Uncertain significance,p.G945R
Rifampicin,rpoB,rpoB_p.Cys1126Phe,0.0,1.0,3) Uncertain significance,p.C1126F
Rifampicin,rpoB,rpoB_p.Val77Met,0.0,1.0,3) Uncertain significance,p.V77M
Rifampicin,rpoB,rpoB_p.Glu291Asp,0.0,1.0,3) Uncertain significance,p.E291D
Rifampicin,rpoB,rpoB_p.Gly560Asp,0.0,1.0,3) Uncertain significance,p.G560D
Rifampicin,rpoB,rpoB_p.Leu314Val,0.0,1.0,3) Uncertain significance,p.L314V
Rifampicin,rpoB,rpoB_p.Val351Ile,0.0,1.0,3) Uncertain significance,p.V351I
Rifampicin,rpoB,rpoB_p.Val332Ile,0.0,1.0,3) Uncertain significance,p.V332I
Rifampicin,rpoB,rpoB_p.Leu290Phe,0.0,1.0,3) Uncertain significance,p.L290F
Rifampicin,rpoB,rpoB_p.Val1168Phe,0.0,1.0,3) Uncertain significance,p.V1168F
Rifampicin,rpoB,rpoB_p.Leu232Val,0.0,1.0,3) Uncertain significance,p.L232V
Rifampicin,rpoB,rpoB_p.Leu1004Ile,0.0,1.0,3) Uncertain significance,p.L1004I
Rifampicin,rpoB,rpoB_p.Val1117Leu,0.0,1.0,3) Uncertain significance,p.V1117L
Rifampicin,rpoB,rpoB_p.Glu721Gly,0.0,1.0,3) Uncertain significance,p.E721G
Rifampicin,rpoB,rpoB_p.Glu240Gly,,,3) Uncertain significance,p.E240G
Rifampicin,rpoB,rpoB_p.Val262Phe,0.0,1.0,3) Uncertain significance,p.V262F
Rifampicin,rpoB,rpoB_p.Asp520Val,0.0,1.0,3) Uncertain significance,p.D520V
Rifampicin,rpoB,rpoB_p.Asp108Glu,,,3) Uncertain significance,p.D108E
Rifampicin,rpoB,rpoB_p.Asn1105Ser,0.0,1.0,3) Uncertain significance,p.N1105S
Rifampicin,rpoB,rpoB_p.Ile412Leu,0.0,1.0,3) Uncertain significance,p.I412L
Rifampicin,rpoB,rpoB_p.Pro719Ser,0.0,1.0,3) Uncertain significance,p.P719S
Rifampicin,rpoB,rpoB_p.Phe548Leu,0.0,1.0,3) Uncertain significance,p.F548L
Rifampicin,rpoB,rpoB_p.Ser641Arg,0.0,1.0,3) Uncertain significance,p.S641R
Rifampicin,rpoB,rpoB_p.Asp545Glu,5.0,6.0,3) Uncertain significance,p.D545E
Rifampicin,rpoB,rpoB_p.Glu959Lys,0.0,1.0,3) Uncertain significance,p.E959K
Rifampicin,rpoB,rpoB_p.Ser1009Thr,0.0,1.0,3) Uncertain significance,p.S1009T
Rifampicin,rpoB,rpoB_p.Gly560Ala,0.0,1.0,3) Uncertain significance,p.G560A
Rifampicin,rpoB,rpoB_p.Met707Thr,0.0,1.0,3) Uncertain significance,p.M707T
Rifampicin,rpoB,rpoB_p.Val583Ala,0.0,1.0,3) Uncertain significance,p.V583A
Rifampicin,rpoB,rpoB_p.Pro682Thr,0.0,1.0,3) Uncertain significance,p.P682T
Rifampicin,rpoB,rpoB_p.Asp1146Gly,,,3) Uncertain significance,p.D1146G
Rifampicin,rpoB,rpoB_p.Asp362His,0.0,1.0,3) Uncertain significance,p.D362H
Rifampicin,rpoB,rpoB_p.Pro27His,2.0,4.0,3) Uncertain significance,p.P27H
Rifampicin,rpoB,rpoB_p.Val310Gly,,,3) Uncertain significance,p.V310G
Rifampicin,rpoB,rpoB_p.Glu645Gly,0.0,1.0,3) Uncertain significance,p.E645G
Rifampicin,rpoB,rpoB_p.Val179Met,0.0,1.0,3) Uncertain significance,p.V179M
Rifampicin,rpoB,rpoB_p.Glu721Asp,0.0,1.0,3) Uncertain significance,p.E721D
Rifampicin,rpoB,rpoB_p.Glu639Gln,0.0,1.0,3) Uncertain significance,p.E639Q
Rifampicin,rpoB,rpoB_p.Asp209Asn,0.0,1.0,3) Uncertain significance,p.D209N
Rifampicin,rpoB,rpoB_p.Ser1134Arg,0.0,1.0,3) Uncertain significance,p.S1134R
Rifampicin,rpoB,rpoB_p.Pro988Ser,0.0,1.0,3) Uncertain significance,p.P988S
Rifampicin,rpoB,rpoB_p.Cys701Ser,0.0,1.0,3) Uncertain significance,p.C701S
Rifampicin,rpoB,rpoB_p.Gly95Arg,0.0,1.0,3) Uncertain significance,p.G95R
Rifampicin,rpoB,rpoB_p.Ser20Ile,0.0,2.0,3) Uncertain significance,p.S20I
Rifampicin,rpoB,rpoB_p.Pro988Ala,,,3) Uncertain significance,p.P988A
Rifampicin,rpoB,rpoB_p.Val867Ala,,,3) Uncertain significance,p.V867A
Rifampicin,rpoB,rpoB_p.Asp703Gly,0.0,1.0,3) Uncertain significance,p.D703G
Rifampicin,rpoB,rpoB_p.Pro321Ser,0.0,1.0,3) Uncertain significance,p.P321S
Rifampicin,rpoB,rpoB_p.Arg547Ser,0.0,1.0,3) Uncertain significance,p.R547S
Rifampicin,rpoB,rpoB_p.Gly659Asp,0.0,1.0,3) Uncertain significance,p.G659D
Rifampicin,rpoB,rpoB_p.Phe93Leu,0.0,2.0,3) Uncertain significance,p.F93L
Rifampicin,rpoB,rpoB_p.Met624Thr,0.0,1.0,3) Uncertain significance,p.M624T
Rifampicin,rpoB,rpoB_p.Glu70Val,0.0,1.0,3) Uncertain significance,p.E70V
Rifampicin,rpoB,rpoB_p.Asn137Asp,,,3) Uncertain significance,p.N137D
Rifampicin,rpoB,rpoB_p.Leu80Val,0.0,2.0,3) Uncertain significance,p.L80V
Rifampicin,rpoB,rpoB_p.Thr905Ile,0.0,1.0,3) Uncertain significance,p.T905I
Rifampicin,rpoB,rpoB_p.Ser98Ala,0.0,1.0,3) Uncertain significance,p.S98A
Rifampicin,rpoB,rpoB_p.Gly426Ser,0.0,1.0,2) Assoc w R - Interim,p.G426S
Rifampicin,rpoB,rpoB_p.Pro439Leu,,,2) Assoc w R - Interim,p.P439L
Rifampicin,rpoB,rpoB_p.Ala902Pro,,,3) Uncertain significance,p.A902P
Rifampicin,rpoB,rpoB_p.Gly492Ser,0.0,1.0,3) Uncertain significance,p.G492S
Rifampicin,rpoB,rpoB_p.Leu457Met,0.0,1.0,3) Uncertain significance,p.L457M
Rifampicin,rpoB,rpoB_p.Ala942Thr,0.0,1.0,3) Uncertain significance,p.A942T
Rifampicin,rpoB,rpoB_p.Ser239Arg,0.0,1.0,3) Uncertain significance,p.S239R
Rifampicin,rpoB,rpoB_p.Glu360Gln,,,3) Uncertain significance,p.E360Q
Rifampicin,rpoB,rpoB_p.Met666Ile,0.0,1.0,3) Uncertain significance,p.M666I
Rifampicin,rpoB,rpoB_p.Val198Met,,,3) Uncertain significance,p.V198M
Rifampicin,rpoB,rpoB_p.Gly354Ser,0.0,1.0,3) Uncertain significance,p.G354S
Rifampicin,rpoB,rpoB_p.Lys711Arg,0.0,1.0,3) Uncertain significance,p.K711R
Rifampicin,rpoB,rpoB_p.Thr347Asn,0.0,1.0,3) Uncertain significance,p.T347N
Rifampicin,rpoB,rpoB_p.Leu778Met,,,3) Uncertain significance,p.L778M
Rifampicin,rpoB,rpoB_p.Thr347Ile,0.0,1.0,3) Uncertain significance,p.T347I
Rifampicin,rpoB,rpoB_p.Thr52Ser,0.0,1.0,3) Uncertain significance,p.T52S
Rifampicin,rpoB,rpoB_p.Asn963Asp,0.0,1.0,3) Uncertain significance,p.N963D
Rifampicin,rpoB,rpoB_p.Glu646Gly,0.0,1.0,3) Uncertain significance,p.E646G
Rifampicin,rpoB,rpoB_p.Thr427Gly,,,2) Assoc w R - Interim,p.T427G
Rifampicin,rpoB,rpoB_p.Asn24Asp,0.0,1.0,3) Uncertain significance,p.N24D
Rifampicin,rpoB,rpoB_p.Val613Ile,0.0,1.0,3) Uncertain significance,p.V613I
Rifampicin,rpoB,rpoB_p.His935Arg,0.0,1.0,3) Uncertain significance,p.H935R
Rifampicin,rpoB,rpoB_p.Asn437Ser,1.0,1.0,2) Assoc w R - Interim,p.N437S
Rifampicin,rpoB,rpoB_p.Asp752Asn,0.0,1.0,3) Uncertain significance,p.D752N
Rifampicin,rpoB,rpoB_p.Glu91Gly,0.0,1.0,3) Uncertain significance,p.E91G
Rifampicin,rpoB,rpoB_p.His343Arg,,,3) Uncertain significance,p.H343R
Rifampicin,rpoB,rpoB_p.Ser1134Asn,0.0,2.0,3) Uncertain significance,p.S1134N
Rifampicin,rpoB,rpoB_p.Ala977Thr,0.0,2.0,3) Uncertain significance,p.A977T
Rifampicin,rpoB,rpoB_p.Glu639Lys,,,3) Uncertain significance,p.E639K
Rifampicin,rpoB,rpoB_p.Arg661Gln,0.0,2.0,3) Uncertain significance,p.R661Q
Rifampicin,rpoB,rpoB_p.Thr215Ala,,,3) Uncertain significance,p.T215A
Rifampicin,rpoB,rpoB_p.Asn673Ser,5.0,0.0,3) Uncertain significance,p.N673S
Rifampicin,rpoB,rpoB_p.Ala29Thr,0.0,1.0,3) Uncertain significance,p.A29T
Rifampicin,rpoB,rpoB_p.Glu825Gly,0.0,1.0,3) Uncertain significance,p.E825G
Rifampicin,rpoB,rpoB_p.Lys233Met,0.0,1.0,3) Uncertain significance,p.K233M
Rifampicin,rpoB,rpoB_p.His533Arg,0.0,1.0,3) Uncertain significance,p.H533R
Rifampicin,rpoB,rpoB_p.Met153Thr,0.0,3.0,3) Uncertain significance,p.M153T
Rifampicin,rpoB,rpoB_p.Lys944Asn,,,3) Uncertain significance,p.K944N
Rifampicin,rpoB,rpoB_p.Pro45Leu,17.0,0.0,3) Uncertain significance,p.P45L
Rifampicin,rpoB,rpoB_p.Lys298Arg,0.0,2.0,3) Uncertain significance,p.K298R
Rifampicin,rpoB,rpoB_p.Tyr564Cys,0.0,1.0,3) Uncertain significance,p.Y564C
Rifampicin,rpoB,rpoB_p.Asp903Asn,0.0,2.0,3) Uncertain significance,p.D903N
Rifampicin,rpoB,rpoB_p.Met1022Ile,0.0,2.0,3) Uncertain significance,p.M1022I
Rifampicin,rpoB,rpoB_p.Ala334Val,0.0,1.0,3) Uncertain significance,p.A334V
Rifampicin,rpoB,rpoB_p.Pro834Leu,0.0,1.0,3) Uncertain significance,p.P834L
Rifampicin,rpoB,rpoB_p.Cys681Gly,0.0,1.0,3) Uncertain significance,p.C681G
Rifampicin,rpoB,rpoB_p.Ile506Val,0.0,2.0,3) Uncertain significance,p.I506V
Rifampicin,rpoB,rpoB_p.Ile910Val,,,3) Uncertain significance,p.I910V
Rifampicin,rpoB,rpoB_p.Gly516Asp,0.0,2.0,3) Uncertain significance,p.G516D
Rifampicin,rpoB,rpoB_p.Ser1124Ala,0.0,2.0,3) Uncertain significance,p.S1124A
Rifampicin,rpoB,rpoB_p.Ile965Val,0.0,4.0,3) Uncertain significance,p.I965V
Rifampicin,rpoB,rpoB_p.Glu132Asp,0.0,2.0,3) Uncertain significance,p.E132D
Rifampicin,rpoB,rpoB_p.Asp631Gly,2.0,0.0,3) Uncertain significance,p.D631G
Rifampicin,rpoB,rpoB_p.Pro30Ser,0.0,2.0,3) Uncertain significance,p.P30S
Rifampicin,rpoB,rpoB_p.Glu1011Ala,0.0,1.0,3) Uncertain significance,p.E1011A
Rifampicin,rpoB,rpoB_p.Ala29Val,0.0,1.0,3) Uncertain significance,p.A29V
Rifampicin,rpoB,rpoB_p.Ile892Thr,0.0,2.0,3) Uncertain significance,p.I892T
Rifampicin,rpoB,rpoB_p.Asn963Ser,,,3) Uncertain significance,p.N963S
Rifampicin,rpoB,rpoB_p.Thr427Asn,0.0,1.0,2) Assoc w R - Interim,p.T427N
Rifampicin,rpoB,rpoB_p.Ser936Arg,0.0,4.0,3) Uncertain significance,p.S936R
Rifampicin,rpoB,rpoB_p.Ala998Val,0.0,2.0,3) Uncertain significance,p.A998V
Rifampicin,rpoB,rpoB_p.Thr52Pro,1.0,0.0,3) Uncertain significance,p.T52P
Rifampicin,rpoB,rpoB_p.Cys116Phe,,,3) Uncertain significance,p.C116F
Rifampicin,rpoB,rpoB_p.Asp211Val,0.0,2.0,3) Uncertain significance,p.D211V
Rifampicin,rpoB,rpoB_p.Pro454Leu,1.0,7.0,3) Uncertain significance,p.P454L
Rifampicin,rpoB,rpoB_p.Asp92Gly,8.0,0.0,3) Uncertain significance,p.D92G
Rifampicin,rpoB,rpoB_p.Ala527Val,0.0,1.0,3) Uncertain significance,p.A527V
Rifampicin,rpoB,rpoB_p.Met1003Thr,0.0,2.0,3) Uncertain significance,p.M1003T
Rifampicin,rpoB,rpoB_p.Phe971Leu,6.0,0.0,3) Uncertain significance,p.F971L
Rifampicin,rpoB,rpoB_p.Asn437Tyr,0.0,1.0,2) Assoc w R - Interim,p.N437Y
Rifampicin,rpoB,rpoB_p.Gln436Asn,0.0,1.0,2) Assoc w R - Interim,p.Q436N
Rifampicin,rpoB,rpoB_p.Gln1080Arg,2.0,0.0,3) Uncertain significance,p.Q1080R
Rifampicin,rpoB,rpoB_p.Asp545Ala,0.0,3.0,3) Uncertain significance,p.D545A
Rifampicin,rpoB,rpoB_p.Pro682Ala,0.0,2.0,3) Uncertain significance,p.P682A
Rifampicin,rpoB,rpoB_p.Ala1002Pro,0.0,3.0,3) Uncertain significance,p.A1002P
Rifampicin,rpoB,rpoB_p.Asp851Gly,0.0,3.0,3) Uncertain significance,p.D851G
Rifampicin,rpoB,rpoB_p.Glu156Asp,0.0,3.0,3) Uncertain significance,p.E156D
Rifampicin,rpoB,rpoB_p.Asp543Gly,0.0,2.0,3) Uncertain significance,p.D543G
Rifampicin,rpoB,rpoB_p.Pro502Leu,0.0,2.0,3) Uncertain significance,p.P502L
Rifampicin,rpoB,rpoB_p.Val129Gly,,,3) Uncertain significance,p.V129G
Rifampicin,rpoB,rpoB_p.Asp1006Gly,0.0,3.0,3) Uncertain significance,p.D1006G
Rifampicin,rpoB,rpoB_p.Met573Thr,0.0,2.0,3) Uncertain significance,p.M573T
Rifampicin,rpoB,rpoB_p.Glu344Gln,0.0,3.0,3) Uncertain significance,p.E344Q
Rifampicin,rpoB,rpoB_p.Val797Leu,,,3) Uncertain significance,p.V797L
Rifampicin,rpoB,rpoB_p.Val613Phe,0.0,5.0,3) Uncertain significance,p.V613F
Rifampicin,rpoB,rpoB_p.Pro280Leu,5.0,1.0,3) Uncertain significance,p.P280L
Rifampicin,rpoB,rpoB_p.Asp875Ala,0.0,1.0,3) Uncertain significance,p.D875A
Rifampicin,rpoB,rpoB_p.Pro954Arg,0.0,3.0,3) Uncertain significance,p.P954R
Rifampicin,rpoB,rpoB_p.Glu738Ala,0.0,1.0,3) Uncertain significance,p.E738A
Rifampicin,rpoB,rpoB_p.Phe1005Val,6.0,1.0,3) Uncertain significance,p.F1005V
Rifampicin,rpoB,rpoB_p.Met587Ile,,,3) Uncertain significance,p.M587I
Rifampicin,rpoB,rpoB_p.Asn487His,1.0,0.0,3) Uncertain significance,p.N487H
Rifampicin,rpoB,rpoB_p.Asn673Thr,0.0,1.0,3) Uncertain significance,p.N673T
Rifampicin,rpoB,rpoB_p.Met434Leu,0.0,1.0,2) Assoc w R - Interim,p.M434L
Rifampicin,rpoB,rpoB_p.Met477Arg,0.0,1.0,3) Uncertain significance,p.M477R
Rifampicin,rpoB,rpoB_p.Leu48Phe,0.0,4.0,3) Uncertain significance,p.L48F
Rifampicin,rpoB,rpoB_p.Gly516Arg,0.0,4.0,3) Uncertain significance,p.G516R
Rifampicin,rpoB,rpoB_p.Gln401Arg,1.0,1.0,3) Uncertain significance,p.Q401R
Rifampicin,rpoB,rpoB_p.Asp107Glu,0.0,4.0,3) Uncertain significance,p.D107E
Rifampicin,rpoB,rpoB_p.Leu957Val,1.0,1.0,3) Uncertain significance,p.L957V
Rifampicin,rpoB,rpoB_p.Asp53Asn,0.0,4.0,3) Uncertain significance,p.D53N
Rifampicin,rpoB,rpoB_p.Phe295Leu,1.0,6.0,3) Uncertain significance,p.F295L
Rifampicin,rpoB,rpoB_p.Ile491Val,10.0,2.0,3) Uncertain significance,p.I491V
Rifampicin,rpoB,rpoB_p.Cys1067Gly,0.0,1.0,3) Uncertain significance,p.C1067G
Rifampicin,rpoB,rpoB_p.Gly28Arg,0.0,4.0,3) Uncertain significance,p.G28R
Rifampicin,rpoB,rpoB_p.Glu1145Gly,0.0,4.0,3) Uncertain significance,p.E1145G
Rifampicin,rpoB,rpoB_p.Ser493Trp,0.0,2.0,3) Uncertain significance,p.S493W
Rifampicin,rpoB,rpoB_p.Glu639Gly,0.0,4.0,3) Uncertain significance,p.E639G
Rifampicin,rpoB,rpoB_p.Ala686Thr,0.0,4.0,3) Uncertain significance,p.A686T
Rifampicin,rpoB,rpoB_p.Asp955Asn,0.0,4.0,3) Uncertain significance,p.D955N
Rifampicin,rpoB,rpoB_p.Glu761Gly,1.0,1.0,3) Uncertain significance,p.E761G
Rifampicin,rpoB,rpoB_p.Asp103Glu,0.0,1.0,3) Uncertain significance,p.D103E
Rifampicin,rpoB,rpoB_p.Ala69Pro,0.0,6.0,3) Uncertain significance,p.A69P
Rifampicin,rpoB,rpoB_p.Ala943Thr,0.0,4.0,3) Uncertain significance,p.A943T
Rifampicin,rpoB,rpoB_p.Val534Ala,29.0,2.0,3) Uncertain significance,p.V534A
Rifampicin,rpoB,rpoB_p.Asn292Ser,0.0,6.0,3) Uncertain significance,p.N292S
Rifampicin,rpoB,rpoB_p.Gly376Val,3.0,0.0,3) Uncertain significance,p.G376V
Rifampicin,rpoB,rpoB_p.Asp515Tyr,0.0,5.0,3) Uncertain significance,p.D515Y
Rifampicin,rpoB,rpoB_p.Lys944Glu,2.0,49.0,5) Not assoc w R,p.K944E
Rifampicin,rpoB,rpoB_p.Glu721Lys,0.0,7.0,3) Uncertain significance,p.E721K
Rifampicin,rpoB,rpoB_p.Phe208Leu,0.0,9.0,3) Uncertain significance,p.F208L
Rifampicin,rpoB,rpoB_p.Leu893Arg,0.0,1.0,3) Uncertain significance,p.L893R
Rifampicin,rpoB,rpoB_p.Thr350Ile,0.0,18.0,4) Not assoc w R - Interim,p.T350I
Rifampicin,rpoB,rpoB_p.Lys822Thr,,,3) Uncertain significance,p.K822T
Rifampicin,rpoB,rpoB_p.Glu563Asp,0.0,12.0,3) Uncertain significance,p.E563D
Rifampicin,rpoB,rpoB_p.Arg791Cys,1.0,17.0,4) Not assoc w R - Interim,p.R791C
Rifampicin,rpoB,rpoB_p.Asp594Ala,0.0,1.0,3) Uncertain significance,p.D594A
Rifampicin,rpoB,rpoB_p.Lys891Glu,38.0,0.0,3) Uncertain significance,p.K891E
Rifampicin,rpoB,rpoB_p.Val113Ile,4.0,31.0,4) Not assoc w R - Interim,p.V113I
Rifampicin,rpoB,rpoB_p.Ile925Val,8.0,73.0,5) Not assoc w R,p.I925V
Rifampicin,rpoB,rpoB_p.Ser16Cys,0.0,13.0,5) Not assoc w R,p.S16C
Rifampicin,rpoB,rpoB_p.Met655Thr,0.0,25.0,5) Not assoc w R,p.M655T
Rifampicin,rpoB,rpoB_p.His343Gln,0.0,18.0,5) Not assoc w R,p.H343Q
Rifampicin,rpoB,rpoB_p.Asn381His,0.0,76.0,5) Not assoc w R,p.N381H
Rifampicin,rpoB,rpoB_p.Ala420Ser,,,3) Uncertain significance,p.A420S
Rifampicin,rpoB,rpoB_p.Ala998Gly,,,3) Uncertain significance,p.A998G
Rifampicin,rpoB,rpoB_p.Arg253Met,,,3) Uncertain significance,p.R253M
Rifampicin,rpoB,rpoB_p.Asp190Glu,,,3) Uncertain significance,p.D190E
Rifampicin,rpoB,rpoB_p.Asp993Glu,,,3) Uncertain significance,p.D993E
Rifampicin,rpoB,rpoB_p.Asp997Asn,,,3) Uncertain significance,p.D997N
Rifampicin,rpoB,rpoB_p.Cys985Ser,,,3) Uncertain significance,p.C985S
Rifampicin,rpoB,rpoB_p.Gln226Lys,,,3) Uncertain significance,p.Q226K
Rifampicin,rpoB,rpoB_p.Glu1140Gln,,,3) Uncertain significance,p.E1140Q
Rifampicin,rpoB,rpoB_p.Glu207Gly,,,3) Uncertain significance,p.E207G
Rifampicin,rpoB,rpoB_p.Glu360Asp,,,3) Uncertain significance,p.E360D
Rifampicin,rpoB,rpoB_p.Glu460Asp,,,3) Uncertain significance,p.E460D
Rifampicin,rpoB,rpoB_p.Ile717Val,,,3) Uncertain significance,p.I717V
Rifampicin,rpoB,rpoB_p.Ile770Val,,,3) Uncertain significance,p.I770V
Rifampicin,rpoB,rpoB_p.Leu995Met,,,3) Uncertain significance,p.L995M
Rifampicin,rpoB,rpoB_p.Lys157Met,,,3) Uncertain significance,p.K157M
Rifampicin,rpoB,rpoB_p.Met1025Leu,,,3) Uncertain significance,p.M1025L
Rifampicin,rpoB,rpoB_p.Met387Leu,,,3) Uncertain significance,p.M387L
Rifampicin,rpoB,rpoB_p.Pro439Ala,,,2) Assoc w R - Interim,p.P439A
Rifampicin,rpoB,rpoB_p.Ser1133Ala,,,3) Uncertain significance,p.S1133A
Rifampicin,rpoB,rpoB_p.Ser1134Lys,,,3) Uncertain significance,p.S1134K
Rifampicin,rpoB,rpoB_p.Ser201Gly,,,3) Uncertain significance,p.S201G
Rifampicin,rpoB,rpoB_p.Ser239Asn,,,3) Uncertain significance,p.S239N
Rifampicin,rpoB,rpoB_p.Ser458Thr,,,3) Uncertain significance,p.S458T
Rifampicin,rpoB,rpoB_p.Thr184Ser,,,3) Uncertain significance,p.T184S
Rifampicin,rpoB,rpoB_p.Thr288Ala,,,3) Uncertain significance,p.T288A
Rifampicin,rpoB,rpoB_p.Thr361Val,,,3) Uncertain significance,p.T361V
Rifampicin,rpoB,rpoB_p.Val351Ala,,,3) Uncertain significance,p.V351A
Rifampicin,rpoB,rpoB_p.Val740Thr,,,3) Uncertain significance,p.V740T
Streptomycin,rpsL,rpsL_p.Lys43Arg,3601.0,113.0,1) Assoc w R,p.K43R
Streptomycin,rpsL,rpsL_p.Lys88Arg,1057.0,27.0,1) Assoc w R,p.K88R
Streptomycin,rpsL,rpsL_p.Lys88Thr,10.0,0.0,1) Assoc w R,p.K88T
Streptomycin,rpsL,rpsL_p.Lys88Met,26.0,1.0,1) Assoc w R,p.K88M
Streptomycin,gid,gid_p.Ala134Glu,15.0,0.0,1) Assoc w R,p.A134E
Streptomycin,gid,gid_p.Pro84Leu,1.0,6.0,2) Assoc w R - Interim,p.P84L
Streptomycin,gid,gid_p.Leu79Ser,66.0,22.0,1) Assoc w R,p.L79S
Streptomycin,gid,gid_p.Leu79Trp,6.0,8.0,2) Assoc w R - Interim,p.L79W
Streptomycin,gid,gid_p.Gly37Arg,27.0,7.0,1) Assoc w R,p.G37R
Streptomycin,gid,gid_p.Ala138Val,26.0,14.0,1) Assoc w R,p.A138V
Streptomycin,gid,gid_p.Val105Glu,20.0,2.0,1) Assoc w R,p.V105E
Streptomycin,gid,gid_p.Leu91Pro,15.0,1.0,1) Assoc w R,p.L91P
Streptomycin,gid,gid_p.Leu50Arg,2.0,1.0,2) Assoc w R - Interim,p.L50R
Streptomycin,gid,gid_p.Leu90Arg,3.0,1.0,2) Assoc w R - Interim,p.L90R
Streptomycin,gid,gid_p.Trp45Arg,11.0,0.0,1) Assoc w R,p.W45R
Streptomycin,gid,gid_p.Gly73Ala,5.0,3.0,2) Assoc w R - Interim,p.G73A
Streptomycin,gid,gid_p.Ala80Pro,16.0,0.0,1) Assoc w R,p.A80P
Streptomycin,gid,gid_p.Gly37Val,15.0,1.0,1) Assoc w R,p.G37V
Streptomycin,gid,gid_p.Ser70Arg,18.0,7.0,1) Assoc w R,p.S70R
Streptomycin,gid,gid_p.Ala200Glu,13.0,1.0,1) Assoc w R,p.A200E
Streptomycin,gid,gid_p.Ser149Arg,18.0,10.0,1) Assoc w R,p.S149R
Streptomycin,gid,gid_p.His48Gln,19.0,5.0,1) Assoc w R,p.H48Q
Streptomycin,gid,gid_p.Ser70Asn,16.0,1.0,1) Assoc w R,p.S70N
Streptomycin,gid,gid_p.Gly73Glu,14.0,2.0,1) Assoc w R,p.G73E
Streptomycin,gid,gid_p.Val77Gly,3.0,3.0,2) Assoc w R - Interim,p.V77G
Streptomycin,gid,gid_p.Gly73Arg,1.0,3.0,2) Assoc w R - Interim,p.G73R
Streptomycin,gid,gid_p.Glu40Lys,7.0,0.0,1) Assoc w R,p.E40K
Streptomycin,gid,gid_p.Val77Ala,16.0,4.0,1) Assoc w R,p.V77A
Streptomycin,gid,gid_p.Arg137Trp,14.0,8.0,1) Assoc w R,p.R137W
Streptomycin,gid,gid_p.Asp67Gly,7.0,1.0,1) Assoc w R,p.D67G
Streptomycin,gid,gid_p.Pro75Ser,9.0,6.0,1) Assoc w R,p.P75S
Streptomycin,Rv1258c,Rv1258c_p.Ala29Glu,23.0,0.0,3) Uncertain significance,p.A29E
Streptomycin,gid,gid_p.Asn51Lys,7.0,1.0,1) Assoc w R,p.N51K
Streptomycin,gid,gid_p.Val65Gly,10.0,9.0,1) Assoc w R,p.V65G
Streptomycin,gid,gid_p.Gly69Asp,10.0,4.0,1) Assoc w R,p.G69D
Streptomycin,gid,gid_p.Val65Ala,19.0,9.0,1) Assoc w R,p.V65A
Streptomycin,rpsL,rpsL_p.Lys88Gln,9.0,3.0,1) Assoc w R,p.K88Q
Streptomycin,gid,gid_p.Asp67His,6.0,0.0,1) Assoc w R,p.D67H
Streptomycin,gid,gid_p.Ala138Glu,8.0,0.0,1) Assoc w R,p.A138E
Streptomycin,gid,gid_p.Gly37Ala,13.0,12.0,1) Assoc w R,p.G37A
Streptomycin,gid,gid_p.Glu92Lys,4.0,0.0,2) Assoc w R - Interim,p.E92K
Streptomycin,gid,gid_p.Pro75Arg,9.0,2.0,1) Assoc w R,p.P75R
Streptomycin,gid,gid_p.Ala82Pro,5.0,1.0,1) Assoc w R,p.A82P
Streptomycin,gid,gid_p.Ile68Ser,4.0,0.0,3) Uncertain significance,p.I68S
Streptomycin,gid,gid_p.His48Pro,1.0,0.0,3) Uncertain significance,p.H48P
Streptomycin,gid,gid_p.Gly34Val,10.0,3.0,1) Assoc w R,p.G34V
Streptomycin,gid,gid_p.Leu91Arg,7.0,2.0,1) Assoc w R,p.L91R
Streptomycin,gid,gid_p.Glu170Lys,7.0,6.0,1) Assoc w R,p.E170K
Streptomycin,gid,gid_p.Ala167Asp,10.0,3.0,1) Assoc w R,p.A167D
Streptomycin,gid,gid_p.Pro75Leu,6.0,3.0,1) Assoc w R,p.P75L
Streptomycin,gid,gid_p.Gly71Arg,3.0,0.0,3) Uncertain significance,p.G71R
Streptomycin,gid,gid_p.His48Tyr,1.0,4.0,2) Assoc w R - Interim,p.H48Y
Streptomycin,gid,gid_p.Gly34Trp,7.0,2.0,1) Assoc w R,p.G34W
Streptomycin,gid,gid_p.Arg83Pro,7.0,3.0,1) Assoc w R,p.R83P
Streptomycin,gid,gid_p.Arg96Leu,1.0,0.0,2) Assoc w R - Interim,p.R96L
Streptomycin,gid,gid_p.Glu92Gly,1.0,0.0,2) Assoc w R - Interim,p.E92G
Streptomycin,gid,gid_p.Arg96Cys,5.0,3.0,2) Assoc w R - Interim,p.R96C
Streptomycin,gid,gid_p.Asp132Tyr,0.0,1.0,2) Assoc w R - Interim,p.D132Y
Streptomycin,gid,gid_p.Phe100Val,6.0,2.0,1) Assoc w R,p.F100V
Streptomycin,gid,gid_p.Ala140Pro,3.0,0.0,3) Uncertain significance,p.A140P
Streptomycin,gid,gid_p.Arg102Pro,2.0,0.0,3) Uncertain significance,p.R102P
Streptomycin,gid,gid_p.Gly117Glu,1.0,0.0,3) Uncertain significance,p.G117E
Streptomycin,gid,gid_p.Val36Gly,7.0,3.0,1) Assoc w R,p.V36G
Streptomycin,gid,gid_p.Gly76Asp,5.0,0.0,1) Assoc w R,p.G76D
Streptomycin,gid,gid_p.Leu26Phe,2.0,1.0,2) Assoc w R - Interim,p.L26F
Streptomycin,gid,gid_p.Arg47Gln,8.0,3.0,1) Assoc w R,p.R47Q
Streptomycin,gid,gid_p.Val110Ala,,,3) Uncertain significance,p.V110A
Streptomycin,Rv1258c,Rv1258c_p.Gly195Asp,4.0,0.0,3) Uncertain significance,p.G195D
Streptomycin,gid,gid_p.Ala161Asp,5.0,1.0,1) Assoc w R,p.A161D
Streptomycin,gid,gid_p.Leu101Val,3.0,0.0,3) Uncertain significance,p.L101V
Streptomycin,gid,gid_p.Leu35Arg,3.0,0.0,3) Uncertain significance,p.L35R
Streptomycin,gid,gid_p.Ala119Asp,6.0,4.0,1) Assoc w R,p.A119D
Streptomycin,gid,gid_p.Leu145Phe,1.0,2.0,3) Uncertain significance,p.L145F
Streptomycin,gid,gid_p.Ala19Pro,3.0,3.0,3) Uncertain significance,p.A19P
Streptomycin,gid,gid_p.Asp63Tyr,3.0,0.0,3) Uncertain significance,p.D63Y
Streptomycin,gid,gid_p.Val88Ala,6.0,4.0,1) Assoc w R,p.V88A
Streptomycin,gid,gid_p.Arg137Pro,2.0,4.0,2) Assoc w R - Interim,p.R137P
Streptomycin,rpsL,rpsL_p.Lys43Met,2.0,0.0,3) Uncertain significance,p.K43M
Streptomycin,gid,gid_p.Gly117Arg,5.0,7.0,3) Uncertain significance,p.G117R
Streptomycin,gid,gid_p.Arg83Gly,1.0,2.0,2) Assoc w R - Interim,p.R83G
Streptomycin,gid,gid_p.Gly164Asp,5.0,1.0,1) Assoc w R,p.G164D
Streptomycin,gid,gid_p.Glu40Gln,2.0,0.0,3) Uncertain significance,p.E40Q
Streptomycin,gid,gid_p.Val124Ala,2.0,1.0,2) Assoc w R - Interim,p.V124A
Streptomycin,gid,gid_p.Arg83Gln,1.0,0.0,3) Uncertain significance,p.R83Q
Streptomycin,gid,gid_p.Val124Gly,6.0,5.0,3) Uncertain significance,p.V124G
Streptomycin,whiB7,whiB7_p.Gly67Val,11.0,0.0,3) Uncertain significance,p.G67V
Streptomycin,gid,gid_p.Asp85Ala,4.0,1.0,1) Assoc w R,p.D85A
Streptomycin,gid,gid_p.Gly69Arg,1.0,0.0,3) Uncertain significance,p.G69R
Streptomycin,gid,gid_p.Val202Gly,,,3) Uncertain significance,p.V202G
Streptomycin,gid,gid_p.Thr146Lys,3.0,0.0,2) Assoc w R - Interim,p.T146K
Streptomycin,gid,gid_p.Arg96Pro,1.0,0.0,3) Uncertain significance,p.R96P
Streptomycin,gid,gid_p.Met178Arg,2.0,0.0,3) Uncertain significance,p.M178R
Streptomycin,gid,gid_p.Leu74Ser,4.0,4.0,3) Uncertain significance,p.L74S
Streptomycin,gid,gid_p.Arg64Pro,2.0,0.0,3) Uncertain significance,p.R64P
Streptomycin,gid,gid_p.Gly37Glu,4.0,0.0,2) Assoc w R - Interim,p.G37E
Streptomycin,gid,gid_p.Ala138Leu,,,3) Uncertain significance,p.A138L
Streptomycin,whiB7,whiB7_p.Ala92Thr,3.0,0.0,3) Uncertain significance,p.A92T
Streptomycin,gid,gid_p.Arg20Pro,3.0,12.0,3) Uncertain significance,p.R20P
Streptomycin,gid,gid_p.Ala19Thr,4.0,1.0,1) Assoc w R,p.A19T
Streptomycin,gid,gid_p.Ala133Thr,3.0,0.0,3) Uncertain significance,p.A133T
Streptomycin,gid,gid_p.Leu152Ser,3.0,0.0,2) Assoc w R - Interim,p.L152S
Streptomycin,gid,gid_p.Gly34Glu,3.0,2.0,3) Uncertain significance,p.G34E
Streptomycin,gid,gid_p.Met150Arg,1.0,0.0,3) Uncertain significance,p.M150R
Streptomycin,gid,gid_p.Leu160Arg,,,3) Uncertain significance,p.L160R
Streptomycin,gid,gid_p.Arg64Trp,2.0,0.0,3) Uncertain significance,p.R64W
Streptomycin,gid,gid_p.Phe12Val,2.0,0.0,3) Uncertain significance,p.F12V
Streptomycin,gid,gid_p.Gly73Val,2.0,0.0,3) Uncertain significance,p.G73V
Streptomycin,gid,gid_p.Arg97His,1.0,0.0,3) Uncertain significance,p.R97H
Streptomycin,gid,gid_p.Gly117Trp,,,3) Uncertain significance,p.G117W
Streptomycin,gid,gid_p.Gly30Asp,6.0,2.0,1) Assoc w R,p.G30D
Streptomycin,gid,gid_p.Leu142Ser,2.0,0.0,3) Uncertain significance,p.L142S
Streptomycin,gid,gid_p.Asn51Asp,6.0,1.0,3) Uncertain significance,p.N51D
Streptomycin,gid,gid_p.Val88Gly,2.0,1.0,3) Uncertain significance,p.V88G
Streptomycin,gid,gid_p.Arg137Leu,1.0,1.0,3) Uncertain significance,p.R137L
Streptomycin,gid,gid_p.Leu35Pro,3.0,2.0,3) Uncertain significance,p.L35P
Streptomycin,gid,gid_p.Leu86Pro,4.0,2.0,3) Uncertain significance,p.L86P
Streptomycin,gid,gid_p.Leu59Arg,,,3) Uncertain significance,p.L59R
Streptomycin,gid,gid_p.Leu94Pro,3.0,1.0,3) Uncertain significance,p.L94P
Streptomycin,gid,gid_p.Pro93Leu,6.0,8.0,3) Uncertain significance,p.P93L
Streptomycin,gid,gid_p.Leu108Arg,1.0,0.0,3) Uncertain significance,p.L108R
Streptomycin,gid,gid_p.Val135Gly,6.0,3.0,1) Assoc w R,p.V135G
Streptomycin,gid,gid_p.Leu50Met,2.0,0.0,3) Uncertain significance,p.L50M
Streptomycin,rpsL,rpsL_p.Arg86Gln,5.0,0.0,3) Uncertain significance,p.R86Q
Streptomycin,gid,gid_p.Val139Ala,,,3) Uncertain significance,p.V139A
Streptomycin,gid,gid_p.Pro75Ala,1.0,0.0,3) Uncertain significance,p.P75A
Streptomycin,gid,gid_p.Gly117Val,2.0,1.0,3) Uncertain significance,p.G117V
Streptomycin,gid,gid_p.Trp45Ser,,,3) Uncertain significance,p.W45S
Streptomycin,Rv1258c,Rv1258c_p.Val245Met,1.0,0.0,3) Uncertain significance,p.V245M
Streptomycin,gid,gid_p.Met218Val,3.0,0.0,3) Uncertain significance,p.M218V
Streptomycin,gid,gid_p.Leu145Ser,5.0,3.0,3) Uncertain significance,p.L145S
Streptomycin,gid,gid_p.Ile153Thr,1.0,1.0,3) Uncertain significance,p.I153T
Streptomycin,gid,gid_p.Arg137Gln,3.0,5.0,3) Uncertain significance,p.R137Q
Streptomycin,gid,gid_p.Val203Leu,1.0,1.0,3) Uncertain significance,p.V203L
Streptomycin,gid,gid_p.Leu101Phe,3.0,3.0,3) Uncertain significance,p.L101F
Streptomycin,gid,gid_p.Leu49Pro,2.0,1.0,3) Uncertain significance,p.L49P
Streptomycin,gid,gid_p.Pro78Leu,,,3) Uncertain significance,p.P78L
Streptomycin,gid,gid_p.Leu49Arg,2.0,2.0,3) Uncertain significance,p.L49R
Streptomycin,gid,gid_p.Gly73Trp,1.0,1.0,3) Uncertain significance,p.G73W
Streptomycin,gid,gid_p.Arg118Ser,3.0,1.0,3) Uncertain significance,p.R118S
Streptomycin,gid,gid_p.Val115Ala,1.0,0.0,3) Uncertain significance,p.V115A
Streptomycin,gid,gid_p.Gly62Ser,1.0,0.0,3) Uncertain significance,p.G62S
Streptomycin,gid,gid_p.Leu86Arg,3.0,3.0,3) Uncertain significance,p.L86R
Streptomycin,gid,gid_p.Val188Ala,1.0,0.0,3) Uncertain significance,p.V188A
Streptomycin,gid,gid_p.Leu90Pro,3.0,0.0,3) Uncertain significance,p.L90P
Streptomycin,gid,gid_p.Val66Met,1.0,0.0,3) Uncertain significance,p.V66M
Streptomycin,gid,gid_p.Leu16Pro,2.0,0.0,3) Uncertain significance,p.L16P
Streptomycin,gid,gid_p.Gly34Arg,2.0,4.0,3) Uncertain significance,p.G34R
Streptomycin,gid,gid_p.Ala183Glu,1.0,0.0,3) Uncertain significance,p.A183E
Streptomycin,gid,gid_p.Gly157Glu,2.0,0.0,3) Uncertain significance,p.G157E
Streptomycin,gid,gid_p.Arg47Trp,4.0,3.0,3) Uncertain significance,p.R47W
Streptomycin,gid,gid_p.Leu142Trp,0.0,1.0,3) Uncertain significance,p.L142W
Streptomycin,gid,gid_p.Arg47Pro,,,3) Uncertain significance,p.R47P
Streptomycin,gid,gid_p.Glu92Val,1.0,0.0,3) Uncertain significance,p.E92V
Streptomycin,rpsL,rpsL_p.Val55Met,,,3) Uncertain significance,p.V55M
Streptomycin,gid,gid_p.Gly164Arg,,,3) Uncertain significance,p.G164R
Streptomycin,gid,gid_p.Ala200Val,1.0,0.0,3) Uncertain significance,p.A200V
Streptomycin,gid,gid_p.Arg154Trp,,,3) Uncertain significance,p.R154W
Streptomycin,gid,gid_p.Glu92Gln,3.0,4.0,3) Uncertain significance,p.E92Q
Streptomycin,gid,gid_p.Pro84Thr,1.0,0.0,3) Uncertain significance,p.P84T
Streptomycin,gid,gid_p.Cys52Phe,1.0,0.0,3) Uncertain significance,p.C52F
Streptomycin,gid,gid_p.Asp67Asn,1.0,0.0,3) Uncertain significance,p.D67N
Streptomycin,gid,gid_p.Leu26Ser,2.0,1.0,3) Uncertain significance,p.L26S
Streptomycin,gid,gid_p.Asp85Gly,1.0,0.0,3) Uncertain significance,p.D85G
Streptomycin,gid,gid_p.Val177Met,,,3) Uncertain significance,p.V177M
Streptomycin,gid,gid_p.Leu86His,1.0,0.0,3) Uncertain significance,p.L86H
Streptomycin,gid,gid_p.Lys163Glu,1.0,2.0,3) Uncertain significance,p.K163E
Streptomycin,gid,gid_p.Cys191Arg,1.0,0.0,3) Uncertain significance,p.C191R
Streptomycin,gid,gid_p.Val124Leu,,,3) Uncertain significance,p.V124L
Streptomycin,gid,gid_p.His48Asn,6.0,3.0,3) Uncertain significance,p.H48N
Streptomycin,gid,gid_p.Leu26Trp,1.0,0.0,3) Uncertain significance,p.L26W
Streptomycin,gid,gid_p.Ile11Asn,1.0,0.0,3) Uncertain significance,p.I11N
Streptomycin,gid,gid_p.Gly157Arg,2.0,5.0,3) Uncertain significance,p.G157R
Streptomycin,gid,gid_p.His174Asp,1.0,0.0,3) Uncertain significance,p.H174D
Streptomycin,gid,gid_p.Leu44Pro,1.0,0.0,3) Uncertain significance,p.L44P
Streptomycin,gid,gid_p.Val124Met,1.0,0.0,3) Uncertain significance,p.V124M
Streptomycin,gid,gid_p.Pro151Leu,1.0,0.0,3) Uncertain significance,p.P151L
Streptomycin,gid,gid_p.Arg175Pro,,,3) Uncertain significance,p.R175P
Streptomycin,gid,gid_p.Ala19Asp,1.0,0.0,3) Uncertain significance,p.A19D
Streptomycin,whiB7,whiB7_p.Gly23Asp,1.0,0.0,3) Uncertain significance,p.G23D
Streptomycin,gid,gid_p.Met104Lys,1.0,0.0,3) Uncertain significance,p.M104K
Streptomycin,gid,gid_p.Arg97Leu,1.0,1.0,3) Uncertain significance,p.R97L
Streptomycin,gid,gid_p.Arg83Leu,,,3) Uncertain significance,p.R83L
Streptomycin,gid,gid_p.Val89Gly,,,3) Uncertain significance,p.V89G
Streptomycin,gid,gid_p.Phe100Leu,,,3) Uncertain significance,p.F100L
Streptomycin,gid,gid_p.Ala138Pro,1.0,4.0,3) Uncertain significance,p.A138P
Streptomycin,gid,gid_p.Gly192Arg,1.0,0.0,3) Uncertain significance,p.G192R
Streptomycin,gid,gid_p.Arg118Cys,,,3) Uncertain significance,p.R118C
Streptomycin,gid,gid_p.Pro93Arg,,,3) Uncertain significance,p.P93R
Streptomycin,gid,gid_p.Ile81Thr,2.0,1.0,3) Uncertain significance,p.I81T
Streptomycin,gid,gid_p.Ser70Gly,0.0,1.0,3) Uncertain significance,p.S70G
Streptomycin,gid,gid_p.Trp45Gly,1.0,0.0,3) Uncertain significance,p.W45G
Streptomycin,gid,gid_p.Ala134Pro,1.0,0.0,3) Uncertain significance,p.A134P
Streptomycin,gid,gid_p.Leu101Arg,1.0,0.0,3) Uncertain significance,p.L101R
Streptomycin,gid,gid_p.Ile68Asn,1.0,0.0,3) Uncertain significance,p.I68N
Streptomycin,gid,gid_p.Gly182Val,,,3) Uncertain significance,p.G182V
Streptomycin,gid,gid_p.Arg118His,1.0,0.0,3) Uncertain significance,p.R118H
Streptomycin,gid,gid_p.Met178Thr,1.0,0.0,3) Uncertain significance,p.M178T
Streptomycin,gid,gid_p.Leu35Gln,1.0,0.0,3) Uncertain significance,p.L35Q
Streptomycin,gid,gid_p.Cys52Tyr,1.0,0.0,3) Uncertain significance,p.C52Y
Streptomycin,whiB7,whiB7_p.Ala92Val,1.0,0.0,3) Uncertain significance,p.A92V
Streptomycin,gid,gid_p.Val66Ala,,,3) Uncertain significance,p.V66A
Streptomycin,gid,gid_p.Leu18Arg,1.0,0.0,3) Uncertain significance,p.L18R
Streptomycin,gid,gid_p.Ala205Glu,1.0,0.0,3) Uncertain significance,p.A205E
Streptomycin,gid,gid_p.Ile162Ser,1.0,0.0,3) Uncertain significance,p.I162S
Streptomycin,gid,gid_p.Gly62Val,1.0,0.0,3) Uncertain significance,p.G62V
Streptomycin,gid,gid_p.Arg96His,2.0,3.0,3) Uncertain significance,p.R96H
Streptomycin,gid,gid_p.Leu35Met,2.0,0.0,3) Uncertain significance,p.L35M
Streptomycin,gid,gid_p.Val115Gly,2.0,5.0,3) Uncertain significance,p.V115G
Streptomycin,gid,gid_p.Leu86Gln,1.0,0.0,3) Uncertain significance,p.L86Q
Streptomycin,gid,gid_p.Leu50Pro,2.0,4.0,3) Uncertain significance,p.L50P
Streptomycin,gid,gid_p.Ile114Asn,2.0,0.0,3) Uncertain significance,p.I114N
Streptomycin,gid,gid_p.Leu160Pro,1.0,0.0,3) Uncertain significance,p.L160P
Streptomycin,gid,gid_p.Arg166Pro,1.0,0.0,3) Uncertain significance,p.R166P
Streptomycin,gid,gid_p.Arg154Pro,5.0,14.0,3) Uncertain significance,p.R154P
Streptomycin,gid,gid_p.Leu49Val,,,3) Uncertain significance,p.L49V
Streptomycin,gid,gid_p.Thr98Pro,2.0,1.0,3) Uncertain significance,p.T98P
Streptomycin,gid,gid_p.Leu86Phe,4.0,6.0,3) Uncertain significance,p.L86F
Streptomycin,gid,gid_p.Tyr22Ser,,,3) Uncertain significance,p.Y22S
Streptomycin,gid,gid_p.Ala138Thr,2.0,2.0,3) Uncertain significance,p.A138T
Streptomycin,gid,gid_p.Ala119Thr,27.0,64.0,3) Uncertain significance,p.A119T
Streptomycin,gid,gid_p.Val203Met,2.0,2.0,3) Uncertain significance,p.V203M
Streptomycin,gid,gid_p.Arg21Pro,1.0,1.0,3) Uncertain significance,p.R21P
Streptomycin,gid,gid_p.Leu79Phe,0.0,8.0,3) Uncertain significance,p.L79F
Streptomycin,gid,gid_p.Ala180Gly,1.0,0.0,3) Uncertain significance,p.A180G
Streptomycin,gid,gid_p.Arg21Trp,5.0,0.0,3) Uncertain significance,p.R21W
Streptomycin,gid,gid_p.Leu94Arg,,,3) Uncertain significance,p.L94R
Streptomycin,gid,gid_p.Ala80Glu,1.0,1.0,3) Uncertain significance,p.A80E
Streptomycin,gid,gid_p.Tyr22Cys,1.0,1.0,3) Uncertain significance,p.Y22C
Streptomycin,gid,gid_p.Glu40Ala,0.0,1.0,3) Uncertain significance,p.E40A
Streptomycin,gid,gid_p.Arg47Leu,1.0,1.0,3) Uncertain significance,p.R47L
Streptomycin,Rv1258c,Rv1258c_p.Gly229Arg,2.0,0.0,3) Uncertain significance,p.G229R
Streptomycin,gid,gid_p.Gly130Arg,2.0,0.0,3) Uncertain significance,p.G130R
Streptomycin,gid,gid_p.Leu44Gln,1.0,0.0,3) Uncertain significance,p.L44Q
Streptomycin,gid,gid_p.Asp63His,2.0,1.0,3) Uncertain significance,p.D63H
Streptomycin,gid,gid_p.Ala25Pro,2.0,1.0,3) Uncertain significance,p.A25P
Streptomycin,gid,gid_p.Arg158Leu,1.0,0.0,3) Uncertain significance,p.R158L
Streptomycin,gid,gid_p.Gly76Arg,1.0,1.0,3) Uncertain significance,p.G76R
Streptomycin,Rv1258c,Rv1258c_p.Gly7Ser,1.0,0.0,3) Uncertain significance,p.G7S
Streptomycin,gid,gid_p.Gly109Val,1.0,0.0,3) Uncertain significance,p.G109V
Streptomycin,gid,gid_p.Leu90Phe,1.0,2.0,3) Uncertain significance,p.L90F
Streptomycin,gid,gid_p.Asp67Ala,1.0,1.0,3) Uncertain significance,p.D67A
Streptomycin,gid,gid_p.Leu58Pro,,,3) Uncertain significance,p.L58P
Streptomycin,gid,gid_p.Pro78Arg,1.0,0.0,3) Uncertain significance,p.P78R
Streptomycin,gid,gid_p.Tyr195Cys,,,3) Uncertain significance,p.Y195C
Streptomycin,gid,gid_p.Gly71Glu,0.0,2.0,3) Uncertain significance,p.G71E
Streptomycin,gid,gid_p.Arg118Leu,2.0,1.0,3) Uncertain significance,p.R118L
Streptomycin,gid,gid_p.Thr190Ile,1.0,0.0,3) Uncertain significance,p.T190I
Streptomycin,gid,gid_p.Ser70Ile,1.0,1.0,3) Uncertain significance,p.S70I
Streptomycin,gid,gid_p.Val112Gly,1.0,2.0,3) Uncertain significance,p.V112G
Streptomycin,rpsL,rpsL_p.Arg30Cys,1.0,0.0,3) Uncertain significance,p.R30C
Streptomycin,gid,gid_p.Ala133Pro,,,3) Uncertain significance,p.A133P
Streptomycin,gid,gid_p.Ala72Val,1.0,1.0,3) Uncertain significance,p.A72V
Streptomycin,gid,gid_p.Pro93Gln,,,3) Uncertain significance,p.P93Q
Streptomycin,gid,gid_p.Gly71Ala,1.0,1.0,3) Uncertain significance,p.G71A
Streptomycin,gid,gid_p.Cys191Trp,1.0,2.0,3) Uncertain significance,p.C191W
Streptomycin,gid,gid_p.Ala27Pro,2.0,3.0,3) Uncertain significance,p.A27P
Streptomycin,Rv1258c,Rv1258c_p.Pro369Thr,1.0,1.0,3) Uncertain significance,p.P369T
Streptomycin,Rv1258c,Rv1258c_p.Val285Ile,3.0,0.0,3) Uncertain significance,p.V285I
Streptomycin,gid,gid_p.Gln210His,,,3) Uncertain significance,p.Q210H
Streptomycin,gid,gid_p.Val41Ile,1.0,1.0,3) Uncertain significance,p.V41I
Streptomycin,gid,gid_p.Val171Gly,0.0,1.0,3) Uncertain significance,p.V171G
Streptomycin,gid,gid_p.Lys163Asn,1.0,2.0,3) Uncertain significance,p.K163N
Streptomycin,gid,gid_p.Cys191Phe,,,3) Uncertain significance,p.C191F
Streptomycin,gid,gid_p.Leu128Ser,1.0,0.0,3) Uncertain significance,p.L128S
Streptomycin,gid,gid_p.Asp67Glu,1.0,1.0,3) Uncertain significance,p.D67E
Streptomycin,gid,gid_p.Glu40Gly,,,3) Uncertain significance,p.E40G
Streptomycin,gid,gid_p.Gly164Val,0.0,1.0,3) Uncertain significance,p.G164V
Streptomycin,whiB7,whiB7_p.Lys40Asn,,,3) Uncertain significance,p.K40N
Streptomycin,gid,gid_p.Arg166Trp,1.0,1.0,3) Uncertain significance,p.R166W
Streptomycin,gid,gid_p.Gly208Glu,1.0,0.0,3) Uncertain significance,p.G208E
Streptomycin,gid,gid_p.Arg197Pro,0.0,1.0,3) Uncertain significance,p.R197P
Streptomycin,gid,gid_p.Glu170Gly,,,3) Uncertain significance,p.E170G
Streptomycin,gid,gid_p.Arg83Trp,1.0,0.0,3) Uncertain significance,p.R83W
Streptomycin,gid,gid_p.Lys163Gln,1.0,2.0,3) Uncertain significance,p.K163Q
Streptomycin,gid,gid_p.Val65Phe,2.0,5.0,3) Uncertain significance,p.V65F
Streptomycin,gid,gid_p.Phe12Leu,1.0,0.0,3) Uncertain significance,p.F12L
Streptomycin,gid,gid_p.Ala140Val,1.0,1.0,3) Uncertain significance,p.A140V
Streptomycin,gid,gid_p.Arg158Pro,1.0,1.0,3) Uncertain significance,p.R158P
Streptomycin,gid,gid_p.Gly192Val,1.0,0.0,3) Uncertain significance,p.G192V
Streptomycin,gid,gid_p.Gly109Ala,1.0,0.0,3) Uncertain significance,p.G109A
Streptomycin,gid,gid_p.Pro75Thr,3.0,7.0,3) Uncertain significance,p.P75T
Streptomycin,whiB7,whiB7_p.Pro7Arg,1.0,0.0,3) Uncertain significance,p.P7R
Streptomycin,gid,gid_p.Leu90Ile,,,3) Uncertain significance,p.L90I
Streptomycin,gid,gid_p.Tyr22His,0.0,3.0,3) Uncertain significance,p.Y22H
Streptomycin,whiB7,whiB7_p.His79Gln,7.0,0.0,3) Uncertain significance,p.H79Q
Streptomycin,whiB7,whiB7_p.Lys80Gln,7.0,0.0,3) Uncertain significance,p.K80Q
Streptomycin,Rv1258c,Rv1258c_p.Gly95Arg,1.0,0.0,3) Uncertain significance,p.G95R
Streptomycin,gid,gid_p.Phe12Ser,,,3) Uncertain significance,p.F12S
Streptomycin,gid,gid_p.Cys191Tyr,1.0,2.0,3) Uncertain significance,p.C191Y
Streptomycin,gid,gid_p.Leu58Phe,1.0,5.0,3) Uncertain significance,p.L58F
Streptomycin,gid,gid_p.Ile81Arg,1.0,1.0,3) Uncertain significance,p.I81R
Streptomycin,rpsL,rpsL_p.Thr64Met,1.0,0.0,3) Uncertain significance,p.T64M
Streptomycin,whiB7,whiB7_p.Leu42Pro,6.0,0.0,3) Uncertain significance,p.L42P
Streptomycin,gid,gid_p.Asn51Thr,1.0,2.0,3) Uncertain significance,p.N51T
Streptomycin,gid,gid_p.Glu99Gly,1.0,4.0,3) Uncertain significance,p.E99G
Streptomycin,gid,gid_p.Arg33Trp,1.0,0.0,3) Uncertain significance,p.R33W
Streptomycin,gid,gid_p.Pro29Leu,1.0,0.0,3) Uncertain significance,p.P29L
Streptomycin,gid,gid_p.Ala10Gly,1.0,2.0,3) Uncertain significance,p.A10G
Streptomycin,gid,gid_p.Ala180Ser,,,3) Uncertain significance,p.A180S
Streptomycin,rpsL,rpsL_p.Lys43Asn,1.0,0.0,3) Uncertain significance,p.K43N
Streptomycin,gid,gid_p.Gly28Val,,,3) Uncertain significance,p.G28V
Streptomycin,Rv1258c,Rv1258c_p.Thr16Met,2.0,0.0,3) Uncertain significance,p.T16M
Streptomycin,whiB7,whiB7_p.Pro33Ser,,,3) Uncertain significance,p.P33S
Streptomycin,gid,gid_p.Gly76Ser,1.0,4.0,3) Uncertain significance,p.G76S
Streptomycin,gid,gid_p.Ser149Asn,2.0,0.0,3) Uncertain significance,p.S149N
Streptomycin,rpsL,rpsL_p.Pro2Ser,2.0,0.0,3) Uncertain significance,p.P2S
Streptomycin,rpsL,rpsL_p.Val107Ala,,,3) Uncertain significance,p.V107A
Streptomycin,rpsL,rpsL_p.Thr40Ile,1.0,0.0,3) Uncertain significance,p.T40I
Streptomycin,gid,gid_p.Asp132Glu,1.0,2.0,3) Uncertain significance,p.D132E
Streptomycin,gid,gid_p.Glu120Asp,1.0,0.0,3) Uncertain significance,p.E120D
Streptomycin,gid,gid_p.Leu108Pro,1.0,4.0,3) Uncertain significance,p.L108P
Streptomycin,gid,gid_p.Glu121Asp,0.0,1.0,3) Uncertain significance,p.E121D
Streptomycin,rpsL,rpsL_p.Lys43Thr,3.0,0.0,3) Uncertain significance,p.K43T
Streptomycin,Rv1258c,Rv1258c_p.Gln259Leu,,,3) Uncertain significance,p.Q259L
Streptomycin,gid,gid_p.Met104Arg,1.0,1.0,3) Uncertain significance,p.M104R
Streptomycin,gid,gid_p.Ile81Met,1.0,0.0,3) Uncertain significance,p.I81M
Streptomycin,gid,gid_p.Met178Ile,,,3) Uncertain significance,p.M178I
Streptomycin,gid,gid_p.Tyr22Asn,,,3) Uncertain significance,p.Y22N
Streptomycin,Rv1258c,Rv1258c_p.Ala65Thr,1.0,0.0,3) Uncertain significance,p.A65T
Streptomycin,gid,gid_p.Ser122Pro,1.0,1.0,3) Uncertain significance,p.S122P
Streptomycin,gid,gid_p.Gly76Cys,,,3) Uncertain significance,p.G76C
Streptomycin,Rv1258c,Rv1258c_p.Pro241Ser,,,3) Uncertain significance,p.P241S
Streptomycin,gid,gid_p.Leu108Val,,,3) Uncertain significance,p.L108V
Streptomycin,Rv1258c,Rv1258c_p.Ala19Thr,,,3) Uncertain significance,p.A19T
Streptomycin,whiB7,whiB7_p.Ala39Thr,1.0,0.0,3) Uncertain significance,p.A39T
Streptomycin,whiB7,whiB7_p.Ala34Pro,1.0,0.0,3) Uncertain significance,p.A34P
Streptomycin,gid,gid_p.Arg197Cys,2.0,2.0,3) Uncertain significance,p.R197C
Streptomycin,Rv1258c,Rv1258c_p.Pro361Leu,1.0,0.0,3) Uncertain significance,p.P361L
Streptomycin,Rv1258c,Rv1258c_p.Gly161Ser,1.0,0.0,3) Uncertain significance,p.G161S
Streptomycin,gid,gid_p.Gly164Cys,0.0,1.0,3) Uncertain significance,p.G164C
Streptomycin,gid,gid_p.Gly76Val,1.0,0.0,3) Uncertain significance,p.G76V
Streptomycin,whiB7,whiB7_p.Ile70Thr,1.0,0.0,3) Uncertain significance,p.I70T
Streptomycin,rpsL,rpsL_p.Gly71Asp,,,3) Uncertain significance,p.G71D
Streptomycin,gid,gid_p.Gly28Arg,,,3) Uncertain significance,p.G28R
Streptomycin,rpsL,rpsL_p.Ser17Ile,1.0,0.0,3) Uncertain significance,p.S17I
Streptomycin,whiB7,whiB7_p.Gln13Lys,1.0,0.0,3) Uncertain significance,p.Q13K
Streptomycin,gid,gid_p.Ser149Cys,,,3) Uncertain significance,p.S149C
Streptomycin,Rv1258c,Rv1258c_p.Leu60Val,,,3) Uncertain significance,p.L60V
Streptomycin,Rv1258c,Rv1258c_p.Asp23Gly,1.0,0.0,3) Uncertain significance,p.D23G
Streptomycin,rpsL,rpsL_p.Gly106Cys,,,3) Uncertain significance,p.G106C
Streptomycin,whiB7,whiB7_p.Phe29Ser,1.0,0.0,3) Uncertain significance,p.F29S
Streptomycin,Rv1258c,Rv1258c_p.Pro398Ala,3.0,0.0,3) Uncertain significance,p.P398A
Streptomycin,gid,gid_p.Ala10Pro,4.0,18.0,3) Uncertain significance,p.A10P
Streptomycin,Rv1258c,Rv1258c_p.Ile12Val,1.0,0.0,3) Uncertain significance,p.I12V
Streptomycin,rpsL,rpsL_p.Pro91Ser,1.0,0.0,3) Uncertain significance,p.P91S
Streptomycin,whiB7,whiB7_p.Val65Phe,1.0,0.0,3) Uncertain significance,p.V65F
Streptomycin,Rv1258c,Rv1258c_p.Val335Leu,1.0,0.0,3) Uncertain significance,p.V335L
Streptomycin,gid,gid_p.Trp148Cys,1.0,2.0,3) Uncertain significance,p.W148C
Streptomycin,whiB7,whiB7_p.Ser2Ala,,,3) Uncertain significance,p.S2A
Streptomycin,gid,gid_p.Thr201Pro,0.0,1.0,3) Uncertain significance,p.T201P
Streptomycin,gid,gid_p.Ala140Ser,,,3) Uncertain significance,p.A140S
Streptomycin,gid,gid_p.Gly222Arg,1.0,0.0,3) Uncertain significance,p.G222R
Streptomycin,gid,gid_p.Arg116Gln,1.0,0.0,3) Uncertain significance,p.R116Q
Streptomycin,whiB7,whiB7_p.Arg50Pro,1.0,0.0,3) Uncertain significance,p.R50P
Streptomycin,gid,gid_p.Arg116Trp,,,3) Uncertain significance,p.R116W
Streptomycin,Rv1258c,Rv1258c_p.Tyr334Cys,1.0,0.0,3) Uncertain significance,p.Y334C
Streptomycin,gid,gid_p.Gly13Ala,1.0,1.0,3) Uncertain significance,p.G13A
Streptomycin,Rv1258c,Rv1258c_p.Thr173Pro,1.0,1.0,3) Uncertain significance,p.T173P
Streptomycin,gid,gid_p.Val202Ala,1.0,0.0,3) Uncertain significance,p.V202A
Streptomycin,whiB7,whiB7_p.Pro62Thr,1.0,0.0,3) Uncertain significance,p.P62T
Streptomycin,rpsL,rpsL_p.Glu122Lys,1.0,0.0,3) Uncertain significance,p.E122K
Streptomycin,whiB7,whiB7_p.Pro82Leu,1.0,1.0,3) Uncertain significance,p.P82L
Streptomycin,gid,gid_p.Val139Met,1.0,1.0,3) Uncertain significance,p.V139M
Streptomycin,Rv1258c,Rv1258c_p.Ser292Leu,1.0,1.0,3) Uncertain significance,p.S292L
Streptomycin,whiB7,whiB7_p.Val91Gly,2.0,0.0,3) Uncertain significance,p.V91G
Streptomycin,rpsL,rpsL_p.Gly71Ser,1.0,0.0,3) Uncertain significance,p.G71S
Streptomycin,whiB7,whiB7_p.Asp26Gly,1.0,0.0,3) Uncertain significance,p.D26G
Streptomycin,Rv1258c,Rv1258c_p.Pro118Gln,1.0,0.0,3) Uncertain significance,p.P118Q
Streptomycin,Rv1258c,Rv1258c_p.Leu150Phe,1.0,0.0,3) Uncertain significance,p.L150F
Streptomycin,gid,gid_p.Ala141Glu,1.0,3.0,3) Uncertain significance,p.A141E
Streptomycin,whiB7,whiB7_p.Ser45Gly,1.0,0.0,3) Uncertain significance,p.S45G
Streptomycin,gid,gid_p.Ala72Thr,1.0,0.0,3) Uncertain significance,p.A72T
Streptomycin,gid,gid_p.Pro6Leu,0.0,2.0,3) Uncertain significance,p.P6L
Streptomycin,gid,gid_p.Ser181Trp,1.0,0.0,3) Uncertain significance,p.S181W
Streptomycin,gid,gid_p.Thr146Pro,1.0,0.0,3) Uncertain significance,p.T146P
Streptomycin,gid,gid_p.Pro6Arg,1.0,0.0,3) Uncertain significance,p.P6R
Streptomycin,gid,gid_p.Arg61Pro,1.0,0.0,3) Uncertain significance,p.R61P
Streptomycin,whiB7,whiB7_p.Leu27Pro,1.0,0.0,3) Uncertain significance,p.L27P
Streptomycin,Rv1258c,Rv1258c_p.Ile27Val,1.0,0.0,3) Uncertain significance,p.I27V
Streptomycin,gid,gid_p.Gly28Glu,0.0,2.0,3) Uncertain significance,p.G28E
Streptomycin,whiB7,whiB7_p.Ser45Arg,1.0,0.0,3) Uncertain significance,p.S45R
Streptomycin,rpsL,rpsL_p.Arg94Cys,1.0,0.0,3) Uncertain significance,p.R94C
Streptomycin,gid,gid_p.Asp85Glu,1.0,4.0,3) Uncertain significance,p.D85E
Streptomycin,whiB7,whiB7_p.Arg81His,1.0,0.0,3) Uncertain significance,p.R81H
Streptomycin,gid,gid_p.Leu91Val,6.0,1.0,4) Not assoc w R - Interim,p.L91V
Streptomycin,gid,gid_p.Ala53Asp,1.0,0.0,3) Uncertain significance,p.A53D
Streptomycin,gid,gid_p.Ala10Val,1.0,5.0,4) Not assoc w R - Interim,p.A10V
Streptomycin,gid,gid_p.His168Arg,0.0,1.0,3) Uncertain significance,p.H168R
Streptomycin,gid,gid_p.Glu170Asp,0.0,1.0,3) Uncertain significance,p.E170D
Streptomycin,gid,gid_p.Glu113Gln,1.0,1.0,3) Uncertain significance,p.E113Q
Streptomycin,gid,gid_p.Ala23Asp,1.0,1.0,3) Uncertain significance,p.A23D
Streptomycin,Rv1258c,Rv1258c_p.Arg345Cys,0.0,1.0,3) Uncertain significance,p.R345C
Streptomycin,gid,gid_p.Val203Glu,0.0,1.0,3) Uncertain significance,p.V203E
Streptomycin,Rv1258c,Rv1258c_p.Gly391Arg,1.0,2.0,3) Uncertain significance,p.G391R
Streptomycin,rpsL,rpsL_p.Glu70Ala,1.0,1.0,3) Uncertain significance,p.E70A
Streptomycin,gid,gid_p.Ala27Val,0.0,1.0,3) Uncertain significance,p.A27V
Streptomycin,Rv1258c,Rv1258c_p.Gly95Glu,0.0,1.0,3) Uncertain significance,p.G95E
Streptomycin,Rv1258c,Rv1258c_p.Ile411Val,0.0,1.0,3) Uncertain significance,p.I411V
Streptomycin,gid,gid_p.Val65Ile,0.0,1.0,3) Uncertain significance,p.V65I
Streptomycin,Rv1258c,Rv1258c_p.Ala399Val,4.0,9.0,3) Uncertain significance,p.A399V
Streptomycin,gid,gid_p.Ile68Lys,0.0,1.0,3) Uncertain significance,p.I68K
Streptomycin,gid,gid_p.Ser181Leu,1.0,0.0,3) Uncertain significance,p.S181L
Streptomycin,gid,gid_p.Val41Ala,,,3) Uncertain significance,p.V41A
Streptomycin,Rv1258c,Rv1258c_p.Ala41Gly,,,3) Uncertain significance,p.A41G
Streptomycin,Rv1258c,Rv1258c_p.Asp23Val,2.0,7.0,3) Uncertain significance,p.D23V
Streptomycin,gid,gid_p.Ala72Asp,0.0,1.0,3) Uncertain significance,p.A72D
Streptomycin,gid,gid_p.Trp148Leu,1.0,0.0,3) Uncertain significance,p.W148L
Streptomycin,gid,gid_p.Ala183Pro,0.0,1.0,3) Uncertain significance,p.A183P
Streptomycin,rpsL,rpsL_p.Arg114Cys,0.0,1.0,3) Uncertain significance,p.R114C
Streptomycin,gid,gid_p.His48Asp,,,3) Uncertain significance,p.H48D
Streptomycin,Rv1258c,Rv1258c_p.Ala374Pro,2.0,10.0,3) Uncertain significance,p.A374P
Streptomycin,Rv1258c,Rv1258c_p.Gly215Ala,0.0,1.0,3) Uncertain significance,p.G215A
Streptomycin,gid,gid_p.Arg172Trp,0.0,1.0,3) Uncertain significance,p.R172W
Streptomycin,gid,gid_p.Pro93Ser,1.0,3.0,3) Uncertain significance,p.P93S
Streptomycin,Rv1258c,Rv1258c_p.Gly24Asp,0.0,1.0,3) Uncertain significance,p.G24D
Streptomycin,whiB7,whiB7_p.Arg50Leu,0.0,1.0,3) Uncertain significance,p.R50L
Streptomycin,Rv1258c,Rv1258c_p.Pro90Leu,0.0,1.0,3) Uncertain significance,p.P90L
Streptomycin,gid,gid_p.Ala205Val,0.0,1.0,3) Uncertain significance,p.A205V
Streptomycin,gid,gid_p.Arg33Pro,0.0,1.0,3) Uncertain significance,p.R33P
Streptomycin,gid,gid_p.Ala25Gly,0.0,1.0,3) Uncertain significance,p.A25G
Streptomycin,gid,gid_p.Ser2Cys,0.0,1.0,3) Uncertain significance,p.S2C
Streptomycin,Rv1258c,Rv1258c_p.Pro312Ser,0.0,1.0,3) Uncertain significance,p.P312S
Streptomycin,gid,gid_p.Arg207His,0.0,1.0,3) Uncertain significance,p.R207H
Streptomycin,Rv1258c,Rv1258c_p.Ala394Thr,,,3) Uncertain significance,p.A394T
Streptomycin,Rv1258c,Rv1258c_p.Gly97Asp,,,3) Uncertain significance,p.G97D
Streptomycin,gid,gid_p.Ala25Val,0.0,1.0,3) Uncertain significance,p.A25V
Streptomycin,gid,gid_p.Ala141Thr,0.0,1.0,3) Uncertain significance,p.A141T
Streptomycin,gid,gid_p.Arg97Cys,0.0,1.0,3) Uncertain significance,p.R97C
Streptomycin,gid,gid_p.Arg187Lys,0.0,1.0,3) Uncertain significance,p.R187K
Streptomycin,gid,gid_p.Glu120Lys,0.0,1.0,3) Uncertain significance,p.E120K
Streptomycin,gid,gid_p.Asn194Asp,0.0,1.0,3) Uncertain significance,p.N194D
Streptomycin,Rv1258c,Rv1258c_p.Glu214Lys,0.0,1.0,3) Uncertain significance,p.E214K
Streptomycin,Rv1258c,Rv1258c_p.Val66Ile,0.0,1.0,3) Uncertain significance,p.V66I
Streptomycin,Rv1258c,Rv1258c_p.Met352Ile,0.0,1.0,3) Uncertain significance,p.M352I
Streptomycin,gid,gid_p.Gly30Val,,,3) Uncertain significance,p.G30V
Streptomycin,Rv1258c,Rv1258c_p.Arg141Leu,0.0,1.0,3) Uncertain significance,p.R141L
Streptomycin,rpsL,rpsL_p.Ser101Ala,0.0,1.0,3) Uncertain significance,p.S101A
Streptomycin,gid,gid_p.Glu99Lys,0.0,1.0,3) Uncertain significance,p.E99K
Streptomycin,gid,gid_p.Leu44Arg,0.0,1.0,3) Uncertain significance,p.L44R
Streptomycin,gid,gid_p.Gly130Ser,0.0,1.0,3) Uncertain significance,p.G130S
Streptomycin,Rv1258c,Rv1258c_p.Leu370Pro,0.0,1.0,3) Uncertain significance,p.L370P
Streptomycin,Rv1258c,Rv1258c_p.Leu193Pro,0.0,1.0,3) Uncertain significance,p.L193P
Streptomycin,Rv1258c,Rv1258c_p.Gly70Arg,,,3) Uncertain significance,p.G70R
Streptomycin,gid,gid_p.His174Arg,0.0,2.0,3) Uncertain significance,p.H174R
Streptomycin,gid,gid_p.Thr146Arg,0.0,1.0,3) Uncertain significance,p.T146R
Streptomycin,Rv1258c,Rv1258c_p.Thr167Pro,,,3) Uncertain significance,p.T167P
Streptomycin,gid,gid_p.His48Arg,0.0,2.0,3) Uncertain significance,p.H48R
Streptomycin,gid,gid_p.Glu165Gly,0.0,1.0,3) Uncertain significance,p.E165G
Streptomycin,whiB7,whiB7_p.Pro11Ser,0.0,2.0,3) Uncertain significance,p.P11S
Streptomycin,gid,gid_p.Gly76Ala,,,3) Uncertain significance,p.G76A
Streptomycin,gid,gid_p.Gly69Ile,,,3) Uncertain significance,p.G69I
Streptomycin,Rv1258c,Rv1258c_p.Thr173Ile,0.0,1.0,3) Uncertain significance,p.T173I
Streptomycin,gid,gid_p.Ser136Pro,0.0,4.0,3) Uncertain significance,p.S136P
Streptomycin,Rv1258c,Rv1258c_p.Leu355Pro,0.0,1.0,3) Uncertain significance,p.L355P
Streptomycin,Rv1258c,Rv1258c_p.Asp404Asn,,,3) Uncertain significance,p.D404N
Streptomycin,Rv1258c,Rv1258c_p.Val349Ile,0.0,1.0,3) Uncertain significance,p.V349I
Streptomycin,Rv1258c,Rv1258c_p.Met230Val,0.0,1.0,3) Uncertain significance,p.M230V
Streptomycin,rpsL,rpsL_p.Arg86Gly,0.0,1.0,3) Uncertain significance,p.R86G
Streptomycin,Rv1258c,Rv1258c_p.Asp125Glu,0.0,1.0,3) Uncertain significance,p.D125E
Streptomycin,gid,gid_p.Ile114Ser,0.0,1.0,3) Uncertain significance,p.I114S
Streptomycin,gid,gid_p.Ile114Met,0.0,1.0,3) Uncertain significance,p.I114M
Streptomycin,whiB7,whiB7_p.Ala56Pro,0.0,1.0,3) Uncertain significance,p.A56P
Streptomycin,gid,gid_p.Pro199Arg,0.0,1.0,3) Uncertain significance,p.P199R
Streptomycin,Rv1258c,Rv1258c_p.Ala294Val,0.0,1.0,3) Uncertain significance,p.A294V
Streptomycin,whiB7,whiB7_p.Val6Phe,0.0,1.0,3) Uncertain significance,p.V6F
Streptomycin,gid,gid_p.Met159Thr,,,3) Uncertain significance,p.M159T
Streptomycin,whiB7,whiB7_p.Glu69Lys,,,3) Uncertain significance,p.E69K
Streptomycin,gid,gid_p.Glu103Ala,0.0,1.0,3) Uncertain significance,p.E103A
Streptomycin,gid,gid_p.Ala193Gly,0.0,1.0,3) Uncertain significance,p.A193G
Streptomycin,Rv1258c,Rv1258c_p.Met121Val,,,3) Uncertain significance,p.M121V
Streptomycin,gid,gid_p.Val36Ala,1.0,1.0,3) Uncertain significance,p.V36A
Streptomycin,gid,gid_p.Asp169Gly,0.0,1.0,3) Uncertain significance,p.D169G
Streptomycin,gid,gid_p.Ala183Thr,0.0,1.0,3) Uncertain significance,p.A183T
Streptomycin,gid,gid_p.Pro78Gln,0.0,1.0,3) Uncertain significance,p.P78Q
Streptomycin,gid,gid_p.Ser9Pro,1.0,0.0,3) Uncertain significance,p.S9P
Streptomycin,rpsL,rpsL_p.Asp14Glu,0.0,1.0,3) Uncertain significance,p.D14E
Streptomycin,Rv1258c,Rv1258c_p.Pro54Leu,0.0,1.0,3) Uncertain significance,p.P54L
Streptomycin,Rv1258c,Rv1258c_p.Pro8Leu,,,3) Uncertain significance,p.P8L
Streptomycin,gid,gid_p.Gly221Arg,,,3) Uncertain significance,p.G221R
Streptomycin,Rv1258c,Rv1258c_p.Ala148Thr,0.0,1.0,3) Uncertain significance,p.A148T
Streptomycin,gid,gid_p.Glu57Lys,0.0,5.0,3) Uncertain significance,p.E57K
Streptomycin,Rv1258c,Rv1258c_p.Thr59Ala,,,3) Uncertain significance,p.T59A
Streptomycin,Rv1258c,Rv1258c_p.Ala418Ser,0.0,1.0,3) Uncertain significance,p.A418S
Streptomycin,Rv1258c,Rv1258c_p.Ala113Glu,0.0,1.0,3) Uncertain significance,p.A113E
Streptomycin,gid,gid_p.Val105Gly,0.0,1.0,3) Uncertain significance,p.V105G
Streptomycin,Rv1258c,Rv1258c_p.Gly375Arg,0.0,1.0,3) Uncertain significance,p.G375R
Streptomycin,gid,gid_p.Leu91Ile,0.0,1.0,3) Uncertain significance,p.L91I
Streptomycin,gid,gid_p.Gly214Arg,0.0,1.0,3) Uncertain significance,p.G214R
Streptomycin,gid,gid_p.Ala8Glu,,,3) Uncertain significance,p.A8E
Streptomycin,Rv1258c,Rv1258c_p.Trp220Cys,0.0,1.0,3) Uncertain significance,p.W220C
Streptomycin,gid,gid_p.Arg102Gly,0.0,1.0,3) Uncertain significance,p.R102G
Streptomycin,gid,gid_p.Asp85His,,,3) Uncertain significance,p.D85H
Streptomycin,Rv1258c,Rv1258c_p.Pro361Ser,0.0,1.0,3) Uncertain significance,p.P361S
Streptomycin,gid,gid_p.Phe12Cys,0.0,1.0,3) Uncertain significance,p.F12C
Streptomycin,whiB7,whiB7_p.Pro33Thr,0.0,2.0,3) Uncertain significance,p.P33T
Streptomycin,Rv1258c,Rv1258c_p.Arg396Trp,0.0,1.0,3) Uncertain significance,p.R396W
Streptomycin,gid,gid_p.Ala167Ser,0.0,1.0,3) Uncertain significance,p.A167S
Streptomycin,gid,gid_p.Ser149Thr,0.0,1.0,3) Uncertain significance,p.S149T
Streptomycin,gid,gid_p.Arg39Cys,,,3) Uncertain significance,p.R39C
Streptomycin,gid,gid_p.Glu92Ala,0.0,1.0,3) Uncertain significance,p.E92A
Streptomycin,gid,gid_p.Glu113Ala,0.0,1.0,3) Uncertain significance,p.E113A
Streptomycin,gid,gid_p.Gln127Glu,,,3) Uncertain significance,p.Q127E
Streptomycin,Rv1258c,Rv1258c_p.Met315Ile,0.0,1.0,3) Uncertain significance,p.M315I
Streptomycin,gid,gid_p.Ala161Pro,0.0,1.0,3) Uncertain significance,p.A161P
Streptomycin,gid,gid_p.Asp185Asn,0.0,1.0,3) Uncertain significance,p.D185N
Streptomycin,rpsL,rpsL_p.Gly100Ser,0.0,1.0,3) Uncertain significance,p.G100S
Streptomycin,gid,gid_p.Arg158Gly,0.0,1.0,3) Uncertain significance,p.R158G
Streptomycin,rpsL,rpsL_p.Ala113Gly,,,3) Uncertain significance,p.A113G
Streptomycin,gid,gid_p.Val202Leu,,,3) Uncertain significance,p.V202L
Streptomycin,gid,gid_p.Val171Leu,,,3) Uncertain significance,p.V171L
Streptomycin,gid,gid_p.Phe204Ser,,,3) Uncertain significance,p.F204S
Streptomycin,Rv1258c,Rv1258c_p.Ile185Thr,,,3) Uncertain significance,p.I185T
Streptomycin,gid,gid_p.Val89Ala,0.0,1.0,3) Uncertain significance,p.V89A
Streptomycin,gid,gid_p.His174Pro,0.0,1.0,3) Uncertain significance,p.H174P
Streptomycin,rpsL,rpsL_p.Asn73Lys,0.0,1.0,3) Uncertain significance,p.N73K
Streptomycin,Rv1258c,Rv1258c_p.Tyr334His,0.0,1.0,3) Uncertain significance,p.Y334H
Streptomycin,rpsL,rpsL_p.Pro2Arg,,,3) Uncertain significance,p.P2R
Streptomycin,whiB7,whiB7_p.Leu36Phe,,,3) Uncertain significance,p.L36F
Streptomycin,gid,gid_p.Gly109Asp,,,3) Uncertain significance,p.G109D
Streptomycin,gid,gid_p.His168Asp,,,3) Uncertain significance,p.H168D
Streptomycin,Rv1258c,Rv1258c_p.Tyr325Cys,,,3) Uncertain significance,p.Y325C
Streptomycin,gid,gid_p.Pro38His,0.0,1.0,3) Uncertain significance,p.P38H
Streptomycin,gid,gid_p.Leu95Val,,,3) Uncertain significance,p.L95V
Streptomycin,Rv1258c,Rv1258c_p.Leu13Arg,0.0,1.0,3) Uncertain significance,p.L13R
Streptomycin,Rv1258c,Rv1258c_p.Gly211Arg,,,3) Uncertain significance,p.G211R
Streptomycin,whiB7,whiB7_p.Pro7Leu,0.0,1.0,3) Uncertain significance,p.P7L
Streptomycin,Rv1258c,Rv1258c_p.Glu194Asp,0.0,1.0,3) Uncertain significance,p.E194D
Streptomycin,gid,gid_p.Arg175Gly,0.0,1.0,3) Uncertain significance,p.R175G
Streptomycin,Rv1258c,Rv1258c_p.Gly360Ser,0.0,1.0,3) Uncertain significance,p.G360S
Streptomycin,Rv1258c,Rv1258c_p.Val25Ile,,,3) Uncertain significance,p.V25I
Streptomycin,gid,gid_p.Ser220Arg,0.0,1.0,3) Uncertain significance,p.S220R
Streptomycin,Rv1258c,Rv1258c_p.Gly360Asp,0.0,1.0,3) Uncertain significance,p.G360D
Streptomycin,gid,gid_p.Asp85Asn,0.0,1.0,3) Uncertain significance,p.D85N
Streptomycin,gid,gid_p.Gly42Val,0.0,1.0,3) Uncertain significance,p.G42V
Streptomycin,gid,gid_p.Thr98Ile,0.0,1.0,3) Uncertain significance,p.T98I
Streptomycin,rpsL,rpsL_p.Ile16Thr,,,3) Uncertain significance,p.I16T
Streptomycin,gid,gid_p.Pro84Ser,0.0,1.0,3) Uncertain significance,p.P84S
Streptomycin,gid,gid_p.Ile114Phe,,,3) Uncertain significance,p.I114F
Streptomycin,gid,gid_p.Ile11Thr,0.0,1.0,3) Uncertain significance,p.I11T
Streptomycin,gid,gid_p.Arg187Ser,0.0,1.0,3) Uncertain significance,p.R187S
Streptomycin,gid,gid_p.Gln87Pro,,,3) Uncertain significance,p.Q87P
Streptomycin,gid,gid_p.Pro6Thr,0.0,1.0,3) Uncertain significance,p.P6T
Streptomycin,Rv1258c,Rv1258c_p.Pro90His,0.0,1.0,3) Uncertain significance,p.P90H
Streptomycin,Rv1258c,Rv1258c_p.Asp232Glu,0.0,1.0,3) Uncertain significance,p.D232E
Streptomycin,rpsL,rpsL_p.Gln105Glu,,,3) Uncertain significance,p.Q105E
Streptomycin,gid,gid_p.Ala119Val,0.0,1.0,3) Uncertain significance,p.A119V
Streptomycin,gid,gid_p.Ile11Ser,0.0,1.0,3) Uncertain significance,p.I11S
Streptomycin,gid,gid_p.Met159Arg,0.0,1.0,3) Uncertain significance,p.M159R
Streptomycin,gid,gid_p.Ala23Pro,0.0,1.0,3) Uncertain significance,p.A23P
Streptomycin,Rv1258c,Rv1258c_p.Thr290Ile,,,3) Uncertain significance,p.T290I
Streptomycin,gid,gid_p.Gly13Val,0.0,1.0,3) Uncertain significance,p.G13V
Streptomycin,Rv1258c,Rv1258c_p.Thr202Ala,0.0,1.0,3) Uncertain significance,p.T202A
Streptomycin,gid,gid_p.Gly30Ser,0.0,1.0,3) Uncertain significance,p.G30S
Streptomycin,rpsL,rpsL_p.Glu76Ala,,,3) Uncertain significance,p.E76A
Streptomycin,gid,gid_p.Leu142Phe,0.0,1.0,3) Uncertain significance,p.L142F
Streptomycin,gid,gid_p.Pro198Ala,0.0,1.0,3) Uncertain significance,p.P198A
Streptomycin,gid,gid_p.Ala111Val,0.0,1.0,3) Uncertain significance,p.A111V
Streptomycin,rpsL,rpsL_p.Lys108Thr,0.0,1.0,3) Uncertain significance,p.K108T
Streptomycin,Rv1258c,Rv1258c_p.Ala78Thr,0.0,1.0,3) Uncertain significance,p.A78T
Streptomycin,Rv1258c,Rv1258c_p.Gly322Arg,0.0,1.0,3) Uncertain significance,p.G322R
Streptomycin,gid,gid_p.His174Tyr,,,3) Uncertain significance,p.H174Y
Streptomycin,rpsL,rpsL_p.Asp14Tyr,0.0,1.0,3) Uncertain significance,p.D14Y
Streptomycin,gid,gid_p.Ile55Val,0.0,1.0,3) Uncertain significance,p.I55V
Streptomycin,Rv1258c,Rv1258c_p.Ala319Glu,0.0,1.0,3) Uncertain significance,p.A319E
Streptomycin,gid,gid_p.Thr190Pro,,,3) Uncertain significance,p.T190P
Streptomycin,whiB7,whiB7_p.Val38Leu,0.0,1.0,3) Uncertain significance,p.V38L
Streptomycin,Rv1258c,Rv1258c_p.Arg6Cys,0.0,1.0,3) Uncertain significance,p.R6C
Streptomycin,Rv1258c,Rv1258c_p.Asn151Lys,0.0,1.0,3) Uncertain significance,p.N151K
Streptomycin,gid,gid_p.Ile179Val,,,3) Uncertain significance,p.I179V
Streptomycin,gid,gid_p.Gly164Ser,,,3) Uncertain significance,p.G164S
Streptomycin,gid,gid_p.Met150Thr,,,3) Uncertain significance,p.M150T
Streptomycin,Rv1258c,Rv1258c_p.Leu128Arg,0.0,1.0,3) Uncertain significance,p.L128R
Streptomycin,gid,gid_p.Glu120Ala,,,3) Uncertain significance,p.E120A
Streptomycin,whiB7,whiB7_p.Arg81Cys,0.0,1.0,3) Uncertain significance,p.R81C
Streptomycin,gid,gid_p.Pro38Ala,,,3) Uncertain significance,p.P38A
Streptomycin,Rv1258c,Rv1258c_p.Val348Leu,1.0,3.0,3) Uncertain significance,p.V348L
Streptomycin,gid,gid_p.Thr190Ala,0.0,1.0,3) Uncertain significance,p.T190A
Streptomycin,Rv1258c,Rv1258c_p.Leu296Val,0.0,1.0,3) Uncertain significance,p.L296V
Streptomycin,gid,gid_p.Val41Leu,0.0,1.0,3) Uncertain significance,p.V41L
Streptomycin,Rv1258c,Rv1258c_p.Glu214Asp,0.0,1.0,3) Uncertain significance,p.E214D
Streptomycin,gid,gid_p.Gly34Ala,,,3) Uncertain significance,p.G34A
Streptomycin,gid,gid_p.Ile68Phe,0.0,1.0,3) Uncertain significance,p.I68F
Streptomycin,gid,gid_p.Pro38Ser,0.0,1.0,3) Uncertain significance,p.P38S
Streptomycin,Rv1258c,Rv1258c_p.Met52Ile,0.0,1.0,3) Uncertain significance,p.M52I
Streptomycin,Rv1258c,Rv1258c_p.Gly360Arg,0.0,1.0,3) Uncertain significance,p.G360R
Streptomycin,Rv1258c,Rv1258c_p.Leu397Pro,0.0,1.0,3) Uncertain significance,p.L397P
Streptomycin,gid,gid_p.Ala8Pro,0.0,1.0,3) Uncertain significance,p.A8P
Streptomycin,Rv1258c,Rv1258c_p.Ala135Thr,0.0,1.0,3) Uncertain significance,p.A135T
Streptomycin,gid,gid_p.Leu160Phe,0.0,1.0,3) Uncertain significance,p.L160F
Streptomycin,Rv1258c,Rv1258c_p.Thr390Ser,0.0,1.0,3) Uncertain significance,p.T390S
Streptomycin,Rv1258c,Rv1258c_p.Tyr250His,0.0,1.0,3) Uncertain significance,p.Y250H
Streptomycin,Rv1258c,Rv1258c_p.Ala237Gly,0.0,1.0,3) Uncertain significance,p.A237G
Streptomycin,Rv1258c,Rv1258c_p.Gln43His,0.0,1.0,3) Uncertain significance,p.Q43H
Streptomycin,Rv1258c,Rv1258c_p.Thr51Ala,,,3) Uncertain significance,p.T51A
Streptomycin,gid,gid_p.Ala193Pro,0.0,1.0,3) Uncertain significance,p.A193P
Streptomycin,gid,gid_p.Gln87Arg,0.0,1.0,3) Uncertain significance,p.Q87R
Streptomycin,Rv1258c,Rv1258c_p.Ala166Thr,,,3) Uncertain significance,p.A166T
Streptomycin,gid,gid_p.Asp169His,0.0,1.0,3) Uncertain significance,p.D169H
Streptomycin,whiB7,whiB7_p.Gln58Arg,0.0,2.0,3) Uncertain significance,p.Q58R
Streptomycin,rpsL,rpsL_p.Ser17Arg,0.0,1.0,3) Uncertain significance,p.S17R
Streptomycin,gid,gid_p.Pro151Ser,0.0,1.0,3) Uncertain significance,p.P151S
Streptomycin,Rv1258c,Rv1258c_p.Thr371Ile,,,3) Uncertain significance,p.T371I
Streptomycin,gid,gid_p.Arg176Cys,0.0,2.0,3) Uncertain significance,p.R176C
Streptomycin,Rv1258c,Rv1258c_p.Thr297Ile,0.0,2.0,3) Uncertain significance,p.T297I
Streptomycin,whiB7,whiB7_p.Pro47Leu,,,3) Uncertain significance,p.P47L
Streptomycin,gid,gid_p.Gly13Glu,,,3) Uncertain significance,p.G13E
Streptomycin,whiB7,whiB7_p.Arg59Trp,0.0,1.0,3) Uncertain significance,p.R59W
Streptomycin,Rv1258c,Rv1258c_p.Ala374Thr,0.0,1.0,3) Uncertain significance,p.A374T
Streptomycin,rpsL,rpsL_p.Thr58Ala,,,3) Uncertain significance,p.T58A
Streptomycin,Rv1258c,Rv1258c_p.Ala294Ser,0.0,1.0,3) Uncertain significance,p.A294S
Streptomycin,Rv1258c,Rv1258c_p.Gly277Arg,0.0,1.0,3) Uncertain significance,p.G277R
Streptomycin,Rv1258c,Rv1258c_p.Met242Thr,,,3) Uncertain significance,p.M242T
Streptomycin,rpsL,rpsL_p.Thr35Ala,,,3) Uncertain significance,p.T35A
Streptomycin,gid,gid_p.Ala134Thr,0.0,1.0,3) Uncertain significance,p.A134T
Streptomycin,Rv1258c,Rv1258c_p.Pro241Leu,0.0,1.0,3) Uncertain significance,p.P241L
Streptomycin,gid,gid_p.Gly182Cys,0.0,1.0,3) Uncertain significance,p.G182C
Streptomycin,whiB7,whiB7_p.Ala55Glu,,,3) Uncertain significance,p.A55E
Streptomycin,gid,gid_p.Glu173Gly,0.0,1.0,3) Uncertain significance,p.E173G
Streptomycin,gid,gid_p.Ala82Glu,0.0,1.0,3) Uncertain significance,p.A82E
Streptomycin,gid,gid_p.Trp148Arg,,,3) Uncertain significance,p.W148R
Streptomycin,whiB7,whiB7_p.Gln58His,,,3) Uncertain significance,p.Q58H
Streptomycin,gid,gid_p.Ala19Ser,,,3) Uncertain significance,p.A19S
Streptomycin,rpsL,rpsL_p.Arg116His,0.0,2.0,3) Uncertain significance,p.R116H
Streptomycin,gid,gid_p.Asp107His,0.0,1.0,3) Uncertain significance,p.D107H
Streptomycin,gid,gid_p.Leu160Val,0.0,1.0,3) Uncertain significance,p.L160V
Streptomycin,Rv1258c,Rv1258c_p.Thr379Lys,,,3) Uncertain significance,p.T379K
Streptomycin,gid,gid_p.Trp45Cys,0.0,1.0,3) Uncertain significance,p.W45C
Streptomycin,Rv1258c,Rv1258c_p.Pro414Ser,5.0,46.0,3) Uncertain significance,p.P414S
Streptomycin,Rv1258c,Rv1258c_p.Gln337Pro,0.0,1.0,3) Uncertain significance,p.Q337P
Streptomycin,gid,gid_p.Glu173Ala,0.0,3.0,3) Uncertain significance,p.E173A
Streptomycin,gid,gid_p.Pro3Ser,,,3) Uncertain significance,p.P3S
Streptomycin,gid,gid_p.Asp107Gly,0.0,2.0,3) Uncertain significance,p.D107G
Streptomycin,gid,gid_p.Pro155Ser,0.0,1.0,3) Uncertain significance,p.P155S
Streptomycin,gid,gid_p.Val186Phe,0.0,1.0,3) Uncertain significance,p.V186F
Streptomycin,Rv1258c,Rv1258c_p.Ala29Val,0.0,2.0,3) Uncertain significance,p.A29V
Streptomycin,gid,gid_p.Thr146Ala,0.0,1.0,3) Uncertain significance,p.T146A
Streptomycin,gid,gid_p.Gly13Arg,2.0,2.0,3) Uncertain significance,p.G13R
Streptomycin,Rv1258c,Rv1258c_p.Leu365Ser,0.0,1.0,3) Uncertain significance,p.L365S
Streptomycin,gid,gid_p.Val188Gly,0.0,2.0,3) Uncertain significance,p.V188G
Streptomycin,gid,gid_p.Asp143Ala,0.0,1.0,3) Uncertain significance,p.D143A
Streptomycin,gid,gid_p.Ala19Gly,0.0,1.0,3) Uncertain significance,p.A19G
Streptomycin,gid,gid_p.Leu101Pro,,,3) Uncertain significance,p.L101P
Streptomycin,Rv1258c,Rv1258c_p.Ser184Pro,0.0,2.0,3) Uncertain significance,p.S184P
Streptomycin,gid,gid_p.Cys52Trp,0.0,3.0,3) Uncertain significance,p.C52W
Streptomycin,gid,gid_p.Pro6Ala,0.0,2.0,3) Uncertain significance,p.P6A
Streptomycin,Rv1258c,Rv1258c_p.Asp99Glu,0.0,2.0,3) Uncertain significance,p.D99E
Streptomycin,gid,gid_p.Tyr195Phe,0.0,2.0,3) Uncertain significance,p.Y195F
Streptomycin,Rv1258c,Rv1258c_p.Asp67Asn,0.0,2.0,3) Uncertain significance,p.D67N
Streptomycin,gid,gid_p.Arg20Gln,0.0,1.0,3) Uncertain significance,p.R20Q
Streptomycin,Rv1258c,Rv1258c_p.Ser40Asn,0.0,2.0,3) Uncertain significance,p.S40N
Streptomycin,gid,gid_p.Gln87Glu,0.0,6.0,3) Uncertain significance,p.Q87E
Streptomycin,gid,gid_p.Leu90Val,0.0,6.0,3) Uncertain significance,p.L90V
Streptomycin,gid,gid_p.Ser131Arg,0.0,2.0,3) Uncertain significance,p.S131R
Streptomycin,gid,gid_p.Ala183Val,0.0,2.0,3) Uncertain significance,p.A183V
Streptomycin,gid,gid_p.Ser131Thr,0.0,1.0,3) Uncertain significance,p.S131T
Streptomycin,gid,gid_p.Cys52Arg,0.0,4.0,3) Uncertain significance,p.C52R
Streptomycin,rpsL,rpsL_p.Thr104Met,0.0,2.0,3) Uncertain significance,p.T104M
Streptomycin,gid,gid_p.Glu57Gln,0.0,1.0,3) Uncertain significance,p.E57Q
Streptomycin,Rv1258c,Rv1258c_p.Val224Ala,1.0,2.0,3) Uncertain significance,p.V224A
Streptomycin,gid,gid_p.Ala138Ser,0.0,2.0,3) Uncertain significance,p.A138S
Streptomycin,rpsL,rpsL_p.Ile16Val,0.0,1.0,3) Uncertain significance,p.I16V
Streptomycin,gid,gid_p.Ala133Gly,1.0,3.0,3) Uncertain significance,p.A133G
Streptomycin,Rv1258c,Rv1258c_p.Leu240Pro,0.0,2.0,3) Uncertain significance,p.L240P
Streptomycin,gid,gid_p.Pro3Thr,0.0,2.0,3) Uncertain significance,p.P3T
Streptomycin,gid,gid_p.Leu74Phe,0.0,2.0,3) Uncertain significance,p.L74F
Streptomycin,Rv1258c,Rv1258c_p.Ala178Val,0.0,2.0,3) Uncertain significance,p.A178V
Streptomycin,gid,gid_p.Arg217Trp,0.0,2.0,3) Uncertain significance,p.R217W
Streptomycin,gid,gid_p.Arg15Pro,0.0,2.0,3) Uncertain significance,p.R15P
Streptomycin,gid,gid_p.Phe204Leu,0.0,2.0,3) Uncertain significance,p.F204L
Streptomycin,Rv1258c,Rv1258c_p.Pro129Arg,0.0,4.0,3) Uncertain significance,p.P129R
Streptomycin,Rv1258c,Rv1258c_p.Val156Asp,0.0,2.0,3) Uncertain significance,p.V156D
Streptomycin,Rv1258c,Rv1258c_p.Val304Ala,0.0,2.0,3) Uncertain significance,p.V304A
Streptomycin,Rv1258c,Rv1258c_p.Leu35Ser,0.0,2.0,3) Uncertain significance,p.L35S
Streptomycin,gid,gid_p.Gly69Ser,0.0,2.0,3) Uncertain significance,p.G69S
Streptomycin,Rv1258c,Rv1258c_p.Gln419Arg,0.0,6.0,3) Uncertain significance,p.Q419R
Streptomycin,gid,gid_p.Trp123Cys,0.0,2.0,3) Uncertain significance,p.W123C
Streptomycin,gid,gid_p.Arg15Trp,0.0,4.0,3) Uncertain significance,p.R15W
Streptomycin,Rv1258c,Rv1258c_p.Phe154Val,0.0,2.0,3) Uncertain significance,p.F154V
Streptomycin,gid,gid_p.Val41Gly,0.0,1.0,3) Uncertain significance,p.V41G
Streptomycin,Rv1258c,Rv1258c_p.Ala275Val,0.0,2.0,3) Uncertain significance,p.A275V
Streptomycin,gid,gid_p.Gly30Cys,0.0,4.0,3) Uncertain significance,p.G30C
Streptomycin,whiB7,whiB7_p.Asp24His,0.0,2.0,3) Uncertain significance,p.D24H
Streptomycin,gid,gid_p.Ala80Val,0.0,2.0,3) Uncertain significance,p.A80V
Streptomycin,Rv1258c,Rv1258c_p.Arg347Gln,0.0,2.0,3) Uncertain significance,p.R347Q
Streptomycin,gid,gid_p.Val203Gly,0.0,3.0,3) Uncertain significance,p.V203G
Streptomycin,whiB7,whiB7_p.Cys20Tyr,1.0,1.0,3) Uncertain significance,p.C20Y
Streptomycin,whiB7,whiB7_p.Lys88Thr,1.0,1.0,3) Uncertain significance,p.K88T
Streptomycin,gid,gid_p.Asp132Gly,0.0,3.0,3) Uncertain significance,p.D132G
Streptomycin,Rv1258c,Rv1258c_p.Ala373Val,0.0,3.0,3) Uncertain significance,p.A373V
Streptomycin,Rv1258c,Rv1258c_p.Ala113Val,0.0,2.0,3) Uncertain significance,p.A113V
Streptomycin,gid,gid_p.Val135Met,0.0,4.0,3) Uncertain significance,p.V135M
Streptomycin,gid,gid_p.Glu32Asp,9.0,23.0,3) Uncertain significance,p.E32D
Streptomycin,Rv1258c,Rv1258c_p.Pro257Leu,0.0,1.0,3) Uncertain significance,p.P257L
Streptomycin,gid,gid_p.Val177Leu,0.0,2.0,3) Uncertain significance,p.V177L
Streptomycin,gid,gid_p.Pro198Leu,0.0,1.0,3) Uncertain significance,p.P198L
Streptomycin,rpsL,rpsL_p.Ser17Asn,0.0,2.0,3) Uncertain significance,p.S17N
Streptomycin,gid,gid_p.Arg217Leu,0.0,1.0,3) Uncertain significance,p.R217L
Streptomycin,gid,gid_p.Gln125Glu,0.0,4.0,3) Uncertain significance,p.Q125E
Streptomycin,Rv1258c,Rv1258c_p.Gly24Cys,0.0,2.0,3) Uncertain significance,p.G24C
Streptomycin,Rv1258c,Rv1258c_p.Thr64Ser,0.0,4.0,3) Uncertain significance,p.T64S
Streptomycin,gid,gid_p.Ala133Val,0.0,1.0,3) Uncertain significance,p.A133V
Streptomycin,gid,gid_p.Arg176Ser,0.0,7.0,3) Uncertain significance,p.R176S
Streptomycin,gid,gid_p.Ala224Val,0.0,4.0,3) Uncertain significance,p.A224V
Streptomycin,Rv1258c,Rv1258c_p.Ile283Val,0.0,1.0,3) Uncertain significance,p.I283V
Streptomycin,gid,gid_p.Arg116Gly,0.0,3.0,3) Uncertain significance,p.R116G
Streptomycin,gid,gid_p.Asp132His,,,3) Uncertain significance,p.D132H
Streptomycin,Rv1258c,Rv1258c_p.Met18Thr,0.0,1.0,3) Uncertain significance,p.M18T
Streptomycin,gid,gid_p.Arg20Gly,0.0,3.0,3) Uncertain significance,p.R20G
Streptomycin,gid,gid_p.Ala219Val,0.0,5.0,3) Uncertain significance,p.A219V
Streptomycin,Rv1258c,Rv1258c_p.Met76Val,0.0,1.0,3) Uncertain significance,p.M76V
Streptomycin,Rv1258c,Rv1258c_p.Ser4Thr,0.0,5.0,3) Uncertain significance,p.S4T
Streptomycin,gid,gid_p.Pro199Ala,0.0,2.0,3) Uncertain significance,p.P199A
Streptomycin,gid,gid_p.Glu92Asp,4049.0,2561.0,3) Uncertain significance,p.E92D
Streptomycin,Rv1258c,Rv1258c_p.Val280Leu,1.0,23.0,3) Uncertain significance,p.V280L
Streptomycin,gid,gid_p.Ala8Val,1.0,3.0,3) Uncertain significance,p.A8V
Streptomycin,gid,gid_p.Pro151Arg,0.0,1.0,3) Uncertain significance,p.P151R
Streptomycin,gid,gid_p.Thr146Met,0.0,2.0,3) Uncertain significance,p.T146M
Streptomycin,gid,gid_p.His174Asn,0.0,1.0,3) Uncertain significance,p.H174N
Streptomycin,whiB7,whiB7_p.Pro25Leu,0.0,2.0,3) Uncertain significance,p.P25L
Streptomycin,Rv1258c,Rv1258c_p.Ala58Ser,,,3) Uncertain significance,p.A58S
Streptomycin,gid,gid_p.Ala161Gly,1.0,0.0,3) Uncertain significance,p.A161G
Streptomycin,whiB7,whiB7_p.Thr32Asn,0.0,1.0,3) Uncertain significance,p.T32N
Streptomycin,gid,gid_p.Ala205Thr,5.0,31.0,5) Not assoc w R,p.A205T
Streptomycin,gid,gid_p.Ala167Pro,0.0,5.0,3) Uncertain significance,p.A167P
Streptomycin,whiB7,whiB7_p.Arg87Cys,,,3) Uncertain significance,p.R87C
Streptomycin,Rv1258c,Rv1258c_p.His254Arg,0.0,1.0,3) Uncertain significance,p.H254R
Streptomycin,Rv1258c,Rv1258c_p.Glu243Ala,0.0,7.0,3) Uncertain significance,p.E243A
Streptomycin,Rv1258c,Rv1258c_p.Ala367Thr,0.0,12.0,4) Not assoc w R - Interim,p.A367T
Streptomycin,Rv1258c,Rv1258c_p.Arg223Trp,0.0,2.0,3) Uncertain significance,p.R223W
Streptomycin,Rv1258c,Rv1258c_p.Val219Ala,0.0,19.0,3) Uncertain significance,p.V219A
Streptomycin,Rv1258c,Rv1258c_p.Ala237Val,9.0,8.0,4) Not assoc w R - Interim,p.A237V
Streptomycin,Rv1258c,Rv1258c_p.Val388Met,,,3) Uncertain significance,p.V388M
Streptomycin,rpsL,rpsL_p.Gly124Ser,0.0,7.0,4) Not assoc w R - Interim,p.G124S
Streptomycin,Rv1258c,Rv1258c_p.Leu240Arg,0.0,14.0,5) Not assoc w R,p.L240R
Streptomycin,Rv1258c,Rv1258c_p.Gly363Val,1.0,38.0,5) Not assoc w R,p.G363V
Streptomycin,gid,gid_p.Tyr195His,99.0,149.0,5) Not assoc w R,p.Y195H
Streptomycin,gid,gid_p.Leu16Arg,635.0,1421.0,5) Not assoc w R,p.L16R
Streptomycin,gid,gid_p.Ala161Val,,,3) Uncertain significance,p.A161V
Streptomycin,gid,gid_p.Arg118Pro,,,3) Uncertain significance,p.R118P
Streptomycin,gid,gid_p.Asn51His,,,3) Uncertain significance,p.N51H
Streptomycin,gid,gid_p.Glu121Lys,,,3) Uncertain significance,p.E121K
Streptomycin,gid,gid_p.Gly30Arg,,,3) Uncertain significance,p.G30R
Streptomycin,gid,gid_p.Ile179Ser,,,3) Uncertain significance,p.I179S
Streptomycin,gid,gid_p.Met218Ile,,,3) Uncertain significance,p.M218I
Streptomycin,gid,gid_p.Pro198Arg,,,3) Uncertain significance,p.P198R
Streptomycin,gid,gid_p.Ser136Ala,,,3) Uncertain significance,p.S136A
Streptomycin,gid,gid_p.Ser136Leu,,,3) Uncertain significance,p.S136L
Streptomycin,rpsL,rpsL_p.Lys10Thr,,,3) Uncertain significance,p.K10T
Streptomycin,rpsL,rpsL_p.Val63Ile,,,3) Uncertain significance,p.V63I
Streptomycin,Rv1258c,Rv1258c_p.Ala367Gly,,,3) Uncertain significance,p.A367G
Streptomycin,Rv1258c,Rv1258c_p.Glu38Lys,,,3) Uncertain significance,p.E38K
Streptomycin,Rv1258c,Rv1258c_p.Gly207Arg,,,3) Uncertain significance,p.G207R
Streptomycin,Rv1258c,Rv1258c_p.Gly277Ala,,,3) Uncertain significance,p.G277A
Streptomycin,Rv1258c,Rv1258c_p.Pro129His,,,3) Uncertain significance,p.P129H
Streptomycin,Rv1258c,Rv1258c_p.Val335Met,,,3) Uncertain significance,p.V335M
Streptomycin,whiB7,whiB7_p.Leu18Phe,,,3) Uncertain significance,p.L18F
Streptomycin,whiB7,whiB7_p.Leu57Phe,,,3) Uncertain significance,p.L57F
