drug,gene,variant,confidence,one_letter_mutation,frequency,phenotype,position,WHO_Adjusted_Position,Proximity_1D,Nearest_1D_Index,Proximity_to_R_Conferring,Nearest_Mutation_Index,G_score
Rifampicin,rpoB,rpoB_p.Ala1002Pro,3) Uncertain significance,p.A1002P,0.0,Unknown,1002,1008.0,511.0,497.0,31.75187493676554,444.0,-0.257180420136688
Rifampicin,rpoB,rpoB_p.Ala1055Pro,3) Uncertain significance,p.A1055P,1.0,Unknown,1055,1061.0,564.0,497.0,16.447368968926334,443.0,0.2896196676946793
Rifampicin,rpoB,rpoB_p.Ala1072Gly,3) Uncertain significance,p.A1072G,1.0,Unknown,1072,1078.0,581.0,497.0,36.136792123817514,458.0,-0.1354541121716657
Rifampicin,rpoB,rpoB_p.Ala10Thr,3) Uncertain significance,p.A10T,0.0,Unknown,10,16.0,160.0,176.0,,,
Rifampicin,rpoB,rpoB_p.Ala1153Val,3) Uncertain significance,p.A1153V,1.0,Unknown,1153,1159.0,662.0,497.0,50.8016291274207,432.0,-0.3247526733015473
Rifampicin,rpoB,rpoB_p.Ala1172Pro,3) Uncertain significance,p.A1172P,1.0,Unknown,1172,1178.0,681.0,497.0,,,
Rifampicin,rpoB,rpoB_p.Ala131Val,3) Uncertain significance,p.A131V,0.0,Unknown,131,137.0,39.0,176.0,26.744151828016566,432.0,-0.1424993516397378
Rifampicin,rpoB,rpoB_p.Ala286Val,3) Uncertain significance,p.A286V,1.0,Unknown,286,292.0,116.0,176.0,34.577716957601496,457.0,-0.3123401967049909
Rifampicin,rpoB,rpoB_p.Ala29Thr,3) Uncertain significance,p.A29T,0.0,Unknown,29,35.0,141.0,176.0,15.642387445655467,449.0,0.5543334867883007
Rifampicin,rpoB,rpoB_p.Ala29Val,3) Uncertain significance,p.A29V,0.0,Unknown,29,35.0,141.0,176.0,15.642387445655467,449.0,0.5543334867883007
Rifampicin,rpoB,rpoB_p.Ala2Thr,3) Uncertain significance,p.A2T,1.0,Unknown,2,8.0,168.0,176.0,,,
Rifampicin,rpoB,rpoB_p.Ala334Asp,3) Uncertain significance,p.A334D,0.0,Unknown,334,340.0,92.0,432.0,28.91343234553795,457.0,-0.3979100352204658
Rifampicin,rpoB,rpoB_p.Ala334Val,3) Uncertain significance,p.A334V,0.0,Unknown,334,340.0,92.0,432.0,28.91343234553795,457.0,-0.3979100352204658
Rifampicin,rpoB,rpoB_p.Ala420Ser,3) Uncertain significance,p.A420S,1.0,Unknown,420,426.0,6.0,432.0,6.802620450973321,432.0,1.4138313596637404
Rifampicin,rpoB,rpoB_p.Ala451Gly,2) Assoc w R - Interim,p.A451G,1.0,Resistant,451,457.0,1.0,456.0,1.3285593701449459,458.0,2.0493324320957003
Rifampicin,rpoB,rpoB_p.Ala451Val,2) Assoc w R - Interim,p.A451V,0.5714285714285714,Resistant,451,457.0,1.0,456.0,1.3285593701449459,458.0,2.0493324320957003
Rifampicin,rpoB,rpoB_p.Ala498Gly,3) Uncertain significance,p.A498G,0.0,Unknown,498,504.0,7.0,497.0,7.47128188465675,455.0,1.3926497967124214
Rifampicin,rpoB,rpoB_p.Ala498Val,3) Uncertain significance,p.A498V,1.0,Unknown,498,504.0,7.0,497.0,7.47128188465675,455.0,1.3926497967124214
Rifampicin,rpoB,rpoB_p.Ala527Thr,3) Uncertain significance,p.A527T,1.0,Unknown,527,533.0,36.0,497.0,12.095229348796998,455.0,0.5085814019907072
Rifampicin,rpoB,rpoB_p.Ala527Val,3) Uncertain significance,p.A527V,0.0,Unknown,527,533.0,36.0,497.0,12.095229348796998,455.0,0.5085814019907072
Rifampicin,rpoB,rpoB_p.Ala538Pro,3) Uncertain significance,p.A538P,1.0,Unknown,538,544.0,47.0,497.0,20.745292212933524,455.0,0.3467926657732598
Rifampicin,rpoB,rpoB_p.Ala544Val,3) Uncertain significance,p.A544V,0.0,Unknown,544,550.0,53.0,497.0,33.4049649154134,449.0,0.0788041353363136
Rifampicin,rpoB,rpoB_p.Ala559Val,3) Uncertain significance,p.A559V,1.0,Unknown,559,565.0,68.0,497.0,18.65869904360966,455.0,0.2041638556544187
Rifampicin,rpoB,rpoB_p.Ala584Asp,3) Uncertain significance,p.A584D,1.0,Unknown,584,590.0,93.0,497.0,4.2066600765928195,450.0,4.580918335808335
Rifampicin,rpoB,rpoB_p.Ala584Gly,3) Uncertain significance,p.A584G,1.0,Unknown,584,590.0,93.0,497.0,4.2066600765928195,450.0,4.580918335808335
Rifampicin,rpoB,rpoB_p.Ala596Gly,3) Uncertain significance,p.A596G,1.0,Unknown,596,602.0,105.0,497.0,12.34501927904529,497.0,0.8336213286615406
Rifampicin,rpoB,rpoB_p.Ala599Thr,3) Uncertain significance,p.A599T,1.0,Unknown,599,605.0,108.0,497.0,11.086701448131473,454.0,1.1462883140372515
Rifampicin,rpoB,rpoB_p.Ala599Val,3) Uncertain significance,p.A599V,1.0,Unknown,599,605.0,108.0,497.0,11.086701448131473,454.0,1.1462883140372515
Rifampicin,rpoB,rpoB_p.Ala628Gly,3) Uncertain significance,p.A628G,0.0,Unknown,628,634.0,137.0,497.0,3.490467876947159,449.0,3.039216292013153
Rifampicin,rpoB,rpoB_p.Ala628Pro,3) Uncertain significance,p.A628P,1.0,Unknown,628,634.0,137.0,497.0,3.490467876947159,449.0,3.039216292013153
Rifampicin,rpoB,rpoB_p.Ala632Gly,3) Uncertain significance,p.A632G,0.0,Unknown,632,638.0,141.0,497.0,3.6140087160935273,445.0,4.799496359278707
Rifampicin,rpoB,rpoB_p.Ala632Ser,3) Uncertain significance,p.A632S,0.0,Unknown,632,638.0,141.0,497.0,3.6140087160935273,445.0,4.799496359278707
Rifampicin,rpoB,rpoB_p.Ala638Gly,3) Uncertain significance,p.A638G,1.0,Unknown,638,644.0,147.0,497.0,15.613380767790177,445.0,0.5231231491703854
Rifampicin,rpoB,rpoB_p.Ala686Thr,3) Uncertain significance,p.A686T,0.0,Unknown,686,692.0,195.0,497.0,23.864984307558213,445.0,0.153653125393138
Rifampicin,rpoB,rpoB_p.Ala68Val,3) Uncertain significance,p.A68V,0.0,Unknown,68,74.0,102.0,176.0,20.621530156610614,452.0,0.2417595390978473
Rifampicin,rpoB,rpoB_p.Ala692Thr,3) Uncertain significance,p.A692T,0.8617021276595744,Unknown,692,698.0,201.0,497.0,18.23325519483562,449.0,0.4084194407797156
Rifampicin,rpoB,rpoB_p.Ala69Pro,3) Uncertain significance,p.A69P,0.0,Unknown,69,75.0,101.0,176.0,23.297803437234172,452.0,0.162152171664582
Rifampicin,rpoB,rpoB_p.Ala708Ser,3) Uncertain significance,p.A708S,1.0,Unknown,708,714.0,217.0,497.0,6.944825771752656,444.0,1.4942239484254876
Rifampicin,rpoB,rpoB_p.Ala753Thr,3) Uncertain significance,p.A753T,0.5,Unknown,753,759.0,262.0,497.0,23.391285856061867,432.0,-0.0988989480105442
Rifampicin,rpoB,rpoB_p.Ala753Val,3) Uncertain significance,p.A753V,1.0,Unknown,753,759.0,262.0,497.0,23.391285856061867,432.0,-0.0988989480105442
Rifampicin,rpoB,rpoB_p.Ala776Val,3) Uncertain significance,p.A776V,0.6666666666666666,Unknown,776,782.0,285.0,497.0,32.412621877904286,442.0,-0.185559809799095
Rifampicin,rpoB,rpoB_p.Ala817Val,3) Uncertain significance,p.A817V,1.0,Unknown,817,823.0,326.0,497.0,48.60222219199447,432.0,-0.1857165725410948
Rifampicin,rpoB,rpoB_p.Ala868Val,3) Uncertain significance,p.A868V,0.0,Unknown,868,874.0,377.0,497.0,14.761483868500479,443.0,0.2873342709675835
Rifampicin,rpoB,rpoB_p.Ala902Pro,3) Uncertain significance,p.A902P,0.0,Unknown,902,908.0,411.0,497.0,34.3483723486281,444.0,-0.235419117202505
Rifampicin,rpoB,rpoB_p.Ala934Thr,3) Uncertain significance,p.A934T,1.0,Unknown,934,940.0,443.0,497.0,22.575582805323094,444.0,-0.0008084314089914
Rifampicin,rpoB,rpoB_p.Ala934Val,3) Uncertain significance,p.A934V,0.0,Unknown,934,940.0,443.0,497.0,22.575582805323094,444.0,-0.0008084314089914
Rifampicin,rpoB,rpoB_p.Ala942Thr,3) Uncertain significance,p.A942T,0.0,Unknown,942,948.0,451.0,497.0,38.62013249588872,449.0,-0.1410784029147645
Rifampicin,rpoB,rpoB_p.Ala943Asp,3) Uncertain significance,p.A943D,0.0,Unknown,943,949.0,452.0,497.0,41.930422499660075,449.0,-0.1247722666348411
Rifampicin,rpoB,rpoB_p.Ala943Thr,3) Uncertain significance,p.A943T,0.0,Unknown,943,949.0,452.0,497.0,41.930422499660075,449.0,-0.1247722666348411
Rifampicin,rpoB,rpoB_p.Ala943Val,3) Uncertain significance,p.A943V,1.0,Unknown,943,949.0,452.0,497.0,41.930422499660075,449.0,-0.1247722666348411
Rifampicin,rpoB,rpoB_p.Ala950Val,3) Uncertain significance,p.A950V,0.0,Unknown,950,956.0,459.0,497.0,32.76811636331877,449.0,-0.0918960885208228
Rifampicin,rpoB,rpoB_p.Ala951Thr,3) Uncertain significance,p.A951T,1.0,Unknown,951,957.0,460.0,497.0,32.94800632815284,449.0,-0.0679519057536683
Rifampicin,rpoB,rpoB_p.Ala960Glu,3) Uncertain significance,p.A960E,0.6666666666666666,Unknown,960,966.0,469.0,497.0,27.411136751327906,445.0,-0.045091983028469
Rifampicin,rpoB,rpoB_p.Ala964Thr,3) Uncertain significance,p.A964T,0.0,Unknown,964,970.0,473.0,497.0,21.020628558632588,445.0,0.1116459369956548
Rifampicin,rpoB,rpoB_p.Ala974Gly,3) Uncertain significance,p.A974G,0.0,Unknown,974,980.0,483.0,497.0,22.761762277995963,449.0,0.1152229483030917
Rifampicin,rpoB,rpoB_p.Ala974Thr,3) Uncertain significance,p.A974T,1.0,Unknown,974,980.0,483.0,497.0,22.761762277995963,449.0,0.1152229483030917
Rifampicin,rpoB,rpoB_p.Ala974Val,3) Uncertain significance,p.A974V,1.0,Unknown,974,980.0,483.0,497.0,22.761762277995963,449.0,0.1152229483030917
Rifampicin,rpoB,rpoB_p.Ala977Ser,3) Uncertain significance,p.A977S,1.0,Unknown,977,983.0,486.0,497.0,30.661993477267583,450.0,-0.0827783614333531
Rifampicin,rpoB,rpoB_p.Ala977Thr,3) Uncertain significance,p.A977T,0.0,Unknown,977,983.0,486.0,497.0,30.661993477267583,450.0,-0.0827783614333531
Rifampicin,rpoB,rpoB_p.Ala998Gly,3) Uncertain significance,p.A998G,0.0,Unknown,998,1004.0,507.0,497.0,33.933907953549934,444.0,-0.1746370682414176
Rifampicin,rpoB,rpoB_p.Ala998Val,3) Uncertain significance,p.A998V,0.0,Unknown,998,1004.0,507.0,497.0,33.933907953549934,444.0,-0.1746370682414176
Rifampicin,rpoB,rpoB_p.Arg1008Cys,3) Uncertain significance,p.R1008C,1.0,Unknown,1008,1014.0,517.0,497.0,32.52190352670029,443.0,-0.2292059123098837
Rifampicin,rpoB,rpoB_p.Arg167Cys,3) Uncertain significance,p.R167C,0.8,Unknown,167,173.0,3.0,176.0,2.465879559102593,437.0,2.882826756462065
Rifampicin,rpoB,rpoB_p.Arg167His,3) Uncertain significance,p.R167H,1.0,Unknown,167,173.0,3.0,176.0,2.465879559102593,437.0,2.882826756462065
Rifampicin,rpoB,rpoB_p.Arg219Cys,3) Uncertain significance,p.R219C,1.0,Unknown,219,225.0,49.0,176.0,22.733801221969014,457.0,-0.2601704106265416
Rifampicin,rpoB,rpoB_p.Arg219His,3) Uncertain significance,p.R219H,1.0,Unknown,219,225.0,49.0,176.0,22.733801221969014,457.0,-0.2601704106265416
Rifampicin,rpoB,rpoB_p.Arg219Leu,3) Uncertain significance,p.R219L,1.0,Unknown,219,225.0,49.0,176.0,22.733801221969014,457.0,-0.2601704106265416
Rifampicin,rpoB,rpoB_p.Arg219Ser,3) Uncertain significance,p.R219S,1.0,Unknown,219,225.0,49.0,176.0,22.733801221969014,457.0,-0.2601704106265416
Rifampicin,rpoB,rpoB_p.Arg224Cys,3) Uncertain significance,p.R224C,1.0,Unknown,224,230.0,54.0,176.0,27.244241887048357,457.0,-0.2400778317359025
Rifampicin,rpoB,rpoB_p.Arg224Gly,3) Uncertain significance,p.R224G,1.0,Unknown,224,230.0,54.0,176.0,27.244241887048357,457.0,-0.2400778317359025
Rifampicin,rpoB,rpoB_p.Arg224His,3) Uncertain significance,p.R224H,1.0,Unknown,224,230.0,54.0,176.0,27.244241887048357,457.0,-0.2400778317359025
Rifampicin,rpoB,rpoB_p.Arg225Gln,3) Uncertain significance,p.R225Q,0.0,Unknown,225,231.0,55.0,176.0,26.76217780749542,457.0,-0.3135488314790691
Rifampicin,rpoB,rpoB_p.Arg225Gly,3) Uncertain significance,p.R225G,1.0,Unknown,225,231.0,55.0,176.0,26.76217780749542,457.0,-0.3135488314790691
Rifampicin,rpoB,rpoB_p.Arg253Met,3) Uncertain significance,p.R253M,0.0,Unknown,253,259.0,83.0,176.0,39.01379712358182,457.0,-0.3687951757155025
Rifampicin,rpoB,rpoB_p.Arg273Cys,3) Uncertain significance,p.R273C,1.0,Unknown,273,279.0,103.0,176.0,33.56542693010175,457.0,-0.2292277971302169
Rifampicin,rpoB,rpoB_p.Arg304Cys,3) Uncertain significance,p.R304C,0.0,Unknown,304,310.0,122.0,432.0,18.925596873018275,436.0,-0.0111363338611866
Rifampicin,rpoB,rpoB_p.Arg307His,3) Uncertain significance,p.R307H,0.0,Unknown,307,313.0,119.0,432.0,21.063920646451358,457.0,-0.17033952157222
Rifampicin,rpoB,rpoB_p.Arg341His,3) Uncertain significance,p.R341H,1.0,Unknown,341,347.0,85.0,432.0,31.178756630115966,457.0,-0.3668061175641364
Rifampicin,rpoB,rpoB_p.Arg448Gln,2) Assoc w R - Interim,p.R448Q,1.0,Resistant,448,454.0,1.0,455.0,1.3277017737428807,455.0,6.7196812792348
Rifampicin,rpoB,rpoB_p.Arg448Leu,2) Assoc w R - Interim,p.R448L,1.0,Resistant,448,454.0,1.0,455.0,1.3277017737428807,455.0,6.7196812792348
Rifampicin,rpoB,rpoB_p.Arg448Lys,2) Assoc w R - Interim,p.R448K,1.0,Resistant,448,454.0,1.0,455.0,1.3277017737428807,455.0,6.7196812792348
Rifampicin,rpoB,rpoB_p.Arg459His,3) Uncertain significance,p.R459H,0.0,Unknown,459,465.0,7.0,458.0,3.1392142328933152,458.0,1.6937266298129152
Rifampicin,rpoB,rpoB_p.Arg499Gln,3) Uncertain significance,p.R499Q,0.0,Unknown,499,505.0,8.0,497.0,8.967460510088706,455.0,1.0810640809117011
Rifampicin,rpoB,rpoB_p.Arg499Trp,3) Uncertain significance,p.R499W,0.0,Unknown,499,505.0,8.0,497.0,8.967460510088706,455.0,1.0810640809117011
Rifampicin,rpoB,rpoB_p.Arg547Ser,3) Uncertain significance,p.R547S,0.0,Unknown,547,553.0,56.0,497.0,32.627109540993665,455.0,0.0708627053346547
Rifampicin,rpoB,rpoB_p.Arg552Cys,3) Uncertain significance,p.R552C,1.0,Unknown,552,558.0,61.0,497.0,31.45443690483109,455.0,-0.0209741705136878
Rifampicin,rpoB,rpoB_p.Arg552His,3) Uncertain significance,p.R552H,1.0,Unknown,552,558.0,61.0,497.0,31.45443690483109,455.0,-0.0209741705136878
Rifampicin,rpoB,rpoB_p.Arg552Leu,3) Uncertain significance,p.R552L,1.0,Unknown,552,558.0,61.0,497.0,31.45443690483109,455.0,-0.0209741705136878
Rifampicin,rpoB,rpoB_p.Arg578Cys,3) Uncertain significance,p.R578C,1.0,Unknown,578,584.0,87.0,497.0,11.680688121853093,449.0,1.0017332839468562
Rifampicin,rpoB,rpoB_p.Arg578Gly,3) Uncertain significance,p.R578G,1.0,Unknown,578,584.0,87.0,497.0,11.680688121853093,449.0,1.0017332839468562
Rifampicin,rpoB,rpoB_p.Arg578His,3) Uncertain significance,p.R578H,1.0,Unknown,578,584.0,87.0,497.0,11.680688121853093,449.0,1.0017332839468562
Rifampicin,rpoB,rpoB_p.Arg607Ser,3) Uncertain significance,p.R607S,1.0,Unknown,607,613.0,116.0,497.0,2.963627844382635,450.0,6.523518325440628
Rifampicin,rpoB,rpoB_p.Arg661Gln,3) Uncertain significance,p.R661Q,0.0,Unknown,661,667.0,170.0,497.0,24.320415970949178,452.0,0.1782396139155667
Rifampicin,rpoB,rpoB_p.Arg665Trp,3) Uncertain significance,p.R665W,1.0,Unknown,665,671.0,174.0,497.0,14.669530121990963,445.0,0.6989585761515543
Rifampicin,rpoB,rpoB_p.Arg734His,3) Uncertain significance,p.R734H,0.0,Unknown,734,740.0,243.0,497.0,20.53543476530263,444.0,-0.0831067738239052
Rifampicin,rpoB,rpoB_p.Arg791Cys,3) Uncertain significance,p.R791C,0.0476190476190476,Unknown,791,797.0,300.0,497.0,23.388129232582948,443.0,-0.1196500972809281
Rifampicin,rpoB,rpoB_p.Arg824Cys,3) Uncertain significance,p.R824C,1.0,Unknown,824,830.0,333.0,497.0,33.07822858014013,432.0,-0.2264326899579681
Rifampicin,rpoB,rpoB_p.Arg824His,3) Uncertain significance,p.R824H,1.0,Unknown,824,830.0,333.0,497.0,33.07822858014013,432.0,-0.2264326899579681
Rifampicin,rpoB,rpoB_p.Arg824Leu,3) Uncertain significance,p.R824L,1.0,Unknown,824,830.0,333.0,497.0,33.07822858014013,432.0,-0.2264326899579681
Rifampicin,rpoB,rpoB_p.Arg824Ser,3) Uncertain significance,p.R824S,1.0,Unknown,824,830.0,333.0,497.0,33.07822858014013,432.0,-0.2264326899579681
Rifampicin,rpoB,rpoB_p.Arg827Cys,3) Uncertain significance,p.R827C,0.9897959183673468,Unknown,827,833.0,336.0,497.0,27.917997743391258,432.0,-0.1704884512807285
Rifampicin,rpoB,rpoB_p.Arg827His,3) Uncertain significance,p.R827H,1.0,Unknown,827,833.0,336.0,497.0,27.917997743391258,432.0,-0.1704884512807285
Rifampicin,rpoB,rpoB_p.Arg827Leu,3) Uncertain significance,p.R827L,1.0,Unknown,827,833.0,336.0,497.0,27.917997743391258,432.0,-0.1704884512807285
Rifampicin,rpoB,rpoB_p.Arg827Ser,3) Uncertain significance,p.R827S,1.0,Unknown,827,833.0,336.0,497.0,27.917997743391258,432.0,-0.1704884512807285
Rifampicin,rpoB,rpoB_p.Arg845Gln,3) Uncertain significance,p.R845Q,1.0,Unknown,845,851.0,354.0,497.0,16.744688083090704,442.0,0.0895501824935044
Rifampicin,rpoB,rpoB_p.Arg845Trp,3) Uncertain significance,p.R845W,1.0,Unknown,845,851.0,354.0,497.0,16.744688083090704,442.0,0.0895501824935044
Rifampicin,rpoB,rpoB_p.Arg849His,3) Uncertain significance,p.R849H,0.0,Unknown,849,855.0,358.0,497.0,21.562161904595754,432.0,-0.0293594174160778
Rifampicin,rpoB,rpoB_p.Arg871His,3) Uncertain significance,p.R871H,1.0,Unknown,871,877.0,380.0,497.0,10.012831817223352,443.0,0.2721125951839858
Rifampicin,rpoB,rpoB_p.Arg871Leu,3) Uncertain significance,p.R871L,1.0,Unknown,871,877.0,380.0,497.0,10.012831817223352,443.0,0.2721125951839858
Rifampicin,rpoB,rpoB_p.Arg952Lys,3) Uncertain significance,p.R952K,0.5,Unknown,952,958.0,461.0,497.0,28.78389565364633,449.0,0.0046560706849971
Rifampicin,rpoB,rpoB_p.Arg990Leu,3) Uncertain significance,p.R990L,0.0,Unknown,990,996.0,499.0,497.0,34.82576717030077,444.0,-0.1625610006324557
Rifampicin,rpoB,rpoB_p.Asn1105Ser,3) Uncertain significance,p.N1105S,0.0,Unknown,1105,1111.0,614.0,497.0,45.621842323606366,443.0,-0.2978948829562288
Rifampicin,rpoB,rpoB_p.Asn1155Ser,3) Uncertain significance,p.N1155S,0.6666666666666666,Unknown,1155,1161.0,664.0,497.0,49.678906771385385,443.0,-0.3327358473532255
Rifampicin,rpoB,rpoB_p.Asn135Asp,3) Uncertain significance,p.N135D,1.0,Unknown,135,141.0,35.0,176.0,37.486491260186014,432.0,-0.1953112131533033
Rifampicin,rpoB,rpoB_p.Asn137Asp,3) Uncertain significance,p.N137D,0.0,Unknown,137,143.0,33.0,176.0,41.57276829849076,433.0,-0.2002416121107131
Rifampicin,rpoB,rpoB_p.Asn163Asp,3) Uncertain significance,p.N163D,0.25,Unknown,163,169.0,7.0,176.0,6.065501875360359,432.0,1.5345772954264385
Rifampicin,rpoB,rpoB_p.Asn163Lys,3) Uncertain significance,p.N163K,0.6666666666666666,Unknown,163,169.0,7.0,176.0,6.065501875360359,432.0,1.5345772954264385
Rifampicin,rpoB,rpoB_p.Asn24Asp,3) Uncertain significance,p.N24D,0.0,Unknown,24,30.0,146.0,176.0,18.42842719821743,449.0,0.3830546468514382
Rifampicin,rpoB,rpoB_p.Asn24Lys,3) Uncertain significance,p.N24K,1.0,Unknown,24,30.0,146.0,176.0,18.42842719821743,449.0,0.3830546468514382
Rifampicin,rpoB,rpoB_p.Asn292Ser,3) Uncertain significance,p.N292S,0.0,Unknown,292,298.0,122.0,176.0,25.85787054264134,436.0,-0.2168370319441223
Rifampicin,rpoB,rpoB_p.Asn369Asp,3) Uncertain significance,p.N369D,0.0,Unknown,369,375.0,57.0,432.0,11.85222784964921,457.0,0.2900831889348704
Rifampicin,rpoB,rpoB_p.Asn381His,5) Not assoc w R,p.N381H,0.0,Susceptible,381,387.0,45.0,432.0,8.685241447421026,436.0,0.748697113521617
Rifampicin,rpoB,rpoB_p.Asn437Asp,2) Assoc w R - Interim,p.N437D,0.7142857142857143,Resistant,437,443.0,1.0,442.0,1.3257322504940396,444.0,3.2437437664452173
Rifampicin,rpoB,rpoB_p.Asn437His,2) Assoc w R - Interim,p.N437H,1.0,Resistant,437,443.0,1.0,442.0,1.3257322504940396,444.0,3.2437437664452173
Rifampicin,rpoB,rpoB_p.Asn437Ile,2) Assoc w R - Interim,p.N437I,1.0,Resistant,437,443.0,1.0,442.0,1.3257322504940396,444.0,3.2437437664452173
Rifampicin,rpoB,rpoB_p.Asn437Ser,2) Assoc w R - Interim,p.N437S,0.25,Resistant,437,443.0,1.0,442.0,1.3257322504940396,444.0,3.2437437664452173
Rifampicin,rpoB,rpoB_p.Asn437Tyr,2) Assoc w R - Interim,p.N437Y,0.0,Resistant,437,443.0,1.0,442.0,1.3257322504940396,444.0,3.2437437664452173
Rifampicin,rpoB,rpoB_p.Asn438His,2) Assoc w R - Interim,p.N438H,1.0,Resistant,438,444.0,1.0,443.0,1.3257322504940396,443.0,8.078411622287936
Rifampicin,rpoB,rpoB_p.Asn487His,3) Uncertain significance,p.N487H,0.75,Unknown,487,493.0,4.0,497.0,3.270322766945162,497.0,1.9500862343627952
Rifampicin,rpoB,rpoB_p.Asn487Ser,3) Uncertain significance,p.N487S,1.0,Unknown,487,493.0,4.0,497.0,3.270322766945162,497.0,1.9500862343627952
Rifampicin,rpoB,rpoB_p.Asn501Lys,3) Uncertain significance,p.N501K,1.0,Unknown,501,507.0,10.0,497.0,10.691852271706743,455.0,0.6984029324591348
Rifampicin,rpoB,rpoB_p.Asn539Lys,3) Uncertain significance,p.N539K,1.0,Unknown,539,545.0,48.0,497.0,22.12957991015646,455.0,0.2849926859463528
Rifampicin,rpoB,rpoB_p.Asn673Ser,3) Uncertain significance,p.N673S,0.8333333333333334,Unknown,673,679.0,182.0,497.0,2.6711651015989135,442.0,2.0011180661555152
Rifampicin,rpoB,rpoB_p.Asn673Thr,3) Uncertain significance,p.N673T,0.0,Unknown,673,679.0,182.0,497.0,2.6711651015989135,442.0,2.0011180661555152
Rifampicin,rpoB,rpoB_p.Asn679Ser,3) Uncertain significance,p.N679S,1.0,Unknown,679,685.0,188.0,497.0,8.741952241919408,445.0,1.2200694012721696
Rifampicin,rpoB,rpoB_p.Asn724Ser,3) Uncertain significance,p.N724S,0.0,Unknown,724,730.0,233.0,497.0,24.54699837047292,444.0,0.106530419798362
Rifampicin,rpoB,rpoB_p.Asn733Ser,3) Uncertain significance,p.N733S,1.0,Unknown,733,739.0,242.0,497.0,23.172158315530286,443.0,-0.1229393689026253
Rifampicin,rpoB,rpoB_p.Asn75Thr,3) Uncertain significance,p.N75T,1.0,Unknown,75,81.0,95.0,176.0,24.183263737552082,176.0,0.0781564951611229
Rifampicin,rpoB,rpoB_p.Asn769Thr,3) Uncertain significance,p.N769T,1.0,Unknown,769,775.0,278.0,497.0,37.56266622592174,443.0,-0.2733985777247134
Rifampicin,rpoB,rpoB_p.Asn963Asp,3) Uncertain significance,p.N963D,0.0,Unknown,963,969.0,472.0,497.0,21.559795128896756,445.0,0.0969933266034379
Rifampicin,rpoB,rpoB_p.Asn963Ser,3) Uncertain significance,p.N963S,0.0,Unknown,963,969.0,472.0,497.0,21.559795128896756,445.0,0.0969933266034379
Rifampicin,rpoB,rpoB_p.Asp1006Gly,3) Uncertain significance,p.D1006G,0.0,Unknown,1006,1012.0,515.0,497.0,34.89200610455065,444.0,-0.2762747157002238
Rifampicin,rpoB,rpoB_p.Asp103Glu,3) Uncertain significance,p.D103E,0.0,Unknown,103,109.0,67.0,176.0,24.721635969328595,432.0,-0.0024018790334777
Rifampicin,rpoB,rpoB_p.Asp107Glu,3) Uncertain significance,p.D107E,0.0,Unknown,107,113.0,63.0,176.0,20.885146994933997,432.0,0.2727074961908144
Rifampicin,rpoB,rpoB_p.Asp108Glu,3) Uncertain significance,p.D108E,0.5,Unknown,108,114.0,62.0,176.0,20.029430271478027,432.0,0.333723960429537
Rifampicin,rpoB,rpoB_p.Asp1146Gly,3) Uncertain significance,p.D1146G,0.0,Unknown,1146,1152.0,655.0,497.0,46.86481871297488,433.0,-0.2915497061886311
Rifampicin,rpoB,rpoB_p.Asp1148Glu,3) Uncertain significance,p.D1148E,0.0,Unknown,1148,1154.0,657.0,497.0,49.060697121015295,432.0,-0.3236229821921522
Rifampicin,rpoB,rpoB_p.Asp114Asn,3) Uncertain significance,p.D114N,0.0,Unknown,114,120.0,56.0,176.0,10.607589028615314,442.0,0.8315439534945659
Rifampicin,rpoB,rpoB_p.Asp114Gly,3) Uncertain significance,p.D114G,1.0,Unknown,114,120.0,56.0,176.0,10.607589028615314,442.0,0.8315439534945659
Rifampicin,rpoB,rpoB_p.Asp118Gly,3) Uncertain significance,p.D118G,1.0,Unknown,118,124.0,52.0,176.0,12.015137535625641,442.0,0.5454742417623903
Rifampicin,rpoB,rpoB_p.Asp120Ala,3) Uncertain significance,p.D120A,0.0,Unknown,120,126.0,50.0,176.0,12.019267406959555,432.0,0.6593526681936455
Rifampicin,rpoB,rpoB_p.Asp120Gly,3) Uncertain significance,p.D120G,0.0,Unknown,120,126.0,50.0,176.0,12.019267406959555,432.0,0.6593526681936455
Rifampicin,rpoB,rpoB_p.Asp186Ala,3) Uncertain significance,p.D186A,1.0,Unknown,186,192.0,16.0,176.0,25.129838260522096,458.0,-0.1189330729024961
Rifampicin,rpoB,rpoB_p.Asp190Ala,3) Uncertain significance,p.D190A,1.0,Unknown,190,196.0,20.0,176.0,30.913558416979434,458.0,-0.1580005789741392
Rifampicin,rpoB,rpoB_p.Asp190Glu,3) Uncertain significance,p.D190E,0.0,Unknown,190,196.0,20.0,176.0,30.913558416979434,458.0,-0.1580005789741392
Rifampicin,rpoB,rpoB_p.Asp209Asn,3) Uncertain significance,p.D209N,0.0,Unknown,209,215.0,39.0,176.0,24.511944720890682,457.0,-0.3144775795567791
Rifampicin,rpoB,rpoB_p.Asp211Asn,3) Uncertain significance,p.D211N,1.0,Unknown,211,217.0,41.0,176.0,29.479840518564558,457.0,-0.3054648863126173
Rifampicin,rpoB,rpoB_p.Asp211Val,3) Uncertain significance,p.D211V,0.0,Unknown,211,217.0,41.0,176.0,29.479840518564558,457.0,-0.3054648863126173
Rifampicin,rpoB,rpoB_p.Asp265Ala,3) Uncertain significance,p.D265A,1.0,Unknown,265,271.0,95.0,176.0,40.48434486316905,457.0,-0.3320208903046687
Rifampicin,rpoB,rpoB_p.Asp265Gly,3) Uncertain significance,p.D265G,0.8571428571428571,Unknown,265,271.0,95.0,176.0,40.48434486316905,457.0,-0.3320208903046687
Rifampicin,rpoB,rpoB_p.Asp270Glu,3) Uncertain significance,p.D270E,0.3333333333333333,Unknown,270,276.0,100.0,176.0,34.368955381273956,457.0,-0.319525167068043
Rifampicin,rpoB,rpoB_p.Asp301Asn,3) Uncertain significance,p.D301N,1.0,Unknown,301,307.0,125.0,432.0,18.23466536572578,436.0,-0.0169192919404831
Rifampicin,rpoB,rpoB_p.Asp362His,3) Uncertain significance,p.D362H,0.0,Unknown,362,368.0,64.0,432.0,17.083331583739735,457.0,-0.0725489142659715
Rifampicin,rpoB,rpoB_p.Asp363Asn,3) Uncertain significance,p.D363N,1.0,Unknown,363,369.0,63.0,432.0,13.913143749706599,457.0,0.139318692210444
Rifampicin,rpoB,rpoB_p.Asp3Gly,3) Uncertain significance,p.D3G,0.1333333333333333,Unknown,3,9.0,167.0,176.0,,,
Rifampicin,rpoB,rpoB_p.Asp435Ala,2) Assoc w R - Interim,p.D435A,0.6666666666666666,Resistant,435,441.0,1.0,440.0,1.3240173714872463,440.0,4.29142343499352
Rifampicin,rpoB,rpoB_p.Asp435Asn,2) Assoc w R - Interim,p.D435N,1.0,Resistant,435,441.0,1.0,440.0,1.3240173714872463,440.0,4.29142343499352
Rifampicin,rpoB,rpoB_p.Asp435Glu,2) Assoc w R - Interim,p.D435E,1.0,Resistant,435,441.0,1.0,440.0,1.3240173714872463,440.0,4.29142343499352
Rifampicin,rpoB,rpoB_p.Asp435Gly,2) Assoc w R - Interim,p.D435G,0.9487179487179488,Resistant,435,441.0,1.0,440.0,1.3240173714872463,440.0,4.29142343499352
Rifampicin,rpoB,rpoB_p.Asp435His,2) Assoc w R - Interim,p.D435H,1.0,Resistant,435,441.0,1.0,440.0,1.3240173714872463,440.0,4.29142343499352
Rifampicin,rpoB,rpoB_p.Asp435Leu,2) Assoc w R - Interim,p.D435L,1.0,Resistant,435,441.0,1.0,440.0,1.3240173714872463,440.0,4.29142343499352
Rifampicin,rpoB,rpoB_p.Asp435Phe,1) Assoc w R,p.D435F,0.9230769230769232,Resistant,435,441.0,1.0,440.0,1.3240173714872463,440.0,4.29142343499352
Rifampicin,rpoB,rpoB_p.Asp435Tyr,1) Assoc w R,p.D435Y,0.7857142857142857,Resistant,435,441.0,1.0,440.0,1.3240173714872463,440.0,4.29142343499352
Rifampicin,rpoB,rpoB_p.Asp435Val,1) Assoc w R,p.D435V,0.9854824935952178,Resistant,435,441.0,1.0,440.0,1.3240173714872463,440.0,4.29142343499352
Rifampicin,rpoB,rpoB_p.Asp49His,3) Uncertain significance,p.D49H,0.0,Unknown,49,55.0,121.0,176.0,7.5509002112331105,452.0,1.7712933828645678
Rifampicin,rpoB,rpoB_p.Asp515Ala,3) Uncertain significance,p.D515A,1.0,Unknown,515,521.0,24.0,497.0,31.879034317243686,455.0,-0.0384125555331969
Rifampicin,rpoB,rpoB_p.Asp515Tyr,3) Uncertain significance,p.D515Y,0.0,Unknown,515,521.0,24.0,497.0,31.879034317243686,455.0,-0.0384125555331969
Rifampicin,rpoB,rpoB_p.Asp520Ala,3) Uncertain significance,p.D520A,1.0,Unknown,520,526.0,29.0,497.0,24.97793692441392,455.0,0.1795071390992139
Rifampicin,rpoB,rpoB_p.Asp520Gly,3) Uncertain significance,p.D520G,1.0,Unknown,520,526.0,29.0,497.0,24.97793692441392,455.0,0.1795071390992139
Rifampicin,rpoB,rpoB_p.Asp520Val,3) Uncertain significance,p.D520V,0.0,Unknown,520,526.0,29.0,497.0,24.97793692441392,455.0,0.1795071390992139
Rifampicin,rpoB,rpoB_p.Asp531Tyr,3) Uncertain significance,p.D531Y,1.0,Unknown,531,537.0,40.0,497.0,16.819764148168076,455.0,0.1642395011733649
Rifampicin,rpoB,rpoB_p.Asp53Asn,3) Uncertain significance,p.D53N,0.0,Unknown,53,59.0,117.0,176.0,9.844998628745461,452.0,1.077663836383579
Rifampicin,rpoB,rpoB_p.Asp543Gly,3) Uncertain significance,p.D543G,0.0,Unknown,543,549.0,52.0,497.0,32.67297751965682,449.0,0.0808987236678206
Rifampicin,rpoB,rpoB_p.Asp545Ala,3) Uncertain significance,p.D545A,0.0,Unknown,545,551.0,54.0,497.0,33.57793897784674,449.0,0.2024251607300335
Rifampicin,rpoB,rpoB_p.Asp545Glu,3) Uncertain significance,p.D545E,0.3333333333333333,Unknown,545,551.0,54.0,497.0,33.57793897784674,449.0,0.2024251607300335
Rifampicin,rpoB,rpoB_p.Asp571Ala,3) Uncertain significance,p.D571A,1.0,Unknown,571,577.0,80.0,497.0,24.2005185688241,455.0,-0.0247817393775172
Rifampicin,rpoB,rpoB_p.Asp571Tyr,3) Uncertain significance,p.D571Y,1.0,Unknown,571,577.0,80.0,497.0,24.2005185688241,455.0,-0.0247817393775172
Rifampicin,rpoB,rpoB_p.Asp574Glu,3) Uncertain significance,p.D574E,1.0,Unknown,574,580.0,83.0,497.0,16.807872768438006,455.0,0.4531090861902659
Rifampicin,rpoB,rpoB_p.Asp594Ala,3) Uncertain significance,p.D594A,0.0,Unknown,594,600.0,103.0,497.0,16.665333750033323,450.0,0.4370452381704935
Rifampicin,rpoB,rpoB_p.Asp595Glu,3) Uncertain significance,p.D595E,1.0,Unknown,595,601.0,104.0,497.0,15.771716139976634,497.0,0.5409543394079428
Rifampicin,rpoB,rpoB_p.Asp631Gly,3) Uncertain significance,p.D631G,1.0,Unknown,631,637.0,140.0,497.0,4.267214313811758,449.0,2.7112522324252044
Rifampicin,rpoB,rpoB_p.Asp634Gly,3) Uncertain significance,p.D634G,0.9047619047619048,Unknown,634,640.0,143.0,497.0,3.1279555623441975,445.0,4.19006853979917
Rifampicin,rpoB,rpoB_p.Asp703Gly,3) Uncertain significance,p.D703G,0.0,Unknown,703,709.0,212.0,497.0,8.483042143005063,445.0,1.0771253575763156
Rifampicin,rpoB,rpoB_p.Asp752Asn,3) Uncertain significance,p.D752N,0.0,Unknown,752,758.0,261.0,497.0,18.55311944121527,432.0,0.0189733093041357
Rifampicin,rpoB,rpoB_p.Asp752Gly,3) Uncertain significance,p.D752G,1.0,Unknown,752,758.0,261.0,497.0,18.55311944121527,432.0,0.0189733093041357
Rifampicin,rpoB,rpoB_p.Asp766His,3) Uncertain significance,p.D766H,1.0,Unknown,766,772.0,275.0,497.0,34.59796619745155,442.0,-0.2430221621892029
Rifampicin,rpoB,rpoB_p.Asp777Asn,3) Uncertain significance,p.D777N,1.0,Unknown,777,783.0,286.0,497.0,28.276548162744337,442.0,-0.200892499970033
Rifampicin,rpoB,rpoB_p.Asp777His,3) Uncertain significance,p.D777H,0.0,Unknown,777,783.0,286.0,497.0,28.276548162744337,442.0,-0.200892499970033
Rifampicin,rpoB,rpoB_p.Asp851Gly,3) Uncertain significance,p.D851G,0.0,Unknown,851,857.0,360.0,497.0,25.939208796723168,432.0,-0.0207883457984185
Rifampicin,rpoB,rpoB_p.Asp851Pro,3) Uncertain significance,p.D851P,0.0,Unknown,851,857.0,360.0,497.0,25.939208796723168,432.0,-0.0207883457984185
Rifampicin,rpoB,rpoB_p.Asp875Ala,3) Uncertain significance,p.D875A,0.0,Unknown,875,881.0,384.0,497.0,17.763385657019338,443.0,0.024023642690839
Rifampicin,rpoB,rpoB_p.Asp903Asn,3) Uncertain significance,p.D903N,0.0,Unknown,903,909.0,412.0,497.0,32.237963660876595,444.0,-0.213216050572261
Rifampicin,rpoB,rpoB_p.Asp92Gly,3) Uncertain significance,p.D92G,0.9090909090909092,Unknown,92,98.0,78.0,176.0,31.884442773866997,433.0,-0.1801454324124691
Rifampicin,rpoB,rpoB_p.Asp955Asn,3) Uncertain significance,p.D955N,0.0,Unknown,955,961.0,464.0,497.0,29.686906962497794,449.0,0.0029380459063039
Rifampicin,rpoB,rpoB_p.Asp993Glu,3) Uncertain significance,p.D993E,0.0,Unknown,993,999.0,502.0,497.0,35.68353694632862,444.0,-0.1967679516737979
Rifampicin,rpoB,rpoB_p.Asp993Gly,3) Uncertain significance,p.D993G,0.0,Unknown,993,999.0,502.0,497.0,35.68353694632862,444.0,-0.1967679516737979
Rifampicin,rpoB,rpoB_p.Asp997Asn,3) Uncertain significance,p.D997N,0.0,Unknown,997,1003.0,506.0,497.0,33.09353130144922,444.0,-0.2347584384381391
Rifampicin,rpoB,rpoB_p.Asp997Glu,3) Uncertain significance,p.D997E,0.0,Unknown,997,1003.0,506.0,497.0,33.09353130144922,444.0,-0.2347584384381391
Rifampicin,rpoB,rpoB_p.Cys1067Gly,3) Uncertain significance,p.C1067G,0.0,Unknown,1067,1073.0,576.0,497.0,30.369483071004034,458.0,-0.152297668888275
Rifampicin,rpoB,rpoB_p.Cys1126Phe,3) Uncertain significance,p.C1126F,0.0,Unknown,1126,1132.0,635.0,497.0,33.74703579575545,435.0,-0.1399992210793221
Rifampicin,rpoB,rpoB_p.Cys116Phe,3) Uncertain significance,p.C116F,0.0,Unknown,116,122.0,54.0,176.0,12.283624424411558,442.0,0.6640240841512931
Rifampicin,rpoB,rpoB_p.Cys681Arg,3) Uncertain significance,p.C681R,1.0,Unknown,681,687.0,190.0,497.0,11.243632598053,445.0,0.7849143510834555
Rifampicin,rpoB,rpoB_p.Cys681Gly,3) Uncertain significance,p.C681G,0.0,Unknown,681,687.0,190.0,497.0,11.243632598053,445.0,0.7849143510834555
Rifampicin,rpoB,rpoB_p.Cys701Ser,3) Uncertain significance,p.C701S,0.0,Unknown,701,707.0,210.0,497.0,3.9069980803680786,444.0,2.6345661422241378
Rifampicin,rpoB,rpoB_p.Cys701Trp,3) Uncertain significance,p.C701W,1.0,Unknown,701,707.0,210.0,497.0,3.9069980803680786,444.0,2.6345661422241378
Rifampicin,rpoB,rpoB_p.Cys985Ser,3) Uncertain significance,p.C985S,0.0,Unknown,985,991.0,494.0,497.0,33.744253866399234,444.0,-0.1985286783071424
Rifampicin,rpoB,rpoB_p.Gln1056Arg,3) Uncertain significance,p.Q1056R,1.0,Unknown,1056,1062.0,565.0,497.0,18.777198939138916,432.0,0.1952883047172664
Rifampicin,rpoB,rpoB_p.Gln1056His,3) Uncertain significance,p.Q1056H,1.0,Unknown,1056,1062.0,565.0,497.0,18.777198939138916,432.0,0.1952883047172664
Rifampicin,rpoB,rpoB_p.Gln1080Arg,3) Uncertain significance,p.Q1080R,0.8,Unknown,1080,1086.0,589.0,497.0,37.58626319548141,435.0,-0.3166074006056265
Rifampicin,rpoB,rpoB_p.Gln1123Arg,3) Uncertain significance,p.Q1123R,1.0,Unknown,1123,1129.0,632.0,497.0,33.631216956869125,435.0,-0.2333737101158111
Rifampicin,rpoB,rpoB_p.Gln172Arg,3) Uncertain significance,p.Q172R,1.0,Unknown,172,178.0,2.0,176.0,3.318881438075164,456.0,2.0758458903329204
Rifampicin,rpoB,rpoB_p.Gln172Lys,3) Uncertain significance,p.Q172K,1.0,Unknown,172,178.0,2.0,176.0,3.318881438075164,456.0,2.0758458903329204
Rifampicin,rpoB,rpoB_p.Gln19Arg,3) Uncertain significance,p.Q19R,0.9,Unknown,19,25.0,151.0,176.0,,,
Rifampicin,rpoB,rpoB_p.Gln226Arg,3) Uncertain significance,p.Q226R,1.0,Unknown,226,232.0,56.0,176.0,29.90642907469897,457.0,-0.3635305125079067
Rifampicin,rpoB,rpoB_p.Gln226Glu,3) Uncertain significance,p.Q226E,1.0,Unknown,226,232.0,56.0,176.0,29.90642907469897,457.0,-0.3635305125079067
Rifampicin,rpoB,rpoB_p.Gln226Lys,3) Uncertain significance,p.Q226K,1.0,Unknown,226,232.0,56.0,176.0,29.90642907469897,457.0,-0.3635305125079067
Rifampicin,rpoB,rpoB_p.Gln382Arg,3) Uncertain significance,p.Q382R,1.0,Unknown,382,388.0,44.0,432.0,7.283056844484989,434.0,1.1452931209314572
Rifampicin,rpoB,rpoB_p.Gln401Arg,3) Uncertain significance,p.Q401R,1.0,Unknown,401,407.0,25.0,432.0,29.446953407780597,432.0,-0.0954884987185718
Rifampicin,rpoB,rpoB_p.Gln401Glu,3) Uncertain significance,p.Q401E,1.0,Unknown,401,407.0,25.0,432.0,29.446953407780597,432.0,-0.0954884987185718
Rifampicin,rpoB,rpoB_p.Gln409Arg,3) Uncertain significance,p.Q409R,1.0,Unknown,409,415.0,17.0,432.0,24.76627991846978,432.0,-0.0794307348313877
Rifampicin,rpoB,rpoB_p.Gln429His,2) Assoc w R - Interim,p.Q429H,0.9285714285714286,Resistant,429,435.0,1.0,434.0,1.3307219844881282,436.0,2.086821897994347
Rifampicin,rpoB,rpoB_p.Gln429Leu,2) Assoc w R - Interim,p.Q429L,1.0,Resistant,429,435.0,1.0,434.0,1.3307219844881282,436.0,2.086821897994347
Rifampicin,rpoB,rpoB_p.Gln429Pro,2) Assoc w R - Interim,p.Q429P,1.0,Resistant,429,435.0,1.0,434.0,1.3307219844881282,436.0,2.086821897994347
Rifampicin,rpoB,rpoB_p.Gln432Asn,2) Assoc w R - Interim,p.Q432N,1.0,Resistant,432,438.0,1.0,437.0,1.326582451263422,437.0,4.418443872775936
Rifampicin,rpoB,rpoB_p.Gln432Glu,2) Assoc w R - Interim,p.Q432E,1.0,Resistant,432,438.0,1.0,437.0,1.326582451263422,437.0,4.418443872775936
Rifampicin,rpoB,rpoB_p.Gln432His,2) Assoc w R - Interim,p.Q432H,1.0,Resistant,432,438.0,1.0,437.0,1.326582451263422,437.0,4.418443872775936
Rifampicin,rpoB,rpoB_p.Gln432Leu,1) Assoc w R,p.Q432L,0.9655172413793104,Resistant,432,438.0,1.0,437.0,1.326582451263422,437.0,4.418443872775936
Rifampicin,rpoB,rpoB_p.Gln432Lys,1) Assoc w R,p.Q432K,1.0,Resistant,432,438.0,1.0,437.0,1.326582451263422,437.0,4.418443872775936
Rifampicin,rpoB,rpoB_p.Gln432Pro,1) Assoc w R,p.Q432P,0.9857142857142858,Resistant,432,438.0,1.0,437.0,1.326582451263422,437.0,4.418443872775936
Rifampicin,rpoB,rpoB_p.Gln436Arg,2) Assoc w R - Interim,p.Q436R,1.0,Resistant,436,442.0,1.0,441.0,1.3337713447214152,441.0,3.464984521637454
Rifampicin,rpoB,rpoB_p.Gln436Asn,2) Assoc w R - Interim,p.Q436N,0.0,Resistant,436,442.0,1.0,441.0,1.3337713447214152,441.0,3.464984521637454
Rifampicin,rpoB,rpoB_p.Gln436Pro,2) Assoc w R - Interim,p.Q436P,1.0,Resistant,436,442.0,1.0,441.0,1.3337713447214152,441.0,3.464984521637454
Rifampicin,rpoB,rpoB_p.Gln51Pro,3) Uncertain significance,p.Q51P,0.6666666666666666,Unknown,51,57.0,119.0,176.0,3.2328430212430663,452.0,2.9676571158778957
Rifampicin,rpoB,rpoB_p.Gln537Lys,3) Uncertain significance,p.Q537K,1.0,Unknown,537,543.0,46.0,497.0,18.745957724266848,455.0,0.3197034907317233
Rifampicin,rpoB,rpoB_p.Gln975His,3) Uncertain significance,p.Q975H,0.8378378378378378,Unknown,975,981.0,484.0,497.0,25.80528552448121,450.0,0.0122083390517343
Rifampicin,rpoB,rpoB_p.Gln980Arg,3) Uncertain significance,p.Q980R,1.0,Unknown,980,986.0,489.0,497.0,30.789767683436644,444.0,-0.1354326363578628
Rifampicin,rpoB,rpoB_p.Gln980Lys,3) Uncertain significance,p.Q980K,1.0,Unknown,980,986.0,489.0,497.0,30.789767683436644,444.0,-0.1354326363578628
Rifampicin,rpoB,rpoB_p.Glu1011Ala,3) Uncertain significance,p.E1011A,0.0,Unknown,1011,1017.0,520.0,497.0,38.358146253436175,444.0,-0.221261398596178
Rifampicin,rpoB,rpoB_p.Glu1121Asp,3) Uncertain significance,p.E1121D,1.0,Unknown,1121,1127.0,630.0,497.0,25.910142589341362,435.0,-0.1174083041886041
Rifampicin,rpoB,rpoB_p.Glu1130Val,3) Uncertain significance,p.E1130V,0.0,Unknown,1130,1136.0,639.0,497.0,40.62408470353518,435.0,-0.2414804337692349
Rifampicin,rpoB,rpoB_p.Glu1140Asp,3) Uncertain significance,p.E1140D,1.0,Unknown,1140,1146.0,649.0,497.0,44.34795712318663,433.0,-0.3006504595060828
Rifampicin,rpoB,rpoB_p.Glu1140Gln,3) Uncertain significance,p.E1140Q,1.0,Unknown,1140,1146.0,649.0,497.0,44.34795712318663,433.0,-0.3006504595060828
Rifampicin,rpoB,rpoB_p.Glu1145Gly,3) Uncertain significance,p.E1145G,0.0,Unknown,1145,1151.0,654.0,497.0,44.298676650663076,433.0,-0.3051470491526205
Rifampicin,rpoB,rpoB_p.Glu1169Ala,3) Uncertain significance,p.E1169A,0.0,Unknown,1169,1175.0,678.0,497.0,,,
Rifampicin,rpoB,rpoB_p.Glu132Asp,3) Uncertain significance,p.E132D,0.0,Unknown,132,138.0,38.0,176.0,29.713764436705116,432.0,-0.1818136709569646
Rifampicin,rpoB,rpoB_p.Glu156Asp,3) Uncertain significance,p.E156D,0.25,Unknown,156,162.0,14.0,176.0,6.689067648035871,452.0,1.7786806671558308
Rifampicin,rpoB,rpoB_p.Glu156Gly,3) Uncertain significance,p.E156G,0.5,Unknown,156,162.0,14.0,176.0,6.689067648035871,452.0,1.7786806671558308
Rifampicin,rpoB,rpoB_p.Glu166Gly,3) Uncertain significance,p.E166G,1.0,Unknown,166,172.0,4.0,176.0,3.3688456479927926,440.0,2.3265855622661578
Rifampicin,rpoB,rpoB_p.Glu166Lys,3) Uncertain significance,p.E166K,1.0,Unknown,166,172.0,4.0,176.0,3.3688456479927926,440.0,2.3265855622661578
Rifampicin,rpoB,rpoB_p.Glu207Gly,3) Uncertain significance,p.E207G,0.0,Unknown,207,213.0,37.0,176.0,18.246729268556614,457.0,-0.1728540844927977
Rifampicin,rpoB,rpoB_p.Glu207Lys,3) Uncertain significance,p.E207K,1.0,Unknown,207,213.0,37.0,176.0,18.246729268556614,457.0,-0.1728540844927977
Rifampicin,rpoB,rpoB_p.Glu240Gly,3) Uncertain significance,p.E240G,0.0,Unknown,240,246.0,70.0,176.0,44.09065148078443,457.0,-0.3525962826791388
Rifampicin,rpoB,rpoB_p.Glu250Gly,4) Not assoc w R - Interim,p.E250G,0.2061855670103092,Susceptible,250,256.0,80.0,176.0,38.65550771882319,457.0,-0.3487930129394394
Rifampicin,rpoB,rpoB_p.Glu284Gly,3) Uncertain significance,p.E284G,1.0,Unknown,284,290.0,114.0,176.0,37.93175463908833,433.0,-0.2642009731243717
Rifampicin,rpoB,rpoB_p.Glu291Asp,3) Uncertain significance,p.E291D,0.0,Unknown,291,297.0,121.0,176.0,29.043082808131757,436.0,-0.2937439378586451
Rifampicin,rpoB,rpoB_p.Glu291Lys,3) Uncertain significance,p.E291K,1.0,Unknown,291,297.0,121.0,176.0,29.043082808131757,436.0,-0.2937439378586451
Rifampicin,rpoB,rpoB_p.Glu291Val,3) Uncertain significance,p.E291V,1.0,Unknown,291,297.0,121.0,176.0,29.043082808131757,436.0,-0.2937439378586451
Rifampicin,rpoB,rpoB_p.Glu320Asp,3) Uncertain significance,p.E320D,0.2857142857142857,Unknown,320,326.0,106.0,432.0,27.134377180985783,455.0,-0.1317513450650374
Rifampicin,rpoB,rpoB_p.Glu330Asp,3) Uncertain significance,p.E330D,1.0,Unknown,330,336.0,96.0,432.0,30.739404548559502,457.0,-0.3946713468110233
Rifampicin,rpoB,rpoB_p.Glu337Lys,3) Uncertain significance,p.E337K,0.0,Unknown,337,343.0,89.0,432.0,30.557899764218075,457.0,-0.4058552325583426
Rifampicin,rpoB,rpoB_p.Glu344Gln,3) Uncertain significance,p.E344Q,0.0,Unknown,344,350.0,82.0,432.0,32.94998878603753,457.0,-0.3044165679290047
Rifampicin,rpoB,rpoB_p.Glu360Asp,3) Uncertain significance,p.E360D,1.0,Unknown,360,366.0,66.0,432.0,23.364795868999167,455.0,-0.185971918625338
Rifampicin,rpoB,rpoB_p.Glu360Gln,3) Uncertain significance,p.E360Q,0.0,Unknown,360,366.0,66.0,432.0,23.364795868999167,455.0,-0.185971918625338
Rifampicin,rpoB,rpoB_p.Glu360Lys,3) Uncertain significance,p.E360K,1.0,Unknown,360,366.0,66.0,432.0,23.364795868999167,455.0,-0.185971918625338
Rifampicin,rpoB,rpoB_p.Glu377Val,3) Uncertain significance,p.E377V,1.0,Unknown,377,383.0,49.0,432.0,8.443413113190635,436.0,0.8874312263482466
Rifampicin,rpoB,rpoB_p.Glu391Gly,3) Uncertain significance,p.E391G,1.0,Unknown,391,397.0,35.0,432.0,20.32252654076257,433.0,0.0143670849850899
Rifampicin,rpoB,rpoB_p.Glu423Ala,3) Uncertain significance,p.E423A,1.0,Unknown,423,429.0,3.0,432.0,2.7477155966365965,433.0,2.9162741159951744
Rifampicin,rpoB,rpoB_p.Glu423Gly,3) Uncertain significance,p.E423G,1.0,Unknown,423,429.0,3.0,432.0,2.7477155966365965,433.0,2.9162741159951744
Rifampicin,rpoB,rpoB_p.Glu460Asp,3) Uncertain significance,p.E460D,1.0,Unknown,460,466.0,8.0,458.0,6.564811116856303,458.0,1.0715634077223406
Rifampicin,rpoB,rpoB_p.Glu460Gly,3) Uncertain significance,p.E460G,0.7777777777777778,Unknown,460,466.0,8.0,458.0,6.564811116856303,458.0,1.0715634077223406
Rifampicin,rpoB,rpoB_p.Glu465Gln,3) Uncertain significance,p.E465Q,1.0,Unknown,465,471.0,13.0,458.0,9.78667379654599,457.0,0.545166877250002
Rifampicin,rpoB,rpoB_p.Glu481Ala,3) Uncertain significance,p.E481A,0.875,Unknown,481,487.0,10.0,497.0,3.874784381097872,450.0,4.788401448779639
Rifampicin,rpoB,rpoB_p.Glu507Lys,3) Uncertain significance,p.E507K,0.5,Unknown,507,513.0,16.0,497.0,9.755116298640424,455.0,0.7211668025041537
Rifampicin,rpoB,rpoB_p.Glu530Gln,3) Uncertain significance,p.E530Q,1.0,Unknown,530,536.0,39.0,497.0,13.704287029977158,455.0,0.3089303776646602
Rifampicin,rpoB,rpoB_p.Glu550Gly,3) Uncertain significance,p.E550G,1.0,Unknown,550,556.0,59.0,497.0,31.68029775743909,455.0,-0.0186188684305965
Rifampicin,rpoB,rpoB_p.Glu550Lys,3) Uncertain significance,p.E550K,1.0,Unknown,550,556.0,59.0,497.0,31.68029775743909,455.0,-0.0186188684305965
Rifampicin,rpoB,rpoB_p.Glu563Ala,3) Uncertain significance,p.E563A,1.0,Unknown,563,569.0,72.0,497.0,25.258565972754667,455.0,0.0264239312620802
Rifampicin,rpoB,rpoB_p.Glu563Asp,3) Uncertain significance,p.E563D,0.0,Unknown,563,569.0,72.0,497.0,25.258565972754667,455.0,0.0264239312620802
Rifampicin,rpoB,rpoB_p.Glu563Gly,3) Uncertain significance,p.E563G,1.0,Unknown,563,569.0,72.0,497.0,25.258565972754667,455.0,0.0264239312620802
Rifampicin,rpoB,rpoB_p.Glu563Lys,3) Uncertain significance,p.E563K,1.0,Unknown,563,569.0,72.0,497.0,25.258565972754667,455.0,0.0264239312620802
Rifampicin,rpoB,rpoB_p.Glu592Asp,3) Uncertain significance,p.E592D,1.0,Unknown,592,598.0,101.0,497.0,17.82063222784196,450.0,0.4431530658164304
Rifampicin,rpoB,rpoB_p.Glu625Asp,3) Uncertain significance,p.E625D,0.0,Unknown,625,631.0,134.0,497.0,7.433473481488994,449.0,1.5193860282838778
Rifampicin,rpoB,rpoB_p.Glu639Asp,5) Not assoc w R,p.E639D,0.0735294117647058,Susceptible,639,645.0,148.0,497.0,14.994757683937415,452.0,0.5562835697926559
Rifampicin,rpoB,rpoB_p.Glu639Gln,3) Uncertain significance,p.E639Q,0.0,Unknown,639,645.0,148.0,497.0,14.994757683937415,452.0,0.5562835697926559
Rifampicin,rpoB,rpoB_p.Glu639Gly,3) Uncertain significance,p.E639G,0.0,Unknown,639,645.0,148.0,497.0,14.994757683937415,452.0,0.5562835697926559
Rifampicin,rpoB,rpoB_p.Glu639Lys,3) Uncertain significance,p.E639K,0.0,Unknown,639,645.0,148.0,497.0,14.994757683937415,452.0,0.5562835697926559
Rifampicin,rpoB,rpoB_p.Glu645Gly,3) Uncertain significance,p.E645G,0.0,Unknown,645,651.0,154.0,497.0,25.07456183066815,445.0,0.0972485783242263
Rifampicin,rpoB,rpoB_p.Glu646Gly,3) Uncertain significance,p.E646G,0.0,Unknown,646,652.0,155.0,497.0,22.43991374760607,445.0,0.1776144331172743
Rifampicin,rpoB,rpoB_p.Glu70Val,3) Uncertain significance,p.E70V,0.0,Unknown,70,76.0,100.0,176.0,22.815959786956164,452.0,0.2254479506465818
Rifampicin,rpoB,rpoB_p.Glu721Asp,3) Uncertain significance,p.E721D,0.0,Unknown,721,727.0,230.0,497.0,31.341164528460027,443.0,-0.1319890788599533
Rifampicin,rpoB,rpoB_p.Glu721Gly,3) Uncertain significance,p.E721G,0.0,Unknown,721,727.0,230.0,497.0,31.341164528460027,443.0,-0.1319890788599533
Rifampicin,rpoB,rpoB_p.Glu721Lys,3) Uncertain significance,p.E721K,0.0,Unknown,721,727.0,230.0,497.0,31.341164528460027,443.0,-0.1319890788599533
Rifampicin,rpoB,rpoB_p.Glu737Gly,3) Uncertain significance,p.E737G,0.0,Unknown,737,743.0,246.0,497.0,21.78042995443385,443.0,-0.0237060303395129
Rifampicin,rpoB,rpoB_p.Glu738Ala,3) Uncertain significance,p.E738A,0.0,Unknown,738,744.0,247.0,497.0,19.052683039404194,443.0,0.0771666146480095
Rifampicin,rpoB,rpoB_p.Glu750Gln,3) Uncertain significance,p.E750Q,1.0,Unknown,750,756.0,259.0,497.0,14.979057413602488,442.0,0.2531878623914652
Rifampicin,rpoB,rpoB_p.Glu750Gly,3) Uncertain significance,p.E750G,1.0,Unknown,750,756.0,259.0,497.0,14.979057413602488,442.0,0.2531878623914652
Rifampicin,rpoB,rpoB_p.Glu750Lys,3) Uncertain significance,p.E750K,1.0,Unknown,750,756.0,259.0,497.0,14.979057413602488,442.0,0.2531878623914652
Rifampicin,rpoB,rpoB_p.Glu761Ala,3) Uncertain significance,p.E761A,1.0,Unknown,761,767.0,270.0,497.0,24.842542120322552,432.0,-0.1399047572240723
Rifampicin,rpoB,rpoB_p.Glu761Asp,3) Uncertain significance,p.E761D,1.0,Unknown,761,767.0,270.0,497.0,24.842542120322552,432.0,-0.1399047572240723
Rifampicin,rpoB,rpoB_p.Glu761Gly,3) Uncertain significance,p.E761G,1.0,Unknown,761,767.0,270.0,497.0,24.842542120322552,432.0,-0.1399047572240723
Rifampicin,rpoB,rpoB_p.Glu789Lys,3) Uncertain significance,p.E789K,0.0,Unknown,789,795.0,298.0,497.0,24.352470285373517,443.0,-0.1095224958499108
Rifampicin,rpoB,rpoB_p.Glu805Ala,3) Uncertain significance,p.E805A,0.0,Unknown,805,811.0,314.0,497.0,38.852544047977084,432.0,-0.2567911910259923
Rifampicin,rpoB,rpoB_p.Glu807Ala,3) Uncertain significance,p.E807A,1.0,Unknown,807,813.0,316.0,497.0,33.475241612272185,432.0,-0.2598353290410916
Rifampicin,rpoB,rpoB_p.Glu807Gly,3) Uncertain significance,p.E807G,1.0,Unknown,807,813.0,316.0,497.0,33.475241612272185,432.0,-0.2598353290410916
Rifampicin,rpoB,rpoB_p.Glu812Gly,3) Uncertain significance,p.E812G,1.0,Unknown,812,818.0,321.0,497.0,39.27103329427429,432.0,-0.3076351736034729
Rifampicin,rpoB,rpoB_p.Glu821Val,3) Uncertain significance,p.E821V,1.0,Unknown,821,827.0,330.0,497.0,45.23569584962741,432.0,-0.2919849740995627
Rifampicin,rpoB,rpoB_p.Glu825Gly,3) Uncertain significance,p.E825G,0.0,Unknown,825,831.0,334.0,497.0,36.25149875522389,432.0,-0.25758769033665
Rifampicin,rpoB,rpoB_p.Glu82Lys,3) Uncertain significance,p.E82K,0.0,Unknown,82,88.0,88.0,176.0,17.201216294204304,436.0,0.1145345382585113
Rifampicin,rpoB,rpoB_p.Glu86Val,3) Uncertain significance,p.E86V,1.0,Unknown,86,92.0,84.0,176.0,18.373186577183617,436.0,0.0389016211180926
Rifampicin,rpoB,rpoB_p.Glu896Lys,3) Uncertain significance,p.E896K,1.0,Unknown,896,902.0,405.0,497.0,30.772803268470682,444.0,-0.1914584707820788
Rifampicin,rpoB,rpoB_p.Glu91Gly,3) Uncertain significance,p.E91G,0.0,Unknown,91,97.0,79.0,176.0,29.96020013284289,433.0,-0.2012802175749725
Rifampicin,rpoB,rpoB_p.Glu959Lys,3) Uncertain significance,p.E959K,0.5,Unknown,959,965.0,468.0,497.0,29.316747534472498,449.0,-0.0665463024979903
Rifampicin,rpoB,rpoB_p.Glu976Lys,3) Uncertain significance,p.E976K,1.0,Unknown,976,982.0,485.0,497.0,27.95048029998768,450.0,-0.0310002537897952
Rifampicin,rpoB,rpoB_p.Gly158Ser,3) Uncertain significance,p.G158S,1.0,Unknown,158,164.0,12.0,176.0,3.628294365125289,452.0,2.747154443803685
Rifampicin,rpoB,rpoB_p.Gly178Arg,3) Uncertain significance,p.G178R,1.0,Unknown,178,184.0,8.0,176.0,16.46951423084481,457.0,-0.0306678831558631
Rifampicin,rpoB,rpoB_p.Gly203Arg,3) Uncertain significance,p.G203R,1.0,Unknown,203,209.0,33.0,176.0,17.443450490083645,436.0,0.0710719254901454
Rifampicin,rpoB,rpoB_p.Gly217Ser,3) Uncertain significance,p.G217S,0.5,Unknown,217,223.0,47.0,176.0,27.241812164391703,457.0,-0.3436594418564281
Rifampicin,rpoB,rpoB_p.Gly236Asp,3) Uncertain significance,p.G236D,0.0,Unknown,236,242.0,66.0,176.0,37.8821380204444,457.0,-0.3596549049679684
Rifampicin,rpoB,rpoB_p.Gly28Arg,3) Uncertain significance,p.G28R,0.0,Unknown,28,34.0,142.0,176.0,17.13144634874709,445.0,0.4364235528121293
Rifampicin,rpoB,rpoB_p.Gly345Ser,3) Uncertain significance,p.G345S,0.0,Unknown,345,351.0,81.0,432.0,31.540178074957026,457.0,-0.2677593654149299
Rifampicin,rpoB,rpoB_p.Gly354Ser,3) Uncertain significance,p.G354S,0.0,Unknown,354,360.0,72.0,432.0,34.028872064762915,455.0,-0.2868458593130684
Rifampicin,rpoB,rpoB_p.Gly376Cys,3) Uncertain significance,p.G376C,1.0,Unknown,376,382.0,50.0,432.0,8.243403302034936,176.0,1.1956289120164176
Rifampicin,rpoB,rpoB_p.Gly376Val,3) Uncertain significance,p.G376V,1.0,Unknown,376,382.0,50.0,432.0,8.243403302034936,176.0,1.1956289120164176
Rifampicin,rpoB,rpoB_p.Gly426Ser,2) Assoc w R - Interim,p.G426S,0.0,Resistant,426,432.0,1.0,433.0,1.3351771418055367,433.0,2.296258542266417
Rifampicin,rpoB,rpoB_p.Gly442Glu,2) Assoc w R - Interim,p.G442E,1.0,Resistant,442,448.0,1.0,447.0,1.3320979693701342,449.0,8.121077920750256
Rifampicin,rpoB,rpoB_p.Gly453Ala,3) Uncertain significance,p.G453A,0.75,Unknown,453,459.0,1.0,458.0,1.3295991877253508,458.0,2.8224275114502744
Rifampicin,rpoB,rpoB_p.Gly453Arg,3) Uncertain significance,p.G453R,1.0,Unknown,453,459.0,1.0,458.0,1.3295991877253508,458.0,2.8224275114502744
Rifampicin,rpoB,rpoB_p.Gly455Arg,3) Uncertain significance,p.G455R,1.0,Unknown,455,461.0,3.0,458.0,6.656259084500826,457.0,1.2360495261162043
Rifampicin,rpoB,rpoB_p.Gly456Ser,3) Uncertain significance,p.G456S,1.0,Unknown,456,462.0,4.0,458.0,4.338352798009863,457.0,1.224142847185105
Rifampicin,rpoB,rpoB_p.Gly46Arg,3) Uncertain significance,p.G46R,1.0,Unknown,46,52.0,124.0,176.0,7.167403016434917,449.0,1.8066025319270176
Rifampicin,rpoB,rpoB_p.Gly46Val,3) Uncertain significance,p.G46V,1.0,Unknown,46,52.0,124.0,176.0,7.167403016434917,449.0,1.8066025319270176
Rifampicin,rpoB,rpoB_p.Gly492Ser,3) Uncertain significance,p.G492S,0.0,Unknown,492,498.0,1.0,497.0,1.328429523911605,497.0,3.2828868251343897
Rifampicin,rpoB,rpoB_p.Gly516Arg,3) Uncertain significance,p.G516R,0.0,Unknown,516,522.0,25.0,497.0,31.720181840588495,455.0,-0.038552217270045
Rifampicin,rpoB,rpoB_p.Gly516Asp,3) Uncertain significance,p.G516D,0.0,Unknown,516,522.0,25.0,497.0,31.720181840588495,455.0,-0.038552217270045
Rifampicin,rpoB,rpoB_p.Gly560Ala,3) Uncertain significance,p.G560A,0.0,Unknown,560,566.0,69.0,497.0,17.97677599014907,455.0,0.2023439932504369
Rifampicin,rpoB,rpoB_p.Gly560Asp,3) Uncertain significance,p.G560D,0.0,Unknown,560,566.0,69.0,497.0,17.97677599014907,455.0,0.2023439932504369
Rifampicin,rpoB,rpoB_p.Gly602Ala,3) Uncertain significance,p.G602A,1.0,Unknown,602,608.0,111.0,497.0,9.720810717219013,444.0,1.5851256631979294
Rifampicin,rpoB,rpoB_p.Gly633Asp,3) Uncertain significance,p.G633D,1.0,Unknown,633,639.0,142.0,497.0,6.033529066806565,445.0,2.895726586271892
Rifampicin,rpoB,rpoB_p.Gly642Ser,3) Uncertain significance,p.G642S,0.0,Unknown,642,648.0,151.0,497.0,24.22518728513775,445.0,0.1223325901254305
Rifampicin,rpoB,rpoB_p.Gly659Asp,3) Uncertain significance,p.G659D,0.0,Unknown,659,665.0,168.0,497.0,30.22315948076905,452.0,0.0927270882466533
Rifampicin,rpoB,rpoB_p.Gly675Asp,3) Uncertain significance,p.G675D,0.5714285714285714,Unknown,675,681.0,184.0,497.0,5.411159210372574,442.0,1.238543836575217
Rifampicin,rpoB,rpoB_p.Gly693Val,3) Uncertain significance,p.G693V,0.0,Unknown,693,699.0,202.0,497.0,14.610285726158805,449.0,0.6685613292170961
Rifampicin,rpoB,rpoB_p.Gly699Ser,3) Uncertain significance,p.G699S,1.0,Unknown,699,705.0,208.0,497.0,5.607079988728538,445.0,1.9068977904144344
Rifampicin,rpoB,rpoB_p.Gly787Ser,3) Uncertain significance,p.G787S,1.0,Unknown,787,793.0,296.0,497.0,23.153874341025514,442.0,-0.0065850378287039
Rifampicin,rpoB,rpoB_p.Gly798Ser,3) Uncertain significance,p.G798S,1.0,Unknown,798,804.0,307.0,497.0,27.495691844359904,442.0,-0.2074977686929549
Rifampicin,rpoB,rpoB_p.Gly79Asp,3) Uncertain significance,p.G79D,1.0,Unknown,79,85.0,91.0,176.0,16.60572615093965,176.0,0.29368274260753
Rifampicin,rpoB,rpoB_p.Gly79Ser,3) Uncertain significance,p.G79S,1.0,Unknown,79,85.0,91.0,176.0,16.60572615093965,176.0,0.29368274260753
Rifampicin,rpoB,rpoB_p.Gly836Cys,3) Uncertain significance,p.G836C,1.0,Unknown,836,842.0,345.0,497.0,17.082888807224627,443.0,0.0594625872191839
Rifampicin,rpoB,rpoB_p.Gly836Ser,3) Uncertain significance,p.G836S,1.0,Unknown,836,842.0,345.0,497.0,17.082888807224627,443.0,0.0594625872191839
Rifampicin,rpoB,rpoB_p.Gly890Asp,3) Uncertain significance,p.G890D,0.0,Unknown,890,896.0,399.0,497.0,20.75593144139768,443.0,0.0136015223273594
Rifampicin,rpoB,rpoB_p.Gly890Cys,3) Uncertain significance,p.G890C,1.0,Unknown,890,896.0,399.0,497.0,20.75593144139768,443.0,0.0136015223273594
Rifampicin,rpoB,rpoB_p.Gly915Ser,3) Uncertain significance,p.G915S,1.0,Unknown,915,921.0,424.0,497.0,23.464656251477447,444.0,0.1723834407087975
Rifampicin,rpoB,rpoB_p.Gly945Arg,3) Uncertain significance,p.G945R,0.0,Unknown,945,951.0,454.0,497.0,40.10901798847735,449.0,-0.1064365678223197
Rifampicin,rpoB,rpoB_p.Gly945Glu,3) Uncertain significance,p.G945E,0.1111111111111111,Unknown,945,951.0,454.0,497.0,40.10901798847735,449.0,-0.1064365678223197
Rifampicin,rpoB,rpoB_p.Gly95Arg,3) Uncertain significance,p.G95R,0.0,Unknown,95,101.0,75.0,176.0,36.314794684811304,433.0,-0.2141157871254022
Rifampicin,rpoB,rpoB_p.Gly973Asp,3) Uncertain significance,p.G973D,1.0,Unknown,973,979.0,482.0,497.0,20.957289089956262,449.0,0.2529018794063918
Rifampicin,rpoB,rpoB_p.Gly981Asp,3) Uncertain significance,p.G981D,1.0,Unknown,981,987.0,490.0,497.0,32.83193218499332,444.0,-0.1756509300758273
Rifampicin,rpoB,rpoB_p.Gly992Arg,3) Uncertain significance,p.G992R,1.0,Unknown,992,998.0,501.0,497.0,38.83419865273391,444.0,-0.1893120757947715
Rifampicin,rpoB,rpoB_p.His1028Arg,3) Uncertain significance,p.H1028R,0.6666666666666666,Unknown,1028,1034.0,537.0,497.0,2.7295915445355803,443.0,1.213395882752755
Rifampicin,rpoB,rpoB_p.His1028Asp,3) Uncertain significance,p.H1028D,1.0,Unknown,1028,1034.0,537.0,497.0,2.7295915445355803,443.0,1.213395882752755
Rifampicin,rpoB,rpoB_p.His1028Tyr,3) Uncertain significance,p.H1028Y,1.0,Unknown,1028,1034.0,537.0,497.0,2.7295915445355803,443.0,1.213395882752755
Rifampicin,rpoB,rpoB_p.His194Arg,3) Uncertain significance,p.H194R,1.0,Unknown,194,200.0,24.0,176.0,24.216231189018668,457.0,-0.2852496778329242
Rifampicin,rpoB,rpoB_p.His194Tyr,3) Uncertain significance,p.H194Y,0.1,Unknown,194,200.0,24.0,176.0,24.216231189018668,457.0,-0.2852496778329242
Rifampicin,rpoB,rpoB_p.His317Tyr,3) Uncertain significance,p.H317Y,0.0,Unknown,317,323.0,109.0,432.0,28.868684175071103,455.0,-0.2691517474215623
Rifampicin,rpoB,rpoB_p.His343Arg,3) Uncertain significance,p.H343R,0.0,Unknown,343,349.0,83.0,432.0,29.438595363909602,457.0,-0.3303458163099979
Rifampicin,rpoB,rpoB_p.His343Gln,3) Uncertain significance,p.H343Q,0.074074074074074,Unknown,343,349.0,83.0,432.0,29.438595363909602,457.0,-0.3303458163099979
Rifampicin,rpoB,rpoB_p.His445Arg,1) Assoc w R,p.H445R,0.9784172661870504,Resistant,445,451.0,1.0,450.0,1.3290349882527728,452.0,16.13361873943765
Rifampicin,rpoB,rpoB_p.His445Asn,1) Assoc w R,p.H445N,0.6028708133971292,Resistant,445,451.0,1.0,450.0,1.3290349882527728,452.0,16.13361873943765
Rifampicin,rpoB,rpoB_p.His445Asp,1) Assoc w R,p.H445D,0.9838187702265372,Resistant,445,451.0,1.0,450.0,1.3290349882527728,452.0,16.13361873943765
Rifampicin,rpoB,rpoB_p.His445Cys,1) Assoc w R,p.H445C,0.8974358974358975,Resistant,445,451.0,1.0,450.0,1.3290349882527728,452.0,16.13361873943765
Rifampicin,rpoB,rpoB_p.His445Gln,2) Assoc w R - Interim,p.H445Q,0.9130434782608696,Resistant,445,451.0,1.0,450.0,1.3290349882527728,452.0,16.13361873943765
Rifampicin,rpoB,rpoB_p.His445Gly,2) Assoc w R - Interim,p.H445G,0.7857142857142857,Resistant,445,451.0,1.0,450.0,1.3290349882527728,452.0,16.13361873943765
Rifampicin,rpoB,rpoB_p.His445Leu,1) Assoc w R,p.H445L,0.9156118143459916,Resistant,445,451.0,1.0,450.0,1.3290349882527728,452.0,16.13361873943765
Rifampicin,rpoB,rpoB_p.His445Phe,2) Assoc w R - Interim,p.H445F,1.0,Resistant,445,451.0,1.0,450.0,1.3290349882527728,452.0,16.13361873943765
Rifampicin,rpoB,rpoB_p.His445Pro,2) Assoc w R - Interim,p.H445P,1.0,Resistant,445,451.0,1.0,450.0,1.3290349882527728,452.0,16.13361873943765
Rifampicin,rpoB,rpoB_p.His445Ser,1) Assoc w R,p.H445S,0.7307692307692307,Resistant,445,451.0,1.0,450.0,1.3290349882527728,452.0,16.13361873943765
Rifampicin,rpoB,rpoB_p.His445Thr,2) Assoc w R - Interim,p.H445T,1.0,Resistant,445,451.0,1.0,450.0,1.3290349882527728,452.0,16.13361873943765
Rifampicin,rpoB,rpoB_p.His445Tyr,1) Assoc w R,p.H445Y,0.9817880794701986,Resistant,445,451.0,1.0,450.0,1.3290349882527728,452.0,16.13361873943765
Rifampicin,rpoB,rpoB_p.His533Arg,3) Uncertain significance,p.H533R,0.0,Unknown,533,539.0,42.0,497.0,21.38653101837697,455.0,0.0208711843756923
Rifampicin,rpoB,rpoB_p.His533Asn,3) Uncertain significance,p.H533N,1.0,Unknown,533,539.0,42.0,497.0,21.38653101837697,455.0,0.0208711843756923
Rifampicin,rpoB,rpoB_p.His593Tyr,3) Uncertain significance,p.H593Y,1.0,Unknown,593,599.0,102.0,497.0,19.925607468782466,450.0,0.2196708545872394
Rifampicin,rpoB,rpoB_p.His656Gln,3) Uncertain significance,p.H656Q,0.3333333333333333,Unknown,656,662.0,165.0,497.0,23.052601371645668,452.0,0.1610777430012516
Rifampicin,rpoB,rpoB_p.His674Arg,3) Uncertain significance,p.H674R,0.6666666666666666,Unknown,674,680.0,183.0,497.0,3.139342765611928,442.0,2.3255504779167637
Rifampicin,rpoB,rpoB_p.His674Asn,3) Uncertain significance,p.H674N,1.0,Unknown,674,680.0,183.0,497.0,3.139342765611928,442.0,2.3255504779167637
Rifampicin,rpoB,rpoB_p.His674Asp,3) Uncertain significance,p.H674D,1.0,Unknown,674,680.0,183.0,497.0,3.139342765611928,442.0,2.3255504779167637
Rifampicin,rpoB,rpoB_p.His674Gln,3) Uncertain significance,p.H674Q,1.0,Unknown,674,680.0,183.0,497.0,3.139342765611928,442.0,2.3255504779167637
Rifampicin,rpoB,rpoB_p.His674Tyr,3) Uncertain significance,p.H674Y,1.0,Unknown,674,680.0,183.0,497.0,3.139342765611928,442.0,2.3255504779167637
Rifampicin,rpoB,rpoB_p.His723Asp,3) Uncertain significance,p.H723D,1.0,Unknown,723,729.0,232.0,497.0,24.733112339533815,443.0,-0.0088435291550665
Rifampicin,rpoB,rpoB_p.His749Tyr,3) Uncertain significance,p.H749Y,0.2,Unknown,749,755.0,258.0,497.0,14.986439637218691,442.0,0.1420814887202355
Rifampicin,rpoB,rpoB_p.His835Arg,3) Uncertain significance,p.H835R,1.0,Unknown,835,841.0,344.0,497.0,18.446656011320886,443.0,-0.0256747987952038
Rifampicin,rpoB,rpoB_p.His835Asp,3) Uncertain significance,p.H835D,1.0,Unknown,835,841.0,344.0,497.0,18.446656011320886,443.0,-0.0256747987952038
Rifampicin,rpoB,rpoB_p.His835Pro,3) Uncertain significance,p.H835P,1.0,Unknown,835,841.0,344.0,497.0,18.446656011320886,443.0,-0.0256747987952038
Rifampicin,rpoB,rpoB_p.His935Arg,3) Uncertain significance,p.H935R,0.0,Unknown,935,941.0,444.0,497.0,24.052002931149,444.0,-0.1091515665541825
Rifampicin,rpoB,rpoB_p.Ile1035Thr,3) Uncertain significance,p.I1035T,1.0,Unknown,1035,1041.0,544.0,497.0,15.878815195095648,443.0,0.133132180941513
Rifampicin,rpoB,rpoB_p.Ile1035Val,3) Uncertain significance,p.I1035V,1.0,Unknown,1035,1041.0,544.0,497.0,15.878815195095648,443.0,0.133132180941513
Rifampicin,rpoB,rpoB_p.Ile1046Val,3) Uncertain significance,p.I1046V,1.0,Unknown,1046,1052.0,555.0,497.0,22.819001380428542,433.0,-0.0653605567312039
Rifampicin,rpoB,rpoB_p.Ile1106Thr,3) Uncertain significance,p.I1106T,1.0,Unknown,1106,1112.0,615.0,497.0,41.578674028881686,443.0,-0.318908155335586
Rifampicin,rpoB,rpoB_p.Ile162Val,3) Uncertain significance,p.I162V,0.0,Unknown,162,168.0,8.0,176.0,5.189201190934875,432.0,1.6209999807689388
Rifampicin,rpoB,rpoB_p.Ile199Thr,3) Uncertain significance,p.I199T,1.0,Unknown,199,205.0,29.0,176.0,13.045882300557514,457.0,0.0764109180349089
Rifampicin,rpoB,rpoB_p.Ile336Thr,3) Uncertain significance,p.I336T,1.0,Unknown,336,342.0,90.0,432.0,28.290821709522678,457.0,-0.4229465508107708
Rifampicin,rpoB,rpoB_p.Ile412Leu,3) Uncertain significance,p.I412L,0.0,Unknown,412,418.0,14.0,432.0,21.630468695800385,432.0,-0.0136755653336495
Rifampicin,rpoB,rpoB_p.Ile480Thr,3) Uncertain significance,p.I480T,1.0,Unknown,480,486.0,11.0,497.0,7.530520167956522,497.0,1.4978365625633183
Rifampicin,rpoB,rpoB_p.Ile480Val,3) Uncertain significance,p.I480V,0.9722222222222222,Unknown,480,486.0,11.0,497.0,7.530520167956522,497.0,1.4978365625633183
Rifampicin,rpoB,rpoB_p.Ile488Leu,3) Uncertain significance,p.I488L,1.0,Unknown,488,494.0,3.0,497.0,4.877640105624836,497.0,1.4731421542931118
Rifampicin,rpoB,rpoB_p.Ile488Met,3) Uncertain significance,p.I488M,1.0,Unknown,488,494.0,3.0,497.0,4.877640105624836,497.0,1.4731421542931118
Rifampicin,rpoB,rpoB_p.Ile488Val,3) Uncertain significance,p.I488V,1.0,Unknown,488,494.0,3.0,497.0,4.877640105624836,497.0,1.4731421542931118
Rifampicin,rpoB,rpoB_p.Ile491Leu,3) Uncertain significance,p.I491L,1.0,Unknown,491,497.0,39.0,458.0,3.4206513999529538,454.0,3.152614668974624
Rifampicin,rpoB,rpoB_p.Ile491Met,3) Uncertain significance,p.I491M,0.9,Unknown,491,497.0,39.0,458.0,3.4206513999529538,454.0,3.152614668974624
Rifampicin,rpoB,rpoB_p.Ile491Phe,1) Assoc w R,p.I491F,0.5686274509803921,Resistant,491,497.0,39.0,458.0,3.4206513999529538,454.0,3.152614668974624
Rifampicin,rpoB,rpoB_p.Ile491Ser,3) Uncertain significance,p.I491S,0.6,Unknown,491,497.0,39.0,458.0,3.4206513999529538,454.0,3.152614668974624
Rifampicin,rpoB,rpoB_p.Ile491Thr,3) Uncertain significance,p.I491T,1.0,Unknown,491,497.0,39.0,458.0,3.4206513999529538,454.0,3.152614668974624
Rifampicin,rpoB,rpoB_p.Ile491Tyr,3) Uncertain significance,p.I491Y,1.0,Unknown,491,497.0,39.0,458.0,3.4206513999529538,454.0,3.152614668974624
Rifampicin,rpoB,rpoB_p.Ile491Val,3) Uncertain significance,p.I491V,1.0,Unknown,491,497.0,39.0,458.0,3.4206513999529538,454.0,3.152614668974624
Rifampicin,rpoB,rpoB_p.Ile506Val,3) Uncertain significance,p.I506V,0.0,Unknown,506,512.0,15.0,497.0,4.1062803119124895,455.0,1.1921190229503655
Rifampicin,rpoB,rpoB_p.Ile542Lys,3) Uncertain significance,p.I542K,1.0,Unknown,542,548.0,51.0,497.0,29.09921890704285,455.0,0.0570443051177425
Rifampicin,rpoB,rpoB_p.Ile588Val,3) Uncertain significance,p.I588V,0.8888888888888888,Unknown,588,594.0,97.0,497.0,10.944905116080264,450.0,1.121869376511348
Rifampicin,rpoB,rpoB_p.Ile644Val,3) Uncertain significance,p.I644V,0.0,Unknown,644,650.0,153.0,497.0,21.089963916517252,445.0,0.1388690183788279
Rifampicin,rpoB,rpoB_p.Ile717Val,3) Uncertain significance,p.I717V,1.0,Unknown,717,723.0,226.0,497.0,24.190189850433157,444.0,-0.1424695166322754
Rifampicin,rpoB,rpoB_p.Ile751Val,3) Uncertain significance,p.I751V,0.0,Unknown,751,757.0,260.0,497.0,19.578398862011163,442.0,0.021938339231729
Rifampicin,rpoB,rpoB_p.Ile770Val,3) Uncertain significance,p.I770V,0.5,Unknown,770,776.0,279.0,497.0,33.712418438907626,442.0,-0.2258626364054514
Rifampicin,rpoB,rpoB_p.Ile783Val,3) Uncertain significance,p.I783V,0.0,Unknown,783,789.0,292.0,497.0,23.58664984689431,442.0,-0.1549205404705885
Rifampicin,rpoB,rpoB_p.Ile873Phe,3) Uncertain significance,p.I873F,1.0,Unknown,873,879.0,382.0,497.0,13.78344010035232,443.0,0.195904050442626
Rifampicin,rpoB,rpoB_p.Ile892Thr,3) Uncertain significance,p.I892T,0.0,Unknown,892,898.0,401.0,497.0,19.99265977802856,443.0,-0.0550943624027143
Rifampicin,rpoB,rpoB_p.Ile909Val,3) Uncertain significance,p.I909V,1.0,Unknown,909,915.0,418.0,497.0,17.615811335274913,444.0,-0.0098343033129308
Rifampicin,rpoB,rpoB_p.Ile90Leu,3) Uncertain significance,p.I90L,1.0,Unknown,90,96.0,80.0,176.0,24.680091207286882,433.0,-0.0907028062424956
Rifampicin,rpoB,rpoB_p.Ile90Ser,3) Uncertain significance,p.I90S,1.0,Unknown,90,96.0,80.0,176.0,24.680091207286882,433.0,-0.0907028062424956
Rifampicin,rpoB,rpoB_p.Ile910Val,3) Uncertain significance,p.I910V,0.0,Unknown,910,916.0,419.0,497.0,22.320382546004907,444.0,-0.1390639335526993
Rifampicin,rpoB,rpoB_p.Ile925Val,5) Not assoc w R,p.I925V,0.0975609756097561,Susceptible,925,931.0,434.0,497.0,22.002952779115805,444.0,0.0174230000095484
Rifampicin,rpoB,rpoB_p.Ile965Val,3) Uncertain significance,p.I965V,0.0,Unknown,965,971.0,474.0,497.0,17.347973109271297,445.0,0.3119672505123363
Rifampicin,rpoB,rpoB_p.Leu1004Ile,3) Uncertain significance,p.L1004I,0.0,Unknown,1004,1010.0,513.0,497.0,30.236883768007587,444.0,-0.2714608445675004
Rifampicin,rpoB,rpoB_p.Leu173Pro,3) Uncertain significance,p.L173P,1.0,Unknown,173,179.0,3.0,176.0,2.599231809592983,456.0,1.499699550649539
Rifampicin,rpoB,rpoB_p.Leu232Val,3) Uncertain significance,p.L232V,0.0,Unknown,232,238.0,62.0,176.0,33.824576952269496,457.0,-0.4372177654246087
Rifampicin,rpoB,rpoB_p.Leu235Arg,3) Uncertain significance,p.L235R,0.0,Unknown,235,241.0,65.0,176.0,32.52325452656915,457.0,-0.4059470850730063
Rifampicin,rpoB,rpoB_p.Leu290Phe,3) Uncertain significance,p.L290F,0.0,Unknown,290,296.0,120.0,176.0,29.546710764482768,457.0,-0.3264333653645895
Rifampicin,rpoB,rpoB_p.Leu293Ser,3) Uncertain significance,p.L293S,1.0,Unknown,293,299.0,123.0,176.0,23.959302118383988,436.0,-0.2336943924353743
Rifampicin,rpoB,rpoB_p.Leu314Val,3) Uncertain significance,p.L314V,0.0,Unknown,314,320.0,112.0,432.0,25.942749777153537,457.0,-0.3419305178634254
Rifampicin,rpoB,rpoB_p.Leu316Val,3) Uncertain significance,p.L316V,0.0,Unknown,316,322.0,110.0,432.0,28.286184472282578,457.0,-0.3324535731688978
Rifampicin,rpoB,rpoB_p.Leu378Arg,3) Uncertain significance,p.L378R,0.9333333333333332,Unknown,378,384.0,48.0,432.0,3.619544308334952,436.0,1.857662475522808
Rifampicin,rpoB,rpoB_p.Leu42Val,3) Uncertain significance,p.L42V,1.0,Unknown,42,48.0,128.0,176.0,15.848430016881796,449.0,0.6228389598999902
Rifampicin,rpoB,rpoB_p.Leu430Arg,2) Assoc w R - Interim,p.L430R,0.9142857142857144,Resistant,430,436.0,1.0,435.0,1.3307219844881282,435.0,6.550035230554482
Rifampicin,rpoB,rpoB_p.Leu430Pro,1) Assoc w R,p.L430P,0.5375,Resistant,430,436.0,1.0,435.0,1.3307219844881282,435.0,6.550035230554482
Rifampicin,rpoB,rpoB_p.Leu443Phe,2) Assoc w R - Interim,p.L443F,0.5,Resistant,443,449.0,1.0,448.0,1.3320979693701342,448.0,16.41501032046287
Rifampicin,rpoB,rpoB_p.Leu443Ser,2) Assoc w R - Interim,p.L443S,1.0,Resistant,443,449.0,1.0,448.0,1.3320979693701342,448.0,16.41501032046287
Rifampicin,rpoB,rpoB_p.Leu443Trp,2) Assoc w R - Interim,p.L443W,1.0,Resistant,443,449.0,1.0,448.0,1.3320979693701342,448.0,16.41501032046287
Rifampicin,rpoB,rpoB_p.Leu449Met,2) Assoc w R - Interim,p.L449M,1.0,Resistant,449,455.0,1.0,454.0,1.3277017737428807,454.0,3.2959668117242
Rifampicin,rpoB,rpoB_p.Leu452Met,2) Assoc w R - Interim,p.L452M,0.0,Resistant,452,458.0,1.0,457.0,1.3285593701449459,457.0,2.504541679529852
Rifampicin,rpoB,rpoB_p.Leu452Pro,1) Assoc w R,p.L452P,0.7336814621409922,Resistant,452,458.0,1.0,457.0,1.3285593701449459,457.0,2.504541679529852
Rifampicin,rpoB,rpoB_p.Leu452Val,2) Assoc w R - Interim,p.L452V,1.0,Resistant,452,458.0,1.0,457.0,1.3285593701449459,457.0,2.504541679529852
Rifampicin,rpoB,rpoB_p.Leu457Met,3) Uncertain significance,p.L457M,0.0,Unknown,457,463.0,5.0,458.0,3.376458795839202,458.0,1.395852168561178
Rifampicin,rpoB,rpoB_p.Leu48Phe,3) Uncertain significance,p.L48F,0.0,Unknown,48,54.0,122.0,176.0,3.56504151448479,452.0,3.2879735477055214
Rifampicin,rpoB,rpoB_p.Leu490Val,3) Uncertain significance,p.L490V,1.0,Unknown,490,496.0,1.0,497.0,1.3286575932120603,497.0,1.7146372863952002
Rifampicin,rpoB,rpoB_p.Leu494Pro,3) Uncertain significance,p.L494P,1.0,Unknown,494,500.0,3.0,497.0,4.0484292015546,455.0,3.076365826031269
Rifampicin,rpoB,rpoB_p.Leu525Pro,3) Uncertain significance,p.L525P,1.0,Unknown,525,531.0,34.0,497.0,13.108229819468388,455.0,0.3569693685119581
Rifampicin,rpoB,rpoB_p.Leu554Pro,3) Uncertain significance,p.L554P,1.0,Unknown,554,560.0,63.0,497.0,24.453325029533307,455.0,0.0569255690779808
Rifampicin,rpoB,rpoB_p.Leu554Val,3) Uncertain significance,p.L554V,1.0,Unknown,554,560.0,63.0,497.0,24.453325029533307,455.0,0.0569255690779808
Rifampicin,rpoB,rpoB_p.Leu731Pro,3) Uncertain significance,p.L731P,1.0,Unknown,731,737.0,240.0,497.0,17.510650330584532,444.0,-0.0261734148519101
Rifampicin,rpoB,rpoB_p.Leu775Pro,3) Uncertain significance,p.L775P,1.0,Unknown,775,781.0,284.0,497.0,32.718238354165706,442.0,-0.2618421957833487
Rifampicin,rpoB,rpoB_p.Leu778Met,3) Uncertain significance,p.L778M,0.0,Unknown,778,784.0,287.0,497.0,27.775934799750658,442.0,-0.2130491390510964
Rifampicin,rpoB,rpoB_p.Leu778Val,3) Uncertain significance,p.L778V,1.0,Unknown,778,784.0,287.0,497.0,27.775934799750658,442.0,-0.2130491390510964
Rifampicin,rpoB,rpoB_p.Leu80Val,3) Uncertain significance,p.L80V,0.0,Unknown,80,86.0,90.0,176.0,16.61451958378576,432.0,0.2308569815503889
Rifampicin,rpoB,rpoB_p.Leu831Arg,3) Uncertain significance,p.L831R,1.0,Unknown,831,837.0,340.0,497.0,20.66342919265822,442.0,-0.0081834048545848
Rifampicin,rpoB,rpoB_p.Leu855Ser,3) Uncertain significance,p.L855S,1.0,Unknown,855,861.0,364.0,497.0,17.5897393954544,432.0,0.0902886406074849
Rifampicin,rpoB,rpoB_p.Leu862Arg,3) Uncertain significance,p.L862R,1.0,Unknown,862,868.0,371.0,497.0,18.390714912694396,442.0,0.0785281450266977
Rifampicin,rpoB,rpoB_p.Leu893Arg,3) Uncertain significance,p.L893R,0.0,Unknown,893,899.0,402.0,497.0,25.40820418683698,444.0,-0.1886735012230284
Rifampicin,rpoB,rpoB_p.Leu893Val,3) Uncertain significance,p.L893V,0.0,Unknown,893,899.0,402.0,497.0,25.40820418683698,444.0,-0.1886735012230284
Rifampicin,rpoB,rpoB_p.Leu957Val,3) Uncertain significance,p.L957V,1.0,Unknown,957,963.0,466.0,497.0,24.822119188336842,449.0,-0.0124077947046916
Rifampicin,rpoB,rpoB_p.Leu995Met,3) Uncertain significance,p.L995M,0.0,Unknown,995,1001.0,504.0,497.0,32.36365822956359,444.0,-0.276560982383968
Rifampicin,rpoB,rpoB_p.Lys1054Arg,3) Uncertain significance,p.K1054R,1.0,Unknown,1054,1060.0,563.0,497.0,15.41708276555589,443.0,0.1191166708543566
Rifampicin,rpoB,rpoB_p.Lys1095Arg,3) Uncertain significance,p.K1095R,1.0,Unknown,1095,1101.0,604.0,497.0,41.80618206677096,443.0,-0.3641756575500641
Rifampicin,rpoB,rpoB_p.Lys1102Arg,3) Uncertain significance,p.K1102R,0.0,Unknown,1102,1108.0,611.0,497.0,43.927015924143994,443.0,-0.3086639770144987
Rifampicin,rpoB,rpoB_p.Lys1102Thr,3) Uncertain significance,p.K1102T,1.0,Unknown,1102,1108.0,611.0,497.0,43.927015924143994,443.0,-0.3086639770144987
Rifampicin,rpoB,rpoB_p.Lys157Met,3) Uncertain significance,p.K157M,1.0,Unknown,157,163.0,13.0,176.0,2.649830560620793,452.0,2.891219909578847
Rifampicin,rpoB,rpoB_p.Lys233Met,3) Uncertain significance,p.K233M,0.0,Unknown,233,239.0,63.0,176.0,36.897677894414976,457.0,-0.4089516155017608
Rifampicin,rpoB,rpoB_p.Lys274Asn,3) Uncertain significance,p.K274N,1.0,Unknown,274,280.0,104.0,176.0,29.884044070373093,457.0,-0.2648569510519516
Rifampicin,rpoB,rpoB_p.Lys274Glu,3) Uncertain significance,p.K274E,1.0,Unknown,274,280.0,104.0,176.0,29.884044070373093,457.0,-0.2648569510519516
Rifampicin,rpoB,rpoB_p.Lys298Arg,3) Uncertain significance,p.K298R,0.0,Unknown,298,304.0,128.0,176.0,21.846012931425232,436.0,-0.0475936666221154
Rifampicin,rpoB,rpoB_p.Lys309Glu,3) Uncertain significance,p.K309E,0.0,Unknown,309,315.0,117.0,432.0,16.29729048032218,455.0,-0.0125721435439182
Rifampicin,rpoB,rpoB_p.Lys37Arg,3) Uncertain significance,p.K37R,0.8571428571428571,Unknown,37,43.0,133.0,176.0,23.111251675320407,449.0,0.2154795295883138
Rifampicin,rpoB,rpoB_p.Lys446Arg,2) Assoc w R - Interim,p.K446R,0.6666666666666666,Resistant,446,452.0,1.0,451.0,1.3290349882527728,451.0,6.3628897389686365
Rifampicin,rpoB,rpoB_p.Lys446Gln,2) Assoc w R - Interim,p.K446Q,0.8333333333333334,Resistant,446,452.0,1.0,451.0,1.3290349882527728,451.0,6.3628897389686365
Rifampicin,rpoB,rpoB_p.Lys446Glu,2) Assoc w R - Interim,p.K446E,0.6666666666666666,Resistant,446,452.0,1.0,451.0,1.3290349882527728,451.0,6.3628897389686365
Rifampicin,rpoB,rpoB_p.Lys446Thr,2) Assoc w R - Interim,p.K446T,1.0,Resistant,446,452.0,1.0,451.0,1.3290349882527728,451.0,6.3628897389686365
Rifampicin,rpoB,rpoB_p.Lys711Arg,3) Uncertain significance,p.K711R,0.0,Unknown,711,717.0,220.0,497.0,11.721016594135499,444.0,0.4182481384532809
Rifampicin,rpoB,rpoB_p.Lys799Gln,3) Uncertain significance,p.K799Q,1.0,Unknown,799,805.0,308.0,497.0,25.403370583448172,432.0,-0.1632422997007007
Rifampicin,rpoB,rpoB_p.Lys803Thr,3) Uncertain significance,p.K803T,1.0,Unknown,803,809.0,312.0,497.0,33.5212312124719,432.0,-0.2795681940381967
Rifampicin,rpoB,rpoB_p.Lys822Thr,3) Uncertain significance,p.K822T,0.0,Unknown,822,828.0,331.0,497.0,43.91077913223584,432.0,0.0946257783199896
Rifampicin,rpoB,rpoB_p.Lys832Asn,3) Uncertain significance,p.K832N,1.0,Unknown,832,838.0,341.0,497.0,22.078203980396594,443.0,-0.0830300305202341
Rifampicin,rpoB,rpoB_p.Lys832Gln,3) Uncertain significance,p.K832Q,1.0,Unknown,832,838.0,341.0,497.0,22.078203980396594,443.0,-0.0830300305202341
Rifampicin,rpoB,rpoB_p.Lys832Glu,3) Uncertain significance,p.K832E,1.0,Unknown,832,838.0,341.0,497.0,22.078203980396594,443.0,-0.0830300305202341
Rifampicin,rpoB,rpoB_p.Lys891Glu,3) Uncertain significance,p.K891E,1.0,Unknown,891,897.0,400.0,497.0,22.72073777411288,443.0,-0.0921877171454712
Rifampicin,rpoB,rpoB_p.Lys891Thr,3) Uncertain significance,p.K891T,1.0,Unknown,891,897.0,400.0,497.0,22.72073777411288,443.0,-0.0921877171454712
Rifampicin,rpoB,rpoB_p.Lys944Asn,3) Uncertain significance,p.K944N,0.0,Unknown,944,950.0,453.0,497.0,44.23779928974768,449.0,-0.1205551740123945
Rifampicin,rpoB,rpoB_p.Lys944Glu,5) Not assoc w R,p.K944E,0.037037037037037,Susceptible,944,950.0,453.0,497.0,44.23779928974768,449.0,-0.1205551740123945
Rifampicin,rpoB,rpoB_p.Met1003Thr,3) Uncertain significance,p.M1003T,0.0,Unknown,1003,1009.0,512.0,497.0,34.271798464626855,444.0,-0.2637261429589458
Rifampicin,rpoB,rpoB_p.Met1022Ile,3) Uncertain significance,p.M1022I,0.0,Unknown,1022,1028.0,531.0,497.0,16.16605561044499,444.0,0.1389000143006062
Rifampicin,rpoB,rpoB_p.Met1025Leu,3) Uncertain significance,p.M1025L,1.0,Unknown,1025,1031.0,534.0,497.0,7.211905573425099,444.0,1.121269882556397
Rifampicin,rpoB,rpoB_p.Met1070Ile,3) Uncertain significance,p.M1070I,0.0,Unknown,1070,1076.0,579.0,497.0,34.329889265769566,458.0,-0.1967540012539087
Rifampicin,rpoB,rpoB_p.Met1070Thr,3) Uncertain significance,p.M1070T,0.0,Unknown,1070,1076.0,579.0,497.0,34.329889265769566,458.0,-0.1967540012539087
Rifampicin,rpoB,rpoB_p.Met121Ile,3) Uncertain significance,p.M121I,0.1666666666666666,Unknown,121,127.0,49.0,176.0,11.431112369319093,432.0,0.8519809222556528
Rifampicin,rpoB,rpoB_p.Met153Thr,3) Uncertain significance,p.M153T,0.0,Unknown,153,159.0,17.0,176.0,10.591439090133127,437.0,0.969485930138678
Rifampicin,rpoB,rpoB_p.Met153Val,3) Uncertain significance,p.M153V,0.0,Unknown,153,159.0,17.0,176.0,10.591439090133127,437.0,0.969485930138678
Rifampicin,rpoB,rpoB_p.Met154Ile,3) Uncertain significance,p.M154I,0.0,Unknown,154,160.0,16.0,176.0,7.5634496098010695,452.0,1.6258469910334634
Rifampicin,rpoB,rpoB_p.Met387Leu,3) Uncertain significance,p.M387L,1.0,Unknown,387,393.0,39.0,432.0,15.653905870420965,433.0,0.154657441710845
Rifampicin,rpoB,rpoB_p.Met387Val,3) Uncertain significance,p.M387V,1.0,Unknown,387,393.0,39.0,432.0,15.653905870420965,433.0,0.154657441710845
Rifampicin,rpoB,rpoB_p.Met390Thr,3) Uncertain significance,p.M390T,0.1428571428571428,Unknown,390,396.0,36.0,432.0,17.75776689226433,433.0,0.1027579918356693
Rifampicin,rpoB,rpoB_p.Met434Arg,2) Assoc w R - Interim,p.M434R,1.0,Resistant,434,440.0,1.0,441.0,1.3240173714872463,441.0,4.453996284211572
Rifampicin,rpoB,rpoB_p.Met434Ile,2) Assoc w R - Interim,p.M434I,0.9428571428571428,Resistant,434,440.0,1.0,441.0,1.3240173714872463,441.0,4.453996284211572
Rifampicin,rpoB,rpoB_p.Met434Leu,2) Assoc w R - Interim,p.M434L,0.0,Resistant,434,440.0,1.0,441.0,1.3240173714872463,441.0,4.453996284211572
Rifampicin,rpoB,rpoB_p.Met434Thr,2) Assoc w R - Interim,p.M434T,1.0,Resistant,434,440.0,1.0,441.0,1.3240173714872463,441.0,4.453996284211572
Rifampicin,rpoB,rpoB_p.Met434Val,2) Assoc w R - Interim,p.M434V,0.8571428571428571,Resistant,434,440.0,1.0,441.0,1.3240173714872463,441.0,4.453996284211572
Rifampicin,rpoB,rpoB_p.Met477Arg,3) Uncertain significance,p.M477R,0.0,Unknown,477,483.0,14.0,497.0,3.6784269735853004,455.0,1.5264535530462315
Rifampicin,rpoB,rpoB_p.Met573Thr,3) Uncertain significance,p.M573T,0.0,Unknown,573,579.0,82.0,497.0,20.05282997484396,455.0,0.170310705332595
Rifampicin,rpoB,rpoB_p.Met587Ile,3) Uncertain significance,p.M587I,0.0,Unknown,587,593.0,96.0,497.0,7.1240196518538665,449.0,2.260087489630219
Rifampicin,rpoB,rpoB_p.Met587Thr,3) Uncertain significance,p.M587T,1.0,Unknown,587,593.0,96.0,497.0,7.1240196518538665,449.0,2.260087489630219
Rifampicin,rpoB,rpoB_p.Met624Thr,3) Uncertain significance,p.M624T,0.0,Unknown,624,630.0,133.0,497.0,6.348326157342572,449.0,2.07366310176186
Rifampicin,rpoB,rpoB_p.Met655Thr,3) Uncertain significance,p.M655T,0.0,Unknown,655,661.0,164.0,497.0,25.369116618439833,445.0,0.0784996560967514
Rifampicin,rpoB,rpoB_p.Met666Ile,3) Uncertain significance,p.M666I,0.0,Unknown,666,672.0,175.0,497.0,13.856684848837403,445.0,0.617415567057625
Rifampicin,rpoB,rpoB_p.Met707Thr,3) Uncertain significance,p.M707T,0.0,Unknown,707,713.0,216.0,497.0,3.6150962642784474,445.0,3.4155864073512165
Rifampicin,rpoB,rpoB_p.Met920Val,3) Uncertain significance,p.M920V,1.0,Unknown,920,926.0,429.0,497.0,21.066256762889793,454.0,0.2411770129582954
Rifampicin,rpoB,rpoB_p.Phe1005Val,3) Uncertain significance,p.F1005V,0.75,Unknown,1005,1011.0,514.0,497.0,33.712638312656566,444.0,-0.2611159643172424
Rifampicin,rpoB,rpoB_p.Phe151Leu,3) Uncertain significance,p.F151L,1.0,Unknown,151,157.0,19.0,176.0,12.141281316236784,432.0,0.5748971083094866
Rifampicin,rpoB,rpoB_p.Phe208Leu,3) Uncertain significance,p.F208L,0.0,Unknown,208,214.0,38.0,176.0,23.22873059381422,457.0,-0.3797019233483724
Rifampicin,rpoB,rpoB_p.Phe295Leu,3) Uncertain significance,p.F295L,0.1428571428571428,Unknown,295,301.0,125.0,176.0,27.167583201308137,436.0,-0.3456596989687917
Rifampicin,rpoB,rpoB_p.Phe424Ile,3) Uncertain significance,p.F424I,1.0,Unknown,424,430.0,2.0,432.0,2.947867195109036,434.0,2.2171772143305
Rifampicin,rpoB,rpoB_p.Phe424Leu,3) Uncertain significance,p.F424L,0.6153846153846154,Unknown,424,430.0,2.0,432.0,2.947867195109036,434.0,2.2171772143305
Rifampicin,rpoB,rpoB_p.Phe424Val,3) Uncertain significance,p.F424V,1.0,Unknown,424,430.0,2.0,432.0,2.947867195109036,434.0,2.2171772143305
Rifampicin,rpoB,rpoB_p.Phe503Ser,3) Uncertain significance,p.F503S,1.0,Unknown,503,509.0,12.0,497.0,12.732854707409517,455.0,0.4373429538344275
Rifampicin,rpoB,rpoB_p.Phe503Val,3) Uncertain significance,p.F503V,1.0,Unknown,503,509.0,12.0,497.0,12.732854707409517,455.0,0.4373429538344275
Rifampicin,rpoB,rpoB_p.Phe548Leu,3) Uncertain significance,p.F548L,0.0,Unknown,548,554.0,57.0,497.0,27.334763690216903,455.0,-0.0271068591597988
Rifampicin,rpoB,rpoB_p.Phe590Cys,3) Uncertain significance,p.F590C,0.0,Unknown,590,596.0,99.0,497.0,17.511118782076704,450.0,0.3033579137574531
Rifampicin,rpoB,rpoB_p.Phe669Leu,3) Uncertain significance,p.F669L,0.0,Unknown,669,675.0,178.0,497.0,10.846824327885098,442.0,0.8225217686264811
Rifampicin,rpoB,rpoB_p.Phe93Leu,3) Uncertain significance,p.F93L,0.0,Unknown,93,99.0,77.0,176.0,32.908861739659116,433.0,-0.1819487438751898
Rifampicin,rpoB,rpoB_p.Phe971Leu,3) Uncertain significance,p.F971L,1.0,Unknown,971,977.0,480.0,497.0,15.923870415197438,450.0,0.5966306804571065
Rifampicin,rpoB,rpoB_p.Pro1014Arg,3) Uncertain significance,p.P1014R,0.1111111111111111,Unknown,1014,1020.0,523.0,497.0,38.41774135734686,444.0,-0.2133823310099892
Rifampicin,rpoB,rpoB_p.Pro1014Gln,3) Uncertain significance,p.P1014Q,0.0,Unknown,1014,1020.0,523.0,497.0,38.41774135734686,444.0,-0.2133823310099892
Rifampicin,rpoB,rpoB_p.Pro1014Ser,3) Uncertain significance,p.P1014S,0.0,Unknown,1014,1020.0,523.0,497.0,38.41774135734686,444.0,-0.2133823310099892
Rifampicin,rpoB,rpoB_p.Pro13Leu,3) Uncertain significance,p.P13L,0.0,Unknown,13,19.0,157.0,176.0,,,
Rifampicin,rpoB,rpoB_p.Pro27His,3) Uncertain significance,p.P27H,0.2857142857142857,Unknown,27,33.0,143.0,176.0,16.818325421991336,449.0,0.4689023645379115
Rifampicin,rpoB,rpoB_p.Pro280Leu,3) Uncertain significance,p.P280L,0.9,Unknown,280,286.0,110.0,176.0,36.96467001070076,433.0,-0.2469060171555308
Rifampicin,rpoB,rpoB_p.Pro280Ser,3) Uncertain significance,p.P280S,1.0,Unknown,280,286.0,110.0,176.0,36.96467001070076,433.0,-0.2469060171555308
Rifampicin,rpoB,rpoB_p.Pro30Ala,3) Uncertain significance,p.P30A,0.3333333333333333,Unknown,30,36.0,140.0,176.0,14.921499388466282,445.0,0.5494596517584363
Rifampicin,rpoB,rpoB_p.Pro30Ser,3) Uncertain significance,p.P30S,0.0,Unknown,30,36.0,140.0,176.0,14.921499388466282,445.0,0.5494596517584363
Rifampicin,rpoB,rpoB_p.Pro321Ser,3) Uncertain significance,p.P321S,0.0,Unknown,321,327.0,105.0,432.0,29.07247588355695,455.0,-0.1730905119198053
Rifampicin,rpoB,rpoB_p.Pro358Leu,3) Uncertain significance,p.P358L,0.1428571428571428,Unknown,358,364.0,68.0,432.0,26.3640091602169,455.0,-0.233337397803882
Rifampicin,rpoB,rpoB_p.Pro439Ala,2) Assoc w R - Interim,p.P439A,1.0,Resistant,439,445.0,1.0,444.0,1.3549575639111426,444.0,3.758494954034978
Rifampicin,rpoB,rpoB_p.Pro439Leu,2) Assoc w R - Interim,p.P439L,0.0,Resistant,439,445.0,1.0,444.0,1.3549575639111426,444.0,3.758494954034978
Rifampicin,rpoB,rpoB_p.Pro439Ser,2) Assoc w R - Interim,p.P439S,1.0,Resistant,439,445.0,1.0,444.0,1.3549575639111426,444.0,3.758494954034978
Rifampicin,rpoB,rpoB_p.Pro454Arg,3) Uncertain significance,p.P454R,1.0,Unknown,454,460.0,2.0,458.0,4.7565636755960465,458.0,2.0997707971568182
Rifampicin,rpoB,rpoB_p.Pro454His,3) Uncertain significance,p.P454H,0.5,Unknown,454,460.0,2.0,458.0,4.7565636755960465,458.0,2.0997707971568182
Rifampicin,rpoB,rpoB_p.Pro454Leu,3) Uncertain significance,p.P454L,0.3571428571428571,Unknown,454,460.0,2.0,458.0,4.7565636755960465,458.0,2.0997707971568182
Rifampicin,rpoB,rpoB_p.Pro454Ser,3) Uncertain significance,p.P454S,1.0,Unknown,454,460.0,2.0,458.0,4.7565636755960465,458.0,2.0997707971568182
Rifampicin,rpoB,rpoB_p.Pro45Ala,3) Uncertain significance,p.P45A,0.875,Unknown,45,51.0,125.0,176.0,8.43130061141222,449.0,1.4311795763752642
Rifampicin,rpoB,rpoB_p.Pro45Arg,3) Uncertain significance,p.P45R,1.0,Unknown,45,51.0,125.0,176.0,8.43130061141222,449.0,1.4311795763752642
Rifampicin,rpoB,rpoB_p.Pro45Gln,3) Uncertain significance,p.P45Q,1.0,Unknown,45,51.0,125.0,176.0,8.43130061141222,449.0,1.4311795763752642
Rifampicin,rpoB,rpoB_p.Pro45Leu,3) Uncertain significance,p.P45L,1.0,Unknown,45,51.0,125.0,176.0,8.43130061141222,449.0,1.4311795763752642
Rifampicin,rpoB,rpoB_p.Pro45Ser,3) Uncertain significance,p.P45S,0.9848484848484848,Unknown,45,51.0,125.0,176.0,8.43130061141222,449.0,1.4311795763752642
Rifampicin,rpoB,rpoB_p.Pro45Thr,3) Uncertain significance,p.P45T,1.0,Unknown,45,51.0,125.0,176.0,8.43130061141222,449.0,1.4311795763752642
Rifampicin,rpoB,rpoB_p.Pro479Ser,3) Uncertain significance,p.P479S,1.0,Unknown,479,485.0,12.0,497.0,8.538957371951208,497.0,1.2832394339681
Rifampicin,rpoB,rpoB_p.Pro483Leu,3) Uncertain significance,p.P483L,0.6666666666666666,Unknown,483,489.0,8.0,497.0,3.1639668139852644,497.0,2.264065787812543
Rifampicin,rpoB,rpoB_p.Pro483Ser,3) Uncertain significance,p.P483S,1.0,Unknown,483,489.0,8.0,497.0,3.1639668139852644,497.0,2.264065787812543
Rifampicin,rpoB,rpoB_p.Pro483Thr,3) Uncertain significance,p.P483T,1.0,Unknown,483,489.0,8.0,497.0,3.1639668139852644,497.0,2.264065787812543
Rifampicin,rpoB,rpoB_p.Pro502Leu,3) Uncertain significance,p.P502L,0.0,Unknown,502,508.0,11.0,497.0,13.659827341515017,455.0,0.5479141813277122
Rifampicin,rpoB,rpoB_p.Pro509Ser,3) Uncertain significance,p.P509S,0.75,Unknown,509,515.0,18.0,497.0,13.468723807399128,455.0,0.5779152598979576
Rifampicin,rpoB,rpoB_p.Pro541Leu,3) Uncertain significance,p.P541L,0.0,Unknown,541,547.0,50.0,497.0,29.279742912122696,455.0,0.0329888142651298
Rifampicin,rpoB,rpoB_p.Pro577Ala,3) Uncertain significance,p.P577A,1.0,Unknown,577,583.0,86.0,497.0,15.734739591108582,449.0,0.7916861526741438
Rifampicin,rpoB,rpoB_p.Pro577Leu,3) Uncertain significance,p.P577L,1.0,Unknown,577,583.0,86.0,497.0,15.734739591108582,449.0,0.7916861526741438
Rifampicin,rpoB,rpoB_p.Pro577Thr,3) Uncertain significance,p.P577T,1.0,Unknown,577,583.0,86.0,497.0,15.734739591108582,449.0,0.7916861526741438
Rifampicin,rpoB,rpoB_p.Pro618Ala,3) Uncertain significance,p.P618A,1.0,Unknown,618,624.0,127.0,497.0,12.06143022199275,444.0,0.6963969218334161
Rifampicin,rpoB,rpoB_p.Pro682Ala,3) Uncertain significance,p.P682A,0.0,Unknown,682,688.0,191.0,497.0,14.10918197487012,445.0,0.5092711703590195
Rifampicin,rpoB,rpoB_p.Pro682Thr,3) Uncertain significance,p.P682T,0.0,Unknown,682,688.0,191.0,497.0,14.10918197487012,445.0,0.5092711703590195
Rifampicin,rpoB,rpoB_p.Pro700Arg,3) Uncertain significance,p.P700R,1.0,Unknown,700,706.0,209.0,497.0,4.290661254398897,445.0,2.533894987354967
Rifampicin,rpoB,rpoB_p.Pro700Leu,3) Uncertain significance,p.P700L,0.6666666666666666,Unknown,700,706.0,209.0,497.0,4.290661254398897,445.0,2.533894987354967
Rifampicin,rpoB,rpoB_p.Pro700Ser,3) Uncertain significance,p.P700S,1.0,Unknown,700,706.0,209.0,497.0,4.290661254398897,445.0,2.533894987354967
Rifampicin,rpoB,rpoB_p.Pro719Ser,3) Uncertain significance,p.P719S,0.0,Unknown,719,725.0,228.0,497.0,29.101777454306806,444.0,-0.1251402588260905
Rifampicin,rpoB,rpoB_p.Pro768Leu,3) Uncertain significance,p.P768L,1.0,Unknown,768,774.0,277.0,497.0,36.28876043625629,442.0,-0.2669882829181607
Rifampicin,rpoB,rpoB_p.Pro834Leu,3) Uncertain significance,p.P834L,0.0,Unknown,834,840.0,343.0,497.0,18.52194317559583,443.0,0.0364841530523828
Rifampicin,rpoB,rpoB_p.Pro834Thr,3) Uncertain significance,p.P834T,1.0,Unknown,834,840.0,343.0,497.0,18.52194317559583,443.0,0.0364841530523828
Rifampicin,rpoB,rpoB_p.Pro856Leu,3) Uncertain significance,p.P856L,0.5,Unknown,856,862.0,365.0,497.0,15.785544811630661,432.0,0.2174484966443856
Rifampicin,rpoB,rpoB_p.Pro89Ser,3) Uncertain significance,p.P89S,0.0,Unknown,89,95.0,81.0,176.0,28.439440412919474,434.0,-0.1556097909192398
Rifampicin,rpoB,rpoB_p.Pro906Gln,3) Uncertain significance,p.P906Q,1.0,Unknown,906,912.0,415.0,497.0,26.12623576024682,444.0,-0.190722968639307
Rifampicin,rpoB,rpoB_p.Pro906Leu,3) Uncertain significance,p.P906L,0.5,Unknown,906,912.0,415.0,497.0,26.12623576024682,444.0,-0.190722968639307
Rifampicin,rpoB,rpoB_p.Pro954Arg,3) Uncertain significance,p.P954R,0.0,Unknown,954,960.0,463.0,497.0,25.971966637126275,449.0,0.0355824886367129
Rifampicin,rpoB,rpoB_p.Pro969Ser,3) Uncertain significance,p.P969S,1.0,Unknown,969,975.0,478.0,497.0,16.46265744040128,449.0,0.4935128702873387
Rifampicin,rpoB,rpoB_p.Pro988Ala,3) Uncertain significance,p.P988A,0.0,Unknown,988,994.0,497.0,497.0,33.74597703430736,444.0,-0.1730762432399264
Rifampicin,rpoB,rpoB_p.Pro988Ser,3) Uncertain significance,p.P988S,0.0,Unknown,988,994.0,497.0,497.0,33.74597703430736,444.0,-0.1730762432399264
Rifampicin,rpoB,rpoB_p.Ser1009Thr,3) Uncertain significance,p.S1009T,0.0,Unknown,1009,1015.0,518.0,497.0,38.127895562173364,444.0,-0.2013998167949108
Rifampicin,rpoB,rpoB_p.Ser1124Ala,3) Uncertain significance,p.S1124A,0.0,Unknown,1124,1130.0,633.0,497.0,30.31061030398432,433.0,-0.1392216202360171
Rifampicin,rpoB,rpoB_p.Ser1133Ala,3) Uncertain significance,p.S1133A,0.0,Unknown,1133,1139.0,642.0,497.0,48.18506917085418,435.0,-0.265440698902368
Rifampicin,rpoB,rpoB_p.Ser1134Arg,3) Uncertain significance,p.S1134R,0.0,Unknown,1134,1140.0,643.0,497.0,50.50334264184897,435.0,-0.2436297995591755
Rifampicin,rpoB,rpoB_p.Ser1134Asn,3) Uncertain significance,p.S1134N,0.0,Unknown,1134,1140.0,643.0,497.0,50.50334264184897,435.0,-0.2436297995591755
Rifampicin,rpoB,rpoB_p.Ser1134Lys,3) Uncertain significance,p.S1134K,0.0,Unknown,1134,1140.0,643.0,497.0,50.50334264184897,435.0,-0.2436297995591755
Rifampicin,rpoB,rpoB_p.Ser16Cys,3) Uncertain significance,p.S16C,0.0,Unknown,16,22.0,154.0,176.0,,,
Rifampicin,rpoB,rpoB_p.Ser176Leu,3) Uncertain significance,p.S176L,1.0,Unknown,176,182.0,6.0,176.0,11.170592150821733,457.0,0.2872464832904007
Rifampicin,rpoB,rpoB_p.Ser195Arg,3) Uncertain significance,p.S195R,0.5,Unknown,195,201.0,25.0,176.0,20.585883172698722,457.0,-0.2261312633937105
Rifampicin,rpoB,rpoB_p.Ser201Gly,3) Uncertain significance,p.S201G,0.5,Unknown,201,207.0,31.0,176.0,13.433940821665086,436.0,0.1956369416441064
Rifampicin,rpoB,rpoB_p.Ser20Ile,3) Uncertain significance,p.S20I,0.0,Unknown,20,26.0,150.0,176.0,,,
Rifampicin,rpoB,rpoB_p.Ser21Phe,3) Uncertain significance,p.S21F,0.0,Unknown,21,27.0,149.0,176.0,20.343080518938123,449.0,0.3458204764419435
Rifampicin,rpoB,rpoB_p.Ser239Arg,3) Uncertain significance,p.S239R,0.0,Unknown,239,245.0,69.0,176.0,42.84975339485632,457.0,-0.3720397448294315
Rifampicin,rpoB,rpoB_p.Ser239Asn,3) Uncertain significance,p.S239N,0.5,Unknown,239,245.0,69.0,176.0,42.84975339485632,457.0,-0.3720397448294315
Rifampicin,rpoB,rpoB_p.Ser249Ala,3) Uncertain significance,p.S249A,0.0,Unknown,249,255.0,79.0,176.0,35.58408819964339,457.0,-0.3558635384127404
Rifampicin,rpoB,rpoB_p.Ser254Pro,3) Uncertain significance,p.S254P,0.6666666666666666,Unknown,254,260.0,84.0,176.0,39.15224413746933,457.0,-0.3289345089633473
Rifampicin,rpoB,rpoB_p.Ser388Leu,5) Not assoc w R,p.S388L,0.072463768115942,Susceptible,388,394.0,38.0,432.0,16.1917567298919,433.0,0.158853043168254
Rifampicin,rpoB,rpoB_p.Ser428Arg,2) Assoc w R - Interim,p.S428R,0.875,Resistant,428,434.0,1.0,433.0,1.3300368415949795,433.0,6.78062427094565
Rifampicin,rpoB,rpoB_p.Ser428Gly,2) Assoc w R - Interim,p.S428G,0.8,Resistant,428,434.0,1.0,433.0,1.3300368415949795,433.0,6.78062427094565
Rifampicin,rpoB,rpoB_p.Ser428Ile,2) Assoc w R - Interim,p.S428I,0.75,Resistant,428,434.0,1.0,433.0,1.3300368415949795,433.0,6.78062427094565
Rifampicin,rpoB,rpoB_p.Ser428Thr,2) Assoc w R - Interim,p.S428T,1.0,Resistant,428,434.0,1.0,433.0,1.3300368415949795,433.0,6.78062427094565
Rifampicin,rpoB,rpoB_p.Ser431Arg,2) Assoc w R - Interim,p.S431R,1.0,Resistant,431,437.0,1.0,436.0,1.326582451263422,438.0,3.6385365626497705
Rifampicin,rpoB,rpoB_p.Ser431Asn,2) Assoc w R - Interim,p.S431N,1.0,Resistant,431,437.0,1.0,436.0,1.326582451263422,438.0,3.6385365626497705
Rifampicin,rpoB,rpoB_p.Ser431Gly,2) Assoc w R - Interim,p.S431G,0.9090909090909092,Resistant,431,437.0,1.0,436.0,1.326582451263422,438.0,3.6385365626497705
Rifampicin,rpoB,rpoB_p.Ser431Thr,2) Assoc w R - Interim,p.S431T,0.6666666666666666,Resistant,431,437.0,1.0,436.0,1.326582451263422,438.0,3.6385365626497705
Rifampicin,rpoB,rpoB_p.Ser441Ala,2) Assoc w R - Interim,p.S441A,0.8,Resistant,441,447.0,1.0,448.0,1.3337653466783477,448.0,7.837518199708883
Rifampicin,rpoB,rpoB_p.Ser441Gln,1) Assoc w R,p.S441Q,0.9375,Resistant,441,447.0,1.0,448.0,1.3337653466783477,448.0,7.837518199708883
Rifampicin,rpoB,rpoB_p.Ser441Leu,1) Assoc w R,p.S441L,0.9743589743589745,Resistant,441,447.0,1.0,448.0,1.3337653466783477,448.0,7.837518199708883
Rifampicin,rpoB,rpoB_p.Ser441Lys,2) Assoc w R - Interim,p.S441K,0.0,Resistant,441,447.0,1.0,448.0,1.3337653466783477,448.0,7.837518199708883
Rifampicin,rpoB,rpoB_p.Ser441Met,2) Assoc w R - Interim,p.S441M,1.0,Resistant,441,447.0,1.0,448.0,1.3337653466783477,448.0,7.837518199708883
Rifampicin,rpoB,rpoB_p.Ser441Trp,2) Assoc w R - Interim,p.S441W,1.0,Resistant,441,447.0,1.0,448.0,1.3337653466783477,448.0,7.837518199708883
Rifampicin,rpoB,rpoB_p.Ser441Val,2) Assoc w R - Interim,p.S441V,1.0,Resistant,441,447.0,1.0,448.0,1.3337653466783477,448.0,7.837518199708883
Rifampicin,rpoB,rpoB_p.Ser450Ala,2) Assoc w R - Interim,p.S450A,1.0,Resistant,450,456.0,1.0,455.0,1.3288600377767423,455.0,2.808806771690097
Rifampicin,rpoB,rpoB_p.Ser450Cys,2) Assoc w R - Interim,p.S450C,0.375,Resistant,450,456.0,1.0,455.0,1.3288600377767423,455.0,2.808806771690097
Rifampicin,rpoB,rpoB_p.Ser450Gln,2) Assoc w R - Interim,p.S450Q,1.0,Resistant,450,456.0,1.0,455.0,1.3288600377767423,455.0,2.808806771690097
Rifampicin,rpoB,rpoB_p.Ser450Gly,2) Assoc w R - Interim,p.S450G,0.6,Resistant,450,456.0,1.0,455.0,1.3288600377767423,455.0,2.808806771690097
Rifampicin,rpoB,rpoB_p.Ser450Leu,1) Assoc w R,p.S450L,0.9796120884077584,Resistant,450,456.0,1.0,455.0,1.3288600377767423,455.0,2.808806771690097
Rifampicin,rpoB,rpoB_p.Ser450Met,2) Assoc w R - Interim,p.S450M,0.8888888888888888,Resistant,450,456.0,1.0,455.0,1.3288600377767423,455.0,2.808806771690097
Rifampicin,rpoB,rpoB_p.Ser450Phe,1) Assoc w R,p.S450F,0.9951690821256038,Resistant,450,456.0,1.0,455.0,1.3288600377767423,455.0,2.808806771690097
Rifampicin,rpoB,rpoB_p.Ser450Trp,1) Assoc w R,p.S450W,0.9794238683127572,Resistant,450,456.0,1.0,455.0,1.3288600377767423,455.0,2.808806771690097
Rifampicin,rpoB,rpoB_p.Ser450Tyr,1) Assoc w R,p.S450Y,1.0,Resistant,450,456.0,1.0,455.0,1.3288600377767423,455.0,2.808806771690097
Rifampicin,rpoB,rpoB_p.Ser450Val,2) Assoc w R - Interim,p.S450V,0.5555555555555556,Resistant,450,456.0,1.0,455.0,1.3288600377767423,455.0,2.808806771690097
Rifampicin,rpoB,rpoB_p.Ser458Thr,3) Uncertain significance,p.S458T,1.0,Unknown,458,464.0,6.0,458.0,4.135663550145251,458.0,1.2629869892995895
Rifampicin,rpoB,rpoB_p.Ser493Arg,3) Uncertain significance,p.S493R,0.6666666666666666,Unknown,493,499.0,2.0,497.0,3.3389622639377,454.0,3.986125129603708
Rifampicin,rpoB,rpoB_p.Ser493Leu,3) Uncertain significance,p.S493L,1.0,Unknown,493,499.0,2.0,497.0,3.3389622639377,454.0,3.986125129603708
Rifampicin,rpoB,rpoB_p.Ser493Pro,3) Uncertain significance,p.S493P,1.0,Unknown,493,499.0,2.0,497.0,3.3389622639377,454.0,3.986125129603708
Rifampicin,rpoB,rpoB_p.Ser493Thr,3) Uncertain significance,p.S493T,0.6666666666666666,Unknown,493,499.0,2.0,497.0,3.3389622639377,454.0,3.986125129603708
Rifampicin,rpoB,rpoB_p.Ser493Trp,3) Uncertain significance,p.S493W,0.0,Unknown,493,499.0,2.0,497.0,3.3389622639377,454.0,3.986125129603708
Rifampicin,rpoB,rpoB_p.Ser495Pro,3) Uncertain significance,p.S495P,1.0,Unknown,495,501.0,4.0,497.0,5.825592587883213,455.0,1.803518123637291
Rifampicin,rpoB,rpoB_p.Ser540Pro,3) Uncertain significance,p.S540P,1.0,Unknown,540,546.0,49.0,497.0,25.72258738929659,455.0,0.0997623710689544
Rifampicin,rpoB,rpoB_p.Ser567Pro,3) Uncertain significance,p.S567P,1.0,Unknown,567,573.0,76.0,497.0,30.509603914177585,455.0,-0.0296464136814485
Rifampicin,rpoB,rpoB_p.Ser576Leu,3) Uncertain significance,p.S576L,1.0,Unknown,576,582.0,85.0,497.0,16.021259906761383,449.0,0.7139317394317771
Rifampicin,rpoB,rpoB_p.Ser582Ala,3) Uncertain significance,p.S582A,1.0,Unknown,582,588.0,91.0,497.0,5.601130778691026,450.0,3.153628822611518
Rifampicin,rpoB,rpoB_p.Ser582Thr,3) Uncertain significance,p.S582T,1.0,Unknown,582,588.0,91.0,497.0,5.601130778691026,450.0,3.153628822611518
Rifampicin,rpoB,rpoB_p.Ser641Arg,3) Uncertain significance,p.S641R,0.0,Unknown,641,647.0,150.0,497.0,22.83128848751204,449.0,0.1871667437621363
Rifampicin,rpoB,rpoB_p.Ser672Ala,3) Uncertain significance,p.S672A,1.0,Unknown,672,678.0,181.0,497.0,3.019953807593753,442.0,1.8020108410084272
Rifampicin,rpoB,rpoB_p.Ser672Cys,3) Uncertain significance,p.S672C,1.0,Unknown,672,678.0,181.0,497.0,3.019953807593753,442.0,1.8020108410084272
Rifampicin,rpoB,rpoB_p.Ser672Phe,3) Uncertain significance,p.S672F,0.6666666666666666,Unknown,672,678.0,181.0,497.0,3.019953807593753,442.0,1.8020108410084272
Rifampicin,rpoB,rpoB_p.Ser672Pro,3) Uncertain significance,p.S672P,1.0,Unknown,672,678.0,181.0,497.0,3.019953807593753,442.0,1.8020108410084272
Rifampicin,rpoB,rpoB_p.Ser672Tyr,3) Uncertain significance,p.S672Y,1.0,Unknown,672,678.0,181.0,497.0,3.019953807593753,442.0,1.8020108410084272
Rifampicin,rpoB,rpoB_p.Ser67Phe,3) Uncertain significance,p.S67F,0.0,Unknown,67,73.0,103.0,176.0,18.605263180078904,452.0,0.3512685357558581
Rifampicin,rpoB,rpoB_p.Ser874Thr,3) Uncertain significance,p.S874T,1.0,Unknown,874,880.0,383.0,497.0,16.29488533252076,443.0,0.0609116679232823
Rifampicin,rpoB,rpoB_p.Ser874Tyr,3) Uncertain significance,p.S874Y,1.0,Unknown,874,880.0,383.0,497.0,16.29488533252076,443.0,0.0609116679232823
Rifampicin,rpoB,rpoB_p.Ser88Pro,3) Uncertain significance,p.S88P,1.0,Unknown,88,94.0,82.0,176.0,25.223896804419393,434.0,-0.1149136112498588
Rifampicin,rpoB,rpoB_p.Ser936Arg,3) Uncertain significance,p.S936R,0.0,Unknown,936,942.0,445.0,497.0,26.701097823872328,444.0,-0.1247619817388834
Rifampicin,rpoB,rpoB_p.Ser96Pro,3) Uncertain significance,p.S96P,1.0,Unknown,96,102.0,74.0,176.0,36.503433098819606,433.0,-0.2207696895750351
Rifampicin,rpoB,rpoB_p.Ser984Leu,3) Uncertain significance,p.S984L,0.0,Unknown,984,990.0,493.0,497.0,33.798901313504274,444.0,-0.2085778494590165
Rifampicin,rpoB,rpoB_p.Ser98Ala,3) Uncertain significance,p.S98A,0.0,Unknown,98,104.0,72.0,176.0,31.877397698055596,432.0,-0.2009999698184297
Rifampicin,rpoB,rpoB_p.Thr155Ile,3) Uncertain significance,p.T155I,1.0,Unknown,155,161.0,15.0,176.0,5.907421264815986,452.0,1.7352146333176068
Rifampicin,rpoB,rpoB_p.Thr159Pro,3) Uncertain significance,p.T159P,1.0,Unknown,159,165.0,11.0,176.0,3.317598076922541,452.0,2.765244369098605
Rifampicin,rpoB,rpoB_p.Thr184Ser,3) Uncertain significance,p.T184S,0.0,Unknown,184,190.0,14.0,176.0,21.95896402383319,457.0,-0.1375059176043102
Rifampicin,rpoB,rpoB_p.Thr215Ala,3) Uncertain significance,p.T215A,0.0,Unknown,215,221.0,45.0,176.0,31.334033222679793,457.0,-0.3360265674357396
Rifampicin,rpoB,rpoB_p.Thr288Ala,3) Uncertain significance,p.T288A,1.0,Unknown,288,294.0,118.0,176.0,31.78554824129983,436.0,-0.2606739617374465
Rifampicin,rpoB,rpoB_p.Thr347Asn,3) Uncertain significance,p.T347N,0.0,Unknown,347,353.0,79.0,432.0,30.746338855219815,455.0,-0.2476193088756255
Rifampicin,rpoB,rpoB_p.Thr347Ile,3) Uncertain significance,p.T347I,0.0,Unknown,347,353.0,79.0,432.0,30.746338855219815,455.0,-0.2476193088756255
Rifampicin,rpoB,rpoB_p.Thr350Ile,3) Uncertain significance,p.T350I,0.0,Unknown,350,356.0,76.0,432.0,34.545774705454214,457.0,-0.329948201436121
Rifampicin,rpoB,rpoB_p.Thr350Pro,3) Uncertain significance,p.T350P,0.0,Unknown,350,356.0,76.0,432.0,34.545774705454214,457.0,-0.329948201436121
Rifampicin,rpoB,rpoB_p.Thr361Val,3) Uncertain significance,p.T361V,1.0,Unknown,361,367.0,65.0,432.0,20.73501273209158,457.0,-0.1305333820611995
Rifampicin,rpoB,rpoB_p.Thr399Ala,3) Uncertain significance,p.T399A,1.0,Unknown,399,405.0,27.0,432.0,31.85613532743733,433.0,-0.1367668096006581
Rifampicin,rpoB,rpoB_p.Thr399Ile,3) Uncertain significance,p.T399I,1.0,Unknown,399,405.0,27.0,432.0,31.85613532743733,433.0,-0.1367668096006581
Rifampicin,rpoB,rpoB_p.Thr399Pro,3) Uncertain significance,p.T399P,1.0,Unknown,399,405.0,27.0,432.0,31.85613532743733,433.0,-0.1367668096006581
Rifampicin,rpoB,rpoB_p.Thr400Ala,3) Uncertain significance,p.T400A,1.0,Unknown,400,406.0,26.0,432.0,30.532736890098793,433.0,-0.0928064201958911
Rifampicin,rpoB,rpoB_p.Thr400Asn,3) Uncertain significance,p.T400N,1.0,Unknown,400,406.0,26.0,432.0,30.532736890098793,433.0,-0.0928064201958911
Rifampicin,rpoB,rpoB_p.Thr400Ile,3) Uncertain significance,p.T400I,1.0,Unknown,400,406.0,26.0,432.0,30.532736890098793,433.0,-0.0928064201958911
Rifampicin,rpoB,rpoB_p.Thr400Pro,3) Uncertain significance,p.T400P,1.0,Unknown,400,406.0,26.0,432.0,30.532736890098793,433.0,-0.0928064201958911
Rifampicin,rpoB,rpoB_p.Thr400Ser,3) Uncertain significance,p.T400S,1.0,Unknown,400,406.0,26.0,432.0,30.532736890098793,433.0,-0.0928064201958911
Rifampicin,rpoB,rpoB_p.Thr427Ala,2) Assoc w R - Interim,p.T427A,0.8,Resistant,427,433.0,1.0,432.0,1.3300368415949795,434.0,4.233032197680376
Rifampicin,rpoB,rpoB_p.Thr427Asn,2) Assoc w R - Interim,p.T427N,0.0,Resistant,427,433.0,1.0,432.0,1.3300368415949795,434.0,4.233032197680376
Rifampicin,rpoB,rpoB_p.Thr427Gly,2) Assoc w R - Interim,p.T427G,0.0,Resistant,427,433.0,1.0,432.0,1.3300368415949795,434.0,4.233032197680376
Rifampicin,rpoB,rpoB_p.Thr427Ile,2) Assoc w R - Interim,p.T427I,1.0,Resistant,427,433.0,1.0,432.0,1.3300368415949795,434.0,4.233032197680376
Rifampicin,rpoB,rpoB_p.Thr427Pro,2) Assoc w R - Interim,p.T427P,1.0,Resistant,427,433.0,1.0,432.0,1.3300368415949795,434.0,4.233032197680376
Rifampicin,rpoB,rpoB_p.Thr427Ser,2) Assoc w R - Interim,p.T427S,1.0,Resistant,427,433.0,1.0,432.0,1.3300368415949795,434.0,4.233032197680376
Rifampicin,rpoB,rpoB_p.Thr444Ile,2) Assoc w R - Interim,p.T444I,1.0,Resistant,444,450.0,1.0,449.0,1.3369599844423108,449.0,4.657303367250757
Rifampicin,rpoB,rpoB_p.Thr444Pro,2) Assoc w R - Interim,p.T444P,1.0,Resistant,444,450.0,1.0,449.0,1.3369599844423108,449.0,4.657303367250757
Rifampicin,rpoB,rpoB_p.Thr444Ser,2) Assoc w R - Interim,p.T444S,1.0,Resistant,444,450.0,1.0,449.0,1.3369599844423108,449.0,4.657303367250757
Rifampicin,rpoB,rpoB_p.Thr482Ala,3) Uncertain significance,p.T482A,1.0,Unknown,482,488.0,9.0,497.0,2.7780224981090478,497.0,1.94216791405619
Rifampicin,rpoB,rpoB_p.Thr482Ile,3) Uncertain significance,p.T482I,1.0,Unknown,482,488.0,9.0,497.0,2.7780224981090478,497.0,1.94216791405619
Rifampicin,rpoB,rpoB_p.Thr508Pro,3) Uncertain significance,p.T508P,1.0,Unknown,508,514.0,17.0,497.0,11.22344127262223,455.0,0.6165501271241571
Rifampicin,rpoB,rpoB_p.Thr526Asn,3) Uncertain significance,p.T526N,0.0,Unknown,526,532.0,35.0,497.0,11.840836161352806,455.0,0.3804303359754696
Rifampicin,rpoB,rpoB_p.Thr52Pro,3) Uncertain significance,p.T52P,1.0,Unknown,52,58.0,118.0,176.0,7.757458604465761,452.0,1.5325551735242988
Rifampicin,rpoB,rpoB_p.Thr52Ser,3) Uncertain significance,p.T52S,0.0,Unknown,52,58.0,118.0,176.0,7.757458604465761,452.0,1.5325551735242988
Rifampicin,rpoB,rpoB_p.Thr585Ala,3) Uncertain significance,p.T585A,1.0,Unknown,585,591.0,94.0,497.0,6.618329169813166,450.0,2.5516560060578284
Rifampicin,rpoB,rpoB_p.Thr653Ala,3) Uncertain significance,p.T653A,0.5,Unknown,653,659.0,162.0,497.0,21.386692825212602,445.0,0.1654813378218367
Rifampicin,rpoB,rpoB_p.Thr660Asn,3) Uncertain significance,p.T660N,0.0,Unknown,660,666.0,169.0,497.0,26.548238773975196,452.0,0.1172831684169753
Rifampicin,rpoB,rpoB_p.Thr676Ala,3) Uncertain significance,p.T676A,1.0,Unknown,676,682.0,185.0,497.0,2.945905293793411,443.0,1.6869440646410108
Rifampicin,rpoB,rpoB_p.Thr676Ile,3) Uncertain significance,p.T676I,1.0,Unknown,676,682.0,185.0,497.0,2.945905293793411,443.0,1.6869440646410108
Rifampicin,rpoB,rpoB_p.Thr676Pro,3) Uncertain significance,p.T676P,0.75,Unknown,676,682.0,185.0,497.0,2.945905293793411,443.0,1.6869440646410108
Rifampicin,rpoB,rpoB_p.Thr742Ala,3) Uncertain significance,p.T742A,1.0,Unknown,742,748.0,251.0,497.0,11.620258559946063,443.0,0.3907332235700522
Rifampicin,rpoB,rpoB_p.Thr742Asn,3) Uncertain significance,p.T742N,1.0,Unknown,742,748.0,251.0,497.0,11.620258559946063,443.0,0.3907332235700522
Rifampicin,rpoB,rpoB_p.Thr756Ala,3) Uncertain significance,p.T756A,1.0,Unknown,756,762.0,265.0,497.0,26.429269342908427,432.0,-0.0936029953990478
Rifampicin,rpoB,rpoB_p.Thr905Ile,3) Uncertain significance,p.T905I,0.0,Unknown,905,911.0,414.0,497.0,27.81764537123874,444.0,-0.199542166040507
Rifampicin,rpoB,rpoB_p.Thr928Asn,3) Uncertain significance,p.T928N,1.0,Unknown,928,934.0,437.0,497.0,21.277700486659736,444.0,-0.0460301048507271
Rifampicin,rpoB,rpoB_p.Thr9Ile,3) Uncertain significance,p.T9I,0.5,Unknown,9,15.0,161.0,176.0,,,
Rifampicin,rpoB,rpoB_p.Thr9Lys,3) Uncertain significance,p.T9K,0.0,Unknown,9,15.0,161.0,176.0,,,
Rifampicin,rpoB,rpoB_p.Tyr308Asp,3) Uncertain significance,p.Y308D,0.8333333333333334,Unknown,308,314.0,118.0,432.0,18.626985612277707,455.0,-0.0498223902279774
Rifampicin,rpoB,rpoB_p.Tyr308Cys,3) Uncertain significance,p.Y308C,1.0,Unknown,308,314.0,118.0,432.0,18.626985612277707,455.0,-0.0498223902279774
Rifampicin,rpoB,rpoB_p.Tyr510His,3) Uncertain significance,p.Y510H,1.0,Unknown,510,516.0,19.0,497.0,14.050915770867045,455.0,0.2734447027843025
Rifampicin,rpoB,rpoB_p.Tyr564Cys,3) Uncertain significance,p.Y564C,0.0,Unknown,564,570.0,73.0,497.0,28.352158207092454,455.0,-0.0393792197467677
Rifampicin,rpoB,rpoB_p.Tyr564His,3) Uncertain significance,p.Y564H,1.0,Unknown,564,570.0,73.0,497.0,28.352158207092454,455.0,-0.0393792197467677
Rifampicin,rpoB,rpoB_p.Tyr572Cys,3) Uncertain significance,p.Y572C,0.2,Unknown,572,578.0,81.0,497.0,20.907793451246842,455.0,0.0166949659524087
Rifampicin,rpoB,rpoB_p.Tyr572His,3) Uncertain significance,p.Y572H,1.0,Unknown,572,578.0,81.0,497.0,20.907793451246842,455.0,0.0166949659524087
Rifampicin,rpoB,rpoB_p.Tyr651His,3) Uncertain significance,p.Y651H,0.0,Unknown,651,657.0,160.0,497.0,18.735931415331343,445.0,0.3195266683333325
Rifampicin,rpoB,rpoB_p.Tyr866His,3) Uncertain significance,p.Y866H,0.0,Unknown,866,872.0,375.0,497.0,11.509210268302516,442.0,0.3696959967280753
Rifampicin,rpoB,rpoB_p.Val1117Leu,3) Uncertain significance,p.V1117L,0.0,Unknown,1117,1123.0,626.0,497.0,28.54410072151513,435.0,-0.2052792044558122
Rifampicin,rpoB,rpoB_p.Val113Ile,3) Uncertain significance,p.V113I,0.1194029850746268,Unknown,113,119.0,57.0,176.0,9.518716352534083,442.0,1.0136651722190817
Rifampicin,rpoB,rpoB_p.Val1168Phe,3) Uncertain significance,p.V1168F,0.0,Unknown,1168,1174.0,677.0,497.0,,,
Rifampicin,rpoB,rpoB_p.Val129Gly,3) Uncertain significance,p.V129G,0.0,Unknown,129,135.0,41.0,176.0,21.556393900650452,432.0,-0.0047075897850586
Rifampicin,rpoB,rpoB_p.Val129Ile,3) Uncertain significance,p.V129I,0.0,Unknown,129,135.0,41.0,176.0,21.556393900650452,432.0,-0.0047075897850586
Rifampicin,rpoB,rpoB_p.Val168Ala,3) Uncertain significance,p.V168A,1.0,Unknown,168,174.0,2.0,176.0,2.7620524976907865,438.0,4.271829626738145
Rifampicin,rpoB,rpoB_p.Val168Gly,3) Uncertain significance,p.V168G,1.0,Unknown,168,174.0,2.0,176.0,2.7620524976907865,438.0,4.271829626738145
Rifampicin,rpoB,rpoB_p.Val168Leu,3) Uncertain significance,p.V168L,1.0,Unknown,168,174.0,2.0,176.0,2.7620524976907865,438.0,4.271829626738145
Rifampicin,rpoB,rpoB_p.Val168Met,3) Uncertain significance,p.V168M,1.0,Unknown,168,174.0,2.0,176.0,2.7620524976907865,438.0,4.271829626738145
Rifampicin,rpoB,rpoB_p.Val170Ala,3) Uncertain significance,p.V170A,0.7857142857142857,Unknown,170,176.0,256.0,432.0,2.919608535403349,436.0,3.883534335149069
Rifampicin,rpoB,rpoB_p.Val170Gly,3) Uncertain significance,p.V170G,1.0,Unknown,170,176.0,256.0,432.0,2.919608535403349,436.0,3.883534335149069
Rifampicin,rpoB,rpoB_p.Val170Ile,3) Uncertain significance,p.V170I,1.0,Unknown,170,176.0,256.0,432.0,2.919608535403349,436.0,3.883534335149069
Rifampicin,rpoB,rpoB_p.Val170Phe,1) Assoc w R,p.V170F,0.978021978021978,Resistant,170,176.0,256.0,432.0,2.919608535403349,436.0,3.883534335149069
Rifampicin,rpoB,rpoB_p.Val179Met,3) Uncertain significance,p.V179M,0.0,Unknown,179,185.0,9.0,176.0,18.741355180455894,457.0,-0.1933617694793947
Rifampicin,rpoB,rpoB_p.Val196Ala,3) Uncertain significance,p.V196A,1.0,Unknown,196,202.0,26.0,176.0,19.987640280933608,457.0,-0.2586693892000078
Rifampicin,rpoB,rpoB_p.Val198Met,3) Uncertain significance,p.V198M,0.0,Unknown,198,204.0,28.0,176.0,18.038745022866756,457.0,-0.1818584523200602
Rifampicin,rpoB,rpoB_p.Val216Ile,3) Uncertain significance,p.V216I,0.0,Unknown,216,222.0,46.0,176.0,30.289723901019634,457.0,-0.4021958359857035
Rifampicin,rpoB,rpoB_p.Val228Ile,3) Uncertain significance,p.V228I,1.0,Unknown,228,234.0,58.0,176.0,30.187483648028707,457.0,-0.4067809099032546
Rifampicin,rpoB,rpoB_p.Val262Phe,3) Uncertain significance,p.V262F,0.0,Unknown,262,268.0,92.0,176.0,42.90000081585081,457.0,-0.3538084687176553
Rifampicin,rpoB,rpoB_p.Val26Ala,3) Uncertain significance,p.V26A,1.0,Unknown,26,32.0,144.0,176.0,12.94522386828439,449.0,0.7309424653748324
Rifampicin,rpoB,rpoB_p.Val305Ile,3) Uncertain significance,p.V305I,1.0,Unknown,305,311.0,121.0,432.0,16.03500951044311,455.0,0.1363219537350865
Rifampicin,rpoB,rpoB_p.Val305Leu,3) Uncertain significance,p.V305L,1.0,Unknown,305,311.0,121.0,432.0,16.03500951044311,455.0,0.1363219537350865
Rifampicin,rpoB,rpoB_p.Val310Gly,3) Uncertain significance,p.V310G,0.0,Unknown,310,316.0,116.0,432.0,21.208158548068255,457.0,-0.200246309865615
Rifampicin,rpoB,rpoB_p.Val332Ile,3) Uncertain significance,p.V332I,0.0,Unknown,332,338.0,94.0,432.0,27.452446266225536,457.0,-0.4090531405226386
Rifampicin,rpoB,rpoB_p.Val33Leu,3) Uncertain significance,p.V33L,0.0,Unknown,33,39.0,137.0,176.0,20.483035248712536,449.0,0.1929275150103218
Rifampicin,rpoB,rpoB_p.Val351Ala,3) Uncertain significance,p.V351A,1.0,Unknown,351,357.0,75.0,432.0,32.23751401705784,457.0,-0.3347135258425571
Rifampicin,rpoB,rpoB_p.Val351Ile,3) Uncertain significance,p.V351I,0.0,Unknown,351,357.0,75.0,432.0,32.23751401705784,457.0,-0.3347135258425571
Rifampicin,rpoB,rpoB_p.Val355Ile,3) Uncertain significance,p.V355I,1.0,Unknown,355,361.0,71.0,432.0,30.914046160281263,455.0,-0.2693433105175716
Rifampicin,rpoB,rpoB_p.Val357Leu,3) Uncertain significance,p.V357L,1.0,Unknown,357,363.0,69.0,432.0,28.47473889256933,455.0,-0.297124648844715
Rifampicin,rpoB,rpoB_p.Val359Ala,3) Uncertain significance,p.V359A,0.2222222222222222,Unknown,359,365.0,67.0,432.0,27.194219587993306,457.0,-0.2844215522606166
Rifampicin,rpoB,rpoB_p.Val375Leu,3) Uncertain significance,p.V375L,1.0,Unknown,375,381.0,51.0,432.0,5.668866376975218,176.0,1.784115976494012
Rifampicin,rpoB,rpoB_p.Val394Leu,3) Uncertain significance,p.V394L,1.0,Unknown,394,400.0,32.0,432.0,23.525893373047474,433.0,-0.1066523631491285
Rifampicin,rpoB,rpoB_p.Val44Ala,3) Uncertain significance,p.V44A,0.0,Unknown,44,50.0,126.0,176.0,8.635983904570459,449.0,1.4087332685236615
Rifampicin,rpoB,rpoB_p.Val44Gly,3) Uncertain significance,p.V44G,1.0,Unknown,44,50.0,126.0,176.0,8.635983904570459,449.0,1.4087332685236615
Rifampicin,rpoB,rpoB_p.Val469Leu,3) Uncertain significance,p.V469L,1.0,Unknown,469,475.0,17.0,458.0,10.004268588957405,497.0,0.7535500172054677
Rifampicin,rpoB,rpoB_p.Val496Ala,3) Uncertain significance,p.V496A,0.9772727272727272,Unknown,496,502.0,5.0,497.0,9.205782258993533,449.0,1.8089228486973397
Rifampicin,rpoB,rpoB_p.Val496Glu,3) Uncertain significance,p.V496E,1.0,Unknown,496,502.0,5.0,497.0,9.205782258993533,449.0,1.8089228486973397
Rifampicin,rpoB,rpoB_p.Val496Gly,3) Uncertain significance,p.V496G,1.0,Unknown,496,502.0,5.0,497.0,9.205782258993533,449.0,1.8089228486973397
Rifampicin,rpoB,rpoB_p.Val496Leu,3) Uncertain significance,p.V496L,1.0,Unknown,496,502.0,5.0,497.0,9.205782258993533,449.0,1.8089228486973397
Rifampicin,rpoB,rpoB_p.Val496Met,3) Uncertain significance,p.V496M,1.0,Unknown,496,502.0,5.0,497.0,9.205782258993533,449.0,1.8089228486973397
Rifampicin,rpoB,rpoB_p.Val50Gly,3) Uncertain significance,p.V50G,1.0,Unknown,50,56.0,120.0,176.0,3.770758809576673,452.0,2.923228948189316
Rifampicin,rpoB,rpoB_p.Val517Met,3) Uncertain significance,p.V517M,0.0,Unknown,517,523.0,26.0,497.0,29.770854304168033,455.0,-0.000718740799894
Rifampicin,rpoB,rpoB_p.Val523Leu,3) Uncertain significance,p.V523L,1.0,Unknown,523,529.0,32.0,497.0,17.746334410238074,455.0,0.2473447077060531
Rifampicin,rpoB,rpoB_p.Val534Ala,3) Uncertain significance,p.V534A,1.0,Unknown,534,540.0,43.0,497.0,22.270187538500885,455.0,0.0160293137804533
Rifampicin,rpoB,rpoB_p.Val534Gly,3) Uncertain significance,p.V534G,1.0,Unknown,534,540.0,43.0,497.0,22.270187538500885,455.0,0.0160293137804533
Rifampicin,rpoB,rpoB_p.Val534Leu,3) Uncertain significance,p.V534L,1.0,Unknown,534,540.0,43.0,497.0,22.270187538500885,455.0,0.0160293137804533
Rifampicin,rpoB,rpoB_p.Val534Met,3) Uncertain significance,p.V534M,0.9807692307692308,Unknown,534,540.0,43.0,497.0,22.270187538500885,455.0,0.0160293137804533
Rifampicin,rpoB,rpoB_p.Val549Gly,3) Uncertain significance,p.V549G,1.0,Unknown,549,555.0,58.0,497.0,33.2057607050343,455.0,-0.0212964775671866
Rifampicin,rpoB,rpoB_p.Val549Ile,3) Uncertain significance,p.V549I,0.0,Unknown,549,555.0,58.0,497.0,33.2057607050343,455.0,-0.0212964775671866
Rifampicin,rpoB,rpoB_p.Val555Ala,3) Uncertain significance,p.V555A,1.0,Unknown,555,561.0,64.0,497.0,22.450619790999095,455.0,0.0684474069687859
Rifampicin,rpoB,rpoB_p.Val562Ala,3) Uncertain significance,p.V562A,1.0,Unknown,562,568.0,71.0,497.0,22.059935040702175,455.0,0.1433869123050465
Rifampicin,rpoB,rpoB_p.Val562Met,3) Uncertain significance,p.V562M,1.0,Unknown,562,568.0,71.0,497.0,22.059935040702175,455.0,0.1433869123050465
Rifampicin,rpoB,rpoB_p.Val575Ala,3) Uncertain significance,p.V575A,1.0,Unknown,575,581.0,84.0,497.0,17.22344596763377,455.0,0.5371100999566591
Rifampicin,rpoB,rpoB_p.Val581Leu,3) Uncertain significance,p.V581L,1.0,Unknown,581,587.0,90.0,497.0,9.398577392350393,450.0,1.6146660656636047
Rifampicin,rpoB,rpoB_p.Val581Met,3) Uncertain significance,p.V581M,1.0,Unknown,581,587.0,90.0,497.0,9.398577392350393,450.0,1.6146660656636047
Rifampicin,rpoB,rpoB_p.Val583Ala,3) Uncertain significance,p.V583A,0.0,Unknown,583,589.0,92.0,497.0,3.9542333011596558,449.0,4.186890197963335
Rifampicin,rpoB,rpoB_p.Val583Met,3) Uncertain significance,p.V583M,1.0,Unknown,583,589.0,92.0,497.0,3.9542333011596558,449.0,4.186890197963335
Rifampicin,rpoB,rpoB_p.Val613Ile,3) Uncertain significance,p.V613I,0.0,Unknown,613,619.0,122.0,497.0,10.920146244441968,443.0,0.6188507324503251
Rifampicin,rpoB,rpoB_p.Val613Phe,3) Uncertain significance,p.V613F,0.0,Unknown,613,619.0,122.0,497.0,10.920146244441968,443.0,0.6188507324503251
Rifampicin,rpoB,rpoB_p.Val695Leu,3) Uncertain significance,p.V695L,0.6395939086294417,Unknown,695,701.0,204.0,497.0,11.04311663435645,445.0,0.8616516545577929
Rifampicin,rpoB,rpoB_p.Val715Ala,3) Uncertain significance,p.V715A,0.0,Unknown,715,721.0,224.0,497.0,21.138459309987553,444.0,-0.1077332323253143
Rifampicin,rpoB,rpoB_p.Val736Leu,3) Uncertain significance,p.V736L,1.0,Unknown,736,742.0,245.0,497.0,20.029995631552183,443.0,-0.0256447423175436
Rifampicin,rpoB,rpoB_p.Val740Thr,3) Uncertain significance,p.V740T,0.0,Unknown,740,746.0,249.0,497.0,13.692896333500805,444.0,0.3083874825453976
Rifampicin,rpoB,rpoB_p.Val77Met,3) Uncertain significance,p.V77M,0.0,Unknown,77,83.0,93.0,176.0,20.07975662203108,176.0,0.1557472375672591
Rifampicin,rpoB,rpoB_p.Val797Leu,3) Uncertain significance,p.V797L,1.0,Unknown,797,803.0,306.0,497.0,23.005775905193893,442.0,-0.1427645174629264
Rifampicin,rpoB,rpoB_p.Val800Ala,3) Uncertain significance,p.V800A,1.0,Unknown,800,806.0,309.0,497.0,30.07754306787708,432.0,-0.2008460106139542
Rifampicin,rpoB,rpoB_p.Val833Met,3) Uncertain significance,p.V833M,1.0,Unknown,833,839.0,342.0,497.0,20.559158834932916,443.0,-0.0899300150270517
Rifampicin,rpoB,rpoB_p.Val867Ala,3) Uncertain significance,p.V867A,0.0,Unknown,867,873.0,376.0,497.0,14.25408046841325,442.0,0.2734429419551248
Rifampicin,rpoB,rpoB_p.Val895Phe,3) Uncertain significance,p.V895F,0.0,Unknown,895,901.0,404.0,497.0,27.588184155540215,444.0,-0.1934168537910105
Rifampicin,rpoB,rpoB_p.Val916Met,3) Uncertain significance,p.V916M,1.0,Unknown,916,922.0,425.0,497.0,23.63569008935428,444.0,0.0260825921379005
Rifampicin,rpoB,rpoB_p.Val946Gly,3) Uncertain significance,p.V946G,0.0,Unknown,946,952.0,455.0,497.0,36.31654687604536,449.0,-0.1124064532510956
Rifampicin,rpoB,rpoB_p.Val970Ala,3) Uncertain significance,p.V970A,1.0,Unknown,970,976.0,479.0,497.0,13.967171044989739,450.0,0.79242971112162
Rifampicin,rpoB,rpoB_p.Val970Leu,3) Uncertain significance,p.V970L,1.0,Unknown,970,976.0,479.0,497.0,13.967171044989739,450.0,0.79242971112162
Rifampicin,rpoB,rpoB_p.Val970Met,3) Uncertain significance,p.V970M,1.0,Unknown,970,976.0,479.0,497.0,13.967171044989739,450.0,0.79242971112162
Rifampicin,rpoB,rpoB_p.Val994Ala,3) Uncertain significance,p.V994A,0.0,Unknown,994,1000.0,503.0,497.0,35.51914651283163,444.0,-0.2462871193085106
Rifampicin,rpoB,rpoB_p.Val996Ala,3) Uncertain significance,p.V996A,1.0,Unknown,996,1002.0,505.0,497.0,29.8965116694239,444.0,-0.2442479444040242
Rifampicin,rpoB,rpoB_p.Val996Gly,3) Uncertain significance,p.V996G,1.0,Unknown,996,1002.0,505.0,497.0,29.8965116694239,444.0,-0.2442479444040242
Ethionamide,inhA,inhA_p.Ala114Thr,3) Uncertain significance,p.A114T,0.5,Unknown,114,,20.0,94.0,18.624783783979883,94.0,-0.3391091798922994
Ethionamide,inhA,inhA_p.Ala124Val,3) Uncertain significance,p.A124V,1.0,Unknown,124,,30.0,94.0,9.681736414507476,94.0,-0.1772566431394084
Ethionamide,inhA,inhA_p.Ala133Thr,3) Uncertain significance,p.A133T,0.0,Unknown,133,,39.0,94.0,13.438442394861093,94.0,-0.5129291639894126
Ethionamide,inhA,inhA_p.Ala190Ser,3) Uncertain significance,p.A190S,0.0,Unknown,190,,96.0,94.0,10.761285843243819,94.0,0.5662058403937272
Ethionamide,inhA,inhA_p.Ala201Thr,3) Uncertain significance,p.A201T,0.0,Unknown,201,,107.0,94.0,,,
Ethionamide,inhA,inhA_p.Ala22Ser,3) Uncertain significance,p.A22S,0.0,Unknown,22,,72.0,94.0,3.7163717521259954,94.0,7.452076012476061
Ethionamide,inhA,inhA_p.Ala235Thr,3) Uncertain significance,p.A235T,0.0,Unknown,235,,141.0,94.0,9.772696915386254,94.0,2.366719307220732
Ethionamide,inhA,inhA_p.Ala235Val,3) Uncertain significance,p.A235V,0.0,Unknown,235,,141.0,94.0,9.772696915386254,94.0,2.366719307220732
Ethionamide,inhA,inhA_p.Ala239Thr,3) Uncertain significance,p.A239T,1.0,Unknown,239,,145.0,94.0,9.263476831082377,94.0,1.4379752017325147
Ethionamide,inhA,inhA_p.Ala239Val,3) Uncertain significance,p.A239V,1.0,Unknown,239,,145.0,94.0,9.263476831082377,94.0,1.4379752017325147
Ethionamide,inhA,inhA_p.Ala84Thr,3) Uncertain significance,p.A84T,0.0,Unknown,84,,10.0,94.0,23.854840431241623,94.0,-0.3480685229386365
Ethionamide,inhA,inhA_p.Arg27Trp,3) Uncertain significance,p.R27W,0.0,Unknown,27,,67.0,94.0,11.049042582957137,94.0,1.008771031356417
Ethionamide,inhA,inhA_p.Asn231Asp,3) Uncertain significance,p.N231D,1.0,Unknown,231,,137.0,94.0,15.404735148648285,94.0,1.1709620049466305
Ethionamide,inhA,inhA_p.Asn231Lys,3) Uncertain significance,p.N231K,0.0,Unknown,231,,137.0,94.0,15.404735148648285,94.0,1.1709620049466305
Ethionamide,inhA,inhA_p.Asp248Asn,3) Uncertain significance,p.D248N,0.0,Unknown,248,,154.0,94.0,18.82867942793652,94.0,-0.3735266797061276
Ethionamide,inhA,inhA_p.Asp52Gly,3) Uncertain significance,p.D52G,0.0,Unknown,52,,42.0,94.0,16.134838146073854,94.0,0.0285062007287347
Ethionamide,inhA,inhA_p.Asp89Asn,3) Uncertain significance,p.D89N,0.0,Unknown,89,,5.0,94.0,14.006704287590285,94.0,-0.3766611559996993
Ethionamide,inhA,inhA_p.Gln35Arg,3) Uncertain significance,p.Q35R,0.0,Unknown,35,,59.0,94.0,14.951366024547722,94.0,-0.2823226514240121
Ethionamide,inhA,inhA_p.Glu209Gly,3) Uncertain significance,p.E209G,0.0,Unknown,209,,115.0,94.0,,,
Ethionamide,inhA,inhA_p.Glu80Ala,3) Uncertain significance,p.E80A,0.0,Unknown,80,,14.0,94.0,20.440481427794207,94.0,-0.378060786828697
Ethionamide,inhA,inhA_p.Gly212Ser,3) Uncertain significance,p.G212S,0.0,Unknown,212,,118.0,94.0,,,
Ethionamide,inhA,inhA_p.Gly221Ser,3) Uncertain significance,p.G221S,0.0,Unknown,221,,127.0,94.0,22.435279294004786,94.0,-0.0369647102951854
Ethionamide,inhA,inhA_p.Gly40Trp,3) Uncertain significance,p.G40W,0.5,Unknown,40,,54.0,94.0,9.680113532392065,94.0,0.1386604842821818
Ethionamide,inhA,inhA_p.Gly76Asp,3) Uncertain significance,p.G76D,0.0,Unknown,76,,18.0,94.0,18.528161862419058,94.0,-0.4560138610202126
Ethionamide,inhA,inhA_p.Gly76Ser,3) Uncertain significance,p.G76S,0.0,Unknown,76,,18.0,94.0,18.528161862419058,94.0,-0.4560138610202126
Ethionamide,inhA,inhA_p.Gly83Arg,3) Uncertain significance,p.G83R,0.0,Unknown,83,,11.0,94.0,21.40400404130031,94.0,-0.4214635963103436
Ethionamide,inhA,inhA_p.Ile16Thr,3) Uncertain significance,p.I16T,0.6666666666666666,Unknown,16,,78.0,94.0,7.681552186895566,94.0,1.2436876053316228
Ethionamide,inhA,inhA_p.Ile194Thr,3) Uncertain significance,p.I194T,0.9534883720930232,Unknown,194,,100.0,94.0,9.805028301845942,94.0,1.6839018594458464
Ethionamide,inhA,inhA_p.Ile21Met,3) Uncertain significance,p.I21M,0.0,Unknown,21,,73.0,94.0,4.253259691107519,94.0,2.970098258261522
Ethionamide,inhA,inhA_p.Ile21Thr,3) Uncertain significance,p.I21T,0.873015873015873,Unknown,21,,73.0,94.0,4.253259691107519,94.0,2.970098258261522
Ethionamide,inhA,inhA_p.Ile21Val,3) Uncertain significance,p.I21V,0.8108108108108109,Unknown,21,,73.0,94.0,4.253259691107519,94.0,2.970098258261522
Ethionamide,inhA,inhA_p.Ile228Val,3) Uncertain significance,p.I228V,0.0,Unknown,228,,134.0,94.0,20.30384485756331,94.0,0.0282061876644823
Ethionamide,inhA,inhA_p.Ile95Leu,3) Uncertain significance,p.I95L,0.5,Unknown,95,,1.0,94.0,1.3304318847652463,94.0,5.595132210881833
Ethionamide,inhA,inhA_p.Ile95Val,3) Uncertain significance,p.I95V,1.0,Unknown,95,,1.0,94.0,1.3304318847652463,94.0,5.595132210881833
Ethionamide,inhA,inhA_p.Lys233Thr,3) Uncertain significance,p.K233T,1.0,Unknown,233,,139.0,94.0,14.932672265873919,94.0,1.1340938541479295
Ethionamide,inhA,inhA_p.Met130Val,3) Uncertain significance,p.M130V,0.0,Unknown,130,,36.0,94.0,5.271871584171981,94.0,0.478943317361697
Ethionamide,inhA,inhA_p.Met161Val,3) Uncertain significance,p.M161V,1.0,Unknown,161,,67.0,94.0,8.688449228717403,94.0,0.487116652841406
Ethionamide,inhA,inhA_p.Phe41Ser,3) Uncertain significance,p.F41S,1.0,Unknown,41,,53.0,94.0,9.143061686328055,94.0,0.2175395274219677
Ethionamide,inhA,inhA_p.Pro107Ser,3) Uncertain significance,p.P107S,1.0,Unknown,107,,13.0,94.0,24.103104073956942,94.0,-0.3594933528543245
Ethionamide,inhA,inhA_p.Ser94Ala,2) Assoc w R - Interim,p.S94A,0.8309859154929577,Resistant,94,,,,,,2.39346301941724
Ethionamide,inhA,inhA_p.Thr162Met,3) Uncertain significance,p.T162M,0.5,Unknown,162,,68.0,94.0,14.625863700992163,94.0,-0.2770890902874827
Ethionamide,inhA,inhA_p.Thr162Ser,3) Uncertain significance,p.T162S,0.1111111111111111,Unknown,162,,68.0,94.0,14.625863700992163,94.0,-0.2770890902874827
Ethionamide,inhA,inhA_p.Thr236Met,3) Uncertain significance,p.T236M,0.5,Unknown,236,,142.0,94.0,11.94900200853611,94.0,1.2173903055423096
Ethionamide,inhA,inhA_p.Thr2Pro,3) Uncertain significance,p.T2P,0.0,Unknown,2,,92.0,94.0,23.383114014176982,94.0,-0.1387715394092109
Ethionamide,inhA,inhA_p.Thr51Ala,3) Uncertain significance,p.T51A,1.0,Unknown,51,,43.0,94.0,12.13979938054991,94.0,0.1948782850261534
Ethionamide,inhA,inhA_p.Tyr182His,3) Uncertain significance,p.Y182H,0.0,Unknown,182,,88.0,94.0,19.027093130586188,94.0,-0.4666589198615722
Ethionamide,inhA,inhA_p.Val171Ile,3) Uncertain significance,p.V171I,0.0,Unknown,171,,77.0,94.0,12.492251758590205,94.0,-0.4677351342572797
Ethionamide,inhA,inhA_p.Val203Ala,3) Uncertain significance,p.V203A,0.0,Unknown,203,,109.0,94.0,,,
Ethionamide,inhA,inhA_p.Val78Ala,3) Uncertain significance,p.V78A,0.0,Unknown,78,,16.0,94.0,13.86627062335075,94.0,-0.4374779936938931
Ethionamide,inhA,inhA_p.Val91Ala,3) Uncertain significance,p.V91A,0.0,Unknown,91,,3.0,94.0,7.024521193647296,94.0,0.1848622716033381
Ethionamide,inhA,inhA_p.Val92Met,3) Uncertain significance,p.V92M,1.0,Unknown,92,,2.0,94.0,3.468487999114311,94.0,1.9863470772226477
Isoniazid,inhA,inhA_p.Ala114Gly,3) Uncertain significance,p.A114G,0.0,Unknown,114,,20.0,94.0,18.624783783979883,94.0,-0.3391091798922994
Isoniazid,inhA,inhA_p.Ala114Thr,3) Uncertain significance,p.A114T,1.0,Unknown,114,,20.0,94.0,18.624783783979883,94.0,-0.3391091798922994
Isoniazid,inhA,inhA_p.Ala124Val,3) Uncertain significance,p.A124V,1.0,Unknown,124,,30.0,94.0,9.681736414507476,94.0,-0.1772566431394084
Isoniazid,inhA,inhA_p.Ala133Thr,3) Uncertain significance,p.A133T,0.6666666666666666,Unknown,133,,39.0,94.0,13.438442394861093,94.0,-0.5129291639894126
Isoniazid,inhA,inhA_p.Ala190Ser,3) Uncertain significance,p.A190S,0.5714285714285714,Unknown,190,,96.0,94.0,10.761285843243819,94.0,0.5662058403937272
Isoniazid,inhA,inhA_p.Ala191Thr,3) Uncertain significance,p.A191T,1.0,Unknown,191,,97.0,94.0,9.236641435067181,94.0,2.157381898519182
Isoniazid,inhA,inhA_p.Ala201Thr,3) Uncertain significance,p.A201T,1.0,Unknown,201,,107.0,94.0,,,
Isoniazid,inhA,inhA_p.Ala213Val,3) Uncertain significance,p.A213V,0.0,Unknown,213,,119.0,94.0,,,
Isoniazid,inhA,inhA_p.Ala22Ser,3) Uncertain significance,p.A22S,0.6666666666666666,Unknown,22,,72.0,94.0,3.7163717521259954,94.0,7.452076012476061
Isoniazid,inhA,inhA_p.Ala235Thr,3) Uncertain significance,p.A235T,1.0,Unknown,235,,141.0,94.0,9.772696915386254,94.0,2.366719307220732
Isoniazid,inhA,inhA_p.Ala235Val,3) Uncertain significance,p.A235V,0.0,Unknown,235,,141.0,94.0,9.772696915386254,94.0,2.366719307220732
Isoniazid,inhA,inhA_p.Ala239Thr,3) Uncertain significance,p.A239T,1.0,Unknown,239,,145.0,94.0,9.263476831082377,94.0,1.4379752017325147
Isoniazid,inhA,inhA_p.Ala239Val,3) Uncertain significance,p.A239V,1.0,Unknown,239,,145.0,94.0,9.263476831082377,94.0,1.4379752017325147
Isoniazid,inhA,inhA_p.Ala252Thr,3) Uncertain significance,p.A252T,0.0,Unknown,252,,158.0,94.0,20.95849894434237,94.0,-0.3908735439716183
Isoniazid,inhA,inhA_p.Ala252Val,3) Uncertain significance,p.A252V,0.5,Unknown,252,,158.0,94.0,20.95849894434237,94.0,-0.3908735439716183
Isoniazid,inhA,inhA_p.Ala26Thr,3) Uncertain significance,p.A26T,1.0,Unknown,26,,68.0,94.0,8.624723647746634,94.0,1.4568258222660968
Isoniazid,inhA,inhA_p.Ala58Val,3) Uncertain significance,p.A58V,0.0,Unknown,58,,36.0,94.0,14.954236088814431,94.0,-0.1148791907547241
Isoniazid,inhA,inhA_p.Arg27Trp,3) Uncertain significance,p.R27W,1.0,Unknown,27,,67.0,94.0,11.049042582957137,94.0,1.008771031356417
Isoniazid,inhA,inhA_p.Asn139Ser,3) Uncertain significance,p.N139S,0.0,Unknown,139,,45.0,94.0,17.99361925794808,94.0,-0.4914441487380307
Isoniazid,inhA,inhA_p.Asn139Tyr,3) Uncertain significance,p.N139Y,0.0,Unknown,139,,45.0,94.0,17.99361925794808,94.0,-0.4914441487380307
Isoniazid,inhA,inhA_p.Asn231Asp,3) Uncertain significance,p.N231D,1.0,Unknown,231,,137.0,94.0,15.404735148648285,94.0,1.1709620049466305
Isoniazid,inhA,inhA_p.Asn231Lys,3) Uncertain significance,p.N231K,0.0,Unknown,231,,137.0,94.0,15.404735148648285,94.0,1.1709620049466305
Isoniazid,inhA,inhA_p.Asp248Asn,3) Uncertain significance,p.D248N,0.0,Unknown,248,,154.0,94.0,18.82867942793652,94.0,-0.3735266797061276
Isoniazid,inhA,inhA_p.Asp42Ala,3) Uncertain significance,p.D42A,0.0,Unknown,42,,52.0,94.0,11.690809467269576,94.0,0.1327349999067936
Isoniazid,inhA,inhA_p.Asp52Gly,3) Uncertain significance,p.D52G,0.0,Unknown,52,,42.0,94.0,16.134838146073854,94.0,0.0285062007287347
Isoniazid,inhA,inhA_p.Asp89Asn,3) Uncertain significance,p.D89N,0.0,Unknown,89,,5.0,94.0,14.006704287590285,94.0,-0.3766611559996993
Isoniazid,inhA,inhA_p.Gln100His,3) Uncertain significance,p.Q100H,0.0,Unknown,100,,6.0,94.0,16.171385222051942,94.0,-0.0702564106735656
Isoniazid,inhA,inhA_p.Gln214Arg,3) Uncertain significance,p.Q214R,0.0,Unknown,214,,120.0,94.0,,,
Isoniazid,inhA,inhA_p.Gln216Arg,3) Uncertain significance,p.Q216R,0.0,Unknown,216,,122.0,94.0,,,
Isoniazid,inhA,inhA_p.Gln35Arg,3) Uncertain significance,p.Q35R,0.1578947368421052,Unknown,35,,59.0,94.0,14.951366024547722,94.0,-0.2823226514240121
Isoniazid,inhA,inhA_p.Glu209Gly,3) Uncertain significance,p.E209G,1.0,Unknown,209,,115.0,94.0,,,
Isoniazid,inhA,inhA_p.Glu219Ala,3) Uncertain significance,p.E219A,0.0,Unknown,219,,125.0,94.0,18.433378013809623,94.0,0.3417218854071714
Isoniazid,inhA,inhA_p.Glu31Lys,3) Uncertain significance,p.E31K,0.0,Unknown,31,,63.0,94.0,15.565268034955263,94.0,0.32571890537064
Isoniazid,inhA,inhA_p.Glu80Ala,3) Uncertain significance,p.E80A,0.0,Unknown,80,,14.0,94.0,20.440481427794207,94.0,-0.378060786828697
Isoniazid,inhA,inhA_p.Gly141Arg,3) Uncertain significance,p.G141R,0.0,Unknown,141,,47.0,94.0,17.446074228891725,94.0,-0.2616131535768951
Isoniazid,inhA,inhA_p.Gly142Ser,3) Uncertain significance,p.G142S,0.0,Unknown,142,,48.0,94.0,14.922179633016084,94.0,-0.2841271685603872
Isoniazid,inhA,inhA_p.Gly183Arg,3) Uncertain significance,p.G183R,0.0,Unknown,183,,89.0,94.0,19.13529132257986,94.0,-0.4836323682481049
Isoniazid,inhA,inhA_p.Gly183Asp,3) Uncertain significance,p.G183D,0.0,Unknown,183,,89.0,94.0,19.13529132257986,94.0,-0.4836323682481049
Isoniazid,inhA,inhA_p.Gly183Ser,3) Uncertain significance,p.G183S,0.6666666666666666,Unknown,183,,89.0,94.0,19.13529132257986,94.0,-0.4836323682481049
Isoniazid,inhA,inhA_p.Gly212Ser,3) Uncertain significance,p.G212S,0.0,Unknown,212,,118.0,94.0,,,
Isoniazid,inhA,inhA_p.Gly221Ser,3) Uncertain significance,p.G221S,0.0,Unknown,221,,127.0,94.0,22.435279294004786,94.0,-0.0369647102951854
Isoniazid,inhA,inhA_p.Gly33Asp,3) Uncertain significance,p.G33D,0.0,Unknown,33,,61.0,94.0,18.343655333656923,94.0,-0.1749190454529212
Isoniazid,inhA,inhA_p.Gly33Ser,3) Uncertain significance,p.G33S,1.0,Unknown,33,,61.0,94.0,18.343655333656923,94.0,-0.1749190454529212
Isoniazid,inhA,inhA_p.Gly40Trp,3) Uncertain significance,p.G40W,1.0,Unknown,40,,54.0,94.0,9.680113532392065,94.0,0.1386604842821818
Isoniazid,inhA,inhA_p.Gly76Asp,3) Uncertain significance,p.G76D,0.0,Unknown,76,,18.0,94.0,18.528161862419058,94.0,-0.4560138610202126
Isoniazid,inhA,inhA_p.Gly76Ser,3) Uncertain significance,p.G76S,0.0,Unknown,76,,18.0,94.0,18.528161862419058,94.0,-0.4560138610202126
Isoniazid,inhA,inhA_p.Gly83Arg,3) Uncertain significance,p.G83R,0.1428571428571428,Unknown,83,,11.0,94.0,21.40400404130031,94.0,-0.4214635963103436
Isoniazid,inhA,inhA_p.His24Gln,3) Uncertain significance,p.H24Q,1.0,Unknown,24,,70.0,94.0,8.22742450588275,94.0,2.606574708147481
Isoniazid,inhA,inhA_p.His70Asp,3) Uncertain significance,p.H70D,0.0,Unknown,70,,24.0,94.0,14.633514581261743,94.0,-0.4496583323561848
Isoniazid,inhA,inhA_p.Ile15Leu,3) Uncertain significance,p.I15L,1.0,Unknown,15,,79.0,94.0,5.536582881164162,94.0,1.6009752423257615
Isoniazid,inhA,inhA_p.Ile16Thr,3) Uncertain significance,p.I16T,0.6666666666666666,Unknown,16,,78.0,94.0,7.681552186895566,94.0,1.2436876053316228
Isoniazid,inhA,inhA_p.Ile16Val,3) Uncertain significance,p.I16V,1.0,Unknown,16,,78.0,94.0,7.681552186895566,94.0,1.2436876053316228
Isoniazid,inhA,inhA_p.Ile194Thr,3) Uncertain significance,p.I194T,0.9836065573770492,Unknown,194,,100.0,94.0,9.805028301845942,94.0,1.6839018594458464
Isoniazid,inhA,inhA_p.Ile21Met,3) Uncertain significance,p.I21M,1.0,Unknown,21,,73.0,94.0,4.253259691107519,94.0,2.970098258261522
Isoniazid,inhA,inhA_p.Ile21Thr,3) Uncertain significance,p.I21T,0.9820359281437124,Unknown,21,,73.0,94.0,4.253259691107519,94.0,2.970098258261522
Isoniazid,inhA,inhA_p.Ile21Val,3) Uncertain significance,p.I21V,0.803030303030303,Unknown,21,,73.0,94.0,4.253259691107519,94.0,2.970098258261522
Isoniazid,inhA,inhA_p.Ile228Val,3) Uncertain significance,p.I228V,0.1463414634146341,Unknown,228,,134.0,94.0,20.30384485756331,94.0,0.0282061876644823
Isoniazid,inhA,inhA_p.Ile50Val,3) Uncertain significance,p.I50V,1.0,Unknown,50,,44.0,94.0,12.548905410433221,94.0,0.3774520994322641
Isoniazid,inhA,inhA_p.Ile95Leu,3) Uncertain significance,p.I95L,1.0,Unknown,95,,1.0,94.0,1.3304318847652463,94.0,5.595132210881833
Isoniazid,inhA,inhA_p.Ile95Val,3) Uncertain significance,p.I95V,1.0,Unknown,95,,1.0,94.0,1.3304318847652463,94.0,5.595132210881833
Isoniazid,inhA,inhA_p.Leu268Phe,3) Uncertain significance,p.L268F,0.0,Unknown,268,,174.0,94.0,,,
Isoniazid,inhA,inhA_p.Leu61Val,3) Uncertain significance,p.L61V,1.0,Unknown,61,,33.0,94.0,12.389698664616507,94.0,-0.2640324612264573
Isoniazid,inhA,inhA_p.Lys118Glu,3) Uncertain significance,p.K118E,0.0,Unknown,118,,24.0,94.0,12.735774888085924,94.0,-0.2776531204647292
Isoniazid,inhA,inhA_p.Lys233Thr,3) Uncertain significance,p.K233T,1.0,Unknown,233,,139.0,94.0,14.932672265873919,94.0,1.1340938541479295
Isoniazid,inhA,inhA_p.Met103Val,3) Uncertain significance,p.M103V,0.5,Unknown,103,,9.0,94.0,12.843122089274086,94.0,0.0595515900920175
Isoniazid,inhA,inhA_p.Met130Val,3) Uncertain significance,p.M130V,1.0,Unknown,130,,36.0,94.0,5.271871584171981,94.0,0.478943317361697
Isoniazid,inhA,inhA_p.Met155Ile,3) Uncertain significance,p.M155I,0.0,Unknown,155,,61.0,94.0,17.33616569487036,94.0,-0.0060471041776397
Isoniazid,inhA,inhA_p.Met155Leu,3) Uncertain significance,p.M155L,1.0,Unknown,155,,61.0,94.0,17.33616569487036,94.0,-0.0060471041776397
Isoniazid,inhA,inhA_p.Phe41Ser,3) Uncertain significance,p.F41S,1.0,Unknown,41,,53.0,94.0,9.143061686328055,94.0,0.2175395274219677
Isoniazid,inhA,inhA_p.Pro107Ser,3) Uncertain significance,p.P107S,1.0,Unknown,107,,13.0,94.0,24.103104073956942,94.0,-0.3594933528543245
Isoniazid,inhA,inhA_p.Pro140Leu,3) Uncertain significance,p.P140L,0.0,Unknown,140,,46.0,94.0,20.164749490137492,94.0,-0.2815097232629754
Isoniazid,inhA,inhA_p.Pro55Leu,3) Uncertain significance,p.P55L,0.0,Unknown,55,,39.0,94.0,15.638412003780951,94.0,0.2642200694403955
Isoniazid,inhA,inhA_p.Ser143Cys,3) Uncertain significance,p.S143C,0.0,Unknown,143,,49.0,94.0,10.878562864643472,94.0,-0.1945640147886124
Isoniazid,inhA,inhA_p.Ser19Ala,3) Uncertain significance,p.S19A,0.0,Unknown,19,,75.0,94.0,8.45734580113643,94.0,3.1734109230729737
Isoniazid,inhA,inhA_p.Ser19Leu,3) Uncertain significance,p.S19L,0.0,Unknown,19,,75.0,94.0,8.45734580113643,94.0,3.1734109230729737
Isoniazid,inhA,inhA_p.Ser94Ala,2) Assoc w R - Interim,p.S94A,0.8875,Resistant,94,,,,,,2.39346301941724
Isoniazid,inhA,inhA_p.Thr162Ser,3) Uncertain significance,p.T162S,1.0,Unknown,162,,68.0,94.0,14.625863700992163,94.0,-0.2770890902874827
Isoniazid,inhA,inhA_p.Thr236Met,3) Uncertain significance,p.T236M,1.0,Unknown,236,,142.0,94.0,11.94900200853611,94.0,1.2173903055423096
Isoniazid,inhA,inhA_p.Thr266Ala,3) Uncertain significance,p.T266A,0.0,Unknown,266,,172.0,94.0,22.03313307271573,94.0,-0.1683477159062817
Isoniazid,inhA,inhA_p.Thr2Ala,3) Uncertain significance,p.T2A,0.0,Unknown,2,,92.0,94.0,23.383114014176982,94.0,-0.1387715394092109
Isoniazid,inhA,inhA_p.Thr2Pro,3) Uncertain significance,p.T2P,1.0,Unknown,2,,92.0,94.0,23.383114014176982,94.0,-0.1387715394092109
Isoniazid,inhA,inhA_p.Tyr182His,3) Uncertain significance,p.Y182H,0.0,Unknown,182,,88.0,94.0,19.027093130586188,94.0,-0.4666589198615722
Isoniazid,inhA,inhA_p.Val12Ile,3) Uncertain significance,p.V12I,0.0,Unknown,12,,82.0,94.0,5.927782131623933,94.0,1.2299320775310347
Isoniazid,inhA,inhA_p.Val171Ile,3) Uncertain significance,p.V171I,0.0,Unknown,171,,77.0,94.0,12.492251758590205,94.0,-0.4677351342572797
Isoniazid,inhA,inhA_p.Val189Ile,3) Uncertain significance,p.V189I,0.0,Unknown,189,,95.0,94.0,8.580741984234225,94.0,1.0988365582229902
Isoniazid,inhA,inhA_p.Val203Ala,3) Uncertain significance,p.V203A,0.0,Unknown,203,,109.0,94.0,,,
Isoniazid,inhA,inhA_p.Val28Leu,3) Uncertain significance,p.V28L,1.0,Unknown,28,,66.0,94.0,12.366647241673874,94.0,0.6690272894534245
Isoniazid,inhA,inhA_p.Val65Ala,3) Uncertain significance,p.V65A,1.0,Unknown,65,,29.0,94.0,8.177082303609279,94.0,0.0994439692672877
Isoniazid,inhA,inhA_p.Val78Ala,5) Not assoc w R,p.V78A,0.1142857142857142,Susceptible,78,,16.0,94.0,13.86627062335075,94.0,-0.4374779936938931
Isoniazid,inhA,inhA_p.Val91Ala,3) Uncertain significance,p.V91A,0.0,Unknown,91,,3.0,94.0,7.024521193647296,94.0,0.1848622716033381
Isoniazid,inhA,inhA_p.Val92Met,3) Uncertain significance,p.V92M,1.0,Unknown,92,,2.0,94.0,3.468487999114311,94.0,1.9863470772226477
Isoniazid,katG,katG_p.Ala106Val,3) Uncertain significance,p.A106V,1.0,Unknown,106,,209.0,315.0,14.229560815429263,328.0,0.4112647533283787
Isoniazid,katG,katG_p.Ala109Pro,3) Uncertain significance,p.A109P,1.0,Unknown,109,,206.0,315.0,14.888139776345467,315.0,0.4460902413546623
Isoniazid,katG,katG_p.Ala109Thr,3) Uncertain significance,p.A109T,0.925925925925926,Unknown,109,,206.0,315.0,14.888139776345467,315.0,0.4460902413546623
Isoniazid,katG,katG_p.Ala109Val,3) Uncertain significance,p.A109V,1.0,Unknown,109,,206.0,315.0,14.888139776345467,315.0,0.4460902413546623
Isoniazid,katG,katG_p.Ala110Pro,3) Uncertain significance,p.A110P,1.0,Unknown,110,,205.0,315.0,16.826305179688138,328.0,0.2449655672832129
Isoniazid,katG,katG_p.Ala110Thr,3) Uncertain significance,p.A110T,0.6,Unknown,110,,205.0,315.0,16.826305179688138,328.0,0.2449655672832129
Isoniazid,katG,katG_p.Ala110Val,3) Uncertain significance,p.A110V,1.0,Unknown,110,,205.0,315.0,16.826305179688138,328.0,0.2449655672832129
Isoniazid,katG,katG_p.Ala122Asp,3) Uncertain significance,p.A122D,1.0,Unknown,122,,193.0,315.0,19.75773835741327,328.0,0.1095278104800517
Isoniazid,katG,katG_p.Ala122Pro,3) Uncertain significance,p.A122P,0.0,Unknown,122,,193.0,315.0,19.75773835741327,328.0,0.1095278104800517
Isoniazid,katG,katG_p.Ala122Thr,3) Uncertain significance,p.A122T,1.0,Unknown,122,,193.0,315.0,19.75773835741327,328.0,0.1095278104800517
Isoniazid,katG,katG_p.Ala130Glu,3) Uncertain significance,p.A130E,1.0,Unknown,130,,185.0,315.0,19.252126739661783,315.0,0.2369833806433297
Isoniazid,katG,katG_p.Ala130Thr,3) Uncertain significance,p.A130T,1.0,Unknown,130,,185.0,315.0,19.252126739661783,315.0,0.2369833806433297
Isoniazid,katG,katG_p.Ala139Pro,3) Uncertain significance,p.A139P,1.0,Unknown,139,,176.0,315.0,5.466722692802345,315.0,2.744631658850089
Isoniazid,katG,katG_p.Ala139Thr,3) Uncertain significance,p.A139T,0.0,Unknown,139,,176.0,315.0,5.466722692802345,315.0,2.744631658850089
Isoniazid,katG,katG_p.Ala144Thr,3) Uncertain significance,p.A144T,0.5,Unknown,144,,171.0,315.0,12.7583539690667,315.0,0.7707922363394112
Isoniazid,katG,katG_p.Ala144Val,3) Uncertain significance,p.A144V,0.6666666666666666,Unknown,144,,171.0,315.0,12.7583539690667,315.0,0.7707922363394112
Isoniazid,katG,katG_p.Ala15Val,3) Uncertain significance,p.A15V,0.0,Unknown,15,,300.0,315.0,,,
Isoniazid,katG,katG_p.Ala162Glu,3) Uncertain significance,p.A162E,1.0,Unknown,162,,153.0,315.0,21.665731490074357,328.0,0.0068679171827536
Isoniazid,katG,katG_p.Ala162Gly,3) Uncertain significance,p.A162G,0.0,Unknown,162,,153.0,315.0,21.665731490074357,328.0,0.0068679171827536
Isoniazid,katG,katG_p.Ala162Thr,3) Uncertain significance,p.A162T,0.5,Unknown,162,,153.0,315.0,21.665731490074357,328.0,0.0068679171827536
Isoniazid,katG,katG_p.Ala162Val,3) Uncertain significance,p.A162V,0.25,Unknown,162,,153.0,315.0,21.665731490074357,328.0,0.0068679171827536
Isoniazid,katG,katG_p.Ala168Thr,3) Uncertain significance,p.A168T,1.0,Unknown,168,,147.0,315.0,13.420099850597246,328.0,0.1549732653333637
Isoniazid,katG,katG_p.Ala168Val,3) Uncertain significance,p.A168V,0.0,Unknown,168,,147.0,315.0,13.420099850597246,328.0,0.1549732653333637
Isoniazid,katG,katG_p.Ala172Thr,3) Uncertain significance,p.A172T,1.0,Unknown,172,,143.0,315.0,7.988538164144925,328.0,0.1803460552290075
Isoniazid,katG,katG_p.Ala172Val,3) Uncertain significance,p.A172V,1.0,Unknown,172,,143.0,315.0,7.988538164144925,328.0,0.1803460552290075
Isoniazid,katG,katG_p.Ala202Ser,3) Uncertain significance,p.A202S,0.0,Unknown,202,,113.0,315.0,18.844998434597976,315.0,0.3136714378703912
Isoniazid,katG,katG_p.Ala222Thr,3) Uncertain significance,p.A222T,1.0,Unknown,222,,93.0,315.0,14.959842011197845,315.0,0.3327853606368521
Isoniazid,katG,katG_p.Ala243Thr,3) Uncertain significance,p.A243T,0.6666666666666666,Unknown,243,,72.0,315.0,18.453745121248417,315.0,0.2700219215034571
Isoniazid,katG,katG_p.Ala244Gly,3) Uncertain significance,p.A244G,0.6,Unknown,244,,71.0,315.0,15.183213559717847,315.0,0.408450345428306
Isoniazid,katG,katG_p.Ala256Gly,3) Uncertain significance,p.A256G,0.6666666666666666,Unknown,256,,59.0,315.0,18.320457226827063,328.0,-0.0879487572456605
Isoniazid,katG,katG_p.Ala256Thr,3) Uncertain significance,p.A256T,1.0,Unknown,256,,59.0,315.0,18.320457226827063,328.0,-0.0879487572456605
Isoniazid,katG,katG_p.Ala256Val,3) Uncertain significance,p.A256V,1.0,Unknown,256,,59.0,315.0,18.320457226827063,328.0,-0.0879487572456605
Isoniazid,katG,katG_p.Ala263Pro,3) Uncertain significance,p.A263P,1.0,Unknown,263,,52.0,315.0,8.930327877519396,328.0,0.1565825032365045
Isoniazid,katG,katG_p.Ala264Thr,3) Uncertain significance,p.A264T,1.0,Unknown,264,,51.0,315.0,6.366199965442491,328.0,0.1060319828577341
Isoniazid,katG,katG_p.Ala264Val,3) Uncertain significance,p.A264V,0.75,Unknown,264,,51.0,315.0,6.366199965442491,328.0,0.1060319828577341
Isoniazid,katG,katG_p.Ala281Thr,3) Uncertain significance,p.A281T,0.0,Unknown,281,,34.0,315.0,6.7345685088207405,315.0,2.2894816984556923
Isoniazid,katG,katG_p.Ala290Pro,3) Uncertain significance,p.A290P,1.0,Unknown,290,,25.0,315.0,17.585667146855712,315.0,0.4550634202096593
Isoniazid,katG,katG_p.Ala291Asp,3) Uncertain significance,p.A291D,1.0,Unknown,291,,24.0,315.0,16.763268118120642,315.0,0.5294564850987103
Isoniazid,katG,katG_p.Ala312Pro,3) Uncertain significance,p.A312P,0.5,Unknown,312,,3.0,315.0,6.4940130119980495,315.0,2.083947830646585
Isoniazid,katG,katG_p.Ala348Gly,3) Uncertain significance,p.A348G,0.5,Unknown,348,,20.0,328.0,6.632697867383981,315.0,2.1827169058504032
Isoniazid,katG,katG_p.Ala379Thr,3) Uncertain significance,p.A379T,1.0,Unknown,379,,51.0,328.0,10.685843859985972,315.0,1.048421204928336
Isoniazid,katG,katG_p.Ala379Val,3) Uncertain significance,p.A379V,0.8333333333333334,Unknown,379,,51.0,328.0,10.685843859985972,315.0,1.048421204928336
Isoniazid,katG,katG_p.Ala411Asp,3) Uncertain significance,p.A411D,1.0,Unknown,411,,83.0,328.0,10.248393727799497,328.0,-0.023814433057989
Isoniazid,katG,katG_p.Ala424Gly,3) Uncertain significance,p.A424G,1.0,Unknown,424,,96.0,328.0,27.614820730904626,328.0,-0.3808215159915168
Isoniazid,katG,katG_p.Ala424Val,3) Uncertain significance,p.A424V,0.0,Unknown,424,,96.0,328.0,27.614820730904626,328.0,-0.3808215159915168
Isoniazid,katG,katG_p.Ala476Gly,3) Uncertain significance,p.A476G,1.0,Unknown,476,,148.0,328.0,43.42860142809114,328.0,-0.5328832257277926
Isoniazid,katG,katG_p.Ala476Val,3) Uncertain significance,p.A476V,0.5,Unknown,476,,148.0,328.0,43.42860142809114,328.0,-0.5328832257277926
Isoniazid,katG,katG_p.Ala479Glu,3) Uncertain significance,p.A479E,1.0,Unknown,479,,151.0,328.0,38.48635660854376,328.0,-0.4958343419048343
Isoniazid,katG,katG_p.Ala479Gly,3) Uncertain significance,p.A479G,1.0,Unknown,479,,151.0,328.0,38.48635660854376,328.0,-0.4958343419048343
Isoniazid,katG,katG_p.Ala479Val,3) Uncertain significance,p.A479V,0.0,Unknown,479,,151.0,328.0,38.48635660854376,328.0,-0.4958343419048343
Isoniazid,katG,katG_p.Ala480Gln,3) Uncertain significance,p.A480Q,0.0,Unknown,480,,152.0,328.0,38.330969476390756,328.0,-0.4963306954695351
Isoniazid,katG,katG_p.Ala480Ser,3) Uncertain significance,p.A480S,0.7,Unknown,480,,152.0,328.0,38.330969476390756,328.0,-0.4963306954695351
Isoniazid,katG,katG_p.Ala492Asp,3) Uncertain significance,p.A492D,1.0,Unknown,492,,164.0,328.0,37.13679374959556,328.0,-0.4766731174517025
Isoniazid,katG,katG_p.Ala492Val,3) Uncertain significance,p.A492V,1.0,Unknown,492,,164.0,328.0,37.13679374959556,328.0,-0.4766731174517025
Isoniazid,katG,katG_p.Ala531Ser,3) Uncertain significance,p.A531S,1.0,Unknown,531,,203.0,328.0,54.28162412824435,328.0,-0.3649616310802984
Isoniazid,katG,katG_p.Ala532Pro,3) Uncertain significance,p.A532P,0.0,Unknown,532,,204.0,328.0,51.47054798620276,328.0,-0.367646050072216
Isoniazid,katG,katG_p.Ala53Thr,3) Uncertain significance,p.A53T,0.0,Unknown,53,,262.0,315.0,37.1376159170187,315.0,-0.260688937984994
Isoniazid,katG,katG_p.Ala541Thr,3) Uncertain significance,p.A541T,0.25,Unknown,541,,213.0,328.0,39.34058141410724,328.0,-0.4905468944776824
Isoniazid,katG,katG_p.Ala541Val,3) Uncertain significance,p.A541V,1.0,Unknown,541,,213.0,328.0,39.34058141410724,328.0,-0.4905468944776824
Isoniazid,katG,katG_p.Ala550Pro,3) Uncertain significance,p.A550P,1.0,Unknown,550,,222.0,328.0,52.45647618740703,328.0,-0.5181891118864212
Isoniazid,katG,katG_p.Ala550Thr,3) Uncertain significance,p.A550T,1.0,Unknown,550,,222.0,328.0,52.45647618740703,328.0,-0.5181891118864212
Isoniazid,katG,katG_p.Ala551Gly,3) Uncertain significance,p.A551G,1.0,Unknown,551,,223.0,328.0,53.87601309488295,328.0,-0.5308465809199026
Isoniazid,katG,katG_p.Ala555Pro,3) Uncertain significance,p.A555P,1.0,Unknown,555,,227.0,328.0,58.1367645642583,328.0,-0.514068102434838
Isoniazid,katG,katG_p.Ala556Glu,3) Uncertain significance,p.A556E,1.0,Unknown,556,,228.0,328.0,58.94464239436863,328.0,-0.4961241059573656
Isoniazid,katG,katG_p.Ala558Arg,3) Uncertain significance,p.A558R,0.0,Unknown,558,,230.0,328.0,63.4301412421571,328.0,-0.4690576559312253
Isoniazid,katG,katG_p.Ala559Val,3) Uncertain significance,p.A559V,0.0,Unknown,559,,231.0,328.0,63.80783627423829,328.0,-0.452041387161914
Isoniazid,katG,katG_p.Ala574Val,3) Uncertain significance,p.A574V,0.0,Unknown,574,,246.0,328.0,32.62002392702985,328.0,-0.4066935517144917
Isoniazid,katG,katG_p.Ala591Thr,3) Uncertain significance,p.A591T,0.25,Unknown,591,,263.0,328.0,38.64450750106669,315.0,-0.4987144929844141
Isoniazid,katG,katG_p.Ala606Pro,3) Uncertain significance,p.A606P,0.0,Unknown,606,,278.0,328.0,40.06928397164093,315.0,-0.4468961304532262
Isoniazid,katG,katG_p.Ala606Thr,3) Uncertain significance,p.A606T,0.0,Unknown,606,,278.0,328.0,40.06928397164093,315.0,-0.4468961304532262
Isoniazid,katG,katG_p.Ala60Gly,3) Uncertain significance,p.A60G,0.0,Unknown,60,,255.0,315.0,41.05978349918568,315.0,-0.2699890226112574
Isoniazid,katG,katG_p.Ala60Thr,3) Uncertain significance,p.A60T,0.0,Unknown,60,,255.0,315.0,41.05978349918568,315.0,-0.2699890226112574
Isoniazid,katG,katG_p.Ala60Val,3) Uncertain significance,p.A60V,0.0,Unknown,60,,255.0,315.0,41.05978349918568,315.0,-0.2699890226112574
Isoniazid,katG,katG_p.Ala614Glu,3) Uncertain significance,p.A614E,1.0,Unknown,614,,286.0,328.0,36.98292506008685,315.0,-0.5014411304808191
Isoniazid,katG,katG_p.Ala614Thr,3) Uncertain significance,p.A614T,0.6666666666666666,Unknown,614,,286.0,328.0,36.98292506008685,315.0,-0.5014411304808191
Isoniazid,katG,katG_p.Ala61Pro,3) Uncertain significance,p.A61P,1.0,Unknown,61,,254.0,315.0,40.21012684635551,328.0,-0.2456094254515817
Isoniazid,katG,katG_p.Ala61Ser,3) Uncertain significance,p.A61S,0.0,Unknown,61,,254.0,315.0,40.21012684635551,328.0,-0.2456094254515817
Isoniazid,katG,katG_p.Ala621Asp,3) Uncertain significance,p.A621D,1.0,Unknown,621,,293.0,328.0,41.478010222285256,315.0,-0.4768125299675047
Isoniazid,katG,katG_p.Ala621Gly,3) Uncertain significance,p.A621G,0.0,Unknown,621,,293.0,328.0,41.478010222285256,315.0,-0.4768125299675047
Isoniazid,katG,katG_p.Ala621Thr,3) Uncertain significance,p.A621T,1.0,Unknown,621,,293.0,328.0,41.478010222285256,315.0,-0.4768125299675047
Isoniazid,katG,katG_p.Ala649Thr,3) Uncertain significance,p.A649T,0.6666666666666666,Unknown,649,,321.0,328.0,62.293122260808225,315.0,-0.4971406689563611
Isoniazid,katG,katG_p.Ala706Thr,3) Uncertain significance,p.A706T,1.0,Unknown,706,,378.0,328.0,49.03400646490147,315.0,-0.4131545754488734
Isoniazid,katG,katG_p.Ala713Pro,3) Uncertain significance,p.A713P,1.0,Unknown,713,,385.0,328.0,58.7217307902279,315.0,-0.43932540423898
Isoniazid,katG,katG_p.Ala716Gly,3) Uncertain significance,p.A716G,1.0,Unknown,716,,388.0,328.0,58.396126892115035,315.0,-0.4606287332208376
Isoniazid,katG,katG_p.Ala716Thr,3) Uncertain significance,p.A716T,0.0,Unknown,716,,388.0,328.0,58.396126892115035,315.0,-0.4606287332208376
Isoniazid,katG,katG_p.Ala726Thr,3) Uncertain significance,p.A726T,0.5555555555555556,Unknown,726,,398.0,328.0,46.86495860448401,328.0,-0.5232639995749099
Isoniazid,katG,katG_p.Ala727Thr,3) Uncertain significance,p.A727T,0.0,Unknown,727,,399.0,328.0,45.36001889329412,328.0,-0.5272804529928212
Isoniazid,katG,katG_p.Ala75Val,3) Uncertain significance,p.A75V,1.0,Unknown,75,,240.0,315.0,21.69895617305128,328.0,-0.0552512624964704
Isoniazid,katG,katG_p.Ala93Asp,3) Uncertain significance,p.A93D,1.0,Unknown,93,,222.0,315.0,14.978235877432297,315.0,0.5519715767099662
Isoniazid,katG,katG_p.Arg104Gln,3) Uncertain significance,p.R104Q,0.75,Unknown,104,,211.0,315.0,6.314333060585267,315.0,1.959501511387958
Isoniazid,katG,katG_p.Arg104Leu,3) Uncertain significance,p.R104L,1.0,Unknown,104,,211.0,315.0,6.314333060585267,315.0,1.959501511387958
Isoniazid,katG,katG_p.Arg104Pro,3) Uncertain significance,p.R104P,1.0,Unknown,104,,211.0,315.0,6.314333060585267,315.0,1.959501511387958
Isoniazid,katG,katG_p.Arg104Trp,3) Uncertain significance,p.R104W,1.0,Unknown,104,,211.0,315.0,6.314333060585267,315.0,1.959501511387958
Isoniazid,katG,katG_p.Arg128Gln,3) Uncertain significance,p.R128Q,1.0,Unknown,128,,187.0,315.0,18.426693924847186,315.0,0.3094529134923836
Isoniazid,katG,katG_p.Arg128Gly,3) Uncertain significance,p.R128G,1.0,Unknown,128,,187.0,315.0,18.426693924847186,315.0,0.3094529134923836
Isoniazid,katG,katG_p.Arg128Trp,3) Uncertain significance,p.R128W,1.0,Unknown,128,,187.0,315.0,18.426693924847186,315.0,0.3094529134923836
Isoniazid,katG,katG_p.Arg145Cys,3) Uncertain significance,p.R145C,0.75,Unknown,145,,170.0,315.0,13.987786243719915,315.0,0.5574008526429728
Isoniazid,katG,katG_p.Arg145His,3) Uncertain significance,p.R145H,1.0,Unknown,145,,170.0,315.0,13.987786243719915,315.0,0.5574008526429728
Isoniazid,katG,katG_p.Arg145Pro,3) Uncertain significance,p.R145P,1.0,Unknown,145,,170.0,315.0,13.987786243719915,315.0,0.5574008526429728
Isoniazid,katG,katG_p.Arg146Gln,3) Uncertain significance,p.R146Q,1.0,Unknown,146,,169.0,315.0,16.972456775611484,315.0,0.4269512146952431
Isoniazid,katG,katG_p.Arg146Gly,3) Uncertain significance,p.R146G,1.0,Unknown,146,,169.0,315.0,16.972456775611484,315.0,0.4269512146952431
Isoniazid,katG,katG_p.Arg146Leu,3) Uncertain significance,p.R146L,0.0,Unknown,146,,169.0,315.0,16.972456775611484,315.0,0.4269512146952431
Isoniazid,katG,katG_p.Arg187Trp,3) Uncertain significance,p.R187W,1.0,Unknown,187,,128.0,315.0,19.156223871107784,328.0,-0.1533536752254598
Isoniazid,katG,katG_p.Arg249Cys,3) Uncertain significance,p.R249C,0.5,Unknown,249,,66.0,315.0,19.20878330347865,315.0,0.0846126144597416
Isoniazid,katG,katG_p.Arg249Gly,3) Uncertain significance,p.R249G,1.0,Unknown,249,,66.0,315.0,19.20878330347865,315.0,0.0846126144597416
Isoniazid,katG,katG_p.Arg249His,3) Uncertain significance,p.R249H,0.5,Unknown,249,,66.0,315.0,19.20878330347865,315.0,0.0846126144597416
Isoniazid,katG,katG_p.Arg249Leu,3) Uncertain significance,p.R249L,1.0,Unknown,249,,66.0,315.0,19.20878330347865,315.0,0.0846126144597416
Isoniazid,katG,katG_p.Arg249Pro,3) Uncertain significance,p.R249P,1.0,Unknown,249,,66.0,315.0,19.20878330347865,315.0,0.0846126144597416
Isoniazid,katG,katG_p.Arg249Ser,3) Uncertain significance,p.R249S,0.3333333333333333,Unknown,249,,66.0,315.0,19.20878330347865,315.0,0.0846126144597416
Isoniazid,katG,katG_p.Arg253Pro,3) Uncertain significance,p.R253P,1.0,Unknown,253,,62.0,315.0,20.193885559743077,328.0,-0.0302012735526098
Isoniazid,katG,katG_p.Arg254His,3) Uncertain significance,p.R254H,1.0,Unknown,254,,61.0,315.0,21.9946482808887,315.0,-0.1444674393422507
Isoniazid,katG,katG_p.Arg254Ser,3) Uncertain significance,p.R254S,0.0,Unknown,254,,61.0,315.0,21.9946482808887,315.0,-0.1444674393422507
Isoniazid,katG,katG_p.Arg395Leu,3) Uncertain significance,p.R395L,1.0,Unknown,395,,67.0,328.0,13.480968103218702,328.0,0.0486058898682309
Isoniazid,katG,katG_p.Arg425Gly,3) Uncertain significance,p.R425G,1.0,Unknown,425,,97.0,328.0,26.45103638801322,328.0,-0.3197332532579683
Isoniazid,katG,katG_p.Arg463Leu,5) Not assoc w R,p.R463L,0.4833279639175257,Susceptible,463,,135.0,328.0,56.78748977547784,328.0,-0.4832183881492419
Isoniazid,katG,katG_p.Arg463Trp,3) Uncertain significance,p.R463W,1.0,Unknown,463,,135.0,328.0,56.78748977547784,328.0,-0.4832183881492419
Isoniazid,katG,katG_p.Arg484His,3) Uncertain significance,p.R484H,1.0,Unknown,484,,156.0,328.0,27.88402320326103,328.0,-0.4119203454334014
Isoniazid,katG,katG_p.Arg489Cys,3) Uncertain significance,p.R489C,0.6666666666666666,Unknown,489,,161.0,328.0,26.32369529530381,328.0,-0.3944379014092557
Isoniazid,katG,katG_p.Arg489Ser,3) Uncertain significance,p.R489S,0.0,Unknown,489,,161.0,328.0,26.32369529530381,328.0,-0.3944379014092557
Isoniazid,katG,katG_p.Arg496His,3) Uncertain significance,p.R496H,0.5,Unknown,496,,168.0,328.0,29.66263203089031,328.0,-0.4625666589537404
Isoniazid,katG,katG_p.Arg496Leu,3) Uncertain significance,p.R496L,0.0,Unknown,496,,168.0,328.0,29.66263203089031,328.0,-0.4625666589537404
Isoniazid,katG,katG_p.Arg498Cys,3) Uncertain significance,p.R498C,0.0,Unknown,498,,170.0,328.0,39.28979478185143,328.0,-0.4869429362658735
Isoniazid,katG,katG_p.Arg498His,3) Uncertain significance,p.R498H,1.0,Unknown,498,,170.0,328.0,39.28979478185143,328.0,-0.4869429362658735
Isoniazid,katG,katG_p.Arg498Leu,3) Uncertain significance,p.R498L,1.0,Unknown,498,,170.0,328.0,39.28979478185143,328.0,-0.4869429362658735
Isoniazid,katG,katG_p.Arg498Ser,3) Uncertain significance,p.R498S,0.0,Unknown,498,,170.0,328.0,39.28979478185143,328.0,-0.4869429362658735
Isoniazid,katG,katG_p.Arg515His,3) Uncertain significance,p.R515H,0.0,Unknown,515,,187.0,328.0,43.87203219592182,328.0,-0.4579637053946367
Isoniazid,katG,katG_p.Arg519His,3) Uncertain significance,p.R519H,0.0,Unknown,519,,191.0,328.0,48.532480402303776,328.0,-0.4477385165878514
Isoniazid,katG,katG_p.Arg571Gly,3) Uncertain significance,p.R571G,1.0,Unknown,571,,243.0,328.0,38.24080665990193,328.0,-0.5021867328141866
Isoniazid,katG,katG_p.Arg571His,3) Uncertain significance,p.R571H,0.75,Unknown,571,,243.0,328.0,38.24080665990193,328.0,-0.5021867328141866
Isoniazid,katG,katG_p.Arg571Leu,3) Uncertain significance,p.R571L,1.0,Unknown,571,,243.0,328.0,38.24080665990193,328.0,-0.5021867328141866
Isoniazid,katG,katG_p.Arg595Gln,3) Uncertain significance,p.R595Q,1.0,Unknown,595,,267.0,328.0,42.26544770850061,328.0,-0.5538228471715041
Isoniazid,katG,katG_p.Arg595Leu,3) Uncertain significance,p.R595L,0.0,Unknown,595,,267.0,328.0,42.26544770850061,328.0,-0.5538228471715041
Isoniazid,katG,katG_p.Arg632Cys,3) Uncertain significance,p.R632C,1.0,Unknown,632,,304.0,328.0,48.03658199747355,315.0,-0.5521187692618642
Isoniazid,katG,katG_p.Arg693His,3) Uncertain significance,p.R693H,1.0,Unknown,693,,365.0,328.0,42.94449529334348,315.0,-0.4510312927311513
Isoniazid,katG,katG_p.Arg705Leu,3) Uncertain significance,p.R705L,0.0,Unknown,705,,377.0,328.0,48.304470290025954,315.0,-0.4469778823864415
Isoniazid,katG,katG_p.Arg705Trp,3) Uncertain significance,p.R705W,1.0,Unknown,705,,377.0,328.0,48.304470290025954,315.0,-0.4469778823864415
Isoniazid,katG,katG_p.Arg736Lys,3) Uncertain significance,p.R736K,0.0,Unknown,736,,408.0,328.0,35.35237194305355,328.0,-0.4668246424567643
Isoniazid,katG,katG_p.Arg736Ser,3) Uncertain significance,p.R736S,0.0,Unknown,736,,408.0,328.0,35.35237194305355,328.0,-0.4668246424567643
Isoniazid,katG,katG_p.Arg78Pro,3) Uncertain significance,p.R78P,1.0,Unknown,78,,237.0,315.0,18.594144696651146,328.0,-0.0311227625682855
Isoniazid,katG,katG_p.Asn133Ser,3) Uncertain significance,p.N133S,1.0,Unknown,133,,182.0,315.0,12.99635768205847,315.0,0.6976009104313843
Isoniazid,katG,katG_p.Asn133Thr,3) Uncertain significance,p.N133T,1.0,Unknown,133,,182.0,315.0,12.99635768205847,315.0,0.6976009104313843
Isoniazid,katG,katG_p.Asn138Asp,3) Uncertain significance,p.N138D,0.75,Unknown,138,,177.0,315.0,8.346243586188944,315.0,1.3639712007422071
Isoniazid,katG,katG_p.Asn138His,3) Uncertain significance,p.N138H,1.0,Unknown,138,,177.0,315.0,8.346243586188944,315.0,1.3639712007422071
Isoniazid,katG,katG_p.Asn138Ser,3) Uncertain significance,p.N138S,1.0,Unknown,138,,177.0,315.0,8.346243586188944,315.0,1.3639712007422071
Isoniazid,katG,katG_p.Asn170Lys,3) Uncertain significance,p.N170K,1.0,Unknown,170,,145.0,315.0,10.575011962168178,328.0,0.0710333702556496
Isoniazid,katG,katG_p.Asn236Lys,3) Uncertain significance,p.N236K,0.0,Unknown,236,,79.0,315.0,12.620830836359382,315.0,0.7737102827666199
Isoniazid,katG,katG_p.Asn238Thr,3) Uncertain significance,p.N238T,1.0,Unknown,238,,77.0,315.0,12.862426015336295,315.0,0.7814239759227345
Isoniazid,katG,katG_p.Asn323Ser,3) Uncertain significance,p.N323S,0.0,Unknown,323,,5.0,328.0,9.187963267231757,328.0,0.3790860000683215
Isoniazid,katG,katG_p.Asn35His,3) Uncertain significance,p.N35H,0.0,Unknown,35,,280.0,315.0,37.15253700623956,315.0,-0.2315239708288929
Isoniazid,katG,katG_p.Asn35Thr,3) Uncertain significance,p.N35T,1.0,Unknown,35,,280.0,315.0,37.15253700623956,315.0,-0.2315239708288929
Isoniazid,katG,katG_p.Asn493Gly,3) Uncertain significance,p.N493G,1.0,Unknown,493,,165.0,328.0,34.329935202385684,328.0,-0.4905638238793702
Isoniazid,katG,katG_p.Asn493His,3) Uncertain significance,p.N493H,1.0,Unknown,493,,165.0,328.0,34.329935202385684,328.0,-0.4905638238793702
Isoniazid,katG,katG_p.Asn493Lys,3) Uncertain significance,p.N493K,0.6666666666666666,Unknown,493,,165.0,328.0,34.329935202385684,328.0,-0.4905638238793702
Isoniazid,katG,katG_p.Asn493Ser,3) Uncertain significance,p.N493S,1.0,Unknown,493,,165.0,328.0,34.329935202385684,328.0,-0.4905638238793702
Isoniazid,katG,katG_p.Asn508Asp,3) Uncertain significance,p.N508D,1.0,Unknown,508,,180.0,328.0,40.48293707230245,328.0,-0.514150296341713
Isoniazid,katG,katG_p.Asn51Thr,3) Uncertain significance,p.N51T,0.0,Unknown,51,,264.0,315.0,30.87119981471404,315.0,-0.1755795131145243
Isoniazid,katG,katG_p.Asn529His,3) Uncertain significance,p.N529H,1.0,Unknown,529,,201.0,328.0,46.34372532501028,328.0,-0.3986923503228681
Isoniazid,katG,katG_p.Asn529Thr,3) Uncertain significance,p.N529T,0.6666666666666666,Unknown,529,,201.0,328.0,46.34372532501028,328.0,-0.3986923503228681
Isoniazid,katG,katG_p.Asn535Thr,3) Uncertain significance,p.N535T,0.0,Unknown,535,,207.0,328.0,45.10318432217397,328.0,-0.362784774673037
Isoniazid,katG,katG_p.Asn562His,3) Uncertain significance,p.N562H,0.1818181818181818,Unknown,562,,234.0,328.0,61.02981890027201,328.0,-0.4564519134672601
Isoniazid,katG,katG_p.Asn596Lys,3) Uncertain significance,p.N596K,1.0,Unknown,596,,268.0,328.0,46.55225240522739,315.0,-0.5342104618481637
Isoniazid,katG,katG_p.Asn596Ser,3) Uncertain significance,p.N596S,1.0,Unknown,596,,268.0,328.0,46.55225240522739,315.0,-0.5342104618481637
Isoniazid,katG,katG_p.Asn596Thr,3) Uncertain significance,p.N596T,0.6666666666666666,Unknown,596,,268.0,328.0,46.55225240522739,315.0,-0.5342104618481637
Isoniazid,katG,katG_p.Asn637Lys,3) Uncertain significance,p.N637K,1.0,Unknown,637,,309.0,328.0,50.778826158153755,315.0,-0.5539696379626521
Isoniazid,katG,katG_p.Asn637Tyr,3) Uncertain significance,p.N637Y,0.0,Unknown,637,,309.0,328.0,50.778826158153755,315.0,-0.5539696379626521
Isoniazid,katG,katG_p.Asn655Asp,3) Uncertain significance,p.N655D,1.0,Unknown,655,,327.0,328.0,57.75726743016847,315.0,-0.5076031848618945
Isoniazid,katG,katG_p.Asn660Ala,3) Uncertain significance,p.N660A,0.0,Unknown,660,,332.0,328.0,58.23933409646783,315.0,-0.4805358517374752
Isoniazid,katG,katG_p.Asn660Asp,3) Uncertain significance,p.N660D,0.75,Unknown,660,,332.0,328.0,58.23933409646783,315.0,-0.4805358517374752
Isoniazid,katG,katG_p.Asn660His,3) Uncertain significance,p.N660H,1.0,Unknown,660,,332.0,328.0,58.23933409646783,315.0,-0.4805358517374752
Isoniazid,katG,katG_p.Asp142Ala,3) Uncertain significance,p.D142A,1.0,Unknown,142,,173.0,315.0,10.6228552658878,315.0,1.0826018033269986
Isoniazid,katG,katG_p.Asp142Asn,3) Uncertain significance,p.D142N,1.0,Unknown,142,,173.0,315.0,10.6228552658878,315.0,1.0826018033269986
Isoniazid,katG,katG_p.Asp142Cys,3) Uncertain significance,p.D142C,1.0,Unknown,142,,173.0,315.0,10.6228552658878,315.0,1.0826018033269986
Isoniazid,katG,katG_p.Asp142Gly,3) Uncertain significance,p.D142G,0.8333333333333334,Unknown,142,,173.0,315.0,10.6228552658878,315.0,1.0826018033269986
Isoniazid,katG,katG_p.Asp163Asn,3) Uncertain significance,p.D163N,1.0,Unknown,163,,152.0,315.0,20.060640094473552,328.0,-0.0994131765642686
Isoniazid,katG,katG_p.Asp163Glu,3) Uncertain significance,p.D163E,1.0,Unknown,163,,152.0,315.0,20.060640094473552,328.0,-0.0994131765642686
Isoniazid,katG,katG_p.Asp189Ala,3) Uncertain significance,p.D189A,1.0,Unknown,189,,126.0,315.0,25.58858262975893,315.0,-0.0737643492011964
Isoniazid,katG,katG_p.Asp189Asn,3) Uncertain significance,p.D189N,1.0,Unknown,189,,126.0,315.0,25.58858262975893,315.0,-0.0737643492011964
Isoniazid,katG,katG_p.Asp189Gly,3) Uncertain significance,p.D189G,0.8,Unknown,189,,126.0,315.0,25.58858262975893,315.0,-0.0737643492011964
Isoniazid,katG,katG_p.Asp189Tyr,3) Uncertain significance,p.D189Y,1.0,Unknown,189,,126.0,315.0,25.58858262975893,315.0,-0.0737643492011964
Isoniazid,katG,katG_p.Asp194Asn,3) Uncertain significance,p.D194N,0.3333333333333333,Unknown,194,,121.0,315.0,23.901933164495297,315.0,-0.1176482873929481
Isoniazid,katG,katG_p.Asp207Asn,3) Uncertain significance,p.D207N,1.0,Unknown,207,,108.0,315.0,16.497300930758342,315.0,0.3504172849105335
Isoniazid,katG,katG_p.Asp215Glu,3) Uncertain significance,p.D215E,0.0,Unknown,215,,100.0,315.0,24.49324792672462,315.0,-0.0327484198109394
Isoniazid,katG,katG_p.Asp240Ala,3) Uncertain significance,p.D240A,1.0,Unknown,240,,75.0,315.0,15.71875459443273,315.0,0.4695042477370214
Isoniazid,katG,katG_p.Asp240Asn,3) Uncertain significance,p.D240N,0.0,Unknown,240,,75.0,315.0,15.71875459443273,315.0,0.4695042477370214
Isoniazid,katG,katG_p.Asp247His,3) Uncertain significance,p.D247H,1.0,Unknown,247,,68.0,315.0,16.152342833162002,315.0,0.2590057193523257
Isoniazid,katG,katG_p.Asp259Ala,3) Uncertain significance,p.D259A,0.0,Unknown,259,,56.0,315.0,13.73736288375611,328.0,-0.0156534611027999
Isoniazid,katG,katG_p.Asp259Glu,3) Uncertain significance,p.D259E,1.0,Unknown,259,,56.0,315.0,13.73736288375611,328.0,-0.0156534611027999
Isoniazid,katG,katG_p.Asp282Gly,3) Uncertain significance,p.D282G,0.0,Unknown,282,,33.0,315.0,9.68096715209798,315.0,1.4952608088321662
Isoniazid,katG,katG_p.Asp311Gly,3) Uncertain significance,p.D311G,1.0,Unknown,311,,4.0,315.0,9.362309437312996,315.0,1.2819512062534706
Isoniazid,katG,katG_p.Asp329Ala,3) Uncertain significance,p.D329A,1.0,Unknown,329,,1.0,328.0,1.333832823107905,328.0,0.156929707735468
Isoniazid,katG,katG_p.Asp357His,3) Uncertain significance,p.D357H,1.0,Unknown,357,,29.0,328.0,23.26230953710315,315.0,0.2584643102507074
Isoniazid,katG,katG_p.Asp37Asn,3) Uncertain significance,p.D37N,1.0,Unknown,37,,278.0,315.0,33.21327523747093,315.0,-0.1542325673641149
Isoniazid,katG,katG_p.Asp37Glu,3) Uncertain significance,p.D37E,0.0,Unknown,37,,278.0,315.0,33.21327523747093,315.0,-0.1542325673641149
Isoniazid,katG,katG_p.Asp37Gly,3) Uncertain significance,p.D37G,1.0,Unknown,37,,278.0,315.0,33.21327523747093,315.0,-0.1542325673641149
Isoniazid,katG,katG_p.Asp381Ala,3) Uncertain significance,p.D381A,1.0,Unknown,381,,53.0,328.0,10.58411701560409,315.0,0.939586026680133
Isoniazid,katG,katG_p.Asp381Asn,3) Uncertain significance,p.D381N,1.0,Unknown,381,,53.0,328.0,10.58411701560409,315.0,0.939586026680133
Isoniazid,katG,katG_p.Asp381Gly,3) Uncertain significance,p.D381G,1.0,Unknown,381,,53.0,328.0,10.58411701560409,315.0,0.939586026680133
Isoniazid,katG,katG_p.Asp381His,3) Uncertain significance,p.D381H,1.0,Unknown,381,,53.0,328.0,10.58411701560409,315.0,0.939586026680133
Isoniazid,katG,katG_p.Asp387Gly,3) Uncertain significance,p.D387G,1.0,Unknown,387,,59.0,328.0,19.165241949946786,328.0,0.0696866526953698
Isoniazid,katG,katG_p.Asp387His,3) Uncertain significance,p.D387H,1.0,Unknown,387,,59.0,328.0,19.165241949946786,328.0,0.0696866526953698
Isoniazid,katG,katG_p.Asp406Ala,3) Uncertain significance,p.D406A,0.0,Unknown,406,,78.0,328.0,6.053175860653646,328.0,-0.1101030884407437
Isoniazid,katG,katG_p.Asp406Gly,3) Uncertain significance,p.D406G,0.0,Unknown,406,,78.0,328.0,6.053175860653646,328.0,-0.1101030884407437
Isoniazid,katG,katG_p.Asp419Ala,3) Uncertain significance,p.D419A,1.0,Unknown,419,,91.0,328.0,21.674585047931135,328.0,-0.1901199688653345
Isoniazid,katG,katG_p.Asp419Gly,3) Uncertain significance,p.D419G,1.0,Unknown,419,,91.0,328.0,21.674585047931135,328.0,-0.1901199688653345
Isoniazid,katG,katG_p.Asp419His,3) Uncertain significance,p.D419H,1.0,Unknown,419,,91.0,328.0,21.674585047931135,328.0,-0.1901199688653345
Isoniazid,katG,katG_p.Asp419Tyr,3) Uncertain significance,p.D419Y,1.0,Unknown,419,,91.0,328.0,21.674585047931135,328.0,-0.1901199688653345
Isoniazid,katG,katG_p.Asp440Glu,3) Uncertain significance,p.D440E,1.0,Unknown,440,,112.0,328.0,25.104683248350295,328.0,-0.3591887056696578
Isoniazid,katG,katG_p.Asp440Tyr,3) Uncertain significance,p.D440Y,1.0,Unknown,440,,112.0,328.0,25.104683248350295,328.0,-0.3591887056696578
Isoniazid,katG,katG_p.Asp448Ala,3) Uncertain significance,p.D448A,1.0,Unknown,448,,120.0,328.0,43.91883553784185,328.0,-0.4054338006055522
Isoniazid,katG,katG_p.Asp487Asn,3) Uncertain significance,p.D487N,1.0,Unknown,487,,159.0,328.0,26.066445653368238,328.0,-0.3192049864686465
Isoniazid,katG,katG_p.Asp509Asn,3) Uncertain significance,p.D509N,0.0,Unknown,509,,181.0,328.0,45.339654343631686,328.0,-0.4683598372358689
Isoniazid,katG,katG_p.Asp511Asn,3) Uncertain significance,p.D511N,0.0,Unknown,511,,183.0,328.0,48.27307103344472,328.0,-0.4355533219201621
Isoniazid,katG,katG_p.Asp511Tyr,3) Uncertain significance,p.D511Y,0.0,Unknown,511,,183.0,328.0,48.27307103344472,328.0,-0.4355533219201621
Isoniazid,katG,katG_p.Asp513Asn,3) Uncertain significance,p.D513N,0.0,Unknown,513,,185.0,328.0,50.04021588682447,328.0,-0.4838738444892482
Isoniazid,katG,katG_p.Asp542Glu,3) Uncertain significance,p.D542E,1.0,Unknown,542,,214.0,328.0,41.954486863743185,328.0,-0.4955443935374076
Isoniazid,katG,katG_p.Asp56Asn,3) Uncertain significance,p.D56N,1.0,Unknown,56,,259.0,315.0,34.327210460507864,315.0,-0.1599707199043961
Isoniazid,katG,katG_p.Asp573Asn,3) Uncertain significance,p.D573N,1.0,Unknown,573,,245.0,328.0,35.19959117660317,328.0,-0.4370683919011704
Isoniazid,katG,katG_p.Asp580Glu,3) Uncertain significance,p.D580E,0.0,Unknown,580,,252.0,328.0,24.084352617415316,328.0,-0.3413237972000325
Isoniazid,katG,katG_p.Asp656Ala,3) Uncertain significance,p.D656A,0.125,Unknown,656,,328.0,328.0,58.43438847972998,315.0,-0.5056845489354415
Isoniazid,katG,katG_p.Asp656Gly,3) Uncertain significance,p.D656G,0.0,Unknown,656,,328.0,328.0,58.43438847972998,315.0,-0.5056845489354415
Isoniazid,katG,katG_p.Asp663Gly,3) Uncertain significance,p.D663G,0.0,Unknown,663,,335.0,328.0,59.301876294093766,315.0,-0.4349550561538146
Isoniazid,katG,katG_p.Asp663Tyr,3) Uncertain significance,p.D663Y,1.0,Unknown,663,,335.0,328.0,59.301876294093766,315.0,-0.4349550561538146
Isoniazid,katG,katG_p.Asp675His,3) Uncertain significance,p.D675H,0.0,Unknown,675,,347.0,328.0,48.73074523337397,315.0,-0.3891421976296989
Isoniazid,katG,katG_p.Asp675Tyr,3) Uncertain significance,p.D675Y,0.6,Unknown,675,,347.0,328.0,48.73074523337397,315.0,-0.3891421976296989
Isoniazid,katG,katG_p.Asp682Asn,3) Uncertain significance,p.D682N,0.3333333333333333,Unknown,682,,354.0,328.0,64.73363884411258,315.0,-0.3694423533210446
Isoniazid,katG,katG_p.Asp723Ala,3) Uncertain significance,p.D723A,1.0,Unknown,723,,395.0,328.0,50.1346531453046,315.0,-0.5253785444559275
Isoniazid,katG,katG_p.Asp723Asn,3) Uncertain significance,p.D723N,1.0,Unknown,723,,395.0,328.0,50.1346531453046,315.0,-0.5253785444559275
Isoniazid,katG,katG_p.Asp729Asn,3) Uncertain significance,p.D729N,0.0,Unknown,729,,401.0,328.0,43.69312844143801,328.0,-0.5320468861564357
Isoniazid,katG,katG_p.Asp729Glu,3) Uncertain significance,p.D729E,0.0,Unknown,729,,401.0,328.0,43.69312844143801,328.0,-0.5320468861564357
Isoniazid,katG,katG_p.Asp729Gly,3) Uncertain significance,p.D729G,1.0,Unknown,729,,401.0,328.0,43.69312844143801,328.0,-0.5320468861564357
Isoniazid,katG,katG_p.Asp735Ala,3) Uncertain significance,p.D735A,0.75,Unknown,735,,407.0,328.0,33.53440461675143,328.0,-0.4851122705136561
Isoniazid,katG,katG_p.Asp735Asn,3) Uncertain significance,p.D735N,0.0,Unknown,735,,407.0,328.0,33.53440461675143,328.0,-0.4851122705136561
Isoniazid,katG,katG_p.Asp735Glu,3) Uncertain significance,p.D735E,1.0,Unknown,735,,407.0,328.0,33.53440461675143,328.0,-0.4851122705136561
Isoniazid,katG,katG_p.Asp735Tyr,3) Uncertain significance,p.D735Y,1.0,Unknown,735,,407.0,328.0,33.53440461675143,328.0,-0.4851122705136561
Isoniazid,katG,katG_p.Asp74Gly,3) Uncertain significance,p.D74G,0.0,Unknown,74,,241.0,315.0,20.00339566173703,328.0,-0.1061008693650885
Isoniazid,katG,katG_p.Asp79Ala,3) Uncertain significance,p.D79A,0.0,Unknown,79,,236.0,315.0,19.55421668080826,328.0,0.04429950374975
Isoniazid,katG,katG_p.Asp94Ala,3) Uncertain significance,p.D94A,1.0,Unknown,94,,221.0,315.0,10.488729665693553,315.0,0.9920479511799386
Isoniazid,katG,katG_p.Asp94Gly,3) Uncertain significance,p.D94G,1.0,Unknown,94,,221.0,315.0,10.488729665693553,315.0,0.9920479511799386
Isoniazid,katG,katG_p.Asp94Tyr,3) Uncertain significance,p.D94Y,1.0,Unknown,94,,221.0,315.0,10.488729665693553,315.0,0.9920479511799386
Isoniazid,katG,katG_p.Cys171Gly,3) Uncertain significance,p.C171G,1.0,Unknown,171,,144.0,315.0,10.473922187986698,328.0,0.0231951188312938
Isoniazid,katG,katG_p.Cys549Ser,3) Uncertain significance,p.C549S,0.0,Unknown,549,,221.0,328.0,48.411472638208394,328.0,-0.5428613813141046
Isoniazid,katG,katG_p.Gln127Arg,3) Uncertain significance,p.Q127R,1.0,Unknown,127,,188.0,315.0,14.210860248415644,315.0,0.5258320258844488
Isoniazid,katG,katG_p.Gln127Pro,3) Uncertain significance,p.Q127P,0.8518518518518519,Unknown,127,,188.0,315.0,14.210860248415644,315.0,0.5258320258844488
Isoniazid,katG,katG_p.Gln295Ala,3) Uncertain significance,p.Q295A,0.0,Unknown,295,,20.0,315.0,15.951397336910652,315.0,0.5650144215670277
Isoniazid,katG,katG_p.Gln295Lys,3) Uncertain significance,p.Q295K,1.0,Unknown,295,,20.0,315.0,15.951397336910652,315.0,0.5650144215670277
Isoniazid,katG,katG_p.Gln295Pro,3) Uncertain significance,p.Q295P,1.0,Unknown,295,,20.0,315.0,15.951397336910652,315.0,0.5650144215670277
Isoniazid,katG,katG_p.Gln352His,3) Uncertain significance,p.Q352H,1.0,Unknown,352,,24.0,328.0,7.533284940847523,315.0,1.6080869615341775
Isoniazid,katG,katG_p.Gln352Pro,3) Uncertain significance,p.Q352P,1.0,Unknown,352,,24.0,328.0,7.533284940847523,315.0,1.6080869615341775
Isoniazid,katG,katG_p.Gln352Tyr,3) Uncertain significance,p.Q352Y,0.0,Unknown,352,,24.0,328.0,7.533284940847523,315.0,1.6080869615341775
Isoniazid,katG,katG_p.Gln36Glu,3) Uncertain significance,p.Q36E,0.0,Unknown,36,,279.0,315.0,31.871235338467823,315.0,-0.2027171910002589
Isoniazid,katG,katG_p.Gln36Pro,3) Uncertain significance,p.Q36P,0.0,Unknown,36,,279.0,315.0,31.871235338467823,315.0,-0.2027171910002589
Isoniazid,katG,katG_p.Gln434His,3) Uncertain significance,p.Q434H,0.0,Unknown,434,,106.0,328.0,17.61981841563642,328.0,-0.2684188162563922
Isoniazid,katG,katG_p.Gln439Arg,3) Uncertain significance,p.Q439R,1.0,Unknown,439,,111.0,328.0,20.60170575462139,328.0,-0.3522913683489063
Isoniazid,katG,katG_p.Gln439His,3) Uncertain significance,p.Q439H,1.0,Unknown,439,,111.0,328.0,20.60170575462139,328.0,-0.3522913683489063
Isoniazid,katG,katG_p.Gln439Lys,3) Uncertain significance,p.Q439K,1.0,Unknown,439,,111.0,328.0,20.60170575462139,328.0,-0.3522913683489063
Isoniazid,katG,katG_p.Gln439Pro,3) Uncertain significance,p.Q439P,0.75,Unknown,439,,111.0,328.0,20.60170575462139,328.0,-0.3522913683489063
Isoniazid,katG,katG_p.Gln439Tyr,3) Uncertain significance,p.Q439Y,0.0,Unknown,439,,111.0,328.0,20.60170575462139,328.0,-0.3522913683489063
Isoniazid,katG,katG_p.Gln461Arg,3) Uncertain significance,p.Q461R,0.0,Unknown,461,,133.0,328.0,55.43506513029456,328.0,-0.4397634568272472
Isoniazid,katG,katG_p.Gln461Glu,3) Uncertain significance,p.Q461E,1.0,Unknown,461,,133.0,328.0,55.43506513029456,328.0,-0.4397634568272472
Isoniazid,katG,katG_p.Gln461Pro,3) Uncertain significance,p.Q461P,0.6666666666666666,Unknown,461,,133.0,328.0,55.43506513029456,328.0,-0.4397634568272472
Isoniazid,katG,katG_p.Gln471Arg,3) Uncertain significance,p.Q471R,1.0,Unknown,471,,143.0,328.0,50.156300790628485,328.0,-0.5251222247246956
Isoniazid,katG,katG_p.Gln4Tyr,3) Uncertain significance,p.Q4Y,0.0,Unknown,4,,311.0,315.0,,,
Isoniazid,katG,katG_p.Gln50Pro,3) Uncertain significance,p.Q50P,0.0,Unknown,50,,265.0,315.0,28.87358612988695,315.0,-0.2761732533862577
Isoniazid,katG,katG_p.Gln525Ala,3) Uncertain significance,p.Q525A,0.0,Unknown,525,,197.0,328.0,43.94022613733343,328.0,-0.4561638680601762
Isoniazid,katG,katG_p.Gln525Pro,3) Uncertain significance,p.Q525P,0.8571428571428571,Unknown,525,,197.0,328.0,43.94022613733343,328.0,-0.4561638680601762
Isoniazid,katG,katG_p.Gln525Ser,3) Uncertain significance,p.Q525S,0.0,Unknown,525,,197.0,328.0,43.94022613733343,328.0,-0.4561638680601762
Isoniazid,katG,katG_p.Gln525Thr,3) Uncertain significance,p.Q525T,1.0,Unknown,525,,197.0,328.0,43.94022613733343,328.0,-0.4561638680601762
Isoniazid,katG,katG_p.Gln576Tyr,3) Uncertain significance,p.Q576Y,0.5,Unknown,576,,248.0,328.0,30.665459086731442,328.0,-0.396835606216233
Isoniazid,katG,katG_p.Gln578Arg,3) Uncertain significance,p.Q578R,1.0,Unknown,578,,250.0,328.0,27.921024049987846,328.0,-0.3916996674358002
Isoniazid,katG,katG_p.Gln578Pro,3) Uncertain significance,p.Q578P,1.0,Unknown,578,,250.0,328.0,27.921024049987846,328.0,-0.3916996674358002
Isoniazid,katG,katG_p.Gln679Glu,3) Uncertain significance,p.Q679E,1.0,Unknown,679,,351.0,328.0,56.00970277550132,315.0,-0.397529176519999
Isoniazid,katG,katG_p.Gln679Pro,3) Uncertain significance,p.Q679P,0.5,Unknown,679,,351.0,328.0,56.00970277550132,315.0,-0.397529176519999
Isoniazid,katG,katG_p.Gln679Tyr,3) Uncertain significance,p.Q679Y,0.0,Unknown,679,,351.0,328.0,56.00970277550132,315.0,-0.397529176519999
Isoniazid,katG,katG_p.Gln88Glu,3) Uncertain significance,p.Q88E,0.0,Unknown,88,,227.0,315.0,17.5850072789294,315.0,0.4320522085829945
Isoniazid,katG,katG_p.Gln88Pro,3) Uncertain significance,p.Q88P,1.0,Unknown,88,,227.0,315.0,17.5850072789294,315.0,0.4320522085829945
Isoniazid,katG,katG_p.Glu195Lys,3) Uncertain significance,p.E195K,0.0,Unknown,195,,120.0,315.0,25.72070086525638,315.0,-0.175623783822785
Isoniazid,katG,katG_p.Glu208Ala,3) Uncertain significance,p.E208A,1.0,Unknown,208,,107.0,315.0,19.45367055339429,315.0,0.189362100465533
Isoniazid,katG,katG_p.Glu233Gln,3) Uncertain significance,p.E233Q,1.0,Unknown,233,,82.0,315.0,6.329920536626034,315.0,2.1728059385225302
Isoniazid,katG,katG_p.Glu233Gly,3) Uncertain significance,p.E233G,0.75,Unknown,233,,82.0,315.0,6.329920536626034,315.0,2.1728059385225302
Isoniazid,katG,katG_p.Glu233Lys,3) Uncertain significance,p.E233K,1.0,Unknown,233,,82.0,315.0,6.329920536626034,315.0,2.1728059385225302
Isoniazid,katG,katG_p.Glu287Gly,3) Uncertain significance,p.E287G,1.0,Unknown,287,,28.0,315.0,12.27990496705899,315.0,0.8479214565345128
Isoniazid,katG,katG_p.Glu289Ala,3) Uncertain significance,p.E289A,1.0,Unknown,289,,26.0,315.0,16.62412084893515,315.0,0.4526815899605813
Isoniazid,katG,katG_p.Glu289Gly,3) Uncertain significance,p.E289G,1.0,Unknown,289,,26.0,315.0,16.62412084893515,315.0,0.4526815899605813
Isoniazid,katG,katG_p.Glu294Gly,3) Uncertain significance,p.E294G,1.0,Unknown,294,,21.0,315.0,21.491444739709806,315.0,0.3648072264553644
Isoniazid,katG,katG_p.Glu318Ala,3) Uncertain significance,p.E318A,1.0,Unknown,318,,3.0,315.0,5.628598493408464,315.0,2.3495632359949514
Isoniazid,katG,katG_p.Glu31Ala,3) Uncertain significance,p.E31A,0.0,Unknown,31,,284.0,315.0,30.387200413990094,315.0,-0.0185615105307762
Isoniazid,katG,katG_p.Glu342Ala,3) Uncertain significance,p.E342A,0.5,Unknown,342,,14.0,328.0,16.209990900676036,315.0,0.5262832739280509
Isoniazid,katG,katG_p.Glu391Asp,3) Uncertain significance,p.E391D,1.0,Unknown,391,,63.0,328.0,15.432365372813075,328.0,0.0574542044715601
Isoniazid,katG,katG_p.Glu399Asp,3) Uncertain significance,p.E399D,0.5,Unknown,399,,71.0,328.0,11.901936733153983,328.0,0.0142244114682827
Isoniazid,katG,katG_p.Glu3Gly,3) Uncertain significance,p.E3G,1.0,Unknown,3,,312.0,315.0,,,
Isoniazid,katG,katG_p.Glu3Val,3) Uncertain significance,p.E3V,1.0,Unknown,3,,312.0,315.0,,,
Isoniazid,katG,katG_p.Glu402Ala,3) Uncertain significance,p.E402A,0.0,Unknown,402,,74.0,328.0,6.958649366076719,328.0,-0.057638141966351
Isoniazid,katG,katG_p.Glu402Lys,3) Uncertain significance,p.E402K,0.25,Unknown,402,,74.0,328.0,6.958649366076719,328.0,-0.057638141966351
Isoniazid,katG,katG_p.Glu407Lys,3) Uncertain significance,p.E407K,0.0,Unknown,407,,79.0,328.0,7.687748825241367,328.0,-0.060042991541702
Isoniazid,katG,katG_p.Glu454Ala,3) Uncertain significance,p.E454A,1.0,Unknown,454,,126.0,328.0,52.11661759937995,328.0,-0.4467576966647551
Isoniazid,katG,katG_p.Glu506Asp,3) Uncertain significance,p.E506D,0.6666666666666666,Unknown,506,,178.0,328.0,41.931392834009216,328.0,-0.436617640078613
Isoniazid,katG,katG_p.Glu522Gln,3) Uncertain significance,p.E522Q,1.0,Unknown,522,,194.0,328.0,44.24409977612835,328.0,-0.4277388614781067
Isoniazid,katG,katG_p.Glu522Lys,3) Uncertain significance,p.E522K,0.0,Unknown,522,,194.0,328.0,44.24409977612835,328.0,-0.4277388614781067
Isoniazid,katG,katG_p.Glu523Asp,3) Uncertain significance,p.E523D,0.0,Unknown,523,,195.0,328.0,50.058980542955524,328.0,-0.4065621689350369
Isoniazid,katG,katG_p.Glu526Asp,3) Uncertain significance,p.E526D,0.0,Unknown,526,,198.0,328.0,49.357582608956854,328.0,-0.3371987210418118
Isoniazid,katG,katG_p.Glu526Lys,3) Uncertain significance,p.E526K,1.0,Unknown,526,,198.0,328.0,49.357582608956854,328.0,-0.3371987210418118
Isoniazid,katG,katG_p.Glu553Lys,3) Uncertain significance,p.E553K,1.0,Unknown,553,,225.0,328.0,54.43324642164933,328.0,-0.5150752749241995
Isoniazid,katG,katG_p.Glu588Gly,3) Uncertain significance,p.E588G,1.0,Unknown,588,,260.0,328.0,34.44765219866225,328.0,-0.4321777074143896
Isoniazid,katG,katG_p.Glu607Asp,3) Uncertain significance,p.E607D,1.0,Unknown,607,,279.0,328.0,39.306447130210074,315.0,-0.4507974646606889
Isoniazid,katG,katG_p.Glu607Gly,3) Uncertain significance,p.E607G,1.0,Unknown,607,,279.0,328.0,39.306447130210074,315.0,-0.4507974646606889
Isoniazid,katG,katG_p.Glu607Lys,3) Uncertain significance,p.E607K,1.0,Unknown,607,,279.0,328.0,39.306447130210074,315.0,-0.4507974646606889
Isoniazid,katG,katG_p.Glu623Ala,3) Uncertain significance,p.E623A,0.0,Unknown,623,,295.0,328.0,42.364961536628364,315.0,-0.5134322878950209
Isoniazid,katG,katG_p.Glu623Gly,3) Uncertain significance,p.E623G,1.0,Unknown,623,,295.0,328.0,42.364961536628364,315.0,-0.5134322878950209
Isoniazid,katG,katG_p.Glu651Asp,3) Uncertain significance,p.E651D,0.0,Unknown,651,,323.0,328.0,58.358012997359666,328.0,-0.5290994814492697
Isoniazid,katG,katG_p.Glu709Ala,3) Uncertain significance,p.E709A,1.0,Unknown,709,,381.0,328.0,53.30226612443414,315.0,-0.4435516815622492
Isoniazid,katG,katG_p.Glu709Asp,3) Uncertain significance,p.E709D,1.0,Unknown,709,,381.0,328.0,53.30226612443414,315.0,-0.4435516815622492
Isoniazid,katG,katG_p.Glu709Gly,3) Uncertain significance,p.E709G,1.0,Unknown,709,,381.0,328.0,53.30226612443414,315.0,-0.4435516815622492
Isoniazid,katG,katG_p.Glu81Ala,3) Uncertain significance,p.E81A,1.0,Unknown,81,,234.0,315.0,13.173281330025564,328.0,0.0431192708285416
Isoniazid,katG,katG_p.Glu82Asp,3) Uncertain significance,p.E82D,0.0,Unknown,82,,233.0,315.0,17.285683498201635,328.0,0.1103989131802798
Isoniazid,katG,katG_p.Glu82Gly,3) Uncertain significance,p.E82G,0.0,Unknown,82,,233.0,315.0,17.285683498201635,328.0,0.1103989131802798
Isoniazid,katG,katG_p.Gly111Asp,3) Uncertain significance,p.G111D,1.0,Unknown,111,,204.0,315.0,15.838280399083741,315.0,0.3514286222072741
Isoniazid,katG,katG_p.Gly111Cys,3) Uncertain significance,p.G111C,1.0,Unknown,111,,204.0,315.0,15.838280399083741,315.0,0.3514286222072741
Isoniazid,katG,katG_p.Gly118Ser,3) Uncertain significance,p.G118S,1.0,Unknown,118,,197.0,315.0,25.846503864159274,315.0,-0.2428585984980554
Isoniazid,katG,katG_p.Gly120Asp,3) Uncertain significance,p.G120D,1.0,Unknown,120,,195.0,315.0,21.369911300705017,315.0,0.0135832747554768
Isoniazid,katG,katG_p.Gly120Ser,3) Uncertain significance,p.G120S,1.0,Unknown,120,,195.0,315.0,21.369911300705017,315.0,0.0135832747554768
Isoniazid,katG,katG_p.Gly121Ala,3) Uncertain significance,p.G121A,0.5,Unknown,121,,194.0,315.0,20.614191301140103,315.0,0.0673323935367436
Isoniazid,katG,katG_p.Gly121Asp,3) Uncertain significance,p.G121D,0.5,Unknown,121,,194.0,315.0,20.614191301140103,315.0,0.0673323935367436
Isoniazid,katG,katG_p.Gly121Ser,3) Uncertain significance,p.G121S,0.7,Unknown,121,,194.0,315.0,20.614191301140103,315.0,0.0673323935367436
Isoniazid,katG,katG_p.Gly121Val,3) Uncertain significance,p.G121V,1.0,Unknown,121,,194.0,315.0,20.614191301140103,315.0,0.0673323935367436
Isoniazid,katG,katG_p.Gly124Ala,3) Uncertain significance,p.G124A,1.0,Unknown,124,,191.0,315.0,24.08001783637213,315.0,-0.0047911425442105
Isoniazid,katG,katG_p.Gly124Asp,3) Uncertain significance,p.G124D,0.0,Unknown,124,,191.0,315.0,24.08001783637213,315.0,-0.0047911425442105
Isoniazid,katG,katG_p.Gly125Ala,3) Uncertain significance,p.G125A,1.0,Unknown,125,,190.0,315.0,21.192468237560256,315.0,0.1335777924743335
Isoniazid,katG,katG_p.Gly125Asp,3) Uncertain significance,p.G125D,1.0,Unknown,125,,190.0,315.0,21.192468237560256,315.0,0.1335777924743335
Isoniazid,katG,katG_p.Gly125Cys,3) Uncertain significance,p.G125C,1.0,Unknown,125,,190.0,315.0,21.192468237560256,315.0,0.1335777924743335
Isoniazid,katG,katG_p.Gly125Ser,3) Uncertain significance,p.G125S,0.6666666666666666,Unknown,125,,190.0,315.0,21.192468237560256,315.0,0.1335777924743335
Isoniazid,katG,katG_p.Gly156Asp,3) Uncertain significance,p.G156D,0.6666666666666666,Unknown,156,,159.0,315.0,29.935872093526857,328.0,-0.0171243801277137
Isoniazid,katG,katG_p.Gly156Ser,3) Uncertain significance,p.G156S,0.0,Unknown,156,,159.0,315.0,29.935872093526857,328.0,-0.0171243801277137
Isoniazid,katG,katG_p.Gly169Ala,3) Uncertain significance,p.G169A,1.0,Unknown,169,,146.0,315.0,10.645337007347399,328.0,0.1647408215338191
Isoniazid,katG,katG_p.Gly169Arg,3) Uncertain significance,p.G169R,0.0,Unknown,169,,146.0,315.0,10.645337007347399,328.0,0.1647408215338191
Isoniazid,katG,katG_p.Gly169Ser,3) Uncertain significance,p.G169S,1.0,Unknown,169,,146.0,315.0,10.645337007347399,328.0,0.1647408215338191
Isoniazid,katG,katG_p.Gly169Val,3) Uncertain significance,p.G169V,1.0,Unknown,169,,146.0,315.0,10.645337007347399,328.0,0.1647408215338191
Isoniazid,katG,katG_p.Gly177Ala,3) Uncertain significance,p.G177A,1.0,Unknown,177,,138.0,315.0,4.130139343896289,328.0,0.080192902280094
Isoniazid,katG,katG_p.Gly177Val,3) Uncertain significance,p.G177V,1.0,Unknown,177,,138.0,315.0,4.130139343896289,328.0,0.080192902280094
Isoniazid,katG,katG_p.Gly182Arg,3) Uncertain significance,p.G182R,1.0,Unknown,182,,133.0,315.0,13.8309490997545,328.0,-0.1077639649070726
Isoniazid,katG,katG_p.Gly182Glu,3) Uncertain significance,p.G182E,1.0,Unknown,182,,133.0,315.0,13.8309490997545,328.0,-0.1077639649070726
Isoniazid,katG,katG_p.Gly184Asp,3) Uncertain significance,p.G184D,0.0,Unknown,184,,131.0,315.0,19.02547747101238,328.0,-0.1810965982367261
Isoniazid,katG,katG_p.Gly186Ala,3) Uncertain significance,p.G186A,0.0,Unknown,186,,129.0,315.0,24.6121874281828,328.0,-0.2588113754051777
Isoniazid,katG,katG_p.Gly186Asp,3) Uncertain significance,p.G186D,1.0,Unknown,186,,129.0,315.0,24.6121874281828,328.0,-0.2588113754051777
Isoniazid,katG,katG_p.Gly19Val,3) Uncertain significance,p.G19V,0.0,Unknown,19,,296.0,315.0,,,
Isoniazid,katG,katG_p.Gly206Arg,3) Uncertain significance,p.G206R,0.0,Unknown,206,,109.0,315.0,13.898963594455529,315.0,0.5941976874464899
Isoniazid,katG,katG_p.Gly206Asp,3) Uncertain significance,p.G206D,1.0,Unknown,206,,109.0,315.0,13.898963594455529,315.0,0.5941976874464899
Isoniazid,katG,katG_p.Gly234Arg,3) Uncertain significance,p.G234R,0.6666666666666666,Unknown,234,,81.0,315.0,10.84091550562036,315.0,0.9909392191070504
Isoniazid,katG,katG_p.Gly234Glu,3) Uncertain significance,p.G234E,1.0,Unknown,234,,81.0,315.0,10.84091550562036,315.0,0.9909392191070504
Isoniazid,katG,katG_p.Gly237Ala,3) Uncertain significance,p.G237A,0.0,Unknown,237,,78.0,315.0,10.915439798743787,315.0,1.0265124063819382
Isoniazid,katG,katG_p.Gly268Ser,3) Uncertain significance,p.G268S,1.0,Unknown,268,,47.0,315.0,3.9311018811524074,328.0,0.2945162625895794
Isoniazid,katG,katG_p.Gly269Asp,3) Uncertain significance,p.G269D,1.0,Unknown,269,,46.0,315.0,5.9190475585181765,328.0,0.5575286164249965
Isoniazid,katG,katG_p.Gly269Ser,3) Uncertain significance,p.G269S,1.0,Unknown,269,,46.0,315.0,5.9190475585181765,328.0,0.5575286164249965
Isoniazid,katG,katG_p.Gly273Cys,3) Uncertain significance,p.G273C,1.0,Unknown,273,,42.0,315.0,8.827503384309743,328.0,0.9945448477372172
Isoniazid,katG,katG_p.Gly273Ser,3) Uncertain significance,p.G273S,1.0,Unknown,273,,42.0,315.0,8.827503384309743,328.0,0.9945448477372172
Isoniazid,katG,katG_p.Gly277Asp,3) Uncertain significance,p.G277D,1.0,Unknown,277,,38.0,315.0,5.2229717594488285,315.0,2.782912893122944
Isoniazid,katG,katG_p.Gly277Ser,3) Uncertain significance,p.G277S,1.0,Unknown,277,,38.0,315.0,5.2229717594488285,315.0,2.782912893122944
Isoniazid,katG,katG_p.Gly279Asp,3) Uncertain significance,p.G279D,1.0,Unknown,279,,36.0,315.0,7.933229481112974,315.0,1.7170630830988256
Isoniazid,katG,katG_p.Gly285Ala,3) Uncertain significance,p.G285A,0.0,Unknown,285,,30.0,315.0,11.521128807543127,315.0,1.0415552150465843
Isoniazid,katG,katG_p.Gly285Arg,3) Uncertain significance,p.G285R,1.0,Unknown,285,,30.0,315.0,11.521128807543127,315.0,1.0415552150465843
Isoniazid,katG,katG_p.Gly285Asp,3) Uncertain significance,p.G285D,0.5,Unknown,285,,30.0,315.0,11.521128807543127,315.0,1.0415552150465843
Isoniazid,katG,katG_p.Gly285Cys,3) Uncertain significance,p.G285C,1.0,Unknown,285,,30.0,315.0,11.521128807543127,315.0,1.0415552150465843
Isoniazid,katG,katG_p.Gly285Ser,3) Uncertain significance,p.G285S,1.0,Unknown,285,,30.0,315.0,11.521128807543127,315.0,1.0415552150465843
Isoniazid,katG,katG_p.Gly285Val,3) Uncertain significance,p.G285V,0.6,Unknown,285,,30.0,315.0,11.521128807543127,315.0,1.0415552150465843
Isoniazid,katG,katG_p.Gly297Val,3) Uncertain significance,p.G297V,0.8571428571428571,Unknown,297,,18.0,315.0,16.51786429899459,315.0,0.549738237031361
Isoniazid,katG,katG_p.Gly299Ala,3) Uncertain significance,p.G299A,1.0,Unknown,299,,16.0,315.0,11.568218099603765,315.0,0.9968161517005104
Isoniazid,katG,katG_p.Gly299Asp,3) Uncertain significance,p.G299D,1.0,Unknown,299,,16.0,315.0,11.568218099603765,315.0,0.9968161517005104
Isoniazid,katG,katG_p.Gly299Cys,3) Uncertain significance,p.G299C,1.0,Unknown,299,,16.0,315.0,11.568218099603765,315.0,0.9968161517005104
Isoniazid,katG,katG_p.Gly299Ser,3) Uncertain significance,p.G299S,1.0,Unknown,299,,16.0,315.0,11.568218099603765,315.0,0.9968161517005104
Isoniazid,katG,katG_p.Gly305Cys,3) Uncertain significance,p.G305C,0.0,Unknown,305,,10.0,315.0,14.736824759764227,315.0,0.7791965126798727
Isoniazid,katG,katG_p.Gly305Ser,3) Uncertain significance,p.G305S,1.0,Unknown,305,,10.0,315.0,14.736824759764227,315.0,0.7791965126798727
Isoniazid,katG,katG_p.Gly307Arg,3) Uncertain significance,p.G307R,1.0,Unknown,307,,8.0,315.0,10.399695620545826,315.0,1.196956703996382
Isoniazid,katG,katG_p.Gly307Glu,3) Uncertain significance,p.G307E,1.0,Unknown,307,,8.0,315.0,10.399695620545826,315.0,1.196956703996382
Isoniazid,katG,katG_p.Gly307Val,3) Uncertain significance,p.G307V,1.0,Unknown,307,,8.0,315.0,10.399695620545826,315.0,1.196956703996382
Isoniazid,katG,katG_p.Gly338Asp,3) Uncertain significance,p.G338D,0.0,Unknown,338,,10.0,328.0,16.616072610577987,328.0,0.2208150816292493
Isoniazid,katG,katG_p.Gly338Ser,3) Uncertain significance,p.G338S,0.5,Unknown,338,,10.0,328.0,16.616072610577987,328.0,0.2208150816292493
Isoniazid,katG,katG_p.Gly33Ala,3) Uncertain significance,p.G33A,1.0,Unknown,33,,282.0,315.0,32.83532903748644,315.0,-0.1191091227471353
Isoniazid,katG,katG_p.Gly34Ala,3) Uncertain significance,p.G34A,1.0,Unknown,34,,281.0,315.0,35.19737331108672,315.0,-0.1782922920468245
Isoniazid,katG,katG_p.Gly34Arg,3) Uncertain significance,p.G34R,0.0,Unknown,34,,281.0,315.0,35.19737331108672,315.0,-0.1782922920468245
Isoniazid,katG,katG_p.Gly34Glu,3) Uncertain significance,p.G34E,1.0,Unknown,34,,281.0,315.0,35.19737331108672,315.0,-0.1782922920468245
Isoniazid,katG,katG_p.Gly369Ala,3) Uncertain significance,p.G369A,1.0,Unknown,369,,41.0,328.0,18.639397576102077,328.0,0.4442682193257229
Isoniazid,katG,katG_p.Gly421Ala,3) Uncertain significance,p.G421A,1.0,Unknown,421,,93.0,328.0,25.019510366911657,328.0,-0.3119765446049259
Isoniazid,katG,katG_p.Gly428Glu,3) Uncertain significance,p.G428E,1.0,Unknown,428,,100.0,328.0,23.720293126350693,328.0,-0.2445343976128121
Isoniazid,katG,katG_p.Gly451Asp,3) Uncertain significance,p.G451D,0.0,Unknown,451,,123.0,328.0,49.77244110951361,328.0,-0.4241069649136973
Isoniazid,katG,katG_p.Gly466Arg,3) Uncertain significance,p.G466R,0.5,Unknown,466,,138.0,328.0,58.20010609955965,328.0,-0.4353127774986333
Isoniazid,katG,katG_p.Gly490Ala,3) Uncertain significance,p.G490A,1.0,Unknown,490,,162.0,328.0,31.01522659920446,328.0,-0.4521276042569003
Isoniazid,katG,katG_p.Gly490Ser,3) Uncertain significance,p.G490S,1.0,Unknown,490,,162.0,328.0,31.01522659920446,328.0,-0.4521276042569003
Isoniazid,katG,katG_p.Gly491Ala,3) Uncertain significance,p.G491A,1.0,Unknown,491,,163.0,328.0,34.60470327860073,328.0,-0.4618009616397763
Isoniazid,katG,katG_p.Gly491Ser,3) Uncertain significance,p.G491S,1.0,Unknown,491,,163.0,328.0,34.60470327860073,328.0,-0.4618009616397763
Isoniazid,katG,katG_p.Gly494Ala,3) Uncertain significance,p.G494A,0.6,Unknown,494,,166.0,328.0,34.70336480804131,328.0,-0.4342014352507582
Isoniazid,katG,katG_p.Gly494Ser,3) Uncertain significance,p.G494S,0.0,Unknown,494,,166.0,328.0,34.70336480804131,328.0,-0.4342014352507582
Isoniazid,katG,katG_p.Gly495Ala,3) Uncertain significance,p.G495A,1.0,Unknown,495,,167.0,328.0,36.85981771523022,328.0,-0.4482880205087496
Isoniazid,katG,katG_p.Gly495Ser,3) Uncertain significance,p.G495S,0.45,Unknown,495,,167.0,328.0,36.85981771523022,328.0,-0.4482880205087496
Isoniazid,katG,katG_p.Gly534Arg,3) Uncertain significance,p.G534R,0.0,Unknown,534,,206.0,328.0,50.644597480876484,328.0,-0.3532979696972478
Isoniazid,katG,katG_p.Gly548Arg,3) Uncertain significance,p.G548R,1.0,Unknown,548,,220.0,328.0,49.40486917298739,328.0,-0.5514998060777272
Isoniazid,katG,katG_p.Gly560Ala,3) Uncertain significance,p.G560A,0.6666666666666666,Unknown,560,,232.0,328.0,65.31830512957298,328.0,-0.4496715368060525
Isoniazid,katG,katG_p.Gly560Arg,3) Uncertain significance,p.G560R,1.0,Unknown,560,,232.0,328.0,65.31830512957298,328.0,-0.4496715368060525
Isoniazid,katG,katG_p.Gly560Ser,3) Uncertain significance,p.G560S,0.3333333333333333,Unknown,560,,232.0,328.0,65.31830512957298,328.0,-0.4496715368060525
Isoniazid,katG,katG_p.Gly570Phe,3) Uncertain significance,p.G570F,0.0,Unknown,570,,242.0,328.0,37.878092111403916,328.0,-0.4393001576144151
Isoniazid,katG,katG_p.Gly570Ser,3) Uncertain significance,p.G570S,1.0,Unknown,570,,242.0,328.0,37.878092111403916,328.0,-0.4393001576144151
Isoniazid,katG,katG_p.Gly593Asp,3) Uncertain significance,p.G593D,1.0,Unknown,593,,265.0,328.0,42.27075289133138,315.0,-0.5339547885777367
Isoniazid,katG,katG_p.Gly593Cys,3) Uncertain significance,p.G593C,0.0,Unknown,593,,265.0,328.0,42.27075289133138,315.0,-0.5339547885777367
Isoniazid,katG,katG_p.Gly593Ser,3) Uncertain significance,p.G593S,0.5,Unknown,593,,265.0,328.0,42.27075289133138,315.0,-0.5339547885777367
Isoniazid,katG,katG_p.Gly599Arg,3) Uncertain significance,p.G599R,1.0,Unknown,599,,271.0,328.0,40.07850482490583,315.0,-0.4091085554346257
Isoniazid,katG,katG_p.Gly601Asp,3) Uncertain significance,p.G601D,0.0,Unknown,601,,273.0,328.0,33.8519572403133,315.0,-0.3236811514220504
Isoniazid,katG,katG_p.Gly629Asp,3) Uncertain significance,p.G629D,1.0,Unknown,629,,301.0,328.0,50.35397376573174,315.0,-0.5408783478847017
Isoniazid,katG,katG_p.Gly629Cys,3) Uncertain significance,p.G629C,1.0,Unknown,629,,301.0,328.0,50.35397376573174,315.0,-0.5408783478847017
Isoniazid,katG,katG_p.Gly630Ser,3) Uncertain significance,p.G630S,0.0,Unknown,630,,302.0,328.0,52.22003065874243,315.0,-0.5438666656836827
Isoniazid,katG,katG_p.Gly635Ala,3) Uncertain significance,p.G635A,1.0,Unknown,635,,307.0,328.0,53.78581245086849,328.0,-0.5353701553719974
Isoniazid,katG,katG_p.Gly644Asp,3) Uncertain significance,p.G644D,1.0,Unknown,644,,316.0,328.0,53.472509469820096,315.0,-0.5227277355060195
Isoniazid,katG,katG_p.Gly683Arg,3) Uncertain significance,p.G683R,1.0,Unknown,683,,355.0,328.0,67.44816443017557,315.0,-0.3424204089831233
Isoniazid,katG,katG_p.Gly685Asp,3) Uncertain significance,p.G685D,0.0,Unknown,685,,357.0,328.0,66.39034874136452,315.0,-0.3295564020274351
Isoniazid,katG,katG_p.Gly699Arg,3) Uncertain significance,p.G699R,1.0,Unknown,699,,371.0,328.0,49.96998969381522,315.0,-0.4452525087565205
Isoniazid,katG,katG_p.Gly699Glu,3) Uncertain significance,p.G699E,0.9,Unknown,699,,371.0,328.0,49.96998969381522,315.0,-0.4452525087565205
Isoniazid,katG,katG_p.Gly699Val,3) Uncertain significance,p.G699V,1.0,Unknown,699,,371.0,328.0,49.96998969381522,315.0,-0.4452525087565205
Isoniazid,katG,katG_p.Gly712Asp,3) Uncertain significance,p.G712D,1.0,Unknown,712,,384.0,328.0,56.38933754709307,315.0,-0.4457967589489573
Isoniazid,katG,katG_p.Gly712Val,3) Uncertain significance,p.G712V,1.0,Unknown,712,,384.0,328.0,56.38933754709307,315.0,-0.4457967589489573
Isoniazid,katG,katG_p.Gly99Arg,3) Uncertain significance,p.G99R,1.0,Unknown,99,,216.0,315.0,10.72934765025349,328.0,0.4823026563506395
Isoniazid,katG,katG_p.Gly99Glu,3) Uncertain significance,p.G99E,1.0,Unknown,99,,216.0,315.0,10.72934765025349,328.0,0.4823026563506395
Isoniazid,katG,katG_p.His108Arg,3) Uncertain significance,p.H108R,1.0,Unknown,108,,207.0,315.0,8.142092667121888,315.0,1.4334681494836083
Isoniazid,katG,katG_p.His116Tyr,3) Uncertain significance,p.H116Y,0.5,Unknown,116,,199.0,315.0,26.100599878163717,315.0,-0.2874740591029366
Isoniazid,katG,katG_p.His270Pro,3) Uncertain significance,p.H270P,1.0,Unknown,270,,45.0,315.0,7.454273204008555,328.0,1.0813559805014383
Isoniazid,katG,katG_p.His447Arg,3) Uncertain significance,p.H447R,0.0,Unknown,447,,119.0,328.0,40.65167267161341,328.0,-0.3877900473425579
Isoniazid,katG,katG_p.His49Tyr,3) Uncertain significance,p.H49Y,0.6666666666666666,Unknown,49,,266.0,315.0,34.81850236583992,315.0,-0.3373944567261877
Isoniazid,katG,katG_p.His561Arg,3) Uncertain significance,p.H561R,0.0,Unknown,561,,233.0,328.0,62.1442770092307,328.0,-0.4699123727192785
Isoniazid,katG,katG_p.His97Leu,3) Uncertain significance,p.H97L,1.0,Unknown,97,,218.0,315.0,9.360723796801187,328.0,0.4375744015410123
Isoniazid,katG,katG_p.His97Tyr,3) Uncertain significance,p.H97Y,1.0,Unknown,97,,218.0,315.0,9.360723796801187,328.0,0.4375744015410123
Isoniazid,katG,katG_p.Ile103Asn,3) Uncertain significance,p.I103N,1.0,Unknown,103,,212.0,315.0,7.920765682684972,328.0,0.4827342925924022
Isoniazid,katG,katG_p.Ile103Val,3) Uncertain significance,p.I103V,0.3333333333333333,Unknown,103,,212.0,315.0,7.920765682684972,328.0,0.4827342925924022
Isoniazid,katG,katG_p.Ile228Leu,3) Uncertain significance,p.I228L,1.0,Unknown,228,,87.0,315.0,10.747879279188059,315.0,0.8269606823389137
Isoniazid,katG,katG_p.Ile248Thr,3) Uncertain significance,p.I248T,1.0,Unknown,248,,67.0,315.0,14.412802746169811,315.0,0.3741408521958591
Isoniazid,katG,katG_p.Ile248Val,3) Uncertain significance,p.I248V,1.0,Unknown,248,,67.0,315.0,14.412802746169811,315.0,0.3741408521958591
Isoniazid,katG,katG_p.Ile266Thr,3) Uncertain significance,p.I266T,0.0,Unknown,266,,49.0,315.0,8.155165295688368,328.0,0.4512617378267011
Isoniazid,katG,katG_p.Ile317Val,3) Uncertain significance,p.I317V,0.9583333333333334,Unknown,317,,2.0,315.0,3.2508715754394295,315.0,4.593892515343083
Isoniazid,katG,katG_p.Ile335Val,3) Uncertain significance,p.I335V,1.0,Unknown,335,,7.0,328.0,11.101377437057078,328.0,0.2897072119608568
Isoniazid,katG,katG_p.Ile364Thr,3) Uncertain significance,p.I364T,1.0,Unknown,364,,36.0,328.0,13.61370408816058,328.0,0.4649954968016102
Isoniazid,katG,katG_p.Ile393Ser,3) Uncertain significance,p.I393S,0.5,Unknown,393,,65.0,328.0,12.128352649886134,328.0,-0.0165092691890163
Isoniazid,katG,katG_p.Ile455Leu,3) Uncertain significance,p.I455L,0.0,Unknown,455,,127.0,328.0,49.347177487674,328.0,-0.4747521920466823
Isoniazid,katG,katG_p.Ile455Met,3) Uncertain significance,p.I455M,1.0,Unknown,455,,127.0,328.0,49.347177487674,328.0,-0.4747521920466823
Isoniazid,katG,katG_p.Ile462Met,3) Uncertain significance,p.I462M,0.0,Unknown,462,,134.0,328.0,51.537753831535966,328.0,-0.4216172281579614
Isoniazid,katG,katG_p.Ile462Ser,3) Uncertain significance,p.I462S,1.0,Unknown,462,,134.0,328.0,51.537753831535966,328.0,-0.4216172281579614
Isoniazid,katG,katG_p.Ile497Val,3) Uncertain significance,p.I497V,0.0,Unknown,497,,169.0,328.0,38.104578661887864,328.0,-0.48006214587255
Isoniazid,katG,katG_p.Ile666Met,3) Uncertain significance,p.I666M,1.0,Unknown,666,,338.0,328.0,59.77089620375455,315.0,-0.3949618558233022
Isoniazid,katG,katG_p.Ile666Thr,3) Uncertain significance,p.I666T,1.0,Unknown,666,,338.0,328.0,59.77089620375455,315.0,-0.3949618558233022
Isoniazid,katG,katG_p.Ile71Ser,3) Uncertain significance,p.I71S,0.5,Unknown,71,,244.0,315.0,25.131354201475098,328.0,-0.1627565448114961
Isoniazid,katG,katG_p.Ile80Phe,3) Uncertain significance,p.I80F,0.0,Unknown,80,,235.0,315.0,16.208966469210807,328.0,0.0228328908479798
Isoniazid,katG,katG_p.Ile80Thr,3) Uncertain significance,p.I80T,1.0,Unknown,80,,235.0,315.0,16.208966469210807,328.0,0.0228328908479798
Isoniazid,katG,katG_p.Ile8Val,3) Uncertain significance,p.I8V,0.0,Unknown,8,,307.0,315.0,,,
Isoniazid,katG,katG_p.Leu132Arg,3) Uncertain significance,p.L132R,1.0,Unknown,132,,183.0,315.0,13.712418677972169,315.0,0.5537271233277552
Isoniazid,katG,katG_p.Leu132Pro,3) Uncertain significance,p.L132P,1.0,Unknown,132,,183.0,315.0,13.712418677972169,315.0,0.5537271233277552
Isoniazid,katG,katG_p.Leu141Phe,3) Uncertain significance,p.L141F,0.8,Unknown,141,,174.0,315.0,9.372285687066956,315.0,1.2440805553226513
Isoniazid,katG,katG_p.Leu141Ser,3) Uncertain significance,p.L141S,0.9090909090909092,Unknown,141,,174.0,315.0,9.372285687066956,315.0,1.2440805553226513
Isoniazid,katG,katG_p.Leu141Val,3) Uncertain significance,p.L141V,1.0,Unknown,141,,174.0,315.0,9.372285687066956,315.0,1.2440805553226513
Isoniazid,katG,katG_p.Leu147Ala,3) Uncertain significance,p.L147A,0.0,Unknown,147,,168.0,315.0,15.230796203744578,315.0,0.4970498266092828
Isoniazid,katG,katG_p.Leu147Arg,3) Uncertain significance,p.L147R,0.0,Unknown,147,,168.0,315.0,15.230796203744578,315.0,0.4970498266092828
Isoniazid,katG,katG_p.Leu159Phe,3) Uncertain significance,p.L159F,0.5,Unknown,159,,156.0,315.0,23.82115217616478,328.0,-0.111196349999112
Isoniazid,katG,katG_p.Leu159Pro,3) Uncertain significance,p.L159P,1.0,Unknown,159,,156.0,315.0,23.82115217616478,328.0,-0.111196349999112
Isoniazid,katG,katG_p.Leu164Arg,3) Uncertain significance,p.L164R,1.0,Unknown,164,,151.0,315.0,18.93134976698704,328.0,0.0323412688561839
Isoniazid,katG,katG_p.Leu205Arg,3) Uncertain significance,p.L205R,0.0,Unknown,205,,110.0,315.0,7.997848773263971,315.0,1.5983368435416954
Isoniazid,katG,katG_p.Leu220Pro,3) Uncertain significance,p.L220P,1.0,Unknown,220,,95.0,315.0,20.839111881267876,315.0,-0.057004062517059
Isoniazid,katG,katG_p.Leu265Arg,3) Uncertain significance,p.L265R,1.0,Unknown,265,,50.0,315.0,7.796968513467262,328.0,0.2516200711243569
Isoniazid,katG,katG_p.Leu298Phe,3) Uncertain significance,p.L298F,0.0,Unknown,298,,17.0,315.0,14.621779474468903,315.0,0.7094480274033881
Isoniazid,katG,katG_p.Leu298Ser,3) Uncertain significance,p.L298S,1.0,Unknown,298,,17.0,315.0,14.621779474468903,315.0,0.7094480274033881
Isoniazid,katG,katG_p.Leu333Phe,3) Uncertain significance,p.L333F,0.0,Unknown,333,,5.0,328.0,8.689981933237833,328.0,0.1622828192883107
Isoniazid,katG,katG_p.Leu333Pro,3) Uncertain significance,p.L333P,1.0,Unknown,333,,5.0,328.0,8.689981933237833,328.0,0.1622828192883107
Isoniazid,katG,katG_p.Leu336Met,3) Uncertain significance,p.L336M,0.3333333333333333,Unknown,336,,8.0,328.0,13.34668756658371,328.0,0.3146964385443507
Isoniazid,katG,katG_p.Leu378Met,3) Uncertain significance,p.L378M,1.0,Unknown,378,,50.0,328.0,6.298116623245396,315.0,2.105089282926777
Isoniazid,katG,katG_p.Leu378Pro,3) Uncertain significance,p.L378P,0.5,Unknown,378,,50.0,328.0,6.298116623245396,315.0,2.105089282926777
Isoniazid,katG,katG_p.Leu382Arg,3) Uncertain significance,p.L382R,0.0,Unknown,382,,54.0,328.0,14.656084402049547,315.0,0.4716886448582984
Isoniazid,katG,katG_p.Leu384Pro,3) Uncertain significance,p.L384P,1.0,Unknown,384,,56.0,328.0,12.025711662932887,328.0,0.3092680856937283
Isoniazid,katG,katG_p.Leu398Arg,3) Uncertain significance,p.L398R,0.0,Unknown,398,,70.0,328.0,10.623314125074147,328.0,0.0483363848289868
Isoniazid,katG,katG_p.Leu427Arg,3) Uncertain significance,p.L427R,0.0,Unknown,427,,99.0,328.0,23.25609788851088,328.0,-0.2859185363289853
Isoniazid,katG,katG_p.Leu427Phe,3) Uncertain significance,p.L427F,0.0,Unknown,427,,99.0,328.0,23.25609788851088,328.0,-0.2859185363289853
Isoniazid,katG,katG_p.Leu427Pro,3) Uncertain significance,p.L427P,1.0,Unknown,427,,99.0,328.0,23.25609788851088,328.0,-0.2859185363289853
Isoniazid,katG,katG_p.Leu436Arg,3) Uncertain significance,p.L436R,0.0,Unknown,436,,108.0,328.0,16.70810273490081,328.0,-0.2634157840726079
Isoniazid,katG,katG_p.Leu437Arg,3) Uncertain significance,p.L437R,0.0,Unknown,437,,109.0,328.0,21.54235117158756,328.0,-0.3132202661466092
Isoniazid,katG,katG_p.Leu43Arg,3) Uncertain significance,p.L43R,1.0,Unknown,43,,272.0,315.0,37.16618468446822,315.0,-0.4150847202292249
Isoniazid,katG,katG_p.Leu449Arg,3) Uncertain significance,p.L449R,0.0,Unknown,449,,121.0,328.0,41.903104896892785,328.0,-0.4313207611272588
Isoniazid,katG,katG_p.Leu458Arg,3) Uncertain significance,p.L458R,0.5,Unknown,458,,130.0,328.0,50.50625832508284,328.0,-0.4574569572794728
Isoniazid,katG,katG_p.Leu458Ser,3) Uncertain significance,p.L458S,0.0,Unknown,458,,130.0,328.0,50.50625832508284,328.0,-0.4574569572794728
Isoniazid,katG,katG_p.Leu472Pro,3) Uncertain significance,p.L472P,1.0,Unknown,472,,144.0,328.0,49.26863937638221,328.0,-0.5227892156140637
Isoniazid,katG,katG_p.Leu48Gln,3) Uncertain significance,p.L48Q,1.0,Unknown,48,,267.0,315.0,35.490884378950035,315.0,-0.4463766775940809
Isoniazid,katG,katG_p.Leu48Pro,3) Uncertain significance,p.L48P,1.0,Unknown,48,,267.0,315.0,35.490884378950035,315.0,-0.4463766775940809
Isoniazid,katG,katG_p.Leu514Pro,3) Uncertain significance,p.L514P,0.0,Unknown,514,,186.0,328.0,43.934579854597445,328.0,-0.4992541351053637
Isoniazid,katG,katG_p.Leu521Pro,3) Uncertain significance,p.L521P,1.0,Unknown,521,,193.0,328.0,47.64676394048183,328.0,-0.4848487907776332
Isoniazid,katG,katG_p.Leu587Arg,3) Uncertain significance,p.L587R,1.0,Unknown,587,,259.0,328.0,30.778961077333328,328.0,-0.4490113866865618
Isoniazid,katG,katG_p.Leu587Pro,3) Uncertain significance,p.L587P,0.5,Unknown,587,,259.0,328.0,30.778961077333328,328.0,-0.4490113866865618
Isoniazid,katG,katG_p.Leu598Arg,3) Uncertain significance,p.L598R,0.5,Unknown,598,,270.0,328.0,40.377586133893644,315.0,-0.4625571068019307
Isoniazid,katG,katG_p.Leu598Phe,3) Uncertain significance,p.L598F,1.0,Unknown,598,,270.0,328.0,40.377586133893644,315.0,-0.4625571068019307
Isoniazid,katG,katG_p.Leu604Phe,3) Uncertain significance,p.L604F,1.0,Unknown,604,,276.0,328.0,32.32387824813106,315.0,-0.3404256346106827
Isoniazid,katG,katG_p.Leu604Ser,3) Uncertain significance,p.L604S,1.0,Unknown,604,,276.0,328.0,32.32387824813106,315.0,-0.3404256346106827
Isoniazid,katG,katG_p.Leu611Arg,3) Uncertain significance,p.L611R,1.0,Unknown,611,,283.0,328.0,35.96425494849018,315.0,-0.47327891123045
Isoniazid,katG,katG_p.Leu616Ser,3) Uncertain significance,p.L616S,0.0,Unknown,616,,288.0,328.0,31.350248818789304,315.0,-0.4488752010604432
Isoniazid,katG,katG_p.Leu627Pro,3) Uncertain significance,p.L627P,1.0,Unknown,627,,299.0,328.0,45.275018122580576,315.0,-0.568257452141539
Isoniazid,katG,katG_p.Leu631Gln,3) Uncertain significance,p.L631Q,1.0,Unknown,631,,303.0,328.0,47.64319084612196,315.0,-0.5672367095684306
Isoniazid,katG,katG_p.Leu634Pro,3) Uncertain significance,p.L634P,1.0,Unknown,634,,306.0,328.0,53.745170657464655,328.0,-0.5671008452814611
Isoniazid,katG,katG_p.Leu661Arg,3) Uncertain significance,p.L661R,1.0,Unknown,661,,333.0,328.0,52.16943200764218,315.0,-0.4834885008165284
Isoniazid,katG,katG_p.Leu696Gln,3) Uncertain significance,p.L696Q,0.0,Unknown,696,,368.0,328.0,48.800067602412184,315.0,-0.4706478754503835
Isoniazid,katG,katG_p.Leu704Trp,3) Uncertain significance,p.L704W,1.0,Unknown,704,,376.0,328.0,44.040370899891386,315.0,-0.4668062238957832
Isoniazid,katG,katG_p.Leu704Val,3) Uncertain significance,p.L704V,1.0,Unknown,704,,376.0,328.0,44.040370899891386,315.0,-0.4668062238957832
Isoniazid,katG,katG_p.Leu707Arg,3) Uncertain significance,p.L707R,0.0,Unknown,707,,379.0,328.0,45.83552438884058,315.0,-0.4662806487017052
Isoniazid,katG,katG_p.Leu707Pro,3) Uncertain significance,p.L707P,0.0,Unknown,707,,379.0,328.0,45.83552438884058,315.0,-0.4662806487017052
Isoniazid,katG,katG_p.Leu734Arg,3) Uncertain significance,p.L734R,1.0,Unknown,734,,406.0,328.0,35.08503386060785,328.0,-0.5142965126249436
Isoniazid,katG,katG_p.Leu734Val,3) Uncertain significance,p.L734V,1.0,Unknown,734,,406.0,328.0,35.08503386060785,328.0,-0.5142965126249436
Isoniazid,katG,katG_p.Leu76Pro,3) Uncertain significance,p.L76P,1.0,Unknown,76,,239.0,315.0,19.49214985577527,328.0,-0.0995760406968943
Isoniazid,katG,katG_p.Lys143Asn,3) Uncertain significance,p.K143N,0.0,Unknown,143,,172.0,315.0,10.147916879833026,315.0,1.1463247277961282
Isoniazid,katG,katG_p.Lys143Gln,3) Uncertain significance,p.K143Q,1.0,Unknown,143,,172.0,315.0,10.147916879833026,315.0,1.1463247277961282
Isoniazid,katG,katG_p.Lys143Glu,3) Uncertain significance,p.K143E,1.0,Unknown,143,,172.0,315.0,10.147916879833026,315.0,1.1463247277961282
Isoniazid,katG,katG_p.Lys143Thr,3) Uncertain significance,p.K143T,1.0,Unknown,143,,172.0,315.0,10.147916879833026,315.0,1.1463247277961282
Isoniazid,katG,katG_p.Lys152Gln,3) Uncertain significance,p.K152Q,0.5,Unknown,152,,163.0,315.0,25.371072464521482,328.0,0.0075266752213144
Isoniazid,katG,katG_p.Lys152Thr,3) Uncertain significance,p.K152T,1.0,Unknown,152,,163.0,315.0,25.371072464521482,328.0,0.0075266752213144
Isoniazid,katG,katG_p.Lys153Asn,3) Uncertain significance,p.K153N,1.0,Unknown,153,,162.0,315.0,27.56183729362033,315.0,0.0518580798995352
Isoniazid,katG,katG_p.Lys153Gln,3) Uncertain significance,p.K153Q,1.0,Unknown,153,,162.0,315.0,27.56183729362033,315.0,0.0518580798995352
Isoniazid,katG,katG_p.Lys153Glu,3) Uncertain significance,p.K153E,1.0,Unknown,153,,162.0,315.0,27.56183729362033,315.0,0.0518580798995352
Isoniazid,katG,katG_p.Lys157Asn,3) Uncertain significance,p.K157N,1.0,Unknown,157,,158.0,315.0,31.16350161647436,328.0,-0.1260271144440025
Isoniazid,katG,katG_p.Lys158Glu,3) Uncertain significance,p.K158E,0.0,Unknown,158,,157.0,315.0,27.861163274350197,328.0,-0.1339313328118989
Isoniazid,katG,katG_p.Lys200Arg,3) Uncertain significance,p.K200R,0.0,Unknown,200,,115.0,315.0,21.78469520098916,315.0,0.042208793911152
Isoniazid,katG,katG_p.Lys200Glu,3) Uncertain significance,p.K200E,1.0,Unknown,200,,115.0,315.0,21.78469520098916,315.0,0.042208793911152
Isoniazid,katG,katG_p.Lys310Asn,3) Uncertain significance,p.K310N,1.0,Unknown,310,,5.0,315.0,11.934987096767214,315.0,0.8924813347594003
Isoniazid,katG,katG_p.Lys345Asn,3) Uncertain significance,p.K345N,0.0,Unknown,345,,17.0,328.0,10.92637089796973,315.0,1.118759283737438
Isoniazid,katG,katG_p.Lys433Thr,3) Uncertain significance,p.K433T,0.375,Unknown,433,,105.0,328.0,20.706224402338542,328.0,-0.2544393344821444
Isoniazid,katG,katG_p.Lys459Glu,3) Uncertain significance,p.K459E,1.0,Unknown,459,,131.0,328.0,53.442214072772096,328.0,-0.4729486629881204
Isoniazid,katG,katG_p.Lys459Thr,3) Uncertain significance,p.K459T,0.0,Unknown,459,,131.0,328.0,53.442214072772096,328.0,-0.4729486629881204
Isoniazid,katG,katG_p.Lys46Asn,3) Uncertain significance,p.K46N,1.0,Unknown,46,,269.0,315.0,33.96199595135715,315.0,-0.3431252512967097
Isoniazid,katG,katG_p.Lys46Glu,3) Uncertain significance,p.K46E,0.0,Unknown,46,,269.0,315.0,33.96199595135715,315.0,-0.3431252512967097
Isoniazid,katG,katG_p.Lys488Asn,3) Uncertain significance,p.K488N,1.0,Unknown,488,,160.0,328.0,28.660110920929803,328.0,-0.3915501918974036
Isoniazid,katG,katG_p.Lys488Glu,3) Uncertain significance,p.K488E,1.0,Unknown,488,,160.0,328.0,28.660110920929803,328.0,-0.3915501918974036
Isoniazid,katG,katG_p.Lys516Arg,3) Uncertain significance,p.K516R,1.0,Unknown,516,,188.0,328.0,50.05642349389336,328.0,-0.4613002854582468
Isoniazid,katG,katG_p.Lys537Glu,3) Uncertain significance,p.K537E,0.0,Unknown,537,,209.0,328.0,44.88089132359116,328.0,-0.4267040800669539
Isoniazid,katG,katG_p.Lys554Asn,3) Uncertain significance,p.K554N,0.0,Unknown,554,,226.0,328.0,58.01771350199868,328.0,-0.4972092706427594
Isoniazid,katG,katG_p.Lys557Arg,3) Uncertain significance,p.K557R,0.0,Unknown,557,,229.0,328.0,61.534962533506096,328.0,-0.4620258707035449
Isoniazid,katG,katG_p.Lys557Asn,3) Uncertain significance,p.K557N,0.3333333333333333,Unknown,557,,229.0,328.0,61.534962533506096,328.0,-0.4620258707035449
Isoniazid,katG,katG_p.Lys590Gln,3) Uncertain significance,p.K590Q,0.0,Unknown,590,,262.0,328.0,33.761158955225454,315.0,-0.4198399090552001
Isoniazid,katG,katG_p.Lys600Gln,3) Uncertain significance,p.K600Q,1.0,Unknown,600,,272.0,328.0,37.300807632007114,315.0,-0.3637978371557931
Isoniazid,katG,katG_p.Lys681Thr,3) Uncertain significance,p.K681T,0.0,Unknown,681,,353.0,328.0,61.306184859278275,315.0,-0.3860325979482449
Isoniazid,katG,katG_p.Lys686Glu,3) Uncertain significance,p.K686E,1.0,Unknown,686,,358.0,328.0,64.93918108507376,315.0,-0.3733127320972842
Isoniazid,katG,katG_p.Lys719Gln,3) Uncertain significance,p.K719Q,1.0,Unknown,719,,391.0,328.0,53.29639666056233,315.0,-0.4771993912518077
Isoniazid,katG,katG_p.Lys730Asn,3) Uncertain significance,p.K730N,0.0,Unknown,730,,402.0,328.0,41.0068180916296,315.0,-0.5149813002433798
Isoniazid,katG,katG_p.Met105Ile,3) Uncertain significance,p.M105I,0.75,Unknown,105,,210.0,315.0,12.39618562300517,315.0,0.6738337813641279
Isoniazid,katG,katG_p.Met126Ile,3) Uncertain significance,p.M126I,0.6,Unknown,126,,189.0,315.0,19.38764518965623,315.0,0.1554591977979444
Isoniazid,katG,katG_p.Met126Val,3) Uncertain significance,p.M126V,1.0,Unknown,126,,189.0,315.0,19.38764518965623,315.0,0.1554591977979444
Isoniazid,katG,katG_p.Met176Ile,3) Uncertain significance,p.M176I,1.0,Unknown,176,,139.0,315.0,3.11811689966878,328.0,0.2381417005529895
Isoniazid,katG,katG_p.Met176Thr,3) Uncertain significance,p.M176T,1.0,Unknown,176,,139.0,315.0,3.11811689966878,328.0,0.2381417005529895
Isoniazid,katG,katG_p.Met225Ile,3) Uncertain significance,p.M225I,1.0,Unknown,225,,90.0,315.0,12.494438602834464,315.0,0.5901212169541226
Isoniazid,katG,katG_p.Met225Val,3) Uncertain significance,p.M225V,1.0,Unknown,225,,90.0,315.0,12.494438602834464,315.0,0.5901212169541226
Isoniazid,katG,katG_p.Met242Ile,3) Uncertain significance,p.M242I,0.0,Unknown,242,,73.0,315.0,19.471898803147056,315.0,0.2417359925651947
Isoniazid,katG,katG_p.Met242Thr,3) Uncertain significance,p.M242T,1.0,Unknown,242,,73.0,315.0,19.471898803147056,315.0,0.2417359925651947
Isoniazid,katG,katG_p.Met257Ile,3) Uncertain significance,p.M257I,0.9,Unknown,257,,58.0,315.0,14.79668871741242,328.0,-0.0231078386762539
Isoniazid,katG,katG_p.Met257Thr,3) Uncertain significance,p.M257T,0.0,Unknown,257,,58.0,315.0,14.79668871741242,328.0,-0.0231078386762539
Isoniazid,katG,katG_p.Met296Ile,3) Uncertain significance,p.M296I,1.0,Unknown,296,,19.0,315.0,19.44030334125474,315.0,0.4121241498228621
Isoniazid,katG,katG_p.Met296Val,3) Uncertain significance,p.M296V,1.0,Unknown,296,,19.0,315.0,19.44030334125474,315.0,0.4121241498228621
Isoniazid,katG,katG_p.Met377Arg,3) Uncertain significance,p.M377R,1.0,Unknown,377,,49.0,328.0,10.441958915835666,315.0,0.9252325401060764
Isoniazid,katG,katG_p.Met377Thr,3) Uncertain significance,p.M377T,1.0,Unknown,377,,49.0,328.0,10.441958915835666,315.0,0.9252325401060764
Isoniazid,katG,katG_p.Met420Ile,3) Uncertain significance,p.M420I,0.0,Unknown,420,,92.0,328.0,22.35811734024133,328.0,-0.2431952404911488
Isoniazid,katG,katG_p.Met58Val,3) Uncertain significance,p.M58V,1.0,Unknown,58,,257.0,315.0,33.92124657202327,315.0,-0.1285253432601652
Isoniazid,katG,katG_p.Met609Ile,3) Uncertain significance,p.M609I,1.0,Unknown,609,,281.0,328.0,34.162459996317594,315.0,-0.4424271504183316
Isoniazid,katG,katG_p.Met609Thr,3) Uncertain significance,p.M609T,0.0,Unknown,609,,281.0,328.0,34.162459996317594,315.0,-0.4424271504183316
Isoniazid,katG,katG_p.Met624Ile,3) Uncertain significance,p.M624I,1.0,Unknown,624,,296.0,328.0,41.51085603790893,315.0,-0.5277669525369247
Isoniazid,katG,katG_p.Met624Val,3) Uncertain significance,p.M624V,1.0,Unknown,624,,296.0,328.0,41.51085603790893,315.0,-0.5277669525369247
Isoniazid,katG,katG_p.Met84Ile,3) Uncertain significance,p.M84I,0.0,Unknown,84,,231.0,315.0,12.318341568571643,328.0,0.1922138107453271
Isoniazid,katG,katG_p.Met84Leu,3) Uncertain significance,p.M84L,0.0,Unknown,84,,231.0,315.0,12.318341568571643,328.0,0.1922138107453271
Isoniazid,katG,katG_p.Met84Thr,3) Uncertain significance,p.M84T,1.0,Unknown,84,,231.0,315.0,12.318341568571643,328.0,0.1922138107453271
Isoniazid,katG,katG_p.Met84Val,3) Uncertain significance,p.M84V,1.0,Unknown,84,,231.0,315.0,12.318341568571643,328.0,0.1922138107453271
Isoniazid,katG,katG_p.Phe129Ser,3) Uncertain significance,p.F129S,1.0,Unknown,129,,186.0,315.0,18.271358378620903,315.0,0.2930976712302169
Isoniazid,katG,katG_p.Phe167Cys,3) Uncertain significance,p.F167C,1.0,Unknown,167,,148.0,315.0,14.989017245970464,328.0,-0.0321176301571235
Isoniazid,katG,katG_p.Phe178Val,3) Uncertain significance,p.F178V,0.5,Unknown,178,,137.0,315.0,3.4878208096173746,328.0,-0.0210411660208636
Isoniazid,katG,katG_p.Phe183Leu,3) Uncertain significance,p.F183L,1.0,Unknown,183,,132.0,315.0,16.469041684323955,328.0,-0.1178042569957795
Isoniazid,katG,katG_p.Phe183Ser,3) Uncertain significance,p.F183S,1.0,Unknown,183,,132.0,315.0,16.469041684323955,328.0,-0.1178042569957795
Isoniazid,katG,katG_p.Phe252Leu,3) Uncertain significance,p.F252L,1.0,Unknown,252,,63.0,315.0,14.35363500998963,328.0,0.2628482175290239
Isoniazid,katG,katG_p.Phe272Leu,3) Uncertain significance,p.F272L,1.0,Unknown,272,,43.0,315.0,3.8472521362655745,328.0,0.7308061633329618
Isoniazid,katG,katG_p.Phe332Val,3) Uncertain significance,p.F332V,0.0,Unknown,332,,4.0,328.0,7.894693217598779,328.0,0.4921274394801861
Isoniazid,katG,katG_p.Phe368Leu,3) Uncertain significance,p.F368L,1.0,Unknown,368,,40.0,328.0,13.515488929372845,315.0,0.6809002687792598
Isoniazid,katG,katG_p.Phe408Leu,3) Uncertain significance,p.F408L,1.0,Unknown,408,,80.0,328.0,4.12275017433751,328.0,0.0940370502786158
Isoniazid,katG,katG_p.Phe483Leu,3) Uncertain significance,p.F483L,1.0,Unknown,483,,155.0,328.0,33.06409151935071,328.0,-0.4929044333354621
Isoniazid,katG,katG_p.Phe483Ser,3) Uncertain significance,p.F483S,1.0,Unknown,483,,155.0,328.0,33.06409151935071,328.0,-0.4929044333354621
Isoniazid,katG,katG_p.Phe540Ser,3) Uncertain significance,p.F540S,1.0,Unknown,540,,212.0,328.0,41.6207765545046,328.0,-0.4811712288730399
Isoniazid,katG,katG_p.Phe567Ser,3) Uncertain significance,p.F567S,1.0,Unknown,567,,239.0,328.0,45.65472195731785,328.0,-0.5305172199684012
Isoniazid,katG,katG_p.Phe567Tyr,3) Uncertain significance,p.F567Y,1.0,Unknown,567,,239.0,328.0,45.65472195731785,328.0,-0.5305172199684012
Isoniazid,katG,katG_p.Phe584Val,3) Uncertain significance,p.F584V,0.3076923076923077,Unknown,584,,256.0,328.0,28.567584654639596,328.0,-0.4331033438698308
Isoniazid,katG,katG_p.Phe594Ile,3) Uncertain significance,p.F594I,1.0,Unknown,594,,266.0,328.0,41.678462375668325,315.0,-0.5741286667119897
Isoniazid,katG,katG_p.Phe594Leu,3) Uncertain significance,p.F594L,1.0,Unknown,594,,266.0,328.0,41.678462375668325,315.0,-0.5741286667119897
Isoniazid,katG,katG_p.Phe62Leu,3) Uncertain significance,p.F62L,0.75,Unknown,62,,253.0,315.0,33.63964311641846,328.0,-0.2239422813617841
Isoniazid,katG,katG_p.Phe62Ser,3) Uncertain significance,p.F62S,1.0,Unknown,62,,253.0,315.0,33.63964311641846,328.0,-0.2239422813617841
Isoniazid,katG,katG_p.Phe658Leu,3) Uncertain significance,p.F658L,0.0,Unknown,658,,330.0,328.0,51.855973773520056,315.0,-0.5300630373550594
Isoniazid,katG,katG_p.Phe658Val,3) Uncertain significance,p.F658V,0.0,Unknown,658,,330.0,328.0,51.855973773520056,315.0,-0.5300630373550594
Isoniazid,katG,katG_p.Phe698Leu,3) Uncertain significance,p.F698L,1.0,Unknown,698,,370.0,328.0,45.56696687294426,315.0,-0.5133448081185791
Isoniazid,katG,katG_p.Phe724Leu,3) Uncertain significance,p.F724L,1.0,Unknown,724,,396.0,328.0,50.22743976154866,328.0,-0.5658497563721424
Isoniazid,katG,katG_p.Pro131Gln,3) Uncertain significance,p.P131Q,1.0,Unknown,131,,184.0,315.0,15.689544575926993,315.0,0.4181173887164767
Isoniazid,katG,katG_p.Pro131Ser,3) Uncertain significance,p.P131S,0.3333333333333333,Unknown,131,,184.0,315.0,15.689544575926993,315.0,0.4181173887164767
Isoniazid,katG,katG_p.Pro136Leu,3) Uncertain significance,p.P136L,0.6666666666666666,Unknown,136,,179.0,315.0,6.337846085224857,315.0,2.2507595706282517
Isoniazid,katG,katG_p.Pro150Ser,3) Uncertain significance,p.P150S,1.0,Unknown,150,,165.0,315.0,23.193879990204316,315.0,0.1717325786387032
Isoniazid,katG,katG_p.Pro232Ala,3) Uncertain significance,p.P232A,1.0,Unknown,232,,83.0,315.0,5.579780820068114,315.0,2.620020123119642
Isoniazid,katG,katG_p.Pro232Arg,3) Uncertain significance,p.P232R,1.0,Unknown,232,,83.0,315.0,5.579780820068114,315.0,2.620020123119642
Isoniazid,katG,katG_p.Pro232Leu,3) Uncertain significance,p.P232L,1.0,Unknown,232,,83.0,315.0,5.579780820068114,315.0,2.620020123119642
Isoniazid,katG,katG_p.Pro232Ser,3) Uncertain significance,p.P232S,0.9285714285714286,Unknown,232,,83.0,315.0,5.579780820068114,315.0,2.620020123119642
Isoniazid,katG,katG_p.Pro235Ser,3) Uncertain significance,p.P235S,1.0,Unknown,235,,80.0,315.0,13.836189468202578,315.0,0.6096658458632827
Isoniazid,katG,katG_p.Pro241His,3) Uncertain significance,p.P241H,1.0,Unknown,241,,74.0,315.0,16.80809846472824,315.0,0.3442426024542446
Isoniazid,katG,katG_p.Pro280Ser,3) Uncertain significance,p.P280S,0.4375,Unknown,280,,35.0,315.0,8.944894297866243,315.0,1.5771566680252882
Isoniazid,katG,katG_p.Pro286Ala,3) Uncertain significance,p.P286A,0.0,Unknown,286,,29.0,315.0,13.193645023267841,315.0,0.8723877865590387
Isoniazid,katG,katG_p.Pro286His,3) Uncertain significance,p.P286H,1.0,Unknown,286,,29.0,315.0,13.193645023267841,315.0,0.8723877865590387
Isoniazid,katG,katG_p.Pro286Leu,3) Uncertain significance,p.P286L,0.0,Unknown,286,,29.0,315.0,13.193645023267841,315.0,0.8723877865590387
Isoniazid,katG,katG_p.Pro288His,3) Uncertain significance,p.P288H,1.0,Unknown,288,,27.0,315.0,12.726560454419735,315.0,0.8050858457610464
Isoniazid,katG,katG_p.Pro288Leu,3) Uncertain significance,p.P288L,1.0,Unknown,288,,27.0,315.0,12.726560454419735,315.0,0.8050858457610464
Isoniazid,katG,katG_p.Pro292Ala,3) Uncertain significance,p.P292A,1.0,Unknown,292,,23.0,315.0,18.86096617355538,315.0,0.4308854406964321
Isoniazid,katG,katG_p.Pro29Ser,3) Uncertain significance,p.P29S,1.0,Unknown,29,,286.0,315.0,33.45408294961917,315.0,-0.0886373773764575
Isoniazid,katG,katG_p.Pro2Ser,3) Uncertain significance,p.P2S,1.0,Unknown,2,,313.0,315.0,,,
Isoniazid,katG,katG_p.Pro325Ser,3) Uncertain significance,p.P325S,1.0,Unknown,325,,3.0,328.0,6.581861818664993,328.0,0.4962264320555798
Isoniazid,katG,katG_p.Pro325Thr,3) Uncertain significance,p.P325T,1.0,Unknown,325,,3.0,328.0,6.581861818664993,328.0,0.4962264320555798
Isoniazid,katG,katG_p.Pro347Ser,3) Uncertain significance,p.P347S,0.0,Unknown,347,,19.0,328.0,9.592613460366263,315.0,1.31558806131809
Isoniazid,katG,katG_p.Pro365Thr,3) Uncertain significance,p.P365T,1.0,Unknown,365,,37.0,328.0,12.335452525140695,328.0,0.5029103833443734
Isoniazid,katG,katG_p.Pro367Leu,3) Uncertain significance,p.P367L,1.0,Unknown,367,,39.0,328.0,12.899246722192732,315.0,0.7377056029277643
Isoniazid,katG,katG_p.Pro401Leu,3) Uncertain significance,p.P401L,1.0,Unknown,401,,73.0,328.0,4.9407765583964585,328.0,-0.0295832334166695
Isoniazid,katG,katG_p.Pro40Leu,3) Uncertain significance,p.P40L,0.0,Unknown,40,,275.0,315.0,33.72845085384148,315.0,-0.2106656145368243
Isoniazid,katG,katG_p.Pro422His,3) Uncertain significance,p.P422H,0.0,Unknown,422,,94.0,328.0,26.58251041568497,328.0,-0.3899506719628803
Isoniazid,katG,katG_p.Pro429Arg,3) Uncertain significance,p.P429R,0.3333333333333333,Unknown,429,,101.0,328.0,21.676809613040387,328.0,-0.2231994381643903
Isoniazid,katG,katG_p.Pro432Leu,3) Uncertain significance,p.P432L,0.8333333333333334,Unknown,432,,104.0,328.0,17.89437730126421,328.0,-0.2245423199575124
Isoniazid,katG,katG_p.Pro432Thr,3) Uncertain significance,p.P432T,0.0,Unknown,432,,104.0,328.0,17.89437730126421,328.0,-0.2245423199575124
Isoniazid,katG,katG_p.Pro510Ala,3) Uncertain significance,p.P510A,0.0,Unknown,510,,182.0,328.0,44.97425883769515,328.0,-0.4341717877404561
Isoniazid,katG,katG_p.Pro52Arg,3) Uncertain significance,p.P52R,0.0,Unknown,52,,263.0,315.0,33.771006884604446,315.0,-0.2505876907259807
Isoniazid,katG,katG_p.Pro52Ser,3) Uncertain significance,p.P52S,0.0,Unknown,52,,263.0,315.0,33.771006884604446,315.0,-0.2505876907259807
Isoniazid,katG,katG_p.Pro533Leu,3) Uncertain significance,p.P533L,0.0,Unknown,533,,205.0,328.0,52.136707404668364,328.0,-0.3767563047195448
Isoniazid,katG,katG_p.Pro566Leu,3) Uncertain significance,p.P566L,0.0,Unknown,566,,238.0,328.0,48.43578319796222,328.0,-0.5150084401476122
Isoniazid,katG,katG_p.Pro566Ser,3) Uncertain significance,p.P566S,0.0,Unknown,566,,238.0,328.0,48.43578319796222,328.0,-0.5150084401476122
Isoniazid,katG,katG_p.Pro569Leu,3) Uncertain significance,p.P569L,0.5,Unknown,569,,241.0,328.0,41.708108012711385,328.0,-0.4613568748873655
Isoniazid,katG,katG_p.Pro57Ser,3) Uncertain significance,p.P57S,1.0,Unknown,57,,258.0,315.0,32.96964558499227,315.0,-0.0610354706590636
Isoniazid,katG,katG_p.Pro605Arg,3) Uncertain significance,p.P605R,0.0,Unknown,605,,277.0,328.0,37.18665409794219,315.0,-0.3760087464229882
Isoniazid,katG,katG_p.Pro672Ser,3) Uncertain significance,p.P672S,0.0,Unknown,672,,344.0,328.0,55.27411260255564,315.0,-0.3184594309356227
Isoniazid,katG,katG_p.Pro6Ser,3) Uncertain significance,p.P6S,0.2105263157894736,Unknown,6,,309.0,315.0,,,
Isoniazid,katG,katG_p.Pro718Ser,3) Uncertain significance,p.P718S,0.0,Unknown,718,,390.0,328.0,58.197307454898635,315.0,-0.4817955390773614
Isoniazid,katG,katG_p.Pro92Ser,3) Uncertain significance,p.P92S,1.0,Unknown,92,,223.0,315.0,13.530405574113441,315.0,0.7372412521821236
Isoniazid,katG,katG_p.Ser140Arg,3) Uncertain significance,p.S140R,0.0,Unknown,140,,175.0,315.0,6.531391964964288,315.0,2.109557570741622
Isoniazid,katG,katG_p.Ser140Asn,3) Uncertain significance,p.S140N,0.7,Unknown,140,,175.0,315.0,6.531391964964288,315.0,2.109557570741622
Isoniazid,katG,katG_p.Ser140Gly,3) Uncertain significance,p.S140G,0.0,Unknown,140,,175.0,315.0,6.531391964964288,315.0,2.109557570741622
Isoniazid,katG,katG_p.Ser160Pro,3) Uncertain significance,p.S160P,1.0,Unknown,160,,155.0,315.0,24.735342609311072,328.0,-0.0537408531779196
Isoniazid,katG,katG_p.Ser17Gly,3) Uncertain significance,p.S17G,0.5,Unknown,17,,298.0,315.0,,,
Isoniazid,katG,katG_p.Ser211Asn,3) Uncertain significance,p.S211N,0.3333333333333333,Unknown,211,,104.0,315.0,24.888106938857366,315.0,0.0062030504604637
Isoniazid,katG,katG_p.Ser302Arg,3) Uncertain significance,p.S302R,0.875,Unknown,302,,13.0,315.0,9.989979679659013,315.0,1.2336254869549854
Isoniazid,katG,katG_p.Ser315Arg,1) Assoc w R,p.S315R,0.9333333333333332,Resistant,315,,13.0,328.0,20.424131487042477,328.0,3.3258176510404573
Isoniazid,katG,katG_p.Ser315Asn,1) Assoc w R,p.S315N,0.976303317535545,Resistant,315,,13.0,328.0,20.424131487042477,328.0,3.3258176510404573
Isoniazid,katG,katG_p.Ser315Gly,3) Uncertain significance,p.S315G,0.9666666666666668,Unknown,315,,13.0,328.0,20.424131487042477,328.0,3.3258176510404573
Isoniazid,katG,katG_p.Ser315Ile,2) Assoc w R - Interim,p.S315I,1.0,Resistant,315,,13.0,328.0,20.424131487042477,328.0,3.3258176510404573
Isoniazid,katG,katG_p.Ser315Thr,1) Assoc w R,p.S315T,0.984896085065249,Resistant,315,,13.0,328.0,20.424131487042477,328.0,3.3258176510404573
Isoniazid,katG,katG_p.Ser331Gly,3) Uncertain significance,p.S331G,1.0,Unknown,331,,3.0,328.0,6.595170429943408,328.0,0.2069989105918583
Isoniazid,katG,katG_p.Ser331Ile,3) Uncertain significance,p.S331I,1.0,Unknown,331,,3.0,328.0,6.595170429943408,328.0,0.2069989105918583
Isoniazid,katG,katG_p.Ser383Pro,3) Uncertain significance,p.S383P,1.0,Unknown,383,,55.0,328.0,16.038707366867193,315.0,0.349435387125838
Isoniazid,katG,katG_p.Ser383Trp,3) Uncertain significance,p.S383W,1.0,Unknown,383,,55.0,328.0,16.038707366867193,315.0,0.349435387125838
Isoniazid,katG,katG_p.Ser446Asn,3) Uncertain significance,p.S446N,0.0,Unknown,446,,118.0,328.0,37.87710382275815,328.0,-0.3903883093641278
Isoniazid,katG,katG_p.Ser457Gly,3) Uncertain significance,p.S457G,0.0,Unknown,457,,129.0,328.0,55.808881515400394,328.0,-0.4253775762790253
Isoniazid,katG,katG_p.Ser457Ile,3) Uncertain significance,p.S457I,1.0,Unknown,457,,129.0,328.0,55.808881515400394,328.0,-0.4253775762790253
Isoniazid,katG,katG_p.Ser460Asn,3) Uncertain significance,p.S460N,1.0,Unknown,460,,132.0,328.0,56.827798100929435,328.0,-0.3900628880967807
Isoniazid,katG,katG_p.Ser465Pro,3) Uncertain significance,p.S465P,1.0,Unknown,465,,137.0,328.0,55.662162785863785,328.0,-0.4240340429672077
Isoniazid,katG,katG_p.Ser474Gln,3) Uncertain significance,p.S474Q,0.0,Unknown,474,,146.0,328.0,46.39275222488961,328.0,-0.5418242838229558
Isoniazid,katG,katG_p.Ser474Pro,3) Uncertain significance,p.S474P,1.0,Unknown,474,,146.0,328.0,46.39275222488961,328.0,-0.5418242838229558
Isoniazid,katG,katG_p.Ser481Ala,3) Uncertain significance,p.S481A,0.0,Unknown,481,,153.0,328.0,38.3646471116313,328.0,-0.5215501335544771
Isoniazid,katG,katG_p.Ser481Leu,3) Uncertain significance,p.S481L,0.5,Unknown,481,,153.0,328.0,38.3646471116313,328.0,-0.5215501335544771
Isoniazid,katG,katG_p.Ser482Pro,3) Uncertain significance,p.S482P,1.0,Unknown,482,,154.0,328.0,34.675525965729776,328.0,-0.4521636279829258
Isoniazid,katG,katG_p.Ser486Asn,3) Uncertain significance,p.S486N,1.0,Unknown,486,,158.0,328.0,27.769680678754657,328.0,-0.3167818772230352
Isoniazid,katG,katG_p.Ser527Leu,3) Uncertain significance,p.S527L,0.0,Unknown,527,,199.0,328.0,52.138454858194635,328.0,-0.3820455143021606
Isoniazid,katG,katG_p.Ser620Arg,3) Uncertain significance,p.S620R,0.0,Unknown,620,,292.0,328.0,40.5264220108314,315.0,-0.4748490630897926
Isoniazid,katG,katG_p.Ser650Phe,3) Uncertain significance,p.S650F,1.0,Unknown,650,,322.0,328.0,62.11567728842696,328.0,-0.4815102099951003
Isoniazid,katG,katG_p.Ser652Ala,3) Uncertain significance,p.S652A,0.0,Unknown,652,,324.0,328.0,59.96328861895418,315.0,-0.5099595764839622
Isoniazid,katG,katG_p.Ser652Pro,3) Uncertain significance,p.S652P,1.0,Unknown,652,,324.0,328.0,59.96328861895418,315.0,-0.5099595764839622
Isoniazid,katG,katG_p.Ser684Arg,3) Uncertain significance,p.S684R,0.0,Unknown,684,,356.0,328.0,69.36385028240575,315.0,-0.3368512706435584
Isoniazid,katG,katG_p.Ser692Arg,3) Uncertain significance,p.S692R,1.0,Unknown,692,,364.0,328.0,47.68841584703774,315.0,-0.4783185773661055
Isoniazid,katG,katG_p.Ser700Phe,3) Uncertain significance,p.S700F,0.5,Unknown,700,,372.0,328.0,47.745080898454866,315.0,-0.4201097642774386
Isoniazid,katG,katG_p.Ser700Pro,3) Uncertain significance,p.S700P,1.0,Unknown,700,,372.0,328.0,47.745080898454866,315.0,-0.4201097642774386
Isoniazid,katG,katG_p.Ser87Leu,3) Uncertain significance,p.S87L,0.0,Unknown,87,,228.0,315.0,18.554573614071543,315.0,0.4010668305703132
Isoniazid,katG,katG_p.Thr112Ser,3) Uncertain significance,p.T112S,0.0,Unknown,112,,203.0,315.0,15.932651097667334,315.0,0.2775504736183712
Isoniazid,katG,katG_p.Thr11Ala,3) Uncertain significance,p.T11A,1.0,Unknown,11,,304.0,315.0,,,
Isoniazid,katG,katG_p.Thr11Ser,3) Uncertain significance,p.T11S,0.0,Unknown,11,,304.0,315.0,,,
Isoniazid,katG,katG_p.Thr12Ala,3) Uncertain significance,p.T12A,0.0,Unknown,12,,303.0,315.0,,,
Isoniazid,katG,katG_p.Thr180Met,3) Uncertain significance,p.T180M,1.0,Unknown,180,,135.0,315.0,9.110026673945587,328.0,-0.0428428895074604
Isoniazid,katG,katG_p.Thr251Pro,3) Uncertain significance,p.T251P,1.0,Unknown,251,,64.0,315.0,16.275423742563508,315.0,0.2000506856243273
Isoniazid,katG,katG_p.Thr271Ala,3) Uncertain significance,p.T271A,1.0,Unknown,271,,44.0,315.0,4.0446422585934565,328.0,0.4160656312264424
Isoniazid,katG,katG_p.Thr271Ile,3) Uncertain significance,p.T271I,1.0,Unknown,271,,44.0,315.0,4.0446422585934565,328.0,0.4160656312264424
Isoniazid,katG,katG_p.Thr271Pro,3) Uncertain significance,p.T271P,1.0,Unknown,271,,44.0,315.0,4.0446422585934565,328.0,0.4160656312264424
Isoniazid,katG,katG_p.Thr275Ala,3) Uncertain significance,p.T275A,1.0,Unknown,275,,40.0,315.0,3.9612212763237573,315.0,3.812339945028119
Isoniazid,katG,katG_p.Thr275Pro,3) Uncertain significance,p.T275P,1.0,Unknown,275,,40.0,315.0,3.9612212763237573,315.0,3.812339945028119
Isoniazid,katG,katG_p.Thr306Ala,3) Uncertain significance,p.T306A,0.0,Unknown,306,,9.0,315.0,14.482084104161252,315.0,0.7253567258021196
Isoniazid,katG,katG_p.Thr306Pro,3) Uncertain significance,p.T306P,1.0,Unknown,306,,9.0,315.0,14.482084104161252,315.0,0.7253567258021196
Isoniazid,katG,katG_p.Thr322Ala,3) Uncertain significance,p.T322A,1.0,Unknown,322,,6.0,328.0,7.63956111304831,328.0,0.4940922394323418
Isoniazid,katG,katG_p.Thr322Lys,3) Uncertain significance,p.T322K,1.0,Unknown,322,,6.0,328.0,7.63956111304831,328.0,0.4940922394323418
Isoniazid,katG,katG_p.Thr322Pro,3) Uncertain significance,p.T322P,1.0,Unknown,322,,6.0,328.0,7.63956111304831,328.0,0.4940922394323418
Isoniazid,katG,katG_p.Thr324Asn,3) Uncertain significance,p.T324N,0.0,Unknown,324,,4.0,328.0,5.210252009260203,328.0,0.3372363964792323
Isoniazid,katG,katG_p.Thr324Pro,3) Uncertain significance,p.T324P,1.0,Unknown,324,,4.0,328.0,5.210252009260203,328.0,0.3372363964792323
Isoniazid,katG,katG_p.Thr326Met,3) Uncertain significance,p.T326M,1.0,Unknown,326,,2.0,328.0,4.602555485814378,328.0,0.380934389866432
Isoniazid,katG,katG_p.Thr326Pro,3) Uncertain significance,p.T326P,1.0,Unknown,326,,2.0,328.0,4.602555485814378,328.0,0.380934389866432
Isoniazid,katG,katG_p.Thr344Leu,3) Uncertain significance,p.T344L,0.0,Unknown,344,,16.0,328.0,11.95859276838206,315.0,0.8918074797629942
Isoniazid,katG,katG_p.Thr344Met,3) Uncertain significance,p.T344M,1.0,Unknown,344,,16.0,328.0,11.95859276838206,315.0,0.8918074797629942
Isoniazid,katG,katG_p.Thr344Pro,3) Uncertain significance,p.T344P,0.8333333333333334,Unknown,344,,16.0,328.0,11.95859276838206,315.0,0.8918074797629942
Isoniazid,katG,katG_p.Thr344Ser,3) Uncertain significance,p.T344S,0.0,Unknown,344,,16.0,328.0,11.95859276838206,315.0,0.8918074797629942
Isoniazid,katG,katG_p.Thr354Ile,3) Uncertain significance,p.T354I,0.0666666666666666,Unknown,354,,26.0,328.0,14.56201874741274,315.0,0.5586731877038412
Isoniazid,katG,katG_p.Thr363Ala,3) Uncertain significance,p.T363A,0.0,Unknown,363,,35.0,328.0,14.424410698534611,328.0,0.2624168383043912
Isoniazid,katG,katG_p.Thr376Lys,3) Uncertain significance,p.T376K,0.0,Unknown,376,,48.0,328.0,11.533354759132314,315.0,0.8179028244275395
Isoniazid,katG,katG_p.Thr376Met,3) Uncertain significance,p.T376M,0.0,Unknown,376,,48.0,328.0,11.533354759132314,315.0,0.8179028244275395
Isoniazid,katG,katG_p.Thr380Ala,3) Uncertain significance,p.T380A,1.0,Unknown,380,,52.0,328.0,10.30760937366177,315.0,0.948322622303732
Isoniazid,katG,katG_p.Thr380Ile,3) Uncertain significance,p.T380I,0.9642857142857144,Unknown,380,,52.0,328.0,10.30760937366177,315.0,0.948322622303732
Isoniazid,katG,katG_p.Thr380Pro,3) Uncertain significance,p.T380P,1.0,Unknown,380,,52.0,328.0,10.30760937366177,315.0,0.948322622303732
Isoniazid,katG,katG_p.Thr380Ser,3) Uncertain significance,p.T380S,0.0,Unknown,380,,52.0,328.0,10.30760937366177,315.0,0.948322622303732
Isoniazid,katG,katG_p.Thr394Ala,3) Uncertain significance,p.T394A,0.8,Unknown,394,,66.0,328.0,11.26695429120044,328.0,0.0696108628667737
Isoniazid,katG,katG_p.Thr435Ile,3) Uncertain significance,p.T435I,1.0,Unknown,435,,107.0,328.0,21.142809699753716,328.0,-0.3065694860785423
Isoniazid,katG,katG_p.Thr468Pro,3) Uncertain significance,p.T468P,1.0,Unknown,468,,140.0,328.0,55.01034882637993,328.0,-0.5053371346130692
Isoniazid,katG,katG_p.Thr475Ile,3) Uncertain significance,p.T475I,0.15,Unknown,475,,147.0,328.0,44.21829720828246,328.0,-0.5353571022470617
Isoniazid,katG,katG_p.Thr520Ala,3) Uncertain significance,p.T520A,0.0,Unknown,520,,192.0,328.0,50.94223510016026,328.0,-0.4501716048614433
Isoniazid,katG,katG_p.Thr520Asn,3) Uncertain significance,p.T520N,0.0,Unknown,520,,192.0,328.0,50.94223510016026,328.0,-0.4501716048614433
Isoniazid,katG,katG_p.Thr568His,3) Uncertain significance,p.T568H,1.0,Unknown,568,,240.0,328.0,42.55670443067696,328.0,-0.4694663327450096
Isoniazid,katG,katG_p.Thr568Pro,3) Uncertain significance,p.T568P,1.0,Unknown,568,,240.0,328.0,42.55670443067696,328.0,-0.4694663327450096
Isoniazid,katG,katG_p.Thr579Ala,3) Uncertain significance,p.T579A,1.0,Unknown,579,,251.0,328.0,28.651675029568512,328.0,-0.3920935702544504
Isoniazid,katG,katG_p.Thr579Ser,3) Uncertain significance,p.T579S,1.0,Unknown,579,,251.0,328.0,28.651675029568512,328.0,-0.3920935702544504
Isoniazid,katG,katG_p.Thr625Ala,3) Uncertain significance,p.T625A,0.7368421052631579,Unknown,625,,297.0,328.0,45.74625695070581,315.0,-0.5168551676489416
Isoniazid,katG,katG_p.Thr625Lys,3) Uncertain significance,p.T625K,1.0,Unknown,625,,297.0,328.0,45.74625695070581,315.0,-0.5168551676489416
Isoniazid,katG,katG_p.Thr625Pro,3) Uncertain significance,p.T625P,1.0,Unknown,625,,297.0,328.0,45.74625695070581,315.0,-0.5168551676489416
Isoniazid,katG,katG_p.Thr647Pro,3) Uncertain significance,p.T647P,0.0,Unknown,647,,319.0,328.0,59.93256512114261,315.0,-0.5093611281044903
Isoniazid,katG,katG_p.Thr654Ala,3) Uncertain significance,p.T654A,0.0,Unknown,654,,326.0,328.0,57.55922602850042,315.0,-0.517744851876468
Isoniazid,katG,katG_p.Thr654Asn,3) Uncertain significance,p.T654N,0.0,Unknown,654,,326.0,328.0,57.55922602850042,315.0,-0.517744851876468
Isoniazid,katG,katG_p.Thr654Ser,3) Uncertain significance,p.T654S,0.0,Unknown,654,,326.0,328.0,57.55922602850042,315.0,-0.517744851876468
Isoniazid,katG,katG_p.Thr667Pro,3) Uncertain significance,p.T667P,0.8333333333333334,Unknown,667,,339.0,328.0,58.97787925146174,315.0,-0.3821730879198758
Isoniazid,katG,katG_p.Thr677Pro,3) Uncertain significance,p.T677P,1.0,Unknown,677,,349.0,328.0,50.03483680397089,315.0,-0.4309689483348385
Isoniazid,katG,katG_p.Thr690Pro,3) Uncertain significance,p.T690P,0.8,Unknown,690,,362.0,328.0,55.24141956901541,315.0,-0.4673226586794471
Isoniazid,katG,katG_p.Thr77Arg,3) Uncertain significance,p.T77R,0.0,Unknown,77,,238.0,315.0,15.392617288817386,328.0,-0.0506926316546869
Isoniazid,katG,katG_p.Thr85Ala,3) Uncertain significance,p.T85A,0.75,Unknown,85,,230.0,315.0,13.660728165072323,328.0,0.1964985308221932
Isoniazid,katG,katG_p.Thr85Pro,3) Uncertain significance,p.T85P,0.3333333333333333,Unknown,85,,230.0,315.0,13.660728165072323,328.0,0.1964985308221932
Isoniazid,katG,katG_p.Thr9Lys,3) Uncertain significance,p.T9K,0.0,Unknown,9,,306.0,315.0,,,
Isoniazid,katG,katG_p.Trp149Arg,3) Uncertain significance,p.W149R,1.0,Unknown,149,,166.0,315.0,21.758934279968777,315.0,0.1630824556223664
Isoniazid,katG,katG_p.Trp149Cys,3) Uncertain significance,p.W149C,1.0,Unknown,149,,166.0,315.0,21.758934279968777,315.0,0.1630824556223664
Isoniazid,katG,katG_p.Trp149Gly,3) Uncertain significance,p.W149G,1.0,Unknown,149,,166.0,315.0,21.758934279968777,315.0,0.1630824556223664
Isoniazid,katG,katG_p.Trp161Arg,3) Uncertain significance,p.W161R,0.7142857142857143,Unknown,161,,154.0,315.0,21.072198959766883,315.0,0.1020129843644965
Isoniazid,katG,katG_p.Trp161Gln,3) Uncertain significance,p.W161Q,1.0,Unknown,161,,154.0,315.0,21.072198959766883,315.0,0.1020129843644965
Isoniazid,katG,katG_p.Trp191Arg,3) Uncertain significance,p.W191R,0.9,Unknown,191,,124.0,315.0,27.827163617587765,315.0,-0.1646370645861951
Isoniazid,katG,katG_p.Trp191Gly,3) Uncertain significance,p.W191G,0.72,Unknown,191,,124.0,315.0,27.827163617587765,315.0,-0.1646370645861951
Isoniazid,katG,katG_p.Trp300Arg,3) Uncertain significance,p.W300R,1.0,Unknown,300,,15.0,315.0,8.529308823111053,315.0,1.3500528392048976
Isoniazid,katG,katG_p.Trp300Cys,3) Uncertain significance,p.W300C,0.6666666666666666,Unknown,300,,15.0,315.0,8.529308823111053,315.0,1.3500528392048976
Isoniazid,katG,katG_p.Trp300Gly,3) Uncertain significance,p.W300G,1.0,Unknown,300,,15.0,315.0,8.529308823111053,315.0,1.3500528392048976
Isoniazid,katG,katG_p.Trp300Ser,3) Uncertain significance,p.W300S,1.0,Unknown,300,,15.0,315.0,8.529308823111053,315.0,1.3500528392048976
Isoniazid,katG,katG_p.Trp321Ser,3) Uncertain significance,p.W321S,1.0,Unknown,321,,6.0,315.0,7.651849580330233,315.0,1.4459468042885248
Isoniazid,katG,katG_p.Trp328Arg,3) Uncertain significance,p.W328R,1.0,Unknown,328,,13.0,315.0,20.424131487042477,315.0,0.0852177612956697
Isoniazid,katG,katG_p.Trp328Cys,3) Uncertain significance,p.W328C,1.0,Unknown,328,,13.0,315.0,20.424131487042477,315.0,0.0852177612956697
Isoniazid,katG,katG_p.Trp328Leu,1) Assoc w R,p.W328L,1.0,Resistant,328,,13.0,315.0,20.424131487042477,315.0,0.0852177612956697
Isoniazid,katG,katG_p.Trp328Ser,3) Uncertain significance,p.W328S,1.0,Unknown,328,,13.0,315.0,20.424131487042477,315.0,0.0852177612956697
Isoniazid,katG,katG_p.Trp328Tyr,3) Uncertain significance,p.W328Y,1.0,Unknown,328,,13.0,315.0,20.424131487042477,315.0,0.0852177612956697
Isoniazid,katG,katG_p.Trp341Gly,3) Uncertain significance,p.W341G,1.0,Unknown,341,,13.0,328.0,16.02777429963374,315.0,0.3783476744386204
Isoniazid,katG,katG_p.Trp351Leu,3) Uncertain significance,p.W351L,0.0,Unknown,351,,23.0,328.0,8.415026678507914,315.0,1.4729915056206158
Isoniazid,katG,katG_p.Trp397Gly,3) Uncertain significance,p.W397G,1.0,Unknown,397,,69.0,328.0,8.188367419699732,328.0,-0.0161676946920068
Isoniazid,katG,katG_p.Trp39Arg,3) Uncertain significance,p.W39R,1.0,Unknown,39,,276.0,315.0,36.88406143580178,315.0,-0.2542628419765046
Isoniazid,katG,katG_p.Trp412Cys,3) Uncertain significance,p.W412C,1.0,Unknown,412,,84.0,328.0,9.025165981853178,328.0,0.1922828011522998
Isoniazid,katG,katG_p.Trp412Tyr,3) Uncertain significance,p.W412Y,0.0,Unknown,412,,84.0,328.0,9.025165981853178,328.0,0.1922828011522998
Isoniazid,katG,katG_p.Trp438Cys,3) Uncertain significance,p.W438C,1.0,Unknown,438,,110.0,328.0,17.455267714933505,328.0,-0.246414009757745
Isoniazid,katG,katG_p.Trp438Gly,3) Uncertain significance,p.W438G,1.0,Unknown,438,,110.0,328.0,17.455267714933505,328.0,-0.246414009757745
Isoniazid,katG,katG_p.Trp505Arg,3) Uncertain significance,p.W505R,1.0,Unknown,505,,177.0,328.0,34.91649916586713,328.0,-0.4802104066313464
Isoniazid,katG,katG_p.Trp505Ser,3) Uncertain significance,p.W505S,1.0,Unknown,505,,177.0,328.0,34.91649916586713,328.0,-0.4802104066313464
Isoniazid,katG,katG_p.Trp668Cys,3) Uncertain significance,p.W668C,0.0,Unknown,668,,340.0,328.0,55.48379555329646,315.0,-0.4272865377860769
Isoniazid,katG,katG_p.Trp689Cys,3) Uncertain significance,p.W689C,1.0,Unknown,689,,361.0,328.0,58.60433043726377,315.0,-0.4580382508881159
Isoniazid,katG,katG_p.Trp689Gly,3) Uncertain significance,p.W689G,0.5,Unknown,689,,361.0,328.0,58.60433043726377,315.0,-0.4580382508881159
Isoniazid,katG,katG_p.Trp728Cys,3) Uncertain significance,p.W728C,1.0,Unknown,728,,400.0,328.0,45.098663394828,328.0,-0.5929384014467433
Isoniazid,katG,katG_p.Trp728Phe,3) Uncertain significance,p.W728F,0.0,Unknown,728,,400.0,328.0,45.098663394828,328.0,-0.5929384014467433
Isoniazid,katG,katG_p.Trp728Tyr,3) Uncertain significance,p.W728Y,0.0,Unknown,728,,400.0,328.0,45.098663394828,328.0,-0.5929384014467433
Isoniazid,katG,katG_p.Trp90Arg,3) Uncertain significance,p.W90R,1.0,Unknown,90,,225.0,315.0,14.828740506192698,315.0,0.6302030418493735
Isoniazid,katG,katG_p.Trp90Cys,3) Uncertain significance,p.W90C,1.0,Unknown,90,,225.0,315.0,14.828740506192698,315.0,0.6302030418493735
Isoniazid,katG,katG_p.Trp91Arg,3) Uncertain significance,p.W91R,0.4,Unknown,91,,224.0,315.0,8.463688912052477,315.0,1.4165531003184149
Isoniazid,katG,katG_p.Trp91Gly,3) Uncertain significance,p.W91G,1.0,Unknown,91,,224.0,315.0,8.463688912052477,315.0,1.4165531003184149
Isoniazid,katG,katG_p.Tyr155Asp,3) Uncertain significance,p.Y155D,1.0,Unknown,155,,160.0,315.0,24.322606542062882,328.0,-0.133226002072416
Isoniazid,katG,katG_p.Tyr155Cys,3) Uncertain significance,p.Y155C,0.9090909090909092,Unknown,155,,160.0,315.0,24.322606542062882,328.0,-0.133226002072416
Isoniazid,katG,katG_p.Tyr155Ser,3) Uncertain significance,p.Y155S,1.0,Unknown,155,,160.0,315.0,24.322606542062882,328.0,-0.133226002072416
Isoniazid,katG,katG_p.Tyr197Asp,3) Uncertain significance,p.Y197D,0.5,Unknown,197,,118.0,315.0,22.600780605987925,315.0,-0.1042691032988931
Isoniazid,katG,katG_p.Tyr229Cys,3) Uncertain significance,p.Y229C,1.0,Unknown,229,,86.0,315.0,12.237958530735423,315.0,0.4761326038815026
Isoniazid,katG,katG_p.Tyr337Asp,3) Uncertain significance,p.Y337D,1.0,Unknown,337,,9.0,328.0,13.715072074181748,328.0,0.1049486797710022
Isoniazid,katG,katG_p.Tyr337Cys,3) Uncertain significance,p.Y337C,0.9,Unknown,337,,9.0,328.0,13.715072074181748,328.0,0.1049486797710022
Isoniazid,katG,katG_p.Tyr353Cys,3) Uncertain significance,p.Y353C,0.0,Unknown,353,,25.0,328.0,11.806662441181253,315.0,0.7609095435429843
Isoniazid,katG,katG_p.Tyr390Cys,3) Uncertain significance,p.Y390C,0.0,Unknown,390,,62.0,328.0,14.497093536292025,328.0,0.0555468356052838
Isoniazid,katG,katG_p.Tyr390Ser,3) Uncertain significance,p.Y390S,1.0,Unknown,390,,62.0,328.0,14.497093536292025,328.0,0.0555468356052838
Isoniazid,katG,katG_p.Tyr413Cys,3) Uncertain significance,p.Y413C,0.7142857142857143,Unknown,413,,85.0,328.0,11.651823119151778,328.0,-0.146504678716988
Isoniazid,katG,katG_p.Tyr413His,3) Uncertain significance,p.Y413H,0.4,Unknown,413,,85.0,328.0,11.651823119151778,328.0,-0.146504678716988
Isoniazid,katG,katG_p.Tyr426His,3) Uncertain significance,p.Y426H,1.0,Unknown,426,,98.0,328.0,20.692340660253976,328.0,-0.2708913267329519
Isoniazid,katG,katG_p.Tyr597His,3) Uncertain significance,p.Y597H,1.0,Unknown,597,,269.0,328.0,41.95764398771695,315.0,-0.5037303638790733
Isoniazid,katG,katG_p.Tyr597Ser,3) Uncertain significance,p.Y597S,1.0,Unknown,597,,269.0,328.0,41.95764398771695,315.0,-0.5037303638790733
Isoniazid,katG,katG_p.Tyr638Cys,3) Uncertain significance,p.Y638C,0.0,Unknown,638,,310.0,328.0,47.670336489267626,315.0,-0.5181505221182756
Isoniazid,katG,katG_p.Tyr64Asn,3) Uncertain significance,p.Y64N,1.0,Unknown,64,,251.0,315.0,26.240712566544378,328.0,-0.2101221132012903
Isoniazid,katG,katG_p.Tyr64Asp,3) Uncertain significance,p.Y64D,0.5,Unknown,64,,251.0,315.0,26.240712566544378,328.0,-0.2101221132012903
Isoniazid,katG,katG_p.Tyr64Cys,3) Uncertain significance,p.Y64C,1.0,Unknown,64,,251.0,315.0,26.240712566544378,328.0,-0.2101221132012903
Isoniazid,katG,katG_p.Tyr64His,3) Uncertain significance,p.Y64H,1.0,Unknown,64,,251.0,315.0,26.240712566544378,328.0,-0.2101221132012903
Isoniazid,katG,katG_p.Tyr64Ser,3) Uncertain significance,p.Y64S,1.0,Unknown,64,,251.0,315.0,26.240712566544378,328.0,-0.2101221132012903
Isoniazid,katG,katG_p.Tyr678Ala,3) Uncertain significance,p.Y678A,0.0,Unknown,678,,350.0,328.0,48.10482075634417,315.0,-0.3714958895466832
Isoniazid,katG,katG_p.Tyr678Cys,3) Uncertain significance,p.Y678C,1.0,Unknown,678,,350.0,328.0,48.10482075634417,315.0,-0.3714958895466832
Isoniazid,katG,katG_p.Tyr678Leu,3) Uncertain significance,p.Y678L,0.0,Unknown,678,,350.0,328.0,48.10482075634417,315.0,-0.3714958895466832
Isoniazid,katG,katG_p.Tyr98Cys,3) Uncertain significance,p.Y98C,1.0,Unknown,98,,217.0,315.0,12.774546019330785,328.0,0.4162384906028779
Isoniazid,katG,katG_p.Val166Ile,3) Uncertain significance,p.V166I,0.0,Unknown,166,,149.0,315.0,15.030255653181689,328.0,0.0913754614742744
Isoniazid,katG,katG_p.Val196Ala,3) Uncertain significance,p.V196A,1.0,Unknown,196,,119.0,315.0,22.860650996854844,315.0,-0.0973652820725078
Isoniazid,katG,katG_p.Val196Gly,3) Uncertain significance,p.V196G,1.0,Unknown,196,,119.0,315.0,22.860650996854844,315.0,-0.0973652820725078
Isoniazid,katG,katG_p.Val196Ile,3) Uncertain significance,p.V196I,0.0,Unknown,196,,119.0,315.0,22.860650996854844,315.0,-0.0973652820725078
Isoniazid,katG,katG_p.Val230Ala,3) Uncertain significance,p.V230A,1.0,Unknown,230,,85.0,315.0,9.614228882234912,315.0,1.1034244945898193
Isoniazid,katG,katG_p.Val23Leu,3) Uncertain significance,p.V23L,0.0,Unknown,23,,292.0,315.0,,,
Isoniazid,katG,katG_p.Val246Gly,3) Uncertain significance,p.V246G,1.0,Unknown,246,,69.0,315.0,19.783491097377127,315.0,0.1282391019478063
Isoniazid,katG,katG_p.Val260Ile,3) Uncertain significance,p.V260I,0.0,Unknown,260,,55.0,315.0,10.977702173041498,328.0,-0.0014856171058972
Isoniazid,katG,katG_p.Val260Leu,3) Uncertain significance,p.V260L,1.0,Unknown,260,,55.0,315.0,10.977702173041498,328.0,-0.0014856171058972
Isoniazid,katG,katG_p.Val267Ala,3) Uncertain significance,p.V267A,0.0,Unknown,267,,48.0,315.0,5.555347243872339,328.0,0.2881608188541338
Isoniazid,katG,katG_p.Val267Gly,3) Uncertain significance,p.V267G,1.0,Unknown,267,,48.0,315.0,5.555347243872339,328.0,0.2881608188541338
Isoniazid,katG,katG_p.Val284Ile,3) Uncertain significance,p.V284I,1.0,Unknown,284,,31.0,315.0,7.674235531960172,315.0,1.8439738421243608
Isoniazid,katG,katG_p.Val319Asp,3) Uncertain significance,p.V319D,1.0,Unknown,319,,4.0,315.0,6.888446777031811,315.0,1.8718055159307716
Isoniazid,katG,katG_p.Val319Ile,3) Uncertain significance,p.V319I,0.0,Unknown,319,,4.0,315.0,6.888446777031811,315.0,1.8718055159307716
Isoniazid,katG,katG_p.Val320Ala,3) Uncertain significance,p.V320A,1.0,Unknown,320,,5.0,315.0,9.726794230372093,315.0,1.0925627772729083
Isoniazid,katG,katG_p.Val320Leu,3) Uncertain significance,p.V320L,1.0,Unknown,320,,5.0,315.0,9.726794230372093,315.0,1.0925627772729083
Isoniazid,katG,katG_p.Val386Glu,3) Uncertain significance,p.V386E,1.0,Unknown,386,,58.0,328.0,18.900839055449364,328.0,0.2165977827537109
Isoniazid,katG,katG_p.Val386Leu,3) Uncertain significance,p.V386L,0.0,Unknown,386,,58.0,328.0,18.900839055449364,328.0,0.2165977827537109
Isoniazid,katG,katG_p.Val386Met,3) Uncertain significance,p.V386M,0.0,Unknown,386,,58.0,328.0,18.900839055449364,328.0,0.2165977827537109
Isoniazid,katG,katG_p.Val423Ile,3) Uncertain significance,p.V423I,0.5333333333333333,Unknown,423,,95.0,328.0,23.74064870638542,328.0,-0.3482460390431832
Isoniazid,katG,katG_p.Val423Phe,3) Uncertain significance,p.V423F,0.0,Unknown,423,,95.0,328.0,23.74064870638542,328.0,-0.3482460390431832
Isoniazid,katG,katG_p.Val431Gly,3) Uncertain significance,p.V431G,1.0,Unknown,431,,103.0,328.0,20.372702447147265,328.0,-0.2441024443938594
Isoniazid,katG,katG_p.Val442Ala,3) Uncertain significance,p.V442A,1.0,Unknown,442,,114.0,328.0,29.49461600021265,328.0,-0.4338872575459291
Isoniazid,katG,katG_p.Val445Ile,3) Uncertain significance,p.V445I,0.0,Unknown,445,,117.0,328.0,35.4867387625293,328.0,-0.4196510766256097
Isoniazid,katG,katG_p.Val450Ala,3) Uncertain significance,p.V450A,1.0,Unknown,450,,122.0,328.0,46.69523519589552,328.0,-0.4583611905996805
Isoniazid,katG,katG_p.Val469Leu,5) Not assoc w R,p.V469L,0.0,Susceptible,469,,141.0,328.0,53.78921222698841,328.0,-0.5327785984063452
Isoniazid,katG,katG_p.Val473Ala,3) Uncertain significance,p.V473A,0.0,Unknown,473,,145.0,328.0,48.02401363901188,328.0,-0.5679666874692924
Isoniazid,katG,katG_p.Val473Leu,3) Uncertain significance,p.V473L,0.875,Unknown,473,,145.0,328.0,48.02401363901188,328.0,-0.5679666874692924
Isoniazid,katG,katG_p.Val473Phe,3) Uncertain significance,p.V473F,0.0,Unknown,473,,145.0,328.0,48.02401363901188,328.0,-0.5679666874692924
Isoniazid,katG,katG_p.Val47Ile,3) Uncertain significance,p.V47I,0.0,Unknown,47,,268.0,315.0,32.02425665023312,315.0,-0.3491333581225
Isoniazid,katG,katG_p.Val503Ala,3) Uncertain significance,p.V503A,0.0,Unknown,503,,175.0,328.0,39.05525260448331,328.0,-0.4617296562143981
Isoniazid,katG,katG_p.Val507Ile,3) Uncertain significance,p.V507I,0.0,Unknown,507,,179.0,328.0,41.52177097619994,328.0,-0.4960448524959211
Isoniazid,katG,katG_p.Val538Ala,3) Uncertain significance,p.V538A,0.0,Unknown,538,,210.0,328.0,44.38467245570254,328.0,-0.4488998898206425
Isoniazid,katG,katG_p.Val538Leu,3) Uncertain significance,p.V538L,0.0,Unknown,538,,210.0,328.0,44.38467245570254,328.0,-0.4488998898206425
Isoniazid,katG,katG_p.Val565Gly,3) Uncertain significance,p.V565G,1.0,Unknown,565,,237.0,328.0,50.67442163458799,328.0,-0.5421325288131855
Isoniazid,katG,katG_p.Val581Met,3) Uncertain significance,p.V581M,1.0,Unknown,581,,253.0,328.0,28.968815923333835,328.0,-0.3715886614839532
Isoniazid,katG,katG_p.Val586Met,3) Uncertain significance,p.V586M,0.3333333333333333,Unknown,586,,258.0,328.0,28.190579525791943,328.0,-0.3453064977208084
Isoniazid,katG,katG_p.Val626Ala,3) Uncertain significance,p.V626A,0.0,Unknown,626,,298.0,328.0,48.38890370735836,315.0,-0.5267949224946291
Isoniazid,katG,katG_p.Val626Glu,3) Uncertain significance,p.V626E,1.0,Unknown,626,,298.0,328.0,48.38890370735836,315.0,-0.5267949224946291
Isoniazid,katG,katG_p.Val628Gly,3) Uncertain significance,p.V628G,1.0,Unknown,628,,300.0,328.0,46.17770516169031,315.0,-0.5445340809804975
Isoniazid,katG,katG_p.Val628Leu,3) Uncertain significance,p.V628L,0.0,Unknown,628,,300.0,328.0,46.17770516169031,315.0,-0.5445340809804975
Isoniazid,katG,katG_p.Val633Ile,3) Uncertain significance,p.V633I,0.0,Unknown,633,,305.0,328.0,54.973313334744525,315.0,-0.5463260912022067
Isoniazid,katG,katG_p.Val68Gly,3) Uncertain significance,p.V68G,0.75,Unknown,68,,247.0,315.0,26.184336501045813,328.0,-0.2421277365516669
Isoniazid,katG,katG_p.Val697Ala,3) Uncertain significance,p.V697A,1.0,Unknown,697,,369.0,328.0,44.08028550270517,315.0,-0.4665366046112791
Isoniazid,katG,katG_p.Val697Leu,3) Uncertain significance,p.V697L,1.0,Unknown,697,,369.0,328.0,44.08028550270517,315.0,-0.4665366046112791
Isoniazid,katG,katG_p.Val710Gly,3) Uncertain significance,p.V710G,1.0,Unknown,710,,382.0,328.0,52.680739753727835,315.0,-0.435674139479014
Isoniazid,katG,katG_p.Val710Ile,3) Uncertain significance,p.V710I,0.0,Unknown,710,,382.0,328.0,52.680739753727835,315.0,-0.435674139479014
Isoniazid,katG,katG_p.Val721Leu,3) Uncertain significance,p.V721L,0.0,Unknown,721,,393.0,328.0,55.01767706837503,328.0,-0.5248405991728595
Isoniazid,katG,katG_p.Val731Gly,3) Uncertain significance,p.V731G,1.0,Unknown,731,,403.0,328.0,40.39839301259394,328.0,-0.5507171113114601
Isoniazid,katG,katG_p.Val731Met,3) Uncertain significance,p.V731M,1.0,Unknown,731,,403.0,328.0,40.39839301259394,328.0,-0.5507171113114601
Isoniazid,katG,katG_p.Val739Met,3) Uncertain significance,p.V739M,0.0,Unknown,739,,411.0,328.0,36.15373426079248,328.0,-0.5104606059484326
Isoniazid,katG,katG_p.Val73Ala,3) Uncertain significance,p.V73A,0.0,Unknown,73,,242.0,315.0,19.916478478887772,328.0,-0.169202212104751
Isoniazid,katG,katG_p.Val73Gly,3) Uncertain significance,p.V73G,1.0,Unknown,73,,242.0,315.0,19.916478478887772,328.0,-0.169202212104751
Isoniazid,katG,katG_p.Val83Gly,3) Uncertain significance,p.V83G,1.0,Unknown,83,,232.0,315.0,17.46060872363848,328.0,0.1788435206918528
Isoniazid,katG,katG_p.Val83Leu,3) Uncertain significance,p.V83L,1.0,Unknown,83,,232.0,315.0,17.46060872363848,328.0,0.1788435206918528
Ethambutol,embB,embB_p.Ala1007Thr,3) Uncertain significance,p.A1007T,1.0,Unknown,1007,,510.0,497.0,6.970891047778607,319.0,0.978249856039598
Ethambutol,embB,embB_p.Ala1007Val,3) Uncertain significance,p.A1007V,0.0,Unknown,1007,,510.0,497.0,6.970891047778607,319.0,0.978249856039598
Ethambutol,embB,embB_p.Ala1020Ser,3) Uncertain significance,p.A1020S,0.0,Unknown,1020,,523.0,497.0,15.977129936255755,319.0,0.7687124708970755
Ethambutol,embB,embB_p.Ala102Thr,3) Uncertain significance,p.A102T,0.0,Unknown,102,,204.0,306.0,19.773636135015728,319.0,-0.118207388168213
Ethambutol,embB,embB_p.Ala102Val,3) Uncertain significance,p.A102V,0.0,Unknown,102,,204.0,306.0,19.773636135015728,319.0,-0.118207388168213
Ethambutol,embB,embB_p.Ala1058Val,3) Uncertain significance,p.A1058V,0.0,Unknown,1058,,561.0,497.0,28.930704294918232,319.0,-0.2488042309394065
Ethambutol,embB,embB_p.Ala1073Asp,3) Uncertain significance,p.A1073D,0.037037037037037,Unknown,1073,,576.0,497.0,18.849295955021745,319.0,0.0085378283192607
Ethambutol,embB,embB_p.Ala1073Gly,3) Uncertain significance,p.A1073G,0.0,Unknown,1073,,576.0,497.0,18.849295955021745,319.0,0.0085378283192607
Ethambutol,embB,embB_p.Ala1073Val,3) Uncertain significance,p.A1073V,0.0,Unknown,1073,,576.0,497.0,18.849295955021745,319.0,0.0085378283192607
Ethambutol,embB,embB_p.Ala1076Thr,3) Uncertain significance,p.A1076T,0.0,Unknown,1076,,579.0,497.0,18.010876047544155,319.0,0.1819791617158662
Ethambutol,embB,embB_p.Ala1083Glu,3) Uncertain significance,p.A1083E,0.0,Unknown,1083,,586.0,497.0,12.424712511764604,497.0,0.5131944454519037
Ethambutol,embB,embB_p.Ala1083Thr,3) Uncertain significance,p.A1083T,0.0,Unknown,1083,,586.0,497.0,12.424712511764604,497.0,0.5131944454519037
Ethambutol,embB,embB_p.Ala1083Val,3) Uncertain significance,p.A1083V,0.0,Unknown,1083,,586.0,497.0,12.424712511764604,497.0,0.5131944454519037
Ethambutol,embB,embB_p.Ala109Thr,3) Uncertain significance,p.A109T,0.0,Unknown,109,,197.0,306.0,21.647253728822037,319.0,-0.1638469680796293
Ethambutol,embB,embB_p.Ala113Thr,3) Uncertain significance,p.A113T,0.0,Unknown,113,,193.0,306.0,21.08960495125501,319.0,-0.1487892061614784
Ethambutol,embB,embB_p.Ala155Pro,3) Uncertain significance,p.A155P,0.0,Unknown,155,,151.0,306.0,23.673912773346093,497.0,0.0405666624397243
Ethambutol,embB,embB_p.Ala155Thr,3) Uncertain significance,p.A155T,0.0,Unknown,155,,151.0,306.0,23.673912773346093,497.0,0.0405666624397243
Ethambutol,embB,embB_p.Ala155Val,3) Uncertain significance,p.A155V,0.0,Unknown,155,,151.0,306.0,23.673912773346093,497.0,0.0405666624397243
Ethambutol,embB,embB_p.Ala15Pro,3) Uncertain significance,p.A15P,0.0,Unknown,15,,291.0,306.0,,,
Ethambutol,embB,embB_p.Ala196Thr,3) Uncertain significance,p.A196T,0.0,Unknown,196,,110.0,306.0,33.65129486364528,319.0,-0.1438681037104412
Ethambutol,embB,embB_p.Ala201Glu,3) Uncertain significance,p.A201E,0.0,Unknown,201,,105.0,306.0,29.50596010978123,319.0,-0.1844352336618343
Ethambutol,embB,embB_p.Ala201Ser,3) Uncertain significance,p.A201S,1.0,Unknown,201,,105.0,306.0,29.50596010978123,319.0,-0.1844352336618343
Ethambutol,embB,embB_p.Ala201Thr,3) Uncertain significance,p.A201T,0.0,Unknown,201,,105.0,306.0,29.50596010978123,319.0,-0.1844352336618343
Ethambutol,embB,embB_p.Ala204Thr,3) Uncertain significance,p.A204T,0.0,Unknown,204,,102.0,306.0,20.35157332984357,497.0,0.0489408259050088
Ethambutol,embB,embB_p.Ala21Thr,3) Uncertain significance,p.A21T,0.0,Unknown,21,,285.0,306.0,,,
Ethambutol,embB,embB_p.Ala221Ser,3) Uncertain significance,p.A221S,0.0,Unknown,221,,85.0,306.0,11.3925490124028,497.0,0.4022816511215725
Ethambutol,embB,embB_p.Ala221Thr,3) Uncertain significance,p.A221T,0.0,Unknown,221,,85.0,306.0,11.3925490124028,497.0,0.4022816511215725
Ethambutol,embB,embB_p.Ala225Glu,3) Uncertain significance,p.A225E,0.0,Unknown,225,,81.0,306.0,13.680411324225595,497.0,0.2894330266413203
Ethambutol,embB,embB_p.Ala225Thr,3) Uncertain significance,p.A225T,0.0,Unknown,225,,81.0,306.0,13.680411324225595,497.0,0.2894330266413203
Ethambutol,embB,embB_p.Ala228Thr,3) Uncertain significance,p.A228T,0.0,Unknown,228,,78.0,306.0,19.536743357069536,497.0,0.1023706998037343
Ethambutol,embB,embB_p.Ala232Glu,3) Uncertain significance,p.A232E,0.0,Unknown,232,,74.0,306.0,23.786955521882167,497.0,-0.0008189112590952
Ethambutol,embB,embB_p.Ala232Thr,3) Uncertain significance,p.A232T,0.0,Unknown,232,,74.0,306.0,23.786955521882167,497.0,-0.0008189112590952
Ethambutol,embB,embB_p.Ala235Val,3) Uncertain significance,p.A235V,0.0,Unknown,235,,71.0,306.0,28.846014716074723,497.0,-0.0483115420258219
Ethambutol,embB,embB_p.Ala249Asp,3) Uncertain significance,p.A249D,0.0,Unknown,249,,57.0,306.0,,,
Ethambutol,embB,embB_p.Ala259Glu,3) Uncertain significance,p.A259E,0.0,Unknown,259,,47.0,306.0,,,
Ethambutol,embB,embB_p.Ala259Val,3) Uncertain significance,p.A259V,0.0,Unknown,259,,47.0,306.0,,,
Ethambutol,embB,embB_p.Ala271Thr,3) Uncertain significance,p.A271T,0.0,Unknown,271,,35.0,306.0,25.168616767712926,354.0,-0.0080132070127342
Ethambutol,embB,embB_p.Ala281Val,3) Uncertain significance,p.A281V,0.0,Unknown,281,,25.0,306.0,15.295144490981455,354.0,0.0866647182268017
Ethambutol,embB,embB_p.Ala295Val,3) Uncertain significance,p.A295V,0.0,Unknown,295,,11.0,306.0,9.321069359252734,354.0,0.7740207210726731
Ethambutol,embB,embB_p.Ala30Thr,3) Uncertain significance,p.A30T,0.5,Unknown,30,,276.0,306.0,26.919787554882372,497.0,-0.0545032890284544
Ethambutol,embB,embB_p.Ala313Thr,3) Uncertain significance,p.A313T,0.0,Unknown,313,,6.0,319.0,7.603361690726038,319.0,2.6097749504773584
Ethambutol,embB,embB_p.Ala313Val,3) Uncertain significance,p.A313V,0.0,Unknown,313,,6.0,319.0,7.603361690726038,319.0,2.6097749504773584
Ethambutol,embB,embB_p.Ala338Thr,3) Uncertain significance,p.A338T,0.1428571428571428,Unknown,338,,10.0,328.0,6.389238217502936,306.0,3.0680188493181437
Ethambutol,embB,embB_p.Ala33Pro,3) Uncertain significance,p.A33P,0.0,Unknown,33,,273.0,306.0,21.94141693236789,497.0,0.0812041376804603
Ethambutol,embB,embB_p.Ala356Val,3) Uncertain significance,p.A356V,0.0,Unknown,356,,2.0,354.0,3.691466646199035,354.0,1.2970017044579665
Ethambutol,embB,embB_p.Ala357Thr,3) Uncertain significance,p.A357T,0.0,Unknown,357,,3.0,354.0,3.494234966340971,406.0,2.0775732439679926
Ethambutol,embB,embB_p.Ala376Thr,3) Uncertain significance,p.A376T,0.0,Unknown,376,,22.0,354.0,26.589726831992838,406.0,-0.1712742911975774
Ethambutol,embB,embB_p.Ala379Thr,3) Uncertain significance,p.A379T,0.0,Unknown,379,,25.0,354.0,26.093076821256627,406.0,-0.072177896431051
Ethambutol,embB,embB_p.Ala379Val,3) Uncertain significance,p.A379V,0.0,Unknown,379,,25.0,354.0,26.093076821256627,406.0,-0.072177896431051
Ethambutol,embB,embB_p.Ala383Ser,3) Uncertain significance,p.A383S,0.0,Unknown,383,,23.0,406.0,19.86382455621274,406.0,-0.1071971769660732
Ethambutol,embB,embB_p.Ala386Glu,3) Uncertain significance,p.A386E,0.0,Unknown,386,,20.0,406.0,17.371342982049498,406.0,-0.0675294382732054
Ethambutol,embB,embB_p.Ala386Ser,3) Uncertain significance,p.A386S,0.0,Unknown,386,,20.0,406.0,17.371342982049498,406.0,-0.0675294382732054
Ethambutol,embB,embB_p.Ala386Thr,3) Uncertain significance,p.A386T,0.0,Unknown,386,,20.0,406.0,17.371342982049498,406.0,-0.0675294382732054
Ethambutol,embB,embB_p.Ala386Val,3) Uncertain significance,p.A386V,0.0,Unknown,386,,20.0,406.0,17.371342982049498,406.0,-0.0675294382732054
Ethambutol,embB,embB_p.Ala388Asp,3) Uncertain significance,p.A388D,0.0,Unknown,388,,18.0,406.0,13.370043118853442,354.0,0.0996915969612754
Ethambutol,embB,embB_p.Ala388Ser,3) Uncertain significance,p.A388S,0.0,Unknown,388,,18.0,406.0,13.370043118853442,354.0,0.0996915969612754
Ethambutol,embB,embB_p.Ala388Val,3) Uncertain significance,p.A388V,0.0,Unknown,388,,18.0,406.0,13.370043118853442,354.0,0.0996915969612754
Ethambutol,embB,embB_p.Ala409Pro,3) Uncertain significance,p.A409P,0.9473684210526316,Unknown,409,,3.0,406.0,4.011958499286847,406.0,1.7135445790436323
Ethambutol,embB,embB_p.Ala431Pro,3) Uncertain significance,p.A431P,0.0,Unknown,431,,25.0,406.0,20.976111651113996,406.0,0.0671749690179509
Ethambutol,embB,embB_p.Ala432Val,3) Uncertain significance,p.A432V,0.0,Unknown,432,,26.0,406.0,19.95298268430062,406.0,0.1267370101833369
Ethambutol,embB,embB_p.Ala438Thr,3) Uncertain significance,p.A438T,0.0,Unknown,438,,32.0,406.0,13.410349026032085,406.0,0.6242545896142526
Ethambutol,embB,embB_p.Ala439Gly,3) Uncertain significance,p.A439G,0.0,Unknown,439,,33.0,406.0,11.871570578487091,328.0,0.7891765688351087
Ethambutol,embB,embB_p.Ala439Thr,3) Uncertain significance,p.A439T,0.5,Unknown,439,,33.0,406.0,11.871570578487091,328.0,0.7891765688351087
Ethambutol,embB,embB_p.Ala439Val,3) Uncertain significance,p.A439V,0.0,Unknown,439,,33.0,406.0,11.871570578487091,328.0,0.7891765688351087
Ethambutol,embB,embB_p.Ala43Thr,3) Uncertain significance,p.A43T,1.0,Unknown,43,,263.0,306.0,9.528358567980113,497.0,0.5588622286503583
Ethambutol,embB,embB_p.Ala43Val,3) Uncertain significance,p.A43V,0.0,Unknown,43,,263.0,306.0,9.528358567980113,497.0,0.5588622286503583
Ethambutol,embB,embB_p.Ala451Thr,3) Uncertain significance,p.A451T,0.0,Unknown,451,,45.0,406.0,11.859865471412412,406.0,0.5139518939868659
Ethambutol,embB,embB_p.Ala454Pro,3) Uncertain significance,p.A454P,0.0,Unknown,454,,43.0,497.0,14.303878844565226,406.0,0.2167507442340223
Ethambutol,embB,embB_p.Ala454Thr,3) Uncertain significance,p.A454T,0.5,Unknown,454,,43.0,497.0,14.303878844565226,406.0,0.2167507442340223
Ethambutol,embB,embB_p.Ala457Thr,3) Uncertain significance,p.A457T,0.5,Unknown,457,,40.0,497.0,19.33385344415334,406.0,0.0490806301381506
Ethambutol,embB,embB_p.Ala484Thr,3) Uncertain significance,p.A484T,0.0,Unknown,484,,13.0,497.0,17.58595061405554,328.0,0.2029606620714223
Ethambutol,embB,embB_p.Ala485Val,3) Uncertain significance,p.A485V,0.0,Unknown,485,,12.0,497.0,16.647345554171697,328.0,0.279548563874237
Ethambutol,embB,embB_p.Ala495Thr,3) Uncertain significance,p.A495T,0.0,Unknown,495,,2.0,497.0,3.986667906911742,497.0,1.8236975173957384
Ethambutol,embB,embB_p.Ala505Pro,3) Uncertain significance,p.A505P,0.0,Unknown,505,,8.0,497.0,5.953536428040071,328.0,1.6087447142987
Ethambutol,embB,embB_p.Ala505Thr,3) Uncertain significance,p.A505T,0.0,Unknown,505,,8.0,497.0,5.953536428040071,328.0,1.6087447142987
Ethambutol,embB,embB_p.Ala505Val,3) Uncertain significance,p.A505V,0.5,Unknown,505,,8.0,497.0,5.953536428040071,328.0,1.6087447142987
Ethambutol,embB,embB_p.Ala510Thr,3) Uncertain significance,p.A510T,0.0,Unknown,510,,13.0,497.0,12.064388505017567,328.0,0.9431723965097276
Ethambutol,embB,embB_p.Ala517Thr,3) Uncertain significance,p.A517T,0.0,Unknown,517,,20.0,497.0,20.571600642633523,328.0,0.4427628969815022
Ethambutol,embB,embB_p.Ala547Ser,3) Uncertain significance,p.A547S,0.0,Unknown,547,,50.0,497.0,18.386091292060964,406.0,-0.002280525065374
Ethambutol,embB,embB_p.Ala54Thr,3) Uncertain significance,p.A54T,0.0,Unknown,54,,252.0,306.0,14.829194887113731,497.0,0.4221300780367128
Ethambutol,embB,embB_p.Ala553Thr,3) Uncertain significance,p.A553T,0.0,Unknown,553,,56.0,497.0,24.182842368092302,406.0,-0.1942449881391863
Ethambutol,embB,embB_p.Ala567Asp,3) Uncertain significance,p.A567D,0.0,Unknown,567,,70.0,497.0,25.912154426060383,406.0,-0.1491408045643311
Ethambutol,embB,embB_p.Ala567Thr,3) Uncertain significance,p.A567T,0.0,Unknown,567,,70.0,497.0,25.912154426060383,406.0,-0.1491408045643311
Ethambutol,embB,embB_p.Ala571Thr,3) Uncertain significance,p.A571T,0.0,Unknown,571,,74.0,497.0,22.284737041302513,406.0,-0.1362364690285573
Ethambutol,embB,embB_p.Ala571Val,3) Uncertain significance,p.A571V,0.0,Unknown,571,,74.0,497.0,22.284737041302513,406.0,-0.1362364690285573
Ethambutol,embB,embB_p.Ala5Ser,3) Uncertain significance,p.A5S,1.0,Unknown,5,,301.0,306.0,,,
Ethambutol,embB,embB_p.Ala5Thr,3) Uncertain significance,p.A5T,0.0,Unknown,5,,301.0,306.0,,,
Ethambutol,embB,embB_p.Ala601Gly,3) Uncertain significance,p.A601G,1.0,Unknown,601,,104.0,497.0,7.725260772297604,406.0,0.6495235541495747
Ethambutol,embB,embB_p.Ala601Pro,3) Uncertain significance,p.A601P,0.0,Unknown,601,,104.0,497.0,7.725260772297604,406.0,0.6495235541495747
Ethambutol,embB,embB_p.Ala607Asp,3) Uncertain significance,p.A607D,0.0,Unknown,607,,110.0,497.0,17.979077228823513,406.0,-0.0663599275015484
Ethambutol,embB,embB_p.Ala608Thr,3) Uncertain significance,p.A608T,0.0,Unknown,608,,111.0,497.0,18.957601456935443,406.0,-0.1219084371050536
Ethambutol,embB,embB_p.Ala627Val,3) Uncertain significance,p.A627V,0.0,Unknown,627,,130.0,497.0,31.978506844441632,406.0,-0.2844068800098701
Ethambutol,embB,embB_p.Ala630Thr,3) Uncertain significance,p.A630T,0.0,Unknown,630,,133.0,497.0,30.825473718987674,406.0,-0.2925365769650662
Ethambutol,embB,embB_p.Ala677Glu,3) Uncertain significance,p.A677E,0.0,Unknown,677,,180.0,497.0,36.23373497170832,406.0,-0.2690057254118488
Ethambutol,embB,embB_p.Ala679Ser,3) Uncertain significance,p.A679S,0.0,Unknown,679,,182.0,497.0,35.338858626163905,406.0,-0.3012847471593069
Ethambutol,embB,embB_p.Ala679Thr,3) Uncertain significance,p.A679T,0.0833333333333333,Unknown,679,,182.0,497.0,35.338858626163905,406.0,-0.3012847471593069
Ethambutol,embB,embB_p.Ala679Val,3) Uncertain significance,p.A679V,1.0,Unknown,679,,182.0,497.0,35.338858626163905,406.0,-0.3012847471593069
Ethambutol,embB,embB_p.Ala680Thr,3) Uncertain significance,p.A680T,0.1666666666666666,Unknown,680,,183.0,497.0,37.15869225363023,406.0,-0.2823069537513029
Ethambutol,embB,embB_p.Ala683Val,3) Uncertain significance,p.A683V,0.0,Unknown,683,,186.0,497.0,38.302456500856444,406.0,-0.2944938831882855
Ethambutol,embB,embB_p.Ala684Thr,3) Uncertain significance,p.A684T,0.0,Unknown,684,,187.0,497.0,41.196349850441834,406.0,-0.2730898279323575
Ethambutol,embB,embB_p.Ala684Val,3) Uncertain significance,p.A684V,0.0,Unknown,684,,187.0,497.0,41.196349850441834,406.0,-0.2730898279323575
Ethambutol,embB,embB_p.Ala693Thr,3) Uncertain significance,p.A693T,0.0,Unknown,693,,196.0,497.0,45.9245004872127,406.0,-0.2671389168257175
Ethambutol,embB,embB_p.Ala701Pro,3) Uncertain significance,p.A701P,0.0,Unknown,701,,204.0,497.0,33.200252303258196,354.0,-0.2625367536389879
Ethambutol,embB,embB_p.Ala701Thr,3) Uncertain significance,p.A701T,0.0,Unknown,701,,204.0,497.0,33.200252303258196,354.0,-0.2625367536389879
Ethambutol,embB,embB_p.Ala705Thr,3) Uncertain significance,p.A705T,0.0,Unknown,705,,208.0,497.0,26.970059807126876,354.0,-0.2328689193836281
Ethambutol,embB,embB_p.Ala716Pro,3) Uncertain significance,p.A716P,0.0,Unknown,716,,219.0,497.0,18.477282132391675,354.0,-0.0904247974445547
Ethambutol,embB,embB_p.Ala716Val,3) Uncertain significance,p.A716V,0.0,Unknown,716,,219.0,497.0,18.477282132391675,354.0,-0.0904247974445547
Ethambutol,embB,embB_p.Ala720Val,3) Uncertain significance,p.A720V,0.0,Unknown,720,,223.0,497.0,19.134502893987072,354.0,-0.0841178493338712
Ethambutol,embB,embB_p.Ala724Thr,3) Uncertain significance,p.A724T,0.0,Unknown,724,,227.0,497.0,21.999135323916704,354.0,-0.1145400283323605
Ethambutol,embB,embB_p.Ala724Val,3) Uncertain significance,p.A724V,0.0,Unknown,724,,227.0,497.0,21.999135323916704,354.0,-0.1145400283323605
Ethambutol,embB,embB_p.Ala761Val,3) Uncertain significance,p.A761V,0.0,Unknown,761,,264.0,497.0,32.36520206950669,319.0,-0.3632889801317308
Ethambutol,embB,embB_p.Ala799Thr,3) Uncertain significance,p.A799T,0.0,Unknown,799,,302.0,497.0,23.461954735273025,319.0,-0.2454561560329717
Ethambutol,embB,embB_p.Ala801Glu,3) Uncertain significance,p.A801E,0.0,Unknown,801,,304.0,497.0,23.376560675172033,319.0,-0.170963774233859
Ethambutol,embB,embB_p.Ala801Thr,3) Uncertain significance,p.A801T,0.0,Unknown,801,,304.0,497.0,23.376560675172033,319.0,-0.170963774233859
Ethambutol,embB,embB_p.Ala840Gly,3) Uncertain significance,p.A840G,0.0,Unknown,840,,343.0,497.0,36.479569035283305,319.0,-0.3730754964276483
Ethambutol,embB,embB_p.Ala840Pro,3) Uncertain significance,p.A840P,0.0,Unknown,840,,343.0,497.0,36.479569035283305,319.0,-0.3730754964276483
Ethambutol,embB,embB_p.Ala840Val,3) Uncertain significance,p.A840V,0.0,Unknown,840,,343.0,497.0,36.479569035283305,319.0,-0.3730754964276483
Ethambutol,embB,embB_p.Ala852Val,3) Uncertain significance,p.A852V,0.0,Unknown,852,,355.0,497.0,51.52416958088698,319.0,-0.3323238315961614
Ethambutol,embB,embB_p.Ala861Thr,3) Uncertain significance,p.A861T,0.0,Unknown,861,,364.0,497.0,46.61364062160346,319.0,-0.500646531769888
Ethambutol,embB,embB_p.Ala880Thr,3) Uncertain significance,p.A880T,0.0,Unknown,880,,383.0,497.0,33.70701882397788,319.0,-0.4727600636134941
Ethambutol,embB,embB_p.Ala903Thr,3) Uncertain significance,p.A903T,0.0,Unknown,903,,406.0,497.0,48.80810914182192,319.0,-0.4344375848707695
Ethambutol,embB,embB_p.Ala909Thr,3) Uncertain significance,p.A909T,1.0,Unknown,909,,412.0,497.0,56.36922149542249,319.0,-0.3786864002927463
Ethambutol,embB,embB_p.Ala90Gly,3) Uncertain significance,p.A90G,0.0,Unknown,90,,216.0,306.0,40.642724281228986,319.0,-0.2818033308602828
Ethambutol,embB,embB_p.Ala928Thr,3) Uncertain significance,p.A928T,0.0,Unknown,928,,431.0,497.0,27.66184321407379,319.0,-0.3384423505648029
Ethambutol,embB,embB_p.Ala941Thr,3) Uncertain significance,p.A941T,0.0,Unknown,941,,444.0,497.0,46.26539271420918,319.0,-0.3502884551976128
Ethambutol,embB,embB_p.Ala943Val,3) Uncertain significance,p.A943V,0.0,Unknown,943,,446.0,497.0,46.42693211919134,319.0,-0.4177219442423345
Ethambutol,embB,embB_p.Ala945Thr,3) Uncertain significance,p.A945T,0.0,Unknown,945,,448.0,497.0,46.2855382706089,319.0,-0.4633816757974972
Ethambutol,embB,embB_p.Ala94Val,3) Uncertain significance,p.A94V,0.0,Unknown,94,,212.0,306.0,39.17545412627654,319.0,-0.2882206483423627
Ethambutol,embB,embB_p.Ala950Val,3) Uncertain significance,p.A950V,0.0,Unknown,950,,453.0,497.0,43.74084848285412,319.0,-0.5107962329413103
Ethambutol,embB,embB_p.Ala993Thr,3) Uncertain significance,p.A993T,0.0,Unknown,993,,496.0,497.0,12.160524042984338,306.0,0.9735211622696616
Ethambutol,embB,embB_p.Arg1045Gln,3) Uncertain significance,p.R1045Q,0.0,Unknown,1045,,548.0,497.0,16.464226553348908,319.0,-0.0677696946370878
Ethambutol,embB,embB_p.Arg1055His,3) Uncertain significance,p.R1055H,0.0,Unknown,1055,,558.0,497.0,28.578048953698712,319.0,-0.1533344714630315
Ethambutol,embB,embB_p.Arg1059Gly,3) Uncertain significance,p.R1059G,0.0,Unknown,1059,,562.0,497.0,24.91987867145425,354.0,-0.1844587630813342
Ethambutol,embB,embB_p.Arg1059Pro,3) Uncertain significance,p.R1059P,0.0,Unknown,1059,,562.0,497.0,24.91987867145425,354.0,-0.1844587630813342
Ethambutol,embB,embB_p.Arg122His,3) Uncertain significance,p.R122H,0.0,Unknown,122,,184.0,306.0,37.851914139181915,319.0,-0.3216813075836087
Ethambutol,embB,embB_p.Arg147Cys,3) Uncertain significance,p.R147C,0.0,Unknown,147,,159.0,306.0,37.8880739151517,497.0,-0.2919915340122059
Ethambutol,embB,embB_p.Arg147His,3) Uncertain significance,p.R147H,0.0,Unknown,147,,159.0,306.0,37.8880739151517,497.0,-0.2919915340122059
Ethambutol,embB,embB_p.Arg14Gln,3) Uncertain significance,p.R14Q,0.5333333333333333,Unknown,14,,292.0,306.0,,,
Ethambutol,embB,embB_p.Arg173Leu,3) Uncertain significance,p.R173L,1.0,Unknown,173,,133.0,306.0,32.72123030999903,497.0,-0.2127449532875042
Ethambutol,embB,embB_p.Arg173Pro,3) Uncertain significance,p.R173P,0.0,Unknown,173,,133.0,306.0,32.72123030999903,497.0,-0.2127449532875042
Ethambutol,embB,embB_p.Arg182Cys,3) Uncertain significance,p.R182C,0.5,Unknown,182,,124.0,306.0,17.809418126373473,497.0,0.0343232123862873
Ethambutol,embB,embB_p.Arg213Gln,5) Not assoc w R,p.R213Q,0.0047619047619047,Susceptible,213,,93.0,306.0,7.415557969566421,497.0,1.1437372866102422
Ethambutol,embB,embB_p.Arg213Trp,3) Uncertain significance,p.R213W,0.0,Unknown,213,,93.0,306.0,7.415557969566421,497.0,1.1437372866102422
Ethambutol,embB,embB_p.Arg238His,3) Uncertain significance,p.R238H,0.0,Unknown,238,,68.0,306.0,30.380161043022795,406.0,-0.0608292936971226
Ethambutol,embB,embB_p.Arg257Gln,3) Uncertain significance,p.R257Q,0.0,Unknown,257,,49.0,306.0,,,
Ethambutol,embB,embB_p.Arg257Trp,3) Uncertain significance,p.R257W,0.0,Unknown,257,,49.0,306.0,,,
Ethambutol,embB,embB_p.Arg267Gln,3) Uncertain significance,p.R267Q,0.3333333333333333,Unknown,267,,39.0,306.0,,,
Ethambutol,embB,embB_p.Arg267Pro,3) Uncertain significance,p.R267P,0.0,Unknown,267,,39.0,306.0,,,
Ethambutol,embB,embB_p.Arg351Cys,3) Uncertain significance,p.R351C,1.0,Unknown,351,,3.0,354.0,3.901184051028624,354.0,1.27544980090895
Ethambutol,embB,embB_p.Arg351His,3) Uncertain significance,p.R351H,1.0,Unknown,351,,3.0,354.0,3.901184051028624,354.0,1.27544980090895
Ethambutol,embB,embB_p.Arg367His,3) Uncertain significance,p.R367H,0.0,Unknown,367,,13.0,354.0,16.37279572950203,406.0,0.0117213944763556
Ethambutol,embB,embB_p.Arg372Cys,3) Uncertain significance,p.R372C,0.0,Unknown,372,,18.0,354.0,20.734054572128453,406.0,-0.1352956885098558
Ethambutol,embB,embB_p.Arg464Gln,3) Uncertain significance,p.R464Q,0.0,Unknown,464,,33.0,497.0,30.360419776412847,406.0,-0.1298863875929652
Ethambutol,embB,embB_p.Arg464Leu,3) Uncertain significance,p.R464L,0.0,Unknown,464,,33.0,497.0,30.360419776412847,406.0,-0.1298863875929652
Ethambutol,embB,embB_p.Arg468His,3) Uncertain significance,p.R468H,0.0,Unknown,468,,29.0,497.0,33.16179364871569,406.0,-0.1570114394945163
Ethambutol,embB,embB_p.Arg469His,3) Uncertain significance,p.R469H,0.0,Unknown,469,,28.0,497.0,31.044796568829383,406.0,-0.164756446051536
Ethambutol,embB,embB_p.Arg507Thr,3) Uncertain significance,p.R507T,0.0,Unknown,507,,10.0,497.0,10.66271602360301,328.0,0.7895657979219799
Ethambutol,embB,embB_p.Arg524His,3) Uncertain significance,p.R524H,0.6666666666666666,Unknown,524,,27.0,497.0,13.607080987485904,406.0,0.5436629928397981
Ethambutol,embB,embB_p.Arg559Pro,3) Uncertain significance,p.R559P,0.0,Unknown,559,,62.0,497.0,33.7465479123421,406.0,-0.2082249918004582
Ethambutol,embB,embB_p.Arg568His,3) Uncertain significance,p.R568H,0.0,Unknown,568,,71.0,497.0,27.275638599306905,406.0,-0.160909369344862
Ethambutol,embB,embB_p.Arg573Gln,3) Uncertain significance,p.R573Q,0.0,Unknown,573,,76.0,497.0,18.826512608552868,406.0,-0.0702268878850942
Ethambutol,embB,embB_p.Arg61Pro,3) Uncertain significance,p.R61P,0.0,Unknown,61,,245.0,306.0,23.586433091928072,319.0,0.0088674285104961
Ethambutol,embB,embB_p.Arg61Trp,3) Uncertain significance,p.R61W,0.0,Unknown,61,,245.0,306.0,23.586433091928072,319.0,0.0088674285104961
Ethambutol,embB,embB_p.Arg620Cys,3) Uncertain significance,p.R620C,0.0,Unknown,620,,123.0,497.0,36.812886330740234,406.0,-0.2934582252454646
Ethambutol,embB,embB_p.Arg620Pro,3) Uncertain significance,p.R620P,0.0,Unknown,620,,123.0,497.0,36.812886330740234,406.0,-0.2934582252454646
Ethambutol,embB,embB_p.Arg623Pro,3) Uncertain significance,p.R623P,0.0,Unknown,623,,126.0,497.0,36.89450534971298,406.0,-0.3089427091636805
Ethambutol,embB,embB_p.Arg691His,3) Uncertain significance,p.R691H,1.0,Unknown,691,,194.0,497.0,43.903789278375505,406.0,-0.2542854356918947
Ethambutol,embB,embB_p.Arg728Gln,3) Uncertain significance,p.R728Q,0.0,Unknown,728,,231.0,497.0,24.960270611513817,354.0,-0.1497328674422988
Ethambutol,embB,embB_p.Arg741Trp,3) Uncertain significance,p.R741W,0.0,Unknown,741,,244.0,497.0,19.421603589817188,354.0,0.1680474641107586
Ethambutol,embB,embB_p.Arg7Thr,3) Uncertain significance,p.R7T,0.0,Unknown,7,,299.0,306.0,,,
Ethambutol,embB,embB_p.Arg930His,3) Uncertain significance,p.R930H,0.0,Unknown,930,,433.0,497.0,28.687314374127112,319.0,-0.4315971820170056
Ethambutol,embB,embB_p.Arg972His,3) Uncertain significance,p.R972H,1.0,Unknown,972,,475.0,497.0,23.75354965052592,319.0,-0.1132061703553048
Ethambutol,embB,embB_p.Asn1004Thr,3) Uncertain significance,p.N1004T,0.0,Unknown,1004,,507.0,497.0,11.157086940595198,319.0,0.9713113761255489
Ethambutol,embB,embB_p.Asn129Asp,3) Uncertain significance,p.N129D,0.0,Unknown,129,,177.0,306.0,25.156189814834832,319.0,-0.1661128478687976
Ethambutol,embB,embB_p.Asn13Ser,5) Not assoc w R,p.N13S,0.0339805825242718,Susceptible,13,,293.0,306.0,,,
Ethambutol,embB,embB_p.Asn160Asp,3) Uncertain significance,p.N160D,0.0,Unknown,160,,146.0,306.0,35.77335764224543,497.0,-0.2572938105707037
Ethambutol,embB,embB_p.Asn296His,3) Uncertain significance,p.N296H,0.4819277108433735,Unknown,296,,10.0,306.0,8.95420828437669,354.0,0.8870230789232094
Ethambutol,embB,embB_p.Asn296Tyr,3) Uncertain significance,p.N296Y,0.4,Unknown,296,,10.0,306.0,8.95420828437669,354.0,0.8870230789232094
Ethambutol,embB,embB_p.Asn318Asp,3) Uncertain significance,p.N318D,0.5714285714285714,Unknown,318,,1.0,319.0,1.3325051594646946,319.0,5.584660845419747
Ethambutol,embB,embB_p.Asn399Thr,3) Uncertain significance,p.N399T,0.7142857142857143,Unknown,399,,7.0,406.0,3.3506166596613123,406.0,2.159296983556126
Ethambutol,embB,embB_p.Asn400Ser,3) Uncertain significance,p.N400S,0.0,Unknown,400,,6.0,406.0,4.541850944273689,354.0,1.436937861764355
Ethambutol,embB,embB_p.Asn400Tyr,3) Uncertain significance,p.N400Y,1.0,Unknown,400,,6.0,406.0,4.541850944273689,354.0,1.436937861764355
Ethambutol,embB,embB_p.Asn522His,3) Uncertain significance,p.N522H,0.0,Unknown,522,,25.0,497.0,22.16170672579169,406.0,0.2443017589905236
Ethambutol,embB,embB_p.Asn522Thr,3) Uncertain significance,p.N522T,1.0,Unknown,522,,25.0,497.0,22.16170672579169,406.0,0.2443017589905236
Ethambutol,embB,embB_p.Asn644Ile,3) Uncertain significance,p.N644I,1.0,Unknown,644,,147.0,497.0,20.746957969784393,354.0,0.028204578023324
Ethambutol,embB,embB_p.Asn644Thr,3) Uncertain significance,p.N644T,1.0,Unknown,644,,147.0,497.0,20.746957969784393,354.0,0.028204578023324
Ethambutol,embB,embB_p.Asn657Asp,3) Uncertain significance,p.N657D,0.0,Unknown,657,,160.0,497.0,21.509508688019828,354.0,0.0309705462178697
Ethambutol,embB,embB_p.Asn791Ser,3) Uncertain significance,p.N791S,0.0,Unknown,791,,294.0,497.0,41.13646490645495,319.0,-0.4465118038212084
Ethambutol,embB,embB_p.Asn807Asp,3) Uncertain significance,p.N807D,0.0,Unknown,807,,310.0,497.0,19.507088403962292,319.0,0.009721246936129
Ethambutol,embB,embB_p.Asn807Thr,3) Uncertain significance,p.N807T,0.0,Unknown,807,,310.0,497.0,19.507088403962292,319.0,0.009721246936129
Ethambutol,embB,embB_p.Asn886His,3) Uncertain significance,p.N886H,0.0,Unknown,886,,389.0,497.0,33.7962296565756,319.0,-0.3623868993877202
Ethambutol,embB,embB_p.Asn886Thr,3) Uncertain significance,p.N886T,0.0,Unknown,886,,389.0,497.0,33.7962296565756,319.0,-0.3623868993877202
Ethambutol,embB,embB_p.Asn931Asp,3) Uncertain significance,p.N931D,0.0,Unknown,931,,434.0,497.0,28.234337357196836,319.0,-0.4312434240749269
Ethambutol,embB,embB_p.Asp1017Glu,3) Uncertain significance,p.D1017E,1.0,Unknown,1017,,520.0,497.0,17.67516681675169,319.0,0.2630526161108172
Ethambutol,embB,embB_p.Asp1024Asn,3) Uncertain significance,p.D1024N,0.6116838487972509,Unknown,1024,,527.0,497.0,12.465377852275484,319.0,0.6037274885160829
Ethambutol,embB,embB_p.Asp1041Ala,3) Uncertain significance,p.D1041A,0.0,Unknown,1041,,544.0,497.0,13.15563981720386,319.0,0.1435563784465315
Ethambutol,embB,embB_p.Asp1056Ala,3) Uncertain significance,p.D1056A,1.0,Unknown,1056,,559.0,497.0,26.61340117309324,354.0,-0.1927192098111012
Ethambutol,embB,embB_p.Asp1056Glu,3) Uncertain significance,p.D1056E,0.0,Unknown,1056,,559.0,497.0,26.61340117309324,354.0,-0.1927192098111012
Ethambutol,embB,embB_p.Asp1060Asn,3) Uncertain significance,p.D1060N,0.0,Unknown,1060,,563.0,497.0,21.936538674093498,319.0,-0.0443697127265509
Ethambutol,embB,embB_p.Asp1068Tyr,3) Uncertain significance,p.D1068Y,0.0,Unknown,1068,,571.0,497.0,16.59349682857713,319.0,-0.0313265479684739
Ethambutol,embB,embB_p.Asp1072Asn,3) Uncertain significance,p.D1072N,0.0,Unknown,1072,,575.0,497.0,22.15138072446047,319.0,-0.0771366471166524
Ethambutol,embB,embB_p.Asp108Asn,3) Uncertain significance,p.D108N,0.6666666666666666,Unknown,108,,198.0,306.0,19.84867925077131,319.0,-0.1014028780474514
Ethambutol,embB,embB_p.Asp127Ala,3) Uncertain significance,p.D127A,0.0,Unknown,127,,179.0,306.0,24.28059521510953,319.0,-0.2061794543842541
Ethambutol,embB,embB_p.Asp166Ala,3) Uncertain significance,p.D166A,0.0,Unknown,166,,140.0,306.0,44.76895571710378,319.0,-0.2171445814442214
Ethambutol,embB,embB_p.Asp178Asn,3) Uncertain significance,p.D178N,0.0,Unknown,178,,128.0,306.0,26.0255426264276,497.0,-0.047590870836042
Ethambutol,embB,embB_p.Asp178His,3) Uncertain significance,p.D178H,0.0,Unknown,178,,128.0,306.0,26.0255426264276,497.0,-0.047590870836042
Ethambutol,embB,embB_p.Asp191Glu,3) Uncertain significance,p.D191E,0.0,Unknown,191,,115.0,306.0,29.478902455824237,319.0,-0.2670990465938431
Ethambutol,embB,embB_p.Asp191Tyr,3) Uncertain significance,p.D191Y,0.0,Unknown,191,,115.0,306.0,29.478902455824237,319.0,-0.2670990465938431
Ethambutol,embB,embB_p.Asp207Asn,3) Uncertain significance,p.D207N,0.0,Unknown,207,,99.0,306.0,10.34221881416168,497.0,0.7471890353866822
Ethambutol,embB,embB_p.Asp207Glu,3) Uncertain significance,p.D207E,0.0,Unknown,207,,99.0,306.0,10.34221881416168,497.0,0.7471890353866822
Ethambutol,embB,embB_p.Asp240Asn,3) Uncertain significance,p.D240N,0.0,Unknown,240,,66.0,306.0,27.707173836391178,406.0,-0.1227025525930713
Ethambutol,embB,embB_p.Asp240Gly,3) Uncertain significance,p.D240G,0.0,Unknown,240,,66.0,306.0,27.707173836391178,406.0,-0.1227025525930713
Ethambutol,embB,embB_p.Asp240Tyr,3) Uncertain significance,p.D240Y,0.0,Unknown,240,,66.0,306.0,27.707173836391178,406.0,-0.1227025525930713
Ethambutol,embB,embB_p.Asp240Val,3) Uncertain significance,p.D240V,0.0,Unknown,240,,66.0,306.0,27.707173836391178,406.0,-0.1227025525930713
Ethambutol,embB,embB_p.Asp243His,3) Uncertain significance,p.D243H,0.0,Unknown,243,,63.0,306.0,33.12857189798559,406.0,-0.1251354596597841
Ethambutol,embB,embB_p.Asp280Asn,3) Uncertain significance,p.D280N,0.0,Unknown,280,,26.0,306.0,14.462807265534607,354.0,0.0669764055882009
Ethambutol,embB,embB_p.Asp280Tyr,3) Uncertain significance,p.D280Y,0.0,Unknown,280,,26.0,306.0,14.462807265534607,354.0,0.0669764055882009
Ethambutol,embB,embB_p.Asp300Glu,3) Uncertain significance,p.D300E,1.0,Unknown,300,,6.0,306.0,6.80049895228284,306.0,2.6672803485975405
Ethambutol,embB,embB_p.Asp300Gly,3) Uncertain significance,p.D300G,0.3333333333333333,Unknown,300,,6.0,306.0,6.80049895228284,306.0,2.6672803485975405
Ethambutol,embB,embB_p.Asp311Ala,3) Uncertain significance,p.D311A,0.0,Unknown,311,,5.0,306.0,6.616507689106094,306.0,3.006972698437164
Ethambutol,embB,embB_p.Asp311Phe,3) Uncertain significance,p.D311F,0.0,Unknown,311,,5.0,306.0,6.616507689106094,306.0,3.006972698437164
Ethambutol,embB,embB_p.Asp328Ala,3) Uncertain significance,p.D328A,0.5,Unknown,328,,9.0,319.0,3.2452281892033374,497.0,2.822947433368292
Ethambutol,embB,embB_p.Asp328Gly,3) Uncertain significance,p.D328G,0.71875,Unknown,328,,9.0,319.0,3.2452281892033374,497.0,2.822947433368292
Ethambutol,embB,embB_p.Asp328His,3) Uncertain significance,p.D328H,0.3846153846153846,Unknown,328,,9.0,319.0,3.2452281892033374,497.0,2.822947433368292
Ethambutol,embB,embB_p.Asp328Ile,3) Uncertain significance,p.D328I,0.5,Unknown,328,,9.0,319.0,3.2452281892033374,497.0,2.822947433368292
Ethambutol,embB,embB_p.Asp328Phe,3) Uncertain significance,p.D328F,1.0,Unknown,328,,9.0,319.0,3.2452281892033374,497.0,2.822947433368292
Ethambutol,embB,embB_p.Asp328Tyr,1) Assoc w R,p.D328Y,0.9019607843137256,Resistant,328,,9.0,319.0,3.2452281892033374,497.0,2.822947433368292
Ethambutol,embB,embB_p.Asp328Val,3) Uncertain significance,p.D328V,1.0,Unknown,328,,9.0,319.0,3.2452281892033374,497.0,2.822947433368292
Ethambutol,embB,embB_p.Asp354Ala,1) Assoc w R,p.D354A,0.6872146118721462,Resistant,354,,26.0,328.0,4.2412367300116545,406.0,1.9397173493832196
Ethambutol,embB,embB_p.Asp354Asn,3) Uncertain significance,p.D354N,0.0,Unknown,354,,26.0,328.0,4.2412367300116545,406.0,1.9397173493832196
Ethambutol,embB,embB_p.Asp354Gly,3) Uncertain significance,p.D354G,0.5,Unknown,354,,26.0,328.0,4.2412367300116545,406.0,1.9397173493832196
Ethambutol,embB,embB_p.Asp496Asn,3) Uncertain significance,p.D496N,1.0,Unknown,496,,1.0,497.0,1.3301947225876356,497.0,4.56974413233685
Ethambutol,embB,embB_p.Asp57Gly,3) Uncertain significance,p.D57G,0.5,Unknown,57,,249.0,306.0,23.35421762765775,319.0,-0.0108906861333986
Ethambutol,embB,embB_p.Asp664Gly,3) Uncertain significance,p.D664G,0.0,Unknown,664,,167.0,497.0,35.78047985983419,354.0,-0.2049262767065768
Ethambutol,embB,embB_p.Asp752His,3) Uncertain significance,p.D752H,0.0,Unknown,752,,255.0,497.0,22.237854617745853,319.0,-0.0072093923785192
Ethambutol,embB,embB_p.Asp758Asn,3) Uncertain significance,p.D758N,0.0,Unknown,758,,261.0,497.0,25.691147385821434,319.0,-0.2406208184452328
Ethambutol,embB,embB_p.Asp78Ala,3) Uncertain significance,p.D78A,0.0,Unknown,78,,228.0,306.0,19.126857164730442,497.0,0.0694308195424366
Ethambutol,embB,embB_p.Asp78Glu,3) Uncertain significance,p.D78E,0.0,Unknown,78,,228.0,306.0,19.126857164730442,497.0,0.0694308195424366
Ethambutol,embB,embB_p.Asp78Gly,3) Uncertain significance,p.D78G,0.0833333333333333,Unknown,78,,228.0,306.0,19.126857164730442,497.0,0.0694308195424366
Ethambutol,embB,embB_p.Asp814Ala,3) Uncertain significance,p.D814A,0.0,Unknown,814,,317.0,497.0,22.948628303234166,319.0,-0.2459465927772889
Ethambutol,embB,embB_p.Asp814Asn,3) Uncertain significance,p.D814N,0.0,Unknown,814,,317.0,497.0,22.948628303234166,319.0,-0.2459465927772889
Ethambutol,embB,embB_p.Asp816His,3) Uncertain significance,p.D816H,1.0,Unknown,816,,319.0,497.0,22.558707986052735,319.0,-0.1635407447896371
Ethambutol,embB,embB_p.Asp869Glu,3) Uncertain significance,p.D869E,0.0,Unknown,869,,372.0,497.0,37.4134544382098,319.0,-0.2627124821194785
Ethambutol,embB,embB_p.Asp869Gly,3) Uncertain significance,p.D869G,0.0,Unknown,869,,372.0,497.0,37.4134544382098,319.0,-0.2627124821194785
Ethambutol,embB,embB_p.Asp869His,3) Uncertain significance,p.D869H,0.0,Unknown,869,,372.0,497.0,37.4134544382098,319.0,-0.2627124821194785
Ethambutol,embB,embB_p.Asp870Asn,3) Uncertain significance,p.D870N,0.0,Unknown,870,,373.0,497.0,33.89622800548757,319.0,-0.1698714963829135
Ethambutol,embB,embB_p.Asp920Asn,3) Uncertain significance,p.D920N,1.0,Unknown,920,,423.0,497.0,30.75762172210331,319.0,-0.3806641255469007
Ethambutol,embB,embB_p.Asp952Glu,3) Uncertain significance,p.D952E,0.0,Unknown,952,,455.0,497.0,44.263906899414124,319.0,-0.4634379634887406
Ethambutol,embB,embB_p.Asp970Ala,3) Uncertain significance,p.D970A,0.0,Unknown,970,,473.0,497.0,29.15995132026115,319.0,-0.2648470759689503
Ethambutol,embB,embB_p.Asp970Glu,3) Uncertain significance,p.D970E,0.0,Unknown,970,,473.0,497.0,29.15995132026115,319.0,-0.2648470759689503
Ethambutol,embB,embB_p.Asp970Gly,3) Uncertain significance,p.D970G,0.0,Unknown,970,,473.0,497.0,29.15995132026115,319.0,-0.2648470759689503
Ethambutol,embB,embB_p.Cys361Ser,3) Uncertain significance,p.C361S,0.1428571428571428,Unknown,361,,7.0,354.0,4.8269010762600235,406.0,1.1490178467338397
Ethambutol,embB,embB_p.Cys361Tyr,3) Uncertain significance,p.C361Y,1.0,Unknown,361,,7.0,354.0,4.8269010762600235,406.0,1.1490178467338397
Ethambutol,embB,embB_p.Cys4Ser,3) Uncertain significance,p.C4S,0.0,Unknown,4,,302.0,306.0,,,
Ethambutol,embB,embB_p.Cys549Phe,3) Uncertain significance,p.C549F,0.25,Unknown,549,,52.0,497.0,20.711795697138378,406.0,-0.1664997641816435
Ethambutol,embB,embB_p.Cys549Tyr,3) Uncertain significance,p.C549Y,0.0,Unknown,549,,52.0,497.0,20.711795697138378,406.0,-0.1664997641816435
Ethambutol,embB,embB_p.Gln112His,3) Uncertain significance,p.Q112H,0.0,Unknown,112,,194.0,306.0,17.138710132329095,319.0,-0.0381635903658119
Ethambutol,embB,embB_p.Gln139His,5) Not assoc w R,p.Q139H,0.0068493150684931,Susceptible,139,,167.0,306.0,45.98185625874622,319.0,-0.3028458374922764
Ethambutol,embB,embB_p.Gln144Pro,3) Uncertain significance,p.Q144P,0.0,Unknown,144,,162.0,306.0,46.64477369438081,497.0,-0.2465869692140698
Ethambutol,embB,embB_p.Gln3Arg,3) Uncertain significance,p.Q3R,0.0,Unknown,3,,303.0,306.0,,,
Ethambutol,embB,embB_p.Gln3His,3) Uncertain significance,p.Q3H,0.0,Unknown,3,,303.0,306.0,,,
Ethambutol,embB,embB_p.Gln445Arg,3) Uncertain significance,p.Q445R,0.9772727272727272,Unknown,445,,39.0,406.0,7.064899291568146,306.0,2.7484474368420404
Ethambutol,embB,embB_p.Gln497Arg,1) Assoc w R,p.Q497R,0.8168438266557645,Resistant,497,,91.0,406.0,3.2452281892033374,328.0,1.225561467251456
Ethambutol,embB,embB_p.Gln497Glu,3) Uncertain significance,p.Q497E,0.0,Unknown,497,,91.0,406.0,3.2452281892033374,328.0,1.225561467251456
Ethambutol,embB,embB_p.Gln497His,3) Uncertain significance,p.Q497H,0.7777777777777778,Unknown,497,,91.0,406.0,3.2452281892033374,328.0,1.225561467251456
Ethambutol,embB,embB_p.Gln497Leu,3) Uncertain significance,p.Q497L,0.0,Unknown,497,,91.0,406.0,3.2452281892033374,328.0,1.225561467251456
Ethambutol,embB,embB_p.Gln497Lys,1) Assoc w R,p.Q497K,0.7397959183673469,Resistant,497,,91.0,406.0,3.2452281892033374,328.0,1.225561467251456
Ethambutol,embB,embB_p.Gln497Pro,3) Uncertain significance,p.Q497P,0.582089552238806,Unknown,497,,91.0,406.0,3.2452281892033374,328.0,1.225561467251456
Ethambutol,embB,embB_p.Gln516Glu,3) Uncertain significance,p.Q516E,0.0,Unknown,516,,19.0,497.0,17.672006252828233,306.0,0.6355982480130472
Ethambutol,embB,embB_p.Gln51Pro,3) Uncertain significance,p.Q51P,0.0,Unknown,51,,255.0,306.0,9.025333567242829,497.0,0.6586018010136672
Ethambutol,embB,embB_p.Gln63Lys,3) Uncertain significance,p.Q63K,1.0,Unknown,63,,243.0,306.0,30.595156953348013,319.0,-0.1375610594262037
Ethambutol,embB,embB_p.Gln729Pro,3) Uncertain significance,p.Q729P,0.5,Unknown,729,,232.0,497.0,23.52059960970382,354.0,-0.0638347807474735
Ethambutol,embB,embB_p.Gln853Arg,3) Uncertain significance,p.Q853R,0.875,Unknown,853,,356.0,497.0,46.763266406443435,319.0,-0.3977868987255212
Ethambutol,embB,embB_p.Gln853His,3) Uncertain significance,p.Q853H,1.0,Unknown,853,,356.0,497.0,46.763266406443435,319.0,-0.3977868987255212
Ethambutol,embB,embB_p.Gln853Pro,3) Uncertain significance,p.Q853P,0.5652173913043478,Unknown,853,,356.0,497.0,46.763266406443435,319.0,-0.3977868987255212
Ethambutol,embB,embB_p.Gln925Pro,3) Uncertain significance,p.Q925P,1.0,Unknown,925,,428.0,497.0,27.470931109083303,319.0,-0.2550056625092385
Ethambutol,embB,embB_p.Glu1008Ala,3) Uncertain significance,p.E1008A,0.0,Unknown,1008,,511.0,497.0,7.607698337868015,319.0,0.861492701858995
Ethambutol,embB,embB_p.Glu1008Lys,3) Uncertain significance,p.E1008K,0.0,Unknown,1008,,511.0,497.0,7.607698337868015,319.0,0.861492701858995
Ethambutol,embB,embB_p.Glu138Ala,3) Uncertain significance,p.E138A,0.0,Unknown,138,,168.0,306.0,45.858874768140566,319.0,-0.2818175527729818
Ethambutol,embB,embB_p.Glu138Gly,3) Uncertain significance,p.E138G,0.0,Unknown,138,,168.0,306.0,45.858874768140566,319.0,-0.2818175527729818
Ethambutol,embB,embB_p.Glu138Lys,3) Uncertain significance,p.E138K,0.6666666666666666,Unknown,138,,168.0,306.0,45.858874768140566,319.0,-0.2818175527729818
Ethambutol,embB,embB_p.Glu149Ala,3) Uncertain significance,p.E149A,0.0,Unknown,149,,157.0,306.0,33.05982979387522,497.0,-0.2598362184829341
Ethambutol,embB,embB_p.Glu149Lys,3) Uncertain significance,p.E149K,0.0,Unknown,149,,157.0,306.0,33.05982979387522,497.0,-0.2598362184829341
Ethambutol,embB,embB_p.Glu378Ala,5) Not assoc w R,p.E378A,0.0767996331957817,Susceptible,378,,24.0,354.0,24.04618327302694,406.0,-0.1401582350099008
Ethambutol,embB,embB_p.Glu378Asp,3) Uncertain significance,p.E378D,0.0,Unknown,378,,24.0,354.0,24.04618327302694,406.0,-0.1401582350099008
Ethambutol,embB,embB_p.Glu405Asp,3) Uncertain significance,p.E405D,0.8448275862068966,Unknown,405,,1.0,406.0,1.3329238537891062,406.0,5.0235798575395
Ethambutol,embB,embB_p.Glu405Gly,3) Uncertain significance,p.E405G,0.0,Unknown,405,,1.0,406.0,1.3329238537891062,406.0,5.0235798575395
Ethambutol,embB,embB_p.Glu504Ala,3) Uncertain significance,p.E504A,1.0,Unknown,504,,7.0,497.0,9.086963134072898,497.0,0.9519704543782116
Ethambutol,embB,embB_p.Glu504Asp,3) Uncertain significance,p.E504D,0.6129032258064516,Unknown,504,,7.0,497.0,9.086963134072898,497.0,0.9519704543782116
Ethambutol,embB,embB_p.Glu504Gly,3) Uncertain significance,p.E504G,1.0,Unknown,504,,7.0,497.0,9.086963134072898,497.0,0.9519704543782116
Ethambutol,embB,embB_p.Glu521Ala,3) Uncertain significance,p.E521A,0.5,Unknown,521,,24.0,497.0,17.707781396888784,406.0,0.3471158632572261
Ethambutol,embB,embB_p.Glu901Asp,3) Uncertain significance,p.E901D,0.0,Unknown,901,,404.0,497.0,45.04760256661834,319.0,-0.4935531416468597
Ethambutol,embB,embB_p.Glu951Gln,3) Uncertain significance,p.E951Q,0.0,Unknown,951,,454.0,497.0,45.77132753154535,319.0,-0.4781899622135164
Ethambutol,embB,embB_p.Glu951Lys,3) Uncertain significance,p.E951K,0.0,Unknown,951,,454.0,497.0,45.77132753154535,319.0,-0.4781899622135164
Ethambutol,embB,embB_p.Glu958Ala,3) Uncertain significance,p.E958A,0.0,Unknown,958,,461.0,497.0,39.731944289198836,319.0,-0.3907873385304368
Ethambutol,embB,embB_p.Glu958Gly,3) Uncertain significance,p.E958G,0.0,Unknown,958,,461.0,497.0,39.731944289198836,319.0,-0.3907873385304368
Ethambutol,embB,embB_p.Glu976Gln,3) Uncertain significance,p.E976Q,0.0,Unknown,976,,479.0,497.0,20.073850876202105,319.0,0.1333719176266938
Ethambutol,embB,embB_p.Glu976Lys,3) Uncertain significance,p.E976K,0.0,Unknown,976,,479.0,497.0,20.073850876202105,319.0,0.1333719176266938
Ethambutol,embB,embB_p.Gly1005Ala,3) Uncertain significance,p.G1005A,0.0,Unknown,1005,,508.0,497.0,9.996507290048875,319.0,0.9417446203536436
Ethambutol,embB,embB_p.Gly1005Asp,3) Uncertain significance,p.G1005D,0.0,Unknown,1005,,508.0,497.0,9.996507290048875,319.0,0.9417446203536436
Ethambutol,embB,embB_p.Gly100Ser,3) Uncertain significance,p.G100S,0.0909090909090909,Unknown,100,,206.0,306.0,23.962682362373382,319.0,-0.2050268549665473
Ethambutol,embB,embB_p.Gly1031Ser,3) Uncertain significance,p.G1031S,0.5,Unknown,1031,,534.0,497.0,10.963971543195472,319.0,0.5168308679868049
Ethambutol,embB,embB_p.Gly1035Ser,3) Uncertain significance,p.G1035S,0.0,Unknown,1035,,538.0,497.0,5.8496483655002764,319.0,1.0804319286710746
Ethambutol,embB,embB_p.Gly106Arg,3) Uncertain significance,p.G106R,0.0,Unknown,106,,200.0,306.0,21.104030468135708,319.0,-0.1312261863345577
Ethambutol,embB,embB_p.Gly106Val,3) Uncertain significance,p.G106V,0.0,Unknown,106,,200.0,306.0,21.104030468135708,319.0,-0.1312261863345577
Ethambutol,embB,embB_p.Gly1081Ser,3) Uncertain significance,p.G1081S,1.0,Unknown,1081,,584.0,497.0,15.152534507467735,497.0,0.4786341392684193
Ethambutol,embB,embB_p.Gly1087Asp,3) Uncertain significance,p.G1087D,1.0,Unknown,1087,,590.0,497.0,7.44547822507058,497.0,0.7897828065847994
Ethambutol,embB,embB_p.Gly1087Cys,3) Uncertain significance,p.G1087C,0.0,Unknown,1087,,590.0,497.0,7.44547822507058,497.0,0.7897828065847994
Ethambutol,embB,embB_p.Gly1092Ala,3) Uncertain significance,p.G1092A,0.0,Unknown,1092,,595.0,497.0,12.998787789636383,497.0,0.5117022904464521
Ethambutol,embB,embB_p.Gly1092Arg,3) Uncertain significance,p.G1092R,0.0,Unknown,1092,,595.0,497.0,12.998787789636383,497.0,0.5117022904464521
Ethambutol,embB,embB_p.Gly1097Ser,3) Uncertain significance,p.G1097S,0.0,Unknown,1097,,600.0,497.0,17.510664093631615,319.0,0.3265389538445626
Ethambutol,embB,embB_p.Gly156Asp,3) Uncertain significance,p.G156D,0.0,Unknown,156,,150.0,306.0,26.285119763851167,497.0,-0.0882126369511353
Ethambutol,embB,embB_p.Gly156Cys,4) Not assoc w R - Interim,p.G156C,0.5736434108527132,Susceptible,156,,150.0,306.0,26.285119763851167,497.0,-0.0882126369511353
Ethambutol,embB,embB_p.Gly169Asp,3) Uncertain significance,p.G169D,0.0,Unknown,169,,137.0,306.0,46.394706961031645,497.0,-0.1882228357191586
Ethambutol,embB,embB_p.Gly175Arg,3) Uncertain significance,p.G175R,0.0,Unknown,175,,131.0,306.0,32.10371637365368,319.0,-0.1677098301355802
Ethambutol,embB,embB_p.Gly175Ser,3) Uncertain significance,p.G175S,0.0,Unknown,175,,131.0,306.0,32.10371637365368,319.0,-0.1677098301355802
Ethambutol,embB,embB_p.Gly194Arg,3) Uncertain significance,p.G194R,0.0,Unknown,194,,112.0,306.0,33.70180311199981,319.0,-0.1676467692492781
Ethambutol,embB,embB_p.Gly199Arg,3) Uncertain significance,p.G199R,0.1666666666666666,Unknown,199,,107.0,306.0,34.61613824504402,319.0,-0.2013668227292632
Ethambutol,embB,embB_p.Gly199Glu,3) Uncertain significance,p.G199E,0.0,Unknown,199,,107.0,306.0,34.61613824504402,319.0,-0.2013668227292632
Ethambutol,embB,embB_p.Gly244Arg,3) Uncertain significance,p.G244R,0.0,Unknown,244,,62.0,306.0,35.97988984141003,406.0,-0.074775711381252
Ethambutol,embB,embB_p.Gly246Arg,3) Uncertain significance,p.G246R,0.0769230769230769,Unknown,246,,60.0,306.0,30.45169331909147,406.0,-0.0271162582326874
Ethambutol,embB,embB_p.Gly25Ala,3) Uncertain significance,p.G25A,0.0,Unknown,25,,281.0,306.0,34.016387139142225,497.0,-0.0265878411593429
Ethambutol,embB,embB_p.Gly25Arg,3) Uncertain significance,p.G25R,0.0,Unknown,25,,281.0,306.0,34.016387139142225,497.0,-0.0265878411593429
Ethambutol,embB,embB_p.Gly294Ser,3) Uncertain significance,p.G294S,0.5,Unknown,294,,12.0,306.0,11.464553850891887,354.0,0.4625307209211031
Ethambutol,embB,embB_p.Gly305Cys,3) Uncertain significance,p.G305C,0.0,Unknown,305,,1.0,306.0,1.3305946039271386,306.0,15.387102749759718
Ethambutol,embB,embB_p.Gly314Ser,3) Uncertain significance,p.G314S,0.0,Unknown,314,,5.0,319.0,5.875089361022508,497.0,2.5141449950040786
Ethambutol,embB,embB_p.Gly34Arg,3) Uncertain significance,p.G34R,0.0,Unknown,34,,272.0,306.0,21.028990394215317,497.0,0.0539536569525782
Ethambutol,embB,embB_p.Gly34Val,3) Uncertain significance,p.G34V,0.0,Unknown,34,,272.0,306.0,21.028990394215317,497.0,0.0539536569525782
Ethambutol,embB,embB_p.Gly374Glu,3) Uncertain significance,p.G374E,0.0,Unknown,374,,20.0,354.0,24.878219811714835,406.0,-0.1356570188399938
Ethambutol,embB,embB_p.Gly374Trp,3) Uncertain significance,p.G374W,0.0,Unknown,374,,20.0,354.0,24.878219811714835,406.0,-0.1356570188399938
Ethambutol,embB,embB_p.Gly37Ser,3) Uncertain significance,p.G37S,0.0,Unknown,37,,269.0,306.0,16.12956530722388,497.0,0.2108895314878052
Ethambutol,embB,embB_p.Gly406Ala,1) Assoc w R,p.G406A,0.6223908918406073,Resistant,406,,52.0,354.0,4.2412367300116545,354.0,1.148261439358372
Ethambutol,embB,embB_p.Gly406Asp,1) Assoc w R,p.G406D,0.5637860082304527,Resistant,406,,52.0,354.0,4.2412367300116545,354.0,1.148261439358372
Ethambutol,embB,embB_p.Gly406Cys,1) Assoc w R,p.G406C,0.5625,Resistant,406,,52.0,354.0,4.2412367300116545,354.0,1.148261439358372
Ethambutol,embB,embB_p.Gly406Ser,1) Assoc w R,p.G406S,0.7110266159695817,Resistant,406,,52.0,354.0,4.2412367300116545,354.0,1.148261439358372
Ethambutol,embB,embB_p.Gly406Val,3) Uncertain significance,p.G406V,1.0,Unknown,406,,52.0,354.0,4.2412367300116545,354.0,1.148261439358372
Ethambutol,embB,embB_p.Gly443Ser,3) Uncertain significance,p.G443S,0.0,Unknown,443,,37.0,406.0,7.545251818196664,328.0,1.61556319530808
Ethambutol,embB,embB_p.Gly458Cys,3) Uncertain significance,p.G458C,0.0,Unknown,458,,39.0,497.0,20.71436518457663,406.0,0.010071237985711
Ethambutol,embB,embB_p.Gly459Ser,3) Uncertain significance,p.G459S,0.0,Unknown,459,,38.0,497.0,23.359016931369364,406.0,-0.009564527397141
Ethambutol,embB,embB_p.Gly474Asp,3) Uncertain significance,p.G474D,0.0,Unknown,474,,23.0,497.0,35.16566231425197,328.0,-0.0956819095531661
Ethambutol,embB,embB_p.Gly535Ser,3) Uncertain significance,p.G535S,0.0,Unknown,535,,38.0,497.0,17.500349853645805,406.0,0.2978159780346193
Ethambutol,embB,embB_p.Gly542Ser,3) Uncertain significance,p.G542S,0.0,Unknown,542,,45.0,497.0,14.056221256084454,406.0,0.1654403737598695
Ethambutol,embB,embB_p.Gly580Ser,3) Uncertain significance,p.G580S,0.25,Unknown,580,,83.0,497.0,17.03006382841828,406.0,0.2267792676553468
Ethambutol,embB,embB_p.Gly603Ala,3) Uncertain significance,p.G603A,0.0,Unknown,603,,106.0,497.0,12.75742301564075,406.0,0.174044209091441
Ethambutol,embB,embB_p.Gly603Arg,3) Uncertain significance,p.G603R,0.2857142857142857,Unknown,603,,106.0,497.0,12.75742301564075,406.0,0.174044209091441
Ethambutol,embB,embB_p.Gly62Arg,3) Uncertain significance,p.G62R,0.0,Unknown,62,,244.0,306.0,30.269131702115263,319.0,-0.0842041487899597
Ethambutol,embB,embB_p.Gly65Asp,3) Uncertain significance,p.G65D,0.0,Unknown,65,,241.0,306.0,25.599564547077744,319.0,-0.1387380204802803
Ethambutol,embB,embB_p.Gly65Ser,3) Uncertain significance,p.G65S,0.0,Unknown,65,,241.0,306.0,25.599564547077744,319.0,-0.1387380204802803
Ethambutol,embB,embB_p.Gly665Arg,3) Uncertain significance,p.G665R,0.0,Unknown,665,,168.0,497.0,37.618623193838445,354.0,-0.2335992125240611
Ethambutol,embB,embB_p.Gly665Trp,3) Uncertain significance,p.G665W,0.0,Unknown,665,,168.0,497.0,37.618623193838445,354.0,-0.2335992125240611
Ethambutol,embB,embB_p.Gly694Asp,3) Uncertain significance,p.G694D,0.0,Unknown,694,,197.0,497.0,42.2067056639108,406.0,-0.2918715297557969
Ethambutol,embB,embB_p.Gly696Ala,3) Uncertain significance,p.G696A,0.0,Unknown,696,,199.0,497.0,41.516479739977974,354.0,-0.2658636566597303
Ethambutol,embB,embB_p.Gly696Arg,3) Uncertain significance,p.G696R,0.0,Unknown,696,,199.0,497.0,41.516479739977974,354.0,-0.2658636566597303
Ethambutol,embB,embB_p.Gly696Glu,3) Uncertain significance,p.G696E,0.0,Unknown,696,,199.0,497.0,41.516479739977974,354.0,-0.2658636566597303
Ethambutol,embB,embB_p.Gly745Ala,3) Uncertain significance,p.G745A,0.0,Unknown,745,,248.0,497.0,22.094491666476507,306.0,0.3341526469763369
Ethambutol,embB,embB_p.Gly745Arg,3) Uncertain significance,p.G745R,0.0,Unknown,745,,248.0,497.0,22.094491666476507,306.0,0.3341526469763369
Ethambutol,embB,embB_p.Gly748Arg,3) Uncertain significance,p.G748R,0.0,Unknown,748,,251.0,497.0,17.35522244167444,306.0,0.4100693251576054
Ethambutol,embB,embB_p.Gly748Glu,3) Uncertain significance,p.G748E,0.0,Unknown,748,,251.0,497.0,17.35522244167444,306.0,0.4100693251576054
Ethambutol,embB,embB_p.Gly792Ser,3) Uncertain significance,p.G792S,0.0,Unknown,792,,295.0,497.0,39.987050316321174,319.0,-0.4568329260065571
Ethambutol,embB,embB_p.Gly810Ala,3) Uncertain significance,p.G810A,0.0,Unknown,810,,313.0,497.0,14.052881021342209,319.0,0.2257821156015377
Ethambutol,embB,embB_p.Gly825Asp,3) Uncertain significance,p.G825D,0.0,Unknown,825,,328.0,497.0,40.16524703023747,319.0,-0.3997036728655537
Ethambutol,embB,embB_p.Gly825Ser,3) Uncertain significance,p.G825S,0.0,Unknown,825,,328.0,497.0,40.16524703023747,319.0,-0.3997036728655537
Ethambutol,embB,embB_p.Gly836Arg,3) Uncertain significance,p.G836R,0.0,Unknown,836,,339.0,497.0,26.25789704069996,319.0,-0.3006336452325008
Ethambutol,embB,embB_p.Gly836Glu,3) Uncertain significance,p.G836E,0.0,Unknown,836,,339.0,497.0,26.25789704069996,319.0,-0.3006336452325008
Ethambutol,embB,embB_p.Gly846Ser,3) Uncertain significance,p.G846S,0.0,Unknown,846,,349.0,497.0,41.51744050396171,319.0,-0.492566472514394
Ethambutol,embB,embB_p.Gly851Asp,3) Uncertain significance,p.G851D,0.0,Unknown,851,,354.0,497.0,48.3997234083006,319.0,-0.3428621562762783
Ethambutol,embB,embB_p.Gly851Val,3) Uncertain significance,p.G851V,0.0,Unknown,851,,354.0,497.0,48.3997234083006,319.0,-0.3428621562762783
Ethambutol,embB,embB_p.Gly871Val,3) Uncertain significance,p.G871V,0.0,Unknown,871,,374.0,497.0,31.835443816601646,319.0,-0.2080319773484536
Ethambutol,embB,embB_p.Gly891Glu,3) Uncertain significance,p.G891E,0.0,Unknown,891,,394.0,497.0,35.38059559984823,354.0,-0.2665003154784346
Ethambutol,embB,embB_p.Gly895Arg,3) Uncertain significance,p.G895R,0.0,Unknown,895,,398.0,497.0,41.30642284197459,319.0,-0.4165448882994702
Ethambutol,embB,embB_p.Gly914Arg,3) Uncertain significance,p.G914R,0.0,Unknown,914,,417.0,497.0,48.05501350535657,319.0,-0.4254337248078908
Ethambutol,embB,embB_p.Gly923Glu,3) Uncertain significance,p.G923E,0.0,Unknown,923,,426.0,497.0,30.909294087701188,319.0,-0.3096320316999918
Ethambutol,embB,embB_p.Gly96Glu,3) Uncertain significance,p.G96E,0.0,Unknown,96,,210.0,306.0,33.34992827578495,319.0,-0.2866655413988493
Ethambutol,embB,embB_p.Gly979Ala,3) Uncertain significance,p.G979A,0.3333333333333333,Unknown,979,,482.0,497.0,14.366279685430046,319.0,0.4719751960914092
Ethambutol,embB,embB_p.Gly979Asp,3) Uncertain significance,p.G979D,1.0,Unknown,979,,482.0,497.0,14.366279685430046,319.0,0.4719751960914092
Ethambutol,embB,embB_p.His1002Arg,3) Uncertain significance,p.H1002R,0.4769230769230769,Unknown,1002,,505.0,497.0,4.037353836363635,319.0,2.259697164286945
Ethambutol,embB,embB_p.His154Arg,3) Uncertain significance,p.H154R,0.0,Unknown,154,,152.0,306.0,17.205205985398702,497.0,0.188900628818014
Ethambutol,embB,embB_p.His342Asn,3) Uncertain significance,p.H342N,0.0,Unknown,342,,12.0,354.0,11.024504387953229,306.0,1.6552663767385616
Ethambutol,embB,embB_p.His687Tyr,3) Uncertain significance,p.H687Y,0.0,Unknown,687,,190.0,497.0,43.65212423238985,406.0,-0.2684778326513111
Ethambutol,embB,embB_p.His872Tyr,3) Uncertain significance,p.H872Y,0.0,Unknown,872,,375.0,497.0,33.9559484774023,319.0,-0.3145382903012875
Ethambutol,embB,embB_p.His890Arg,3) Uncertain significance,p.H890R,0.0,Unknown,890,,393.0,497.0,30.009444613321307,319.0,-0.2143317905010442
Ethambutol,embB,embB_p.Ile1006Met,3) Uncertain significance,p.I1006M,0.0,Unknown,1006,,509.0,497.0,8.817092037627813,319.0,0.8665553884762297
Ethambutol,embB,embB_p.Ile1009Leu,3) Uncertain significance,p.I1009L,1.0,Unknown,1009,,512.0,497.0,9.241807236682646,319.0,0.5095327103613475
Ethambutol,embB,embB_p.Ile1039Met,3) Uncertain significance,p.I1039M,0.0,Unknown,1039,,542.0,497.0,8.12900110714717,319.0,0.5962431372376185
Ethambutol,embB,embB_p.Ile16Leu,3) Uncertain significance,p.I16L,0.25,Unknown,16,,290.0,306.0,,,
Ethambutol,embB,embB_p.Ile206Ser,3) Uncertain significance,p.I206S,0.0,Unknown,206,,100.0,306.0,13.563137321431189,497.0,0.4458062892575484
Ethambutol,embB,embB_p.Ile226Val,3) Uncertain significance,p.I226V,0.0,Unknown,226,,80.0,306.0,13.97228592607523,497.0,0.4515688575333786
Ethambutol,embB,embB_p.Ile284Leu,3) Uncertain significance,p.I284L,0.0,Unknown,284,,22.0,306.0,10.975585132465607,354.0,0.2378319313657393
Ethambutol,embB,embB_p.Ile303Leu,3) Uncertain significance,p.I303L,1.0,Unknown,303,,3.0,306.0,3.4032043723525933,306.0,5.799871027272658
Ethambutol,embB,embB_p.Ile303Met,3) Uncertain significance,p.I303M,1.0,Unknown,303,,3.0,306.0,3.4032043723525933,306.0,5.799871027272658
Ethambutol,embB,embB_p.Ile32Thr,3) Uncertain significance,p.I32T,0.1666666666666666,Unknown,32,,274.0,306.0,23.457360380059814,497.0,0.0258948582032891
Ethambutol,embB,embB_p.Ile450Leu,3) Uncertain significance,p.I450L,1.0,Unknown,450,,44.0,406.0,9.133319111911085,406.0,0.7442727164516362
Ethambutol,embB,embB_p.Ile450Met,3) Uncertain significance,p.I450M,1.0,Unknown,450,,44.0,406.0,9.133319111911085,406.0,0.7442727164516362
Ethambutol,embB,embB_p.Ile450Ser,3) Uncertain significance,p.I450S,0.5,Unknown,450,,44.0,406.0,9.133319111911085,406.0,0.7442727164516362
Ethambutol,embB,embB_p.Ile465Ser,3) Uncertain significance,p.I465S,1.0,Unknown,465,,32.0,497.0,26.889047789016264,406.0,-0.131547983132352
Ethambutol,embB,embB_p.Ile489Met,3) Uncertain significance,p.I489M,1.0,Unknown,489,,8.0,497.0,8.323324936586364,328.0,0.9696508481391116
Ethambutol,embB,embB_p.Ile489Thr,3) Uncertain significance,p.I489T,0.2,Unknown,489,,8.0,497.0,8.323324936586364,328.0,0.9696508481391116
Ethambutol,embB,embB_p.Ile545Met,3) Uncertain significance,p.I545M,0.0,Unknown,545,,48.0,497.0,16.74052645528209,406.0,-0.0426561002599218
Ethambutol,embB,embB_p.Ile545Phe,3) Uncertain significance,p.I545F,1.0,Unknown,545,,48.0,497.0,16.74052645528209,406.0,-0.0426561002599218
Ethambutol,embB,embB_p.Ile556Val,3) Uncertain significance,p.I556V,0.0,Unknown,556,,59.0,497.0,29.699412856149202,406.0,-0.2484902666618528
Ethambutol,embB,embB_p.Ile563Leu,3) Uncertain significance,p.I563L,0.525,Unknown,563,,66.0,497.0,30.433140587195417,406.0,-0.2220660141518942
Ethambutol,embB,embB_p.Ile666Thr,3) Uncertain significance,p.I666T,0.0,Unknown,666,,169.0,497.0,35.02175863659618,406.0,-0.2189097937615465
Ethambutol,embB,embB_p.Ile709Thr,3) Uncertain significance,p.I709T,0.0,Unknown,709,,212.0,497.0,23.13272835183953,354.0,-0.2065715485126918
Ethambutol,embB,embB_p.Ile709Val,3) Uncertain significance,p.I709V,0.0,Unknown,709,,212.0,497.0,23.13272835183953,354.0,-0.2065715485126918
Ethambutol,embB,embB_p.Ile883Val,3) Uncertain significance,p.I883V,0.0,Unknown,883,,386.0,497.0,36.56511799516038,319.0,-0.4906677849424631
Ethambutol,embB,embB_p.Leu1036Val,3) Uncertain significance,p.L1036V,1.0,Unknown,1036,,539.0,497.0,3.209842831043291,319.0,1.618012707457534
Ethambutol,embB,embB_p.Leu1037Ile,3) Uncertain significance,p.L1037I,0.0,Unknown,1037,,540.0,497.0,7.754789616746557,319.0,0.6558311636037587
Ethambutol,embB,embB_p.Leu1053Val,3) Uncertain significance,p.L1053V,0.0,Unknown,1053,,556.0,497.0,22.826780083927748,319.0,-0.0694026604185675
Ethambutol,embB,embB_p.Leu1070Pro,3) Uncertain significance,p.L1070P,1.0,Unknown,1070,,573.0,497.0,19.23862227395712,319.0,-0.1103033919846732
Ethambutol,embB,embB_p.Leu17Trp,3) Uncertain significance,p.L17W,0.0,Unknown,17,,289.0,306.0,,,
Ethambutol,embB,embB_p.Leu239Arg,3) Uncertain significance,p.L239R,0.0,Unknown,239,,67.0,306.0,32.18368577400668,406.0,-0.1318236915607449
Ethambutol,embB,embB_p.Leu239Pro,3) Uncertain significance,p.L239P,0.0,Unknown,239,,67.0,306.0,32.18368577400668,406.0,-0.1318236915607449
Ethambutol,embB,embB_p.Leu253Arg,3) Uncertain significance,p.L253R,0.0,Unknown,253,,53.0,306.0,,,
Ethambutol,embB,embB_p.Leu253Ile,3) Uncertain significance,p.L253I,0.0,Unknown,253,,53.0,306.0,,,
Ethambutol,embB,embB_p.Leu348Pro,3) Uncertain significance,p.L348P,0.0,Unknown,348,,6.0,354.0,8.635767134424125,354.0,0.8724025860804121
Ethambutol,embB,embB_p.Leu359Ile,3) Uncertain significance,p.L359I,1.0,Unknown,359,,5.0,354.0,5.742411775552162,354.0,0.8051496085533678
Ethambutol,embB,embB_p.Leu370Arg,3) Uncertain significance,p.L370R,0.0384615384615384,Unknown,370,,16.0,354.0,17.50737558859124,406.0,-0.0862388876142295
Ethambutol,embB,embB_p.Leu402Val,3) Uncertain significance,p.L402V,0.54,Unknown,402,,4.0,406.0,3.9655719637903557,354.0,2.6509060691361923
Ethambutol,embB,embB_p.Leu410Pro,3) Uncertain significance,p.L410P,1.0,Unknown,410,,4.0,406.0,3.676883054980151,406.0,1.6919275380899044
Ethambutol,embB,embB_p.Leu466Ser,3) Uncertain significance,p.L466S,1.0,Unknown,466,,31.0,497.0,28.074168803367993,406.0,-0.0892572904008573
Ethambutol,embB,embB_p.Leu472Val,3) Uncertain significance,p.L472V,0.0,Unknown,472,,25.0,497.0,36.53869272428887,406.0,-0.1237850982942909
Ethambutol,embB,embB_p.Leu47Arg,3) Uncertain significance,p.L47R,0.0,Unknown,47,,259.0,306.0,6.794937674475016,497.0,0.7407649271365363
Ethambutol,embB,embB_p.Leu499Pro,3) Uncertain significance,p.L499P,0.0,Unknown,499,,2.0,497.0,4.699642007642724,497.0,1.3628826843591464
Ethambutol,embB,embB_p.Leu544Trp,3) Uncertain significance,p.L544W,1.0,Unknown,544,,47.0,497.0,17.33231784845872,406.0,0.0011452338431044
Ethambutol,embB,embB_p.Leu558Phe,3) Uncertain significance,p.L558F,0.0,Unknown,558,,61.0,497.0,30.972910115131267,406.0,-0.1669980954198101
Ethambutol,embB,embB_p.Leu629Pro,3) Uncertain significance,p.L629P,1.0,Unknown,629,,132.0,497.0,30.311624403848764,406.0,-0.2989097960340038
Ethambutol,embB,embB_p.Leu632Phe,3) Uncertain significance,p.L632F,0.1666666666666666,Unknown,632,,135.0,497.0,24.438553087284017,406.0,-0.2632724616198325
Ethambutol,embB,embB_p.Leu632Ser,3) Uncertain significance,p.L632S,0.0,Unknown,632,,135.0,497.0,24.438553087284017,406.0,-0.2632724616198325
Ethambutol,embB,embB_p.Leu638Ser,3) Uncertain significance,p.L638S,0.0,Unknown,638,,141.0,497.0,24.066524177786867,406.0,-0.1498293465350982
Ethambutol,embB,embB_p.Leu638Trp,3) Uncertain significance,p.L638W,0.0,Unknown,638,,141.0,497.0,24.066524177786867,406.0,-0.1498293465350982
Ethambutol,embB,embB_p.Leu74Arg,3) Uncertain significance,p.L74R,0.7241379310344828,Unknown,74,,232.0,306.0,9.403418686839371,319.0,0.5247693382116454
Ethambutol,embB,embB_p.Leu74Pro,3) Uncertain significance,p.L74P,0.75,Unknown,74,,232.0,306.0,9.403418686839371,319.0,0.5247693382116454
Ethambutol,embB,embB_p.Leu777Val,3) Uncertain significance,p.L777V,0.0,Unknown,777,,280.0,497.0,45.81973994906562,319.0,-0.4829518785952236
Ethambutol,embB,embB_p.Leu953Met,3) Uncertain significance,p.L953M,0.0,Unknown,953,,456.0,497.0,47.768268599563044,319.0,-0.4324980303364553
Ethambutol,embB,embB_p.Leu971Val,3) Uncertain significance,p.L971V,0.0,Unknown,971,,474.0,497.0,26.84765012063439,319.0,-0.2607908140824622
Ethambutol,embB,embB_p.Leu974Met,3) Uncertain significance,p.L974M,0.0,Unknown,974,,477.0,497.0,15.759390502173625,319.0,0.2009693202303554
Ethambutol,embB,embB_p.Leu974Val,3) Uncertain significance,p.L974V,0.0,Unknown,974,,477.0,497.0,15.759390502173625,319.0,0.2009693202303554
Ethambutol,embB,embB_p.Lys1011Glu,3) Uncertain significance,p.K1011E,0.0,Unknown,1011,,514.0,497.0,10.197857716206869,319.0,0.4338710670871386
Ethambutol,embB,embB_p.Lys1011Thr,3) Uncertain significance,p.K1011T,0.0,Unknown,1011,,514.0,497.0,10.197857716206869,319.0,0.4338710670871386
Ethambutol,embB,embB_p.Lys1022Thr,3) Uncertain significance,p.K1022T,0.0,Unknown,1022,,525.0,497.0,17.411239875436802,319.0,0.4660019033334469
Ethambutol,embB,embB_p.Lys107Arg,3) Uncertain significance,p.K107R,1.0,Unknown,107,,199.0,306.0,17.6274199189785,319.0,-0.0477537568977907
Ethambutol,embB,embB_p.Lys107Glu,3) Uncertain significance,p.K107E,0.0,Unknown,107,,199.0,306.0,17.6274199189785,319.0,-0.0477537568977907
Ethambutol,embB,embB_p.Lys165Asn,3) Uncertain significance,p.K165N,1.0,Unknown,165,,141.0,306.0,46.68696969176731,497.0,-0.2523219840204531
Ethambutol,embB,embB_p.Lys218Asn,3) Uncertain significance,p.K218N,0.0,Unknown,218,,88.0,306.0,3.1141395280237605,497.0,1.585724299301242
Ethambutol,embB,embB_p.Lys381Gln,3) Uncertain significance,p.K381Q,0.0,Unknown,381,,25.0,406.0,23.141123287342815,354.0,-0.129310622420889
Ethambutol,embB,embB_p.Lys561Arg,3) Uncertain significance,p.K561R,0.0,Unknown,561,,64.0,497.0,32.639140797514884,406.0,-0.189268191934466
Ethambutol,embB,embB_p.Lys561Asn,3) Uncertain significance,p.K561N,0.0,Unknown,561,,64.0,497.0,32.639140797514884,406.0,-0.189268191934466
Ethambutol,embB,embB_p.Lys561Met,3) Uncertain significance,p.K561M,0.0,Unknown,561,,64.0,497.0,32.639140797514884,406.0,-0.189268191934466
Ethambutol,embB,embB_p.Lys662Glu,3) Uncertain significance,p.K662E,0.0,Unknown,662,,165.0,497.0,31.357990130108785,406.0,-0.2150339122285919
Ethambutol,embB,embB_p.Lys662Thr,3) Uncertain significance,p.K662T,0.0,Unknown,662,,165.0,497.0,31.357990130108785,406.0,-0.2150339122285919
Ethambutol,embB,embB_p.Lys765Asn,3) Uncertain significance,p.K765N,0.0,Unknown,765,,268.0,497.0,43.15106159760152,319.0,-0.4089789447969175
Ethambutol,embB,embB_p.Lys820Thr,3) Uncertain significance,p.K820T,0.0,Unknown,820,,323.0,497.0,34.33403585365403,319.0,-0.3601991703046868
Ethambutol,embB,embB_p.Lys882Glu,3) Uncertain significance,p.K882E,0.0,Unknown,882,,385.0,497.0,37.53857083054709,319.0,-0.4507921787703153
Ethambutol,embB,embB_p.Lys927Arg,3) Uncertain significance,p.K927R,0.0,Unknown,927,,430.0,497.0,29.921001153036325,319.0,-0.338756939056977
Ethambutol,embB,embB_p.Lys927Glu,3) Uncertain significance,p.K927E,0.0,Unknown,927,,430.0,497.0,29.921001153036325,319.0,-0.338756939056977
Ethambutol,embB,embB_p.Lys938Asn,3) Uncertain significance,p.K938N,0.0,Unknown,938,,441.0,497.0,39.36667348151227,319.0,-0.3939679475014154
Ethambutol,embB,embB_p.Met1000Arg,3) Uncertain significance,p.M1000R,0.8181818181818182,Unknown,1000,,503.0,497.0,2.8322358658840363,319.0,1.833633288534274
Ethambutol,embB,embB_p.Met265Ile,3) Uncertain significance,p.M265I,0.0,Unknown,265,,41.0,306.0,,,
Ethambutol,embB,embB_p.Met306Ile,1) Assoc w R,p.M306I,0.6275706940874036,Resistant,306,,13.0,319.0,4.625981625557971,319.0,1.9279227650553967
Ethambutol,embB,embB_p.Met306Leu,1) Assoc w R,p.M306L,0.7435897435897436,Resistant,306,,13.0,319.0,4.625981625557971,319.0,1.9279227650553967
Ethambutol,embB,embB_p.Met306Thr,3) Uncertain significance,p.M306T,0.75,Unknown,306,,13.0,319.0,4.625981625557971,319.0,1.9279227650553967
Ethambutol,embB,embB_p.Met306Val,1) Assoc w R,p.M306V,0.8256997455470738,Resistant,306,,13.0,319.0,4.625981625557971,319.0,1.9279227650553967
Ethambutol,embB,embB_p.Met316Val,3) Uncertain significance,p.M316V,0.0,Unknown,316,,3.0,319.0,3.633290932474281,306.0,5.93241282980213
Ethambutol,embB,embB_p.Met340Ile,3) Uncertain significance,p.M340I,0.0,Unknown,340,,12.0,328.0,7.934127173167824,354.0,1.6183080000677146
Ethambutol,embB,embB_p.Met350Thr,3) Uncertain significance,p.M350T,0.0,Unknown,350,,4.0,354.0,5.347801043419613,354.0,1.830696883103168
Ethambutol,embB,embB_p.Met389Ile,3) Uncertain significance,p.M389I,0.0,Unknown,389,,17.0,406.0,14.566321326951439,354.0,0.0305193115098635
Ethambutol,embB,embB_p.Met389Val,3) Uncertain significance,p.M389V,0.0,Unknown,389,,17.0,406.0,14.566321326951439,354.0,0.0305193115098635
Ethambutol,embB,embB_p.Met396Ile,3) Uncertain significance,p.M396I,0.375,Unknown,396,,10.0,406.0,9.077040211434577,354.0,0.5870557180589266
Ethambutol,embB,embB_p.Met423Ile,3) Uncertain significance,p.M423I,0.2,Unknown,423,,17.0,406.0,22.81632899920582,406.0,-0.103495341847956
Ethambutol,embB,embB_p.Met423Thr,3) Uncertain significance,p.M423T,0.9375,Unknown,423,,17.0,406.0,22.81632899920582,406.0,-0.103495341847956
Ethambutol,embB,embB_p.Met462Thr,3) Uncertain significance,p.M462T,0.0,Unknown,462,,35.0,497.0,22.756608930154798,406.0,-0.0690379122585644
Ethambutol,embB,embB_p.Met557Ile,3) Uncertain significance,p.M557I,0.0,Unknown,557,,60.0,497.0,26.617984521747715,406.0,-0.2208412789096044
Ethambutol,embB,embB_p.Met575Arg,3) Uncertain significance,p.M575R,0.0,Unknown,575,,78.0,497.0,19.620257159374873,406.0,-0.0875233108631592
Ethambutol,embB,embB_p.Met575Val,3) Uncertain significance,p.M575V,0.0,Unknown,575,,78.0,497.0,19.620257159374873,406.0,-0.0875233108631592
Ethambutol,embB,embB_p.Met586Val,3) Uncertain significance,p.M586V,0.0,Unknown,586,,89.0,497.0,17.24884787456833,406.0,0.4141738877004797
Ethambutol,embB,embB_p.Met606Ile,3) Uncertain significance,p.M606I,0.0,Unknown,606,,109.0,497.0,16.420238792417123,406.0,-0.0549052344248924
Ethambutol,embB,embB_p.Met626Val,3) Uncertain significance,p.M626V,0.0,Unknown,626,,129.0,497.0,34.14098613104197,406.0,-0.3203471867060944
Ethambutol,embB,embB_p.Met660Arg,3) Uncertain significance,p.M660R,0.0,Unknown,660,,163.0,497.0,28.834429056251494,406.0,-0.170374610215485
Ethambutol,embB,embB_p.Met714Ile,3) Uncertain significance,p.M714I,0.0,Unknown,714,,217.0,497.0,18.142198984687617,354.0,-0.1164863775080985
Ethambutol,embB,embB_p.Met764Leu,3) Uncertain significance,p.M764L,0.0,Unknown,764,,267.0,497.0,39.43372547705835,319.0,-0.4744121947611261
Ethambutol,embB,embB_p.Met804Ile,3) Uncertain significance,p.M804I,0.5,Unknown,804,,307.0,497.0,23.570877179265096,319.0,-0.05292426580981
Ethambutol,embB,embB_p.Met904Ile,3) Uncertain significance,p.M904I,0.0,Unknown,904,,407.0,497.0,50.244461724651806,319.0,-0.4074552149930366
Ethambutol,embB,embB_p.Met916Thr,3) Uncertain significance,p.M916T,0.0,Unknown,916,,419.0,497.0,40.34293519316611,319.0,-0.4760897278357857
Ethambutol,embB,embB_p.Met91Ile,3) Uncertain significance,p.M91I,0.0,Unknown,91,,215.0,306.0,35.90144850838196,319.0,-0.3014827625813464
Ethambutol,embB,embB_p.Met91Thr,3) Uncertain significance,p.M91T,1.0,Unknown,91,,215.0,306.0,35.90144850838196,319.0,-0.3014827625813464
Ethambutol,embB,embB_p.Met939Ile,3) Uncertain significance,p.M939I,0.0,Unknown,939,,442.0,497.0,41.32855116018465,319.0,-0.4444194836920003
Ethambutol,embB,embB_p.Met939Val,3) Uncertain significance,p.M939V,1.0,Unknown,939,,442.0,497.0,41.32855116018465,319.0,-0.4444194836920003
Ethambutol,embB,embB_p.Phe1012Leu,3) Uncertain significance,p.F1012L,0.0,Unknown,1012,,515.0,497.0,9.023805239476292,319.0,0.4629765467875541
Ethambutol,embB,embB_p.Phe1067Leu,3) Uncertain significance,p.F1067L,1.0,Unknown,1067,,570.0,497.0,10.254245852328689,319.0,0.3294539793433867
Ethambutol,embB,embB_p.Phe161Leu,3) Uncertain significance,p.F161L,0.0,Unknown,161,,145.0,306.0,36.55673801093309,319.0,-0.332432289158901
Ethambutol,embB,embB_p.Phe176Leu,3) Uncertain significance,p.F176L,0.0,Unknown,176,,130.0,306.0,29.743717235745763,497.0,-0.1490157981744541
Ethambutol,embB,embB_p.Phe256Leu,3) Uncertain significance,p.F256L,0.0,Unknown,256,,50.0,306.0,,,
Ethambutol,embB,embB_p.Phe285Leu,3) Uncertain significance,p.F285L,0.0,Unknown,285,,21.0,306.0,12.421179251584778,354.0,0.1604204879020692
Ethambutol,embB,embB_p.Phe285Val,3) Uncertain significance,p.F285V,0.0,Unknown,285,,21.0,306.0,12.421179251584778,354.0,0.1604204879020692
Ethambutol,embB,embB_p.Phe320Cys,3) Uncertain significance,p.F320C,1.0,Unknown,320,,1.0,319.0,1.3223505586643922,319.0,4.248448844880448
Ethambutol,embB,embB_p.Phe323Leu,3) Uncertain significance,p.F323L,0.6666666666666666,Unknown,323,,4.0,319.0,7.07413938228531,319.0,1.148792071771114
Ethambutol,embB,embB_p.Phe330Ile,3) Uncertain significance,p.F330I,0.0,Unknown,330,,2.0,328.0,3.284939725474446,328.0,2.271079278144235
Ethambutol,embB,embB_p.Phe330Leu,3) Uncertain significance,p.F330L,0.7142857142857143,Unknown,330,,2.0,328.0,3.284939725474446,328.0,2.271079278144235
Ethambutol,embB,embB_p.Phe330Ser,3) Uncertain significance,p.F330S,0.7142857142857143,Unknown,330,,2.0,328.0,3.284939725474446,328.0,2.271079278144235
Ethambutol,embB,embB_p.Phe330Val,3) Uncertain significance,p.F330V,1.0,Unknown,330,,2.0,328.0,3.284939725474446,328.0,2.271079278144235
Ethambutol,embB,embB_p.Phe398Cys,3) Uncertain significance,p.F398C,1.0,Unknown,398,,8.0,406.0,6.646583708944013,354.0,1.2728396861580678
Ethambutol,embB,embB_p.Phe398Leu,3) Uncertain significance,p.F398L,0.0,Unknown,398,,8.0,406.0,6.646583708944013,354.0,1.2728396861580678
Ethambutol,embB,embB_p.Phe440Ser,3) Uncertain significance,p.F440S,0.0,Unknown,440,,34.0,406.0,11.03417300933786,406.0,1.0853804609687947
Ethambutol,embB,embB_p.Phe494Leu,3) Uncertain significance,p.F494L,0.0,Unknown,494,,3.0,497.0,3.2587658706939937,497.0,1.877030549811576
Ethambutol,embB,embB_p.Phe541Val,3) Uncertain significance,p.F541V,0.0,Unknown,541,,44.0,497.0,16.360493329970232,406.0,-0.027374554610003
Ethambutol,embB,embB_p.Phe579Ser,3) Uncertain significance,p.F579S,1.0,Unknown,579,,82.0,497.0,18.377083392094633,406.0,0.0683318802952726
Ethambutol,embB,embB_p.Phe579Val,3) Uncertain significance,p.F579V,0.0,Unknown,579,,82.0,497.0,18.377083392094633,406.0,0.0683318802952726
Ethambutol,embB,embB_p.Phe584Leu,3) Uncertain significance,p.F584L,0.0,Unknown,584,,87.0,497.0,16.006022554026355,406.0,0.4172527900521428
Ethambutol,embB,embB_p.Phe628Ser,3) Uncertain significance,p.F628S,0.0,Unknown,628,,131.0,497.0,25.892964797411675,406.0,-0.2847787966494976
Ethambutol,embB,embB_p.Phe676Ser,3) Uncertain significance,p.F676S,0.0,Unknown,676,,179.0,497.0,33.1042929693416,406.0,-0.2932551034564743
Ethambutol,embB,embB_p.Phe688Cys,3) Uncertain significance,p.F688C,0.0,Unknown,688,,191.0,497.0,46.41457467218675,406.0,-0.2549280415063447
Ethambutol,embB,embB_p.Phe688Val,3) Uncertain significance,p.F688V,0.0,Unknown,688,,191.0,497.0,46.41457467218675,406.0,-0.2549280415063447
Ethambutol,embB,embB_p.Phe743Leu,3) Uncertain significance,p.F743L,0.0,Unknown,743,,246.0,497.0,15.834760654964127,354.0,0.3890101848420201
Ethambutol,embB,embB_p.Phe763Leu,3) Uncertain significance,p.F763L,0.0,Unknown,763,,266.0,497.0,34.257181918540816,319.0,-0.4567449857225728
Ethambutol,embB,embB_p.Phe763Val,3) Uncertain significance,p.F763V,0.0,Unknown,763,,266.0,497.0,34.257181918540816,319.0,-0.4567449857225728
Ethambutol,embB,embB_p.Phe79Leu,3) Uncertain significance,p.F79L,0.0,Unknown,79,,227.0,306.0,22.686759089830336,497.0,-0.1285890890049625
Ethambutol,embB,embB_p.Phe994Val,3) Uncertain significance,p.F994V,0.0,Unknown,994,,497.0,497.0,10.745636602826298,306.0,1.0185310463322197
Ethambutol,embB,embB_p.Pro103His,3) Uncertain significance,p.P103H,0.0,Unknown,103,,203.0,306.0,19.810751172027775,319.0,-0.1241599037333471
Ethambutol,embB,embB_p.Pro103Thr,3) Uncertain significance,p.P103T,0.0,Unknown,103,,203.0,306.0,19.810751172027775,319.0,-0.1241599037333471
Ethambutol,embB,embB_p.Pro1075Leu,3) Uncertain significance,p.P1075L,0.0,Unknown,1075,,578.0,497.0,16.569793480909773,319.0,0.2109723465041388
Ethambutol,embB,embB_p.Pro1091Gln,3) Uncertain significance,p.P1091Q,0.0,Unknown,1091,,594.0,497.0,11.038591576827171,497.0,0.5430050465556671
Ethambutol,embB,embB_p.Pro1098Arg,3) Uncertain significance,p.P1098R,0.0,Unknown,1098,,601.0,497.0,20.22492746587734,319.0,0.2948807718963929
Ethambutol,embB,embB_p.Pro12Gln,3) Uncertain significance,p.P12Q,0.0,Unknown,12,,294.0,306.0,,,
Ethambutol,embB,embB_p.Pro12Leu,3) Uncertain significance,p.P12L,0.0,Unknown,12,,294.0,306.0,,,
Ethambutol,embB,embB_p.Pro12Ser,3) Uncertain significance,p.P12S,0.0,Unknown,12,,294.0,306.0,,,
Ethambutol,embB,embB_p.Pro136Ala,3) Uncertain significance,p.P136A,0.0,Unknown,136,,170.0,306.0,42.86705729345088,319.0,-0.2961775705089882
Ethambutol,embB,embB_p.Pro136Ser,3) Uncertain significance,p.P136S,0.0,Unknown,136,,170.0,306.0,42.86705729345088,319.0,-0.2961775705089882
Ethambutol,embB,embB_p.Pro143Ser,3) Uncertain significance,p.P143S,0.0,Unknown,143,,163.0,306.0,49.21212657465638,319.0,-0.2518368736685441
Ethambutol,embB,embB_p.Pro167Arg,3) Uncertain significance,p.P167R,0.6666666666666666,Unknown,167,,139.0,306.0,47.887931485918244,319.0,-0.2117423551731067
Ethambutol,embB,embB_p.Pro177Leu,3) Uncertain significance,p.P177L,0.0,Unknown,177,,129.0,306.0,27.210866836615104,497.0,-0.0480012141758001
Ethambutol,embB,embB_p.Pro183Ser,3) Uncertain significance,p.P183S,0.0,Unknown,183,,123.0,306.0,18.566252852958772,319.0,-0.0072097569638318
Ethambutol,embB,embB_p.Pro195His,3) Uncertain significance,p.P195H,0.1111111111111111,Unknown,195,,111.0,306.0,35.27200140337942,319.0,-0.1611297837245773
Ethambutol,embB,embB_p.Pro197Arg,3) Uncertain significance,p.P197R,0.3333333333333333,Unknown,197,,109.0,306.0,34.978719830777116,319.0,-0.2129424660132957
Ethambutol,embB,embB_p.Pro214Ala,3) Uncertain significance,p.P214A,0.5,Unknown,214,,92.0,306.0,7.146689373409211,497.0,1.1522857381416214
Ethambutol,embB,embB_p.Pro214Gln,3) Uncertain significance,p.P214Q,0.0,Unknown,214,,92.0,306.0,7.146689373409211,497.0,1.1522857381416214
Ethambutol,embB,embB_p.Pro262Leu,3) Uncertain significance,p.P262L,0.0,Unknown,262,,44.0,306.0,,,
Ethambutol,embB,embB_p.Pro270Ala,3) Uncertain significance,p.P270A,0.0,Unknown,270,,36.0,306.0,24.048475648156995,406.0,0.0270394017502682
Ethambutol,embB,embB_p.Pro353Ser,3) Uncertain significance,p.P353S,0.0,Unknown,353,,1.0,354.0,1.3328833407316603,354.0,2.524357004193009
Ethambutol,embB,embB_p.Pro371Arg,3) Uncertain significance,p.P371R,0.0,Unknown,371,,17.0,354.0,19.558959225889307,406.0,-0.0263916560606161
Ethambutol,embB,embB_p.Pro397Thr,3) Uncertain significance,p.P397T,1.0,Unknown,397,,9.0,406.0,10.005947731224673,406.0,0.7535581524636932
Ethambutol,embB,embB_p.Pro404Ala,3) Uncertain significance,p.P404A,0.5,Unknown,404,,2.0,406.0,3.1915684232051187,406.0,3.7343662509946
Ethambutol,embB,embB_p.Pro404Leu,3) Uncertain significance,p.P404L,0.0,Unknown,404,,2.0,406.0,3.1915684232051187,406.0,3.7343662509946
Ethambutol,embB,embB_p.Pro404Ser,3) Uncertain significance,p.P404S,0.5384615384615384,Unknown,404,,2.0,406.0,3.1915684232051187,406.0,3.7343662509946
Ethambutol,embB,embB_p.Pro430Leu,3) Uncertain significance,p.P430L,0.0,Unknown,430,,24.0,406.0,19.072163720983518,406.0,0.0706995174875707
Ethambutol,embB,embB_p.Pro45Leu,3) Uncertain significance,p.P45L,0.0,Unknown,45,,261.0,306.0,5.4914590046726275,497.0,1.0765549448315348
Ethambutol,embB,embB_p.Pro461Gln,3) Uncertain significance,p.P461Q,0.0,Unknown,461,,36.0,497.0,25.746545923676845,406.0,-0.0906369068162813
Ethambutol,embB,embB_p.Pro477Ala,3) Uncertain significance,p.P477A,0.0,Unknown,477,,20.0,497.0,30.07922766628161,328.0,-0.0967234236476861
Ethambutol,embB,embB_p.Pro477Thr,3) Uncertain significance,p.P477T,1.0,Unknown,477,,20.0,497.0,30.07922766628161,328.0,-0.0967234236476861
Ethambutol,embB,embB_p.Pro531His,3) Uncertain significance,p.P531H,0.0,Unknown,531,,34.0,497.0,24.391917554796713,406.0,0.0604195909567453
Ethambutol,embB,embB_p.Pro59Thr,3) Uncertain significance,p.P59T,0.0,Unknown,59,,247.0,306.0,26.811501263450353,319.0,-0.1499060659965328
Ethambutol,embB,embB_p.Pro616Ser,3) Uncertain significance,p.P616S,1.0,Unknown,616,,119.0,497.0,32.90976739510628,406.0,-0.2734450579083629
Ethambutol,embB,embB_p.Pro616Thr,3) Uncertain significance,p.P616T,0.0,Unknown,616,,119.0,497.0,32.90976739510628,406.0,-0.2734450579083629
Ethambutol,embB,embB_p.Pro655Gln,3) Uncertain significance,p.P655Q,0.0,Unknown,655,,158.0,497.0,23.98975450061965,354.0,-0.1388224950035544
Ethambutol,embB,embB_p.Pro655Leu,3) Uncertain significance,p.P655L,0.0,Unknown,655,,158.0,497.0,23.98975450061965,354.0,-0.1388224950035544
Ethambutol,embB,embB_p.Pro706Ser,3) Uncertain significance,p.P706S,0.0,Unknown,706,,209.0,497.0,25.20910139215595,406.0,-0.2444613241185856
Ethambutol,embB,embB_p.Pro708Leu,3) Uncertain significance,p.P708L,0.0,Unknown,708,,211.0,497.0,21.391350892358375,354.0,-0.1837774420252129
Ethambutol,embB,embB_p.Pro70Arg,3) Uncertain significance,p.P70R,0.0,Unknown,70,,236.0,306.0,10.189767661728107,319.0,0.5107943215328918
Ethambutol,embB,embB_p.Pro731Leu,3) Uncertain significance,p.P731L,0.037037037037037,Unknown,731,,234.0,497.0,26.23406018899857,354.0,-0.0126899149328156
Ethambutol,embB,embB_p.Pro766Arg,3) Uncertain significance,p.P766R,0.0,Unknown,766,,269.0,497.0,45.70713574487029,319.0,-0.4570507387617842
Ethambutol,embB,embB_p.Pro766Leu,3) Uncertain significance,p.P766L,0.0,Unknown,766,,269.0,497.0,45.70713574487029,319.0,-0.4570507387617842
Ethambutol,embB,embB_p.Pro76Leu,3) Uncertain significance,p.P76L,0.0,Unknown,76,,230.0,306.0,17.14298862509101,319.0,0.1881840540933835
Ethambutol,embB,embB_p.Pro776Leu,3) Uncertain significance,p.P776L,0.0,Unknown,776,,279.0,497.0,48.137580423199495,319.0,-0.4370621174420913
Ethambutol,embB,embB_p.Pro809Ser,3) Uncertain significance,p.P809S,0.0,Unknown,809,,312.0,497.0,13.990151607470162,319.0,0.2722847465030099
Ethambutol,embB,embB_p.Pro818Leu,3) Uncertain significance,p.P818L,0.0,Unknown,818,,321.0,497.0,30.023729381940534,319.0,-0.2974519984227602
Ethambutol,embB,embB_p.Pro818Thr,3) Uncertain significance,p.P818T,0.0,Unknown,818,,321.0,497.0,30.023729381940534,319.0,-0.2974519984227602
Ethambutol,embB,embB_p.Pro824Leu,3) Uncertain significance,p.P824L,0.0,Unknown,824,,327.0,497.0,39.73734379648443,319.0,-0.3503926869476577
Ethambutol,embB,embB_p.Pro832Ser,3) Uncertain significance,p.P832S,0.0,Unknown,832,,335.0,497.0,31.182733138709946,319.0,-0.3983198864380335
Ethambutol,embB,embB_p.Pro866Ser,3) Uncertain significance,p.P866S,0.0,Unknown,866,,369.0,497.0,40.355416464212084,319.0,-0.3788991487678629
Ethambutol,embB,embB_p.Pro894Ser,3) Uncertain significance,p.P894S,0.0,Unknown,894,,397.0,497.0,39.6436119065859,319.0,-0.3732167353654053
Ethambutol,embB,embB_p.Pro907Ser,3) Uncertain significance,p.P907S,0.0,Unknown,907,,410.0,497.0,59.761388889482824,319.0,-0.3205565991780925
Ethambutol,embB,embB_p.Pro912Thr,3) Uncertain significance,p.P912T,0.0,Unknown,912,,415.0,497.0,52.039521471666134,319.0,-0.4278897217633355
Ethambutol,embB,embB_p.Pro92Ser,3) Uncertain significance,p.P92S,0.5,Unknown,92,,214.0,306.0,39.45114581352486,319.0,-0.2751034466213948
Ethambutol,embB,embB_p.Pro93His,3) Uncertain significance,p.P93H,0.0,Unknown,93,,213.0,306.0,42.25080284444308,319.0,-0.2769849492327013
Ethambutol,embB,embB_p.Pro93Leu,3) Uncertain significance,p.P93L,0.0,Unknown,93,,213.0,306.0,42.25080284444308,319.0,-0.2769849492327013
Ethambutol,embB,embB_p.Pro957Leu,3) Uncertain significance,p.P957L,0.0,Unknown,957,,460.0,497.0,42.409642582790056,319.0,-0.3591032820173963
Ethambutol,embB,embB_p.Pro999Ser,3) Uncertain significance,p.P999S,0.0,Unknown,999,,502.0,497.0,4.2568839542557395,319.0,2.4765871274247457
Ethambutol,embB,embB_p.Ser1054Pro,4) Not assoc w R - Interim,p.S1054P,0.0454545454545454,Susceptible,1054,,557.0,497.0,25.977581892855245,319.0,-0.1352689690002265
Ethambutol,embB,embB_p.Ser10Thr,3) Uncertain significance,p.S10T,1.0,Unknown,10,,296.0,306.0,,,
Ethambutol,embB,embB_p.Ser119Asn,3) Uncertain significance,p.S119N,0.0,Unknown,119,,187.0,306.0,37.06315329272456,319.0,-0.3263364301105643
Ethambutol,embB,embB_p.Ser119Ile,3) Uncertain significance,p.S119I,0.0,Unknown,119,,187.0,306.0,37.06315329272456,319.0,-0.3263364301105643
Ethambutol,embB,embB_p.Ser142Cys,3) Uncertain significance,p.S142C,0.0,Unknown,142,,164.0,306.0,47.43469577218767,319.0,-0.2550161386883176
Ethambutol,embB,embB_p.Ser168Leu,3) Uncertain significance,p.S168L,0.0,Unknown,168,,138.0,306.0,48.96476810932529,497.0,-0.1655425506317763
Ethambutol,embB,embB_p.Ser174Asn,3) Uncertain significance,p.S174N,0.0,Unknown,174,,132.0,306.0,34.34173363416588,319.0,-0.223216194523488
Ethambutol,embB,embB_p.Ser203Leu,3) Uncertain significance,p.S203L,0.05,Unknown,203,,103.0,306.0,23.802071464475503,497.0,-0.0563350952144607
Ethambutol,embB,embB_p.Ser211Phe,3) Uncertain significance,p.S211F,0.0,Unknown,211,,95.0,306.0,5.402656198574908,497.0,1.5681109393453927
Ethambutol,embB,embB_p.Ser22Phe,3) Uncertain significance,p.S22F,0.0,Unknown,22,,284.0,306.0,,,
Ethambutol,embB,embB_p.Ser260Glu,3) Uncertain significance,p.S260E,0.0,Unknown,260,,46.0,306.0,,,
Ethambutol,embB,embB_p.Ser261Ala,3) Uncertain significance,p.S261A,0.0,Unknown,261,,45.0,306.0,,,
Ethambutol,embB,embB_p.Ser261Glu,3) Uncertain significance,p.S261E,0.0,Unknown,261,,45.0,306.0,,,
Ethambutol,embB,embB_p.Ser261Pro,3) Uncertain significance,p.S261P,0.0,Unknown,261,,45.0,306.0,,,
Ethambutol,embB,embB_p.Ser272Asn,3) Uncertain significance,p.S272N,0.0,Unknown,272,,34.0,306.0,21.499800022325807,354.0,0.0002020424937699
Ethambutol,embB,embB_p.Ser297Ala,3) Uncertain significance,p.S297A,0.4868804664723032,Unknown,297,,9.0,306.0,7.191319072326,354.0,1.6270538321743209
Ethambutol,embB,embB_p.Ser317Phe,3) Uncertain significance,p.S317F,1.0,Unknown,317,,2.0,319.0,3.564338227497491,319.0,5.466958842780342
Ethambutol,embB,embB_p.Ser344Arg,3) Uncertain significance,p.S344R,0.0,Unknown,344,,10.0,354.0,12.788902845826941,306.0,1.238437615840528
Ethambutol,embB,embB_p.Ser347Ile,3) Uncertain significance,p.S347I,0.6818181818181818,Unknown,347,,7.0,354.0,8.747105235447917,354.0,0.9683318691444954
Ethambutol,embB,embB_p.Ser347Thr,3) Uncertain significance,p.S347T,0.7222222222222222,Unknown,347,,7.0,354.0,8.747105235447917,354.0,0.9683318691444954
Ethambutol,embB,embB_p.Ser347Val,3) Uncertain significance,p.S347V,1.0,Unknown,347,,7.0,354.0,8.747105235447917,354.0,0.9683318691444954
Ethambutol,embB,embB_p.Ser412Leu,3) Uncertain significance,p.S412L,0.0,Unknown,412,,6.0,406.0,7.582320555080767,406.0,0.7985134545420135
Ethambutol,embB,embB_p.Ser426Arg,3) Uncertain significance,p.S426R,0.0,Unknown,426,,20.0,406.0,28.106387103290245,406.0,-0.1190493913140881
Ethambutol,embB,embB_p.Ser426Asn,3) Uncertain significance,p.S426N,0.0,Unknown,426,,20.0,406.0,28.106387103290245,406.0,-0.1190493913140881
Ethambutol,embB,embB_p.Ser480Leu,3) Uncertain significance,p.S480L,0.0,Unknown,480,,17.0,497.0,22.919714548833294,497.0,0.0189903250506798
Ethambutol,embB,embB_p.Ser565Gly,3) Uncertain significance,p.S565G,0.0,Unknown,565,,68.0,497.0,28.604858416010384,406.0,-0.1741919665845888
Ethambutol,embB,embB_p.Ser565Thr,3) Uncertain significance,p.S565T,0.3333333333333333,Unknown,565,,68.0,497.0,28.604858416010384,406.0,-0.1741919665845888
Ethambutol,embB,embB_p.Ser617Leu,3) Uncertain significance,p.S617L,0.0,Unknown,617,,120.0,497.0,34.379658651592244,406.0,-0.2368135132515951
Ethambutol,embB,embB_p.Ser622Trp,3) Uncertain significance,p.S622W,0.0,Unknown,622,,125.0,497.0,37.734514770962676,406.0,-0.3067991919059299
Ethambutol,embB,embB_p.Ser650Cys,3) Uncertain significance,p.S650C,0.0,Unknown,650,,153.0,497.0,13.95668674865206,354.0,0.436733536652235
Ethambutol,embB,embB_p.Ser650Pro,3) Uncertain significance,p.S650P,0.0,Unknown,650,,153.0,497.0,13.95668674865206,354.0,0.436733536652235
Ethambutol,embB,embB_p.Ser651Asn,3) Uncertain significance,p.S651N,1.0,Unknown,651,,154.0,497.0,18.536961023857177,354.0,0.1637047500978715
Ethambutol,embB,embB_p.Ser651Cys,3) Uncertain significance,p.S651C,0.0,Unknown,651,,154.0,497.0,18.536961023857177,354.0,0.1637047500978715
Ethambutol,embB,embB_p.Ser651Thr,3) Uncertain significance,p.S651T,1.0,Unknown,651,,154.0,497.0,18.536961023857177,354.0,0.1637047500978715
Ethambutol,embB,embB_p.Ser669Arg,3) Uncertain significance,p.S669R,0.0,Unknown,669,,172.0,497.0,29.775300703771233,406.0,-0.1954790907432193
Ethambutol,embB,embB_p.Ser669Gly,3) Uncertain significance,p.S669G,0.0,Unknown,669,,172.0,497.0,29.775300703771233,406.0,-0.1954790907432193
Ethambutol,embB,embB_p.Ser66Asn,3) Uncertain significance,p.S66N,0.0,Unknown,66,,240.0,306.0,22.968780442156692,319.0,-0.1194560467085234
Ethambutol,embB,embB_p.Ser73Leu,3) Uncertain significance,p.S73L,0.0,Unknown,73,,233.0,306.0,9.851488161694148,319.0,0.8390444502258798
Ethambutol,embB,embB_p.Ser773Pro,3) Uncertain significance,p.S773P,0.1111111111111111,Unknown,773,,276.0,497.0,54.61446535488561,319.0,-0.41755517820775
Ethambutol,embB,embB_p.Ser823Arg,3) Uncertain significance,p.S823R,0.0,Unknown,823,,326.0,497.0,39.01115460993174,319.0,-0.3668085020129998
Ethambutol,embB,embB_p.Ser856Arg,3) Uncertain significance,p.S856R,0.25,Unknown,856,,359.0,497.0,47.900842664821674,319.0,-0.4655430703461897
Ethambutol,embB,embB_p.Ser980Ala,3) Uncertain significance,p.S980A,0.0,Unknown,980,,483.0,497.0,13.527723163932638,319.0,0.6754423566057248
Ethambutol,embB,embB_p.Thr1015Ala,3) Uncertain significance,p.T1015A,0.0,Unknown,1015,,518.0,497.0,12.441709327901865,319.0,0.4876595509504479
Ethambutol,embB,embB_p.Thr1025Ile,3) Uncertain significance,p.T1025I,0.0,Unknown,1025,,528.0,497.0,10.288985324122118,319.0,1.6884777585644035
Ethambutol,embB,embB_p.Thr1069Pro,3) Uncertain significance,p.T1069P,0.0,Unknown,1069,,572.0,497.0,16.604405198621212,319.0,0.0281403250113112
Ethambutol,embB,embB_p.Thr1082Ala,5) Not assoc w R,p.T1082A,0.5822454308093995,Susceptible,1082,,585.0,497.0,14.60479801298191,497.0,0.4875084049975048
Ethambutol,embB,embB_p.Thr1084Pro,3) Uncertain significance,p.T1084P,1.0,Unknown,1084,,587.0,497.0,12.648148678759268,497.0,0.4867240850831529
Ethambutol,embB,embB_p.Thr11Pro,3) Uncertain significance,p.T11P,0.0,Unknown,11,,295.0,306.0,,,
Ethambutol,embB,embB_p.Thr126Asn,3) Uncertain significance,p.T126N,0.5,Unknown,126,,180.0,306.0,27.821400845392382,319.0,-0.2681438703595933
Ethambutol,embB,embB_p.Thr141Arg,3) Uncertain significance,p.T141R,0.0,Unknown,141,,165.0,306.0,44.79926446940844,319.0,-0.303796251432582
Ethambutol,embB,embB_p.Thr151Ile,3) Uncertain significance,p.T151I,1.0,Unknown,151,,155.0,306.0,27.742082185733647,497.0,-0.1664732292962845
Ethambutol,embB,embB_p.Thr151Pro,3) Uncertain significance,p.T151P,0.0,Unknown,151,,155.0,306.0,27.742082185733647,497.0,-0.1664732292962845
Ethambutol,embB,embB_p.Thr153Asn,3) Uncertain significance,p.T153N,1.0,Unknown,153,,153.0,306.0,22.589900796594925,497.0,-0.0348505371448004
Ethambutol,embB,embB_p.Thr157Ala,3) Uncertain significance,p.T157A,0.0,Unknown,157,,149.0,306.0,27.42785481950786,319.0,-0.161669177352285
Ethambutol,embB,embB_p.Thr157Ile,3) Uncertain significance,p.T157I,0.0,Unknown,157,,149.0,306.0,27.42785481950786,319.0,-0.161669177352285
Ethambutol,embB,embB_p.Thr208Asn,3) Uncertain significance,p.T208N,0.0,Unknown,208,,98.0,306.0,8.477527528707895,497.0,0.8044954853133223
Ethambutol,embB,embB_p.Thr208Ile,3) Uncertain significance,p.T208I,0.0,Unknown,208,,98.0,306.0,8.477527528707895,497.0,0.8044954853133223
Ethambutol,embB,embB_p.Thr212Ala,3) Uncertain significance,p.T212A,0.4,Unknown,212,,94.0,306.0,4.3933587379134,497.0,1.663511586630683
Ethambutol,embB,embB_p.Thr215Ala,3) Uncertain significance,p.T215A,0.0,Unknown,215,,91.0,306.0,9.247433698059146,497.0,0.7032587919248389
Ethambutol,embB,embB_p.Thr215Ile,3) Uncertain significance,p.T215I,0.0,Unknown,215,,91.0,306.0,9.247433698059146,497.0,0.7032587919248389
Ethambutol,embB,embB_p.Thr216Ala,3) Uncertain significance,p.T216A,0.0,Unknown,216,,90.0,306.0,12.4693161801279,497.0,0.5267626306586017
Ethambutol,embB,embB_p.Thr275Ala,3) Uncertain significance,p.T275A,0.0,Unknown,275,,31.0,306.0,20.681743567697588,354.0,0.0217085083456221
Ethambutol,embB,embB_p.Thr275Asn,3) Uncertain significance,p.T275N,0.0,Unknown,275,,31.0,306.0,20.681743567697588,354.0,0.0217085083456221
Ethambutol,embB,embB_p.Thr279Pro,3) Uncertain significance,p.T279P,0.2,Unknown,279,,27.0,306.0,15.790329382251668,354.0,0.0156476962661088
Ethambutol,embB,embB_p.Thr31Ala,3) Uncertain significance,p.T31A,0.0,Unknown,31,,275.0,306.0,25.331913587409865,497.0,-0.032972445046696
Ethambutol,embB,embB_p.Thr341Asn,3) Uncertain significance,p.T341N,0.0,Unknown,341,,13.0,328.0,7.876706735685915,306.0,2.2635976564178577
Ethambutol,embB,embB_p.Thr341Ile,3) Uncertain significance,p.T341I,0.0,Unknown,341,,13.0,328.0,7.876706735685915,306.0,2.2635976564178577
Ethambutol,embB,embB_p.Thr498Ala,3) Uncertain significance,p.T498A,0.0,Unknown,498,,1.0,497.0,1.3276467903776294,497.0,3.895665281146847
Ethambutol,embB,embB_p.Thr498Asn,3) Uncertain significance,p.T498N,0.0,Unknown,498,,1.0,497.0,1.3276467903776294,497.0,3.895665281146847
Ethambutol,embB,embB_p.Thr498Ile,3) Uncertain significance,p.T498I,0.0,Unknown,498,,1.0,497.0,1.3276467903776294,497.0,3.895665281146847
Ethambutol,embB,embB_p.Thr498Pro,3) Uncertain significance,p.T498P,1.0,Unknown,498,,1.0,497.0,1.3276467903776294,497.0,3.895665281146847
Ethambutol,embB,embB_p.Thr498Ser,3) Uncertain significance,p.T498S,1.0,Unknown,498,,1.0,497.0,1.3276467903776294,497.0,3.895665281146847
Ethambutol,embB,embB_p.Thr501Ala,3) Uncertain significance,p.T501A,0.0,Unknown,501,,4.0,497.0,3.1228512612674852,497.0,2.0735863731251896
Ethambutol,embB,embB_p.Thr501Lys,3) Uncertain significance,p.T501K,0.5,Unknown,501,,4.0,497.0,3.1228512612674852,497.0,2.0735863731251896
Ethambutol,embB,embB_p.Thr506Asn,3) Uncertain significance,p.T506N,0.0,Unknown,506,,9.0,497.0,7.266704892865805,328.0,1.2469779125602956
Ethambutol,embB,embB_p.Thr520Ser,3) Uncertain significance,p.T520S,0.0,Unknown,520,,23.0,497.0,21.88156749412621,406.0,0.3900209893717526
Ethambutol,embB,embB_p.Thr532Ala,3) Uncertain significance,p.T532A,0.0,Unknown,532,,35.0,497.0,21.180461019534025,406.0,0.191401208911704
Ethambutol,embB,embB_p.Thr532Ile,3) Uncertain significance,p.T532I,1.0,Unknown,532,,35.0,497.0,21.180461019534025,406.0,0.191401208911704
Ethambutol,embB,embB_p.Thr546Ala,3) Uncertain significance,p.T546A,0.0,Unknown,546,,49.0,497.0,14.531830098098435,406.0,0.0954049014823177
Ethambutol,embB,embB_p.Thr546Ile,3) Uncertain significance,p.T546I,1.0,Unknown,546,,49.0,497.0,14.531830098098435,406.0,0.0954049014823177
Ethambutol,embB,embB_p.Thr581Ala,3) Uncertain significance,p.T581A,0.0,Unknown,581,,84.0,497.0,12.494844496831488,406.0,0.3671508117812928
Ethambutol,embB,embB_p.Thr588Met,3) Uncertain significance,p.T588M,0.0,Unknown,588,,91.0,497.0,14.332459488866522,406.0,0.7524509831529801
Ethambutol,embB,embB_p.Thr642Ala,3) Uncertain significance,p.T642A,0.8333333333333334,Unknown,642,,145.0,497.0,22.667758623207547,406.0,-0.0201350001508551
Ethambutol,embB,embB_p.Thr643Ala,3) Uncertain significance,p.T643A,0.6666666666666666,Unknown,643,,146.0,497.0,22.141601432597422,406.0,0.0153426749341684
Ethambutol,embB,embB_p.Thr643Ile,3) Uncertain significance,p.T643I,0.2222222222222222,Unknown,643,,146.0,497.0,22.141601432597422,406.0,0.0153426749341684
Ethambutol,embB,embB_p.Thr667Ala,3) Uncertain significance,p.T667A,0.0,Unknown,667,,170.0,497.0,32.806467258758616,406.0,-0.2089016767146806
Ethambutol,embB,embB_p.Thr670Ile,3) Uncertain significance,p.T670I,0.0,Unknown,670,,173.0,497.0,32.74939135312289,406.0,-0.2377735201775838
Ethambutol,embB,embB_p.Thr68Ala,3) Uncertain significance,p.T68A,0.0,Unknown,68,,238.0,306.0,15.382484779774712,319.0,0.0971845886471211
Ethambutol,embB,embB_p.Thr704Lys,3) Uncertain significance,p.T704K,0.0,Unknown,704,,207.0,497.0,29.063926816588296,406.0,-0.2594425308682769
Ethambutol,embB,embB_p.Thr732Ile,3) Uncertain significance,p.T732I,0.0,Unknown,732,,235.0,497.0,23.808166267060553,354.0,-0.0446265611426769
Ethambutol,embB,embB_p.Thr797Ala,3) Uncertain significance,p.T797A,0.0,Unknown,797,,300.0,497.0,29.65312229766034,319.0,-0.38730323243874
Ethambutol,embB,embB_p.Thr797Met,3) Uncertain significance,p.T797M,0.0,Unknown,797,,300.0,497.0,29.65312229766034,319.0,-0.38730323243874
Ethambutol,embB,embB_p.Thr797Pro,3) Uncertain significance,p.T797P,0.0,Unknown,797,,300.0,497.0,29.65312229766034,319.0,-0.38730323243874
Ethambutol,embB,embB_p.Thr811Ala,3) Uncertain significance,p.T811A,0.0,Unknown,811,,314.0,497.0,16.390146216553415,319.0,0.0491477621887159
Ethambutol,embB,embB_p.Thr819Ile,3) Uncertain significance,p.T819I,0.0,Unknown,819,,322.0,497.0,32.973041928217654,319.0,-0.3124326188250315
Ethambutol,embB,embB_p.Thr822Met,3) Uncertain significance,p.T822M,0.0,Unknown,822,,325.0,497.0,36.69203893217164,319.0,-0.3105683019514289
Ethambutol,embB,embB_p.Thr82Ala,3) Uncertain significance,p.T82A,0.0,Unknown,82,,224.0,306.0,31.810886029785454,319.0,-0.242862029751781
Ethambutol,embB,embB_p.Thr830Met,3) Uncertain significance,p.T830M,0.0,Unknown,830,,333.0,497.0,37.0456414980224,319.0,-0.4027059138003135
Ethambutol,embB,embB_p.Thr849Ala,3) Uncertain significance,p.T849A,0.0,Unknown,849,,352.0,497.0,44.661965082159114,319.0,-0.4166418506006803
Ethambutol,embB,embB_p.Thr878Ala,3) Uncertain significance,p.T878A,0.0,Unknown,878,,381.0,497.0,30.937756431260496,319.0,-0.4846158642895344
Ethambutol,embB,embB_p.Thr897Pro,3) Uncertain significance,p.T897P,0.0,Unknown,897,,400.0,497.0,42.64890476905592,319.0,-0.4960047844317994
Ethambutol,embB,embB_p.Thr956Ile,3) Uncertain significance,p.T956I,0.0,Unknown,956,,459.0,497.0,44.05566138420806,319.0,-0.3746707888597195
Ethambutol,embB,embB_p.Thr981Ala,3) Uncertain significance,p.T981A,0.0,Unknown,981,,484.0,497.0,11.862544752286492,319.0,0.6756655333912872
Ethambutol,embB,embB_p.Thr981Met,3) Uncertain significance,p.T981M,0.0,Unknown,981,,484.0,497.0,11.862544752286492,319.0,0.6756655333912872
Ethambutol,embB,embB_p.Trp1089Arg,3) Uncertain significance,p.W1089R,0.6666666666666666,Unknown,1089,,592.0,497.0,9.645896588705467,497.0,0.5878241625976899
Ethambutol,embB,embB_p.Trp1089Leu,3) Uncertain significance,p.W1089L,1.0,Unknown,1089,,592.0,497.0,9.645896588705467,497.0,0.5878241625976899
Ethambutol,embB,embB_p.Trp237Arg,3) Uncertain significance,p.W237R,0.0,Unknown,237,,69.0,306.0,26.624379692304558,406.0,-0.057906890767841
Ethambutol,embB,embB_p.Trp273Leu,3) Uncertain significance,p.W273L,0.0,Unknown,273,,33.0,306.0,17.618000624361446,406.0,0.1107495531779526
Ethambutol,embB,embB_p.Trp28Ser,3) Uncertain significance,p.W28S,0.0,Unknown,28,,278.0,306.0,29.274295158039255,497.0,-0.0391229131009743
Ethambutol,embB,embB_p.Trp332Arg,3) Uncertain significance,p.W332R,0.391304347826087,Unknown,332,,4.0,328.0,5.9426413319331415,328.0,2.1008538181923413
Ethambutol,embB,embB_p.Trp332Leu,3) Uncertain significance,p.W332L,0.0,Unknown,332,,4.0,328.0,5.9426413319331415,328.0,2.1008538181923413
Ethambutol,embB,embB_p.Trp349Arg,3) Uncertain significance,p.W349R,1.0,Unknown,349,,5.0,354.0,7.90960681702955,354.0,1.1472479557471045
Ethambutol,embB,embB_p.Trp572Cys,3) Uncertain significance,p.W572C,0.5,Unknown,572,,75.0,497.0,22.138532132912534,406.0,-0.1146509275720552
Ethambutol,embB,embB_p.Trp621Ser,3) Uncertain significance,p.W621S,0.0,Unknown,621,,124.0,497.0,37.651313522903806,406.0,-0.2960462541395808
Ethambutol,embB,embB_p.Trp685Leu,3) Uncertain significance,p.W685L,1.0,Unknown,685,,188.0,497.0,43.81311526244168,406.0,-0.2711333220461716
Ethambutol,embB,embB_p.Tyr1018His,3) Uncertain significance,p.Y1018H,0.0,Unknown,1018,,521.0,497.0,19.688561679310162,319.0,0.1064315513106432
Ethambutol,embB,embB_p.Tyr315Cys,3) Uncertain significance,p.Y315C,0.3333333333333333,Unknown,315,,4.0,319.0,3.734725960495642,497.0,3.76667927809471
Ethambutol,embB,embB_p.Tyr319Asn,3) Uncertain significance,p.Y319N,0.0,Unknown,319,,9.0,328.0,4.625981625557971,306.0,3.8701861087031295
Ethambutol,embB,embB_p.Tyr319Asp,3) Uncertain significance,p.Y319D,0.6,Unknown,319,,9.0,328.0,4.625981625557971,306.0,3.8701861087031295
Ethambutol,embB,embB_p.Tyr319Cys,1) Assoc w R,p.Y319C,0.53125,Resistant,319,,9.0,328.0,4.625981625557971,306.0,3.8701861087031295
Ethambutol,embB,embB_p.Tyr319Phe,3) Uncertain significance,p.Y319F,0.0,Unknown,319,,9.0,328.0,4.625981625557971,306.0,3.8701861087031295
Ethambutol,embB,embB_p.Tyr319Ser,1) Assoc w R,p.Y319S,0.8127490039840638,Resistant,319,,9.0,328.0,4.625981625557971,306.0,3.8701861087031295
Ethambutol,embB,embB_p.Tyr334His,3) Uncertain significance,p.Y334H,0.8542713567839196,Unknown,334,,6.0,328.0,3.834073682129747,306.0,5.149054402893831
Ethambutol,embB,embB_p.Tyr384Ser,3) Uncertain significance,p.Y384S,0.0,Unknown,384,,22.0,406.0,18.22265746262056,354.0,-0.1048463252741652
Ethambutol,embB,embB_p.Tyr519His,3) Uncertain significance,p.Y519H,0.0,Unknown,519,,22.0,497.0,24.33290192311635,328.0,0.2871073151126432
Ethambutol,embB,embB_p.Tyr730His,3) Uncertain significance,p.Y730H,0.0,Unknown,730,,233.0,497.0,25.369983957424957,354.0,-0.0844874938894406
Ethambutol,embB,embB_p.Tyr813Asp,3) Uncertain significance,p.Y813D,0.0,Unknown,813,,316.0,497.0,20.48692741725805,319.0,-0.1463443447600785
Ethambutol,embB,embB_p.Tyr848His,3) Uncertain significance,p.Y848H,0.0,Unknown,848,,351.0,497.0,40.60300002462873,319.0,-0.4441794875821291
Ethambutol,embB,embB_p.Tyr977His,3) Uncertain significance,p.Y977H,0.0,Unknown,977,,480.0,497.0,18.04035989108865,319.0,0.0226659814059805
Ethambutol,embB,embB_p.Val1048Ile,3) Uncertain significance,p.V1048I,0.0,Unknown,1048,,551.0,497.0,19.264041787745377,319.0,-0.1382267945378437
Ethambutol,embB,embB_p.Val1071Phe,3) Uncertain significance,p.V1071F,0.0,Unknown,1071,,574.0,497.0,20.209642475808412,319.0,-0.1140852380254023
Ethambutol,embB,embB_p.Val116Ile,3) Uncertain significance,p.V116I,0.0,Unknown,116,,190.0,306.0,29.777756900075598,319.0,-0.3270385968699544
Ethambutol,embB,embB_p.Val118Ala,3) Uncertain significance,p.V118A,0.0,Unknown,118,,188.0,306.0,35.02422855681478,319.0,-0.3254869026213768
Ethambutol,embB,embB_p.Val123Ala,3) Uncertain significance,p.V123A,0.0,Unknown,123,,183.0,306.0,37.136911207045756,319.0,-0.3466251775410364
Ethambutol,embB,embB_p.Val130Leu,3) Uncertain significance,p.V130L,0.0,Unknown,130,,176.0,306.0,28.448462559512755,319.0,-0.2045883308120783
Ethambutol,embB,embB_p.Val130Met,3) Uncertain significance,p.V130M,0.0,Unknown,130,,176.0,306.0,28.448462559512755,319.0,-0.2045883308120783
Ethambutol,embB,embB_p.Val131Met,3) Uncertain significance,p.V131M,0.0,Unknown,131,,175.0,306.0,31.61649773456889,319.0,-0.2572692337055368
Ethambutol,embB,embB_p.Val135Met,3) Uncertain significance,p.V135M,0.0,Unknown,135,,171.0,306.0,39.73476385987464,319.0,-0.3160251013451128
Ethambutol,embB,embB_p.Val162Gly,3) Uncertain significance,p.V162G,0.0,Unknown,162,,144.0,306.0,38.65860098348102,497.0,-0.2601343213262857
Ethambutol,embB,embB_p.Val186Ala,3) Uncertain significance,p.V186A,0.0,Unknown,186,,120.0,306.0,14.574156099067968,319.0,0.094236720285056
Ethambutol,embB,embB_p.Val186Leu,3) Uncertain significance,p.V186L,0.0,Unknown,186,,120.0,306.0,14.574156099067968,319.0,0.094236720285056
Ethambutol,embB,embB_p.Val188Ala,3) Uncertain significance,p.V188A,0.0,Unknown,188,,118.0,306.0,20.997078796823143,319.0,-0.1307098516527325
Ethambutol,embB,embB_p.Val230Ala,3) Uncertain significance,p.V230A,0.0,Unknown,230,,76.0,306.0,20.91945912302705,497.0,0.2000633570673456
Ethambutol,embB,embB_p.Val231Ile,3) Uncertain significance,p.V231I,0.0,Unknown,231,,75.0,306.0,23.423893613146394,497.0,0.0911868918123083
Ethambutol,embB,embB_p.Val282Ala,3) Uncertain significance,p.V282A,0.0,Unknown,282,,24.0,306.0,13.839156404925847,354.0,0.095062621564103
Ethambutol,embB,embB_p.Val282Leu,3) Uncertain significance,p.V282L,0.0,Unknown,282,,24.0,306.0,13.839156404925847,354.0,0.095062621564103
Ethambutol,embB,embB_p.Val283Met,3) Uncertain significance,p.V283M,0.0,Unknown,283,,23.0,306.0,10.61412733106212,354.0,0.2150639075288416
Ethambutol,embB,embB_p.Val292Ile,3) Uncertain significance,p.V292I,0.5,Unknown,292,,14.0,306.0,10.57434730846305,354.0,0.3555078567782573
Ethambutol,embB,embB_p.Val292Leu,3) Uncertain significance,p.V292L,0.0,Unknown,292,,14.0,306.0,10.57434730846305,354.0,0.3555078567782573
Ethambutol,embB,embB_p.Val292Phe,3) Uncertain significance,p.V292F,0.25,Unknown,292,,14.0,306.0,10.57434730846305,354.0,0.3555078567782573
Ethambutol,embB,embB_p.Val29Leu,3) Uncertain significance,p.V29L,0.0,Unknown,29,,277.0,306.0,27.12045032811956,497.0,-0.0290223985117887
Ethambutol,embB,embB_p.Val309Leu,3) Uncertain significance,p.V309L,1.0,Unknown,309,,3.0,306.0,3.992362834212347,319.0,4.814342339329031
Ethambutol,embB,embB_p.Val309Phe,3) Uncertain significance,p.V309F,0.0,Unknown,309,,3.0,306.0,3.992362834212347,319.0,4.814342339329031
Ethambutol,embB,embB_p.Val360Leu,3) Uncertain significance,p.V360L,0.0,Unknown,360,,6.0,354.0,7.784486302897599,354.0,0.7567876984001867
Ethambutol,embB,embB_p.Val369Met,3) Uncertain significance,p.V369M,0.0,Unknown,369,,15.0,354.0,14.184976735969638,406.0,0.097897850894713
Ethambutol,embB,embB_p.Val377Ala,3) Uncertain significance,p.V377A,0.0,Unknown,377,,23.0,354.0,21.79699148965289,406.0,-0.0918000180130895
Ethambutol,embB,embB_p.Val377Met,3) Uncertain significance,p.V377M,0.0,Unknown,377,,23.0,354.0,21.79699148965289,406.0,-0.0918000180130895
Ethambutol,embB,embB_p.Val390Ile,3) Uncertain significance,p.V390I,0.0,Unknown,390,,16.0,406.0,12.541382778625334,406.0,0.1599031725171208
Ethambutol,embB,embB_p.Val39Gly,3) Uncertain significance,p.V39G,0.0,Unknown,39,,267.0,306.0,14.827641552182213,497.0,0.2481581959533347
Ethambutol,embB,embB_p.Val39Leu,3) Uncertain significance,p.V39L,0.0,Unknown,39,,267.0,306.0,14.827641552182213,497.0,0.2481581959533347
Ethambutol,embB,embB_p.Val414Gly,3) Uncertain significance,p.V414G,0.0,Unknown,414,,8.0,406.0,9.21229385115347,406.0,0.5563316016586556
Ethambutol,embB,embB_p.Val414Ile,3) Uncertain significance,p.V414I,0.0,Unknown,414,,8.0,406.0,9.21229385115347,406.0,0.5563316016586556
Ethambutol,embB,embB_p.Val417Ala,3) Uncertain significance,p.V417A,0.0,Unknown,417,,11.0,406.0,13.510233861780494,406.0,0.1602269928840236
Ethambutol,embB,embB_p.Val436Gly,3) Uncertain significance,p.V436G,0.0,Unknown,436,,30.0,406.0,14.761740039710764,406.0,0.5003156174299779
Ethambutol,embB,embB_p.Val436Ile,3) Uncertain significance,p.V436I,0.0,Unknown,436,,30.0,406.0,14.761740039710764,406.0,0.5003156174299779
Ethambutol,embB,embB_p.Val444Met,3) Uncertain significance,p.V444M,0.3333333333333333,Unknown,444,,38.0,406.0,8.235874513371366,406.0,2.428575731502767
Ethambutol,embB,embB_p.Val452Leu,3) Uncertain significance,p.V452L,0.0,Unknown,452,,45.0,497.0,14.681975514214722,406.0,0.4460172161058818
Ethambutol,embB,embB_p.Val456Ala,3) Uncertain significance,p.V456A,0.8811881188118812,Unknown,456,,41.0,497.0,19.478951178130746,406.0,0.1319878897200956
Ethambutol,embB,embB_p.Val479Leu,3) Uncertain significance,p.V479L,0.0,Unknown,479,,18.0,497.0,24.24247468803465,328.0,0.012282860015618
Ethambutol,embB,embB_p.Val488Ala,3) Uncertain significance,p.V488A,1.0,Unknown,488,,9.0,497.0,12.007241065290565,328.0,0.5754696296647354
Ethambutol,embB,embB_p.Val488Ile,3) Uncertain significance,p.V488I,1.0,Unknown,488,,9.0,497.0,12.007241065290565,328.0,0.5754696296647354
Ethambutol,embB,embB_p.Val492Leu,3) Uncertain significance,p.V492L,0.0,Unknown,492,,5.0,497.0,6.664644776730413,328.0,1.4176625347674736
Ethambutol,embB,embB_p.Val492Met,3) Uncertain significance,p.V492M,0.0,Unknown,492,,5.0,497.0,6.664644776730413,328.0,1.4176625347674736
Ethambutol,embB,embB_p.Val493Met,3) Uncertain significance,p.V493M,0.6666666666666666,Unknown,493,,4.0,497.0,3.6600269124693607,328.0,1.7803507356218284
Ethambutol,embB,embB_p.Val502Leu,3) Uncertain significance,p.V502L,0.0,Unknown,502,,5.0,497.0,3.363141537313004,328.0,1.7584164428184532
Ethambutol,embB,embB_p.Val508Phe,3) Uncertain significance,p.V508F,0.0,Unknown,508,,11.0,497.0,10.989537342399819,319.0,0.9914190671029048
Ethambutol,embB,embB_p.Val50Ala,3) Uncertain significance,p.V50A,1.0,Unknown,50,,256.0,306.0,9.272837861194382,497.0,0.7784750873414366
Ethambutol,embB,embB_p.Val50Met,3) Uncertain significance,p.V50M,0.0,Unknown,50,,256.0,306.0,9.272837861194382,497.0,0.7784750873414366
Ethambutol,embB,embB_p.Val566Leu,3) Uncertain significance,p.V566L,0.0,Unknown,566,,69.0,497.0,26.119938763327912,406.0,-0.1835447862573931
Ethambutol,embB,embB_p.Val566Met,3) Uncertain significance,p.V566M,0.0,Unknown,566,,69.0,497.0,26.119938763327912,406.0,-0.1835447862573931
Ethambutol,embB,embB_p.Val593Met,3) Uncertain significance,p.V593M,0.5,Unknown,593,,96.0,497.0,11.325912104550362,406.0,0.7541997226423347
Ethambutol,embB,embB_p.Val602Ala,3) Uncertain significance,p.V602A,0.5,Unknown,602,,105.0,497.0,10.637310280329357,406.0,0.3870405894997336
Ethambutol,embB,embB_p.Val602Gly,3) Uncertain significance,p.V602G,0.0,Unknown,602,,105.0,497.0,10.637310280329357,406.0,0.3870405894997336
Ethambutol,embB,embB_p.Val602Ile,3) Uncertain significance,p.V602I,0.0,Unknown,602,,105.0,497.0,10.637310280329357,406.0,0.3870405894997336
Ethambutol,embB,embB_p.Val612Met,3) Uncertain significance,p.V612M,0.0,Unknown,612,,115.0,497.0,25.147878200754832,406.0,-0.2376567452522441
Ethambutol,embB,embB_p.Val614Ile,3) Uncertain significance,p.V614I,0.8,Unknown,614,,117.0,497.0,27.768167386415694,406.0,-0.2906810791433098
Ethambutol,embB,embB_p.Val614Leu,3) Uncertain significance,p.V614L,0.0,Unknown,614,,117.0,497.0,27.768167386415694,406.0,-0.2906810791433098
Ethambutol,embB,embB_p.Val618Met,3) Uncertain significance,p.V618M,0.0625,Unknown,618,,121.0,497.0,31.54412721886596,406.0,-0.2672939449012809
Ethambutol,embB,embB_p.Val654Met,3) Uncertain significance,p.V654M,0.0,Unknown,654,,157.0,497.0,20.05647040234149,354.0,-0.0207890593051369
Ethambutol,embB,embB_p.Val668Ala,3) Uncertain significance,p.V668A,0.3333333333333333,Unknown,668,,171.0,497.0,29.60913538082461,354.0,-0.2521765548316333
Ethambutol,embB,embB_p.Val668Ile,4) Not assoc w R - Interim,p.V668I,0.08,Susceptible,668,,171.0,497.0,29.60913538082461,354.0,-0.2521765548316333
Ethambutol,embB,embB_p.Val67Leu,3) Uncertain significance,p.V67L,0.0,Unknown,67,,239.0,306.0,19.516277206475635,319.0,-0.0492234457472968
Ethambutol,embB,embB_p.Val710Leu,3) Uncertain significance,p.V710L,0.0,Unknown,710,,213.0,497.0,21.451135284641705,354.0,-0.1761414403361012
Ethambutol,embB,embB_p.Val727Met,3) Uncertain significance,p.V727M,0.0,Unknown,727,,230.0,497.0,23.684895123263683,354.0,-0.0690998139659535
Ethambutol,embB,embB_p.Val744Ala,3) Uncertain significance,p.V744A,0.0,Unknown,744,,247.0,497.0,21.855597795530564,354.0,0.3166546572855614
Ethambutol,embB,embB_p.Val755Ile,3) Uncertain significance,p.V755I,0.0,Unknown,755,,258.0,497.0,20.632499339634066,319.0,-0.1230671434341503
Ethambutol,embB,embB_p.Val77Ile,3) Uncertain significance,p.V77I,0.5,Unknown,77,,229.0,306.0,14.597957939383164,497.0,0.2796524476337523
Ethambutol,embB,embB_p.Val783Ile,3) Uncertain significance,p.V783I,0.0,Unknown,783,,286.0,497.0,52.40193959196547,319.0,-0.4634861536833906
Ethambutol,embB,embB_p.Val786Ala,3) Uncertain significance,p.V786A,0.0,Unknown,786,,289.0,497.0,50.57461863425172,319.0,-0.4576383085333739
Ethambutol,embB,embB_p.Val793Ile,3) Uncertain significance,p.V793I,0.0,Unknown,793,,296.0,497.0,35.509321902846864,319.0,-0.4428936478091401
Ethambutol,embB,embB_p.Val803Ala,3) Uncertain significance,p.V803A,0.0,Unknown,803,,306.0,497.0,26.283365766202795,319.0,-0.2020916696749086
Ethambutol,embB,embB_p.Val803Met,3) Uncertain significance,p.V803M,0.0,Unknown,803,,306.0,497.0,26.283365766202795,319.0,-0.2020916696749086
Ethambutol,embB,embB_p.Val859Ile,3) Uncertain significance,p.V859I,0.0,Unknown,859,,362.0,497.0,48.41362723448844,319.0,-0.5095902269208008
Ethambutol,embB,embB_p.Val888Met,3) Uncertain significance,p.V888M,0.0,Unknown,888,,391.0,497.0,28.48849236095164,354.0,-0.2091019209400429
Ethambutol,embB,embB_p.Val898Met,3) Uncertain significance,p.V898M,0.0,Unknown,898,,401.0,497.0,40.07578195119841,319.0,-0.5269746929689023
Ethambutol,embB,embB_p.Val917Ala,3) Uncertain significance,p.V917A,1.0,Unknown,917,,420.0,497.0,38.464549457909946,319.0,-0.4415438538328997
Ethambutol,embB,embB_p.Val944Ala,3) Uncertain significance,p.V944A,0.0,Unknown,944,,447.0,497.0,46.97062627855839,319.0,-0.4228686927283629
Ethambutol,embB,embB_p.Val963Met,3) Uncertain significance,p.V963M,0.0,Unknown,963,,466.0,497.0,38.10503532343201,319.0,-0.547973877089251
Pyrazinamide,pncA,pncA_p.Ala102Leu,3) Uncertain significance,p.A102L,1.0,Unknown,102,,1.0,103.0,1.3404849868610966,103.0,4.5062961220784805
Pyrazinamide,pncA,pncA_p.Ala102Pro,1) Assoc w R,p.A102P,0.8888888888888888,Resistant,102,,1.0,103.0,1.3404849868610966,103.0,4.5062961220784805
Pyrazinamide,pncA,pncA_p.Ala102Thr,2) Assoc w R - Interim,p.A102T,0.5,Resistant,102,,1.0,103.0,1.3404849868610966,103.0,4.5062961220784805
Pyrazinamide,pncA,pncA_p.Ala102Val,4) Not assoc w R - Interim,p.A102V,0.3,Susceptible,102,,1.0,103.0,1.3404849868610966,103.0,4.5062961220784805
Pyrazinamide,pncA,pncA_p.Ala134Gly,3) Uncertain significance,p.A134G,0.5,Unknown,134,,1.0,133.0,1.3121608133151972,133.0,3.494155048104886
Pyrazinamide,pncA,pncA_p.Ala134Pro,3) Uncertain significance,p.A134P,1.0,Unknown,134,,1.0,133.0,1.3121608133151972,133.0,3.494155048104886
Pyrazinamide,pncA,pncA_p.Ala134Val,1) Assoc w R,p.A134V,0.9285714285714286,Resistant,134,,1.0,133.0,1.3121608133151972,133.0,3.494155048104886
Pyrazinamide,pncA,pncA_p.Ala143Gly,2) Assoc w R - Interim,p.A143G,1.0,Resistant,143,,1.0,142.0,1.3331770325054362,142.0,2.1779717897219064
Pyrazinamide,pncA,pncA_p.Ala143Thr,3) Uncertain significance,p.A143T,0.0,Unknown,143,,1.0,142.0,1.3331770325054362,142.0,2.1779717897219064
Pyrazinamide,pncA,pncA_p.Ala143Val,3) Uncertain significance,p.A143V,0.0,Unknown,143,,1.0,142.0,1.3331770325054362,142.0,2.1779717897219064
Pyrazinamide,pncA,pncA_p.Ala146Glu,2) Assoc w R - Interim,p.A146E,1.0,Resistant,146,,3.0,143.0,2.9597089383924224,142.0,-0.5876840977360696
Pyrazinamide,pncA,pncA_p.Ala146Thr,1) Assoc w R,p.A146T,0.7894736842105263,Resistant,146,,3.0,143.0,2.9597089383924224,142.0,-0.5876840977360696
Pyrazinamide,pncA,pncA_p.Ala146Val,1) Assoc w R,p.A146V,1.0,Resistant,146,,3.0,143.0,2.9597089383924224,142.0,-0.5876840977360696
Pyrazinamide,pncA,pncA_p.Ala161Gly,3) Uncertain significance,p.A161G,1.0,Unknown,161,,1.0,160.0,1.3252841204813401,160.0,1.903237597163856
Pyrazinamide,pncA,pncA_p.Ala161Pro,3) Uncertain significance,p.A161P,1.0,Unknown,161,,1.0,160.0,1.3252841204813401,160.0,1.903237597163856
Pyrazinamide,pncA,pncA_p.Ala171Asp,3) Uncertain significance,p.A171D,1.0,Unknown,171,,1.0,172.0,1.3208879589124898,172.0,0.5429134539936145
Pyrazinamide,pncA,pncA_p.Ala171Glu,2) Assoc w R - Interim,p.A171E,1.0,Resistant,171,,1.0,172.0,1.3208879589124898,172.0,0.5429134539936145
Pyrazinamide,pncA,pncA_p.Ala171Gly,3) Uncertain significance,p.A171G,0.0,Unknown,171,,1.0,172.0,1.3208879589124898,172.0,0.5429134539936145
Pyrazinamide,pncA,pncA_p.Ala171Pro,2) Assoc w R - Interim,p.A171P,1.0,Resistant,171,,1.0,172.0,1.3208879589124898,172.0,0.5429134539936145
Pyrazinamide,pncA,pncA_p.Ala171Thr,3) Uncertain significance,p.A171T,0.5,Unknown,171,,1.0,172.0,1.3208879589124898,172.0,0.5429134539936145
Pyrazinamide,pncA,pncA_p.Ala171Val,3) Uncertain significance,p.A171V,0.3333333333333333,Unknown,171,,1.0,172.0,1.3208879589124898,172.0,0.5429134539936145
Pyrazinamide,pncA,pncA_p.Ala26Val,3) Uncertain significance,p.A26V,0.0,Unknown,26,,1.0,27.0,1.3314826322562394,27.0,-0.6059473631279261
Pyrazinamide,pncA,pncA_p.Ala28Asp,3) Uncertain significance,p.A28D,1.0,Unknown,28,,1.0,27.0,1.3394954273904771,27.0,-0.2841187072426627
Pyrazinamide,pncA,pncA_p.Ala30Val,3) Uncertain significance,p.A30V,0.0,Unknown,30,,1.0,31.0,1.3113390103249427,31.0,-0.8770449444576246
Pyrazinamide,pncA,pncA_p.Ala36Pro,3) Uncertain significance,p.A36P,0.0,Unknown,36,,1.0,35.0,1.3468786136842485,35.0,-1.2400298499563318
Pyrazinamide,pncA,pncA_p.Ala3Glu,2) Assoc w R - Interim,p.A3E,1.0,Resistant,3,,1.0,4.0,1.326762224364264,4.0,-0.013438996953299
Pyrazinamide,pncA,pncA_p.Ala3Pro,3) Uncertain significance,p.A3P,1.0,Unknown,3,,1.0,4.0,1.326762224364264,4.0,-0.013438996953299
Pyrazinamide,pncA,pncA_p.Ala46Glu,2) Assoc w R - Interim,p.A46E,0.8,Resistant,46,,1.0,47.0,1.3262390433100664,47.0,0.8471076350043059
Pyrazinamide,pncA,pncA_p.Ala46Thr,3) Uncertain significance,p.A46T,0.5,Unknown,46,,1.0,47.0,1.3262390433100664,47.0,0.8471076350043059
Pyrazinamide,pncA,pncA_p.Ala46Val,2) Assoc w R - Interim,p.A46V,0.8,Resistant,46,,1.0,47.0,1.3262390433100664,47.0,0.8471076350043059
Pyrazinamide,pncA,pncA_p.Ala79Thr,4) Not assoc w R - Interim,p.A79T,0.0,Susceptible,79,,1.0,78.0,1.3422738170731028,78.0,2.4393961039584897
Pyrazinamide,pncA,pncA_p.Ala79Val,3) Uncertain significance,p.A79V,0.0,Unknown,79,,1.0,78.0,1.3422738170731028,78.0,2.4393961039584897
Pyrazinamide,pncA,pncA_p.Arg121Pro,2) Assoc w R - Interim,p.R121P,1.0,Resistant,121,,1.0,120.0,1.313592402535886,120.0,-0.8767493581361596
Pyrazinamide,pncA,pncA_p.Arg123Pro,3) Uncertain significance,p.R123P,1.0,Unknown,123,,2.0,121.0,2.8285351332447686,119.0,-1.2168239761559447
Pyrazinamide,pncA,pncA_p.Arg140Gly,3) Uncertain significance,p.R140G,0.0,Unknown,140,,1.0,139.0,1.338381485227586,141.0,5.030049902278464
Pyrazinamide,pncA,pncA_p.Arg140Pro,2) Assoc w R - Interim,p.R140P,1.0,Resistant,140,,1.0,139.0,1.338381485227586,141.0,5.030049902278464
Pyrazinamide,pncA,pncA_p.Arg140Ser,3) Uncertain significance,p.R140S,0.5,Unknown,140,,1.0,139.0,1.338381485227586,141.0,5.030049902278464
Pyrazinamide,pncA,pncA_p.Arg148Ser,3) Uncertain significance,p.R148S,0.0,Unknown,148,,2.0,146.0,3.507992445829951,146.0,-0.1376822231918897
Pyrazinamide,pncA,pncA_p.Arg154Gly,1) Assoc w R,p.R154G,0.7083333333333334,Resistant,154,,1.0,155.0,1.3391090321553378,155.0,-0.0820547572197387
Pyrazinamide,pncA,pncA_p.Arg154Met,1) Assoc w R,p.R154M,1.0,Resistant,154,,1.0,155.0,1.3391090321553378,155.0,-0.0820547572197387
Pyrazinamide,pncA,pncA_p.Arg29Ser,3) Uncertain significance,p.R29S,0.0,Unknown,29,,2.0,27.0,3.232765534337434,27.0,-1.0538836611133229
Pyrazinamide,pncA,pncA_p.Arg2Gln,3) Uncertain significance,p.R2Q,0.0,Unknown,2,,1.0,3.0,1.3239165381548792,3.0,-0.9446018439104524
Pyrazinamide,pncA,pncA_p.Arg2Leu,3) Uncertain significance,p.R2L,0.0,Unknown,2,,1.0,3.0,1.3239165381548792,3.0,-0.9446018439104524
Pyrazinamide,pncA,pncA_p.Arg2Pro,3) Uncertain significance,p.R2P,1.0,Unknown,2,,1.0,3.0,1.3239165381548792,3.0,-0.9446018439104524
Pyrazinamide,pncA,pncA_p.Arg2Trp,3) Uncertain significance,p.R2W,0.5,Unknown,2,,1.0,3.0,1.3239165381548792,3.0,-0.9446018439104524
Pyrazinamide,pncA,pncA_p.Asn11His,3) Uncertain significance,p.N11H,1.0,Unknown,11,,1.0,10.0,1.3290857760129686,12.0,4.895735518888467
Pyrazinamide,pncA,pncA_p.Asn11Ser,3) Uncertain significance,p.N11S,0.5,Unknown,11,,1.0,10.0,1.3290857760129686,12.0,4.895735518888467
Pyrazinamide,pncA,pncA_p.Asn149Asp,3) Uncertain significance,p.N149D,0.0,Unknown,149,,2.0,151.0,3.3287796562704473,146.0,-0.7846972080263805
Pyrazinamide,pncA,pncA_p.Asp110Gly,3) Uncertain significance,p.D110G,0.0,Unknown,110,,2.0,108.0,2.8738134942963858,114.0,-0.9531452575245578
Pyrazinamide,pncA,pncA_p.Asp129Asn,2) Assoc w R - Interim,p.D129N,0.75,Resistant,129,,1.0,128.0,1.3345722161052216,128.0,0.2532469487226192
Pyrazinamide,pncA,pncA_p.Asp129Gly,3) Uncertain significance,p.D129G,0.0,Unknown,129,,1.0,128.0,1.3345722161052216,128.0,0.2532469487226192
Pyrazinamide,pncA,pncA_p.Asp12Ala,1) Assoc w R,p.D12A,0.72,Resistant,12,,1.0,13.0,1.3292539260803398,13.0,1.9978432428881057
Pyrazinamide,pncA,pncA_p.Asp12Asn,2) Assoc w R - Interim,p.D12N,0.8571428571428571,Resistant,12,,1.0,13.0,1.3292539260803398,13.0,1.9978432428881057
Pyrazinamide,pncA,pncA_p.Asp12Glu,1) Assoc w R,p.D12E,1.0,Resistant,12,,1.0,13.0,1.3292539260803398,13.0,1.9978432428881057
Pyrazinamide,pncA,pncA_p.Asp12Gly,1) Assoc w R,p.D12G,0.8125,Resistant,12,,1.0,13.0,1.3292539260803398,13.0,1.9978432428881057
Pyrazinamide,pncA,pncA_p.Asp12His,3) Uncertain significance,p.D12H,1.0,Unknown,12,,1.0,13.0,1.3292539260803398,13.0,1.9978432428881057
Pyrazinamide,pncA,pncA_p.Asp136Ala,3) Uncertain significance,p.D136A,1.0,Unknown,136,,1.0,135.0,1.337772028411419,135.0,2.063236620816756
Pyrazinamide,pncA,pncA_p.Asp136Asn,3) Uncertain significance,p.D136N,0.25,Unknown,136,,1.0,135.0,1.337772028411419,135.0,2.063236620816756
Pyrazinamide,pncA,pncA_p.Asp136Glu,3) Uncertain significance,p.D136E,0.0,Unknown,136,,1.0,135.0,1.337772028411419,135.0,2.063236620816756
Pyrazinamide,pncA,pncA_p.Asp136Gly,1) Assoc w R,p.D136G,0.75,Resistant,136,,1.0,135.0,1.337772028411419,135.0,2.063236620816756
Pyrazinamide,pncA,pncA_p.Asp136His,3) Uncertain significance,p.D136H,1.0,Unknown,136,,1.0,135.0,1.337772028411419,135.0,2.063236620816756
Pyrazinamide,pncA,pncA_p.Asp136Tyr,3) Uncertain significance,p.D136Y,1.0,Unknown,136,,1.0,135.0,1.337772028411419,135.0,2.063236620816756
Pyrazinamide,pncA,pncA_p.Asp136Val,2) Assoc w R - Interim,p.D136V,1.0,Resistant,136,,1.0,135.0,1.337772028411419,135.0,2.063236620816756
Pyrazinamide,pncA,pncA_p.Asp145Glu,3) Uncertain significance,p.D145E,1.0,Unknown,145,,1.0,146.0,1.329021068305541,146.0,1.426165821724311
Pyrazinamide,pncA,pncA_p.Asp145Tyr,3) Uncertain significance,p.D145Y,1.0,Unknown,145,,1.0,146.0,1.329021068305541,146.0,1.426165821724311
Pyrazinamide,pncA,pncA_p.Asp158Asn,3) Uncertain significance,p.D158N,0.0,Unknown,158,,1.0,159.0,1.351482519309815,159.0,-0.3829227747334752
Pyrazinamide,pncA,pncA_p.Asp49Ala,1) Assoc w R,p.D49A,1.0,Resistant,49,,1.0,48.0,1.3430536102479311,48.0,3.778041903807558
Pyrazinamide,pncA,pncA_p.Asp49Asn,2) Assoc w R - Interim,p.D49N,0.8333333333333334,Resistant,49,,1.0,48.0,1.3430536102479311,48.0,3.778041903807558
Pyrazinamide,pncA,pncA_p.Asp49Glu,2) Assoc w R - Interim,p.D49E,1.0,Resistant,49,,1.0,48.0,1.3430536102479311,48.0,3.778041903807558
Pyrazinamide,pncA,pncA_p.Asp49Gly,1) Assoc w R,p.D49G,0.9555555555555556,Resistant,49,,1.0,48.0,1.3430536102479311,48.0,3.778041903807558
Pyrazinamide,pncA,pncA_p.Asp49Tyr,3) Uncertain significance,p.D49Y,1.0,Unknown,49,,1.0,48.0,1.3430536102479311,48.0,3.778041903807558
Pyrazinamide,pncA,pncA_p.Asp56His,3) Uncertain significance,p.D56H,0.0,Unknown,56,,1.0,57.0,1.330957550036814,57.0,2.658616228516269
Pyrazinamide,pncA,pncA_p.Asp63Ala,1) Assoc w R,p.D63A,0.8387096774193549,Resistant,63,,1.0,62.0,1.3195556070132106,62.0,1.870165391418918
Pyrazinamide,pncA,pncA_p.Asp63Glu,3) Uncertain significance,p.D63E,0.0,Unknown,63,,1.0,62.0,1.3195556070132106,62.0,1.870165391418918
Pyrazinamide,pncA,pncA_p.Asp63Gly,2) Assoc w R - Interim,p.D63G,0.5833333333333334,Resistant,63,,1.0,62.0,1.3195556070132106,62.0,1.870165391418918
Pyrazinamide,pncA,pncA_p.Asp63Val,3) Uncertain significance,p.D63V,1.0,Unknown,63,,1.0,62.0,1.3195556070132106,62.0,1.870165391418918
Pyrazinamide,pncA,pncA_p.Asp80Val,3) Uncertain significance,p.D80V,0.0,Unknown,80,,2.0,78.0,3.3008200496240323,10.0,1.5676813299978254
Pyrazinamide,pncA,pncA_p.Asp86Gly,3) Uncertain significance,p.D86G,0.0,Unknown,86,,1.0,85.0,1.3309733280573282,85.0,-0.498151689686188
Pyrazinamide,pncA,pncA_p.Asp8Ala,2) Assoc w R - Interim,p.D8A,1.0,Resistant,8,,1.0,7.0,1.3264878438945453,9.0,4.068641968177449
Pyrazinamide,pncA,pncA_p.Asp8Asn,1) Assoc w R,p.D8N,1.0,Resistant,8,,1.0,7.0,1.3264878438945453,9.0,4.068641968177449
Pyrazinamide,pncA,pncA_p.Asp8Glu,1) Assoc w R,p.D8E,1.0,Resistant,8,,1.0,7.0,1.3264878438945453,9.0,4.068641968177449
Pyrazinamide,pncA,pncA_p.Asp8Gly,1) Assoc w R,p.D8G,0.9565217391304348,Resistant,8,,1.0,7.0,1.3264878438945453,9.0,4.068641968177449
Pyrazinamide,pncA,pncA_p.Asp8His,2) Assoc w R - Interim,p.D8H,1.0,Resistant,8,,1.0,7.0,1.3264878438945453,9.0,4.068641968177449
Pyrazinamide,pncA,pncA_p.Asp8Tyr,2) Assoc w R - Interim,p.D8Y,1.0,Resistant,8,,1.0,7.0,1.3264878438945453,9.0,4.068641968177449
Pyrazinamide,pncA,pncA_p.Cys138Arg,1) Assoc w R,p.C138R,1.0,Resistant,138,,1.0,137.0,1.3275066854822226,137.0,5.669247592089297
Pyrazinamide,pncA,pncA_p.Cys138Ser,3) Uncertain significance,p.C138S,1.0,Unknown,138,,1.0,137.0,1.3275066854822226,137.0,5.669247592089297
Pyrazinamide,pncA,pncA_p.Cys14Arg,1) Assoc w R,p.C14R,0.9767441860465116,Resistant,14,,1.0,13.0,1.3412102743417993,13.0,1.4244963302478455
Pyrazinamide,pncA,pncA_p.Cys14Gly,3) Uncertain significance,p.C14G,0.4,Unknown,14,,1.0,13.0,1.3412102743417993,13.0,1.4244963302478455
Pyrazinamide,pncA,pncA_p.Cys14Phe,3) Uncertain significance,p.C14F,0.0,Unknown,14,,1.0,13.0,1.3412102743417993,13.0,1.4244963302478455
Pyrazinamide,pncA,pncA_p.Cys14Trp,2) Assoc w R - Interim,p.C14W,0.6666666666666666,Resistant,14,,1.0,13.0,1.3412102743417993,13.0,1.4244963302478455
Pyrazinamide,pncA,pncA_p.Cys14Tyr,3) Uncertain significance,p.C14Y,1.0,Unknown,14,,1.0,13.0,1.3412102743417993,13.0,1.4244963302478455
Pyrazinamide,pncA,pncA_p.Cys72Arg,1) Assoc w R,p.C72R,1.0,Resistant,72,,1.0,71.0,1.3423196340663421,71.0,3.818239712427885
Pyrazinamide,pncA,pncA_p.Cys72Phe,3) Uncertain significance,p.C72F,1.0,Unknown,72,,1.0,71.0,1.3423196340663421,71.0,3.818239712427885
Pyrazinamide,pncA,pncA_p.Cys72Trp,3) Uncertain significance,p.C72W,1.0,Unknown,72,,1.0,71.0,1.3423196340663421,71.0,3.818239712427885
Pyrazinamide,pncA,pncA_p.Cys72Tyr,2) Assoc w R - Interim,p.C72Y,1.0,Resistant,72,,1.0,71.0,1.3423196340663421,71.0,3.818239712427885
Pyrazinamide,pncA,pncA_p.Gln10Arg,1) Assoc w R,p.Q10R,0.95,Resistant,10,,1.0,9.0,1.3493754110698768,9.0,2.0155301187691164
Pyrazinamide,pncA,pncA_p.Gln10His,1) Assoc w R,p.Q10H,1.0,Resistant,10,,1.0,9.0,1.3493754110698768,9.0,2.0155301187691164
Pyrazinamide,pncA,pncA_p.Gln10Leu,3) Uncertain significance,p.Q10L,1.0,Unknown,10,,1.0,9.0,1.3493754110698768,9.0,2.0155301187691164
Pyrazinamide,pncA,pncA_p.Gln10Lys,3) Uncertain significance,p.Q10K,1.0,Unknown,10,,1.0,9.0,1.3493754110698768,9.0,2.0155301187691164
Pyrazinamide,pncA,pncA_p.Gln10Pro,1) Assoc w R,p.Q10P,0.9333333333333332,Resistant,10,,1.0,9.0,1.3493754110698768,9.0,2.0155301187691164
Pyrazinamide,pncA,pncA_p.Gln141Pro,1) Assoc w R,p.Q141P,0.9375,Resistant,141,,1.0,140.0,1.3365941792481386,142.0,2.720410161430127
Pyrazinamide,pncA,pncA_p.Glu107Gly,3) Uncertain significance,p.E107G,0.0,Unknown,107,,1.0,106.0,1.3155717388268904,108.0,1.87778144942142
Pyrazinamide,pncA,pncA_p.Glu15Gly,4) Not assoc w R - Interim,p.E15G,0.0,Susceptible,15,,1.0,14.0,1.342873411755554,14.0,0.7403738616416474
Pyrazinamide,pncA,pncA_p.Glu174Asp,3) Uncertain significance,p.E174D,1.0,Unknown,174,,1.0,175.0,1.3280794403950393,175.0,0.4531299812926554
Pyrazinamide,pncA,pncA_p.Glu37Ala,3) Uncertain significance,p.E37A,0.0,Unknown,37,,2.0,35.0,3.6418616118683036,35.0,-1.7620458191216322
Pyrazinamide,pncA,pncA_p.Glu37Val,3) Uncertain significance,p.E37V,0.0,Unknown,37,,2.0,35.0,3.6418616118683036,35.0,-1.7620458191216322
Pyrazinamide,pncA,pncA_p.Gly105Asp,1) Assoc w R,p.G105D,0.75,Resistant,105,,1.0,104.0,1.322403115543819,104.0,2.0831229986862523
Pyrazinamide,pncA,pncA_p.Gly105Ser,3) Uncertain significance,p.G105S,0.0,Unknown,105,,1.0,104.0,1.322403115543819,104.0,2.0831229986862523
Pyrazinamide,pncA,pncA_p.Gly105Val,2) Assoc w R - Interim,p.G105V,1.0,Resistant,105,,1.0,104.0,1.322403115543819,104.0,2.0831229986862523
Pyrazinamide,pncA,pncA_p.Gly108Arg,1) Assoc w R,p.G108R,0.9444444444444444,Resistant,108,,2.0,106.0,2.8069975062333063,105.0,0.1660417478731474
Pyrazinamide,pncA,pncA_p.Gly108Glu,2) Assoc w R - Interim,p.G108E,1.0,Resistant,108,,2.0,106.0,2.8069975062333063,105.0,0.1660417478731474
Pyrazinamide,pncA,pncA_p.Gly124Ser,3) Uncertain significance,p.G124S,0.0,Unknown,124,,1.0,125.0,1.3508475117495646,125.0,-0.951624613081392
Pyrazinamide,pncA,pncA_p.Gly132Ala,1) Assoc w R,p.G132A,0.9661016949152542,Resistant,132,,1.0,131.0,1.337350365461497,133.0,2.054657810371235
Pyrazinamide,pncA,pncA_p.Gly132Arg,3) Uncertain significance,p.G132R,1.0,Unknown,132,,1.0,131.0,1.337350365461497,133.0,2.054657810371235
Pyrazinamide,pncA,pncA_p.Gly132Asp,2) Assoc w R - Interim,p.G132D,1.0,Resistant,132,,1.0,131.0,1.337350365461497,133.0,2.054657810371235
Pyrazinamide,pncA,pncA_p.Gly132Cys,2) Assoc w R - Interim,p.G132C,1.0,Resistant,132,,1.0,131.0,1.337350365461497,133.0,2.054657810371235
Pyrazinamide,pncA,pncA_p.Gly132Ser,1) Assoc w R,p.G132S,1.0,Resistant,132,,1.0,131.0,1.337350365461497,133.0,2.054657810371235
Pyrazinamide,pncA,pncA_p.Gly162Arg,3) Uncertain significance,p.G162R,1.0,Unknown,162,,1.0,163.0,1.3332389133234908,163.0,1.0314896237351123
Pyrazinamide,pncA,pncA_p.Gly162Asp,2) Assoc w R - Interim,p.G162D,1.0,Resistant,162,,1.0,163.0,1.3332389133234908,163.0,1.0314896237351123
Pyrazinamide,pncA,pncA_p.Gly162Ser,3) Uncertain significance,p.G162S,0.0,Unknown,162,,1.0,163.0,1.3332389133234908,163.0,1.0314896237351123
Pyrazinamide,pncA,pncA_p.Gly17Ala,3) Uncertain significance,p.G17A,1.0,Unknown,17,,2.0,19.0,2.7772045297384924,14.0,1.0502180287262732
Pyrazinamide,pncA,pncA_p.Gly17Arg,3) Uncertain significance,p.G17R,1.0,Unknown,17,,2.0,19.0,2.7772045297384924,14.0,1.0502180287262732
Pyrazinamide,pncA,pncA_p.Gly17Asp,2) Assoc w R - Interim,p.G17D,0.8,Resistant,17,,2.0,19.0,2.7772045297384924,14.0,1.0502180287262732
Pyrazinamide,pncA,pncA_p.Gly17Ser,3) Uncertain significance,p.G17S,0.0,Unknown,17,,2.0,19.0,2.7772045297384924,14.0,1.0502180287262732
Pyrazinamide,pncA,pncA_p.Gly17Val,3) Uncertain significance,p.G17V,0.5,Unknown,17,,2.0,19.0,2.7772045297384924,14.0,1.0502180287262732
Pyrazinamide,pncA,pncA_p.Gly24Asp,1) Assoc w R,p.G24D,0.8333333333333334,Resistant,24,,3.0,21.0,2.9150734124546496,21.0,-0.1988492051413467
Pyrazinamide,pncA,pncA_p.Gly24Val,3) Uncertain significance,p.G24V,1.0,Unknown,24,,3.0,21.0,2.9150734124546496,21.0,-0.1988492051413467
Pyrazinamide,pncA,pncA_p.Gly78Asp,2) Assoc w R - Interim,p.G78D,1.0,Resistant,78,,2.0,76.0,3.107151911316859,12.0,2.119627309140488
Pyrazinamide,pncA,pncA_p.Gly78Cys,3) Uncertain significance,p.G78C,0.5,Unknown,78,,2.0,76.0,3.107151911316859,12.0,2.119627309140488
Pyrazinamide,pncA,pncA_p.Gly78Ser,2) Assoc w R - Interim,p.G78S,0.6,Resistant,78,,2.0,76.0,3.107151911316859,12.0,2.119627309140488
Pyrazinamide,pncA,pncA_p.Gly78Val,2) Assoc w R - Interim,p.G78V,1.0,Resistant,78,,2.0,76.0,3.107151911316859,12.0,2.119627309140488
Pyrazinamide,pncA,pncA_p.Gly97Arg,1) Assoc w R,p.G97R,1.0,Resistant,97,,1.0,96.0,1.322992819330474,96.0,2.726311097698684
Pyrazinamide,pncA,pncA_p.Gly97Asp,1) Assoc w R,p.G97D,0.9019607843137256,Resistant,97,,1.0,96.0,1.322992819330474,96.0,2.726311097698684
Pyrazinamide,pncA,pncA_p.Gly97Cys,1) Assoc w R,p.G97C,0.95,Resistant,97,,1.0,96.0,1.322992819330474,96.0,2.726311097698684
Pyrazinamide,pncA,pncA_p.Gly97Ser,1) Assoc w R,p.G97S,0.8666666666666667,Resistant,97,,1.0,96.0,1.322992819330474,96.0,2.726311097698684
Pyrazinamide,pncA,pncA_p.Gly97Val,2) Assoc w R - Interim,p.G97V,1.0,Resistant,97,,1.0,96.0,1.322992819330474,96.0,2.726311097698684
Pyrazinamide,pncA,pncA_p.His137Arg,4) Not assoc w R - Interim,p.H137R,0.2857142857142857,Susceptible,137,,1.0,136.0,1.3275066854822226,138.0,4.101289868269953
Pyrazinamide,pncA,pncA_p.His137Asn,3) Uncertain significance,p.H137N,0.5,Unknown,137,,1.0,136.0,1.3275066854822226,138.0,4.101289868269953
Pyrazinamide,pncA,pncA_p.His137Gln,3) Uncertain significance,p.H137Q,0.0,Unknown,137,,1.0,136.0,1.3275066854822226,138.0,4.101289868269953
Pyrazinamide,pncA,pncA_p.His137Pro,2) Assoc w R - Interim,p.H137P,1.0,Resistant,137,,1.0,136.0,1.3275066854822226,138.0,4.101289868269953
Pyrazinamide,pncA,pncA_p.His137Tyr,3) Uncertain significance,p.H137Y,0.0,Unknown,137,,1.0,136.0,1.3275066854822226,138.0,4.101289868269953
Pyrazinamide,pncA,pncA_p.His43Pro,2) Assoc w R - Interim,p.H43P,1.0,Resistant,43,,1.0,44.0,1.3435847572818014,44.0,-1.0234576565791846
Pyrazinamide,pncA,pncA_p.His43Tyr,3) Uncertain significance,p.H43Y,0.0,Unknown,43,,1.0,44.0,1.3435847572818014,44.0,-1.0234576565791846
Pyrazinamide,pncA,pncA_p.His51Arg,1) Assoc w R,p.H51R,0.942528735632184,Resistant,51,,2.0,49.0,2.5298770721123995,97.0,2.0763861013361247
Pyrazinamide,pncA,pncA_p.His51Asp,1) Assoc w R,p.H51D,0.979591836734694,Resistant,51,,2.0,49.0,2.5298770721123995,97.0,2.0763861013361247
Pyrazinamide,pncA,pncA_p.His51Gln,1) Assoc w R,p.H51Q,0.8888888888888888,Resistant,51,,2.0,49.0,2.5298770721123995,97.0,2.0763861013361247
Pyrazinamide,pncA,pncA_p.His51Pro,1) Assoc w R,p.H51P,1.0,Resistant,51,,2.0,49.0,2.5298770721123995,97.0,2.0763861013361247
Pyrazinamide,pncA,pncA_p.His51Tyr,1) Assoc w R,p.H51Y,1.0,Resistant,51,,2.0,49.0,2.5298770721123995,97.0,2.0763861013361247
Pyrazinamide,pncA,pncA_p.His57Arg,1) Assoc w R,p.H57R,0.918032786885246,Resistant,57,,1.0,58.0,1.334411106068889,58.0,2.9365136753413568
Pyrazinamide,pncA,pncA_p.His57Asp,1) Assoc w R,p.H57D,0.988095238095238,Resistant,57,,1.0,58.0,1.334411106068889,58.0,2.9365136753413568
Pyrazinamide,pncA,pncA_p.His57Gln,2) Assoc w R - Interim,p.H57Q,1.0,Resistant,57,,1.0,58.0,1.334411106068889,58.0,2.9365136753413568
Pyrazinamide,pncA,pncA_p.His57Leu,2) Assoc w R - Interim,p.H57L,0.8333333333333334,Resistant,57,,1.0,58.0,1.334411106068889,58.0,2.9365136753413568
Pyrazinamide,pncA,pncA_p.His57Pro,3) Uncertain significance,p.H57P,1.0,Unknown,57,,1.0,58.0,1.334411106068889,58.0,2.9365136753413568
Pyrazinamide,pncA,pncA_p.His57Tyr,1) Assoc w R,p.H57Y,1.0,Resistant,57,,1.0,58.0,1.334411106068889,58.0,2.9365136753413568
Pyrazinamide,pncA,pncA_p.His71Arg,1) Assoc w R,p.H71R,0.95,Resistant,71,,1.0,72.0,1.3423196340663421,72.0,3.0433340959769137
Pyrazinamide,pncA,pncA_p.His71Gln,3) Uncertain significance,p.H71Q,1.0,Unknown,71,,1.0,72.0,1.3423196340663421,72.0,3.0433340959769137
Pyrazinamide,pncA,pncA_p.His71Pro,1) Assoc w R,p.H71P,1.0,Resistant,71,,1.0,72.0,1.3423196340663421,72.0,3.0433340959769137
Pyrazinamide,pncA,pncA_p.His71Tyr,1) Assoc w R,p.H71Y,0.9444444444444444,Resistant,71,,1.0,72.0,1.3423196340663421,72.0,3.0433340959769137
Pyrazinamide,pncA,pncA_p.His82Arg,1) Assoc w R,p.H82R,1.0,Resistant,82,,3.0,85.0,3.1482417315066504,9.0,0.2379164960539575
Pyrazinamide,pncA,pncA_p.His82Asp,3) Uncertain significance,p.H82D,0.25,Unknown,82,,3.0,85.0,3.1482417315066504,9.0,0.2379164960539575
Pyrazinamide,pncA,pncA_p.Ile133Asn,3) Uncertain significance,p.I133N,1.0,Unknown,133,,1.0,132.0,1.3121608133151972,134.0,3.727521126009601
Pyrazinamide,pncA,pncA_p.Ile133Ser,3) Uncertain significance,p.I133S,1.0,Unknown,133,,1.0,132.0,1.3121608133151972,134.0,3.727521126009601
Pyrazinamide,pncA,pncA_p.Ile133Thr,1) Assoc w R,p.I133T,0.6170212765957447,Resistant,133,,1.0,132.0,1.3121608133151972,134.0,3.727521126009601
Pyrazinamide,pncA,pncA_p.Ile31Ser,1) Assoc w R,p.I31S,0.8518518518518519,Resistant,31,,3.0,34.0,2.872075382019072,34.0,-0.4707142683283856
Pyrazinamide,pncA,pncA_p.Ile31Thr,2) Assoc w R - Interim,p.I31T,0.3333333333333333,Resistant,31,,3.0,34.0,2.872075382019072,34.0,-0.4707142683283856
Pyrazinamide,pncA,pncA_p.Ile5Ser,1) Assoc w R,p.I5S,1.0,Resistant,5,,1.0,4.0,1.3332989162224649,6.0,1.856835929176655
Pyrazinamide,pncA,pncA_p.Ile5Thr,3) Uncertain significance,p.I5T,0.3333333333333333,Unknown,5,,1.0,4.0,1.3332989162224649,6.0,1.856835929176655
Pyrazinamide,pncA,pncA_p.Ile6Leu,4) Not assoc w R - Interim,p.I6L,0.1,Susceptible,6,,1.0,5.0,1.3332989162224649,5.0,1.3709150482614036
Pyrazinamide,pncA,pncA_p.Ile6Ser,3) Uncertain significance,p.I6S,1.0,Unknown,6,,1.0,5.0,1.3332989162224649,5.0,1.3709150482614036
Pyrazinamide,pncA,pncA_p.Ile6Thr,1) Assoc w R,p.I6T,1.0,Resistant,6,,1.0,5.0,1.3332989162224649,5.0,1.3709150482614036
Pyrazinamide,pncA,pncA_p.Ile6Val,3) Uncertain significance,p.I6V,0.0,Unknown,6,,1.0,5.0,1.3332989162224649,5.0,1.3709150482614036
Pyrazinamide,pncA,pncA_p.Ile90Asn,2) Assoc w R - Interim,p.I90N,1.0,Resistant,90,,3.0,93.0,3.566707445249751,44.0,-0.9940907016645162
Pyrazinamide,pncA,pncA_p.Ile90Ser,1) Assoc w R,p.I90S,0.7,Resistant,90,,3.0,93.0,3.566707445249751,44.0,-0.9940907016645162
Pyrazinamide,pncA,pncA_p.Ile90Thr,2) Assoc w R - Interim,p.I90T,1.0,Resistant,90,,3.0,93.0,3.566707445249751,44.0,-0.9940907016645162
Pyrazinamide,pncA,pncA_p.Leu116Arg,2) Assoc w R - Interim,p.L116R,1.0,Resistant,116,,2.0,114.0,3.1114850152298668,120.0,-0.4152408660717031
Pyrazinamide,pncA,pncA_p.Leu116Pro,2) Assoc w R - Interim,p.L116P,0.6,Resistant,116,,2.0,114.0,3.1114850152298668,120.0,-0.4152408660717031
Pyrazinamide,pncA,pncA_p.Leu116Val,3) Uncertain significance,p.L116V,0.0,Unknown,116,,2.0,114.0,3.1114850152298668,120.0,-0.4152408660717031
Pyrazinamide,pncA,pncA_p.Leu120Arg,1) Assoc w R,p.L120R,1.0,Resistant,120,,1.0,119.0,1.313592402535886,121.0,-0.6834957841210197
Pyrazinamide,pncA,pncA_p.Leu120Gln,2) Assoc w R - Interim,p.L120Q,1.0,Resistant,120,,1.0,119.0,1.313592402535886,121.0,-0.6834957841210197
Pyrazinamide,pncA,pncA_p.Leu120Pro,1) Assoc w R,p.L120P,1.0,Resistant,120,,1.0,119.0,1.313592402535886,121.0,-0.6834957841210197
Pyrazinamide,pncA,pncA_p.Leu151Ser,1) Assoc w R,p.L151S,0.76,Resistant,151,,3.0,154.0,3.0196332558772756,146.0,-1.2453258864017505
Pyrazinamide,pncA,pncA_p.Leu151Trp,3) Uncertain significance,p.L151W,0.0,Unknown,151,,3.0,154.0,3.0196332558772756,146.0,-1.2453258864017505
Pyrazinamide,pncA,pncA_p.Leu156Pro,3) Uncertain significance,p.L156P,1.0,Unknown,156,,1.0,155.0,1.3376326102484166,155.0,0.271428906403854
Pyrazinamide,pncA,pncA_p.Leu159Arg,1) Assoc w R,p.L159R,0.8,Resistant,159,,1.0,160.0,1.3265877279697713,160.0,0.390724251055567
Pyrazinamide,pncA,pncA_p.Leu159Pro,2) Assoc w R - Interim,p.L159P,1.0,Resistant,159,,1.0,160.0,1.3265877279697713,160.0,0.390724251055567
Pyrazinamide,pncA,pncA_p.Leu159Val,2) Assoc w R - Interim,p.L159V,0.6,Resistant,159,,1.0,160.0,1.3265877279697713,160.0,0.390724251055567
Pyrazinamide,pncA,pncA_p.Leu172Arg,3) Uncertain significance,p.L172R,1.0,Unknown,172,,1.0,171.0,1.3208879589124898,171.0,0.2418651885704476
Pyrazinamide,pncA,pncA_p.Leu172Pro,1) Assoc w R,p.L172P,1.0,Resistant,172,,1.0,171.0,1.3208879589124898,171.0,0.2418651885704476
Pyrazinamide,pncA,pncA_p.Leu182Phe,3) Uncertain significance,p.L182F,0.2,Unknown,182,,2.0,180.0,3.546669000625797,155.0,-0.4334939141668749
Pyrazinamide,pncA,pncA_p.Leu182Ser,1) Assoc w R,p.L182S,0.7894736842105263,Resistant,182,,2.0,180.0,3.546669000625797,155.0,-0.4334939141668749
Pyrazinamide,pncA,pncA_p.Leu182Trp,1) Assoc w R,p.L182W,1.0,Resistant,182,,2.0,180.0,3.546669000625797,155.0,-0.4334939141668749
Pyrazinamide,pncA,pncA_p.Leu19Arg,3) Uncertain significance,p.L19R,0.0,Unknown,19,,2.0,17.0,2.721392290721792,12.0,2.638042322262909
Pyrazinamide,pncA,pncA_p.Leu19Pro,1) Assoc w R,p.L19P,0.9090909090909092,Resistant,19,,2.0,17.0,2.721392290721792,12.0,2.638042322262909
Pyrazinamide,pncA,pncA_p.Leu27Gln,3) Uncertain significance,p.L27Q,0.0,Unknown,27,,3.0,24.0,2.971772030287654,31.0,-0.2055900518486079
Pyrazinamide,pncA,pncA_p.Leu27Pro,1) Assoc w R,p.L27P,1.0,Resistant,27,,3.0,24.0,2.971772030287654,31.0,-0.2055900518486079
Pyrazinamide,pncA,pncA_p.Leu35Arg,4) Not assoc w R - Interim,p.L35R,0.1111111111111111,Susceptible,35,,1.0,34.0,1.3178353463160712,34.0,-0.9612423625877315
Pyrazinamide,pncA,pncA_p.Leu35Pro,2) Assoc w R - Interim,p.L35P,0.625,Resistant,35,,1.0,34.0,1.3178353463160712,34.0,-0.9612423625877315
Pyrazinamide,pncA,pncA_p.Leu4Phe,3) Uncertain significance,p.L4F,0.0,Unknown,4,,1.0,3.0,1.326762224364264,3.0,-0.9132376117058012
Pyrazinamide,pncA,pncA_p.Leu4Ser,1) Assoc w R,p.L4S,0.9333333333333332,Resistant,4,,1.0,3.0,1.326762224364264,3.0,-0.9132376117058012
Pyrazinamide,pncA,pncA_p.Leu4Trp,1) Assoc w R,p.L4W,0.9375,Resistant,4,,1.0,3.0,1.326762224364264,3.0,-0.9132376117058012
Pyrazinamide,pncA,pncA_p.Leu85Arg,1) Assoc w R,p.L85R,1.0,Resistant,85,,3.0,82.0,3.5617542026366737,82.0,-0.9104293080927912
Pyrazinamide,pncA,pncA_p.Leu85Pro,1) Assoc w R,p.L85P,1.0,Resistant,85,,3.0,82.0,3.5617542026366737,82.0,-0.9104293080927912
Pyrazinamide,pncA,pncA_p.Lys48Asn,3) Uncertain significance,p.K48N,0.0,Unknown,48,,1.0,47.0,1.3430536102479311,49.0,3.2529216234053275
Pyrazinamide,pncA,pncA_p.Lys48Glu,2) Assoc w R - Interim,p.K48E,0.6666666666666666,Resistant,48,,1.0,47.0,1.3430536102479311,49.0,3.2529216234053275
Pyrazinamide,pncA,pncA_p.Lys48Thr,2) Assoc w R - Interim,p.K48T,0.4347826086956521,Resistant,48,,1.0,47.0,1.3430536102479311,49.0,3.2529216234053275
Pyrazinamide,pncA,pncA_p.Lys96Arg,1) Assoc w R,p.K96R,0.8333333333333334,Resistant,96,,1.0,95.0,1.322992819330474,97.0,2.9688956128031108
Pyrazinamide,pncA,pncA_p.Lys96Asn,2) Assoc w R - Interim,p.K96N,1.0,Resistant,96,,1.0,95.0,1.322992819330474,97.0,2.9688956128031108
Pyrazinamide,pncA,pncA_p.Lys96Gln,1) Assoc w R,p.K96Q,0.8333333333333334,Resistant,96,,1.0,95.0,1.322992819330474,97.0,2.9688956128031108
Pyrazinamide,pncA,pncA_p.Lys96Glu,1) Assoc w R,p.K96E,1.0,Resistant,96,,1.0,95.0,1.322992819330474,97.0,2.9688956128031108
Pyrazinamide,pncA,pncA_p.Lys96Met,3) Uncertain significance,p.K96M,1.0,Unknown,96,,1.0,95.0,1.322992819330474,97.0,2.9688956128031108
Pyrazinamide,pncA,pncA_p.Lys96Thr,1) Assoc w R,p.K96T,0.95,Resistant,96,,1.0,95.0,1.322992819330474,97.0,2.9688956128031108
Pyrazinamide,pncA,pncA_p.Met175Arg,1) Assoc w R,p.M175R,1.0,Resistant,175,,2.0,177.0,2.9902638679554716,171.0,0.2152586614701377
Pyrazinamide,pncA,pncA_p.Met175Ile,2) Assoc w R - Interim,p.M175I,0.5,Resistant,175,,2.0,177.0,2.9902638679554716,171.0,0.2152586614701377
Pyrazinamide,pncA,pncA_p.Met175Thr,2) Assoc w R - Interim,p.M175T,1.0,Resistant,175,,2.0,177.0,2.9902638679554716,171.0,0.2152586614701377
Pyrazinamide,pncA,pncA_p.Met175Val,1) Assoc w R,p.M175V,0.8,Resistant,175,,2.0,177.0,2.9902638679554716,171.0,0.2152586614701377
Pyrazinamide,pncA,pncA_p.Phe106Ile,3) Uncertain significance,p.F106I,0.3333333333333333,Unknown,106,,1.0,105.0,1.3574630750042553,105.0,0.8748391785399
Pyrazinamide,pncA,pncA_p.Phe106Leu,2) Assoc w R - Interim,p.F106L,1.0,Resistant,106,,1.0,105.0,1.3574630750042553,105.0,0.8748391785399
Pyrazinamide,pncA,pncA_p.Phe106Ser,2) Assoc w R - Interim,p.F106S,1.0,Resistant,106,,1.0,105.0,1.3574630750042553,105.0,0.8748391785399
Pyrazinamide,pncA,pncA_p.Phe13Ile,1) Assoc w R,p.F13I,1.0,Resistant,13,,1.0,12.0,1.3292539260803398,12.0,5.394996996707121
Pyrazinamide,pncA,pncA_p.Phe13Leu,2) Assoc w R - Interim,p.F13L,0.8333333333333334,Resistant,13,,1.0,12.0,1.3292539260803398,12.0,5.394996996707121
Pyrazinamide,pncA,pncA_p.Phe13Ser,1) Assoc w R,p.F13S,0.8333333333333334,Resistant,13,,1.0,12.0,1.3292539260803398,12.0,5.394996996707121
Pyrazinamide,pncA,pncA_p.Phe58Cys,2) Assoc w R - Interim,p.F58C,1.0,Resistant,58,,1.0,57.0,1.3312629342094693,59.0,3.3470405941849943
Pyrazinamide,pncA,pncA_p.Phe58Leu,1) Assoc w R,p.F58L,0.7647058823529411,Resistant,58,,1.0,57.0,1.3312629342094693,59.0,3.3470405941849943
Pyrazinamide,pncA,pncA_p.Phe58Ser,2) Assoc w R - Interim,p.F58S,1.0,Resistant,58,,1.0,57.0,1.3312629342094693,59.0,3.3470405941849943
Pyrazinamide,pncA,pncA_p.Phe58Val,4) Not assoc w R - Interim,p.F58V,0.2,Susceptible,58,,1.0,57.0,1.3312629342094693,59.0,3.3470405941849943
Pyrazinamide,pncA,pncA_p.Phe81Ser,3) Uncertain significance,p.F81S,0.0,Unknown,81,,1.0,82.0,1.3361945966063475,82.0,0.5812672487538728
Pyrazinamide,pncA,pncA_p.Phe81Val,3) Uncertain significance,p.F81V,0.2857142857142857,Unknown,81,,1.0,82.0,1.3361945966063475,82.0,0.5812672487538728
Pyrazinamide,pncA,pncA_p.Phe94Cys,1) Assoc w R,p.F94C,1.0,Resistant,94,,1.0,93.0,1.3425777444900544,93.0,0.3936798492439378
Pyrazinamide,pncA,pncA_p.Phe94Leu,1) Assoc w R,p.F94L,0.7692307692307693,Resistant,94,,1.0,93.0,1.3425777444900544,93.0,0.3936798492439378
Pyrazinamide,pncA,pncA_p.Phe94Ser,2) Assoc w R - Interim,p.F94S,1.0,Resistant,94,,1.0,93.0,1.3425777444900544,93.0,0.3936798492439378
Pyrazinamide,pncA,pncA_p.Phe94Tyr,3) Uncertain significance,p.F94Y,0.0,Unknown,94,,1.0,93.0,1.3425777444900544,93.0,0.3936798492439378
Pyrazinamide,pncA,pncA_p.Pro115Leu,3) Uncertain significance,p.P115L,0.0,Unknown,115,,1.0,114.0,1.3448609593560206,116.0,-0.6051272787914759
Pyrazinamide,pncA,pncA_p.Pro115Ser,3) Uncertain significance,p.P115S,0.0,Unknown,115,,1.0,114.0,1.3448609593560206,116.0,-0.6051272787914759
Pyrazinamide,pncA,pncA_p.Pro54Ala,3) Uncertain significance,p.P54A,0.0,Unknown,54,,3.0,51.0,3.276494773382067,57.0,1.0062838600306585
Pyrazinamide,pncA,pncA_p.Pro54Arg,1) Assoc w R,p.P54R,1.0,Resistant,54,,3.0,51.0,3.276494773382067,57.0,1.0062838600306585
Pyrazinamide,pncA,pncA_p.Pro54Gln,2) Assoc w R - Interim,p.P54Q,0.75,Resistant,54,,3.0,51.0,3.276494773382067,57.0,1.0062838600306585
Pyrazinamide,pncA,pncA_p.Pro54Leu,1) Assoc w R,p.P54L,0.9411764705882352,Resistant,54,,3.0,51.0,3.276494773382067,57.0,1.0062838600306585
Pyrazinamide,pncA,pncA_p.Pro54Ser,2) Assoc w R - Interim,p.P54S,1.0,Resistant,54,,3.0,51.0,3.276494773382067,57.0,1.0062838600306585
Pyrazinamide,pncA,pncA_p.Pro54Thr,2) Assoc w R - Interim,p.P54T,0.6666666666666666,Resistant,54,,3.0,51.0,3.276494773382067,57.0,1.0062838600306585
Pyrazinamide,pncA,pncA_p.Pro62Arg,2) Assoc w R - Interim,p.P62R,1.0,Resistant,62,,1.0,61.0,1.3195556070132106,63.0,2.243649338885913
Pyrazinamide,pncA,pncA_p.Pro62Gln,3) Uncertain significance,p.P62Q,1.0,Unknown,62,,1.0,61.0,1.3195556070132106,63.0,2.243649338885913
Pyrazinamide,pncA,pncA_p.Pro62Leu,1) Assoc w R,p.P62L,0.9090909090909092,Resistant,62,,1.0,61.0,1.3195556070132106,63.0,2.243649338885913
Pyrazinamide,pncA,pncA_p.Pro62Ser,2) Assoc w R - Interim,p.P62S,0.6,Resistant,62,,1.0,61.0,1.3195556070132106,63.0,2.243649338885913
Pyrazinamide,pncA,pncA_p.Pro62Thr,2) Assoc w R - Interim,p.P62T,1.0,Resistant,62,,1.0,61.0,1.3195556070132106,63.0,2.243649338885913
Pyrazinamide,pncA,pncA_p.Pro69Arg,3) Uncertain significance,p.P69R,1.0,Unknown,69,,1.0,68.0,1.3498833282917446,68.0,3.5856313922885934
Pyrazinamide,pncA,pncA_p.Pro69Leu,1) Assoc w R,p.P69L,0.7368421052631579,Resistant,69,,1.0,68.0,1.3498833282917446,68.0,3.5856313922885934
Pyrazinamide,pncA,pncA_p.Pro69Ser,3) Uncertain significance,p.P69S,0.1666666666666666,Unknown,69,,1.0,68.0,1.3498833282917446,68.0,3.5856313922885934
Pyrazinamide,pncA,pncA_p.Pro69Thr,3) Uncertain significance,p.P69T,1.0,Unknown,69,,1.0,68.0,1.3498833282917446,68.0,3.5856313922885934
Pyrazinamide,pncA,pncA_p.Pro77Leu,3) Uncertain significance,p.P77L,0.0,Unknown,77,,1.0,76.0,1.343277335474697,78.0,2.910253593954664
Pyrazinamide,pncA,pncA_p.Ser104Arg,1) Assoc w R,p.S104R,1.0,Resistant,104,,1.0,103.0,1.3216860444144822,103.0,3.809329197948553
Pyrazinamide,pncA,pncA_p.Ser104Gly,2) Assoc w R - Interim,p.S104G,0.6666666666666666,Resistant,104,,1.0,103.0,1.3216860444144822,103.0,3.809329197948553
Pyrazinamide,pncA,pncA_p.Ser104Ile,2) Assoc w R - Interim,p.S104I,1.0,Resistant,104,,1.0,103.0,1.3216860444144822,103.0,3.809329197948553
Pyrazinamide,pncA,pncA_p.Ser104Thr,3) Uncertain significance,p.S104T,0.0,Unknown,104,,1.0,103.0,1.3216860444144822,103.0,3.809329197948553
Pyrazinamide,pncA,pncA_p.Ser164Pro,1) Assoc w R,p.S164P,0.9230769230769232,Resistant,164,,1.0,163.0,1.3191701937202778,163.0,0.1694290649206671
Pyrazinamide,pncA,pncA_p.Ser179Ile,3) Uncertain significance,p.S179I,0.0,Unknown,179,,1.0,180.0,1.3306396957854536,180.0,-0.0612507074105784
Pyrazinamide,pncA,pncA_p.Ser18Pro,3) Uncertain significance,p.S18P,0.0,Unknown,18,,1.0,17.0,1.327794035232875,19.0,2.4357430116605285
Pyrazinamide,pncA,pncA_p.Ser32Ile,3) Uncertain significance,p.S32I,1.0,Unknown,32,,1.0,31.0,1.344835305901804,31.0,-0.8810196521708147
Pyrazinamide,pncA,pncA_p.Ser59Phe,3) Uncertain significance,p.S59F,1.0,Unknown,59,,1.0,58.0,1.3312629342094693,58.0,1.7800599894979254
Pyrazinamide,pncA,pncA_p.Ser59Pro,1) Assoc w R,p.S59P,1.0,Resistant,59,,1.0,58.0,1.3312629342094693,58.0,1.7800599894979254
Pyrazinamide,pncA,pncA_p.Ser65Pro,3) Uncertain significance,p.S65P,0.0,Unknown,65,,1.0,64.0,1.331185186215651,66.0,2.5880695132793394
Pyrazinamide,pncA,pncA_p.Ser66Ala,3) Uncertain significance,p.S66A,0.0,Unknown,66,,1.0,67.0,1.3242941516143607,67.0,2.7838348734066583
Pyrazinamide,pncA,pncA_p.Ser66Leu,4) Not assoc w R - Interim,p.S66L,0.0,Susceptible,66,,1.0,67.0,1.3242941516143607,67.0,2.7838348734066583
Pyrazinamide,pncA,pncA_p.Ser66Pro,1) Assoc w R,p.S66P,1.0,Resistant,66,,1.0,67.0,1.3242941516143607,67.0,2.7838348734066583
Pyrazinamide,pncA,pncA_p.Ser67Pro,1) Assoc w R,p.S67P,1.0,Resistant,67,,1.0,66.0,1.3242941516143607,66.0,3.5364008129241995
Pyrazinamide,pncA,pncA_p.Ser67Trp,3) Uncertain significance,p.S67W,0.3333333333333333,Unknown,67,,1.0,66.0,1.3242941516143607,66.0,3.5364008129241995
Pyrazinamide,pncA,pncA_p.Thr100Ile,3) Uncertain significance,p.T100I,0.6,Unknown,100,,2.0,102.0,2.9412114850856947,97.0,1.7449858768160036
Pyrazinamide,pncA,pncA_p.Thr100Pro,2) Assoc w R - Interim,p.T100P,1.0,Resistant,100,,2.0,102.0,2.9412114850856947,97.0,1.7449858768160036
Pyrazinamide,pncA,pncA_p.Thr114Met,4) Not assoc w R - Interim,p.T114M,0.0,Susceptible,114,,2.0,116.0,3.408113114320005,94.0,-1.1662401606007335
Pyrazinamide,pncA,pncA_p.Thr114Pro,2) Assoc w R - Interim,p.T114P,1.0,Resistant,114,,2.0,116.0,3.408113114320005,94.0,-1.1662401606007335
Pyrazinamide,pncA,pncA_p.Thr135Ala,3) Uncertain significance,p.T135A,0.6666666666666666,Unknown,135,,1.0,134.0,1.3283019235098625,134.0,2.580950832547848
Pyrazinamide,pncA,pncA_p.Thr135Asn,2) Assoc w R - Interim,p.T135N,1.0,Resistant,135,,1.0,134.0,1.3283019235098625,134.0,2.580950832547848
Pyrazinamide,pncA,pncA_p.Thr135Ile,3) Uncertain significance,p.T135I,0.0,Unknown,135,,1.0,134.0,1.3283019235098625,134.0,2.580950832547848
Pyrazinamide,pncA,pncA_p.Thr135Pro,1) Assoc w R,p.T135P,0.9772727272727272,Resistant,135,,1.0,134.0,1.3283019235098625,134.0,2.580950832547848
Pyrazinamide,pncA,pncA_p.Thr142Ala,1) Assoc w R,p.T142A,0.875,Resistant,142,,1.0,141.0,1.3331770325054362,143.0,3.207370113352414
Pyrazinamide,pncA,pncA_p.Thr142Lys,2) Assoc w R - Interim,p.T142K,1.0,Resistant,142,,1.0,141.0,1.3331770325054362,143.0,3.207370113352414
Pyrazinamide,pncA,pncA_p.Thr142Met,1) Assoc w R,p.T142M,0.9285714285714286,Resistant,142,,1.0,141.0,1.3331770325054362,143.0,3.207370113352414
Pyrazinamide,pncA,pncA_p.Thr142Pro,2) Assoc w R - Interim,p.T142P,1.0,Resistant,142,,1.0,141.0,1.3331770325054362,143.0,3.207370113352414
Pyrazinamide,pncA,pncA_p.Thr153Pro,3) Uncertain significance,p.T153P,0.0,Unknown,153,,1.0,154.0,1.3377193278113326,154.0,-0.198667442077725
Pyrazinamide,pncA,pncA_p.Thr160Ala,4) Not assoc w R - Interim,p.T160A,0.5714285714285714,Susceptible,160,,1.0,159.0,1.3265877279697713,159.0,0.9196398394953776
Pyrazinamide,pncA,pncA_p.Thr160Arg,3) Uncertain significance,p.T160R,1.0,Unknown,160,,1.0,159.0,1.3265877279697713,159.0,0.9196398394953776
Pyrazinamide,pncA,pncA_p.Thr160Lys,2) Assoc w R - Interim,p.T160K,1.0,Resistant,160,,1.0,159.0,1.3265877279697713,159.0,0.9196398394953776
Pyrazinamide,pncA,pncA_p.Thr160Pro,1) Assoc w R,p.T160P,1.0,Resistant,160,,1.0,159.0,1.3265877279697713,159.0,0.9196398394953776
Pyrazinamide,pncA,pncA_p.Thr167Ile,3) Uncertain significance,p.T167I,0.4,Unknown,167,,1.0,168.0,1.323777549288401,168.0,0.4180598271503237
Pyrazinamide,pncA,pncA_p.Thr167Pro,3) Uncertain significance,p.T167P,0.0,Unknown,167,,1.0,168.0,1.323777549288401,168.0,0.4180598271503237
Pyrazinamide,pncA,pncA_p.Thr168Ile,4) Not assoc w R - Interim,p.T168I,0.0,Susceptible,168,,3.0,171.0,2.556188568944005,164.0,0.2299588489378729
Pyrazinamide,pncA,pncA_p.Thr168Pro,2) Assoc w R - Interim,p.T168P,1.0,Resistant,168,,3.0,171.0,2.556188568944005,164.0,0.2299588489378729
Pyrazinamide,pncA,pncA_p.Thr177Pro,1) Assoc w R,p.T177P,0.8888888888888888,Resistant,177,,2.0,175.0,3.3659716279255814,175.0,-0.7157973550970852
Pyrazinamide,pncA,pncA_p.Thr47Ala,1) Assoc w R,p.T47A,0.6071428571428571,Resistant,47,,1.0,46.0,1.3262390433100664,46.0,2.497286302824388
Pyrazinamide,pncA,pncA_p.Thr47Asn,3) Uncertain significance,p.T47N,1.0,Unknown,47,,1.0,46.0,1.3262390433100664,46.0,2.497286302824388
Pyrazinamide,pncA,pncA_p.Thr47Ile,3) Uncertain significance,p.T47I,0.0,Unknown,47,,1.0,46.0,1.3262390433100664,46.0,2.497286302824388
Pyrazinamide,pncA,pncA_p.Thr47Pro,1) Assoc w R,p.T47P,1.0,Resistant,47,,1.0,46.0,1.3262390433100664,46.0,2.497286302824388
Pyrazinamide,pncA,pncA_p.Thr61Pro,2) Assoc w R - Interim,p.T61P,0.6666666666666666,Resistant,61,,1.0,62.0,1.3599301452648205,62.0,1.626311264411118
Pyrazinamide,pncA,pncA_p.Thr76Ala,3) Uncertain significance,p.T76A,0.0,Unknown,76,,2.0,78.0,3.3609617671136944,78.0,0.1652383613575755
Pyrazinamide,pncA,pncA_p.Thr76Ile,1) Assoc w R,p.T76I,0.8,Resistant,76,,2.0,78.0,3.3609617671136944,78.0,0.1652383613575755
Pyrazinamide,pncA,pncA_p.Thr76Pro,1) Assoc w R,p.T76P,0.9454545454545454,Resistant,76,,2.0,78.0,3.3609617671136944,78.0,0.1652383613575755
Pyrazinamide,pncA,pncA_p.Thr87Met,4) Not assoc w R - Interim,p.T87M,0.0,Susceptible,87,,2.0,85.0,3.102711556042553,90.0,-1.1533188803689305
Pyrazinamide,pncA,pncA_p.Trp119Arg,2) Assoc w R - Interim,p.W119R,1.0,Resistant,119,,1.0,120.0,1.3445021383396898,120.0,-1.537719393275169
Pyrazinamide,pncA,pncA_p.Trp119Cys,2) Assoc w R - Interim,p.W119C,0.8333333333333334,Resistant,119,,1.0,120.0,1.3445021383396898,120.0,-1.537719393275169
Pyrazinamide,pncA,pncA_p.Trp119Gly,2) Assoc w R - Interim,p.W119G,1.0,Resistant,119,,1.0,120.0,1.3445021383396898,120.0,-1.537719393275169
Pyrazinamide,pncA,pncA_p.Trp119Leu,2) Assoc w R - Interim,p.W119L,1.0,Resistant,119,,1.0,120.0,1.3445021383396898,120.0,-1.537719393275169
Pyrazinamide,pncA,pncA_p.Trp68Arg,1) Assoc w R,p.W68R,0.9473684210526316,Resistant,68,,1.0,67.0,1.3373155947643758,67.0,2.938842377070616
Pyrazinamide,pncA,pncA_p.Trp68Cys,1) Assoc w R,p.W68C,1.0,Resistant,68,,1.0,67.0,1.3373155947643758,67.0,2.938842377070616
Pyrazinamide,pncA,pncA_p.Trp68Gly,1) Assoc w R,p.W68G,0.9411764705882352,Resistant,68,,1.0,67.0,1.3373155947643758,67.0,2.938842377070616
Pyrazinamide,pncA,pncA_p.Trp68Leu,2) Assoc w R - Interim,p.W68L,1.0,Resistant,68,,1.0,67.0,1.3373155947643758,67.0,2.938842377070616
Pyrazinamide,pncA,pncA_p.Trp68Ser,3) Uncertain significance,p.W68S,0.5,Unknown,68,,1.0,67.0,1.3373155947643758,67.0,2.938842377070616
Pyrazinamide,pncA,pncA_p.Tyr103Asp,2) Assoc w R - Interim,p.Y103D,0.6666666666666666,Resistant,103,,1.0,102.0,1.3216860444144822,104.0,3.4982754071843174
Pyrazinamide,pncA,pncA_p.Tyr103Cys,1) Assoc w R,p.Y103C,0.6923076923076923,Resistant,103,,1.0,102.0,1.3216860444144822,104.0,3.4982754071843174
Pyrazinamide,pncA,pncA_p.Tyr103His,1) Assoc w R,p.Y103H,1.0,Resistant,103,,1.0,102.0,1.3216860444144822,104.0,3.4982754071843174
Pyrazinamide,pncA,pncA_p.Tyr103Ser,3) Uncertain significance,p.Y103S,1.0,Unknown,103,,1.0,102.0,1.3216860444144822,104.0,3.4982754071843174
Pyrazinamide,pncA,pncA_p.Tyr34Asp,1) Assoc w R,p.Y34D,1.0,Resistant,34,,1.0,35.0,1.3178353463160712,35.0,-1.7519475655339292
Pyrazinamide,pncA,pncA_p.Tyr34Ser,2) Assoc w R - Interim,p.Y34S,1.0,Resistant,34,,1.0,35.0,1.3178353463160712,35.0,-1.7519475655339292
Pyrazinamide,pncA,pncA_p.Tyr41Cys,3) Uncertain significance,p.Y41C,0.0,Unknown,41,,2.0,43.0,2.3480140544724173,129.0,-1.6004940251075674
Pyrazinamide,pncA,pncA_p.Tyr64Asp,2) Assoc w R - Interim,p.Y64D,0.6,Resistant,64,,1.0,63.0,1.3276524394584606,63.0,2.8670880671553958
Pyrazinamide,pncA,pncA_p.Tyr95Asp,2) Assoc w R - Interim,p.Y95D,0.5,Resistant,95,,1.0,94.0,1.332426733445409,96.0,2.342944330058212
Pyrazinamide,pncA,pncA_p.Tyr99Cys,3) Uncertain significance,p.Y99C,0.0,Unknown,99,,1.0,100.0,1.3242994374385266,100.0,1.227069365730956
Pyrazinamide,pncA,pncA_p.Val109Gly,3) Uncertain significance,p.V109G,0.0,Unknown,109,,1.0,108.0,1.3371275182270372,108.0,-0.1981150935932924
Pyrazinamide,pncA,pncA_p.Val125Asp,3) Uncertain significance,p.V125D,0.0,Unknown,125,,3.0,128.0,2.7250653203180324,121.0,-1.4928853256328236
Pyrazinamide,pncA,pncA_p.Val125Gly,1) Assoc w R,p.V125G,1.0,Resistant,125,,3.0,128.0,2.7250653203180324,121.0,-1.4928853256328236
Pyrazinamide,pncA,pncA_p.Val125Ile,3) Uncertain significance,p.V125I,0.0,Unknown,125,,3.0,128.0,2.7250653203180324,121.0,-1.4928853256328236
Pyrazinamide,pncA,pncA_p.Val125Phe,2) Assoc w R - Interim,p.V125F,0.6363636363636364,Resistant,125,,3.0,128.0,2.7250653203180324,121.0,-1.4928853256328236
Pyrazinamide,pncA,pncA_p.Val128Gly,1) Assoc w R,p.V128G,1.0,Resistant,128,,1.0,129.0,1.3345722161052216,129.0,-0.7012876166080975
Pyrazinamide,pncA,pncA_p.Val128Ile,3) Uncertain significance,p.V128I,0.0,Unknown,128,,1.0,129.0,1.3345722161052216,129.0,-0.7012876166080975
Pyrazinamide,pncA,pncA_p.Val130Gly,2) Assoc w R - Interim,p.V130G,1.0,Resistant,130,,1.0,129.0,1.3419694482364337,129.0,0.8815846949579863
Pyrazinamide,pncA,pncA_p.Val130Met,2) Assoc w R - Interim,p.V130M,1.0,Resistant,130,,1.0,129.0,1.3419694482364337,129.0,0.8815846949579863
Pyrazinamide,pncA,pncA_p.Val131Gly,2) Assoc w R - Interim,p.V131G,0.8333333333333334,Resistant,131,,1.0,130.0,1.3472765120790924,132.0,2.3789073595801025
Pyrazinamide,pncA,pncA_p.Val131Phe,2) Assoc w R - Interim,p.V131F,0.8,Resistant,131,,1.0,130.0,1.3472765120790924,132.0,2.3789073595801025
Pyrazinamide,pncA,pncA_p.Val139Ala,1) Assoc w R,p.V139A,0.921875,Resistant,139,,1.0,138.0,1.3394218902198074,140.0,2.631088734695965
Pyrazinamide,pncA,pncA_p.Val139Gly,1) Assoc w R,p.V139G,1.0,Resistant,139,,1.0,138.0,1.3394218902198074,140.0,2.631088734695965
Pyrazinamide,pncA,pncA_p.Val139Leu,2) Assoc w R - Interim,p.V139L,0.6666666666666666,Resistant,139,,1.0,138.0,1.3394218902198074,140.0,2.631088734695965
Pyrazinamide,pncA,pncA_p.Val139Met,1) Assoc w R,p.V139M,1.0,Resistant,139,,1.0,138.0,1.3394218902198074,140.0,2.631088734695965
Pyrazinamide,pncA,pncA_p.Val155Ala,2) Assoc w R - Interim,p.V155A,0.5,Resistant,155,,1.0,154.0,1.3391090321553378,154.0,0.4955649693070448
Pyrazinamide,pncA,pncA_p.Val155Gly,1) Assoc w R,p.V155G,0.9,Resistant,155,,1.0,154.0,1.3391090321553378,154.0,0.4955649693070448
Pyrazinamide,pncA,pncA_p.Val155Leu,3) Uncertain significance,p.V155L,0.0,Unknown,155,,1.0,154.0,1.3391090321553378,154.0,0.4955649693070448
Pyrazinamide,pncA,pncA_p.Val155Met,1) Assoc w R,p.V155M,0.8888888888888888,Resistant,155,,1.0,154.0,1.3391090321553378,154.0,0.4955649693070448
Pyrazinamide,pncA,pncA_p.Val157Ala,3) Uncertain significance,p.V157A,0.0,Unknown,157,,2.0,155.0,2.9405558998257457,160.0,-0.1032661339035939
Pyrazinamide,pncA,pncA_p.Val157Gly,3) Uncertain significance,p.V157G,1.0,Unknown,157,,2.0,155.0,2.9405558998257457,160.0,-0.1032661339035939
Pyrazinamide,pncA,pncA_p.Val157Leu,3) Uncertain significance,p.V157L,0.0,Unknown,157,,2.0,155.0,2.9405558998257457,160.0,-0.1032661339035939
Pyrazinamide,pncA,pncA_p.Val163Ala,2) Assoc w R - Interim,p.V163A,0.75,Resistant,163,,1.0,162.0,1.3191701937202778,164.0,1.5096763106274775
Pyrazinamide,pncA,pncA_p.Val163Gly,3) Uncertain significance,p.V163G,0.3333333333333333,Unknown,163,,1.0,162.0,1.3191701937202778,164.0,1.5096763106274775
Pyrazinamide,pncA,pncA_p.Val163Leu,3) Uncertain significance,p.V163L,0.0,Unknown,163,,1.0,162.0,1.3191701937202778,164.0,1.5096763106274775
Pyrazinamide,pncA,pncA_p.Val163Met,3) Uncertain significance,p.V163M,0.0,Unknown,163,,1.0,162.0,1.3191701937202778,164.0,1.5096763106274775
Pyrazinamide,pncA,pncA_p.Val180Ala,1) Assoc w R,p.V180A,1.0,Resistant,180,,2.0,182.0,3.055780260424495,175.0,-0.5808156699449604
Pyrazinamide,pncA,pncA_p.Val180Asp,3) Uncertain significance,p.V180D,1.0,Unknown,180,,2.0,182.0,3.055780260424495,175.0,-0.5808156699449604
Pyrazinamide,pncA,pncA_p.Val180Gly,1) Assoc w R,p.V180G,1.0,Resistant,180,,2.0,182.0,3.055780260424495,175.0,-0.5808156699449604
Pyrazinamide,pncA,pncA_p.Val180Leu,3) Uncertain significance,p.V180L,1.0,Unknown,180,,2.0,182.0,3.055780260424495,175.0,-0.5808156699449604
Pyrazinamide,pncA,pncA_p.Val180Phe,1) Assoc w R,p.V180F,0.9,Resistant,180,,2.0,182.0,3.055780260424495,175.0,-0.5808156699449604
Pyrazinamide,pncA,pncA_p.Val183Leu,3) Uncertain significance,p.V183L,0.0,Unknown,183,,1.0,182.0,1.3357297630883271,182.0,-0.6724472356046711
Pyrazinamide,pncA,pncA_p.Val21Ala,4) Not assoc w R - Interim,p.V21A,0.1428571428571428,Susceptible,21,,2.0,19.0,2.9150734124546496,24.0,0.7902999904664074
Pyrazinamide,pncA,pncA_p.Val21Gly,2) Assoc w R - Interim,p.V21G,0.8571428571428571,Resistant,21,,2.0,19.0,2.9150734124546496,24.0,0.7902999904664074
Pyrazinamide,pncA,pncA_p.Val44Gly,2) Assoc w R - Interim,p.V44G,1.0,Resistant,44,,1.0,43.0,1.3435847572818014,43.0,-1.0466313513069851
Pyrazinamide,pncA,pncA_p.Val45Ala,3) Uncertain significance,p.V45A,0.0,Unknown,45,,1.0,44.0,1.342523370373864,46.0,0.4314943019311529
Pyrazinamide,pncA,pncA_p.Val45Gly,3) Uncertain significance,p.V45G,1.0,Unknown,45,,1.0,44.0,1.342523370373864,46.0,0.4314943019311529
Pyrazinamide,pncA,pncA_p.Val45Met,3) Uncertain significance,p.V45M,0.0,Unknown,45,,1.0,44.0,1.342523370373864,46.0,0.4314943019311529
Pyrazinamide,pncA,pncA_p.Val7Ala,2) Assoc w R - Interim,p.V7A,0.6666666666666666,Resistant,7,,1.0,6.0,1.3382798660967736,8.0,3.6333710840016975
Pyrazinamide,pncA,pncA_p.Val7Gly,1) Assoc w R,p.V7G,0.9444444444444444,Resistant,7,,1.0,6.0,1.3382798660967736,8.0,3.6333710840016975
Pyrazinamide,pncA,pncA_p.Val7Ile,3) Uncertain significance,p.V7I,1.0,Unknown,7,,1.0,6.0,1.3382798660967736,8.0,3.6333710840016975
Pyrazinamide,pncA,pncA_p.Val7Leu,1) Assoc w R,p.V7L,1.0,Resistant,7,,1.0,6.0,1.3382798660967736,8.0,3.6333710840016975
Pyrazinamide,pncA,pncA_p.Val7Phe,2) Assoc w R - Interim,p.V7F,1.0,Resistant,7,,1.0,6.0,1.3382798660967736,8.0,3.6333710840016975
Pyrazinamide,pncA,pncA_p.Val93Ala,2) Assoc w R - Interim,p.V93A,0.5,Resistant,93,,1.0,94.0,1.3425777444900544,94.0,0.0956938530261123
Pyrazinamide,pncA,pncA_p.Val93Gly,3) Uncertain significance,p.V93G,0.5,Unknown,93,,1.0,94.0,1.3425777444900544,94.0,0.0956938530261123
Pyrazinamide,pncA,pncA_p.Val93Leu,2) Assoc w R - Interim,p.V93L,1.0,Resistant,93,,1.0,94.0,1.3425777444900544,94.0,0.0956938530261123
Pyrazinamide,pncA,pncA_p.Val93Met,3) Uncertain significance,p.V93M,1.0,Unknown,93,,1.0,94.0,1.3425777444900544,94.0,0.0956938530261123
Pyrazinamide,pncA,pncA_p.Val9Ala,3) Uncertain significance,p.V9A,0.5,Unknown,9,,1.0,8.0,1.3264878438945453,8.0,4.585142802923006
Pyrazinamide,pncA,pncA_p.Val9Gly,1) Assoc w R,p.V9G,1.0,Resistant,9,,1.0,8.0,1.3264878438945453,8.0,4.585142802923006
Levofloxacin,gyrA,gyrA_p.Ala126Glu,3) Uncertain significance,p.A126E,0.2,Unknown,126,,32.0,94.0,9.073441505432129,89.0,2.157523746330908
Levofloxacin,gyrA,gyrA_p.Ala126Pro,3) Uncertain significance,p.A126P,0.3333333333333333,Unknown,126,,32.0,94.0,9.073441505432129,89.0,2.157523746330908
Levofloxacin,gyrA,gyrA_p.Ala126Ser,3) Uncertain significance,p.A126S,0.5,Unknown,126,,32.0,94.0,9.073441505432129,89.0,2.157523746330908
Levofloxacin,gyrA,gyrA_p.Ala186Thr,3) Uncertain significance,p.A186T,0.0,Unknown,186,,92.0,94.0,18.09138298034668,91.0,0.3960118933408357
Levofloxacin,gyrA,gyrA_p.Ala198Gly,3) Uncertain significance,p.A198G,0.0,Unknown,198,,104.0,94.0,26.46380043029785,94.0,-0.0909682020142653
Levofloxacin,gyrA,gyrA_p.Ala210Val,3) Uncertain significance,p.A210V,0.0,Unknown,210,,116.0,94.0,38.31009292602539,94.0,-0.1515923185722539
Levofloxacin,gyrA,gyrA_p.Ala288Asp,3) Uncertain significance,p.A288D,0.4193548387096774,Unknown,288,,194.0,94.0,27.944087982177734,94.0,0.0357525075458383
Levofloxacin,gyrA,gyrA_p.Ala288Val,3) Uncertain significance,p.A288V,0.0,Unknown,288,,194.0,94.0,27.944087982177734,94.0,0.0357525075458383
Levofloxacin,gyrA,gyrA_p.Ala297Asp,3) Uncertain significance,p.A297D,0.0,Unknown,297,,203.0,94.0,37.022403717041016,94.0,-0.2243193402995907
Levofloxacin,gyrA,gyrA_p.Ala297Gly,3) Uncertain significance,p.A297G,0.0,Unknown,297,,203.0,94.0,37.022403717041016,94.0,-0.2243193402995907
Levofloxacin,gyrA,gyrA_p.Ala322Glu,3) Uncertain significance,p.A322E,0.0,Unknown,322,,228.0,94.0,41.43617248535156,94.0,-0.2777454265812637
Levofloxacin,gyrA,gyrA_p.Ala322Ser,3) Uncertain significance,p.A322S,0.0,Unknown,322,,228.0,94.0,41.43617248535156,94.0,-0.2777454265812637
Levofloxacin,gyrA,gyrA_p.Ala324Gly,3) Uncertain significance,p.A324G,0.0,Unknown,324,,230.0,94.0,37.42470932006836,94.0,-0.2385701476800047
Levofloxacin,gyrA,gyrA_p.Ala324Val,3) Uncertain significance,p.A324V,0.0,Unknown,324,,230.0,94.0,37.42470932006836,94.0,-0.2385701476800047
Levofloxacin,gyrA,gyrA_p.Ala347Ser,3) Uncertain significance,p.A347S,1.0,Unknown,347,,253.0,94.0,19.536849975585938,91.0,0.2076528441893084
Levofloxacin,gyrA,gyrA_p.Ala347Thr,3) Uncertain significance,p.A347T,1.0,Unknown,347,,253.0,94.0,19.536849975585938,91.0,0.2076528441893084
Levofloxacin,gyrA,gyrA_p.Ala347Val,3) Uncertain significance,p.A347V,0.0,Unknown,347,,253.0,94.0,19.536849975585938,91.0,0.2076528441893084
Levofloxacin,gyrA,gyrA_p.Ala384Val,5) Not assoc w R,p.A384V,0.0691489361702127,Susceptible,384,,290.0,94.0,39.79084014892578,91.0,-0.1773427095815685
Levofloxacin,gyrA,gyrA_p.Ala400Val,3) Uncertain significance,p.A400V,0.0,Unknown,400,,306.0,94.0,62.46976089477539,91.0,-0.2573471408530863
Levofloxacin,gyrA,gyrA_p.Ala406Val,3) Uncertain significance,p.A406V,0.0,Unknown,406,,312.0,94.0,64.90367889404297,89.0,-0.238317586048195
Levofloxacin,gyrA,gyrA_p.Ala40Thr,3) Uncertain significance,p.A40T,0.0,Unknown,40,,48.0,88.0,11.341712951660156,91.0,0.854053321893649
Levofloxacin,gyrA,gyrA_p.Ala410Thr,3) Uncertain significance,p.A410T,0.0,Unknown,410,,316.0,94.0,65.08860778808594,89.0,-0.1715838464771505
Levofloxacin,gyrA,gyrA_p.Ala410Val,3) Uncertain significance,p.A410V,0.0,Unknown,410,,316.0,94.0,65.08860778808594,89.0,-0.1715838464771505
Levofloxacin,gyrA,gyrA_p.Ala417Ser,3) Uncertain significance,p.A417S,0.0,Unknown,417,,323.0,94.0,58.063392639160156,89.0,-0.229065381255932
Levofloxacin,gyrA,gyrA_p.Ala432Gly,3) Uncertain significance,p.A432G,0.0,Unknown,432,,338.0,94.0,52.31071853637695,89.0,-0.2544703998147029
Levofloxacin,gyrA,gyrA_p.Ala432Val,3) Uncertain significance,p.A432V,0.0,Unknown,432,,338.0,94.0,52.31071853637695,89.0,-0.2544703998147029
Levofloxacin,gyrA,gyrA_p.Ala434Glu,3) Uncertain significance,p.A434E,1.0,Unknown,434,,340.0,94.0,48.915802001953125,89.0,-0.2436114244724532
Levofloxacin,gyrA,gyrA_p.Ala445Val,3) Uncertain significance,p.A445V,0.0,Unknown,445,,351.0,94.0,58.39780807495117,91.0,-0.1926845569462565
Levofloxacin,gyrA,gyrA_p.Ala456Gly,3) Uncertain significance,p.A456G,0.0,Unknown,456,,362.0,94.0,49.47525405883789,91.0,-0.2185564701123141
Levofloxacin,gyrA,gyrA_p.Ala456Val,3) Uncertain significance,p.A456V,0.0,Unknown,456,,362.0,94.0,49.47525405883789,91.0,-0.2185564701123141
Levofloxacin,gyrA,gyrA_p.Ala463Ser,5) Not assoc w R,p.A463S,0.2669322709163346,Susceptible,463,,369.0,94.0,45.465980529785156,91.0,-0.1645510106764149
Levofloxacin,gyrA,gyrA_p.Ala500Glu,3) Uncertain significance,p.A500E,0.0,Unknown,500,,406.0,94.0,34.25212860107422,94.0,-0.1768170836674084
Levofloxacin,gyrA,gyrA_p.Ala501Val,3) Uncertain significance,p.A501V,0.0,Unknown,501,,407.0,94.0,,,
Levofloxacin,gyrA,gyrA_p.Ala512Gly,3) Uncertain significance,p.A512G,0.5,Unknown,512,,418.0,94.0,49.431358337402344,94.0,-0.4347357631523289
Levofloxacin,gyrA,gyrA_p.Ala512Ser,3) Uncertain significance,p.A512S,0.0,Unknown,512,,418.0,94.0,49.431358337402344,94.0,-0.4347357631523289
Levofloxacin,gyrA,gyrA_p.Ala512Thr,3) Uncertain significance,p.A512T,0.0,Unknown,512,,418.0,94.0,49.431358337402344,94.0,-0.4347357631523289
Levofloxacin,gyrA,gyrA_p.Ala512Val,3) Uncertain significance,p.A512V,0.0,Unknown,512,,418.0,94.0,49.431358337402344,94.0,-0.4347357631523289
Levofloxacin,gyrA,gyrA_p.Ala579Val,3) Uncertain significance,p.A579V,0.3333333333333333,Unknown,579,,485.0,94.0,53.56090545654297,94.0,-0.5439287930369828
Levofloxacin,gyrA,gyrA_p.Ala581Gly,3) Uncertain significance,p.A581G,0.0,Unknown,581,,487.0,94.0,54.402034759521484,94.0,-0.5304617659341747
Levofloxacin,gyrA,gyrA_p.Ala587Asp,3) Uncertain significance,p.A587D,0.0,Unknown,587,,493.0,94.0,56.51162338256836,94.0,-0.5031714872327977
Levofloxacin,gyrA,gyrA_p.Ala591Val,3) Uncertain significance,p.A591V,1.0,Unknown,591,,497.0,94.0,59.80522537231445,94.0,-0.4351930591763079
Levofloxacin,gyrA,gyrA_p.Ala620Thr,3) Uncertain significance,p.A620T,0.0,Unknown,620,,526.0,94.0,65.45036315917969,94.0,-0.5023864775397776
Levofloxacin,gyrA,gyrA_p.Ala626Val,3) Uncertain significance,p.A626V,0.0,Unknown,626,,532.0,94.0,70.927978515625,94.0,-0.6712520798756312
Levofloxacin,gyrA,gyrA_p.Ala662Val,3) Uncertain significance,p.A662V,0.0,Unknown,662,,568.0,94.0,66.94966888427734,94.0,-0.662768087271558
Levofloxacin,gyrA,gyrA_p.Ala667Val,3) Uncertain significance,p.A667V,0.0,Unknown,667,,573.0,94.0,74.10757446289062,94.0,-0.5568617459390575
Levofloxacin,gyrA,gyrA_p.Ala676Asp,3) Uncertain significance,p.A676D,0.0,Unknown,676,,582.0,94.0,81.54816436767578,94.0,-0.653490317238154
Levofloxacin,gyrA,gyrA_p.Ala676Val,3) Uncertain significance,p.A676V,0.6428571428571429,Unknown,676,,582.0,94.0,81.54816436767578,94.0,-0.653490317238154
Levofloxacin,gyrA,gyrA_p.Ala689Val,3) Uncertain significance,p.A689V,1.0,Unknown,689,,595.0,94.0,78.49171447753906,94.0,-0.5584274501752557
Levofloxacin,gyrA,gyrA_p.Ala696Thr,3) Uncertain significance,p.A696T,0.0,Unknown,696,,602.0,94.0,60.892948150634766,94.0,-0.4835817617853674
Levofloxacin,gyrA,gyrA_p.Ala696Val,3) Uncertain significance,p.A696V,0.0,Unknown,696,,602.0,94.0,60.892948150634766,94.0,-0.4835817617853674
Levofloxacin,gyrA,gyrA_p.Ala71Thr,3) Uncertain significance,p.A71T,0.0,Unknown,71,,17.0,88.0,13.360891342163086,94.0,1.1050900093226863
Levofloxacin,gyrA,gyrA_p.Ala736Thr,3) Uncertain significance,p.A736T,0.5,Unknown,736,,642.0,94.0,88.58604431152344,94.0,-0.5858423466687823
Levofloxacin,gyrA,gyrA_p.Ala736Val,3) Uncertain significance,p.A736V,0.0,Unknown,736,,642.0,94.0,88.58604431152344,94.0,-0.5858423466687823
Levofloxacin,gyrA,gyrA_p.Ala74Ser,3) Uncertain significance,p.A74S,0.8888888888888888,Unknown,74,,14.0,88.0,7.60066556930542,89.0,1.8048126095866823
Levofloxacin,gyrA,gyrA_p.Ala74Thr,3) Uncertain significance,p.A74T,0.0,Unknown,74,,14.0,88.0,7.60066556930542,89.0,1.8048126095866823
Levofloxacin,gyrA,gyrA_p.Ala74Val,3) Uncertain significance,p.A74V,0.0,Unknown,74,,14.0,88.0,7.60066556930542,89.0,1.8048126095866823
Levofloxacin,gyrA,gyrA_p.Ala787Gly,3) Uncertain significance,p.A787G,0.0,Unknown,787,,693.0,94.0,84.15000915527344,94.0,-0.5557269279278881
Levofloxacin,gyrA,gyrA_p.Ala788Val,3) Uncertain significance,p.A788V,0.0,Unknown,788,,694.0,94.0,83.80342864990234,94.0,-0.5746762860262543
Levofloxacin,gyrA,gyrA_p.Ala814Thr,3) Uncertain significance,p.A814T,0.3333333333333333,Unknown,814,,720.0,94.0,76.29295349121094,94.0,-0.6441183616481176
Levofloxacin,gyrA,gyrA_p.Ala90Glu,3) Uncertain significance,p.A90E,0.5,Unknown,90,,1.0,89.0,1.337156891822815,89.0,8.260000615984259
Levofloxacin,gyrA,gyrA_p.Ala90Gly,4) Not assoc w R - Interim,p.A90G,0.04,Susceptible,90,,1.0,89.0,1.337156891822815,89.0,8.260000615984259
Levofloxacin,gyrA,gyrA_p.Ala90Trp,3) Uncertain significance,p.A90W,1.0,Unknown,90,,1.0,89.0,1.337156891822815,89.0,8.260000615984259
Levofloxacin,gyrA,gyrA_p.Ala90Val,1) Assoc w R,p.A90V,0.8930517711171662,Resistant,90,,1.0,89.0,1.337156891822815,89.0,8.260000615984259
Levofloxacin,gyrA,gyrA_p.Arg106Cys,3) Uncertain significance,p.R106C,0.0,Unknown,106,,12.0,94.0,13.386296272277832,94.0,0.643669730833312
Levofloxacin,gyrA,gyrA_p.Arg143Lys,3) Uncertain significance,p.R143K,0.0,Unknown,143,,49.0,94.0,21.90467643737793,94.0,0.1099161437740683
Levofloxacin,gyrA,gyrA_p.Arg14Leu,3) Uncertain significance,p.R14L,0.0,Unknown,14,,74.0,88.0,31.782554626464844,88.0,0.2256989758287303
Levofloxacin,gyrA,gyrA_p.Arg195Gly,3) Uncertain significance,p.R195G,0.0,Unknown,195,,101.0,94.0,24.964811325073242,94.0,-0.0147119131804082
Levofloxacin,gyrA,gyrA_p.Arg222Trp,3) Uncertain significance,p.R222W,1.0,Unknown,222,,128.0,94.0,29.849502563476562,94.0,-0.1584161055080183
Levofloxacin,gyrA,gyrA_p.Arg252Gly,3) Uncertain significance,p.R252G,0.0,Unknown,252,,158.0,94.0,25.63391876220703,94.0,-0.112450989650654
Levofloxacin,gyrA,gyrA_p.Arg252Leu,4) Not assoc w R - Interim,p.R252L,0.0833333333333333,Susceptible,252,,158.0,94.0,25.63391876220703,94.0,-0.112450989650654
Levofloxacin,gyrA,gyrA_p.Arg252Pro,3) Uncertain significance,p.R252P,0.0,Unknown,252,,158.0,94.0,25.63391876220703,94.0,-0.112450989650654
Levofloxacin,gyrA,gyrA_p.Arg254Cys,3) Uncertain significance,p.R254C,0.0,Unknown,254,,160.0,94.0,25.125389099121094,94.0,-0.1352038178952343
Levofloxacin,gyrA,gyrA_p.Arg254Leu,3) Uncertain significance,p.R254L,0.0,Unknown,254,,160.0,94.0,25.125389099121094,94.0,-0.1352038178952343
Levofloxacin,gyrA,gyrA_p.Arg26Cys,3) Uncertain significance,p.R26C,0.0,Unknown,26,,62.0,88.0,22.10114288330078,88.0,0.2581103514983382
Levofloxacin,gyrA,gyrA_p.Arg26His,3) Uncertain significance,p.R26H,0.0,Unknown,26,,62.0,88.0,22.10114288330078,88.0,0.2581103514983382
Levofloxacin,gyrA,gyrA_p.Arg292Gly,3) Uncertain significance,p.R292G,0.5,Unknown,292,,198.0,94.0,29.114442825317383,94.0,0.1485743740024161
Levofloxacin,gyrA,gyrA_p.Arg292Leu,3) Uncertain significance,p.R292L,1.0,Unknown,292,,198.0,94.0,29.114442825317383,94.0,0.1485743740024161
Levofloxacin,gyrA,gyrA_p.Arg309Gln,3) Uncertain significance,p.R309Q,0.3333333333333333,Unknown,309,,215.0,94.0,24.38450813293457,94.0,0.2749960558658701
Levofloxacin,gyrA,gyrA_p.Arg309Trp,3) Uncertain significance,p.R309W,1.0,Unknown,309,,215.0,94.0,24.38450813293457,94.0,0.2749960558658701
Levofloxacin,gyrA,gyrA_p.Arg363Cys,3) Uncertain significance,p.R363C,0.5,Unknown,363,,269.0,94.0,28.505910873413086,94.0,-0.140139007883618
Levofloxacin,gyrA,gyrA_p.Arg375Gln,3) Uncertain significance,p.R375Q,0.0,Unknown,375,,281.0,94.0,26.803617477416992,91.0,-0.0309409699660762
Levofloxacin,gyrA,gyrA_p.Arg376Leu,3) Uncertain significance,p.R376L,0.0,Unknown,376,,282.0,94.0,30.252649307250977,94.0,-0.1422301660095861
Levofloxacin,gyrA,gyrA_p.Arg380Gly,3) Uncertain significance,p.R380G,0.0,Unknown,380,,286.0,94.0,31.57330894470215,94.0,-0.0879586074141734
Levofloxacin,gyrA,gyrA_p.Arg387Gln,3) Uncertain significance,p.R387Q,0.0,Unknown,387,,293.0,94.0,42.639408111572266,91.0,-0.1644442196722684
Levofloxacin,gyrA,gyrA_p.Arg392Cys,3) Uncertain significance,p.R392C,0.0,Unknown,392,,298.0,94.0,48.85494613647461,91.0,-0.28870874054056
Levofloxacin,gyrA,gyrA_p.Arg392His,3) Uncertain significance,p.R392H,0.0,Unknown,392,,298.0,94.0,48.85494613647461,91.0,-0.28870874054056
Levofloxacin,gyrA,gyrA_p.Arg409Gln,3) Uncertain significance,p.R409Q,0.0,Unknown,409,,315.0,94.0,63.000511169433594,89.0,-0.2108037585159639
Levofloxacin,gyrA,gyrA_p.Arg450Ser,3) Uncertain significance,p.R450S,1.0,Unknown,450,,356.0,94.0,46.51251220703125,94.0,-0.130671189776567
Levofloxacin,gyrA,gyrA_p.Arg480Cys,3) Uncertain significance,p.R480C,0.0,Unknown,480,,386.0,94.0,31.429615020751953,94.0,-0.1198881352541212
Levofloxacin,gyrA,gyrA_p.Arg489Lys,3) Uncertain significance,p.R489K,0.0,Unknown,489,,395.0,94.0,24.25897789001465,94.0,0.1232693213994715
Levofloxacin,gyrA,gyrA_p.Arg489Ser,3) Uncertain significance,p.R489S,0.0,Unknown,489,,395.0,94.0,24.25897789001465,94.0,0.1232693213994715
Levofloxacin,gyrA,gyrA_p.Arg495Cys,3) Uncertain significance,p.R495C,0.0,Unknown,495,,401.0,94.0,17.65097999572754,94.0,0.2712808551837755
Levofloxacin,gyrA,gyrA_p.Arg513Cys,3) Uncertain significance,p.R513C,0.0,Unknown,513,,419.0,94.0,52.36040496826172,94.0,-0.4092517193781456
Levofloxacin,gyrA,gyrA_p.Arg539Pro,3) Uncertain significance,p.R539P,0.0,Unknown,539,,445.0,94.0,,,
Levofloxacin,gyrA,gyrA_p.Arg578Gln,3) Uncertain significance,p.R578Q,0.1875,Unknown,578,,484.0,94.0,50.24750518798828,94.0,-0.5230686474203292
Levofloxacin,gyrA,gyrA_p.Arg592Cys,3) Uncertain significance,p.R592C,1.0,Unknown,592,,498.0,94.0,60.35345458984375,94.0,-0.5161212295733545
Levofloxacin,gyrA,gyrA_p.Arg607Cys,3) Uncertain significance,p.R607C,0.0,Unknown,607,,513.0,94.0,62.54037094116211,94.0,-0.619699363938011
Levofloxacin,gyrA,gyrA_p.Arg607His,3) Uncertain significance,p.R607H,0.25,Unknown,607,,513.0,94.0,62.54037094116211,94.0,-0.619699363938011
Levofloxacin,gyrA,gyrA_p.Arg615Gly,3) Uncertain significance,p.R615G,0.0,Unknown,615,,521.0,94.0,57.39466094970703,94.0,-0.5081645086796277
Levofloxacin,gyrA,gyrA_p.Arg615His,3) Uncertain significance,p.R615H,0.0,Unknown,615,,521.0,94.0,57.39466094970703,94.0,-0.5081645086796277
Levofloxacin,gyrA,gyrA_p.Arg615Leu,3) Uncertain significance,p.R615L,0.0,Unknown,615,,521.0,94.0,57.39466094970703,94.0,-0.5081645086796277
Levofloxacin,gyrA,gyrA_p.Arg65His,3) Uncertain significance,p.R65H,0.0,Unknown,65,,23.0,88.0,18.774795532226562,94.0,0.4030609227010147
Levofloxacin,gyrA,gyrA_p.Arg68Cys,3) Uncertain significance,p.R68C,0.0,Unknown,68,,20.0,88.0,20.43398666381836,94.0,0.4463597101736262
Levofloxacin,gyrA,gyrA_p.Arg68Gly,3) Uncertain significance,p.R68G,0.0,Unknown,68,,20.0,88.0,20.43398666381836,94.0,0.4463597101736262
Levofloxacin,gyrA,gyrA_p.Arg718Cys,3) Uncertain significance,p.R718C,1.0,Unknown,718,,624.0,94.0,73.8483657836914,94.0,-0.6671421554670928
Levofloxacin,gyrA,gyrA_p.Arg758Trp,3) Uncertain significance,p.R758W,0.0,Unknown,758,,664.0,94.0,92.05725860595703,94.0,-0.5010848700693488
Levofloxacin,gyrA,gyrA_p.Arg789Gly,3) Uncertain significance,p.R789G,0.0,Unknown,789,,695.0,94.0,86.50627899169922,94.0,-0.5301656529441308
Levofloxacin,gyrA,gyrA_p.Arg789His,3) Uncertain significance,p.R789H,0.0,Unknown,789,,695.0,94.0,86.50627899169922,94.0,-0.5301656529441308
Levofloxacin,gyrA,gyrA_p.Asn193Ser,3) Uncertain significance,p.N193S,0.0735294117647058,Unknown,193,,99.0,94.0,21.899105072021484,94.0,0.0402775007315858
Levofloxacin,gyrA,gyrA_p.Asn282Lys,3) Uncertain significance,p.N282K,0.2307692307692307,Unknown,282,,188.0,94.0,15.683998107910156,94.0,0.6751575584738786
Levofloxacin,gyrA,gyrA_p.Asn301Thr,3) Uncertain significance,p.N301T,0.0,Unknown,301,,207.0,94.0,32.722801208496094,94.0,-0.0918613528719396
Levofloxacin,gyrA,gyrA_p.Asn629Lys,3) Uncertain significance,p.N629K,0.0,Unknown,629,,535.0,94.0,74.45835876464844,94.0,-0.6013510765587887
Levofloxacin,gyrA,gyrA_p.Asn818Asp,3) Uncertain significance,p.N818D,0.0,Unknown,818,,724.0,94.0,,,
Levofloxacin,gyrA,gyrA_p.Asn826Asp,3) Uncertain significance,p.N826D,0.0,Unknown,826,,732.0,94.0,,,
Levofloxacin,gyrA,gyrA_p.Asn826His,3) Uncertain significance,p.N826H,0.0,Unknown,826,,732.0,94.0,,,
Levofloxacin,gyrA,gyrA_p.Asn826Ile,3) Uncertain significance,p.N826I,0.0,Unknown,826,,732.0,94.0,,,
Levofloxacin,gyrA,gyrA_p.Asn831Asp,3) Uncertain significance,p.N831D,0.0,Unknown,831,,737.0,94.0,,,
Levofloxacin,gyrA,gyrA_p.Asn831Lys,3) Uncertain significance,p.N831K,0.3333333333333333,Unknown,831,,737.0,94.0,,,
Levofloxacin,gyrA,gyrA_p.Asp111Gly,3) Uncertain significance,p.D111G,0.0,Unknown,111,,17.0,94.0,12.150193214416504,94.0,1.0222688194912442
Levofloxacin,gyrA,gyrA_p.Asp199Tyr,3) Uncertain significance,p.D199Y,0.0,Unknown,199,,105.0,94.0,29.313213348388672,94.0,-0.1279504228638402
Levofloxacin,gyrA,gyrA_p.Asp209Gly,3) Uncertain significance,p.D209G,0.0,Unknown,209,,115.0,94.0,39.6208381652832,94.0,-0.1249105071577102
Levofloxacin,gyrA,gyrA_p.Asp211Glu,3) Uncertain significance,p.D211E,0.5,Unknown,211,,117.0,94.0,37.394134521484375,94.0,-0.1421537582025145
Levofloxacin,gyrA,gyrA_p.Asp211Gly,3) Uncertain significance,p.D211G,0.0,Unknown,211,,117.0,94.0,37.394134521484375,94.0,-0.1421537582025145
Levofloxacin,gyrA,gyrA_p.Asp242Asn,3) Uncertain significance,p.D242N,0.0,Unknown,242,,148.0,94.0,29.169797897338867,94.0,-0.1314827331159235
Levofloxacin,gyrA,gyrA_p.Asp262Asn,3) Uncertain significance,p.D262N,0.0,Unknown,262,,168.0,94.0,40.73386001586914,94.0,-0.1566718987592688
Levofloxacin,gyrA,gyrA_p.Asp262Val,3) Uncertain significance,p.D262V,0.0,Unknown,262,,168.0,94.0,40.73386001586914,94.0,-0.1566718987592688
Levofloxacin,gyrA,gyrA_p.Asp293Tyr,3) Uncertain significance,p.D293Y,0.0,Unknown,293,,199.0,94.0,30.974849700927734,94.0,0.1191711028425887
Levofloxacin,gyrA,gyrA_p.Asp367Glu,3) Uncertain significance,p.D367E,0.0,Unknown,367,,273.0,94.0,28.804529190063477,91.0,-0.0972424803903544
Levofloxacin,gyrA,gyrA_p.Asp367His,3) Uncertain significance,p.D367H,0.0,Unknown,367,,273.0,94.0,28.804529190063477,91.0,-0.0972424803903544
Levofloxacin,gyrA,gyrA_p.Asp402Glu,3) Uncertain significance,p.D402E,0.0,Unknown,402,,308.0,94.0,64.85276794433594,89.0,-0.2291467589787477
Levofloxacin,gyrA,gyrA_p.Asp415Ala,3) Uncertain significance,p.D415A,0.0,Unknown,415,,321.0,94.0,53.16868209838867,88.0,-0.1566341438456024
Levofloxacin,gyrA,gyrA_p.Asp415Asn,3) Uncertain significance,p.D415N,0.0,Unknown,415,,321.0,94.0,53.16868209838867,88.0,-0.1566341438456024
Levofloxacin,gyrA,gyrA_p.Asp415Phe,3) Uncertain significance,p.D415F,0.0,Unknown,415,,321.0,94.0,53.16868209838867,88.0,-0.1566341438456024
Levofloxacin,gyrA,gyrA_p.Asp437Gly,3) Uncertain significance,p.D437G,0.0,Unknown,437,,343.0,94.0,47.4321403503418,89.0,-0.1892364861904133
Levofloxacin,gyrA,gyrA_p.Asp464Glu,3) Uncertain significance,p.D464E,0.0,Unknown,464,,370.0,94.0,41.21837615966797,94.0,-0.1381055041139825
Levofloxacin,gyrA,gyrA_p.Asp467His,3) Uncertain significance,p.D467H,0.0,Unknown,467,,373.0,94.0,42.987770080566406,91.0,-0.1483849044547666
Levofloxacin,gyrA,gyrA_p.Asp481Ala,3) Uncertain significance,p.D481A,0.0,Unknown,481,,387.0,94.0,31.403505325317383,94.0,-0.1059694340810085
Levofloxacin,gyrA,gyrA_p.Asp481Glu,3) Uncertain significance,p.D481E,0.0,Unknown,481,,387.0,94.0,31.403505325317383,94.0,-0.1059694340810085
Levofloxacin,gyrA,gyrA_p.Asp481Gly,3) Uncertain significance,p.D481G,0.0,Unknown,481,,387.0,94.0,31.403505325317383,94.0,-0.1059694340810085
Levofloxacin,gyrA,gyrA_p.Asp488Ala,3) Uncertain significance,p.D488A,0.0,Unknown,488,,394.0,94.0,27.59185791015625,94.0,0.0307106866562562
Levofloxacin,gyrA,gyrA_p.Asp488Glu,3) Uncertain significance,p.D488E,0.0,Unknown,488,,394.0,94.0,27.59185791015625,94.0,0.0307106866562562
Levofloxacin,gyrA,gyrA_p.Asp493His,3) Uncertain significance,p.D493H,0.0,Unknown,493,,399.0,94.0,23.978662490844727,94.0,0.1581023530378403
Levofloxacin,gyrA,gyrA_p.Asp504Glu,3) Uncertain significance,p.D504E,0.0,Unknown,504,,410.0,94.0,,,
Levofloxacin,gyrA,gyrA_p.Asp507His,3) Uncertain significance,p.D507H,0.0,Unknown,507,,413.0,94.0,,,
Levofloxacin,gyrA,gyrA_p.Asp509Asn,3) Uncertain significance,p.D509N,0.0,Unknown,509,,415.0,94.0,,,
Levofloxacin,gyrA,gyrA_p.Asp515Asn,3) Uncertain significance,p.D515N,0.0,Unknown,515,,421.0,94.0,58.68141174316406,94.0,-0.4896762508787833
Levofloxacin,gyrA,gyrA_p.Asp515Glu,3) Uncertain significance,p.D515E,1.0,Unknown,515,,421.0,94.0,58.68141174316406,94.0,-0.4896762508787833
Levofloxacin,gyrA,gyrA_p.Asp532Asn,3) Uncertain significance,p.D532N,0.0,Unknown,532,,438.0,94.0,,,
Levofloxacin,gyrA,gyrA_p.Asp532Glu,3) Uncertain significance,p.D532E,0.0,Unknown,532,,438.0,94.0,,,
Levofloxacin,gyrA,gyrA_p.Asp552Gly,3) Uncertain significance,p.D552G,0.5,Unknown,552,,458.0,94.0,,,
Levofloxacin,gyrA,gyrA_p.Asp583Glu,3) Uncertain significance,p.D583E,0.0,Unknown,583,,489.0,94.0,48.91679382324219,94.0,-0.517207162530097
Levofloxacin,gyrA,gyrA_p.Asp639Ala,3) Uncertain significance,p.D639A,0.0,Unknown,639,,545.0,94.0,58.024234771728516,94.0,-0.4598205211018796
Levofloxacin,gyrA,gyrA_p.Asp639Gly,3) Uncertain significance,p.D639G,0.0,Unknown,639,,545.0,94.0,58.024234771728516,94.0,-0.4598205211018796
Levofloxacin,gyrA,gyrA_p.Asp641Glu,3) Uncertain significance,p.D641E,1.0,Unknown,641,,547.0,94.0,53.70458984375,94.0,-0.465750518290312
Levofloxacin,gyrA,gyrA_p.Asp641Tyr,3) Uncertain significance,p.D641Y,0.0,Unknown,641,,547.0,94.0,53.70458984375,94.0,-0.465750518290312
Levofloxacin,gyrA,gyrA_p.Asp687Asn,3) Uncertain significance,p.D687N,0.0,Unknown,687,,593.0,94.0,73.27037048339844,94.0,-0.5193369775337644
Levofloxacin,gyrA,gyrA_p.Asp770Gly,3) Uncertain significance,p.D770G,1.0,Unknown,770,,676.0,94.0,84.32471466064453,94.0,-0.5403297503496952
Levofloxacin,gyrA,gyrA_p.Asp810Glu,3) Uncertain significance,p.D810E,1.0,Unknown,810,,716.0,94.0,83.59858703613281,94.0,-0.4826739080470281
Levofloxacin,gyrA,gyrA_p.Asp824Ala,3) Uncertain significance,p.D824A,0.0,Unknown,824,,730.0,94.0,,,
Levofloxacin,gyrA,gyrA_p.Asp824Asn,3) Uncertain significance,p.D824N,1.0,Unknown,824,,730.0,94.0,,,
Levofloxacin,gyrA,gyrA_p.Asp824Glu,3) Uncertain significance,p.D824E,1.0,Unknown,824,,730.0,94.0,,,
Levofloxacin,gyrA,gyrA_p.Asp825Glu,3) Uncertain significance,p.D825E,0.0,Unknown,825,,731.0,94.0,,,
Levofloxacin,gyrA,gyrA_p.Asp829Glu,3) Uncertain significance,p.D829E,0.25,Unknown,829,,735.0,94.0,,,
Levofloxacin,gyrA,gyrA_p.Asp834Asn,3) Uncertain significance,p.D834N,0.0,Unknown,834,,740.0,94.0,,,
Levofloxacin,gyrA,gyrA_p.Asp89Asn,1) Assoc w R,p.D89N,0.6896551724137931,Resistant,89,,1.0,88.0,1.3279434442520142,88.0,9.090754515029404
Levofloxacin,gyrA,gyrA_p.Asp89Gly,3) Uncertain significance,p.D89G,0.875,Unknown,89,,1.0,88.0,1.3279434442520142,88.0,9.090754515029404
Levofloxacin,gyrA,gyrA_p.Asp94Ala,1) Assoc w R,p.D94A,0.8448275862068966,Resistant,94,,3.0,91.0,2.8821237087249756,90.0,7.160029910827358
Levofloxacin,gyrA,gyrA_p.Asp94Asn,1) Assoc w R,p.D94N,0.9236453201970444,Resistant,94,,3.0,91.0,2.8821237087249756,90.0,7.160029910827358
Levofloxacin,gyrA,gyrA_p.Asp94Gly,1) Assoc w R,p.D94G,0.9420097388224878,Resistant,94,,3.0,91.0,2.8821237087249756,90.0,7.160029910827358
Levofloxacin,gyrA,gyrA_p.Asp94His,1) Assoc w R,p.D94H,0.9339622641509434,Resistant,94,,3.0,91.0,2.8821237087249756,90.0,7.160029910827358
Levofloxacin,gyrA,gyrA_p.Asp94Phe,3) Uncertain significance,p.D94F,1.0,Unknown,94,,3.0,91.0,2.8821237087249756,90.0,7.160029910827358
Levofloxacin,gyrA,gyrA_p.Asp94Tyr,1) Assoc w R,p.D94Y,0.9233870967741936,Resistant,94,,3.0,91.0,2.8821237087249756,90.0,7.160029910827358
Levofloxacin,gyrA,gyrA_p.Asp94Val,3) Uncertain significance,p.D94V,0.75,Unknown,94,,3.0,91.0,2.8821237087249756,90.0,7.160029910827358
Levofloxacin,gyrA,gyrA_p.Gln113Glu,3) Uncertain significance,p.Q113E,0.0,Unknown,113,,19.0,94.0,13.165925025939941,94.0,1.0503737418605772
Levofloxacin,gyrA,gyrA_p.Gln22Arg,3) Uncertain significance,p.Q22R,0.0,Unknown,22,,66.0,88.0,27.14604377746582,88.0,0.2102028145760931
Levofloxacin,gyrA,gyrA_p.Gln22His,3) Uncertain significance,p.Q22H,0.0,Unknown,22,,66.0,88.0,27.14604377746582,88.0,0.2102028145760931
Levofloxacin,gyrA,gyrA_p.Gln238Arg,3) Uncertain significance,p.Q238R,0.0,Unknown,238,,144.0,94.0,31.004026412963867,94.0,-0.1113826743245063
Levofloxacin,gyrA,gyrA_p.Gln238Glu,3) Uncertain significance,p.Q238E,0.0,Unknown,238,,144.0,94.0,31.004026412963867,94.0,-0.1113826743245063
Levofloxacin,gyrA,gyrA_p.Gln25Glu,3) Uncertain significance,p.Q25E,0.0,Unknown,25,,63.0,88.0,24.283435821533203,88.0,0.2195846040098999
Levofloxacin,gyrA,gyrA_p.Gln277Arg,3) Uncertain significance,p.Q277R,0.1111111111111111,Unknown,277,,183.0,94.0,12.30675220489502,94.0,0.9203051808102048
Levofloxacin,gyrA,gyrA_p.Gln290Arg,3) Uncertain significance,p.Q290R,0.0,Unknown,290,,196.0,94.0,27.69057273864746,94.0,0.0430522108116898
Levofloxacin,gyrA,gyrA_p.Gln290His,3) Uncertain significance,p.Q290H,0.0,Unknown,290,,196.0,94.0,27.69057273864746,94.0,0.0430522108116898
Levofloxacin,gyrA,gyrA_p.Gln305Arg,3) Uncertain significance,p.Q305R,0.0,Unknown,305,,211.0,94.0,26.021223068237305,94.0,0.0765019558990573
Levofloxacin,gyrA,gyrA_p.Gln336Lys,3) Uncertain significance,p.Q336K,0.0,Unknown,336,,242.0,94.0,20.079435348510742,94.0,0.2101278594176349
Levofloxacin,gyrA,gyrA_p.Gln475Arg,3) Uncertain significance,p.Q475R,1.0,Unknown,475,,381.0,94.0,34.49814987182617,94.0,-0.13726590248074
Levofloxacin,gyrA,gyrA_p.Gln475Pro,3) Uncertain significance,p.Q475P,0.0,Unknown,475,,381.0,94.0,34.49814987182617,94.0,-0.13726590248074
Levofloxacin,gyrA,gyrA_p.Gln573Arg,3) Uncertain significance,p.Q573R,0.0,Unknown,573,,479.0,94.0,60.25438690185547,94.0,-0.5666226883757775
Levofloxacin,gyrA,gyrA_p.Gln594Arg,3) Uncertain significance,p.Q594R,1.0,Unknown,594,,500.0,94.0,51.116050720214844,94.0,-0.4968914146407189
Levofloxacin,gyrA,gyrA_p.Gln603His,3) Uncertain significance,p.Q603H,0.0,Unknown,603,,509.0,94.0,53.697998046875,94.0,-0.4479925180115158
Levofloxacin,gyrA,gyrA_p.Gln613Glu,5) Not assoc w R,p.Q613E,0.058252427184466,Susceptible,613,,519.0,94.0,62.07742691040039,94.0,-0.632997090956088
Levofloxacin,gyrA,gyrA_p.Gln679His,3) Uncertain significance,p.Q679H,0.0,Unknown,679,,585.0,94.0,84.70552825927734,94.0,-0.6359492774062359
Levofloxacin,gyrA,gyrA_p.Gln679Lys,3) Uncertain significance,p.Q679K,0.0,Unknown,679,,585.0,94.0,84.70552825927734,94.0,-0.6359492774062359
Levofloxacin,gyrA,gyrA_p.Gln743His,3) Uncertain significance,p.Q743H,0.0,Unknown,743,,649.0,94.0,85.24482727050781,94.0,-0.5740459743050038
Levofloxacin,gyrA,gyrA_p.Gln790Glu,3) Uncertain significance,p.Q790E,0.0,Unknown,790,,696.0,94.0,87.28685760498047,94.0,-0.5522280932015812
Levofloxacin,gyrA,gyrA_p.Gln797Pro,3) Uncertain significance,p.Q797P,0.0,Unknown,797,,703.0,94.0,94.32481384277344,94.0,-0.5801289095528532
Levofloxacin,gyrA,gyrA_p.Glu140Gly,3) Uncertain significance,p.E140G,0.0,Unknown,140,,46.0,94.0,19.982595443725586,94.0,0.1943829093478415
Levofloxacin,gyrA,gyrA_p.Glu144Gln,3) Uncertain significance,p.E144Q,0.0,Unknown,144,,50.0,94.0,25.0533447265625,91.0,0.0183375355770674
Levofloxacin,gyrA,gyrA_p.Glu147Asp,3) Uncertain significance,p.E147D,1.0,Unknown,147,,53.0,94.0,27.29969596862793,91.0,-0.0074902384738044
Levofloxacin,gyrA,gyrA_p.Glu148Asp,3) Uncertain significance,p.E148D,0.0,Unknown,148,,54.0,94.0,27.51700782775879,91.0,-0.0147220247943051
Levofloxacin,gyrA,gyrA_p.Glu214Asp,3) Uncertain significance,p.E214D,0.3333333333333333,Unknown,214,,120.0,94.0,37.12063980102539,94.0,-0.162287253068166
Levofloxacin,gyrA,gyrA_p.Glu21Gln,5) Not assoc w R,p.E21Q,0.2140777593513912,Susceptible,21,,67.0,88.0,28.657791137695312,88.0,0.1930583250108392
Levofloxacin,gyrA,gyrA_p.Glu21His,3) Uncertain significance,p.E21H,1.0,Unknown,21,,67.0,88.0,28.657791137695312,88.0,0.1930583250108392
Levofloxacin,gyrA,gyrA_p.Glu289Asp,3) Uncertain significance,p.E289D,0.6521739130434783,Unknown,289,,195.0,94.0,25.059850692749023,94.0,0.3679300499506635
Levofloxacin,gyrA,gyrA_p.Glu289Gln,3) Uncertain significance,p.E289Q,0.0,Unknown,289,,195.0,94.0,25.059850692749023,94.0,0.3679300499506635
Levofloxacin,gyrA,gyrA_p.Glu303Lys,3) Uncertain significance,p.E303K,0.0,Unknown,303,,209.0,94.0,27.779644012451172,94.0,0.0436509646371905
Levofloxacin,gyrA,gyrA_p.Glu317Asp,3) Uncertain significance,p.E317D,0.0,Unknown,317,,223.0,94.0,34.3866081237793,94.0,-0.1784929691723926
Levofloxacin,gyrA,gyrA_p.Glu317Gly,3) Uncertain significance,p.E317G,0.0,Unknown,317,,223.0,94.0,34.3866081237793,94.0,-0.1784929691723926
Levofloxacin,gyrA,gyrA_p.Glu386Val,3) Uncertain significance,p.E386V,0.0,Unknown,386,,292.0,94.0,38.4501838684082,91.0,-0.1466248363419759
Levofloxacin,gyrA,gyrA_p.Glu412Ala,3) Uncertain significance,p.E412A,0.0,Unknown,412,,318.0,94.0,60.752811431884766,89.0,-0.1438238356902374
Levofloxacin,gyrA,gyrA_p.Glu412Gly,3) Uncertain significance,p.E412G,0.0,Unknown,412,,318.0,94.0,60.752811431884766,89.0,-0.1438238356902374
Levofloxacin,gyrA,gyrA_p.Glu412Val,3) Uncertain significance,p.E412V,0.0,Unknown,412,,318.0,94.0,60.752811431884766,89.0,-0.1438238356902374
Levofloxacin,gyrA,gyrA_p.Glu429Ala,3) Uncertain significance,p.E429A,0.0,Unknown,429,,335.0,94.0,49.27300262451172,88.0,-0.2027811206370802
Levofloxacin,gyrA,gyrA_p.Glu459Ala,3) Uncertain significance,p.E459A,0.0,Unknown,459,,365.0,94.0,47.34919357299805,91.0,-0.2047037758734537
Levofloxacin,gyrA,gyrA_p.Glu459Lys,3) Uncertain significance,p.E459K,0.0,Unknown,459,,365.0,94.0,47.34919357299805,91.0,-0.2047037758734537
Levofloxacin,gyrA,gyrA_p.Glu466Ala,3) Uncertain significance,p.E466A,0.0,Unknown,466,,372.0,94.0,42.52700424194336,91.0,-0.1568832316016508
Levofloxacin,gyrA,gyrA_p.Glu485Ala,3) Uncertain significance,p.E485A,0.0,Unknown,485,,391.0,94.0,27.54854965209961,94.0,-0.0351347292917472
Levofloxacin,gyrA,gyrA_p.Glu508Ala,3) Uncertain significance,p.E508A,0.0,Unknown,508,,414.0,94.0,,,
Levofloxacin,gyrA,gyrA_p.Glu514Gln,3) Uncertain significance,p.E514Q,0.0,Unknown,514,,420.0,94.0,54.26095962524414,94.0,-0.4653320788031976
Levofloxacin,gyrA,gyrA_p.Glu605Gly,3) Uncertain significance,p.E605G,0.0,Unknown,605,,511.0,94.0,60.38519287109375,94.0,-0.4818930158573624
Levofloxacin,gyrA,gyrA_p.Glu719Gln,3) Uncertain significance,p.E719Q,0.0,Unknown,719,,625.0,94.0,82.79846954345703,94.0,-0.5614706409477541
Levofloxacin,gyrA,gyrA_p.Glu738Asp,3) Uncertain significance,p.E738D,1.0,Unknown,738,,644.0,94.0,87.78013610839844,94.0,-0.5546773589723358
Levofloxacin,gyrA,gyrA_p.Glu739Gln,3) Uncertain significance,p.E739Q,0.2,Unknown,739,,645.0,94.0,90.64872741699219,94.0,-0.5820507050518984
Levofloxacin,gyrA,gyrA_p.Glu79Asp,3) Uncertain significance,p.E79D,0.0,Unknown,79,,9.0,88.0,9.223285675048828,89.0,1.2185200366569426
Levofloxacin,gyrA,gyrA_p.Glu79Lys,3) Uncertain significance,p.E79K,0.0,Unknown,79,,9.0,88.0,9.223285675048828,89.0,1.2185200366569426
Levofloxacin,gyrA,gyrA_p.Glu808Ala,3) Uncertain significance,p.E808A,0.0,Unknown,808,,714.0,94.0,87.97513580322266,94.0,-0.4088424715402138
Levofloxacin,gyrA,gyrA_p.Glu808Gln,3) Uncertain significance,p.E808Q,0.0,Unknown,808,,714.0,94.0,87.97513580322266,94.0,-0.4088424715402138
Levofloxacin,gyrA,gyrA_p.Gly112Cys,3) Uncertain significance,p.G112C,0.0,Unknown,112,,18.0,94.0,11.504048347473145,94.0,1.261020261160059
Levofloxacin,gyrA,gyrA_p.Gly158Ser,3) Uncertain significance,p.G158S,0.5,Unknown,158,,64.0,94.0,17.161462783813477,88.0,0.4777052713962595
Levofloxacin,gyrA,gyrA_p.Gly236Glu,3) Uncertain significance,p.G236E,0.0,Unknown,236,,142.0,94.0,29.905330657958984,94.0,-0.1440683555546267
Levofloxacin,gyrA,gyrA_p.Gly236Val,3) Uncertain significance,p.G236V,0.5,Unknown,236,,142.0,94.0,29.905330657958984,94.0,-0.1440683555546267
Levofloxacin,gyrA,gyrA_p.Gly247Ser,5) Not assoc w R,p.G247S,0.1890869800108049,Susceptible,247,,153.0,94.0,24.446937561035156,94.0,0.0462437377200881
Levofloxacin,gyrA,gyrA_p.Gly265Asp,3) Uncertain significance,p.G265D,0.0,Unknown,265,,171.0,94.0,44.520668029785156,94.0,-0.202745454548092
Levofloxacin,gyrA,gyrA_p.Gly294Ala,3) Uncertain significance,p.G294A,0.0,Unknown,294,,200.0,94.0,35.58393096923828,94.0,-0.0721501400349091
Levofloxacin,gyrA,gyrA_p.Gly311Ala,3) Uncertain significance,p.G311A,0.0,Unknown,311,,217.0,94.0,22.843324661254883,94.0,0.1962443085899843
Levofloxacin,gyrA,gyrA_p.Gly351Ala,3) Uncertain significance,p.G351A,0.0,Unknown,351,,257.0,94.0,21.497150421142578,91.0,0.2132555850753493
Levofloxacin,gyrA,gyrA_p.Gly351Trp,3) Uncertain significance,p.G351W,0.0,Unknown,351,,257.0,94.0,21.497150421142578,91.0,0.2132555850753493
Levofloxacin,gyrA,gyrA_p.Gly477Arg,3) Uncertain significance,p.G477R,0.0,Unknown,477,,383.0,94.0,34.99519348144531,94.0,-0.1173090175202989
Levofloxacin,gyrA,gyrA_p.Gly477Glu,3) Uncertain significance,p.G477E,0.0,Unknown,477,,383.0,94.0,34.99519348144531,94.0,-0.1173090175202989
Levofloxacin,gyrA,gyrA_p.Gly503Arg,3) Uncertain significance,p.G503R,0.0,Unknown,503,,409.0,94.0,,,
Levofloxacin,gyrA,gyrA_p.Gly503Val,3) Uncertain significance,p.G503V,0.0,Unknown,503,,409.0,94.0,,,
Levofloxacin,gyrA,gyrA_p.Gly548Arg,3) Uncertain significance,p.G548R,0.0,Unknown,548,,454.0,94.0,,,
Levofloxacin,gyrA,gyrA_p.Gly63Arg,3) Uncertain significance,p.G63R,0.0,Unknown,63,,25.0,88.0,18.544761657714844,89.0,0.504414110505052
Levofloxacin,gyrA,gyrA_p.Gly668Asp,5) Not assoc w R,p.G668D,0.2206540586313964,Susceptible,668,,574.0,94.0,76.7954330444336,94.0,-0.5428690965694535
Levofloxacin,gyrA,gyrA_p.Gly694Ala,3) Uncertain significance,p.G694A,0.0,Unknown,694,,600.0,94.0,63.85573959350586,94.0,-0.5091292179622214
Levofloxacin,gyrA,gyrA_p.Gly694Ser,3) Uncertain significance,p.G694S,1.0,Unknown,694,,600.0,94.0,63.85573959350586,94.0,-0.5091292179622214
Levofloxacin,gyrA,gyrA_p.Gly702Ser,3) Uncertain significance,p.G702S,0.0,Unknown,702,,608.0,94.0,78.08464050292969,94.0,-0.6126248666125045
Levofloxacin,gyrA,gyrA_p.Gly729Arg,3) Uncertain significance,p.G729R,0.0909090909090909,Unknown,729,,635.0,94.0,87.01028442382812,94.0,-0.5476424884255741
Levofloxacin,gyrA,gyrA_p.Gly744Ala,3) Uncertain significance,p.G744A,0.0,Unknown,744,,650.0,94.0,84.54456329345703,94.0,-0.5604867159752569
Levofloxacin,gyrA,gyrA_p.Gly764Arg,3) Uncertain significance,p.G764R,0.0,Unknown,764,,670.0,94.0,79.69535827636719,94.0,-0.6772615575645209
Levofloxacin,gyrA,gyrA_p.Gly780Cys,3) Uncertain significance,p.G780C,0.0,Unknown,780,,686.0,94.0,,,
Levofloxacin,gyrA,gyrA_p.Gly795Arg,3) Uncertain significance,p.G795R,0.0,Unknown,795,,701.0,94.0,93.61307525634766,94.0,-0.569572844011262
Levofloxacin,gyrA,gyrA_p.Gly823Cys,3) Uncertain significance,p.G823C,0.0,Unknown,823,,729.0,94.0,,,
Levofloxacin,gyrA,gyrA_p.Gly823Ser,3) Uncertain significance,p.G823S,0.0,Unknown,823,,729.0,94.0,,,
Levofloxacin,gyrA,gyrA_p.Gly832Arg,3) Uncertain significance,p.G832R,0.0,Unknown,832,,738.0,94.0,,,
Levofloxacin,gyrA,gyrA_p.Gly88Ala,2) Assoc w R - Interim,p.G88A,0.5714285714285714,Resistant,88,,1.0,89.0,1.3279434442520142,89.0,4.985668978923239
Levofloxacin,gyrA,gyrA_p.Gly88Asn,3) Uncertain significance,p.G88N,1.0,Unknown,88,,1.0,89.0,1.3279434442520142,89.0,4.985668978923239
Levofloxacin,gyrA,gyrA_p.Gly88Asp,3) Uncertain significance,p.G88D,1.0,Unknown,88,,1.0,89.0,1.3279434442520142,89.0,4.985668978923239
Levofloxacin,gyrA,gyrA_p.Gly88Cys,1) Assoc w R,p.G88C,0.9772727272727272,Resistant,88,,1.0,89.0,1.3279434442520142,89.0,4.985668978923239
Levofloxacin,gyrA,gyrA_p.His192Gln,3) Uncertain significance,p.H192Q,0.0,Unknown,192,,98.0,94.0,19.111160278320312,94.0,0.0801710533228087
Levofloxacin,gyrA,gyrA_p.His334Tyr,3) Uncertain significance,p.H334Y,0.0,Unknown,334,,240.0,94.0,28.30568504333496,94.0,-0.1091730338878694
Levofloxacin,gyrA,gyrA_p.His368Gln,3) Uncertain significance,p.H368Q,0.0,Unknown,368,,274.0,94.0,22.65278434753418,91.0,0.0183915792518657
Levofloxacin,gyrA,gyrA_p.His389Pro,3) Uncertain significance,p.H389P,0.25,Unknown,389,,295.0,94.0,46.893524169921875,91.0,-0.2272921816547064
Levofloxacin,gyrA,gyrA_p.His490Arg,3) Uncertain significance,p.H490R,1.0,Unknown,490,,396.0,94.0,21.230262756347656,94.0,0.1678770385099769
Levofloxacin,gyrA,gyrA_p.His490Asn,3) Uncertain significance,p.H490N,0.0,Unknown,490,,396.0,94.0,21.230262756347656,94.0,0.1678770385099769
Levofloxacin,gyrA,gyrA_p.His490Tyr,3) Uncertain significance,p.H490Y,1.0,Unknown,490,,396.0,94.0,21.230262756347656,94.0,0.1678770385099769
Levofloxacin,gyrA,gyrA_p.His52Tyr,3) Uncertain significance,p.H52Y,1.0,Unknown,52,,36.0,88.0,6.9705963134765625,91.0,2.162895698503306
Levofloxacin,gyrA,gyrA_p.His557Arg,3) Uncertain significance,p.H557R,0.0,Unknown,557,,463.0,94.0,65.87834167480469,94.0,-0.6812510179059511
Levofloxacin,gyrA,gyrA_p.His70Arg,3) Uncertain significance,p.H70R,0.8,Unknown,70,,18.0,88.0,15.489860534667969,94.0,0.7809481736919353
Levofloxacin,gyrA,gyrA_p.Ile153Met,3) Uncertain significance,p.I153M,0.0,Unknown,153,,59.0,94.0,17.56351089477539,91.0,0.4335401482310879
Levofloxacin,gyrA,gyrA_p.Ile153Val,3) Uncertain significance,p.I153V,0.0,Unknown,153,,59.0,94.0,17.56351089477539,91.0,0.4335401482310879
Levofloxacin,gyrA,gyrA_p.Ile15Val,3) Uncertain significance,p.I15V,0.0,Unknown,15,,73.0,88.0,32.82111358642578,88.0,0.2178953071668513
Levofloxacin,gyrA,gyrA_p.Ile189Met,3) Uncertain significance,p.I189M,0.0,Unknown,189,,95.0,94.0,15.861623764038086,94.0,0.3267163272115468
Levofloxacin,gyrA,gyrA_p.Ile189Val,3) Uncertain significance,p.I189V,0.3333333333333333,Unknown,189,,95.0,94.0,15.861623764038086,94.0,0.3267163272115468
Levofloxacin,gyrA,gyrA_p.Ile284Val,3) Uncertain significance,p.I284V,0.0,Unknown,284,,190.0,94.0,22.749265670776367,94.0,0.1921864202447252
Levofloxacin,gyrA,gyrA_p.Ile314Val,3) Uncertain significance,p.I314V,0.0,Unknown,314,,220.0,94.0,23.457889556884766,94.0,0.043252726552256
Levofloxacin,gyrA,gyrA_p.Ile328Leu,3) Uncertain significance,p.I328L,1.0,Unknown,328,,234.0,94.0,32.82732391357422,94.0,-0.2440759154595953
Levofloxacin,gyrA,gyrA_p.Ile348Val,3) Uncertain significance,p.I348V,0.0,Unknown,348,,254.0,94.0,17.97431182861328,91.0,0.2511974804856133
Levofloxacin,gyrA,gyrA_p.Ile390Thr,3) Uncertain significance,p.I390T,1.0,Unknown,390,,296.0,94.0,45.824649810791016,91.0,-0.2107126429614841
Levofloxacin,gyrA,gyrA_p.Ile408Thr,3) Uncertain significance,p.I408T,0.0,Unknown,408,,314.0,94.0,58.4286003112793,89.0,-0.2494334448594344
Levofloxacin,gyrA,gyrA_p.Ile408Val,3) Uncertain significance,p.I408V,0.0,Unknown,408,,314.0,94.0,58.4286003112793,89.0,-0.2494334448594344
Levofloxacin,gyrA,gyrA_p.Ile427Val,3) Uncertain significance,p.I427V,0.0,Unknown,427,,333.0,94.0,54.61369705200195,91.0,-0.2777609847319321
Levofloxacin,gyrA,gyrA_p.Ile452Thr,3) Uncertain significance,p.I452T,0.0,Unknown,452,,358.0,94.0,52.54533767700195,91.0,-0.2021337888796651
Levofloxacin,gyrA,gyrA_p.Ile462Val,3) Uncertain significance,p.I462V,0.2727272727272727,Unknown,462,,368.0,94.0,43.970523834228516,91.0,-0.1895425936932944
Levofloxacin,gyrA,gyrA_p.Ile468Val,3) Uncertain significance,p.I468V,0.0,Unknown,468,,374.0,94.0,38.04747009277344,94.0,-0.1484001731529993
Levofloxacin,gyrA,gyrA_p.Ile478Thr,3) Uncertain significance,p.I478T,1.0,Unknown,478,,384.0,94.0,32.183467864990234,94.0,-0.1231231752468417
Levofloxacin,gyrA,gyrA_p.Ile478Val,3) Uncertain significance,p.I478V,1.0,Unknown,478,,384.0,94.0,32.183467864990234,94.0,-0.1231231752468417
Levofloxacin,gyrA,gyrA_p.Ile520Leu,3) Uncertain significance,p.I520L,0.0,Unknown,520,,426.0,94.0,61.665977478027344,94.0,-0.6127537730211282
Levofloxacin,gyrA,gyrA_p.Ile554Val,3) Uncertain significance,p.I554V,0.0,Unknown,554,,460.0,94.0,68.47028350830078,94.0,-0.6733977415199257
Levofloxacin,gyrA,gyrA_p.Ile681Met,3) Uncertain significance,p.I681M,0.0,Unknown,681,,587.0,94.0,82.41177368164062,94.0,-0.6430736814489945
Levofloxacin,gyrA,gyrA_p.Ile707Val,3) Uncertain significance,p.I707V,1.0,Unknown,707,,613.0,94.0,85.45703125,94.0,-0.511049481073999
Levofloxacin,gyrA,gyrA_p.Ile815Met,3) Uncertain significance,p.I815M,0.0,Unknown,815,,721.0,94.0,76.79058837890625,94.0,-0.6764799742232291
Levofloxacin,gyrA,gyrA_p.Ile92Val,3) Uncertain significance,p.I92V,1.0,Unknown,92,,1.0,91.0,1.3347588777542114,91.0,7.258670063630436
Levofloxacin,gyrA,gyrA_p.Leu105Arg,3) Uncertain significance,p.L105R,0.25,Unknown,105,,11.0,94.0,9.104860305786133,94.0,1.3398753041580664
Levofloxacin,gyrA,gyrA_p.Leu12Phe,3) Uncertain significance,p.L12F,0.0,Unknown,12,,76.0,88.0,,,
Levofloxacin,gyrA,gyrA_p.Leu134Met,3) Uncertain significance,p.L134M,1.0,Unknown,134,,40.0,94.0,13.61401081085205,94.0,0.7649000169067313
Levofloxacin,gyrA,gyrA_p.Leu142Val,3) Uncertain significance,p.L142V,0.25,Unknown,142,,48.0,94.0,16.740983963012695,94.0,0.4060863752310423
Levofloxacin,gyrA,gyrA_p.Leu173Val,3) Uncertain significance,p.L173V,0.0,Unknown,173,,79.0,94.0,16.860111236572266,94.0,0.2585086554710318
Levofloxacin,gyrA,gyrA_p.Leu205Val,3) Uncertain significance,p.L205V,0.0,Unknown,205,,111.0,94.0,32.022640228271484,94.0,-0.1641432839164468
Levofloxacin,gyrA,gyrA_p.Leu274Phe,3) Uncertain significance,p.L274F,1.0,Unknown,274,,180.0,94.0,19.9311466217041,94.0,0.1253944379694891
Levofloxacin,gyrA,gyrA_p.Leu296Pro,3) Uncertain significance,p.L296P,0.0,Unknown,296,,202.0,94.0,31.20811653137207,94.0,-0.1293941048859483
Levofloxacin,gyrA,gyrA_p.Leu346Val,3) Uncertain significance,p.L346V,0.5555555555555556,Unknown,346,,252.0,94.0,18.675695419311523,91.0,0.2717928430061868
Levofloxacin,gyrA,gyrA_p.Leu358Met,3) Uncertain significance,p.L358M,0.0,Unknown,358,,264.0,94.0,25.259584426879883,94.0,-0.1101079447552901
Levofloxacin,gyrA,gyrA_p.Leu398Phe,3) Uncertain significance,p.L398F,0.25,Unknown,398,,304.0,94.0,55.923553466796875,91.0,-0.2760014945842275
Levofloxacin,gyrA,gyrA_p.Leu401Val,3) Uncertain significance,p.L401V,0.0,Unknown,401,,307.0,94.0,60.57696533203125,89.0,-0.2576064794825092
Levofloxacin,gyrA,gyrA_p.Leu425Phe,3) Uncertain significance,p.L425F,0.0,Unknown,425,,331.0,94.0,58.523929595947266,91.0,-0.2878638189647094
Levofloxacin,gyrA,gyrA_p.Leu455Arg,3) Uncertain significance,p.L455R,1.0,Unknown,455,,361.0,94.0,49.06293869018555,91.0,-0.2061520376714401
Levofloxacin,gyrA,gyrA_p.Leu455Val,3) Uncertain significance,p.L455V,0.0,Unknown,455,,361.0,94.0,49.06293869018555,91.0,-0.2061520376714401
Levofloxacin,gyrA,gyrA_p.Leu465Gln,3) Uncertain significance,p.L465Q,0.0,Unknown,465,,371.0,94.0,38.3166389465332,91.0,-0.1470040983997429
Levofloxacin,gyrA,gyrA_p.Leu549Val,3) Uncertain significance,p.L549V,0.0,Unknown,549,,455.0,94.0,,,
Levofloxacin,gyrA,gyrA_p.Leu566Trp,3) Uncertain significance,p.L566W,0.0,Unknown,566,,472.0,94.0,54.301849365234375,94.0,-0.539553589393886
Levofloxacin,gyrA,gyrA_p.Leu653Val,3) Uncertain significance,p.L653V,1.0,Unknown,653,,559.0,94.0,65.9639663696289,94.0,-0.5910783537866999
Levofloxacin,gyrA,gyrA_p.Leu659Val,3) Uncertain significance,p.L659V,0.0,Unknown,659,,565.0,94.0,65.8094711303711,94.0,-0.6727564208941614
Levofloxacin,gyrA,gyrA_p.Leu671Val,3) Uncertain significance,p.L671V,0.0,Unknown,671,,577.0,94.0,75.4770736694336,94.0,-0.672209487460197
Levofloxacin,gyrA,gyrA_p.Leu690Val,3) Uncertain significance,p.L690V,0.0,Unknown,690,,596.0,94.0,74.14087677001953,94.0,-0.5887886531778961
Levofloxacin,gyrA,gyrA_p.Leu711Met,3) Uncertain significance,p.L711M,0.1111111111111111,Unknown,711,,617.0,94.0,75.70500946044922,94.0,-0.6872591931635632
Levofloxacin,gyrA,gyrA_p.Leu724Val,3) Uncertain significance,p.L724V,0.0,Unknown,724,,630.0,94.0,82.67432403564453,94.0,-0.6649402923625537
Levofloxacin,gyrA,gyrA_p.Leu766Ser,3) Uncertain significance,p.L766S,0.0,Unknown,766,,672.0,94.0,76.60830688476562,94.0,-0.7002058728013243
Levofloxacin,gyrA,gyrA_p.Leu812Val,3) Uncertain significance,p.L812V,1.0,Unknown,812,,718.0,94.0,81.37896728515625,94.0,-0.6060415457889845
Levofloxacin,gyrA,gyrA_p.Lys224Glu,3) Uncertain significance,p.K224E,0.0,Unknown,224,,130.0,94.0,28.168333053588867,94.0,-0.144642043539526
Levofloxacin,gyrA,gyrA_p.Lys319Asn,3) Uncertain significance,p.K319N,0.0,Unknown,319,,225.0,94.0,40.132713317871094,94.0,-0.2596244169192241
Levofloxacin,gyrA,gyrA_p.Lys319Glu,3) Uncertain significance,p.K319E,0.6666666666666666,Unknown,319,,225.0,94.0,40.132713317871094,94.0,-0.2596244169192241
Levofloxacin,gyrA,gyrA_p.Lys333Arg,3) Uncertain significance,p.K333R,0.0,Unknown,333,,239.0,94.0,30.915069580078125,94.0,-0.1781348716913732
Levofloxacin,gyrA,gyrA_p.Lys333Asn,3) Uncertain significance,p.K333N,0.0,Unknown,333,,239.0,94.0,30.915069580078125,94.0,-0.1781348716913732
Levofloxacin,gyrA,gyrA_p.Lys633Arg,3) Uncertain significance,p.K633R,0.0,Unknown,633,,539.0,94.0,65.33683013916016,94.0,-0.6144723768051917
Levofloxacin,gyrA,gyrA_p.Lys636Asn,3) Uncertain significance,p.K636N,0.0,Unknown,636,,542.0,94.0,63.13890075683594,94.0,-0.5141999908064365
Levofloxacin,gyrA,gyrA_p.Lys636Glu,3) Uncertain significance,p.K636E,0.0,Unknown,636,,542.0,94.0,63.13890075683594,94.0,-0.5141999908064365
Levofloxacin,gyrA,gyrA_p.Lys636Thr,3) Uncertain significance,p.K636T,0.5111111111111111,Unknown,636,,542.0,94.0,63.13890075683594,94.0,-0.5141999908064365
Levofloxacin,gyrA,gyrA_p.Lys799Arg,3) Uncertain significance,p.K799R,0.0,Unknown,799,,705.0,94.0,92.47029876708984,94.0,-0.5803850338945721
Levofloxacin,gyrA,gyrA_p.Met139Val,3) Uncertain significance,p.M139V,0.0,Unknown,139,,45.0,94.0,17.940208435058594,94.0,0.3356860872660459
Levofloxacin,gyrA,gyrA_p.Met141Ile,3) Uncertain significance,p.M141I,0.0,Unknown,141,,47.0,94.0,16.11647605895996,94.0,0.3524903717246477
Levofloxacin,gyrA,gyrA_p.Met141Thr,3) Uncertain significance,p.M141T,0.0,Unknown,141,,47.0,94.0,16.11647605895996,94.0,0.3524903717246477
Levofloxacin,gyrA,gyrA_p.Met141Val,3) Uncertain significance,p.M141V,0.0,Unknown,141,,47.0,94.0,16.11647605895996,94.0,0.3524903717246477
Levofloxacin,gyrA,gyrA_p.Met220Arg,3) Uncertain significance,p.M220R,1.0,Unknown,220,,126.0,94.0,31.6028995513916,94.0,-0.2111988768669783
Levofloxacin,gyrA,gyrA_p.Met24Ile,3) Uncertain significance,p.M24I,0.0,Unknown,24,,64.0,88.0,23.78340721130371,88.0,0.2962236540259496
Levofloxacin,gyrA,gyrA_p.Met24Val,3) Uncertain significance,p.M24V,0.0,Unknown,24,,64.0,88.0,23.78340721130371,88.0,0.2962236540259496
Levofloxacin,gyrA,gyrA_p.Met438Ile,3) Uncertain significance,p.M438I,0.0,Unknown,438,,344.0,94.0,51.55867004394531,89.0,-0.2489513364525587
Levofloxacin,gyrA,gyrA_p.Met703Val,3) Uncertain significance,p.M703V,0.0,Unknown,703,,609.0,94.0,79.97343444824219,94.0,-0.635860915328252
Levofloxacin,gyrA,gyrA_p.Met804Val,3) Uncertain significance,p.M804V,0.0,Unknown,804,,710.0,94.0,83.58082580566406,94.0,-0.567792004113223
Levofloxacin,gyrA,gyrA_p.Met99Ile,3) Uncertain significance,p.M99I,0.0,Unknown,99,,5.0,94.0,5.0607428550720215,94.0,2.9806933968708966
Levofloxacin,gyrA,gyrA_p.Met99Val,3) Uncertain significance,p.M99V,0.0,Unknown,99,,5.0,94.0,5.0607428550720215,94.0,2.9806933968708966
Levofloxacin,gyrA,gyrA_p.Phe152Leu,3) Uncertain significance,p.F152L,0.0,Unknown,152,,58.0,94.0,20.649948120117188,91.0,0.2468515516722095
Levofloxacin,gyrA,gyrA_p.Phe228Leu,3) Uncertain significance,p.F228L,0.0,Unknown,228,,134.0,94.0,17.879714965820312,94.0,0.1837544187316048
Levofloxacin,gyrA,gyrA_p.Phe569Cys,3) Uncertain significance,p.F569C,0.0,Unknown,569,,475.0,94.0,57.402950286865234,94.0,-0.6434272587361223
Levofloxacin,gyrA,gyrA_p.Phe640Val,3) Uncertain significance,p.F640V,0.0,Unknown,640,,546.0,94.0,56.31093215942383,94.0,-0.5307228805119981
Levofloxacin,gyrA,gyrA_p.Phe64Leu,3) Uncertain significance,p.F64L,0.0,Unknown,64,,24.0,88.0,13.503808975219727,89.0,0.8044831934839303
Levofloxacin,gyrA,gyrA_p.Phe683Leu,3) Uncertain significance,p.F683L,0.0,Unknown,683,,589.0,94.0,78.4023666381836,94.0,-0.639509333211253
Levofloxacin,gyrA,gyrA_p.Phe683Val,3) Uncertain significance,p.F683V,0.0,Unknown,683,,589.0,94.0,78.4023666381836,94.0,-0.639509333211253
Levofloxacin,gyrA,gyrA_p.Phe705Leu,3) Uncertain significance,p.F705L,0.1428571428571428,Unknown,705,,611.0,94.0,79.4574203491211,94.0,-0.6179911466256457
Levofloxacin,gyrA,gyrA_p.Pro102Leu,3) Uncertain significance,p.P102L,1.0,Unknown,102,,8.0,94.0,11.016132354736328,94.0,1.1464757705451958
Levofloxacin,gyrA,gyrA_p.Pro108Ser,3) Uncertain significance,p.P108S,0.3333333333333333,Unknown,108,,14.0,94.0,11.78748893737793,94.0,0.939093874855218
Levofloxacin,gyrA,gyrA_p.Pro119Leu,3) Uncertain significance,p.P119L,0.0,Unknown,119,,25.0,94.0,13.031582832336426,94.0,0.9304554554451054
Levofloxacin,gyrA,gyrA_p.Pro154Arg,3) Uncertain significance,p.P154R,0.0,Unknown,154,,60.0,94.0,17.199970245361328,88.0,0.4369096121152022
Levofloxacin,gyrA,gyrA_p.Pro154Leu,3) Uncertain significance,p.P154L,0.0,Unknown,154,,60.0,94.0,17.199970245361328,88.0,0.4369096121152022
Levofloxacin,gyrA,gyrA_p.Pro163Ala,3) Uncertain significance,p.P163A,1.0,Unknown,163,,69.0,94.0,16.566083908081055,91.0,0.4013430614596871
Levofloxacin,gyrA,gyrA_p.Pro17Leu,3) Uncertain significance,p.P17L,0.0,Unknown,17,,71.0,88.0,32.28029251098633,88.0,0.182019910312978
Levofloxacin,gyrA,gyrA_p.Pro17Ser,3) Uncertain significance,p.P17S,0.0,Unknown,17,,71.0,88.0,32.28029251098633,88.0,0.182019910312978
Levofloxacin,gyrA,gyrA_p.Pro275Ala,3) Uncertain significance,p.P275A,0.5,Unknown,275,,181.0,94.0,18.049131393432617,94.0,0.239576152475965
Levofloxacin,gyrA,gyrA_p.Pro472Ser,3) Uncertain significance,p.P472S,0.1351351351351351,Unknown,472,,378.0,94.0,38.39144515991211,94.0,-0.1610643469937135
Levofloxacin,gyrA,gyrA_p.Pro50Arg,3) Uncertain significance,p.P50R,0.0,Unknown,50,,38.0,88.0,9.16452693939209,91.0,1.1651415574718993
Levofloxacin,gyrA,gyrA_p.Pro604Thr,3) Uncertain significance,p.P604T,0.0,Unknown,604,,510.0,94.0,56.34560775756836,94.0,-0.4385016219180652
Levofloxacin,gyrA,gyrA_p.Pro621Leu,3) Uncertain significance,p.P621L,0.0,Unknown,621,,527.0,94.0,66.53038024902344,94.0,-0.5471950781086252
Levofloxacin,gyrA,gyrA_p.Pro66Ala,3) Uncertain significance,p.P66A,0.0,Unknown,66,,22.0,88.0,19.136445999145508,94.0,0.4293825790484342
Levofloxacin,gyrA,gyrA_p.Pro741Ala,3) Uncertain significance,p.P741A,0.0,Unknown,741,,647.0,94.0,88.10747528076172,94.0,-0.5776745274267218
Levofloxacin,gyrA,gyrA_p.Pro7Leu,3) Uncertain significance,p.P7L,0.0,Unknown,7,,81.0,88.0,,,
Levofloxacin,gyrA,gyrA_p.Pro7Ser,3) Uncertain significance,p.P7S,0.0,Unknown,7,,81.0,88.0,,,
Levofloxacin,gyrA,gyrA_p.Pro8Ala,3) Uncertain significance,p.P8A,0.0333333333333333,Unknown,8,,80.0,88.0,,,
Levofloxacin,gyrA,gyrA_p.Pro8Leu,3) Uncertain significance,p.P8L,1.0,Unknown,8,,80.0,88.0,,,
Levofloxacin,gyrA,gyrA_p.Ser104Leu,3) Uncertain significance,p.S104L,0.0,Unknown,104,,10.0,94.0,7.455775260925293,94.0,2.024700979853188
Levofloxacin,gyrA,gyrA_p.Ser168Asn,3) Uncertain significance,p.S168N,0.0,Unknown,168,,74.0,94.0,19.167856216430664,94.0,0.1693910692540877
Levofloxacin,gyrA,gyrA_p.Ser168Thr,3) Uncertain significance,p.S168T,0.0,Unknown,168,,74.0,94.0,19.167856216430664,94.0,0.1693910692540877
Levofloxacin,gyrA,gyrA_p.Ser237Ala,3) Uncertain significance,p.S237A,0.3333333333333333,Unknown,237,,143.0,94.0,30.887956619262695,94.0,-0.1454568213571368
Levofloxacin,gyrA,gyrA_p.Ser237Pro,3) Uncertain significance,p.S237P,0.0,Unknown,237,,143.0,94.0,30.887956619262695,94.0,-0.1454568213571368
Levofloxacin,gyrA,gyrA_p.Ser250Ala,3) Uncertain significance,p.S250A,0.0,Unknown,250,,156.0,94.0,25.937814712524414,94.0,-0.0025505935498576
Levofloxacin,gyrA,gyrA_p.Ser250Tyr,3) Uncertain significance,p.S250Y,0.0,Unknown,250,,156.0,94.0,25.937814712524414,94.0,-0.0025505935498576
Levofloxacin,gyrA,gyrA_p.Ser34Arg,3) Uncertain significance,p.S34R,0.0,Unknown,34,,54.0,88.0,13.198338508605957,91.0,0.6105333886361662
Levofloxacin,gyrA,gyrA_p.Ser411Ala,3) Uncertain significance,p.S411A,0.0,Unknown,411,,317.0,94.0,61.71488952636719,89.0,-0.2071564434534361
Levofloxacin,gyrA,gyrA_p.Ser506Asn,3) Uncertain significance,p.S506N,0.0,Unknown,506,,412.0,94.0,,,
Levofloxacin,gyrA,gyrA_p.Ser536Arg,3) Uncertain significance,p.S536R,0.0,Unknown,536,,442.0,94.0,,,
Levofloxacin,gyrA,gyrA_p.Ser62Phe,3) Uncertain significance,p.S62F,0.0,Unknown,62,,26.0,88.0,14.79455280303955,89.0,0.7301886650500133
Levofloxacin,gyrA,gyrA_p.Ser642Cys,3) Uncertain significance,p.S642C,0.0,Unknown,642,,548.0,94.0,51.33609390258789,94.0,-0.4197149488288243
Levofloxacin,gyrA,gyrA_p.Ser698Leu,3) Uncertain significance,p.S698L,0.0,Unknown,698,,604.0,94.0,67.84275817871094,94.0,-0.5593393604301747
Levofloxacin,gyrA,gyrA_p.Ser69Gly,3) Uncertain significance,p.S69G,0.0,Unknown,69,,19.0,88.0,18.908735275268555,94.0,0.7096829893698167
Levofloxacin,gyrA,gyrA_p.Ser728Ala,3) Uncertain significance,p.S728A,0.0,Unknown,728,,634.0,94.0,84.3860855102539,94.0,-0.5743165229967907
Levofloxacin,gyrA,gyrA_p.Ser772Arg,3) Uncertain significance,p.S772R,0.0,Unknown,772,,678.0,94.0,79.77098846435547,94.0,-0.5808803132291256
Levofloxacin,gyrA,gyrA_p.Ser91Pro,1) Assoc w R,p.S91P,0.8430769230769231,Resistant,91,,1.0,90.0,1.338018774986267,90.0,9.315581619134266
Levofloxacin,gyrA,gyrA_p.Ser95Ala,3) Uncertain significance,p.S95A,0.6666666666666666,Unknown,95,,1.0,94.0,1.3379274606704712,94.0,13.901167324368028
Levofloxacin,gyrA,gyrA_p.Ser95Thr,5) Not assoc w R,p.S95T,0.2129251425567193,Susceptible,95,,1.0,94.0,1.3379274606704712,94.0,13.901167324368028
Levofloxacin,gyrA,gyrA_p.Thr230Ser,3) Uncertain significance,p.T230S,0.0,Unknown,230,,136.0,94.0,15.929771423339844,94.0,0.4519931119256065
Levofloxacin,gyrA,gyrA_p.Thr246Ala,3) Uncertain significance,p.T246A,0.0,Unknown,246,,152.0,94.0,28.59670066833496,94.0,-0.0596135486265918
Levofloxacin,gyrA,gyrA_p.Thr267Ile,3) Uncertain significance,p.T267I,0.3157894736842105,Unknown,267,,173.0,94.0,38.77608108520508,94.0,-0.2466084282523731
Levofloxacin,gyrA,gyrA_p.Thr272Ile,3) Uncertain significance,p.T272I,0.125,Unknown,272,,178.0,94.0,23.698896408081055,94.0,0.0370055201692403
Levofloxacin,gyrA,gyrA_p.Thr339Ser,3) Uncertain significance,p.T339S,0.0,Unknown,339,,245.0,94.0,21.4525089263916,94.0,0.1022322533894514
Levofloxacin,gyrA,gyrA_p.Thr355Ala,3) Uncertain significance,p.T355A,0.0,Unknown,355,,261.0,94.0,24.98784828186035,91.0,0.0307160765088824
Levofloxacin,gyrA,gyrA_p.Thr355Met,3) Uncertain significance,p.T355M,0.0,Unknown,355,,261.0,94.0,24.98784828186035,91.0,0.0307160765088824
Levofloxacin,gyrA,gyrA_p.Thr355Ser,3) Uncertain significance,p.T355S,0.0,Unknown,355,,261.0,94.0,24.98784828186035,91.0,0.0307160765088824
Levofloxacin,gyrA,gyrA_p.Thr377Ile,3) Uncertain significance,p.T377I,0.1666666666666666,Unknown,377,,283.0,94.0,33.64200210571289,91.0,-0.1154523123511669
Levofloxacin,gyrA,gyrA_p.Thr378Asn,3) Uncertain significance,p.T378N,0.0,Unknown,378,,284.0,94.0,35.32975769042969,91.0,-0.1079185865127229
Levofloxacin,gyrA,gyrA_p.Thr378Ile,3) Uncertain significance,p.T378I,0.0,Unknown,378,,284.0,94.0,35.32975769042969,91.0,-0.1079185865127229
Levofloxacin,gyrA,gyrA_p.Thr413Ala,3) Uncertain significance,p.T413A,1.0,Unknown,413,,319.0,94.0,58.08770751953125,89.0,-0.136048347443439
Levofloxacin,gyrA,gyrA_p.Thr563Ser,3) Uncertain significance,p.T563S,0.0,Unknown,563,,469.0,94.0,53.647499084472656,94.0,-0.4868576222903422
Levofloxacin,gyrA,gyrA_p.Thr572Asn,3) Uncertain significance,p.T572N,0.0,Unknown,572,,478.0,94.0,64.39655303955078,94.0,-0.606265384213984
Levofloxacin,gyrA,gyrA_p.Thr590Ala,3) Uncertain significance,p.T590A,0.5,Unknown,590,,496.0,94.0,63.46269226074219,94.0,-0.512986661156672
Levofloxacin,gyrA,gyrA_p.Thr590Met,3) Uncertain significance,p.T590M,0.0,Unknown,590,,496.0,94.0,63.46269226074219,94.0,-0.512986661156672
Levofloxacin,gyrA,gyrA_p.Thr5Ala,3) Uncertain significance,p.T5A,0.2307692307692307,Unknown,5,,83.0,88.0,,,
Levofloxacin,gyrA,gyrA_p.Thr638Asn,3) Uncertain significance,p.T638N,0.0,Unknown,638,,544.0,94.0,58.31991195678711,94.0,-0.4428139325129329
Levofloxacin,gyrA,gyrA_p.Thr638Ile,3) Uncertain significance,p.T638I,0.0,Unknown,638,,544.0,94.0,58.31991195678711,94.0,-0.4428139325129329
Levofloxacin,gyrA,gyrA_p.Thr686Ser,3) Uncertain significance,p.T686S,0.0,Unknown,686,,592.0,94.0,76.86500549316406,94.0,-0.5457479768156787
Levofloxacin,gyrA,gyrA_p.Thr697Ala,3) Uncertain significance,p.T697A,0.0,Unknown,697,,603.0,94.0,64.53288269042969,94.0,-0.4990693747177887
Levofloxacin,gyrA,gyrA_p.Thr735Ser,3) Uncertain significance,p.T735S,0.6666666666666666,Unknown,735,,641.0,94.0,87.64497375488281,94.0,-0.6049573753365792
Levofloxacin,gyrA,gyrA_p.Thr80Ala,5) Not assoc w R,p.T80A,0.048780487804878,Susceptible,80,,8.0,88.0,7.989630699157715,91.0,1.551275903060586
Levofloxacin,gyrA,gyrA_p.Thr836Ala,3) Uncertain significance,p.T836A,0.5,Unknown,836,,742.0,94.0,,,
Levofloxacin,gyrA,gyrA_p.Thr836Arg,3) Uncertain significance,p.T836R,0.1666666666666666,Unknown,836,,742.0,94.0,,,
Levofloxacin,gyrA,gyrA_p.Thr836Lys,3) Uncertain significance,p.T836K,0.0,Unknown,836,,742.0,94.0,,,
Levofloxacin,gyrA,gyrA_p.Thr836Met,3) Uncertain significance,p.T836M,0.0,Unknown,836,,742.0,94.0,,,
Levofloxacin,gyrA,gyrA_p.Tyr276His,3) Uncertain significance,p.Y276H,0.0,Unknown,276,,182.0,94.0,11.95265007019043,94.0,0.7640299051476153
Levofloxacin,gyrA,gyrA_p.Tyr364Asp,3) Uncertain significance,p.Y364D,0.0,Unknown,364,,270.0,94.0,25.8953857421875,91.0,-0.0760116146320308
Levofloxacin,gyrA,gyrA_p.Tyr365His,3) Uncertain significance,p.Y365H,0.0,Unknown,365,,271.0,94.0,23.10360336303711,94.0,-0.0491230493003722
Levofloxacin,gyrA,gyrA_p.Tyr379Cys,3) Uncertain significance,p.Y379C,0.7142857142857143,Unknown,379,,285.0,94.0,31.57634925842285,91.0,-0.0864781775455292
Levofloxacin,gyrA,gyrA_p.Tyr722Cys,3) Uncertain significance,p.Y722C,0.0,Unknown,722,,628.0,94.0,83.32364654541016,94.0,-0.6203444981979704
Levofloxacin,gyrA,gyrA_p.Val223Ile,3) Uncertain significance,p.V223I,0.0,Unknown,223,,129.0,94.0,25.893165588378906,94.0,-0.1029570463222757
Levofloxacin,gyrA,gyrA_p.Val235Ala,3) Uncertain significance,p.V235A,0.0,Unknown,235,,141.0,94.0,28.3734188079834,94.0,-0.1321896276933121
Levofloxacin,gyrA,gyrA_p.Val257Leu,3) Uncertain significance,p.V257L,0.0,Unknown,257,,163.0,94.0,29.447559356689453,94.0,-0.1650678189261742
Levofloxacin,gyrA,gyrA_p.Val278Ile,3) Uncertain significance,p.V278I,0.0,Unknown,278,,184.0,94.0,16.167909622192383,94.0,0.4677300625558906
Levofloxacin,gyrA,gyrA_p.Val310Ile,3) Uncertain significance,p.V310I,0.0,Unknown,310,,216.0,94.0,25.237226486206055,94.0,0.1584458630963959
Levofloxacin,gyrA,gyrA_p.Val326Gly,3) Uncertain significance,p.V326G,0.3333333333333333,Unknown,326,,232.0,94.0,37.29909896850586,94.0,-0.2725391094579146
Levofloxacin,gyrA,gyrA_p.Val326Leu,3) Uncertain significance,p.V326L,0.0,Unknown,326,,232.0,94.0,37.29909896850586,94.0,-0.2725391094579146
Levofloxacin,gyrA,gyrA_p.Val327Leu,3) Uncertain significance,p.V327L,0.0,Unknown,327,,233.0,94.0,34.342681884765625,94.0,-0.2726602807040379
Levofloxacin,gyrA,gyrA_p.Val352Ala,3) Uncertain significance,p.V352A,0.0,Unknown,352,,258.0,94.0,22.762950897216797,91.0,0.1419954538223989
Levofloxacin,gyrA,gyrA_p.Val352Leu,3) Uncertain significance,p.V352L,0.0,Unknown,352,,258.0,94.0,22.762950897216797,91.0,0.1419954538223989
Levofloxacin,gyrA,gyrA_p.Val352Met,3) Uncertain significance,p.V352M,0.0,Unknown,352,,258.0,94.0,22.762950897216797,91.0,0.1419954538223989
Levofloxacin,gyrA,gyrA_p.Val372Ala,3) Uncertain significance,p.V372A,0.0,Unknown,372,,278.0,94.0,25.63888168334961,91.0,-0.0434089415102129
Levofloxacin,gyrA,gyrA_p.Val479Met,3) Uncertain significance,p.V479M,0.0,Unknown,479,,385.0,94.0,29.816251754760742,94.0,-0.1478532843848088
Levofloxacin,gyrA,gyrA_p.Val516Ala,3) Uncertain significance,p.V516A,0.0,Unknown,516,,422.0,94.0,57.342708587646484,94.0,-0.5145828659108472
Levofloxacin,gyrA,gyrA_p.Val517Leu,3) Uncertain significance,p.V517L,0.0,Unknown,517,,423.0,94.0,61.22702407836914,94.0,-0.5524147225880566
Levofloxacin,gyrA,gyrA_p.Val51Ala,3) Uncertain significance,p.V51A,0.0,Unknown,51,,37.0,88.0,4.27570915222168,91.0,2.647943183632532
Levofloxacin,gyrA,gyrA_p.Val544Leu,3) Uncertain significance,p.V544L,0.0,Unknown,544,,450.0,94.0,,,
Levofloxacin,gyrA,gyrA_p.Val596Met,3) Uncertain significance,p.V596M,1.0,Unknown,596,,502.0,94.0,54.61967849731445,94.0,-0.5615537295515836
Levofloxacin,gyrA,gyrA_p.Val624Leu,3) Uncertain significance,p.V624L,0.6,Unknown,624,,530.0,94.0,69.12218475341797,94.0,-0.6648313533292187
Levofloxacin,gyrA,gyrA_p.Val649Met,3) Uncertain significance,p.V649M,0.0,Unknown,649,,555.0,94.0,57.380958557128906,94.0,-0.5234080103274793
Levofloxacin,gyrA,gyrA_p.Val651Ala,3) Uncertain significance,p.V651A,0.0,Unknown,651,,557.0,94.0,63.3299674987793,94.0,-0.601889752188603
Levofloxacin,gyrA,gyrA_p.Val651Ile,3) Uncertain significance,p.V651I,0.0,Unknown,651,,557.0,94.0,63.3299674987793,94.0,-0.601889752188603
Levofloxacin,gyrA,gyrA_p.Val674Ile,3) Uncertain significance,p.V674I,0.0,Unknown,674,,580.0,94.0,80.0544662475586,94.0,-0.6796161854414002
Levofloxacin,gyrA,gyrA_p.Val716Phe,3) Uncertain significance,p.V716F,0.0,Unknown,716,,622.0,94.0,74.44306182861328,94.0,-0.6687126774434081
Levofloxacin,gyrA,gyrA_p.Val742Leu,3) Uncertain significance,p.V742L,0.0,Unknown,742,,648.0,94.0,85.94048309326172,94.0,-0.5607824189972218
Levofloxacin,gyrA,gyrA_p.Val750Ala,3) Uncertain significance,p.V750A,0.0,Unknown,750,,656.0,94.0,88.86416625976562,94.0,-0.6024958506736692
Levofloxacin,gyrA,gyrA_p.Val768Ala,3) Uncertain significance,p.V768A,0.0,Unknown,768,,674.0,94.0,80.72611236572266,94.0,-0.6503214868931555
Levofloxacin,gyrA,gyrA_p.Val783Leu,3) Uncertain significance,p.V783L,0.0,Unknown,783,,689.0,94.0,76.34589385986328,94.0,-0.6366235905028558
Levofloxacin,gyrA,gyrA_p.Val783Met,3) Uncertain significance,p.V783M,0.0,Unknown,783,,689.0,94.0,76.34589385986328,94.0,-0.6366235905028558
Moxifloxacin,gyrA,gyrA_p.Ala126Glu,3) Uncertain significance,p.A126E,0.25,Unknown,126,,32.0,94.0,9.073441505432129,89.0,2.157523746330908
Moxifloxacin,gyrA,gyrA_p.Ala126Ser,3) Uncertain significance,p.A126S,0.0,Unknown,126,,32.0,94.0,9.073441505432129,89.0,2.157523746330908
Moxifloxacin,gyrA,gyrA_p.Ala126Val,3) Uncertain significance,p.A126V,0.0,Unknown,126,,32.0,94.0,9.073441505432129,89.0,2.157523746330908
Moxifloxacin,gyrA,gyrA_p.Ala186Thr,3) Uncertain significance,p.A186T,0.0,Unknown,186,,92.0,94.0,18.09138298034668,91.0,0.3960118933408357
Moxifloxacin,gyrA,gyrA_p.Ala198Gly,3) Uncertain significance,p.A198G,0.0,Unknown,198,,104.0,94.0,26.46380043029785,94.0,-0.0909682020142653
Moxifloxacin,gyrA,gyrA_p.Ala210Val,3) Uncertain significance,p.A210V,0.0,Unknown,210,,116.0,94.0,38.31009292602539,94.0,-0.1515923185722539
Moxifloxacin,gyrA,gyrA_p.Ala217Val,3) Uncertain significance,p.A217V,0.0,Unknown,217,,123.0,94.0,35.303062438964844,94.0,-0.1880126334231954
Moxifloxacin,gyrA,gyrA_p.Ala288Asp,3) Uncertain significance,p.A288D,0.5714285714285714,Unknown,288,,194.0,94.0,27.944087982177734,94.0,0.0357525075458383
Moxifloxacin,gyrA,gyrA_p.Ala288Val,3) Uncertain significance,p.A288V,0.0,Unknown,288,,194.0,94.0,27.944087982177734,94.0,0.0357525075458383
Moxifloxacin,gyrA,gyrA_p.Ala297Gly,3) Uncertain significance,p.A297G,0.0,Unknown,297,,203.0,94.0,37.022403717041016,94.0,-0.2243193402995907
Moxifloxacin,gyrA,gyrA_p.Ala322Glu,3) Uncertain significance,p.A322E,0.0,Unknown,322,,228.0,94.0,41.43617248535156,94.0,-0.2777454265812637
Moxifloxacin,gyrA,gyrA_p.Ala322Ser,3) Uncertain significance,p.A322S,0.0,Unknown,322,,228.0,94.0,41.43617248535156,94.0,-0.2777454265812637
Moxifloxacin,gyrA,gyrA_p.Ala324Gly,3) Uncertain significance,p.A324G,0.0,Unknown,324,,230.0,94.0,37.42470932006836,94.0,-0.2385701476800047
Moxifloxacin,gyrA,gyrA_p.Ala324Val,3) Uncertain significance,p.A324V,0.0,Unknown,324,,230.0,94.0,37.42470932006836,94.0,-0.2385701476800047
Moxifloxacin,gyrA,gyrA_p.Ala347Ser,3) Uncertain significance,p.A347S,1.0,Unknown,347,,253.0,94.0,19.536849975585938,91.0,0.2076528441893084
Moxifloxacin,gyrA,gyrA_p.Ala347Thr,3) Uncertain significance,p.A347T,0.0,Unknown,347,,253.0,94.0,19.536849975585938,91.0,0.2076528441893084
Moxifloxacin,gyrA,gyrA_p.Ala347Val,3) Uncertain significance,p.A347V,0.0,Unknown,347,,253.0,94.0,19.536849975585938,91.0,0.2076528441893084
Moxifloxacin,gyrA,gyrA_p.Ala384Val,5) Not assoc w R,p.A384V,0.042487684729064,Susceptible,384,,290.0,94.0,39.79084014892578,91.0,-0.1773427095815685
Moxifloxacin,gyrA,gyrA_p.Ala400Val,3) Uncertain significance,p.A400V,0.0,Unknown,400,,306.0,94.0,62.46976089477539,91.0,-0.2573471408530863
Moxifloxacin,gyrA,gyrA_p.Ala406Pro,3) Uncertain significance,p.A406P,0.0,Unknown,406,,312.0,94.0,64.90367889404297,89.0,-0.238317586048195
Moxifloxacin,gyrA,gyrA_p.Ala406Val,3) Uncertain significance,p.A406V,0.0,Unknown,406,,312.0,94.0,64.90367889404297,89.0,-0.238317586048195
Moxifloxacin,gyrA,gyrA_p.Ala410Val,3) Uncertain significance,p.A410V,0.0,Unknown,410,,316.0,94.0,65.08860778808594,89.0,-0.1715838464771505
Moxifloxacin,gyrA,gyrA_p.Ala432Gly,3) Uncertain significance,p.A432G,0.0,Unknown,432,,338.0,94.0,52.31071853637695,89.0,-0.2544703998147029
Moxifloxacin,gyrA,gyrA_p.Ala432Val,3) Uncertain significance,p.A432V,0.0,Unknown,432,,338.0,94.0,52.31071853637695,89.0,-0.2544703998147029
Moxifloxacin,gyrA,gyrA_p.Ala445Val,3) Uncertain significance,p.A445V,0.0,Unknown,445,,351.0,94.0,58.39780807495117,91.0,-0.1926845569462565
Moxifloxacin,gyrA,gyrA_p.Ala456Val,3) Uncertain significance,p.A456V,0.0,Unknown,456,,362.0,94.0,49.47525405883789,91.0,-0.2185564701123141
Moxifloxacin,gyrA,gyrA_p.Ala463Ser,5) Not assoc w R,p.A463S,0.2922374429223744,Susceptible,463,,369.0,94.0,45.465980529785156,91.0,-0.1645510106764149
Moxifloxacin,gyrA,gyrA_p.Ala500Glu,3) Uncertain significance,p.A500E,0.0,Unknown,500,,406.0,94.0,34.25212860107422,94.0,-0.1768170836674084
Moxifloxacin,gyrA,gyrA_p.Ala501Val,3) Uncertain significance,p.A501V,0.0,Unknown,501,,407.0,94.0,,,
Moxifloxacin,gyrA,gyrA_p.Ala512Gly,3) Uncertain significance,p.A512G,0.5,Unknown,512,,418.0,94.0,49.431358337402344,94.0,-0.4347357631523289
Moxifloxacin,gyrA,gyrA_p.Ala512Thr,3) Uncertain significance,p.A512T,0.0,Unknown,512,,418.0,94.0,49.431358337402344,94.0,-0.4347357631523289
Moxifloxacin,gyrA,gyrA_p.Ala579Val,3) Uncertain significance,p.A579V,0.5,Unknown,579,,485.0,94.0,53.56090545654297,94.0,-0.5439287930369828
Moxifloxacin,gyrA,gyrA_p.Ala591Val,3) Uncertain significance,p.A591V,0.5,Unknown,591,,497.0,94.0,59.80522537231445,94.0,-0.4351930591763079
Moxifloxacin,gyrA,gyrA_p.Ala626Val,3) Uncertain significance,p.A626V,0.0,Unknown,626,,532.0,94.0,70.927978515625,94.0,-0.6712520798756312
Moxifloxacin,gyrA,gyrA_p.Ala662Val,3) Uncertain significance,p.A662V,0.0,Unknown,662,,568.0,94.0,66.94966888427734,94.0,-0.662768087271558
Moxifloxacin,gyrA,gyrA_p.Ala667Val,3) Uncertain significance,p.A667V,0.0,Unknown,667,,573.0,94.0,74.10757446289062,94.0,-0.5568617459390575
Moxifloxacin,gyrA,gyrA_p.Ala676Asp,3) Uncertain significance,p.A676D,0.0,Unknown,676,,582.0,94.0,81.54816436767578,94.0,-0.653490317238154
Moxifloxacin,gyrA,gyrA_p.Ala676Val,3) Uncertain significance,p.A676V,0.5714285714285714,Unknown,676,,582.0,94.0,81.54816436767578,94.0,-0.653490317238154
Moxifloxacin,gyrA,gyrA_p.Ala689Val,3) Uncertain significance,p.A689V,1.0,Unknown,689,,595.0,94.0,78.49171447753906,94.0,-0.5584274501752557
Moxifloxacin,gyrA,gyrA_p.Ala696Thr,3) Uncertain significance,p.A696T,0.0,Unknown,696,,602.0,94.0,60.892948150634766,94.0,-0.4835817617853674
Moxifloxacin,gyrA,gyrA_p.Ala696Val,3) Uncertain significance,p.A696V,0.0,Unknown,696,,602.0,94.0,60.892948150634766,94.0,-0.4835817617853674
Moxifloxacin,gyrA,gyrA_p.Ala71Thr,3) Uncertain significance,p.A71T,0.0,Unknown,71,,17.0,88.0,13.360891342163086,94.0,1.1050900093226863
Moxifloxacin,gyrA,gyrA_p.Ala736Thr,3) Uncertain significance,p.A736T,0.5,Unknown,736,,642.0,94.0,88.58604431152344,94.0,-0.5858423466687823
Moxifloxacin,gyrA,gyrA_p.Ala736Val,3) Uncertain significance,p.A736V,0.0,Unknown,736,,642.0,94.0,88.58604431152344,94.0,-0.5858423466687823
Moxifloxacin,gyrA,gyrA_p.Ala74Ser,3) Uncertain significance,p.A74S,0.8333333333333334,Unknown,74,,14.0,88.0,7.60066556930542,89.0,1.8048126095866823
Moxifloxacin,gyrA,gyrA_p.Ala74Thr,3) Uncertain significance,p.A74T,0.0,Unknown,74,,14.0,88.0,7.60066556930542,89.0,1.8048126095866823
Moxifloxacin,gyrA,gyrA_p.Ala74Val,3) Uncertain significance,p.A74V,0.0,Unknown,74,,14.0,88.0,7.60066556930542,89.0,1.8048126095866823
Moxifloxacin,gyrA,gyrA_p.Ala787Gly,3) Uncertain significance,p.A787G,0.0,Unknown,787,,693.0,94.0,84.15000915527344,94.0,-0.5557269279278881
Moxifloxacin,gyrA,gyrA_p.Ala814Thr,3) Uncertain significance,p.A814T,0.0,Unknown,814,,720.0,94.0,76.29295349121094,94.0,-0.6441183616481176
Moxifloxacin,gyrA,gyrA_p.Ala90Glu,3) Uncertain significance,p.A90E,0.5,Unknown,90,,1.0,89.0,1.337156891822815,89.0,8.260000615984259
Moxifloxacin,gyrA,gyrA_p.Ala90Gly,4) Not assoc w R - Interim,p.A90G,0.0,Susceptible,90,,1.0,89.0,1.337156891822815,89.0,8.260000615984259
Moxifloxacin,gyrA,gyrA_p.Ala90Val,1) Assoc w R,p.A90V,0.6143344709897611,Resistant,90,,1.0,89.0,1.337156891822815,89.0,8.260000615984259
Moxifloxacin,gyrA,gyrA_p.Arg106Cys,3) Uncertain significance,p.R106C,0.0,Unknown,106,,12.0,94.0,13.386296272277832,94.0,0.643669730833312
Moxifloxacin,gyrA,gyrA_p.Arg128Lys,3) Uncertain significance,p.R128K,1.0,Unknown,128,,34.0,94.0,9.043848991394043,89.0,1.806761209539358
Moxifloxacin,gyrA,gyrA_p.Arg14Leu,3) Uncertain significance,p.R14L,0.0,Unknown,14,,74.0,88.0,31.782554626464844,88.0,0.2256989758287303
Moxifloxacin,gyrA,gyrA_p.Arg195Gly,3) Uncertain significance,p.R195G,0.0,Unknown,195,,101.0,94.0,24.964811325073242,94.0,-0.0147119131804082
Moxifloxacin,gyrA,gyrA_p.Arg252Gly,3) Uncertain significance,p.R252G,0.0,Unknown,252,,158.0,94.0,25.63391876220703,94.0,-0.112450989650654
Moxifloxacin,gyrA,gyrA_p.Arg252Leu,3) Uncertain significance,p.R252L,0.0266666666666666,Unknown,252,,158.0,94.0,25.63391876220703,94.0,-0.112450989650654
Moxifloxacin,gyrA,gyrA_p.Arg254Cys,3) Uncertain significance,p.R254C,0.0,Unknown,254,,160.0,94.0,25.125389099121094,94.0,-0.1352038178952343
Moxifloxacin,gyrA,gyrA_p.Arg254Leu,3) Uncertain significance,p.R254L,0.0,Unknown,254,,160.0,94.0,25.125389099121094,94.0,-0.1352038178952343
Moxifloxacin,gyrA,gyrA_p.Arg26Cys,3) Uncertain significance,p.R26C,0.0,Unknown,26,,62.0,88.0,22.10114288330078,88.0,0.2581103514983382
Moxifloxacin,gyrA,gyrA_p.Arg26His,3) Uncertain significance,p.R26H,0.0,Unknown,26,,62.0,88.0,22.10114288330078,88.0,0.2581103514983382
Moxifloxacin,gyrA,gyrA_p.Arg292Gly,3) Uncertain significance,p.R292G,0.6,Unknown,292,,198.0,94.0,29.114442825317383,94.0,0.1485743740024161
Moxifloxacin,gyrA,gyrA_p.Arg292Leu,3) Uncertain significance,p.R292L,1.0,Unknown,292,,198.0,94.0,29.114442825317383,94.0,0.1485743740024161
Moxifloxacin,gyrA,gyrA_p.Arg309Gln,3) Uncertain significance,p.R309Q,0.0,Unknown,309,,215.0,94.0,24.38450813293457,94.0,0.2749960558658701
Moxifloxacin,gyrA,gyrA_p.Arg309Trp,3) Uncertain significance,p.R309W,1.0,Unknown,309,,215.0,94.0,24.38450813293457,94.0,0.2749960558658701
Moxifloxacin,gyrA,gyrA_p.Arg375Gln,3) Uncertain significance,p.R375Q,0.0,Unknown,375,,281.0,94.0,26.803617477416992,91.0,-0.0309409699660762
Moxifloxacin,gyrA,gyrA_p.Arg380Gly,3) Uncertain significance,p.R380G,0.0,Unknown,380,,286.0,94.0,31.57330894470215,94.0,-0.0879586074141734
Moxifloxacin,gyrA,gyrA_p.Arg387Gln,3) Uncertain significance,p.R387Q,0.0,Unknown,387,,293.0,94.0,42.639408111572266,91.0,-0.1644442196722684
Moxifloxacin,gyrA,gyrA_p.Arg392Cys,3) Uncertain significance,p.R392C,1.0,Unknown,392,,298.0,94.0,48.85494613647461,91.0,-0.28870874054056
Moxifloxacin,gyrA,gyrA_p.Arg392His,3) Uncertain significance,p.R392H,0.0,Unknown,392,,298.0,94.0,48.85494613647461,91.0,-0.28870874054056
Moxifloxacin,gyrA,gyrA_p.Arg409Gln,3) Uncertain significance,p.R409Q,0.0,Unknown,409,,315.0,94.0,63.000511169433594,89.0,-0.2108037585159639
Moxifloxacin,gyrA,gyrA_p.Arg450Ser,3) Uncertain significance,p.R450S,1.0,Unknown,450,,356.0,94.0,46.51251220703125,94.0,-0.130671189776567
Moxifloxacin,gyrA,gyrA_p.Arg480Cys,3) Uncertain significance,p.R480C,0.0,Unknown,480,,386.0,94.0,31.429615020751953,94.0,-0.1198881352541212
Moxifloxacin,gyrA,gyrA_p.Arg489Lys,3) Uncertain significance,p.R489K,0.0,Unknown,489,,395.0,94.0,24.25897789001465,94.0,0.1232693213994715
Moxifloxacin,gyrA,gyrA_p.Arg489Ser,3) Uncertain significance,p.R489S,0.0,Unknown,489,,395.0,94.0,24.25897789001465,94.0,0.1232693213994715
Moxifloxacin,gyrA,gyrA_p.Arg495Cys,3) Uncertain significance,p.R495C,0.0,Unknown,495,,401.0,94.0,17.65097999572754,94.0,0.2712808551837755
Moxifloxacin,gyrA,gyrA_p.Arg497Trp,3) Uncertain significance,p.R497W,0.0,Unknown,497,,403.0,94.0,26.180021286010742,94.0,-0.109922938266706
Moxifloxacin,gyrA,gyrA_p.Arg513Cys,3) Uncertain significance,p.R513C,0.0,Unknown,513,,419.0,94.0,52.36040496826172,94.0,-0.4092517193781456
Moxifloxacin,gyrA,gyrA_p.Arg578Gln,3) Uncertain significance,p.R578Q,0.2727272727272727,Unknown,578,,484.0,94.0,50.24750518798828,94.0,-0.5230686474203292
Moxifloxacin,gyrA,gyrA_p.Arg592Cys,3) Uncertain significance,p.R592C,1.0,Unknown,592,,498.0,94.0,60.35345458984375,94.0,-0.5161212295733545
Moxifloxacin,gyrA,gyrA_p.Arg607Cys,3) Uncertain significance,p.R607C,0.0,Unknown,607,,513.0,94.0,62.54037094116211,94.0,-0.619699363938011
Moxifloxacin,gyrA,gyrA_p.Arg607His,3) Uncertain significance,p.R607H,0.2,Unknown,607,,513.0,94.0,62.54037094116211,94.0,-0.619699363938011
Moxifloxacin,gyrA,gyrA_p.Arg615Gly,3) Uncertain significance,p.R615G,0.0,Unknown,615,,521.0,94.0,57.39466094970703,94.0,-0.5081645086796277
Moxifloxacin,gyrA,gyrA_p.Arg615His,3) Uncertain significance,p.R615H,0.0,Unknown,615,,521.0,94.0,57.39466094970703,94.0,-0.5081645086796277
Moxifloxacin,gyrA,gyrA_p.Arg615Leu,3) Uncertain significance,p.R615L,0.0,Unknown,615,,521.0,94.0,57.39466094970703,94.0,-0.5081645086796277
Moxifloxacin,gyrA,gyrA_p.Arg65His,3) Uncertain significance,p.R65H,0.0,Unknown,65,,23.0,88.0,18.774795532226562,94.0,0.4030609227010147
Moxifloxacin,gyrA,gyrA_p.Arg68Cys,3) Uncertain significance,p.R68C,0.0,Unknown,68,,20.0,88.0,20.43398666381836,94.0,0.4463597101736262
Moxifloxacin,gyrA,gyrA_p.Arg68Gly,3) Uncertain significance,p.R68G,0.0,Unknown,68,,20.0,88.0,20.43398666381836,94.0,0.4463597101736262
Moxifloxacin,gyrA,gyrA_p.Arg68Ser,3) Uncertain significance,p.R68S,0.0,Unknown,68,,20.0,88.0,20.43398666381836,94.0,0.4463597101736262
Moxifloxacin,gyrA,gyrA_p.Arg718Cys,3) Uncertain significance,p.R718C,1.0,Unknown,718,,624.0,94.0,73.8483657836914,94.0,-0.6671421554670928
Moxifloxacin,gyrA,gyrA_p.Arg789Gly,3) Uncertain significance,p.R789G,0.0,Unknown,789,,695.0,94.0,86.50627899169922,94.0,-0.5301656529441308
Moxifloxacin,gyrA,gyrA_p.Arg789His,3) Uncertain significance,p.R789H,0.0,Unknown,789,,695.0,94.0,86.50627899169922,94.0,-0.5301656529441308
Moxifloxacin,gyrA,gyrA_p.Asn193Ser,3) Uncertain significance,p.N193S,0.0697674418604651,Unknown,193,,99.0,94.0,21.899105072021484,94.0,0.0402775007315858
Moxifloxacin,gyrA,gyrA_p.Asn282Lys,3) Uncertain significance,p.N282K,0.4444444444444444,Unknown,282,,188.0,94.0,15.683998107910156,94.0,0.6751575584738786
Moxifloxacin,gyrA,gyrA_p.Asn301Thr,3) Uncertain significance,p.N301T,0.0,Unknown,301,,207.0,94.0,32.722801208496094,94.0,-0.0918613528719396
Moxifloxacin,gyrA,gyrA_p.Asn629Lys,3) Uncertain significance,p.N629K,0.0,Unknown,629,,535.0,94.0,74.45835876464844,94.0,-0.6013510765587887
Moxifloxacin,gyrA,gyrA_p.Asn818Asp,3) Uncertain significance,p.N818D,0.0,Unknown,818,,724.0,94.0,,,
Moxifloxacin,gyrA,gyrA_p.Asn826Asp,3) Uncertain significance,p.N826D,0.0,Unknown,826,,732.0,94.0,,,
Moxifloxacin,gyrA,gyrA_p.Asn826His,3) Uncertain significance,p.N826H,0.0,Unknown,826,,732.0,94.0,,,
Moxifloxacin,gyrA,gyrA_p.Asn826Ile,3) Uncertain significance,p.N826I,0.0,Unknown,826,,732.0,94.0,,,
Moxifloxacin,gyrA,gyrA_p.Asn831Lys,3) Uncertain significance,p.N831K,0.0,Unknown,831,,737.0,94.0,,,
Moxifloxacin,gyrA,gyrA_p.Asp111Gly,3) Uncertain significance,p.D111G,0.0,Unknown,111,,17.0,94.0,12.150193214416504,94.0,1.0222688194912442
Moxifloxacin,gyrA,gyrA_p.Asp209Gly,3) Uncertain significance,p.D209G,0.0,Unknown,209,,115.0,94.0,39.6208381652832,94.0,-0.1249105071577102
Moxifloxacin,gyrA,gyrA_p.Asp211Glu,3) Uncertain significance,p.D211E,0.0,Unknown,211,,117.0,94.0,37.394134521484375,94.0,-0.1421537582025145
Moxifloxacin,gyrA,gyrA_p.Asp211Gly,3) Uncertain significance,p.D211G,0.0,Unknown,211,,117.0,94.0,37.394134521484375,94.0,-0.1421537582025145
Moxifloxacin,gyrA,gyrA_p.Asp242Asn,3) Uncertain significance,p.D242N,0.0,Unknown,242,,148.0,94.0,29.169797897338867,94.0,-0.1314827331159235
Moxifloxacin,gyrA,gyrA_p.Asp262Val,3) Uncertain significance,p.D262V,0.0,Unknown,262,,168.0,94.0,40.73386001586914,94.0,-0.1566718987592688
Moxifloxacin,gyrA,gyrA_p.Asp293Tyr,3) Uncertain significance,p.D293Y,0.0,Unknown,293,,199.0,94.0,30.974849700927734,94.0,0.1191711028425887
Moxifloxacin,gyrA,gyrA_p.Asp30Asn,3) Uncertain significance,p.D30N,0.0,Unknown,30,,58.0,88.0,17.44861602783203,88.0,0.4014914236199811
Moxifloxacin,gyrA,gyrA_p.Asp367Glu,3) Uncertain significance,p.D367E,0.0,Unknown,367,,273.0,94.0,28.804529190063477,91.0,-0.0972424803903544
Moxifloxacin,gyrA,gyrA_p.Asp367His,3) Uncertain significance,p.D367H,0.0,Unknown,367,,273.0,94.0,28.804529190063477,91.0,-0.0972424803903544
Moxifloxacin,gyrA,gyrA_p.Asp415Asn,3) Uncertain significance,p.D415N,0.0,Unknown,415,,321.0,94.0,53.16868209838867,88.0,-0.1566341438456024
Moxifloxacin,gyrA,gyrA_p.Asp415Phe,3) Uncertain significance,p.D415F,0.0,Unknown,415,,321.0,94.0,53.16868209838867,88.0,-0.1566341438456024
Moxifloxacin,gyrA,gyrA_p.Asp437Gly,3) Uncertain significance,p.D437G,0.0,Unknown,437,,343.0,94.0,47.4321403503418,89.0,-0.1892364861904133
Moxifloxacin,gyrA,gyrA_p.Asp464Glu,3) Uncertain significance,p.D464E,0.0,Unknown,464,,370.0,94.0,41.21837615966797,94.0,-0.1381055041139825
Moxifloxacin,gyrA,gyrA_p.Asp467Glu,3) Uncertain significance,p.D467E,0.0,Unknown,467,,373.0,94.0,42.987770080566406,91.0,-0.1483849044547666
Moxifloxacin,gyrA,gyrA_p.Asp467His,3) Uncertain significance,p.D467H,0.0,Unknown,467,,373.0,94.0,42.987770080566406,91.0,-0.1483849044547666
Moxifloxacin,gyrA,gyrA_p.Asp481Ala,3) Uncertain significance,p.D481A,0.0,Unknown,481,,387.0,94.0,31.403505325317383,94.0,-0.1059694340810085
Moxifloxacin,gyrA,gyrA_p.Asp481Glu,3) Uncertain significance,p.D481E,0.0,Unknown,481,,387.0,94.0,31.403505325317383,94.0,-0.1059694340810085
Moxifloxacin,gyrA,gyrA_p.Asp481Gly,3) Uncertain significance,p.D481G,0.0,Unknown,481,,387.0,94.0,31.403505325317383,94.0,-0.1059694340810085
Moxifloxacin,gyrA,gyrA_p.Asp488Ala,3) Uncertain significance,p.D488A,0.0,Unknown,488,,394.0,94.0,27.59185791015625,94.0,0.0307106866562562
Moxifloxacin,gyrA,gyrA_p.Asp488Glu,3) Uncertain significance,p.D488E,0.0,Unknown,488,,394.0,94.0,27.59185791015625,94.0,0.0307106866562562
Moxifloxacin,gyrA,gyrA_p.Asp493His,3) Uncertain significance,p.D493H,0.0,Unknown,493,,399.0,94.0,23.978662490844727,94.0,0.1581023530378403
Moxifloxacin,gyrA,gyrA_p.Asp504Glu,3) Uncertain significance,p.D504E,0.0,Unknown,504,,410.0,94.0,,,
Moxifloxacin,gyrA,gyrA_p.Asp507His,3) Uncertain significance,p.D507H,0.0,Unknown,507,,413.0,94.0,,,
Moxifloxacin,gyrA,gyrA_p.Asp509Asn,3) Uncertain significance,p.D509N,0.0,Unknown,509,,415.0,94.0,,,
Moxifloxacin,gyrA,gyrA_p.Asp515Asn,3) Uncertain significance,p.D515N,0.0,Unknown,515,,421.0,94.0,58.68141174316406,94.0,-0.4896762508787833
Moxifloxacin,gyrA,gyrA_p.Asp515Glu,3) Uncertain significance,p.D515E,1.0,Unknown,515,,421.0,94.0,58.68141174316406,94.0,-0.4896762508787833
Moxifloxacin,gyrA,gyrA_p.Asp532Asn,3) Uncertain significance,p.D532N,0.0,Unknown,532,,438.0,94.0,,,
Moxifloxacin,gyrA,gyrA_p.Asp552Gly,3) Uncertain significance,p.D552G,0.0,Unknown,552,,458.0,94.0,,,
Moxifloxacin,gyrA,gyrA_p.Asp583Glu,3) Uncertain significance,p.D583E,0.0,Unknown,583,,489.0,94.0,48.91679382324219,94.0,-0.517207162530097
Moxifloxacin,gyrA,gyrA_p.Asp639Ala,3) Uncertain significance,p.D639A,0.0,Unknown,639,,545.0,94.0,58.024234771728516,94.0,-0.4598205211018796
Moxifloxacin,gyrA,gyrA_p.Asp639Gly,3) Uncertain significance,p.D639G,0.0,Unknown,639,,545.0,94.0,58.024234771728516,94.0,-0.4598205211018796
Moxifloxacin,gyrA,gyrA_p.Asp641Glu,3) Uncertain significance,p.D641E,0.0,Unknown,641,,547.0,94.0,53.70458984375,94.0,-0.465750518290312
Moxifloxacin,gyrA,gyrA_p.Asp641Tyr,3) Uncertain significance,p.D641Y,0.0,Unknown,641,,547.0,94.0,53.70458984375,94.0,-0.465750518290312
Moxifloxacin,gyrA,gyrA_p.Asp687Asn,3) Uncertain significance,p.D687N,0.0,Unknown,687,,593.0,94.0,73.27037048339844,94.0,-0.5193369775337644
Moxifloxacin,gyrA,gyrA_p.Asp770Gly,3) Uncertain significance,p.D770G,0.0,Unknown,770,,676.0,94.0,84.32471466064453,94.0,-0.5403297503496952
Moxifloxacin,gyrA,gyrA_p.Asp810Glu,3) Uncertain significance,p.D810E,1.0,Unknown,810,,716.0,94.0,83.59858703613281,94.0,-0.4826739080470281
Moxifloxacin,gyrA,gyrA_p.Asp824Asn,3) Uncertain significance,p.D824N,0.0,Unknown,824,,730.0,94.0,,,
Moxifloxacin,gyrA,gyrA_p.Asp824Glu,3) Uncertain significance,p.D824E,0.0,Unknown,824,,730.0,94.0,,,
Moxifloxacin,gyrA,gyrA_p.Asp825Glu,3) Uncertain significance,p.D825E,0.0,Unknown,825,,731.0,94.0,,,
Moxifloxacin,gyrA,gyrA_p.Asp829Glu,3) Uncertain significance,p.D829E,0.0,Unknown,829,,735.0,94.0,,,
Moxifloxacin,gyrA,gyrA_p.Asp89Asn,1) Assoc w R,p.D89N,0.7692307692307693,Resistant,89,,1.0,88.0,1.3279434442520142,88.0,9.090754515029404
Moxifloxacin,gyrA,gyrA_p.Asp89Gly,3) Uncertain significance,p.D89G,1.0,Unknown,89,,1.0,88.0,1.3279434442520142,88.0,9.090754515029404
Moxifloxacin,gyrA,gyrA_p.Asp94Ala,1) Assoc w R,p.D94A,0.6027713625866051,Resistant,94,,3.0,91.0,2.8821237087249756,90.0,7.160029910827358
Moxifloxacin,gyrA,gyrA_p.Asp94Asn,1) Assoc w R,p.D94N,0.8481375358166189,Resistant,94,,3.0,91.0,2.8821237087249756,90.0,7.160029910827358
Moxifloxacin,gyrA,gyrA_p.Asp94Gly,1) Assoc w R,p.D94G,0.8668032786885246,Resistant,94,,3.0,91.0,2.8821237087249756,90.0,7.160029910827358
Moxifloxacin,gyrA,gyrA_p.Asp94His,1) Assoc w R,p.D94H,0.8333333333333334,Resistant,94,,3.0,91.0,2.8821237087249756,90.0,7.160029910827358
Moxifloxacin,gyrA,gyrA_p.Asp94Phe,3) Uncertain significance,p.D94F,1.0,Unknown,94,,3.0,91.0,2.8821237087249756,90.0,7.160029910827358
Moxifloxacin,gyrA,gyrA_p.Asp94Tyr,1) Assoc w R,p.D94Y,0.8260869565217391,Resistant,94,,3.0,91.0,2.8821237087249756,90.0,7.160029910827358
Moxifloxacin,gyrA,gyrA_p.Asp94Val,3) Uncertain significance,p.D94V,0.5,Unknown,94,,3.0,91.0,2.8821237087249756,90.0,7.160029910827358
Moxifloxacin,gyrA,gyrA_p.Gln113Glu,3) Uncertain significance,p.Q113E,0.0,Unknown,113,,19.0,94.0,13.165925025939941,94.0,1.0503737418605772
Moxifloxacin,gyrA,gyrA_p.Gln22His,3) Uncertain significance,p.Q22H,0.0,Unknown,22,,66.0,88.0,27.14604377746582,88.0,0.2102028145760931
Moxifloxacin,gyrA,gyrA_p.Gln25Glu,3) Uncertain significance,p.Q25E,0.0,Unknown,25,,63.0,88.0,24.283435821533203,88.0,0.2195846040098999
Moxifloxacin,gyrA,gyrA_p.Gln277Arg,3) Uncertain significance,p.Q277R,0.0,Unknown,277,,183.0,94.0,12.30675220489502,94.0,0.9203051808102048
Moxifloxacin,gyrA,gyrA_p.Gln290Arg,3) Uncertain significance,p.Q290R,0.0,Unknown,290,,196.0,94.0,27.69057273864746,94.0,0.0430522108116898
Moxifloxacin,gyrA,gyrA_p.Gln290His,3) Uncertain significance,p.Q290H,0.0,Unknown,290,,196.0,94.0,27.69057273864746,94.0,0.0430522108116898
Moxifloxacin,gyrA,gyrA_p.Gln305Arg,3) Uncertain significance,p.Q305R,0.0,Unknown,305,,211.0,94.0,26.021223068237305,94.0,0.0765019558990573
Moxifloxacin,gyrA,gyrA_p.Gln336Lys,3) Uncertain significance,p.Q336K,0.0,Unknown,336,,242.0,94.0,20.079435348510742,94.0,0.2101278594176349
Moxifloxacin,gyrA,gyrA_p.Gln475Pro,3) Uncertain significance,p.Q475P,0.0,Unknown,475,,381.0,94.0,34.49814987182617,94.0,-0.13726590248074
Moxifloxacin,gyrA,gyrA_p.Gln573Arg,3) Uncertain significance,p.Q573R,0.0,Unknown,573,,479.0,94.0,60.25438690185547,94.0,-0.5666226883757775
Moxifloxacin,gyrA,gyrA_p.Gln594Arg,3) Uncertain significance,p.Q594R,1.0,Unknown,594,,500.0,94.0,51.116050720214844,94.0,-0.4968914146407189
Moxifloxacin,gyrA,gyrA_p.Gln603His,3) Uncertain significance,p.Q603H,0.0,Unknown,603,,509.0,94.0,53.697998046875,94.0,-0.4479925180115158
Moxifloxacin,gyrA,gyrA_p.Gln613Glu,5) Not assoc w R,p.Q613E,0.0393013100436681,Susceptible,613,,519.0,94.0,62.07742691040039,94.0,-0.632997090956088
Moxifloxacin,gyrA,gyrA_p.Gln679His,3) Uncertain significance,p.Q679H,0.0,Unknown,679,,585.0,94.0,84.70552825927734,94.0,-0.6359492774062359
Moxifloxacin,gyrA,gyrA_p.Gln679Lys,3) Uncertain significance,p.Q679K,0.0,Unknown,679,,585.0,94.0,84.70552825927734,94.0,-0.6359492774062359
Moxifloxacin,gyrA,gyrA_p.Gln743His,3) Uncertain significance,p.Q743H,0.0,Unknown,743,,649.0,94.0,85.24482727050781,94.0,-0.5740459743050038
Moxifloxacin,gyrA,gyrA_p.Gln790Glu,3) Uncertain significance,p.Q790E,0.0,Unknown,790,,696.0,94.0,87.28685760498047,94.0,-0.5522280932015812
Moxifloxacin,gyrA,gyrA_p.Gln797Pro,3) Uncertain significance,p.Q797P,0.0,Unknown,797,,703.0,94.0,94.32481384277344,94.0,-0.5801289095528532
Moxifloxacin,gyrA,gyrA_p.Glu140Gly,3) Uncertain significance,p.E140G,0.0,Unknown,140,,46.0,94.0,19.982595443725586,94.0,0.1943829093478415
Moxifloxacin,gyrA,gyrA_p.Glu148Asp,3) Uncertain significance,p.E148D,0.0,Unknown,148,,54.0,94.0,27.51700782775879,91.0,-0.0147220247943051
Moxifloxacin,gyrA,gyrA_p.Glu214Asp,3) Uncertain significance,p.E214D,0.2222222222222222,Unknown,214,,120.0,94.0,37.12063980102539,94.0,-0.162287253068166
Moxifloxacin,gyrA,gyrA_p.Glu21Gln,5) Not assoc w R,p.E21Q,0.1778521991515963,Susceptible,21,,67.0,88.0,28.657791137695312,88.0,0.1930583250108392
Moxifloxacin,gyrA,gyrA_p.Glu21His,3) Uncertain significance,p.E21H,0.0,Unknown,21,,67.0,88.0,28.657791137695312,88.0,0.1930583250108392
Moxifloxacin,gyrA,gyrA_p.Glu289Asp,3) Uncertain significance,p.E289D,0.56,Unknown,289,,195.0,94.0,25.059850692749023,94.0,0.3679300499506635
Moxifloxacin,gyrA,gyrA_p.Glu289Gln,3) Uncertain significance,p.E289Q,0.0,Unknown,289,,195.0,94.0,25.059850692749023,94.0,0.3679300499506635
Moxifloxacin,gyrA,gyrA_p.Glu303Lys,3) Uncertain significance,p.E303K,1.0,Unknown,303,,209.0,94.0,27.779644012451172,94.0,0.0436509646371905
Moxifloxacin,gyrA,gyrA_p.Glu317Gly,3) Uncertain significance,p.E317G,0.0,Unknown,317,,223.0,94.0,34.3866081237793,94.0,-0.1784929691723926
Moxifloxacin,gyrA,gyrA_p.Glu386Val,3) Uncertain significance,p.E386V,0.0,Unknown,386,,292.0,94.0,38.4501838684082,91.0,-0.1466248363419759
Moxifloxacin,gyrA,gyrA_p.Glu412Ala,3) Uncertain significance,p.E412A,0.0,Unknown,412,,318.0,94.0,60.752811431884766,89.0,-0.1438238356902374
Moxifloxacin,gyrA,gyrA_p.Glu412Gly,3) Uncertain significance,p.E412G,0.0,Unknown,412,,318.0,94.0,60.752811431884766,89.0,-0.1438238356902374
Moxifloxacin,gyrA,gyrA_p.Glu429Ala,3) Uncertain significance,p.E429A,0.0,Unknown,429,,335.0,94.0,49.27300262451172,88.0,-0.2027811206370802
Moxifloxacin,gyrA,gyrA_p.Glu459Ala,3) Uncertain significance,p.E459A,0.0,Unknown,459,,365.0,94.0,47.34919357299805,91.0,-0.2047037758734537
Moxifloxacin,gyrA,gyrA_p.Glu459Lys,3) Uncertain significance,p.E459K,0.0,Unknown,459,,365.0,94.0,47.34919357299805,91.0,-0.2047037758734537
Moxifloxacin,gyrA,gyrA_p.Glu466Ala,3) Uncertain significance,p.E466A,0.0,Unknown,466,,372.0,94.0,42.52700424194336,91.0,-0.1568832316016508
Moxifloxacin,gyrA,gyrA_p.Glu508Ala,3) Uncertain significance,p.E508A,0.0,Unknown,508,,414.0,94.0,,,
Moxifloxacin,gyrA,gyrA_p.Glu514Gln,3) Uncertain significance,p.E514Q,0.0,Unknown,514,,420.0,94.0,54.26095962524414,94.0,-0.4653320788031976
Moxifloxacin,gyrA,gyrA_p.Glu719Gln,3) Uncertain significance,p.E719Q,0.0,Unknown,719,,625.0,94.0,82.79846954345703,94.0,-0.5614706409477541
Moxifloxacin,gyrA,gyrA_p.Glu738Asp,3) Uncertain significance,p.E738D,1.0,Unknown,738,,644.0,94.0,87.78013610839844,94.0,-0.5546773589723358
Moxifloxacin,gyrA,gyrA_p.Glu739Gln,3) Uncertain significance,p.E739Q,0.3333333333333333,Unknown,739,,645.0,94.0,90.64872741699219,94.0,-0.5820507050518984
Moxifloxacin,gyrA,gyrA_p.Glu79Asp,3) Uncertain significance,p.E79D,0.0,Unknown,79,,9.0,88.0,9.223285675048828,89.0,1.2185200366569426
Moxifloxacin,gyrA,gyrA_p.Glu79Lys,3) Uncertain significance,p.E79K,0.0,Unknown,79,,9.0,88.0,9.223285675048828,89.0,1.2185200366569426
Moxifloxacin,gyrA,gyrA_p.Glu808Ala,3) Uncertain significance,p.E808A,0.0,Unknown,808,,714.0,94.0,87.97513580322266,94.0,-0.4088424715402138
Moxifloxacin,gyrA,gyrA_p.Glu808Gln,3) Uncertain significance,p.E808Q,0.0,Unknown,808,,714.0,94.0,87.97513580322266,94.0,-0.4088424715402138
Moxifloxacin,gyrA,gyrA_p.Gly112Cys,3) Uncertain significance,p.G112C,0.0,Unknown,112,,18.0,94.0,11.504048347473145,94.0,1.261020261160059
Moxifloxacin,gyrA,gyrA_p.Gly158Ser,3) Uncertain significance,p.G158S,0.0,Unknown,158,,64.0,94.0,17.161462783813477,88.0,0.4777052713962595
Moxifloxacin,gyrA,gyrA_p.Gly236Val,3) Uncertain significance,p.G236V,0.5,Unknown,236,,142.0,94.0,29.905330657958984,94.0,-0.1440683555546267
Moxifloxacin,gyrA,gyrA_p.Gly247Ser,5) Not assoc w R,p.G247S,0.1428571428571428,Susceptible,247,,153.0,94.0,24.446937561035156,94.0,0.0462437377200881
Moxifloxacin,gyrA,gyrA_p.Gly265Ser,3) Uncertain significance,p.G265S,0.0,Unknown,265,,171.0,94.0,44.520668029785156,94.0,-0.202745454548092
Moxifloxacin,gyrA,gyrA_p.Gly294Ala,3) Uncertain significance,p.G294A,0.0,Unknown,294,,200.0,94.0,35.58393096923828,94.0,-0.0721501400349091
Moxifloxacin,gyrA,gyrA_p.Gly311Ala,3) Uncertain significance,p.G311A,0.0,Unknown,311,,217.0,94.0,22.843324661254883,94.0,0.1962443085899843
Moxifloxacin,gyrA,gyrA_p.Gly351Ala,3) Uncertain significance,p.G351A,0.0,Unknown,351,,257.0,94.0,21.497150421142578,91.0,0.2132555850753493
Moxifloxacin,gyrA,gyrA_p.Gly477Glu,3) Uncertain significance,p.G477E,0.0,Unknown,477,,383.0,94.0,34.99519348144531,94.0,-0.1173090175202989
Moxifloxacin,gyrA,gyrA_p.Gly503Arg,3) Uncertain significance,p.G503R,0.0,Unknown,503,,409.0,94.0,,,
Moxifloxacin,gyrA,gyrA_p.Gly503Val,3) Uncertain significance,p.G503V,0.0,Unknown,503,,409.0,94.0,,,
Moxifloxacin,gyrA,gyrA_p.Gly548Arg,3) Uncertain significance,p.G548R,0.0,Unknown,548,,454.0,94.0,,,
Moxifloxacin,gyrA,gyrA_p.Gly63Ala,3) Uncertain significance,p.G63A,0.0,Unknown,63,,25.0,88.0,18.544761657714844,89.0,0.504414110505052
Moxifloxacin,gyrA,gyrA_p.Gly63Arg,3) Uncertain significance,p.G63R,0.0,Unknown,63,,25.0,88.0,18.544761657714844,89.0,0.504414110505052
Moxifloxacin,gyrA,gyrA_p.Gly646Ser,3) Uncertain significance,p.G646S,0.0,Unknown,646,,552.0,94.0,49.46616744995117,94.0,-0.4597503660346716
Moxifloxacin,gyrA,gyrA_p.Gly668Asp,5) Not assoc w R,p.G668D,0.1838770298270129,Susceptible,668,,574.0,94.0,76.7954330444336,94.0,-0.5428690965694535
Moxifloxacin,gyrA,gyrA_p.Gly694Ala,3) Uncertain significance,p.G694A,0.0,Unknown,694,,600.0,94.0,63.85573959350586,94.0,-0.5091292179622214
Moxifloxacin,gyrA,gyrA_p.Gly702Ser,3) Uncertain significance,p.G702S,0.0,Unknown,702,,608.0,94.0,78.08464050292969,94.0,-0.6126248666125045
Moxifloxacin,gyrA,gyrA_p.Gly729Arg,3) Uncertain significance,p.G729R,0.0,Unknown,729,,635.0,94.0,87.01028442382812,94.0,-0.5476424884255741
Moxifloxacin,gyrA,gyrA_p.Gly744Ala,3) Uncertain significance,p.G744A,0.0,Unknown,744,,650.0,94.0,84.54456329345703,94.0,-0.5604867159752569
Moxifloxacin,gyrA,gyrA_p.Gly780Cys,3) Uncertain significance,p.G780C,0.0,Unknown,780,,686.0,94.0,,,
Moxifloxacin,gyrA,gyrA_p.Gly795Arg,3) Uncertain significance,p.G795R,0.0,Unknown,795,,701.0,94.0,93.61307525634766,94.0,-0.569572844011262
Moxifloxacin,gyrA,gyrA_p.Gly823Cys,3) Uncertain significance,p.G823C,0.0,Unknown,823,,729.0,94.0,,,
Moxifloxacin,gyrA,gyrA_p.Gly823Ser,3) Uncertain significance,p.G823S,0.0,Unknown,823,,729.0,94.0,,,
Moxifloxacin,gyrA,gyrA_p.Gly832Arg,3) Uncertain significance,p.G832R,0.0,Unknown,832,,738.0,94.0,,,
Moxifloxacin,gyrA,gyrA_p.Gly88Ala,2) Assoc w R - Interim,p.G88A,0.4583333333333333,Resistant,88,,1.0,89.0,1.3279434442520142,89.0,4.985668978923239
Moxifloxacin,gyrA,gyrA_p.Gly88Asp,3) Uncertain significance,p.G88D,1.0,Unknown,88,,1.0,89.0,1.3279434442520142,89.0,4.985668978923239
Moxifloxacin,gyrA,gyrA_p.Gly88Cys,1) Assoc w R,p.G88C,0.868421052631579,Resistant,88,,1.0,89.0,1.3279434442520142,89.0,4.985668978923239
Moxifloxacin,gyrA,gyrA_p.His192Gln,3) Uncertain significance,p.H192Q,0.0,Unknown,192,,98.0,94.0,19.111160278320312,94.0,0.0801710533228087
Moxifloxacin,gyrA,gyrA_p.His334Tyr,3) Uncertain significance,p.H334Y,0.0,Unknown,334,,240.0,94.0,28.30568504333496,94.0,-0.1091730338878694
Moxifloxacin,gyrA,gyrA_p.His368Gln,3) Uncertain significance,p.H368Q,0.0,Unknown,368,,274.0,94.0,22.65278434753418,91.0,0.0183915792518657
Moxifloxacin,gyrA,gyrA_p.His389Pro,3) Uncertain significance,p.H389P,0.3333333333333333,Unknown,389,,295.0,94.0,46.893524169921875,91.0,-0.2272921816547064
Moxifloxacin,gyrA,gyrA_p.His490Arg,3) Uncertain significance,p.H490R,1.0,Unknown,490,,396.0,94.0,21.230262756347656,94.0,0.1678770385099769
Moxifloxacin,gyrA,gyrA_p.His490Asn,3) Uncertain significance,p.H490N,0.0,Unknown,490,,396.0,94.0,21.230262756347656,94.0,0.1678770385099769
Moxifloxacin,gyrA,gyrA_p.His490Tyr,3) Uncertain significance,p.H490Y,0.0,Unknown,490,,396.0,94.0,21.230262756347656,94.0,0.1678770385099769
Moxifloxacin,gyrA,gyrA_p.His557Arg,3) Uncertain significance,p.H557R,0.0,Unknown,557,,463.0,94.0,65.87834167480469,94.0,-0.6812510179059511
Moxifloxacin,gyrA,gyrA_p.His70Arg,3) Uncertain significance,p.H70R,0.75,Unknown,70,,18.0,88.0,15.489860534667969,94.0,0.7809481736919353
Moxifloxacin,gyrA,gyrA_p.Ile153Met,3) Uncertain significance,p.I153M,0.0,Unknown,153,,59.0,94.0,17.56351089477539,91.0,0.4335401482310879
Moxifloxacin,gyrA,gyrA_p.Ile15Val,3) Uncertain significance,p.I15V,0.0,Unknown,15,,73.0,88.0,32.82111358642578,88.0,0.2178953071668513
Moxifloxacin,gyrA,gyrA_p.Ile189Met,3) Uncertain significance,p.I189M,0.0,Unknown,189,,95.0,94.0,15.861623764038086,94.0,0.3267163272115468
Moxifloxacin,gyrA,gyrA_p.Ile189Val,3) Uncertain significance,p.I189V,0.0,Unknown,189,,95.0,94.0,15.861623764038086,94.0,0.3267163272115468
Moxifloxacin,gyrA,gyrA_p.Ile284Val,3) Uncertain significance,p.I284V,0.0,Unknown,284,,190.0,94.0,22.749265670776367,94.0,0.1921864202447252
Moxifloxacin,gyrA,gyrA_p.Ile314Val,3) Uncertain significance,p.I314V,0.0,Unknown,314,,220.0,94.0,23.457889556884766,94.0,0.043252726552256
Moxifloxacin,gyrA,gyrA_p.Ile328Leu,3) Uncertain significance,p.I328L,1.0,Unknown,328,,234.0,94.0,32.82732391357422,94.0,-0.2440759154595953
Moxifloxacin,gyrA,gyrA_p.Ile348Val,3) Uncertain significance,p.I348V,0.0,Unknown,348,,254.0,94.0,17.97431182861328,91.0,0.2511974804856133
Moxifloxacin,gyrA,gyrA_p.Ile390Thr,3) Uncertain significance,p.I390T,0.0,Unknown,390,,296.0,94.0,45.824649810791016,91.0,-0.2107126429614841
Moxifloxacin,gyrA,gyrA_p.Ile427Val,3) Uncertain significance,p.I427V,0.0,Unknown,427,,333.0,94.0,54.61369705200195,91.0,-0.2777609847319321
Moxifloxacin,gyrA,gyrA_p.Ile452Thr,3) Uncertain significance,p.I452T,0.0,Unknown,452,,358.0,94.0,52.54533767700195,91.0,-0.2021337888796651
Moxifloxacin,gyrA,gyrA_p.Ile462Val,3) Uncertain significance,p.I462V,0.375,Unknown,462,,368.0,94.0,43.970523834228516,91.0,-0.1895425936932944
Moxifloxacin,gyrA,gyrA_p.Ile520Leu,3) Uncertain significance,p.I520L,0.0,Unknown,520,,426.0,94.0,61.665977478027344,94.0,-0.6127537730211282
Moxifloxacin,gyrA,gyrA_p.Ile554Val,3) Uncertain significance,p.I554V,0.0,Unknown,554,,460.0,94.0,68.47028350830078,94.0,-0.6733977415199257
Moxifloxacin,gyrA,gyrA_p.Ile707Val,3) Uncertain significance,p.I707V,0.0,Unknown,707,,613.0,94.0,85.45703125,94.0,-0.511049481073999
Moxifloxacin,gyrA,gyrA_p.Ile815Met,3) Uncertain significance,p.I815M,0.0,Unknown,815,,721.0,94.0,76.79058837890625,94.0,-0.6764799742232291
Moxifloxacin,gyrA,gyrA_p.Ile92Val,3) Uncertain significance,p.I92V,1.0,Unknown,92,,1.0,91.0,1.3347588777542114,91.0,7.258670063630436
Moxifloxacin,gyrA,gyrA_p.Leu105Arg,3) Uncertain significance,p.L105R,0.25,Unknown,105,,11.0,94.0,9.104860305786133,94.0,1.3398753041580664
Moxifloxacin,gyrA,gyrA_p.Leu12Phe,3) Uncertain significance,p.L12F,0.0,Unknown,12,,76.0,88.0,,,
Moxifloxacin,gyrA,gyrA_p.Leu134Met,3) Uncertain significance,p.L134M,0.0,Unknown,134,,40.0,94.0,13.61401081085205,94.0,0.7649000169067313
Moxifloxacin,gyrA,gyrA_p.Leu142Val,3) Uncertain significance,p.L142V,0.0,Unknown,142,,48.0,94.0,16.740983963012695,94.0,0.4060863752310423
Moxifloxacin,gyrA,gyrA_p.Leu205Val,3) Uncertain significance,p.L205V,0.0,Unknown,205,,111.0,94.0,32.022640228271484,94.0,-0.1641432839164468
Moxifloxacin,gyrA,gyrA_p.Leu296Pro,3) Uncertain significance,p.L296P,0.0,Unknown,296,,202.0,94.0,31.20811653137207,94.0,-0.1293941048859483
Moxifloxacin,gyrA,gyrA_p.Leu346Val,3) Uncertain significance,p.L346V,0.1111111111111111,Unknown,346,,252.0,94.0,18.675695419311523,91.0,0.2717928430061868
Moxifloxacin,gyrA,gyrA_p.Leu398Phe,3) Uncertain significance,p.L398F,0.125,Unknown,398,,304.0,94.0,55.923553466796875,91.0,-0.2760014945842275
Moxifloxacin,gyrA,gyrA_p.Leu401Val,3) Uncertain significance,p.L401V,0.0,Unknown,401,,307.0,94.0,60.57696533203125,89.0,-0.2576064794825092
Moxifloxacin,gyrA,gyrA_p.Leu425Phe,3) Uncertain significance,p.L425F,0.0,Unknown,425,,331.0,94.0,58.523929595947266,91.0,-0.2878638189647094
Moxifloxacin,gyrA,gyrA_p.Leu455Arg,3) Uncertain significance,p.L455R,1.0,Unknown,455,,361.0,94.0,49.06293869018555,91.0,-0.2061520376714401
Moxifloxacin,gyrA,gyrA_p.Leu455Val,3) Uncertain significance,p.L455V,0.0,Unknown,455,,361.0,94.0,49.06293869018555,91.0,-0.2061520376714401
Moxifloxacin,gyrA,gyrA_p.Leu465Gln,3) Uncertain significance,p.L465Q,0.0,Unknown,465,,371.0,94.0,38.3166389465332,91.0,-0.1470040983997429
Moxifloxacin,gyrA,gyrA_p.Leu549Val,3) Uncertain significance,p.L549V,0.0,Unknown,549,,455.0,94.0,,,
Moxifloxacin,gyrA,gyrA_p.Leu566Trp,3) Uncertain significance,p.L566W,0.0,Unknown,566,,472.0,94.0,54.301849365234375,94.0,-0.539553589393886
Moxifloxacin,gyrA,gyrA_p.Leu653Val,3) Uncertain significance,p.L653V,0.5,Unknown,653,,559.0,94.0,65.9639663696289,94.0,-0.5910783537866999
Moxifloxacin,gyrA,gyrA_p.Leu659Val,3) Uncertain significance,p.L659V,0.0,Unknown,659,,565.0,94.0,65.8094711303711,94.0,-0.6727564208941614
Moxifloxacin,gyrA,gyrA_p.Leu671Val,3) Uncertain significance,p.L671V,0.0,Unknown,671,,577.0,94.0,75.4770736694336,94.0,-0.672209487460197
Moxifloxacin,gyrA,gyrA_p.Leu711Met,3) Uncertain significance,p.L711M,0.1111111111111111,Unknown,711,,617.0,94.0,75.70500946044922,94.0,-0.6872591931635632
Moxifloxacin,gyrA,gyrA_p.Leu724Val,3) Uncertain significance,p.L724V,0.0,Unknown,724,,630.0,94.0,82.67432403564453,94.0,-0.6649402923625537
Moxifloxacin,gyrA,gyrA_p.Leu766Ser,3) Uncertain significance,p.L766S,0.0,Unknown,766,,672.0,94.0,76.60830688476562,94.0,-0.7002058728013243
Moxifloxacin,gyrA,gyrA_p.Leu812Val,3) Uncertain significance,p.L812V,1.0,Unknown,812,,718.0,94.0,81.37896728515625,94.0,-0.6060415457889845
Moxifloxacin,gyrA,gyrA_p.Lys224Glu,3) Uncertain significance,p.K224E,0.0,Unknown,224,,130.0,94.0,28.168333053588867,94.0,-0.144642043539526
Moxifloxacin,gyrA,gyrA_p.Lys319Asn,3) Uncertain significance,p.K319N,0.0,Unknown,319,,225.0,94.0,40.132713317871094,94.0,-0.2596244169192241
Moxifloxacin,gyrA,gyrA_p.Lys319Glu,3) Uncertain significance,p.K319E,0.6666666666666666,Unknown,319,,225.0,94.0,40.132713317871094,94.0,-0.2596244169192241
Moxifloxacin,gyrA,gyrA_p.Lys319Thr,3) Uncertain significance,p.K319T,1.0,Unknown,319,,225.0,94.0,40.132713317871094,94.0,-0.2596244169192241
Moxifloxacin,gyrA,gyrA_p.Lys333Asn,3) Uncertain significance,p.K333N,0.0,Unknown,333,,239.0,94.0,30.915069580078125,94.0,-0.1781348716913732
Moxifloxacin,gyrA,gyrA_p.Lys633Arg,3) Uncertain significance,p.K633R,0.0,Unknown,633,,539.0,94.0,65.33683013916016,94.0,-0.6144723768051917
Moxifloxacin,gyrA,gyrA_p.Lys636Asn,3) Uncertain significance,p.K636N,0.0,Unknown,636,,542.0,94.0,63.13890075683594,94.0,-0.5141999908064365
Moxifloxacin,gyrA,gyrA_p.Lys636Glu,3) Uncertain significance,p.K636E,0.0,Unknown,636,,542.0,94.0,63.13890075683594,94.0,-0.5141999908064365
Moxifloxacin,gyrA,gyrA_p.Lys636Thr,3) Uncertain significance,p.K636T,0.0,Unknown,636,,542.0,94.0,63.13890075683594,94.0,-0.5141999908064365
Moxifloxacin,gyrA,gyrA_p.Lys799Arg,3) Uncertain significance,p.K799R,0.0,Unknown,799,,705.0,94.0,92.47029876708984,94.0,-0.5803850338945721
Moxifloxacin,gyrA,gyrA_p.Met141Ile,3) Uncertain significance,p.M141I,0.0,Unknown,141,,47.0,94.0,16.11647605895996,94.0,0.3524903717246477
Moxifloxacin,gyrA,gyrA_p.Met141Thr,3) Uncertain significance,p.M141T,0.0,Unknown,141,,47.0,94.0,16.11647605895996,94.0,0.3524903717246477
Moxifloxacin,gyrA,gyrA_p.Met141Val,3) Uncertain significance,p.M141V,0.0,Unknown,141,,47.0,94.0,16.11647605895996,94.0,0.3524903717246477
Moxifloxacin,gyrA,gyrA_p.Met220Arg,3) Uncertain significance,p.M220R,1.0,Unknown,220,,126.0,94.0,31.6028995513916,94.0,-0.2111988768669783
Moxifloxacin,gyrA,gyrA_p.Met438Ile,3) Uncertain significance,p.M438I,0.0,Unknown,438,,344.0,94.0,51.55867004394531,89.0,-0.2489513364525587
Moxifloxacin,gyrA,gyrA_p.Met703Val,3) Uncertain significance,p.M703V,0.0,Unknown,703,,609.0,94.0,79.97343444824219,94.0,-0.635860915328252
Moxifloxacin,gyrA,gyrA_p.Met804Val,3) Uncertain significance,p.M804V,0.0,Unknown,804,,710.0,94.0,83.58082580566406,94.0,-0.567792004113223
Moxifloxacin,gyrA,gyrA_p.Met99Ile,3) Uncertain significance,p.M99I,0.0,Unknown,99,,5.0,94.0,5.0607428550720215,94.0,2.9806933968708966
Moxifloxacin,gyrA,gyrA_p.Phe152Leu,3) Uncertain significance,p.F152L,0.0,Unknown,152,,58.0,94.0,20.649948120117188,91.0,0.2468515516722095
Moxifloxacin,gyrA,gyrA_p.Phe228Leu,3) Uncertain significance,p.F228L,0.0,Unknown,228,,134.0,94.0,17.879714965820312,94.0,0.1837544187316048
Moxifloxacin,gyrA,gyrA_p.Phe569Cys,3) Uncertain significance,p.F569C,0.0,Unknown,569,,475.0,94.0,57.402950286865234,94.0,-0.6434272587361223
Moxifloxacin,gyrA,gyrA_p.Phe640Val,3) Uncertain significance,p.F640V,0.0,Unknown,640,,546.0,94.0,56.31093215942383,94.0,-0.5307228805119981
Moxifloxacin,gyrA,gyrA_p.Phe683Leu,3) Uncertain significance,p.F683L,0.0,Unknown,683,,589.0,94.0,78.4023666381836,94.0,-0.639509333211253
Moxifloxacin,gyrA,gyrA_p.Phe683Val,3) Uncertain significance,p.F683V,0.0,Unknown,683,,589.0,94.0,78.4023666381836,94.0,-0.639509333211253
Moxifloxacin,gyrA,gyrA_p.Phe705Leu,3) Uncertain significance,p.F705L,0.0,Unknown,705,,611.0,94.0,79.4574203491211,94.0,-0.6179911466256457
Moxifloxacin,gyrA,gyrA_p.Pro102Leu,3) Uncertain significance,p.P102L,1.0,Unknown,102,,8.0,94.0,11.016132354736328,94.0,1.1464757705451958
Moxifloxacin,gyrA,gyrA_p.Pro108Ser,3) Uncertain significance,p.P108S,0.0,Unknown,108,,14.0,94.0,11.78748893737793,94.0,0.939093874855218
Moxifloxacin,gyrA,gyrA_p.Pro119Leu,3) Uncertain significance,p.P119L,0.0,Unknown,119,,25.0,94.0,13.031582832336426,94.0,0.9304554554451054
Moxifloxacin,gyrA,gyrA_p.Pro123Gln,3) Uncertain significance,p.P123Q,0.0,Unknown,123,,29.0,94.0,7.865209102630615,94.0,2.378252289256519
Moxifloxacin,gyrA,gyrA_p.Pro154Arg,3) Uncertain significance,p.P154R,0.0,Unknown,154,,60.0,94.0,17.199970245361328,88.0,0.4369096121152022
Moxifloxacin,gyrA,gyrA_p.Pro154Leu,3) Uncertain significance,p.P154L,0.0,Unknown,154,,60.0,94.0,17.199970245361328,88.0,0.4369096121152022
Moxifloxacin,gyrA,gyrA_p.Pro17Leu,3) Uncertain significance,p.P17L,0.0,Unknown,17,,71.0,88.0,32.28029251098633,88.0,0.182019910312978
Moxifloxacin,gyrA,gyrA_p.Pro17Ser,3) Uncertain significance,p.P17S,0.0,Unknown,17,,71.0,88.0,32.28029251098633,88.0,0.182019910312978
Moxifloxacin,gyrA,gyrA_p.Pro275Ala,3) Uncertain significance,p.P275A,0.0,Unknown,275,,181.0,94.0,18.049131393432617,94.0,0.239576152475965
Moxifloxacin,gyrA,gyrA_p.Pro472Ser,3) Uncertain significance,p.P472S,0.1176470588235294,Unknown,472,,378.0,94.0,38.39144515991211,94.0,-0.1610643469937135
Moxifloxacin,gyrA,gyrA_p.Pro50Arg,3) Uncertain significance,p.P50R,0.0,Unknown,50,,38.0,88.0,9.16452693939209,91.0,1.1651415574718993
Moxifloxacin,gyrA,gyrA_p.Pro621Leu,3) Uncertain significance,p.P621L,0.0,Unknown,621,,527.0,94.0,66.53038024902344,94.0,-0.5471950781086252
Moxifloxacin,gyrA,gyrA_p.Pro66Ala,3) Uncertain significance,p.P66A,0.0,Unknown,66,,22.0,88.0,19.136445999145508,94.0,0.4293825790484342
Moxifloxacin,gyrA,gyrA_p.Pro741Ala,3) Uncertain significance,p.P741A,0.0,Unknown,741,,647.0,94.0,88.10747528076172,94.0,-0.5776745274267218
Moxifloxacin,gyrA,gyrA_p.Pro7Leu,3) Uncertain significance,p.P7L,0.0,Unknown,7,,81.0,88.0,,,
Moxifloxacin,gyrA,gyrA_p.Pro7Ser,3) Uncertain significance,p.P7S,0.0,Unknown,7,,81.0,88.0,,,
Moxifloxacin,gyrA,gyrA_p.Pro8Ala,3) Uncertain significance,p.P8A,0.0333333333333333,Unknown,8,,80.0,88.0,,,
Moxifloxacin,gyrA,gyrA_p.Pro8Leu,3) Uncertain significance,p.P8L,0.0,Unknown,8,,80.0,88.0,,,
Moxifloxacin,gyrA,gyrA_p.Ser104Leu,3) Uncertain significance,p.S104L,0.0,Unknown,104,,10.0,94.0,7.455775260925293,94.0,2.024700979853188
Moxifloxacin,gyrA,gyrA_p.Ser168Thr,3) Uncertain significance,p.S168T,0.0,Unknown,168,,74.0,94.0,19.167856216430664,94.0,0.1693910692540877
Moxifloxacin,gyrA,gyrA_p.Ser237Ala,3) Uncertain significance,p.S237A,0.0,Unknown,237,,143.0,94.0,30.887956619262695,94.0,-0.1454568213571368
Moxifloxacin,gyrA,gyrA_p.Ser237Pro,3) Uncertain significance,p.S237P,0.0,Unknown,237,,143.0,94.0,30.887956619262695,94.0,-0.1454568213571368
Moxifloxacin,gyrA,gyrA_p.Ser250Ala,3) Uncertain significance,p.S250A,0.0,Unknown,250,,156.0,94.0,25.937814712524414,94.0,-0.0025505935498576
Moxifloxacin,gyrA,gyrA_p.Ser250Tyr,3) Uncertain significance,p.S250Y,0.0,Unknown,250,,156.0,94.0,25.937814712524414,94.0,-0.0025505935498576
Moxifloxacin,gyrA,gyrA_p.Ser411Ala,3) Uncertain significance,p.S411A,0.0,Unknown,411,,317.0,94.0,61.71488952636719,89.0,-0.2071564434534361
Moxifloxacin,gyrA,gyrA_p.Ser506Asn,3) Uncertain significance,p.S506N,0.0,Unknown,506,,412.0,94.0,,,
Moxifloxacin,gyrA,gyrA_p.Ser536Arg,3) Uncertain significance,p.S536R,0.0,Unknown,536,,442.0,94.0,,,
Moxifloxacin,gyrA,gyrA_p.Ser62Phe,3) Uncertain significance,p.S62F,0.0,Unknown,62,,26.0,88.0,14.79455280303955,89.0,0.7301886650500133
Moxifloxacin,gyrA,gyrA_p.Ser642Cys,3) Uncertain significance,p.S642C,0.0,Unknown,642,,548.0,94.0,51.33609390258789,94.0,-0.4197149488288243
Moxifloxacin,gyrA,gyrA_p.Ser645Leu,3) Uncertain significance,p.S645L,0.0,Unknown,645,,551.0,94.0,46.54490661621094,94.0,-0.4883343729951625
Moxifloxacin,gyrA,gyrA_p.Ser680Ala,3) Uncertain significance,p.S680A,0.0,Unknown,680,,586.0,94.0,85.08631134033203,94.0,-0.6182058952844645
Moxifloxacin,gyrA,gyrA_p.Ser698Leu,3) Uncertain significance,p.S698L,0.2,Unknown,698,,604.0,94.0,67.84275817871094,94.0,-0.5593393604301747
Moxifloxacin,gyrA,gyrA_p.Ser69Gly,3) Uncertain significance,p.S69G,0.0,Unknown,69,,19.0,88.0,18.908735275268555,94.0,0.7096829893698167
Moxifloxacin,gyrA,gyrA_p.Ser728Ala,3) Uncertain significance,p.S728A,0.0,Unknown,728,,634.0,94.0,84.3860855102539,94.0,-0.5743165229967907
Moxifloxacin,gyrA,gyrA_p.Ser91Pro,1) Assoc w R,p.S91P,0.720164609053498,Resistant,91,,1.0,90.0,1.338018774986267,90.0,9.315581619134266
Moxifloxacin,gyrA,gyrA_p.Ser95Ala,3) Uncertain significance,p.S95A,0.5714285714285714,Unknown,95,,1.0,94.0,1.3379274606704712,94.0,13.901167324368028
Moxifloxacin,gyrA,gyrA_p.Ser95Thr,5) Not assoc w R,p.S95T,0.1772329416316069,Susceptible,95,,1.0,94.0,1.3379274606704712,94.0,13.901167324368028
Moxifloxacin,gyrA,gyrA_p.Thr230Ser,3) Uncertain significance,p.T230S,0.0,Unknown,230,,136.0,94.0,15.929771423339844,94.0,0.4519931119256065
Moxifloxacin,gyrA,gyrA_p.Thr267Ile,3) Uncertain significance,p.T267I,0.1333333333333333,Unknown,267,,173.0,94.0,38.77608108520508,94.0,-0.2466084282523731
Moxifloxacin,gyrA,gyrA_p.Thr272Ile,3) Uncertain significance,p.T272I,0.1428571428571428,Unknown,272,,178.0,94.0,23.698896408081055,94.0,0.0370055201692403
Moxifloxacin,gyrA,gyrA_p.Thr339Ser,3) Uncertain significance,p.T339S,0.0,Unknown,339,,245.0,94.0,21.4525089263916,94.0,0.1022322533894514
Moxifloxacin,gyrA,gyrA_p.Thr355Ala,3) Uncertain significance,p.T355A,0.0,Unknown,355,,261.0,94.0,24.98784828186035,91.0,0.0307160765088824
Moxifloxacin,gyrA,gyrA_p.Thr355Met,3) Uncertain significance,p.T355M,0.0,Unknown,355,,261.0,94.0,24.98784828186035,91.0,0.0307160765088824
Moxifloxacin,gyrA,gyrA_p.Thr377Ile,3) Uncertain significance,p.T377I,0.0,Unknown,377,,283.0,94.0,33.64200210571289,91.0,-0.1154523123511669
Moxifloxacin,gyrA,gyrA_p.Thr378Ile,3) Uncertain significance,p.T378I,0.0,Unknown,378,,284.0,94.0,35.32975769042969,91.0,-0.1079185865127229
Moxifloxacin,gyrA,gyrA_p.Thr413Ala,3) Uncertain significance,p.T413A,0.0,Unknown,413,,319.0,94.0,58.08770751953125,89.0,-0.136048347443439
Moxifloxacin,gyrA,gyrA_p.Thr563Ser,3) Uncertain significance,p.T563S,0.0,Unknown,563,,469.0,94.0,53.647499084472656,94.0,-0.4868576222903422
Moxifloxacin,gyrA,gyrA_p.Thr572Asn,3) Uncertain significance,p.T572N,0.0,Unknown,572,,478.0,94.0,64.39655303955078,94.0,-0.606265384213984
Moxifloxacin,gyrA,gyrA_p.Thr590Ala,3) Uncertain significance,p.T590A,0.5,Unknown,590,,496.0,94.0,63.46269226074219,94.0,-0.512986661156672
Moxifloxacin,gyrA,gyrA_p.Thr590Met,3) Uncertain significance,p.T590M,0.0,Unknown,590,,496.0,94.0,63.46269226074219,94.0,-0.512986661156672
Moxifloxacin,gyrA,gyrA_p.Thr5Ala,3) Uncertain significance,p.T5A,0.2142857142857142,Unknown,5,,83.0,88.0,,,
Moxifloxacin,gyrA,gyrA_p.Thr638Asn,3) Uncertain significance,p.T638N,0.0,Unknown,638,,544.0,94.0,58.31991195678711,94.0,-0.4428139325129329
Moxifloxacin,gyrA,gyrA_p.Thr638Ile,3) Uncertain significance,p.T638I,0.0,Unknown,638,,544.0,94.0,58.31991195678711,94.0,-0.4428139325129329
Moxifloxacin,gyrA,gyrA_p.Thr686Ser,3) Uncertain significance,p.T686S,0.0,Unknown,686,,592.0,94.0,76.86500549316406,94.0,-0.5457479768156787
Moxifloxacin,gyrA,gyrA_p.Thr697Ala,3) Uncertain significance,p.T697A,0.0,Unknown,697,,603.0,94.0,64.53288269042969,94.0,-0.4990693747177887
Moxifloxacin,gyrA,gyrA_p.Thr735Ser,3) Uncertain significance,p.T735S,0.0,Unknown,735,,641.0,94.0,87.64497375488281,94.0,-0.6049573753365792
Moxifloxacin,gyrA,gyrA_p.Thr80Ala,4) Not assoc w R - Interim,p.T80A,0.1111111111111111,Susceptible,80,,8.0,88.0,7.989630699157715,91.0,1.551275903060586
Moxifloxacin,gyrA,gyrA_p.Thr836Ala,3) Uncertain significance,p.T836A,0.5,Unknown,836,,742.0,94.0,,,
Moxifloxacin,gyrA,gyrA_p.Thr836Arg,3) Uncertain significance,p.T836R,0.0,Unknown,836,,742.0,94.0,,,
Moxifloxacin,gyrA,gyrA_p.Thr836Lys,3) Uncertain significance,p.T836K,0.0,Unknown,836,,742.0,94.0,,,
Moxifloxacin,gyrA,gyrA_p.Tyr276His,3) Uncertain significance,p.Y276H,0.0,Unknown,276,,182.0,94.0,11.95265007019043,94.0,0.7640299051476153
Moxifloxacin,gyrA,gyrA_p.Tyr365His,3) Uncertain significance,p.Y365H,0.0,Unknown,365,,271.0,94.0,23.10360336303711,94.0,-0.0491230493003722
Moxifloxacin,gyrA,gyrA_p.Tyr379Cys,3) Uncertain significance,p.Y379C,0.5714285714285714,Unknown,379,,285.0,94.0,31.57634925842285,91.0,-0.0864781775455292
Moxifloxacin,gyrA,gyrA_p.Tyr722Cys,3) Uncertain significance,p.Y722C,0.0,Unknown,722,,628.0,94.0,83.32364654541016,94.0,-0.6203444981979704
Moxifloxacin,gyrA,gyrA_p.Val150Ala,3) Uncertain significance,p.V150A,0.0,Unknown,150,,56.0,94.0,21.855270385742188,91.0,0.1140182498475872
Moxifloxacin,gyrA,gyrA_p.Val223Ile,3) Uncertain significance,p.V223I,0.0,Unknown,223,,129.0,94.0,25.893165588378906,94.0,-0.1029570463222757
Moxifloxacin,gyrA,gyrA_p.Val235Ala,3) Uncertain significance,p.V235A,0.0,Unknown,235,,141.0,94.0,28.3734188079834,94.0,-0.1321896276933121
Moxifloxacin,gyrA,gyrA_p.Val257Leu,3) Uncertain significance,p.V257L,0.0,Unknown,257,,163.0,94.0,29.447559356689453,94.0,-0.1650678189261742
Moxifloxacin,gyrA,gyrA_p.Val278Ile,3) Uncertain significance,p.V278I,0.0,Unknown,278,,184.0,94.0,16.167909622192383,94.0,0.4677300625558906
Moxifloxacin,gyrA,gyrA_p.Val310Ile,3) Uncertain significance,p.V310I,0.0,Unknown,310,,216.0,94.0,25.237226486206055,94.0,0.1584458630963959
Moxifloxacin,gyrA,gyrA_p.Val310Phe,3) Uncertain significance,p.V310F,0.0,Unknown,310,,216.0,94.0,25.237226486206055,94.0,0.1584458630963959
Moxifloxacin,gyrA,gyrA_p.Val326Gly,3) Uncertain significance,p.V326G,0.0,Unknown,326,,232.0,94.0,37.29909896850586,94.0,-0.2725391094579146
Moxifloxacin,gyrA,gyrA_p.Val327Leu,3) Uncertain significance,p.V327L,0.0,Unknown,327,,233.0,94.0,34.342681884765625,94.0,-0.2726602807040379
Moxifloxacin,gyrA,gyrA_p.Val352Leu,3) Uncertain significance,p.V352L,0.0,Unknown,352,,258.0,94.0,22.762950897216797,91.0,0.1419954538223989
Moxifloxacin,gyrA,gyrA_p.Val352Met,3) Uncertain significance,p.V352M,0.0,Unknown,352,,258.0,94.0,22.762950897216797,91.0,0.1419954538223989
Moxifloxacin,gyrA,gyrA_p.Val479Met,3) Uncertain significance,p.V479M,0.0,Unknown,479,,385.0,94.0,29.816251754760742,94.0,-0.1478532843848088
Moxifloxacin,gyrA,gyrA_p.Val516Ala,3) Uncertain significance,p.V516A,0.0,Unknown,516,,422.0,94.0,57.342708587646484,94.0,-0.5145828659108472
Moxifloxacin,gyrA,gyrA_p.Val517Leu,3) Uncertain significance,p.V517L,0.0,Unknown,517,,423.0,94.0,61.22702407836914,94.0,-0.5524147225880566
Moxifloxacin,gyrA,gyrA_p.Val51Ala,3) Uncertain significance,p.V51A,0.0,Unknown,51,,37.0,88.0,4.27570915222168,91.0,2.647943183632532
Moxifloxacin,gyrA,gyrA_p.Val544Leu,3) Uncertain significance,p.V544L,0.0,Unknown,544,,450.0,94.0,,,
Moxifloxacin,gyrA,gyrA_p.Val596Met,3) Uncertain significance,p.V596M,1.0,Unknown,596,,502.0,94.0,54.61967849731445,94.0,-0.5615537295515836
Moxifloxacin,gyrA,gyrA_p.Val624Leu,3) Uncertain significance,p.V624L,0.6666666666666666,Unknown,624,,530.0,94.0,69.12218475341797,94.0,-0.6648313533292187
Moxifloxacin,gyrA,gyrA_p.Val649Met,3) Uncertain significance,p.V649M,0.0,Unknown,649,,555.0,94.0,57.380958557128906,94.0,-0.5234080103274793
Moxifloxacin,gyrA,gyrA_p.Val651Ala,3) Uncertain significance,p.V651A,0.0,Unknown,651,,557.0,94.0,63.3299674987793,94.0,-0.601889752188603
Moxifloxacin,gyrA,gyrA_p.Val651Ile,3) Uncertain significance,p.V651I,0.0,Unknown,651,,557.0,94.0,63.3299674987793,94.0,-0.601889752188603
Moxifloxacin,gyrA,gyrA_p.Val674Ile,3) Uncertain significance,p.V674I,0.0,Unknown,674,,580.0,94.0,80.0544662475586,94.0,-0.6796161854414002
Moxifloxacin,gyrA,gyrA_p.Val716Gly,3) Uncertain significance,p.V716G,0.0,Unknown,716,,622.0,94.0,74.44306182861328,94.0,-0.6687126774434081
Moxifloxacin,gyrA,gyrA_p.Val716Phe,3) Uncertain significance,p.V716F,0.0,Unknown,716,,622.0,94.0,74.44306182861328,94.0,-0.6687126774434081
Moxifloxacin,gyrA,gyrA_p.Val750Ala,3) Uncertain significance,p.V750A,0.0,Unknown,750,,656.0,94.0,88.86416625976562,94.0,-0.6024958506736692
Moxifloxacin,gyrA,gyrA_p.Val768Ala,3) Uncertain significance,p.V768A,0.0,Unknown,768,,674.0,94.0,80.72611236572266,94.0,-0.6503214868931555
Moxifloxacin,gyrA,gyrA_p.Val783Leu,3) Uncertain significance,p.V783L,0.0,Unknown,783,,689.0,94.0,76.34589385986328,94.0,-0.6366235905028558
Moxifloxacin,gyrA,gyrA_p.Val783Met,3) Uncertain significance,p.V783M,0.0,Unknown,783,,689.0,94.0,76.34589385986328,94.0,-0.6366235905028558
Streptomycin,rpsL,rpsL_p.Ala113Gly,3) Uncertain significance,p.A113G,0.0,Unknown,113,,25.0,88.0,19.092041011898125,88.0,-0.4121313688599402
Streptomycin,rpsL,rpsL_p.Arg114Cys,3) Uncertain significance,p.R114C,0.0,Unknown,114,,26.0,88.0,20.870516716171643,88.0,-0.542353556408428
Streptomycin,rpsL,rpsL_p.Arg116His,3) Uncertain significance,p.R116H,0.0,Unknown,116,,28.0,88.0,14.921846031909045,88.0,-0.4805605557123019
Streptomycin,rpsL,rpsL_p.Arg30Cys,3) Uncertain significance,p.R30C,1.0,Unknown,30,,13.0,43.0,19.337287788105122,88.0,-0.7127765609963533
Streptomycin,rpsL,rpsL_p.Arg86Gln,3) Uncertain significance,p.R86Q,1.0,Unknown,86,,2.0,88.0,3.6808327862047836,88.0,1.1220847913442258
Streptomycin,rpsL,rpsL_p.Arg86Gly,3) Uncertain significance,p.R86G,0.0,Unknown,86,,2.0,88.0,3.6808327862047836,88.0,1.1220847913442258
Streptomycin,rpsL,rpsL_p.Arg94Cys,3) Uncertain significance,p.R94C,1.0,Unknown,94,,6.0,88.0,8.03700553688996,88.0,0.0913574947651868
Streptomycin,rpsL,rpsL_p.Asn73Lys,3) Uncertain significance,p.N73K,0.0,Unknown,73,,15.0,88.0,21.817665709236632,88.0,-0.5662227504752244
Streptomycin,rpsL,rpsL_p.Asp14Glu,3) Uncertain significance,p.D14E,0.0,Unknown,14,,29.0,43.0,25.42832178890301,88.0,-0.2203486368433758
Streptomycin,rpsL,rpsL_p.Asp14Tyr,3) Uncertain significance,p.D14Y,0.0,Unknown,14,,29.0,43.0,25.42832178890301,88.0,-0.2203486368433758
Streptomycin,rpsL,rpsL_p.Gln105Glu,3) Uncertain significance,p.Q105E,0.0,Unknown,105,,17.0,88.0,21.124362428248563,88.0,-0.6238224841982398
Streptomycin,rpsL,rpsL_p.Glu122Lys,3) Uncertain significance,p.E122K,1.0,Unknown,122,,34.0,88.0,29.263133290883236,88.0,-0.4070029710889375
Streptomycin,rpsL,rpsL_p.Glu70Ala,3) Uncertain significance,p.E70A,0.6,Unknown,70,,18.0,88.0,16.71497585998854,88.0,-0.3666781472981235
Streptomycin,rpsL,rpsL_p.Glu76Ala,3) Uncertain significance,p.E76A,0.0,Unknown,76,,12.0,88.0,22.255435246249398,43.0,-0.4979940731730907
Streptomycin,rpsL,rpsL_p.Gly100Ser,3) Uncertain significance,p.G100S,0.0,Unknown,100,,12.0,88.0,20.78144990129418,88.0,-0.6184261165128437
Streptomycin,rpsL,rpsL_p.Gly106Cys,3) Uncertain significance,p.G106C,1.0,Unknown,106,,18.0,88.0,21.95588067010749,88.0,-0.5706079605536435
Streptomycin,rpsL,rpsL_p.Gly124Ser,3) Uncertain significance,p.G124S,0.0,Unknown,124,,36.0,88.0,,,
Streptomycin,rpsL,rpsL_p.Gly71Asp,3) Uncertain significance,p.G71D,1.0,Unknown,71,,17.0,88.0,18.07287677709332,88.0,-0.403281116841235
Streptomycin,rpsL,rpsL_p.Gly71Ser,3) Uncertain significance,p.G71S,1.0,Unknown,71,,17.0,88.0,18.07287677709332,88.0,-0.403281116841235
Streptomycin,rpsL,rpsL_p.Ile16Thr,3) Uncertain significance,p.I16T,0.0,Unknown,16,,27.0,43.0,20.32379691396269,88.0,-0.1688346943954679
Streptomycin,rpsL,rpsL_p.Ile16Val,3) Uncertain significance,p.I16V,0.0,Unknown,16,,27.0,43.0,20.32379691396269,88.0,-0.1688346943954679
Streptomycin,rpsL,rpsL_p.Lys108Thr,3) Uncertain significance,p.K108T,0.0,Unknown,108,,20.0,88.0,22.744847526417924,88.0,-0.4620603840541187
Streptomycin,rpsL,rpsL_p.Lys10Thr,3) Uncertain significance,p.K10T,0.0,Unknown,10,,33.0,43.0,34.62692612693191,88.0,-0.3227919915885227
Streptomycin,rpsL,rpsL_p.Lys43Arg,1) Assoc w R,p.K43R,0.9792315680166148,Resistant,43,,45.0,88.0,5.65623001653928,88.0,0.9697699468351152
Streptomycin,rpsL,rpsL_p.Lys43Asn,3) Uncertain significance,p.K43N,1.0,Unknown,43,,45.0,88.0,5.65623001653928,88.0,0.9697699468351152
Streptomycin,rpsL,rpsL_p.Lys43Met,3) Uncertain significance,p.K43M,1.0,Unknown,43,,45.0,88.0,5.65623001653928,88.0,0.9697699468351152
Streptomycin,rpsL,rpsL_p.Lys43Thr,3) Uncertain significance,p.K43T,0.75,Unknown,43,,45.0,88.0,5.65623001653928,88.0,0.9697699468351152
Streptomycin,rpsL,rpsL_p.Lys88Arg,1) Assoc w R,p.K88R,0.9778456837280368,Resistant,88,,45.0,43.0,5.65623001653928,43.0,1.006625022111698
Streptomycin,rpsL,rpsL_p.Lys88Gln,2) Assoc w R - Interim,p.K88Q,0.7894736842105263,Resistant,88,,45.0,43.0,5.65623001653928,43.0,1.006625022111698
Streptomycin,rpsL,rpsL_p.Lys88Met,1) Assoc w R,p.K88M,1.0,Resistant,88,,45.0,43.0,5.65623001653928,43.0,1.006625022111698
Streptomycin,rpsL,rpsL_p.Lys88Thr,3) Uncertain significance,p.K88T,0.9861111111111112,Unknown,88,,45.0,43.0,5.65623001653928,43.0,1.006625022111698
Streptomycin,rpsL,rpsL_p.Pro2Arg,3) Uncertain significance,p.P2R,0.0,Unknown,2,,41.0,43.0,35.774448688973536,88.0,-0.2631131813704872
Streptomycin,rpsL,rpsL_p.Pro2Ser,3) Uncertain significance,p.P2S,1.0,Unknown,2,,41.0,43.0,35.774448688973536,88.0,-0.2631131813704872
Streptomycin,rpsL,rpsL_p.Pro91Ser,3) Uncertain significance,p.P91S,1.0,Unknown,91,,3.0,88.0,3.854112219435244,43.0,2.0125036552943927
Streptomycin,rpsL,rpsL_p.Ser101Ala,3) Uncertain significance,p.S101A,0.0,Unknown,101,,13.0,88.0,21.677999769351402,88.0,-0.6762089098229154
Streptomycin,rpsL,rpsL_p.Ser17Arg,3) Uncertain significance,p.S17R,0.0,Unknown,17,,26.0,43.0,18.14156658064566,88.0,-0.1881229898265364
Streptomycin,rpsL,rpsL_p.Ser17Asn,3) Uncertain significance,p.S17N,0.0,Unknown,17,,26.0,43.0,18.14156658064566,88.0,-0.1881229898265364
Streptomycin,rpsL,rpsL_p.Ser17Ile,3) Uncertain significance,p.S17I,1.0,Unknown,17,,26.0,43.0,18.14156658064566,88.0,-0.1881229898265364
Streptomycin,rpsL,rpsL_p.Thr104Met,3) Uncertain significance,p.T104M,0.0,Unknown,104,,16.0,88.0,20.052483412285852,88.0,-0.6732740906768196
Streptomycin,rpsL,rpsL_p.Thr35Ala,3) Uncertain significance,p.T35A,0.0,Unknown,35,,8.0,43.0,21.339167111206567,88.0,-0.5312503346060198
Streptomycin,rpsL,rpsL_p.Thr40Ile,3) Uncertain significance,p.T40I,1.0,Unknown,40,,3.0,43.0,7.004445588338892,43.0,0.5142380024345038
Streptomycin,rpsL,rpsL_p.Thr58Ala,3) Uncertain significance,p.T58A,0.0,Unknown,58,,15.0,43.0,23.11483339762587,88.0,-0.5788246213039911
Streptomycin,rpsL,rpsL_p.Thr64Met,3) Uncertain significance,p.T64M,1.0,Unknown,64,,21.0,43.0,10.645124376915469,88.0,-0.2165270612670619
Streptomycin,rpsL,rpsL_p.Val107Ala,3) Uncertain significance,p.V107A,1.0,Unknown,107,,19.0,88.0,18.465252503012245,88.0,-0.5468938053487338
Streptomycin,rpsL,rpsL_p.Val55Met,3) Uncertain significance,p.V55M,1.0,Unknown,55,,12.0,43.0,16.810666762505296,88.0,-0.6623522545380923
Streptomycin,rpsL,rpsL_p.Val63Ile,3) Uncertain significance,p.V63I,0.0,Unknown,63,,20.0,43.0,14.622091300494606,88.0,-0.5141693862022744
Streptomycin,gid,gid_p.Ala10Gly,3) Uncertain significance,p.A10G,0.3333333333333333,Unknown,10,,38.0,48.0,,,
Streptomycin,gid,gid_p.Ala10Pro,3) Uncertain significance,p.A10P,0.21875,Unknown,10,,38.0,48.0,,,
Streptomycin,gid,gid_p.Ala10Val,3) Uncertain significance,p.A10V,0.2222222222222222,Unknown,10,,38.0,48.0,,,
Streptomycin,gid,gid_p.Ala111Val,3) Uncertain significance,p.A111V,0.0,Unknown,111,,6.0,105.0,5.052219017421948,84.0,0.4542459944044989
Streptomycin,gid,gid_p.Ala119Asp,3) Uncertain significance,p.A119D,0.5714285714285714,Unknown,119,,14.0,105.0,7.588149247346153,67.0,0.4888398993066749
Streptomycin,gid,gid_p.Ala119Thr,3) Uncertain significance,p.A119T,0.4068965517241379,Unknown,119,,14.0,105.0,7.588149247346153,67.0,0.4888398993066749
Streptomycin,gid,gid_p.Ala119Val,3) Uncertain significance,p.A119V,0.0,Unknown,119,,14.0,105.0,7.588149247346153,67.0,0.4888398993066749
Streptomycin,gid,gid_p.Ala133Gly,3) Uncertain significance,p.A133G,0.25,Unknown,133,,1.0,134.0,1.3298481116277892,134.0,0.5438663370994914
Streptomycin,gid,gid_p.Ala133Pro,3) Uncertain significance,p.A133P,0.5,Unknown,133,,1.0,134.0,1.3298481116277892,134.0,0.5438663370994914
Streptomycin,gid,gid_p.Ala133Thr,3) Uncertain significance,p.A133T,1.0,Unknown,133,,1.0,134.0,1.3298481116277892,134.0,0.5438663370994914
Streptomycin,gid,gid_p.Ala133Val,3) Uncertain significance,p.A133V,0.0,Unknown,133,,1.0,134.0,1.3298481116277892,134.0,0.5438663370994914
Streptomycin,gid,gid_p.Ala134Glu,1) Assoc w R,p.A134E,1.0,Resistant,134,,29.0,105.0,5.223369793533672,67.0,0.727907942273367
Streptomycin,gid,gid_p.Ala134Pro,3) Uncertain significance,p.A134P,1.0,Unknown,134,,29.0,105.0,5.223369793533672,67.0,0.727907942273367
Streptomycin,gid,gid_p.Ala134Thr,3) Uncertain significance,p.A134T,0.0,Unknown,134,,29.0,105.0,5.223369793533672,67.0,0.727907942273367
Streptomycin,gid,gid_p.Ala138Glu,3) Uncertain significance,p.A138E,0.8333333333333334,Unknown,138,,4.0,134.0,6.542049678808621,70.0,2.819522780091625
Streptomycin,gid,gid_p.Ala138Leu,3) Uncertain significance,p.A138L,1.0,Unknown,138,,4.0,134.0,6.542049678808621,70.0,2.819522780091625
Streptomycin,gid,gid_p.Ala138Pro,3) Uncertain significance,p.A138P,0.4285714285714285,Unknown,138,,4.0,134.0,6.542049678808621,70.0,2.819522780091625
Streptomycin,gid,gid_p.Ala138Ser,3) Uncertain significance,p.A138S,0.0,Unknown,138,,4.0,134.0,6.542049678808621,70.0,2.819522780091625
Streptomycin,gid,gid_p.Ala138Thr,3) Uncertain significance,p.A138T,0.3333333333333333,Unknown,138,,4.0,134.0,6.542049678808621,70.0,2.819522780091625
Streptomycin,gid,gid_p.Ala138Val,3) Uncertain significance,p.A138V,0.6379310344827587,Unknown,138,,4.0,134.0,6.542049678808621,70.0,2.819522780091625
Streptomycin,gid,gid_p.Ala140Pro,3) Uncertain significance,p.A140P,1.0,Unknown,140,,6.0,134.0,9.151400166094804,70.0,1.4658488335402369
Streptomycin,gid,gid_p.Ala140Ser,3) Uncertain significance,p.A140S,1.0,Unknown,140,,6.0,134.0,9.151400166094804,70.0,1.4658488335402369
Streptomycin,gid,gid_p.Ala140Val,3) Uncertain significance,p.A140V,0.5,Unknown,140,,6.0,134.0,9.151400166094804,70.0,1.4658488335402369
Streptomycin,gid,gid_p.Ala141Glu,3) Uncertain significance,p.A141E,0.25,Unknown,141,,7.0,134.0,12.526009021232577,70.0,-0.069221978458543
Streptomycin,gid,gid_p.Ala141Thr,3) Uncertain significance,p.A141T,0.0,Unknown,141,,7.0,134.0,12.526009021232577,70.0,-0.069221978458543
Streptomycin,gid,gid_p.Ala161Asp,3) Uncertain significance,p.A161D,0.8333333333333334,Unknown,161,,27.0,134.0,5.342765856744986,134.0,0.9352770502296064
Streptomycin,gid,gid_p.Ala161Gly,3) Uncertain significance,p.A161G,0.25,Unknown,161,,27.0,134.0,5.342765856744986,134.0,0.9352770502296064
Streptomycin,gid,gid_p.Ala161Pro,3) Uncertain significance,p.A161P,0.0,Unknown,161,,27.0,134.0,5.342765856744986,134.0,0.9352770502296064
Streptomycin,gid,gid_p.Ala161Val,3) Uncertain significance,p.A161V,0.0,Unknown,161,,27.0,134.0,5.342765856744986,134.0,0.9352770502296064
Streptomycin,gid,gid_p.Ala167Asp,3) Uncertain significance,p.A167D,0.7692307692307693,Unknown,167,,33.0,134.0,11.46849484457311,200.0,-1.147925971469569
Streptomycin,gid,gid_p.Ala167Pro,3) Uncertain significance,p.A167P,0.0,Unknown,167,,33.0,134.0,11.46849484457311,200.0,-1.147925971469569
Streptomycin,gid,gid_p.Ala167Ser,3) Uncertain significance,p.A167S,0.0,Unknown,167,,33.0,134.0,11.46849484457311,200.0,-1.147925971469569
Streptomycin,gid,gid_p.Ala180Gly,3) Uncertain significance,p.A180G,0.5,Unknown,180,,20.0,200.0,14.926997085817359,134.0,-2.091786426522387
Streptomycin,gid,gid_p.Ala180Ser,3) Uncertain significance,p.A180S,1.0,Unknown,180,,20.0,200.0,14.926997085817359,134.0,-2.091786426522387
Streptomycin,gid,gid_p.Ala183Glu,3) Uncertain significance,p.A183E,1.0,Unknown,183,,17.0,200.0,11.399893552134598,134.0,-2.043225545292492
Streptomycin,gid,gid_p.Ala183Pro,3) Uncertain significance,p.A183P,0.5,Unknown,183,,17.0,200.0,11.399893552134598,134.0,-2.043225545292492
Streptomycin,gid,gid_p.Ala183Thr,3) Uncertain significance,p.A183T,0.0,Unknown,183,,17.0,200.0,11.399893552134598,134.0,-2.043225545292492
Streptomycin,gid,gid_p.Ala183Val,3) Uncertain significance,p.A183V,0.0,Unknown,183,,17.0,200.0,11.399893552134598,134.0,-2.043225545292492
Streptomycin,gid,gid_p.Ala193Gly,3) Uncertain significance,p.A193G,0.0,Unknown,193,,7.0,200.0,3.4458701368449742,200.0,0.2250127141808093
Streptomycin,gid,gid_p.Ala193Pro,3) Uncertain significance,p.A193P,0.0,Unknown,193,,7.0,200.0,3.4458701368449742,200.0,0.2250127141808093
Streptomycin,gid,gid_p.Ala19Asp,3) Uncertain significance,p.A19D,1.0,Unknown,19,,29.0,48.0,6.812440018084559,48.0,1.5525662003614489
Streptomycin,gid,gid_p.Ala19Gly,3) Uncertain significance,p.A19G,0.0,Unknown,19,,29.0,48.0,6.812440018084559,48.0,1.5525662003614489
Streptomycin,gid,gid_p.Ala19Pro,3) Uncertain significance,p.A19P,0.625,Unknown,19,,29.0,48.0,6.812440018084559,48.0,1.5525662003614489
Streptomycin,gid,gid_p.Ala19Ser,3) Uncertain significance,p.A19S,0.0,Unknown,19,,29.0,48.0,6.812440018084559,48.0,1.5525662003614489
Streptomycin,gid,gid_p.Ala19Thr,3) Uncertain significance,p.A19T,0.7142857142857143,Unknown,19,,29.0,48.0,6.812440018084559,48.0,1.5525662003614489
Streptomycin,gid,gid_p.Ala200Glu,1) Assoc w R,p.A200E,0.8666666666666667,Resistant,200,,66.0,134.0,7.263254022819252,48.0,0.1349635271201393
Streptomycin,gid,gid_p.Ala200Val,3) Uncertain significance,p.A200V,1.0,Unknown,200,,66.0,134.0,7.263254022819252,48.0,0.1349635271201393
Streptomycin,gid,gid_p.Ala205Glu,3) Uncertain significance,p.A205E,1.0,Unknown,205,,5.0,200.0,7.049391817738607,134.0,-1.511881381196954
Streptomycin,gid,gid_p.Ala205Thr,3) Uncertain significance,p.A205T,0.1956521739130435,Unknown,205,,5.0,200.0,7.049391817738607,134.0,-1.511881381196954
Streptomycin,gid,gid_p.Ala205Val,3) Uncertain significance,p.A205V,0.0,Unknown,205,,5.0,200.0,7.049391817738607,134.0,-1.511881381196954
Streptomycin,gid,gid_p.Ala219Val,3) Uncertain significance,p.A219V,0.0,Unknown,219,,19.0,200.0,,,
Streptomycin,gid,gid_p.Ala224Val,3) Uncertain significance,p.A224V,0.0,Unknown,224,,24.0,200.0,,,
Streptomycin,gid,gid_p.Ala23Asp,3) Uncertain significance,p.A23D,0.3333333333333333,Unknown,23,,25.0,48.0,7.510790704047077,48.0,1.3751170037933376
Streptomycin,gid,gid_p.Ala23Pro,3) Uncertain significance,p.A23P,0.0,Unknown,23,,25.0,48.0,7.510790704047077,48.0,1.3751170037933376
Streptomycin,gid,gid_p.Ala25Gly,3) Uncertain significance,p.A25G,0.0,Unknown,25,,23.0,48.0,6.232461953353585,105.0,0.6833266169921403
Streptomycin,gid,gid_p.Ala25Pro,3) Uncertain significance,p.A25P,0.75,Unknown,25,,23.0,48.0,6.232461953353585,105.0,0.6833266169921403
Streptomycin,gid,gid_p.Ala25Val,3) Uncertain significance,p.A25V,0.0,Unknown,25,,23.0,48.0,6.232461953353585,105.0,0.6833266169921403
Streptomycin,gid,gid_p.Ala27Pro,3) Uncertain significance,p.A27P,0.375,Unknown,27,,21.0,48.0,8.086168994029249,48.0,1.080465958260574
Streptomycin,gid,gid_p.Ala27Val,3) Uncertain significance,p.A27V,0.0,Unknown,27,,21.0,48.0,8.086168994029249,48.0,1.080465958260574
Streptomycin,gid,gid_p.Ala53Asp,3) Uncertain significance,p.A53D,0.5,Unknown,53,,5.0,48.0,4.9466467429967125,48.0,2.833811355063568
Streptomycin,gid,gid_p.Ala72Asp,3) Uncertain significance,p.A72D,0.0,Unknown,72,,1.0,73.0,1.3292035209101722,73.0,4.382350957315529
Streptomycin,gid,gid_p.Ala72Thr,3) Uncertain significance,p.A72T,0.6666666666666666,Unknown,72,,1.0,73.0,1.3292035209101722,73.0,4.382350957315529
Streptomycin,gid,gid_p.Ala72Val,3) Uncertain significance,p.A72V,0.6666666666666666,Unknown,72,,1.0,73.0,1.3292035209101722,73.0,4.382350957315529
Streptomycin,gid,gid_p.Ala80Glu,3) Uncertain significance,p.A80E,0.5,Unknown,80,,4.0,84.0,2.7916491541739266,84.0,4.142567132864198
Streptomycin,gid,gid_p.Ala80Pro,3) Uncertain significance,p.A80P,0.9444444444444444,Unknown,80,,4.0,84.0,2.7916491541739266,84.0,4.142567132864198
Streptomycin,gid,gid_p.Ala80Val,3) Uncertain significance,p.A80V,0.0,Unknown,80,,4.0,84.0,2.7916491541739266,84.0,4.142567132864198
Streptomycin,gid,gid_p.Ala82Glu,3) Uncertain significance,p.A82E,0.0,Unknown,82,,2.0,84.0,3.4760883187859335,84.0,2.7968277295389554
Streptomycin,gid,gid_p.Ala82Pro,3) Uncertain significance,p.A82P,0.875,Unknown,82,,2.0,84.0,3.4760883187859335,84.0,2.7968277295389554
Streptomycin,gid,gid_p.Ala8Glu,3) Uncertain significance,p.A8E,0.0,Unknown,8,,40.0,48.0,,,
Streptomycin,gid,gid_p.Ala8Pro,3) Uncertain significance,p.A8P,0.0,Unknown,8,,40.0,48.0,,,
Streptomycin,gid,gid_p.Ala8Val,3) Uncertain significance,p.A8V,0.1666666666666666,Unknown,8,,40.0,48.0,,,
Streptomycin,gid,gid_p.Arg102Gly,3) Uncertain significance,p.R102G,0.0,Unknown,102,,3.0,105.0,3.395145946789328,105.0,0.7204170018712299
Streptomycin,gid,gid_p.Arg102Pro,3) Uncertain significance,p.R102P,1.0,Unknown,102,,3.0,105.0,3.395145946789328,105.0,0.7204170018712299
Streptomycin,gid,gid_p.Arg116Gln,3) Uncertain significance,p.R116Q,1.0,Unknown,116,,11.0,105.0,9.64377286128204,67.0,1.0538147503308408
Streptomycin,gid,gid_p.Arg116Gly,3) Uncertain significance,p.R116G,0.3333333333333333,Unknown,116,,11.0,105.0,9.64377286128204,67.0,1.0538147503308408
Streptomycin,gid,gid_p.Arg116Trp,3) Uncertain significance,p.R116W,0.25,Unknown,116,,11.0,105.0,9.64377286128204,67.0,1.0538147503308408
Streptomycin,gid,gid_p.Arg118Cys,3) Uncertain significance,p.R118C,1.0,Unknown,118,,13.0,105.0,9.454011106403465,67.0,0.9357863230114928
Streptomycin,gid,gid_p.Arg118His,3) Uncertain significance,p.R118H,1.0,Unknown,118,,13.0,105.0,9.454011106403465,67.0,0.9357863230114928
Streptomycin,gid,gid_p.Arg118Leu,3) Uncertain significance,p.R118L,0.6666666666666666,Unknown,118,,13.0,105.0,9.454011106403465,67.0,0.9357863230114928
Streptomycin,gid,gid_p.Arg118Pro,3) Uncertain significance,p.R118P,0.0,Unknown,118,,13.0,105.0,9.454011106403465,67.0,0.9357863230114928
Streptomycin,gid,gid_p.Arg118Ser,3) Uncertain significance,p.R118S,0.6,Unknown,118,,13.0,105.0,9.454011106403465,67.0,0.9357863230114928
Streptomycin,gid,gid_p.Arg137Gln,3) Uncertain significance,p.R137Q,0.375,Unknown,137,,3.0,134.0,3.0071724260507575,48.0,7.6352796014518995
Streptomycin,gid,gid_p.Arg137Leu,3) Uncertain significance,p.R137L,0.75,Unknown,137,,3.0,134.0,3.0071724260507575,48.0,7.6352796014518995
Streptomycin,gid,gid_p.Arg137Pro,3) Uncertain significance,p.R137P,0.6,Unknown,137,,3.0,134.0,3.0071724260507575,48.0,7.6352796014518995
Streptomycin,gid,gid_p.Arg137Trp,3) Uncertain significance,p.R137W,0.65625,Unknown,137,,3.0,134.0,3.0071724260507575,48.0,7.6352796014518995
Streptomycin,gid,gid_p.Arg154Pro,3) Uncertain significance,p.R154P,0.3043478260869565,Unknown,154,,20.0,134.0,5.887714242386426,134.0,-1.6560676380780444
Streptomycin,gid,gid_p.Arg154Trp,3) Uncertain significance,p.R154W,1.0,Unknown,154,,20.0,134.0,5.887714242386426,134.0,-1.6560676380780444
Streptomycin,gid,gid_p.Arg158Gly,3) Uncertain significance,p.R158G,0.0,Unknown,158,,24.0,134.0,2.875718692779252,134.0,-0.8510140063469538
Streptomycin,gid,gid_p.Arg158Leu,3) Uncertain significance,p.R158L,1.0,Unknown,158,,24.0,134.0,2.875718692779252,134.0,-0.8510140063469538
Streptomycin,gid,gid_p.Arg158Pro,3) Uncertain significance,p.R158P,0.5,Unknown,158,,24.0,134.0,2.875718692779252,134.0,-0.8510140063469538
Streptomycin,gid,gid_p.Arg15Pro,3) Uncertain significance,p.R15P,0.0,Unknown,15,,33.0,48.0,4.259039445696645,84.0,0.7292844982008057
Streptomycin,gid,gid_p.Arg15Trp,3) Uncertain significance,p.R15W,0.0,Unknown,15,,33.0,48.0,4.259039445696645,84.0,0.7292844982008057
Streptomycin,gid,gid_p.Arg166Pro,3) Uncertain significance,p.R166P,1.0,Unknown,166,,32.0,134.0,,,
Streptomycin,gid,gid_p.Arg166Trp,3) Uncertain significance,p.R166W,0.3333333333333333,Unknown,166,,32.0,134.0,,,
Streptomycin,gid,gid_p.Arg172Trp,3) Uncertain significance,p.R172W,0.0,Unknown,172,,28.0,200.0,15.39825931720855,200.0,-1.2789327096578131
Streptomycin,gid,gid_p.Arg175Gly,3) Uncertain significance,p.R175G,0.0,Unknown,175,,25.0,200.0,14.56134313859817,200.0,-1.98650723859722
Streptomycin,gid,gid_p.Arg175Pro,3) Uncertain significance,p.R175P,1.0,Unknown,175,,25.0,200.0,14.56134313859817,200.0,-1.98650723859722
Streptomycin,gid,gid_p.Arg176Cys,3) Uncertain significance,p.R176C,0.0,Unknown,176,,24.0,200.0,16.763227016299698,134.0,-1.849595295587718
Streptomycin,gid,gid_p.Arg176Ser,3) Uncertain significance,p.R176S,0.0,Unknown,176,,24.0,200.0,16.763227016299698,134.0,-1.849595295587718
Streptomycin,gid,gid_p.Arg187Lys,3) Uncertain significance,p.R187K,0.0,Unknown,187,,13.0,200.0,10.310718355187477,200.0,-1.6382965406893266
Streptomycin,gid,gid_p.Arg187Ser,3) Uncertain significance,p.R187S,0.0,Unknown,187,,13.0,200.0,10.310718355187477,200.0,-1.6382965406893266
Streptomycin,gid,gid_p.Arg197Cys,3) Uncertain significance,p.R197C,0.5,Unknown,197,,3.0,200.0,6.712062201738,200.0,-0.8095352638368776
Streptomycin,gid,gid_p.Arg197Pro,3) Uncertain significance,p.R197P,0.6666666666666666,Unknown,197,,3.0,200.0,6.712062201738,200.0,-0.8095352638368776
Streptomycin,gid,gid_p.Arg207His,3) Uncertain significance,p.R207H,0.0,Unknown,207,,7.0,200.0,8.015568039758632,134.0,-2.038862064629629
Streptomycin,gid,gid_p.Arg20Gln,3) Uncertain significance,p.R20Q,0.0,Unknown,20,,28.0,48.0,11.3548314386432,48.0,1.095557821484913
Streptomycin,gid,gid_p.Arg20Gly,3) Uncertain significance,p.R20G,0.0,Unknown,20,,28.0,48.0,11.3548314386432,48.0,1.095557821484913
Streptomycin,gid,gid_p.Arg20Pro,3) Uncertain significance,p.R20P,0.2631578947368421,Unknown,20,,28.0,48.0,11.3548314386432,48.0,1.095557821484913
Streptomycin,gid,gid_p.Arg217Leu,3) Uncertain significance,p.R217L,0.0,Unknown,217,,17.0,200.0,,,
Streptomycin,gid,gid_p.Arg217Trp,3) Uncertain significance,p.R217W,0.0,Unknown,217,,17.0,200.0,,,
Streptomycin,gid,gid_p.Arg21Pro,3) Uncertain significance,p.R21P,0.2857142857142857,Unknown,21,,27.0,48.0,8.813371488823107,105.0,1.1314213940951183
Streptomycin,gid,gid_p.Arg21Trp,3) Uncertain significance,p.R21W,1.0,Unknown,21,,27.0,48.0,8.813371488823107,105.0,1.1314213940951183
Streptomycin,gid,gid_p.Arg33Pro,3) Uncertain significance,p.R33P,0.0,Unknown,33,,15.0,48.0,8.49279900857191,70.0,2.552963134289321
Streptomycin,gid,gid_p.Arg33Trp,3) Uncertain significance,p.R33W,1.0,Unknown,33,,15.0,48.0,8.49279900857191,70.0,2.552963134289321
Streptomycin,gid,gid_p.Arg39Cys,3) Uncertain significance,p.R39C,0.0,Unknown,39,,9.0,48.0,6.402422900746249,48.0,1.37106007975971
Streptomycin,gid,gid_p.Arg47Gln,3) Uncertain significance,p.R47Q,0.7272727272727273,Unknown,47,,1.0,48.0,1.3361354721733893,48.0,2.6134713662179045
Streptomycin,gid,gid_p.Arg47Leu,3) Uncertain significance,p.R47L,0.6666666666666666,Unknown,47,,1.0,48.0,1.3361354721733893,48.0,2.6134713662179045
Streptomycin,gid,gid_p.Arg47Pro,3) Uncertain significance,p.R47P,1.0,Unknown,47,,1.0,48.0,1.3361354721733893,48.0,2.6134713662179045
Streptomycin,gid,gid_p.Arg47Trp,3) Uncertain significance,p.R47W,0.4,Unknown,47,,1.0,48.0,1.3361354721733893,48.0,2.6134713662179045
Streptomycin,gid,gid_p.Arg61Pro,3) Uncertain significance,p.R61P,1.0,Unknown,61,,6.0,67.0,10.678691399230527,84.0,-0.2356752418882046
Streptomycin,gid,gid_p.Arg64Pro,3) Uncertain significance,p.R64P,1.0,Unknown,64,,3.0,67.0,5.656711588900392,134.0,1.2651069575908498
Streptomycin,gid,gid_p.Arg64Trp,3) Uncertain significance,p.R64W,1.0,Unknown,64,,3.0,67.0,5.656711588900392,134.0,1.2651069575908498
Streptomycin,gid,gid_p.Arg83Gln,3) Uncertain significance,p.R83Q,1.0,Unknown,83,,1.0,84.0,1.3400932803353658,84.0,1.9249503255168827
Streptomycin,gid,gid_p.Arg83Gly,3) Uncertain significance,p.R83G,0.6,Unknown,83,,1.0,84.0,1.3400932803353658,84.0,1.9249503255168827
Streptomycin,gid,gid_p.Arg83Leu,3) Uncertain significance,p.R83L,1.0,Unknown,83,,1.0,84.0,1.3400932803353658,84.0,1.9249503255168827
Streptomycin,gid,gid_p.Arg83Pro,3) Uncertain significance,p.R83P,0.7,Unknown,83,,1.0,84.0,1.3400932803353658,84.0,1.9249503255168827
Streptomycin,gid,gid_p.Arg83Trp,3) Uncertain significance,p.R83W,0.5,Unknown,83,,1.0,84.0,1.3400932803353658,84.0,1.9249503255168827
Streptomycin,gid,gid_p.Arg96Cys,3) Uncertain significance,p.R96C,0.5833333333333334,Unknown,96,,9.0,105.0,8.951745360542827,70.0,0.6315141612870556
Streptomycin,gid,gid_p.Arg96His,3) Uncertain significance,p.R96H,0.4,Unknown,96,,9.0,105.0,8.951745360542827,70.0,0.6315141612870556
Streptomycin,gid,gid_p.Arg96Leu,3) Uncertain significance,p.R96L,0.631578947368421,Unknown,96,,9.0,105.0,8.951745360542827,70.0,0.6315141612870556
Streptomycin,gid,gid_p.Arg96Pro,3) Uncertain significance,p.R96P,1.0,Unknown,96,,9.0,105.0,8.951745360542827,70.0,0.6315141612870556
Streptomycin,gid,gid_p.Arg97Cys,3) Uncertain significance,p.R97C,0.0,Unknown,97,,8.0,105.0,2.795010375651581,70.0,2.574606937996171
Streptomycin,gid,gid_p.Arg97His,3) Uncertain significance,p.R97H,1.0,Unknown,97,,8.0,105.0,2.795010375651581,70.0,2.574606937996171
Streptomycin,gid,gid_p.Arg97Leu,3) Uncertain significance,p.R97L,0.5,Unknown,97,,8.0,105.0,2.795010375651581,70.0,2.574606937996171
Streptomycin,gid,gid_p.Asn194Asp,3) Uncertain significance,p.N194D,0.0,Unknown,194,,6.0,200.0,7.1014254907025585,200.0,-0.1118183085074125
Streptomycin,gid,gid_p.Asn51Asp,3) Uncertain significance,p.N51D,0.8571428571428571,Unknown,51,,3.0,48.0,2.8352722973287827,200.0,3.124471447258426
Streptomycin,gid,gid_p.Asn51His,3) Uncertain significance,p.N51H,0.0,Unknown,51,,3.0,48.0,2.8352722973287827,200.0,3.124471447258426
Streptomycin,gid,gid_p.Asn51Lys,3) Uncertain significance,p.N51K,0.5625,Unknown,51,,3.0,48.0,2.8352722973287827,200.0,3.124471447258426
Streptomycin,gid,gid_p.Asn51Thr,3) Uncertain significance,p.N51T,0.3333333333333333,Unknown,51,,3.0,48.0,2.8352722973287827,200.0,3.124471447258426
Streptomycin,gid,gid_p.Asp107Gly,3) Uncertain significance,p.D107G,0.0,Unknown,107,,2.0,105.0,3.3765808149665233,105.0,0.0310238556901455
Streptomycin,gid,gid_p.Asp107His,3) Uncertain significance,p.D107H,0.0,Unknown,107,,2.0,105.0,3.3765808149665233,105.0,0.0310238556901455
Streptomycin,gid,gid_p.Asp132Glu,3) Uncertain significance,p.D132E,0.3333333333333333,Unknown,132,,2.0,134.0,4.420531642234902,134.0,-0.4815780527743626
Streptomycin,gid,gid_p.Asp132Gly,3) Uncertain significance,p.D132G,0.0,Unknown,132,,2.0,134.0,4.420531642234902,134.0,-0.4815780527743626
Streptomycin,gid,gid_p.Asp132His,3) Uncertain significance,p.D132H,0.0,Unknown,132,,2.0,134.0,4.420531642234902,134.0,-0.4815780527743626
Streptomycin,gid,gid_p.Asp132Tyr,3) Uncertain significance,p.D132Y,0.9333333333333332,Unknown,132,,2.0,134.0,4.420531642234902,134.0,-0.4815780527743626
Streptomycin,gid,gid_p.Asp143Ala,3) Uncertain significance,p.D143A,0.0,Unknown,143,,9.0,134.0,12.333181341405796,134.0,-1.1563705197324468
Streptomycin,gid,gid_p.Asp169Gly,3) Uncertain significance,p.D169G,0.0,Unknown,169,,31.0,200.0,14.348662167602944,200.0,-0.5906297053896812
Streptomycin,gid,gid_p.Asp169His,3) Uncertain significance,p.D169H,0.0,Unknown,169,,31.0,200.0,14.348662167602944,200.0,-0.5906297053896812
Streptomycin,gid,gid_p.Asp185Asn,3) Uncertain significance,p.D185N,0.0,Unknown,185,,15.0,200.0,11.54842517402265,134.0,-1.8988726495368908
Streptomycin,gid,gid_p.Asp63His,3) Uncertain significance,p.D63H,0.6666666666666666,Unknown,63,,4.0,67.0,7.6611448230665875,84.0,0.3582208525671254
Streptomycin,gid,gid_p.Asp63Tyr,3) Uncertain significance,p.D63Y,1.0,Unknown,63,,4.0,67.0,7.6611448230665875,84.0,0.3582208525671254
Streptomycin,gid,gid_p.Asp67Ala,3) Uncertain significance,p.D67A,0.6666666666666666,Unknown,67,,3.0,70.0,4.0104545876995035,73.0,3.4777470213550625
Streptomycin,gid,gid_p.Asp67Asn,3) Uncertain significance,p.D67N,1.0,Unknown,67,,3.0,70.0,4.0104545876995035,73.0,3.4777470213550625
Streptomycin,gid,gid_p.Asp67Glu,3) Uncertain significance,p.D67E,0.5,Unknown,67,,3.0,70.0,4.0104545876995035,73.0,3.4777470213550625
Streptomycin,gid,gid_p.Asp67Gly,3) Uncertain significance,p.D67G,0.8589743589743589,Unknown,67,,3.0,70.0,4.0104545876995035,73.0,3.4777470213550625
Streptomycin,gid,gid_p.Asp67His,2) Assoc w R - Interim,p.D67H,0.9,Resistant,67,,3.0,70.0,4.0104545876995035,73.0,3.4777470213550625
Streptomycin,gid,gid_p.Asp85Ala,3) Uncertain significance,p.D85A,0.8,Unknown,85,,1.0,84.0,1.3377675433347902,84.0,1.3967982528985297
Streptomycin,gid,gid_p.Asp85Asn,3) Uncertain significance,p.D85N,0.0,Unknown,85,,1.0,84.0,1.3377675433347902,84.0,1.3967982528985297
Streptomycin,gid,gid_p.Asp85Glu,3) Uncertain significance,p.D85E,0.2,Unknown,85,,1.0,84.0,1.3377675433347902,84.0,1.3967982528985297
Streptomycin,gid,gid_p.Asp85Gly,3) Uncertain significance,p.D85G,1.0,Unknown,85,,1.0,84.0,1.3377675433347902,84.0,1.3967982528985297
Streptomycin,gid,gid_p.Asp85His,3) Uncertain significance,p.D85H,0.0,Unknown,85,,1.0,84.0,1.3377675433347902,84.0,1.3967982528985297
Streptomycin,gid,gid_p.Cys191Arg,3) Uncertain significance,p.C191R,1.0,Unknown,191,,9.0,200.0,2.805016042734871,200.0,-0.7105608444316421
Streptomycin,gid,gid_p.Cys191Phe,3) Uncertain significance,p.C191F,0.6666666666666666,Unknown,191,,9.0,200.0,2.805016042734871,200.0,-0.7105608444316421
Streptomycin,gid,gid_p.Cys191Trp,3) Uncertain significance,p.C191W,0.3333333333333333,Unknown,191,,9.0,200.0,2.805016042734871,200.0,-0.7105608444316421
Streptomycin,gid,gid_p.Cys191Tyr,3) Uncertain significance,p.C191Y,0.3333333333333333,Unknown,191,,9.0,200.0,2.805016042734871,200.0,-0.7105608444316421
Streptomycin,gid,gid_p.Cys52Arg,3) Uncertain significance,p.C52R,0.0,Unknown,52,,4.0,48.0,2.6880342259725793,48.0,3.530484875410893
Streptomycin,gid,gid_p.Cys52Phe,3) Uncertain significance,p.C52F,1.0,Unknown,52,,4.0,48.0,2.6880342259725793,48.0,3.530484875410893
Streptomycin,gid,gid_p.Cys52Trp,3) Uncertain significance,p.C52W,0.0,Unknown,52,,4.0,48.0,2.6880342259725793,48.0,3.530484875410893
Streptomycin,gid,gid_p.Cys52Tyr,3) Uncertain significance,p.C52Y,0.6666666666666666,Unknown,52,,4.0,48.0,2.6880342259725793,48.0,3.530484875410893
Streptomycin,gid,gid_p.Gln125Glu,3) Uncertain significance,p.Q125E,0.0,Unknown,125,,9.0,134.0,11.661743694662475,134.0,-0.1406686444115616
Streptomycin,gid,gid_p.Gln127Glu,3) Uncertain significance,p.Q127E,0.0,Unknown,127,,7.0,134.0,7.277236838251176,134.0,-0.9650260114248854
Streptomycin,gid,gid_p.Gln210His,3) Uncertain significance,p.Q210H,1.0,Unknown,210,,10.0,200.0,12.729640057754972,134.0,-2.313634133352009
Streptomycin,gid,gid_p.Gln87Arg,3) Uncertain significance,p.Q87R,0.0,Unknown,87,,3.0,84.0,5.807325029650054,84.0,2.028307213224246
Streptomycin,gid,gid_p.Gln87Glu,3) Uncertain significance,p.Q87E,0.0,Unknown,87,,3.0,84.0,5.807325029650054,84.0,2.028307213224246
Streptomycin,gid,gid_p.Gln87Pro,3) Uncertain significance,p.Q87P,0.0,Unknown,87,,3.0,84.0,5.807325029650054,84.0,2.028307213224246
Streptomycin,gid,gid_p.Glu103Ala,3) Uncertain significance,p.E103A,0.0,Unknown,103,,2.0,105.0,3.3462475999244288,105.0,-0.1111506229808582
Streptomycin,gid,gid_p.Glu113Ala,3) Uncertain significance,p.E113A,0.0,Unknown,113,,8.0,105.0,2.681001491980189,105.0,1.329367955514808
Streptomycin,gid,gid_p.Glu113Gln,3) Uncertain significance,p.E113Q,0.5,Unknown,113,,8.0,105.0,2.681001491980189,105.0,1.329367955514808
Streptomycin,gid,gid_p.Glu120Ala,3) Uncertain significance,p.E120A,0.0,Unknown,120,,14.0,134.0,10.548363711969742,67.0,0.0273995801527058
Streptomycin,gid,gid_p.Glu120Asp,3) Uncertain significance,p.E120D,1.0,Unknown,120,,14.0,134.0,10.548363711969742,67.0,0.0273995801527058
Streptomycin,gid,gid_p.Glu120Lys,3) Uncertain significance,p.E120K,0.0,Unknown,120,,14.0,134.0,10.548363711969742,67.0,0.0273995801527058
Streptomycin,gid,gid_p.Glu121Asp,3) Uncertain significance,p.E121D,0.1666666666666666,Unknown,121,,13.0,134.0,11.920210191099821,67.0,0.0764859573923476
Streptomycin,gid,gid_p.Glu121Lys,3) Uncertain significance,p.E121K,0.0,Unknown,121,,13.0,134.0,11.920210191099821,67.0,0.0764859573923476
Streptomycin,gid,gid_p.Glu165Gly,3) Uncertain significance,p.E165G,0.0,Unknown,165,,31.0,134.0,5.166189311281577,200.0,0.6701509488488984
Streptomycin,gid,gid_p.Glu170Asp,3) Uncertain significance,p.E170D,0.3333333333333333,Unknown,170,,30.0,200.0,13.916113897205644,200.0,-1.3986229549608569
Streptomycin,gid,gid_p.Glu170Gly,3) Uncertain significance,p.E170G,0.5,Unknown,170,,30.0,200.0,13.916113897205644,200.0,-1.3986229549608569
Streptomycin,gid,gid_p.Glu170Lys,3) Uncertain significance,p.E170K,0.625,Unknown,170,,30.0,200.0,13.916113897205644,200.0,-1.3986229549608569
Streptomycin,gid,gid_p.Glu173Ala,3) Uncertain significance,p.E173A,0.0,Unknown,173,,27.0,200.0,16.836381737178566,134.0,-1.714168821138229
Streptomycin,gid,gid_p.Glu173Gly,3) Uncertain significance,p.E173G,0.0,Unknown,173,,27.0,200.0,16.836381737178566,134.0,-1.714168821138229
Streptomycin,gid,gid_p.Glu32Asp,3) Uncertain significance,p.E32D,0.3055555555555556,Unknown,32,,16.0,48.0,12.547593315054485,105.0,0.4756456177064976
Streptomycin,gid,gid_p.Glu40Ala,3) Uncertain significance,p.E40A,0.3333333333333333,Unknown,40,,8.0,48.0,7.268805747851567,48.0,0.311022584571175
Streptomycin,gid,gid_p.Glu40Gln,3) Uncertain significance,p.E40Q,0.75,Unknown,40,,8.0,48.0,7.268805747851567,48.0,0.311022584571175
Streptomycin,gid,gid_p.Glu40Gly,3) Uncertain significance,p.E40G,0.5,Unknown,40,,8.0,48.0,7.268805747851567,48.0,0.311022584571175
Streptomycin,gid,gid_p.Glu40Lys,3) Uncertain significance,p.E40K,1.0,Unknown,40,,8.0,48.0,7.268805747851567,48.0,0.311022584571175
Streptomycin,gid,gid_p.Glu57Gln,3) Uncertain significance,p.E57Q,0.0,Unknown,57,,9.0,48.0,9.393200625984734,200.0,-0.242788133757917
Streptomycin,gid,gid_p.Glu57Lys,3) Uncertain significance,p.E57K,0.0,Unknown,57,,9.0,48.0,9.393200625984734,200.0,-0.242788133757917
Streptomycin,gid,gid_p.Glu92Ala,3) Uncertain significance,p.E92A,0.0,Unknown,92,,8.0,84.0,3.6882589388490614,70.0,2.595822256106712
Streptomycin,gid,gid_p.Glu92Asp,5) Not assoc w R,p.E92D,0.6044691470054446,Susceptible,92,,8.0,84.0,3.6882589388490614,70.0,2.595822256106712
Streptomycin,gid,gid_p.Glu92Gln,3) Uncertain significance,p.E92Q,0.375,Unknown,92,,8.0,84.0,3.6882589388490614,70.0,2.595822256106712
Streptomycin,gid,gid_p.Glu92Gly,3) Uncertain significance,p.E92G,0.8571428571428571,Unknown,92,,8.0,84.0,3.6882589388490614,70.0,2.595822256106712
Streptomycin,gid,gid_p.Glu92Lys,3) Uncertain significance,p.E92K,1.0,Unknown,92,,8.0,84.0,3.6882589388490614,70.0,2.595822256106712
Streptomycin,gid,gid_p.Glu92Val,3) Uncertain significance,p.E92V,1.0,Unknown,92,,8.0,84.0,3.6882589388490614,70.0,2.595822256106712
Streptomycin,gid,gid_p.Glu99Gly,3) Uncertain significance,p.E99G,0.2857142857142857,Unknown,99,,6.0,105.0,6.909080763748532,105.0,0.4398398411652117
Streptomycin,gid,gid_p.Glu99Lys,3) Uncertain significance,p.E99K,0.0,Unknown,99,,6.0,105.0,6.909080763748532,105.0,0.4398398411652117
Streptomycin,gid,gid_p.Gly109Ala,3) Uncertain significance,p.G109A,0.25,Unknown,109,,4.0,105.0,3.0165453750938322,105.0,-0.2196772393470739
Streptomycin,gid,gid_p.Gly109Asp,3) Uncertain significance,p.G109D,0.0,Unknown,109,,4.0,105.0,3.0165453750938322,105.0,-0.2196772393470739
Streptomycin,gid,gid_p.Gly109Val,3) Uncertain significance,p.G109V,1.0,Unknown,109,,4.0,105.0,3.0165453750938322,105.0,-0.2196772393470739
Streptomycin,gid,gid_p.Gly117Arg,3) Uncertain significance,p.G117R,0.4210526315789473,Unknown,117,,12.0,105.0,8.523742194599741,67.0,0.9421258840354668
Streptomycin,gid,gid_p.Gly117Glu,3) Uncertain significance,p.G117E,1.0,Unknown,117,,12.0,105.0,8.523742194599741,67.0,0.9421258840354668
Streptomycin,gid,gid_p.Gly117Trp,3) Uncertain significance,p.G117W,1.0,Unknown,117,,12.0,105.0,8.523742194599741,67.0,0.9421258840354668
Streptomycin,gid,gid_p.Gly117Val,3) Uncertain significance,p.G117V,0.75,Unknown,117,,12.0,105.0,8.523742194599741,67.0,0.9421258840354668
Streptomycin,gid,gid_p.Gly130Arg,3) Uncertain significance,p.G130R,1.0,Unknown,130,,4.0,134.0,6.788138920204858,134.0,-0.8577489628991526
Streptomycin,gid,gid_p.Gly130Ser,3) Uncertain significance,p.G130S,0.0,Unknown,130,,4.0,134.0,6.788138920204858,134.0,-0.8577489628991526
Streptomycin,gid,gid_p.Gly13Ala,3) Uncertain significance,p.G13A,0.5,Unknown,13,,35.0,48.0,,,
Streptomycin,gid,gid_p.Gly13Arg,3) Uncertain significance,p.G13R,0.5,Unknown,13,,35.0,48.0,,,
Streptomycin,gid,gid_p.Gly13Glu,3) Uncertain significance,p.G13E,0.0,Unknown,13,,35.0,48.0,,,
Streptomycin,gid,gid_p.Gly13Val,3) Uncertain significance,p.G13V,0.0,Unknown,13,,35.0,48.0,,,
Streptomycin,gid,gid_p.Gly157Arg,3) Uncertain significance,p.G157R,0.25,Unknown,157,,23.0,134.0,6.471835751933142,134.0,-1.5505243220917757
Streptomycin,gid,gid_p.Gly157Glu,3) Uncertain significance,p.G157E,1.0,Unknown,157,,23.0,134.0,6.471835751933142,134.0,-1.5505243220917757
Streptomycin,gid,gid_p.Gly164Arg,3) Uncertain significance,p.G164R,1.0,Unknown,164,,30.0,134.0,4.189282874192191,200.0,0.7484782647753608
Streptomycin,gid,gid_p.Gly164Asp,3) Uncertain significance,p.G164D,0.8333333333333334,Unknown,164,,30.0,134.0,4.189282874192191,200.0,0.7484782647753608
Streptomycin,gid,gid_p.Gly164Cys,3) Uncertain significance,p.G164C,0.25,Unknown,164,,30.0,134.0,4.189282874192191,200.0,0.7484782647753608
Streptomycin,gid,gid_p.Gly164Ser,3) Uncertain significance,p.G164S,0.0,Unknown,164,,30.0,134.0,4.189282874192191,200.0,0.7484782647753608
Streptomycin,gid,gid_p.Gly164Val,3) Uncertain significance,p.G164V,0.3333333333333333,Unknown,164,,30.0,134.0,4.189282874192191,200.0,0.7484782647753608
Streptomycin,gid,gid_p.Gly182Cys,3) Uncertain significance,p.G182C,0.0,Unknown,182,,18.0,200.0,11.884537980081518,134.0,-2.055203013074702
Streptomycin,gid,gid_p.Gly182Val,3) Uncertain significance,p.G182V,1.0,Unknown,182,,18.0,200.0,11.884537980081518,134.0,-2.055203013074702
Streptomycin,gid,gid_p.Gly192Arg,3) Uncertain significance,p.G192R,1.0,Unknown,192,,8.0,200.0,4.617177276215417,200.0,-0.271949053379053
Streptomycin,gid,gid_p.Gly192Val,3) Uncertain significance,p.G192V,1.0,Unknown,192,,8.0,200.0,4.617177276215417,200.0,-0.271949053379053
Streptomycin,gid,gid_p.Gly208Glu,3) Uncertain significance,p.G208E,1.0,Unknown,208,,8.0,200.0,11.958506846592512,134.0,-1.994895467732191
Streptomycin,gid,gid_p.Gly214Arg,3) Uncertain significance,p.G214R,0.0,Unknown,214,,14.0,200.0,16.015333558811694,134.0,-1.632023804874416
Streptomycin,gid,gid_p.Gly221Arg,3) Uncertain significance,p.G221R,0.0,Unknown,221,,21.0,200.0,,,
Streptomycin,gid,gid_p.Gly222Arg,3) Uncertain significance,p.G222R,1.0,Unknown,222,,22.0,200.0,,,
Streptomycin,gid,gid_p.Gly28Arg,3) Uncertain significance,p.G28R,1.0,Unknown,28,,20.0,48.0,11.304724720222072,48.0,0.4308531835790496
Streptomycin,gid,gid_p.Gly28Glu,3) Uncertain significance,p.G28E,0.25,Unknown,28,,20.0,48.0,11.304724720222072,48.0,0.4308531835790496
Streptomycin,gid,gid_p.Gly28Val,3) Uncertain significance,p.G28V,0.5,Unknown,28,,20.0,48.0,11.304724720222072,48.0,0.4308531835790496
Streptomycin,gid,gid_p.Gly30Arg,3) Uncertain significance,p.G30R,1.0,Unknown,30,,18.0,48.0,8.4184917295202,48.0,0.5984417125302119
Streptomycin,gid,gid_p.Gly30Asp,3) Uncertain significance,p.G30D,0.7,Unknown,30,,18.0,48.0,8.4184917295202,48.0,0.5984417125302119
Streptomycin,gid,gid_p.Gly30Cys,3) Uncertain significance,p.G30C,0.0,Unknown,30,,18.0,48.0,8.4184917295202,48.0,0.5984417125302119
Streptomycin,gid,gid_p.Gly30Ser,3) Uncertain significance,p.G30S,0.0,Unknown,30,,18.0,48.0,8.4184917295202,48.0,0.5984417125302119
Streptomycin,gid,gid_p.Gly30Val,3) Uncertain significance,p.G30V,0.0,Unknown,30,,18.0,48.0,8.4184917295202,48.0,0.5984417125302119
Streptomycin,gid,gid_p.Gly34Ala,3) Uncertain significance,p.G34A,0.5,Unknown,34,,14.0,48.0,5.739167012729284,70.0,1.5841594050767112
Streptomycin,gid,gid_p.Gly34Arg,3) Uncertain significance,p.G34R,0.4285714285714285,Unknown,34,,14.0,48.0,5.739167012729284,70.0,1.5841594050767112
Streptomycin,gid,gid_p.Gly34Glu,3) Uncertain significance,p.G34E,0.5714285714285714,Unknown,34,,14.0,48.0,5.739167012729284,70.0,1.5841594050767112
Streptomycin,gid,gid_p.Gly34Trp,3) Uncertain significance,p.G34W,0.75,Unknown,34,,14.0,48.0,5.739167012729284,70.0,1.5841594050767112
Streptomycin,gid,gid_p.Gly34Val,3) Uncertain significance,p.G34V,0.6428571428571429,Unknown,34,,14.0,48.0,5.739167012729284,70.0,1.5841594050767112
Streptomycin,gid,gid_p.Gly37Ala,3) Uncertain significance,p.G37A,0.56,Unknown,37,,11.0,48.0,5.010978846492963,48.0,1.3023295406219653
Streptomycin,gid,gid_p.Gly37Arg,3) Uncertain significance,p.G37R,0.6938775510204082,Unknown,37,,11.0,48.0,5.010978846492963,48.0,1.3023295406219653
Streptomycin,gid,gid_p.Gly37Glu,3) Uncertain significance,p.G37E,0.8,Unknown,37,,11.0,48.0,5.010978846492963,48.0,1.3023295406219653
Streptomycin,gid,gid_p.Gly37Val,3) Uncertain significance,p.G37V,0.9375,Unknown,37,,11.0,48.0,5.010978846492963,48.0,1.3023295406219653
Streptomycin,gid,gid_p.Gly42Val,3) Uncertain significance,p.G42V,0.0,Unknown,42,,6.0,48.0,7.00180783798013,48.0,0.6006744509726467
Streptomycin,gid,gid_p.Gly62Ser,3) Uncertain significance,p.G62S,1.0,Unknown,62,,5.0,67.0,8.291921249023051,134.0,0.1661118434026252
Streptomycin,gid,gid_p.Gly62Val,3) Uncertain significance,p.G62V,1.0,Unknown,62,,5.0,67.0,8.291921249023051,134.0,0.1661118434026252
Streptomycin,gid,gid_p.Gly69Arg,3) Uncertain significance,p.G69R,1.0,Unknown,69,,1.0,70.0,1.3398425280606692,70.0,4.687563203318534
Streptomycin,gid,gid_p.Gly69Asp,3) Uncertain significance,p.G69D,0.7647058823529411,Unknown,69,,1.0,70.0,1.3398425280606692,70.0,4.687563203318534
Streptomycin,gid,gid_p.Gly69Ile,3) Uncertain significance,p.G69I,0.0,Unknown,69,,1.0,70.0,1.3398425280606692,70.0,4.687563203318534
Streptomycin,gid,gid_p.Gly69Ser,3) Uncertain significance,p.G69S,0.0,Unknown,69,,1.0,70.0,1.3398425280606692,70.0,4.687563203318534
Streptomycin,gid,gid_p.Gly71Ala,3) Uncertain significance,p.G71A,0.5,Unknown,71,,1.0,70.0,1.3377966960640926,70.0,4.178658451089155
Streptomycin,gid,gid_p.Gly71Arg,3) Uncertain significance,p.G71R,1.0,Unknown,71,,1.0,70.0,1.3377966960640926,70.0,4.178658451089155
Streptomycin,gid,gid_p.Gly71Glu,3) Uncertain significance,p.G71E,0.3333333333333333,Unknown,71,,1.0,70.0,1.3377966960640926,70.0,4.178658451089155
Streptomycin,gid,gid_p.Gly73Ala,2) Assoc w R - Interim,p.G73A,0.7021276595744681,Resistant,73,,3.0,70.0,4.0104545876995035,67.0,4.436841174177932
Streptomycin,gid,gid_p.Gly73Arg,3) Uncertain significance,p.G73R,0.6153846153846154,Unknown,73,,3.0,70.0,4.0104545876995035,67.0,4.436841174177932
Streptomycin,gid,gid_p.Gly73Glu,1) Assoc w R,p.G73E,0.875,Resistant,73,,3.0,70.0,4.0104545876995035,67.0,4.436841174177932
Streptomycin,gid,gid_p.Gly73Trp,3) Uncertain significance,p.G73W,0.5,Unknown,73,,3.0,70.0,4.0104545876995035,67.0,4.436841174177932
Streptomycin,gid,gid_p.Gly73Val,3) Uncertain significance,p.G73V,1.0,Unknown,73,,3.0,70.0,4.0104545876995035,67.0,4.436841174177932
Streptomycin,gid,gid_p.Gly76Ala,3) Uncertain significance,p.G76A,0.0,Unknown,76,,3.0,73.0,2.8065268571670567,67.0,6.813422784426823
Streptomycin,gid,gid_p.Gly76Arg,3) Uncertain significance,p.G76R,0.3333333333333333,Unknown,76,,3.0,73.0,2.8065268571670567,67.0,6.813422784426823
Streptomycin,gid,gid_p.Gly76Asp,3) Uncertain significance,p.G76D,1.0,Unknown,76,,3.0,73.0,2.8065268571670567,67.0,6.813422784426823
Streptomycin,gid,gid_p.Gly76Cys,3) Uncertain significance,p.G76C,1.0,Unknown,76,,3.0,73.0,2.8065268571670567,67.0,6.813422784426823
Streptomycin,gid,gid_p.Gly76Ser,3) Uncertain significance,p.G76S,0.1428571428571428,Unknown,76,,3.0,73.0,2.8065268571670567,67.0,6.813422784426823
Streptomycin,gid,gid_p.Gly76Val,3) Uncertain significance,p.G76V,1.0,Unknown,76,,3.0,73.0,2.8065268571670567,67.0,6.813422784426823
Streptomycin,gid,gid_p.His168Arg,3) Uncertain significance,p.H168R,0.5,Unknown,168,,32.0,200.0,12.85634185917596,200.0,-0.7597847270180422
Streptomycin,gid,gid_p.His168Asp,3) Uncertain significance,p.H168D,0.0,Unknown,168,,32.0,200.0,12.85634185917596,200.0,-0.7597847270180422
Streptomycin,gid,gid_p.His174Arg,3) Uncertain significance,p.H174R,0.0,Unknown,174,,26.0,200.0,13.93440684062296,134.0,-1.4495707403711122
Streptomycin,gid,gid_p.His174Asn,3) Uncertain significance,p.H174N,0.0,Unknown,174,,26.0,200.0,13.93440684062296,134.0,-1.4495707403711122
Streptomycin,gid,gid_p.His174Asp,3) Uncertain significance,p.H174D,1.0,Unknown,174,,26.0,200.0,13.93440684062296,134.0,-1.4495707403711122
Streptomycin,gid,gid_p.His174Pro,3) Uncertain significance,p.H174P,0.0,Unknown,174,,26.0,200.0,13.93440684062296,134.0,-1.4495707403711122
Streptomycin,gid,gid_p.His174Tyr,3) Uncertain significance,p.H174Y,0.0,Unknown,174,,26.0,200.0,13.93440684062296,134.0,-1.4495707403711122
Streptomycin,gid,gid_p.His48Arg,3) Uncertain significance,p.H48R,0.0,Unknown,48,,19.0,67.0,7.263254022819252,200.0,3.4854944657514446
Streptomycin,gid,gid_p.His48Asn,3) Uncertain significance,p.H48N,0.6153846153846154,Unknown,48,,19.0,67.0,7.263254022819252,200.0,3.4854944657514446
Streptomycin,gid,gid_p.His48Asp,3) Uncertain significance,p.H48D,0.6666666666666666,Unknown,48,,19.0,67.0,7.263254022819252,200.0,3.4854944657514446
Streptomycin,gid,gid_p.His48Gln,1) Assoc w R,p.H48Q,0.8,Resistant,48,,19.0,67.0,7.263254022819252,200.0,3.4854944657514446
Streptomycin,gid,gid_p.His48Pro,3) Uncertain significance,p.H48P,1.0,Unknown,48,,19.0,67.0,7.263254022819252,200.0,3.4854944657514446
Streptomycin,gid,gid_p.His48Tyr,3) Uncertain significance,p.H48Y,0.5714285714285714,Unknown,48,,19.0,67.0,7.263254022819252,200.0,3.4854944657514446
Streptomycin,gid,gid_p.Ile114Asn,3) Uncertain significance,p.I114N,0.75,Unknown,114,,9.0,105.0,3.503961329695293,105.0,1.2970145834316364
Streptomycin,gid,gid_p.Ile114Met,3) Uncertain significance,p.I114M,0.0,Unknown,114,,9.0,105.0,3.503961329695293,105.0,1.2970145834316364
Streptomycin,gid,gid_p.Ile114Phe,3) Uncertain significance,p.I114F,0.0,Unknown,114,,9.0,105.0,3.503961329695293,105.0,1.2970145834316364
Streptomycin,gid,gid_p.Ile114Ser,3) Uncertain significance,p.I114S,0.0,Unknown,114,,9.0,105.0,3.503961329695293,105.0,1.2970145834316364
Streptomycin,gid,gid_p.Ile11Asn,3) Uncertain significance,p.I11N,1.0,Unknown,11,,37.0,48.0,,,
Streptomycin,gid,gid_p.Ile11Ser,3) Uncertain significance,p.I11S,0.0,Unknown,11,,37.0,48.0,,,
Streptomycin,gid,gid_p.Ile11Thr,3) Uncertain significance,p.I11T,0.0,Unknown,11,,37.0,48.0,,,
Streptomycin,gid,gid_p.Ile153Thr,3) Uncertain significance,p.I153T,0.5,Unknown,153,,19.0,134.0,3.542261565723235,134.0,-0.7201066724552916
Streptomycin,gid,gid_p.Ile162Ser,3) Uncertain significance,p.I162S,1.0,Unknown,162,,28.0,134.0,6.531075485706776,200.0,3.5083290513883467
Streptomycin,gid,gid_p.Ile179Ser,3) Uncertain significance,p.I179S,0.0,Unknown,179,,21.0,200.0,14.585515931909985,134.0,-2.076761177543821
Streptomycin,gid,gid_p.Ile179Val,3) Uncertain significance,p.I179V,0.0,Unknown,179,,21.0,200.0,14.585515931909985,134.0,-2.076761177543821
Streptomycin,gid,gid_p.Ile55Val,3) Uncertain significance,p.I55V,0.0,Unknown,55,,7.0,48.0,8.626927204978609,134.0,1.09212486703065
Streptomycin,gid,gid_p.Ile68Asn,3) Uncertain significance,p.I68N,1.0,Unknown,68,,1.0,67.0,1.3286557116123046,67.0,3.682511026161077
Streptomycin,gid,gid_p.Ile68Lys,3) Uncertain significance,p.I68K,0.0,Unknown,68,,1.0,67.0,1.3286557116123046,67.0,3.682511026161077
Streptomycin,gid,gid_p.Ile68Phe,3) Uncertain significance,p.I68F,0.0,Unknown,68,,1.0,67.0,1.3286557116123046,67.0,3.682511026161077
Streptomycin,gid,gid_p.Ile68Ser,3) Uncertain significance,p.I68S,1.0,Unknown,68,,1.0,67.0,1.3286557116123046,67.0,3.682511026161077
Streptomycin,gid,gid_p.Ile81Arg,3) Uncertain significance,p.I81R,0.25,Unknown,81,,3.0,84.0,3.7349544843277545,84.0,2.8240543468524906
Streptomycin,gid,gid_p.Ile81Met,3) Uncertain significance,p.I81M,1.0,Unknown,81,,3.0,84.0,3.7349544843277545,84.0,2.8240543468524906
Streptomycin,gid,gid_p.Ile81Thr,3) Uncertain significance,p.I81T,0.6666666666666666,Unknown,81,,3.0,84.0,3.7349544843277545,84.0,2.8240543468524906
Streptomycin,gid,gid_p.Leu101Arg,3) Uncertain significance,p.L101R,1.0,Unknown,101,,4.0,105.0,2.8421254370629057,105.0,1.4894379182695507
Streptomycin,gid,gid_p.Leu101Phe,3) Uncertain significance,p.L101F,0.5,Unknown,101,,4.0,105.0,2.8421254370629057,105.0,1.4894379182695507
Streptomycin,gid,gid_p.Leu101Pro,3) Uncertain significance,p.L101P,0.0,Unknown,101,,4.0,105.0,2.8421254370629057,105.0,1.4894379182695507
Streptomycin,gid,gid_p.Leu101Val,3) Uncertain significance,p.L101V,1.0,Unknown,101,,4.0,105.0,2.8421254370629057,105.0,1.4894379182695507
Streptomycin,gid,gid_p.Leu108Arg,3) Uncertain significance,p.L108R,0.4166666666666667,Unknown,108,,3.0,105.0,3.410857516813037,105.0,0.2099203182182779
Streptomycin,gid,gid_p.Leu108Pro,3) Uncertain significance,p.L108P,0.4444444444444444,Unknown,108,,3.0,105.0,3.410857516813037,105.0,0.2099203182182779
Streptomycin,gid,gid_p.Leu108Val,3) Uncertain significance,p.L108V,1.0,Unknown,108,,3.0,105.0,3.410857516813037,105.0,0.2099203182182779
Streptomycin,gid,gid_p.Leu128Ser,3) Uncertain significance,p.L128S,0.5,Unknown,128,,6.0,134.0,8.39917489995297,134.0,-1.1722969698308687
Streptomycin,gid,gid_p.Leu142Phe,3) Uncertain significance,p.L142F,0.0,Unknown,142,,8.0,134.0,10.206723372365884,134.0,-1.0520851937872029
Streptomycin,gid,gid_p.Leu142Ser,3) Uncertain significance,p.L142S,1.0,Unknown,142,,8.0,134.0,10.206723372365884,134.0,-1.0520851937872029
Streptomycin,gid,gid_p.Leu142Trp,3) Uncertain significance,p.L142W,0.5,Unknown,142,,8.0,134.0,10.206723372365884,134.0,-1.0520851937872029
Streptomycin,gid,gid_p.Leu145Phe,3) Uncertain significance,p.L145F,0.2954545454545454,Unknown,145,,11.0,134.0,7.084695618020582,134.0,1.024868678097679
Streptomycin,gid,gid_p.Leu145Ser,3) Uncertain significance,p.L145S,0.625,Unknown,145,,11.0,134.0,7.084695618020582,134.0,1.024868678097679
Streptomycin,gid,gid_p.Leu152Ser,3) Uncertain significance,p.L152S,0.7142857142857143,Unknown,152,,18.0,134.0,3.7382182921814504,134.0,-0.5222829399211771
Streptomycin,gid,gid_p.Leu160Arg,3) Uncertain significance,p.L160R,1.0,Unknown,160,,26.0,134.0,2.8328948092013615,134.0,0.4169963519297777
Streptomycin,gid,gid_p.Leu160Phe,3) Uncertain significance,p.L160F,0.0,Unknown,160,,26.0,134.0,2.8328948092013615,134.0,0.4169963519297777
Streptomycin,gid,gid_p.Leu160Pro,3) Uncertain significance,p.L160P,1.0,Unknown,160,,26.0,134.0,2.8328948092013615,134.0,0.4169963519297777
Streptomycin,gid,gid_p.Leu160Val,3) Uncertain significance,p.L160V,0.0,Unknown,160,,26.0,134.0,2.8328948092013615,134.0,0.4169963519297777
Streptomycin,gid,gid_p.Leu16Arg,5) Not assoc w R,p.L16R,0.3100511073253833,Susceptible,16,,32.0,48.0,10.473746750805084,84.0,0.4386264755329307
Streptomycin,gid,gid_p.Leu16Pro,3) Uncertain significance,p.L16P,0.6666666666666666,Unknown,16,,32.0,48.0,10.473746750805084,84.0,0.4386264755329307
Streptomycin,gid,gid_p.Leu18Arg,3) Uncertain significance,p.L18R,1.0,Unknown,18,,30.0,48.0,6.384320637311383,84.0,0.9448154755396094
Streptomycin,gid,gid_p.Leu26Phe,3) Uncertain significance,p.L26F,0.5625,Unknown,26,,22.0,48.0,4.195579816902543,48.0,1.767588230175325
Streptomycin,gid,gid_p.Leu26Ser,3) Uncertain significance,p.L26S,0.6666666666666666,Unknown,26,,22.0,48.0,4.195579816902543,48.0,1.767588230175325
Streptomycin,gid,gid_p.Leu26Trp,3) Uncertain significance,p.L26W,1.0,Unknown,26,,22.0,48.0,4.195579816902543,48.0,1.767588230175325
Streptomycin,gid,gid_p.Leu35Arg,3) Uncertain significance,p.L35R,0.8,Unknown,35,,13.0,48.0,5.196755911143029,70.0,3.402414647054035
Streptomycin,gid,gid_p.Leu35Gln,3) Uncertain significance,p.L35Q,1.0,Unknown,35,,13.0,48.0,5.196755911143029,70.0,3.402414647054035
Streptomycin,gid,gid_p.Leu35Met,3) Uncertain significance,p.L35M,1.0,Unknown,35,,13.0,48.0,5.196755911143029,70.0,3.402414647054035
Streptomycin,gid,gid_p.Leu35Pro,3) Uncertain significance,p.L35P,0.5714285714285714,Unknown,35,,13.0,48.0,5.196755911143029,70.0,3.402414647054035
Streptomycin,gid,gid_p.Leu44Arg,3) Uncertain significance,p.L44R,0.0,Unknown,44,,4.0,48.0,2.9306048863673153,48.0,2.312166609629267
Streptomycin,gid,gid_p.Leu44Gln,3) Uncertain significance,p.L44Q,1.0,Unknown,44,,4.0,48.0,2.9306048863673153,48.0,2.312166609629267
Streptomycin,gid,gid_p.Leu44Pro,3) Uncertain significance,p.L44P,1.0,Unknown,44,,4.0,48.0,2.9306048863673153,48.0,2.312166609629267
Streptomycin,gid,gid_p.Leu49Arg,3) Uncertain significance,p.L49R,0.5,Unknown,49,,1.0,48.0,1.328624100338392,48.0,3.6361500893926846
Streptomycin,gid,gid_p.Leu49Pro,3) Uncertain significance,p.L49P,0.75,Unknown,49,,1.0,48.0,1.328624100338392,48.0,3.6361500893926846
Streptomycin,gid,gid_p.Leu49Val,3) Uncertain significance,p.L49V,1.0,Unknown,49,,1.0,48.0,1.328624100338392,48.0,3.6361500893926846
Streptomycin,gid,gid_p.Leu50Arg,3) Uncertain significance,p.L50R,0.4925373134328358,Unknown,50,,2.0,48.0,3.6490045217839917,48.0,2.1027616620290925
Streptomycin,gid,gid_p.Leu50Met,3) Uncertain significance,p.L50M,1.0,Unknown,50,,2.0,48.0,3.6490045217839917,48.0,2.1027616620290925
Streptomycin,gid,gid_p.Leu50Pro,3) Uncertain significance,p.L50P,0.375,Unknown,50,,2.0,48.0,3.6490045217839917,48.0,2.1027616620290925
Streptomycin,gid,gid_p.Leu58Phe,3) Uncertain significance,p.L58F,0.1,Unknown,58,,9.0,67.0,7.292342627715736,200.0,-0.7255095630654741
Streptomycin,gid,gid_p.Leu58Pro,3) Uncertain significance,p.L58P,1.0,Unknown,58,,9.0,67.0,7.292342627715736,200.0,-0.7255095630654741
Streptomycin,gid,gid_p.Leu59Arg,3) Uncertain significance,p.L59R,1.0,Unknown,59,,8.0,67.0,8.50907732953462,134.0,-0.19649890278512
Streptomycin,gid,gid_p.Leu74Phe,3) Uncertain significance,p.L74F,0.0,Unknown,74,,1.0,73.0,1.334281454566462,73.0,6.952922962442702
Streptomycin,gid,gid_p.Leu74Ser,3) Uncertain significance,p.L74S,0.5555555555555556,Unknown,74,,1.0,73.0,1.334281454566462,73.0,6.952922962442702
Streptomycin,gid,gid_p.Leu79Phe,3) Uncertain significance,p.L79F,0.1,Unknown,79,,5.0,84.0,4.9842633357398,84.0,3.3859705962256674
Streptomycin,gid,gid_p.Leu79Ser,3) Uncertain significance,p.L79S,0.7678571428571429,Unknown,79,,5.0,84.0,4.9842633357398,84.0,3.3859705962256674
Streptomycin,gid,gid_p.Leu79Trp,3) Uncertain significance,p.L79W,0.6363636363636364,Unknown,79,,5.0,84.0,4.9842633357398,84.0,3.3859705962256674
Streptomycin,gid,gid_p.Leu86Arg,3) Uncertain significance,p.L86R,0.5714285714285714,Unknown,86,,2.0,84.0,3.1384571050119527,84.0,1.8994109290588397
Streptomycin,gid,gid_p.Leu86Gln,3) Uncertain significance,p.L86Q,1.0,Unknown,86,,2.0,84.0,3.1384571050119527,84.0,1.8994109290588397
Streptomycin,gid,gid_p.Leu86His,3) Uncertain significance,p.L86H,1.0,Unknown,86,,2.0,84.0,3.1384571050119527,84.0,1.8994109290588397
Streptomycin,gid,gid_p.Leu86Phe,3) Uncertain significance,p.L86F,0.3076923076923077,Unknown,86,,2.0,84.0,3.1384571050119527,84.0,1.8994109290588397
Streptomycin,gid,gid_p.Leu86Pro,3) Uncertain significance,p.L86P,0.6666666666666666,Unknown,86,,2.0,84.0,3.1384571050119527,84.0,1.8994109290588397
Streptomycin,gid,gid_p.Leu90Arg,3) Uncertain significance,p.L90R,0.5660377358490566,Unknown,90,,6.0,84.0,3.4274853756070187,67.0,2.671066060623445
Streptomycin,gid,gid_p.Leu90Ile,3) Uncertain significance,p.L90I,1.0,Unknown,90,,6.0,84.0,3.4274853756070187,67.0,2.671066060623445
Streptomycin,gid,gid_p.Leu90Phe,3) Uncertain significance,p.L90F,0.5,Unknown,90,,6.0,84.0,3.4274853756070187,67.0,2.671066060623445
Streptomycin,gid,gid_p.Leu90Pro,3) Uncertain significance,p.L90P,0.75,Unknown,90,,6.0,84.0,3.4274853756070187,67.0,2.671066060623445
Streptomycin,gid,gid_p.Leu90Val,3) Uncertain significance,p.L90V,0.0,Unknown,90,,6.0,84.0,3.4274853756070187,67.0,2.671066060623445
Streptomycin,gid,gid_p.Leu91Arg,3) Uncertain significance,p.L91R,0.8,Unknown,91,,7.0,84.0,3.0839456869406745,67.0,2.577260913041187
Streptomycin,gid,gid_p.Leu91Ile,3) Uncertain significance,p.L91I,0.0,Unknown,91,,7.0,84.0,3.0839456869406745,67.0,2.577260913041187
Streptomycin,gid,gid_p.Leu91Pro,3) Uncertain significance,p.L91P,0.9411764705882352,Unknown,91,,7.0,84.0,3.0839456869406745,67.0,2.577260913041187
Streptomycin,gid,gid_p.Leu91Val,3) Uncertain significance,p.L91V,0.6666666666666666,Unknown,91,,7.0,84.0,3.0839456869406745,67.0,2.577260913041187
Streptomycin,gid,gid_p.Leu94Arg,3) Uncertain significance,p.L94R,0.5,Unknown,94,,10.0,84.0,6.398489587394822,70.0,1.643186657977331
Streptomycin,gid,gid_p.Leu94Pro,3) Uncertain significance,p.L94P,0.8,Unknown,94,,10.0,84.0,6.398489587394822,70.0,1.643186657977331
Streptomycin,gid,gid_p.Leu95Val,3) Uncertain significance,p.L95V,0.0,Unknown,95,,10.0,105.0,9.959548182523141,70.0,0.9777556964352776
Streptomycin,gid,gid_p.Lys163Asn,3) Uncertain significance,p.K163N,0.5,Unknown,163,,29.0,134.0,3.641859140603877,200.0,1.2833086304265489
Streptomycin,gid,gid_p.Lys163Gln,3) Uncertain significance,p.K163Q,0.3333333333333333,Unknown,163,,29.0,134.0,3.641859140603877,200.0,1.2833086304265489
Streptomycin,gid,gid_p.Lys163Glu,3) Uncertain significance,p.K163E,0.3333333333333333,Unknown,163,,29.0,134.0,3.641859140603877,200.0,1.2833086304265489
Streptomycin,gid,gid_p.Met104Arg,3) Uncertain significance,p.M104R,0.5,Unknown,104,,1.0,105.0,1.3339074180766801,105.0,1.2673851980349775
Streptomycin,gid,gid_p.Met104Lys,3) Uncertain significance,p.M104K,1.0,Unknown,104,,1.0,105.0,1.3339074180766801,105.0,1.2673851980349775
Streptomycin,gid,gid_p.Met150Arg,3) Uncertain significance,p.M150R,1.0,Unknown,150,,16.0,134.0,5.511977050024793,134.0,-0.3779741668975776
Streptomycin,gid,gid_p.Met150Thr,3) Uncertain significance,p.M150T,0.0,Unknown,150,,16.0,134.0,5.511977050024793,134.0,-0.3779741668975776
Streptomycin,gid,gid_p.Met159Arg,3) Uncertain significance,p.M159R,0.0,Unknown,159,,25.0,134.0,3.345264563528574,134.0,0.190407390055469
Streptomycin,gid,gid_p.Met159Thr,3) Uncertain significance,p.M159T,0.0,Unknown,159,,25.0,134.0,3.345264563528574,134.0,0.190407390055469
Streptomycin,gid,gid_p.Met178Arg,3) Uncertain significance,p.M178R,1.0,Unknown,178,,22.0,200.0,11.099045229207782,134.0,-2.07236330287034
Streptomycin,gid,gid_p.Met178Ile,3) Uncertain significance,p.M178I,1.0,Unknown,178,,22.0,200.0,11.099045229207782,134.0,-2.07236330287034
Streptomycin,gid,gid_p.Met178Thr,3) Uncertain significance,p.M178T,1.0,Unknown,178,,22.0,200.0,11.099045229207782,134.0,-2.07236330287034
Streptomycin,gid,gid_p.Met218Ile,3) Uncertain significance,p.M218I,0.0,Unknown,218,,18.0,200.0,,,
Streptomycin,gid,gid_p.Met218Val,3) Uncertain significance,p.M218V,0.6666666666666666,Unknown,218,,18.0,200.0,,,
Streptomycin,gid,gid_p.Phe100Leu,3) Uncertain significance,p.F100L,1.0,Unknown,100,,5.0,105.0,4.849846286223926,105.0,1.5913787186724446
Streptomycin,gid,gid_p.Phe100Val,3) Uncertain significance,p.F100V,0.7692307692307693,Unknown,100,,5.0,105.0,4.849846286223926,105.0,1.5913787186724446
Streptomycin,gid,gid_p.Phe12Cys,3) Uncertain significance,p.F12C,0.0,Unknown,12,,36.0,48.0,,,
Streptomycin,gid,gid_p.Phe12Leu,3) Uncertain significance,p.F12L,1.0,Unknown,12,,36.0,48.0,,,
Streptomycin,gid,gid_p.Phe12Ser,3) Uncertain significance,p.F12S,1.0,Unknown,12,,36.0,48.0,,,
Streptomycin,gid,gid_p.Phe12Val,3) Uncertain significance,p.F12V,1.0,Unknown,12,,36.0,48.0,,,
Streptomycin,gid,gid_p.Phe204Leu,3) Uncertain significance,p.F204L,0.0,Unknown,204,,4.0,200.0,8.088016134998748,134.0,-1.1376243432874429
Streptomycin,gid,gid_p.Phe204Ser,3) Uncertain significance,p.F204S,0.0,Unknown,204,,4.0,200.0,8.088016134998748,134.0,-1.1376243432874429
Streptomycin,gid,gid_p.Pro151Arg,3) Uncertain significance,p.P151R,0.0,Unknown,151,,17.0,134.0,6.363549638370083,134.0,-1.0934241546691017
Streptomycin,gid,gid_p.Pro151Leu,3) Uncertain significance,p.P151L,1.0,Unknown,151,,17.0,134.0,6.363549638370083,134.0,-1.0934241546691017
Streptomycin,gid,gid_p.Pro151Ser,3) Uncertain significance,p.P151S,0.0,Unknown,151,,17.0,134.0,6.363549638370083,134.0,-1.0934241546691017
Streptomycin,gid,gid_p.Pro155Ser,3) Uncertain significance,p.P155S,0.0,Unknown,155,,21.0,134.0,9.375660563394986,134.0,-1.6107890409429333
Streptomycin,gid,gid_p.Pro198Ala,3) Uncertain significance,p.P198A,0.0,Unknown,198,,2.0,200.0,3.2276681985606865,200.0,-0.0226463508823978
Streptomycin,gid,gid_p.Pro198Arg,3) Uncertain significance,p.P198R,0.0,Unknown,198,,2.0,200.0,3.2276681985606865,200.0,-0.0226463508823978
Streptomycin,gid,gid_p.Pro198Leu,3) Uncertain significance,p.P198L,0.0,Unknown,198,,2.0,200.0,3.2276681985606865,200.0,-0.0226463508823978
Streptomycin,gid,gid_p.Pro199Ala,3) Uncertain significance,p.P199A,0.0,Unknown,199,,1.0,200.0,1.3242095755581902,200.0,-0.0638773096774789
Streptomycin,gid,gid_p.Pro199Arg,3) Uncertain significance,p.P199R,0.0,Unknown,199,,1.0,200.0,1.3242095755581902,200.0,-0.0638773096774789
Streptomycin,gid,gid_p.Pro29Leu,3) Uncertain significance,p.P29L,1.0,Unknown,29,,19.0,48.0,9.060421954853979,105.0,1.32210227758023
Streptomycin,gid,gid_p.Pro38Ala,3) Uncertain significance,p.P38A,0.0,Unknown,38,,10.0,48.0,4.2190047404571605,48.0,1.9736567590982597
Streptomycin,gid,gid_p.Pro38His,3) Uncertain significance,p.P38H,0.0,Unknown,38,,10.0,48.0,4.2190047404571605,48.0,1.9736567590982597
Streptomycin,gid,gid_p.Pro38Ser,3) Uncertain significance,p.P38S,0.0,Unknown,38,,10.0,48.0,4.2190047404571605,48.0,1.9736567590982597
Streptomycin,gid,gid_p.Pro3Ser,3) Uncertain significance,p.P3S,0.0,Unknown,3,,45.0,48.0,,,
Streptomycin,gid,gid_p.Pro3Thr,3) Uncertain significance,p.P3T,0.0,Unknown,3,,45.0,48.0,,,
Streptomycin,gid,gid_p.Pro6Ala,3) Uncertain significance,p.P6A,0.0,Unknown,6,,42.0,48.0,,,
Streptomycin,gid,gid_p.Pro6Arg,3) Uncertain significance,p.P6R,1.0,Unknown,6,,42.0,48.0,,,
Streptomycin,gid,gid_p.Pro6Leu,3) Uncertain significance,p.P6L,0.25,Unknown,6,,42.0,48.0,,,
Streptomycin,gid,gid_p.Pro6Thr,3) Uncertain significance,p.P6T,0.0,Unknown,6,,42.0,48.0,,,
Streptomycin,gid,gid_p.Pro75Ala,3) Uncertain significance,p.P75A,1.0,Unknown,75,,2.0,73.0,3.2840940912221157,67.0,4.997822039836151
Streptomycin,gid,gid_p.Pro75Arg,3) Uncertain significance,p.P75R,0.8461538461538461,Unknown,75,,2.0,73.0,3.2840940912221157,67.0,4.997822039836151
Streptomycin,gid,gid_p.Pro75Leu,3) Uncertain significance,p.P75L,0.75,Unknown,75,,2.0,73.0,3.2840940912221157,67.0,4.997822039836151
Streptomycin,gid,gid_p.Pro75Ser,3) Uncertain significance,p.P75S,0.5833333333333334,Unknown,75,,2.0,73.0,3.2840940912221157,67.0,4.997822039836151
Streptomycin,gid,gid_p.Pro75Thr,3) Uncertain significance,p.P75T,0.2727272727272727,Unknown,75,,2.0,73.0,3.2840940912221157,67.0,4.997822039836151
Streptomycin,gid,gid_p.Pro78Arg,3) Uncertain significance,p.P78R,0.2,Unknown,78,,5.0,73.0,3.4799369247157346,73.0,6.611261467726624
Streptomycin,gid,gid_p.Pro78Gln,3) Uncertain significance,p.P78Q,0.0,Unknown,78,,5.0,73.0,3.4799369247157346,73.0,6.611261467726624
Streptomycin,gid,gid_p.Pro78Leu,3) Uncertain significance,p.P78L,0.238095238095238,Unknown,78,,5.0,73.0,3.4799369247157346,73.0,6.611261467726624
Streptomycin,gid,gid_p.Pro84Leu,2) Assoc w R - Interim,p.P84L,0.6086956521739131,Resistant,84,,11.0,73.0,10.403814973364339,105.0,2.299833481803617
Streptomycin,gid,gid_p.Pro84Ser,3) Uncertain significance,p.P84S,0.0,Unknown,84,,11.0,73.0,10.403814973364339,105.0,2.299833481803617
Streptomycin,gid,gid_p.Pro84Thr,3) Uncertain significance,p.P84T,1.0,Unknown,84,,11.0,73.0,10.403814973364339,105.0,2.299833481803617
Streptomycin,gid,gid_p.Pro93Arg,3) Uncertain significance,p.P93R,1.0,Unknown,93,,9.0,84.0,7.465133488424706,70.0,1.7114719067460726
Streptomycin,gid,gid_p.Pro93Gln,3) Uncertain significance,p.P93Q,0.2,Unknown,93,,9.0,84.0,7.465133488424706,70.0,1.7114719067460726
Streptomycin,gid,gid_p.Pro93Leu,3) Uncertain significance,p.P93L,0.5294117647058824,Unknown,93,,9.0,84.0,7.465133488424706,70.0,1.7114719067460726
Streptomycin,gid,gid_p.Pro93Ser,3) Uncertain significance,p.P93S,0.2,Unknown,93,,9.0,84.0,7.465133488424706,70.0,1.7114719067460726
Streptomycin,gid,gid_p.Ser122Pro,3) Uncertain significance,p.S122P,0.3333333333333333,Unknown,122,,12.0,134.0,6.823434032801957,67.0,0.2495018939453409
Streptomycin,gid,gid_p.Ser131Arg,3) Uncertain significance,p.S131R,0.0,Unknown,131,,3.0,134.0,3.955139694119534,134.0,-0.2913706269469391
Streptomycin,gid,gid_p.Ser131Thr,3) Uncertain significance,p.S131T,0.0,Unknown,131,,3.0,134.0,3.955139694119534,134.0,-0.2913706269469391
Streptomycin,gid,gid_p.Ser136Ala,3) Uncertain significance,p.S136A,0.0,Unknown,136,,2.0,134.0,4.026881796129607,67.0,3.7026073407617086
Streptomycin,gid,gid_p.Ser136Leu,3) Uncertain significance,p.S136L,0.0,Unknown,136,,2.0,134.0,4.026881796129607,67.0,3.7026073407617086
Streptomycin,gid,gid_p.Ser136Pro,3) Uncertain significance,p.S136P,0.2857142857142857,Unknown,136,,2.0,134.0,4.026881796129607,67.0,3.7026073407617086
Streptomycin,gid,gid_p.Ser149Arg,3) Uncertain significance,p.S149R,0.6341463414634146,Unknown,149,,15.0,134.0,3.8108300932998844,134.0,-0.2192889116335088
Streptomycin,gid,gid_p.Ser149Asn,3) Uncertain significance,p.S149N,1.0,Unknown,149,,15.0,134.0,3.8108300932998844,134.0,-0.2192889116335088
Streptomycin,gid,gid_p.Ser149Cys,3) Uncertain significance,p.S149C,1.0,Unknown,149,,15.0,134.0,3.8108300932998844,134.0,-0.2192889116335088
Streptomycin,gid,gid_p.Ser149Thr,3) Uncertain significance,p.S149T,0.0,Unknown,149,,15.0,134.0,3.8108300932998844,134.0,-0.2192889116335088
Streptomycin,gid,gid_p.Ser181Leu,3) Uncertain significance,p.S181L,0.3333333333333333,Unknown,181,,19.0,200.0,10.988947538322314,134.0,-2.1648515392899608
Streptomycin,gid,gid_p.Ser181Trp,3) Uncertain significance,p.S181W,1.0,Unknown,181,,19.0,200.0,10.988947538322314,134.0,-2.1648515392899608
Streptomycin,gid,gid_p.Ser220Arg,3) Uncertain significance,p.S220R,0.0,Unknown,220,,20.0,200.0,,,
Streptomycin,gid,gid_p.Ser2Cys,3) Uncertain significance,p.S2C,0.0,Unknown,2,,46.0,48.0,,,
Streptomycin,gid,gid_p.Ser70Arg,3) Uncertain significance,p.S70R,0.6216216216216216,Unknown,70,,3.0,67.0,5.451068610832189,73.0,3.851187093016813
Streptomycin,gid,gid_p.Ser70Asn,1) Assoc w R,p.S70N,0.85,Resistant,70,,3.0,67.0,5.451068610832189,73.0,3.851187093016813
Streptomycin,gid,gid_p.Ser70Gly,3) Uncertain significance,p.S70G,0.75,Unknown,70,,3.0,67.0,5.451068610832189,73.0,3.851187093016813
Streptomycin,gid,gid_p.Ser70Ile,3) Uncertain significance,p.S70I,0.6666666666666666,Unknown,70,,3.0,67.0,5.451068610832189,73.0,3.851187093016813
Streptomycin,gid,gid_p.Ser9Pro,3) Uncertain significance,p.S9P,0.5,Unknown,9,,39.0,48.0,,,
Streptomycin,gid,gid_p.Thr146Ala,3) Uncertain significance,p.T146A,0.0,Unknown,146,,12.0,134.0,7.7865340813483925,134.0,-1.026790363766898
Streptomycin,gid,gid_p.Thr146Arg,3) Uncertain significance,p.T146R,0.0,Unknown,146,,12.0,134.0,7.7865340813483925,134.0,-1.026790363766898
Streptomycin,gid,gid_p.Thr146Lys,3) Uncertain significance,p.T146K,0.75,Unknown,146,,12.0,134.0,7.7865340813483925,134.0,-1.026790363766898
Streptomycin,gid,gid_p.Thr146Met,3) Uncertain significance,p.T146M,0.0,Unknown,146,,12.0,134.0,7.7865340813483925,134.0,-1.026790363766898
Streptomycin,gid,gid_p.Thr146Pro,3) Uncertain significance,p.T146P,1.0,Unknown,146,,12.0,134.0,7.7865340813483925,134.0,-1.026790363766898
Streptomycin,gid,gid_p.Thr190Ala,3) Uncertain significance,p.T190A,0.0,Unknown,190,,10.0,200.0,3.4843462801506986,200.0,-0.6962096049081248
Streptomycin,gid,gid_p.Thr190Ile,3) Uncertain significance,p.T190I,0.3333333333333333,Unknown,190,,10.0,200.0,3.4843462801506986,200.0,-0.6962096049081248
Streptomycin,gid,gid_p.Thr190Pro,3) Uncertain significance,p.T190P,0.0,Unknown,190,,10.0,200.0,3.4843462801506986,200.0,-0.6962096049081248
Streptomycin,gid,gid_p.Thr201Pro,3) Uncertain significance,p.T201P,0.5,Unknown,201,,1.0,200.0,1.329842471874021,200.0,-0.1131998681202847
Streptomycin,gid,gid_p.Thr98Ile,3) Uncertain significance,p.T98I,0.0,Unknown,98,,7.0,105.0,7.64699064992236,105.0,1.1039866065543755
Streptomycin,gid,gid_p.Thr98Pro,3) Uncertain significance,p.T98P,0.5,Unknown,98,,7.0,105.0,7.64699064992236,105.0,1.1039866065543755
Streptomycin,gid,gid_p.Trp123Cys,3) Uncertain significance,p.W123C,0.3333333333333333,Unknown,123,,11.0,134.0,9.282326001601108,134.0,-0.1156257627866651
Streptomycin,gid,gid_p.Trp148Arg,3) Uncertain significance,p.W148R,0.0,Unknown,148,,14.0,134.0,5.725340950546093,134.0,0.9271180849045738
Streptomycin,gid,gid_p.Trp148Cys,3) Uncertain significance,p.W148C,0.3333333333333333,Unknown,148,,14.0,134.0,5.725340950546093,134.0,0.9271180849045738
Streptomycin,gid,gid_p.Trp148Leu,3) Uncertain significance,p.W148L,0.5,Unknown,148,,14.0,134.0,5.725340950546093,134.0,0.9271180849045738
Streptomycin,gid,gid_p.Trp45Arg,3) Uncertain significance,p.W45R,0.8461538461538461,Unknown,45,,3.0,48.0,4.489825052270966,48.0,0.7778690183543672
Streptomycin,gid,gid_p.Trp45Cys,3) Uncertain significance,p.W45C,0.0,Unknown,45,,3.0,48.0,4.489825052270966,48.0,0.7778690183543672
Streptomycin,gid,gid_p.Trp45Gly,3) Uncertain significance,p.W45G,1.0,Unknown,45,,3.0,48.0,4.489825052270966,48.0,0.7778690183543672
Streptomycin,gid,gid_p.Trp45Ser,3) Uncertain significance,p.W45S,0.75,Unknown,45,,3.0,48.0,4.489825052270966,48.0,0.7778690183543672
Streptomycin,gid,gid_p.Tyr195Cys,3) Uncertain significance,p.Y195C,1.0,Unknown,195,,5.0,200.0,9.767035834888699,200.0,-0.6144761025037566
Streptomycin,gid,gid_p.Tyr195His,5) Not assoc w R,p.Y195H,0.4037940379403794,Susceptible,195,,5.0,200.0,9.767035834888699,200.0,-0.6144761025037566
Streptomycin,gid,gid_p.Tyr195Phe,3) Uncertain significance,p.Y195F,0.0,Unknown,195,,5.0,200.0,9.767035834888699,200.0,-0.6144761025037566
Streptomycin,gid,gid_p.Tyr22Asn,3) Uncertain significance,p.Y22N,1.0,Unknown,22,,26.0,48.0,3.38171953301867,73.0,2.114522939241805
Streptomycin,gid,gid_p.Tyr22Cys,3) Uncertain significance,p.Y22C,0.6666666666666666,Unknown,22,,26.0,48.0,3.38171953301867,73.0,2.114522939241805
Streptomycin,gid,gid_p.Tyr22His,3) Uncertain significance,p.Y22H,0.1666666666666666,Unknown,22,,26.0,48.0,3.38171953301867,73.0,2.114522939241805
Streptomycin,gid,gid_p.Tyr22Ser,3) Uncertain significance,p.Y22S,0.75,Unknown,22,,26.0,48.0,3.38171953301867,73.0,2.114522939241805
Streptomycin,gid,gid_p.Val105Glu,1) Assoc w R,p.V105E,0.9130434782608696,Resistant,105,,21.0,84.0,9.104778800168624,73.0,0.0409003563688071
Streptomycin,gid,gid_p.Val105Gly,3) Uncertain significance,p.V105G,0.0,Unknown,105,,21.0,84.0,9.104778800168624,73.0,0.0409003563688071
Streptomycin,gid,gid_p.Val110Ala,3) Uncertain significance,p.V110A,1.0,Unknown,110,,5.0,105.0,3.016586812939419,105.0,0.5574543664284797
Streptomycin,gid,gid_p.Val112Gly,3) Uncertain significance,p.V112G,0.25,Unknown,112,,7.0,105.0,5.829107049969146,84.0,0.2934560007267714
Streptomycin,gid,gid_p.Val115Ala,3) Uncertain significance,p.V115A,1.0,Unknown,115,,10.0,105.0,7.433197696819316,67.0,1.027694659773296
Streptomycin,gid,gid_p.Val115Gly,3) Uncertain significance,p.V115G,0.5,Unknown,115,,10.0,105.0,7.433197696819316,67.0,1.027694659773296
Streptomycin,gid,gid_p.Val124Ala,3) Uncertain significance,p.V124A,0.75,Unknown,124,,10.0,134.0,11.571760842672129,134.0,-0.6392649682073895
Streptomycin,gid,gid_p.Val124Gly,3) Uncertain significance,p.V124G,0.5,Unknown,124,,10.0,134.0,11.571760842672129,134.0,-0.6392649682073895
Streptomycin,gid,gid_p.Val124Leu,3) Uncertain significance,p.V124L,1.0,Unknown,124,,10.0,134.0,11.571760842672129,134.0,-0.6392649682073895
Streptomycin,gid,gid_p.Val124Met,3) Uncertain significance,p.V124M,1.0,Unknown,124,,10.0,134.0,11.571760842672129,134.0,-0.6392649682073895
Streptomycin,gid,gid_p.Val135Gly,3) Uncertain significance,p.V135G,0.6666666666666666,Unknown,135,,1.0,134.0,1.3280640044817122,134.0,3.746309378097929
Streptomycin,gid,gid_p.Val135Met,3) Uncertain significance,p.V135M,0.0,Unknown,135,,1.0,134.0,1.3280640044817122,134.0,3.746309378097929
Streptomycin,gid,gid_p.Val139Ala,3) Uncertain significance,p.V139A,1.0,Unknown,139,,5.0,134.0,7.4721218539314505,70.0,5.272332757523098
Streptomycin,gid,gid_p.Val139Met,3) Uncertain significance,p.V139M,0.5,Unknown,139,,5.0,134.0,7.4721218539314505,70.0,5.272332757523098
Streptomycin,gid,gid_p.Val171Gly,3) Uncertain significance,p.V171G,0.5,Unknown,171,,29.0,200.0,11.076675042628993,200.0,-1.1628527977255194
Streptomycin,gid,gid_p.Val171Leu,3) Uncertain significance,p.V171L,0.0,Unknown,171,,29.0,200.0,11.076675042628993,200.0,-1.1628527977255194
Streptomycin,gid,gid_p.Val177Leu,3) Uncertain significance,p.V177L,0.0,Unknown,177,,23.0,200.0,13.674480648273267,134.0,-1.9401545564202836
Streptomycin,gid,gid_p.Val177Met,3) Uncertain significance,p.V177M,1.0,Unknown,177,,23.0,200.0,13.674480648273267,134.0,-1.9401545564202836
Streptomycin,gid,gid_p.Val186Phe,3) Uncertain significance,p.V186F,0.0,Unknown,186,,14.0,200.0,11.743869592259614,134.0,-1.8275151786905377
Streptomycin,gid,gid_p.Val188Ala,3) Uncertain significance,p.V188A,1.0,Unknown,188,,12.0,200.0,6.64558643010532,200.0,-1.588362375817232
Streptomycin,gid,gid_p.Val188Gly,3) Uncertain significance,p.V188G,0.0,Unknown,188,,12.0,200.0,6.64558643010532,200.0,-1.588362375817232
Streptomycin,gid,gid_p.Val202Ala,3) Uncertain significance,p.V202A,0.5,Unknown,202,,2.0,200.0,4.448200197832825,200.0,-0.3169671054605041
Streptomycin,gid,gid_p.Val202Gly,3) Uncertain significance,p.V202G,0.75,Unknown,202,,2.0,200.0,4.448200197832825,200.0,-0.3169671054605041
Streptomycin,gid,gid_p.Val202Leu,3) Uncertain significance,p.V202L,0.0,Unknown,202,,2.0,200.0,4.448200197832825,200.0,-0.3169671054605041
Streptomycin,gid,gid_p.Val203Glu,3) Uncertain significance,p.V203E,0.0,Unknown,203,,3.0,200.0,7.065923364996255,134.0,-1.07788543891883
Streptomycin,gid,gid_p.Val203Gly,3) Uncertain significance,p.V203G,0.0,Unknown,203,,3.0,200.0,7.065923364996255,134.0,-1.07788543891883
Streptomycin,gid,gid_p.Val203Leu,3) Uncertain significance,p.V203L,0.5,Unknown,203,,3.0,200.0,7.065923364996255,134.0,-1.07788543891883
Streptomycin,gid,gid_p.Val203Met,3) Uncertain significance,p.V203M,0.5,Unknown,203,,3.0,200.0,7.065923364996255,134.0,-1.07788543891883
Streptomycin,gid,gid_p.Val36Ala,3) Uncertain significance,p.V36A,0.4,Unknown,36,,12.0,48.0,2.808204052414994,48.0,3.3500760658248527
Streptomycin,gid,gid_p.Val36Gly,3) Uncertain significance,p.V36G,0.6666666666666666,Unknown,36,,12.0,48.0,2.808204052414994,48.0,3.3500760658248527
Streptomycin,gid,gid_p.Val41Ala,3) Uncertain significance,p.V41A,0.0,Unknown,41,,7.0,48.0,7.58987450489137,48.0,0.9626812648065212
Streptomycin,gid,gid_p.Val41Gly,3) Uncertain significance,p.V41G,0.0,Unknown,41,,7.0,48.0,7.58987450489137,48.0,0.9626812648065212
Streptomycin,gid,gid_p.Val41Ile,3) Uncertain significance,p.V41I,0.5,Unknown,41,,7.0,48.0,7.58987450489137,48.0,0.9626812648065212
Streptomycin,gid,gid_p.Val41Leu,3) Uncertain significance,p.V41L,0.0,Unknown,41,,7.0,48.0,7.58987450489137,48.0,0.9626812648065212
Streptomycin,gid,gid_p.Val65Ala,3) Uncertain significance,p.V65A,0.6842105263157895,Unknown,65,,2.0,67.0,4.2680012886596,67.0,1.2897852207478586
Streptomycin,gid,gid_p.Val65Gly,3) Uncertain significance,p.V65G,0.5,Unknown,65,,2.0,67.0,4.2680012886596,67.0,1.2897852207478586
Streptomycin,gid,gid_p.Val65Ile,3) Uncertain significance,p.V65I,0.0,Unknown,65,,2.0,67.0,4.2680012886596,67.0,1.2897852207478586
Streptomycin,gid,gid_p.Val65Phe,3) Uncertain significance,p.V65F,0.25,Unknown,65,,2.0,67.0,4.2680012886596,67.0,1.2897852207478586
Streptomycin,gid,gid_p.Val66Ala,3) Uncertain significance,p.V66A,1.0,Unknown,66,,1.0,67.0,1.31619869320707,67.0,2.81070959394063
Streptomycin,gid,gid_p.Val66Met,3) Uncertain significance,p.V66M,1.0,Unknown,66,,1.0,67.0,1.31619869320707,67.0,2.81070959394063
Streptomycin,gid,gid_p.Val77Ala,3) Uncertain significance,p.V77A,0.7916666666666666,Unknown,77,,4.0,73.0,2.797603259935189,73.0,3.83514396433578
Streptomycin,gid,gid_p.Val77Gly,3) Uncertain significance,p.V77G,0.40625,Unknown,77,,4.0,73.0,2.797603259935189,73.0,3.83514396433578
Streptomycin,gid,gid_p.Val88Ala,3) Uncertain significance,p.V88A,0.6,Unknown,88,,4.0,84.0,5.254678391681073,67.0,2.029027333853176
Streptomycin,gid,gid_p.Val88Gly,3) Uncertain significance,p.V88G,0.6666666666666666,Unknown,88,,4.0,84.0,5.254678391681073,67.0,2.029027333853176
Streptomycin,gid,gid_p.Val89Ala,3) Uncertain significance,p.V89A,0.0,Unknown,89,,5.0,84.0,2.7561025017223155,67.0,2.365986647573835
Streptomycin,gid,gid_p.Val89Gly,3) Uncertain significance,p.V89G,1.0,Unknown,89,,5.0,84.0,2.7561025017223155,67.0,2.365986647573835
Ethionamide,ethA,ethA_p.Ala107Ser,3) Uncertain significance,p.A107S,0.0,Unknown,107,,19.0,88.0,8.783565521240234,35.0,-0.6126282889795117
Ethionamide,ethA,ethA_p.Ala112Gly,3) Uncertain significance,p.A112G,0.1428571428571428,Unknown,112,,24.0,88.0,10.872522354125977,379.0,-0.832027443250883
Ethionamide,ethA,ethA_p.Ala112Val,3) Uncertain significance,p.A112V,0.0,Unknown,112,,24.0,88.0,10.872522354125977,379.0,-0.832027443250883
Ethionamide,ethA,ethA_p.Ala12Val,3) Uncertain significance,p.A12V,0.0,Unknown,12,,23.0,35.0,4.604172706604004,35.0,1.5975012298574425
Ethionamide,ethA,ethA_p.Ala152Val,3) Uncertain significance,p.A152V,0.0,Unknown,152,,50.0,202.0,12.723653793334961,207.0,-1.2990898594046247
Ethionamide,ethA,ethA_p.Ala175Thr,3) Uncertain significance,p.A175T,0.0,Unknown,175,,27.0,202.0,8.806072235107422,202.0,-0.8708414537213948
Ethionamide,ethA,ethA_p.Ala185Glu,3) Uncertain significance,p.A185E,1.0,Unknown,185,,17.0,202.0,6.787933349609375,341.0,3.947018359370718
Ethionamide,ethA,ethA_p.Ala185Gly,3) Uncertain significance,p.A185G,0.0,Unknown,185,,17.0,202.0,6.787933349609375,341.0,3.947018359370718
Ethionamide,ethA,ethA_p.Ala185Val,3) Uncertain significance,p.A185V,0.6666666666666666,Unknown,185,,17.0,202.0,6.787933349609375,341.0,3.947018359370718
Ethionamide,ethA,ethA_p.Ala187Glu,3) Uncertain significance,p.A187E,1.0,Unknown,187,,15.0,202.0,4.03660249710083,341.0,3.246296611051631
Ethionamide,ethA,ethA_p.Ala187Val,3) Uncertain significance,p.A187V,0.6,Unknown,187,,15.0,202.0,4.03660249710083,341.0,3.246296611051631
Ethionamide,ethA,ethA_p.Ala199Val,3) Uncertain significance,p.A199V,0.0,Unknown,199,,3.0,202.0,3.6877732276916504,202.0,-0.3420155237574279
Ethionamide,ethA,ethA_p.Ala19Glu,3) Uncertain significance,p.A19E,0.5,Unknown,19,,16.0,35.0,5.004410266876221,403.0,2.293997127762516
Ethionamide,ethA,ethA_p.Ala19Thr,3) Uncertain significance,p.A19T,1.0,Unknown,19,,16.0,35.0,5.004410266876221,403.0,2.293997127762516
Ethionamide,ethA,ethA_p.Ala19Val,3) Uncertain significance,p.A19V,0.6666666666666666,Unknown,19,,16.0,35.0,5.004410266876221,403.0,2.293997127762516
Ethionamide,ethA,ethA_p.Ala20Asp,3) Uncertain significance,p.A20D,0.5,Unknown,20,,15.0,35.0,6.93546724319458,403.0,2.0978151173896733
Ethionamide,ethA,ethA_p.Ala20Pro,3) Uncertain significance,p.A20P,0.0,Unknown,20,,15.0,35.0,6.93546724319458,403.0,2.0978151173896733
Ethionamide,ethA,ethA_p.Ala20Ser,3) Uncertain significance,p.A20S,0.4285714285714285,Unknown,20,,15.0,35.0,6.93546724319458,403.0,2.0978151173896733
Ethionamide,ethA,ethA_p.Ala20Val,3) Uncertain significance,p.A20V,0.6666666666666666,Unknown,20,,15.0,35.0,6.93546724319458,403.0,2.0978151173896733
Ethionamide,ethA,ethA_p.Ala222Thr,3) Uncertain significance,p.A222T,1.0,Unknown,222,,15.0,207.0,12.05569839477539,57.0,0.1690260905429085
Ethionamide,ethA,ethA_p.Ala222Val,3) Uncertain significance,p.A222V,0.0,Unknown,222,,15.0,207.0,12.05569839477539,57.0,0.1690260905429085
Ethionamide,ethA,ethA_p.Ala234Asp,3) Uncertain significance,p.A234D,0.5,Unknown,234,,27.0,207.0,14.570322036743164,390.0,-0.2167683730137992
Ethionamide,ethA,ethA_p.Ala247Pro,3) Uncertain significance,p.A247P,0.3333333333333333,Unknown,247,,40.0,207.0,8.893575668334961,390.0,1.841135180654075
Ethionamide,ethA,ethA_p.Ala248Asp,3) Uncertain significance,p.A248D,0.0,Unknown,248,,41.0,207.0,11.719441413879395,390.0,1.1818389621948535
Ethionamide,ethA,ethA_p.Ala248Pro,3) Uncertain significance,p.A248P,1.0,Unknown,248,,41.0,207.0,11.719441413879395,390.0,1.1818389621948535
Ethionamide,ethA,ethA_p.Ala304Val,3) Uncertain significance,p.A304V,1.0,Unknown,304,,37.0,341.0,7.486166000366211,202.0,-0.1177996658740679
Ethionamide,ethA,ethA_p.Ala322Val,3) Uncertain significance,p.A322V,0.0,Unknown,322,,19.0,341.0,16.26485252380371,202.0,-1.63144048920109
Ethionamide,ethA,ethA_p.Ala335Asp,3) Uncertain significance,p.A335D,0.3333333333333333,Unknown,335,,6.0,341.0,8.912259101867676,202.0,-1.2195313497634983
Ethionamide,ethA,ethA_p.Ala33Gly,3) Uncertain significance,p.A33G,0.1333333333333333,Unknown,33,,2.0,35.0,4.1142425537109375,35.0,0.6349798810233964
Ethionamide,ethA,ethA_p.Ala33Pro,3) Uncertain significance,p.A33P,0.0,Unknown,33,,2.0,35.0,4.1142425537109375,35.0,0.6349798810233964
Ethionamide,ethA,ethA_p.Ala341Glu,3) Uncertain significance,p.A341E,0.75,Unknown,341,,38.0,379.0,9.270379066467285,207.0,3.0912542510199748
Ethionamide,ethA,ethA_p.Ala341Val,2) Assoc w R - Interim,p.A341V,0.7083333333333334,Resistant,341,,38.0,379.0,9.270379066467285,207.0,3.0912542510199748
Ethionamide,ethA,ethA_p.Ala352Glu,3) Uncertain significance,p.A352E,0.5,Unknown,352,,11.0,341.0,9.362154006958008,35.0,-0.3551555291808854
Ethionamide,ethA,ethA_p.Ala354Gly,3) Uncertain significance,p.A354G,0.0,Unknown,354,,13.0,341.0,10.069328308105469,379.0,-0.0900975957880553
Ethionamide,ethA,ethA_p.Ala381Pro,3) Uncertain significance,p.A381P,0.4958333333333333,Unknown,381,,2.0,379.0,4.373443603515625,379.0,0.5673996885408443
Ethionamide,ethA,ethA_p.Ala389Asp,3) Uncertain significance,p.A389D,0.0,Unknown,389,,1.0,390.0,1.33064866065979,390.0,1.9193446648384596
Ethionamide,ethA,ethA_p.Ala395Asp,3) Uncertain significance,p.A395D,0.0,Unknown,395,,5.0,390.0,5.961459159851074,390.0,1.769011810344104
Ethionamide,ethA,ethA_p.Ala481Thr,3) Uncertain significance,p.A481T,0.0,Unknown,481,,78.0,403.0,7.252953052520752,379.0,-1.0029963706795255
Ethionamide,ethA,ethA_p.Ala74Glu,3) Uncertain significance,p.A74E,0.0,Unknown,74,,14.0,88.0,3.934466600418091,57.0,0.7250251050162332
Ethionamide,ethA,ethA_p.Ala74Pro,3) Uncertain significance,p.A74P,0.0,Unknown,74,,14.0,88.0,3.934466600418091,57.0,0.7250251050162332
Ethionamide,ethA,ethA_p.Ala74Val,3) Uncertain significance,p.A74V,0.0,Unknown,74,,14.0,88.0,3.934466600418091,57.0,0.7250251050162332
Ethionamide,ethA,ethA_p.Ala76Asp,3) Uncertain significance,p.A76D,0.3333333333333333,Unknown,76,,12.0,88.0,5.065789699554443,57.0,1.1923457369588686
Ethionamide,ethA,ethA_p.Ala76Val,3) Uncertain significance,p.A76V,1.0,Unknown,76,,12.0,88.0,5.065789699554443,57.0,1.1923457369588686
Ethionamide,ethA,ethA_p.Ala89Glu,3) Uncertain significance,p.A89E,0.2916666666666667,Unknown,89,,1.0,88.0,1.3360211849212646,88.0,0.8289714791629039
Ethionamide,ethA,ethA_p.Ala90Thr,3) Uncertain significance,p.A90T,0.0,Unknown,90,,2.0,88.0,3.3702268600463867,88.0,0.5334218974302118
Ethionamide,ethA,ethA_p.Arg115Cys,3) Uncertain significance,p.R115C,0.0,Unknown,115,,27.0,88.0,5.776153087615967,379.0,0.290689661788691
Ethionamide,ethA,ethA_p.Arg207Cys,3) Uncertain significance,p.R207C,0.4,Unknown,207,,5.0,202.0,9.270379066467285,341.0,2.5464061850313144
Ethionamide,ethA,ethA_p.Arg207Gly,1) Assoc w R,p.R207G,0.6,Resistant,207,,5.0,202.0,9.270379066467285,341.0,2.5464061850313144
Ethionamide,ethA,ethA_p.Arg207His,3) Uncertain significance,p.R207H,0.5,Unknown,207,,5.0,202.0,9.270379066467285,341.0,2.5464061850313144
Ethionamide,ethA,ethA_p.Arg207Ser,3) Uncertain significance,p.R207S,0.3333333333333333,Unknown,207,,5.0,202.0,9.270379066467285,341.0,2.5464061850313144
Ethionamide,ethA,ethA_p.Arg218Trp,3) Uncertain significance,p.R218W,0.0,Unknown,218,,11.0,207.0,10.093137741088867,57.0,-0.2166482138232874
Ethionamide,ethA,ethA_p.Arg227Pro,3) Uncertain significance,p.R227P,0.0,Unknown,227,,20.0,207.0,19.915788650512695,57.0,-0.5304118903865858
Ethionamide,ethA,ethA_p.Arg239Gln,3) Uncertain significance,p.R239Q,0.3333333333333333,Unknown,239,,32.0,207.0,6.890624523162842,390.0,1.1943232582417178
Ethionamide,ethA,ethA_p.Arg239Gly,3) Uncertain significance,p.R239G,0.0,Unknown,239,,32.0,207.0,6.890624523162842,390.0,1.1943232582417178
Ethionamide,ethA,ethA_p.Arg239Trp,3) Uncertain significance,p.R239W,0.6666666666666666,Unknown,239,,32.0,207.0,6.890624523162842,390.0,1.1943232582417178
Ethionamide,ethA,ethA_p.Arg245His,3) Uncertain significance,p.R245H,0.0,Unknown,245,,38.0,207.0,7.484756946563721,57.0,2.1109027075557485
Ethionamide,ethA,ethA_p.Arg261Trp,3) Uncertain significance,p.R261W,0.5,Unknown,261,,54.0,207.0,13.575363159179688,207.0,1.83668935450631
Ethionamide,ethA,ethA_p.Arg270His,3) Uncertain significance,p.R270H,0.0,Unknown,270,,63.0,207.0,18.54589080810547,202.0,-0.2515557350997965
Ethionamide,ethA,ethA_p.Arg292Gln,3) Uncertain significance,p.R292Q,0.0,Unknown,292,,49.0,341.0,4.006105899810791,57.0,2.4188567526282525
Ethionamide,ethA,ethA_p.Arg303Pro,3) Uncertain significance,p.R303P,1.0,Unknown,303,,38.0,341.0,10.589200019836426,202.0,0.6057159600373383
Ethionamide,ethA,ethA_p.Arg326Gln,3) Uncertain significance,p.R326Q,0.0,Unknown,326,,15.0,341.0,11.48227310180664,207.0,-1.4772322074823818
Ethionamide,ethA,ethA_p.Arg38Pro,3) Uncertain significance,p.R38P,1.0,Unknown,38,,3.0,35.0,6.724827289581299,35.0,0.0387203342439618
Ethionamide,ethA,ethA_p.Arg38Trp,3) Uncertain significance,p.R38W,0.0,Unknown,38,,3.0,35.0,6.724827289581299,35.0,0.0387203342439618
Ethionamide,ethA,ethA_p.Arg404Leu,3) Uncertain significance,p.R404L,0.6666666666666666,Unknown,404,,1.0,403.0,1.34036386013031,403.0,0.4122391837402811
Ethionamide,ethA,ethA_p.Arg441Cys,3) Uncertain significance,p.R441C,0.5,Unknown,441,,38.0,403.0,6.540575981140137,207.0,2.744646512234852
Ethionamide,ethA,ethA_p.Arg441His,3) Uncertain significance,p.R441H,0.0,Unknown,441,,38.0,403.0,6.540575981140137,207.0,2.744646512234852
Ethionamide,ethA,ethA_p.Arg441Leu,3) Uncertain significance,p.R441L,0.0,Unknown,441,,38.0,403.0,6.540575981140137,207.0,2.744646512234852
Ethionamide,ethA,ethA_p.Arg441Pro,3) Uncertain significance,p.R441P,1.0,Unknown,441,,38.0,403.0,6.540575981140137,207.0,2.744646512234852
Ethionamide,ethA,ethA_p.Arg466Trp,3) Uncertain significance,p.R466W,0.0,Unknown,466,,63.0,403.0,14.43637466430664,403.0,-0.6044094255426303
Ethionamide,ethA,ethA_p.Arg469Pro,3) Uncertain significance,p.R469P,1.0,Unknown,469,,66.0,403.0,9.589898109436035,403.0,-0.145183205303683
Ethionamide,ethA,ethA_p.Arg469Trp,3) Uncertain significance,p.R469W,0.4,Unknown,469,,66.0,403.0,9.589898109436035,403.0,-0.145183205303683
Ethionamide,ethA,ethA_p.Arg470Ser,3) Uncertain significance,p.R470S,0.0,Unknown,470,,67.0,403.0,11.434463500976562,403.0,-0.0685215208774068
Ethionamide,ethA,ethA_p.Arg479Pro,3) Uncertain significance,p.R479P,1.0,Unknown,479,,76.0,403.0,6.988366603851318,379.0,-0.7993579049175117
Ethionamide,ethA,ethA_p.Arg54Cys,3) Uncertain significance,p.R54C,0.75,Unknown,54,,3.0,57.0,6.3449177742004395,57.0,2.1427188915604463
Ethionamide,ethA,ethA_p.Arg54His,3) Uncertain significance,p.R54H,0.0,Unknown,54,,3.0,57.0,6.3449177742004395,57.0,2.1427188915604463
Ethionamide,ethA,ethA_p.Arg54Leu,3) Uncertain significance,p.R54L,1.0,Unknown,54,,3.0,57.0,6.3449177742004395,57.0,2.1427188915604463
Ethionamide,ethA,ethA_p.Arg54Ser,3) Uncertain significance,p.R54S,1.0,Unknown,54,,3.0,57.0,6.3449177742004395,57.0,2.1427188915604463
Ethionamide,ethA,ethA_p.Arg65Pro,3) Uncertain significance,p.R65P,0.25,Unknown,65,,8.0,57.0,8.240839004516602,88.0,1.0630619949900415
Ethionamide,ethA,ethA_p.Arg67His,3) Uncertain significance,p.R67H,0.0,Unknown,67,,10.0,57.0,3.5517842769622803,88.0,1.0089436025800569
Ethionamide,ethA,ethA_p.Arg72Trp,3) Uncertain significance,p.R72W,0.0,Unknown,72,,15.0,57.0,10.767653465270996,57.0,0.4894232636016543
Ethionamide,ethA,ethA_p.Arg96Lys,3) Uncertain significance,p.R96K,1.0,Unknown,96,,8.0,88.0,9.066495895385742,88.0,-0.2952696915327832
Ethionamide,ethA,ethA_p.Asn242Asp,3) Uncertain significance,p.N242D,1.0,Unknown,242,,35.0,207.0,7.41361141204834,57.0,1.1994276687053398
Ethionamide,ethA,ethA_p.Asn242Thr,3) Uncertain significance,p.N242T,0.0,Unknown,242,,35.0,207.0,7.41361141204834,57.0,1.1994276687053398
Ethionamide,ethA,ethA_p.Asn287Lys,3) Uncertain significance,p.N287K,0.3333333333333333,Unknown,287,,54.0,341.0,14.331267356872559,207.0,1.9912547621998973
Ethionamide,ethA,ethA_p.Asn298His,3) Uncertain significance,p.N298H,0.0,Unknown,298,,43.0,341.0,12.15512466430664,57.0,-0.3589271937875992
Ethionamide,ethA,ethA_p.Asn298Thr,3) Uncertain significance,p.N298T,0.0,Unknown,298,,43.0,341.0,12.15512466430664,57.0,-0.3589271937875992
Ethionamide,ethA,ethA_p.Asn345Lys,3) Uncertain significance,p.N345K,0.3888888888888889,Unknown,345,,4.0,341.0,10.073464393615723,341.0,1.6638535087649942
Ethionamide,ethA,ethA_p.Asn379Asp,2) Assoc w R - Interim,p.N379D,0.4206896551724138,Resistant,379,,11.0,390.0,11.129673957824707,403.0,0.3593169459428673
Ethionamide,ethA,ethA_p.Asn379His,3) Uncertain significance,p.N379H,1.0,Unknown,379,,11.0,390.0,11.129673957824707,403.0,0.3593169459428673
Ethionamide,ethA,ethA_p.Asn379Lys,3) Uncertain significance,p.N379K,0.3333333333333333,Unknown,379,,11.0,390.0,11.129673957824707,403.0,0.3593169459428673
Ethionamide,ethA,ethA_p.Asn379Ser,3) Uncertain significance,p.N379S,0.0,Unknown,379,,11.0,390.0,11.129673957824707,403.0,0.3593169459428673
Ethionamide,ethA,ethA_p.Asn379Thr,3) Uncertain significance,p.N379T,0.0,Unknown,379,,11.0,390.0,11.129673957824707,403.0,0.3593169459428673
Ethionamide,ethA,ethA_p.Asn458Val,3) Uncertain significance,p.N458V,1.0,Unknown,458,,55.0,403.0,9.57234001159668,390.0,0.2604101270103031
Ethionamide,ethA,ethA_p.Asp144Asn,3) Uncertain significance,p.D144N,0.0,Unknown,144,,56.0,88.0,12.423951148986816,35.0,0.6561407932211603
Ethionamide,ethA,ethA_p.Asp144Gly,3) Uncertain significance,p.D144G,0.0,Unknown,144,,56.0,88.0,12.423951148986816,35.0,0.6561407932211603
Ethionamide,ethA,ethA_p.Asp174Gly,3) Uncertain significance,p.D174G,0.0,Unknown,174,,28.0,202.0,9.345020294189453,202.0,-1.3167303810723976
Ethionamide,ethA,ethA_p.Asp196Asn,3) Uncertain significance,p.D196N,0.0,Unknown,196,,6.0,202.0,6.349314212799072,202.0,0.4471947070079924
Ethionamide,ethA,ethA_p.Asp196Glu,3) Uncertain significance,p.D196E,0.0,Unknown,196,,6.0,202.0,6.349314212799072,202.0,0.4471947070079924
Ethionamide,ethA,ethA_p.Asp219Glu,3) Uncertain significance,p.D219E,0.0,Unknown,219,,12.0,207.0,9.522494316101074,57.0,-0.251381076129042
Ethionamide,ethA,ethA_p.Asp219Gly,3) Uncertain significance,p.D219G,0.3333333333333333,Unknown,219,,12.0,207.0,9.522494316101074,57.0,-0.251381076129042
Ethionamide,ethA,ethA_p.Asp336Glu,3) Uncertain significance,p.D336E,0.0,Unknown,336,,5.0,341.0,9.12914752960205,202.0,-1.1435178375636752
Ethionamide,ethA,ethA_p.Asp357Tyr,3) Uncertain significance,p.D357Y,0.5,Unknown,357,,16.0,341.0,11.636725425720215,379.0,-0.523709247425013
Ethionamide,ethA,ethA_p.Asp396Asn,3) Uncertain significance,p.D396N,1.0,Unknown,396,,6.0,390.0,7.591412544250488,403.0,1.8576297820123429
Ethionamide,ethA,ethA_p.Asp396Gly,3) Uncertain significance,p.D396G,1.0,Unknown,396,,6.0,390.0,7.591412544250488,403.0,1.8576297820123429
Ethionamide,ethA,ethA_p.Asp410His,3) Uncertain significance,p.D410H,0.0,Unknown,410,,7.0,403.0,7.024413108825684,403.0,-0.8948497720134482
Ethionamide,ethA,ethA_p.Asp415Gly,3) Uncertain significance,p.D415G,0.0,Unknown,415,,12.0,403.0,2.7647886276245117,379.0,-0.6798548726860799
Ethionamide,ethA,ethA_p.Asp444Gly,3) Uncertain significance,p.D444G,1.0,Unknown,444,,41.0,403.0,16.591184616088867,207.0,0.1854619848906838
Ethionamide,ethA,ethA_p.Asp464Gly,3) Uncertain significance,p.D464G,0.1111111111111111,Unknown,464,,61.0,403.0,9.635176658630371,390.0,-0.3181183014159717
Ethionamide,ethA,ethA_p.Asp46Asn,3) Uncertain significance,p.D46N,0.0,Unknown,46,,11.0,35.0,12.29089069366455,35.0,1.8596956033401415
Ethionamide,ethA,ethA_p.Asp56Ala,3) Uncertain significance,p.D56A,0.6428571428571429,Unknown,56,,1.0,57.0,1.3354973793029785,57.0,2.604983935101501
Ethionamide,ethA,ethA_p.Asp56Gly,3) Uncertain significance,p.D56G,1.0,Unknown,56,,1.0,57.0,1.3354973793029785,57.0,2.604983935101501
Ethionamide,ethA,ethA_p.Asp58Ala,3) Uncertain significance,p.D58A,0.2,Unknown,58,,1.0,57.0,1.3310480117797852,57.0,2.9999793467889324
Ethionamide,ethA,ethA_p.Asp58Asn,3) Uncertain significance,p.D58N,1.0,Unknown,58,,1.0,57.0,1.3310480117797852,57.0,2.9999793467889324
Ethionamide,ethA,ethA_p.Asp58Gly,3) Uncertain significance,p.D58G,0.8571428571428571,Unknown,58,,1.0,57.0,1.3310480117797852,57.0,2.9999793467889324
Ethionamide,ethA,ethA_p.Asp58His,3) Uncertain significance,p.D58H,0.0,Unknown,58,,1.0,57.0,1.3310480117797852,57.0,2.9999793467889324
Ethionamide,ethA,ethA_p.Asp77Gly,3) Uncertain significance,p.D77G,0.3076923076923077,Unknown,77,,11.0,88.0,7.978705883026123,57.0,1.2689895715690818
Ethionamide,ethA,ethA_p.Cys131Arg,3) Uncertain significance,p.C131R,1.0,Unknown,131,,43.0,88.0,6.173951625823975,379.0,-0.7144392073648823
Ethionamide,ethA,ethA_p.Cys131Tyr,3) Uncertain significance,p.C131Y,0.4,Unknown,131,,43.0,88.0,6.173951625823975,379.0,-0.7144392073648823
Ethionamide,ethA,ethA_p.Cys137Arg,3) Uncertain significance,p.C137R,0.5483870967741935,Unknown,137,,49.0,88.0,7.425472736358643,35.0,1.8101910783430244
Ethionamide,ethA,ethA_p.Cys137Gly,3) Uncertain significance,p.C137G,0.5,Unknown,137,,49.0,88.0,7.425472736358643,35.0,1.8101910783430244
Ethionamide,ethA,ethA_p.Cys137Phe,3) Uncertain significance,p.C137F,0.5,Unknown,137,,49.0,88.0,7.425472736358643,35.0,1.8101910783430244
Ethionamide,ethA,ethA_p.Cys137Tyr,3) Uncertain significance,p.C137Y,0.625,Unknown,137,,49.0,88.0,7.425472736358643,35.0,1.8101910783430244
Ethionamide,ethA,ethA_p.Cys253Arg,3) Uncertain significance,p.C253R,0.5,Unknown,253,,46.0,207.0,14.408334732055664,390.0,3.3420045072088427
Ethionamide,ethA,ethA_p.Cys253Gly,3) Uncertain significance,p.C253G,1.0,Unknown,253,,46.0,207.0,14.408334732055664,390.0,3.3420045072088427
Ethionamide,ethA,ethA_p.Cys253Phe,3) Uncertain significance,p.C253F,1.0,Unknown,253,,46.0,207.0,14.408334732055664,390.0,3.3420045072088427
Ethionamide,ethA,ethA_p.Cys253Trp,3) Uncertain significance,p.C253W,1.0,Unknown,253,,46.0,207.0,14.408334732055664,390.0,3.3420045072088427
Ethionamide,ethA,ethA_p.Cys27Tyr,3) Uncertain significance,p.C27Y,0.3333333333333333,Unknown,27,,8.0,35.0,3.5462937355041504,403.0,-0.3580894046128282
Ethionamide,ethA,ethA_p.Cys294Phe,3) Uncertain significance,p.C294F,0.5,Unknown,294,,47.0,341.0,8.320127487182617,57.0,1.506127315478079
Ethionamide,ethA,ethA_p.Cys294Trp,3) Uncertain significance,p.C294W,1.0,Unknown,294,,47.0,341.0,8.320127487182617,57.0,1.506127315478079
Ethionamide,ethA,ethA_p.Cys294Tyr,3) Uncertain significance,p.C294Y,0.4285714285714285,Unknown,294,,47.0,341.0,8.320127487182617,57.0,1.506127315478079
Ethionamide,ethA,ethA_p.Cys403Arg,3) Uncertain significance,p.C403R,0.3333333333333333,Unknown,403,,13.0,390.0,11.129673957824707,379.0,-0.1243580115769684
Ethionamide,ethA,ethA_p.Cys403Gly,3) Uncertain significance,p.C403G,0.3333333333333333,Unknown,403,,13.0,390.0,11.129673957824707,379.0,-0.1243580115769684
Ethionamide,ethA,ethA_p.Cys403Trp,3) Uncertain significance,p.C403W,0.7142857142857143,Unknown,403,,13.0,390.0,11.129673957824707,379.0,-0.1243580115769684
Ethionamide,ethA,ethA_p.Cys403Tyr,2) Assoc w R - Interim,p.C403Y,1.0,Resistant,403,,13.0,390.0,11.129673957824707,379.0,-0.1243580115769684
Ethionamide,ethA,ethA_p.Gln165Arg,3) Uncertain significance,p.Q165R,0.0,Unknown,165,,37.0,202.0,7.275182247161865,341.0,1.5144432786440096
Ethionamide,ethA,ethA_p.Gln165Glu,3) Uncertain significance,p.Q165E,0.0,Unknown,165,,37.0,202.0,7.275182247161865,341.0,1.5144432786440096
Ethionamide,ethA,ethA_p.Gln165His,3) Uncertain significance,p.Q165H,0.5,Unknown,165,,37.0,202.0,7.275182247161865,341.0,1.5144432786440096
Ethionamide,ethA,ethA_p.Gln165Pro,3) Uncertain significance,p.Q165P,0.15,Unknown,165,,37.0,202.0,7.275182247161865,341.0,1.5144432786440096
Ethionamide,ethA,ethA_p.Gln206Glu,3) Uncertain significance,p.Q206E,1.0,Unknown,206,,1.0,207.0,1.337500810623169,207.0,5.029141610793858
Ethionamide,ethA,ethA_p.Gln206Pro,3) Uncertain significance,p.Q206P,1.0,Unknown,206,,1.0,207.0,1.337500810623169,207.0,5.029141610793858
Ethionamide,ethA,ethA_p.Gln246Arg,3) Uncertain significance,p.Q246R,1.0,Unknown,246,,39.0,207.0,3.91688871383667,390.0,1.338407206596219
Ethionamide,ethA,ethA_p.Gln246Pro,3) Uncertain significance,p.Q246P,1.0,Unknown,246,,39.0,207.0,3.91688871383667,390.0,1.338407206596219
Ethionamide,ethA,ethA_p.Gln254Pro,3) Uncertain significance,p.Q254P,0.5909090909090909,Unknown,254,,47.0,207.0,14.625904083251953,390.0,1.3839645947828276
Ethionamide,ethA,ethA_p.Gln271His,3) Uncertain significance,p.Q271H,0.0,Unknown,271,,64.0,207.0,14.3036470413208,202.0,-0.3147732843933805
Ethionamide,ethA,ethA_p.Gln271Pro,3) Uncertain significance,p.Q271P,1.0,Unknown,271,,64.0,207.0,14.3036470413208,202.0,-0.3147732843933805
Ethionamide,ethA,ethA_p.Gln291Pro,3) Uncertain significance,p.Q291P,1.0,Unknown,291,,50.0,341.0,7.978016376495361,207.0,1.4714666648341683
Ethionamide,ethA,ethA_p.Gln360Arg,3) Uncertain significance,p.Q360R,0.0,Unknown,360,,19.0,341.0,14.64049243927002,379.0,-0.1734551925694598
Ethionamide,ethA,ethA_p.Gln449Pro,3) Uncertain significance,p.Q449P,0.0,Unknown,449,,46.0,403.0,16.189809799194336,390.0,0.8792321767364316
Ethionamide,ethA,ethA_p.Glu113Gln,3) Uncertain significance,p.E113Q,0.0,Unknown,113,,25.0,88.0,7.889039039611816,379.0,-0.5374465380927441
Ethionamide,ethA,ethA_p.Glu311Asp,3) Uncertain significance,p.E311D,0.0,Unknown,311,,30.0,341.0,3.12614107131958,202.0,0.5779539631735229
Ethionamide,ethA,ethA_p.Glu36Gln,3) Uncertain significance,p.E36Q,1.0,Unknown,36,,1.0,35.0,1.3320873975753784,35.0,0.6207438716503482
Ethionamide,ethA,ethA_p.Glu36Lys,3) Uncertain significance,p.E36K,1.0,Unknown,36,,1.0,35.0,1.3320873975753784,35.0,0.6207438716503482
Ethionamide,ethA,ethA_p.Glu3Gly,3) Uncertain significance,p.E3G,0.0,Unknown,3,,32.0,35.0,7.178738117218018,35.0,-0.5511344308573878
Ethionamide,ethA,ethA_p.Glu400Lys,3) Uncertain significance,p.E400K,1.0,Unknown,400,,3.0,403.0,3.4607667922973633,403.0,1.0677734257566929
Ethionamide,ethA,ethA_p.Glu433Asp,3) Uncertain significance,p.E433D,0.0,Unknown,433,,30.0,403.0,15.25832462310791,390.0,0.2266880614098987
Ethionamide,ethA,ethA_p.Glu476Gln,3) Uncertain significance,p.E476Q,0.0,Unknown,476,,73.0,403.0,14.303680419921875,379.0,-0.5674027696183983
Ethionamide,ethA,ethA_p.Glu83Gly,3) Uncertain significance,p.E83G,0.0,Unknown,83,,5.0,88.0,4.640249252319336,88.0,0.9002601163985529
Ethionamide,ethA,ethA_p.Gly11Asp,3) Uncertain significance,p.G11D,0.5,Unknown,11,,24.0,35.0,2.803724765777588,35.0,1.9570736168228016
Ethionamide,ethA,ethA_p.Gly11Cys,3) Uncertain significance,p.G11C,1.0,Unknown,11,,24.0,35.0,2.803724765777588,35.0,1.9570736168228016
Ethionamide,ethA,ethA_p.Gly11Val,3) Uncertain significance,p.G11V,0.9333333333333332,Unknown,11,,24.0,35.0,2.803724765777588,35.0,1.9570736168228016
Ethionamide,ethA,ethA_p.Gly124Asp,3) Uncertain significance,p.G124D,0.0,Unknown,124,,36.0,88.0,13.960247993469238,35.0,-0.8291489685418842
Ethionamide,ethA,ethA_p.Gly124Val,3) Uncertain significance,p.G124V,1.0,Unknown,124,,36.0,88.0,13.960247993469238,35.0,-0.8291489685418842
Ethionamide,ethA,ethA_p.Gly139Ala,3) Uncertain significance,p.G139A,0.5,Unknown,139,,51.0,88.0,9.417548179626465,35.0,2.908275199844822
Ethionamide,ethA,ethA_p.Gly139Asp,3) Uncertain significance,p.G139D,0.0,Unknown,139,,51.0,88.0,9.417548179626465,35.0,2.908275199844822
Ethionamide,ethA,ethA_p.Gly139Cys,3) Uncertain significance,p.G139C,1.0,Unknown,139,,51.0,88.0,9.417548179626465,35.0,2.908275199844822
Ethionamide,ethA,ethA_p.Gly139Ser,3) Uncertain significance,p.G139S,1.0,Unknown,139,,51.0,88.0,9.417548179626465,35.0,2.908275199844822
Ethionamide,ethA,ethA_p.Gly139Val,3) Uncertain significance,p.G139V,1.0,Unknown,139,,51.0,88.0,9.417548179626465,35.0,2.908275199844822
Ethionamide,ethA,ethA_p.Gly13Arg,3) Uncertain significance,p.G13R,1.0,Unknown,13,,22.0,35.0,7.379240989685059,35.0,2.434142480148384
Ethionamide,ethA,ethA_p.Gly13Glu,3) Uncertain significance,p.G13E,0.5,Unknown,13,,22.0,35.0,7.379240989685059,35.0,2.434142480148384
Ethionamide,ethA,ethA_p.Gly16Asp,3) Uncertain significance,p.G16D,1.0,Unknown,16,,19.0,35.0,8.106788635253906,35.0,2.9927051024863034
Ethionamide,ethA,ethA_p.Gly182Ala,3) Uncertain significance,p.G182A,1.0,Unknown,182,,20.0,202.0,3.7422850131988525,341.0,1.9173502204719828
Ethionamide,ethA,ethA_p.Gly182Asp,3) Uncertain significance,p.G182D,0.6,Unknown,182,,20.0,202.0,3.7422850131988525,341.0,1.9173502204719828
Ethionamide,ethA,ethA_p.Gly182Cys,3) Uncertain significance,p.G182C,0.3333333333333333,Unknown,182,,20.0,202.0,3.7422850131988525,341.0,1.9173502204719828
Ethionamide,ethA,ethA_p.Gly182Ser,3) Uncertain significance,p.G182S,1.0,Unknown,182,,20.0,202.0,3.7422850131988525,341.0,1.9173502204719828
Ethionamide,ethA,ethA_p.Gly184Asp,3) Uncertain significance,p.G184D,0.6666666666666666,Unknown,184,,18.0,202.0,4.9830474853515625,341.0,2.4130185464012768
Ethionamide,ethA,ethA_p.Gly184Val,3) Uncertain significance,p.G184V,0.0,Unknown,184,,18.0,202.0,4.9830474853515625,341.0,2.4130185464012768
Ethionamide,ethA,ethA_p.Gly198Ser,3) Uncertain significance,p.G198S,0.0,Unknown,198,,4.0,202.0,7.125190258026123,202.0,-0.4545452557841872
Ethionamide,ethA,ethA_p.Gly275Glu,3) Uncertain significance,p.G275E,1.0,Unknown,275,,66.0,341.0,16.67094612121582,202.0,0.2847640350595453
Ethionamide,ethA,ethA_p.Gly308Trp,3) Uncertain significance,p.G308W,0.0,Unknown,308,,33.0,341.0,6.359926700592041,202.0,-0.4061814862431305
Ethionamide,ethA,ethA_p.Gly324Ala,3) Uncertain significance,p.G324A,0.0,Unknown,324,,17.0,341.0,12.204846382141113,202.0,-1.3422740562256965
Ethionamide,ethA,ethA_p.Gly324Arg,3) Uncertain significance,p.G324R,0.0,Unknown,324,,17.0,341.0,12.204846382141113,202.0,-1.3422740562256965
Ethionamide,ethA,ethA_p.Gly343Ala,3) Uncertain significance,p.G343A,0.0,Unknown,343,,2.0,341.0,3.3948988914489746,341.0,4.398667283711722
Ethionamide,ethA,ethA_p.Gly343Arg,3) Uncertain significance,p.G343R,1.0,Unknown,343,,2.0,341.0,3.3948988914489746,341.0,4.398667283711722
Ethionamide,ethA,ethA_p.Gly343Glu,3) Uncertain significance,p.G343E,1.0,Unknown,343,,2.0,341.0,3.3948988914489746,341.0,4.398667283711722
Ethionamide,ethA,ethA_p.Gly343Val,3) Uncertain significance,p.G343V,0.25,Unknown,343,,2.0,341.0,3.3948988914489746,341.0,4.398667283711722
Ethionamide,ethA,ethA_p.Gly350Cys,3) Uncertain significance,p.G350C,0.0,Unknown,350,,9.0,341.0,9.059889793395996,35.0,0.6598660997131846
Ethionamide,ethA,ethA_p.Gly350Val,3) Uncertain significance,p.G350V,0.0,Unknown,350,,9.0,341.0,9.059889793395996,35.0,0.6598660997131846
Ethionamide,ethA,ethA_p.Gly351Val,3) Uncertain significance,p.G351V,0.0,Unknown,351,,10.0,341.0,10.993380546569824,35.0,0.3420559402269099
Ethionamide,ethA,ethA_p.Gly371Cys,3) Uncertain significance,p.G371C,0.0,Unknown,371,,8.0,379.0,12.164497375488281,390.0,0.7986447950702216
Ethionamide,ethA,ethA_p.Gly385Ala,3) Uncertain significance,p.G385A,1.0,Unknown,385,,5.0,390.0,5.526553630828857,390.0,1.8888087141419163
Ethionamide,ethA,ethA_p.Gly385Asp,3) Uncertain significance,p.G385D,0.0,Unknown,385,,5.0,390.0,5.526553630828857,390.0,1.8888087141419163
Ethionamide,ethA,ethA_p.Gly413Asp,3) Uncertain significance,p.G413D,0.0,Unknown,413,,10.0,403.0,10.320231437683105,379.0,-1.0705914913625258
Ethionamide,ethA,ethA_p.Gly423Arg,3) Uncertain significance,p.G423R,0.1111111111111111,Unknown,423,,20.0,403.0,18.841716766357422,379.0,-0.7466031298337461
Ethionamide,ethA,ethA_p.Gly423Val,3) Uncertain significance,p.G423V,0.0,Unknown,423,,20.0,403.0,18.841716766357422,379.0,-0.7466031298337461
Ethionamide,ethA,ethA_p.Gly42Asp,3) Uncertain significance,p.G42D,0.0,Unknown,42,,7.0,35.0,9.894735336303711,35.0,2.355853965188866
Ethionamide,ethA,ethA_p.Gly42Cys,3) Uncertain significance,p.G42C,0.5,Unknown,42,,7.0,35.0,9.894735336303711,35.0,2.355853965188866
Ethionamide,ethA,ethA_p.Gly42Ser,3) Uncertain significance,p.G42S,0.0,Unknown,42,,7.0,35.0,9.894735336303711,35.0,2.355853965188866
Ethionamide,ethA,ethA_p.Gly42Val,3) Uncertain significance,p.G42V,1.0,Unknown,42,,7.0,35.0,9.894735336303711,35.0,2.355853965188866
Ethionamide,ethA,ethA_p.Gly43Ala,3) Uncertain significance,p.G43A,0.5,Unknown,43,,8.0,35.0,9.901918411254883,35.0,2.973472584280904
Ethionamide,ethA,ethA_p.Gly43Arg,3) Uncertain significance,p.G43R,0.0,Unknown,43,,8.0,35.0,9.901918411254883,35.0,2.973472584280904
Ethionamide,ethA,ethA_p.Gly43Asp,3) Uncertain significance,p.G43D,0.625,Unknown,43,,8.0,35.0,9.901918411254883,35.0,2.973472584280904
Ethionamide,ethA,ethA_p.Gly43Cys,3) Uncertain significance,p.G43C,0.0,Unknown,43,,8.0,35.0,9.901918411254883,35.0,2.973472584280904
Ethionamide,ethA,ethA_p.Gly43Ser,3) Uncertain significance,p.G43S,0.7,Unknown,43,,8.0,35.0,9.901918411254883,35.0,2.973472584280904
Ethionamide,ethA,ethA_p.Gly43Val,3) Uncertain significance,p.G43V,0.3,Unknown,43,,8.0,35.0,9.901918411254883,35.0,2.973472584280904
Ethionamide,ethA,ethA_p.Gly450Asp,3) Uncertain significance,p.G450D,0.0,Unknown,450,,47.0,403.0,18.864044189453125,379.0,-0.1353894243392313
Ethionamide,ethA,ethA_p.Gly450Cys,3) Uncertain significance,p.G450C,1.0,Unknown,450,,47.0,403.0,18.864044189453125,379.0,-0.1353894243392313
Ethionamide,ethA,ethA_p.Gly450Ser,3) Uncertain significance,p.G450S,0.25,Unknown,450,,47.0,403.0,18.864044189453125,379.0,-0.1353894243392313
Ethionamide,ethA,ethA_p.Gly471Arg,3) Uncertain significance,p.G471R,0.0,Unknown,471,,68.0,403.0,10.456155776977539,403.0,-0.7230680557625592
Ethionamide,ethA,ethA_p.Gly471Val,3) Uncertain significance,p.G471V,1.0,Unknown,471,,68.0,403.0,10.456155776977539,403.0,-0.7230680557625592
Ethionamide,ethA,ethA_p.Gly477Asp,3) Uncertain significance,p.G477D,0.0,Unknown,477,,74.0,403.0,10.577025413513184,379.0,-0.1923169295847548
Ethionamide,ethA,ethA_p.Gly488Val,3) Uncertain significance,p.G488V,0.0,Unknown,488,,85.0,403.0,,,
Ethionamide,ethA,ethA_p.Gly52Arg,3) Uncertain significance,p.G52R,0.0,Unknown,52,,5.0,57.0,10.867402076721191,57.0,2.347931568408148
Ethionamide,ethA,ethA_p.Gly52Glu,3) Uncertain significance,p.G52E,0.0,Unknown,52,,5.0,57.0,10.867402076721191,57.0,2.347931568408148
Ethionamide,ethA,ethA_p.Gly63Asp,3) Uncertain significance,p.G63D,1.0,Unknown,63,,6.0,57.0,6.2918219566345215,390.0,2.997136968461623
Ethionamide,ethA,ethA_p.Gly63Val,3) Uncertain significance,p.G63V,0.0,Unknown,63,,6.0,57.0,6.2918219566345215,390.0,2.997136968461623
Ethionamide,ethA,ethA_p.Gly71Arg,3) Uncertain significance,p.G71R,1.0,Unknown,71,,14.0,57.0,10.7438325881958,57.0,0.3118758388771541
Ethionamide,ethA,ethA_p.Gly78Asp,3) Uncertain significance,p.G78D,0.0,Unknown,78,,10.0,88.0,9.74242877960205,57.0,1.0427131571735522
Ethionamide,ethA,ethA_p.Gly78Ser,3) Uncertain significance,p.G78S,0.3333333333333333,Unknown,78,,10.0,88.0,9.74242877960205,57.0,1.0427131571735522
Ethionamide,ethA,ethA_p.Gly93Arg,3) Uncertain significance,p.G93R,0.0,Unknown,93,,5.0,88.0,5.139803886413574,88.0,1.1676197746782493
Ethionamide,ethA,ethA_p.His102Pro,3) Uncertain significance,p.H102P,0.6666666666666666,Unknown,102,,14.0,88.0,3.8699193000793457,35.0,-1.0744513190584497
Ethionamide,ethA,ethA_p.His119Arg,3) Uncertain significance,p.H119R,0.0,Unknown,119,,31.0,88.0,6.410385608673096,35.0,-1.0357901343590945
Ethionamide,ethA,ethA_p.His119Pro,3) Uncertain significance,p.H119P,0.5,Unknown,119,,31.0,88.0,6.410385608673096,35.0,-1.0357901343590945
Ethionamide,ethA,ethA_p.His163Asp,3) Uncertain significance,p.H163D,1.0,Unknown,163,,39.0,202.0,5.4411211013793945,341.0,1.9276082231199012
Ethionamide,ethA,ethA_p.His166Pro,3) Uncertain significance,p.H166P,0.6666666666666666,Unknown,166,,36.0,202.0,9.709012031555176,341.0,2.281986784651016
Ethionamide,ethA,ethA_p.His201Pro,3) Uncertain significance,p.H201P,1.0,Unknown,201,,1.0,202.0,1.332674503326416,202.0,-0.007971909637291
Ethionamide,ethA,ethA_p.His22Asp,3) Uncertain significance,p.H22D,0.0,Unknown,22,,13.0,35.0,3.4988417625427246,403.0,1.7524392323666502
Ethionamide,ethA,ethA_p.His22Gln,3) Uncertain significance,p.H22Q,1.0,Unknown,22,,13.0,35.0,3.4988417625427246,403.0,1.7524392323666502
Ethionamide,ethA,ethA_p.His22Pro,3) Uncertain significance,p.H22P,0.0,Unknown,22,,13.0,35.0,3.4988417625427246,403.0,1.7524392323666502
Ethionamide,ethA,ethA_p.His22Tyr,3) Uncertain significance,p.H22Y,0.0,Unknown,22,,13.0,35.0,3.4988417625427246,403.0,1.7524392323666502
Ethionamide,ethA,ethA_p.His281Arg,3) Uncertain significance,p.H281R,0.3,Unknown,281,,60.0,341.0,8.59305191040039,207.0,1.5744854551480256
Ethionamide,ethA,ethA_p.His281Gln,3) Uncertain significance,p.H281Q,0.0,Unknown,281,,60.0,341.0,8.59305191040039,207.0,1.5744854551480256
Ethionamide,ethA,ethA_p.His281Pro,3) Uncertain significance,p.H281P,0.7130620985010707,Unknown,281,,60.0,341.0,8.59305191040039,207.0,1.5744854551480256
Ethionamide,ethA,ethA_p.His285Pro,3) Uncertain significance,p.H285P,0.0,Unknown,285,,56.0,341.0,6.3799872398376465,207.0,2.972933612110021
Ethionamide,ethA,ethA_p.His307Gln,3) Uncertain significance,p.H307Q,0.0,Unknown,307,,34.0,341.0,9.566787719726562,202.0,-0.8347379707619947
Ethionamide,ethA,ethA_p.His307Pro,3) Uncertain significance,p.H307P,1.0,Unknown,307,,34.0,341.0,9.566787719726562,202.0,-0.8347379707619947
Ethionamide,ethA,ethA_p.His4Arg,3) Uncertain significance,p.H4R,1.0,Unknown,4,,31.0,35.0,9.067216873168945,379.0,-0.9252919616625648
Ethionamide,ethA,ethA_p.His4Asn,3) Uncertain significance,p.H4N,0.0,Unknown,4,,31.0,35.0,9.067216873168945,379.0,-0.9252919616625648
Ethionamide,ethA,ethA_p.Ile105Leu,3) Uncertain significance,p.I105L,0.2222222222222222,Unknown,105,,17.0,88.0,7.663052082061768,35.0,-1.2437264466814042
Ethionamide,ethA,ethA_p.Ile120Asn,3) Uncertain significance,p.I120N,0.0,Unknown,120,,32.0,88.0,3.5237841606140137,35.0,-0.9686321926519948
Ethionamide,ethA,ethA_p.Ile120Val,3) Uncertain significance,p.I120V,0.0,Unknown,120,,32.0,88.0,3.5237841606140137,35.0,-0.9686321926519948
Ethionamide,ethA,ethA_p.Ile161Ser,3) Uncertain significance,p.I161S,1.0,Unknown,161,,41.0,202.0,8.22970199584961,341.0,-0.7179445740774993
Ethionamide,ethA,ethA_p.Ile161Thr,3) Uncertain significance,p.I161T,0.0,Unknown,161,,41.0,202.0,8.22970199584961,341.0,-0.7179445740774993
Ethionamide,ethA,ethA_p.Ile161Val,3) Uncertain significance,p.I161V,0.2222222222222222,Unknown,161,,41.0,202.0,8.22970199584961,341.0,-0.7179445740774993
Ethionamide,ethA,ethA_p.Ile162Ser,3) Uncertain significance,p.I162S,0.0,Unknown,162,,40.0,202.0,5.200225353240967,341.0,0.8098988648288166
Ethionamide,ethA,ethA_p.Ile178Ser,3) Uncertain significance,p.I178S,0.0,Unknown,178,,24.0,202.0,3.369072198867798,202.0,-0.3943440397837963
Ethionamide,ethA,ethA_p.Ile178Val,3) Uncertain significance,p.I178V,0.0,Unknown,178,,24.0,202.0,3.369072198867798,202.0,-0.3943440397837963
Ethionamide,ethA,ethA_p.Ile181Ser,3) Uncertain significance,p.I181S,1.0,Unknown,181,,21.0,202.0,2.925218343734741,341.0,1.5282705893531252
Ethionamide,ethA,ethA_p.Ile212Met,3) Uncertain significance,p.I212M,1.0,Unknown,212,,5.0,207.0,11.985276222229004,207.0,2.3924999830900973
Ethionamide,ethA,ethA_p.Ile305Ser,3) Uncertain significance,p.I305S,0.5,Unknown,305,,36.0,341.0,7.196394443511963,202.0,0.1444872051181991
Ethionamide,ethA,ethA_p.Ile325Asn,3) Uncertain significance,p.I325N,0.0,Unknown,325,,16.0,341.0,9.743003845214844,341.0,-1.356734833596282
Ethionamide,ethA,ethA_p.Ile337Val,3) Uncertain significance,p.I337V,0.0,Unknown,337,,4.0,341.0,7.89056921005249,202.0,-1.066331610852328
Ethionamide,ethA,ethA_p.Ile338Leu,3) Uncertain significance,p.I338L,0.0,Unknown,338,,3.0,341.0,6.930360317230225,341.0,-0.480365127443637
Ethionamide,ethA,ethA_p.Ile338Met,3) Uncertain significance,p.I338M,0.0,Unknown,338,,3.0,341.0,6.930360317230225,341.0,-0.480365127443637
Ethionamide,ethA,ethA_p.Ile338Ser,3) Uncertain significance,p.I338S,0.75,Unknown,338,,3.0,341.0,6.930360317230225,341.0,-0.480365127443637
Ethionamide,ethA,ethA_p.Ile339Ser,3) Uncertain significance,p.I339S,0.0,Unknown,339,,2.0,341.0,3.236957550048828,341.0,0.8787368110055918
Ethionamide,ethA,ethA_p.Ile34Met,3) Uncertain significance,p.I34M,0.0,Unknown,34,,1.0,35.0,1.3284764289855957,35.0,0.986154844457644
Ethionamide,ethA,ethA_p.Ile34Ser,3) Uncertain significance,p.I34S,1.0,Unknown,34,,1.0,35.0,1.3284764289855957,35.0,0.986154844457644
Ethionamide,ethA,ethA_p.Ile34Thr,3) Uncertain significance,p.I34T,0.4,Unknown,34,,1.0,35.0,1.3284764289855957,35.0,0.986154844457644
Ethionamide,ethA,ethA_p.Ile356Thr,3) Uncertain significance,p.I356T,1.0,Unknown,356,,15.0,341.0,8.287931442260742,379.0,0.4579614546509429
Ethionamide,ethA,ethA_p.Ile377Lys,3) Uncertain significance,p.I377K,0.0,Unknown,377,,2.0,379.0,3.8766090869903564,379.0,1.523550376582474
Ethionamide,ethA,ethA_p.Ile473Ser,3) Uncertain significance,p.I473S,1.0,Unknown,473,,70.0,403.0,6.7194743156433105,403.0,-0.9094989468529052
Ethionamide,ethA,ethA_p.Ile75Thr,3) Uncertain significance,p.I75T,1.0,Unknown,75,,13.0,88.0,3.6557326316833496,57.0,1.6957202910398783
Ethionamide,ethA,ethA_p.Ile81Thr,3) Uncertain significance,p.I81T,1.0,Unknown,81,,7.0,88.0,6.121882438659668,57.0,2.1309000896231924
Ethionamide,ethA,ethA_p.Ile94Ser,3) Uncertain significance,p.I94S,0.25,Unknown,94,,6.0,88.0,4.827382564544678,88.0,0.4390550375697594
Ethionamide,ethA,ethA_p.Ile98Val,3) Uncertain significance,p.I98V,0.0,Unknown,98,,10.0,88.0,5.571154594421387,35.0,0.2259232746345694
Ethionamide,ethA,ethA_p.Ile9Ser,3) Uncertain significance,p.I9S,1.0,Unknown,9,,26.0,35.0,2.8388009071350098,35.0,0.8743590453886357
Ethionamide,ethA,ethA_p.Ile9Thr,3) Uncertain significance,p.I9T,0.1428571428571428,Unknown,9,,26.0,35.0,2.8388009071350098,35.0,0.8743590453886357
Ethionamide,ethA,ethA_p.Leu126Phe,3) Uncertain significance,p.L126F,0.0,Unknown,126,,38.0,88.0,11.195416450500488,35.0,-1.472639838419939
Ethionamide,ethA,ethA_p.Leu129Arg,3) Uncertain significance,p.L129R,0.75,Unknown,129,,41.0,88.0,4.337658405303955,35.0,-0.8543331985795347
Ethionamide,ethA,ethA_p.Leu129Pro,3) Uncertain significance,p.L129P,0.0,Unknown,129,,41.0,88.0,4.337658405303955,35.0,-0.8543331985795347
Ethionamide,ethA,ethA_p.Leu134Arg,3) Uncertain significance,p.L134R,0.4285714285714285,Unknown,134,,46.0,88.0,2.9373838901519775,379.0,-0.3025252845458603
Ethionamide,ethA,ethA_p.Leu134His,3) Uncertain significance,p.L134H,1.0,Unknown,134,,46.0,88.0,2.9373838901519775,379.0,-0.3025252845458603
Ethionamide,ethA,ethA_p.Leu134Pro,3) Uncertain significance,p.L134P,0.4285714285714285,Unknown,134,,46.0,88.0,2.9373838901519775,379.0,-0.3025252845458603
Ethionamide,ethA,ethA_p.Leu136Arg,3) Uncertain significance,p.L136R,0.4285714285714285,Unknown,136,,48.0,88.0,7.801689147949219,379.0,2.2891538507360694
Ethionamide,ethA,ethA_p.Leu171Phe,3) Uncertain significance,p.L171F,0.0,Unknown,171,,31.0,202.0,10.894617080688477,202.0,-0.6432528021258535
Ethionamide,ethA,ethA_p.Leu190Phe,3) Uncertain significance,p.L190F,1.0,Unknown,190,,12.0,202.0,5.264822959899902,341.0,2.680859496092044
Ethionamide,ethA,ethA_p.Leu190Pro,3) Uncertain significance,p.L190P,0.6,Unknown,190,,12.0,202.0,5.264822959899902,341.0,2.680859496092044
Ethionamide,ethA,ethA_p.Leu194Arg,3) Uncertain significance,p.L194R,1.0,Unknown,194,,8.0,202.0,3.8980326652526855,202.0,0.7004126959718301
Ethionamide,ethA,ethA_p.Leu194Pro,3) Uncertain significance,p.L194P,0.8,Unknown,194,,8.0,202.0,3.8980326652526855,202.0,0.7004126959718301
Ethionamide,ethA,ethA_p.Leu205Arg,3) Uncertain significance,p.L205R,0.0,Unknown,205,,2.0,207.0,4.444082260131836,207.0,1.572311291008164
Ethionamide,ethA,ethA_p.Leu205Pro,3) Uncertain significance,p.L205P,0.8333333333333334,Unknown,205,,2.0,207.0,4.444082260131836,207.0,1.572311291008164
Ethionamide,ethA,ethA_p.Leu225Arg,3) Uncertain significance,p.L225R,1.0,Unknown,225,,18.0,207.0,16.197551727294922,57.0,-0.5406677301648365
Ethionamide,ethA,ethA_p.Leu225His,3) Uncertain significance,p.L225H,0.0,Unknown,225,,18.0,207.0,16.197551727294922,57.0,-0.5406677301648365
Ethionamide,ethA,ethA_p.Leu225Pro,3) Uncertain significance,p.L225P,0.25,Unknown,225,,18.0,207.0,16.197551727294922,57.0,-0.5406677301648365
Ethionamide,ethA,ethA_p.Leu229Arg,3) Uncertain significance,p.L229R,0.6666666666666666,Unknown,229,,22.0,207.0,19.280729293823242,88.0,-0.2338592090709696
Ethionamide,ethA,ethA_p.Leu23Arg,3) Uncertain significance,p.L23R,0.6,Unknown,23,,12.0,35.0,3.7140185832977295,403.0,1.2755318771128967
Ethionamide,ethA,ethA_p.Leu23Pro,3) Uncertain significance,p.L23P,1.0,Unknown,23,,12.0,35.0,3.7140185832977295,403.0,1.2755318771128967
Ethionamide,ethA,ethA_p.Leu244Pro,3) Uncertain significance,p.L244P,0.3333333333333333,Unknown,244,,37.0,207.0,10.008572578430176,390.0,0.8551039475460838
Ethionamide,ethA,ethA_p.Leu272Pro,3) Uncertain significance,p.L272P,0.0,Unknown,272,,65.0,207.0,11.637919425964355,202.0,-0.1029935409107466
Ethionamide,ethA,ethA_p.Leu295Trp,3) Uncertain significance,p.L295W,1.0,Unknown,295,,46.0,341.0,5.109040260314941,57.0,2.360733271421189
Ethionamide,ethA,ethA_p.Leu301Arg,3) Uncertain significance,p.L301R,0.0,Unknown,301,,40.0,341.0,7.368564128875732,202.0,1.3830276040036342
Ethionamide,ethA,ethA_p.Leu301Pro,3) Uncertain significance,p.L301P,0.0,Unknown,301,,40.0,341.0,7.368564128875732,202.0,1.3830276040036342
Ethionamide,ethA,ethA_p.Leu333Pro,3) Uncertain significance,p.L333P,0.0,Unknown,333,,8.0,341.0,8.488992691040039,202.0,-0.770596397759459
Ethionamide,ethA,ethA_p.Leu344Phe,3) Uncertain significance,p.L344F,1.0,Unknown,344,,3.0,341.0,6.952380180358887,341.0,2.6827679274155205
Ethionamide,ethA,ethA_p.Leu344Ser,3) Uncertain significance,p.L344S,0.0,Unknown,344,,3.0,341.0,6.952380180358887,341.0,2.6827679274155205
Ethionamide,ethA,ethA_p.Leu348Ile,3) Uncertain significance,p.L348I,1.0,Unknown,348,,7.0,341.0,12.306741714477539,35.0,1.5167635050841022
Ethionamide,ethA,ethA_p.Leu348Phe,3) Uncertain significance,p.L348F,0.0909090909090909,Unknown,348,,7.0,341.0,12.306741714477539,35.0,1.5167635050841022
Ethionamide,ethA,ethA_p.Leu348Pro,3) Uncertain significance,p.L348P,1.0,Unknown,348,,7.0,341.0,12.306741714477539,35.0,1.5167635050841022
Ethionamide,ethA,ethA_p.Leu35Arg,2) Assoc w R - Interim,p.L35R,0.8571428571428571,Resistant,35,,22.0,57.0,12.849584579467773,379.0,0.3459585180902346
Ethionamide,ethA,ethA_p.Leu35Pro,3) Uncertain significance,p.L35P,0.5,Unknown,35,,22.0,57.0,12.849584579467773,379.0,0.3459585180902346
Ethionamide,ethA,ethA_p.Leu35Val,3) Uncertain significance,p.L35V,0.2,Unknown,35,,22.0,57.0,12.849584579467773,379.0,0.3459585180902346
Ethionamide,ethA,ethA_p.Leu374Arg,3) Uncertain significance,p.L374R,0.6666666666666666,Unknown,374,,5.0,379.0,7.361969947814941,379.0,0.9540965587265418
Ethionamide,ethA,ethA_p.Leu374His,3) Uncertain significance,p.L374H,0.3333333333333333,Unknown,374,,5.0,379.0,7.361969947814941,379.0,0.9540965587265418
Ethionamide,ethA,ethA_p.Leu374Phe,3) Uncertain significance,p.L374F,0.0,Unknown,374,,5.0,379.0,7.361969947814941,379.0,0.9540965587265418
Ethionamide,ethA,ethA_p.Leu393Arg,3) Uncertain significance,p.L393R,1.0,Unknown,393,,3.0,390.0,3.2136597633361816,390.0,2.109195758235684
Ethionamide,ethA,ethA_p.Leu393Pro,3) Uncertain significance,p.L393P,1.0,Unknown,393,,3.0,390.0,3.2136597633361816,390.0,2.109195758235684
Ethionamide,ethA,ethA_p.Leu393Val,3) Uncertain significance,p.L393V,0.0,Unknown,393,,3.0,390.0,3.2136597633361816,390.0,2.109195758235684
Ethionamide,ethA,ethA_p.Leu397Arg,3) Uncertain significance,p.L397R,0.6666666666666666,Unknown,397,,6.0,403.0,7.056672096252441,403.0,0.4141040950710216
Ethionamide,ethA,ethA_p.Leu397Pro,3) Uncertain significance,p.L397P,0.5,Unknown,397,,6.0,403.0,7.056672096252441,403.0,0.4141040950710216
Ethionamide,ethA,ethA_p.Leu405Ser,3) Uncertain significance,p.L405S,0.0,Unknown,405,,2.0,403.0,3.3148090839385986,403.0,-0.4874778012285541
Ethionamide,ethA,ethA_p.Leu406Ser,3) Uncertain significance,p.L406S,1.0,Unknown,406,,3.0,403.0,3.456997871398926,403.0,-0.3085092184605275
Ethionamide,ethA,ethA_p.Leu440Pro,3) Uncertain significance,p.L440P,0.125,Unknown,440,,37.0,403.0,8.678997993469238,207.0,0.1625221631470188
Ethionamide,ethA,ethA_p.Leu443Pro,3) Uncertain significance,p.L443P,0.0,Unknown,443,,40.0,403.0,14.130274772644043,207.0,0.4068113113537135
Ethionamide,ethA,ethA_p.Leu478Arg,3) Uncertain significance,p.L478R,0.2,Unknown,478,,75.0,403.0,8.322787284851074,379.0,-0.7107523010559349
Ethionamide,ethA,ethA_p.Leu47Ser,3) Uncertain significance,p.L47S,1.0,Unknown,47,,10.0,57.0,13.03359317779541,341.0,1.8673377788281469
Ethionamide,ethA,ethA_p.Leu5Phe,3) Uncertain significance,p.L5F,0.0,Unknown,5,,30.0,35.0,6.448889255523682,35.0,-0.938907564091693
Ethionamide,ethA,ethA_p.Leu62Arg,3) Uncertain significance,p.L62R,0.6666666666666666,Unknown,62,,5.0,57.0,3.776578903198242,390.0,2.9456141481569458
Ethionamide,ethA,ethA_p.Leu62Gln,3) Uncertain significance,p.L62Q,0.0,Unknown,62,,5.0,57.0,3.776578903198242,390.0,2.9456141481569458
Ethionamide,ethA,ethA_p.Leu62Ile,3) Uncertain significance,p.L62I,0.0,Unknown,62,,5.0,57.0,3.776578903198242,390.0,2.9456141481569458
Ethionamide,ethA,ethA_p.Leu62Pro,3) Uncertain significance,p.L62P,0.6666666666666666,Unknown,62,,5.0,57.0,3.776578903198242,390.0,2.9456141481569458
Ethionamide,ethA,ethA_p.Leu82Arg,3) Uncertain significance,p.L82R,0.0,Unknown,82,,6.0,88.0,6.705864429473877,88.0,0.5752718704814258
Ethionamide,ethA,ethA_p.Leu82Pro,3) Uncertain significance,p.L82P,1.0,Unknown,82,,6.0,88.0,6.705864429473877,88.0,0.5752718704814258
Ethionamide,ethA,ethA_p.Lys200Arg,3) Uncertain significance,p.K200R,0.0,Unknown,200,,2.0,202.0,4.667004108428955,202.0,-1.1640459251960928
Ethionamide,ethA,ethA_p.Lys241Thr,3) Uncertain significance,p.K241T,1.0,Unknown,241,,34.0,207.0,10.549604415893555,390.0,1.5340875834913288
Ethionamide,ethA,ethA_p.Lys280Thr,3) Uncertain significance,p.K280T,1.0,Unknown,280,,61.0,341.0,6.937547206878662,207.0,4.068841183885763
Ethionamide,ethA,ethA_p.Lys370Thr,3) Uncertain significance,p.K370T,0.8,Unknown,370,,9.0,379.0,11.459894180297852,403.0,-0.2113167216771169
Ethionamide,ethA,ethA_p.Lys394Thr,3) Uncertain significance,p.K394T,0.0,Unknown,394,,4.0,390.0,4.121711730957031,390.0,1.572670599882551
Ethionamide,ethA,ethA_p.Met204Arg,3) Uncertain significance,p.M204R,0.0,Unknown,204,,2.0,202.0,3.9063730239868164,202.0,1.7154750456260812
Ethionamide,ethA,ethA_p.Met204Thr,3) Uncertain significance,p.M204T,0.25,Unknown,204,,2.0,202.0,3.9063730239868164,202.0,1.7154750456260812
Ethionamide,ethA,ethA_p.Met204Val,3) Uncertain significance,p.M204V,0.9,Unknown,204,,2.0,202.0,3.9063730239868164,202.0,1.7154750456260812
Ethionamide,ethA,ethA_p.Met233Ile,3) Uncertain significance,p.M233I,0.0,Unknown,233,,26.0,207.0,16.47673797607422,88.0,-0.4040840754037204
Ethionamide,ethA,ethA_p.Met233Val,3) Uncertain significance,p.M233V,0.0,Unknown,233,,26.0,207.0,16.47673797607422,88.0,-0.4040840754037204
Ethionamide,ethA,ethA_p.Met260Ile,3) Uncertain significance,p.M260I,0.0,Unknown,260,,53.0,207.0,16.332368850708008,57.0,1.9664026860609956
Ethionamide,ethA,ethA_p.Met263Thr,3) Uncertain significance,p.M263T,0.0,Unknown,263,,56.0,207.0,17.154794692993164,57.0,0.8661207457292855
Ethionamide,ethA,ethA_p.Met372Arg,3) Uncertain significance,p.M372R,0.5,Unknown,372,,7.0,379.0,8.239456176757812,403.0,0.2194906873167706
Ethionamide,ethA,ethA_p.Met372Thr,3) Uncertain significance,p.M372T,0.0,Unknown,372,,7.0,379.0,8.239456176757812,403.0,0.2194906873167706
Ethionamide,ethA,ethA_p.Met373Ile,3) Uncertain significance,p.M373I,0.5,Unknown,373,,6.0,379.0,5.112804412841797,379.0,0.2840850178553772
Ethionamide,ethA,ethA_p.Met373Thr,3) Uncertain significance,p.M373T,0.0,Unknown,373,,6.0,379.0,5.112804412841797,379.0,0.2840850178553772
Ethionamide,ethA,ethA_p.Met373Val,3) Uncertain significance,p.M373V,0.0,Unknown,373,,6.0,379.0,5.112804412841797,379.0,0.2840850178553772
Ethionamide,ethA,ethA_p.Met380Ile,3) Uncertain significance,p.M380I,1.0,Unknown,380,,1.0,379.0,1.3306655883789062,379.0,0.8665351760909183
Ethionamide,ethA,ethA_p.Met409Arg,3) Uncertain significance,p.M409R,1.0,Unknown,409,,6.0,403.0,3.8791816234588623,379.0,-0.8469128654854116
Ethionamide,ethA,ethA_p.Met409Ile,3) Uncertain significance,p.M409I,0.0,Unknown,409,,6.0,403.0,3.8791816234588623,379.0,-0.8469128654854116
Ethionamide,ethA,ethA_p.Met409Thr,3) Uncertain significance,p.M409T,0.2,Unknown,409,,6.0,403.0,3.8791816234588623,379.0,-0.8469128654854116
Ethionamide,ethA,ethA_p.Met41Arg,3) Uncertain significance,p.M41R,0.75,Unknown,41,,6.0,35.0,6.399873733520508,88.0,2.35241438708554
Ethionamide,ethA,ethA_p.Met41Ile,3) Uncertain significance,p.M41I,0.0,Unknown,41,,6.0,35.0,6.399873733520508,88.0,2.35241438708554
Ethionamide,ethA,ethA_p.Met59Arg,3) Uncertain significance,p.M59R,1.0,Unknown,59,,2.0,57.0,3.7708325386047363,57.0,2.136478343615296
Ethionamide,ethA,ethA_p.Met59Thr,3) Uncertain significance,p.M59T,0.0,Unknown,59,,2.0,57.0,3.7708325386047363,57.0,2.136478343615296
Ethionamide,ethA,ethA_p.Phe133Ser,3) Uncertain significance,p.F133S,1.0,Unknown,133,,45.0,88.0,3.435375452041626,379.0,0.3448948966484915
Ethionamide,ethA,ethA_p.Phe151Leu,3) Uncertain significance,p.F151L,0.0,Unknown,151,,51.0,202.0,7.296307563781738,341.0,0.1432184610434631
Ethionamide,ethA,ethA_p.Phe157Ser,3) Uncertain significance,p.F157S,1.0,Unknown,157,,45.0,202.0,12.344586372375488,341.0,-1.825422938447388
Ethionamide,ethA,ethA_p.Phe264Leu,3) Uncertain significance,p.F264L,0.0,Unknown,264,,57.0,207.0,14.130762100219727,57.0,0.9627169925583317
Ethionamide,ethA,ethA_p.Phe264Ser,3) Uncertain significance,p.F264S,1.0,Unknown,264,,57.0,207.0,14.130762100219727,57.0,0.9627169925583317
Ethionamide,ethA,ethA_p.Phe282Leu,3) Uncertain significance,p.F282L,0.0,Unknown,282,,59.0,341.0,9.671162605285645,207.0,3.1695148499147416
Ethionamide,ethA,ethA_p.Phe282Ser,3) Uncertain significance,p.F282S,0.0,Unknown,282,,59.0,341.0,9.671162605285645,207.0,3.1695148499147416
Ethionamide,ethA,ethA_p.Phe282Val,3) Uncertain significance,p.F282V,0.5789473684210527,Unknown,282,,59.0,341.0,9.671162605285645,207.0,3.1695148499147416
Ethionamide,ethA,ethA_p.Phe302Leu,3) Uncertain significance,p.F302L,1.0,Unknown,302,,39.0,341.0,10.751511573791504,202.0,0.0066370745314164
Ethionamide,ethA,ethA_p.Phe302Ser,3) Uncertain significance,p.F302S,0.5,Unknown,302,,39.0,341.0,10.751511573791504,202.0,0.0066370745314164
Ethionamide,ethA,ethA_p.Phe302Val,3) Uncertain significance,p.F302V,0.1428571428571428,Unknown,302,,39.0,341.0,10.751511573791504,202.0,0.0066370745314164
Ethionamide,ethA,ethA_p.Phe320Ser,3) Uncertain significance,p.F320S,0.0,Unknown,320,,21.0,341.0,9.12960433959961,341.0,-1.1287501824547788
Ethionamide,ethA,ethA_p.Phe401Val,3) Uncertain significance,p.F401V,1.0,Unknown,401,,2.0,403.0,3.3100600242614746,403.0,-0.1066614960420314
Ethionamide,ethA,ethA_p.Phe414Leu,3) Uncertain significance,p.F414L,0.0,Unknown,414,,11.0,403.0,7.008386135101318,379.0,-1.1919587199705606
Ethionamide,ethA,ethA_p.Phe431Leu,3) Uncertain significance,p.F431L,0.5,Unknown,431,,28.0,403.0,14.181178092956543,390.0,0.6742464008825103
Ethionamide,ethA,ethA_p.Phe431Ser,3) Uncertain significance,p.F431S,0.0,Unknown,431,,28.0,403.0,14.181178092956543,390.0,0.6742464008825103
Ethionamide,ethA,ethA_p.Phe48Ser,3) Uncertain significance,p.F48S,1.0,Unknown,48,,9.0,57.0,8.68663501739502,341.0,2.175978509999191
Ethionamide,ethA,ethA_p.Phe48Val,3) Uncertain significance,p.F48V,1.0,Unknown,48,,9.0,57.0,8.68663501739502,341.0,2.175978509999191
Ethionamide,ethA,ethA_p.Phe64Cys,3) Uncertain significance,p.F64C,0.0,Unknown,64,,7.0,57.0,3.7021076679229736,88.0,1.7513368505487774
Ethionamide,ethA,ethA_p.Phe64Leu,3) Uncertain significance,p.F64L,0.0,Unknown,64,,7.0,57.0,3.7021076679229736,88.0,1.7513368505487774
Ethionamide,ethA,ethA_p.Phe64Ser,3) Uncertain significance,p.F64S,0.0,Unknown,64,,7.0,57.0,3.7021076679229736,88.0,1.7513368505487774
Ethionamide,ethA,ethA_p.Phe66Leu,3) Uncertain significance,p.F66L,1.0,Unknown,66,,9.0,57.0,3.7531819343566895,88.0,1.3033698484999
Ethionamide,ethA,ethA_p.Pro160Ser,3) Uncertain significance,p.P160S,1.0,Unknown,160,,42.0,202.0,10.562545776367188,341.0,-0.9396203908965368
Ethionamide,ethA,ethA_p.Pro160Thr,3) Uncertain significance,p.P160T,0.0,Unknown,160,,42.0,202.0,10.562545776367188,341.0,-0.9396203908965368
Ethionamide,ethA,ethA_p.Pro164Gln,3) Uncertain significance,p.P164Q,1.0,Unknown,164,,38.0,202.0,3.886763095855713,341.0,3.254047488309844
Ethionamide,ethA,ethA_p.Pro164Leu,3) Uncertain significance,p.P164L,0.5,Unknown,164,,38.0,202.0,3.886763095855713,341.0,3.254047488309844
Ethionamide,ethA,ethA_p.Pro192Leu,3) Uncertain significance,p.P192L,0.5714285714285714,Unknown,192,,10.0,202.0,5.969926357269287,202.0,0.2688367090664198
Ethionamide,ethA,ethA_p.Pro192Ser,3) Uncertain significance,p.P192S,0.1875,Unknown,192,,10.0,202.0,5.969926357269287,202.0,0.2688367090664198
Ethionamide,ethA,ethA_p.Pro192Thr,3) Uncertain significance,p.P192T,0.3888888888888889,Unknown,192,,10.0,202.0,5.969926357269287,202.0,0.2688367090664198
Ethionamide,ethA,ethA_p.Pro209Ser,3) Uncertain significance,p.P209S,1.0,Unknown,209,,2.0,207.0,4.492180824279785,207.0,3.4988344972360323
Ethionamide,ethA,ethA_p.Pro230Gln,3) Uncertain significance,p.P230Q,1.0,Unknown,230,,23.0,207.0,17.262392044067383,88.0,-0.3273313529299019
Ethionamide,ethA,ethA_p.Pro230Leu,3) Uncertain significance,p.P230L,0.3333333333333333,Unknown,230,,23.0,207.0,17.262392044067383,88.0,-0.3273313529299019
Ethionamide,ethA,ethA_p.Pro257Ala,3) Uncertain significance,p.P257A,0.5,Unknown,257,,50.0,207.0,19.256622314453125,207.0,2.4824612379048983
Ethionamide,ethA,ethA_p.Pro257Arg,3) Uncertain significance,p.P257R,0.6666666666666666,Unknown,257,,50.0,207.0,19.256622314453125,207.0,2.4824612379048983
Ethionamide,ethA,ethA_p.Pro257Gln,3) Uncertain significance,p.P257Q,1.0,Unknown,257,,50.0,207.0,19.256622314453125,207.0,2.4824612379048983
Ethionamide,ethA,ethA_p.Pro257Leu,3) Uncertain significance,p.P257L,1.0,Unknown,257,,50.0,207.0,19.256622314453125,207.0,2.4824612379048983
Ethionamide,ethA,ethA_p.Pro257Ser,3) Uncertain significance,p.P257S,0.3076923076923077,Unknown,257,,50.0,207.0,19.256622314453125,207.0,2.4824612379048983
Ethionamide,ethA,ethA_p.Pro257Thr,3) Uncertain significance,p.P257T,1.0,Unknown,257,,50.0,207.0,19.256622314453125,207.0,2.4824612379048983
Ethionamide,ethA,ethA_p.Pro273Arg,3) Uncertain significance,p.P273R,1.0,Unknown,273,,66.0,207.0,12.509915351867676,202.0,-0.3552888508895955
Ethionamide,ethA,ethA_p.Pro273Leu,3) Uncertain significance,p.P273L,0.8,Unknown,273,,66.0,207.0,12.509915351867676,202.0,-0.3552888508895955
Ethionamide,ethA,ethA_p.Pro273Ser,3) Uncertain significance,p.P273S,0.0,Unknown,273,,66.0,207.0,12.509915351867676,202.0,-0.3552888508895955
Ethionamide,ethA,ethA_p.Pro288Arg,3) Uncertain significance,p.P288R,0.0,Unknown,288,,53.0,341.0,14.800990104675293,390.0,1.671018928225783
Ethionamide,ethA,ethA_p.Pro288Ser,3) Uncertain significance,p.P288S,1.0,Unknown,288,,53.0,341.0,14.800990104675293,390.0,1.671018928225783
Ethionamide,ethA,ethA_p.Pro297Ser,3) Uncertain significance,p.P297S,1.0,Unknown,297,,44.0,341.0,9.3845796585083,57.0,0.2102926811131956
Ethionamide,ethA,ethA_p.Pro334Ala,3) Uncertain significance,p.P334A,0.2115384615384615,Unknown,334,,7.0,341.0,7.707076072692871,202.0,-1.3829865661015528
Ethionamide,ethA,ethA_p.Pro378Leu,3) Uncertain significance,p.P378L,0.3617021276595745,Unknown,378,,1.0,379.0,1.337088942527771,379.0,-0.133156733951137
Ethionamide,ethA,ethA_p.Pro378Ser,3) Uncertain significance,p.P378S,0.0,Unknown,378,,1.0,379.0,1.337088942527771,379.0,-0.133156733951137
Ethionamide,ethA,ethA_p.Pro422Leu,3) Uncertain significance,p.P422L,1.0,Unknown,422,,19.0,403.0,15.463991165161133,379.0,-0.1425845596518822
Ethionamide,ethA,ethA_p.Pro436Ala,3) Uncertain significance,p.P436A,0.0,Unknown,436,,33.0,403.0,8.093753814697266,207.0,1.1433217415818333
Ethionamide,ethA,ethA_p.Pro436Leu,3) Uncertain significance,p.P436L,1.0,Unknown,436,,33.0,403.0,8.093753814697266,207.0,1.1433217415818333
Ethionamide,ethA,ethA_p.Pro447Leu,3) Uncertain significance,p.P447L,0.8333333333333334,Unknown,447,,44.0,403.0,14.711736679077148,379.0,0.5967057911294933
Ethionamide,ethA,ethA_p.Pro447Ser,3) Uncertain significance,p.P447S,0.1666666666666666,Unknown,447,,44.0,403.0,14.711736679077148,379.0,0.5967057911294933
Ethionamide,ethA,ethA_p.Pro447Thr,3) Uncertain significance,p.P447T,0.0,Unknown,447,,44.0,403.0,14.711736679077148,379.0,0.5967057911294933
Ethionamide,ethA,ethA_p.Pro454Leu,3) Uncertain significance,p.P454L,0.4166666666666667,Unknown,454,,51.0,403.0,15.867571830749512,379.0,0.8589011783591196
Ethionamide,ethA,ethA_p.Pro454Ser,3) Uncertain significance,p.P454S,1.0,Unknown,454,,51.0,403.0,15.867571830749512,379.0,0.8589011783591196
Ethionamide,ethA,ethA_p.Pro454Thr,3) Uncertain significance,p.P454T,0.0,Unknown,454,,51.0,403.0,15.867571830749512,379.0,0.8589011783591196
Ethionamide,ethA,ethA_p.Pro51Arg,3) Uncertain significance,p.P51R,0.4,Unknown,51,,6.0,57.0,9.780694007873535,202.0,0.948410335977174
Ethionamide,ethA,ethA_p.Pro51His,3) Uncertain significance,p.P51H,0.375,Unknown,51,,6.0,57.0,9.780694007873535,202.0,0.948410335977174
Ethionamide,ethA,ethA_p.Pro51Leu,3) Uncertain significance,p.P51L,0.2,Unknown,51,,6.0,57.0,9.780694007873535,202.0,0.948410335977174
Ethionamide,ethA,ethA_p.Pro51Ser,3) Uncertain significance,p.P51S,0.0,Unknown,51,,6.0,57.0,9.780694007873535,202.0,0.948410335977174
Ethionamide,ethA,ethA_p.Pro68Leu,3) Uncertain significance,p.P68L,0.0,Unknown,68,,11.0,57.0,6.84446382522583,88.0,1.5972685618799487
Ethionamide,ethA,ethA_p.Ser110Pro,3) Uncertain significance,p.S110P,0.0,Unknown,110,,22.0,88.0,8.120816230773926,379.0,-0.7186600480834358
Ethionamide,ethA,ethA_p.Ser110Trp,3) Uncertain significance,p.S110W,0.6666666666666666,Unknown,110,,22.0,88.0,8.120816230773926,379.0,-0.7186600480834358
Ethionamide,ethA,ethA_p.Ser138Arg,3) Uncertain significance,p.S138R,0.4,Unknown,138,,50.0,88.0,6.808285713195801,35.0,4.1128172360244415
Ethionamide,ethA,ethA_p.Ser138Ile,3) Uncertain significance,p.S138I,1.0,Unknown,138,,50.0,88.0,6.808285713195801,35.0,4.1128172360244415
Ethionamide,ethA,ethA_p.Ser15Cys,3) Uncertain significance,p.S15C,0.0,Unknown,15,,20.0,35.0,9.39712905883789,390.0,2.880267069026612
Ethionamide,ethA,ethA_p.Ser15Phe,3) Uncertain significance,p.S15F,1.0,Unknown,15,,20.0,35.0,9.39712905883789,390.0,2.880267069026612
Ethionamide,ethA,ethA_p.Ser15Pro,3) Uncertain significance,p.S15P,0.0,Unknown,15,,20.0,35.0,9.39712905883789,390.0,2.880267069026612
Ethionamide,ethA,ethA_p.Ser183Arg,3) Uncertain significance,p.S183R,0.6,Unknown,183,,19.0,202.0,4.797058582305908,341.0,3.394019654782539
Ethionamide,ethA,ethA_p.Ser183Gly,3) Uncertain significance,p.S183G,0.0,Unknown,183,,19.0,202.0,4.797058582305908,341.0,3.394019654782539
Ethionamide,ethA,ethA_p.Ser18Arg,3) Uncertain significance,p.S18R,0.0,Unknown,18,,17.0,35.0,6.713901996612549,403.0,2.5435173511210247
Ethionamide,ethA,ethA_p.Ser18Gly,3) Uncertain significance,p.S18G,0.0,Unknown,18,,17.0,35.0,6.713901996612549,403.0,2.5435173511210247
Ethionamide,ethA,ethA_p.Ser18Thr,3) Uncertain significance,p.S18T,1.0,Unknown,18,,17.0,35.0,6.713901996612549,403.0,2.5435173511210247
Ethionamide,ethA,ethA_p.Ser197Ala,3) Uncertain significance,p.S197A,1.0,Unknown,197,,5.0,202.0,7.493247985839844,202.0,0.0765072751794228
Ethionamide,ethA,ethA_p.Ser197Pro,3) Uncertain significance,p.S197P,1.0,Unknown,197,,5.0,202.0,7.493247985839844,202.0,0.0765072751794228
Ethionamide,ethA,ethA_p.Ser208Leu,3) Uncertain significance,p.S208L,0.5,Unknown,208,,1.0,207.0,1.3280134201049805,207.0,4.688697913685533
Ethionamide,ethA,ethA_p.Ser208Pro,3) Uncertain significance,p.S208P,0.6666666666666666,Unknown,208,,1.0,207.0,1.3280134201049805,207.0,4.688697913685533
Ethionamide,ethA,ethA_p.Ser214Pro,3) Uncertain significance,p.S214P,1.0,Unknown,214,,7.0,207.0,11.427968978881836,57.0,0.6681686714127621
Ethionamide,ethA,ethA_p.Ser251Arg,3) Uncertain significance,p.S251R,0.5,Unknown,251,,44.0,207.0,12.852994918823242,390.0,1.8572640073916336
Ethionamide,ethA,ethA_p.Ser266Arg,3) Uncertain significance,p.S266R,0.3221153846153846,Unknown,266,,59.0,207.0,19.100820541381836,207.0,-0.0646909123874901
Ethionamide,ethA,ethA_p.Ser329Leu,3) Uncertain significance,p.S329L,0.3333333333333333,Unknown,329,,12.0,341.0,11.236261367797852,207.0,-0.8608589722545663
Ethionamide,ethA,ethA_p.Ser329Pro,3) Uncertain significance,p.S329P,0.0,Unknown,329,,12.0,341.0,11.236261367797852,207.0,-0.8608589722545663
Ethionamide,ethA,ethA_p.Ser375Pro,3) Uncertain significance,p.S375P,0.0,Unknown,375,,4.0,379.0,9.217494010925293,379.0,0.3952967790454047
Ethionamide,ethA,ethA_p.Ser375Tyr,3) Uncertain significance,p.S375Y,0.4545454545454545,Unknown,375,,4.0,379.0,9.217494010925293,379.0,0.3952967790454047
Ethionamide,ethA,ethA_p.Ser390Phe,2) Assoc w R - Interim,p.S390F,0.7916666666666666,Resistant,390,,11.0,379.0,2.9342336654663086,57.0,4.233722581768423
Ethionamide,ethA,ethA_p.Ser399Leu,3) Uncertain significance,p.S399L,0.2,Unknown,399,,4.0,403.0,3.09499454498291,403.0,0.8638581910080992
Ethionamide,ethA,ethA_p.Ser399Pro,3) Uncertain significance,p.S399P,1.0,Unknown,399,,4.0,403.0,3.09499454498291,403.0,0.8638581910080992
Ethionamide,ethA,ethA_p.Ser40Pro,3) Uncertain significance,p.S40P,0.0,Unknown,40,,5.0,35.0,8.619833946228027,35.0,0.0796443421276999
Ethionamide,ethA,ethA_p.Ser424Leu,3) Uncertain significance,p.S424L,0.0,Unknown,424,,21.0,403.0,22.046022415161133,379.0,-0.6258432118659313
Ethionamide,ethA,ethA_p.Ser55Ala,3) Uncertain significance,p.S55A,0.625,Unknown,55,,2.0,57.0,2.994699478149414,57.0,3.674026930490233
Ethionamide,ethA,ethA_p.Ser55Cys,3) Uncertain significance,p.S55C,0.3333333333333333,Unknown,55,,2.0,57.0,2.994699478149414,57.0,3.674026930490233
Ethionamide,ethA,ethA_p.Ser55Pro,3) Uncertain significance,p.S55P,0.8,Unknown,55,,2.0,57.0,2.994699478149414,57.0,3.674026930490233
Ethionamide,ethA,ethA_p.Ser57Phe,3) Uncertain significance,p.S57F,1.0,Unknown,57,,22.0,35.0,2.9342336654663086,390.0,3.620772186225638
Ethionamide,ethA,ethA_p.Ser57Pro,3) Uncertain significance,p.S57P,1.0,Unknown,57,,22.0,35.0,2.9342336654663086,390.0,3.620772186225638
Ethionamide,ethA,ethA_p.Ser57Tyr,2) Assoc w R - Interim,p.S57Y,0.9166666666666666,Resistant,57,,22.0,35.0,2.9342336654663086,390.0,3.620772186225638
Ethionamide,ethA,ethA_p.Thr117Pro,3) Uncertain significance,p.T117P,0.25,Unknown,117,,29.0,88.0,8.65308952331543,35.0,0.0521247429061905
Ethionamide,ethA,ethA_p.Thr125Met,3) Uncertain significance,p.T125M,0.0,Unknown,125,,37.0,88.0,11.24464225769043,35.0,-1.3788268622295454
Ethionamide,ethA,ethA_p.Thr186Met,3) Uncertain significance,p.T186M,1.0,Unknown,186,,16.0,202.0,4.000824928283691,341.0,2.5356870491466257
Ethionamide,ethA,ethA_p.Thr186Pro,3) Uncertain significance,p.T186P,1.0,Unknown,186,,16.0,202.0,4.000824928283691,341.0,2.5356870491466257
Ethionamide,ethA,ethA_p.Thr189Lys,3) Uncertain significance,p.T189K,0.5,Unknown,189,,13.0,202.0,7.840806484222412,341.0,2.420691035404573
Ethionamide,ethA,ethA_p.Thr189Met,3) Uncertain significance,p.T189M,1.0,Unknown,189,,13.0,202.0,7.840806484222412,341.0,2.420691035404573
Ethionamide,ethA,ethA_p.Thr203Pro,3) Uncertain significance,p.T203P,1.0,Unknown,203,,1.0,202.0,1.3297557830810547,202.0,0.8591694356059073
Ethionamide,ethA,ethA_p.Thr210Asn,3) Uncertain significance,p.T210N,0.0,Unknown,210,,3.0,207.0,7.720978260040283,207.0,3.139951933353822
Ethionamide,ethA,ethA_p.Thr232Ala,3) Uncertain significance,p.T232A,0.0,Unknown,232,,25.0,207.0,13.235962867736816,88.0,-0.6037269529055231
Ethionamide,ethA,ethA_p.Thr2Ala,3) Uncertain significance,p.T2A,0.5,Unknown,2,,33.0,35.0,11.015979766845703,35.0,1.1403072707855682
Ethionamide,ethA,ethA_p.Thr314Ala,3) Uncertain significance,p.T314A,0.875,Unknown,314,,27.0,341.0,4.0769453048706055,207.0,1.1281452424390983
Ethionamide,ethA,ethA_p.Thr314Ile,3) Uncertain significance,p.T314I,0.3388429752066115,Unknown,314,,27.0,341.0,4.0769453048706055,207.0,1.1281452424390983
Ethionamide,ethA,ethA_p.Thr321Pro,3) Uncertain significance,p.T321P,0.9605263157894736,Unknown,321,,20.0,341.0,15.588407516479492,202.0,-1.6612030552501125
Ethionamide,ethA,ethA_p.Thr342Ala,3) Uncertain significance,p.T342A,0.8,Unknown,342,,1.0,341.0,1.3340140581130981,341.0,3.0890383918164592
Ethionamide,ethA,ethA_p.Thr342Lys,3) Uncertain significance,p.T342K,1.0,Unknown,342,,1.0,341.0,1.3340140581130981,341.0,3.0890383918164592
Ethionamide,ethA,ethA_p.Thr342Met,3) Uncertain significance,p.T342M,0.0,Unknown,342,,1.0,341.0,1.3340140581130981,341.0,3.0890383918164592
Ethionamide,ethA,ethA_p.Thr353Met,3) Uncertain significance,p.T353M,0.0,Unknown,353,,12.0,341.0,11.416708946228027,35.0,-0.3864676628042688
Ethionamide,ethA,ethA_p.Thr355Pro,3) Uncertain significance,p.T355P,0.3333333333333333,Unknown,355,,14.0,341.0,10.046209335327148,379.0,-0.4492617007734598
Ethionamide,ethA,ethA_p.Thr365Met,3) Uncertain significance,p.T365M,0.0,Unknown,365,,14.0,379.0,15.693307876586914,379.0,0.0184771727488998
Ethionamide,ethA,ethA_p.Thr366Pro,3) Uncertain significance,p.T366P,1.0,Unknown,366,,13.0,379.0,11.930830955505371,379.0,-0.1802171924196151
Ethionamide,ethA,ethA_p.Thr383Lys,3) Uncertain significance,p.T383K,1.0,Unknown,383,,4.0,379.0,8.933205604553223,390.0,2.155607504310534
Ethionamide,ethA,ethA_p.Thr383Pro,3) Uncertain significance,p.T383P,0.6666666666666666,Unknown,383,,4.0,379.0,8.933205604553223,390.0,2.155607504310534
Ethionamide,ethA,ethA_p.Thr392Ala,3) Uncertain significance,p.T392A,0.0,Unknown,392,,2.0,390.0,3.2937774658203125,390.0,3.7041192447258817
Ethionamide,ethA,ethA_p.Thr392Arg,3) Uncertain significance,p.T392R,0.6666666666666666,Unknown,392,,2.0,390.0,3.2937774658203125,390.0,3.7041192447258817
Ethionamide,ethA,ethA_p.Thr392Lys,3) Uncertain significance,p.T392K,1.0,Unknown,392,,2.0,390.0,3.2937774658203125,390.0,3.7041192447258817
Ethionamide,ethA,ethA_p.Thr392Met,3) Uncertain significance,p.T392M,0.0,Unknown,392,,2.0,390.0,3.2937774658203125,390.0,3.7041192447258817
Ethionamide,ethA,ethA_p.Thr392Pro,3) Uncertain significance,p.T392P,1.0,Unknown,392,,2.0,390.0,3.2937774658203125,390.0,3.7041192447258817
Ethionamide,ethA,ethA_p.Thr435Ile,3) Uncertain significance,p.T435I,1.0,Unknown,435,,32.0,403.0,8.821989059448242,207.0,0.7533503959888675
Ethionamide,ethA,ethA_p.Thr44Ala,3) Uncertain significance,p.T44A,0.8888888888888888,Unknown,44,,9.0,35.0,10.965193748474121,57.0,4.046207811912378
Ethionamide,ethA,ethA_p.Thr44Ile,3) Uncertain significance,p.T44I,1.0,Unknown,44,,9.0,35.0,10.965193748474121,57.0,4.046207811912378
Ethionamide,ethA,ethA_p.Thr44Pro,3) Uncertain significance,p.T44P,0.5,Unknown,44,,9.0,35.0,10.965193748474121,57.0,4.046207811912378
Ethionamide,ethA,ethA_p.Thr453Arg,3) Uncertain significance,p.T453R,0.0,Unknown,453,,50.0,403.0,18.055233001708984,390.0,1.518199848790796
Ethionamide,ethA,ethA_p.Thr453Ile,3) Uncertain significance,p.T453I,0.2289156626506024,Unknown,453,,50.0,403.0,18.055233001708984,390.0,1.518199848790796
Ethionamide,ethA,ethA_p.Thr453Ser,3) Uncertain significance,p.T453S,0.0,Unknown,453,,50.0,403.0,18.055233001708984,390.0,1.518199848790796
Ethionamide,ethA,ethA_p.Thr61Ala,3) Uncertain significance,p.T61A,0.6666666666666666,Unknown,61,,4.0,57.0,2.645608901977539,390.0,2.811384268592761
Ethionamide,ethA,ethA_p.Thr61Arg,3) Uncertain significance,p.T61R,0.5555555555555556,Unknown,61,,4.0,57.0,2.645608901977539,390.0,2.811384268592761
Ethionamide,ethA,ethA_p.Thr61Lys,3) Uncertain significance,p.T61K,1.0,Unknown,61,,4.0,57.0,2.645608901977539,390.0,2.811384268592761
Ethionamide,ethA,ethA_p.Thr61Met,3) Uncertain significance,p.T61M,0.4736842105263157,Unknown,61,,4.0,57.0,2.645608901977539,390.0,2.811384268592761
Ethionamide,ethA,ethA_p.Thr70Ser,3) Uncertain significance,p.T70S,0.0,Unknown,70,,13.0,57.0,9.245604515075684,88.0,1.7489336464948195
Ethionamide,ethA,ethA_p.Thr88Ile,2) Assoc w R - Interim,p.T88I,0.9,Resistant,88,,31.0,57.0,14.712900161743164,403.0,0.7216911386664274
Ethionamide,ethA,ethA_p.Thr88Pro,3) Uncertain significance,p.T88P,1.0,Unknown,88,,31.0,57.0,14.712900161743164,403.0,0.7216911386664274
Ethionamide,ethA,ethA_p.Trp109Cys,3) Uncertain significance,p.W109C,0.5,Unknown,109,,21.0,88.0,3.3684840202331543,379.0,-0.1706988848993056
Ethionamide,ethA,ethA_p.Trp116Cys,3) Uncertain significance,p.W116C,0.0,Unknown,116,,28.0,88.0,3.502220630645752,379.0,-0.4987574408040096
Ethionamide,ethA,ethA_p.Trp116Ser,3) Uncertain significance,p.W116S,0.0,Unknown,116,,28.0,88.0,3.502220630645752,379.0,-0.4987574408040096
Ethionamide,ethA,ethA_p.Trp167Arg,3) Uncertain significance,p.W167R,0.75,Unknown,167,,35.0,202.0,8.06263256072998,341.0,0.8043517151187576
Ethionamide,ethA,ethA_p.Trp167Cys,3) Uncertain significance,p.W167C,0.0,Unknown,167,,35.0,202.0,8.06263256072998,341.0,0.8043517151187576
Ethionamide,ethA,ethA_p.Trp167Gly,3) Uncertain significance,p.W167G,1.0,Unknown,167,,35.0,202.0,8.06263256072998,341.0,0.8043517151187576
Ethionamide,ethA,ethA_p.Trp167Ser,3) Uncertain significance,p.W167S,1.0,Unknown,167,,35.0,202.0,8.06263256072998,341.0,0.8043517151187576
Ethionamide,ethA,ethA_p.Trp21Arg,3) Uncertain significance,p.W21R,0.3333333333333333,Unknown,21,,14.0,35.0,5.6867804527282715,88.0,1.6564124527784263
Ethionamide,ethA,ethA_p.Trp21Gly,3) Uncertain significance,p.W21G,1.0,Unknown,21,,14.0,35.0,5.6867804527282715,88.0,1.6564124527784263
Ethionamide,ethA,ethA_p.Trp21Leu,3) Uncertain significance,p.W21L,1.0,Unknown,21,,14.0,35.0,5.6867804527282715,88.0,1.6564124527784263
Ethionamide,ethA,ethA_p.Trp240Arg,3) Uncertain significance,p.W240R,0.5,Unknown,240,,33.0,207.0,10.42064094543457,390.0,1.1503897560856575
Ethionamide,ethA,ethA_p.Trp256Gly,3) Uncertain significance,p.W256G,0.0,Unknown,256,,49.0,207.0,20.178380966186523,390.0,2.1014599128951827
Ethionamide,ethA,ethA_p.Trp289Arg,3) Uncertain significance,p.W289R,0.5,Unknown,289,,52.0,341.0,7.333465099334717,57.0,1.818978239029221
Ethionamide,ethA,ethA_p.Trp391Arg,3) Uncertain significance,p.W391R,0.0,Unknown,391,,1.0,390.0,1.333541989326477,390.0,2.279301041384586
Ethionamide,ethA,ethA_p.Trp391Cys,3) Uncertain significance,p.W391C,1.0,Unknown,391,,1.0,390.0,1.333541989326477,390.0,2.279301041384586
Ethionamide,ethA,ethA_p.Trp455Arg,3) Uncertain significance,p.W455R,0.3333333333333333,Unknown,455,,52.0,403.0,12.908370971679688,379.0,0.8292712261486219
Ethionamide,ethA,ethA_p.Trp45Gly,3) Uncertain significance,p.W45G,0.0,Unknown,45,,10.0,35.0,6.927565097808838,57.0,2.759273203794752
Ethionamide,ethA,ethA_p.Trp45Leu,3) Uncertain significance,p.W45L,1.0,Unknown,45,,10.0,35.0,6.927565097808838,57.0,2.759273203794752
Ethionamide,ethA,ethA_p.Trp69Arg,3) Uncertain significance,p.W69R,0.3333333333333333,Unknown,69,,12.0,57.0,7.831184387207031,88.0,-0.1182665161049599
Ethionamide,ethA,ethA_p.Trp69Leu,3) Uncertain significance,p.W69L,0.0,Unknown,69,,12.0,57.0,7.831184387207031,88.0,-0.1182665161049599
Ethionamide,ethA,ethA_p.Trp69Ser,3) Uncertain significance,p.W69S,0.0,Unknown,69,,12.0,57.0,7.831184387207031,88.0,-0.1182665161049599
Ethionamide,ethA,ethA_p.Tyr141Asn,3) Uncertain significance,p.Y141N,0.0,Unknown,141,,53.0,88.0,12.443921089172363,35.0,2.7543928589028708
Ethionamide,ethA,ethA_p.Tyr141Cys,3) Uncertain significance,p.Y141C,0.0,Unknown,141,,53.0,88.0,12.443921089172363,35.0,2.7543928589028708
Ethionamide,ethA,ethA_p.Tyr147Cys,3) Uncertain significance,p.Y147C,0.0,Unknown,147,,55.0,202.0,6.037205219268799,341.0,1.336273356519779
Ethionamide,ethA,ethA_p.Tyr147Ser,3) Uncertain significance,p.Y147S,0.6666666666666666,Unknown,147,,55.0,202.0,6.037205219268799,341.0,1.336273356519779
Ethionamide,ethA,ethA_p.Tyr211Asp,3) Uncertain significance,p.Y211D,0.0,Unknown,211,,4.0,207.0,11.210082054138184,207.0,1.8486084805443943
Ethionamide,ethA,ethA_p.Tyr211Cys,3) Uncertain significance,p.Y211C,0.5454545454545454,Unknown,211,,4.0,207.0,11.210082054138184,207.0,1.8486084805443943
Ethionamide,ethA,ethA_p.Tyr211His,3) Uncertain significance,p.Y211H,0.6666666666666666,Unknown,211,,4.0,207.0,11.210082054138184,207.0,1.8486084805443943
Ethionamide,ethA,ethA_p.Tyr211Ser,3) Uncertain significance,p.Y211S,0.9333333333333332,Unknown,211,,4.0,207.0,11.210082054138184,207.0,1.8486084805443943
Ethionamide,ethA,ethA_p.Tyr235Asp,3) Uncertain significance,p.Y235D,0.5,Unknown,235,,28.0,207.0,9.01871109008789,390.0,0.6607723780526245
Ethionamide,ethA,ethA_p.Tyr235His,3) Uncertain significance,p.Y235H,1.0,Unknown,235,,28.0,207.0,9.01871109008789,390.0,0.6607723780526245
Ethionamide,ethA,ethA_p.Tyr250Asn,3) Uncertain significance,p.Y250N,0.0,Unknown,250,,43.0,207.0,9.963460922241211,390.0,1.436279110594606
Ethionamide,ethA,ethA_p.Tyr276Asp,3) Uncertain significance,p.Y276D,1.0,Unknown,276,,65.0,341.0,8.58865737915039,202.0,-0.0423253773829509
Ethionamide,ethA,ethA_p.Tyr276His,3) Uncertain significance,p.Y276H,0.6666666666666666,Unknown,276,,65.0,341.0,8.58865737915039,202.0,-0.0423253773829509
Ethionamide,ethA,ethA_p.Tyr286Cys,3) Uncertain significance,p.Y286C,1.0,Unknown,286,,55.0,341.0,9.40937614440918,207.0,1.8884774530628905
Ethionamide,ethA,ethA_p.Tyr32Asp,3) Uncertain significance,p.Y32D,0.5172413793103449,Unknown,32,,3.0,35.0,7.687994003295898,35.0,0.2461033046069073
Ethionamide,ethA,ethA_p.Tyr369Asp,3) Uncertain significance,p.Y369D,1.0,Unknown,369,,10.0,379.0,10.662382125854492,379.0,0.1014279720742577
Ethionamide,ethA,ethA_p.Tyr369Cys,3) Uncertain significance,p.Y369C,1.0,Unknown,369,,10.0,379.0,10.662382125854492,379.0,0.1014279720742577
Ethionamide,ethA,ethA_p.Tyr382Asn,3) Uncertain significance,p.Y382N,1.0,Unknown,382,,3.0,379.0,7.9908013343811035,379.0,1.2975050299123108
Ethionamide,ethA,ethA_p.Tyr382His,3) Uncertain significance,p.Y382H,1.0,Unknown,382,,3.0,379.0,7.9908013343811035,379.0,1.2975050299123108
Ethionamide,ethA,ethA_p.Tyr386Cys,3) Uncertain significance,p.Y386C,0.0,Unknown,386,,4.0,390.0,3.7265214920043945,390.0,1.4403812348243612
Ethionamide,ethA,ethA_p.Tyr386Ser,3) Uncertain significance,p.Y386S,0.0,Unknown,386,,4.0,390.0,3.7265214920043945,390.0,1.4403812348243612
Ethionamide,ethA,ethA_p.Tyr461Asp,3) Uncertain significance,p.Y461D,0.0,Unknown,461,,58.0,403.0,6.690887451171875,390.0,0.5918102968995788
Ethionamide,ethA,ethA_p.Tyr461Cys,3) Uncertain significance,p.Y461C,0.3333333333333333,Unknown,461,,58.0,403.0,6.690887451171875,390.0,0.5918102968995788
Ethionamide,ethA,ethA_p.Tyr50Asn,3) Uncertain significance,p.Y50N,1.0,Unknown,50,,7.0,57.0,7.620364665985107,341.0,2.767921331075496
Ethionamide,ethA,ethA_p.Tyr50Asp,3) Uncertain significance,p.Y50D,0.8,Unknown,50,,7.0,57.0,7.620364665985107,341.0,2.767921331075496
Ethionamide,ethA,ethA_p.Tyr50Cys,3) Uncertain significance,p.Y50C,0.4615384615384615,Unknown,50,,7.0,57.0,7.620364665985107,341.0,2.767921331075496
Ethionamide,ethA,ethA_p.Tyr50His,3) Uncertain significance,p.Y50H,0.0,Unknown,50,,7.0,57.0,7.620364665985107,341.0,2.767921331075496
Ethionamide,ethA,ethA_p.Tyr60Asn,3) Uncertain significance,p.Y60N,0.0,Unknown,60,,3.0,57.0,6.246298789978027,57.0,2.367701530644299
Ethionamide,ethA,ethA_p.Tyr60Asp,3) Uncertain significance,p.Y60D,0.6666666666666666,Unknown,60,,3.0,57.0,6.246298789978027,57.0,2.367701530644299
Ethionamide,ethA,ethA_p.Tyr60Cys,3) Uncertain significance,p.Y60C,1.0,Unknown,60,,3.0,57.0,6.246298789978027,57.0,2.367701530644299
Ethionamide,ethA,ethA_p.Tyr60Ser,3) Uncertain significance,p.Y60S,0.0,Unknown,60,,3.0,57.0,6.246298789978027,57.0,2.367701530644299
Ethionamide,ethA,ethA_p.Tyr84Asp,3) Uncertain significance,p.Y84D,1.0,Unknown,84,,4.0,88.0,2.645517110824585,88.0,0.8665801013140072
Ethionamide,ethA,ethA_p.Tyr84Cys,3) Uncertain significance,p.Y84C,1.0,Unknown,84,,4.0,88.0,2.645517110824585,88.0,0.8665801013140072
Ethionamide,ethA,ethA_p.Tyr84Ser,3) Uncertain significance,p.Y84S,1.0,Unknown,84,,4.0,88.0,2.645517110824585,88.0,0.8665801013140072
Ethionamide,ethA,ethA_p.Tyr92Cys,3) Uncertain significance,p.Y92C,0.0,Unknown,92,,4.0,88.0,3.206827163696289,88.0,0.3614417459442405
Ethionamide,ethA,ethA_p.Tyr92His,3) Uncertain significance,p.Y92H,0.0,Unknown,92,,4.0,88.0,3.206827163696289,88.0,0.3614417459442405
Ethionamide,ethA,ethA_p.Val10Gly,3) Uncertain significance,p.V10G,0.3333333333333333,Unknown,10,,25.0,35.0,3.6886301040649414,35.0,1.894027800683181
Ethionamide,ethA,ethA_p.Val118Gly,3) Uncertain significance,p.V118G,0.5,Unknown,118,,30.0,88.0,4.150552749633789,35.0,-0.5960895222520279
Ethionamide,ethA,ethA_p.Val118Phe,3) Uncertain significance,p.V118F,1.0,Unknown,118,,30.0,88.0,4.150552749633789,35.0,-0.5960895222520279
Ethionamide,ethA,ethA_p.Val179Gly,3) Uncertain significance,p.V179G,0.0,Unknown,179,,23.0,202.0,5.586575984954834,202.0,-0.3629930234423221
Ethionamide,ethA,ethA_p.Val17Ala,3) Uncertain significance,p.V17A,0.7272727272727273,Unknown,17,,18.0,35.0,4.37610387802124,88.0,1.6561328245838178
Ethionamide,ethA,ethA_p.Val180Met,3) Uncertain significance,p.V180M,1.0,Unknown,180,,22.0,202.0,3.840435266494751,341.0,1.468836757273299
Ethionamide,ethA,ethA_p.Val188Gly,3) Uncertain significance,p.V188G,1.0,Unknown,188,,14.0,202.0,6.580230712890625,341.0,3.3196627913636827
Ethionamide,ethA,ethA_p.Val188Ile,3) Uncertain significance,p.V188I,0.2727272727272727,Unknown,188,,14.0,202.0,6.580230712890625,341.0,3.3196627913636827
Ethionamide,ethA,ethA_p.Val191Met,3) Uncertain significance,p.V191M,1.0,Unknown,191,,11.0,202.0,4.002439022064209,202.0,3.6298577113098425
Ethionamide,ethA,ethA_p.Val202Gly,2) Assoc w R - Interim,p.V202G,0.875,Resistant,202,,5.0,207.0,9.914464950561523,341.0,-0.2732704369903268
Ethionamide,ethA,ethA_p.Val213Gly,3) Uncertain significance,p.V213G,0.0,Unknown,213,,6.0,207.0,9.437348365783691,57.0,1.295236982176868
Ethionamide,ethA,ethA_p.Val238Gly,3) Uncertain significance,p.V238G,0.1666666666666666,Unknown,238,,31.0,207.0,10.043283462524414,390.0,1.3442644861368485
Ethionamide,ethA,ethA_p.Val238Ile,3) Uncertain significance,p.V238I,0.0,Unknown,238,,31.0,207.0,10.043283462524414,390.0,1.3442644861368485
Ethionamide,ethA,ethA_p.Val249Ala,3) Uncertain significance,p.V249A,0.0,Unknown,249,,42.0,207.0,11.803892135620117,390.0,1.6721815311233283
Ethionamide,ethA,ethA_p.Val296Met,3) Uncertain significance,p.V296M,1.0,Unknown,296,,45.0,341.0,9.17667293548584,57.0,0.8350331643258276
Ethionamide,ethA,ethA_p.Val310Ile,3) Uncertain significance,p.V310I,0.0,Unknown,310,,31.0,341.0,3.2640109062194824,202.0,0.3284630640719609
Ethionamide,ethA,ethA_p.Val384Ala,3) Uncertain significance,p.V384A,0.0,Unknown,384,,5.0,379.0,7.743500232696533,390.0,2.3419909797804204
Ethionamide,ethA,ethA_p.Val384Gly,3) Uncertain significance,p.V384G,0.6666666666666666,Unknown,384,,5.0,379.0,7.743500232696533,390.0,2.3419909797804204
Ethionamide,ethA,ethA_p.Val398Leu,3) Uncertain significance,p.V398L,0.0,Unknown,398,,5.0,403.0,4.999472618103027,403.0,1.3343157627304556
Ethionamide,ethA,ethA_p.Val402Phe,3) Uncertain significance,p.V402F,0.8,Unknown,402,,1.0,403.0,1.3358697891235352,403.0,0.7915496340606349
Ethionamide,ethA,ethA_p.Val417Glu,3) Uncertain significance,p.V417E,1.0,Unknown,417,,14.0,403.0,2.791609287261963,379.0,-0.4023769067048963
Ethionamide,ethA,ethA_p.Val419Ile,3) Uncertain significance,p.V419I,0.0,Unknown,419,,16.0,403.0,6.565633296966553,379.0,-0.052150279659246
Ethionamide,ethA,ethA_p.Val426Phe,3) Uncertain significance,p.V426F,0.0,Unknown,426,,23.0,403.0,20.08053970336914,379.0,-0.384244865474286
Ethionamide,ethA,ethA_p.Val489Phe,3) Uncertain significance,p.V489F,0.0,Unknown,489,,86.0,403.0,,,
Ethionamide,ethA,ethA_p.Val7Ala,3) Uncertain significance,p.V7A,0.0,Unknown,7,,28.0,35.0,7.542496204376221,379.0,-0.3171893617817666
Ethionamide,ethA,ethA_p.Val7Gly,3) Uncertain significance,p.V7G,0.5,Unknown,7,,28.0,35.0,7.542496204376221,379.0,-0.3171893617817666
Ethionamide,ethA,ethA_p.Val85Gly,3) Uncertain significance,p.V85G,0.0,Unknown,85,,3.0,88.0,3.359285831451416,88.0,1.502145014382105
Bedaquiline,atpE,atpE_p.Ala45Val,3) Uncertain significance,p.A45V,0.0,Unknown,45,,16.0,61.0,16.09471733209378,28.0,0.9073256767787476
Bedaquiline,atpE,atpE_p.Ala62Thr,3) Uncertain significance,p.A62T,0.0,Unknown,62,,1.0,61.0,1.3230427052820344,63.0,1.361184600916298
Bedaquiline,atpE,atpE_p.Ala63Pro,2) Assoc w R - Interim,p.A63P,1.0,Resistant,63,,2.0,61.0,3.5168248463635505,61.0,-0.1673651304556849
Bedaquiline,atpE,atpE_p.Ala63Thr,3) Uncertain significance,p.A63T,1.0,Unknown,63,,2.0,61.0,3.5168248463635505,61.0,-0.1673651304556849
Bedaquiline,atpE,atpE_p.Ala63Val,3) Uncertain significance,p.A63V,1.0,Unknown,63,,2.0,61.0,3.5168248463635505,61.0,-0.1673651304556849
Bedaquiline,atpE,atpE_p.Asp28Ala,2) Assoc w R - Interim,p.D28A,,Resistant,28,,33.0,61.0,5.6378684801971,61.0,-0.89959939841715
Bedaquiline,atpE,atpE_p.Asp28Gly,2) Assoc w R - Interim,p.D28G,,Resistant,28,,33.0,61.0,5.6378684801971,61.0,-0.89959939841715
Bedaquiline,atpE,atpE_p.Asp28Val,2) Assoc w R - Interim,p.D28V,,Resistant,28,,33.0,61.0,5.6378684801971,61.0,-0.89959939841715
Bedaquiline,atpE,atpE_p.Glu61Asp,2) Assoc w R - Interim,p.E61D,0.4,Resistant,61,,2.0,63.0,3.5168248463635505,63.0,-0.3542986998703658
Bedaquiline,atpE,atpE_p.Ile66Met,2) Assoc w R - Interim,p.I66M,1.0,Resistant,66,,3.0,63.0,3.5559578175225894,63.0,-0.5025233890792071
Bedaquiline,atpE,atpE_p.Leu59Phe,3) Uncertain significance,p.L59F,0.0,Unknown,59,,2.0,61.0,3.5100276352188455,61.0,-0.2966487682507877
Bedaquiline,atpE,atpE_p.Phe76Leu,3) Uncertain significance,p.F76L,0.0,Unknown,76,,10.0,66.0,12.353846890746219,66.0,-0.5091542010707646
Bedaquiline,atpE,atpE_p.Ser37Ala,3) Uncertain significance,p.S37A,0.0,Unknown,37,,9.0,28.0,10.71187770654613,28.0,-0.6221200359376854
Bedaquiline,atpE,atpE_p.Thr51Ile,3) Uncertain significance,p.T51I,0.0,Unknown,51,,10.0,61.0,12.196650933760461,28.0,1.7992578732109203
Bedaquiline,atpE,atpE_p.Val39Ile,3) Uncertain significance,p.V39I,0.0,Unknown,39,,11.0,28.0,12.474452012012389,28.0,-0.495953767159505
Delamanid,ddn,ddn_p.Ala120Ser,3) Uncertain significance,p.A120S,0.0,Unknown,120,,71.0,49.0,19.0855655670166,49.0,-1.2932613262027977
Delamanid,ddn,ddn_p.Arg23Trp,3) Uncertain significance,p.R23W,0.0,Unknown,23,,26.0,49.0,10.547239303588867,49.0,0.9632966117454888
Delamanid,ddn,ddn_p.Arg30Ser,3) Uncertain significance,p.R30S,0.0,Unknown,30,,19.0,49.0,7.218750476837158,49.0,0.813584653736245
Delamanid,ddn,ddn_p.Arg72Gln,3) Uncertain significance,p.R72Q,0.0,Unknown,72,,23.0,49.0,10.34099292755127,49.0,-1.4104581947132149
Delamanid,ddn,ddn_p.Arg72Gly,3) Uncertain significance,p.R72G,0.0,Unknown,72,,23.0,49.0,10.34099292755127,49.0,-1.4104581947132149
Delamanid,ddn,ddn_p.Arg72Trp,3) Uncertain significance,p.R72W,0.0,Unknown,72,,23.0,49.0,10.34099292755127,49.0,-1.4104581947132149
Delamanid,ddn,ddn_p.Arg7Leu,3) Uncertain significance,p.R7L,0.0,Unknown,7,,42.0,49.0,25.840208053588867,49.0,1.0464479211454023
Delamanid,ddn,ddn_p.Asp108Asn,3) Uncertain significance,p.D108N,0.0,Unknown,108,,59.0,49.0,9.029528617858887,49.0,-0.1776112211578148
Delamanid,ddn,ddn_p.Asp113Asn,3) Uncertain significance,p.D113N,0.0,Unknown,113,,64.0,49.0,10.57479476928711,49.0,-1.1373886892652898
Delamanid,ddn,ddn_p.Asp15Asn,3) Uncertain significance,p.D15N,0.0,Unknown,15,,34.0,49.0,15.19094181060791,49.0,-0.6324346685441413
Delamanid,ddn,ddn_p.Asp15Glu,3) Uncertain significance,p.D15E,0.0,Unknown,15,,34.0,49.0,15.19094181060791,49.0,-0.6324346685441413
Delamanid,ddn,ddn_p.Glu105Lys,3) Uncertain significance,p.E105K,0.0,Unknown,105,,56.0,49.0,9.306294441223145,49.0,-0.7405148681754798
Delamanid,ddn,ddn_p.Glu150Asp,3) Uncertain significance,p.E150D,0.0,Unknown,150,,101.0,49.0,8.963907241821289,49.0,-1.015524903467976
Delamanid,ddn,ddn_p.Glu83Ala,3) Uncertain significance,p.E83A,0.0,Unknown,83,,34.0,49.0,17.264095306396484,49.0,-0.9524513071992218
Delamanid,ddn,ddn_p.Glu83Asp,3) Uncertain significance,p.E83D,0.0,Unknown,83,,34.0,49.0,17.264095306396484,49.0,-0.9524513071992218
Delamanid,ddn,ddn_p.Gly34Arg,3) Uncertain significance,p.G34R,0.2,Unknown,34,,15.0,49.0,11.42391300201416,49.0,-0.3399762157659804
Delamanid,ddn,ddn_p.Gly34Glu,3) Uncertain significance,p.G34E,0.0,Unknown,34,,15.0,49.0,11.42391300201416,49.0,-0.3399762157659804
Delamanid,ddn,ddn_p.Gly53Asp,3) Uncertain significance,p.G53D,0.0,Unknown,53,,4.0,49.0,9.496236801147461,49.0,1.1667058809821729
Delamanid,ddn,ddn_p.Gly70Val,3) Uncertain significance,p.G70V,0.0,Unknown,70,,21.0,49.0,14.443324089050293,49.0,-0.8501576606801851
Delamanid,ddn,ddn_p.Gly81Ser,3) Uncertain significance,p.G81S,1.0,Unknown,81,,32.0,49.0,15.375337600708008,49.0,-0.5736942998168949
Delamanid,ddn,ddn_p.Ile144Thr,3) Uncertain significance,p.I144T,0.0,Unknown,144,,95.0,49.0,12.405131340026855,49.0,-1.274224858372815
Delamanid,ddn,ddn_p.Ile74Val,3) Uncertain significance,p.I74V,0.0,Unknown,74,,25.0,49.0,8.486973762512207,49.0,-1.2183081393569135
Delamanid,ddn,ddn_p.Leu49Pro,2) Assoc w R - Interim,p.L49P,0.8461538461538461,Resistant,49,,,,,,0.9911146215110186
Delamanid,ddn,ddn_p.Met87Ile,3) Uncertain significance,p.M87I,0.0,Unknown,87,,38.0,49.0,8.181534767150879,49.0,3.3288600758009084
Delamanid,ddn,ddn_p.Phe16Cys,3) Uncertain significance,p.F16C,0.0,Unknown,16,,33.0,49.0,16.128910064697266,49.0,-0.1971950964360589
Delamanid,ddn,ddn_p.Phe17Ser,3) Uncertain significance,p.F17S,0.0,Unknown,17,,32.0,49.0,15.462974548339844,49.0,-0.0366663683623932
Delamanid,ddn,ddn_p.Phe66Ser,3) Uncertain significance,p.F66S,0.0,Unknown,66,,17.0,49.0,8.182589530944824,49.0,0.0958688029334622
Delamanid,ddn,ddn_p.Pro124Ser,3) Uncertain significance,p.P124S,0.0,Unknown,124,,75.0,49.0,18.748218536376953,49.0,-1.6639035145238672
Delamanid,ddn,ddn_p.Pro45Leu,3) Uncertain significance,p.P45L,0.0,Unknown,45,,4.0,49.0,10.324750900268555,49.0,-0.8031419952980383
Delamanid,ddn,ddn_p.Pro59Gln,3) Uncertain significance,p.P59Q,0.0,Unknown,59,,10.0,49.0,7.3599982261657715,49.0,2.369581694113054
Delamanid,ddn,ddn_p.Pro6Thr,3) Uncertain significance,p.P6T,0.0,Unknown,6,,43.0,49.0,22.337087631225586,49.0,-0.9012099477363672
Delamanid,ddn,ddn_p.Thr115Ala,3) Uncertain significance,p.T115A,0.0,Unknown,115,,66.0,49.0,15.831291198730469,49.0,-1.5669110460694102
Delamanid,ddn,ddn_p.Thr40Ala,3) Uncertain significance,p.T40A,0.0,Unknown,40,,9.0,49.0,12.421327590942383,49.0,0.1877664242205487
Delamanid,ddn,ddn_p.Thr56Ala,3) Uncertain significance,p.T56A,0.0,Unknown,56,,7.0,49.0,12.825862884521484,49.0,0.3896910068305028
Delamanid,ddn,ddn_p.Trp88Arg,3) Uncertain significance,p.W88R,1.0,Unknown,88,,39.0,49.0,3.4753689765930176,49.0,-0.6290457442484726
Delamanid,ddn,ddn_p.Tyr65Ser,3) Uncertain significance,p.Y65S,0.3333333333333333,Unknown,65,,16.0,49.0,7.948376178741455,49.0,-0.6285863800401807
Delamanid,ddn,ddn_p.Val106Met,3) Uncertain significance,p.V106M,0.0,Unknown,106,,57.0,49.0,9.51731014251709,49.0,1.2233671977731333
Delamanid,ddn,ddn_p.Val127Phe,3) Uncertain significance,p.V127F,0.6,Unknown,127,,78.0,49.0,17.078310012817383,49.0,-0.668718641897924
Delamanid,ddn,ddn_p.Val98Ala,3) Uncertain significance,p.V98A,0.0,Unknown,98,,49.0,49.0,3.851785182952881,49.0,0.6334203070543682
Bedaquiline,Rv0678,Rv0678_p.Ala101Glu,3) Uncertain significance,p.A101E,0.0,Unknown,101,,16.0,117.0,11.986901434482554,146.0,-0.409215239494858
Bedaquiline,Rv0678,Rv0678_p.Ala102Asp,3) Uncertain significance,p.A102D,1.0,Unknown,102,,15.0,117.0,13.234748883148479,146.0,-0.136459817227897
Bedaquiline,Rv0678,Rv0678_p.Ala102Thr,3) Uncertain significance,p.A102T,1.0,Unknown,102,,15.0,117.0,13.234748883148479,146.0,-0.136459817227897
Bedaquiline,Rv0678,Rv0678_p.Ala110Val,3) Uncertain significance,p.A110V,0.0,Unknown,110,,7.0,117.0,6.914526231058784,117.0,0.8305849419326364
Bedaquiline,Rv0678,Rv0678_p.Ala112Pro,3) Uncertain significance,p.A112P,1.0,Unknown,112,,5.0,117.0,5.21104835901568,117.0,0.5942465730661901
Bedaquiline,Rv0678,Rv0678_p.Ala112Ser,3) Uncertain significance,p.A112S,0.0,Unknown,112,,5.0,117.0,5.21104835901568,117.0,0.5942465730661901
Bedaquiline,Rv0678,Rv0678_p.Ala36Val,2) Assoc w R - Interim,p.A36V,1.0,Resistant,36,,4.0,32.0,3.46285200376799,70.0,-0.6781756313490706
Bedaquiline,Rv0678,Rv0678_p.Ala59Val,3) Uncertain significance,p.A59V,0.0,Unknown,59,,8.0,67.0,7.235900151328794,67.0,-0.9358504559791132
Bedaquiline,Rv0678,Rv0678_p.Ala62Thr,3) Uncertain significance,p.A62T,0.0,Unknown,62,,5.0,67.0,3.919048991783591,67.0,-0.8287575228777707
Bedaquiline,Rv0678,Rv0678_p.Ala84Val,3) Uncertain significance,p.A84V,0.5,Unknown,84,,14.0,70.0,13.776529679131825,67.0,1.8538611829610885
Bedaquiline,Rv0678,Rv0678_p.Ala86Val,3) Uncertain significance,p.A86V,0.0,Unknown,86,,16.0,70.0,18.99287769138737,67.0,2.7344795080569497
Bedaquiline,Rv0678,Rv0678_p.Ala99Pro,3) Uncertain significance,p.A99P,1.0,Unknown,99,,18.0,117.0,11.737056700893968,46.0,0.642063079833576
Bedaquiline,Rv0678,Rv0678_p.Arg105Ser,3) Uncertain significance,p.R105S,1.0,Unknown,105,,12.0,117.0,9.818852224165507,146.0,-0.6743048062919723
Bedaquiline,Rv0678,Rv0678_p.Arg107Cys,3) Uncertain significance,p.R107C,0.6666666666666666,Unknown,107,,10.0,117.0,7.761986021631314,146.0,-0.6339650946509198
Bedaquiline,Rv0678,Rv0678_p.Arg107Leu,3) Uncertain significance,p.R107L,1.0,Unknown,107,,10.0,117.0,7.761986021631314,146.0,-0.6339650946509198
Bedaquiline,Rv0678,Rv0678_p.Arg109Leu,3) Uncertain significance,p.R109L,0.0,Unknown,109,,8.0,117.0,9.004495488365793,146.0,-0.7403409596668458
Bedaquiline,Rv0678,Rv0678_p.Arg109Pro,3) Uncertain significance,p.R109P,1.0,Unknown,109,,8.0,117.0,9.004495488365793,146.0,-0.7403409596668458
Bedaquiline,Rv0678,Rv0678_p.Arg109Trp,3) Uncertain significance,p.R109W,1.0,Unknown,109,,8.0,117.0,9.004495488365793,146.0,-0.7403409596668458
Bedaquiline,Rv0678,Rv0678_p.Arg134Gly,3) Uncertain significance,p.R134G,0.0,Unknown,134,,12.0,146.0,9.101033842371976,121.0,-0.5370965685020913
Bedaquiline,Rv0678,Rv0678_p.Arg135Trp,3) Uncertain significance,p.R135W,1.0,Unknown,135,,11.0,146.0,8.870268597962532,121.0,-0.4964441050193415
Bedaquiline,Rv0678,Rv0678_p.Arg156Gln,3) Uncertain significance,p.R156Q,0.0,Unknown,156,,10.0,146.0,12.118135005024492,146.0,-1.1203325249970564
Bedaquiline,Rv0678,Rv0678_p.Arg30Trp,3) Uncertain significance,p.R30W,1.0,Unknown,30,,2.0,32.0,3.0853750177247425,32.0,-0.1046897047488069
Bedaquiline,Rv0678,Rv0678_p.Arg34Gln,3) Uncertain significance,p.R34Q,1.0,Unknown,34,,2.0,32.0,3.2736221529064697,36.0,-1.0876286813559504
Bedaquiline,Rv0678,Rv0678_p.Arg34Trp,3) Uncertain significance,p.R34W,1.0,Unknown,34,,2.0,32.0,3.2736221529064697,36.0,-1.0876286813559504
Bedaquiline,Rv0678,Rv0678_p.Arg38Leu,3) Uncertain significance,p.R38L,1.0,Unknown,38,,2.0,36.0,3.3416370239749256,36.0,-0.8010738624356275
Bedaquiline,Rv0678,Rv0678_p.Arg50Gln,3) Uncertain significance,p.R50Q,0.6666666666666666,Unknown,50,,4.0,46.0,5.188229177667466,46.0,-0.0991675325022377
Bedaquiline,Rv0678,Rv0678_p.Arg50Pro,3) Uncertain significance,p.R50P,1.0,Unknown,50,,4.0,46.0,5.188229177667466,46.0,-0.0991675325022377
Bedaquiline,Rv0678,Rv0678_p.Arg50Trp,3) Uncertain significance,p.R50W,1.0,Unknown,50,,4.0,46.0,5.188229177667466,46.0,-0.0991675325022377
Bedaquiline,Rv0678,Rv0678_p.Arg72Trp,3) Uncertain significance,p.R72W,0.5,Unknown,72,,2.0,70.0,3.2316970773882927,70.0,-0.6370717281166951
Bedaquiline,Rv0678,Rv0678_p.Arg89Gln,3) Uncertain significance,p.R89Q,1.0,Unknown,89,,19.0,70.0,12.762869779168009,67.0,1.955856144974224
Bedaquiline,Rv0678,Rv0678_p.Arg89Leu,3) Uncertain significance,p.R89L,1.0,Unknown,89,,19.0,70.0,12.762869779168009,67.0,1.955856144974224
Bedaquiline,Rv0678,Rv0678_p.Arg89Trp,3) Uncertain significance,p.R89W,0.0,Unknown,89,,19.0,70.0,12.762869779168009,67.0,1.955856144974224
Bedaquiline,Rv0678,Rv0678_p.Arg90Cys,3) Uncertain significance,p.R90C,0.2,Unknown,90,,20.0,70.0,10.745717565616545,67.0,0.6466058832631345
Bedaquiline,Rv0678,Rv0678_p.Arg94Gln,3) Uncertain significance,p.R94Q,1.0,Unknown,94,,23.0,117.0,6.869673500247303,46.0,-0.2311693781716975
Bedaquiline,Rv0678,Rv0678_p.Arg94Trp,3) Uncertain significance,p.R94W,0.75,Unknown,94,,23.0,117.0,6.869673500247303,46.0,-0.2311693781716975
Bedaquiline,Rv0678,Rv0678_p.Arg96Gly,3) Uncertain significance,p.R96G,0.0,Unknown,96,,21.0,117.0,9.914531708557899,46.0,0.1424708605471298
Bedaquiline,Rv0678,Rv0678_p.Arg96Leu,3) Uncertain significance,p.R96L,0.5,Unknown,96,,21.0,117.0,9.914531708557899,46.0,0.1424708605471298
Bedaquiline,Rv0678,Rv0678_p.Arg96Trp,3) Uncertain significance,p.R96W,0.5,Unknown,96,,21.0,117.0,9.914531708557899,46.0,0.1424708605471298
Bedaquiline,Rv0678,Rv0678_p.Asn4Thr,3) Uncertain significance,p.N4T,0.3636363636363636,Unknown,4,,28.0,32.0,,,
Bedaquiline,Rv0678,Rv0678_p.Asn70Asp,2) Assoc w R - Interim,p.N70D,0.8571428571428571,Resistant,70,,3.0,67.0,3.46285200376799,36.0,-1.1727689859414632
Bedaquiline,Rv0678,Rv0678_p.Asn70Ile,3) Uncertain significance,p.N70I,1.0,Unknown,70,,3.0,67.0,3.46285200376799,36.0,-1.1727689859414632
Bedaquiline,Rv0678,Rv0678_p.Asn70Lys,3) Uncertain significance,p.N70K,1.0,Unknown,70,,3.0,67.0,3.46285200376799,36.0,-1.1727689859414632
Bedaquiline,Rv0678,Rv0678_p.Asn98Asp,3) Uncertain significance,p.N98D,0.1111111111111111,Unknown,98,,19.0,117.0,13.718469229473087,46.0,0.4595335053065539
Bedaquiline,Rv0678,Rv0678_p.Asp141Tyr,3) Uncertain significance,p.D141Y,0.0,Unknown,141,,5.0,146.0,5.066610109333457,146.0,-0.7160867579346772
Bedaquiline,Rv0678,Rv0678_p.Asp47Glu,3) Uncertain significance,p.D47E,1.0,Unknown,47,,1.0,46.0,1.3272784184186808,46.0,-0.569728656933085
Bedaquiline,Rv0678,Rv0678_p.Asp47Gly,3) Uncertain significance,p.D47G,1.0,Unknown,47,,1.0,46.0,1.3272784184186808,46.0,-0.569728656933085
Bedaquiline,Rv0678,Rv0678_p.Asp5Asn,3) Uncertain significance,p.D5N,0.0,Unknown,5,,27.0,32.0,,,
Bedaquiline,Rv0678,Rv0678_p.Asp5Gly,3) Uncertain significance,p.D5G,0.0,Unknown,5,,27.0,32.0,,,
Bedaquiline,Rv0678,Rv0678_p.Asp8Gly,3) Uncertain significance,p.D8G,0.0,Unknown,8,,24.0,32.0,,,
Bedaquiline,Rv0678,Rv0678_p.Cys46Arg,2) Assoc w R - Interim,p.C46R,0.9,Resistant,46,,10.0,36.0,11.624387940876714,67.0,-0.1351561307206545
Bedaquiline,Rv0678,Rv0678_p.Cys46Gly,3) Uncertain significance,p.C46G,0.0,Unknown,46,,10.0,36.0,11.624387940876714,67.0,-0.1351561307206545
Bedaquiline,Rv0678,Rv0678_p.Cys46Trp,3) Uncertain significance,p.C46W,1.0,Unknown,46,,10.0,36.0,11.624387940876714,67.0,-0.1351561307206545
Bedaquiline,Rv0678,Rv0678_p.Cys46Tyr,3) Uncertain significance,p.C46Y,1.0,Unknown,46,,10.0,36.0,11.624387940876714,67.0,-0.1351561307206545
Bedaquiline,Rv0678,Rv0678_p.Gln115Pro,3) Uncertain significance,p.Q115P,1.0,Unknown,115,,2.0,117.0,3.2056927488454035,117.0,0.5455191363002787
Bedaquiline,Rv0678,Rv0678_p.Gln22Arg,3) Uncertain significance,p.Q22R,0.0,Unknown,22,,10.0,32.0,9.295562920017266,36.0,-0.2550344201239879
Bedaquiline,Rv0678,Rv0678_p.Gln22Pro,3) Uncertain significance,p.Q22P,0.0,Unknown,22,,10.0,32.0,9.295562920017266,36.0,-0.2550344201239879
Bedaquiline,Rv0678,Rv0678_p.Gln51Arg,3) Uncertain significance,p.Q51R,0.3333333333333333,Unknown,51,,5.0,46.0,3.5999648609396133,46.0,0.0213548021777755
Bedaquiline,Rv0678,Rv0678_p.Gln51Lys,3) Uncertain significance,p.Q51K,0.0,Unknown,51,,5.0,46.0,3.5999648609396133,46.0,0.0213548021777755
Bedaquiline,Rv0678,Rv0678_p.Gln51Pro,3) Uncertain significance,p.Q51P,0.0,Unknown,51,,5.0,46.0,3.5999648609396133,46.0,0.0213548021777755
Bedaquiline,Rv0678,Rv0678_p.Gln76Arg,3) Uncertain significance,p.Q76R,0.5,Unknown,76,,6.0,70.0,6.960365004796803,70.0,-0.4520617072773945
Bedaquiline,Rv0678,Rv0678_p.Gln76Glu,3) Uncertain significance,p.Q76E,0.0,Unknown,76,,6.0,70.0,6.960365004796803,70.0,-0.4520617072773945
Bedaquiline,Rv0678,Rv0678_p.Gln76Lys,3) Uncertain significance,p.Q76K,1.0,Unknown,76,,6.0,70.0,6.960365004796803,70.0,-0.4520617072773945
Bedaquiline,Rv0678,Rv0678_p.Glu104Asp,3) Uncertain significance,p.E104D,0.0,Unknown,104,,13.0,117.0,7.667465161316349,146.0,-0.3547845833151368
Bedaquiline,Rv0678,Rv0678_p.Glu104Gly,3) Uncertain significance,p.E104G,0.0,Unknown,104,,13.0,117.0,7.667465161316349,146.0,-0.3547845833151368
Bedaquiline,Rv0678,Rv0678_p.Glu104Lys,3) Uncertain significance,p.E104K,0.5,Unknown,104,,13.0,117.0,7.667465161316349,146.0,-0.3547845833151368
Bedaquiline,Rv0678,Rv0678_p.Glu113Lys,3) Uncertain significance,p.E113K,0.0,Unknown,113,,4.0,117.0,3.0450840710890072,117.0,0.7369825460659896
Bedaquiline,Rv0678,Rv0678_p.Glu147Asp,3) Uncertain significance,p.E147D,0.5,Unknown,147,,1.0,146.0,1.3265206368541655,146.0,1.1665156416678863
Bedaquiline,Rv0678,Rv0678_p.Glu21Lys,3) Uncertain significance,p.E21K,0.0,Unknown,21,,11.0,32.0,9.2213743552683,36.0,0.4105174047855824
Bedaquiline,Rv0678,Rv0678_p.Glu55Asp,3) Uncertain significance,p.E55D,0.0,Unknown,55,,9.0,46.0,6.766086017780141,67.0,-0.2352543977739247
Bedaquiline,Rv0678,Rv0678_p.Gly103Arg,3) Uncertain significance,p.G103R,1.0,Unknown,103,,14.0,117.0,11.549135075840097,32.0,-0.5607329849629363
Bedaquiline,Rv0678,Rv0678_p.Gly103Ser,3) Uncertain significance,p.G103S,0.0,Unknown,103,,14.0,117.0,11.549135075840097,32.0,-0.5607329849629363
Bedaquiline,Rv0678,Rv0678_p.Gly121Arg,1) Assoc w R,p.G121R,0.9,Resistant,121,,4.0,117.0,3.023370470187208,117.0,1.2695144070216158
Bedaquiline,Rv0678,Rv0678_p.Gly162Glu,3) Uncertain significance,p.G162E,0.0,Unknown,162,,16.0,146.0,,,
Bedaquiline,Rv0678,Rv0678_p.Gly24Arg,3) Uncertain significance,p.G24R,1.0,Unknown,24,,8.0,32.0,5.7543060398279025,32.0,-0.123070463803146
Bedaquiline,Rv0678,Rv0678_p.Gly24Cys,3) Uncertain significance,p.G24C,1.0,Unknown,24,,8.0,32.0,5.7543060398279025,32.0,-0.123070463803146
Bedaquiline,Rv0678,Rv0678_p.Gly25Asp,3) Uncertain significance,p.G25D,1.0,Unknown,25,,7.0,32.0,6.925923765101655,32.0,-0.1071180172962888
Bedaquiline,Rv0678,Rv0678_p.Gly25Cys,3) Uncertain significance,p.G25C,0.0,Unknown,25,,7.0,32.0,6.925923765101655,32.0,-0.1071180172962888
Bedaquiline,Rv0678,Rv0678_p.Gly41Asp,3) Uncertain significance,p.G41D,1.0,Unknown,41,,5.0,36.0,4.971216148992114,36.0,-0.2023028845718643
Bedaquiline,Rv0678,Rv0678_p.Gly65Arg,3) Uncertain significance,p.G65R,1.0,Unknown,65,,2.0,67.0,3.3115870817479647,67.0,-0.8713806121028461
Bedaquiline,Rv0678,Rv0678_p.Gly65Glu,3) Uncertain significance,p.G65E,1.0,Unknown,65,,2.0,67.0,3.3115870817479647,67.0,-0.8713806121028461
Bedaquiline,Rv0678,Rv0678_p.Gly78Arg,3) Uncertain significance,p.G78R,1.0,Unknown,78,,8.0,70.0,9.126755228447847,70.0,-0.2681539094544848
Bedaquiline,Rv0678,Rv0678_p.Gly78Trp,3) Uncertain significance,p.G78W,0.0,Unknown,78,,8.0,70.0,9.126755228447847,70.0,-0.2681539094544848
Bedaquiline,Rv0678,Rv0678_p.Gly87Arg,3) Uncertain significance,p.G87R,0.5,Unknown,87,,17.0,70.0,19.207319438172515,67.0,1.2143227995452563
Bedaquiline,Rv0678,Rv0678_p.Gly87Trp,3) Uncertain significance,p.G87W,0.0,Unknown,87,,17.0,70.0,19.207319438172515,67.0,1.2143227995452563
Bedaquiline,Rv0678,Rv0678_p.Ile108Thr,3) Uncertain significance,p.I108T,0.0,Unknown,108,,9.0,117.0,5.951489057370425,146.0,-0.1791531544994454
Bedaquiline,Rv0678,Rv0678_p.Ile108Val,3) Uncertain significance,p.I108V,0.3333333333333333,Unknown,108,,9.0,117.0,5.951489057370425,146.0,-0.1791531544994454
Bedaquiline,Rv0678,Rv0678_p.Ile16Ser,3) Uncertain significance,p.I16S,1.0,Unknown,16,,16.0,32.0,6.144722939238185,46.0,-0.3405078694697098
Bedaquiline,Rv0678,Rv0678_p.Ile67Leu,3) Uncertain significance,p.I67L,1.0,Unknown,67,,3.0,70.0,3.4902345193410733,70.0,-0.92510303559493
Bedaquiline,Rv0678,Rv0678_p.Ile67Met,3) Uncertain significance,p.I67M,1.0,Unknown,67,,3.0,70.0,3.4902345193410733,70.0,-0.92510303559493
Bedaquiline,Rv0678,Rv0678_p.Ile67Ser,2) Assoc w R - Interim,p.I67S,1.0,Resistant,67,,3.0,70.0,3.4902345193410733,70.0,-0.92510303559493
Bedaquiline,Rv0678,Rv0678_p.Ile80Met,3) Uncertain significance,p.I80M,0.0,Unknown,80,,10.0,70.0,5.378639790876503,70.0,-0.5405010871847173
Bedaquiline,Rv0678,Rv0678_p.Ile80Ser,3) Uncertain significance,p.I80S,0.0,Unknown,80,,10.0,70.0,5.378639790876503,70.0,-0.5405010871847173
Bedaquiline,Rv0678,Rv0678_p.Leu117Arg,1) Assoc w R,p.L117R,0.6666666666666666,Resistant,117,,4.0,121.0,3.023370470187208,121.0,-0.1153933252896965
Bedaquiline,Rv0678,Rv0678_p.Leu117Pro,3) Uncertain significance,p.L117P,0.5,Unknown,117,,4.0,121.0,3.023370470187208,121.0,-0.1153933252896965
Bedaquiline,Rv0678,Rv0678_p.Leu122Pro,3) Uncertain significance,p.L122P,1.0,Unknown,122,,1.0,121.0,1.329395727388955,121.0,1.8698493876811344
Bedaquiline,Rv0678,Rv0678_p.Leu136Pro,3) Uncertain significance,p.L136P,1.0,Unknown,136,,10.0,146.0,3.3991857848608404,121.0,0.3782179495334783
Bedaquiline,Rv0678,Rv0678_p.Leu142Arg,3) Uncertain significance,p.L142R,0.7777777777777778,Unknown,142,,4.0,146.0,2.8706372114915464,146.0,0.7063612201468482
Bedaquiline,Rv0678,Rv0678_p.Leu142Pro,3) Uncertain significance,p.L142P,0.0,Unknown,142,,4.0,146.0,2.8706372114915464,146.0,0.7063612201468482
Bedaquiline,Rv0678,Rv0678_p.Leu32Ser,2) Assoc w R - Interim,p.L32S,0.8333333333333334,Resistant,32,,4.0,36.0,5.598958653178287,36.0,-0.8633333115853018
Bedaquiline,Rv0678,Rv0678_p.Leu35Trp,3) Uncertain significance,p.L35W,1.0,Unknown,35,,1.0,36.0,1.333333791666587,36.0,-1.395938086709306
Bedaquiline,Rv0678,Rv0678_p.Leu40Met,3) Uncertain significance,p.L40M,1.0,Unknown,40,,4.0,36.0,2.9664933844524266,36.0,-0.7501434557097396
Bedaquiline,Rv0678,Rv0678_p.Leu40Phe,3) Uncertain significance,p.L40F,1.0,Unknown,40,,4.0,36.0,2.9664933844524266,36.0,-0.7501434557097396
Bedaquiline,Rv0678,Rv0678_p.Leu40Ser,3) Uncertain significance,p.L40S,0.0,Unknown,40,,4.0,36.0,2.9664933844524266,36.0,-0.7501434557097396
Bedaquiline,Rv0678,Rv0678_p.Leu40Val,3) Uncertain significance,p.L40V,0.0,Unknown,40,,4.0,36.0,2.9664933844524266,36.0,-0.7501434557097396
Bedaquiline,Rv0678,Rv0678_p.Leu56Pro,3) Uncertain significance,p.L56P,0.0,Unknown,56,,10.0,46.0,3.8984377640280434,67.0,-0.633383868611032
Bedaquiline,Rv0678,Rv0678_p.Leu60Gln,3) Uncertain significance,p.L60Q,1.0,Unknown,60,,7.0,67.0,4.216432022456903,67.0,-1.0654487995713002
Bedaquiline,Rv0678,Rv0678_p.Leu60Pro,3) Uncertain significance,p.L60P,1.0,Unknown,60,,7.0,67.0,4.216432022456903,67.0,-1.0654487995713002
Bedaquiline,Rv0678,Rv0678_p.Leu74Met,3) Uncertain significance,p.L74M,0.0,Unknown,74,,4.0,70.0,3.08026378740523,70.0,-1.3630615618827524
Bedaquiline,Rv0678,Rv0678_p.Leu83His,3) Uncertain significance,p.L83H,0.0,Unknown,83,,13.0,70.0,11.131348570591085,46.0,0.3852347213941703
Bedaquiline,Rv0678,Rv0678_p.Leu83Pro,3) Uncertain significance,p.L83P,0.3333333333333333,Unknown,83,,13.0,70.0,11.131348570591085,46.0,0.3852347213941703
Bedaquiline,Rv0678,Rv0678_p.Leu95Ser,3) Uncertain significance,p.L95S,0.6666666666666666,Unknown,95,,22.0,117.0,6.680134804029036,46.0,0.827219055143815
Bedaquiline,Rv0678,Rv0678_p.Met10Ile,3) Uncertain significance,p.M10I,0.0,Unknown,10,,22.0,32.0,,,
Bedaquiline,Rv0678,Rv0678_p.Met139Ile,3) Uncertain significance,p.M139I,0.6666666666666666,Unknown,139,,7.0,146.0,5.179434235512601,117.0,-0.3083661213654504
Bedaquiline,Rv0678,Rv0678_p.Met139Thr,3) Uncertain significance,p.M139T,1.0,Unknown,139,,7.0,146.0,5.179434235512601,117.0,-0.3083661213654504
Bedaquiline,Rv0678,Rv0678_p.Met146Thr,2) Assoc w R - Interim,p.M146T,0.2291666666666666,Resistant,146,,25.0,121.0,14.425735613825728,117.0,-0.4552829509057216
Bedaquiline,Rv0678,Rv0678_p.Met17Val,3) Uncertain significance,p.M17V,0.0,Unknown,17,,15.0,32.0,9.42063187901958,46.0,-0.6130793609344475
Bedaquiline,Rv0678,Rv0678_p.Met23Leu,3) Uncertain significance,p.M23L,0.0,Unknown,23,,9.0,32.0,5.945300076531028,36.0,0.0860524020954106
Bedaquiline,Rv0678,Rv0678_p.Met23Val,3) Uncertain significance,p.M23V,0.0,Unknown,23,,9.0,32.0,5.945300076531028,36.0,0.0860524020954106
Bedaquiline,Rv0678,Rv0678_p.Met73Ile,3) Uncertain significance,p.M73I,0.0,Unknown,73,,3.0,70.0,3.2595565649333316,70.0,0.4453689940249151
Bedaquiline,Rv0678,Rv0678_p.Phe100Ile,3) Uncertain significance,p.F100I,1.0,Unknown,100,,17.0,117.0,9.434623097930302,36.0,-0.3235127294154526
Bedaquiline,Rv0678,Rv0678_p.Phe19Leu,3) Uncertain significance,p.F19L,1.0,Unknown,19,,13.0,32.0,7.518233436120471,46.0,0.3566578899170333
Bedaquiline,Rv0678,Rv0678_p.Phe19Ser,3) Uncertain significance,p.F19S,0.5,Unknown,19,,13.0,32.0,7.518233436120471,46.0,0.3566578899170333
Bedaquiline,Rv0678,Rv0678_p.Phe79Leu,3) Uncertain significance,p.F79L,1.0,Unknown,79,,9.0,70.0,7.437556789699151,32.0,-0.2771077832200304
Bedaquiline,Rv0678,Rv0678_p.Phe93Leu,3) Uncertain significance,p.F93L,0.6666666666666666,Unknown,93,,23.0,70.0,4.667782128591694,67.0,-0.481479323340263
Bedaquiline,Rv0678,Rv0678_p.Phe93Ser,3) Uncertain significance,p.F93S,0.5,Unknown,93,,23.0,70.0,4.667782128591694,67.0,-0.481479323340263
Bedaquiline,Rv0678,Rv0678_p.Pro14Leu,3) Uncertain significance,p.P14L,0.0,Unknown,14,,18.0,32.0,13.192101652125032,46.0,0.3045957593320825
Bedaquiline,Rv0678,Rv0678_p.Pro14Ser,3) Uncertain significance,p.P14S,0.0,Unknown,14,,18.0,32.0,13.192101652125032,46.0,0.3045957593320825
Bedaquiline,Rv0678,Rv0678_p.Pro48Leu,3) Uncertain significance,p.P48L,0.75,Unknown,48,,2.0,46.0,3.482789686443904,46.0,0.0333416711333274
Bedaquiline,Rv0678,Rv0678_p.Ser151Pro,3) Uncertain significance,p.S151P,1.0,Unknown,151,,5.0,146.0,4.57010853262808,146.0,-0.5055057931213655
Bedaquiline,Rv0678,Rv0678_p.Ser158Arg,3) Uncertain significance,p.S158R,0.0,Unknown,158,,12.0,146.0,14.772617269800227,146.0,-0.8633099803468214
Bedaquiline,Rv0678,Rv0678_p.Ser2Arg,3) Uncertain significance,p.S2R,0.0,Unknown,2,,30.0,32.0,,,
Bedaquiline,Rv0678,Rv0678_p.Ser2Ile,3) Uncertain significance,p.S2I,0.75,Unknown,2,,30.0,32.0,,,
Bedaquiline,Rv0678,Rv0678_p.Ser31Gly,3) Uncertain significance,p.S31G,0.0,Unknown,31,,1.0,32.0,1.3314003905662641,32.0,-0.6685339728166899
Bedaquiline,Rv0678,Rv0678_p.Ser52Phe,3) Uncertain significance,p.S52F,1.0,Unknown,52,,6.0,46.0,5.931177454772365,67.0,0.3040410613390474
Bedaquiline,Rv0678,Rv0678_p.Ser52Pro,3) Uncertain significance,p.S52P,0.0,Unknown,52,,6.0,46.0,5.931177454772365,67.0,0.3040410613390474
Bedaquiline,Rv0678,Rv0678_p.Ser52Tyr,3) Uncertain significance,p.S52Y,0.0,Unknown,52,,6.0,46.0,5.931177454772365,67.0,0.3040410613390474
Bedaquiline,Rv0678,Rv0678_p.Ser53Leu,3) Uncertain significance,p.S53L,1.0,Unknown,53,,7.0,46.0,4.2344149536860405,67.0,-0.5104863173151678
Bedaquiline,Rv0678,Rv0678_p.Ser53Pro,3) Uncertain significance,p.S53P,1.0,Unknown,53,,7.0,46.0,4.2344149536860405,67.0,-0.5104863173151678
Bedaquiline,Rv0678,Rv0678_p.Ser63Arg,3) Uncertain significance,p.S63R,0.6666666666666666,Unknown,63,,4.0,67.0,3.044740383021188,67.0,-1.3930435856966663
Bedaquiline,Rv0678,Rv0678_p.Ser63Gly,3) Uncertain significance,p.S63G,1.0,Unknown,63,,4.0,67.0,3.044740383021188,67.0,-1.3930435856966663
Bedaquiline,Rv0678,Rv0678_p.Ser64Ile,3) Uncertain significance,p.S64I,1.0,Unknown,64,,3.0,67.0,3.4796129095058808,67.0,-0.8091387574493539
Bedaquiline,Rv0678,Rv0678_p.Ser68Asn,3) Uncertain significance,p.S68N,1.0,Unknown,68,,1.0,67.0,1.3308437173462664,67.0,-1.2199183780860887
Bedaquiline,Rv0678,Rv0678_p.Ser68Gly,3) Uncertain significance,p.S68G,0.0,Unknown,68,,1.0,67.0,1.3308437173462664,67.0,-1.2199183780860887
Bedaquiline,Rv0678,Rv0678_p.Ser68Ile,3) Uncertain significance,p.S68I,0.0,Unknown,68,,1.0,67.0,1.3308437173462664,67.0,-1.2199183780860887
Bedaquiline,Rv0678,Rv0678_p.Thr33Ile,3) Uncertain significance,p.T33I,1.0,Unknown,33,,1.0,32.0,1.3278407284008102,32.0,-0.7695746075593105
Bedaquiline,Rv0678,Rv0678_p.Thr58Pro,3) Uncertain significance,p.T58P,0.0,Unknown,58,,9.0,67.0,6.110403587325472,67.0,-0.8660895670375633
Bedaquiline,Rv0678,Rv0678_p.Thr69Pro,3) Uncertain significance,p.T69P,0.0,Unknown,69,,1.0,70.0,1.327913400790877,70.0,-0.4913281726063112
Bedaquiline,Rv0678,Rv0678_p.Thr91Ile,3) Uncertain significance,p.T91I,1.0,Unknown,91,,21.0,70.0,7.604222050939856,67.0,1.597604187174717
Bedaquiline,Rv0678,Rv0678_p.Trp42Arg,3) Uncertain significance,p.W42R,0.0,Unknown,42,,4.0,46.0,2.8349634918284194,46.0,-1.1270856024670917
Bedaquiline,Rv0678,Rv0678_p.Tyr145His,3) Uncertain significance,p.Y145H,0.0,Unknown,145,,1.0,146.0,1.3323085228279556,146.0,0.965263503814331
Bedaquiline,Rv0678,Rv0678_p.Tyr157Ser,3) Uncertain significance,p.Y157S,0.6666666666666666,Unknown,157,,11.0,146.0,12.915133797216352,146.0,-0.5742170491617227
Bedaquiline,Rv0678,Rv0678_p.Tyr26Asp,3) Uncertain significance,p.Y26D,0.0,Unknown,26,,6.0,32.0,6.21064924142396,32.0,0.0670677073864818
Bedaquiline,Rv0678,Rv0678_p.Tyr26Cys,3) Uncertain significance,p.Y26C,0.0,Unknown,26,,6.0,32.0,6.21064924142396,32.0,0.0670677073864818
Bedaquiline,Rv0678,Rv0678_p.Tyr26His,3) Uncertain significance,p.Y26H,1.0,Unknown,26,,6.0,32.0,6.21064924142396,32.0,0.0670677073864818
Bedaquiline,Rv0678,Rv0678_p.Tyr92Cys,3) Uncertain significance,p.Y92C,1.0,Unknown,92,,22.0,70.0,8.47710074258882,67.0,-0.2152938125362453
Bedaquiline,Rv0678,Rv0678_p.Val120Met,3) Uncertain significance,p.V120M,0.0,Unknown,120,,1.0,121.0,1.3294457491751928,121.0,2.686150799004908
Bedaquiline,Rv0678,Rv0678_p.Val20Ala,3) Uncertain significance,p.V20A,0.0,Unknown,20,,12.0,32.0,7.283636248468207,46.0,-1.1692249878781154
Bedaquiline,Rv0678,Rv0678_p.Val20Gly,3) Uncertain significance,p.V20G,0.5,Unknown,20,,12.0,32.0,7.283636248468207,46.0,-1.1692249878781154
Bedaquiline,Rv0678,Rv0678_p.Val85Ala,3) Uncertain significance,p.V85A,0.0,Unknown,85,,15.0,70.0,15.44580881663372,46.0,0.786963191949495
Clofazimine,Rv0678,Rv0678_p.Ala101Glu,3) Uncertain significance,p.A101E,0.0,Unknown,101,,16.0,117.0,11.986901434482554,146.0,-0.409215239494858
Clofazimine,Rv0678,Rv0678_p.Ala102Asp,3) Uncertain significance,p.A102D,1.0,Unknown,102,,15.0,117.0,13.234748883148479,146.0,-0.136459817227897
Clofazimine,Rv0678,Rv0678_p.Ala102Thr,3) Uncertain significance,p.A102T,1.0,Unknown,102,,15.0,117.0,13.234748883148479,146.0,-0.136459817227897
Clofazimine,Rv0678,Rv0678_p.Ala110Val,3) Uncertain significance,p.A110V,0.0,Unknown,110,,7.0,117.0,6.914526231058784,117.0,0.8305849419326364
Clofazimine,Rv0678,Rv0678_p.Ala112Ser,3) Uncertain significance,p.A112S,0.0,Unknown,112,,5.0,117.0,5.21104835901568,117.0,0.5942465730661901
Clofazimine,Rv0678,Rv0678_p.Ala124Pro,3) Uncertain significance,p.A124P,0.0,Unknown,124,,3.0,121.0,3.207397075511534,121.0,0.5783724804431212
Clofazimine,Rv0678,Rv0678_p.Ala36Val,2) Assoc w R - Interim,p.A36V,0.75,Resistant,36,,4.0,32.0,3.46285200376799,70.0,-0.6781756313490706
Clofazimine,Rv0678,Rv0678_p.Ala59Val,3) Uncertain significance,p.A59V,0.0,Unknown,59,,8.0,67.0,7.235900151328794,67.0,-0.9358504559791132
Clofazimine,Rv0678,Rv0678_p.Ala62Thr,3) Uncertain significance,p.A62T,1.0,Unknown,62,,5.0,67.0,3.919048991783591,67.0,-0.8287575228777707
Clofazimine,Rv0678,Rv0678_p.Ala84Thr,3) Uncertain significance,p.A84T,0.0,Unknown,84,,14.0,70.0,13.776529679131825,67.0,1.8538611829610885
Clofazimine,Rv0678,Rv0678_p.Ala84Val,3) Uncertain significance,p.A84V,0.0,Unknown,84,,14.0,70.0,13.776529679131825,67.0,1.8538611829610885
Clofazimine,Rv0678,Rv0678_p.Ala86Val,3) Uncertain significance,p.A86V,0.0,Unknown,86,,16.0,70.0,18.99287769138737,67.0,2.7344795080569497
Clofazimine,Rv0678,Rv0678_p.Ala99Pro,3) Uncertain significance,p.A99P,1.0,Unknown,99,,18.0,117.0,11.737056700893968,46.0,0.642063079833576
Clofazimine,Rv0678,Rv0678_p.Arg107Cys,3) Uncertain significance,p.R107C,0.0,Unknown,107,,10.0,117.0,7.761986021631314,146.0,-0.6339650946509198
Clofazimine,Rv0678,Rv0678_p.Arg109Leu,3) Uncertain significance,p.R109L,0.0,Unknown,109,,8.0,117.0,9.004495488365793,146.0,-0.7403409596668458
Clofazimine,Rv0678,Rv0678_p.Arg134Gly,3) Uncertain significance,p.R134G,0.0,Unknown,134,,12.0,146.0,9.101033842371976,121.0,-0.5370965685020913
Clofazimine,Rv0678,Rv0678_p.Arg156Gln,3) Uncertain significance,p.R156Q,0.0,Unknown,156,,10.0,146.0,12.118135005024492,146.0,-1.1203325249970564
Clofazimine,Rv0678,Rv0678_p.Arg30Trp,3) Uncertain significance,p.R30W,0.0,Unknown,30,,2.0,32.0,3.0853750177247425,32.0,-0.1046897047488069
Clofazimine,Rv0678,Rv0678_p.Arg50Gln,3) Uncertain significance,p.R50Q,1.0,Unknown,50,,4.0,46.0,5.188229177667466,46.0,-0.0991675325022377
Clofazimine,Rv0678,Rv0678_p.Arg50Trp,3) Uncertain significance,p.R50W,1.0,Unknown,50,,4.0,46.0,5.188229177667466,46.0,-0.0991675325022377
Clofazimine,Rv0678,Rv0678_p.Arg72Gln,3) Uncertain significance,p.R72Q,0.0,Unknown,72,,2.0,70.0,3.2316970773882927,70.0,-0.6370717281166951
Clofazimine,Rv0678,Rv0678_p.Arg72Trp,3) Uncertain significance,p.R72W,0.3333333333333333,Unknown,72,,2.0,70.0,3.2316970773882927,70.0,-0.6370717281166951
Clofazimine,Rv0678,Rv0678_p.Arg89Gln,3) Uncertain significance,p.R89Q,1.0,Unknown,89,,19.0,70.0,12.762869779168009,67.0,1.955856144974224
Clofazimine,Rv0678,Rv0678_p.Arg89Leu,3) Uncertain significance,p.R89L,1.0,Unknown,89,,19.0,70.0,12.762869779168009,67.0,1.955856144974224
Clofazimine,Rv0678,Rv0678_p.Arg89Trp,3) Uncertain significance,p.R89W,0.0,Unknown,89,,19.0,70.0,12.762869779168009,67.0,1.955856144974224
Clofazimine,Rv0678,Rv0678_p.Arg90Cys,3) Uncertain significance,p.R90C,0.2,Unknown,90,,20.0,70.0,10.745717565616545,67.0,0.6466058832631345
Clofazimine,Rv0678,Rv0678_p.Arg94Gln,3) Uncertain significance,p.R94Q,1.0,Unknown,94,,23.0,117.0,6.869673500247303,46.0,-0.2311693781716975
Clofazimine,Rv0678,Rv0678_p.Arg94Trp,3) Uncertain significance,p.R94W,0.0,Unknown,94,,23.0,117.0,6.869673500247303,46.0,-0.2311693781716975
Clofazimine,Rv0678,Rv0678_p.Arg96Gly,3) Uncertain significance,p.R96G,0.0,Unknown,96,,21.0,117.0,9.914531708557899,46.0,0.1424708605471298
Clofazimine,Rv0678,Rv0678_p.Arg96Leu,3) Uncertain significance,p.R96L,0.0,Unknown,96,,21.0,117.0,9.914531708557899,46.0,0.1424708605471298
Clofazimine,Rv0678,Rv0678_p.Arg96Trp,3) Uncertain significance,p.R96W,0.0,Unknown,96,,21.0,117.0,9.914531708557899,46.0,0.1424708605471298
Clofazimine,Rv0678,Rv0678_p.Asn148His,3) Uncertain significance,p.N148H,0.0,Unknown,148,,2.0,146.0,3.2079267447995123,146.0,-0.0148097022628979
Clofazimine,Rv0678,Rv0678_p.Asn4Thr,3) Uncertain significance,p.N4T,0.3571428571428571,Unknown,4,,28.0,32.0,,,
Clofazimine,Rv0678,Rv0678_p.Asn70Asp,2) Assoc w R - Interim,p.N70D,1.0,Resistant,70,,3.0,67.0,3.46285200376799,36.0,-1.1727689859414632
Clofazimine,Rv0678,Rv0678_p.Asn70Ile,3) Uncertain significance,p.N70I,0.5,Unknown,70,,3.0,67.0,3.46285200376799,36.0,-1.1727689859414632
Clofazimine,Rv0678,Rv0678_p.Asn70Lys,3) Uncertain significance,p.N70K,1.0,Unknown,70,,3.0,67.0,3.46285200376799,36.0,-1.1727689859414632
Clofazimine,Rv0678,Rv0678_p.Asn98Asp,3) Uncertain significance,p.N98D,0.0,Unknown,98,,19.0,117.0,13.718469229473087,46.0,0.4595335053065539
Clofazimine,Rv0678,Rv0678_p.Asp15Gly,3) Uncertain significance,p.D15G,0.0,Unknown,15,,17.0,32.0,10.539657774330246,46.0,-0.4853284682617102
Clofazimine,Rv0678,Rv0678_p.Asp5Asn,3) Uncertain significance,p.D5N,0.0,Unknown,5,,27.0,32.0,,,
Clofazimine,Rv0678,Rv0678_p.Asp5Gly,3) Uncertain significance,p.D5G,0.0,Unknown,5,,27.0,32.0,,,
Clofazimine,Rv0678,Rv0678_p.Asp8Gly,3) Uncertain significance,p.D8G,0.0,Unknown,8,,24.0,32.0,,,
Clofazimine,Rv0678,Rv0678_p.Cys46Arg,2) Assoc w R - Interim,p.C46R,1.0,Resistant,46,,10.0,36.0,11.624387940876714,67.0,-0.1351561307206545
Clofazimine,Rv0678,Rv0678_p.Cys46Gly,3) Uncertain significance,p.C46G,1.0,Unknown,46,,10.0,36.0,11.624387940876714,67.0,-0.1351561307206545
Clofazimine,Rv0678,Rv0678_p.Cys46Tyr,3) Uncertain significance,p.C46Y,1.0,Unknown,46,,10.0,36.0,11.624387940876714,67.0,-0.1351561307206545
Clofazimine,Rv0678,Rv0678_p.Gln22Arg,3) Uncertain significance,p.Q22R,0.0,Unknown,22,,10.0,32.0,9.295562920017266,36.0,-0.2550344201239879
Clofazimine,Rv0678,Rv0678_p.Gln22Pro,3) Uncertain significance,p.Q22P,0.0,Unknown,22,,10.0,32.0,9.295562920017266,36.0,-0.2550344201239879
Clofazimine,Rv0678,Rv0678_p.Gln51Arg,3) Uncertain significance,p.Q51R,1.0,Unknown,51,,5.0,46.0,3.5999648609396133,46.0,0.0213548021777755
Clofazimine,Rv0678,Rv0678_p.Gln51Lys,3) Uncertain significance,p.Q51K,0.0,Unknown,51,,5.0,46.0,3.5999648609396133,46.0,0.0213548021777755
Clofazimine,Rv0678,Rv0678_p.Gln51Pro,3) Uncertain significance,p.Q51P,1.0,Unknown,51,,5.0,46.0,3.5999648609396133,46.0,0.0213548021777755
Clofazimine,Rv0678,Rv0678_p.Gln76Arg,3) Uncertain significance,p.Q76R,0.0,Unknown,76,,6.0,70.0,6.960365004796803,70.0,-0.4520617072773945
Clofazimine,Rv0678,Rv0678_p.Gln76Glu,3) Uncertain significance,p.Q76E,0.0,Unknown,76,,6.0,70.0,6.960365004796803,70.0,-0.4520617072773945
Clofazimine,Rv0678,Rv0678_p.Glu104Asp,3) Uncertain significance,p.E104D,0.0,Unknown,104,,13.0,117.0,7.667465161316349,146.0,-0.3547845833151368
Clofazimine,Rv0678,Rv0678_p.Glu104Gly,3) Uncertain significance,p.E104G,0.0,Unknown,104,,13.0,117.0,7.667465161316349,146.0,-0.3547845833151368
Clofazimine,Rv0678,Rv0678_p.Glu104Lys,3) Uncertain significance,p.E104K,0.0,Unknown,104,,13.0,117.0,7.667465161316349,146.0,-0.3547845833151368
Clofazimine,Rv0678,Rv0678_p.Glu113Lys,3) Uncertain significance,p.E113K,0.0,Unknown,113,,4.0,117.0,3.0450840710890072,117.0,0.7369825460659896
Clofazimine,Rv0678,Rv0678_p.Glu147Asp,3) Uncertain significance,p.E147D,1.0,Unknown,147,,1.0,146.0,1.3265206368541655,146.0,1.1665156416678863
Clofazimine,Rv0678,Rv0678_p.Glu21Lys,3) Uncertain significance,p.E21K,0.0,Unknown,21,,11.0,32.0,9.2213743552683,36.0,0.4105174047855824
Clofazimine,Rv0678,Rv0678_p.Glu54Lys,3) Uncertain significance,p.E54K,0.0,Unknown,54,,8.0,46.0,6.178759503330744,67.0,0.4189399340443418
Clofazimine,Rv0678,Rv0678_p.Glu55Asp,3) Uncertain significance,p.E55D,0.125,Unknown,55,,9.0,46.0,6.766086017780141,67.0,-0.2352543977739247
Clofazimine,Rv0678,Rv0678_p.Gly103Ser,3) Uncertain significance,p.G103S,0.5,Unknown,103,,14.0,117.0,11.549135075840097,32.0,-0.5607329849629363
Clofazimine,Rv0678,Rv0678_p.Gly121Arg,2) Assoc w R - Interim,p.G121R,0.8,Resistant,121,,4.0,117.0,3.023370470187208,117.0,1.2695144070216158
Clofazimine,Rv0678,Rv0678_p.Gly162Glu,3) Uncertain significance,p.G162E,0.0,Unknown,162,,16.0,146.0,,,
Clofazimine,Rv0678,Rv0678_p.Gly25Asp,3) Uncertain significance,p.G25D,0.0,Unknown,25,,7.0,32.0,6.925923765101655,32.0,-0.1071180172962888
Clofazimine,Rv0678,Rv0678_p.Gly25Cys,3) Uncertain significance,p.G25C,0.0,Unknown,25,,7.0,32.0,6.925923765101655,32.0,-0.1071180172962888
Clofazimine,Rv0678,Rv0678_p.Gly65Arg,3) Uncertain significance,p.G65R,1.0,Unknown,65,,2.0,67.0,3.3115870817479647,67.0,-0.8713806121028461
Clofazimine,Rv0678,Rv0678_p.Gly78Trp,3) Uncertain significance,p.G78W,0.0,Unknown,78,,8.0,70.0,9.126755228447847,70.0,-0.2681539094544848
Clofazimine,Rv0678,Rv0678_p.Gly87Arg,3) Uncertain significance,p.G87R,0.0,Unknown,87,,17.0,70.0,19.207319438172515,67.0,1.2143227995452563
Clofazimine,Rv0678,Rv0678_p.Gly87Trp,3) Uncertain significance,p.G87W,0.0,Unknown,87,,17.0,70.0,19.207319438172515,67.0,1.2143227995452563
Clofazimine,Rv0678,Rv0678_p.Ile108Thr,3) Uncertain significance,p.I108T,0.0,Unknown,108,,9.0,117.0,5.951489057370425,146.0,-0.1791531544994454
Clofazimine,Rv0678,Rv0678_p.Ile108Val,3) Uncertain significance,p.I108V,0.3333333333333333,Unknown,108,,9.0,117.0,5.951489057370425,146.0,-0.1791531544994454
Clofazimine,Rv0678,Rv0678_p.Ile67Leu,3) Uncertain significance,p.I67L,0.0,Unknown,67,,3.0,70.0,3.4902345193410733,70.0,-0.92510303559493
Clofazimine,Rv0678,Rv0678_p.Ile67Ser,2) Assoc w R - Interim,p.I67S,0.0,Resistant,67,,3.0,70.0,3.4902345193410733,70.0,-0.92510303559493
Clofazimine,Rv0678,Rv0678_p.Ile75Val,3) Uncertain significance,p.I75V,0.0,Unknown,75,,5.0,70.0,5.141099590554537,70.0,0.7771063390261588
Clofazimine,Rv0678,Rv0678_p.Ile80Met,3) Uncertain significance,p.I80M,0.0,Unknown,80,,10.0,70.0,5.378639790876503,70.0,-0.5405010871847173
Clofazimine,Rv0678,Rv0678_p.Ile80Ser,3) Uncertain significance,p.I80S,0.0,Unknown,80,,10.0,70.0,5.378639790876503,70.0,-0.5405010871847173
Clofazimine,Rv0678,Rv0678_p.Leu117Arg,2) Assoc w R - Interim,p.L117R,0.3076923076923077,Resistant,117,,4.0,121.0,3.023370470187208,121.0,-0.1153933252896965
Clofazimine,Rv0678,Rv0678_p.Leu117Pro,3) Uncertain significance,p.L117P,1.0,Unknown,117,,4.0,121.0,3.023370470187208,121.0,-0.1153933252896965
Clofazimine,Rv0678,Rv0678_p.Leu142Arg,3) Uncertain significance,p.L142R,1.0,Unknown,142,,4.0,146.0,2.8706372114915464,146.0,0.7063612201468482
Clofazimine,Rv0678,Rv0678_p.Leu32Ser,2) Assoc w R - Interim,p.L32S,0.25,Resistant,32,,4.0,36.0,5.598958653178287,36.0,-0.8633333115853018
Clofazimine,Rv0678,Rv0678_p.Leu35Trp,3) Uncertain significance,p.L35W,1.0,Unknown,35,,1.0,36.0,1.333333791666587,36.0,-1.395938086709306
Clofazimine,Rv0678,Rv0678_p.Leu40Met,3) Uncertain significance,p.L40M,0.0,Unknown,40,,4.0,36.0,2.9664933844524266,36.0,-0.7501434557097396
Clofazimine,Rv0678,Rv0678_p.Leu40Phe,3) Uncertain significance,p.L40F,1.0,Unknown,40,,4.0,36.0,2.9664933844524266,36.0,-0.7501434557097396
Clofazimine,Rv0678,Rv0678_p.Leu40Ser,3) Uncertain significance,p.L40S,0.0,Unknown,40,,4.0,36.0,2.9664933844524266,36.0,-0.7501434557097396
Clofazimine,Rv0678,Rv0678_p.Leu40Val,3) Uncertain significance,p.L40V,0.0,Unknown,40,,4.0,36.0,2.9664933844524266,36.0,-0.7501434557097396
Clofazimine,Rv0678,Rv0678_p.Leu56Pro,3) Uncertain significance,p.L56P,1.0,Unknown,56,,10.0,46.0,3.8984377640280434,67.0,-0.633383868611032
Clofazimine,Rv0678,Rv0678_p.Leu60Gln,3) Uncertain significance,p.L60Q,0.0,Unknown,60,,7.0,67.0,4.216432022456903,67.0,-1.0654487995713002
Clofazimine,Rv0678,Rv0678_p.Leu74Met,3) Uncertain significance,p.L74M,0.0,Unknown,74,,4.0,70.0,3.08026378740523,70.0,-1.3630615618827524
Clofazimine,Rv0678,Rv0678_p.Leu83His,3) Uncertain significance,p.L83H,0.0,Unknown,83,,13.0,70.0,11.131348570591085,46.0,0.3852347213941703
Clofazimine,Rv0678,Rv0678_p.Leu83Phe,3) Uncertain significance,p.L83F,0.0,Unknown,83,,13.0,70.0,11.131348570591085,46.0,0.3852347213941703
Clofazimine,Rv0678,Rv0678_p.Leu83Pro,3) Uncertain significance,p.L83P,1.0,Unknown,83,,13.0,70.0,11.131348570591085,46.0,0.3852347213941703
Clofazimine,Rv0678,Rv0678_p.Leu95Ser,3) Uncertain significance,p.L95S,0.0,Unknown,95,,22.0,117.0,6.680134804029036,46.0,0.827219055143815
Clofazimine,Rv0678,Rv0678_p.Met10Ile,3) Uncertain significance,p.M10I,1.0,Unknown,10,,22.0,32.0,,,
Clofazimine,Rv0678,Rv0678_p.Met111Thr,3) Uncertain significance,p.M111T,0.0,Unknown,111,,6.0,117.0,3.8120414478334284,146.0,-0.8022710077948559
Clofazimine,Rv0678,Rv0678_p.Met139Ile,3) Uncertain significance,p.M139I,0.0,Unknown,139,,7.0,146.0,5.179434235512601,117.0,-0.3083661213654504
Clofazimine,Rv0678,Rv0678_p.Met146Thr,2) Assoc w R - Interim,p.M146T,0.0526315789473684,Resistant,146,,25.0,121.0,14.425735613825728,117.0,-0.4552829509057216
Clofazimine,Rv0678,Rv0678_p.Met17Val,3) Uncertain significance,p.M17V,0.0,Unknown,17,,15.0,32.0,9.42063187901958,46.0,-0.6130793609344475
Clofazimine,Rv0678,Rv0678_p.Met23Val,3) Uncertain significance,p.M23V,0.0,Unknown,23,,9.0,32.0,5.945300076531028,36.0,0.0860524020954106
Clofazimine,Rv0678,Rv0678_p.Met73Ile,3) Uncertain significance,p.M73I,0.0,Unknown,73,,3.0,70.0,3.2595565649333316,70.0,0.4453689940249151
Clofazimine,Rv0678,Rv0678_p.Phe19Leu,3) Uncertain significance,p.F19L,0.0,Unknown,19,,13.0,32.0,7.518233436120471,46.0,0.3566578899170333
Clofazimine,Rv0678,Rv0678_p.Phe19Ser,3) Uncertain significance,p.F19S,1.0,Unknown,19,,13.0,32.0,7.518233436120471,46.0,0.3566578899170333
Clofazimine,Rv0678,Rv0678_p.Phe93Leu,3) Uncertain significance,p.F93L,0.0,Unknown,93,,23.0,70.0,4.667782128591694,67.0,-0.481479323340263
Clofazimine,Rv0678,Rv0678_p.Phe93Ser,3) Uncertain significance,p.F93S,0.0,Unknown,93,,23.0,70.0,4.667782128591694,67.0,-0.481479323340263
Clofazimine,Rv0678,Rv0678_p.Pro14Leu,3) Uncertain significance,p.P14L,0.0,Unknown,14,,18.0,32.0,13.192101652125032,46.0,0.3045957593320825
Clofazimine,Rv0678,Rv0678_p.Pro14Ser,3) Uncertain significance,p.P14S,1.0,Unknown,14,,18.0,32.0,13.192101652125032,46.0,0.3045957593320825
Clofazimine,Rv0678,Rv0678_p.Pro48Leu,3) Uncertain significance,p.P48L,0.3333333333333333,Unknown,48,,2.0,46.0,3.482789686443904,46.0,0.0333416711333274
Clofazimine,Rv0678,Rv0678_p.Ser151Pro,3) Uncertain significance,p.S151P,1.0,Unknown,151,,5.0,146.0,4.57010853262808,146.0,-0.5055057931213655
Clofazimine,Rv0678,Rv0678_p.Ser158Arg,3) Uncertain significance,p.S158R,0.0,Unknown,158,,12.0,146.0,14.772617269800227,146.0,-0.8633099803468214
Clofazimine,Rv0678,Rv0678_p.Ser2Arg,3) Uncertain significance,p.S2R,0.0,Unknown,2,,30.0,32.0,,,
Clofazimine,Rv0678,Rv0678_p.Ser2Ile,3) Uncertain significance,p.S2I,0.0,Unknown,2,,30.0,32.0,,,
Clofazimine,Rv0678,Rv0678_p.Ser31Gly,3) Uncertain significance,p.S31G,0.0,Unknown,31,,1.0,32.0,1.3314003905662641,32.0,-0.6685339728166899
Clofazimine,Rv0678,Rv0678_p.Ser52Phe,3) Uncertain significance,p.S52F,1.0,Unknown,52,,6.0,46.0,5.931177454772365,67.0,0.3040410613390474
Clofazimine,Rv0678,Rv0678_p.Ser52Pro,3) Uncertain significance,p.S52P,0.0,Unknown,52,,6.0,46.0,5.931177454772365,67.0,0.3040410613390474
Clofazimine,Rv0678,Rv0678_p.Ser52Tyr,3) Uncertain significance,p.S52Y,1.0,Unknown,52,,6.0,46.0,5.931177454772365,67.0,0.3040410613390474
Clofazimine,Rv0678,Rv0678_p.Ser53Leu,3) Uncertain significance,p.S53L,0.0,Unknown,53,,7.0,46.0,4.2344149536860405,67.0,-0.5104863173151678
Clofazimine,Rv0678,Rv0678_p.Ser53Pro,3) Uncertain significance,p.S53P,1.0,Unknown,53,,7.0,46.0,4.2344149536860405,67.0,-0.5104863173151678
Clofazimine,Rv0678,Rv0678_p.Ser68Asn,3) Uncertain significance,p.S68N,1.0,Unknown,68,,1.0,67.0,1.3308437173462664,67.0,-1.2199183780860887
Clofazimine,Rv0678,Rv0678_p.Ser68Gly,3) Uncertain significance,p.S68G,0.0,Unknown,68,,1.0,67.0,1.3308437173462664,67.0,-1.2199183780860887
Clofazimine,Rv0678,Rv0678_p.Ser68Ile,3) Uncertain significance,p.S68I,0.0,Unknown,68,,1.0,67.0,1.3308437173462664,67.0,-1.2199183780860887
Clofazimine,Rv0678,Rv0678_p.Thr33Ile,3) Uncertain significance,p.T33I,1.0,Unknown,33,,1.0,32.0,1.3278407284008102,32.0,-0.7695746075593105
Clofazimine,Rv0678,Rv0678_p.Thr58Lys,3) Uncertain significance,p.T58K,0.0,Unknown,58,,9.0,67.0,6.110403587325472,67.0,-0.8660895670375633
Clofazimine,Rv0678,Rv0678_p.Thr58Pro,3) Uncertain significance,p.T58P,0.0,Unknown,58,,9.0,67.0,6.110403587325472,67.0,-0.8660895670375633
Clofazimine,Rv0678,Rv0678_p.Thr69Pro,3) Uncertain significance,p.T69P,0.0,Unknown,69,,1.0,70.0,1.327913400790877,70.0,-0.4913281726063112
Clofazimine,Rv0678,Rv0678_p.Trp42Arg,3) Uncertain significance,p.W42R,0.0,Unknown,42,,4.0,46.0,2.8349634918284194,46.0,-1.1270856024670917
Clofazimine,Rv0678,Rv0678_p.Trp42Cys,3) Uncertain significance,p.W42C,0.0,Unknown,42,,4.0,46.0,2.8349634918284194,46.0,-1.1270856024670917
Clofazimine,Rv0678,Rv0678_p.Tyr145His,3) Uncertain significance,p.Y145H,0.0,Unknown,145,,1.0,146.0,1.3323085228279556,146.0,0.965263503814331
Clofazimine,Rv0678,Rv0678_p.Tyr157Ser,3) Uncertain significance,p.Y157S,1.0,Unknown,157,,11.0,146.0,12.915133797216352,146.0,-0.5742170491617227
Clofazimine,Rv0678,Rv0678_p.Tyr26Cys,3) Uncertain significance,p.Y26C,1.0,Unknown,26,,6.0,32.0,6.21064924142396,32.0,0.0670677073864818
Clofazimine,Rv0678,Rv0678_p.Val120Met,3) Uncertain significance,p.V120M,1.0,Unknown,120,,1.0,121.0,1.3294457491751928,121.0,2.686150799004908
Clofazimine,Rv0678,Rv0678_p.Val20Ala,3) Uncertain significance,p.V20A,0.0,Unknown,20,,12.0,32.0,7.283636248468207,46.0,-1.1692249878781154
Clofazimine,Rv0678,Rv0678_p.Val20Gly,3) Uncertain significance,p.V20G,1.0,Unknown,20,,12.0,32.0,7.283636248468207,46.0,-1.1692249878781154
Clofazimine,Rv0678,Rv0678_p.Val85Ala,3) Uncertain significance,p.V85A,0.0,Unknown,85,,15.0,70.0,15.44580881663372,46.0,0.786963191949495
Bedaquiline,pepQ,pepQ_p.Ala124Val,3) Uncertain significance,p.A124V,0.0,Unknown,124,,,,,,
Bedaquiline,pepQ,pepQ_p.Ala137Ser,3) Uncertain significance,p.A137S,0.0,Unknown,137,,,,,,
Bedaquiline,pepQ,pepQ_p.Ala141Glu,3) Uncertain significance,p.A141E,1.0,Unknown,141,,,,,,
Bedaquiline,pepQ,pepQ_p.Ala153Gly,3) Uncertain significance,p.A153G,0.0,Unknown,153,,,,,,
Bedaquiline,pepQ,pepQ_p.Ala16Gly,3) Uncertain significance,p.A16G,0.0,Unknown,16,,,,,,
Bedaquiline,pepQ,pepQ_p.Ala187Glu,3) Uncertain significance,p.A187E,0.0,Unknown,187,,,,,,
Bedaquiline,pepQ,pepQ_p.Ala227Asp,3) Uncertain significance,p.A227D,0.0,Unknown,227,,,,,,
Bedaquiline,pepQ,pepQ_p.Ala242Thr,3) Uncertain significance,p.A242T,0.0,Unknown,242,,,,,,
Bedaquiline,pepQ,pepQ_p.Ala263Val,3) Uncertain significance,p.A263V,0.0,Unknown,263,,,,,,
Bedaquiline,pepQ,pepQ_p.Ala275Ser,3) Uncertain significance,p.A275S,0.0,Unknown,275,,,,,,
Bedaquiline,pepQ,pepQ_p.Ala305Val,3) Uncertain significance,p.A305V,0.0,Unknown,305,,,,,,
Bedaquiline,pepQ,pepQ_p.Ala370Val,3) Uncertain significance,p.A370V,0.0,Unknown,370,,,,,,
Bedaquiline,pepQ,pepQ_p.Arg170Trp,3) Uncertain significance,p.R170W,0.0,Unknown,170,,,,,,
Bedaquiline,pepQ,pepQ_p.Arg278Gly,3) Uncertain significance,p.R278G,0.0,Unknown,278,,,,,,
Bedaquiline,pepQ,pepQ_p.Arg61Cys,3) Uncertain significance,p.R61C,0.0,Unknown,61,,,,,,
Bedaquiline,pepQ,pepQ_p.Arg7Gln,3) Uncertain significance,p.R7Q,0.1111111111111111,Unknown,7,,,,,,
Bedaquiline,pepQ,pepQ_p.Asn118Asp,3) Uncertain significance,p.N118D,0.0,Unknown,118,,,,,,
Bedaquiline,pepQ,pepQ_p.Asp108Asn,3) Uncertain significance,p.D108N,0.0,Unknown,108,,,,,,
Bedaquiline,pepQ,pepQ_p.Asp209Glu,3) Uncertain significance,p.D209E,0.0,Unknown,209,,,,,,
Bedaquiline,pepQ,pepQ_p.Asp20Gly,3) Uncertain significance,p.D20G,0.0,Unknown,20,,,,,,
Bedaquiline,pepQ,pepQ_p.Asp26Ala,3) Uncertain significance,p.D26A,0.0,Unknown,26,,,,,,
Bedaquiline,pepQ,pepQ_p.Asp26Gly,3) Uncertain significance,p.D26G,0.5,Unknown,26,,,,,,
Bedaquiline,pepQ,pepQ_p.Gln262Arg,3) Uncertain significance,p.Q262R,0.0,Unknown,262,,,,,,
Bedaquiline,pepQ,pepQ_p.Gln5Arg,3) Uncertain significance,p.Q5R,0.0,Unknown,5,,,,,,
Bedaquiline,pepQ,pepQ_p.Gln63Arg,3) Uncertain significance,p.Q63R,0.0,Unknown,63,,,,,,
Bedaquiline,pepQ,pepQ_p.Glu177Asp,3) Uncertain significance,p.E177D,0.0,Unknown,177,,,,,,
Bedaquiline,pepQ,pepQ_p.Glu191Val,3) Uncertain significance,p.E191V,0.0,Unknown,191,,,,,,
Bedaquiline,pepQ,pepQ_p.Glu360Asp,3) Uncertain significance,p.E360D,0.0,Unknown,360,,,,,,
Bedaquiline,pepQ,pepQ_p.Glu89Asp,3) Uncertain significance,p.E89D,0.0,Unknown,89,,,,,,
Bedaquiline,pepQ,pepQ_p.Gly112Asp,3) Uncertain significance,p.G112D,0.0,Unknown,112,,,,,,
Bedaquiline,pepQ,pepQ_p.Gly197Arg,3) Uncertain significance,p.G197R,0.0,Unknown,197,,,,,,
Bedaquiline,pepQ,pepQ_p.Gly41Asp,3) Uncertain significance,p.G41D,0.0,Unknown,41,,,,,,
Bedaquiline,pepQ,pepQ_p.Gly80Arg,3) Uncertain significance,p.G80R,0.0,Unknown,80,,,,,,
Bedaquiline,pepQ,pepQ_p.Gly85Cys,3) Uncertain significance,p.G85C,0.0,Unknown,85,,,,,,
Bedaquiline,pepQ,pepQ_p.Ile193Thr,3) Uncertain significance,p.I193T,0.0,Unknown,193,,,,,,
Bedaquiline,pepQ,pepQ_p.Ile193Val,3) Uncertain significance,p.I193V,0.0,Unknown,193,,,,,,
Bedaquiline,pepQ,pepQ_p.Ile24Thr,3) Uncertain significance,p.I24T,0.0,Unknown,24,,,,,,
Bedaquiline,pepQ,pepQ_p.Ile28Arg,3) Uncertain significance,p.I28R,0.0,Unknown,28,,,,,,
Bedaquiline,pepQ,pepQ_p.Ile302Val,3) Uncertain significance,p.I302V,0.0,Unknown,302,,,,,,
Bedaquiline,pepQ,pepQ_p.Leu107Arg,3) Uncertain significance,p.L107R,0.0,Unknown,107,,,,,,
Bedaquiline,pepQ,pepQ_p.Leu179Pro,3) Uncertain significance,p.L179P,0.0,Unknown,179,,,,,,
Bedaquiline,pepQ,pepQ_p.Lys367Asn,3) Uncertain significance,p.K367N,0.0,Unknown,367,,,,,,
Bedaquiline,pepQ,pepQ_p.Lys94Asn,3) Uncertain significance,p.K94N,0.0,Unknown,94,,,,,,
Bedaquiline,pepQ,pepQ_p.Met180Thr,3) Uncertain significance,p.M180T,0.0,Unknown,180,,,,,,
Bedaquiline,pepQ,pepQ_p.Met180Val,3) Uncertain significance,p.M180V,0.0,Unknown,180,,,,,,
Bedaquiline,pepQ,pepQ_p.Phe46Leu,3) Uncertain significance,p.F46L,0.0,Unknown,46,,,,,,
Bedaquiline,pepQ,pepQ_p.Pro165Gln,3) Uncertain significance,p.P165Q,0.0,Unknown,165,,,,,,
Bedaquiline,pepQ,pepQ_p.Pro266Ser,3) Uncertain significance,p.P266S,0.0,Unknown,266,,,,,,
Bedaquiline,pepQ,pepQ_p.Pro69Leu,3) Uncertain significance,p.P69L,0.0,Unknown,69,,,,,,
Bedaquiline,pepQ,pepQ_p.Ser130Leu,3) Uncertain significance,p.S130L,0.0,Unknown,130,,,,,,
Bedaquiline,pepQ,pepQ_p.Ser200Leu,3) Uncertain significance,p.S200L,1.0,Unknown,200,,,,,,
Bedaquiline,pepQ,pepQ_p.Ser66Leu,3) Uncertain significance,p.S66L,0.0,Unknown,66,,,,,,
Bedaquiline,pepQ,pepQ_p.Ser66Pro,3) Uncertain significance,p.S66P,1.0,Unknown,66,,,,,,
Bedaquiline,pepQ,pepQ_p.Ser99Arg,3) Uncertain significance,p.S99R,0.0,Unknown,99,,,,,,
Bedaquiline,pepQ,pepQ_p.Thr341Ala,3) Uncertain significance,p.T341A,0.0,Unknown,341,,,,,,
Bedaquiline,pepQ,pepQ_p.Thr354Ala,3) Uncertain significance,p.T354A,0.0,Unknown,354,,,,,,
Bedaquiline,pepQ,pepQ_p.Val101Leu,3) Uncertain significance,p.V101L,0.0,Unknown,101,,,,,,
Bedaquiline,pepQ,pepQ_p.Val104Leu,3) Uncertain significance,p.V104L,0.0,Unknown,104,,,,,,
Bedaquiline,pepQ,pepQ_p.Val158Met,3) Uncertain significance,p.V158M,0.0,Unknown,158,,,,,,
Bedaquiline,pepQ,pepQ_p.Val298Ile,3) Uncertain significance,p.V298I,0.0,Unknown,298,,,,,,
Bedaquiline,pepQ,pepQ_p.Val324Met,3) Uncertain significance,p.V324M,0.0,Unknown,324,,,,,,
Bedaquiline,pepQ,pepQ_p.Val328Phe,3) Uncertain significance,p.V328F,0.0,Unknown,328,,,,,,
Bedaquiline,pepQ,pepQ_p.Val343Ala,3) Uncertain significance,p.V343A,0.0,Unknown,343,,,,,,
Bedaquiline,pepQ,pepQ_p.Val45Leu,3) Uncertain significance,p.V45L,0.0,Unknown,45,,,,,,
Clofazimine,pepQ,pepQ_p.Ala124Val,3) Uncertain significance,p.A124V,0.0,Unknown,124,,,,,,
Clofazimine,pepQ,pepQ_p.Ala137Ser,3) Uncertain significance,p.A137S,0.0,Unknown,137,,,,,,
Clofazimine,pepQ,pepQ_p.Ala141Glu,3) Uncertain significance,p.A141E,1.0,Unknown,141,,,,,,
Clofazimine,pepQ,pepQ_p.Ala153Gly,3) Uncertain significance,p.A153G,0.0,Unknown,153,,,,,,
Clofazimine,pepQ,pepQ_p.Ala16Gly,3) Uncertain significance,p.A16G,0.0,Unknown,16,,,,,,
Clofazimine,pepQ,pepQ_p.Ala187Glu,3) Uncertain significance,p.A187E,0.0,Unknown,187,,,,,,
Clofazimine,pepQ,pepQ_p.Ala227Asp,3) Uncertain significance,p.A227D,0.0,Unknown,227,,,,,,
Clofazimine,pepQ,pepQ_p.Ala242Thr,3) Uncertain significance,p.A242T,0.0,Unknown,242,,,,,,
Clofazimine,pepQ,pepQ_p.Ala254Thr,3) Uncertain significance,p.A254T,0.0,Unknown,254,,,,,,
Clofazimine,pepQ,pepQ_p.Ala263Val,3) Uncertain significance,p.A263V,0.0,Unknown,263,,,,,,
Clofazimine,pepQ,pepQ_p.Ala305Val,3) Uncertain significance,p.A305V,0.0,Unknown,305,,,,,,
Clofazimine,pepQ,pepQ_p.Ala370Val,3) Uncertain significance,p.A370V,0.0,Unknown,370,,,,,,
Clofazimine,pepQ,pepQ_p.Ala90Val,3) Uncertain significance,p.A90V,0.0,Unknown,90,,,,,,
Clofazimine,pepQ,pepQ_p.Arg170Trp,3) Uncertain significance,p.R170W,0.0,Unknown,170,,,,,,
Clofazimine,pepQ,pepQ_p.Arg278Gly,3) Uncertain significance,p.R278G,0.0,Unknown,278,,,,,,
Clofazimine,pepQ,pepQ_p.Arg61Cys,3) Uncertain significance,p.R61C,0.0,Unknown,61,,,,,,
Clofazimine,pepQ,pepQ_p.Arg7Gln,3) Uncertain significance,p.R7Q,0.0909090909090909,Unknown,7,,,,,,
Clofazimine,pepQ,pepQ_p.Asn118Asp,3) Uncertain significance,p.N118D,0.0,Unknown,118,,,,,,
Clofazimine,pepQ,pepQ_p.Asp108Asn,3) Uncertain significance,p.D108N,0.0,Unknown,108,,,,,,
Clofazimine,pepQ,pepQ_p.Asp209Glu,3) Uncertain significance,p.D209E,0.0,Unknown,209,,,,,,
Clofazimine,pepQ,pepQ_p.Asp20Gly,3) Uncertain significance,p.D20G,0.0,Unknown,20,,,,,,
Clofazimine,pepQ,pepQ_p.Asp26Ala,3) Uncertain significance,p.D26A,1.0,Unknown,26,,,,,,
Clofazimine,pepQ,pepQ_p.Asp26Gly,3) Uncertain significance,p.D26G,0.0,Unknown,26,,,,,,
Clofazimine,pepQ,pepQ_p.Gln262Arg,3) Uncertain significance,p.Q262R,0.0,Unknown,262,,,,,,
Clofazimine,pepQ,pepQ_p.Gln5Arg,3) Uncertain significance,p.Q5R,0.0,Unknown,5,,,,,,
Clofazimine,pepQ,pepQ_p.Gln63Arg,3) Uncertain significance,p.Q63R,0.0,Unknown,63,,,,,,
Clofazimine,pepQ,pepQ_p.Glu177Asp,3) Uncertain significance,p.E177D,0.0,Unknown,177,,,,,,
Clofazimine,pepQ,pepQ_p.Glu191Val,3) Uncertain significance,p.E191V,0.0,Unknown,191,,,,,,
Clofazimine,pepQ,pepQ_p.Glu360Asp,3) Uncertain significance,p.E360D,0.0,Unknown,360,,,,,,
Clofazimine,pepQ,pepQ_p.Glu76Asp,3) Uncertain significance,p.E76D,0.0,Unknown,76,,,,,,
Clofazimine,pepQ,pepQ_p.Glu89Asp,3) Uncertain significance,p.E89D,0.0,Unknown,89,,,,,,
Clofazimine,pepQ,pepQ_p.Gly112Asp,3) Uncertain significance,p.G112D,0.0,Unknown,112,,,,,,
Clofazimine,pepQ,pepQ_p.Gly197Arg,3) Uncertain significance,p.G197R,0.1785714285714285,Unknown,197,,,,,,
Clofazimine,pepQ,pepQ_p.Gly291Ser,3) Uncertain significance,p.G291S,0.0,Unknown,291,,,,,,
Clofazimine,pepQ,pepQ_p.Gly41Asp,3) Uncertain significance,p.G41D,0.0,Unknown,41,,,,,,
Clofazimine,pepQ,pepQ_p.Gly80Arg,3) Uncertain significance,p.G80R,1.0,Unknown,80,,,,,,
Clofazimine,pepQ,pepQ_p.Gly85Cys,3) Uncertain significance,p.G85C,0.0,Unknown,85,,,,,,
Clofazimine,pepQ,pepQ_p.Ile193Thr,3) Uncertain significance,p.I193T,0.0,Unknown,193,,,,,,
Clofazimine,pepQ,pepQ_p.Ile193Val,3) Uncertain significance,p.I193V,0.0,Unknown,193,,,,,,
Clofazimine,pepQ,pepQ_p.Ile24Thr,3) Uncertain significance,p.I24T,0.0,Unknown,24,,,,,,
Clofazimine,pepQ,pepQ_p.Ile28Arg,3) Uncertain significance,p.I28R,0.0,Unknown,28,,,,,,
Clofazimine,pepQ,pepQ_p.Leu107Arg,3) Uncertain significance,p.L107R,0.0,Unknown,107,,,,,,
Clofazimine,pepQ,pepQ_p.Leu179Pro,3) Uncertain significance,p.L179P,0.0,Unknown,179,,,,,,
Clofazimine,pepQ,pepQ_p.Lys350Glu,3) Uncertain significance,p.K350E,0.0,Unknown,350,,,,,,
Clofazimine,pepQ,pepQ_p.Lys367Asn,3) Uncertain significance,p.K367N,0.0,Unknown,367,,,,,,
Clofazimine,pepQ,pepQ_p.Lys94Asn,3) Uncertain significance,p.K94N,0.0,Unknown,94,,,,,,
Clofazimine,pepQ,pepQ_p.Met180Thr,3) Uncertain significance,p.M180T,0.0,Unknown,180,,,,,,
Clofazimine,pepQ,pepQ_p.Met180Val,3) Uncertain significance,p.M180V,0.0,Unknown,180,,,,,,
Clofazimine,pepQ,pepQ_p.Phe46Leu,3) Uncertain significance,p.F46L,0.0,Unknown,46,,,,,,
Clofazimine,pepQ,pepQ_p.Pro165Gln,3) Uncertain significance,p.P165Q,0.0,Unknown,165,,,,,,
Clofazimine,pepQ,pepQ_p.Pro266Ser,3) Uncertain significance,p.P266S,0.0,Unknown,266,,,,,,
Clofazimine,pepQ,pepQ_p.Pro69Leu,3) Uncertain significance,p.P69L,0.0,Unknown,69,,,,,,
Clofazimine,pepQ,pepQ_p.Ser130Leu,3) Uncertain significance,p.S130L,0.0,Unknown,130,,,,,,
Clofazimine,pepQ,pepQ_p.Ser66Leu,3) Uncertain significance,p.S66L,0.0,Unknown,66,,,,,,
Clofazimine,pepQ,pepQ_p.Ser99Arg,3) Uncertain significance,p.S99R,0.0,Unknown,99,,,,,,
Clofazimine,pepQ,pepQ_p.Thr341Ala,3) Uncertain significance,p.T341A,0.0,Unknown,341,,,,,,
Clofazimine,pepQ,pepQ_p.Thr354Ala,3) Uncertain significance,p.T354A,0.0,Unknown,354,,,,,,
Clofazimine,pepQ,pepQ_p.Val101Leu,3) Uncertain significance,p.V101L,0.0,Unknown,101,,,,,,
Clofazimine,pepQ,pepQ_p.Val104Leu,3) Uncertain significance,p.V104L,0.0,Unknown,104,,,,,,
Clofazimine,pepQ,pepQ_p.Val158Met,3) Uncertain significance,p.V158M,0.0,Unknown,158,,,,,,
Clofazimine,pepQ,pepQ_p.Val298Ile,3) Uncertain significance,p.V298I,0.0,Unknown,298,,,,,,
Clofazimine,pepQ,pepQ_p.Val30Leu,3) Uncertain significance,p.V30L,0.0,Unknown,30,,,,,,
Clofazimine,pepQ,pepQ_p.Val324Met,3) Uncertain significance,p.V324M,0.0,Unknown,324,,,,,,
Clofazimine,pepQ,pepQ_p.Val328Phe,3) Uncertain significance,p.V328F,0.0,Unknown,328,,,,,,
Clofazimine,pepQ,pepQ_p.Val343Ala,3) Uncertain significance,p.V343A,0.0,Unknown,343,,,,,,
Clofazimine,pepQ,pepQ_p.Val45Leu,3) Uncertain significance,p.V45L,0.0555555555555555,Unknown,45,,,,,,
Clofazimine,pepQ,pepQ_p.Val53Met,3) Uncertain significance,p.V53M,0.0,Unknown,53,,,,,,
Linezolid,rplC,rplC_p.Ala137Val,3) Uncertain significance,p.A137V,0.0,Unknown,137,,17.0,154.0,24.8210088634608,154.0,0.1096456898183486
Linezolid,rplC,rplC_p.Ala31Thr,3) Uncertain significance,p.A31T,0.0,Unknown,31,,123.0,154.0,53.85736733261292,154.0,1.0184475960316233
Linezolid,rplC,rplC_p.Ala72Thr,3) Uncertain significance,p.A72T,0.0,Unknown,72,,82.0,154.0,61.338379510710915,154.0,-0.5618889666865979
Linezolid,rplC,rplC_p.Arg214Gln,3) Uncertain significance,p.R214Q,0.0,Unknown,214,,60.0,154.0,46.10777527706146,154.0,-1.0215019318965637
Linezolid,rplC,rplC_p.Arg38Cys,3) Uncertain significance,p.R38C,0.25,Unknown,38,,116.0,154.0,54.464222485958636,154.0,-1.2695680659624646
Linezolid,rplC,rplC_p.Arg44Leu,3) Uncertain significance,p.R44L,0.0,Unknown,44,,110.0,154.0,52.15966270979904,154.0,0.15596171159383
Linezolid,rplC,rplC_p.Arg79Leu,3) Uncertain significance,p.R79L,0.0,Unknown,79,,75.0,154.0,51.27996567861565,154.0,0.2439142214720165
Linezolid,rplC,rplC_p.Asn179Lys,3) Uncertain significance,p.N179K,0.0,Unknown,179,,25.0,154.0,42.420923115839905,154.0,-0.9166424330333524
Linezolid,rplC,rplC_p.Asp173Gly,3) Uncertain significance,p.D173G,0.0,Unknown,173,,19.0,154.0,30.79140669082854,154.0,-0.0888637300701162
Linezolid,rplC,rplC_p.Asp18Asn,3) Uncertain significance,p.D18N,0.0,Unknown,18,,136.0,154.0,55.84545621624018,154.0,-0.6269618238778818
Linezolid,rplC,rplC_p.Cys154Arg,1) Assoc w R,p.C154R,0.8095238095238095,Resistant,154,,,,,,0.5153192410534585
Linezolid,rplC,rplC_p.Gly120Ser,3) Uncertain significance,p.G120S,0.125,Unknown,120,,34.0,154.0,35.01954581373094,154.0,-1.0954058608789807
Linezolid,rplC,rplC_p.Gly12Ser,3) Uncertain significance,p.G12S,0.0,Unknown,12,,142.0,154.0,48.91398894999263,154.0,-1.0472593802094117
Linezolid,rplC,rplC_p.Gly131Ser,3) Uncertain significance,p.G131S,0.0,Unknown,131,,23.0,154.0,22.54188359476643,154.0,-0.1129599941009176
Linezolid,rplC,rplC_p.Gly136Ser,3) Uncertain significance,p.G136S,0.0,Unknown,136,,18.0,154.0,22.17453613945509,154.0,0.2918862479919713
Linezolid,rplC,rplC_p.Gly168Arg,3) Uncertain significance,p.G168R,0.0,Unknown,168,,14.0,154.0,22.721354295023872,154.0,-0.492578769539787
Linezolid,rplC,rplC_p.Gly215Ser,3) Uncertain significance,p.G215S,0.0,Unknown,215,,61.0,154.0,,,
Linezolid,rplC,rplC_p.Gly98Arg,3) Uncertain significance,p.G98R,0.0,Unknown,98,,56.0,154.0,61.934179941289294,154.0,-0.2645672379960115
Linezolid,rplC,rplC_p.His183Tyr,3) Uncertain significance,p.H183Y,0.0,Unknown,183,,29.0,154.0,52.980388267735464,154.0,-0.957821927530315
Linezolid,rplC,rplC_p.Ile105Val,3) Uncertain significance,p.I105V,0.0,Unknown,105,,49.0,154.0,55.184640662053795,154.0,0.1832858969490628
Linezolid,rplC,rplC_p.Lys61Thr,3) Uncertain significance,p.K61T,0.0,Unknown,61,,93.0,154.0,53.967529737796966,154.0,-1.4785195198791663
Linezolid,rplC,rplC_p.Pro25Ser,3) Uncertain significance,p.P25S,0.0,Unknown,25,,129.0,154.0,47.931277074578354,154.0,-0.8248059014262467
Linezolid,rplC,rplC_p.Pro33Leu,3) Uncertain significance,p.P33L,0.0,Unknown,33,,121.0,154.0,60.391817773602426,154.0,1.0011258521733155
Linezolid,rplC,rplC_p.Ser138Arg,3) Uncertain significance,p.S138R,0.0,Unknown,138,,16.0,154.0,26.035900791023145,154.0,0.3109583225923797
Linezolid,rplC,rplC_p.Ser89Ala,3) Uncertain significance,p.S89A,0.0,Unknown,89,,65.0,154.0,51.37206795526145,154.0,-0.8608385691554343
Linezolid,rplC,rplC_p.Thr102Ser,3) Uncertain significance,p.T102S,0.0,Unknown,102,,52.0,154.0,57.598448668345235,154.0,1.5652298945447811
Linezolid,rplC,rplC_p.Thr115Ala,3) Uncertain significance,p.T115A,0.0,Unknown,115,,39.0,154.0,39.60601300307822,154.0,-0.0429605774649281
Linezolid,rplC,rplC_p.Thr41Met,3) Uncertain significance,p.T41M,0.0,Unknown,41,,113.0,154.0,53.340575043769455,154.0,-0.6892067404162037
Linezolid,rplC,rplC_p.Thr93Ala,3) Uncertain significance,p.T93A,0.0,Unknown,93,,61.0,154.0,60.82153155750027,154.0,-0.3195681021958127
Linezolid,rplC,rplC_p.Tyr80Cys,3) Uncertain significance,p.Y80C,0.5,Unknown,80,,74.0,154.0,47.57107361622188,154.0,-1.3683955018455838
Linezolid,rplC,rplC_p.Val185Ile,3) Uncertain significance,p.V185I,0.0,Unknown,185,,31.0,154.0,56.97314986026312,154.0,-0.5871536624774275
Linezolid,rplC,rplC_p.Val97Ile,3) Uncertain significance,p.V97I,0.0,Unknown,97,,57.0,154.0,60.35219404462443,154.0,-0.5921707635934569
Capreomycin,tlyA,tlyA_p.Ala166Val,3) Uncertain significance,p.A166V,0.0,Unknown,166,,66.0,232.0,23.26004535679155,232.0,-0.4214622699722579
Capreomycin,tlyA,tlyA_p.Ala210Thr,3) Uncertain significance,p.A210T,0.0,Unknown,210,,22.0,232.0,15.151860743816252,236.0,-1.19009495803759
Capreomycin,tlyA,tlyA_p.Ala212Val,3) Uncertain significance,p.A212V,0.0,Unknown,212,,20.0,232.0,16.946982327246342,236.0,-1.27761636832859
Capreomycin,tlyA,tlyA_p.Ala250Thr,3) Uncertain significance,p.A250T,0.0,Unknown,250,,14.0,236.0,24.72497951465279,236.0,-0.0976191303612415
Capreomycin,tlyA,tlyA_p.Ala259Thr,3) Uncertain significance,p.A259T,0.0,Unknown,259,,23.0,236.0,11.684983226346539,236.0,-0.3343580926624701
Capreomycin,tlyA,tlyA_p.Ala29Val,3) Uncertain significance,p.A29V,0.0,Unknown,29,,203.0,232.0,18.51801590343846,232.0,0.3720630199294921
Capreomycin,tlyA,tlyA_p.Ala51Val,3) Uncertain significance,p.A51V,0.0,Unknown,51,,181.0,232.0,13.476675925464706,232.0,-0.8798353106826239
Capreomycin,tlyA,tlyA_p.Ala5Thr,3) Uncertain significance,p.A5T,0.0,Unknown,5,,227.0,232.0,16.571627168144953,232.0,0.2501591329965206
Capreomycin,tlyA,tlyA_p.Ala5Val,3) Uncertain significance,p.A5V,0.0,Unknown,5,,227.0,232.0,16.571627168144953,232.0,0.2501591329965206
Capreomycin,tlyA,tlyA_p.Ala67Glu,3) Uncertain significance,p.A67E,1.0,Unknown,67,,165.0,232.0,11.73635390570683,232.0,-0.0513086985939172
Capreomycin,tlyA,tlyA_p.Arg123Pro,3) Uncertain significance,p.R123P,1.0,Unknown,123,,109.0,232.0,23.027379963860415,232.0,-0.4343653716265745
Capreomycin,tlyA,tlyA_p.Arg133Leu,3) Uncertain significance,p.R133L,1.0,Unknown,133,,99.0,232.0,22.456946853924734,232.0,1.5932079059008923
Capreomycin,tlyA,tlyA_p.Arg14Trp,3) Uncertain significance,p.R14W,1.0,Unknown,14,,218.0,232.0,6.211587236769682,232.0,-0.1636623565357043
Capreomycin,tlyA,tlyA_p.Arg20Leu,3) Uncertain significance,p.R20L,0.0,Unknown,20,,212.0,232.0,11.552906906921738,232.0,0.5014922288031172
Capreomycin,tlyA,tlyA_p.Arg244His,3) Uncertain significance,p.R244H,0.0,Unknown,244,,8.0,236.0,22.929455575743617,236.0,-0.8457353465564539
Capreomycin,tlyA,tlyA_p.Arg244Pro,3) Uncertain significance,p.R244P,1.0,Unknown,244,,8.0,236.0,22.929455575743617,236.0,-0.8457353465564539
Capreomycin,tlyA,tlyA_p.Arg249Gln,3) Uncertain significance,p.R249Q,0.0,Unknown,249,,13.0,236.0,27.28650857108692,236.0,0.51079257517908
Capreomycin,tlyA,tlyA_p.Arg262Cys,3) Uncertain significance,p.R262C,0.0,Unknown,262,,26.0,236.0,11.918300130471627,236.0,-0.1857377267408511
Capreomycin,tlyA,tlyA_p.Arg3Pro,3) Uncertain significance,p.R3P,0.0,Unknown,3,,229.0,232.0,,,
Capreomycin,tlyA,tlyA_p.Arg65Cys,3) Uncertain significance,p.R65C,1.0,Unknown,65,,167.0,232.0,6.936639027655971,232.0,-0.0017859142173299
Capreomycin,tlyA,tlyA_p.Arg84Gly,3) Uncertain significance,p.R84G,0.0,Unknown,84,,148.0,232.0,26.4982335448988,232.0,-0.7538287152135986
Capreomycin,tlyA,tlyA_p.Asn236Asp,3) Uncertain significance,p.N236D,1.0,Unknown,236,,4.0,232.0,2.7347191811957576,232.0,2.0374927786676897
Capreomycin,tlyA,tlyA_p.Asn236His,3) Uncertain significance,p.N236H,0.0,Unknown,236,,4.0,232.0,2.7347191811957576,232.0,2.0374927786676897
Capreomycin,tlyA,tlyA_p.Asn236Lys,1) Assoc w R,p.N236K,1.0,Resistant,236,,4.0,232.0,2.7347191811957576,232.0,2.0374927786676897
Capreomycin,tlyA,tlyA_p.Asp154Ala,3) Uncertain significance,p.D154A,1.0,Unknown,154,,78.0,232.0,7.919924620853409,232.0,1.5992908262439072
Capreomycin,tlyA,tlyA_p.Asp154Glu,3) Uncertain significance,p.D154E,1.0,Unknown,154,,78.0,232.0,7.919924620853409,232.0,1.5992908262439072
Capreomycin,tlyA,tlyA_p.Asp154Gly,3) Uncertain significance,p.D154G,1.0,Unknown,154,,78.0,232.0,7.919924620853409,232.0,1.5992908262439072
Capreomycin,tlyA,tlyA_p.Asp154Tyr,3) Uncertain significance,p.D154Y,1.0,Unknown,154,,78.0,232.0,7.919924620853409,232.0,1.5992908262439072
Capreomycin,tlyA,tlyA_p.Asp35Gly,3) Uncertain significance,p.D35G,0.0,Unknown,35,,197.0,232.0,22.228766002637215,232.0,0.1954576599486367
Capreomycin,tlyA,tlyA_p.Asp48Asn,3) Uncertain significance,p.D48N,0.0,Unknown,48,,184.0,232.0,15.922075053208356,232.0,0.1121728109968004
Capreomycin,tlyA,tlyA_p.Asp57Gly,3) Uncertain significance,p.D57G,0.0,Unknown,57,,175.0,232.0,16.735309796953263,232.0,0.1599023924026822
Capreomycin,tlyA,tlyA_p.Cys170Arg,3) Uncertain significance,p.C170R,1.0,Unknown,170,,62.0,232.0,25.758198403615115,232.0,-0.8119417161973391
Capreomycin,tlyA,tlyA_p.Cys86Arg,3) Uncertain significance,p.C86R,1.0,Unknown,86,,146.0,232.0,22.700759128275863,232.0,-0.4987163149977454
Capreomycin,tlyA,tlyA_p.Cys86Gly,3) Uncertain significance,p.C86G,0.0,Unknown,86,,146.0,232.0,22.700759128275863,232.0,-0.4987163149977454
Capreomycin,tlyA,tlyA_p.Cys86Tyr,3) Uncertain significance,p.C86Y,1.0,Unknown,86,,146.0,232.0,22.700759128275863,232.0,-0.4987163149977454
Capreomycin,tlyA,tlyA_p.Gln191His,3) Uncertain significance,p.Q191H,0.0,Unknown,191,,41.0,232.0,8.057521455137433,236.0,-0.6581505083148063
Capreomycin,tlyA,tlyA_p.Glu132Ala,3) Uncertain significance,p.E132A,0.0,Unknown,132,,100.0,232.0,20.18707264563141,232.0,-0.9225350167441656
Capreomycin,tlyA,tlyA_p.Glu132Gln,3) Uncertain significance,p.E132Q,0.0,Unknown,132,,100.0,232.0,20.18707264563141,232.0,-0.9225350167441656
Capreomycin,tlyA,tlyA_p.Glu132Gly,3) Uncertain significance,p.E132G,0.0,Unknown,132,,100.0,232.0,20.18707264563141,232.0,-0.9225350167441656
Capreomycin,tlyA,tlyA_p.Glu238Lys,3) Uncertain significance,p.E238K,0.0,Unknown,238,,2.0,236.0,3.293527288485708,232.0,2.3986541699257256
Capreomycin,tlyA,tlyA_p.Glu75Lys,3) Uncertain significance,p.E75K,0.0,Unknown,75,,157.0,232.0,18.493953633552778,232.0,1.1653560831340397
Capreomycin,tlyA,tlyA_p.Gly145Asn,3) Uncertain significance,p.G145N,0.0,Unknown,145,,87.0,232.0,32.204200362685604,232.0,-1.2838224225264043
Capreomycin,tlyA,tlyA_p.Gly188Glu,3) Uncertain significance,p.G188E,0.0,Unknown,188,,44.0,232.0,10.7000178504524,236.0,-0.4483265240948996
Capreomycin,tlyA,tlyA_p.Gly190Arg,3) Uncertain significance,p.G190R,0.0,Unknown,190,,42.0,232.0,12.136869983649001,236.0,-0.1753205062812145
Capreomycin,tlyA,tlyA_p.Gly196Arg,3) Uncertain significance,p.G196R,0.0,Unknown,196,,36.0,232.0,2.8533892128484646,236.0,0.1485534642008009
Capreomycin,tlyA,tlyA_p.Gly232Asp,2) Assoc w R - Interim,p.G232D,0.9130434782608696,Resistant,232,,4.0,236.0,2.7347191811957576,236.0,1.1521372628070594
Capreomycin,tlyA,tlyA_p.Gly235Asp,3) Uncertain significance,p.G235D,0.0,Unknown,235,,1.0,236.0,1.3250833936020787,236.0,3.887236451370683
Capreomycin,tlyA,tlyA_p.Gly83Cys,3) Uncertain significance,p.G83C,0.0,Unknown,83,,149.0,232.0,29.28923087074838,232.0,0.2716517871485072
Capreomycin,tlyA,tlyA_p.Gly90Cys,3) Uncertain significance,p.G90C,1.0,Unknown,90,,142.0,232.0,13.138969251809671,232.0,0.5872235768311844
Capreomycin,tlyA,tlyA_p.Gly94Ser,3) Uncertain significance,p.G94S,1.0,Unknown,94,,138.0,232.0,15.920378293244164,232.0,0.1646929927772931
Capreomycin,tlyA,tlyA_p.Gly95Glu,3) Uncertain significance,p.G95E,1.0,Unknown,95,,137.0,232.0,14.592030222008177,232.0,-0.4674841744158837
Capreomycin,tlyA,tlyA_p.His68Arg,3) Uncertain significance,p.H68R,0.0,Unknown,68,,164.0,232.0,10.945648176330167,232.0,-0.3714870834196175
Capreomycin,tlyA,tlyA_p.Ile177Thr,3) Uncertain significance,p.I177T,0.0,Unknown,177,,55.0,232.0,18.294666162573183,232.0,-0.7040062532070436
Capreomycin,tlyA,tlyA_p.Ile27Val,3) Uncertain significance,p.I27V,0.0,Unknown,27,,205.0,232.0,15.937006619814149,232.0,0.6144711018389821
Capreomycin,tlyA,tlyA_p.Ile34Thr,3) Uncertain significance,p.I34T,0.0,Unknown,34,,198.0,232.0,19.939615166797978,232.0,0.2175985980507686
Capreomycin,tlyA,tlyA_p.Leu100Pro,3) Uncertain significance,p.L100P,1.0,Unknown,100,,132.0,232.0,18.66681295776009,232.0,-1.1819139837467765
Capreomycin,tlyA,tlyA_p.Leu101Pro,3) Uncertain significance,p.L101P,1.0,Unknown,101,,131.0,232.0,22.285227259330338,232.0,-0.6184134823863806
Capreomycin,tlyA,tlyA_p.Leu11Arg,3) Uncertain significance,p.L11R,1.0,Unknown,11,,221.0,232.0,8.376737670477688,232.0,-0.0951239435992866
Capreomycin,tlyA,tlyA_p.Leu122Arg,3) Uncertain significance,p.L122R,1.0,Unknown,122,,110.0,232.0,19.881631874672664,232.0,0.1766170769337869
Capreomycin,tlyA,tlyA_p.Leu139Arg,3) Uncertain significance,p.L139R,1.0,Unknown,139,,93.0,232.0,24.837213269608167,232.0,1.0444047540350163
Capreomycin,tlyA,tlyA_p.Leu150Pro,3) Uncertain significance,p.L150P,1.0,Unknown,150,,82.0,232.0,19.39148106772662,232.0,-0.5363124587270957
Capreomycin,tlyA,tlyA_p.Leu155Arg,3) Uncertain significance,p.L155R,1.0,Unknown,155,,77.0,232.0,9.419479231889632,232.0,4.180841026356208
Capreomycin,tlyA,tlyA_p.Leu160Trp,3) Uncertain significance,p.L160W,0.5,Unknown,160,,72.0,232.0,13.476841803627437,236.0,0.6208164859331364
Capreomycin,tlyA,tlyA_p.Leu180Arg,3) Uncertain significance,p.L180R,1.0,Unknown,180,,52.0,232.0,7.676542776536845,232.0,1.402773365481082
Capreomycin,tlyA,tlyA_p.Leu218Met,3) Uncertain significance,p.L218M,0.8,Unknown,218,,14.0,232.0,21.32043425917962,236.0,-1.143551703518158
Capreomycin,tlyA,tlyA_p.Leu218Pro,3) Uncertain significance,p.L218P,1.0,Unknown,218,,14.0,232.0,21.32043425917962,236.0,-1.143551703518158
Capreomycin,tlyA,tlyA_p.Leu241Pro,3) Uncertain significance,p.L241P,1.0,Unknown,241,,5.0,236.0,13.32961507321198,236.0,-0.1740169206508436
Capreomycin,tlyA,tlyA_p.Leu74Pro,3) Uncertain significance,p.L74P,1.0,Unknown,74,,158.0,232.0,16.930581797445708,232.0,-0.6983278915612898
Capreomycin,tlyA,tlyA_p.Leu87Arg,3) Uncertain significance,p.L87R,1.0,Unknown,87,,145.0,232.0,19.435840835940184,232.0,-0.9507638879647348
Capreomycin,tlyA,tlyA_p.Leu87Pro,3) Uncertain significance,p.L87P,0.0,Unknown,87,,145.0,232.0,19.435840835940184,232.0,-0.9507638879647348
Capreomycin,tlyA,tlyA_p.Lys182Arg,3) Uncertain significance,p.K182R,0.0,Unknown,182,,50.0,232.0,6.554795801548665,236.0,1.1938290754623615
Capreomycin,tlyA,tlyA_p.Lys189Asn,3) Uncertain significance,p.K189N,0.0,Unknown,189,,43.0,232.0,11.658537558373267,236.0,-0.2785936471617857
Capreomycin,tlyA,tlyA_p.Lys69Glu,3) Uncertain significance,p.K69E,0.0,Unknown,69,,163.0,232.0,5.430393908364288,232.0,1.1377429349982824
Capreomycin,tlyA,tlyA_p.Lys69Thr,3) Uncertain significance,p.K69T,0.0,Unknown,69,,163.0,232.0,5.430393908364288,232.0,1.1377429349982824
Capreomycin,tlyA,tlyA_p.Phe157Val,3) Uncertain significance,p.F157V,1.0,Unknown,157,,75.0,232.0,9.054654328023796,236.0,2.795863558306065
Capreomycin,tlyA,tlyA_p.Phe240Leu,3) Uncertain significance,p.F240L,0.0,Unknown,240,,4.0,236.0,10.260627173813498,236.0,0.3107397830286308
Capreomycin,tlyA,tlyA_p.Pro179Ala,3) Uncertain significance,p.P179A,0.5,Unknown,179,,53.0,232.0,12.36159257539254,236.0,0.4858545669773272
Capreomycin,tlyA,tlyA_p.Pro179Ser,3) Uncertain significance,p.P179S,0.0,Unknown,179,,53.0,232.0,12.36159257539254,236.0,0.4858545669773272
Capreomycin,tlyA,tlyA_p.Pro194Ser,3) Uncertain significance,p.P194S,0.0,Unknown,194,,38.0,232.0,,,
Capreomycin,tlyA,tlyA_p.Pro229Arg,3) Uncertain significance,p.P229R,0.0,Unknown,229,,3.0,232.0,7.6243927627057575,232.0,1.111456535203604
Capreomycin,tlyA,tlyA_p.Pro233Ser,3) Uncertain significance,p.P233S,0.0,Unknown,233,,1.0,232.0,1.3110392824015589,232.0,6.80626950596456
Capreomycin,tlyA,tlyA_p.Ser121Leu,3) Uncertain significance,p.S121L,0.0,Unknown,121,,111.0,232.0,23.082802472836786,232.0,-0.6116383991996478
Capreomycin,tlyA,tlyA_p.Ser156Ala,3) Uncertain significance,p.S156A,0.0,Unknown,156,,76.0,232.0,7.734809887773584,232.0,0.9297950197453284
Capreomycin,tlyA,tlyA_p.Ser228Arg,3) Uncertain significance,p.S228R,0.8,Unknown,228,,4.0,232.0,6.456881677714095,232.0,0.7087969233427446
Capreomycin,tlyA,tlyA_p.Ser252Leu,3) Uncertain significance,p.S252L,0.0,Unknown,252,,16.0,236.0,23.90012353524559,236.0,0.1141316041530341
Capreomycin,tlyA,tlyA_p.Thr134Ile,3) Uncertain significance,p.T134I,0.0,Unknown,134,,98.0,232.0,20.584710369592283,232.0,-0.2175634200608812
Capreomycin,tlyA,tlyA_p.Thr97Pro,3) Uncertain significance,p.T97P,0.0,Unknown,97,,135.0,232.0,17.211510015103265,232.0,-0.4922085257571619
Capreomycin,tlyA,tlyA_p.Val108Ala,3) Uncertain significance,p.V108A,0.0,Unknown,108,,124.0,232.0,21.473691368742355,232.0,-0.774265600628649
Capreomycin,tlyA,tlyA_p.Val151Ile,3) Uncertain significance,p.V151I,0.0,Unknown,151,,81.0,232.0,18.44889026472866,232.0,-0.2909376808224115
Capreomycin,tlyA,tlyA_p.Val178Ala,3) Uncertain significance,p.V178A,1.0,Unknown,178,,54.0,232.0,14.322277193239904,232.0,0.5290480773727415
Capreomycin,tlyA,tlyA_p.Val181Gly,3) Uncertain significance,p.V181G,1.0,Unknown,181,,51.0,232.0,7.486646979790086,236.0,1.3588447445402851
Capreomycin,tlyA,tlyA_p.Val198Gly,3) Uncertain significance,p.V198G,0.0,Unknown,198,,34.0,232.0,2.9793316364580837,236.0,-0.3270924397859933
Capreomycin,tlyA,tlyA_p.Val32Leu,3) Uncertain significance,p.V32L,0.0,Unknown,32,,200.0,232.0,13.827232441815678,232.0,-0.7387802009542308
Capreomycin,tlyA,tlyA_p.Val46Glu,3) Uncertain significance,p.V46E,1.0,Unknown,46,,186.0,232.0,18.072604294898948,232.0,1.3273205891114372
Capreomycin,tlyA,tlyA_p.Val54Gly,3) Uncertain significance,p.V54G,1.0,Unknown,54,,178.0,232.0,9.849937918586082,232.0,-0.0722369761871179
Capreomycin,tlyA,tlyA_p.Val7Phe,3) Uncertain significance,p.V7F,0.0,Unknown,7,,225.0,232.0,14.411851581250755,232.0,-0.5127333393877519
Capreomycin,tlyA,tlyA_p.Val99Ile,3) Uncertain significance,p.V99I,0.0,Unknown,99,,133.0,232.0,16.0997384450804,232.0,0.3069873298712028
Levofloxacin,gyrB,gyrB_p.Ala115Val,3) Uncertain significance,p.A115V,0.0,Unknown,115,,332.0,447.0,,,
Levofloxacin,gyrB,gyrB_p.Ala130Ser,3) Uncertain significance,p.A130S,0.0,Unknown,130,,317.0,447.0,40.63386526039578,447.0,-1.5532492402185558
Levofloxacin,gyrB,gyrB_p.Ala162Glu,3) Uncertain significance,p.A162E,0.0,Unknown,162,,285.0,447.0,64.59506577131103,499.0,-0.8770495245133059
Levofloxacin,gyrB,gyrB_p.Ala162Ser,3) Uncertain significance,p.A162S,0.0,Unknown,162,,285.0,447.0,64.59506577131103,499.0,-0.8770495245133059
Levofloxacin,gyrB,gyrB_p.Ala175Thr,3) Uncertain significance,p.A175T,0.0,Unknown,175,,272.0,447.0,39.54352364167863,461.0,-1.0764356447945824
Levofloxacin,gyrB,gyrB_p.Ala191Asp,3) Uncertain significance,p.A191D,0.0,Unknown,191,,256.0,447.0,32.154131694076256,499.0,-0.7887820601674956
Levofloxacin,gyrB,gyrB_p.Ala229Thr,3) Uncertain significance,p.A229T,0.0,Unknown,229,,218.0,447.0,43.567519392317955,499.0,-0.0374915418822287
Levofloxacin,gyrB,gyrB_p.Ala233Gly,3) Uncertain significance,p.A233G,0.0,Unknown,233,,214.0,447.0,55.12091799852394,461.0,-0.5247217249854357
Levofloxacin,gyrB,gyrB_p.Ala233Pro,3) Uncertain significance,p.A233P,1.0,Unknown,233,,214.0,447.0,55.12091799852394,461.0,-0.5247217249854357
Levofloxacin,gyrB,gyrB_p.Ala233Val,3) Uncertain significance,p.A233V,0.0,Unknown,233,,214.0,447.0,55.12091799852394,461.0,-0.5247217249854357
Levofloxacin,gyrB,gyrB_p.Ala237Gly,3) Uncertain significance,p.A237G,0.0,Unknown,237,,210.0,447.0,54.03131194039249,461.0,-0.5372063164170874
Levofloxacin,gyrB,gyrB_p.Ala238Gly,3) Uncertain significance,p.A238G,0.0,Unknown,238,,209.0,447.0,53.30825435146044,499.0,-0.0254221301841903
Levofloxacin,gyrB,gyrB_p.Ala238Thr,3) Uncertain significance,p.A238T,0.0,Unknown,238,,209.0,447.0,53.30825435146044,499.0,-0.0254221301841903
Levofloxacin,gyrB,gyrB_p.Ala242Pro,3) Uncertain significance,p.A242P,1.0,Unknown,242,,205.0,447.0,50.86917811406038,461.0,-0.5766394145567576
Levofloxacin,gyrB,gyrB_p.Ala242Thr,3) Uncertain significance,p.A242T,0.0,Unknown,242,,205.0,447.0,50.86917811406038,461.0,-0.5766394145567576
Levofloxacin,gyrB,gyrB_p.Ala2Ser,3) Uncertain significance,p.A2S,1.0,Unknown,2,,445.0,447.0,,,
Levofloxacin,gyrB,gyrB_p.Ala332Val,3) Uncertain significance,p.A332V,0.0,Unknown,332,,115.0,447.0,34.58252808861723,499.0,-0.5618002687478141
Levofloxacin,gyrB,gyrB_p.Ala355Thr,3) Uncertain significance,p.A355T,0.0,Unknown,355,,92.0,447.0,25.093241360972108,499.0,-0.7391952684883863
Levofloxacin,gyrB,gyrB_p.Ala398Val,3) Uncertain significance,p.A398V,0.1111111111111111,Unknown,398,,49.0,447.0,40.92031144798386,499.0,-0.5655784616516202
Levofloxacin,gyrB,gyrB_p.Ala403Ser,5) Not assoc w R,p.A403S,0.0235294117647058,Susceptible,403,,44.0,447.0,31.528509939418313,499.0,-0.5678255434258538
Levofloxacin,gyrB,gyrB_p.Ala403Val,3) Uncertain significance,p.A403V,0.0,Unknown,403,,44.0,447.0,31.528509939418313,499.0,-0.5678255434258538
Levofloxacin,gyrB,gyrB_p.Ala423Val,3) Uncertain significance,p.A423V,0.0,Unknown,423,,24.0,447.0,14.132317361282269,499.0,0.587709048705798
Levofloxacin,gyrB,gyrB_p.Ala432Val,3) Uncertain significance,p.A432V,0.0,Unknown,432,,15.0,447.0,18.088262851915875,504.0,0.890008951988112
Levofloxacin,gyrB,gyrB_p.Ala467Thr,3) Uncertain significance,p.A467T,0.5,Unknown,467,,6.0,461.0,9.597121860224531,461.0,0.856433625406503
Levofloxacin,gyrB,gyrB_p.Ala467Val,3) Uncertain significance,p.A467V,1.0,Unknown,467,,6.0,461.0,9.597121860224531,461.0,0.856433625406503
Levofloxacin,gyrB,gyrB_p.Ala504Thr,3) Uncertain significance,p.A504T,0.7222222222222222,Unknown,504,,3.0,501.0,3.2346698440490056,501.0,4.33876584810587
Levofloxacin,gyrB,gyrB_p.Ala504Val,2) Assoc w R - Interim,p.A504V,0.7619047619047619,Resistant,504,,3.0,501.0,3.2346698440490056,501.0,4.33876584810587
Levofloxacin,gyrB,gyrB_p.Ala508Val,3) Uncertain significance,p.A508V,0.0,Unknown,508,,4.0,504.0,2.897318242789348,504.0,2.9795060834654885
Levofloxacin,gyrB,gyrB_p.Ala564Thr,3) Uncertain significance,p.A564T,0.0,Unknown,564,,60.0,504.0,14.369899408137815,461.0,-0.1612801869736999
Levofloxacin,gyrB,gyrB_p.Ala593Val,3) Uncertain significance,p.A593V,0.0,Unknown,593,,89.0,504.0,33.745981642263736,461.0,0.1670515232298615
Levofloxacin,gyrB,gyrB_p.Ala597Thr,3) Uncertain significance,p.A597T,0.5,Unknown,597,,93.0,504.0,35.89466496570208,461.0,0.0788596558843737
Levofloxacin,gyrB,gyrB_p.Ala618Asp,3) Uncertain significance,p.A618D,0.0,Unknown,618,,114.0,504.0,12.450822061213486,461.0,0.7138470474710692
Levofloxacin,gyrB,gyrB_p.Ala618Thr,3) Uncertain significance,p.A618T,0.75,Unknown,618,,114.0,504.0,12.450822061213486,461.0,0.7138470474710692
Levofloxacin,gyrB,gyrB_p.Ala618Val,3) Uncertain significance,p.A618V,1.0,Unknown,618,,114.0,504.0,12.450822061213486,461.0,0.7138470474710692
Levofloxacin,gyrB,gyrB_p.Ala641Asp,3) Uncertain significance,p.A641D,0.5,Unknown,641,,137.0,504.0,22.972568881167813,499.0,2.133968401262396
Levofloxacin,gyrB,gyrB_p.Ala643Asp,3) Uncertain significance,p.A643D,1.0,Unknown,643,,139.0,504.0,24.2475066965657,499.0,0.9082582141287988
Levofloxacin,gyrB,gyrB_p.Ala644Asp,3) Uncertain significance,p.A644D,0.2,Unknown,644,,140.0,504.0,20.715615173100673,499.0,0.4138076267272904
Levofloxacin,gyrB,gyrB_p.Ala78Gly,3) Uncertain significance,p.A78G,0.0,Unknown,78,,369.0,447.0,46.68378824602818,499.0,-1.288713523445338
Levofloxacin,gyrB,gyrB_p.Ala78Thr,3) Uncertain significance,p.A78T,0.0,Unknown,78,,369.0,447.0,46.68378824602818,499.0,-1.288713523445338
Levofloxacin,gyrB,gyrB_p.Ala78Val,3) Uncertain significance,p.A78V,0.0,Unknown,78,,369.0,447.0,46.68378824602818,499.0,-1.288713523445338
Levofloxacin,gyrB,gyrB_p.Ala87Gly,3) Uncertain significance,p.A87G,0.0,Unknown,87,,360.0,447.0,57.67942789244705,447.0,-1.2436047464879654
Levofloxacin,gyrB,gyrB_p.Ala90Gly,3) Uncertain significance,p.A90G,0.0,Unknown,90,,357.0,447.0,55.765866863162806,447.0,-1.2570337473380029
Levofloxacin,gyrB,gyrB_p.Ala90Thr,3) Uncertain significance,p.A90T,0.0,Unknown,90,,357.0,447.0,55.765866863162806,447.0,-1.2570337473380029
Levofloxacin,gyrB,gyrB_p.Arg192Pro,3) Uncertain significance,p.R192P,0.0,Unknown,192,,255.0,447.0,25.832385758965433,499.0,-0.8665910938255645
Levofloxacin,gyrB,gyrB_p.Arg212Thr,3) Uncertain significance,p.R212T,0.0,Unknown,212,,235.0,447.0,35.662053698574326,461.0,-0.9664879174310717
Levofloxacin,gyrB,gyrB_p.Arg417Cys,3) Uncertain significance,p.R417C,1.0,Unknown,417,,30.0,447.0,16.714827997918494,499.0,0.121323012847758
Levofloxacin,gyrB,gyrB_p.Arg429Cys,3) Uncertain significance,p.R429C,1.0,Unknown,429,,18.0,447.0,17.919421558744578,504.0,0.6634628817047294
Levofloxacin,gyrB,gyrB_p.Arg446Cys,3) Uncertain significance,p.R446C,0.4358974358974359,Unknown,446,,1.0,447.0,1.347610106818723,447.0,4.128318063130226
Levofloxacin,gyrB,gyrB_p.Arg446Gly,3) Uncertain significance,p.R446G,1.0,Unknown,446,,1.0,447.0,1.347610106818723,447.0,4.128318063130226
Levofloxacin,gyrB,gyrB_p.Arg446His,3) Uncertain significance,p.R446H,0.2307692307692307,Unknown,446,,1.0,447.0,1.347610106818723,447.0,4.128318063130226
Levofloxacin,gyrB,gyrB_p.Arg446Leu,3) Uncertain significance,p.R446L,0.5,Unknown,446,,1.0,447.0,1.347610106818723,447.0,4.128318063130226
Levofloxacin,gyrB,gyrB_p.Arg451His,3) Uncertain significance,p.R451H,0.0,Unknown,451,,4.0,447.0,6.582535301842276,447.0,1.074200058206713
Levofloxacin,gyrB,gyrB_p.Arg523Cys,3) Uncertain significance,p.R523C,0.0,Unknown,523,,19.0,504.0,2.764592194158109,447.0,2.537539631189782
Levofloxacin,gyrB,gyrB_p.Arg523His,3) Uncertain significance,p.R523H,1.0,Unknown,523,,19.0,504.0,2.764592194158109,447.0,2.537539631189782
Levofloxacin,gyrB,gyrB_p.Arg523Ser,3) Uncertain significance,p.R523S,0.0,Unknown,523,,19.0,504.0,2.764592194158109,447.0,2.537539631189782
Levofloxacin,gyrB,gyrB_p.Arg553Gly,3) Uncertain significance,p.R553G,1.0,Unknown,553,,49.0,504.0,14.868886004001764,501.0,-0.1635880232520324
Levofloxacin,gyrB,gyrB_p.Arg553Trp,3) Uncertain significance,p.R553W,0.0,Unknown,553,,49.0,504.0,14.868886004001764,501.0,-0.1635880232520324
Levofloxacin,gyrB,gyrB_p.Arg575His,3) Uncertain significance,p.R575H,0.1212121212121212,Unknown,575,,71.0,504.0,29.300085324107844,461.0,-0.0091963518921664
Levofloxacin,gyrB,gyrB_p.Arg587Gly,3) Uncertain significance,p.R587G,0.0,Unknown,587,,83.0,504.0,24.635132839097903,461.0,-0.3926039192018292
Levofloxacin,gyrB,gyrB_p.Arg634Leu,3) Uncertain significance,p.R634L,0.0,Unknown,634,,130.0,504.0,17.55528923145385,461.0,-0.4745878066272552
Levofloxacin,gyrB,gyrB_p.Arg665Cys,3) Uncertain significance,p.R665C,0.0,Unknown,665,,161.0,504.0,28.2735043813108,499.0,-1.034812871651068
Levofloxacin,gyrB,gyrB_p.Asn207Asp,3) Uncertain significance,p.N207D,0.0,Unknown,207,,240.0,447.0,41.308125024019205,499.0,-0.8517529567349363
Levofloxacin,gyrB,gyrB_p.Asn399Ser,3) Uncertain significance,p.N399S,0.0,Unknown,399,,48.0,447.0,36.74100568846748,499.0,-0.2115850529348197
Levofloxacin,gyrB,gyrB_p.Asn499Asp,1) Assoc w R,p.N499D,0.7307692307692307,Resistant,499,,2.0,501.0,3.1845184879350357,501.0,6.464480045844024
Levofloxacin,gyrB,gyrB_p.Asn499Ile,3) Uncertain significance,p.N499I,0.8333333333333334,Unknown,499,,2.0,501.0,3.1845184879350357,501.0,6.464480045844024
Levofloxacin,gyrB,gyrB_p.Asn499Lys,3) Uncertain significance,p.N499K,0.75,Unknown,499,,2.0,501.0,3.1845184879350357,501.0,6.464480045844024
Levofloxacin,gyrB,gyrB_p.Asn499Ser,3) Uncertain significance,p.N499S,0.7142857142857143,Unknown,499,,2.0,501.0,3.1845184879350357,501.0,6.464480045844024
Levofloxacin,gyrB,gyrB_p.Asn499Thr,1) Assoc w R,p.N499T,0.7045454545454546,Resistant,499,,2.0,501.0,3.1845184879350357,501.0,6.464480045844024
Levofloxacin,gyrB,gyrB_p.Asn499Tyr,3) Uncertain significance,p.N499Y,1.0,Unknown,499,,2.0,501.0,3.1845184879350357,501.0,6.464480045844024
Levofloxacin,gyrB,gyrB_p.Asn558Asp,3) Uncertain significance,p.N558D,0.0,Unknown,558,,54.0,504.0,17.757035028404943,447.0,-0.5107744190709107
Levofloxacin,gyrB,gyrB_p.Asn666Ser,3) Uncertain significance,p.N666S,0.0,Unknown,666,,162.0,504.0,27.262049189303436,461.0,-0.6777537844262569
Levofloxacin,gyrB,gyrB_p.Asn66His,3) Uncertain significance,p.N66H,0.0,Unknown,66,,381.0,447.0,44.07339244941324,499.0,-1.093125261195883
Levofloxacin,gyrB,gyrB_p.Asn66Ser,3) Uncertain significance,p.N66S,0.0,Unknown,66,,381.0,447.0,44.07339244941324,499.0,-1.093125261195883
Levofloxacin,gyrB,gyrB_p.Asp110Gly,3) Uncertain significance,p.D110G,0.0,Unknown,110,,337.0,447.0,,,
Levofloxacin,gyrB,gyrB_p.Asp112His,3) Uncertain significance,p.D112H,0.0,Unknown,112,,335.0,447.0,,,
Levofloxacin,gyrB,gyrB_p.Asp176Glu,3) Uncertain significance,p.D176E,0.0,Unknown,176,,271.0,447.0,38.541940713980615,461.0,-0.5237752370282921
Levofloxacin,gyrB,gyrB_p.Asp216Gly,3) Uncertain significance,p.D216G,0.0,Unknown,216,,231.0,447.0,37.38794416653583,461.0,-0.5456881660699374
Levofloxacin,gyrB,gyrB_p.Asp220Glu,3) Uncertain significance,p.D220E,0.0,Unknown,220,,227.0,447.0,32.95561727535991,499.0,-0.7944434542372629
Levofloxacin,gyrB,gyrB_p.Asp225Glu,3) Uncertain significance,p.D225E,0.0,Unknown,225,,222.0,447.0,31.851754755429102,499.0,-0.3463540549430025
Levofloxacin,gyrB,gyrB_p.Asp225Gly,3) Uncertain significance,p.D225G,0.0,Unknown,225,,222.0,447.0,31.851754755429102,499.0,-0.3463540549430025
Levofloxacin,gyrB,gyrB_p.Asp259Glu,3) Uncertain significance,p.D259E,0.0,Unknown,259,,188.0,447.0,32.497151582869556,499.0,-1.0339897485606386
Levofloxacin,gyrB,gyrB_p.Asp334Gly,3) Uncertain significance,p.D334G,0.0,Unknown,334,,113.0,447.0,,,
Levofloxacin,gyrB,gyrB_p.Asp340Gly,3) Uncertain significance,p.D340G,0.0,Unknown,340,,107.0,447.0,,,
Levofloxacin,gyrB,gyrB_p.Asp342Glu,3) Uncertain significance,p.D342E,0.0,Unknown,342,,105.0,447.0,,,
Levofloxacin,gyrB,gyrB_p.Asp402Glu,3) Uncertain significance,p.D402E,0.0,Unknown,402,,45.0,447.0,31.781292406068065,499.0,-0.204989900279714
Levofloxacin,gyrB,gyrB_p.Asp434Glu,3) Uncertain significance,p.D434E,0.0,Unknown,434,,13.0,447.0,13.691945844181538,504.0,1.2317064349582183
Levofloxacin,gyrB,gyrB_p.Asp434Gly,3) Uncertain significance,p.D434G,0.0,Unknown,434,,13.0,447.0,13.691945844181538,504.0,1.2317064349582183
Levofloxacin,gyrB,gyrB_p.Asp434His,3) Uncertain significance,p.D434H,0.0,Unknown,434,,13.0,447.0,13.691945844181538,504.0,1.2317064349582183
Levofloxacin,gyrB,gyrB_p.Asp461Ala,3) Uncertain significance,p.D461A,0.8333333333333334,Unknown,461,,14.0,447.0,9.53171621482721,501.0,0.6941310412323306
Levofloxacin,gyrB,gyrB_p.Asp461Asn,1) Assoc w R,p.D461N,0.7096774193548387,Resistant,461,,14.0,447.0,9.53171621482721,501.0,0.6941310412323306
Levofloxacin,gyrB,gyrB_p.Asp461His,2) Assoc w R - Interim,p.D461H,0.8260869565217391,Resistant,461,,14.0,447.0,9.53171621482721,501.0,0.6941310412323306
Levofloxacin,gyrB,gyrB_p.Asp461Val,3) Uncertain significance,p.D461V,0.6666666666666666,Unknown,461,,14.0,447.0,9.53171621482721,501.0,0.6941310412323306
Levofloxacin,gyrB,gyrB_p.Asp472Asn,3) Uncertain significance,p.D472N,1.0,Unknown,472,,11.0,461.0,7.820026470543437,447.0,1.111547029932187
Levofloxacin,gyrB,gyrB_p.Asp494Ala,3) Uncertain significance,p.D494A,0.4,Unknown,494,,5.0,499.0,5.625771413770739,499.0,1.6701260545206416
Levofloxacin,gyrB,gyrB_p.Asp518Gly,3) Uncertain significance,p.D518G,0.0,Unknown,518,,14.0,504.0,13.5091344282304,504.0,0.2479637955075325
Levofloxacin,gyrB,gyrB_p.Asp588Asn,3) Uncertain significance,p.D588N,1.0,Unknown,588,,84.0,504.0,28.243420490443444,461.0,-0.2526908018572071
Levofloxacin,gyrB,gyrB_p.Asp617Tyr,3) Uncertain significance,p.D617Y,0.5714285714285714,Unknown,617,,113.0,504.0,12.018937640240937,461.0,0.5468770675509816
Levofloxacin,gyrB,gyrB_p.Asp627Ala,3) Uncertain significance,p.D627A,0.0,Unknown,627,,123.0,504.0,15.144463905995492,447.0,0.313891991458494
Levofloxacin,gyrB,gyrB_p.Asp640Ala,3) Uncertain significance,p.D640A,0.0,Unknown,640,,136.0,504.0,24.33290136831197,501.0,-1.049555583240511
Levofloxacin,gyrB,gyrB_p.Asp645Ala,3) Uncertain significance,p.D645A,1.0,Unknown,645,,141.0,504.0,20.41134365983777,499.0,0.5770237498060025
Levofloxacin,gyrB,gyrB_p.Asp645Glu,3) Uncertain significance,p.D645E,1.0,Unknown,645,,141.0,504.0,20.41134365983777,499.0,0.5770237498060025
Levofloxacin,gyrB,gyrB_p.Asp97Glu,3) Uncertain significance,p.D97E,0.0,Unknown,97,,350.0,447.0,49.56086821273412,447.0,-1.4194959162980645
Levofloxacin,gyrB,gyrB_p.Cys388Gly,3) Uncertain significance,p.C388G,0.0,Unknown,388,,59.0,447.0,35.48879823268181,499.0,-1.1619353014642393
Levofloxacin,gyrB,gyrB_p.Gln476Glu,3) Uncertain significance,p.Q476E,0.0,Unknown,476,,15.0,461.0,6.417650426752755,447.0,1.193629129164512
Levofloxacin,gyrB,gyrB_p.Gln4Arg,3) Uncertain significance,p.Q4R,0.0,Unknown,4,,443.0,447.0,,,
Levofloxacin,gyrB,gyrB_p.Gln503Arg,3) Uncertain significance,p.Q503R,1.0,Unknown,503,,1.0,504.0,1.351009252373946,504.0,8.505467405958079
Levofloxacin,gyrB,gyrB_p.Gln538Arg,3) Uncertain significance,p.Q538R,0.0,Unknown,538,,34.0,504.0,12.28761189165737,461.0,-0.0667378186270704
Levofloxacin,gyrB,gyrB_p.Gln565His,3) Uncertain significance,p.Q565H,0.0,Unknown,565,,61.0,504.0,16.763334542983948,461.0,-0.4686931576130896
Levofloxacin,gyrB,gyrB_p.Gln9His,3) Uncertain significance,p.Q9H,0.3333333333333333,Unknown,9,,438.0,447.0,,,
Levofloxacin,gyrB,gyrB_p.Glu151Asp,3) Uncertain significance,p.E151D,0.0,Unknown,151,,296.0,447.0,49.74224838102918,447.0,-1.3253646305704525
Levofloxacin,gyrB,gyrB_p.Glu181Gly,3) Uncertain significance,p.E181G,0.0,Unknown,181,,266.0,447.0,28.683900728457406,461.0,-0.7519567825747938
Levofloxacin,gyrB,gyrB_p.Glu21Asp,3) Uncertain significance,p.E21D,0.0,Unknown,21,,426.0,447.0,,,
Levofloxacin,gyrB,gyrB_p.Glu21Gln,3) Uncertain significance,p.E21Q,0.0,Unknown,21,,426.0,447.0,,,
Levofloxacin,gyrB,gyrB_p.Glu21Lys,3) Uncertain significance,p.E21K,0.0,Unknown,21,,426.0,447.0,,,
Levofloxacin,gyrB,gyrB_p.Glu228Asp,3) Uncertain significance,p.E228D,0.4,Unknown,228,,219.0,447.0,39.757109527731025,499.0,-0.6137799198076298
Levofloxacin,gyrB,gyrB_p.Glu228Gln,3) Uncertain significance,p.E228Q,0.0,Unknown,228,,219.0,447.0,39.757109527731025,499.0,-0.6137799198076298
Levofloxacin,gyrB,gyrB_p.Glu299Gln,3) Uncertain significance,p.E299Q,0.0,Unknown,299,,148.0,447.0,18.532198412492793,499.0,-0.3961883984441002
Levofloxacin,gyrB,gyrB_p.Glu364Asp,3) Uncertain significance,p.E364D,1.0,Unknown,364,,83.0,447.0,40.81386284095149,447.0,-1.0735960724915188
Levofloxacin,gyrB,gyrB_p.Glu379Gly,3) Uncertain significance,p.E379G,0.0,Unknown,379,,68.0,447.0,40.265328708455876,504.0,-1.0984392278266912
Levofloxacin,gyrB,gyrB_p.Glu397Asp,3) Uncertain significance,p.E397D,1.0,Unknown,397,,50.0,447.0,39.4751716399055,499.0,-0.537164541660506
Levofloxacin,gyrB,gyrB_p.Glu425Ala,3) Uncertain significance,p.E425A,0.0,Unknown,425,,22.0,447.0,16.739775207570744,504.0,0.4961539635875319
Levofloxacin,gyrB,gyrB_p.Glu489Gln,3) Uncertain significance,p.E489Q,0.0,Unknown,489,,10.0,499.0,11.024490645830298,499.0,0.1931464563866237
Levofloxacin,gyrB,gyrB_p.Glu501Ala,3) Uncertain significance,p.E501A,0.75,Unknown,501,,2.0,499.0,3.1845184879350357,499.0,7.205375234445438
Levofloxacin,gyrB,gyrB_p.Glu501Asp,2) Assoc w R - Interim,p.E501D,0.5769230769230769,Resistant,501,,2.0,499.0,3.1845184879350357,499.0,7.205375234445438
Levofloxacin,gyrB,gyrB_p.Glu501Gly,3) Uncertain significance,p.E501G,0.5,Unknown,501,,2.0,499.0,3.1845184879350357,499.0,7.205375234445438
Levofloxacin,gyrB,gyrB_p.Glu501Val,2) Assoc w R - Interim,p.E501V,0.0,Resistant,501,,2.0,499.0,3.1845184879350357,499.0,7.205375234445438
Levofloxacin,gyrB,gyrB_p.Glu586Lys,3) Uncertain significance,p.E586K,0.2,Unknown,586,,82.0,504.0,24.57967310604435,461.0,-0.4761091244774867
Levofloxacin,gyrB,gyrB_p.Glu604Gly,3) Uncertain significance,p.E604G,1.0,Unknown,604,,100.0,504.0,24.283430832565656,461.0,-0.1334087917799217
Levofloxacin,gyrB,gyrB_p.Glu604Lys,3) Uncertain significance,p.E604K,0.0,Unknown,604,,100.0,504.0,24.283430832565656,461.0,-0.1334087917799217
Levofloxacin,gyrB,gyrB_p.Glu604Val,3) Uncertain significance,p.E604V,0.0,Unknown,604,,100.0,504.0,24.283430832565656,461.0,-0.1334087917799217
Levofloxacin,gyrB,gyrB_p.Glu623Asp,3) Uncertain significance,p.E623D,1.0,Unknown,623,,119.0,504.0,18.235339974894917,461.0,0.0879518231782423
Levofloxacin,gyrB,gyrB_p.Glu654Ala,3) Uncertain significance,p.E654A,0.0,Unknown,654,,150.0,504.0,15.81200335188429,499.0,-0.1163057787830588
Levofloxacin,gyrB,gyrB_p.Glu71Asp,3) Uncertain significance,p.E71D,0.0,Unknown,71,,376.0,447.0,40.7110259880539,461.0,-0.7327276974068473
Levofloxacin,gyrB,gyrB_p.Glu76Asp,3) Uncertain significance,p.E76D,0.0,Unknown,76,,371.0,447.0,44.092346331307844,499.0,-1.0736481910519369
Levofloxacin,gyrB,gyrB_p.Gly203Val,3) Uncertain significance,p.G203V,0.0,Unknown,203,,244.0,447.0,43.95976079325272,499.0,-0.7996302666290882
Levofloxacin,gyrB,gyrB_p.Gly282Asp,3) Uncertain significance,p.G282D,0.0,Unknown,282,,165.0,447.0,46.55738341015311,499.0,-1.0749010801761905
Levofloxacin,gyrB,gyrB_p.Gly38Ser,3) Uncertain significance,p.G38S,0.0,Unknown,38,,409.0,447.0,30.32162563254151,461.0,-0.9586718290979084
Levofloxacin,gyrB,gyrB_p.Gly436Arg,3) Uncertain significance,p.G436R,0.0,Unknown,436,,11.0,447.0,10.493458390826154,504.0,1.5046449746119763
Levofloxacin,gyrB,gyrB_p.Gly437Ala,3) Uncertain significance,p.G437A,0.0,Unknown,437,,10.0,447.0,7.375345212259545,504.0,2.0019996423856297
Levofloxacin,gyrB,gyrB_p.Gly470Cys,3) Uncertain significance,p.G470C,1.0,Unknown,470,,9.0,461.0,14.048165147093034,461.0,0.5630963949704599
Levofloxacin,gyrB,gyrB_p.Gly510Asp,3) Uncertain significance,p.G510D,0.0,Unknown,510,,6.0,504.0,6.819402099891147,504.0,1.3672750495807364
Levofloxacin,gyrB,gyrB_p.Gly512Arg,3) Uncertain significance,p.G512R,0.4310344827586206,Unknown,512,,8.0,504.0,9.637964152247093,504.0,0.7141281755833271
Levofloxacin,gyrB,gyrB_p.Gly520Ala,5) Not assoc w R,p.G520A,0.024390243902439,Susceptible,520,,16.0,504.0,13.729691802804597,447.0,0.6739748764379294
Levofloxacin,gyrB,gyrB_p.Gly520Val,3) Uncertain significance,p.G520V,1.0,Unknown,520,,16.0,504.0,13.729691802804597,447.0,0.6739748764379294
Levofloxacin,gyrB,gyrB_p.Gly589Val,3) Uncertain significance,p.G589V,0.5,Unknown,589,,85.0,504.0,30.39415833675938,461.0,-0.315036231090454
Levofloxacin,gyrB,gyrB_p.Gly594Arg,3) Uncertain significance,p.G594R,0.0,Unknown,594,,90.0,504.0,32.44569248760149,461.0,-0.0275423920895765
Levofloxacin,gyrB,gyrB_p.Gly598Glu,3) Uncertain significance,p.G598E,0.0,Unknown,598,,94.0,504.0,35.62179097125806,461.0,0.119795602017316
Levofloxacin,gyrB,gyrB_p.Gly606Ser,3) Uncertain significance,p.G606S,0.0,Unknown,606,,102.0,504.0,23.082097759952436,461.0,-0.3683966441082312
Levofloxacin,gyrB,gyrB_p.His252Tyr,3) Uncertain significance,p.H252Y,0.0,Unknown,252,,195.0,447.0,39.64637523153915,499.0,-0.6333367975014891
Levofloxacin,gyrB,gyrB_p.His272Pro,3) Uncertain significance,p.H272P,0.0,Unknown,272,,175.0,447.0,29.979525346476034,499.0,-0.3884668134603843
Levofloxacin,gyrB,gyrB_p.His285Arg,3) Uncertain significance,p.H285R,0.0,Unknown,285,,162.0,447.0,43.19304321299903,504.0,-1.0690447858144163
Levofloxacin,gyrB,gyrB_p.His302Arg,3) Uncertain significance,p.H302R,0.3103448275862069,Unknown,302,,145.0,447.0,23.5185704497531,499.0,-0.7205210681411571
Levofloxacin,gyrB,gyrB_p.His311Arg,3) Uncertain significance,p.H311R,0.0,Unknown,311,,136.0,447.0,24.22373301124333,501.0,-0.7739340269089827
Levofloxacin,gyrB,gyrB_p.His560Arg,3) Uncertain significance,p.H560R,0.0,Unknown,560,,56.0,504.0,13.995893612056348,447.0,-0.1955155365271837
Levofloxacin,gyrB,gyrB_p.His560Asn,3) Uncertain significance,p.H560N,0.0,Unknown,560,,56.0,504.0,13.995893612056348,447.0,-0.1955155365271837
Levofloxacin,gyrB,gyrB_p.Ile116Met,3) Uncertain significance,p.I116M,0.0,Unknown,116,,331.0,447.0,,,
Levofloxacin,gyrB,gyrB_p.Ile19Leu,3) Uncertain significance,p.I19L,0.0,Unknown,19,,428.0,447.0,,,
Levofloxacin,gyrB,gyrB_p.Ile206Ser,3) Uncertain significance,p.I206S,0.0,Unknown,206,,241.0,447.0,39.372541739135904,499.0,-1.158406413365054
Levofloxacin,gyrB,gyrB_p.Ile271Met,3) Uncertain significance,p.I271M,0.1228070175438596,Unknown,271,,176.0,447.0,25.73246171667219,499.0,-0.3188317738400194
Levofloxacin,gyrB,gyrB_p.Ile271Val,3) Uncertain significance,p.I271V,0.0,Unknown,271,,176.0,447.0,25.73246171667219,499.0,-0.3188317738400194
Levofloxacin,gyrB,gyrB_p.Ile34Val,3) Uncertain significance,p.I34V,0.1111111111111111,Unknown,34,,413.0,447.0,31.618641890505046,447.0,-1.5457127501583126
Levofloxacin,gyrB,gyrB_p.Ile435Val,3) Uncertain significance,p.I435V,0.0,Unknown,435,,12.0,447.0,12.725508634235409,504.0,1.6754709380009178
Levofloxacin,gyrB,gyrB_p.Ile46Ser,3) Uncertain significance,p.I46S,0.0,Unknown,46,,401.0,447.0,37.07900140241103,501.0,-1.4971465151202965
Levofloxacin,gyrB,gyrB_p.Ile478Leu,3) Uncertain significance,p.I478L,0.0,Unknown,478,,17.0,461.0,8.834506551019125,504.0,1.6986345407972046
Levofloxacin,gyrB,gyrB_p.Ile486Leu,3) Uncertain significance,p.I486L,0.75,Unknown,486,,13.0,499.0,3.4911130030407462,499.0,2.9455032195277733
Levofloxacin,gyrB,gyrB_p.Ile486Val,3) Uncertain significance,p.I486V,0.0,Unknown,486,,13.0,499.0,3.4911130030407462,499.0,2.9455032195277733
Levofloxacin,gyrB,gyrB_p.Ile493Thr,3) Uncertain significance,p.I493T,0.0,Unknown,493,,6.0,499.0,7.313527534644258,499.0,1.040525051355531
Levofloxacin,gyrB,gyrB_p.Ile505Val,3) Uncertain significance,p.I505V,0.0,Unknown,505,,1.0,504.0,1.3521767635927158,504.0,6.416743183944823
Levofloxacin,gyrB,gyrB_p.Ile506Met,3) Uncertain significance,p.I506M,1.0,Unknown,506,,2.0,504.0,3.386007235668588,504.0,3.150737374456827
Levofloxacin,gyrB,gyrB_p.Ile527Val,3) Uncertain significance,p.I527V,0.0,Unknown,527,,23.0,504.0,9.930735118811722,504.0,0.6415367024547889
Levofloxacin,gyrB,gyrB_p.Ile556Val,3) Uncertain significance,p.I556V,0.25,Unknown,556,,52.0,504.0,15.316677577072632,501.0,-0.2786056472145185
Levofloxacin,gyrB,gyrB_p.Ile601Thr,3) Uncertain significance,p.I601T,0.0,Unknown,601,,97.0,504.0,26.3049551985933,461.0,-0.3043393504761408
Levofloxacin,gyrB,gyrB_p.Ile607Val,3) Uncertain significance,p.I607V,0.0,Unknown,607,,103.0,504.0,21.068206710586445,461.0,-0.134747428051894
Levofloxacin,gyrB,gyrB_p.Ile84Val,3) Uncertain significance,p.I84V,0.0,Unknown,84,,363.0,447.0,50.965415381413294,501.0,-1.7842941724519874
Levofloxacin,gyrB,gyrB_p.Ile93Val,3) Uncertain significance,p.I93V,0.0,Unknown,93,,354.0,447.0,52.39286274866072,447.0,-1.1833818971225156
Levofloxacin,gyrB,gyrB_p.Leu156Arg,3) Uncertain significance,p.L156R,0.0,Unknown,156,,291.0,447.0,54.85968921712918,447.0,-1.0538776618481578
Levofloxacin,gyrB,gyrB_p.Leu156Met,3) Uncertain significance,p.L156M,0.0,Unknown,156,,291.0,447.0,54.85968921712918,447.0,-1.0538776618481578
Levofloxacin,gyrB,gyrB_p.Leu204Met,3) Uncertain significance,p.L204M,0.0,Unknown,204,,243.0,447.0,41.819609574935036,499.0,-1.166110554136443
Levofloxacin,gyrB,gyrB_p.Leu257Pro,3) Uncertain significance,p.L257P,1.0,Unknown,257,,190.0,447.0,33.23197342921423,499.0,-1.1881499745735904
Levofloxacin,gyrB,gyrB_p.Leu337Arg,3) Uncertain significance,p.L337R,0.0,Unknown,337,,110.0,447.0,,,
Levofloxacin,gyrB,gyrB_p.Leu354Val,3) Uncertain significance,p.L354V,0.0,Unknown,354,,93.0,447.0,22.82378060269595,499.0,-0.3909667923206966
Levofloxacin,gyrB,gyrB_p.Leu375Phe,3) Uncertain significance,p.L375F,0.0,Unknown,375,,72.0,447.0,31.511195819898667,504.0,-1.4750133401691354
Levofloxacin,gyrB,gyrB_p.Leu375Val,3) Uncertain significance,p.L375V,1.0,Unknown,375,,72.0,447.0,31.511195819898667,504.0,-1.4750133401691354
Levofloxacin,gyrB,gyrB_p.Leu42Ile,3) Uncertain significance,p.L42I,1.0,Unknown,42,,405.0,447.0,33.44278662133286,501.0,-1.1741930758403651
Levofloxacin,gyrB,gyrB_p.Leu455Val,3) Uncertain significance,p.L455V,0.0,Unknown,455,,6.0,461.0,6.60708687698295,504.0,1.4963978618047862
Levofloxacin,gyrB,gyrB_p.Leu509Pro,3) Uncertain significance,p.L509P,1.0,Unknown,509,,5.0,504.0,4.999775394955279,504.0,1.6384301399078705
Levofloxacin,gyrB,gyrB_p.Leu522Val,3) Uncertain significance,p.L522V,1.0,Unknown,522,,18.0,504.0,10.078546174920254,447.0,1.0150576611145703
Levofloxacin,gyrB,gyrB_p.Leu555Phe,3) Uncertain significance,p.L555F,0.0,Unknown,555,,51.0,504.0,10.861669899237432,504.0,0.206009441526148
Levofloxacin,gyrB,gyrB_p.Leu555Val,3) Uncertain significance,p.L555V,0.0,Unknown,555,,51.0,504.0,10.861669899237432,504.0,0.206009441526148
Levofloxacin,gyrB,gyrB_p.Leu563Phe,3) Uncertain significance,p.L563F,0.0,Unknown,563,,59.0,504.0,15.64823098628081,501.0,-0.2866991631589111
Levofloxacin,gyrB,gyrB_p.Leu571Ile,3) Uncertain significance,p.L571I,0.0,Unknown,571,,67.0,504.0,21.884771189116886,461.0,-0.4265165659430286
Levofloxacin,gyrB,gyrB_p.Leu638Val,3) Uncertain significance,p.L638V,0.0,Unknown,638,,134.0,504.0,20.90020693677455,501.0,0.2454883635601628
Levofloxacin,gyrB,gyrB_p.Leu673Pro,3) Uncertain significance,p.L673P,0.0,Unknown,673,,169.0,504.0,36.091271423988395,461.0,-0.4686187323281904
Levofloxacin,gyrB,gyrB_p.Leu69Val,3) Uncertain significance,p.L69V,0.0,Unknown,69,,378.0,447.0,37.28730810879218,499.0,-1.0684272041909533
Levofloxacin,gyrB,gyrB_p.Lys159Met,3) Uncertain significance,p.K159M,0.0,Unknown,159,,288.0,447.0,61.0116785296061,447.0,-1.212100814282266
Levofloxacin,gyrB,gyrB_p.Lys165Asn,3) Uncertain significance,p.K165N,1.0,Unknown,165,,282.0,447.0,61.527785438775524,499.0,-0.999339586643389
Levofloxacin,gyrB,gyrB_p.Lys333Arg,3) Uncertain significance,p.K333R,0.0,Unknown,333,,114.0,447.0,36.56725313719914,499.0,-0.1489394717668633
Levofloxacin,gyrB,gyrB_p.Lys404Arg,3) Uncertain significance,p.K404R,0.5,Unknown,404,,43.0,447.0,30.097462035859426,499.0,-0.0975155192309018
Levofloxacin,gyrB,gyrB_p.Lys430Asn,3) Uncertain significance,p.K430N,1.0,Unknown,430,,17.0,447.0,16.894929712786627,504.0,0.961073858989413
Levofloxacin,gyrB,gyrB_p.Lys452Asn,3) Uncertain significance,p.K452N,0.0,Unknown,452,,5.0,447.0,3.8532361723621116,447.0,1.5925370901410711
Levofloxacin,gyrB,gyrB_p.Lys498Asn,3) Uncertain significance,p.K498N,0.0,Unknown,498,,1.0,499.0,1.3555257282693225,499.0,8.242659326308301
Levofloxacin,gyrB,gyrB_p.Lys526Asn,3) Uncertain significance,p.K526N,0.0,Unknown,526,,22.0,504.0,10.840079381628168,447.0,0.5107173647066421
Levofloxacin,gyrB,gyrB_p.Lys526Gln,3) Uncertain significance,p.K526Q,0.074074074074074,Unknown,526,,22.0,504.0,10.840079381628168,447.0,0.5107173647066421
Levofloxacin,gyrB,gyrB_p.Lys596Asn,3) Uncertain significance,p.K596N,0.0,Unknown,596,,92.0,504.0,36.36990247443622,461.0,0.0321825052777703
Levofloxacin,gyrB,gyrB_p.Lys599Arg,3) Uncertain significance,p.K599R,1.0,Unknown,599,,95.0,504.0,30.178680786276924,461.0,-0.2111121866920991
Levofloxacin,gyrB,gyrB_p.Lys603Arg,3) Uncertain significance,p.K603R,0.0,Unknown,603,,99.0,504.0,28.2397725380358,461.0,-0.2334750217700615
Levofloxacin,gyrB,gyrB_p.Lys668Arg,3) Uncertain significance,p.K668R,0.0,Unknown,668,,164.0,504.0,29.031828275187905,461.0,-0.6173615250458476
Levofloxacin,gyrB,gyrB_p.Lys668Glu,3) Uncertain significance,p.K668E,0.0,Unknown,668,,164.0,504.0,29.031828275187905,461.0,-0.6173615250458476
Levofloxacin,gyrB,gyrB_p.Lys7Gln,3) Uncertain significance,p.K7Q,0.0,Unknown,7,,440.0,447.0,,,
Levofloxacin,gyrB,gyrB_p.Met100Val,3) Uncertain significance,p.M100V,0.75,Unknown,100,,347.0,447.0,45.987404895253654,447.0,-1.6345483323084968
Levofloxacin,gyrB,gyrB_p.Met197Ile,3) Uncertain significance,p.M197I,0.0,Unknown,197,,250.0,447.0,34.87899519768309,499.0,-1.323004888686218
Levofloxacin,gyrB,gyrB_p.Met291Ile,5) Not assoc w R,p.M291I,0.0705088902513795,Susceptible,291,,156.0,447.0,30.436736766611514,499.0,-1.1387080005496386
Levofloxacin,gyrB,gyrB_p.Met530Thr,3) Uncertain significance,p.M530T,0.0,Unknown,530,,26.0,504.0,8.97663572837838,461.0,0.6426635154932784
Levofloxacin,gyrB,gyrB_p.Met58Ile,3) Uncertain significance,p.M58I,0.0,Unknown,58,,389.0,447.0,41.57747307136398,501.0,-1.4754831027857842
Levofloxacin,gyrB,gyrB_p.Met616Val,3) Uncertain significance,p.M616V,0.0,Unknown,616,,112.0,504.0,9.894256616845984,461.0,0.3630602151329256
Levofloxacin,gyrB,gyrB_p.Phe187Leu,3) Uncertain significance,p.F187L,0.0,Unknown,187,,260.0,447.0,31.9804950243113,499.0,-1.0112377439540516
Levofloxacin,gyrB,gyrB_p.Phe549Leu,3) Uncertain significance,p.F549L,0.0,Unknown,549,,45.0,504.0,13.476249849271866,501.0,0.2021804938128787
Levofloxacin,gyrB,gyrB_p.Pro163Leu,3) Uncertain significance,p.P163L,0.0,Unknown,163,,284.0,447.0,65.81612250809064,499.0,-0.5641830249478601
Levofloxacin,gyrB,gyrB_p.Pro163Ser,3) Uncertain significance,p.P163S,0.0,Unknown,163,,284.0,447.0,65.81612250809064,499.0,-0.5641830249478601
Levofloxacin,gyrB,gyrB_p.Pro177Arg,3) Uncertain significance,p.P177R,0.0,Unknown,177,,270.0,447.0,36.85507300223404,461.0,-0.8037439889719952
Levofloxacin,gyrB,gyrB_p.Pro177His,3) Uncertain significance,p.P177H,0.0,Unknown,177,,270.0,447.0,36.85507300223404,461.0,-0.8037439889719952
Levofloxacin,gyrB,gyrB_p.Pro177Leu,3) Uncertain significance,p.P177L,0.0,Unknown,177,,270.0,447.0,36.85507300223404,461.0,-0.8037439889719952
Levofloxacin,gyrB,gyrB_p.Pro243Ser,3) Uncertain significance,p.P243S,1.0,Unknown,243,,204.0,447.0,48.989561428941144,461.0,-0.3773317314166806
Levofloxacin,gyrB,gyrB_p.Pro254Leu,3) Uncertain significance,p.P254L,0.125,Unknown,254,,193.0,447.0,40.95729754268463,499.0,-0.8873892374500402
Levofloxacin,gyrB,gyrB_p.Pro343Ala,3) Uncertain significance,p.P343A,0.0,Unknown,343,,104.0,447.0,27.872857227058724,499.0,-0.270926986860056
Levofloxacin,gyrB,gyrB_p.Pro343Leu,3) Uncertain significance,p.P343L,0.0,Unknown,343,,104.0,447.0,27.872857227058724,499.0,-0.270926986860056
Levofloxacin,gyrB,gyrB_p.Pro343Ser,3) Uncertain significance,p.P343S,0.0,Unknown,343,,104.0,447.0,27.872857227058724,499.0,-0.270926986860056
Levofloxacin,gyrB,gyrB_p.Pro400Arg,3) Uncertain significance,p.P400R,0.0,Unknown,400,,47.0,447.0,36.000994444598334,499.0,-0.5652218090085546
Levofloxacin,gyrB,gyrB_p.Pro439Ala,3) Uncertain significance,p.P439A,0.0,Unknown,439,,8.0,447.0,9.383835250045687,504.0,1.6154348758195638
Levofloxacin,gyrB,gyrB_p.Pro439Arg,3) Uncertain significance,p.P439R,0.0,Unknown,439,,8.0,447.0,9.383835250045687,504.0,1.6154348758195638
Levofloxacin,gyrB,gyrB_p.Pro450Arg,3) Uncertain significance,p.P450R,1.0,Unknown,450,,3.0,447.0,5.611710969036101,447.0,1.0404835578695424
Levofloxacin,gyrB,gyrB_p.Pro480Ser,3) Uncertain significance,p.P480S,0.0,Unknown,480,,19.0,461.0,4.238526276903326,501.0,3.3649780883243485
Levofloxacin,gyrB,gyrB_p.Pro578Ala,3) Uncertain significance,p.P578A,0.0,Unknown,578,,74.0,504.0,21.33609966699632,461.0,-0.2849693290718159
Levofloxacin,gyrB,gyrB_p.Pro578Arg,3) Uncertain significance,p.P578R,0.0,Unknown,578,,74.0,504.0,21.33609966699632,461.0,-0.2849693290718159
Levofloxacin,gyrB,gyrB_p.Pro578Ser,3) Uncertain significance,p.P578S,1.0,Unknown,578,,74.0,504.0,21.33609966699632,461.0,-0.2849693290718159
Levofloxacin,gyrB,gyrB_p.Pro628Ala,3) Uncertain significance,p.P628A,0.2,Unknown,628,,124.0,504.0,11.84694108198401,447.0,0.2409984744985346
Levofloxacin,gyrB,gyrB_p.Pro94Leu,5) Not assoc w R,p.P94L,0.0263653483992467,Susceptible,94,,353.0,447.0,54.03529188410107,447.0,-1.4235626907720589
Levofloxacin,gyrB,gyrB_p.Ser16Cys,3) Uncertain significance,p.S16C,1.0,Unknown,16,,431.0,447.0,,,
Levofloxacin,gyrB,gyrB_p.Ser248Gly,3) Uncertain significance,p.S248G,0.0,Unknown,248,,199.0,447.0,38.24049900302037,499.0,-0.7774577328972994
Levofloxacin,gyrB,gyrB_p.Ser273Gly,3) Uncertain significance,p.S273G,0.0,Unknown,273,,174.0,447.0,33.618498925442815,499.0,-0.2358704498314175
Levofloxacin,gyrB,gyrB_p.Ser274Arg,3) Uncertain significance,p.S274R,0.391304347826087,Unknown,274,,173.0,447.0,34.251525002545506,499.0,-0.6035966336879157
Levofloxacin,gyrB,gyrB_p.Ser274Gly,3) Uncertain significance,p.S274G,0.0,Unknown,274,,173.0,447.0,34.251525002545506,499.0,-0.6035966336879157
Levofloxacin,gyrB,gyrB_p.Ser274Thr,3) Uncertain significance,p.S274T,0.0,Unknown,274,,173.0,447.0,34.251525002545506,499.0,-0.6035966336879157
Levofloxacin,gyrB,gyrB_p.Ser298Ala,3) Uncertain significance,p.S298A,0.0,Unknown,298,,149.0,447.0,16.371509795984,499.0,-0.0999168275259483
Levofloxacin,gyrB,gyrB_p.Ser359Thr,3) Uncertain significance,p.S359T,0.0,Unknown,359,,88.0,447.0,34.68361004855175,499.0,-1.4616652941558204
Levofloxacin,gyrB,gyrB_p.Ser363Arg,3) Uncertain significance,p.S363R,0.0,Unknown,363,,84.0,447.0,44.25677893837281,501.0,-1.2456889026582791
Levofloxacin,gyrB,gyrB_p.Ser413Ala,3) Uncertain significance,p.S413A,0.0,Unknown,413,,34.0,447.0,18.547299264313377,499.0,0.0026500941049925
Levofloxacin,gyrB,gyrB_p.Ser447Phe,2) Assoc w R - Interim,p.S447F,0.525,Resistant,447,,14.0,461.0,15.416150589560292,504.0,4.780044214109841
Levofloxacin,gyrB,gyrB_p.Ser447Tyr,3) Uncertain significance,p.S447Y,0.4,Unknown,447,,14.0,461.0,15.416150589560292,504.0,4.780044214109841
Levofloxacin,gyrB,gyrB_p.Ser466Pro,3) Uncertain significance,p.S466P,0.0,Unknown,466,,5.0,461.0,7.5192987040015975,461.0,1.03878329503971
Levofloxacin,gyrB,gyrB_p.Ser576Gly,3) Uncertain significance,p.S576G,0.0,Unknown,576,,72.0,504.0,26.69769259692681,461.0,-0.1277019191864668
Levofloxacin,gyrB,gyrB_p.Ser576Ile,3) Uncertain significance,p.S576I,0.0,Unknown,576,,72.0,504.0,26.69769259692681,461.0,-0.1277019191864668
Levofloxacin,gyrB,gyrB_p.Ser576Thr,3) Uncertain significance,p.S576T,0.0,Unknown,576,,72.0,504.0,26.69769259692681,461.0,-0.1277019191864668
Levofloxacin,gyrB,gyrB_p.Ser629Ala,3) Uncertain significance,p.S629A,0.0,Unknown,629,,125.0,504.0,15.731618766039333,447.0,0.5604683521296314
Levofloxacin,gyrB,gyrB_p.Ser661Thr,3) Uncertain significance,p.S661T,0.1206896551724138,Unknown,661,,157.0,504.0,26.527504311563128,499.0,-0.8818773160172982
Levofloxacin,gyrB,gyrB_p.Thr167Ala,3) Uncertain significance,p.T167A,0.0,Unknown,167,,280.0,447.0,55.138570402214796,499.0,-1.451286272927986
Levofloxacin,gyrB,gyrB_p.Thr167Met,3) Uncertain significance,p.T167M,1.0,Unknown,167,,280.0,447.0,55.138570402214796,499.0,-1.451286272927986
Levofloxacin,gyrB,gyrB_p.Thr170Ala,3) Uncertain significance,p.T170A,0.0,Unknown,170,,277.0,447.0,49.94857015971525,501.0,-1.469544091768982
Levofloxacin,gyrB,gyrB_p.Thr182Ile,3) Uncertain significance,p.T182I,1.0,Unknown,182,,265.0,447.0,29.466097162671513,461.0,-0.4548019743807447
Levofloxacin,gyrB,gyrB_p.Thr183Met,3) Uncertain significance,p.T183M,0.0,Unknown,183,,264.0,447.0,34.01022341884859,461.0,-1.0534110380791255
Levofloxacin,gyrB,gyrB_p.Thr189Pro,3) Uncertain significance,p.T189P,0.0,Unknown,189,,258.0,447.0,27.946279197775116,499.0,-0.9931988661559824
Levofloxacin,gyrB,gyrB_p.Thr209Ala,3) Uncertain significance,p.T209A,0.0,Unknown,209,,238.0,447.0,40.67915951688285,499.0,-0.9200390488694984
Levofloxacin,gyrB,gyrB_p.Thr250Ser,3) Uncertain significance,p.T250S,0.0,Unknown,250,,197.0,447.0,38.15094810093193,499.0,-0.7932270445137943
Levofloxacin,gyrB,gyrB_p.Thr267Ser,3) Uncertain significance,p.T267S,0.0,Unknown,267,,180.0,447.0,21.773602848403392,499.0,-0.3794825562370627
Levofloxacin,gyrB,gyrB_p.Thr371Ile,3) Uncertain significance,p.T371I,0.0,Unknown,371,,76.0,447.0,25.307779693208964,447.0,-0.9961360317546624
Levofloxacin,gyrB,gyrB_p.Thr373Ala,3) Uncertain significance,p.T373A,0.0,Unknown,373,,74.0,447.0,27.423852774546468,504.0,-1.0806716849712912
Levofloxacin,gyrB,gyrB_p.Thr378Ser,3) Uncertain significance,p.T378S,0.1666666666666666,Unknown,378,,69.0,447.0,36.691711012161846,447.0,-1.350232239012454
Levofloxacin,gyrB,gyrB_p.Thr37Ser,3) Uncertain significance,p.T37S,0.0,Unknown,37,,410.0,447.0,30.288936412492262,447.0,-0.9157610479404488
Levofloxacin,gyrB,gyrB_p.Thr393Ser,3) Uncertain significance,p.T393S,0.0,Unknown,393,,54.0,447.0,38.472632428779804,499.0,-0.8975246354642323
Levofloxacin,gyrB,gyrB_p.Thr500Ala,3) Uncertain significance,p.T500A,0.625,Unknown,500,,1.0,499.0,1.331570876821818,501.0,12.302836989124364
Levofloxacin,gyrB,gyrB_p.Thr500Asn,3) Uncertain significance,p.T500N,0.59375,Unknown,500,,1.0,499.0,1.331570876821818,501.0,12.302836989124364
Levofloxacin,gyrB,gyrB_p.Thr500Ile,3) Uncertain significance,p.T500I,0.6666666666666666,Unknown,500,,1.0,499.0,1.331570876821818,501.0,12.302836989124364
Levofloxacin,gyrB,gyrB_p.Thr500Pro,3) Uncertain significance,p.T500P,0.75,Unknown,500,,1.0,499.0,1.331570876821818,501.0,12.302836989124364
Levofloxacin,gyrB,gyrB_p.Thr507Ala,3) Uncertain significance,p.T507A,0.0,Unknown,507,,3.0,504.0,3.3860977540525967,504.0,3.299689121522656
Levofloxacin,gyrB,gyrB_p.Thr664Ile,3) Uncertain significance,p.T664I,0.5,Unknown,664,,160.0,504.0,27.279860483514224,499.0,-0.5601476680875864
Levofloxacin,gyrB,gyrB_p.Tyr144Phe,3) Uncertain significance,p.Y144F,1.0,Unknown,144,,303.0,447.0,61.221007538262526,501.0,-1.068225796438638
Levofloxacin,gyrB,gyrB_p.Tyr144Ser,3) Uncertain significance,p.Y144S,0.0,Unknown,144,,303.0,447.0,61.221007538262526,501.0,-1.068225796438638
Levofloxacin,gyrB,gyrB_p.Tyr253Ser,3) Uncertain significance,p.Y253S,0.0,Unknown,253,,194.0,447.0,34.56099263620766,499.0,-0.55486998395512
Levofloxacin,gyrB,gyrB_p.Tyr456His,3) Uncertain significance,p.Y456H,1.0,Unknown,456,,5.0,461.0,9.883020843851332,504.0,1.156790735260135
Levofloxacin,gyrB,gyrB_p.Tyr582His,3) Uncertain significance,p.Y582H,0.8,Unknown,582,,78.0,504.0,19.140559526826806,461.0,-0.4223845215653444
Levofloxacin,gyrB,gyrB_p.Val218Ile,3) Uncertain significance,p.V218I,0.0,Unknown,218,,229.0,447.0,33.38914501750533,499.0,-0.7482137683237494
Levofloxacin,gyrB,gyrB_p.Val222Met,3) Uncertain significance,p.V222M,0.0,Unknown,222,,225.0,447.0,32.22718535646575,499.0,-0.8073755467792169
Levofloxacin,gyrB,gyrB_p.Val226Ala,3) Uncertain significance,p.V226A,0.0,Unknown,226,,221.0,447.0,34.96487200033772,499.0,-0.1807456273954748
Levofloxacin,gyrB,gyrB_p.Val276Ala,3) Uncertain significance,p.V276A,1.0,Unknown,276,,171.0,447.0,33.97150762035739,499.0,-0.8916492066337256
Levofloxacin,gyrB,gyrB_p.Val301Leu,5) Not assoc w R,p.V301L,0.06,Susceptible,301,,146.0,447.0,23.66307712449928,499.0,-0.6329410606720001
Levofloxacin,gyrB,gyrB_p.Val301Met,3) Uncertain significance,p.V301M,0.0,Unknown,301,,146.0,447.0,23.66307712449928,499.0,-0.6329410606720001
Levofloxacin,gyrB,gyrB_p.Val327Leu,3) Uncertain significance,p.V327L,0.0,Unknown,327,,120.0,447.0,34.29979021801737,499.0,-0.9376887895764724
Levofloxacin,gyrB,gyrB_p.Val405Ala,3) Uncertain significance,p.V405A,0.0,Unknown,405,,42.0,447.0,27.09566352758314,499.0,-0.2690552362465879
Levofloxacin,gyrB,gyrB_p.Val407Leu,3) Uncertain significance,p.V407L,0.0,Unknown,407,,40.0,447.0,26.80494918853606,499.0,-0.391107233073216
Levofloxacin,gyrB,gyrB_p.Val427Met,3) Uncertain significance,p.V427M,0.6,Unknown,427,,20.0,447.0,12.286429668540828,504.0,0.8273002888532207
Levofloxacin,gyrB,gyrB_p.Val457Leu,3) Uncertain significance,p.V457L,0.5094339622641509,Unknown,457,,4.0,461.0,7.243189974037686,501.0,1.7641444250639533
Levofloxacin,gyrB,gyrB_p.Val496Gly,3) Uncertain significance,p.V496G,0.0,Unknown,496,,3.0,499.0,3.44658758774532,499.0,3.064274939430772
Levofloxacin,gyrB,gyrB_p.Val502Phe,3) Uncertain significance,p.V502F,1.0,Unknown,502,,1.0,501.0,1.347771864968254,501.0,8.340208965142878
Levofloxacin,gyrB,gyrB_p.Val535Ile,3) Uncertain significance,p.V535I,0.0,Unknown,535,,31.0,504.0,12.023637220076116,461.0,0.2756936626343954
Levofloxacin,gyrB,gyrB_p.Val561Gly,3) Uncertain significance,p.V561G,1.0,Unknown,561,,57.0,504.0,13.732423566144462,504.0,0.2079510998453655
Levofloxacin,gyrB,gyrB_p.Val630Ile,3) Uncertain significance,p.V630I,0.0,Unknown,630,,126.0,504.0,18.393489636281647,447.0,-0.1908296435061127
Levofloxacin,gyrB,gyrB_p.Val670Ile,3) Uncertain significance,p.V670I,0.0,Unknown,670,,166.0,504.0,31.239420145066706,461.0,-0.6213347855767137
Levofloxacin,gyrB,gyrB_p.Val670Phe,3) Uncertain significance,p.V670F,0.5833333333333334,Unknown,670,,166.0,504.0,31.239420145066706,461.0,-0.6213347855767137
Levofloxacin,gyrB,gyrB_p.Val675Ile,3) Uncertain significance,p.V675I,0.0,Unknown,675,,171.0,504.0,35.73628426403622,461.0,-0.6506968515135784
Levofloxacin,gyrB,gyrB_p.Val68Ala,3) Uncertain significance,p.V68A,0.0,Unknown,68,,379.0,447.0,42.36832788770403,499.0,-0.8217047924088264
Levofloxacin,gyrB,gyrB_p.Val68Leu,3) Uncertain significance,p.V68L,0.0,Unknown,68,,379.0,447.0,42.36832788770403,499.0,-0.8217047924088264
Levofloxacin,gyrB,gyrB_p.Val75Gly,3) Uncertain significance,p.V75G,0.0,Unknown,75,,372.0,447.0,40.49768431651367,501.0,-1.2266350615737145
Moxifloxacin,gyrB,gyrB_p.Ala115Val,3) Uncertain significance,p.A115V,0.0,Unknown,115,,332.0,447.0,,,
Moxifloxacin,gyrB,gyrB_p.Ala130Ser,3) Uncertain significance,p.A130S,0.0,Unknown,130,,317.0,447.0,40.63386526039578,447.0,-1.5532492402185558
Moxifloxacin,gyrB,gyrB_p.Ala162Glu,3) Uncertain significance,p.A162E,0.0,Unknown,162,,285.0,447.0,64.59506577131103,499.0,-0.8770495245133059
Moxifloxacin,gyrB,gyrB_p.Ala162Ser,3) Uncertain significance,p.A162S,0.0,Unknown,162,,285.0,447.0,64.59506577131103,499.0,-0.8770495245133059
Moxifloxacin,gyrB,gyrB_p.Ala175Thr,3) Uncertain significance,p.A175T,0.0,Unknown,175,,272.0,447.0,39.54352364167863,461.0,-1.0764356447945824
Moxifloxacin,gyrB,gyrB_p.Ala191Asp,3) Uncertain significance,p.A191D,0.0,Unknown,191,,256.0,447.0,32.154131694076256,499.0,-0.7887820601674956
Moxifloxacin,gyrB,gyrB_p.Ala233Gly,3) Uncertain significance,p.A233G,0.0,Unknown,233,,214.0,447.0,55.12091799852394,461.0,-0.5247217249854357
Moxifloxacin,gyrB,gyrB_p.Ala233Pro,3) Uncertain significance,p.A233P,1.0,Unknown,233,,214.0,447.0,55.12091799852394,461.0,-0.5247217249854357
Moxifloxacin,gyrB,gyrB_p.Ala233Val,3) Uncertain significance,p.A233V,0.0,Unknown,233,,214.0,447.0,55.12091799852394,461.0,-0.5247217249854357
Moxifloxacin,gyrB,gyrB_p.Ala237Gly,3) Uncertain significance,p.A237G,0.0,Unknown,237,,210.0,447.0,54.03131194039249,461.0,-0.5372063164170874
Moxifloxacin,gyrB,gyrB_p.Ala238Gly,3) Uncertain significance,p.A238G,0.0,Unknown,238,,209.0,447.0,53.30825435146044,499.0,-0.0254221301841903
Moxifloxacin,gyrB,gyrB_p.Ala238Thr,3) Uncertain significance,p.A238T,0.0,Unknown,238,,209.0,447.0,53.30825435146044,499.0,-0.0254221301841903
Moxifloxacin,gyrB,gyrB_p.Ala242Thr,3) Uncertain significance,p.A242T,0.0,Unknown,242,,205.0,447.0,50.86917811406038,461.0,-0.5766394145567576
Moxifloxacin,gyrB,gyrB_p.Ala2Ser,3) Uncertain significance,p.A2S,0.5,Unknown,2,,445.0,447.0,,,
Moxifloxacin,gyrB,gyrB_p.Ala332Val,3) Uncertain significance,p.A332V,0.0,Unknown,332,,115.0,447.0,34.58252808861723,499.0,-0.5618002687478141
Moxifloxacin,gyrB,gyrB_p.Ala355Thr,3) Uncertain significance,p.A355T,0.0,Unknown,355,,92.0,447.0,25.093241360972108,499.0,-0.7391952684883863
Moxifloxacin,gyrB,gyrB_p.Ala398Val,3) Uncertain significance,p.A398V,0.0,Unknown,398,,49.0,447.0,40.92031144798386,499.0,-0.5655784616516202
Moxifloxacin,gyrB,gyrB_p.Ala403Ser,3) Uncertain significance,p.A403S,0.0,Unknown,403,,44.0,447.0,31.528509939418313,499.0,-0.5678255434258538
Moxifloxacin,gyrB,gyrB_p.Ala403Val,3) Uncertain significance,p.A403V,0.0,Unknown,403,,44.0,447.0,31.528509939418313,499.0,-0.5678255434258538
Moxifloxacin,gyrB,gyrB_p.Ala423Val,3) Uncertain significance,p.A423V,0.0,Unknown,423,,24.0,447.0,14.132317361282269,499.0,0.587709048705798
Moxifloxacin,gyrB,gyrB_p.Ala432Val,3) Uncertain significance,p.A432V,0.0,Unknown,432,,15.0,447.0,18.088262851915875,504.0,0.890008951988112
Moxifloxacin,gyrB,gyrB_p.Ala467Thr,3) Uncertain significance,p.A467T,0.5,Unknown,467,,6.0,461.0,9.597121860224531,461.0,0.856433625406503
Moxifloxacin,gyrB,gyrB_p.Ala504Thr,3) Uncertain significance,p.A504T,0.75,Unknown,504,,3.0,501.0,3.2346698440490056,501.0,4.33876584810587
Moxifloxacin,gyrB,gyrB_p.Ala504Val,2) Assoc w R - Interim,p.A504V,0.5833333333333334,Resistant,504,,3.0,501.0,3.2346698440490056,501.0,4.33876584810587
Moxifloxacin,gyrB,gyrB_p.Ala508Val,3) Uncertain significance,p.A508V,0.0,Unknown,508,,4.0,504.0,2.897318242789348,504.0,2.9795060834654885
Moxifloxacin,gyrB,gyrB_p.Ala564Thr,3) Uncertain significance,p.A564T,0.0,Unknown,564,,60.0,504.0,14.369899408137815,461.0,-0.1612801869736999
Moxifloxacin,gyrB,gyrB_p.Ala593Val,3) Uncertain significance,p.A593V,0.0,Unknown,593,,89.0,504.0,33.745981642263736,461.0,0.1670515232298615
Moxifloxacin,gyrB,gyrB_p.Ala597Thr,3) Uncertain significance,p.A597T,1.0,Unknown,597,,93.0,504.0,35.89466496570208,461.0,0.0788596558843737
Moxifloxacin,gyrB,gyrB_p.Ala618Asp,3) Uncertain significance,p.A618D,1.0,Unknown,618,,114.0,504.0,12.450822061213486,461.0,0.7138470474710692
Moxifloxacin,gyrB,gyrB_p.Ala618Thr,3) Uncertain significance,p.A618T,0.75,Unknown,618,,114.0,504.0,12.450822061213486,461.0,0.7138470474710692
Moxifloxacin,gyrB,gyrB_p.Ala643Asp,3) Uncertain significance,p.A643D,1.0,Unknown,643,,139.0,504.0,24.2475066965657,499.0,0.9082582141287988
Moxifloxacin,gyrB,gyrB_p.Ala644Asp,3) Uncertain significance,p.A644D,0.25,Unknown,644,,140.0,504.0,20.715615173100673,499.0,0.4138076267272904
Moxifloxacin,gyrB,gyrB_p.Ala78Gly,3) Uncertain significance,p.A78G,0.0,Unknown,78,,369.0,447.0,46.68378824602818,499.0,-1.288713523445338
Moxifloxacin,gyrB,gyrB_p.Ala78Val,3) Uncertain significance,p.A78V,0.0,Unknown,78,,369.0,447.0,46.68378824602818,499.0,-1.288713523445338
Moxifloxacin,gyrB,gyrB_p.Ala87Gly,3) Uncertain significance,p.A87G,0.0,Unknown,87,,360.0,447.0,57.67942789244705,447.0,-1.2436047464879654
Moxifloxacin,gyrB,gyrB_p.Ala90Gly,3) Uncertain significance,p.A90G,0.0,Unknown,90,,357.0,447.0,55.765866863162806,447.0,-1.2570337473380029
Moxifloxacin,gyrB,gyrB_p.Ala90Thr,3) Uncertain significance,p.A90T,0.0,Unknown,90,,357.0,447.0,55.765866863162806,447.0,-1.2570337473380029
Moxifloxacin,gyrB,gyrB_p.Arg192His,3) Uncertain significance,p.R192H,0.0,Unknown,192,,255.0,447.0,25.832385758965433,499.0,-0.8665910938255645
Moxifloxacin,gyrB,gyrB_p.Arg212Thr,3) Uncertain significance,p.R212T,0.0,Unknown,212,,235.0,447.0,35.662053698574326,461.0,-0.9664879174310717
Moxifloxacin,gyrB,gyrB_p.Arg446Cys,3) Uncertain significance,p.R446C,0.375,Unknown,446,,1.0,447.0,1.347610106818723,447.0,4.128318063130226
Moxifloxacin,gyrB,gyrB_p.Arg446Gly,3) Uncertain significance,p.R446G,1.0,Unknown,446,,1.0,447.0,1.347610106818723,447.0,4.128318063130226
Moxifloxacin,gyrB,gyrB_p.Arg446His,3) Uncertain significance,p.R446H,0.0909090909090909,Unknown,446,,1.0,447.0,1.347610106818723,447.0,4.128318063130226
Moxifloxacin,gyrB,gyrB_p.Arg446Leu,3) Uncertain significance,p.R446L,0.5,Unknown,446,,1.0,447.0,1.347610106818723,447.0,4.128318063130226
Moxifloxacin,gyrB,gyrB_p.Arg451His,3) Uncertain significance,p.R451H,0.0,Unknown,451,,4.0,447.0,6.582535301842276,447.0,1.074200058206713
Moxifloxacin,gyrB,gyrB_p.Arg492Ser,3) Uncertain significance,p.R492S,0.0,Unknown,492,,7.0,499.0,8.600797463026304,499.0,0.679067974089006
Moxifloxacin,gyrB,gyrB_p.Arg495Gln,3) Uncertain significance,p.R495Q,0.0,Unknown,495,,4.0,499.0,3.7934971991554183,499.0,2.6307678378844224
Moxifloxacin,gyrB,gyrB_p.Arg523Cys,3) Uncertain significance,p.R523C,0.0,Unknown,523,,19.0,504.0,2.764592194158109,447.0,2.537539631189782
Moxifloxacin,gyrB,gyrB_p.Arg523Ser,3) Uncertain significance,p.R523S,0.0,Unknown,523,,19.0,504.0,2.764592194158109,447.0,2.537539631189782
Moxifloxacin,gyrB,gyrB_p.Arg553Gly,3) Uncertain significance,p.R553G,1.0,Unknown,553,,49.0,504.0,14.868886004001764,501.0,-0.1635880232520324
Moxifloxacin,gyrB,gyrB_p.Arg553Trp,3) Uncertain significance,p.R553W,0.0,Unknown,553,,49.0,504.0,14.868886004001764,501.0,-0.1635880232520324
Moxifloxacin,gyrB,gyrB_p.Arg575His,3) Uncertain significance,p.R575H,0.0333333333333333,Unknown,575,,71.0,504.0,29.300085324107844,461.0,-0.0091963518921664
Moxifloxacin,gyrB,gyrB_p.Arg587Gly,3) Uncertain significance,p.R587G,0.0,Unknown,587,,83.0,504.0,24.635132839097903,461.0,-0.3926039192018292
Moxifloxacin,gyrB,gyrB_p.Arg634Leu,3) Uncertain significance,p.R634L,0.0,Unknown,634,,130.0,504.0,17.55528923145385,461.0,-0.4745878066272552
Moxifloxacin,gyrB,gyrB_p.Arg665Cys,3) Uncertain significance,p.R665C,0.0,Unknown,665,,161.0,504.0,28.2735043813108,499.0,-1.034812871651068
Moxifloxacin,gyrB,gyrB_p.Asn207Asp,3) Uncertain significance,p.N207D,0.0,Unknown,207,,240.0,447.0,41.308125024019205,499.0,-0.8517529567349363
Moxifloxacin,gyrB,gyrB_p.Asn499Asp,2) Assoc w R - Interim,p.N499D,0.7058823529411765,Resistant,499,,2.0,501.0,3.1845184879350357,501.0,6.464480045844024
Moxifloxacin,gyrB,gyrB_p.Asn499Ile,3) Uncertain significance,p.N499I,0.3333333333333333,Unknown,499,,2.0,501.0,3.1845184879350357,501.0,6.464480045844024
Moxifloxacin,gyrB,gyrB_p.Asn499Lys,3) Uncertain significance,p.N499K,0.7142857142857143,Unknown,499,,2.0,501.0,3.1845184879350357,501.0,6.464480045844024
Moxifloxacin,gyrB,gyrB_p.Asn499Ser,3) Uncertain significance,p.N499S,0.6363636363636364,Unknown,499,,2.0,501.0,3.1845184879350357,501.0,6.464480045844024
Moxifloxacin,gyrB,gyrB_p.Asn499Thr,2) Assoc w R - Interim,p.N499T,0.6052631578947368,Resistant,499,,2.0,501.0,3.1845184879350357,501.0,6.464480045844024
Moxifloxacin,gyrB,gyrB_p.Asn558Asp,3) Uncertain significance,p.N558D,0.0,Unknown,558,,54.0,504.0,17.757035028404943,447.0,-0.5107744190709107
Moxifloxacin,gyrB,gyrB_p.Asn666Ser,3) Uncertain significance,p.N666S,0.0,Unknown,666,,162.0,504.0,27.262049189303436,461.0,-0.6777537844262569
Moxifloxacin,gyrB,gyrB_p.Asn66His,3) Uncertain significance,p.N66H,0.0,Unknown,66,,381.0,447.0,44.07339244941324,499.0,-1.093125261195883
Moxifloxacin,gyrB,gyrB_p.Asn66Ser,3) Uncertain significance,p.N66S,0.0,Unknown,66,,381.0,447.0,44.07339244941324,499.0,-1.093125261195883
Moxifloxacin,gyrB,gyrB_p.Asp110Gly,3) Uncertain significance,p.D110G,0.0,Unknown,110,,337.0,447.0,,,
Moxifloxacin,gyrB,gyrB_p.Asp112His,3) Uncertain significance,p.D112H,0.0,Unknown,112,,335.0,447.0,,,
Moxifloxacin,gyrB,gyrB_p.Asp176Glu,3) Uncertain significance,p.D176E,0.0,Unknown,176,,271.0,447.0,38.541940713980615,461.0,-0.5237752370282921
Moxifloxacin,gyrB,gyrB_p.Asp216Gly,3) Uncertain significance,p.D216G,0.0,Unknown,216,,231.0,447.0,37.38794416653583,461.0,-0.5456881660699374
Moxifloxacin,gyrB,gyrB_p.Asp220Glu,3) Uncertain significance,p.D220E,0.0,Unknown,220,,227.0,447.0,32.95561727535991,499.0,-0.7944434542372629
Moxifloxacin,gyrB,gyrB_p.Asp225Glu,3) Uncertain significance,p.D225E,0.0,Unknown,225,,222.0,447.0,31.851754755429102,499.0,-0.3463540549430025
Moxifloxacin,gyrB,gyrB_p.Asp225Gly,3) Uncertain significance,p.D225G,0.0,Unknown,225,,222.0,447.0,31.851754755429102,499.0,-0.3463540549430025
Moxifloxacin,gyrB,gyrB_p.Asp259Glu,3) Uncertain significance,p.D259E,0.0,Unknown,259,,188.0,447.0,32.497151582869556,499.0,-1.0339897485606386
Moxifloxacin,gyrB,gyrB_p.Asp334Gly,3) Uncertain significance,p.D334G,0.5,Unknown,334,,113.0,447.0,,,
Moxifloxacin,gyrB,gyrB_p.Asp340Gly,3) Uncertain significance,p.D340G,0.0,Unknown,340,,107.0,447.0,,,
Moxifloxacin,gyrB,gyrB_p.Asp342Glu,3) Uncertain significance,p.D342E,0.0,Unknown,342,,105.0,447.0,,,
Moxifloxacin,gyrB,gyrB_p.Asp402Glu,3) Uncertain significance,p.D402E,0.0,Unknown,402,,45.0,447.0,31.781292406068065,499.0,-0.204989900279714
Moxifloxacin,gyrB,gyrB_p.Asp434Glu,3) Uncertain significance,p.D434E,0.0,Unknown,434,,13.0,447.0,13.691945844181538,504.0,1.2317064349582183
Moxifloxacin,gyrB,gyrB_p.Asp434Gly,3) Uncertain significance,p.D434G,0.0,Unknown,434,,13.0,447.0,13.691945844181538,504.0,1.2317064349582183
Moxifloxacin,gyrB,gyrB_p.Asp434His,3) Uncertain significance,p.D434H,0.0,Unknown,434,,13.0,447.0,13.691945844181538,504.0,1.2317064349582183
Moxifloxacin,gyrB,gyrB_p.Asp461Ala,3) Uncertain significance,p.D461A,0.6666666666666666,Unknown,461,,14.0,447.0,9.53171621482721,501.0,0.6941310412323306
Moxifloxacin,gyrB,gyrB_p.Asp461Asn,2) Assoc w R - Interim,p.D461N,0.3333333333333333,Resistant,461,,14.0,447.0,9.53171621482721,501.0,0.6941310412323306
Moxifloxacin,gyrB,gyrB_p.Asp461His,2) Assoc w R - Interim,p.D461H,0.4285714285714285,Resistant,461,,14.0,447.0,9.53171621482721,501.0,0.6941310412323306
Moxifloxacin,gyrB,gyrB_p.Asp461Val,3) Uncertain significance,p.D461V,0.3333333333333333,Unknown,461,,14.0,447.0,9.53171621482721,501.0,0.6941310412323306
Moxifloxacin,gyrB,gyrB_p.Asp472Asn,3) Uncertain significance,p.D472N,1.0,Unknown,472,,11.0,461.0,7.820026470543437,447.0,1.111547029932187
Moxifloxacin,gyrB,gyrB_p.Asp494Ala,3) Uncertain significance,p.D494A,0.0,Unknown,494,,5.0,499.0,5.625771413770739,499.0,1.6701260545206416
Moxifloxacin,gyrB,gyrB_p.Asp518Gly,3) Uncertain significance,p.D518G,0.0,Unknown,518,,14.0,504.0,13.5091344282304,504.0,0.2479637955075325
Moxifloxacin,gyrB,gyrB_p.Asp588Asn,3) Uncertain significance,p.D588N,0.0,Unknown,588,,84.0,504.0,28.243420490443444,461.0,-0.2526908018572071
Moxifloxacin,gyrB,gyrB_p.Asp617Tyr,3) Uncertain significance,p.D617Y,0.4,Unknown,617,,113.0,504.0,12.018937640240937,461.0,0.5468770675509816
Moxifloxacin,gyrB,gyrB_p.Asp627Ala,3) Uncertain significance,p.D627A,0.0,Unknown,627,,123.0,504.0,15.144463905995492,447.0,0.313891991458494
Moxifloxacin,gyrB,gyrB_p.Asp640Ala,3) Uncertain significance,p.D640A,0.0,Unknown,640,,136.0,504.0,24.33290136831197,501.0,-1.049555583240511
Moxifloxacin,gyrB,gyrB_p.Asp640Asn,3) Uncertain significance,p.D640N,0.0,Unknown,640,,136.0,504.0,24.33290136831197,501.0,-1.049555583240511
Moxifloxacin,gyrB,gyrB_p.Asp645Ala,3) Uncertain significance,p.D645A,1.0,Unknown,645,,141.0,504.0,20.41134365983777,499.0,0.5770237498060025
Moxifloxacin,gyrB,gyrB_p.Asp645Glu,3) Uncertain significance,p.D645E,1.0,Unknown,645,,141.0,504.0,20.41134365983777,499.0,0.5770237498060025
Moxifloxacin,gyrB,gyrB_p.Asp657Gly,3) Uncertain significance,p.D657G,0.0,Unknown,657,,153.0,504.0,24.236042044855434,499.0,-0.596216189262021
Moxifloxacin,gyrB,gyrB_p.Asp97Glu,3) Uncertain significance,p.D97E,0.0,Unknown,97,,350.0,447.0,49.56086821273412,447.0,-1.4194959162980645
Moxifloxacin,gyrB,gyrB_p.Cys388Gly,3) Uncertain significance,p.C388G,0.0,Unknown,388,,59.0,447.0,35.48879823268181,499.0,-1.1619353014642393
Moxifloxacin,gyrB,gyrB_p.Gln476Glu,3) Uncertain significance,p.Q476E,0.0,Unknown,476,,15.0,461.0,6.417650426752755,447.0,1.193629129164512
Moxifloxacin,gyrB,gyrB_p.Gln4Arg,3) Uncertain significance,p.Q4R,0.0,Unknown,4,,443.0,447.0,,,
Moxifloxacin,gyrB,gyrB_p.Gln503Arg,3) Uncertain significance,p.Q503R,1.0,Unknown,503,,1.0,504.0,1.351009252373946,504.0,8.505467405958079
Moxifloxacin,gyrB,gyrB_p.Gln538Arg,3) Uncertain significance,p.Q538R,0.0,Unknown,538,,34.0,504.0,12.28761189165737,461.0,-0.0667378186270704
Moxifloxacin,gyrB,gyrB_p.Gln565His,3) Uncertain significance,p.Q565H,0.0,Unknown,565,,61.0,504.0,16.763334542983948,461.0,-0.4686931576130896
Moxifloxacin,gyrB,gyrB_p.Gln9His,3) Uncertain significance,p.Q9H,0.0,Unknown,9,,438.0,447.0,,,
Moxifloxacin,gyrB,gyrB_p.Glu151Asp,3) Uncertain significance,p.E151D,0.0,Unknown,151,,296.0,447.0,49.74224838102918,447.0,-1.3253646305704525
Moxifloxacin,gyrB,gyrB_p.Glu181Gly,3) Uncertain significance,p.E181G,0.0,Unknown,181,,266.0,447.0,28.683900728457406,461.0,-0.7519567825747938
Moxifloxacin,gyrB,gyrB_p.Glu21Asp,3) Uncertain significance,p.E21D,0.0,Unknown,21,,426.0,447.0,,,
Moxifloxacin,gyrB,gyrB_p.Glu21Gln,3) Uncertain significance,p.E21Q,0.0,Unknown,21,,426.0,447.0,,,
Moxifloxacin,gyrB,gyrB_p.Glu21Lys,3) Uncertain significance,p.E21K,0.0,Unknown,21,,426.0,447.0,,,
Moxifloxacin,gyrB,gyrB_p.Glu299Gln,3) Uncertain significance,p.E299Q,0.0,Unknown,299,,148.0,447.0,18.532198412492793,499.0,-0.3961883984441002
Moxifloxacin,gyrB,gyrB_p.Glu364Asp,3) Uncertain significance,p.E364D,1.0,Unknown,364,,83.0,447.0,40.81386284095149,447.0,-1.0735960724915188
Moxifloxacin,gyrB,gyrB_p.Glu379Gly,3) Uncertain significance,p.E379G,0.0,Unknown,379,,68.0,447.0,40.265328708455876,504.0,-1.0984392278266912
Moxifloxacin,gyrB,gyrB_p.Glu397Asp,3) Uncertain significance,p.E397D,0.5,Unknown,397,,50.0,447.0,39.4751716399055,499.0,-0.537164541660506
Moxifloxacin,gyrB,gyrB_p.Glu425Ala,3) Uncertain significance,p.E425A,0.0,Unknown,425,,22.0,447.0,16.739775207570744,504.0,0.4961539635875319
Moxifloxacin,gyrB,gyrB_p.Glu489Gln,3) Uncertain significance,p.E489Q,0.0,Unknown,489,,10.0,499.0,11.024490645830298,499.0,0.1931464563866237
Moxifloxacin,gyrB,gyrB_p.Glu501Ala,3) Uncertain significance,p.E501A,1.0,Unknown,501,,2.0,499.0,3.1845184879350357,499.0,7.205375234445438
Moxifloxacin,gyrB,gyrB_p.Glu501Asp,1) Assoc w R,p.E501D,0.8591549295774648,Resistant,501,,2.0,499.0,3.1845184879350357,499.0,7.205375234445438
Moxifloxacin,gyrB,gyrB_p.Glu501Gly,3) Uncertain significance,p.E501G,0.5,Unknown,501,,2.0,499.0,3.1845184879350357,499.0,7.205375234445438
Moxifloxacin,gyrB,gyrB_p.Glu501Val,2) Assoc w R - Interim,p.E501V,0.0,Resistant,501,,2.0,499.0,3.1845184879350357,499.0,7.205375234445438
Moxifloxacin,gyrB,gyrB_p.Glu586Lys,3) Uncertain significance,p.E586K,0.0,Unknown,586,,82.0,504.0,24.57967310604435,461.0,-0.4761091244774867
Moxifloxacin,gyrB,gyrB_p.Glu604Gly,3) Uncertain significance,p.E604G,1.0,Unknown,604,,100.0,504.0,24.283430832565656,461.0,-0.1334087917799217
Moxifloxacin,gyrB,gyrB_p.Glu604Lys,3) Uncertain significance,p.E604K,0.0,Unknown,604,,100.0,504.0,24.283430832565656,461.0,-0.1334087917799217
Moxifloxacin,gyrB,gyrB_p.Glu604Val,3) Uncertain significance,p.E604V,0.0,Unknown,604,,100.0,504.0,24.283430832565656,461.0,-0.1334087917799217
Moxifloxacin,gyrB,gyrB_p.Glu623Asp,3) Uncertain significance,p.E623D,0.0,Unknown,623,,119.0,504.0,18.235339974894917,461.0,0.0879518231782423
Moxifloxacin,gyrB,gyrB_p.Glu654Ala,3) Uncertain significance,p.E654A,0.0,Unknown,654,,150.0,504.0,15.81200335188429,499.0,-0.1163057787830588
Moxifloxacin,gyrB,gyrB_p.Glu76Asp,3) Uncertain significance,p.E76D,0.0,Unknown,76,,371.0,447.0,44.092346331307844,499.0,-1.0736481910519369
Moxifloxacin,gyrB,gyrB_p.Gly282Asp,3) Uncertain significance,p.G282D,0.0,Unknown,282,,165.0,447.0,46.55738341015311,499.0,-1.0749010801761905
Moxifloxacin,gyrB,gyrB_p.Gly38Ser,3) Uncertain significance,p.G38S,0.0,Unknown,38,,409.0,447.0,30.32162563254151,461.0,-0.9586718290979084
Moxifloxacin,gyrB,gyrB_p.Gly436Arg,3) Uncertain significance,p.G436R,0.0,Unknown,436,,11.0,447.0,10.493458390826154,504.0,1.5046449746119763
Moxifloxacin,gyrB,gyrB_p.Gly470Cys,3) Uncertain significance,p.G470C,0.0,Unknown,470,,9.0,461.0,14.048165147093034,461.0,0.5630963949704599
Moxifloxacin,gyrB,gyrB_p.Gly470Ser,3) Uncertain significance,p.G470S,1.0,Unknown,470,,9.0,461.0,14.048165147093034,461.0,0.5630963949704599
Moxifloxacin,gyrB,gyrB_p.Gly512Arg,3) Uncertain significance,p.G512R,0.6470588235294118,Unknown,512,,8.0,504.0,9.637964152247093,504.0,0.7141281755833271
Moxifloxacin,gyrB,gyrB_p.Gly520Ala,3) Uncertain significance,p.G520A,0.1666666666666666,Unknown,520,,16.0,504.0,13.729691802804597,447.0,0.6739748764379294
Moxifloxacin,gyrB,gyrB_p.Gly520Val,3) Uncertain significance,p.G520V,1.0,Unknown,520,,16.0,504.0,13.729691802804597,447.0,0.6739748764379294
Moxifloxacin,gyrB,gyrB_p.Gly589Val,3) Uncertain significance,p.G589V,0.0,Unknown,589,,85.0,504.0,30.39415833675938,461.0,-0.315036231090454
Moxifloxacin,gyrB,gyrB_p.Gly594Arg,3) Uncertain significance,p.G594R,0.0,Unknown,594,,90.0,504.0,32.44569248760149,461.0,-0.0275423920895765
Moxifloxacin,gyrB,gyrB_p.Gly598Glu,3) Uncertain significance,p.G598E,0.0,Unknown,598,,94.0,504.0,35.62179097125806,461.0,0.119795602017316
Moxifloxacin,gyrB,gyrB_p.Gly606Ser,3) Uncertain significance,p.G606S,0.0,Unknown,606,,102.0,504.0,23.082097759952436,461.0,-0.3683966441082312
Moxifloxacin,gyrB,gyrB_p.His272Pro,3) Uncertain significance,p.H272P,0.0,Unknown,272,,175.0,447.0,29.979525346476034,499.0,-0.3884668134603843
Moxifloxacin,gyrB,gyrB_p.His302Arg,3) Uncertain significance,p.H302R,0.4444444444444444,Unknown,302,,145.0,447.0,23.5185704497531,499.0,-0.7205210681411571
Moxifloxacin,gyrB,gyrB_p.His311Arg,3) Uncertain significance,p.H311R,0.0,Unknown,311,,136.0,447.0,24.22373301124333,501.0,-0.7739340269089827
Moxifloxacin,gyrB,gyrB_p.His311Tyr,3) Uncertain significance,p.H311Y,0.0,Unknown,311,,136.0,447.0,24.22373301124333,501.0,-0.7739340269089827
Moxifloxacin,gyrB,gyrB_p.His560Arg,3) Uncertain significance,p.H560R,0.0,Unknown,560,,56.0,504.0,13.995893612056348,447.0,-0.1955155365271837
Moxifloxacin,gyrB,gyrB_p.Ile116Met,3) Uncertain significance,p.I116M,0.0,Unknown,116,,331.0,447.0,,,
Moxifloxacin,gyrB,gyrB_p.Ile19Leu,3) Uncertain significance,p.I19L,0.0,Unknown,19,,428.0,447.0,,,
Moxifloxacin,gyrB,gyrB_p.Ile206Ser,3) Uncertain significance,p.I206S,0.0,Unknown,206,,241.0,447.0,39.372541739135904,499.0,-1.158406413365054
Moxifloxacin,gyrB,gyrB_p.Ile271Met,3) Uncertain significance,p.I271M,0.0689655172413793,Unknown,271,,176.0,447.0,25.73246171667219,499.0,-0.3188317738400194
Moxifloxacin,gyrB,gyrB_p.Ile271Val,3) Uncertain significance,p.I271V,0.0,Unknown,271,,176.0,447.0,25.73246171667219,499.0,-0.3188317738400194
Moxifloxacin,gyrB,gyrB_p.Ile34Val,3) Uncertain significance,p.I34V,0.1,Unknown,34,,413.0,447.0,31.618641890505046,447.0,-1.5457127501583126
Moxifloxacin,gyrB,gyrB_p.Ile435Val,3) Uncertain significance,p.I435V,0.0,Unknown,435,,12.0,447.0,12.725508634235409,504.0,1.6754709380009178
Moxifloxacin,gyrB,gyrB_p.Ile46Ser,3) Uncertain significance,p.I46S,0.0,Unknown,46,,401.0,447.0,37.07900140241103,501.0,-1.4971465151202965
Moxifloxacin,gyrB,gyrB_p.Ile486Leu,3) Uncertain significance,p.I486L,0.75,Unknown,486,,13.0,499.0,3.4911130030407462,499.0,2.9455032195277733
Moxifloxacin,gyrB,gyrB_p.Ile486Val,3) Uncertain significance,p.I486V,0.0,Unknown,486,,13.0,499.0,3.4911130030407462,499.0,2.9455032195277733
Moxifloxacin,gyrB,gyrB_p.Ile493Thr,3) Uncertain significance,p.I493T,0.0,Unknown,493,,6.0,499.0,7.313527534644258,499.0,1.040525051355531
Moxifloxacin,gyrB,gyrB_p.Ile505Val,3) Uncertain significance,p.I505V,0.0,Unknown,505,,1.0,504.0,1.3521767635927158,504.0,6.416743183944823
Moxifloxacin,gyrB,gyrB_p.Ile527Val,3) Uncertain significance,p.I527V,0.0,Unknown,527,,23.0,504.0,9.930735118811722,504.0,0.6415367024547889
Moxifloxacin,gyrB,gyrB_p.Ile556Val,3) Uncertain significance,p.I556V,0.0,Unknown,556,,52.0,504.0,15.316677577072632,501.0,-0.2786056472145185
Moxifloxacin,gyrB,gyrB_p.Ile601Thr,3) Uncertain significance,p.I601T,0.0,Unknown,601,,97.0,504.0,26.3049551985933,461.0,-0.3043393504761408
Moxifloxacin,gyrB,gyrB_p.Ile607Val,3) Uncertain significance,p.I607V,0.0,Unknown,607,,103.0,504.0,21.068206710586445,461.0,-0.134747428051894
Moxifloxacin,gyrB,gyrB_p.Ile84Val,3) Uncertain significance,p.I84V,0.0,Unknown,84,,363.0,447.0,50.965415381413294,501.0,-1.7842941724519874
Moxifloxacin,gyrB,gyrB_p.Ile93Val,3) Uncertain significance,p.I93V,0.0,Unknown,93,,354.0,447.0,52.39286274866072,447.0,-1.1833818971225156
Moxifloxacin,gyrB,gyrB_p.Leu156Met,3) Uncertain significance,p.L156M,0.0,Unknown,156,,291.0,447.0,54.85968921712918,447.0,-1.0538776618481578
Moxifloxacin,gyrB,gyrB_p.Leu257Pro,3) Uncertain significance,p.L257P,1.0,Unknown,257,,190.0,447.0,33.23197342921423,499.0,-1.1881499745735904
Moxifloxacin,gyrB,gyrB_p.Leu354Val,3) Uncertain significance,p.L354V,0.0,Unknown,354,,93.0,447.0,22.82378060269595,499.0,-0.3909667923206966
Moxifloxacin,gyrB,gyrB_p.Leu375Val,3) Uncertain significance,p.L375V,1.0,Unknown,375,,72.0,447.0,31.511195819898667,504.0,-1.4750133401691354
Moxifloxacin,gyrB,gyrB_p.Leu42Ile,3) Uncertain significance,p.L42I,1.0,Unknown,42,,405.0,447.0,33.44278662133286,501.0,-1.1741930758403651
Moxifloxacin,gyrB,gyrB_p.Leu455Val,3) Uncertain significance,p.L455V,0.0,Unknown,455,,6.0,461.0,6.60708687698295,504.0,1.4963978618047862
Moxifloxacin,gyrB,gyrB_p.Leu509Pro,3) Uncertain significance,p.L509P,1.0,Unknown,509,,5.0,504.0,4.999775394955279,504.0,1.6384301399078705
Moxifloxacin,gyrB,gyrB_p.Leu522Val,3) Uncertain significance,p.L522V,1.0,Unknown,522,,18.0,504.0,10.078546174920254,447.0,1.0150576611145703
Moxifloxacin,gyrB,gyrB_p.Leu555Val,3) Uncertain significance,p.L555V,0.0,Unknown,555,,51.0,504.0,10.861669899237432,504.0,0.206009441526148
Moxifloxacin,gyrB,gyrB_p.Leu563Phe,3) Uncertain significance,p.L563F,0.0,Unknown,563,,59.0,504.0,15.64823098628081,501.0,-0.2866991631589111
Moxifloxacin,gyrB,gyrB_p.Leu638Val,3) Uncertain significance,p.L638V,0.0,Unknown,638,,134.0,504.0,20.90020693677455,501.0,0.2454883635601628
Moxifloxacin,gyrB,gyrB_p.Leu673Pro,3) Uncertain significance,p.L673P,0.0,Unknown,673,,169.0,504.0,36.091271423988395,461.0,-0.4686187323281904
Moxifloxacin,gyrB,gyrB_p.Leu69Val,3) Uncertain significance,p.L69V,0.0,Unknown,69,,378.0,447.0,37.28730810879218,499.0,-1.0684272041909533
Moxifloxacin,gyrB,gyrB_p.Lys159Met,3) Uncertain significance,p.K159M,0.0,Unknown,159,,288.0,447.0,61.0116785296061,447.0,-1.212100814282266
Moxifloxacin,gyrB,gyrB_p.Lys333Arg,3) Uncertain significance,p.K333R,0.0,Unknown,333,,114.0,447.0,36.56725313719914,499.0,-0.1489394717668633
Moxifloxacin,gyrB,gyrB_p.Lys339Arg,3) Uncertain significance,p.K339R,0.0,Unknown,339,,108.0,447.0,,,
Moxifloxacin,gyrB,gyrB_p.Lys404Arg,3) Uncertain significance,p.K404R,0.5,Unknown,404,,43.0,447.0,30.097462035859426,499.0,-0.0975155192309018
Moxifloxacin,gyrB,gyrB_p.Lys430Asn,3) Uncertain significance,p.K430N,1.0,Unknown,430,,17.0,447.0,16.894929712786627,504.0,0.961073858989413
Moxifloxacin,gyrB,gyrB_p.Lys452Asn,3) Uncertain significance,p.K452N,0.0,Unknown,452,,5.0,447.0,3.8532361723621116,447.0,1.5925370901410711
Moxifloxacin,gyrB,gyrB_p.Lys498Asn,3) Uncertain significance,p.K498N,0.0,Unknown,498,,1.0,499.0,1.3555257282693225,499.0,8.242659326308301
Moxifloxacin,gyrB,gyrB_p.Lys521Asn,3) Uncertain significance,p.K521N,0.0,Unknown,521,,17.0,504.0,11.66423100765756,504.0,0.5184582094668413
Moxifloxacin,gyrB,gyrB_p.Lys526Asn,3) Uncertain significance,p.K526N,0.0,Unknown,526,,22.0,504.0,10.840079381628168,447.0,0.5107173647066421
Moxifloxacin,gyrB,gyrB_p.Lys526Gln,3) Uncertain significance,p.K526Q,0.1739130434782608,Unknown,526,,22.0,504.0,10.840079381628168,447.0,0.5107173647066421
Moxifloxacin,gyrB,gyrB_p.Lys596Asn,3) Uncertain significance,p.K596N,0.0,Unknown,596,,92.0,504.0,36.36990247443622,461.0,0.0321825052777703
Moxifloxacin,gyrB,gyrB_p.Lys599Arg,3) Uncertain significance,p.K599R,1.0,Unknown,599,,95.0,504.0,30.178680786276924,461.0,-0.2111121866920991
Moxifloxacin,gyrB,gyrB_p.Lys603Arg,3) Uncertain significance,p.K603R,0.0,Unknown,603,,99.0,504.0,28.2397725380358,461.0,-0.2334750217700615
Moxifloxacin,gyrB,gyrB_p.Lys603Asn,3) Uncertain significance,p.K603N,0.0,Unknown,603,,99.0,504.0,28.2397725380358,461.0,-0.2334750217700615
Moxifloxacin,gyrB,gyrB_p.Lys668Arg,3) Uncertain significance,p.K668R,0.0,Unknown,668,,164.0,504.0,29.031828275187905,461.0,-0.6173615250458476
Moxifloxacin,gyrB,gyrB_p.Lys668Glu,3) Uncertain significance,p.K668E,0.0,Unknown,668,,164.0,504.0,29.031828275187905,461.0,-0.6173615250458476
Moxifloxacin,gyrB,gyrB_p.Lys7Gln,3) Uncertain significance,p.K7Q,0.0,Unknown,7,,440.0,447.0,,,
Moxifloxacin,gyrB,gyrB_p.Met100Val,3) Uncertain significance,p.M100V,1.0,Unknown,100,,347.0,447.0,45.987404895253654,447.0,-1.6345483323084968
Moxifloxacin,gyrB,gyrB_p.Met197Ile,3) Uncertain significance,p.M197I,0.0,Unknown,197,,250.0,447.0,34.87899519768309,499.0,-1.323004888686218
Moxifloxacin,gyrB,gyrB_p.Met291Ile,5) Not assoc w R,p.M291I,0.0452517527087316,Susceptible,291,,156.0,447.0,30.436736766611514,499.0,-1.1387080005496386
Moxifloxacin,gyrB,gyrB_p.Met530Thr,3) Uncertain significance,p.M530T,0.0,Unknown,530,,26.0,504.0,8.97663572837838,461.0,0.6426635154932784
Moxifloxacin,gyrB,gyrB_p.Met58Ile,3) Uncertain significance,p.M58I,0.0,Unknown,58,,389.0,447.0,41.57747307136398,501.0,-1.4754831027857842
Moxifloxacin,gyrB,gyrB_p.Met616Val,3) Uncertain significance,p.M616V,0.0,Unknown,616,,112.0,504.0,9.894256616845984,461.0,0.3630602151329256
Moxifloxacin,gyrB,gyrB_p.Phe187Leu,3) Uncertain significance,p.F187L,0.0,Unknown,187,,260.0,447.0,31.9804950243113,499.0,-1.0112377439540516
Moxifloxacin,gyrB,gyrB_p.Phe475Val,3) Uncertain significance,p.F475V,0.0,Unknown,475,,14.0,461.0,4.309793150488779,447.0,1.9753974437505477
Moxifloxacin,gyrB,gyrB_p.Phe549Leu,3) Uncertain significance,p.F549L,0.0,Unknown,549,,45.0,504.0,13.476249849271866,501.0,0.2021804938128787
Moxifloxacin,gyrB,gyrB_p.Phe672Val,3) Uncertain significance,p.F672V,0.0,Unknown,672,,168.0,504.0,34.4514471249032,461.0,-0.8055894031778966
Moxifloxacin,gyrB,gyrB_p.Pro163Leu,3) Uncertain significance,p.P163L,0.0,Unknown,163,,284.0,447.0,65.81612250809064,499.0,-0.5641830249478601
Moxifloxacin,gyrB,gyrB_p.Pro163Ser,3) Uncertain significance,p.P163S,0.0,Unknown,163,,284.0,447.0,65.81612250809064,499.0,-0.5641830249478601
Moxifloxacin,gyrB,gyrB_p.Pro177Arg,3) Uncertain significance,p.P177R,0.0,Unknown,177,,270.0,447.0,36.85507300223404,461.0,-0.8037439889719952
Moxifloxacin,gyrB,gyrB_p.Pro177His,3) Uncertain significance,p.P177H,0.0,Unknown,177,,270.0,447.0,36.85507300223404,461.0,-0.8037439889719952
Moxifloxacin,gyrB,gyrB_p.Pro177Leu,3) Uncertain significance,p.P177L,0.0,Unknown,177,,270.0,447.0,36.85507300223404,461.0,-0.8037439889719952
Moxifloxacin,gyrB,gyrB_p.Pro243Ser,3) Uncertain significance,p.P243S,1.0,Unknown,243,,204.0,447.0,48.989561428941144,461.0,-0.3773317314166806
Moxifloxacin,gyrB,gyrB_p.Pro254Leu,3) Uncertain significance,p.P254L,0.1428571428571428,Unknown,254,,193.0,447.0,40.95729754268463,499.0,-0.8873892374500402
Moxifloxacin,gyrB,gyrB_p.Pro343Ala,3) Uncertain significance,p.P343A,0.0,Unknown,343,,104.0,447.0,27.872857227058724,499.0,-0.270926986860056
Moxifloxacin,gyrB,gyrB_p.Pro343Leu,3) Uncertain significance,p.P343L,0.0,Unknown,343,,104.0,447.0,27.872857227058724,499.0,-0.270926986860056
Moxifloxacin,gyrB,gyrB_p.Pro343Ser,3) Uncertain significance,p.P343S,0.0,Unknown,343,,104.0,447.0,27.872857227058724,499.0,-0.270926986860056
Moxifloxacin,gyrB,gyrB_p.Pro400Arg,3) Uncertain significance,p.P400R,0.0,Unknown,400,,47.0,447.0,36.000994444598334,499.0,-0.5652218090085546
Moxifloxacin,gyrB,gyrB_p.Pro439Ala,3) Uncertain significance,p.P439A,0.0,Unknown,439,,8.0,447.0,9.383835250045687,504.0,1.6154348758195638
Moxifloxacin,gyrB,gyrB_p.Pro439Arg,3) Uncertain significance,p.P439R,0.0,Unknown,439,,8.0,447.0,9.383835250045687,504.0,1.6154348758195638
Moxifloxacin,gyrB,gyrB_p.Pro450Arg,3) Uncertain significance,p.P450R,0.3333333333333333,Unknown,450,,3.0,447.0,5.611710969036101,447.0,1.0404835578695424
Moxifloxacin,gyrB,gyrB_p.Pro480Ser,3) Uncertain significance,p.P480S,0.0,Unknown,480,,19.0,461.0,4.238526276903326,501.0,3.3649780883243485
Moxifloxacin,gyrB,gyrB_p.Pro578Ala,3) Uncertain significance,p.P578A,0.0,Unknown,578,,74.0,504.0,21.33609966699632,461.0,-0.2849693290718159
Moxifloxacin,gyrB,gyrB_p.Pro578Arg,3) Uncertain significance,p.P578R,0.0,Unknown,578,,74.0,504.0,21.33609966699632,461.0,-0.2849693290718159
Moxifloxacin,gyrB,gyrB_p.Pro578Ser,3) Uncertain significance,p.P578S,1.0,Unknown,578,,74.0,504.0,21.33609966699632,461.0,-0.2849693290718159
Moxifloxacin,gyrB,gyrB_p.Pro628Ala,3) Uncertain significance,p.P628A,0.1666666666666666,Unknown,628,,124.0,504.0,11.84694108198401,447.0,0.2409984744985346
Moxifloxacin,gyrB,gyrB_p.Pro94Leu,5) Not assoc w R,p.P94L,0.0184331797235023,Susceptible,94,,353.0,447.0,54.03529188410107,447.0,-1.4235626907720589
Moxifloxacin,gyrB,gyrB_p.Ser16Cys,3) Uncertain significance,p.S16C,0.0,Unknown,16,,431.0,447.0,,,
Moxifloxacin,gyrB,gyrB_p.Ser248Gly,3) Uncertain significance,p.S248G,0.0,Unknown,248,,199.0,447.0,38.24049900302037,499.0,-0.7774577328972994
Moxifloxacin,gyrB,gyrB_p.Ser273Gly,3) Uncertain significance,p.S273G,0.0,Unknown,273,,174.0,447.0,33.618498925442815,499.0,-0.2358704498314175
Moxifloxacin,gyrB,gyrB_p.Ser274Arg,3) Uncertain significance,p.S274R,0.1666666666666666,Unknown,274,,173.0,447.0,34.251525002545506,499.0,-0.6035966336879157
Moxifloxacin,gyrB,gyrB_p.Ser274Gly,3) Uncertain significance,p.S274G,0.0,Unknown,274,,173.0,447.0,34.251525002545506,499.0,-0.6035966336879157
Moxifloxacin,gyrB,gyrB_p.Ser274Thr,3) Uncertain significance,p.S274T,0.0,Unknown,274,,173.0,447.0,34.251525002545506,499.0,-0.6035966336879157
Moxifloxacin,gyrB,gyrB_p.Ser279Phe,3) Uncertain significance,p.S279F,1.0,Unknown,279,,168.0,447.0,41.315208955056754,499.0,-1.0956302667005986
Moxifloxacin,gyrB,gyrB_p.Ser359Thr,3) Uncertain significance,p.S359T,0.0,Unknown,359,,88.0,447.0,34.68361004855175,499.0,-1.4616652941558204
Moxifloxacin,gyrB,gyrB_p.Ser363Arg,3) Uncertain significance,p.S363R,0.0,Unknown,363,,84.0,447.0,44.25677893837281,501.0,-1.2456889026582791
Moxifloxacin,gyrB,gyrB_p.Ser413Ala,3) Uncertain significance,p.S413A,0.0,Unknown,413,,34.0,447.0,18.547299264313377,499.0,0.0026500941049925
Moxifloxacin,gyrB,gyrB_p.Ser447Ala,3) Uncertain significance,p.S447A,1.0,Unknown,447,,14.0,461.0,15.416150589560292,504.0,4.780044214109841
Moxifloxacin,gyrB,gyrB_p.Ser447Phe,2) Assoc w R - Interim,p.S447F,0.2592592592592592,Resistant,447,,14.0,461.0,15.416150589560292,504.0,4.780044214109841
Moxifloxacin,gyrB,gyrB_p.Ser447Tyr,3) Uncertain significance,p.S447Y,0.0,Unknown,447,,14.0,461.0,15.416150589560292,504.0,4.780044214109841
Moxifloxacin,gyrB,gyrB_p.Ser576Gly,3) Uncertain significance,p.S576G,0.0,Unknown,576,,72.0,504.0,26.69769259692681,461.0,-0.1277019191864668
Moxifloxacin,gyrB,gyrB_p.Ser576Ile,3) Uncertain significance,p.S576I,0.0,Unknown,576,,72.0,504.0,26.69769259692681,461.0,-0.1277019191864668
Moxifloxacin,gyrB,gyrB_p.Ser576Thr,3) Uncertain significance,p.S576T,0.0,Unknown,576,,72.0,504.0,26.69769259692681,461.0,-0.1277019191864668
Moxifloxacin,gyrB,gyrB_p.Ser661Thr,3) Uncertain significance,p.S661T,0.0680272108843537,Unknown,661,,157.0,504.0,26.527504311563128,499.0,-0.8818773160172982
Moxifloxacin,gyrB,gyrB_p.Thr167Ala,3) Uncertain significance,p.T167A,0.0,Unknown,167,,280.0,447.0,55.138570402214796,499.0,-1.451286272927986
Moxifloxacin,gyrB,gyrB_p.Thr167Met,3) Uncertain significance,p.T167M,1.0,Unknown,167,,280.0,447.0,55.138570402214796,499.0,-1.451286272927986
Moxifloxacin,gyrB,gyrB_p.Thr170Ala,3) Uncertain significance,p.T170A,0.0,Unknown,170,,277.0,447.0,49.94857015971525,501.0,-1.469544091768982
Moxifloxacin,gyrB,gyrB_p.Thr170Lys,3) Uncertain significance,p.T170K,0.0,Unknown,170,,277.0,447.0,49.94857015971525,501.0,-1.469544091768982
Moxifloxacin,gyrB,gyrB_p.Thr182Ile,3) Uncertain significance,p.T182I,1.0,Unknown,182,,265.0,447.0,29.466097162671513,461.0,-0.4548019743807447
Moxifloxacin,gyrB,gyrB_p.Thr183Met,3) Uncertain significance,p.T183M,0.0,Unknown,183,,264.0,447.0,34.01022341884859,461.0,-1.0534110380791255
Moxifloxacin,gyrB,gyrB_p.Thr189Pro,3) Uncertain significance,p.T189P,0.0,Unknown,189,,258.0,447.0,27.946279197775116,499.0,-0.9931988661559824
Moxifloxacin,gyrB,gyrB_p.Thr209Ala,3) Uncertain significance,p.T209A,0.0,Unknown,209,,238.0,447.0,40.67915951688285,499.0,-0.9200390488694984
Moxifloxacin,gyrB,gyrB_p.Thr214Pro,3) Uncertain significance,p.T214P,0.0,Unknown,214,,233.0,447.0,37.76434246746527,461.0,-0.8713454195161299
Moxifloxacin,gyrB,gyrB_p.Thr250Ser,3) Uncertain significance,p.T250S,0.0,Unknown,250,,197.0,447.0,38.15094810093193,499.0,-0.7932270445137943
Moxifloxacin,gyrB,gyrB_p.Thr267Ser,3) Uncertain significance,p.T267S,0.0,Unknown,267,,180.0,447.0,21.773602848403392,499.0,-0.3794825562370627
Moxifloxacin,gyrB,gyrB_p.Thr373Ala,3) Uncertain significance,p.T373A,0.0,Unknown,373,,74.0,447.0,27.423852774546468,504.0,-1.0806716849712912
Moxifloxacin,gyrB,gyrB_p.Thr378Ser,3) Uncertain significance,p.T378S,0.1666666666666666,Unknown,378,,69.0,447.0,36.691711012161846,447.0,-1.350232239012454
Moxifloxacin,gyrB,gyrB_p.Thr37Ser,3) Uncertain significance,p.T37S,0.0,Unknown,37,,410.0,447.0,30.288936412492262,447.0,-0.9157610479404488
Moxifloxacin,gyrB,gyrB_p.Thr393Ser,3) Uncertain significance,p.T393S,0.0,Unknown,393,,54.0,447.0,38.472632428779804,499.0,-0.8975246354642323
Moxifloxacin,gyrB,gyrB_p.Thr500Ala,3) Uncertain significance,p.T500A,0.6875,Unknown,500,,1.0,499.0,1.331570876821818,501.0,12.302836989124364
Moxifloxacin,gyrB,gyrB_p.Thr500Asn,3) Uncertain significance,p.T500N,0.6666666666666666,Unknown,500,,1.0,499.0,1.331570876821818,501.0,12.302836989124364
Moxifloxacin,gyrB,gyrB_p.Thr500Ile,3) Uncertain significance,p.T500I,0.5,Unknown,500,,1.0,499.0,1.331570876821818,501.0,12.302836989124364
Moxifloxacin,gyrB,gyrB_p.Thr500Pro,3) Uncertain significance,p.T500P,0.6666666666666666,Unknown,500,,1.0,499.0,1.331570876821818,501.0,12.302836989124364
Moxifloxacin,gyrB,gyrB_p.Thr664Ile,3) Uncertain significance,p.T664I,0.0,Unknown,664,,160.0,504.0,27.279860483514224,499.0,-0.5601476680875864
Moxifloxacin,gyrB,gyrB_p.Tyr144Phe,3) Uncertain significance,p.Y144F,1.0,Unknown,144,,303.0,447.0,61.221007538262526,501.0,-1.068225796438638
Moxifloxacin,gyrB,gyrB_p.Tyr144Ser,3) Uncertain significance,p.Y144S,0.0,Unknown,144,,303.0,447.0,61.221007538262526,501.0,-1.068225796438638
Moxifloxacin,gyrB,gyrB_p.Tyr253Ser,3) Uncertain significance,p.Y253S,0.0,Unknown,253,,194.0,447.0,34.56099263620766,499.0,-0.55486998395512
Moxifloxacin,gyrB,gyrB_p.Tyr582His,3) Uncertain significance,p.Y582H,1.0,Unknown,582,,78.0,504.0,19.140559526826806,461.0,-0.4223845215653444
Moxifloxacin,gyrB,gyrB_p.Val127Ala,3) Uncertain significance,p.V127A,0.0,Unknown,127,,320.0,447.0,36.961069708546034,447.0,-1.605635282975512
Moxifloxacin,gyrB,gyrB_p.Val222Met,3) Uncertain significance,p.V222M,0.0,Unknown,222,,225.0,447.0,32.22718535646575,499.0,-0.8073755467792169
Moxifloxacin,gyrB,gyrB_p.Val226Ala,3) Uncertain significance,p.V226A,0.0,Unknown,226,,221.0,447.0,34.96487200033772,499.0,-0.1807456273954748
Moxifloxacin,gyrB,gyrB_p.Val301Leu,5) Not assoc w R,p.V301L,0.0696721311475409,Susceptible,301,,146.0,447.0,23.66307712449928,499.0,-0.6329410606720001
Moxifloxacin,gyrB,gyrB_p.Val327Leu,3) Uncertain significance,p.V327L,0.0,Unknown,327,,120.0,447.0,34.29979021801737,499.0,-0.9376887895764724
Moxifloxacin,gyrB,gyrB_p.Val407Leu,3) Uncertain significance,p.V407L,0.0,Unknown,407,,40.0,447.0,26.80494918853606,499.0,-0.391107233073216
Moxifloxacin,gyrB,gyrB_p.Val427Met,3) Uncertain significance,p.V427M,0.6,Unknown,427,,20.0,447.0,12.286429668540828,504.0,0.8273002888532207
Moxifloxacin,gyrB,gyrB_p.Val457Leu,3) Uncertain significance,p.V457L,0.5217391304347826,Unknown,457,,4.0,461.0,7.243189974037686,501.0,1.7641444250639533
Moxifloxacin,gyrB,gyrB_p.Val535Ile,3) Uncertain significance,p.V535I,0.0,Unknown,535,,31.0,504.0,12.023637220076116,461.0,0.2756936626343954
Moxifloxacin,gyrB,gyrB_p.Val561Gly,3) Uncertain significance,p.V561G,1.0,Unknown,561,,57.0,504.0,13.732423566144462,504.0,0.2079510998453655
Moxifloxacin,gyrB,gyrB_p.Val630Ile,3) Uncertain significance,p.V630I,0.0,Unknown,630,,126.0,504.0,18.393489636281647,447.0,-0.1908296435061127
Moxifloxacin,gyrB,gyrB_p.Val670Ile,3) Uncertain significance,p.V670I,0.0,Unknown,670,,166.0,504.0,31.239420145066706,461.0,-0.6213347855767137
Moxifloxacin,gyrB,gyrB_p.Val670Phe,3) Uncertain significance,p.V670F,0.5384615384615384,Unknown,670,,166.0,504.0,31.239420145066706,461.0,-0.6213347855767137
Moxifloxacin,gyrB,gyrB_p.Val675Ile,3) Uncertain significance,p.V675I,0.0,Unknown,675,,171.0,504.0,35.73628426403622,461.0,-0.6506968515135784
Moxifloxacin,gyrB,gyrB_p.Val68Ala,3) Uncertain significance,p.V68A,0.0,Unknown,68,,379.0,447.0,42.36832788770403,499.0,-0.8217047924088264
Moxifloxacin,gyrB,gyrB_p.Val75Gly,3) Uncertain significance,p.V75G,0.0,Unknown,75,,372.0,447.0,40.49768431651367,501.0,-1.2266350615737145
Clofazimine,fgd1,fgd1_p.Ala10Val,3) Uncertain significance,p.A10V,0.0,Unknown,10,,,,,,
Clofazimine,fgd1,fgd1_p.Ala188Thr,3) Uncertain significance,p.A188T,0.0,Unknown,188,,,,,,
Clofazimine,fgd1,fgd1_p.Ala216Gly,3) Uncertain significance,p.A216G,0.0,Unknown,216,,,,,,
Clofazimine,fgd1,fgd1_p.Ala293Val,3) Uncertain significance,p.A293V,0.0,Unknown,293,,,,,,
Clofazimine,fgd1,fgd1_p.Ala2Val,3) Uncertain significance,p.A2V,0.0,Unknown,2,,,,,,
Clofazimine,fgd1,fgd1_p.Ala35Val,3) Uncertain significance,p.A35V,0.0,Unknown,35,,,,,,
Clofazimine,fgd1,fgd1_p.Arg187His,3) Uncertain significance,p.R187H,0.0,Unknown,187,,,,,,
Clofazimine,fgd1,fgd1_p.Arg18Cys,3) Uncertain significance,p.R18C,1.0,Unknown,18,,,,,,
Clofazimine,fgd1,fgd1_p.Arg212Leu,3) Uncertain significance,p.R212L,0.0,Unknown,212,,,,,,
Clofazimine,fgd1,fgd1_p.Arg45Cys,3) Uncertain significance,p.R45C,0.0,Unknown,45,,,,,,
Clofazimine,fgd1,fgd1_p.Arg64Ser,3) Uncertain significance,p.R64S,0.0456852791878172,Unknown,64,,,,,,
Clofazimine,fgd1,fgd1_p.Asn66Ser,3) Uncertain significance,p.N66S,0.0,Unknown,66,,,,,,
Clofazimine,fgd1,fgd1_p.Asp190Glu,3) Uncertain significance,p.D190E,1.0,Unknown,190,,,,,,
Clofazimine,fgd1,fgd1_p.Asp273Gly,3) Uncertain significance,p.D273G,0.0,Unknown,273,,,,,,
Clofazimine,fgd1,fgd1_p.Asp33Gly,3) Uncertain significance,p.D33G,0.0,Unknown,33,,,,,,
Clofazimine,fgd1,fgd1_p.Gln279Pro,3) Uncertain significance,p.Q279P,0.0,Unknown,279,,,,,,
Clofazimine,fgd1,fgd1_p.Gln47Leu,3) Uncertain significance,p.Q47L,0.0,Unknown,47,,,,,,
Clofazimine,fgd1,fgd1_p.Glu119Asp,3) Uncertain significance,p.E119D,0.0,Unknown,119,,,,,,
Clofazimine,fgd1,fgd1_p.Glu119Lys,3) Uncertain significance,p.E119K,0.0,Unknown,119,,,,,,
Clofazimine,fgd1,fgd1_p.Glu127Lys,3) Uncertain significance,p.E127K,0.0,Unknown,127,,,,,,
Clofazimine,fgd1,fgd1_p.Glu19Asp,3) Uncertain significance,p.E19D,1.0,Unknown,19,,,,,,
Clofazimine,fgd1,fgd1_p.Glu240Gly,3) Uncertain significance,p.E240G,0.0,Unknown,240,,,,,,
Clofazimine,fgd1,fgd1_p.Glu269Lys,3) Uncertain significance,p.E269K,0.0,Unknown,269,,,,,,
Clofazimine,fgd1,fgd1_p.Gly137Glu,3) Uncertain significance,p.G137E,0.0,Unknown,137,,,,,,
Clofazimine,fgd1,fgd1_p.Gly168Arg,3) Uncertain significance,p.G168R,0.0,Unknown,168,,,,,,
Clofazimine,fgd1,fgd1_p.Gly169Asp,3) Uncertain significance,p.G169D,0.0,Unknown,169,,,,,,
Clofazimine,fgd1,fgd1_p.Gly199Arg,3) Uncertain significance,p.G199R,0.0,Unknown,199,,,,,,
Clofazimine,fgd1,fgd1_p.Gly224Asp,3) Uncertain significance,p.G224D,1.0,Unknown,224,,,,,,
Clofazimine,fgd1,fgd1_p.Gly7Ser,3) Uncertain significance,p.G7S,0.0,Unknown,7,,,,,,
Clofazimine,fgd1,fgd1_p.His260Pro,3) Uncertain significance,p.H260P,0.0,Unknown,260,,,,,,
Clofazimine,fgd1,fgd1_p.His315Asp,3) Uncertain significance,p.H315D,0.0,Unknown,315,,,,,,
Clofazimine,fgd1,fgd1_p.His315Tyr,3) Uncertain significance,p.H315Y,0.0,Unknown,315,,,,,,
Clofazimine,fgd1,fgd1_p.Ile229Thr,3) Uncertain significance,p.I229T,0.0,Unknown,229,,,,,,
Clofazimine,fgd1,fgd1_p.Ile86Leu,3) Uncertain significance,p.I86L,0.0,Unknown,86,,,,,,
Clofazimine,fgd1,fgd1_p.Leu323Phe,3) Uncertain significance,p.L323F,0.0,Unknown,323,,,,,,
Clofazimine,fgd1,fgd1_p.Lys183Met,3) Uncertain significance,p.K183M,0.1666666666666666,Unknown,183,,,,,,
Clofazimine,fgd1,fgd1_p.Lys183Thr,3) Uncertain significance,p.K183T,0.0,Unknown,183,,,,,,
Clofazimine,fgd1,fgd1_p.Lys270Met,5) Not assoc w R,p.K270M,0.0212177121771217,Susceptible,270,,,,,,
Clofazimine,fgd1,fgd1_p.Lys296Arg,3) Uncertain significance,p.K296R,0.0,Unknown,296,,,,,,
Clofazimine,fgd1,fgd1_p.Lys296Glu,3) Uncertain significance,p.K296E,0.0,Unknown,296,,,,,,
Clofazimine,fgd1,fgd1_p.Met93Thr,3) Uncertain significance,p.M93T,0.1875,Unknown,93,,,,,,
Clofazimine,fgd1,fgd1_p.Phe90Ser,3) Uncertain significance,p.F90S,0.0,Unknown,90,,,,,,
Clofazimine,fgd1,fgd1_p.Pro166Leu,3) Uncertain significance,p.P166L,0.0,Unknown,166,,,,,,
Clofazimine,fgd1,fgd1_p.Pro171Thr,3) Uncertain significance,p.P171T,0.0,Unknown,171,,,,,,
Clofazimine,fgd1,fgd1_p.Pro52Leu,3) Uncertain significance,p.P52L,0.0,Unknown,52,,,,,,
Clofazimine,fgd1,fgd1_p.Ser54Pro,3) Uncertain significance,p.S54P,0.0,Unknown,54,,,,,,
Clofazimine,fgd1,fgd1_p.Thr255Ala,3) Uncertain significance,p.T255A,0.0,Unknown,255,,,,,,
Clofazimine,fgd1,fgd1_p.Thr255Pro,3) Uncertain significance,p.T255P,0.0,Unknown,255,,,,,,
Clofazimine,fgd1,fgd1_p.Tyr118Ser,3) Uncertain significance,p.Y118S,0.0,Unknown,118,,,,,,
Clofazimine,fgd1,fgd1_p.Tyr163Cys,3) Uncertain significance,p.Y163C,0.0,Unknown,163,,,,,,
Clofazimine,fgd1,fgd1_p.Tyr81His,3) Uncertain significance,p.Y81H,0.0,Unknown,81,,,,,,
Clofazimine,fgd1,fgd1_p.Val136Met,3) Uncertain significance,p.V136M,0.0,Unknown,136,,,,,,
Clofazimine,fgd1,fgd1_p.Val170Met,5) Not assoc w R,p.V170M,0.0176991150442477,Susceptible,170,,,,,,
Clofazimine,fgd1,fgd1_p.Val286Ala,3) Uncertain significance,p.V286A,0.0,Unknown,286,,,,,,
Clofazimine,fgd1,fgd1_p.Val294Ala,3) Uncertain significance,p.V294A,0.0,Unknown,294,,,,,,
Clofazimine,fgd1,fgd1_p.Val37Gly,3) Uncertain significance,p.V37G,0.0,Unknown,37,,,,,,
Delamanid,fgd1,fgd1_p.Ala10Val,3) Uncertain significance,p.A10V,0.0,Unknown,10,,,,,,
Delamanid,fgd1,fgd1_p.Ala188Thr,3) Uncertain significance,p.A188T,0.0,Unknown,188,,,,,,
Delamanid,fgd1,fgd1_p.Ala216Gly,3) Uncertain significance,p.A216G,0.0,Unknown,216,,,,,,
Delamanid,fgd1,fgd1_p.Ala2Val,3) Uncertain significance,p.A2V,0.0,Unknown,2,,,,,,
Delamanid,fgd1,fgd1_p.Ala35Val,3) Uncertain significance,p.A35V,0.0,Unknown,35,,,,,,
Delamanid,fgd1,fgd1_p.Arg187His,3) Uncertain significance,p.R187H,0.0,Unknown,187,,,,,,
Delamanid,fgd1,fgd1_p.Arg18Cys,3) Uncertain significance,p.R18C,0.0,Unknown,18,,,,,,
Delamanid,fgd1,fgd1_p.Arg212Leu,3) Uncertain significance,p.R212L,0.0,Unknown,212,,,,,,
Delamanid,fgd1,fgd1_p.Arg45Cys,3) Uncertain significance,p.R45C,0.0,Unknown,45,,,,,,
Delamanid,fgd1,fgd1_p.Arg64Ser,3) Uncertain significance,p.R64S,0.0098039215686274,Unknown,64,,,,,,
Delamanid,fgd1,fgd1_p.Asn66Ser,3) Uncertain significance,p.N66S,0.0,Unknown,66,,,,,,
Delamanid,fgd1,fgd1_p.Asp190Glu,3) Uncertain significance,p.D190E,1.0,Unknown,190,,,,,,
Delamanid,fgd1,fgd1_p.Asp273Gly,3) Uncertain significance,p.D273G,0.0,Unknown,273,,,,,,
Delamanid,fgd1,fgd1_p.Asp33Gly,3) Uncertain significance,p.D33G,0.0,Unknown,33,,,,,,
Delamanid,fgd1,fgd1_p.Gln279Pro,3) Uncertain significance,p.Q279P,0.0,Unknown,279,,,,,,
Delamanid,fgd1,fgd1_p.Gln47Leu,3) Uncertain significance,p.Q47L,0.0,Unknown,47,,,,,,
Delamanid,fgd1,fgd1_p.Glu119Asp,3) Uncertain significance,p.E119D,0.0,Unknown,119,,,,,,
Delamanid,fgd1,fgd1_p.Glu119Lys,3) Uncertain significance,p.E119K,0.0,Unknown,119,,,,,,
Delamanid,fgd1,fgd1_p.Glu19Asp,3) Uncertain significance,p.E19D,0.0,Unknown,19,,,,,,
Delamanid,fgd1,fgd1_p.Glu240Gly,3) Uncertain significance,p.E240G,0.0,Unknown,240,,,,,,
Delamanid,fgd1,fgd1_p.Glu269Lys,3) Uncertain significance,p.E269K,0.0,Unknown,269,,,,,,
Delamanid,fgd1,fgd1_p.Gly137Glu,3) Uncertain significance,p.G137E,0.0,Unknown,137,,,,,,
Delamanid,fgd1,fgd1_p.Gly168Arg,3) Uncertain significance,p.G168R,0.0,Unknown,168,,,,,,
Delamanid,fgd1,fgd1_p.Gly169Asp,3) Uncertain significance,p.G169D,0.0,Unknown,169,,,,,,
Delamanid,fgd1,fgd1_p.Gly224Asp,3) Uncertain significance,p.G224D,0.0,Unknown,224,,,,,,
Delamanid,fgd1,fgd1_p.Gly7Ser,3) Uncertain significance,p.G7S,0.0,Unknown,7,,,,,,
Delamanid,fgd1,fgd1_p.His260Pro,3) Uncertain significance,p.H260P,0.0,Unknown,260,,,,,,
Delamanid,fgd1,fgd1_p.His315Asp,3) Uncertain significance,p.H315D,0.0,Unknown,315,,,,,,
Delamanid,fgd1,fgd1_p.His315Tyr,3) Uncertain significance,p.H315Y,0.0,Unknown,315,,,,,,
Delamanid,fgd1,fgd1_p.Ile229Thr,3) Uncertain significance,p.I229T,0.0,Unknown,229,,,,,,
Delamanid,fgd1,fgd1_p.Ile86Leu,3) Uncertain significance,p.I86L,0.0,Unknown,86,,,,,,
Delamanid,fgd1,fgd1_p.Leu323Phe,3) Uncertain significance,p.L323F,0.0,Unknown,323,,,,,,
Delamanid,fgd1,fgd1_p.Lys183Met,3) Uncertain significance,p.K183M,0.1666666666666666,Unknown,183,,,,,,
Delamanid,fgd1,fgd1_p.Lys183Thr,3) Uncertain significance,p.K183T,0.0,Unknown,183,,,,,,
Delamanid,fgd1,fgd1_p.Lys270Met,3) Uncertain significance,p.K270M,0.0142131979695431,Unknown,270,,,,,,
Delamanid,fgd1,fgd1_p.Lys296Arg,3) Uncertain significance,p.K296R,0.0,Unknown,296,,,,,,
Delamanid,fgd1,fgd1_p.Lys296Glu,3) Uncertain significance,p.K296E,0.0,Unknown,296,,,,,,
Delamanid,fgd1,fgd1_p.Met139Ile,3) Uncertain significance,p.M139I,0.0,Unknown,139,,,,,,
Delamanid,fgd1,fgd1_p.Met93Thr,3) Uncertain significance,p.M93T,0.0,Unknown,93,,,,,,
Delamanid,fgd1,fgd1_p.Pro166Leu,3) Uncertain significance,p.P166L,0.0,Unknown,166,,,,,,
Delamanid,fgd1,fgd1_p.Ser56Cys,3) Uncertain significance,p.S56C,0.0,Unknown,56,,,,,,
Delamanid,fgd1,fgd1_p.Thr255Ala,3) Uncertain significance,p.T255A,0.0,Unknown,255,,,,,,
Delamanid,fgd1,fgd1_p.Thr255Pro,3) Uncertain significance,p.T255P,0.0,Unknown,255,,,,,,
Delamanid,fgd1,fgd1_p.Tyr118Ser,3) Uncertain significance,p.Y118S,0.0,Unknown,118,,,,,,
Delamanid,fgd1,fgd1_p.Tyr163Cys,3) Uncertain significance,p.Y163C,0.0,Unknown,163,,,,,,
Delamanid,fgd1,fgd1_p.Tyr81His,3) Uncertain significance,p.Y81H,0.0,Unknown,81,,,,,,
Delamanid,fgd1,fgd1_p.Val136Met,3) Uncertain significance,p.V136M,0.0,Unknown,136,,,,,,
Delamanid,fgd1,fgd1_p.Val170Met,3) Uncertain significance,p.V170M,0.0172413793103448,Unknown,170,,,,,,
Delamanid,fgd1,fgd1_p.Val286Ala,3) Uncertain significance,p.V286A,0.0,Unknown,286,,,,,,
Delamanid,fgd1,fgd1_p.Val294Ala,3) Uncertain significance,p.V294A,0.0,Unknown,294,,,,,,
Delamanid,fgd1,fgd1_p.Val37Gly,3) Uncertain significance,p.V37G,0.0,Unknown,37,,,,,,
