drug,gene,variant,confidence,one_letter_mutation,frequency
BDQ,Rv0678,Rv0678_A36V,3) Uncertain significance,A36V,1.0
BDQ,Rv0678,Rv0678_A99P,3) Uncertain significance,A99P,1.0
BDQ,Rv0678,Rv0678_F19S,3) Uncertain significance,F19S,1.0
BDQ,Rv0678,Rv0678_G121R,3) Uncertain significance,G121R,1.0
BDQ,Rv0678,Rv0678_I67L,3) Uncertain significance,I67L,1.0
BDQ,Rv0678,Rv0678_I67S,3) Uncertain significance,I67S,1.0
BDQ,Rv0678,Rv0678_L136P,3) Uncertain significance,L136P,1.0
BDQ,Rv0678,Rv0678_L40F,3) Uncertain significance,L40F,1.0
BDQ,Rv0678,Rv0678_L40M,3) Uncertain significance,L40M,1.0
BDQ,Rv0678,Rv0678_R109P,3) Uncertain significance,R109P,1.0
BDQ,Rv0678,Rv0678_S68N,3) Uncertain significance,S68N,1.0
BDQ,Rv0678,Rv0678_I108V,3) Uncertain significance,I108V,0.5
BDQ,Rv0678,Rv0678_P48L,3) Uncertain significance,P48L,0.5
BDQ,atpE,atpE_E61D,3) Uncertain significance,E61D,0.3333333333333333
BDQ,Rv0678,Rv0678_Q51R,3) Uncertain significance,Q51R,0.3333333333333333
BDQ,Rv0678,Rv0678_R90C,3) Uncertain significance,R90C,0.14285714285714285
BDQ,atpE,atpE_A18S,3) Uncertain significance,A18S,0.0
BDQ,atpE,atpE_A45V,3) Uncertain significance,A45V,0.0
BDQ,atpE,atpE_A62T,3) Uncertain significance,A62T,0.0
BDQ,atpE,atpE_G12S,3) Uncertain significance,G12S,0.0
BDQ,atpE,atpE_S37A,3) Uncertain significance,S37A,0.0
BDQ,atpE,atpE_T51I,3) Uncertain significance,T51I,0.0
BDQ,atpE,atpE_V39I,3) Uncertain significance,V39I,0.0
BDQ,pepQ,pepQ_A137S,3) Uncertain significance,A137S,0.0
BDQ,pepQ,pepQ_A153G,3) Uncertain significance,A153G,0.0
BDQ,pepQ,pepQ_A263V,3) Uncertain significance,A263V,0.0
BDQ,pepQ,pepQ_A370V,3) Uncertain significance,A370V,0.0
BDQ,pepQ,pepQ_D108N,3) Uncertain significance,D108N,0.0
BDQ,pepQ,pepQ_D209E,3) Uncertain significance,D209E,0.0
BDQ,pepQ,pepQ_D26A,3) Uncertain significance,D26A,0.0
BDQ,pepQ,pepQ_D26G,3) Uncertain significance,D26G,0.0
BDQ,pepQ,pepQ_E177D,3) Uncertain significance,E177D,0.0
BDQ,pepQ,pepQ_E89D,3) Uncertain significance,E89D,0.0
BDQ,pepQ,pepQ_G85C,3) Uncertain significance,G85C,0.0
BDQ,pepQ,pepQ_I24T,3) Uncertain significance,I24T,0.0
BDQ,pepQ,pepQ_I28R,3) Uncertain significance,I28R,0.0
BDQ,pepQ,pepQ_K94N,3) Uncertain significance,K94N,0.0
BDQ,pepQ,pepQ_L107R,3) Uncertain significance,L107R,0.0
BDQ,pepQ,pepQ_M180T,3) Uncertain significance,M180T,0.0
BDQ,pepQ,pepQ_M180V,3) Uncertain significance,M180V,0.0
BDQ,pepQ,pepQ_N118D,3) Uncertain significance,N118D,0.0
BDQ,pepQ,pepQ_P165Q,3) Uncertain significance,P165Q,0.0
BDQ,pepQ,pepQ_R170W,3) Uncertain significance,R170W,0.0
BDQ,pepQ,pepQ_S130L,3) Uncertain significance,S130L,0.0
BDQ,pepQ,pepQ_S66L,3) Uncertain significance,S66L,0.0
BDQ,pepQ,pepQ_S99R,3) Uncertain significance,S99R,0.0
BDQ,pepQ,pepQ_T354A,3) Uncertain significance,T354A,0.0
BDQ,pepQ,pepQ_V101L,3) Uncertain significance,V101L,0.0
BDQ,pepQ,pepQ_V1M,3) Uncertain significance,V1M,0.0
BDQ,pepQ,pepQ_V324M,3) Uncertain significance,V324M,0.0
BDQ,pepQ,pepQ_V343A,3) Uncertain significance,V343A,0.0
BDQ,Rv0678,Rv0678_A101E,3) Uncertain significance,A101E,0.0
BDQ,Rv0678,Rv0678_A59V,3) Uncertain significance,A59V,0.0
BDQ,Rv0678,Rv0678_A62T,3) Uncertain significance,A62T,0.0
BDQ,Rv0678,Rv0678_C46G,3) Uncertain significance,C46G,0.0
BDQ,Rv0678,Rv0678_C46R,3) Uncertain significance,C46R,0.0
BDQ,Rv0678,Rv0678_D5G,3) Uncertain significance,D5G,0.0
BDQ,Rv0678,Rv0678_D8G,3) Uncertain significance,D8G,0.0
BDQ,Rv0678,Rv0678_E104G,3) Uncertain significance,E104G,0.0
BDQ,Rv0678,Rv0678_E113K,3) Uncertain significance,E113K,0.0
BDQ,Rv0678,Rv0678_E21K,3) Uncertain significance,E21K,0.0
BDQ,Rv0678,Rv0678_G25C,3) Uncertain significance,G25C,0.0
BDQ,Rv0678,Rv0678_G87R,3) Uncertain significance,G87R,0.0
BDQ,Rv0678,Rv0678_I80M,3) Uncertain significance,I80M,0.0
BDQ,Rv0678,Rv0678_I80S,3) Uncertain significance,I80S,0.0
BDQ,Rv0678,Rv0678_L32S,3) Uncertain significance,L32S,0.0
BDQ,Rv0678,Rv0678_L40S,3) Uncertain significance,L40S,0.0
BDQ,Rv0678,Rv0678_L74M,3) Uncertain significance,L74M,0.0
BDQ,Rv0678,Rv0678_L74V,3) Uncertain significance,L74V,0.0
BDQ,Rv0678,Rv0678_L83P,3) Uncertain significance,L83P,0.0
BDQ,Rv0678,Rv0678_M10I,3) Uncertain significance,M10I,0.0
BDQ,Rv0678,Rv0678_M17V,3) Uncertain significance,M17V,0.0
BDQ,Rv0678,Rv0678_N70D,3) Uncertain significance,N70D,0.0
BDQ,Rv0678,Rv0678_P14L,3) Uncertain significance,P14L,0.0
BDQ,Rv0678,Rv0678_P14S,3) Uncertain significance,P14S,0.0
BDQ,Rv0678,Rv0678_Q22R,3) Uncertain significance,Q22R,0.0
BDQ,Rv0678,Rv0678_Q51K,3) Uncertain significance,Q51K,0.0
BDQ,Rv0678,Rv0678_R107C,3) Uncertain significance,R107C,0.0
BDQ,Rv0678,Rv0678_R109Q,3) Uncertain significance,R109Q,0.0
BDQ,Rv0678,Rv0678_R156Q,3) Uncertain significance,R156Q,0.0
BDQ,Rv0678,Rv0678_R50Q,3) Uncertain significance,R50Q,0.0
BDQ,Rv0678,Rv0678_R72W,3) Uncertain significance,R72W,0.0
BDQ,Rv0678,Rv0678_R94W,3) Uncertain significance,R94W,0.0
BDQ,Rv0678,Rv0678_R96G,3) Uncertain significance,R96G,0.0
BDQ,Rv0678,Rv0678_R96L,3) Uncertain significance,R96L,0.0
BDQ,Rv0678,Rv0678_R96W,3) Uncertain significance,R96W,0.0
BDQ,Rv0678,Rv0678_S158R,3) Uncertain significance,S158R,0.0
BDQ,Rv0678,Rv0678_S2I,3) Uncertain significance,S2I,0.0
BDQ,Rv0678,Rv0678_S52P,3) Uncertain significance,S52P,0.0
BDQ,Rv0678,Rv0678_S68G,3) Uncertain significance,S68G,0.0
BDQ,Rv0678,Rv0678_S68I,3) Uncertain significance,S68I,0.0
BDQ,Rv0678,Rv0678_T58P,3) Uncertain significance,T58P,0.0
BDQ,Rv0678,Rv0678_V20A,3) Uncertain significance,V20A,0.0
BDQ,Rv0678,Rv0678_V85A,3) Uncertain significance,V85A,0.0
BDQ,Rv0678,Rv0678_W42R,3) Uncertain significance,W42R,0.0
BDQ,Rv0678,Rv0678_Y26C,3) Uncertain significance,Y26C,0.0
BDQ,pepQ,pepQ_A305V,3) Uncertain significance,A305V,0.0
BDQ,pepQ,pepQ_T341A,3) Uncertain significance,T341A,0.0
BDQ,pepQ,pepQ_V104L,3) Uncertain significance,V104L,0.0
BDQ,Rv0678,Rv0678_G103S,3) Uncertain significance,G103S,0.0
BDQ,Rv0678,Rv0678_G162E,3) Uncertain significance,G162E,0.0
BDQ,Rv0678,Rv0678_I108T,3) Uncertain significance,I108T,0.0
BDQ,Rv0678,Rv0678_M139I,3) Uncertain significance,M139I,0.0
BDQ,Rv0678,Rv0678_M23V,3) Uncertain significance,M23V,0.0
BDQ,Rv0678,Rv0678_N4T,3) Uncertain significance,N4T,0.0
BDQ,Rv0678,Rv0678_Q76E,3) Uncertain significance,Q76E,0.0
BDQ,pepQ,pepQ_A124V,3) Uncertain significance,A124V,0.0
BDQ,pepQ,pepQ_A187E,3) Uncertain significance,A187E,0.0
BDQ,pepQ,pepQ_A242T,3) Uncertain significance,A242T,0.0
BDQ,pepQ,pepQ_I193T,3) Uncertain significance,I193T,0.0
BDQ,pepQ,pepQ_V328F,3) Uncertain significance,V328F,0.0
BDQ,Rv0678,Rv0678_L117R,3) Uncertain significance,L117R,0.0
BDQ,Rv0678,Rv0678_S2R,3) Uncertain significance,S2R,0.0
BDQ,pepQ,pepQ_R7Q,3) Uncertain significance,R7Q,0.0
BDQ,Rv0678,Rv0678_N98D,3) Uncertain significance,N98D,0.0
BDQ,pepQ,pepQ_P69L,3) Uncertain significance,P69L,0.0
BDQ,Rv0678,Rv0678_E55D,3) Uncertain significance,E55D,0.0
BDQ,Rv0678,Rv0678_L40V,3) Uncertain significance,L40V,0.0
BDQ,Rv0678,Rv0678_M146T,3) Uncertain significance,M146T,0.0
BDQ,pepQ,pepQ_V45L,3) Uncertain significance,V45L,0.0
BDQ,pepQ,pepQ_F46L,3) Uncertain significance,F46L,0.0
BDQ,pepQ,pepQ_G197R,3) Uncertain significance,G197R,0.0
CAP,tlyA,tlyA_N236K,1) Assoc w R,N236K,1.0
CAP,tlyA,tlyA_L74P,1) Assoc w R,L74P,1.0
CAP,tlyA,tlyA_G232D,2) Assoc w R - Interim,G232D,0.8888888888888888
CAP,tlyA,tlyA_L150P,3) Uncertain significance,L150P,1.0
CAP,tlyA,tlyA_L218M,3) Uncertain significance,L218M,0.5
CAP,tlyA,tlyA_S228R,3) Uncertain significance,S228R,0.5
CAP,tlyA,tlyA_C86R,3) Uncertain significance,C86R,1.0
CAP,tlyA,tlyA_D154A,3) Uncertain significance,D154A,1.0
CAP,tlyA,tlyA_D154G,3) Uncertain significance,D154G,1.0
CAP,tlyA,tlyA_G95E,3) Uncertain significance,G95E,1.0
CAP,tlyA,tlyA_L155R,3) Uncertain significance,L155R,1.0
CAP,tlyA,tlyA_L180R,3) Uncertain significance,L180R,1.0
CAP,tlyA,tlyA_R123P,3) Uncertain significance,R123P,1.0
CAP,tlyA,tlyA_R244P,3) Uncertain significance,R244P,1.0
CAP,tlyA,tlyA_V178A,3) Uncertain significance,V178A,1.0
CAP,tlyA,tlyA_V1A,3) Uncertain significance,V1A,1.0
CAP,tlyA,tlyA_P179A,3) Uncertain significance,P179A,0.3333333333333333
CAP,tlyA,tlyA_A212V,3) Uncertain significance,A212V,0.0
CAP,tlyA,tlyA_A250T,3) Uncertain significance,A250T,0.0
CAP,tlyA,tlyA_A259T,3) Uncertain significance,A259T,0.0
CAP,tlyA,tlyA_A5T,3) Uncertain significance,A5T,0.0
CAP,tlyA,tlyA_C86G,3) Uncertain significance,C86G,0.0
CAP,tlyA,tlyA_D248C,3) Uncertain significance,D248C,0.0
CAP,tlyA,tlyA_D57G,3) Uncertain significance,D57G,0.0
CAP,tlyA,tlyA_E132A,3) Uncertain significance,E132A,0.0
CAP,tlyA,tlyA_E132G,3) Uncertain significance,E132G,0.0
CAP,tlyA,tlyA_E132Q,3) Uncertain significance,E132Q,0.0
CAP,tlyA,tlyA_E238K,3) Uncertain significance,E238K,0.0
CAP,tlyA,tlyA_G116S,3) Uncertain significance,G116S,0.0
CAP,tlyA,tlyA_G145N,3) Uncertain significance,G145N,0.0
CAP,tlyA,tlyA_G188E,3) Uncertain significance,G188E,0.0
CAP,tlyA,tlyA_G190R,3) Uncertain significance,G190R,0.0
CAP,tlyA,tlyA_G235D,3) Uncertain significance,G235D,0.0
CAP,tlyA,tlyA_I177T,3) Uncertain significance,I177T,0.0
CAP,tlyA,tlyA_I34T,3) Uncertain significance,I34T,0.0
CAP,tlyA,tlyA_K69E,3) Uncertain significance,K69E,0.0
CAP,tlyA,tlyA_L160W,3) Uncertain significance,L160W,0.0
CAP,tlyA,tlyA_L164S,3) Uncertain significance,L164S,0.0
CAP,tlyA,tlyA_L87P,3) Uncertain significance,L87P,0.0
CAP,tlyA,tlyA_P229R,3) Uncertain significance,P229R,0.0
CAP,tlyA,tlyA_P233S,3) Uncertain significance,P233S,0.0
CAP,tlyA,tlyA_Q191H,3) Uncertain significance,Q191H,0.0
CAP,tlyA,tlyA_R20H,3) Uncertain significance,R20H,0.0
CAP,tlyA,tlyA_R249Q,3) Uncertain significance,R249Q,0.0
CAP,tlyA,tlyA_R3P,3) Uncertain significance,R3P,0.0
CAP,tlyA,tlyA_S156A,3) Uncertain significance,S156A,0.0
CAP,tlyA,tlyA_S252L,3) Uncertain significance,S252L,0.0
CAP,tlyA,tlyA_T134I,3) Uncertain significance,T134I,0.0
CAP,tlyA,tlyA_V108A,3) Uncertain significance,V108A,0.0
CAP,tlyA,tlyA_V151I,3) Uncertain significance,V151I,0.0
CAP,tlyA,tlyA_V198G,3) Uncertain significance,V198G,0.0
CAP,tlyA,tlyA_V32L,3) Uncertain significance,V32L,0.0
CAP,tlyA,tlyA_V7F,3) Uncertain significance,V7F,0.0
CAP,tlyA,tlyA_V99I,3) Uncertain significance,V99I,0.0
CAP,tlyA,tlyA_A166V,3) Uncertain significance,A166V,0.0
CAP,tlyA,tlyA_A5V,3) Uncertain significance,A5V,0.0
CAP,tlyA,tlyA_F240L,3) Uncertain significance,F240L,0.0
CAP,tlyA,tlyA_D35G,3) Uncertain significance,D35G,0.0
CAP,tlyA,tlyA_P179S,3) Uncertain significance,P179S,0.0
CAP,tlyA,tlyA_A29V,3) Uncertain significance,A29V,0.0
CAP,tlyA,tlyA_H68R,3) Uncertain significance,H68R,0.0
CFZ,Rv0678,Rv0678_A62T,3) Uncertain significance,A62T,1.0
CFZ,Rv0678,Rv0678_A99P,3) Uncertain significance,A99P,1.0
CFZ,Rv0678,Rv0678_C46G,3) Uncertain significance,C46G,1.0
CFZ,Rv0678,Rv0678_G103S,3) Uncertain significance,G103S,1.0
CFZ,Rv0678,Rv0678_L136P,3) Uncertain significance,L136P,1.0
CFZ,Rv0678,Rv0678_L83P,3) Uncertain significance,L83P,1.0
CFZ,Rv0678,Rv0678_P14S,3) Uncertain significance,P14S,1.0
CFZ,Rv0678,Rv0678_Q51R,3) Uncertain significance,Q51R,1.0
CFZ,Rv0678,Rv0678_Y26C,3) Uncertain significance,Y26C,1.0
CFZ,Rv0678,Rv0678_I108V,3) Uncertain significance,I108V,0.5
CFZ,Rv0678,Rv0678_L117R,3) Uncertain significance,L117R,0.2
CFZ,Rv0678,Rv0678_R90C,3) Uncertain significance,R90C,0.125
CFZ,Rv0678,Rv0678_M146T,3) Uncertain significance,M146T,0.08333333333333333
CFZ,pepQ,pepQ_V45L,3) Uncertain significance,V45L,0.07692307692307693
CFZ,pepQ,pepQ_A137S,3) Uncertain significance,A137S,0.0
CFZ,pepQ,pepQ_A153G,3) Uncertain significance,A153G,0.0
CFZ,pepQ,pepQ_A16G,3) Uncertain significance,A16G,0.0
CFZ,pepQ,pepQ_A263V,3) Uncertain significance,A263V,0.0
CFZ,pepQ,pepQ_A305V,3) Uncertain significance,A305V,0.0
CFZ,pepQ,pepQ_A370V,3) Uncertain significance,A370V,0.0
CFZ,pepQ,pepQ_A90V,3) Uncertain significance,A90V,0.0
CFZ,pepQ,pepQ_D108N,3) Uncertain significance,D108N,0.0
CFZ,pepQ,pepQ_D209E,3) Uncertain significance,D209E,0.0
CFZ,pepQ,pepQ_D26G,3) Uncertain significance,D26G,0.0
CFZ,pepQ,pepQ_E177D,3) Uncertain significance,E177D,0.0
CFZ,pepQ,pepQ_E76D,3) Uncertain significance,E76D,0.0
CFZ,pepQ,pepQ_G112D,3) Uncertain significance,G112D,0.0
CFZ,pepQ,pepQ_G291S,3) Uncertain significance,G291S,0.0
CFZ,pepQ,pepQ_I24T,3) Uncertain significance,I24T,0.0
CFZ,pepQ,pepQ_I28R,3) Uncertain significance,I28R,0.0
CFZ,pepQ,pepQ_K350E,3) Uncertain significance,K350E,0.0
CFZ,pepQ,pepQ_L107R,3) Uncertain significance,L107R,0.0
CFZ,pepQ,pepQ_L179P,3) Uncertain significance,L179P,0.0
CFZ,pepQ,pepQ_M180T,3) Uncertain significance,M180T,0.0
CFZ,pepQ,pepQ_M180V,3) Uncertain significance,M180V,0.0
CFZ,pepQ,pepQ_N118D,3) Uncertain significance,N118D,0.0
CFZ,pepQ,pepQ_P165Q,3) Uncertain significance,P165Q,0.0
CFZ,pepQ,pepQ_P266S,3) Uncertain significance,P266S,0.0
CFZ,pepQ,pepQ_R170W,3) Uncertain significance,R170W,0.0
CFZ,pepQ,pepQ_R61C,3) Uncertain significance,R61C,0.0
CFZ,pepQ,pepQ_S130L,3) Uncertain significance,S130L,0.0
CFZ,pepQ,pepQ_S66L,3) Uncertain significance,S66L,0.0
CFZ,pepQ,pepQ_S99R,3) Uncertain significance,S99R,0.0
CFZ,pepQ,pepQ_T354A,3) Uncertain significance,T354A,0.0
CFZ,pepQ,pepQ_V101L,3) Uncertain significance,V101L,0.0
CFZ,pepQ,pepQ_V30L,3) Uncertain significance,V30L,0.0
CFZ,pepQ,pepQ_V324M,3) Uncertain significance,V324M,0.0
CFZ,pepQ,pepQ_V328F,3) Uncertain significance,V328F,0.0
CFZ,pepQ,pepQ_V343A,3) Uncertain significance,V343A,0.0
CFZ,pepQ,pepQ_V53M,3) Uncertain significance,V53M,0.0
CFZ,Rv0678,Rv0678_A101E,3) Uncertain significance,A101E,0.0
CFZ,Rv0678,Rv0678_A124P,3) Uncertain significance,A124P,0.0
CFZ,Rv0678,Rv0678_A36V,3) Uncertain significance,A36V,0.0
CFZ,Rv0678,Rv0678_A59V,3) Uncertain significance,A59V,0.0
CFZ,Rv0678,Rv0678_A84V,3) Uncertain significance,A84V,0.0
CFZ,Rv0678,Rv0678_E104G,3) Uncertain significance,E104G,0.0
CFZ,Rv0678,Rv0678_E113K,3) Uncertain significance,E113K,0.0
CFZ,Rv0678,Rv0678_E21K,3) Uncertain significance,E21K,0.0
CFZ,Rv0678,Rv0678_E54K,3) Uncertain significance,E54K,0.0
CFZ,Rv0678,Rv0678_F93L,3) Uncertain significance,F93L,0.0
CFZ,Rv0678,Rv0678_G25C,3) Uncertain significance,G25C,0.0
CFZ,Rv0678,Rv0678_G87R,3) Uncertain significance,G87R,0.0
CFZ,Rv0678,Rv0678_I67L,3) Uncertain significance,I67L,0.0
CFZ,Rv0678,Rv0678_I67S,3) Uncertain significance,I67S,0.0
CFZ,Rv0678,Rv0678_I75V,3) Uncertain significance,I75V,0.0
CFZ,Rv0678,Rv0678_I80M,3) Uncertain significance,I80M,0.0
CFZ,Rv0678,Rv0678_I80S,3) Uncertain significance,I80S,0.0
CFZ,Rv0678,Rv0678_L40S,3) Uncertain significance,L40S,0.0
CFZ,Rv0678,Rv0678_L74V,3) Uncertain significance,L74V,0.0
CFZ,Rv0678,Rv0678_L83F,3) Uncertain significance,L83F,0.0
CFZ,Rv0678,Rv0678_M111T,3) Uncertain significance,M111T,0.0
CFZ,Rv0678,Rv0678_M17V,3) Uncertain significance,M17V,0.0
CFZ,Rv0678,Rv0678_M73I,3) Uncertain significance,M73I,0.0
CFZ,Rv0678,Rv0678_P14L,3) Uncertain significance,P14L,0.0
CFZ,Rv0678,Rv0678_P48L,3) Uncertain significance,P48L,0.0
CFZ,Rv0678,Rv0678_Q22R,3) Uncertain significance,Q22R,0.0
CFZ,Rv0678,Rv0678_Q51K,3) Uncertain significance,Q51K,0.0
CFZ,Rv0678,Rv0678_R109Q,3) Uncertain significance,R109Q,0.0
CFZ,Rv0678,Rv0678_R156Q,3) Uncertain significance,R156Q,0.0
CFZ,Rv0678,Rv0678_R72Q,3) Uncertain significance,R72Q,0.0
CFZ,Rv0678,Rv0678_R72W,3) Uncertain significance,R72W,0.0
CFZ,Rv0678,Rv0678_R94W,3) Uncertain significance,R94W,0.0
CFZ,Rv0678,Rv0678_R96G,3) Uncertain significance,R96G,0.0
CFZ,Rv0678,Rv0678_R96W,3) Uncertain significance,R96W,0.0
CFZ,Rv0678,Rv0678_S2I,3) Uncertain significance,S2I,0.0
CFZ,Rv0678,Rv0678_S52P,3) Uncertain significance,S52P,0.0
CFZ,Rv0678,Rv0678_S68G,3) Uncertain significance,S68G,0.0
CFZ,Rv0678,Rv0678_T58K,3) Uncertain significance,T58K,0.0
CFZ,Rv0678,Rv0678_V1L,3) Uncertain significance,V1L,0.0
CFZ,Rv0678,Rv0678_V20A,3) Uncertain significance,V20A,0.0
CFZ,Rv0678,Rv0678_V85A,3) Uncertain significance,V85A,0.0
CFZ,Rv0678,Rv0678_W42C,3) Uncertain significance,W42C,0.0
CFZ,Rv0678,Rv0678_W42R,3) Uncertain significance,W42R,0.0
CFZ,pepQ,pepQ_A242T,3) Uncertain significance,A242T,0.0
CFZ,pepQ,pepQ_A254T,3) Uncertain significance,A254T,0.0
CFZ,pepQ,pepQ_I193T,3) Uncertain significance,I193T,0.0
CFZ,pepQ,pepQ_T341A,3) Uncertain significance,T341A,0.0
CFZ,pepQ,pepQ_V104L,3) Uncertain significance,V104L,0.0
CFZ,pepQ,pepQ_V298I,3) Uncertain significance,V298I,0.0
CFZ,Rv0678,Rv0678_I108T,3) Uncertain significance,I108T,0.0
CFZ,Rv0678,Rv0678_L32S,3) Uncertain significance,L32S,0.0
CFZ,Rv0678,Rv0678_M139I,3) Uncertain significance,M139I,0.0
CFZ,Rv0678,Rv0678_M23V,3) Uncertain significance,M23V,0.0
CFZ,Rv0678,Rv0678_N148H,3) Uncertain significance,N148H,0.0
CFZ,Rv0678,Rv0678_S158R,3) Uncertain significance,S158R,0.0
CFZ,pepQ,pepQ_A124V,3) Uncertain significance,A124V,0.0
CFZ,pepQ,pepQ_A187E,3) Uncertain significance,A187E,0.0
CFZ,Rv0678,Rv0678_A84T,3) Uncertain significance,A84T,0.0
CFZ,Rv0678,Rv0678_D15G,3) Uncertain significance,D15G,0.0
CFZ,Rv0678,Rv0678_Q76E,3) Uncertain significance,Q76E,0.0
CFZ,Rv0678,Rv0678_S2R,3) Uncertain significance,S2R,0.0
CFZ,Rv0678,Rv0678_N4T,3) Uncertain significance,N4T,0.0
CFZ,Rv0678,Rv0678_N98D,3) Uncertain significance,N98D,0.0
CFZ,pepQ,pepQ_R7Q,3) Uncertain significance,R7Q,0.0
CFZ,Rv0678,Rv0678_G162E,3) Uncertain significance,G162E,0.0
CFZ,Rv0678,Rv0678_E55D,3) Uncertain significance,E55D,0.0
CFZ,Rv0678,Rv0678_L40V,3) Uncertain significance,L40V,0.0
CFZ,pepQ,pepQ_F46L,3) Uncertain significance,F46L,0.0
CFZ,pepQ,pepQ_G197R,3) Uncertain significance,G197R,0.0
CFZ,pepQ,pepQ_P69L,3) Uncertain significance,P69L,0.0
DLM,ddn,ddn_L49P,2) Assoc w R - Interim,L49P,0.8333333333333334
DLM,fgd1,fgd1_K270M,3) Uncertain significance,K270M,0.006896551724137931
DLM,ddn,ddn_W88R,3) Uncertain significance,W88R,1.0
DLM,ddn,ddn_Y65S,3) Uncertain significance,Y65S,0.3333333333333333
DLM,ddn,ddn_G34R,3) Uncertain significance,G34R,0.25
DLM,fgd1,fgd1_V170M,3) Uncertain significance,V170M,0.0058823529411764705
DLM,ddn,ddn_F17S,3) Uncertain significance,F17S,0.0
DLM,ddn,ddn_F66S,3) Uncertain significance,F66S,0.0
DLM,ddn,ddn_G53D,3) Uncertain significance,G53D,0.0
DLM,ddn,ddn_I144T,3) Uncertain significance,I144T,0.0
DLM,ddn,ddn_N91D,3) Uncertain significance,N91D,0.0
DLM,ddn,ddn_P45L,3) Uncertain significance,P45L,0.0
DLM,ddn,ddn_P6T,3) Uncertain significance,P6T,0.0
DLM,ddn,ddn_R72G,3) Uncertain significance,R72G,0.0
DLM,ddn,ddn_T115A,3) Uncertain significance,T115A,0.0
DLM,ddn,ddn_T40A,3) Uncertain significance,T40A,0.0
DLM,ddn,ddn_V106M,3) Uncertain significance,V106M,0.0
DLM,ddn,ddn_V98A,3) Uncertain significance,V98A,0.0
DLM,fgd1,fgd1_A10V,3) Uncertain significance,A10V,0.0
DLM,fgd1,fgd1_A188T,3) Uncertain significance,A188T,0.0
DLM,fgd1,fgd1_A216G,3) Uncertain significance,A216G,0.0
DLM,fgd1,fgd1_A256T,3) Uncertain significance,A256T,0.0
DLM,fgd1,fgd1_D33G,3) Uncertain significance,D33G,0.0
DLM,fgd1,fgd1_E19D,3) Uncertain significance,E19D,0.0
DLM,fgd1,fgd1_E240G,3) Uncertain significance,E240G,0.0
DLM,fgd1,fgd1_E269K,3) Uncertain significance,E269K,0.0
DLM,fgd1,fgd1_E278D,3) Uncertain significance,E278D,0.0
DLM,fgd1,fgd1_G304D,3) Uncertain significance,G304D,0.0
DLM,fgd1,fgd1_H260P,3) Uncertain significance,H260P,0.0
DLM,fgd1,fgd1_H315D,3) Uncertain significance,H315D,0.0
DLM,fgd1,fgd1_H315Y,3) Uncertain significance,H315Y,0.0
DLM,fgd1,fgd1_I229T,3) Uncertain significance,I229T,0.0
DLM,fgd1,fgd1_I86L,3) Uncertain significance,I86L,0.0
DLM,fgd1,fgd1_K183T,3) Uncertain significance,K183T,0.0
DLM,fgd1,fgd1_K296R,3) Uncertain significance,K296R,0.0
DLM,fgd1,fgd1_M139I,3) Uncertain significance,M139I,0.0
DLM,fgd1,fgd1_N66S,3) Uncertain significance,N66S,0.0
DLM,fgd1,fgd1_P52S,3) Uncertain significance,P52S,0.0
DLM,fgd1,fgd1_Q47L,3) Uncertain significance,Q47L,0.0
DLM,fgd1,fgd1_R187H,3) Uncertain significance,R187H,0.0
DLM,fgd1,fgd1_R212L,3) Uncertain significance,R212L,0.0
DLM,fgd1,fgd1_T255P,3) Uncertain significance,T255P,0.0
DLM,fgd1,fgd1_Y118S,3) Uncertain significance,Y118S,0.0
DLM,fgd1,fgd1_Y163C,3) Uncertain significance,Y163C,0.0
DLM,fgd1,fgd1_Y81H,3) Uncertain significance,Y81H,0.0
DLM,ddn,ddn_A120S,3) Uncertain significance,A120S,0.0
DLM,ddn,ddn_G70V,3) Uncertain significance,G70V,0.0
DLM,ddn,ddn_R72Q,3) Uncertain significance,R72Q,0.0
DLM,fgd1,fgd1_A2V,3) Uncertain significance,A2V,0.0
DLM,fgd1,fgd1_G168R,3) Uncertain significance,G168R,0.0
DLM,fgd1,fgd1_V37G,3) Uncertain significance,V37G,0.0
DLM,ddn,ddn_E83D,3) Uncertain significance,E83D,0.0
DLM,ddn,ddn_R72W,3) Uncertain significance,R72W,0.0
DLM,fgd1,fgd1_K296E,3) Uncertain significance,K296E,0.0
DLM,fgd1,fgd1_T255A,3) Uncertain significance,T255A,0.0
DLM,ddn,ddn_G34E,3) Uncertain significance,G34E,0.0
DLM,ddn,ddn_R23W,3) Uncertain significance,R23W,0.0
DLM,fgd1,fgd1_A35V,3) Uncertain significance,A35V,0.0
DLM,fgd1,fgd1_L323F,3) Uncertain significance,L323F,0.0
DLM,ddn,ddn_R30S,3) Uncertain significance,R30S,0.0
DLM,fgd1,fgd1_K183M,3) Uncertain significance,K183M,0.0
DLM,fgd1,fgd1_R45C,3) Uncertain significance,R45C,0.0
DLM,fgd1,fgd1_M93T,3) Uncertain significance,M93T,0.0
DLM,fgd1,fgd1_R64S,3) Uncertain significance,R64S,0.0
EMB,embB,embB_M306V,1) Assoc w R,M306V,0.830719557195572
EMB,embB,embB_M306I,1) Assoc w R,M306I,0.6115599751398384
EMB,embB,embB_Q497R,1) Assoc w R,Q497R,0.8174342105263158
EMB,embB,embB_D354A,1) Assoc w R,D354A,0.6066838046272494
EMB,embB,embB_G406A,1) Assoc w R,G406A,0.5945945945945946
EMB,embB,embB_Y319S,1) Assoc w R,Y319S,0.8344827586206897
EMB,embB,embB_G406D,1) Assoc w R,G406D,0.5109170305676856
EMB,embB,embB_G406S,1) Assoc w R,G406S,0.632
EMB,embB,embB_M306L,1) Assoc w R,M306L,0.7906976744186046
EMB,embB,embB_Q497K,1) Assoc w R,Q497K,0.7311827956989247
EMB,embB,embB_D328Y,1) Assoc w R,D328Y,0.8888888888888888
EMB,embB,embB_G406C,1) Assoc w R,G406C,0.5454545454545454
EMB,embB,embB_Y319C,1) Assoc w R,Y319C,0.6086956521739131
EMB,embB,embB_L74R,2) Assoc w R - Interim,L74R,0.72
EMB,embB,embB_D1024N,3) Uncertain significance,D1024N,0.6233766233766234
EMB,embB,embB_Y334H,3) Uncertain significance,Y334H,0.7948717948717948
EMB,embB,embB_V456A,3) Uncertain significance,V456A,0.8983050847457628
EMB,embB,embB_Q445R,3) Uncertain significance,Q445R,0.9795918367346939
EMB,embB,embB_S297A,3) Uncertain significance,S297A,0.34782608695652173
EMB,embB,embB_D328G,3) Uncertain significance,D328G,0.7555555555555555
EMB,embB,embB_E405D,3) Uncertain significance,E405D,0.8787878787878788
EMB,embB,embB_Q497P,3) Uncertain significance,Q497P,0.7
EMB,embB,embB_A409P,3) Uncertain significance,A409P,1.0
EMB,embB,embB_N296H,3) Uncertain significance,N296H,0.3620689655172414
EMB,embB,embB_H1002R,3) Uncertain significance,H1002R,0.42105263157894735
EMB,embB,embB_Q497H,3) Uncertain significance,Q497H,0.8
EMB,embB,embB_Q853P,3) Uncertain significance,Q853P,0.48
EMB,embB,embB_I563L,3) Uncertain significance,I563L,0.5
EMB,embB,embB_E504D,3) Uncertain significance,E504D,0.6
EMB,embB,embB_S347T,3) Uncertain significance,S347T,1.0
EMB,embB,embB_R14Q,3) Uncertain significance,R14Q,0.46153846153846156
EMB,embB,embB_W332R,3) Uncertain significance,W332R,0.38461538461538464
EMB,embB,embB_D1017E,3) Uncertain significance,D1017E,1.0
EMB,embB,embB_F330S,3) Uncertain significance,F330S,0.8
EMB,embB,embB_T642A,3) Uncertain significance,T642A,0.8
EMB,embB,embB_S347I,3) Uncertain significance,S347I,0.6666666666666666
EMB,embB,embB_D328H,3) Uncertain significance,D328H,0.4444444444444444
EMB,embB,embB_Q853R,3) Uncertain significance,Q853R,1.0
EMB,embB,embB_M1000R,3) Uncertain significance,M1000R,0.75
EMB,embB,embB_L402V,3) Uncertain significance,L402V,0.17647058823529413
EMB,embB,embB_G246R,3) Uncertain significance,G246R,0.12
EMB,embB,embB_A1007T,3) Uncertain significance,A1007T,1.0
EMB,embB,embB_A601G,3) Uncertain significance,A601G,1.0
EMB,embB,embB_D328F,3) Uncertain significance,D328F,1.0
EMB,embB,embB_D328V,3) Uncertain significance,D328V,1.0
EMB,embB,embB_E504G,3) Uncertain significance,E504G,1.0
EMB,embB,embB_F398C,3) Uncertain significance,F398C,1.0
EMB,embB,embB_I303L,3) Uncertain significance,I303L,1.0
EMB,embB,embB_I303M,3) Uncertain significance,I303M,1.0
EMB,embB,embB_I450S,3) Uncertain significance,I450S,1.0
EMB,embB,embB_I545F,3) Uncertain significance,I545F,1.0
EMB,embB,embB_K165N,3) Uncertain significance,K165N,1.0
EMB,embB,embB_M306T,3) Uncertain significance,M306T,1.0
EMB,embB,embB_N296Y,3) Uncertain significance,N296Y,1.0
EMB,embB,embB_Q925P,3) Uncertain significance,Q925P,1.0
EMB,embB,embB_R173L,3) Uncertain significance,R173L,1.0
EMB,embB,embB_R351C,3) Uncertain significance,R351C,1.0
EMB,embB,embB_T498P,3) Uncertain significance,T498P,1.0
EMB,embB,embB_V50A,3) Uncertain significance,V50A,1.0
EMB,embB,embB_A454T,3) Uncertain significance,A454T,0.6666666666666666
EMB,embB,embB_F330L,3) Uncertain significance,F330L,0.6666666666666666
EMB,embB,embB_G580S,3) Uncertain significance,G580S,0.6666666666666666
EMB,embB,embB_M804I,3) Uncertain significance,M804I,0.6666666666666666
EMB,embB,embB_P616S,3) Uncertain significance,P616S,0.6666666666666666
EMB,embB,embB_R524H,3) Uncertain significance,R524H,0.6666666666666666
EMB,embB,embB_V614I,3) Uncertain significance,V614I,0.6666666666666666
EMB,embB,embB_W1089R,3) Uncertain significance,W1089R,0.6666666666666666
EMB,embB,embB_A817T,3) Uncertain significance,A817T,0.5
EMB,embB,embB_A30T,3) Uncertain significance,A30T,0.4
EMB,embB,embB_I16L,3) Uncertain significance,I16L,0.3333333333333333
EMB,embB,embB_P404S,3) Uncertain significance,P404S,0.2857142857142857
EMB,embB,embB_A201S,3) Uncertain significance,A201S,1.0
EMB,embB,embB_A679V,3) Uncertain significance,A679V,1.0
EMB,embB,embB_A909T,3) Uncertain significance,A909T,1.0
EMB,embB,embB_C361Y,3) Uncertain significance,C361Y,1.0
EMB,embB,embB_D816H,3) Uncertain significance,D816H,1.0
EMB,embB,embB_D920N,3) Uncertain significance,D920N,1.0
EMB,embB,embB_E504A,3) Uncertain significance,E504A,1.0
EMB,embB,embB_E521Q,3) Uncertain significance,E521Q,1.0
EMB,embB,embB_E924K,3) Uncertain significance,E924K,1.0
EMB,embB,embB_F1067L,3) Uncertain significance,F1067L,1.0
EMB,embB,embB_F323L,3) Uncertain significance,F323L,1.0
EMB,embB,embB_F330V,3) Uncertain significance,F330V,1.0
EMB,embB,embB_G1031S,3) Uncertain significance,G1031S,1.0
EMB,embB,embB_G1081S,3) Uncertain significance,G1081S,1.0
EMB,embB,embB_G1087D,3) Uncertain significance,G1087D,1.0
EMB,embB,embB_G406V,3) Uncertain significance,G406V,1.0
EMB,embB,embB_I450L,3) Uncertain significance,I450L,1.0
EMB,embB,embB_L1036V,3) Uncertain significance,L1036V,1.0
EMB,embB,embB_L359I,3) Uncertain significance,L359I,1.0
EMB,embB,embB_L410P,3) Uncertain significance,L410P,1.0
EMB,embB,embB_L449M,3) Uncertain significance,L449M,1.0
EMB,embB,embB_L466S,3) Uncertain significance,L466S,1.0
EMB,embB,embB_M91T,3) Uncertain significance,M91T,1.0
EMB,embB,embB_N1033K,3) Uncertain significance,N1033K,1.0
EMB,embB,embB_N522T,3) Uncertain significance,N522T,1.0
EMB,embB,embB_N644I,3) Uncertain significance,N644I,1.0
EMB,embB,embB_P477T,3) Uncertain significance,P477T,1.0
EMB,embB,embB_Q853H,3) Uncertain significance,Q853H,1.0
EMB,embB,embB_S651N,3) Uncertain significance,S651N,1.0
EMB,embB,embB_T1084P,3) Uncertain significance,T1084P,1.0
EMB,embB,embB_T151I,3) Uncertain significance,T151I,1.0
EMB,embB,embB_T153N,3) Uncertain significance,T153N,1.0
EMB,embB,embB_T546I,3) Uncertain significance,T546I,1.0
EMB,embB,embB_T643A,3) Uncertain significance,T643A,1.0
EMB,embB,embB_W332C,3) Uncertain significance,W332C,1.0
EMB,embB,embB_A457T,3) Uncertain significance,A457T,0.5
EMB,embB,embB_D328I,3) Uncertain significance,D328I,0.5
EMB,embB,embB_G199R,3) Uncertain significance,G199R,0.5
EMB,embB,embB_G979A,3) Uncertain significance,G979A,0.5
EMB,embB,embB_N318D,3) Uncertain significance,N318D,0.5
EMB,embB,embB_N399T,3) Uncertain significance,N399T,0.5
EMB,embB,embB_V444M,3) Uncertain significance,V444M,0.5
EMB,embB,embB_V493M,3) Uncertain significance,V493M,0.5
EMB,embB,embB_V593M,3) Uncertain significance,V593M,0.5
EMB,embB,embB_W572C,3) Uncertain significance,W572C,0.5
EMB,embB,embB_C549F,3) Uncertain significance,C549F,0.3333333333333333
EMB,embB,embB_D57G,3) Uncertain significance,D57G,0.3333333333333333
EMB,embB,embB_M396I,3) Uncertain significance,M396I,0.3333333333333333
EMB,embB,embB_M423I,3) Uncertain significance,M423I,0.3333333333333333
EMB,embB,embB_P197R,3) Uncertain significance,P197R,0.3333333333333333
EMB,embB,embB_T643I,3) Uncertain significance,T643I,0.3333333333333333
EMB,embB,embB_V77I,3) Uncertain significance,V77I,0.3333333333333333
EMB,embB,embB_A505V,3) Uncertain significance,A505V,0.25
EMB,embB,embB_L638F,3) Uncertain significance,L638F,0.25
EMB,embB,embB_A680T,3) Uncertain significance,A680T,0.2
EMB,embB,embB_G603R,3) Uncertain significance,G603R,0.14285714285714285
EMB,embB,embB_G100S,3) Uncertain significance,G100S,0.1111111111111111
EMB,embB,embB_V618M,3) Uncertain significance,V618M,0.07142857142857142
EMB,embB,embB_S203L,3) Uncertain significance,S203L,0.025
EMB,embB,embB_A1007V,3) Uncertain significance,A1007V,0.0
EMB,embB,embB_A102T,3) Uncertain significance,A102T,0.0
EMB,embB,embB_A102V,3) Uncertain significance,A102V,0.0
EMB,embB,embB_A1058V,3) Uncertain significance,A1058V,0.0
EMB,embB,embB_A1083V,3) Uncertain significance,A1083V,0.0
EMB,embB,embB_A109T,3) Uncertain significance,A109T,0.0
EMB,embB,embB_A113T,3) Uncertain significance,A113T,0.0
EMB,embB,embB_A155V,3) Uncertain significance,A155V,0.0
EMB,embB,embB_A159T,3) Uncertain significance,A159T,0.0
EMB,embB,embB_A15P,3) Uncertain significance,A15P,0.0
EMB,embB,embB_A201T,3) Uncertain significance,A201T,0.0
EMB,embB,embB_A204T,3) Uncertain significance,A204T,0.0
EMB,embB,embB_A221S,3) Uncertain significance,A221S,0.0
EMB,embB,embB_A221T,3) Uncertain significance,A221T,0.0
EMB,embB,embB_A225E,3) Uncertain significance,A225E,0.0
EMB,embB,embB_A235V,3) Uncertain significance,A235V,0.0
EMB,embB,embB_A259V,3) Uncertain significance,A259V,0.0
EMB,embB,embB_A281V,3) Uncertain significance,A281V,0.0
EMB,embB,embB_A295V,3) Uncertain significance,A295V,0.0
EMB,embB,embB_A313T,3) Uncertain significance,A313T,0.0
EMB,embB,embB_A356V,3) Uncertain significance,A356V,0.0
EMB,embB,embB_A357T,3) Uncertain significance,A357T,0.0
EMB,embB,embB_A376T,3) Uncertain significance,A376T,0.0
EMB,embB,embB_A379V,3) Uncertain significance,A379V,0.0
EMB,embB,embB_A383V,3) Uncertain significance,A383V,0.0
EMB,embB,embB_A388V,3) Uncertain significance,A388V,0.0
EMB,embB,embB_A431P,3) Uncertain significance,A431P,0.0
EMB,embB,embB_A439G,3) Uncertain significance,A439G,0.0
EMB,embB,embB_A43P,3) Uncertain significance,A43P,0.0
EMB,embB,embB_A451T,3) Uncertain significance,A451T,0.0
EMB,embB,embB_A454P,3) Uncertain significance,A454P,0.0
EMB,embB,embB_A454V,3) Uncertain significance,A454V,0.0
EMB,embB,embB_A484T,3) Uncertain significance,A484T,0.0
EMB,embB,embB_A495T,3) Uncertain significance,A495T,0.0
EMB,embB,embB_A517T,3) Uncertain significance,A517T,0.0
EMB,embB,embB_A567D,3) Uncertain significance,A567D,0.0
EMB,embB,embB_A567T,3) Uncertain significance,A567T,0.0
EMB,embB,embB_A571T,3) Uncertain significance,A571T,0.0
EMB,embB,embB_A601P,3) Uncertain significance,A601P,0.0
EMB,embB,embB_A627V,3) Uncertain significance,A627V,0.0
EMB,embB,embB_A630T,3) Uncertain significance,A630T,0.0
EMB,embB,embB_A677E,3) Uncertain significance,A677E,0.0
EMB,embB,embB_A677T,3) Uncertain significance,A677T,0.0
EMB,embB,embB_A683V,3) Uncertain significance,A683V,0.0
EMB,embB,embB_A684T,3) Uncertain significance,A684T,0.0
EMB,embB,embB_A684V,3) Uncertain significance,A684V,0.0
EMB,embB,embB_A701P,3) Uncertain significance,A701P,0.0
EMB,embB,embB_A720V,3) Uncertain significance,A720V,0.0
EMB,embB,embB_A840G,3) Uncertain significance,A840G,0.0
EMB,embB,embB_A840P,3) Uncertain significance,A840P,0.0
EMB,embB,embB_A840V,3) Uncertain significance,A840V,0.0
EMB,embB,embB_A852V,3) Uncertain significance,A852V,0.0
EMB,embB,embB_A861T,3) Uncertain significance,A861T,0.0
EMB,embB,embB_A903T,3) Uncertain significance,A903T,0.0
EMB,embB,embB_A913V,3) Uncertain significance,A913V,0.0
EMB,embB,embB_A941T,3) Uncertain significance,A941T,0.0
EMB,embB,embB_A943V,3) Uncertain significance,A943V,0.0
EMB,embB,embB_A950V,3) Uncertain significance,A950V,0.0
EMB,embB,embB_A993T,3) Uncertain significance,A993T,0.0
EMB,embB,embB_C549G,3) Uncertain significance,C549G,0.0
EMB,embB,embB_D1041A,3) Uncertain significance,D1041A,0.0
EMB,embB,embB_D1060N,3) Uncertain significance,D1060N,0.0
EMB,embB,embB_D108N,3) Uncertain significance,D108N,0.0
EMB,embB,embB_D127A,3) Uncertain significance,D127A,0.0
EMB,embB,embB_D166A,3) Uncertain significance,D166A,0.0
EMB,embB,embB_D207E,3) Uncertain significance,D207E,0.0
EMB,embB,embB_D240G,3) Uncertain significance,D240G,0.0
EMB,embB,embB_D240Y,3) Uncertain significance,D240Y,0.0
EMB,embB,embB_D243H,3) Uncertain significance,D243H,0.0
EMB,embB,embB_D280N,3) Uncertain significance,D280N,0.0
EMB,embB,embB_D300E,3) Uncertain significance,D300E,0.0
EMB,embB,embB_D300G,3) Uncertain significance,D300G,0.0
EMB,embB,embB_D311F,3) Uncertain significance,D311F,0.0
EMB,embB,embB_D328A,3) Uncertain significance,D328A,0.0
EMB,embB,embB_D354G,3) Uncertain significance,D354G,0.0
EMB,embB,embB_D496N,3) Uncertain significance,D496N,0.0
EMB,embB,embB_D664G,3) Uncertain significance,D664G,0.0
EMB,embB,embB_D752H,3) Uncertain significance,D752H,0.0
EMB,embB,embB_D78E,3) Uncertain significance,D78E,0.0
EMB,embB,embB_D869H,3) Uncertain significance,D869H,0.0
EMB,embB,embB_D86N,3) Uncertain significance,D86N,0.0
EMB,embB,embB_D870N,3) Uncertain significance,D870N,0.0
EMB,embB,embB_D970A,3) Uncertain significance,D970A,0.0
EMB,embB,embB_D970E,3) Uncertain significance,D970E,0.0
EMB,embB,embB_E1008A,3) Uncertain significance,E1008A,0.0
EMB,embB,embB_E138K,3) Uncertain significance,E138K,0.0
EMB,embB,embB_E521A,3) Uncertain significance,E521A,0.0
EMB,embB,embB_E901D,3) Uncertain significance,E901D,0.0
EMB,embB,embB_E958G,3) Uncertain significance,E958G,0.0
EMB,embB,embB_E976Q,3) Uncertain significance,E976Q,0.0
EMB,embB,embB_F158C,3) Uncertain significance,F158C,0.0
EMB,embB,embB_F161L,3) Uncertain significance,F161L,0.0
EMB,embB,embB_F176L,3) Uncertain significance,F176L,0.0
EMB,embB,embB_F210C,3) Uncertain significance,F210C,0.0
EMB,embB,embB_F285V,3) Uncertain significance,F285V,0.0
EMB,embB,embB_F398L,3) Uncertain significance,F398L,0.0
EMB,embB,embB_F440S,3) Uncertain significance,F440S,0.0
EMB,embB,embB_F541V,3) Uncertain significance,F541V,0.0
EMB,embB,embB_F579V,3) Uncertain significance,F579V,0.0
EMB,embB,embB_F584L,3) Uncertain significance,F584L,0.0
EMB,embB,embB_F743L,3) Uncertain significance,F743L,0.0
EMB,embB,embB_F763L,3) Uncertain significance,F763L,0.0
EMB,embB,embB_F763V,3) Uncertain significance,F763V,0.0
EMB,embB,embB_F79L,3) Uncertain significance,F79L,0.0
EMB,embB,embB_G1005D,3) Uncertain significance,G1005D,0.0
EMB,embB,embB_G1035S,3) Uncertain significance,G1035S,0.0
EMB,embB,embB_G106R,3) Uncertain significance,G106R,0.0
EMB,embB,embB_G106V,3) Uncertain significance,G106V,0.0
EMB,embB,embB_G1087C,3) Uncertain significance,G1087C,0.0
EMB,embB,embB_G1092A,3) Uncertain significance,G1092A,0.0
EMB,embB,embB_G1092R,3) Uncertain significance,G1092R,0.0
EMB,embB,embB_G1097A,3) Uncertain significance,G1097A,0.0
EMB,embB,embB_G1097S,3) Uncertain significance,G1097S,0.0
EMB,embB,embB_G169D,3) Uncertain significance,G169D,0.0
EMB,embB,embB_G199E,3) Uncertain significance,G199E,0.0
EMB,embB,embB_G244R,3) Uncertain significance,G244R,0.0
EMB,embB,embB_G294S,3) Uncertain significance,G294S,0.0
EMB,embB,embB_G314S,3) Uncertain significance,G314S,0.0
EMB,embB,embB_G34E,3) Uncertain significance,G34E,0.0
EMB,embB,embB_G374E,3) Uncertain significance,G374E,0.0
EMB,embB,embB_G458C,3) Uncertain significance,G458C,0.0
EMB,embB,embB_G459S,3) Uncertain significance,G459S,0.0
EMB,embB,embB_G474D,3) Uncertain significance,G474D,0.0
EMB,embB,embB_G535S,3) Uncertain significance,G535S,0.0
EMB,embB,embB_G603A,3) Uncertain significance,G603A,0.0
EMB,embB,embB_G665R,3) Uncertain significance,G665R,0.0
EMB,embB,embB_G694D,3) Uncertain significance,G694D,0.0
EMB,embB,embB_G696A,3) Uncertain significance,G696A,0.0
EMB,embB,embB_G696R,3) Uncertain significance,G696R,0.0
EMB,embB,embB_G736S,3) Uncertain significance,G736S,0.0
EMB,embB,embB_G745A,3) Uncertain significance,G745A,0.0
EMB,embB,embB_G745R,3) Uncertain significance,G745R,0.0
EMB,embB,embB_G825D,3) Uncertain significance,G825D,0.0
EMB,embB,embB_G846S,3) Uncertain significance,G846S,0.0
EMB,embB,embB_G851D,3) Uncertain significance,G851D,0.0
EMB,embB,embB_G851V,3) Uncertain significance,G851V,0.0
EMB,embB,embB_G891E,3) Uncertain significance,G891E,0.0
EMB,embB,embB_G914R,3) Uncertain significance,G914R,0.0
EMB,embB,embB_G923E,3) Uncertain significance,G923E,0.0
EMB,embB,embB_G96E,3) Uncertain significance,G96E,0.0
EMB,embB,embB_H154R,3) Uncertain significance,H154R,0.0
EMB,embB,embB_H342N,3) Uncertain significance,H342N,0.0
EMB,embB,embB_H890R,3) Uncertain significance,H890R,0.0
EMB,embB,embB_I284L,3) Uncertain significance,I284L,0.0
EMB,embB,embB_I556V,3) Uncertain significance,I556V,0.0
EMB,embB,embB_I578V,3) Uncertain significance,I578V,0.0
EMB,embB,embB_I726S,3) Uncertain significance,I726S,0.0
EMB,embB,embB_I883V,3) Uncertain significance,I883V,0.0
EMB,embB,embB_K1011E,3) Uncertain significance,K1011E,0.0
EMB,embB,embB_K1011T,3) Uncertain significance,K1011T,0.0
EMB,embB,embB_K1022T,3) Uncertain significance,K1022T,0.0
EMB,embB,embB_K107E,3) Uncertain significance,K107E,0.0
EMB,embB,embB_K107R,3) Uncertain significance,K107R,0.0
EMB,embB,embB_K218N,3) Uncertain significance,K218N,0.0
EMB,embB,embB_K561Q,3) Uncertain significance,K561Q,0.0
EMB,embB,embB_K662T,3) Uncertain significance,K662T,0.0
EMB,embB,embB_K820N,3) Uncertain significance,K820N,0.0
EMB,embB,embB_K882E,3) Uncertain significance,K882E,0.0
EMB,embB,embB_K927E,3) Uncertain significance,K927E,0.0
EMB,embB,embB_K927R,3) Uncertain significance,K927R,0.0
EMB,embB,embB_L1053V,3) Uncertain significance,L1053V,0.0
EMB,embB,embB_L172R,3) Uncertain significance,L172R,0.0
EMB,embB,embB_L239R,3) Uncertain significance,L239R,0.0
EMB,embB,embB_L253I,3) Uncertain significance,L253I,0.0
EMB,embB,embB_L268P,3) Uncertain significance,L268P,0.0
EMB,embB,embB_L348P,3) Uncertain significance,L348P,0.0
EMB,embB,embB_L47R,3) Uncertain significance,L47R,0.0
EMB,embB,embB_L499P,3) Uncertain significance,L499P,0.0
EMB,embB,embB_L528V,3) Uncertain significance,L528V,0.0
EMB,embB,embB_L632F,3) Uncertain significance,L632F,0.0
EMB,embB,embB_L632S,3) Uncertain significance,L632S,0.0
EMB,embB,embB_L638S,3) Uncertain significance,L638S,0.0
EMB,embB,embB_L754R,3) Uncertain significance,L754R,0.0
EMB,embB,embB_L953M,3) Uncertain significance,L953M,0.0
EMB,embB,embB_L974M,3) Uncertain significance,L974M,0.0
EMB,embB,embB_M265I,3) Uncertain significance,M265I,0.0
EMB,embB,embB_M316V,3) Uncertain significance,M316V,0.0
EMB,embB,embB_M350T,3) Uncertain significance,M350T,0.0
EMB,embB,embB_M389I,3) Uncertain significance,M389I,0.0
EMB,embB,embB_M389V,3) Uncertain significance,M389V,0.0
EMB,embB,embB_M396L,3) Uncertain significance,M396L,0.0
EMB,embB,embB_M423T,3) Uncertain significance,M423T,0.0
EMB,embB,embB_M462L,3) Uncertain significance,M462L,0.0
EMB,embB,embB_M462T,3) Uncertain significance,M462T,0.0
EMB,embB,embB_M557I,3) Uncertain significance,M557I,0.0
EMB,embB,embB_M586V,3) Uncertain significance,M586V,0.0
EMB,embB,embB_M626V,3) Uncertain significance,M626V,0.0
EMB,embB,embB_M660R,3) Uncertain significance,M660R,0.0
EMB,embB,embB_M714I,3) Uncertain significance,M714I,0.0
EMB,embB,embB_M764L,3) Uncertain significance,M764L,0.0
EMB,embB,embB_M939I,3) Uncertain significance,M939I,0.0
EMB,embB,embB_N1004T,3) Uncertain significance,N1004T,0.0
EMB,embB,embB_N160D,3) Uncertain significance,N160D,0.0
EMB,embB,embB_N400S,3) Uncertain significance,N400S,0.0
EMB,embB,embB_N522H,3) Uncertain significance,N522H,0.0
EMB,embB,embB_N657D,3) Uncertain significance,N657D,0.0
EMB,embB,embB_N791S,3) Uncertain significance,N791S,0.0
EMB,embB,embB_N807T,3) Uncertain significance,N807T,0.0
EMB,embB,embB_N931D,3) Uncertain significance,N931D,0.0
EMB,embB,embB_P103H,3) Uncertain significance,P103H,0.0
EMB,embB,embB_P1074A,3) Uncertain significance,P1074A,0.0
EMB,embB,embB_P1075L,3) Uncertain significance,P1075L,0.0
EMB,embB,embB_P12L,3) Uncertain significance,P12L,0.0
EMB,embB,embB_P136S,3) Uncertain significance,P136S,0.0
EMB,embB,embB_P167R,3) Uncertain significance,P167R,0.0
EMB,embB,embB_P177L,3) Uncertain significance,P177L,0.0
EMB,embB,embB_P183S,3) Uncertain significance,P183S,0.0
EMB,embB,embB_P214A,3) Uncertain significance,P214A,0.0
EMB,embB,embB_P214Q,3) Uncertain significance,P214Q,0.0
EMB,embB,embB_P353S,3) Uncertain significance,P353S,0.0
EMB,embB,embB_P375S,3) Uncertain significance,P375S,0.0
EMB,embB,embB_P404L,3) Uncertain significance,P404L,0.0
EMB,embB,embB_P430L,3) Uncertain significance,P430L,0.0
EMB,embB,embB_P45L,3) Uncertain significance,P45L,0.0
EMB,embB,embB_P477A,3) Uncertain significance,P477A,0.0
EMB,embB,embB_P531H,3) Uncertain significance,P531H,0.0
EMB,embB,embB_P59T,3) Uncertain significance,P59T,0.0
EMB,embB,embB_P616T,3) Uncertain significance,P616T,0.0
EMB,embB,embB_P655L,3) Uncertain significance,P655L,0.0
EMB,embB,embB_P706S,3) Uncertain significance,P706S,0.0
EMB,embB,embB_P708L,3) Uncertain significance,P708L,0.0
EMB,embB,embB_P766L,3) Uncertain significance,P766L,0.0
EMB,embB,embB_P76L,3) Uncertain significance,P76L,0.0
EMB,embB,embB_P818L,3) Uncertain significance,P818L,0.0
EMB,embB,embB_P866S,3) Uncertain significance,P866S,0.0
EMB,embB,embB_P907S,3) Uncertain significance,P907S,0.0
EMB,embB,embB_P912T,3) Uncertain significance,P912T,0.0
EMB,embB,embB_P93H,3) Uncertain significance,P93H,0.0
EMB,embB,embB_P957L,3) Uncertain significance,P957L,0.0
EMB,embB,embB_Q3R,3) Uncertain significance,Q3R,0.0
EMB,embB,embB_Q497E,3) Uncertain significance,Q497E,0.0
EMB,embB,embB_Q497L,3) Uncertain significance,Q497L,0.0
EMB,embB,embB_Q516E,3) Uncertain significance,Q516E,0.0
EMB,embB,embB_R1045Q,3) Uncertain significance,R1045Q,0.0
EMB,embB,embB_R1055S,3) Uncertain significance,R1055S,0.0
EMB,embB,embB_R1059G,3) Uncertain significance,R1059G,0.0
EMB,embB,embB_R1059P,3) Uncertain significance,R1059P,0.0
EMB,embB,embB_R122H,3) Uncertain significance,R122H,0.0
EMB,embB,embB_R147C,3) Uncertain significance,R147C,0.0
EMB,embB,embB_R147H,3) Uncertain significance,R147H,0.0
EMB,embB,embB_R213W,3) Uncertain significance,R213W,0.0
EMB,embB,embB_R238H,3) Uncertain significance,R238H,0.0
EMB,embB,embB_R257Q,3) Uncertain significance,R257Q,0.0
EMB,embB,embB_R464L,3) Uncertain significance,R464L,0.0
EMB,embB,embB_R464Q,3) Uncertain significance,R464Q,0.0
EMB,embB,embB_R468H,3) Uncertain significance,R468H,0.0
EMB,embB,embB_R469H,3) Uncertain significance,R469H,0.0
EMB,embB,embB_R559P,3) Uncertain significance,R559P,0.0
EMB,embB,embB_R568H,3) Uncertain significance,R568H,0.0
EMB,embB,embB_R623P,3) Uncertain significance,R623P,0.0
EMB,embB,embB_R625W,3) Uncertain significance,R625W,0.0
EMB,embB,embB_R700H,3) Uncertain significance,R700H,0.0
EMB,embB,embB_R728Q,3) Uncertain significance,R728Q,0.0
EMB,embB,embB_R89H,3) Uncertain significance,R89H,0.0
EMB,embB,embB_R930H,3) Uncertain significance,R930H,0.0
EMB,embB,embB_S168L,3) Uncertain significance,S168L,0.0
EMB,embB,embB_S174N,3) Uncertain significance,S174N,0.0
EMB,embB,embB_S22F,3) Uncertain significance,S22F,0.0
EMB,embB,embB_S261A,3) Uncertain significance,S261A,0.0
EMB,embB,embB_S261P,3) Uncertain significance,S261P,0.0
EMB,embB,embB_S317F,3) Uncertain significance,S317F,0.0
EMB,embB,embB_S344R,3) Uncertain significance,S344R,0.0
EMB,embB,embB_S412L,3) Uncertain significance,S412L,0.0
EMB,embB,embB_S565T,3) Uncertain significance,S565T,0.0
EMB,embB,embB_S617L,3) Uncertain significance,S617L,0.0
EMB,embB,embB_S622W,3) Uncertain significance,S622W,0.0
EMB,embB,embB_S650P,3) Uncertain significance,S650P,0.0
EMB,embB,embB_S651C,3) Uncertain significance,S651C,0.0
EMB,embB,embB_S658N,3) Uncertain significance,S658N,0.0
EMB,embB,embB_S669R,3) Uncertain significance,S669R,0.0
EMB,embB,embB_S66N,3) Uncertain significance,S66N,0.0
EMB,embB,embB_S66T,3) Uncertain significance,S66T,0.0
EMB,embB,embB_S856R,3) Uncertain significance,S856R,0.0
EMB,embB,embB_S973L,3) Uncertain significance,S973L,0.0
EMB,embB,embB_S980A,3) Uncertain significance,S980A,0.0
EMB,embB,embB_T1015A,3) Uncertain significance,T1015A,0.0
EMB,embB,embB_T1069P,3) Uncertain significance,T1069P,0.0
EMB,embB,embB_T11P,3) Uncertain significance,T11P,0.0
EMB,embB,embB_T141R,3) Uncertain significance,T141R,0.0
EMB,embB,embB_T151P,3) Uncertain significance,T151P,0.0
EMB,embB,embB_T215I,3) Uncertain significance,T215I,0.0
EMB,embB,embB_T216A,3) Uncertain significance,T216A,0.0
EMB,embB,embB_T275N,3) Uncertain significance,T275N,0.0
EMB,embB,embB_T31A,3) Uncertain significance,T31A,0.0
EMB,embB,embB_T341A,3) Uncertain significance,T341A,0.0
EMB,embB,embB_T341I,3) Uncertain significance,T341I,0.0
EMB,embB,embB_T498A,3) Uncertain significance,T498A,0.0
EMB,embB,embB_T506N,3) Uncertain significance,T506N,0.0
EMB,embB,embB_T520S,3) Uncertain significance,T520S,0.0
EMB,embB,embB_T546A,3) Uncertain significance,T546A,0.0
EMB,embB,embB_T581A,3) Uncertain significance,T581A,0.0
EMB,embB,embB_T667A,3) Uncertain significance,T667A,0.0
EMB,embB,embB_T732I,3) Uncertain significance,T732I,0.0
EMB,embB,embB_T819I,3) Uncertain significance,T819I,0.0
EMB,embB,embB_T830M,3) Uncertain significance,T830M,0.0
EMB,embB,embB_T857A,3) Uncertain significance,T857A,0.0
EMB,embB,embB_T956I,3) Uncertain significance,T956I,0.0
EMB,embB,embB_T981A,3) Uncertain significance,T981A,0.0
EMB,embB,embB_V1071F,3) Uncertain significance,V1071F,0.0
EMB,embB,embB_V116I,3) Uncertain significance,V116I,0.0
EMB,embB,embB_V118A,3) Uncertain significance,V118A,0.0
EMB,embB,embB_V188A,3) Uncertain significance,V188A,0.0
EMB,embB,embB_V230A,3) Uncertain significance,V230A,0.0
EMB,embB,embB_V231I,3) Uncertain significance,V231I,0.0
EMB,embB,embB_V377M,3) Uncertain significance,V377M,0.0
EMB,embB,embB_V39L,3) Uncertain significance,V39L,0.0
EMB,embB,embB_V414I,3) Uncertain significance,V414I,0.0
EMB,embB,embB_V42L,3) Uncertain significance,V42L,0.0
EMB,embB,embB_V492L,3) Uncertain significance,V492L,0.0
EMB,embB,embB_V492M,3) Uncertain significance,V492M,0.0
EMB,embB,embB_V502L,3) Uncertain significance,V502L,0.0
EMB,embB,embB_V602A,3) Uncertain significance,V602A,0.0
EMB,embB,embB_V602I,3) Uncertain significance,V602I,0.0
EMB,embB,embB_V612M,3) Uncertain significance,V612M,0.0
EMB,embB,embB_V614L,3) Uncertain significance,V614L,0.0
EMB,embB,embB_V654M,3) Uncertain significance,V654M,0.0
EMB,embB,embB_V727A,3) Uncertain significance,V727A,0.0
EMB,embB,embB_V803A,3) Uncertain significance,V803A,0.0
EMB,embB,embB_V803M,3) Uncertain significance,V803M,0.0
EMB,embB,embB_V83A,3) Uncertain significance,V83A,0.0
EMB,embB,embB_V842I,3) Uncertain significance,V842I,0.0
EMB,embB,embB_V888M,3) Uncertain significance,V888M,0.0
EMB,embB,embB_V898M,3) Uncertain significance,V898M,0.0
EMB,embB,embB_V963M,3) Uncertain significance,V963M,0.0
EMB,embB,embB_W273L,3) Uncertain significance,W273L,0.0
EMB,embB,embB_W28S,3) Uncertain significance,W28S,0.0
EMB,embB,embB_W332L,3) Uncertain significance,W332L,0.0
EMB,embB,embB_Y315C,3) Uncertain significance,Y315C,0.0
EMB,embB,embB_Y319N,3) Uncertain significance,Y319N,0.0
EMB,embB,embB_Y384S,3) Uncertain significance,Y384S,0.0
EMB,embB,embB_Y730H,3) Uncertain significance,Y730H,0.0
EMB,embB,embB_Y848H,3) Uncertain significance,Y848H,0.0
EMB,embB,embB_Y863H,3) Uncertain significance,Y863H,0.0
EMB,embB,embB_Y977H,3) Uncertain significance,Y977H,0.0
EMB,embB,embB_A1073V,3) Uncertain significance,A1073V,0.0
EMB,embB,embB_A1076T,3) Uncertain significance,A1076T,0.0
EMB,embB,embB_A196T,3) Uncertain significance,A196T,0.0
EMB,embB,embB_A232E,3) Uncertain significance,A232E,0.0
EMB,embB,embB_A232T,3) Uncertain significance,A232T,0.0
EMB,embB,embB_A271T,3) Uncertain significance,A271T,0.0
EMB,embB,embB_A388D,3) Uncertain significance,A388D,0.0
EMB,embB,embB_A439V,3) Uncertain significance,A439V,0.0
EMB,embB,embB_A485V,3) Uncertain significance,A485V,0.0
EMB,embB,embB_A553T,3) Uncertain significance,A553T,0.0
EMB,embB,embB_A5T,3) Uncertain significance,A5T,0.0
EMB,embB,embB_A608T,3) Uncertain significance,A608T,0.0
EMB,embB,embB_A693T,3) Uncertain significance,A693T,0.0
EMB,embB,embB_A701T,3) Uncertain significance,A701T,0.0
EMB,embB,embB_A724V,3) Uncertain significance,A724V,0.0
EMB,embB,embB_A761V,3) Uncertain significance,A761V,0.0
EMB,embB,embB_A799T,3) Uncertain significance,A799T,0.0
EMB,embB,embB_A801T,3) Uncertain significance,A801T,0.0
EMB,embB,embB_A94V,3) Uncertain significance,A94V,0.0
EMB,embB,embB_D191E,3) Uncertain significance,D191E,0.0
EMB,embB,embB_D311A,3) Uncertain significance,D311A,0.0
EMB,embB,embB_D354N,3) Uncertain significance,D354N,0.0
EMB,embB,embB_D758N,3) Uncertain significance,D758N,0.0
EMB,embB,embB_D952E,3) Uncertain significance,D952E,0.0
EMB,embB,embB_D970G,3) Uncertain significance,D970G,0.0
EMB,embB,embB_E138G,3) Uncertain significance,E138G,0.0
EMB,embB,embB_F330I,3) Uncertain significance,F330I,0.0
EMB,embB,embB_F628S,3) Uncertain significance,F628S,0.0
EMB,embB,embB_F676S,3) Uncertain significance,F676S,0.0
EMB,embB,embB_G194R,3) Uncertain significance,G194R,0.0
EMB,embB,embB_G34V,3) Uncertain significance,G34V,0.0
EMB,embB,embB_G443S,3) Uncertain significance,G443S,0.0
EMB,embB,embB_G748E,3) Uncertain significance,G748E,0.0
EMB,embB,embB_G836E,3) Uncertain significance,G836E,0.0
EMB,embB,embB_H687Y,3) Uncertain significance,H687Y,0.0
EMB,embB,embB_I32T,3) Uncertain significance,I32T,0.0
EMB,embB,embB_I489T,3) Uncertain significance,I489T,0.0
EMB,embB,embB_I545M,3) Uncertain significance,I545M,0.0
EMB,embB,embB_K561M,3) Uncertain significance,K561M,0.0
EMB,embB,embB_K820T,3) Uncertain significance,K820T,0.0
EMB,embB,embB_L1037I,3) Uncertain significance,L1037I,0.0
EMB,embB,embB_L17W,3) Uncertain significance,L17W,0.0
EMB,embB,embB_L971V,3) Uncertain significance,L971V,0.0
EMB,embB,embB_M575R,3) Uncertain significance,M575R,0.0
EMB,embB,embB_M575V,3) Uncertain significance,M575V,0.0
EMB,embB,embB_M904I,3) Uncertain significance,M904I,0.0
EMB,embB,embB_M916T,3) Uncertain significance,M916T,0.0
EMB,embB,embB_M91I,3) Uncertain significance,M91I,0.0
EMB,embB,embB_N129D,3) Uncertain significance,N129D,0.0
EMB,embB,embB_P1091Q,3) Uncertain significance,P1091Q,0.0
EMB,embB,embB_P12Q,3) Uncertain significance,P12Q,0.0
EMB,embB,embB_P143S,3) Uncertain significance,P143S,0.0
EMB,embB,embB_P371R,3) Uncertain significance,P371R,0.0
EMB,embB,embB_P766R,3) Uncertain significance,P766R,0.0
EMB,embB,embB_P818T,3) Uncertain significance,P818T,0.0
EMB,embB,embB_P824L,3) Uncertain significance,P824L,0.0
EMB,embB,embB_Q144P,3) Uncertain significance,Q144P,0.0
EMB,embB,embB_R257W,3) Uncertain significance,R257W,0.0
EMB,embB,embB_R267Q,3) Uncertain significance,R267Q,0.0
EMB,embB,embB_R367H,3) Uncertain significance,R367H,0.0
EMB,embB,embB_S119I,3) Uncertain significance,S119I,0.0
EMB,embB,embB_S119N,3) Uncertain significance,S119N,0.0
EMB,embB,embB_S480L,3) Uncertain significance,S480L,0.0
EMB,embB,embB_T208I,3) Uncertain significance,T208I,0.0
EMB,embB,embB_T212A,3) Uncertain significance,T212A,0.0
EMB,embB,embB_T498I,3) Uncertain significance,T498I,0.0
EMB,embB,embB_T532A,3) Uncertain significance,T532A,0.0
EMB,embB,embB_T797P,3) Uncertain significance,T797P,0.0
EMB,embB,embB_V1048I,3) Uncertain significance,V1048I,0.0
EMB,embB,embB_V135M,3) Uncertain significance,V135M,0.0
EMB,embB,embB_V282A,3) Uncertain significance,V282A,0.0
EMB,embB,embB_V369M,3) Uncertain significance,V369M,0.0
EMB,embB,embB_V39G,3) Uncertain significance,V39G,0.0
EMB,embB,embB_V414G,3) Uncertain significance,V414G,0.0
EMB,embB,embB_V452L,3) Uncertain significance,V452L,0.0
EMB,embB,embB_V566M,3) Uncertain significance,V566M,0.0
EMB,embB,embB_V668A,3) Uncertain significance,V668A,0.0
EMB,embB,embB_V67L,3) Uncertain significance,V67L,0.0
EMB,embB,embB_V744A,3) Uncertain significance,V744A,0.0
EMB,embB,embB_V755I,3) Uncertain significance,V755I,0.0
EMB,embB,embB_V783I,3) Uncertain significance,V783I,0.0
EMB,embB,embB_W621S,3) Uncertain significance,W621S,0.0
EMB,embB,embB_Y813D,3) Uncertain significance,Y813D,0.0
EMB,embB,embB_A201E,3) Uncertain significance,A201E,0.0
EMB,embB,embB_A379T,3) Uncertain significance,A379T,0.0
EMB,embB,embB_A438T,3) Uncertain significance,A438T,0.0
EMB,embB,embB_A510T,3) Uncertain significance,A510T,0.0
EMB,embB,embB_A705T,3) Uncertain significance,A705T,0.0
EMB,embB,embB_C549Y,3) Uncertain significance,C549Y,0.0
EMB,embB,embB_D1056E,3) Uncertain significance,D1056E,0.0
EMB,embB,embB_D240N,3) Uncertain significance,D240N,0.0
EMB,embB,embB_D814A,3) Uncertain significance,D814A,0.0
EMB,embB,embB_D869E,3) Uncertain significance,D869E,0.0
EMB,embB,embB_G156D,3) Uncertain significance,G156D,0.0
EMB,embB,embB_G175R,3) Uncertain significance,G175R,0.0
EMB,embB,embB_G25R,3) Uncertain significance,G25R,0.0
EMB,embB,embB_G305C,3) Uncertain significance,G305C,0.0
EMB,embB,embB_G62R,3) Uncertain significance,G62R,0.0
EMB,embB,embB_G65S,3) Uncertain significance,G65S,0.0
EMB,embB,embB_I226V,3) Uncertain significance,I226V,0.0
EMB,embB,embB_K938N,3) Uncertain significance,K938N,0.0
EMB,embB,embB_M340I,3) Uncertain significance,M340I,0.0
EMB,embB,embB_N886T,3) Uncertain significance,N886T,0.0
EMB,embB,embB_R182C,3) Uncertain significance,R182C,0.0
EMB,embB,embB_R267P,3) Uncertain significance,R267P,0.0
EMB,embB,embB_S142C,3) Uncertain significance,S142C,0.0
EMB,embB,embB_S272N,3) Uncertain significance,S272N,0.0
EMB,embB,embB_T588M,3) Uncertain significance,T588M,0.0
EMB,embB,embB_T797A,3) Uncertain significance,T797A,0.0
EMB,embB,embB_T849A,3) Uncertain significance,T849A,0.0
EMB,embB,embB_V292F,3) Uncertain significance,V292F,0.0
EMB,embB,embB_V417A,3) Uncertain significance,V417A,0.0
EMB,embB,embB_V508F,3) Uncertain significance,V508F,0.0
EMB,embB,embB_V793I,3) Uncertain significance,V793I,0.0
EMB,embB,embB_V944A,3) Uncertain significance,V944A,0.0
EMB,embB,embB_A155P,3) Uncertain significance,A155P,0.0
EMB,embB,embB_A547S,3) Uncertain significance,A547S,0.0
EMB,embB,embB_E958A,3) Uncertain significance,E958A,0.0
EMB,embB,embB_F1012L,3) Uncertain significance,F1012L,0.0
EMB,embB,embB_G65D,3) Uncertain significance,G65D,0.0
EMB,embB,embB_G665W,3) Uncertain significance,G665W,0.0
EMB,embB,embB_P655Q,3) Uncertain significance,P655Q,0.0
EMB,embB,embB_S823R,3) Uncertain significance,S823R,0.0
EMB,embB,embB_T157I,3) Uncertain significance,T157I,0.0
EMB,embB,embB_T498N,3) Uncertain significance,T498N,0.0
EMB,embB,embB_T797M,3) Uncertain significance,T797M,0.0
EMB,embB,embB_V186L,3) Uncertain significance,V186L,0.0
EMB,embB,embB_Y319D,3) Uncertain significance,Y319D,0.0
EMB,embB,embB_A228T,3) Uncertain significance,A228T,0.0
EMB,embB,embB_A386E,3) Uncertain significance,A386E,0.0
EMB,embB,embB_D191Y,3) Uncertain significance,D191Y,0.0
EMB,embB,embB_D78G,3) Uncertain significance,D78G,0.0
EMB,embB,embB_G25A,3) Uncertain significance,G25A,0.0
EMB,embB,embB_G37S,3) Uncertain significance,G37S,0.0
EMB,embB,embB_I1006M,3) Uncertain significance,I1006M,0.0
EMB,embB,embB_K561R,3) Uncertain significance,K561R,0.0
EMB,embB,embB_P776L,3) Uncertain significance,P776L,0.0
EMB,embB,embB_P809S,3) Uncertain significance,P809S,0.0
EMB,embB,embB_Q51P,3) Uncertain significance,Q51P,0.0
EMB,embB,embB_R620P,3) Uncertain significance,R620P,0.0
EMB,embB,embB_S426N,3) Uncertain significance,S426N,0.0
EMB,embB,embB_S565G,3) Uncertain significance,S565G,0.0
EMB,embB,embB_A338T,3) Uncertain significance,A338T,0.0
EMB,embB,embB_I1039M,3) Uncertain significance,I1039M,0.0
EMB,embB,embB_F285L,3) Uncertain significance,F285L,0.0
EMB,embB,embB_G836R,3) Uncertain significance,G836R,0.0
EMB,embB,embB_P93L,3) Uncertain significance,P93L,0.0
EMB,embB,embB_R620C,3) Uncertain significance,R620C,0.0
EMB,embB,embB_R7T,3) Uncertain significance,R7T,0.0
EMB,embB,embB_T341N,3) Uncertain significance,T341N,0.0
EMB,embB,embB_A1073D,3) Uncertain significance,A1073D,0.0
EMB,embB,embB_A679T,3) Uncertain significance,A679T,0.0
EMB,embB,embB_D869G,3) Uncertain significance,D869G,0.0
EMB,embB,embB_N807D,3) Uncertain significance,N807D,0.0
EMB,embB,embB_P832S,3) Uncertain significance,P832S,0.0
EMB,embB,embB_T811A,3) Uncertain significance,T811A,0.0
EMB,embB,embB_P103T,3) Uncertain significance,P103T,0.0
EMB,embB,embB_P195H,3) Uncertain significance,P195H,0.0
EMB,embB,embB_T279P,3) Uncertain significance,T279P,0.0
EMB,embB,embB_P70R,3) Uncertain significance,P70R,0.0
EMB,embB,embB_A313V,3) Uncertain significance,A313V,0.0
EMB,embB,embB_V283M,3) Uncertain significance,V283M,0.0
EMB,embB,embB_E951Q,3) Uncertain significance,E951Q,0.0
EMB,embB,embB_R741W,3) Uncertain significance,R741W,0.0
EMB,embB,embB_S773P,3) Uncertain significance,S773P,0.0
EMB,embB,embB_I709T,3) Uncertain significance,I709T,0.0
EMB,embB,embB_L370R,3) Uncertain significance,L370R,0.0
EMB,embB,embB_P731L,3) Uncertain significance,P731L,0.0
EMB,embB,embB_V131M,3) Uncertain significance,V131M,0.0
EMB,embB,embB_C361S,3) Uncertain significance,C361S,0.0
EMB,embB,embB_T1082A,4) Not assoc w R - Interim,T1082A,0.5076923076923077
EMB,embB,embB_G156C,4) Not assoc w R - Interim,G156C,0.6595744680851063
EMB,embB,embB_V668I,4) Not assoc w R - Interim,V668I,0.0
EMB,embB,embB_E378A,5) Not assoc w R,E378A,0.048433968356474004
EMB,embB,embB_N13S,5) Not assoc w R,N13S,0.0228310502283105
EMB,embB,embB_S1054P,5) Not assoc w R,S1054P,0.02631578947368421
EMB,embB,embB_Q139H,5) Not assoc w R,Q139H,0.01020408163265306
EMB,embB,embB_R213Q,5) Not assoc w R,R213Q,0.0
ETH,ethA,ethA_R207G,1) Assoc w R,R207G,0.7142857142857143
ETH,ethA,ethA_M1R,1) Assoc w R,M1R,0.6136363636363636
ETH,inhA,inhA_S94A,2) Assoc w R - Interim,S94A,0.8611111111111112
ETH,ethA,ethA_P378L,2) Assoc w R - Interim,P378L,0.44642857142857145
ETH,ethA,ethA_M1T,2) Assoc w R - Interim,M1T,0.8
ETH,ethA,ethA_S390F,2) Assoc w R - Interim,S390F,0.8260869565217391
ETH,ethA,ethA_A341V,2) Assoc w R - Interim,A341V,0.9
ETH,ethA,ethA_S57Y,2) Assoc w R - Interim,S57Y,0.9166666666666666
ETH,ethA,ethA_Y32D,2) Assoc w R - Interim,Y32D,0.625
ETH,ethA,ethA_T88I,2) Assoc w R - Interim,T88I,0.8888888888888888
ETH,ethA,ethA_G11V,2) Assoc w R - Interim,G11V,1.0
ETH,ethA,ethA_S266R,3) Uncertain significance,S266R,0.3270042194092827
ETH,ethA,ethA_H281P,3) Uncertain significance,H281P,0.84375
ETH,ethA,ethA_N345K,3) Uncertain significance,N345K,0.3501577287066246
ETH,ethA,ethA_A381P,3) Uncertain significance,A381P,0.37244897959183676
ETH,inhA,inhA_I21T,3) Uncertain significance,I21T,0.9333333333333333
ETH,inhA,inhA_I194T,3) Uncertain significance,I194T,0.6422018348623854
ETH,ethA,ethA_T321P,3) Uncertain significance,T321P,0.9701492537313433
ETH,ethA,ethA_T314I,3) Uncertain significance,T314I,0.28776978417266186
ETH,inhA,inhA_I21V,3) Uncertain significance,I21V,0.8846153846153846
ETH,ethA,ethA_N379D,3) Uncertain significance,N379D,0.24528301886792453
ETH,ethA,ethA_C137R,3) Uncertain significance,C137R,0.4782608695652174
ETH,ethA,ethA_P334A,3) Uncertain significance,P334A,0.16666666666666666
ETH,ethA,ethA_A89E,3) Uncertain significance,A89E,0.4
ETH,ethA,ethA_T453I,3) Uncertain significance,T453I,0.12121212121212122
ETH,inhA,inhA_A239V,3) Uncertain significance,A239V,1.0
ETH,ethA,ethA_V17A,3) Uncertain significance,V17A,0.875
ETH,ethA,ethA_L35R,3) Uncertain significance,L35R,0.6363636363636364
ETH,ethA,ethA_T314A,3) Uncertain significance,T314A,0.8571428571428571
ETH,ethA,ethA_Y211S,3) Uncertain significance,Y211S,0.8571428571428571
ETH,ethA,ethA_C403W,3) Uncertain significance,C403W,1.0
ETH,ethA,ethA_T44A,3) Uncertain significance,T44A,1.0
ETH,ethA,ethA_D58G,3) Uncertain significance,D58G,0.8333333333333334
ETH,ethA,ethA_V188I,3) Uncertain significance,V188I,0.25
ETH,ethA,ethA_P192S,3) Uncertain significance,P192S,0.2
ETH,ethA,ethA_H201P,3) Uncertain significance,H201P,1.0
ETH,ethA,ethA_P447L,3) Uncertain significance,P447L,1.0
ETH,ethA,ethA_T342A,3) Uncertain significance,T342A,1.0
ETH,ethA,ethA_V202G,3) Uncertain significance,V202G,1.0
ETH,ethA,ethA_C27Y,3) Uncertain significance,C27Y,0.8
ETH,ethA,ethA_G43S,3) Uncertain significance,G43S,0.8
ETH,ethA,ethA_L136R,3) Uncertain significance,L136R,0.8
ETH,ethA,ethA_P273L,3) Uncertain significance,P273L,0.8
ETH,ethA,ethA_C137Y,3) Uncertain significance,C137Y,0.6666666666666666
ETH,ethA,ethA_Q254P,3) Uncertain significance,Q254P,0.5
ETH,ethA,ethA_P192T,3) Uncertain significance,P192T,0.3333333333333333
ETH,ethA,ethA_N379K,3) Uncertain significance,N379K,0.3076923076923077
ETH,ethA,ethA_A341E,3) Uncertain significance,A341E,1.0
ETH,ethA,ethA_G124V,3) Uncertain significance,G124V,1.0
ETH,ethA,ethA_G42V,3) Uncertain significance,G42V,1.0
ETH,ethA,ethA_L129R,3) Uncertain significance,L129R,1.0
ETH,ethA,ethA_L205P,3) Uncertain significance,L205P,1.0
ETH,ethA,ethA_Q291P,3) Uncertain significance,Q291P,1.0
ETH,ethA,ethA_S138I,3) Uncertain significance,S138I,1.0
ETH,ethA,ethA_T342K,3) Uncertain significance,T342K,1.0
ETH,ethA,ethA_V191M,3) Uncertain significance,V191M,1.0
ETH,ethA,ethA_Y147S,3) Uncertain significance,Y147S,1.0
ETH,ethA,ethA_Y369C,3) Uncertain significance,Y369C,1.0
ETH,ethA,ethA_Y50D,3) Uncertain significance,Y50D,1.0
ETH,ethA,ethA_Y60C,3) Uncertain significance,Y60C,1.0
ETH,ethA,ethA_L194P,3) Uncertain significance,L194P,0.75
ETH,ethA,ethA_M41R,3) Uncertain significance,M41R,0.75
ETH,ethA,ethA_S55P,3) Uncertain significance,S55P,0.75
ETH,ethA,ethA_T392R,3) Uncertain significance,T392R,0.75
ETH,ethA,ethA_V118G,3) Uncertain significance,V118G,0.75
ETH,ethA,ethA_L397P,3) Uncertain significance,L397P,0.5
ETH,inhA,inhA_T236M,3) Uncertain significance,T236M,0.42857142857142855
ETH,ethA,ethA_P454L,3) Uncertain significance,P454L,0.375
ETH,ethA,ethA_T61M,3) Uncertain significance,T61M,0.375
ETH,ethA,ethA_H281R,3) Uncertain significance,H281R,0.3333333333333333
ETH,ethA,ethA_Y50C,3) Uncertain significance,Y50C,0.3333333333333333
ETH,ethA,ethA_A187V,3) Uncertain significance,A187V,1.0
ETH,ethA,ethA_D396G,3) Uncertain significance,D396G,1.0
ETH,ethA,ethA_D396N,3) Uncertain significance,D396N,1.0
ETH,ethA,ethA_F157S,3) Uncertain significance,F157S,1.0
ETH,ethA,ethA_F48S,3) Uncertain significance,F48S,1.0
ETH,ethA,ethA_G184D,3) Uncertain significance,G184D,1.0
ETH,ethA,ethA_I34S,3) Uncertain significance,I34S,1.0
ETH,ethA,ethA_L134R,3) Uncertain significance,L134R,1.0
ETH,ethA,ethA_L295W,3) Uncertain significance,L295W,1.0
ETH,ethA,ethA_L62R,3) Uncertain significance,L62R,1.0
ETH,ethA,ethA_N379H,3) Uncertain significance,N379H,1.0
ETH,ethA,ethA_P436L,3) Uncertain significance,P436L,1.0
ETH,ethA,ethA_Q206P,3) Uncertain significance,Q206P,1.0
ETH,ethA,ethA_Q246P,3) Uncertain significance,Q246P,1.0
ETH,ethA,ethA_R54C,3) Uncertain significance,R54C,1.0
ETH,ethA,ethA_T392P,3) Uncertain significance,T392P,1.0
ETH,ethA,ethA_T88P,3) Uncertain significance,T88P,1.0
ETH,ethA,ethA_W391C,3) Uncertain significance,W391C,1.0
ETH,ethA,ethA_Y84C,3) Uncertain significance,Y84C,1.0
ETH,ethA,ethA_Y84D,3) Uncertain significance,Y84D,1.0
ETH,inhA,inhA_F41S,3) Uncertain significance,F41S,1.0
ETH,inhA,inhA_I16T,3) Uncertain significance,I16T,1.0
ETH,inhA,inhA_I95V,3) Uncertain significance,I95V,1.0
ETH,ethA,ethA_A19V,3) Uncertain significance,A19V,0.6666666666666666
ETH,ethA,ethA_G13E,3) Uncertain significance,G13E,0.6666666666666666
ETH,ethA,ethA_P192L,3) Uncertain significance,P192L,0.6666666666666666
ETH,ethA,ethA_P257R,3) Uncertain significance,P257R,0.6666666666666666
ETH,ethA,ethA_S138R,3) Uncertain significance,S138R,0.6666666666666666
ETH,ethA,ethA_W167R,3) Uncertain significance,W167R,0.6666666666666666
ETH,ethA,ethA_Y211C,3) Uncertain significance,Y211C,0.6666666666666666
ETH,ethA,ethA_G182D,3) Uncertain significance,G182D,0.5
ETH,ethA,ethA_I305S,3) Uncertain significance,I305S,0.5
ETH,ethA,ethA_C294Y,3) Uncertain significance,C294Y,0.4
ETH,ethA,ethA_P257S,3) Uncertain significance,P257S,0.4
ETH,ethA,ethA_R207C,3) Uncertain significance,R207C,0.4
ETH,ethA,ethA_S208P,3) Uncertain significance,S208P,0.4
ETH,ethA,ethA_A247P,3) Uncertain significance,A247P,0.2857142857142857
ETH,ethA,ethA_D56A,3) Uncertain significance,D56A,0.2857142857142857
ETH,ethA,ethA_L244P,3) Uncertain significance,L244P,0.25
ETH,ethA,ethA_G423R,3) Uncertain significance,G423R,0.08333333333333333
ETH,ethA,ethA_A185V,3) Uncertain significance,A185V,1.0
ETH,ethA,ethA_A187E,3) Uncertain significance,A187E,1.0
ETH,ethA,ethA_A20S,3) Uncertain significance,A20S,1.0
ETH,ethA,ethA_A20V,3) Uncertain significance,A20V,1.0
ETH,ethA,ethA_A222T,3) Uncertain significance,A222T,1.0
ETH,ethA,ethA_A234D,3) Uncertain significance,A234D,1.0
ETH,ethA,ethA_A304V,3) Uncertain significance,A304V,1.0
ETH,ethA,ethA_C131R,3) Uncertain significance,C131R,1.0
ETH,ethA,ethA_C253F,3) Uncertain significance,C253F,1.0
ETH,ethA,ethA_C253R,3) Uncertain significance,C253R,1.0
ETH,ethA,ethA_C253W,3) Uncertain significance,C253W,1.0
ETH,ethA,ethA_C294W,3) Uncertain significance,C294W,1.0
ETH,ethA,ethA_C403R,3) Uncertain significance,C403R,1.0
ETH,ethA,ethA_C403Y,3) Uncertain significance,C403Y,1.0
ETH,ethA,ethA_D219G,3) Uncertain significance,D219G,1.0
ETH,ethA,ethA_D444G,3) Uncertain significance,D444G,1.0
ETH,ethA,ethA_D56G,3) Uncertain significance,D56G,1.0
ETH,ethA,ethA_E36K,3) Uncertain significance,E36K,1.0
ETH,ethA,ethA_E36Q,3) Uncertain significance,E36Q,1.0
ETH,ethA,ethA_E400K,3) Uncertain significance,E400K,1.0
ETH,ethA,ethA_F133S,3) Uncertain significance,F133S,1.0
ETH,ethA,ethA_F264S,3) Uncertain significance,F264S,1.0
ETH,ethA,ethA_F66L,3) Uncertain significance,F66L,1.0
ETH,ethA,ethA_G11D,3) Uncertain significance,G11D,1.0
ETH,ethA,ethA_G139S,3) Uncertain significance,G139S,1.0
ETH,ethA,ethA_G13R,3) Uncertain significance,G13R,1.0
ETH,ethA,ethA_G16D,3) Uncertain significance,G16D,1.0
ETH,ethA,ethA_G182S,3) Uncertain significance,G182S,1.0
ETH,ethA,ethA_G275E,3) Uncertain significance,G275E,1.0
ETH,ethA,ethA_G343E,3) Uncertain significance,G343E,1.0
ETH,ethA,ethA_G343R,3) Uncertain significance,G343R,1.0
ETH,ethA,ethA_G371V,3) Uncertain significance,G371V,1.0
ETH,ethA,ethA_G43D,3) Uncertain significance,G43D,1.0
ETH,ethA,ethA_G450C,3) Uncertain significance,G450C,1.0
ETH,ethA,ethA_G471V,3) Uncertain significance,G471V,1.0
ETH,ethA,ethA_G63D,3) Uncertain significance,G63D,1.0
ETH,ethA,ethA_H166P,3) Uncertain significance,H166P,1.0
ETH,ethA,ethA_H22R,3) Uncertain significance,H22R,1.0
ETH,ethA,ethA_H307P,3) Uncertain significance,H307P,1.0
ETH,ethA,ethA_I161S,3) Uncertain significance,I161S,1.0
ETH,ethA,ethA_I181S,3) Uncertain significance,I181S,1.0
ETH,ethA,ethA_I212M,3) Uncertain significance,I212M,1.0
ETH,ethA,ethA_I356T,3) Uncertain significance,I356T,1.0
ETH,ethA,ethA_I473S,3) Uncertain significance,I473S,1.0
ETH,ethA,ethA_I9S,3) Uncertain significance,I9S,1.0
ETH,ethA,ethA_L134H,3) Uncertain significance,L134H,1.0
ETH,ethA,ethA_L190F,3) Uncertain significance,L190F,1.0
ETH,ethA,ethA_L194R,3) Uncertain significance,L194R,1.0
ETH,ethA,ethA_L225P,3) Uncertain significance,L225P,1.0
ETH,ethA,ethA_L225R,3) Uncertain significance,L225R,1.0
ETH,ethA,ethA_L23P,3) Uncertain significance,L23P,1.0
ETH,ethA,ethA_L35P,3) Uncertain significance,L35P,1.0
ETH,ethA,ethA_L393R,3) Uncertain significance,L393R,1.0
ETH,ethA,ethA_L406S,3) Uncertain significance,L406S,1.0
ETH,ethA,ethA_L47S,3) Uncertain significance,L47S,1.0
ETH,ethA,ethA_M1L,3) Uncertain significance,M1L,1.0
ETH,ethA,ethA_M204V,3) Uncertain significance,M204V,1.0
ETH,ethA,ethA_M380I,3) Uncertain significance,M380I,1.0
ETH,ethA,ethA_M409T,3) Uncertain significance,M409T,1.0
ETH,ethA,ethA_M59R,3) Uncertain significance,M59R,1.0
ETH,ethA,ethA_P160S,3) Uncertain significance,P160S,1.0
ETH,ethA,ethA_P230Q,3) Uncertain significance,P230Q,1.0
ETH,ethA,ethA_P257L,3) Uncertain significance,P257L,1.0
ETH,ethA,ethA_P257Q,3) Uncertain significance,P257Q,1.0
ETH,ethA,ethA_P257T,3) Uncertain significance,P257T,1.0
ETH,ethA,ethA_P273R,3) Uncertain significance,P273R,1.0
ETH,ethA,ethA_P288S,3) Uncertain significance,P288S,1.0
ETH,ethA,ethA_P422L,3) Uncertain significance,P422L,1.0
ETH,ethA,ethA_P454S,3) Uncertain significance,P454S,1.0
ETH,ethA,ethA_Q165H,3) Uncertain significance,Q165H,1.0
ETH,ethA,ethA_Q271P,3) Uncertain significance,Q271P,1.0
ETH,ethA,ethA_R303P,3) Uncertain significance,R303P,1.0
ETH,ethA,ethA_R404L,3) Uncertain significance,R404L,1.0
ETH,ethA,ethA_R441C,3) Uncertain significance,R441C,1.0
ETH,ethA,ethA_R441P,3) Uncertain significance,R441P,1.0
ETH,ethA,ethA_R452G,3) Uncertain significance,R452G,1.0
ETH,ethA,ethA_R479P,3) Uncertain significance,R479P,1.0
ETH,ethA,ethA_R54L,3) Uncertain significance,R54L,1.0
ETH,ethA,ethA_R96K,3) Uncertain significance,R96K,1.0
ETH,ethA,ethA_S208L,3) Uncertain significance,S208L,1.0
ETH,ethA,ethA_S57P,3) Uncertain significance,S57P,1.0
ETH,ethA,ethA_T186P,3) Uncertain significance,T186P,1.0
ETH,ethA,ethA_T189M,3) Uncertain significance,T189M,1.0
ETH,ethA,ethA_T203P,3) Uncertain significance,T203P,1.0
ETH,ethA,ethA_T366P,3) Uncertain significance,T366P,1.0
ETH,ethA,ethA_T383P,3) Uncertain significance,T383P,1.0
ETH,ethA,ethA_T435I,3) Uncertain significance,T435I,1.0
ETH,ethA,ethA_T44I,3) Uncertain significance,T44I,1.0
ETH,ethA,ethA_T61K,3) Uncertain significance,T61K,1.0
ETH,ethA,ethA_V118F,3) Uncertain significance,V118F,1.0
ETH,ethA,ethA_V296M,3) Uncertain significance,V296M,1.0
ETH,ethA,ethA_V384G,3) Uncertain significance,V384G,1.0
ETH,ethA,ethA_V417E,3) Uncertain significance,V417E,1.0
ETH,ethA,ethA_W167S,3) Uncertain significance,W167S,1.0
ETH,ethA,ethA_W21G,3) Uncertain significance,W21G,1.0
ETH,ethA,ethA_W21L,3) Uncertain significance,W21L,1.0
ETH,ethA,ethA_W21R,3) Uncertain significance,W21R,1.0
ETH,ethA,ethA_W45L,3) Uncertain significance,W45L,1.0
ETH,ethA,ethA_Y235H,3) Uncertain significance,Y235H,1.0
ETH,ethA,ethA_Y286C,3) Uncertain significance,Y286C,1.0
ETH,ethA,ethA_Y369D,3) Uncertain significance,Y369D,1.0
ETH,ethA,ethA_Y382N,3) Uncertain significance,Y382N,1.0
ETH,inhA,inhA_G40W,3) Uncertain significance,G40W,1.0
ETH,inhA,inhA_M161V,3) Uncertain significance,M161V,1.0
ETH,inhA,inhA_P107S,3) Uncertain significance,P107S,1.0
ETH,inhA,inhA_T162M,3) Uncertain significance,T162M,1.0
ETH,inhA,inhA_T51A,3) Uncertain significance,T51A,1.0
ETH,ethA,ethA_A20D,3) Uncertain significance,A20D,0.5
ETH,ethA,ethA_C137G,3) Uncertain significance,C137G,0.5
ETH,ethA,ethA_F302V,3) Uncertain significance,F302V,0.5
ETH,ethA,ethA_G182C,3) Uncertain significance,G182C,0.5
ETH,ethA,ethA_H102P,3) Uncertain significance,H102P,0.5
ETH,ethA,ethA_H119P,3) Uncertain significance,H119P,0.5
ETH,ethA,ethA_H163D,3) Uncertain significance,H163D,0.5
ETH,ethA,ethA_I338S,3) Uncertain significance,I338S,0.5
ETH,ethA,ethA_L23R,3) Uncertain significance,L23R,0.5
ETH,ethA,ethA_L374R,3) Uncertain significance,L374R,0.5
ETH,ethA,ethA_L397R,3) Uncertain significance,L397R,0.5
ETH,ethA,ethA_L478R,3) Uncertain significance,L478R,0.5
ETH,ethA,ethA_L62P,3) Uncertain significance,L62P,0.5
ETH,ethA,ethA_M372R,3) Uncertain significance,M372R,0.5
ETH,ethA,ethA_P164L,3) Uncertain significance,P164L,0.5
ETH,ethA,ethA_P230L,3) Uncertain significance,P230L,0.5
ETH,ethA,ethA_S183R,3) Uncertain significance,S183R,0.5
ETH,ethA,ethA_S251R,3) Uncertain significance,S251R,0.5
ETH,ethA,ethA_T2A,3) Uncertain significance,T2A,0.5
ETH,ethA,ethA_T355P,3) Uncertain significance,T355P,0.5
ETH,ethA,ethA_V402F,3) Uncertain significance,V402F,0.5
ETH,ethA,ethA_W109C,3) Uncertain significance,W109C,0.5
ETH,ethA,ethA_W289R,3) Uncertain significance,W289R,0.5
ETH,ethA,ethA_W69R,3) Uncertain significance,W69R,0.5
ETH,ethA,ethA_Y211H,3) Uncertain significance,Y211H,0.5
ETH,ethA,ethA_Y60D,3) Uncertain significance,Y60D,0.5
ETH,inhA,inhA_A239T,3) Uncertain significance,A239T,0.5
ETH,inhA,inhA_I95L,3) Uncertain significance,I95L,0.5
ETH,ethA,ethA_A335D,3) Uncertain significance,A335D,0.3333333333333333
ETH,ethA,ethA_D58A,3) Uncertain significance,D58A,0.3333333333333333
ETH,ethA,ethA_F282V,3) Uncertain significance,F282V,0.3333333333333333
ETH,ethA,ethA_F431L,3) Uncertain significance,F431L,0.3333333333333333
ETH,ethA,ethA_G139A,3) Uncertain significance,G139A,0.3333333333333333
ETH,ethA,ethA_G343V,3) Uncertain significance,G343V,0.3333333333333333
ETH,ethA,ethA_I94S,3) Uncertain significance,I94S,0.3333333333333333
ETH,ethA,ethA_L190P,3) Uncertain significance,L190P,0.3333333333333333
ETH,ethA,ethA_L35V,3) Uncertain significance,L35V,0.3333333333333333
ETH,ethA,ethA_M59T,3) Uncertain significance,M59T,0.3333333333333333
ETH,ethA,ethA_P447S,3) Uncertain significance,P447S,0.3333333333333333
ETH,ethA,ethA_R207S,3) Uncertain significance,R207S,0.3333333333333333
ETH,ethA,ethA_S375Y,3) Uncertain significance,S375Y,0.3333333333333333
ETH,ethA,ethA_V10G,3) Uncertain significance,V10G,0.3333333333333333
ETH,ethA,ethA_Y386S,3) Uncertain significance,Y386S,0.3333333333333333
ETH,ethA,ethA_Y461C,3) Uncertain significance,Y461C,0.3333333333333333
ETH,ethA,ethA_A112G,3) Uncertain significance,A112G,0.25
ETH,ethA,ethA_G450S,3) Uncertain significance,G450S,0.25
ETH,ethA,ethA_N287K,3) Uncertain significance,N287K,0.25
ETH,ethA,ethA_P51H,3) Uncertain significance,P51H,0.25
ETH,ethA,ethA_P51R,3) Uncertain significance,P51R,0.25
ETH,ethA,ethA_R65P,3) Uncertain significance,R65P,0.25
ETH,ethA,ethA_T117P,3) Uncertain significance,T117P,0.25
ETH,ethA,ethA_V238G,3) Uncertain significance,V238G,0.25
ETH,ethA,ethA_I34T,3) Uncertain significance,I34T,0.2
ETH,ethA,ethA_M204T,3) Uncertain significance,M204T,0.2
ETH,ethA,ethA_S399L,3) Uncertain significance,S399L,0.2
ETH,ethA,ethA_S55A,3) Uncertain significance,S55A,0.2
ETH,ethA,ethA_I105L,3) Uncertain significance,I105L,0.16666666666666666
ETH,ethA,ethA_Y276H,3) Uncertain significance,Y276H,0.16666666666666666
ETH,ethA,ethA_L440P,3) Uncertain significance,L440P,0.14285714285714285
ETH,ethA,ethA_Q165P,3) Uncertain significance,Q165P,0.14285714285714285
ETH,ethA,ethA_D77G,3) Uncertain significance,D77G,0.125
ETH,inhA,inhA_T162S,3) Uncertain significance,T162S,0.058823529411764705
ETH,ethA,ethA_L348F,3) Uncertain significance,L348F,0.05263157894736842
ETH,ethA,ethA_A12V,3) Uncertain significance,A12V,0.0
ETH,ethA,ethA_A20P,3) Uncertain significance,A20P,0.0
ETH,ethA,ethA_A222V,3) Uncertain significance,A222V,0.0
ETH,ethA,ethA_A322V,3) Uncertain significance,A322V,0.0
ETH,ethA,ethA_A33P,3) Uncertain significance,A33P,0.0
ETH,ethA,ethA_A352E,3) Uncertain significance,A352E,0.0
ETH,ethA,ethA_A354G,3) Uncertain significance,A354G,0.0
ETH,ethA,ethA_A389D,3) Uncertain significance,A389D,0.0
ETH,ethA,ethA_A395D,3) Uncertain significance,A395D,0.0
ETH,ethA,ethA_A481T,3) Uncertain significance,A481T,0.0
ETH,ethA,ethA_A74P,3) Uncertain significance,A74P,0.0
ETH,ethA,ethA_A74V,3) Uncertain significance,A74V,0.0
ETH,ethA,ethA_C403G,3) Uncertain significance,C403G,0.0
ETH,ethA,ethA_D144G,3) Uncertain significance,D144G,0.0
ETH,ethA,ethA_D196E,3) Uncertain significance,D196E,0.0
ETH,ethA,ethA_D219E,3) Uncertain significance,D219E,0.0
ETH,ethA,ethA_D290E,3) Uncertain significance,D290E,0.0
ETH,ethA,ethA_D336E,3) Uncertain significance,D336E,0.0
ETH,ethA,ethA_D410H,3) Uncertain significance,D410H,0.0
ETH,ethA,ethA_D46N,3) Uncertain significance,D46N,0.0
ETH,ethA,ethA_E113Q,3) Uncertain significance,E113Q,0.0
ETH,ethA,ethA_E311D,3) Uncertain significance,E311D,0.0
ETH,ethA,ethA_E476Q,3) Uncertain significance,E476Q,0.0
ETH,ethA,ethA_F151L,3) Uncertain significance,F151L,0.0
ETH,ethA,ethA_F264L,3) Uncertain significance,F264L,0.0
ETH,ethA,ethA_F282L,3) Uncertain significance,F282L,0.0
ETH,ethA,ethA_F302S,3) Uncertain significance,F302S,0.0
ETH,ethA,ethA_F320S,3) Uncertain significance,F320S,0.0
ETH,ethA,ethA_F64C,3) Uncertain significance,F64C,0.0
ETH,ethA,ethA_F64L,3) Uncertain significance,F64L,0.0
ETH,ethA,ethA_G124D,3) Uncertain significance,G124D,0.0
ETH,ethA,ethA_G182A,3) Uncertain significance,G182A,0.0
ETH,ethA,ethA_G324A,3) Uncertain significance,G324A,0.0
ETH,ethA,ethA_G324R,3) Uncertain significance,G324R,0.0
ETH,ethA,ethA_G350C,3) Uncertain significance,G350C,0.0
ETH,ethA,ethA_G351V,3) Uncertain significance,G351V,0.0
ETH,ethA,ethA_G423V,3) Uncertain significance,G423V,0.0
ETH,ethA,ethA_G42D,3) Uncertain significance,G42D,0.0
ETH,ethA,ethA_G42S,3) Uncertain significance,G42S,0.0
ETH,ethA,ethA_G43A,3) Uncertain significance,G43A,0.0
ETH,ethA,ethA_G471R,3) Uncertain significance,G471R,0.0
ETH,ethA,ethA_G477D,3) Uncertain significance,G477D,0.0
ETH,ethA,ethA_G63V,3) Uncertain significance,G63V,0.0
ETH,ethA,ethA_G78D,3) Uncertain significance,G78D,0.0
ETH,ethA,ethA_G93R,3) Uncertain significance,G93R,0.0
ETH,ethA,ethA_H22D,3) Uncertain significance,H22D,0.0
ETH,ethA,ethA_H22Y,3) Uncertain significance,H22Y,0.0
ETH,ethA,ethA_H281Q,3) Uncertain significance,H281Q,0.0
ETH,ethA,ethA_H307Q,3) Uncertain significance,H307Q,0.0
ETH,ethA,ethA_H4N,3) Uncertain significance,H4N,0.0
ETH,ethA,ethA_I120N,3) Uncertain significance,I120N,0.0
ETH,ethA,ethA_I178V,3) Uncertain significance,I178V,0.0
ETH,ethA,ethA_I338M,3) Uncertain significance,I338M,0.0
ETH,ethA,ethA_I339S,3) Uncertain significance,I339S,0.0
ETH,ethA,ethA_I34M,3) Uncertain significance,I34M,0.0
ETH,ethA,ethA_I377K,3) Uncertain significance,I377K,0.0
ETH,ethA,ethA_I81T,3) Uncertain significance,I81T,0.0
ETH,ethA,ethA_I98V,3) Uncertain significance,I98V,0.0
ETH,ethA,ethA_K200R,3) Uncertain significance,K200R,0.0
ETH,ethA,ethA_K394T,3) Uncertain significance,K394T,0.0
ETH,ethA,ethA_L126F,3) Uncertain significance,L126F,0.0
ETH,ethA,ethA_L171F,3) Uncertain significance,L171F,0.0
ETH,ethA,ethA_L205R,3) Uncertain significance,L205R,0.0
ETH,ethA,ethA_L344S,3) Uncertain significance,L344S,0.0
ETH,ethA,ethA_L374F,3) Uncertain significance,L374F,0.0
ETH,ethA,ethA_L393P,3) Uncertain significance,L393P,0.0
ETH,ethA,ethA_L405S,3) Uncertain significance,L405S,0.0
ETH,ethA,ethA_L82R,3) Uncertain significance,L82R,0.0
ETH,ethA,ethA_M233I,3) Uncertain significance,M233I,0.0
ETH,ethA,ethA_M233V,3) Uncertain significance,M233V,0.0
ETH,ethA,ethA_N298T,3) Uncertain significance,N298T,0.0
ETH,ethA,ethA_N379S,3) Uncertain significance,N379S,0.0
ETH,ethA,ethA_P149L,3) Uncertain significance,P149L,0.0
ETH,ethA,ethA_P160T,3) Uncertain significance,P160T,0.0
ETH,ethA,ethA_P164Q,3) Uncertain significance,P164Q,0.0
ETH,ethA,ethA_P273S,3) Uncertain significance,P273S,0.0
ETH,ethA,ethA_P284A,3) Uncertain significance,P284A,0.0
ETH,ethA,ethA_P436A,3) Uncertain significance,P436A,0.0
ETH,ethA,ethA_P68L,3) Uncertain significance,P68L,0.0
ETH,ethA,ethA_Q165R,3) Uncertain significance,Q165R,0.0
ETH,ethA,ethA_Q271H,3) Uncertain significance,Q271H,0.0
ETH,ethA,ethA_R115C,3) Uncertain significance,R115C,0.0
ETH,ethA,ethA_R218W,3) Uncertain significance,R218W,0.0
ETH,ethA,ethA_R239G,3) Uncertain significance,R239G,0.0
ETH,ethA,ethA_R239W,3) Uncertain significance,R239W,0.0
ETH,ethA,ethA_R261W,3) Uncertain significance,R261W,0.0
ETH,ethA,ethA_R270H,3) Uncertain significance,R270H,0.0
ETH,ethA,ethA_R326L,3) Uncertain significance,R326L,0.0
ETH,ethA,ethA_R326Q,3) Uncertain significance,R326Q,0.0
ETH,ethA,ethA_R456C,3) Uncertain significance,R456C,0.0
ETH,ethA,ethA_R466W,3) Uncertain significance,R466W,0.0
ETH,ethA,ethA_R54H,3) Uncertain significance,R54H,0.0
ETH,ethA,ethA_S15C,3) Uncertain significance,S15C,0.0
ETH,ethA,ethA_S208A,3) Uncertain significance,S208A,0.0
ETH,ethA,ethA_S329P,3) Uncertain significance,S329P,0.0
ETH,ethA,ethA_S390Y,3) Uncertain significance,S390Y,0.0
ETH,ethA,ethA_S424L,3) Uncertain significance,S424L,0.0
ETH,ethA,ethA_T210N,3) Uncertain significance,T210N,0.0
ETH,ethA,ethA_T232A,3) Uncertain significance,T232A,0.0
ETH,ethA,ethA_T340I,3) Uncertain significance,T340I,0.0
ETH,ethA,ethA_T353M,3) Uncertain significance,T353M,0.0
ETH,ethA,ethA_T392A,3) Uncertain significance,T392A,0.0
ETH,ethA,ethA_T44P,3) Uncertain significance,T44P,0.0
ETH,ethA,ethA_T453S,3) Uncertain significance,T453S,0.0
ETH,ethA,ethA_V179G,3) Uncertain significance,V179G,0.0
ETH,ethA,ethA_V243A,3) Uncertain significance,V243A,0.0
ETH,ethA,ethA_V243G,3) Uncertain significance,V243G,0.0
ETH,ethA,ethA_V249A,3) Uncertain significance,V249A,0.0
ETH,ethA,ethA_V310I,3) Uncertain significance,V310I,0.0
ETH,ethA,ethA_V419I,3) Uncertain significance,V419I,0.0
ETH,ethA,ethA_V426F,3) Uncertain significance,V426F,0.0
ETH,ethA,ethA_V489F,3) Uncertain significance,V489F,0.0
ETH,ethA,ethA_V7A,3) Uncertain significance,V7A,0.0
ETH,ethA,ethA_W116C,3) Uncertain significance,W116C,0.0
ETH,ethA,ethA_W240R,3) Uncertain significance,W240R,0.0
ETH,ethA,ethA_W256G,3) Uncertain significance,W256G,0.0
ETH,ethA,ethA_W391R,3) Uncertain significance,W391R,0.0
ETH,ethA,ethA_W455R,3) Uncertain significance,W455R,0.0
ETH,ethA,ethA_W69L,3) Uncertain significance,W69L,0.0
ETH,ethA,ethA_W69S,3) Uncertain significance,W69S,0.0
ETH,ethA,ethA_Y141C,3) Uncertain significance,Y141C,0.0
ETH,ethA,ethA_Y250N,3) Uncertain significance,Y250N,0.0
ETH,ethA,ethA_Y276C,3) Uncertain significance,Y276C,0.0
ETH,ethA,ethA_Y50H,3) Uncertain significance,Y50H,0.0
ETH,ethA,ethA_Y60S,3) Uncertain significance,Y60S,0.0
ETH,ethA,ethA_Y92H,3) Uncertain significance,Y92H,0.0
ETH,inhA,inhA_A133T,3) Uncertain significance,A133T,0.0
ETH,inhA,inhA_A190S,3) Uncertain significance,A190S,0.0
ETH,inhA,inhA_A201T,3) Uncertain significance,A201T,0.0
ETH,inhA,inhA_A22S,3) Uncertain significance,A22S,0.0
ETH,inhA,inhA_A235T,3) Uncertain significance,A235T,0.0
ETH,inhA,inhA_A84T,3) Uncertain significance,A84T,0.0
ETH,inhA,inhA_D248N,3) Uncertain significance,D248N,0.0
ETH,inhA,inhA_D52G,3) Uncertain significance,D52G,0.0
ETH,inhA,inhA_E80A,3) Uncertain significance,E80A,0.0
ETH,inhA,inhA_G212S,3) Uncertain significance,G212S,0.0
ETH,inhA,inhA_G221S,3) Uncertain significance,G221S,0.0
ETH,inhA,inhA_G76D,3) Uncertain significance,G76D,0.0
ETH,inhA,inhA_G83R,3) Uncertain significance,G83R,0.0
ETH,inhA,inhA_N231K,3) Uncertain significance,N231K,0.0
ETH,inhA,inhA_Q216E,3) Uncertain significance,Q216E,0.0
ETH,inhA,inhA_Q35R,3) Uncertain significance,Q35R,0.0
ETH,inhA,inhA_T236A,3) Uncertain significance,T236A,0.0
ETH,inhA,inhA_T2P,3) Uncertain significance,T2P,0.0
ETH,inhA,inhA_V91A,3) Uncertain significance,V91A,0.0
ETH,inhA,inhA_Y182H,3) Uncertain significance,Y182H,0.0
ETH,ethA,ethA_A152V,3) Uncertain significance,A152V,0.0
ETH,ethA,ethA_A76D,3) Uncertain significance,A76D,0.0
ETH,ethA,ethA_D174G,3) Uncertain significance,D174G,0.0
ETH,ethA,ethA_E433D,3) Uncertain significance,E433D,0.0
ETH,ethA,ethA_G139D,3) Uncertain significance,G139D,0.0
ETH,ethA,ethA_G371C,3) Uncertain significance,G371C,0.0
ETH,ethA,ethA_G43C,3) Uncertain significance,G43C,0.0
ETH,ethA,ethA_G488V,3) Uncertain significance,G488V,0.0
ETH,ethA,ethA_G78S,3) Uncertain significance,G78S,0.0
ETH,ethA,ethA_I120V,3) Uncertain significance,I120V,0.0
ETH,ethA,ethA_L134P,3) Uncertain significance,L134P,0.0
ETH,ethA,ethA_L225H,3) Uncertain significance,L225H,0.0
ETH,ethA,ethA_L229P,3) Uncertain significance,L229P,0.0
ETH,ethA,ethA_L374H,3) Uncertain significance,L374H,0.0
ETH,ethA,ethA_M1I,3) Uncertain significance,M1I,0.0
ETH,ethA,ethA_M263T,3) Uncertain significance,M263T,0.0
ETH,ethA,ethA_M373T,3) Uncertain significance,M373T,0.0
ETH,ethA,ethA_M59I,3) Uncertain significance,M59I,0.0
ETH,ethA,ethA_Q165E,3) Uncertain significance,Q165E,0.0
ETH,ethA,ethA_R67H,3) Uncertain significance,R67H,0.0
ETH,ethA,ethA_S183G,3) Uncertain significance,S183G,0.0
ETH,ethA,ethA_S55C,3) Uncertain significance,S55C,0.0
ETH,ethA,ethA_T125M,3) Uncertain significance,T125M,0.0
ETH,ethA,ethA_T453R,3) Uncertain significance,T453R,0.0
ETH,ethA,ethA_T61R,3) Uncertain significance,T61R,0.0
ETH,ethA,ethA_V238I,3) Uncertain significance,V238I,0.0
ETH,ethA,ethA_Y386C,3) Uncertain significance,Y386C,0.0
ETH,ethA,ethA_Y60N,3) Uncertain significance,Y60N,0.0
ETH,inhA,inhA_D89N,3) Uncertain significance,D89N,0.0
ETH,inhA,inhA_E209G,3) Uncertain significance,E209G,0.0
ETH,inhA,inhA_V203A,3) Uncertain significance,V203A,0.0
ETH,ethA,ethA_F414L,3) Uncertain significance,F414L,0.0
ETH,ethA,ethA_G43V,3) Uncertain significance,G43V,0.0
ETH,ethA,ethA_H285P,3) Uncertain significance,H285P,0.0
ETH,ethA,ethA_M260I,3) Uncertain significance,M260I,0.0
ETH,ethA,ethA_P51L,3) Uncertain significance,P51L,0.0
ETH,ethA,ethA_R469W,3) Uncertain significance,R469W,0.0
ETH,ethA,ethA_T342M,3) Uncertain significance,T342M,0.0
ETH,ethA,ethA_W167C,3) Uncertain significance,W167C,0.0
ETH,ethA,ethA_Y211D,3) Uncertain significance,Y211D,0.0
ETH,inhA,inhA_V171I,3) Uncertain significance,V171I,0.0
ETH,ethA,ethA_G413D,3) Uncertain significance,G413D,0.0
ETH,ethA,ethA_H22P,3) Uncertain significance,H22P,0.0
ETH,ethA,ethA_I337V,3) Uncertain significance,I337V,0.0
ETH,ethA,ethA_I9T,3) Uncertain significance,I9T,0.0
ETH,ethA,ethA_T365M,3) Uncertain significance,T365M,0.0
ETH,ethA,ethA_Y461D,3) Uncertain significance,Y461D,0.0
ETH,inhA,inhA_V78A,3) Uncertain significance,V78A,0.0
ETH,ethA,ethA_A74E,3) Uncertain significance,A74E,0.0
ETH,ethA,ethA_D464G,3) Uncertain significance,D464G,0.0
ETH,ethA,ethA_A33G,3) Uncertain significance,A33G,0.0
ETH,ethA,ethA_I161V,3) Uncertain significance,I161V,0.0
ETH,inhA,inhA_I228V,3) Uncertain significance,I228V,0.0
ETH,ethA,ethA_T70S,3) Uncertain significance,T70S,0.0
ETH,ethA,ethA_D144N,3) Uncertain significance,D144N,0.0
INH,katG,katG_S315T,1) Assoc w R,S315T,0.9894616026711185
INH,katG,katG_S315N,1) Assoc w R,S315N,0.9831932773109243
INH,katG,katG_W328L,1) Assoc w R,W328L,1.0
INH,inhA,inhA_I194T,3) Uncertain significance,I194T,0.9834710743801653
INH,inhA,inhA_S94A,3) Uncertain significance,S94A,0.8521739130434782
INH,inhA,inhA_I21T,3) Uncertain significance,I21T,0.958904109589041
INH,katG,katG_I335V,3) Uncertain significance,I335V,1.0
INH,inhA,inhA_I21V,3) Uncertain significance,I21V,0.8571428571428571
INH,inhA,inhA_T162S,3) Uncertain significance,T162S,1.0
INH,katG,katG_W191R,3) Uncertain significance,W191R,0.9090909090909091
INH,katG,katG_V473L,3) Uncertain significance,V473L,0.6206896551724138
INH,katG,katG_S315G,3) Uncertain significance,S315G,0.9444444444444444
INH,katG,katG_T275A,3) Uncertain significance,T275A,1.0
INH,katG,katG_I317V,3) Uncertain significance,I317V,1.0
INH,katG,katG_Q127P,3) Uncertain significance,Q127P,0.9285714285714286
INH,katG,katG_S315I,3) Uncertain significance,S315I,1.0
INH,katG,katG_A109T,3) Uncertain significance,A109T,0.9166666666666666
INH,katG,katG_T380I,3) Uncertain significance,T380I,0.9166666666666666
INH,katG,katG_S140N,3) Uncertain significance,S140N,0.9090909090909091
INH,katG,katG_A110V,3) Uncertain significance,A110V,1.0
INH,katG,katG_P280S,3) Uncertain significance,P280S,0.5
INH,katG,katG_G699E,3) Uncertain significance,G699E,1.0
INH,katG,katG_N138H,3) Uncertain significance,N138H,1.0
INH,katG,katG_V1A,3) Uncertain significance,V1A,1.0
INH,katG,katG_Y155S,3) Uncertain significance,Y155S,1.0
INH,katG,katG_T625A,3) Uncertain significance,T625A,0.8888888888888888
INH,katG,katG_Y155C,3) Uncertain significance,Y155C,0.8888888888888888
INH,katG,katG_W191G,3) Uncertain significance,W191G,0.6666666666666666
INH,inhA,inhA_T236M,3) Uncertain significance,T236M,1.0
INH,katG,katG_A480S,3) Uncertain significance,A480S,1.0
INH,katG,katG_G285C,3) Uncertain significance,G285C,1.0
INH,katG,katG_F167C,3) Uncertain significance,F167C,1.0
INH,katG,katG_M257I,3) Uncertain significance,M257I,0.8571428571428571
INH,katG,katG_P432L,3) Uncertain significance,P432L,0.8571428571428571
INH,katG,katG_W161R,3) Uncertain significance,W161R,0.8571428571428571
INH,katG,katG_K557N,3) Uncertain significance,K557N,0.3
INH,inhA,inhA_A239V,3) Uncertain significance,A239V,1.0
INH,katG,katG_A106V,3) Uncertain significance,A106V,1.0
INH,katG,katG_D142N,3) Uncertain significance,D142N,1.0
INH,katG,katG_D448A,3) Uncertain significance,D448A,1.0
INH,katG,katG_I364T,3) Uncertain significance,I364T,1.0
INH,katG,katG_P232A,3) Uncertain significance,P232A,1.0
INH,katG,katG_T568P,3) Uncertain significance,T568P,1.0
INH,katG,katG_V386E,3) Uncertain significance,V386E,1.0
INH,katG,katG_V697L,3) Uncertain significance,V697L,1.0
INH,katG,katG_P232S,3) Uncertain significance,P232S,0.8333333333333334
INH,katG,katG_S302R,3) Uncertain significance,S302R,0.8333333333333334
INH,katG,katG_Y337C,3) Uncertain significance,Y337C,0.8333333333333334
INH,katG,katG_A244G,3) Uncertain significance,A244G,0.7142857142857143
INH,katG,katG_N138D,3) Uncertain significance,N138D,0.7142857142857143
INH,katG,katG_Q461P,3) Uncertain significance,Q461P,0.625
INH,katG,katG_V423I,3) Uncertain significance,V423I,0.45454545454545453
INH,inhA,inhA_I228V,3) Uncertain significance,I228V,0.14705882352941177
INH,katG,katG_E709A,3) Uncertain significance,E709A,1.0
INH,katG,katG_G125D,3) Uncertain significance,G125D,1.0
INH,katG,katG_G169S,3) Uncertain significance,G169S,1.0
INH,katG,katG_G279D,3) Uncertain significance,G279D,1.0
INH,katG,katG_I248T,3) Uncertain significance,I248T,1.0
INH,katG,katG_L141S,3) Uncertain significance,L141S,1.0
INH,katG,katG_L378M,3) Uncertain significance,L378M,1.0
INH,katG,katG_L587R,3) Uncertain significance,L587R,1.0
INH,katG,katG_N596S,3) Uncertain significance,N596S,1.0
INH,katG,katG_Q295K,3) Uncertain significance,Q295K,1.0
INH,katG,katG_T271I,3) Uncertain significance,T271I,1.0
INH,katG,katG_T677P,3) Uncertain significance,T677P,1.0
INH,katG,katG_V1V,3) Uncertain significance,V1V,1.0
INH,katG,katG_Y597H,3) Uncertain significance,Y597H,1.0
INH,inhA,inhA_A190S,3) Uncertain significance,A190S,0.8
INH,katG,katG_A109V,3) Uncertain significance,A109V,0.8
INH,katG,katG_D189G,3) Uncertain significance,D189G,0.8
INH,katG,katG_G121S,3) Uncertain significance,G121S,0.8
INH,katG,katG_A726T,3) Uncertain significance,A726T,0.4444444444444444
INH,katG,katG_P6S,3) Uncertain significance,P6S,0.16666666666666666
INH,katG,katG_T475I,3) Uncertain significance,T475I,0.16666666666666666
INH,katG,katG_D142G,3) Uncertain significance,D142G,1.0
INH,katG,katG_D419Y,3) Uncertain significance,D419Y,1.0
INH,katG,katG_G118S,3) Uncertain significance,G118S,1.0
INH,katG,katG_G297V,3) Uncertain significance,G297V,1.0
INH,katG,katG_G299S,3) Uncertain significance,G299S,1.0
INH,katG,katG_L298S,3) Uncertain significance,L298S,1.0
INH,katG,katG_L48P,3) Uncertain significance,L48P,1.0
INH,katG,katG_N493S,3) Uncertain significance,N493S,1.0
INH,katG,katG_R104Q,3) Uncertain significance,R104Q,1.0
INH,katG,katG_R146G,3) Uncertain significance,R146G,1.0
INH,katG,katG_R425G,3) Uncertain significance,R425G,1.0
INH,katG,katG_R484H,3) Uncertain significance,R484H,1.0
INH,katG,katG_S315R,3) Uncertain significance,S315R,1.0
INH,katG,katG_T271P,3) Uncertain significance,T271P,1.0
INH,katG,katG_T579A,3) Uncertain significance,T579A,1.0
INH,katG,katG_V83L,3) Uncertain significance,V83L,1.0
INH,katG,katG_W149R,3) Uncertain significance,W149R,1.0
INH,katG,katG_A348G,3) Uncertain significance,A348G,0.75
INH,katG,katG_A379V,3) Uncertain significance,A379V,0.75
INH,katG,katG_W91R,3) Uncertain significance,W91R,0.75
INH,inhA,inhA_A239T,3) Uncertain significance,A239T,1.0
INH,inhA,inhA_E209G,3) Uncertain significance,E209G,1.0
INH,inhA,inhA_G33S,3) Uncertain significance,G33S,1.0
INH,inhA,inhA_G40W,3) Uncertain significance,G40W,1.0
INH,inhA,inhA_I95L,3) Uncertain significance,I95L,1.0
INH,inhA,inhA_I95V,3) Uncertain significance,I95V,1.0
INH,katG,katG_A172V,3) Uncertain significance,A172V,1.0
INH,katG,katG_A222T,3) Uncertain significance,A222T,1.0
INH,katG,katG_A379T,3) Uncertain significance,A379T,1.0
INH,katG,katG_D163N,3) Uncertain significance,D163N,1.0
INH,katG,katG_D419A,3) Uncertain significance,D419A,1.0
INH,katG,katG_D419H,3) Uncertain significance,D419H,1.0
INH,katG,katG_D542E,3) Uncertain significance,D542E,1.0
INH,katG,katG_D663Y,3) Uncertain significance,D663Y,1.0
INH,katG,katG_D94A,3) Uncertain significance,D94A,1.0
INH,katG,katG_E233G,3) Uncertain significance,E233G,1.0
INH,katG,katG_E3G,3) Uncertain significance,E3G,1.0
INH,katG,katG_E506D,3) Uncertain significance,E506D,1.0
INH,katG,katG_E588G,3) Uncertain significance,E588G,1.0
INH,katG,katG_E607D,3) Uncertain significance,E607D,1.0
INH,katG,katG_E709D,3) Uncertain significance,E709D,1.0
INH,katG,katG_F183L,3) Uncertain significance,F183L,1.0
INH,katG,katG_F368L,3) Uncertain significance,F368L,1.0
INH,katG,katG_G177A,3) Uncertain significance,G177A,1.0
INH,katG,katG_G34A,3) Uncertain significance,G34A,1.0
INH,katG,katG_G491S,3) Uncertain significance,G491S,1.0
INH,katG,katG_H97L,3) Uncertain significance,H97L,1.0
INH,katG,katG_I228L,3) Uncertain significance,I228L,1.0
INH,katG,katG_L141F,3) Uncertain significance,L141F,1.0
INH,katG,katG_L159P,3) Uncertain significance,L159P,1.0
INH,katG,katG_L333P,3) Uncertain significance,L333P,1.0
INH,katG,katG_L43R,3) Uncertain significance,L43R,1.0
INH,katG,katG_L604S,3) Uncertain significance,L604S,1.0
INH,katG,katG_M242T,3) Uncertain significance,M242T,1.0
INH,katG,katG_M296V,3) Uncertain significance,M296V,1.0
INH,katG,katG_M624V,3) Uncertain significance,M624V,1.0
INH,katG,katG_N493K,3) Uncertain significance,N493K,1.0
INH,katG,katG_N596T,3) Uncertain significance,N596T,1.0
INH,katG,katG_P136L,3) Uncertain significance,P136L,1.0
INH,katG,katG_P292A,3) Uncertain significance,P292A,1.0
INH,katG,katG_P29S,3) Uncertain significance,P29S,1.0
INH,katG,katG_Q295P,3) Uncertain significance,Q295P,1.0
INH,katG,katG_Q461E,3) Uncertain significance,Q461E,1.0
INH,katG,katG_Q471R,3) Uncertain significance,Q471R,1.0
INH,katG,katG_Q525P,3) Uncertain significance,Q525P,1.0
INH,katG,katG_Q88P,3) Uncertain significance,Q88P,1.0
INH,katG,katG_R145P,3) Uncertain significance,R145P,1.0
INH,katG,katG_R571H,3) Uncertain significance,R571H,1.0
INH,katG,katG_S700P,3) Uncertain significance,S700P,1.0
INH,katG,katG_T275P,3) Uncertain significance,T275P,1.0
INH,katG,katG_T344P,3) Uncertain significance,T344P,1.0
INH,katG,katG_T468P,3) Uncertain significance,T468P,1.0
INH,katG,katG_T625K,3) Uncertain significance,T625K,1.0
INH,katG,katG_W149C,3) Uncertain significance,W149C,1.0
INH,katG,katG_W300C,3) Uncertain significance,W300C,1.0
INH,katG,katG_W90R,3) Uncertain significance,W90R,1.0
INH,katG,katG_D675Y,3) Uncertain significance,D675Y,0.6666666666666666
INH,katG,katG_G234R,3) Uncertain significance,G234R,0.6666666666666666
INH,katG,katG_G285V,3) Uncertain significance,G285V,0.6666666666666666
INH,katG,katG_T85A,3) Uncertain significance,T85A,0.6666666666666666
INH,katG,katG_W300R,3) Uncertain significance,W300R,0.6666666666666666
INH,katG,katG_A614T,3) Uncertain significance,A614T,0.5
INH,katG,katG_L587P,3) Uncertain significance,L587P,0.5
INH,katG,katG_M126I,3) Uncertain significance,M126I,0.5
INH,katG,katG_Q295A,3) Uncertain significance,Q295A,0.5
INH,katG,katG_A541T,3) Uncertain significance,A541T,0.4
INH,katG,katG_F584V,3) Uncertain significance,F584V,0.2857142857142857
INH,katG,katG_G495S,3) Uncertain significance,G495S,0.25
INH,katG,katG_K433T,3) Uncertain significance,K433T,0.25
INH,katG,katG_N562H,3) Uncertain significance,N562H,0.2222222222222222
INH,inhA,inhA_A124V,3) Uncertain significance,A124V,1.0
INH,inhA,inhA_A191T,3) Uncertain significance,A191T,1.0
INH,inhA,inhA_A201T,3) Uncertain significance,A201T,1.0
INH,inhA,inhA_A235T,3) Uncertain significance,A235T,1.0
INH,inhA,inhA_A252V,3) Uncertain significance,A252V,1.0
INH,inhA,inhA_H24Q,3) Uncertain significance,H24Q,1.0
INH,inhA,inhA_I15L,3) Uncertain significance,I15L,1.0
INH,inhA,inhA_I21M,3) Uncertain significance,I21M,1.0
INH,inhA,inhA_I50V,3) Uncertain significance,I50V,1.0
INH,inhA,inhA_L61V,3) Uncertain significance,L61V,1.0
INH,inhA,inhA_P107S,3) Uncertain significance,P107S,1.0
INH,inhA,inhA_S73G,3) Uncertain significance,S73G,1.0
INH,inhA,inhA_T2P,3) Uncertain significance,T2P,1.0
INH,inhA,inhA_V28L,3) Uncertain significance,V28L,1.0
INH,inhA,inhA_V65A,3) Uncertain significance,V65A,1.0
INH,katG,katG_A109P,3) Uncertain significance,A109P,1.0
INH,katG,katG_A122D,3) Uncertain significance,A122D,1.0
INH,katG,katG_A139P,3) Uncertain significance,A139P,1.0
INH,katG,katG_A162E,3) Uncertain significance,A162E,1.0
INH,katG,katG_A168T,3) Uncertain significance,A168T,1.0
INH,katG,katG_A172T,3) Uncertain significance,A172T,1.0
INH,katG,katG_A256T,3) Uncertain significance,A256T,1.0
INH,katG,katG_A256V,3) Uncertain significance,A256V,1.0
INH,katG,katG_A263P,3) Uncertain significance,A263P,1.0
INH,katG,katG_A290P,3) Uncertain significance,A290P,1.0
INH,katG,katG_A291D,3) Uncertain significance,A291D,1.0
INH,katG,katG_A411D,3) Uncertain significance,A411D,1.0
INH,katG,katG_A424G,3) Uncertain significance,A424G,1.0
INH,katG,katG_A479E,3) Uncertain significance,A479E,1.0
INH,katG,katG_A479G,3) Uncertain significance,A479G,1.0
INH,katG,katG_A479V,3) Uncertain significance,A479V,1.0
INH,katG,katG_A492D,3) Uncertain significance,A492D,1.0
INH,katG,katG_A541V,3) Uncertain significance,A541V,1.0
INH,katG,katG_A614E,3) Uncertain significance,A614E,1.0
INH,katG,katG_A61P,3) Uncertain significance,A61P,1.0
INH,katG,katG_A621T,3) Uncertain significance,A621T,1.0
INH,katG,katG_A706T,3) Uncertain significance,A706T,1.0
INH,katG,katG_A713P,3) Uncertain significance,A713P,1.0
INH,katG,katG_A75V,3) Uncertain significance,A75V,1.0
INH,katG,katG_A93D,3) Uncertain significance,A93D,1.0
INH,katG,katG_C171G,3) Uncertain significance,C171G,1.0
INH,katG,katG_D142A,3) Uncertain significance,D142A,1.0
INH,katG,katG_D189N,3) Uncertain significance,D189N,1.0
INH,katG,katG_D189Y,3) Uncertain significance,D189Y,1.0
INH,katG,katG_D207N,3) Uncertain significance,D207N,1.0
INH,katG,katG_D240A,3) Uncertain significance,D240A,1.0
INH,katG,katG_D247H,3) Uncertain significance,D247H,1.0
INH,katG,katG_D259E,3) Uncertain significance,D259E,1.0
INH,katG,katG_D259G,3) Uncertain significance,D259G,1.0
INH,katG,katG_D311G,3) Uncertain significance,D311G,1.0
INH,katG,katG_D329A,3) Uncertain significance,D329A,1.0
INH,katG,katG_D381G,3) Uncertain significance,D381G,1.0
INH,katG,katG_D381H,3) Uncertain significance,D381H,1.0
INH,katG,katG_D387G,3) Uncertain significance,D387G,1.0
INH,katG,katG_D440Y,3) Uncertain significance,D440Y,1.0
INH,katG,katG_D487N,3) Uncertain significance,D487N,1.0
INH,katG,katG_D695A,3) Uncertain significance,D695A,1.0
INH,katG,katG_D723N,3) Uncertain significance,D723N,1.0
INH,katG,katG_D735E,3) Uncertain significance,D735E,1.0
INH,katG,katG_E233K,3) Uncertain significance,E233K,1.0
INH,katG,katG_E289A,3) Uncertain significance,E289A,1.0
INH,katG,katG_E294G,3) Uncertain significance,E294G,1.0
INH,katG,katG_E391D,3) Uncertain significance,E391D,1.0
INH,katG,katG_E399D,3) Uncertain significance,E399D,1.0
INH,katG,katG_E3V,3) Uncertain significance,E3V,1.0
INH,katG,katG_E522Q,3) Uncertain significance,E522Q,1.0
INH,katG,katG_E553K,3) Uncertain significance,E553K,1.0
INH,katG,katG_E607G,3) Uncertain significance,E607G,1.0
INH,katG,katG_E607K,3) Uncertain significance,E607K,1.0
INH,katG,katG_E623G,3) Uncertain significance,E623G,1.0
INH,katG,katG_E709G,3) Uncertain significance,E709G,1.0
INH,katG,katG_E709K,3) Uncertain significance,E709K,1.0
INH,katG,katG_E81A,3) Uncertain significance,E81A,1.0
INH,katG,katG_F129S,3) Uncertain significance,F129S,1.0
INH,katG,katG_F183S,3) Uncertain significance,F183S,1.0
INH,katG,katG_F408L,3) Uncertain significance,F408L,1.0
INH,katG,katG_F408S,3) Uncertain significance,F408S,1.0
INH,katG,katG_F483L,3) Uncertain significance,F483L,1.0
INH,katG,katG_F540S,3) Uncertain significance,F540S,1.0
INH,katG,katG_F594L,3) Uncertain significance,F594L,1.0
INH,katG,katG_F698V,3) Uncertain significance,F698V,1.0
INH,katG,katG_F724L,3) Uncertain significance,F724L,1.0
INH,katG,katG_G120D,3) Uncertain significance,G120D,1.0
INH,katG,katG_G120S,3) Uncertain significance,G120S,1.0
INH,katG,katG_G121V,3) Uncertain significance,G121V,1.0
INH,katG,katG_G125A,3) Uncertain significance,G125A,1.0
INH,katG,katG_G125C,3) Uncertain significance,G125C,1.0
INH,katG,katG_G169V,3) Uncertain significance,G169V,1.0
INH,katG,katG_G177V,3) Uncertain significance,G177V,1.0
INH,katG,katG_G182R,3) Uncertain significance,G182R,1.0
INH,katG,katG_G186D,3) Uncertain significance,G186D,1.0
INH,katG,katG_G206D,3) Uncertain significance,G206D,1.0
INH,katG,katG_G268S,3) Uncertain significance,G268S,1.0
INH,katG,katG_G269S,3) Uncertain significance,G269S,1.0
INH,katG,katG_G273C,3) Uncertain significance,G273C,1.0
INH,katG,katG_G277S,3) Uncertain significance,G277S,1.0
INH,katG,katG_G285D,3) Uncertain significance,G285D,1.0
INH,katG,katG_G285R,3) Uncertain significance,G285R,1.0
INH,katG,katG_G285S,3) Uncertain significance,G285S,1.0
INH,katG,katG_G299A,3) Uncertain significance,G299A,1.0
INH,katG,katG_G299D,3) Uncertain significance,G299D,1.0
INH,katG,katG_G305S,3) Uncertain significance,G305S,1.0
INH,katG,katG_G307V,3) Uncertain significance,G307V,1.0
INH,katG,katG_G33A,3) Uncertain significance,G33A,1.0
INH,katG,katG_G34E,3) Uncertain significance,G34E,1.0
INH,katG,katG_G421A,3) Uncertain significance,G421A,1.0
INH,katG,katG_G490A,3) Uncertain significance,G490A,1.0
INH,katG,katG_G495A,3) Uncertain significance,G495A,1.0
INH,katG,katG_G495R,3) Uncertain significance,G495R,1.0
INH,katG,katG_G547Y,3) Uncertain significance,G547Y,1.0
INH,katG,katG_G548R,3) Uncertain significance,G548R,1.0
INH,katG,katG_G560R,3) Uncertain significance,G560R,1.0
INH,katG,katG_G593D,3) Uncertain significance,G593D,1.0
INH,katG,katG_G629C,3) Uncertain significance,G629C,1.0
INH,katG,katG_G629D,3) Uncertain significance,G629D,1.0
INH,katG,katG_G635A,3) Uncertain significance,G635A,1.0
INH,katG,katG_G644D,3) Uncertain significance,G644D,1.0
INH,katG,katG_G683R,3) Uncertain significance,G683R,1.0
INH,katG,katG_G99R,3) Uncertain significance,G99R,1.0
INH,katG,katG_H270P,3) Uncertain significance,H270P,1.0
INH,katG,katG_H97R,3) Uncertain significance,H97R,1.0
INH,katG,katG_I103N,3) Uncertain significance,I103N,1.0
INH,katG,katG_I248V,3) Uncertain significance,I248V,1.0
INH,katG,katG_I666T,3) Uncertain significance,I666T,1.0
INH,katG,katG_I80T,3) Uncertain significance,I80T,1.0
INH,katG,katG_K143E,3) Uncertain significance,K143E,1.0
INH,katG,katG_K143Q,3) Uncertain significance,K143Q,1.0
INH,katG,katG_K143T,3) Uncertain significance,K143T,1.0
INH,katG,katG_K152T,3) Uncertain significance,K152T,1.0
INH,katG,katG_K200E,3) Uncertain significance,K200E,1.0
INH,katG,katG_K274T,3) Uncertain significance,K274T,1.0
INH,katG,katG_K27I,3) Uncertain significance,K27I,1.0
INH,katG,katG_K310N,3) Uncertain significance,K310N,1.0
INH,katG,katG_K459E,3) Uncertain significance,K459E,1.0
INH,katG,katG_K488E,3) Uncertain significance,K488E,1.0
INH,katG,katG_K488N,3) Uncertain significance,K488N,1.0
INH,katG,katG_K516R,3) Uncertain significance,K516R,1.0
INH,katG,katG_K600Q,3) Uncertain significance,K600Q,1.0
INH,katG,katG_K686E,3) Uncertain significance,K686E,1.0
INH,katG,katG_L132P,3) Uncertain significance,L132P,1.0
INH,katG,katG_L132R,3) Uncertain significance,L132R,1.0
INH,katG,katG_L164R,3) Uncertain significance,L164R,1.0
INH,katG,katG_L220P,3) Uncertain significance,L220P,1.0
INH,katG,katG_L265R,3) Uncertain significance,L265R,1.0
INH,katG,katG_L384P,3) Uncertain significance,L384P,1.0
INH,katG,katG_L48Q,3) Uncertain significance,L48Q,1.0
INH,katG,katG_L611R,3) Uncertain significance,L611R,1.0
INH,katG,katG_L627P,3) Uncertain significance,L627P,1.0
INH,katG,katG_L631Q,3) Uncertain significance,L631Q,1.0
INH,katG,katG_L661R,3) Uncertain significance,L661R,1.0
INH,katG,katG_L704S,3) Uncertain significance,L704S,1.0
INH,katG,katG_L734R,3) Uncertain significance,L734R,1.0
INH,katG,katG_M105I,3) Uncertain significance,M105I,1.0
INH,katG,katG_M105L,3) Uncertain significance,M105L,1.0
INH,katG,katG_M176I,3) Uncertain significance,M176I,1.0
INH,katG,katG_M225I,3) Uncertain significance,M225I,1.0
INH,katG,katG_M377R,3) Uncertain significance,M377R,1.0
INH,katG,katG_M609I,3) Uncertain significance,M609I,1.0
INH,katG,katG_M624I,3) Uncertain significance,M624I,1.0
INH,katG,katG_N138S,3) Uncertain significance,N138S,1.0
INH,katG,katG_N238T,3) Uncertain significance,N238T,1.0
INH,katG,katG_N35T,3) Uncertain significance,N35T,1.0
INH,katG,katG_N529T,3) Uncertain significance,N529T,1.0
INH,katG,katG_N596K,3) Uncertain significance,N596K,1.0
INH,katG,katG_N637K,3) Uncertain significance,N637K,1.0
INH,katG,katG_N660H,3) Uncertain significance,N660H,1.0
INH,katG,katG_P100T,3) Uncertain significance,P100T,1.0
INH,katG,katG_P131A,3) Uncertain significance,P131A,1.0
INH,katG,katG_P232R,3) Uncertain significance,P232R,1.0
INH,katG,katG_P288L,3) Uncertain significance,P288L,1.0
INH,katG,katG_P2S,3) Uncertain significance,P2S,1.0
INH,katG,katG_P325T,3) Uncertain significance,P325T,1.0
INH,katG,katG_P566R,3) Uncertain significance,P566R,1.0
INH,katG,katG_P57S,3) Uncertain significance,P57S,1.0
INH,katG,katG_Q352P,3) Uncertain significance,Q352P,1.0
INH,katG,katG_Q439R,3) Uncertain significance,Q439R,1.0
INH,katG,katG_Q525T,3) Uncertain significance,Q525T,1.0
INH,katG,katG_Q679P,3) Uncertain significance,Q679P,1.0
INH,katG,katG_R104P,3) Uncertain significance,R104P,1.0
INH,katG,katG_R104W,3) Uncertain significance,R104W,1.0
INH,katG,katG_R128G,3) Uncertain significance,R128G,1.0
INH,katG,katG_R146Q,3) Uncertain significance,R146Q,1.0
INH,katG,katG_R249G,3) Uncertain significance,R249G,1.0
INH,katG,katG_R249L,3) Uncertain significance,R249L,1.0
INH,katG,katG_R249P,3) Uncertain significance,R249P,1.0
INH,katG,katG_R253P,3) Uncertain significance,R253P,1.0
INH,katG,katG_R484G,3) Uncertain significance,R484G,1.0
INH,katG,katG_R489C,3) Uncertain significance,R489C,1.0
INH,katG,katG_R571L,3) Uncertain significance,R571L,1.0
INH,katG,katG_R595Q,3) Uncertain significance,R595Q,1.0
INH,katG,katG_R632C,3) Uncertain significance,R632C,1.0
INH,katG,katG_R693H,3) Uncertain significance,R693H,1.0
INH,katG,katG_R78G,3) Uncertain significance,R78G,1.0
INH,katG,katG_S331G,3) Uncertain significance,S331G,1.0
INH,katG,katG_S331I,3) Uncertain significance,S331I,1.0
INH,katG,katG_S383W,3) Uncertain significance,S383W,1.0
INH,katG,katG_S457I,3) Uncertain significance,S457I,1.0
INH,katG,katG_S474P,3) Uncertain significance,S474P,1.0
INH,katG,katG_S482P,3) Uncertain significance,S482P,1.0
INH,katG,katG_S650F,3) Uncertain significance,S650F,1.0
INH,katG,katG_S652P,3) Uncertain significance,S652P,1.0
INH,katG,katG_S692R,3) Uncertain significance,S692R,1.0
INH,katG,katG_T112P,3) Uncertain significance,T112P,1.0
INH,katG,katG_T11A,3) Uncertain significance,T11A,1.0
INH,katG,katG_T180K,3) Uncertain significance,T180K,1.0
INH,katG,katG_T180M,3) Uncertain significance,T180M,1.0
INH,katG,katG_T271A,3) Uncertain significance,T271A,1.0
INH,katG,katG_T322A,3) Uncertain significance,T322A,1.0
INH,katG,katG_T322P,3) Uncertain significance,T322P,1.0
INH,katG,katG_T324P,3) Uncertain significance,T324P,1.0
INH,katG,katG_T326K,3) Uncertain significance,T326K,1.0
INH,katG,katG_T326P,3) Uncertain significance,T326P,1.0
INH,katG,katG_T380A,3) Uncertain significance,T380A,1.0
INH,katG,katG_T380P,3) Uncertain significance,T380P,1.0
INH,katG,katG_T435I,3) Uncertain significance,T435I,1.0
INH,katG,katG_T579S,3) Uncertain significance,T579S,1.0
INH,katG,katG_T625P,3) Uncertain significance,T625P,1.0
INH,katG,katG_V196G,3) Uncertain significance,V196G,1.0
INH,katG,katG_V1G,3) Uncertain significance,V1G,1.0
INH,katG,katG_V1M,3) Uncertain significance,V1M,1.0
INH,katG,katG_V230A,3) Uncertain significance,V230A,1.0
INH,katG,katG_V267G,3) Uncertain significance,V267G,1.0
INH,katG,katG_V431G,3) Uncertain significance,V431G,1.0
INH,katG,katG_V442A,3) Uncertain significance,V442A,1.0
INH,katG,katG_V450A,3) Uncertain significance,V450A,1.0
INH,katG,katG_V565A,3) Uncertain significance,V565A,1.0
INH,katG,katG_V581M,3) Uncertain significance,V581M,1.0
INH,katG,katG_V731G,3) Uncertain significance,V731G,1.0
INH,katG,katG_V731M,3) Uncertain significance,V731M,1.0
INH,katG,katG_V73G,3) Uncertain significance,V73G,1.0
INH,katG,katG_W149G,3) Uncertain significance,W149G,1.0
INH,katG,katG_W300G,3) Uncertain significance,W300G,1.0
INH,katG,katG_W300S,3) Uncertain significance,W300S,1.0
INH,katG,katG_W321S,3) Uncertain significance,W321S,1.0
INH,katG,katG_W328R,3) Uncertain significance,W328R,1.0
INH,katG,katG_W328S,3) Uncertain significance,W328S,1.0
INH,katG,katG_W39R,3) Uncertain significance,W39R,1.0
INH,katG,katG_W412C,3) Uncertain significance,W412C,1.0
INH,katG,katG_W438G,3) Uncertain significance,W438G,1.0
INH,katG,katG_W505R,3) Uncertain significance,W505R,1.0
INH,katG,katG_W689C,3) Uncertain significance,W689C,1.0
INH,katG,katG_W728C,3) Uncertain significance,W728C,1.0
INH,katG,katG_Y155D,3) Uncertain significance,Y155D,1.0
INH,katG,katG_Y337D,3) Uncertain significance,Y337D,1.0
INH,katG,katG_Y413C,3) Uncertain significance,Y413C,1.0
INH,katG,katG_Y64H,3) Uncertain significance,Y64H,1.0
INH,katG,katG_Y64N,3) Uncertain significance,Y64N,1.0
INH,katG,katG_Y64S,3) Uncertain significance,Y64S,1.0
INH,katG,katG_Y98C,3) Uncertain significance,Y98C,1.0
INH,inhA,inhA_A22S,3) Uncertain significance,A22S,0.5
INH,inhA,inhA_F41S,3) Uncertain significance,F41S,0.5
INH,inhA,inhA_I16T,3) Uncertain significance,I16T,0.5
INH,inhA,inhA_I16V,3) Uncertain significance,I16V,0.5
INH,inhA,inhA_Q100H,3) Uncertain significance,Q100H,0.5
INH,katG,katG_A110T,3) Uncertain significance,A110T,0.5
INH,katG,katG_A144V,3) Uncertain significance,A144V,0.5
INH,katG,katG_A256G,3) Uncertain significance,A256G,0.5
INH,katG,katG_A264V,3) Uncertain significance,A264V,0.5
INH,katG,katG_A649T,3) Uncertain significance,A649T,0.5
INH,katG,katG_C549S,3) Uncertain significance,C549S,0.5
INH,katG,katG_D189A,3) Uncertain significance,D189A,0.5
INH,katG,katG_D37N,3) Uncertain significance,D37N,0.5
INH,katG,katG_D682N,3) Uncertain significance,D682N,0.5
INH,katG,katG_D729G,3) Uncertain significance,D729G,0.5
INH,katG,katG_G121A,3) Uncertain significance,G121A,0.5
INH,katG,katG_G121D,3) Uncertain significance,G121D,0.5
INH,katG,katG_G124A,3) Uncertain significance,G124A,0.5
INH,katG,katG_G156D,3) Uncertain significance,G156D,0.5
INH,katG,katG_G466R,3) Uncertain significance,G466R,0.5
INH,katG,katG_G494A,3) Uncertain significance,G494A,0.5
INH,katG,katG_G593S,3) Uncertain significance,G593S,0.5
INH,katG,katG_G712V,3) Uncertain significance,G712V,0.5
INH,katG,katG_H116Y,3) Uncertain significance,H116Y,0.5
INH,katG,katG_I103V,3) Uncertain significance,I103V,0.5
INH,katG,katG_I393S,3) Uncertain significance,I393S,0.5
INH,katG,katG_I71S,3) Uncertain significance,I71S,0.5
INH,katG,katG_K152Q,3) Uncertain significance,K152Q,0.5
INH,katG,katG_L159F,3) Uncertain significance,L159F,0.5
INH,katG,katG_L378P,3) Uncertain significance,L378P,0.5
INH,katG,katG_L427F,3) Uncertain significance,L427F,0.5
INH,katG,katG_L458R,3) Uncertain significance,L458R,0.5
INH,katG,katG_Q576Y,3) Uncertain significance,Q576Y,0.5
INH,katG,katG_R145C,3) Uncertain significance,R145C,0.5
INH,katG,katG_R249H,3) Uncertain significance,R249H,0.5
INH,katG,katG_S481L,3) Uncertain significance,S481L,0.5
INH,katG,katG_S700F,3) Uncertain significance,S700F,0.5
INH,katG,katG_T690P,3) Uncertain significance,T690P,0.5
INH,katG,katG_V246G,3) Uncertain significance,V246G,0.5
INH,katG,katG_V633A,3) Uncertain significance,V633A,0.5
INH,katG,katG_V68G,3) Uncertain significance,V68G,0.5
INH,katG,katG_W689G,3) Uncertain significance,W689G,0.5
INH,katG,katG_Y197D,3) Uncertain significance,Y197D,0.5
INH,katG,katG_D194N,3) Uncertain significance,D194N,0.3333333333333333
INH,katG,katG_E402K,3) Uncertain significance,E402K,0.3333333333333333
INH,katG,katG_G560S,3) Uncertain significance,G560S,0.3333333333333333
INH,katG,katG_T394A,3) Uncertain significance,T394A,0.3333333333333333
INH,katG,katG_A591T,3) Uncertain significance,A591T,0.25
INH,katG,katG_Y413H,3) Uncertain significance,Y413H,0.25
INH,katG,katG_S211N,3) Uncertain significance,S211N,0.2
INH,katG,katG_T354I,3) Uncertain significance,T354I,0.09090909090909091
INH,inhA,inhA_Q35R,3) Uncertain significance,Q35R,0.07692307692307693
INH,inhA,inhA_A114G,3) Uncertain significance,A114G,0.0
INH,inhA,inhA_A133T,3) Uncertain significance,A133T,0.0
INH,inhA,inhA_A213V,3) Uncertain significance,A213V,0.0
INH,inhA,inhA_A235V,3) Uncertain significance,A235V,0.0
INH,inhA,inhA_A58V,3) Uncertain significance,A58V,0.0
INH,inhA,inhA_D52G,3) Uncertain significance,D52G,0.0
INH,inhA,inhA_D89N,3) Uncertain significance,D89N,0.0
INH,inhA,inhA_E80A,3) Uncertain significance,E80A,0.0
INH,inhA,inhA_G142S,3) Uncertain significance,G142S,0.0
INH,inhA,inhA_G212S,3) Uncertain significance,G212S,0.0
INH,inhA,inhA_G221S,3) Uncertain significance,G221S,0.0
INH,inhA,inhA_G33D,3) Uncertain significance,G33D,0.0
INH,inhA,inhA_G76D,3) Uncertain significance,G76D,0.0
INH,inhA,inhA_H70D,3) Uncertain significance,H70D,0.0
INH,inhA,inhA_I137V,3) Uncertain significance,I137V,0.0
INH,inhA,inhA_I194M,3) Uncertain significance,I194M,0.0
INH,inhA,inhA_K118E,3) Uncertain significance,K118E,0.0
INH,inhA,inhA_L268F,3) Uncertain significance,L268F,0.0
INH,inhA,inhA_M103V,3) Uncertain significance,M103V,0.0
INH,inhA,inhA_M155I,3) Uncertain significance,M155I,0.0
INH,inhA,inhA_N231K,3) Uncertain significance,N231K,0.0
INH,inhA,inhA_Q214R,3) Uncertain significance,Q214R,0.0
INH,inhA,inhA_S143C,3) Uncertain significance,S143C,0.0
INH,inhA,inhA_S19A,3) Uncertain significance,S19A,0.0
INH,inhA,inhA_S19L,3) Uncertain significance,S19L,0.0
INH,inhA,inhA_T236A,3) Uncertain significance,T236A,0.0
INH,inhA,inhA_T266A,3) Uncertain significance,T266A,0.0
INH,inhA,inhA_T2A,3) Uncertain significance,T2A,0.0
INH,inhA,inhA_V189I,3) Uncertain significance,V189I,0.0
INH,inhA,inhA_V203A,3) Uncertain significance,V203A,0.0
INH,inhA,inhA_V91A,3) Uncertain significance,V91A,0.0
INH,inhA,inhA_Y182H,3) Uncertain significance,Y182H,0.0
INH,katG,katG_A15V,3) Uncertain significance,A15V,0.0
INH,katG,katG_A162G,3) Uncertain significance,A162G,0.0
INH,katG,katG_A162T,3) Uncertain significance,A162T,0.0
INH,katG,katG_A202S,3) Uncertain significance,A202S,0.0
INH,katG,katG_A243T,3) Uncertain significance,A243T,0.0
INH,katG,katG_A281T,3) Uncertain significance,A281T,0.0
INH,katG,katG_A312P,3) Uncertain significance,A312P,0.0
INH,katG,katG_A480Q,3) Uncertain significance,A480Q,0.0
INH,katG,katG_A532P,3) Uncertain significance,A532P,0.0
INH,katG,katG_A53T,3) Uncertain significance,A53T,0.0
INH,katG,katG_A551S,3) Uncertain significance,A551S,0.0
INH,katG,katG_A558R,3) Uncertain significance,A558R,0.0
INH,katG,katG_A559V,3) Uncertain significance,A559V,0.0
INH,katG,katG_A60G,3) Uncertain significance,A60G,0.0
INH,katG,katG_A60V,3) Uncertain significance,A60V,0.0
INH,katG,katG_A61S,3) Uncertain significance,A61S,0.0
INH,katG,katG_A716T,3) Uncertain significance,A716T,0.0
INH,katG,katG_A727T,3) Uncertain significance,A727T,0.0
INH,katG,katG_D240G,3) Uncertain significance,D240G,0.0
INH,katG,katG_D240N,3) Uncertain significance,D240N,0.0
INH,katG,katG_D259A,3) Uncertain significance,D259A,0.0
INH,katG,katG_D282G,3) Uncertain significance,D282G,0.0
INH,katG,katG_D406G,3) Uncertain significance,D406G,0.0
INH,katG,katG_D509N,3) Uncertain significance,D509N,0.0
INH,katG,katG_D511Y,3) Uncertain significance,D511Y,0.0
INH,katG,katG_D656G,3) Uncertain significance,D656G,0.0
INH,katG,katG_D675H,3) Uncertain significance,D675H,0.0
INH,katG,katG_D729N,3) Uncertain significance,D729N,0.0
INH,katG,katG_D72N,3) Uncertain significance,D72N,0.0
INH,katG,katG_D735N,3) Uncertain significance,D735N,0.0
INH,katG,katG_E342A,3) Uncertain significance,E342A,0.0
INH,katG,katG_E402A,3) Uncertain significance,E402A,0.0
INH,katG,katG_E407K,3) Uncertain significance,E407K,0.0
INH,katG,katG_E523D,3) Uncertain significance,E523D,0.0
INH,katG,katG_E623A,3) Uncertain significance,E623A,0.0
INH,katG,katG_F178V,3) Uncertain significance,F178V,0.0
INH,katG,katG_F62L,3) Uncertain significance,F62L,0.0
INH,katG,katG_F658L,3) Uncertain significance,F658L,0.0
INH,katG,katG_G124D,3) Uncertain significance,G124D,0.0
INH,katG,katG_G184D,3) Uncertain significance,G184D,0.0
INH,katG,katG_G206R,3) Uncertain significance,G206R,0.0
INH,katG,katG_G237R,3) Uncertain significance,G237R,0.0
INH,katG,katG_G285A,3) Uncertain significance,G285A,0.0
INH,katG,katG_G305C,3) Uncertain significance,G305C,0.0
INH,katG,katG_G307E,3) Uncertain significance,G307E,0.0
INH,katG,katG_G34R,3) Uncertain significance,G34R,0.0
INH,katG,katG_G451D,3) Uncertain significance,G451D,0.0
INH,katG,katG_G570F,3) Uncertain significance,G570F,0.0
INH,katG,katG_G601D,3) Uncertain significance,G601D,0.0
INH,katG,katG_G685D,3) Uncertain significance,G685D,0.0
INH,katG,katG_H447R,3) Uncertain significance,H447R,0.0
INH,katG,katG_H49Y,3) Uncertain significance,H49Y,0.0
INH,katG,katG_I455L,3) Uncertain significance,I455L,0.0
INH,katG,katG_I497V,3) Uncertain significance,I497V,0.0
INH,katG,katG_I80F,3) Uncertain significance,I80F,0.0
INH,katG,katG_I8V,3) Uncertain significance,I8V,0.0
INH,katG,katG_K143N,3) Uncertain significance,K143N,0.0
INH,katG,katG_K200R,3) Uncertain significance,K200R,0.0
INH,katG,katG_K345N,3) Uncertain significance,K345N,0.0
INH,katG,katG_K557R,3) Uncertain significance,K557R,0.0
INH,katG,katG_K590Q,3) Uncertain significance,K590Q,0.0
INH,katG,katG_K686T,3) Uncertain significance,K686T,0.0
INH,katG,katG_L205R,3) Uncertain significance,L205R,0.0
INH,katG,katG_L336M,3) Uncertain significance,L336M,0.0
INH,katG,katG_L382R,3) Uncertain significance,L382R,0.0
INH,katG,katG_L398R,3) Uncertain significance,L398R,0.0
INH,katG,katG_L437R,3) Uncertain significance,L437R,0.0
INH,katG,katG_L458S,3) Uncertain significance,L458S,0.0
INH,katG,katG_L616S,3) Uncertain significance,L616S,0.0
INH,katG,katG_L696Q,3) Uncertain significance,L696Q,0.0
INH,katG,katG_L707F,3) Uncertain significance,L707F,0.0
INH,katG,katG_L707P,3) Uncertain significance,L707P,0.0
INH,katG,katG_M257T,3) Uncertain significance,M257T,0.0
INH,katG,katG_M420I,3) Uncertain significance,M420I,0.0
INH,katG,katG_N236E,3) Uncertain significance,N236E,0.0
INH,katG,katG_N236K,3) Uncertain significance,N236K,0.0
INH,katG,katG_N238Q,3) Uncertain significance,N238Q,0.0
INH,katG,katG_N35H,3) Uncertain significance,N35H,0.0
INH,katG,katG_N660A,3) Uncertain significance,N660A,0.0
INH,katG,katG_P131S,3) Uncertain significance,P131S,0.0
INH,katG,katG_P286A,3) Uncertain significance,P286A,0.0
INH,katG,katG_P347S,3) Uncertain significance,P347S,0.0
INH,katG,katG_P422H,3) Uncertain significance,P422H,0.0
INH,katG,katG_P432T,3) Uncertain significance,P432T,0.0
INH,katG,katG_P510A,3) Uncertain significance,P510A,0.0
INH,katG,katG_P510L,3) Uncertain significance,P510L,0.0
INH,katG,katG_P52S,3) Uncertain significance,P52S,0.0
INH,katG,katG_P566L,3) Uncertain significance,P566L,0.0
INH,katG,katG_P569L,3) Uncertain significance,P569L,0.0
INH,katG,katG_P605R,3) Uncertain significance,P605R,0.0
INH,katG,katG_P622T,3) Uncertain significance,P622T,0.0
INH,katG,katG_P672S,3) Uncertain significance,P672S,0.0
INH,katG,katG_Q127S,3) Uncertain significance,Q127S,0.0
INH,katG,katG_Q352Y,3) Uncertain significance,Q352Y,0.0
INH,katG,katG_Q36E,3) Uncertain significance,Q36E,0.0
INH,katG,katG_Q434H,3) Uncertain significance,Q434H,0.0
INH,katG,katG_Q439T,3) Uncertain significance,Q439T,0.0
INH,katG,katG_Q461R,3) Uncertain significance,Q461R,0.0
INH,katG,katG_Q525A,3) Uncertain significance,Q525A,0.0
INH,katG,katG_Q679Y,3) Uncertain significance,Q679Y,0.0
INH,katG,katG_Q88E,3) Uncertain significance,Q88E,0.0
INH,katG,katG_R146L,3) Uncertain significance,R146L,0.0
INH,katG,katG_R249C,3) Uncertain significance,R249C,0.0
INH,katG,katG_R254S,3) Uncertain significance,R254S,0.0
INH,katG,katG_R489S,3) Uncertain significance,R489S,0.0
INH,katG,katG_R515H,3) Uncertain significance,R515H,0.0
INH,katG,katG_R519H,3) Uncertain significance,R519H,0.0
INH,katG,katG_R595L,3) Uncertain significance,R595L,0.0
INH,katG,katG_R705L,3) Uncertain significance,R705L,0.0
INH,katG,katG_R736K,3) Uncertain significance,R736K,0.0
INH,katG,katG_R736S,3) Uncertain significance,R736S,0.0
INH,katG,katG_R740S,3) Uncertain significance,R740S,0.0
INH,katG,katG_S140G,3) Uncertain significance,S140G,0.0
INH,katG,katG_S17G,3) Uncertain significance,S17G,0.0
INH,katG,katG_S331R,3) Uncertain significance,S331R,0.0
INH,katG,katG_S481A,3) Uncertain significance,S481A,0.0
INH,katG,katG_S527L,3) Uncertain significance,S527L,0.0
INH,katG,katG_S684R,3) Uncertain significance,S684R,0.0
INH,katG,katG_S87L,3) Uncertain significance,S87L,0.0
INH,katG,katG_T112S,3) Uncertain significance,T112S,0.0
INH,katG,katG_T11S,3) Uncertain significance,T11S,0.0
INH,katG,katG_T324N,3) Uncertain significance,T324N,0.0
INH,katG,katG_T344L,3) Uncertain significance,T344L,0.0
INH,katG,katG_T363A,3) Uncertain significance,T363A,0.0
INH,katG,katG_T380S,3) Uncertain significance,T380S,0.0
INH,katG,katG_T475A,3) Uncertain significance,T475A,0.0
INH,katG,katG_T520A,3) Uncertain significance,T520A,0.0
INH,katG,katG_T520N,3) Uncertain significance,T520N,0.0
INH,katG,katG_T654A,3) Uncertain significance,T654A,0.0
INH,katG,katG_T654N,3) Uncertain significance,T654N,0.0
INH,katG,katG_T654S,3) Uncertain significance,T654S,0.0
INH,katG,katG_T667I,3) Uncertain significance,T667I,0.0
INH,katG,katG_T77R,3) Uncertain significance,T77R,0.0
INH,katG,katG_T9K,3) Uncertain significance,T9K,0.0
INH,katG,katG_V166I,3) Uncertain significance,V166I,0.0
INH,katG,katG_V196I,3) Uncertain significance,V196I,0.0
INH,katG,katG_V267A,3) Uncertain significance,V267A,0.0
INH,katG,katG_V319I,3) Uncertain significance,V319I,0.0
INH,katG,katG_V386M,3) Uncertain significance,V386M,0.0
INH,katG,katG_V423F,3) Uncertain significance,V423F,0.0
INH,katG,katG_V445I,3) Uncertain significance,V445I,0.0
INH,katG,katG_V503A,3) Uncertain significance,V503A,0.0
INH,katG,katG_V507I,3) Uncertain significance,V507I,0.0
INH,katG,katG_V687M,3) Uncertain significance,V687M,0.0
INH,katG,katG_V710I,3) Uncertain significance,V710I,0.0
INH,katG,katG_V721L,3) Uncertain significance,V721L,0.0
INH,katG,katG_W412Y,3) Uncertain significance,W412Y,0.0
INH,katG,katG_W668C,3) Uncertain significance,W668C,0.0
INH,katG,katG_W689L,3) Uncertain significance,W689L,0.0
INH,katG,katG_W728Y,3) Uncertain significance,W728Y,0.0
INH,katG,katG_Y353C,3) Uncertain significance,Y353C,0.0
INH,inhA,inhA_E31K,3) Uncertain significance,E31K,0.0
INH,inhA,inhA_N139S,3) Uncertain significance,N139S,0.0
INH,inhA,inhA_V171I,3) Uncertain significance,V171I,0.0
INH,katG,katG_A162V,3) Uncertain significance,A162V,0.0
INH,katG,katG_A424V,3) Uncertain significance,A424V,0.0
INH,katG,katG_A476V,3) Uncertain significance,A476V,0.0
INH,katG,katG_A606T,3) Uncertain significance,A606T,0.0
INH,katG,katG_C549G,3) Uncertain significance,C549G,0.0
INH,katG,katG_D511N,3) Uncertain significance,D511N,0.0
INH,katG,katG_D513N,3) Uncertain significance,D513N,0.0
INH,katG,katG_D663G,3) Uncertain significance,D663G,0.0
INH,katG,katG_D74G,3) Uncertain significance,D74G,0.0
INH,katG,katG_D79A,3) Uncertain significance,D79A,0.0
INH,katG,katG_E522K,3) Uncertain significance,E522K,0.0
INH,katG,katG_G123R,3) Uncertain significance,G123R,0.0
INH,katG,katG_G125S,3) Uncertain significance,G125S,0.0
INH,katG,katG_G186A,3) Uncertain significance,G186A,0.0
INH,katG,katG_G237A,3) Uncertain significance,G237A,0.0
INH,katG,katG_G338S,3) Uncertain significance,G338S,0.0
INH,katG,katG_G494S,3) Uncertain significance,G494S,0.0
INH,katG,katG_G560A,3) Uncertain significance,G560A,0.0
INH,katG,katG_I266T,3) Uncertain significance,I266T,0.0
INH,katG,katG_K158E,3) Uncertain significance,K158E,0.0
INH,katG,katG_L427R,3) Uncertain significance,L427R,0.0
INH,katG,katG_L436R,3) Uncertain significance,L436R,0.0
INH,katG,katG_L514P,3) Uncertain significance,L514P,0.0
INH,katG,katG_M609T,3) Uncertain significance,M609T,0.0
INH,katG,katG_M84I,3) Uncertain significance,M84I,0.0
INH,katG,katG_N323S,3) Uncertain significance,N323S,0.0
INH,katG,katG_N535T,3) Uncertain significance,N535T,0.0
INH,katG,katG_P429R,3) Uncertain significance,P429R,0.0
INH,katG,katG_P533L,3) Uncertain significance,P533L,0.0
INH,katG,katG_P566S,3) Uncertain significance,P566S,0.0
INH,katG,katG_Q471L,3) Uncertain significance,Q471L,0.0
INH,katG,katG_Q50P,3) Uncertain significance,Q50P,0.0
INH,katG,katG_R249S,3) Uncertain significance,R249S,0.0
INH,katG,katG_T12A,3) Uncertain significance,T12A,0.0
INH,katG,katG_T376M,3) Uncertain significance,T376M,0.0
INH,katG,katG_T468I,3) Uncertain significance,T468I,0.0
INH,katG,katG_T647P,3) Uncertain significance,T647P,0.0
INH,katG,katG_V538A,3) Uncertain significance,V538A,0.0
INH,katG,katG_V586M,3) Uncertain significance,V586M,0.0
INH,katG,katG_Y638H,3) Uncertain significance,Y638H,0.0
INH,katG,katG_Y678A,3) Uncertain significance,Y678A,0.0
INH,katG,katG_Y678L,3) Uncertain significance,Y678L,0.0
INH,inhA,inhA_G183D,3) Uncertain significance,G183D,0.0
INH,inhA,inhA_G183R,3) Uncertain significance,G183R,0.0
INH,katG,katG_A139T,3) Uncertain significance,A139T,0.0
INH,katG,katG_A606P,3) Uncertain significance,A606P,0.0
INH,katG,katG_D215E,3) Uncertain significance,D215E,0.0
INH,katG,katG_E82D,3) Uncertain significance,E82D,0.0
INH,katG,katG_G19V,3) Uncertain significance,G19V,0.0
INH,katG,katG_G534R,3) Uncertain significance,G534R,0.0
INH,katG,katG_G630S,3) Uncertain significance,G630S,0.0
INH,katG,katG_K537E,3) Uncertain significance,K537E,0.0
INH,katG,katG_L598R,3) Uncertain significance,L598R,0.0
INH,katG,katG_M84L,3) Uncertain significance,M84L,0.0
INH,katG,katG_Q439Y,3) Uncertain significance,Q439Y,0.0
INH,katG,katG_Q525S,3) Uncertain significance,Q525S,0.0
INH,katG,katG_S446N,3) Uncertain significance,S446N,0.0
INH,katG,katG_V260I,3) Uncertain significance,V260I,0.0
INH,katG,katG_V633I,3) Uncertain significance,V633I,0.0
INH,katG,katG_V739M,3) Uncertain significance,V739M,0.0
INH,inhA,inhA_G141R,3) Uncertain significance,G141R,0.0
INH,katG,katG_E651D,3) Uncertain significance,E651D,0.0
INH,katG,katG_V23L,3) Uncertain significance,V23L,0.0
INH,inhA,inhA_G83R,3) Uncertain significance,G83R,0.0
INH,katG,katG_Q36P,3) Uncertain significance,Q36P,0.0
INH,katG,katG_G593C,3) Uncertain significance,G593C,0.0
INH,katG,katG_V47I,3) Uncertain significance,V47I,0.0
INH,katG,katG_S457G,3) Uncertain significance,S457G,0.0
INH,katG,katG_L707R,3) Uncertain significance,L707R,0.0
INH,katG,katG_D656A,3) Uncertain significance,D656A,0.0
INH,katG,katG_P718S,3) Uncertain significance,P718S,0.0
INH,inhA,inhA_V78A,4) Not assoc w R - Interim,V78A,0.14035087719298245
INH,inhA,inhA_T4I,4) Not assoc w R - Interim,T4I,
INH,katG,katG_R463L,5) Not assoc w R,R463L,0.376645341569233
INH,katG,katG_V469L,5) Not assoc w R,V469L,0.0
LEV,gyrA,gyrA_D94G,1) Assoc w R,D94G,0.958904109589041
LEV,gyrA,gyrA_A90V,1) Assoc w R,A90V,0.9041278295605859
LEV,gyrA,gyrA_D94A,1) Assoc w R,D94A,0.8871595330739299
LEV,gyrA,gyrA_D94N,1) Assoc w R,D94N,0.9515418502202643
LEV,gyrA,gyrA_S91P,1) Assoc w R,S91P,0.8639455782312925
LEV,gyrA,gyrA_D94Y,1) Assoc w R,D94Y,0.9137931034482759
LEV,gyrA,gyrA_D94H,1) Assoc w R,D94H,0.9411764705882353
LEV,gyrA,gyrA_G88C,1) Assoc w R,G88C,1.0
LEV,gyrB,gyrB_E501D,2) Assoc w R - Interim,E501D,0.5384615384615384
LEV,gyrB,gyrB_D461N,2) Assoc w R - Interim,D461N,0.5853658536585366
LEV,gyrA,gyrA_G88A,2) Assoc w R - Interim,G88A,0.5
LEV,gyrB,gyrB_A504V,2) Assoc w R - Interim,A504V,0.42105263157894735
LEV,gyrB,gyrB_N499D,2) Assoc w R - Interim,N499D,1.0
LEV,gyrB,gyrB_E501V,2) Assoc w R - Interim,E501V,0.0
LEV,gyrB,gyrB_N499T,3) Uncertain significance,N499T,0.76
LEV,gyrB,gyrB_N499S,3) Uncertain significance,N499S,0.7333333333333333
LEV,gyrA,gyrA_E289D,3) Uncertain significance,E289D,0.6666666666666666
LEV,gyrB,gyrB_V457L,3) Uncertain significance,V457L,0.4166666666666667
LEV,gyrB,gyrB_T500N,3) Uncertain significance,T500N,0.7777777777777778
LEV,gyrA,gyrA_D89N,3) Uncertain significance,D89N,0.5
LEV,gyrB,gyrB_I271M,3) Uncertain significance,I271M,0.0603448275862069
LEV,gyrB,gyrB_S661T,3) Uncertain significance,S661T,0.05982905982905983
LEV,gyrB,gyrB_V670F,3) Uncertain significance,V670F,0.6666666666666666
LEV,gyrB,gyrB_S447F,3) Uncertain significance,S447F,0.46153846153846156
LEV,gyrA,gyrA_H70R,3) Uncertain significance,H70R,1.0
LEV,gyrB,gyrB_A233P,3) Uncertain significance,A233P,1.0
LEV,gyrA,gyrA_A74S,3) Uncertain significance,A74S,0.8333333333333334
LEV,gyrA,gyrA_A676V,3) Uncertain significance,A676V,0.5
LEV,gyrB,gyrB_H302R,3) Uncertain significance,H302R,0.23809523809523808
LEV,gyrA,gyrA_N193S,3) Uncertain significance,N193S,0.09259259259259259
LEV,gyrB,gyrB_D461H,3) Uncertain significance,D461H,1.0
LEV,gyrB,gyrB_I486L,3) Uncertain significance,I486L,0.8
LEV,gyrB,gyrB_A504T,3) Uncertain significance,A504T,0.5714285714285714
LEV,gyrB,gyrB_T500A,3) Uncertain significance,T500A,0.4444444444444444
LEV,gyrA,gyrA_D89G,3) Uncertain significance,D89G,0.4
LEV,gyrB,gyrB_G512R,3) Uncertain significance,G512R,0.3076923076923077
LEV,gyrA,gyrA_T267I,3) Uncertain significance,T267I,0.25
LEV,gyrB,gyrB_R446C,3) Uncertain significance,R446C,0.25
LEV,gyrA,gyrA_P472S,3) Uncertain significance,P472S,0.16
LEV,gyrA,gyrA_R578Q,3) Uncertain significance,R578Q,0.14285714285714285
LEV,gyrA,gyrA_R450S,3) Uncertain significance,R450S,1.0
LEV,gyrB,gyrB_M100V,3) Uncertain significance,M100V,1.0
LEV,gyrB,gyrB_N499K,3) Uncertain significance,N499K,1.0
LEV,gyrB,gyrB_T500P,3) Uncertain significance,T500P,0.75
LEV,gyrA,gyrA_L346V,3) Uncertain significance,L346V,0.5
LEV,gyrB,gyrB_R446H,3) Uncertain significance,R446H,0.2727272727272727
LEV,gyrA,gyrA_A288D,3) Uncertain significance,A288D,0.21428571428571427
LEV,gyrA,gyrA_T5A,3) Uncertain significance,T5A,0.21428571428571427
LEV,gyrB,gyrB_R575H,3) Uncertain significance,R575H,0.1
LEV,gyrA,gyrA_D641E,3) Uncertain significance,D641E,1.0
LEV,gyrA,gyrA_M220R,3) Uncertain significance,M220R,1.0
LEV,gyrA,gyrA_S95A,3) Uncertain significance,S95A,1.0
LEV,gyrB,gyrB_L257P,3) Uncertain significance,L257P,1.0
LEV,gyrB,gyrB_N499I,3) Uncertain significance,N499I,1.0
LEV,gyrA,gyrA_R607H,3) Uncertain significance,R607H,0.6666666666666666
LEV,gyrB,gyrB_T500I,3) Uncertain significance,T500I,0.6666666666666666
LEV,gyrA,gyrA_G236V,3) Uncertain significance,G236V,0.5
LEV,gyrA,gyrA_R292G,3) Uncertain significance,R292G,0.5
LEV,gyrB,gyrB_S447Y,3) Uncertain significance,S447Y,0.3333333333333333
LEV,gyrA,gyrA_A347T,3) Uncertain significance,A347T,1.0
LEV,gyrA,gyrA_A512G,3) Uncertain significance,A512G,1.0
LEV,gyrA,gyrA_A689G,3) Uncertain significance,A689G,1.0
LEV,gyrA,gyrA_D552G,3) Uncertain significance,D552G,1.0
LEV,gyrA,gyrA_D770G,3) Uncertain significance,D770G,1.0
LEV,gyrA,gyrA_D810E,3) Uncertain significance,D810E,1.0
LEV,gyrA,gyrA_D824E,3) Uncertain significance,D824E,1.0
LEV,gyrA,gyrA_D824N,3) Uncertain significance,D824N,1.0
LEV,gyrA,gyrA_D94V,3) Uncertain significance,D94V,1.0
LEV,gyrA,gyrA_E466G,3) Uncertain significance,E466G,1.0
LEV,gyrA,gyrA_E738D,3) Uncertain significance,E738D,1.0
LEV,gyrA,gyrA_G694S,3) Uncertain significance,G694S,1.0
LEV,gyrA,gyrA_G88N,3) Uncertain significance,G88N,1.0
LEV,gyrA,gyrA_H490R,3) Uncertain significance,H490R,1.0
LEV,gyrA,gyrA_I390T,3) Uncertain significance,I390T,1.0
LEV,gyrA,gyrA_I707V,3) Uncertain significance,I707V,1.0
LEV,gyrA,gyrA_L134M,3) Uncertain significance,L134M,1.0
LEV,gyrA,gyrA_L455R,3) Uncertain significance,L455R,1.0
LEV,gyrA,gyrA_P102L,3) Uncertain significance,P102L,1.0
LEV,gyrA,gyrA_Q594R,3) Uncertain significance,Q594R,1.0
LEV,gyrA,gyrA_R222W,3) Uncertain significance,R222W,1.0
LEV,gyrA,gyrA_R292L,3) Uncertain significance,R292L,1.0
LEV,gyrA,gyrA_R309W,3) Uncertain significance,R309W,1.0
LEV,gyrA,gyrA_R450G,3) Uncertain significance,R450G,1.0
LEV,gyrA,gyrA_R718C,3) Uncertain significance,R718C,1.0
LEV,gyrA,gyrA_T135S,3) Uncertain significance,T135S,1.0
LEV,gyrA,gyrA_V596M,3) Uncertain significance,V596M,1.0
LEV,gyrB,gyrB_A467V,3) Uncertain significance,A467V,1.0
LEV,gyrB,gyrB_A597T,3) Uncertain significance,A597T,1.0
LEV,gyrB,gyrB_A618T,3) Uncertain significance,A618T,1.0
LEV,gyrB,gyrB_A643D,3) Uncertain significance,A643D,1.0
LEV,gyrB,gyrB_D588N,3) Uncertain significance,D588N,1.0
LEV,gyrB,gyrB_D645A,3) Uncertain significance,D645A,1.0
LEV,gyrB,gyrB_E364D,3) Uncertain significance,E364D,1.0
LEV,gyrB,gyrB_E397D,3) Uncertain significance,E397D,1.0
LEV,gyrB,gyrB_E501A,3) Uncertain significance,E501A,1.0
LEV,gyrB,gyrB_G470C,3) Uncertain significance,G470C,1.0
LEV,gyrB,gyrB_G520V,3) Uncertain significance,G520V,1.0
LEV,gyrB,gyrB_G589V,3) Uncertain significance,G589V,1.0
LEV,gyrB,gyrB_K599R,3) Uncertain significance,K599R,1.0
LEV,gyrB,gyrB_L375V,3) Uncertain significance,L375V,1.0
LEV,gyrB,gyrB_N499Y,3) Uncertain significance,N499Y,1.0
LEV,gyrB,gyrB_P243S,3) Uncertain significance,P243S,1.0
LEV,gyrB,gyrB_P578S,3) Uncertain significance,P578S,1.0
LEV,gyrB,gyrB_Q503R,3) Uncertain significance,Q503R,1.0
LEV,gyrB,gyrB_Q9H,3) Uncertain significance,Q9H,1.0
LEV,gyrB,gyrB_R446G,3) Uncertain significance,R446G,1.0
LEV,gyrB,gyrB_R553G,3) Uncertain significance,R553G,1.0
LEV,gyrB,gyrB_S16C,3) Uncertain significance,S16C,1.0
LEV,gyrB,gyrB_T167M,3) Uncertain significance,T167M,1.0
LEV,gyrB,gyrB_T182I,3) Uncertain significance,T182I,1.0
LEV,gyrB,gyrB_V276A,3) Uncertain significance,V276A,1.0
LEV,gyrB,gyrB_Y144F,3) Uncertain significance,Y144F,1.0
LEV,gyrA,gyrA_A126S,3) Uncertain significance,A126S,0.5
LEV,gyrA,gyrA_A736T,3) Uncertain significance,A736T,0.5
LEV,gyrA,gyrA_A814T,3) Uncertain significance,A814T,0.5
LEV,gyrA,gyrA_H389P,3) Uncertain significance,H389P,0.5
LEV,gyrA,gyrA_P275A,3) Uncertain significance,P275A,0.5
LEV,gyrA,gyrA_R309Q,3) Uncertain significance,R309Q,0.5
LEV,gyrA,gyrA_T590A,3) Uncertain significance,T590A,0.5
LEV,gyrA,gyrA_T735S,3) Uncertain significance,T735S,0.5
LEV,gyrB,gyrB_E501G,3) Uncertain significance,E501G,0.5
LEV,gyrA,gyrA_D829E,3) Uncertain significance,D829E,0.3333333333333333
LEV,gyrA,gyrA_E739Q,3) Uncertain significance,E739Q,0.3333333333333333
LEV,gyrA,gyrA_F705L,3) Uncertain significance,F705L,0.3333333333333333
LEV,gyrA,gyrA_L105R,3) Uncertain significance,L105R,0.3333333333333333
LEV,gyrA,gyrA_L398F,3) Uncertain significance,L398F,0.3333333333333333
LEV,gyrA,gyrA_S237A,3) Uncertain significance,S237A,0.3333333333333333
LEV,gyrA,gyrA_H368Q,3) Uncertain significance,H368Q,0.25
LEV,gyrB,gyrB_T378S,3) Uncertain significance,T378S,0.2
LEV,gyrA,gyrA_G729R,3) Uncertain significance,G729R,0.16666666666666666
LEV,gyrA,gyrA_N282K,3) Uncertain significance,N282K,0.16666666666666666
LEV,gyrA,gyrA_T272I,3) Uncertain significance,T272I,0.16666666666666666
LEV,gyrA,gyrA_I462V,3) Uncertain significance,I462V,0.14285714285714285
LEV,gyrA,gyrA_Q277R,3) Uncertain significance,Q277R,0.125
LEV,gyrB,gyrB_K526Q,3) Uncertain significance,K526Q,0.0625
LEV,gyrA,gyrA_A186T,3) Uncertain significance,A186T,0.0
LEV,gyrA,gyrA_A198G,3) Uncertain significance,A198G,0.0
LEV,gyrA,gyrA_A231S,3) Uncertain significance,A231S,0.0
LEV,gyrA,gyrA_A297G,3) Uncertain significance,A297G,0.0
LEV,gyrA,gyrA_A322S,3) Uncertain significance,A322S,0.0
LEV,gyrA,gyrA_A324G,3) Uncertain significance,A324G,0.0
LEV,gyrA,gyrA_A324V,3) Uncertain significance,A324V,0.0
LEV,gyrA,gyrA_A347V,3) Uncertain significance,A347V,0.0
LEV,gyrA,gyrA_A406T,3) Uncertain significance,A406T,0.0
LEV,gyrA,gyrA_A406V,3) Uncertain significance,A406V,0.0
LEV,gyrA,gyrA_A410T,3) Uncertain significance,A410T,0.0
LEV,gyrA,gyrA_A419Q,3) Uncertain significance,A419Q,0.0
LEV,gyrA,gyrA_A432G,3) Uncertain significance,A432G,0.0
LEV,gyrA,gyrA_A432V,3) Uncertain significance,A432V,0.0
LEV,gyrA,gyrA_A501V,3) Uncertain significance,A501V,0.0
LEV,gyrA,gyrA_A512T,3) Uncertain significance,A512T,0.0
LEV,gyrA,gyrA_A512V,3) Uncertain significance,A512V,0.0
LEV,gyrA,gyrA_A579V,3) Uncertain significance,A579V,0.0
LEV,gyrA,gyrA_A587D,3) Uncertain significance,A587D,0.0
LEV,gyrA,gyrA_A620T,3) Uncertain significance,A620T,0.0
LEV,gyrA,gyrA_A667V,3) Uncertain significance,A667V,0.0
LEV,gyrA,gyrA_A676D,3) Uncertain significance,A676D,0.0
LEV,gyrA,gyrA_A696T,3) Uncertain significance,A696T,0.0
LEV,gyrA,gyrA_A74T,3) Uncertain significance,A74T,0.0
LEV,gyrA,gyrA_D111G,3) Uncertain significance,D111G,0.0
LEV,gyrA,gyrA_D199E,3) Uncertain significance,D199E,0.0
LEV,gyrA,gyrA_D199Y,3) Uncertain significance,D199Y,0.0
LEV,gyrA,gyrA_D209E,3) Uncertain significance,D209E,0.0
LEV,gyrA,gyrA_D209G,3) Uncertain significance,D209G,0.0
LEV,gyrA,gyrA_D211E,3) Uncertain significance,D211E,0.0
LEV,gyrA,gyrA_D211G,3) Uncertain significance,D211G,0.0
LEV,gyrA,gyrA_D262N,3) Uncertain significance,D262N,0.0
LEV,gyrA,gyrA_D262V,3) Uncertain significance,D262V,0.0
LEV,gyrA,gyrA_D293Y,3) Uncertain significance,D293Y,0.0
LEV,gyrA,gyrA_D367E,3) Uncertain significance,D367E,0.0
LEV,gyrA,gyrA_D415N,3) Uncertain significance,D415N,0.0
LEV,gyrA,gyrA_D437G,3) Uncertain significance,D437G,0.0
LEV,gyrA,gyrA_D464E,3) Uncertain significance,D464E,0.0
LEV,gyrA,gyrA_D467H,3) Uncertain significance,D467H,0.0
LEV,gyrA,gyrA_D481E,3) Uncertain significance,D481E,0.0
LEV,gyrA,gyrA_D481G,3) Uncertain significance,D481G,0.0
LEV,gyrA,gyrA_D488A,3) Uncertain significance,D488A,0.0
LEV,gyrA,gyrA_D493H,3) Uncertain significance,D493H,0.0
LEV,gyrA,gyrA_D507H,3) Uncertain significance,D507H,0.0
LEV,gyrA,gyrA_D509N,3) Uncertain significance,D509N,0.0
LEV,gyrA,gyrA_D515N,3) Uncertain significance,D515N,0.0
LEV,gyrA,gyrA_D583E,3) Uncertain significance,D583E,0.0
LEV,gyrA,gyrA_D639G,3) Uncertain significance,D639G,0.0
LEV,gyrA,gyrA_D641Y,3) Uncertain significance,D641Y,0.0
LEV,gyrA,gyrA_D687N,3) Uncertain significance,D687N,0.0
LEV,gyrA,gyrA_D824A,3) Uncertain significance,D824A,0.0
LEV,gyrA,gyrA_D825E,3) Uncertain significance,D825E,0.0
LEV,gyrA,gyrA_D834N,3) Uncertain significance,D834N,0.0
LEV,gyrA,gyrA_E140G,3) Uncertain significance,E140G,0.0
LEV,gyrA,gyrA_E144Q,3) Uncertain significance,E144Q,0.0
LEV,gyrA,gyrA_E148D,3) Uncertain significance,E148D,0.0
LEV,gyrA,gyrA_E206D,3) Uncertain significance,E206D,0.0
LEV,gyrA,gyrA_E214A,3) Uncertain significance,E214A,0.0
LEV,gyrA,gyrA_E258D,3) Uncertain significance,E258D,0.0
LEV,gyrA,gyrA_E289Q,3) Uncertain significance,E289Q,0.0
LEV,gyrA,gyrA_E317G,3) Uncertain significance,E317G,0.0
LEV,gyrA,gyrA_E386V,3) Uncertain significance,E386V,0.0
LEV,gyrA,gyrA_E412G,3) Uncertain significance,E412G,0.0
LEV,gyrA,gyrA_E429A,3) Uncertain significance,E429A,0.0
LEV,gyrA,gyrA_E466A,3) Uncertain significance,E466A,0.0
LEV,gyrA,gyrA_E485A,3) Uncertain significance,E485A,0.0
LEV,gyrA,gyrA_E508A,3) Uncertain significance,E508A,0.0
LEV,gyrA,gyrA_E586G,3) Uncertain significance,E586G,0.0
LEV,gyrA,gyrA_E605G,3) Uncertain significance,E605G,0.0
LEV,gyrA,gyrA_E79K,3) Uncertain significance,E79K,0.0
LEV,gyrA,gyrA_E808Q,3) Uncertain significance,E808Q,0.0
LEV,gyrA,gyrA_F152L,3) Uncertain significance,F152L,0.0
LEV,gyrA,gyrA_F228L,3) Uncertain significance,F228L,0.0
LEV,gyrA,gyrA_F569C,3) Uncertain significance,F569C,0.0
LEV,gyrA,gyrA_F60Y,3) Uncertain significance,F60Y,0.0
LEV,gyrA,gyrA_F640V,3) Uncertain significance,F640V,0.0
LEV,gyrA,gyrA_F64L,3) Uncertain significance,F64L,0.0
LEV,gyrA,gyrA_F683L,3) Uncertain significance,F683L,0.0
LEV,gyrA,gyrA_F683V,3) Uncertain significance,F683V,0.0
LEV,gyrA,gyrA_G158S,3) Uncertain significance,G158S,0.0
LEV,gyrA,gyrA_G221E,3) Uncertain significance,G221E,0.0
LEV,gyrA,gyrA_G294A,3) Uncertain significance,G294A,0.0
LEV,gyrA,gyrA_G311A,3) Uncertain significance,G311A,0.0
LEV,gyrA,gyrA_G477R,3) Uncertain significance,G477R,0.0
LEV,gyrA,gyrA_G63R,3) Uncertain significance,G63R,0.0
LEV,gyrA,gyrA_G668N,3) Uncertain significance,G668N,0.0
LEV,gyrA,gyrA_G744A,3) Uncertain significance,G744A,0.0
LEV,gyrA,gyrA_G764R,3) Uncertain significance,G764R,0.0
LEV,gyrA,gyrA_G780C,3) Uncertain significance,G780C,0.0
LEV,gyrA,gyrA_G795R,3) Uncertain significance,G795R,0.0
LEV,gyrA,gyrA_G823S,3) Uncertain significance,G823S,0.0
LEV,gyrA,gyrA_G832R,3) Uncertain significance,G832R,0.0
LEV,gyrA,gyrA_H192Q,3) Uncertain significance,H192Q,0.0
LEV,gyrA,gyrA_H208Y,3) Uncertain significance,H208Y,0.0
LEV,gyrA,gyrA_H334Y,3) Uncertain significance,H334Y,0.0
LEV,gyrA,gyrA_H490N,3) Uncertain significance,H490N,0.0
LEV,gyrA,gyrA_H490Y,3) Uncertain significance,H490Y,0.0
LEV,gyrA,gyrA_I153S,3) Uncertain significance,I153S,0.0
LEV,gyrA,gyrA_I314V,3) Uncertain significance,I314V,0.0
LEV,gyrA,gyrA_I318L,3) Uncertain significance,I318L,0.0
LEV,gyrA,gyrA_I328L,3) Uncertain significance,I328L,0.0
LEV,gyrA,gyrA_I348V,3) Uncertain significance,I348V,0.0
LEV,gyrA,gyrA_I362M,3) Uncertain significance,I362M,0.0
LEV,gyrA,gyrA_I408T,3) Uncertain significance,I408T,0.0
LEV,gyrA,gyrA_I427V,3) Uncertain significance,I427V,0.0
LEV,gyrA,gyrA_I468V,3) Uncertain significance,I468V,0.0
LEV,gyrA,gyrA_I520L,3) Uncertain significance,I520L,0.0
LEV,gyrA,gyrA_K224E,3) Uncertain significance,K224E,0.0
LEV,gyrA,gyrA_K319E,3) Uncertain significance,K319E,0.0
LEV,gyrA,gyrA_K333N,3) Uncertain significance,K333N,0.0
LEV,gyrA,gyrA_K636N,3) Uncertain significance,K636N,0.0
LEV,gyrA,gyrA_K636T,3) Uncertain significance,K636T,0.0
LEV,gyrA,gyrA_L425F,3) Uncertain significance,L425F,0.0
LEV,gyrA,gyrA_L549V,3) Uncertain significance,L549V,0.0
LEV,gyrA,gyrA_L690V,3) Uncertain significance,L690V,0.0
LEV,gyrA,gyrA_L766S,3) Uncertain significance,L766S,0.0
LEV,gyrA,gyrA_M139T,3) Uncertain significance,M139T,0.0
LEV,gyrA,gyrA_M139V,3) Uncertain significance,M139V,0.0
LEV,gyrA,gyrA_M141I,3) Uncertain significance,M141I,0.0
LEV,gyrA,gyrA_M141T,3) Uncertain significance,M141T,0.0
LEV,gyrA,gyrA_M438I,3) Uncertain significance,M438I,0.0
LEV,gyrA,gyrA_M703V,3) Uncertain significance,M703V,0.0
LEV,gyrA,gyrA_M99I,3) Uncertain significance,M99I,0.0
LEV,gyrA,gyrA_M99V,3) Uncertain significance,M99V,0.0
LEV,gyrA,gyrA_N301T,3) Uncertain significance,N301T,0.0
LEV,gyrA,gyrA_N629K,3) Uncertain significance,N629K,0.0
LEV,gyrA,gyrA_N826D,3) Uncertain significance,N826D,0.0
LEV,gyrA,gyrA_N826I,3) Uncertain significance,N826I,0.0
LEV,gyrA,gyrA_N831D,3) Uncertain significance,N831D,0.0
LEV,gyrA,gyrA_P108S,3) Uncertain significance,P108S,0.0
LEV,gyrA,gyrA_P119L,3) Uncertain significance,P119L,0.0
LEV,gyrA,gyrA_P154L,3) Uncertain significance,P154L,0.0
LEV,gyrA,gyrA_P154R,3) Uncertain significance,P154R,0.0
LEV,gyrA,gyrA_P17S,3) Uncertain significance,P17S,0.0
LEV,gyrA,gyrA_P7L,3) Uncertain significance,P7L,0.0
LEV,gyrA,gyrA_Q22H,3) Uncertain significance,Q22H,0.0
LEV,gyrA,gyrA_Q22R,3) Uncertain significance,Q22R,0.0
LEV,gyrA,gyrA_Q238H,3) Uncertain significance,Q238H,0.0
LEV,gyrA,gyrA_Q25E,3) Uncertain significance,Q25E,0.0
LEV,gyrA,gyrA_Q290R,3) Uncertain significance,Q290R,0.0
LEV,gyrA,gyrA_Q305R,3) Uncertain significance,Q305R,0.0
LEV,gyrA,gyrA_Q336K,3) Uncertain significance,Q336K,0.0
LEV,gyrA,gyrA_Q475P,3) Uncertain significance,Q475P,0.0
LEV,gyrA,gyrA_Q603H,3) Uncertain significance,Q603H,0.0
LEV,gyrA,gyrA_Q679H,3) Uncertain significance,Q679H,0.0
LEV,gyrA,gyrA_Q743H,3) Uncertain significance,Q743H,0.0
LEV,gyrA,gyrA_Q797P,3) Uncertain significance,Q797P,0.0
LEV,gyrA,gyrA_R106C,3) Uncertain significance,R106C,0.0
LEV,gyrA,gyrA_R143K,3) Uncertain significance,R143K,0.0
LEV,gyrA,gyrA_R14L,3) Uncertain significance,R14L,0.0
LEV,gyrA,gyrA_R252G,3) Uncertain significance,R252G,0.0
LEV,gyrA,gyrA_R26C,3) Uncertain significance,R26C,0.0
LEV,gyrA,gyrA_R26H,3) Uncertain significance,R26H,0.0
LEV,gyrA,gyrA_R375Q,3) Uncertain significance,R375Q,0.0
LEV,gyrA,gyrA_R376L,3) Uncertain significance,R376L,0.0
LEV,gyrA,gyrA_R392H,3) Uncertain significance,R392H,0.0
LEV,gyrA,gyrA_R409Q,3) Uncertain significance,R409Q,0.0
LEV,gyrA,gyrA_R480C,3) Uncertain significance,R480C,0.0
LEV,gyrA,gyrA_R489K,3) Uncertain significance,R489K,0.0
LEV,gyrA,gyrA_R489S,3) Uncertain significance,R489S,0.0
LEV,gyrA,gyrA_R513C,3) Uncertain significance,R513C,0.0
LEV,gyrA,gyrA_R607C,3) Uncertain significance,R607C,0.0
LEV,gyrA,gyrA_R615G,3) Uncertain significance,R615G,0.0
LEV,gyrA,gyrA_R615H,3) Uncertain significance,R615H,0.0
LEV,gyrA,gyrA_R615L,3) Uncertain significance,R615L,0.0
LEV,gyrA,gyrA_R65H,3) Uncertain significance,R65H,0.0
LEV,gyrA,gyrA_R68C,3) Uncertain significance,R68C,0.0
LEV,gyrA,gyrA_R758P,3) Uncertain significance,R758P,0.0
LEV,gyrA,gyrA_R789G,3) Uncertain significance,R789G,0.0
LEV,gyrA,gyrA_R789H,3) Uncertain significance,R789H,0.0
LEV,gyrA,gyrA_R802Q,3) Uncertain significance,R802Q,0.0
LEV,gyrA,gyrA_S104L,3) Uncertain significance,S104L,0.0
LEV,gyrA,gyrA_S168N,3) Uncertain significance,S168N,0.0
LEV,gyrA,gyrA_S168T,3) Uncertain significance,S168T,0.0
LEV,gyrA,gyrA_S237T,3) Uncertain significance,S237T,0.0
LEV,gyrA,gyrA_S506N,3) Uncertain significance,S506N,0.0
LEV,gyrA,gyrA_S62F,3) Uncertain significance,S62F,0.0
LEV,gyrA,gyrA_S728A,3) Uncertain significance,S728A,0.0
LEV,gyrA,gyrA_T164M,3) Uncertain significance,T164M,0.0
LEV,gyrA,gyrA_T230S,3) Uncertain significance,T230S,0.0
LEV,gyrA,gyrA_T240I,3) Uncertain significance,T240I,0.0
LEV,gyrA,gyrA_T246A,3) Uncertain significance,T246A,0.0
LEV,gyrA,gyrA_T355M,3) Uncertain significance,T355M,0.0
LEV,gyrA,gyrA_T355S,3) Uncertain significance,T355S,0.0
LEV,gyrA,gyrA_T563S,3) Uncertain significance,T563S,0.0
LEV,gyrA,gyrA_T590M,3) Uncertain significance,T590M,0.0
LEV,gyrA,gyrA_T638I,3) Uncertain significance,T638I,0.0
LEV,gyrA,gyrA_T638N,3) Uncertain significance,T638N,0.0
LEV,gyrA,gyrA_T686S,3) Uncertain significance,T686S,0.0
LEV,gyrA,gyrA_T697A,3) Uncertain significance,T697A,0.0
LEV,gyrA,gyrA_T836M,3) Uncertain significance,T836M,0.0
LEV,gyrA,gyrA_V223I,3) Uncertain significance,V223I,0.0
LEV,gyrA,gyrA_V235A,3) Uncertain significance,V235A,0.0
LEV,gyrA,gyrA_V259L,3) Uncertain significance,V259L,0.0
LEV,gyrA,gyrA_V326G,3) Uncertain significance,V326G,0.0
LEV,gyrA,gyrA_V326L,3) Uncertain significance,V326L,0.0
LEV,gyrA,gyrA_V327L,3) Uncertain significance,V327L,0.0
LEV,gyrA,gyrA_V352L,3) Uncertain significance,V352L,0.0
LEV,gyrA,gyrA_V352M,3) Uncertain significance,V352M,0.0
LEV,gyrA,gyrA_V479M,3) Uncertain significance,V479M,0.0
LEV,gyrA,gyrA_V505I,3) Uncertain significance,V505I,0.0
LEV,gyrA,gyrA_V516A,3) Uncertain significance,V516A,0.0
LEV,gyrA,gyrA_V517L,3) Uncertain significance,V517L,0.0
LEV,gyrA,gyrA_V649L,3) Uncertain significance,V649L,0.0
LEV,gyrA,gyrA_V649M,3) Uncertain significance,V649M,0.0
LEV,gyrA,gyrA_V651A,3) Uncertain significance,V651A,0.0
LEV,gyrA,gyrA_V651I,3) Uncertain significance,V651I,0.0
LEV,gyrA,gyrA_V716F,3) Uncertain significance,V716F,0.0
LEV,gyrA,gyrA_V768A,3) Uncertain significance,V768A,0.0
LEV,gyrA,gyrA_Y276H,3) Uncertain significance,Y276H,0.0
LEV,gyrA,gyrA_Y364H,3) Uncertain significance,Y364H,0.0
LEV,gyrA,gyrA_Y365H,3) Uncertain significance,Y365H,0.0
LEV,gyrA,gyrA_Y722C,3) Uncertain significance,Y722C,0.0
LEV,gyrB,gyrB_A115V,3) Uncertain significance,A115V,0.0
LEV,gyrB,gyrB_A162E,3) Uncertain significance,A162E,0.0
LEV,gyrB,gyrB_A162S,3) Uncertain significance,A162S,0.0
LEV,gyrB,gyrB_A175T,3) Uncertain significance,A175T,0.0
LEV,gyrB,gyrB_A233G,3) Uncertain significance,A233G,0.0
LEV,gyrB,gyrB_A237G,3) Uncertain significance,A237G,0.0
LEV,gyrB,gyrB_A238G,3) Uncertain significance,A238G,0.0
LEV,gyrB,gyrB_A238T,3) Uncertain significance,A238T,0.0
LEV,gyrB,gyrB_A242T,3) Uncertain significance,A242T,0.0
LEV,gyrB,gyrB_A332V,3) Uncertain significance,A332V,0.0
LEV,gyrB,gyrB_A355T,3) Uncertain significance,A355T,0.0
LEV,gyrB,gyrB_A403V,3) Uncertain significance,A403V,0.0
LEV,gyrB,gyrB_A423V,3) Uncertain significance,A423V,0.0
LEV,gyrB,gyrB_A467T,3) Uncertain significance,A467T,0.0
LEV,gyrB,gyrB_A564T,3) Uncertain significance,A564T,0.0
LEV,gyrB,gyrB_A593V,3) Uncertain significance,A593V,0.0
LEV,gyrB,gyrB_A78G,3) Uncertain significance,A78G,0.0
LEV,gyrB,gyrB_A78T,3) Uncertain significance,A78T,0.0
LEV,gyrB,gyrB_A78V,3) Uncertain significance,A78V,0.0
LEV,gyrB,gyrB_A87G,3) Uncertain significance,A87G,0.0
LEV,gyrB,gyrB_A90T,3) Uncertain significance,A90T,0.0
LEV,gyrB,gyrB_C388G,3) Uncertain significance,C388G,0.0
LEV,gyrB,gyrB_D216G,3) Uncertain significance,D216G,0.0
LEV,gyrB,gyrB_D220E,3) Uncertain significance,D220E,0.0
LEV,gyrB,gyrB_D334G,3) Uncertain significance,D334G,0.0
LEV,gyrB,gyrB_D340G,3) Uncertain significance,D340G,0.0
LEV,gyrB,gyrB_D402E,3) Uncertain significance,D402E,0.0
LEV,gyrB,gyrB_D434H,3) Uncertain significance,D434H,0.0
LEV,gyrB,gyrB_D461A,3) Uncertain significance,D461A,0.0
LEV,gyrB,gyrB_D494A,3) Uncertain significance,D494A,0.0
LEV,gyrB,gyrB_D494G,3) Uncertain significance,D494G,0.0
LEV,gyrB,gyrB_D617Y,3) Uncertain significance,D617Y,0.0
LEV,gyrB,gyrB_E181G,3) Uncertain significance,E181G,0.0
LEV,gyrB,gyrB_E21D,3) Uncertain significance,E21D,0.0
LEV,gyrB,gyrB_E21K,3) Uncertain significance,E21K,0.0
LEV,gyrB,gyrB_E24K,3) Uncertain significance,E24K,0.0
LEV,gyrB,gyrB_E425A,3) Uncertain significance,E425A,0.0
LEV,gyrB,gyrB_E604D,3) Uncertain significance,E604D,0.0
LEV,gyrB,gyrB_E604K,3) Uncertain significance,E604K,0.0
LEV,gyrB,gyrB_E604V,3) Uncertain significance,E604V,0.0
LEV,gyrB,gyrB_E71D,3) Uncertain significance,E71D,0.0
LEV,gyrB,gyrB_G143R,3) Uncertain significance,G143R,0.0
LEV,gyrB,gyrB_G282D,3) Uncertain significance,G282D,0.0
LEV,gyrB,gyrB_G436R,3) Uncertain significance,G436R,0.0
LEV,gyrB,gyrB_G520T,3) Uncertain significance,G520T,0.0
LEV,gyrB,gyrB_G594R,3) Uncertain significance,G594R,0.0
LEV,gyrB,gyrB_H252Y,3) Uncertain significance,H252Y,0.0
LEV,gyrB,gyrB_H272P,3) Uncertain significance,H272P,0.0
LEV,gyrB,gyrB_H311R,3) Uncertain significance,H311R,0.0
LEV,gyrB,gyrB_H560N,3) Uncertain significance,H560N,0.0
LEV,gyrB,gyrB_I116M,3) Uncertain significance,I116M,0.0
LEV,gyrB,gyrB_I19L,3) Uncertain significance,I19L,0.0
LEV,gyrB,gyrB_I271V,3) Uncertain significance,I271V,0.0
LEV,gyrB,gyrB_I435L,3) Uncertain significance,I435L,0.0
LEV,gyrB,gyrB_I435V,3) Uncertain significance,I435V,0.0
LEV,gyrB,gyrB_I46S,3) Uncertain significance,I46S,0.0
LEV,gyrB,gyrB_I486V,3) Uncertain significance,I486V,0.0
LEV,gyrB,gyrB_I505V,3) Uncertain significance,I505V,0.0
LEV,gyrB,gyrB_I556V,3) Uncertain significance,I556V,0.0
LEV,gyrB,gyrB_I601T,3) Uncertain significance,I601T,0.0
LEV,gyrB,gyrB_K140E,3) Uncertain significance,K140E,0.0
LEV,gyrB,gyrB_K159M,3) Uncertain significance,K159M,0.0
LEV,gyrB,gyrB_K333N,3) Uncertain significance,K333N,0.0
LEV,gyrB,gyrB_K333R,3) Uncertain significance,K333R,0.0
LEV,gyrB,gyrB_K404R,3) Uncertain significance,K404R,0.0
LEV,gyrB,gyrB_K452N,3) Uncertain significance,K452N,0.0
LEV,gyrB,gyrB_K498N,3) Uncertain significance,K498N,0.0
LEV,gyrB,gyrB_K498R,3) Uncertain significance,K498R,0.0
LEV,gyrB,gyrB_K599N,3) Uncertain significance,K599N,0.0
LEV,gyrB,gyrB_K603R,3) Uncertain significance,K603R,0.0
LEV,gyrB,gyrB_K668R,3) Uncertain significance,K668R,0.0
LEV,gyrB,gyrB_K7Q,3) Uncertain significance,K7Q,0.0
LEV,gyrB,gyrB_L156M,3) Uncertain significance,L156M,0.0
LEV,gyrB,gyrB_L337R,3) Uncertain significance,L337R,0.0
LEV,gyrB,gyrB_L354V,3) Uncertain significance,L354V,0.0
LEV,gyrB,gyrB_L375F,3) Uncertain significance,L375F,0.0
LEV,gyrB,gyrB_L455V,3) Uncertain significance,L455V,0.0
LEV,gyrB,gyrB_L555V,3) Uncertain significance,L555V,0.0
LEV,gyrB,gyrB_L563F,3) Uncertain significance,L563F,0.0
LEV,gyrB,gyrB_L571I,3) Uncertain significance,L571I,0.0
LEV,gyrB,gyrB_L638V,3) Uncertain significance,L638V,0.0
LEV,gyrB,gyrB_L673P,3) Uncertain significance,L673P,0.0
LEV,gyrB,gyrB_M197I,3) Uncertain significance,M197I,0.0
LEV,gyrB,gyrB_M530T,3) Uncertain significance,M530T,0.0
LEV,gyrB,gyrB_M616V,3) Uncertain significance,M616V,0.0
LEV,gyrB,gyrB_N207D,3) Uncertain significance,N207D,0.0
LEV,gyrB,gyrB_N399S,3) Uncertain significance,N399S,0.0
LEV,gyrB,gyrB_N558D,3) Uncertain significance,N558D,0.0
LEV,gyrB,gyrB_N558H,3) Uncertain significance,N558H,0.0
LEV,gyrB,gyrB_N666S,3) Uncertain significance,N666S,0.0
LEV,gyrB,gyrB_N66H,3) Uncertain significance,N66H,0.0
LEV,gyrB,gyrB_P163S,3) Uncertain significance,P163S,0.0
LEV,gyrB,gyrB_P177H,3) Uncertain significance,P177H,0.0
LEV,gyrB,gyrB_P439A,3) Uncertain significance,P439A,0.0
LEV,gyrB,gyrB_P439R,3) Uncertain significance,P439R,0.0
LEV,gyrB,gyrB_P578R,3) Uncertain significance,P578R,0.0
LEV,gyrB,gyrB_Q148E,3) Uncertain significance,Q148E,0.0
LEV,gyrB,gyrB_Q476E,3) Uncertain significance,Q476E,0.0
LEV,gyrB,gyrB_Q4R,3) Uncertain significance,Q4R,0.0
LEV,gyrB,gyrB_Q565H,3) Uncertain significance,Q565H,0.0
LEV,gyrB,gyrB_R212T,3) Uncertain significance,R212T,0.0
LEV,gyrB,gyrB_R335C,3) Uncertain significance,R335C,0.0
LEV,gyrB,gyrB_R335K,3) Uncertain significance,R335K,0.0
LEV,gyrB,gyrB_R446L,3) Uncertain significance,R446L,0.0
LEV,gyrB,gyrB_R451H,3) Uncertain significance,R451H,0.0
LEV,gyrB,gyrB_R523C,3) Uncertain significance,R523C,0.0
LEV,gyrB,gyrB_R523H,3) Uncertain significance,R523H,0.0
LEV,gyrB,gyrB_R587G,3) Uncertain significance,R587G,0.0
LEV,gyrB,gyrB_R665C,3) Uncertain significance,R665C,0.0
LEV,gyrB,gyrB_S147F,3) Uncertain significance,S147F,0.0
LEV,gyrB,gyrB_S248G,3) Uncertain significance,S248G,0.0
LEV,gyrB,gyrB_S274T,3) Uncertain significance,S274T,0.0
LEV,gyrB,gyrB_S359T,3) Uncertain significance,S359T,0.0
LEV,gyrB,gyrB_S363R,3) Uncertain significance,S363R,0.0
LEV,gyrB,gyrB_S413A,3) Uncertain significance,S413A,0.0
LEV,gyrB,gyrB_S466P,3) Uncertain significance,S466P,0.0
LEV,gyrB,gyrB_S576G,3) Uncertain significance,S576G,0.0
LEV,gyrB,gyrB_S576T,3) Uncertain significance,S576T,0.0
LEV,gyrB,gyrB_S629T,3) Uncertain significance,S629T,0.0
LEV,gyrB,gyrB_T170M,3) Uncertain significance,T170M,0.0
LEV,gyrB,gyrB_T189P,3) Uncertain significance,T189P,0.0
LEV,gyrB,gyrB_T37S,3) Uncertain significance,T37S,0.0
LEV,gyrB,gyrB_T401A,3) Uncertain significance,T401A,0.0
LEV,gyrB,gyrB_T401I,3) Uncertain significance,T401I,0.0
LEV,gyrB,gyrB_T664I,3) Uncertain significance,T664I,0.0
LEV,gyrB,gyrB_V226A,3) Uncertain significance,V226A,0.0
LEV,gyrB,gyrB_V670I,3) Uncertain significance,V670I,0.0
LEV,gyrB,gyrB_V675I,3) Uncertain significance,V675I,0.0
LEV,gyrB,gyrB_V75G,3) Uncertain significance,V75G,0.0
LEV,gyrA,gyrA_A126E,3) Uncertain significance,A126E,0.0
LEV,gyrA,gyrA_A210V,3) Uncertain significance,A210V,0.0
LEV,gyrA,gyrA_A445V,3) Uncertain significance,A445V,0.0
LEV,gyrA,gyrA_D242N,3) Uncertain significance,D242N,0.0
LEV,gyrA,gyrA_D367H,3) Uncertain significance,D367H,0.0
LEV,gyrA,gyrA_E412V,3) Uncertain significance,E412V,0.0
LEV,gyrA,gyrA_E79D,3) Uncertain significance,E79D,0.0
LEV,gyrA,gyrA_E820D,3) Uncertain significance,E820D,0.0
LEV,gyrA,gyrA_G351A,3) Uncertain significance,G351A,0.0
LEV,gyrA,gyrA_I189M,3) Uncertain significance,I189M,0.0
LEV,gyrA,gyrA_I189V,3) Uncertain significance,I189V,0.0
LEV,gyrA,gyrA_I284V,3) Uncertain significance,I284V,0.0
LEV,gyrA,gyrA_I815M,3) Uncertain significance,I815M,0.0
LEV,gyrA,gyrA_K319N,3) Uncertain significance,K319N,0.0
LEV,gyrA,gyrA_L142V,3) Uncertain significance,L142V,0.0
LEV,gyrA,gyrA_L205V,3) Uncertain significance,L205V,0.0
LEV,gyrA,gyrA_L401V,3) Uncertain significance,L401V,0.0
LEV,gyrA,gyrA_N826H,3) Uncertain significance,N826H,0.0
LEV,gyrA,gyrA_N831K,3) Uncertain significance,N831K,0.0
LEV,gyrA,gyrA_P17L,3) Uncertain significance,P17L,0.0
LEV,gyrA,gyrA_Q290H,3) Uncertain significance,Q290H,0.0
LEV,gyrA,gyrA_R195G,3) Uncertain significance,R195G,0.0
LEV,gyrA,gyrA_R380G,3) Uncertain significance,R380G,0.0
LEV,gyrA,gyrA_S642C,3) Uncertain significance,S642C,0.0
LEV,gyrA,gyrA_S698L,3) Uncertain significance,S698L,0.0
LEV,gyrA,gyrA_T355A,3) Uncertain significance,T355A,0.0
LEV,gyrA,gyrA_T836K,3) Uncertain significance,T836K,0.0
LEV,gyrA,gyrA_V544L,3) Uncertain significance,V544L,0.0
LEV,gyrA,gyrA_V624L,3) Uncertain significance,V624L,0.0
LEV,gyrA,gyrA_V750A,3) Uncertain significance,V750A,0.0
LEV,gyrA,gyrA_Y379C,3) Uncertain significance,Y379C,0.0
LEV,gyrB,gyrB_A432V,3) Uncertain significance,A432V,0.0
LEV,gyrB,gyrB_A508V,3) Uncertain significance,A508V,0.0
LEV,gyrB,gyrB_D112H,3) Uncertain significance,D112H,0.0
LEV,gyrB,gyrB_D225G,3) Uncertain significance,D225G,0.0
LEV,gyrB,gyrB_D259E,3) Uncertain significance,D259E,0.0
LEV,gyrB,gyrB_D342E,3) Uncertain significance,D342E,0.0
LEV,gyrB,gyrB_D434E,3) Uncertain significance,D434E,0.0
LEV,gyrB,gyrB_D518G,3) Uncertain significance,D518G,0.0
LEV,gyrB,gyrB_D97E,3) Uncertain significance,D97E,0.0
LEV,gyrB,gyrB_E228D,3) Uncertain significance,E228D,0.0
LEV,gyrB,gyrB_E299Q,3) Uncertain significance,E299Q,0.0
LEV,gyrB,gyrB_E379G,3) Uncertain significance,E379G,0.0
LEV,gyrB,gyrB_F549L,3) Uncertain significance,F549L,0.0
LEV,gyrB,gyrB_G38S,3) Uncertain significance,G38S,0.0
LEV,gyrB,gyrB_G520A,3) Uncertain significance,G520A,0.0
LEV,gyrB,gyrB_I206S,3) Uncertain significance,I206S,0.0
LEV,gyrB,gyrB_L69V,3) Uncertain significance,L69V,0.0
LEV,gyrB,gyrB_M58I,3) Uncertain significance,M58I,0.0
LEV,gyrB,gyrB_P163L,3) Uncertain significance,P163L,0.0
LEV,gyrB,gyrB_P177R,3) Uncertain significance,P177R,0.0
LEV,gyrB,gyrB_Q538R,3) Uncertain significance,Q538R,0.0
LEV,gyrB,gyrB_R523S,3) Uncertain significance,R523S,0.0
LEV,gyrB,gyrB_R634L,3) Uncertain significance,R634L,0.0
LEV,gyrB,gyrB_T170A,3) Uncertain significance,T170A,0.0
LEV,gyrB,gyrB_T209A,3) Uncertain significance,T209A,0.0
LEV,gyrB,gyrB_T267S,3) Uncertain significance,T267S,0.0
LEV,gyrB,gyrB_T507A,3) Uncertain significance,T507A,0.0
LEV,gyrB,gyrB_V327L,3) Uncertain significance,V327L,0.0
LEV,gyrB,gyrB_V406I,3) Uncertain significance,V406I,0.0
LEV,gyrB,gyrB_V427M,3) Uncertain significance,V427M,0.0
LEV,gyrB,gyrB_Y253S,3) Uncertain significance,Y253S,0.0
LEV,gyrA,gyrA_A626V,3) Uncertain significance,A626V,0.0
LEV,gyrA,gyrA_A787G,3) Uncertain significance,A787G,0.0
LEV,gyrA,gyrA_D481A,3) Uncertain significance,D481A,0.0
LEV,gyrA,gyrA_G351W,3) Uncertain significance,G351W,0.0
LEV,gyrA,gyrA_G477E,3) Uncertain significance,G477E,0.0
LEV,gyrA,gyrA_G503R,3) Uncertain significance,G503R,0.0
LEV,gyrA,gyrA_I15V,3) Uncertain significance,I15V,0.0
LEV,gyrA,gyrA_L12F,3) Uncertain significance,L12F,0.0
LEV,gyrA,gyrA_L358M,3) Uncertain significance,L358M,0.0
LEV,gyrA,gyrA_L455V,3) Uncertain significance,L455V,0.0
LEV,gyrA,gyrA_R495C,3) Uncertain significance,R495C,0.0
LEV,gyrA,gyrA_S69G,3) Uncertain significance,S69G,0.0
LEV,gyrA,gyrA_S728L,3) Uncertain significance,S728L,0.0
LEV,gyrA,gyrA_T377I,3) Uncertain significance,T377I,0.0
LEV,gyrA,gyrA_V742L,3) Uncertain significance,V742L,0.0
LEV,gyrB,gyrB_A644D,3) Uncertain significance,A644D,0.0
LEV,gyrB,gyrB_G606S,3) Uncertain significance,G606S,0.0
LEV,gyrB,gyrB_I607V,3) Uncertain significance,I607V,0.0
LEV,gyrB,gyrB_L204M,3) Uncertain significance,L204M,0.0
LEV,gyrB,gyrB_P177L,3) Uncertain significance,P177L,0.0
LEV,gyrB,gyrB_T250S,3) Uncertain significance,T250S,0.0
LEV,gyrA,gyrA_A40T,3) Uncertain significance,A40T,0.0
LEV,gyrA,gyrA_A736V,3) Uncertain significance,A736V,0.0
LEV,gyrA,gyrA_K636E,3) Uncertain significance,K636E,0.0
LEV,gyrA,gyrA_S536R,3) Uncertain significance,S536R,0.0
LEV,gyrA,gyrA_T572N,3) Uncertain significance,T572N,0.0
LEV,gyrA,gyrA_T836R,3) Uncertain significance,T836R,0.0
LEV,gyrA,gyrA_V783M,3) Uncertain significance,V783M,0.0
LEV,gyrB,gyrB_E228Q,3) Uncertain significance,E228Q,0.0
LEV,gyrB,gyrB_E586K,3) Uncertain significance,E586K,0.0
LEV,gyrB,gyrB_E654A,3) Uncertain significance,E654A,0.0
LEV,gyrB,gyrB_P400R,3) Uncertain significance,P400R,0.0
LEV,gyrB,gyrB_P578A,3) Uncertain significance,P578A,0.0
LEV,gyrB,gyrB_P628A,3) Uncertain significance,P628A,0.0
LEV,gyrB,gyrB_S274R,3) Uncertain significance,S274R,0.0
LEV,gyrA,gyrA_N818D,3) Uncertain significance,N818D,0.0
LEV,gyrA,gyrA_V783L,3) Uncertain significance,V783L,0.0
LEV,gyrB,gyrB_D434G,3) Uncertain significance,D434G,0.0
LEV,gyrB,gyrB_P254L,3) Uncertain significance,P254L,0.0
LEV,gyrB,gyrB_T393S,3) Uncertain significance,T393S,0.0
LEV,gyrA,gyrA_A322E,3) Uncertain significance,A322E,0.0
LEV,gyrA,gyrA_D488E,3) Uncertain significance,D488E,0.0
LEV,gyrA,gyrA_D639A,3) Uncertain significance,D639A,0.0
LEV,gyrA,gyrA_L711M,3) Uncertain significance,L711M,0.0
LEV,gyrA,gyrA_Q113E,3) Uncertain significance,Q113E,0.0
LEV,gyrB,gyrB_A398V,3) Uncertain significance,A398V,0.0
LEV,gyrB,gyrB_A90G,3) Uncertain significance,A90G,0.0
LEV,gyrB,gyrB_I34V,3) Uncertain significance,I34V,0.0
LEV,gyrB,gyrB_V630I,3) Uncertain significance,V630I,0.0
LEV,gyrA,gyrA_A288V,3) Uncertain significance,A288V,0.0
LEV,gyrB,gyrB_N66S,3) Uncertain significance,N66S,0.0
LEV,gyrA,gyrA_E214D,3) Uncertain significance,E214D,0.0
LEV,gyrA,gyrA_L659V,3) Uncertain significance,L659V,0.0
LEV,gyrB,gyrB_S576I,3) Uncertain significance,S576I,0.0
LEV,gyrB,gyrB_A130S,3) Uncertain significance,A130S,0.0
LEV,gyrA,gyrA_R254C,3) Uncertain significance,R254C,0.0
LEV,gyrB,gyrB_I493T,3) Uncertain significance,I493T,0.0
LEV,gyrB,gyrB_I93V,3) Uncertain significance,I93V,0.0
LEV,gyrA,gyrA_L296P,3) Uncertain significance,L296P,0.0
LEV,gyrA,gyrA_P8A,3) Uncertain significance,P8A,0.0
LEV,gyrA,gyrA_A456V,3) Uncertain significance,A456V,0.0
LEV,gyrB,gyrB_I84V,3) Uncertain significance,I84V,0.0
LEV,gyrA,gyrA_A90G,4) Not assoc w R - Interim,A90G,0.0
LEV,gyrA,gyrA_T80A,4) Not assoc w R - Interim,T80A,0.0
LEV,gyrA,gyrA_E21Q,5) Not assoc w R,E21Q,0.19600038831181438
LEV,gyrA,gyrA_G668D,5) Not assoc w R,G668D,0.20056057303020866
LEV,gyrA,gyrA_S95T,5) Not assoc w R,S95T,0.20037394827048924
LEV,gyrA,gyrA_G247S,5) Not assoc w R,G247S,0.14367816091954022
LEV,gyrA,gyrA_A384V,5) Not assoc w R,A384V,0.047337278106508875
LEV,gyrB,gyrB_M291I,5) Not assoc w R,M291I,0.04700854700854701
LEV,gyrA,gyrA_A463S,5) Not assoc w R,A463S,0.2222222222222222
LEV,gyrA,gyrA_Q613E,5) Not assoc w R,Q613E,0.04032258064516129
LEV,gyrB,gyrB_P94L,5) Not assoc w R,P94L,0.01327433628318584
LEV,gyrA,gyrA_R252L,5) Not assoc w R,R252L,0.046511627906976744
LEV,gyrB,gyrB_A403S,5) Not assoc w R,A403S,0.0
LEV,gyrB,gyrB_V301L,5) Not assoc w R,V301L,0.0
LZD,rplC,rplC_C154R,1) Assoc w R,C154R,0.734375
LZD,rplC,rplC_G120S,3) Uncertain significance,G120S,0.2
LZD,rplC,rplC_A72T,3) Uncertain significance,A72T,0.0
LZD,rplC,rplC_D173G,3) Uncertain significance,D173G,0.0
LZD,rplC,rplC_G12S,3) Uncertain significance,G12S,0.0
LZD,rplC,rplC_I105V,3) Uncertain significance,I105V,0.0
LZD,rplC,rplC_K61T,3) Uncertain significance,K61T,0.0
LZD,rplC,rplC_R214Q,3) Uncertain significance,R214Q,0.0
LZD,rplC,rplC_R44L,3) Uncertain significance,R44L,0.0
LZD,rplC,rplC_R79L,3) Uncertain significance,R79L,0.0
LZD,rplC,rplC_T41M,3) Uncertain significance,T41M,0.0
LZD,rplC,rplC_H183Y,3) Uncertain significance,H183Y,0.0
LZD,rplC,rplC_R38C,3) Uncertain significance,R38C,0.0
LZD,rplC,rplC_D18N,3) Uncertain significance,D18N,0.0
LZD,rplC,rplC_T93A,3) Uncertain significance,T93A,0.0
LZD,rplC,rplC_A31T,3) Uncertain significance,A31T,0.0
LZD,rplC,rplC_V97I,3) Uncertain significance,V97I,0.0
LZD,rplC,rplC_V185I,3) Uncertain significance,V185I,0.0
LZD,rplC,rplC_T115A,3) Uncertain significance,T115A,0.0
MXF,gyrA,gyrA_D94G,1) Assoc w R,D94G,0.7136602451838879
MXF,gyrA,gyrA_A90V,1) Assoc w R,A90V,0.47781065088757396
MXF,gyrA,gyrA_D94N,1) Assoc w R,D94N,0.7980295566502463
MXF,gyrA,gyrA_D94A,1) Assoc w R,D94A,0.5434782608695652
MXF,gyrA,gyrA_S91P,1) Assoc w R,S91P,0.6164383561643836
MXF,gyrA,gyrA_D94Y,1) Assoc w R,D94Y,0.6936936936936937
MXF,gyrB,gyrB_E501D,1) Assoc w R,E501D,0.8048780487804879
MXF,gyrA,gyrA_G88C,1) Assoc w R,G88C,0.9354838709677419
MXF,gyrA,gyrA_D94H,1) Assoc w R,D94H,0.6341463414634146
MXF,gyrB,gyrB_D461N,2) Assoc w R - Interim,D461N,0.3
MXF,gyrB,gyrB_A504V,2) Assoc w R - Interim,A504V,0.6666666666666666
MXF,gyrA,gyrA_G88A,2) Assoc w R - Interim,G88A,0.3076923076923077
MXF,gyrB,gyrB_N499D,2) Assoc w R - Interim,N499D,0.75
MXF,gyrB,gyrB_E501V,2) Assoc w R - Interim,E501V,0.0
MXF,gyrB,gyrB_N499T,3) Uncertain significance,N499T,0.5384615384615384
MXF,gyrB,gyrB_N499S,3) Uncertain significance,N499S,0.625
MXF,gyrB,gyrB_I271M,3) Uncertain significance,I271M,0.0989010989010989
MXF,gyrB,gyrB_S661T,3) Uncertain significance,S661T,0.09782608695652174
MXF,gyrA,gyrA_E289D,3) Uncertain significance,E289D,0.35294117647058826
MXF,gyrB,gyrB_G512R,3) Uncertain significance,G512R,0.625
MXF,gyrB,gyrB_T500N,3) Uncertain significance,T500N,0.5555555555555556
MXF,gyrB,gyrB_V457L,3) Uncertain significance,V457L,0.5555555555555556
MXF,gyrA,gyrA_D89N,3) Uncertain significance,D89N,0.5
MXF,gyrB,gyrB_V670F,3) Uncertain significance,V670F,0.5
MXF,gyrA,gyrA_D89G,3) Uncertain significance,D89G,0.5
MXF,gyrB,gyrB_T500A,3) Uncertain significance,T500A,0.4444444444444444
MXF,gyrB,gyrB_H302R,3) Uncertain significance,H302R,0.4
MXF,gyrA,gyrA_P472S,3) Uncertain significance,P472S,0.26666666666666666
MXF,gyrA,gyrA_Q613E,3) Uncertain significance,Q613E,0.038834951456310676
MXF,gyrA,gyrA_R450S,3) Uncertain significance,R450S,1.0
MXF,gyrB,gyrB_I486L,3) Uncertain significance,I486L,1.0
MXF,gyrA,gyrA_A74S,3) Uncertain significance,A74S,0.75
MXF,gyrB,gyrB_A233P,3) Uncertain significance,A233P,0.6
MXF,gyrA,gyrA_H70R,3) Uncertain significance,H70R,0.5
MXF,gyrA,gyrA_A288D,3) Uncertain significance,A288D,0.375
MXF,gyrB,gyrB_S447F,3) Uncertain significance,S447F,0.3333333333333333
MXF,gyrA,gyrA_A676V,3) Uncertain significance,A676V,0.3
MXF,gyrB,gyrB_R446C,3) Uncertain significance,R446C,0.25
MXF,gyrA,gyrA_R578Q,3) Uncertain significance,R578Q,0.16666666666666666
MXF,gyrA,gyrA_N193S,3) Uncertain significance,N193S,0.12
MXF,gyrA,gyrA_M220R,3) Uncertain significance,M220R,1.0
MXF,gyrA,gyrA_R607H,3) Uncertain significance,R607H,1.0
MXF,gyrB,gyrB_L257P,3) Uncertain significance,L257P,1.0
MXF,gyrB,gyrB_M100V,3) Uncertain significance,M100V,1.0
MXF,gyrB,gyrB_N499K,3) Uncertain significance,N499K,1.0
MXF,gyrB,gyrB_T500P,3) Uncertain significance,T500P,1.0
MXF,gyrA,gyrA_R292G,3) Uncertain significance,R292G,0.6666666666666666
MXF,gyrA,gyrA_G236V,3) Uncertain significance,G236V,0.5
MXF,gyrB,gyrB_A504T,3) Uncertain significance,A504T,0.4
MXF,gyrB,gyrB_K526Q,3) Uncertain significance,K526Q,0.2222222222222222
MXF,gyrA,gyrA_A689V,3) Uncertain significance,A689V,1.0
MXF,gyrA,gyrA_E466G,3) Uncertain significance,E466G,1.0
MXF,gyrA,gyrA_E739Q,3) Uncertain significance,E739Q,1.0
MXF,gyrA,gyrA_H490R,3) Uncertain significance,H490R,1.0
MXF,gyrA,gyrA_L455R,3) Uncertain significance,L455R,1.0
MXF,gyrA,gyrA_L653V,3) Uncertain significance,L653V,1.0
MXF,gyrA,gyrA_P102L,3) Uncertain significance,P102L,1.0
MXF,gyrA,gyrA_R292L,3) Uncertain significance,R292L,1.0
MXF,gyrA,gyrA_R309W,3) Uncertain significance,R309W,1.0
MXF,gyrA,gyrA_T135S,3) Uncertain significance,T135S,1.0
MXF,gyrA,gyrA_V596M,3) Uncertain significance,V596M,1.0
MXF,gyrB,gyrB_A618D,3) Uncertain significance,A618D,1.0
MXF,gyrB,gyrB_A643D,3) Uncertain significance,A643D,1.0
MXF,gyrB,gyrB_D645A,3) Uncertain significance,D645A,1.0
MXF,gyrB,gyrB_E364D,3) Uncertain significance,E364D,1.0
MXF,gyrB,gyrB_E501A,3) Uncertain significance,E501A,1.0
MXF,gyrB,gyrB_G520V,3) Uncertain significance,G520V,1.0
MXF,gyrB,gyrB_K430N,3) Uncertain significance,K430N,1.0
MXF,gyrB,gyrB_L375V,3) Uncertain significance,L375V,1.0
MXF,gyrB,gyrB_L509P,3) Uncertain significance,L509P,1.0
MXF,gyrB,gyrB_N499Y,3) Uncertain significance,N499Y,1.0
MXF,gyrB,gyrB_P243S,3) Uncertain significance,P243S,1.0
MXF,gyrB,gyrB_Q503R,3) Uncertain significance,Q503R,1.0
MXF,gyrB,gyrB_R446G,3) Uncertain significance,R446G,1.0
MXF,gyrB,gyrB_R553G,3) Uncertain significance,R553G,1.0
MXF,gyrB,gyrB_T167M,3) Uncertain significance,T167M,1.0
MXF,gyrB,gyrB_T182I,3) Uncertain significance,T182I,1.0
MXF,gyrB,gyrB_Y144F,3) Uncertain significance,Y144F,1.0
MXF,gyrA,gyrA_A736T,3) Uncertain significance,A736T,0.5
MXF,gyrA,gyrA_D641E,3) Uncertain significance,D641E,0.5
MXF,gyrA,gyrA_H389P,3) Uncertain significance,H389P,0.5
MXF,gyrA,gyrA_T590A,3) Uncertain significance,T590A,0.5
MXF,gyrA,gyrA_Y379C,3) Uncertain significance,Y379C,0.5
MXF,gyrA,gyrA_L105R,3) Uncertain significance,L105R,0.3333333333333333
MXF,gyrA,gyrA_T272I,3) Uncertain significance,T272I,0.3333333333333333
MXF,gyrA,gyrA_T836R,3) Uncertain significance,T836R,0.3333333333333333
MXF,gyrA,gyrA_V624L,3) Uncertain significance,V624L,0.3333333333333333
MXF,gyrB,gyrB_D461H,3) Uncertain significance,D461H,0.3333333333333333
MXF,gyrA,gyrA_I462V,3) Uncertain significance,I462V,0.25
MXF,gyrA,gyrA_L346V,3) Uncertain significance,L346V,0.25
MXF,gyrA,gyrA_S698L,3) Uncertain significance,S698L,0.25
MXF,gyrB,gyrB_S447Y,3) Uncertain significance,S447Y,0.25
MXF,gyrA,gyrA_N282K,3) Uncertain significance,N282K,0.2
MXF,gyrB,gyrB_T378S,3) Uncertain significance,T378S,0.2
MXF,gyrB,gyrB_R446H,3) Uncertain significance,R446H,0.1
MXF,gyrA,gyrA_T267I,3) Uncertain significance,T267I,0.07142857142857142
MXF,gyrA,gyrA_T5A,3) Uncertain significance,T5A,0.07142857142857142
MXF,gyrA,gyrA_A126E,3) Uncertain significance,A126E,0.0
MXF,gyrA,gyrA_A126V,3) Uncertain significance,A126V,0.0
MXF,gyrA,gyrA_A186T,3) Uncertain significance,A186T,0.0
MXF,gyrA,gyrA_A322S,3) Uncertain significance,A322S,0.0
MXF,gyrA,gyrA_A324G,3) Uncertain significance,A324G,0.0
MXF,gyrA,gyrA_A324V,3) Uncertain significance,A324V,0.0
MXF,gyrA,gyrA_A347T,3) Uncertain significance,A347T,0.0
MXF,gyrA,gyrA_A347V,3) Uncertain significance,A347V,0.0
MXF,gyrA,gyrA_A406T,3) Uncertain significance,A406T,0.0
MXF,gyrA,gyrA_A406V,3) Uncertain significance,A406V,0.0
MXF,gyrA,gyrA_A432V,3) Uncertain significance,A432V,0.0
MXF,gyrA,gyrA_A501V,3) Uncertain significance,A501V,0.0
MXF,gyrA,gyrA_A512T,3) Uncertain significance,A512T,0.0
MXF,gyrA,gyrA_A579V,3) Uncertain significance,A579V,0.0
MXF,gyrA,gyrA_A676D,3) Uncertain significance,A676D,0.0
MXF,gyrA,gyrA_A689G,3) Uncertain significance,A689G,0.0
MXF,gyrA,gyrA_A696T,3) Uncertain significance,A696T,0.0
MXF,gyrA,gyrA_A736G,3) Uncertain significance,A736G,0.0
MXF,gyrA,gyrA_A74T,3) Uncertain significance,A74T,0.0
MXF,gyrA,gyrA_A814T,3) Uncertain significance,A814T,0.0
MXF,gyrA,gyrA_D111G,3) Uncertain significance,D111G,0.0
MXF,gyrA,gyrA_D209G,3) Uncertain significance,D209G,0.0
MXF,gyrA,gyrA_D211E,3) Uncertain significance,D211E,0.0
MXF,gyrA,gyrA_D211G,3) Uncertain significance,D211G,0.0
MXF,gyrA,gyrA_D242N,3) Uncertain significance,D242N,0.0
MXF,gyrA,gyrA_D293Y,3) Uncertain significance,D293Y,0.0
MXF,gyrA,gyrA_D367E,3) Uncertain significance,D367E,0.0
MXF,gyrA,gyrA_D367H,3) Uncertain significance,D367H,0.0
MXF,gyrA,gyrA_D415N,3) Uncertain significance,D415N,0.0
MXF,gyrA,gyrA_D437G,3) Uncertain significance,D437G,0.0
MXF,gyrA,gyrA_D464E,3) Uncertain significance,D464E,0.0
MXF,gyrA,gyrA_D467H,3) Uncertain significance,D467H,0.0
MXF,gyrA,gyrA_D481E,3) Uncertain significance,D481E,0.0
MXF,gyrA,gyrA_D481G,3) Uncertain significance,D481G,0.0
MXF,gyrA,gyrA_D488A,3) Uncertain significance,D488A,0.0
MXF,gyrA,gyrA_D493H,3) Uncertain significance,D493H,0.0
MXF,gyrA,gyrA_D504E,3) Uncertain significance,D504E,0.0
MXF,gyrA,gyrA_D507H,3) Uncertain significance,D507H,0.0
MXF,gyrA,gyrA_D509N,3) Uncertain significance,D509N,0.0
MXF,gyrA,gyrA_D515N,3) Uncertain significance,D515N,0.0
MXF,gyrA,gyrA_D552G,3) Uncertain significance,D552G,0.0
MXF,gyrA,gyrA_D639G,3) Uncertain significance,D639G,0.0
MXF,gyrA,gyrA_D641Y,3) Uncertain significance,D641Y,0.0
MXF,gyrA,gyrA_D687N,3) Uncertain significance,D687N,0.0
MXF,gyrA,gyrA_D770G,3) Uncertain significance,D770G,0.0
MXF,gyrA,gyrA_D810E,3) Uncertain significance,D810E,0.0
MXF,gyrA,gyrA_D824E,3) Uncertain significance,D824E,0.0
MXF,gyrA,gyrA_D824N,3) Uncertain significance,D824N,0.0
MXF,gyrA,gyrA_D825E,3) Uncertain significance,D825E,0.0
MXF,gyrA,gyrA_D94V,3) Uncertain significance,D94V,0.0
MXF,gyrA,gyrA_E140G,3) Uncertain significance,E140G,0.0
MXF,gyrA,gyrA_E148D,3) Uncertain significance,E148D,0.0
MXF,gyrA,gyrA_E258D,3) Uncertain significance,E258D,0.0
MXF,gyrA,gyrA_E289Q,3) Uncertain significance,E289Q,0.0
MXF,gyrA,gyrA_E317G,3) Uncertain significance,E317G,0.0
MXF,gyrA,gyrA_E412G,3) Uncertain significance,E412G,0.0
MXF,gyrA,gyrA_E429A,3) Uncertain significance,E429A,0.0
MXF,gyrA,gyrA_E466A,3) Uncertain significance,E466A,0.0
MXF,gyrA,gyrA_E508A,3) Uncertain significance,E508A,0.0
MXF,gyrA,gyrA_E586G,3) Uncertain significance,E586G,0.0
MXF,gyrA,gyrA_E808Q,3) Uncertain significance,E808Q,0.0
MXF,gyrA,gyrA_E820D,3) Uncertain significance,E820D,0.0
MXF,gyrA,gyrA_F152L,3) Uncertain significance,F152L,0.0
MXF,gyrA,gyrA_F228L,3) Uncertain significance,F228L,0.0
MXF,gyrA,gyrA_F569C,3) Uncertain significance,F569C,0.0
MXF,gyrA,gyrA_F640V,3) Uncertain significance,F640V,0.0
MXF,gyrA,gyrA_F683L,3) Uncertain significance,F683L,0.0
MXF,gyrA,gyrA_F683V,3) Uncertain significance,F683V,0.0
MXF,gyrA,gyrA_G158S,3) Uncertain significance,G158S,0.0
MXF,gyrA,gyrA_G294A,3) Uncertain significance,G294A,0.0
MXF,gyrA,gyrA_G311A,3) Uncertain significance,G311A,0.0
MXF,gyrA,gyrA_G477E,3) Uncertain significance,G477E,0.0
MXF,gyrA,gyrA_G548R,3) Uncertain significance,G548R,0.0
MXF,gyrA,gyrA_G63A,3) Uncertain significance,G63A,0.0
MXF,gyrA,gyrA_G63R,3) Uncertain significance,G63R,0.0
MXF,gyrA,gyrA_G668N,3) Uncertain significance,G668N,0.0
MXF,gyrA,gyrA_G702S,3) Uncertain significance,G702S,0.0
MXF,gyrA,gyrA_G744A,3) Uncertain significance,G744A,0.0
MXF,gyrA,gyrA_G764R,3) Uncertain significance,G764R,0.0
MXF,gyrA,gyrA_G780C,3) Uncertain significance,G780C,0.0
MXF,gyrA,gyrA_G795R,3) Uncertain significance,G795R,0.0
MXF,gyrA,gyrA_G823S,3) Uncertain significance,G823S,0.0
MXF,gyrA,gyrA_G832R,3) Uncertain significance,G832R,0.0
MXF,gyrA,gyrA_H192Q,3) Uncertain significance,H192Q,0.0
MXF,gyrA,gyrA_H334Y,3) Uncertain significance,H334Y,0.0
MXF,gyrA,gyrA_H490N,3) Uncertain significance,H490N,0.0
MXF,gyrA,gyrA_H490Y,3) Uncertain significance,H490Y,0.0
MXF,gyrA,gyrA_I189M,3) Uncertain significance,I189M,0.0
MXF,gyrA,gyrA_I314V,3) Uncertain significance,I314V,0.0
MXF,gyrA,gyrA_I348V,3) Uncertain significance,I348V,0.0
MXF,gyrA,gyrA_I362M,3) Uncertain significance,I362M,0.0
MXF,gyrA,gyrA_I390T,3) Uncertain significance,I390T,0.0
MXF,gyrA,gyrA_I427V,3) Uncertain significance,I427V,0.0
MXF,gyrA,gyrA_K224E,3) Uncertain significance,K224E,0.0
MXF,gyrA,gyrA_K319E,3) Uncertain significance,K319E,0.0
MXF,gyrA,gyrA_K333N,3) Uncertain significance,K333N,0.0
MXF,gyrA,gyrA_K633R,3) Uncertain significance,K633R,0.0
MXF,gyrA,gyrA_K636E,3) Uncertain significance,K636E,0.0
MXF,gyrA,gyrA_K636N,3) Uncertain significance,K636N,0.0
MXF,gyrA,gyrA_K636T,3) Uncertain significance,K636T,0.0
MXF,gyrA,gyrA_L134M,3) Uncertain significance,L134M,0.0
MXF,gyrA,gyrA_L142V,3) Uncertain significance,L142V,0.0
MXF,gyrA,gyrA_L401V,3) Uncertain significance,L401V,0.0
MXF,gyrA,gyrA_L425F,3) Uncertain significance,L425F,0.0
MXF,gyrA,gyrA_L549V,3) Uncertain significance,L549V,0.0
MXF,gyrA,gyrA_L766S,3) Uncertain significance,L766S,0.0
MXF,gyrA,gyrA_M139T,3) Uncertain significance,M139T,0.0
MXF,gyrA,gyrA_M141I,3) Uncertain significance,M141I,0.0
MXF,gyrA,gyrA_M141T,3) Uncertain significance,M141T,0.0
MXF,gyrA,gyrA_M438I,3) Uncertain significance,M438I,0.0
MXF,gyrA,gyrA_M703V,3) Uncertain significance,M703V,0.0
MXF,gyrA,gyrA_M99I,3) Uncertain significance,M99I,0.0
MXF,gyrA,gyrA_N301T,3) Uncertain significance,N301T,0.0
MXF,gyrA,gyrA_N629K,3) Uncertain significance,N629K,0.0
MXF,gyrA,gyrA_N826D,3) Uncertain significance,N826D,0.0
MXF,gyrA,gyrA_N826H,3) Uncertain significance,N826H,0.0
MXF,gyrA,gyrA_N826I,3) Uncertain significance,N826I,0.0
MXF,gyrA,gyrA_N831K,3) Uncertain significance,N831K,0.0
MXF,gyrA,gyrA_P108S,3) Uncertain significance,P108S,0.0
MXF,gyrA,gyrA_P119L,3) Uncertain significance,P119L,0.0
MXF,gyrA,gyrA_P154R,3) Uncertain significance,P154R,0.0
MXF,gyrA,gyrA_P17S,3) Uncertain significance,P17S,0.0
MXF,gyrA,gyrA_P7L,3) Uncertain significance,P7L,0.0
MXF,gyrA,gyrA_Q22H,3) Uncertain significance,Q22H,0.0
MXF,gyrA,gyrA_Q238H,3) Uncertain significance,Q238H,0.0
MXF,gyrA,gyrA_Q25E,3) Uncertain significance,Q25E,0.0
MXF,gyrA,gyrA_Q290R,3) Uncertain significance,Q290R,0.0
MXF,gyrA,gyrA_Q305R,3) Uncertain significance,Q305R,0.0
MXF,gyrA,gyrA_Q336K,3) Uncertain significance,Q336K,0.0
MXF,gyrA,gyrA_Q475P,3) Uncertain significance,Q475P,0.0
MXF,gyrA,gyrA_Q679H,3) Uncertain significance,Q679H,0.0
MXF,gyrA,gyrA_Q797P,3) Uncertain significance,Q797P,0.0
MXF,gyrA,gyrA_R106C,3) Uncertain significance,R106C,0.0
MXF,gyrA,gyrA_R14L,3) Uncertain significance,R14L,0.0
MXF,gyrA,gyrA_R195G,3) Uncertain significance,R195G,0.0
MXF,gyrA,gyrA_R252G,3) Uncertain significance,R252G,0.0
MXF,gyrA,gyrA_R26C,3) Uncertain significance,R26C,0.0
MXF,gyrA,gyrA_R26H,3) Uncertain significance,R26H,0.0
MXF,gyrA,gyrA_R375Q,3) Uncertain significance,R375Q,0.0
MXF,gyrA,gyrA_R392H,3) Uncertain significance,R392H,0.0
MXF,gyrA,gyrA_R450G,3) Uncertain significance,R450G,0.0
MXF,gyrA,gyrA_R489K,3) Uncertain significance,R489K,0.0
MXF,gyrA,gyrA_R489S,3) Uncertain significance,R489S,0.0
MXF,gyrA,gyrA_R513C,3) Uncertain significance,R513C,0.0
MXF,gyrA,gyrA_R607C,3) Uncertain significance,R607C,0.0
MXF,gyrA,gyrA_R615H,3) Uncertain significance,R615H,0.0
MXF,gyrA,gyrA_R615L,3) Uncertain significance,R615L,0.0
MXF,gyrA,gyrA_R65H,3) Uncertain significance,R65H,0.0
MXF,gyrA,gyrA_R68C,3) Uncertain significance,R68C,0.0
MXF,gyrA,gyrA_R758P,3) Uncertain significance,R758P,0.0
MXF,gyrA,gyrA_R789G,3) Uncertain significance,R789G,0.0
MXF,gyrA,gyrA_R789H,3) Uncertain significance,R789H,0.0
MXF,gyrA,gyrA_R802Q,3) Uncertain significance,R802Q,0.0
MXF,gyrA,gyrA_S104L,3) Uncertain significance,S104L,0.0
MXF,gyrA,gyrA_S168T,3) Uncertain significance,S168T,0.0
MXF,gyrA,gyrA_S411A,3) Uncertain significance,S411A,0.0
MXF,gyrA,gyrA_S506N,3) Uncertain significance,S506N,0.0
MXF,gyrA,gyrA_S728A,3) Uncertain significance,S728A,0.0
MXF,gyrA,gyrA_S95A,3) Uncertain significance,S95A,0.0
MXF,gyrA,gyrA_T230S,3) Uncertain significance,T230S,0.0
MXF,gyrA,gyrA_T355A,3) Uncertain significance,T355A,0.0
MXF,gyrA,gyrA_T355M,3) Uncertain significance,T355M,0.0
MXF,gyrA,gyrA_T563S,3) Uncertain significance,T563S,0.0
MXF,gyrA,gyrA_T590M,3) Uncertain significance,T590M,0.0
MXF,gyrA,gyrA_T638I,3) Uncertain significance,T638I,0.0
MXF,gyrA,gyrA_T638N,3) Uncertain significance,T638N,0.0
MXF,gyrA,gyrA_T686S,3) Uncertain significance,T686S,0.0
MXF,gyrA,gyrA_T697A,3) Uncertain significance,T697A,0.0
MXF,gyrA,gyrA_V223I,3) Uncertain significance,V223I,0.0
MXF,gyrA,gyrA_V235A,3) Uncertain significance,V235A,0.0
MXF,gyrA,gyrA_V259L,3) Uncertain significance,V259L,0.0
MXF,gyrA,gyrA_V327L,3) Uncertain significance,V327L,0.0
MXF,gyrA,gyrA_V352L,3) Uncertain significance,V352L,0.0
MXF,gyrA,gyrA_V352M,3) Uncertain significance,V352M,0.0
MXF,gyrA,gyrA_V479M,3) Uncertain significance,V479M,0.0
MXF,gyrA,gyrA_V505I,3) Uncertain significance,V505I,0.0
MXF,gyrA,gyrA_V517L,3) Uncertain significance,V517L,0.0
MXF,gyrA,gyrA_V649L,3) Uncertain significance,V649L,0.0
MXF,gyrA,gyrA_V649M,3) Uncertain significance,V649M,0.0
MXF,gyrA,gyrA_V651A,3) Uncertain significance,V651A,0.0
MXF,gyrA,gyrA_V651I,3) Uncertain significance,V651I,0.0
MXF,gyrA,gyrA_V716F,3) Uncertain significance,V716F,0.0
MXF,gyrA,gyrA_V768A,3) Uncertain significance,V768A,0.0
MXF,gyrA,gyrA_Y276H,3) Uncertain significance,Y276H,0.0
MXF,gyrA,gyrA_Y365H,3) Uncertain significance,Y365H,0.0
MXF,gyrA,gyrA_Y722C,3) Uncertain significance,Y722C,0.0
MXF,gyrB,gyrB_A115V,3) Uncertain significance,A115V,0.0
MXF,gyrB,gyrB_A162S,3) Uncertain significance,A162S,0.0
MXF,gyrB,gyrB_A175T,3) Uncertain significance,A175T,0.0
MXF,gyrB,gyrB_A233G,3) Uncertain significance,A233G,0.0
MXF,gyrB,gyrB_A237G,3) Uncertain significance,A237G,0.0
MXF,gyrB,gyrB_A238G,3) Uncertain significance,A238G,0.0
MXF,gyrB,gyrB_A238T,3) Uncertain significance,A238T,0.0
MXF,gyrB,gyrB_A332V,3) Uncertain significance,A332V,0.0
MXF,gyrB,gyrB_A403V,3) Uncertain significance,A403V,0.0
MXF,gyrB,gyrB_A432V,3) Uncertain significance,A432V,0.0
MXF,gyrB,gyrB_A467T,3) Uncertain significance,A467T,0.0
MXF,gyrB,gyrB_A564T,3) Uncertain significance,A564T,0.0
MXF,gyrB,gyrB_A618T,3) Uncertain significance,A618T,0.0
MXF,gyrB,gyrB_A78G,3) Uncertain significance,A78G,0.0
MXF,gyrB,gyrB_A90T,3) Uncertain significance,A90T,0.0
MXF,gyrB,gyrB_C388G,3) Uncertain significance,C388G,0.0
MXF,gyrB,gyrB_D216G,3) Uncertain significance,D216G,0.0
MXF,gyrB,gyrB_D220E,3) Uncertain significance,D220E,0.0
MXF,gyrB,gyrB_D259E,3) Uncertain significance,D259E,0.0
MXF,gyrB,gyrB_D334G,3) Uncertain significance,D334G,0.0
MXF,gyrB,gyrB_D340G,3) Uncertain significance,D340G,0.0
MXF,gyrB,gyrB_D434G,3) Uncertain significance,D434G,0.0
MXF,gyrB,gyrB_D434H,3) Uncertain significance,D434H,0.0
MXF,gyrB,gyrB_D461A,3) Uncertain significance,D461A,0.0
MXF,gyrB,gyrB_D494A,3) Uncertain significance,D494A,0.0
MXF,gyrB,gyrB_D588N,3) Uncertain significance,D588N,0.0
MXF,gyrB,gyrB_D617Y,3) Uncertain significance,D617Y,0.0
MXF,gyrB,gyrB_E181G,3) Uncertain significance,E181G,0.0
MXF,gyrB,gyrB_E21D,3) Uncertain significance,E21D,0.0
MXF,gyrB,gyrB_E21K,3) Uncertain significance,E21K,0.0
MXF,gyrB,gyrB_E397D,3) Uncertain significance,E397D,0.0
MXF,gyrB,gyrB_E425A,3) Uncertain significance,E425A,0.0
MXF,gyrB,gyrB_E604K,3) Uncertain significance,E604K,0.0
MXF,gyrB,gyrB_G282D,3) Uncertain significance,G282D,0.0
MXF,gyrB,gyrB_G436R,3) Uncertain significance,G436R,0.0
MXF,gyrB,gyrB_G470C,3) Uncertain significance,G470C,0.0
MXF,gyrB,gyrB_G594R,3) Uncertain significance,G594R,0.0
MXF,gyrB,gyrB_G598E,3) Uncertain significance,G598E,0.0
MXF,gyrB,gyrB_H272P,3) Uncertain significance,H272P,0.0
MXF,gyrB,gyrB_H311R,3) Uncertain significance,H311R,0.0
MXF,gyrB,gyrB_I19L,3) Uncertain significance,I19L,0.0
MXF,gyrB,gyrB_I271V,3) Uncertain significance,I271V,0.0
MXF,gyrB,gyrB_I435V,3) Uncertain significance,I435V,0.0
MXF,gyrB,gyrB_I486V,3) Uncertain significance,I486V,0.0
MXF,gyrB,gyrB_I505V,3) Uncertain significance,I505V,0.0
MXF,gyrB,gyrB_I556V,3) Uncertain significance,I556V,0.0
MXF,gyrB,gyrB_I601T,3) Uncertain significance,I601T,0.0
MXF,gyrB,gyrB_K140E,3) Uncertain significance,K140E,0.0
MXF,gyrB,gyrB_K159M,3) Uncertain significance,K159M,0.0
MXF,gyrB,gyrB_K333N,3) Uncertain significance,K333N,0.0
MXF,gyrB,gyrB_K404R,3) Uncertain significance,K404R,0.0
MXF,gyrB,gyrB_K452N,3) Uncertain significance,K452N,0.0
MXF,gyrB,gyrB_K498N,3) Uncertain significance,K498N,0.0
MXF,gyrB,gyrB_K498R,3) Uncertain significance,K498R,0.0
MXF,gyrB,gyrB_K599R,3) Uncertain significance,K599R,0.0
MXF,gyrB,gyrB_K603R,3) Uncertain significance,K603R,0.0
MXF,gyrB,gyrB_K668R,3) Uncertain significance,K668R,0.0
MXF,gyrB,gyrB_K7Q,3) Uncertain significance,K7Q,0.0
MXF,gyrB,gyrB_L156M,3) Uncertain significance,L156M,0.0
MXF,gyrB,gyrB_L354V,3) Uncertain significance,L354V,0.0
MXF,gyrB,gyrB_L455V,3) Uncertain significance,L455V,0.0
MXF,gyrB,gyrB_L638V,3) Uncertain significance,L638V,0.0
MXF,gyrB,gyrB_L673P,3) Uncertain significance,L673P,0.0
MXF,gyrB,gyrB_M197I,3) Uncertain significance,M197I,0.0
MXF,gyrB,gyrB_M530T,3) Uncertain significance,M530T,0.0
MXF,gyrB,gyrB_M616V,3) Uncertain significance,M616V,0.0
MXF,gyrB,gyrB_N558D,3) Uncertain significance,N558D,0.0
MXF,gyrB,gyrB_P163S,3) Uncertain significance,P163S,0.0
MXF,gyrB,gyrB_P177R,3) Uncertain significance,P177R,0.0
MXF,gyrB,gyrB_P343A,3) Uncertain significance,P343A,0.0
MXF,gyrB,gyrB_P439A,3) Uncertain significance,P439A,0.0
MXF,gyrB,gyrB_P439R,3) Uncertain significance,P439R,0.0
MXF,gyrB,gyrB_P480S,3) Uncertain significance,P480S,0.0
MXF,gyrB,gyrB_P578R,3) Uncertain significance,P578R,0.0
MXF,gyrB,gyrB_P578S,3) Uncertain significance,P578S,0.0
MXF,gyrB,gyrB_Q148E,3) Uncertain significance,Q148E,0.0
MXF,gyrB,gyrB_Q476E,3) Uncertain significance,Q476E,0.0
MXF,gyrB,gyrB_Q565H,3) Uncertain significance,Q565H,0.0
MXF,gyrB,gyrB_R212T,3) Uncertain significance,R212T,0.0
MXF,gyrB,gyrB_R451H,3) Uncertain significance,R451H,0.0
MXF,gyrB,gyrB_R523H,3) Uncertain significance,R523H,0.0
MXF,gyrB,gyrB_R587G,3) Uncertain significance,R587G,0.0
MXF,gyrB,gyrB_R665C,3) Uncertain significance,R665C,0.0
MXF,gyrB,gyrB_S147F,3) Uncertain significance,S147F,0.0
MXF,gyrB,gyrB_S16C,3) Uncertain significance,S16C,0.0
MXF,gyrB,gyrB_S274T,3) Uncertain significance,S274T,0.0
MXF,gyrB,gyrB_S363R,3) Uncertain significance,S363R,0.0
MXF,gyrB,gyrB_S413A,3) Uncertain significance,S413A,0.0
MXF,gyrB,gyrB_S576G,3) Uncertain significance,S576G,0.0
MXF,gyrB,gyrB_S576T,3) Uncertain significance,S576T,0.0
MXF,gyrB,gyrB_T170A,3) Uncertain significance,T170A,0.0
MXF,gyrB,gyrB_T170K,3) Uncertain significance,T170K,0.0
MXF,gyrB,gyrB_T170M,3) Uncertain significance,T170M,0.0
MXF,gyrB,gyrB_T189P,3) Uncertain significance,T189P,0.0
MXF,gyrB,gyrB_T209A,3) Uncertain significance,T209A,0.0
MXF,gyrB,gyrB_T267S,3) Uncertain significance,T267S,0.0
MXF,gyrB,gyrB_T37S,3) Uncertain significance,T37S,0.0
MXF,gyrB,gyrB_T401I,3) Uncertain significance,T401I,0.0
MXF,gyrB,gyrB_T664I,3) Uncertain significance,T664I,0.0
MXF,gyrB,gyrB_V222M,3) Uncertain significance,V222M,0.0
MXF,gyrB,gyrB_V226A,3) Uncertain significance,V226A,0.0
MXF,gyrB,gyrB_V406I,3) Uncertain significance,V406I,0.0
MXF,gyrB,gyrB_V670I,3) Uncertain significance,V670I,0.0
MXF,gyrB,gyrB_V675I,3) Uncertain significance,V675I,0.0
MXF,gyrB,gyrB_V75G,3) Uncertain significance,V75G,0.0
MXF,gyrA,gyrA_A322E,3) Uncertain significance,A322E,0.0
MXF,gyrA,gyrA_A445V,3) Uncertain significance,A445V,0.0
MXF,gyrA,gyrA_D481A,3) Uncertain significance,D481A,0.0
MXF,gyrA,gyrA_E79D,3) Uncertain significance,E79D,0.0
MXF,gyrA,gyrA_G351A,3) Uncertain significance,G351A,0.0
MXF,gyrA,gyrA_G503R,3) Uncertain significance,G503R,0.0
MXF,gyrA,gyrA_G729R,3) Uncertain significance,G729R,0.0
MXF,gyrA,gyrA_I189V,3) Uncertain significance,I189V,0.0
MXF,gyrA,gyrA_I815M,3) Uncertain significance,I815M,0.0
MXF,gyrA,gyrA_K319N,3) Uncertain significance,K319N,0.0
MXF,gyrA,gyrA_L12F,3) Uncertain significance,L12F,0.0
MXF,gyrA,gyrA_L205V,3) Uncertain significance,L205V,0.0
MXF,gyrA,gyrA_L398F,3) Uncertain significance,L398F,0.0
MXF,gyrA,gyrA_P17L,3) Uncertain significance,P17L,0.0
MXF,gyrA,gyrA_P275A,3) Uncertain significance,P275A,0.0
MXF,gyrA,gyrA_Q290H,3) Uncertain significance,Q290H,0.0
MXF,gyrA,gyrA_R380G,3) Uncertain significance,R380G,0.0
MXF,gyrA,gyrA_S237A,3) Uncertain significance,S237A,0.0
MXF,gyrA,gyrA_S536R,3) Uncertain significance,S536R,0.0
MXF,gyrA,gyrA_S62F,3) Uncertain significance,S62F,0.0
MXF,gyrA,gyrA_T735S,3) Uncertain significance,T735S,0.0
MXF,gyrA,gyrA_T836K,3) Uncertain significance,T836K,0.0
MXF,gyrA,gyrA_V544L,3) Uncertain significance,V544L,0.0
MXF,gyrA,gyrA_V750A,3) Uncertain significance,V750A,0.0
MXF,gyrA,gyrA_V783M,3) Uncertain significance,V783M,0.0
MXF,gyrB,gyrB_A508V,3) Uncertain significance,A508V,0.0
MXF,gyrB,gyrB_A593V,3) Uncertain significance,A593V,0.0
MXF,gyrB,gyrB_A644D,3) Uncertain significance,A644D,0.0
MXF,gyrB,gyrB_D112H,3) Uncertain significance,D112H,0.0
MXF,gyrB,gyrB_D225G,3) Uncertain significance,D225G,0.0
MXF,gyrB,gyrB_D342E,3) Uncertain significance,D342E,0.0
MXF,gyrB,gyrB_D434E,3) Uncertain significance,D434E,0.0
MXF,gyrB,gyrB_D518G,3) Uncertain significance,D518G,0.0
MXF,gyrB,gyrB_E228D,3) Uncertain significance,E228D,0.0
MXF,gyrB,gyrB_E299Q,3) Uncertain significance,E299Q,0.0
MXF,gyrB,gyrB_E379G,3) Uncertain significance,E379G,0.0
MXF,gyrB,gyrB_E501G,3) Uncertain significance,E501G,0.0
MXF,gyrB,gyrB_F549L,3) Uncertain significance,F549L,0.0
MXF,gyrB,gyrB_G520A,3) Uncertain significance,G520A,0.0
MXF,gyrB,gyrB_G606S,3) Uncertain significance,G606S,0.0
MXF,gyrB,gyrB_I607V,3) Uncertain significance,I607V,0.0
MXF,gyrB,gyrB_L555V,3) Uncertain significance,L555V,0.0
MXF,gyrB,gyrB_L69V,3) Uncertain significance,L69V,0.0
MXF,gyrB,gyrB_P163L,3) Uncertain significance,P163L,0.0
MXF,gyrB,gyrB_P177L,3) Uncertain significance,P177L,0.0
MXF,gyrB,gyrB_P400R,3) Uncertain significance,P400R,0.0
MXF,gyrB,gyrB_Q538R,3) Uncertain significance,Q538R,0.0
MXF,gyrB,gyrB_R446L,3) Uncertain significance,R446L,0.0
MXF,gyrB,gyrB_R523S,3) Uncertain significance,R523S,0.0
MXF,gyrB,gyrB_R634L,3) Uncertain significance,R634L,0.0
MXF,gyrB,gyrB_T393S,3) Uncertain significance,T393S,0.0
MXF,gyrB,gyrB_T500I,3) Uncertain significance,T500I,0.0
MXF,gyrB,gyrB_T507A,3) Uncertain significance,T507A,0.0
MXF,gyrB,gyrB_V427M,3) Uncertain significance,V427M,0.0
MXF,gyrB,gyrB_Y253S,3) Uncertain significance,Y253S,0.0
MXF,gyrA,gyrA_A210V,3) Uncertain significance,A210V,0.0
MXF,gyrA,gyrA_A626V,3) Uncertain significance,A626V,0.0
MXF,gyrA,gyrA_D488E,3) Uncertain significance,D488E,0.0
MXF,gyrA,gyrA_D639A,3) Uncertain significance,D639A,0.0
MXF,gyrA,gyrA_D829E,3) Uncertain significance,D829E,0.0
MXF,gyrA,gyrA_F705L,3) Uncertain significance,F705L,0.0
MXF,gyrA,gyrA_H368Q,3) Uncertain significance,H368Q,0.0
MXF,gyrA,gyrA_I15V,3) Uncertain significance,I15V,0.0
MXF,gyrA,gyrA_L455V,3) Uncertain significance,L455V,0.0
MXF,gyrA,gyrA_N818D,3) Uncertain significance,N818D,0.0
MXF,gyrA,gyrA_Q277R,3) Uncertain significance,Q277R,0.0
MXF,gyrA,gyrA_S69G,3) Uncertain significance,S69G,0.0
MXF,gyrA,gyrA_S728L,3) Uncertain significance,S728L,0.0
MXF,gyrA,gyrA_T377I,3) Uncertain significance,T377I,0.0
MXF,gyrA,gyrA_T572N,3) Uncertain significance,T572N,0.0
MXF,gyrB,gyrB_P254L,3) Uncertain significance,P254L,0.0
MXF,gyrB,gyrB_P578A,3) Uncertain significance,P578A,0.0
MXF,gyrB,gyrB_T250S,3) Uncertain significance,T250S,0.0
MXF,gyrA,gyrA_A736V,3) Uncertain significance,A736V,0.0
MXF,gyrA,gyrA_A787G,3) Uncertain significance,A787G,0.0
MXF,gyrA,gyrA_Q113E,3) Uncertain significance,Q113E,0.0
MXF,gyrA,gyrA_V783L,3) Uncertain significance,V783L,0.0
MXF,gyrB,gyrB_A398V,3) Uncertain significance,A398V,0.0
MXF,gyrB,gyrB_E228Q,3) Uncertain significance,E228Q,0.0
MXF,gyrB,gyrB_E586K,3) Uncertain significance,E586K,0.0
MXF,gyrB,gyrB_S274R,3) Uncertain significance,S274R,0.0
MXF,gyrB,gyrB_V630I,3) Uncertain significance,V630I,0.0
MXF,gyrB,gyrB_I34V,3) Uncertain significance,I34V,0.0
MXF,gyrB,gyrB_P628A,3) Uncertain significance,P628A,0.0
MXF,gyrA,gyrA_A288V,3) Uncertain significance,A288V,0.0
MXF,gyrA,gyrA_L711M,3) Uncertain significance,L711M,0.0
MXF,gyrB,gyrB_A90G,3) Uncertain significance,A90G,0.0
MXF,gyrB,gyrB_N66S,3) Uncertain significance,N66S,0.0
MXF,gyrA,gyrA_E214D,3) Uncertain significance,E214D,0.0
MXF,gyrA,gyrA_R254C,3) Uncertain significance,R254C,0.0
MXF,gyrA,gyrA_L659V,3) Uncertain significance,L659V,0.0
MXF,gyrB,gyrB_S576I,3) Uncertain significance,S576I,0.0
MXF,gyrA,gyrA_L296P,3) Uncertain significance,L296P,0.0
MXF,gyrB,gyrB_A130S,3) Uncertain significance,A130S,0.0
MXF,gyrB,gyrB_I493T,3) Uncertain significance,I493T,0.0
MXF,gyrB,gyrB_I84V,3) Uncertain significance,I84V,0.0
MXF,gyrB,gyrB_I93V,3) Uncertain significance,I93V,0.0
MXF,gyrA,gyrA_P8A,3) Uncertain significance,P8A,0.0
MXF,gyrA,gyrA_A456V,3) Uncertain significance,A456V,0.0
MXF,gyrB,gyrB_R575H,3) Uncertain significance,R575H,0.0
MXF,gyrB,gyrB_A403S,3) Uncertain significance,A403S,0.0
MXF,gyrA,gyrA_R252L,3) Uncertain significance,R252L,0.0
MXF,gyrA,gyrA_A90G,4) Not assoc w R - Interim,A90G,0.0
MXF,gyrA,gyrA_T80A,4) Not assoc w R - Interim,T80A,0.0
MXF,gyrA,gyrA_E21Q,5) Not assoc w R,E21Q,0.15852774960150703
MXF,gyrA,gyrA_S95T,5) Not assoc w R,S95T,0.16116594694632944
MXF,gyrA,gyrA_G668D,5) Not assoc w R,G668D,0.16101694915254236
MXF,gyrA,gyrA_G247S,5) Not assoc w R,G247S,0.10181818181818182
MXF,gyrB,gyrB_M291I,5) Not assoc w R,M291I,0.020833333333333332
MXF,gyrA,gyrA_A384V,5) Not assoc w R,A384V,0.02060931899641577
MXF,gyrA,gyrA_A463S,5) Not assoc w R,A463S,0.19767441860465115
MXF,gyrB,gyrB_P94L,5) Not assoc w R,P94L,0.02702702702702703
MXF,gyrB,gyrB_V301L,5) Not assoc w R,V301L,0.0
PZA,pncA,pncA_H57D,1) Assoc w R,H57D,0.98125
PZA,pncA,pncA_Q10P,1) Assoc w R,Q10P,0.9830508474576272
PZA,pncA,pncA_H51D,1) Assoc w R,H51D,1.0
PZA,pncA,pncA_T76P,1) Assoc w R,T76P,0.9090909090909091
PZA,pncA,pncA_G97D,1) Assoc w R,G97D,0.875
PZA,pncA,pncA_V7G,1) Assoc w R,V7G,0.9642857142857143
PZA,pncA,pncA_C14R,1) Assoc w R,C14R,0.96
PZA,pncA,pncA_D49G,1) Assoc w R,D49G,0.96
PZA,pncA,pncA_H57R,1) Assoc w R,H57R,0.96
PZA,pncA,pncA_Q141P,1) Assoc w R,Q141P,0.96
PZA,pncA,pncA_L4S,1) Assoc w R,L4S,0.8888888888888888
PZA,pncA,pncA_I133T,1) Assoc w R,I133T,0.6060606060606061
PZA,pncA,pncA_H71Y,1) Assoc w R,H71Y,0.95
PZA,pncA,pncA_T135P,1) Assoc w R,T135P,0.95
PZA,pncA,pncA_H51R,1) Assoc w R,H51R,0.9444444444444444
PZA,pncA,pncA_I31S,1) Assoc w R,I31S,0.8947368421052632
PZA,pncA,pncA_V139A,1) Assoc w R,V139A,0.85
PZA,pncA,pncA_D8G,1) Assoc w R,D8G,0.8888888888888888
PZA,pncA,pncA_A146V,1) Assoc w R,A146V,1.0
PZA,pncA,pncA_W68C,1) Assoc w R,W68C,1.0
PZA,pncA,pncA_H71R,1) Assoc w R,H71R,0.9333333333333333
PZA,pncA,pncA_K96T,1) Assoc w R,K96T,1.0
PZA,pncA,pncA_Q10R,1) Assoc w R,Q10R,1.0
PZA,pncA,pncA_T47A,1) Assoc w R,T47A,0.7647058823529411
PZA,pncA,pncA_A134V,1) Assoc w R,A134V,0.9230769230769231
PZA,pncA,pncA_P54L,1) Assoc w R,P54L,0.8571428571428571
PZA,pncA,pncA_I6T,1) Assoc w R,I6T,1.0
PZA,pncA,pncA_S59P,1) Assoc w R,S59P,1.0
PZA,pncA,pncA_S67P,1) Assoc w R,S67P,1.0
PZA,pncA,pncA_G97C,1) Assoc w R,G97C,0.9166666666666666
PZA,pncA,pncA_L151S,1) Assoc w R,L151S,0.7333333333333333
PZA,pncA,pncA_V7L,1) Assoc w R,V7L,1.0
PZA,pncA,pncA_W68G,1) Assoc w R,W68G,1.0
PZA,pncA,pncA_W68R,1) Assoc w R,W68R,1.0
PZA,pncA,pncA_G97S,1) Assoc w R,G97S,0.9090909090909091
PZA,pncA,pncA_R154G,1) Assoc w R,R154G,0.7142857142857143
PZA,pncA,pncA_D12A,1) Assoc w R,D12A,0.6666666666666666
PZA,pncA,pncA_F94C,1) Assoc w R,F94C,1.0
PZA,pncA,pncA_G132S,1) Assoc w R,G132S,1.0
PZA,pncA,pncA_L172P,1) Assoc w R,L172P,1.0
PZA,pncA,pncA_L85P,1) Assoc w R,L85P,1.0
PZA,pncA,pncA_T160P,1) Assoc w R,T160P,1.0
PZA,pncA,pncA_Y34D,1) Assoc w R,Y34D,1.0
PZA,pncA,pncA_F58L,1) Assoc w R,F58L,0.75
PZA,pncA,pncA_L182S,1) Assoc w R,L182S,0.6923076923076923
PZA,pncA,pncA_G97R,1) Assoc w R,G97R,1.0
PZA,pncA,pncA_H57Y,1) Assoc w R,H57Y,1.0
PZA,pncA,pncA_L120P,1) Assoc w R,L120P,1.0
PZA,pncA,pncA_L27P,1) Assoc w R,L27P,0.8888888888888888
PZA,pncA,pncA_D49A,1) Assoc w R,D49A,1.0
PZA,pncA,pncA_L85R,1) Assoc w R,L85R,1.0
PZA,pncA,pncA_V180F,1) Assoc w R,V180F,1.0
PZA,pncA,pncA_D8N,1) Assoc w R,D8N,0.875
PZA,pncA,pncA_P69L,1) Assoc w R,P69L,0.875
PZA,pncA,pncA_T142M,1) Assoc w R,T142M,0.875
PZA,pncA,pncA_A146T,1) Assoc w R,A146T,0.7777777777777778
PZA,pncA,pncA_I90S,1) Assoc w R,I90S,0.7
PZA,pncA,pncA_M175V,1) Assoc w R,M175V,0.7
PZA,pncA,pncA_Y103C,1) Assoc w R,Y103C,0.7
PZA,pncA,pncA_L159R,1) Assoc w R,L159R,1.0
PZA,pncA,pncA_P62L,1) Assoc w R,P62L,1.0
PZA,pncA,pncA_V180G,1) Assoc w R,V180G,1.0
PZA,pncA,pncA_A102P,1) Assoc w R,A102P,0.8571428571428571
PZA,pncA,pncA_D12G,1) Assoc w R,D12G,0.8571428571428571
PZA,pncA,pncA_G132A,1) Assoc w R,G132A,0.8571428571428571
PZA,pncA,pncA_H51Q,1) Assoc w R,H51Q,0.8571428571428571
PZA,pncA,pncA_V155G,1) Assoc w R,V155G,0.8571428571428571
PZA,pncA,pncA_D63A,1) Assoc w R,D63A,0.75
PZA,pncA,pncA_F94L,1) Assoc w R,F94L,0.75
PZA,pncA,pncA_V125F,1) Assoc w R,V125F,0.6666666666666666
PZA,pncA,pncA_A143G,1) Assoc w R,A143G,1.0
PZA,pncA,pncA_C138R,1) Assoc w R,C138R,1.0
PZA,pncA,pncA_D12E,1) Assoc w R,D12E,1.0
PZA,pncA,pncA_G105V,1) Assoc w R,G105V,1.0
PZA,pncA,pncA_H71P,1) Assoc w R,H71P,1.0
PZA,pncA,pncA_L4W,1) Assoc w R,L4W,1.0
PZA,pncA,pncA_M1T,1) Assoc w R,M1T,1.0
PZA,pncA,pncA_V128G,1) Assoc w R,V128G,1.0
PZA,pncA,pncA_V130G,1) Assoc w R,V130G,1.0
PZA,pncA,pncA_V139G,1) Assoc w R,V139G,1.0
PZA,pncA,pncA_Y103H,1) Assoc w R,Y103H,1.0
PZA,pncA,pncA_G24D,1) Assoc w R,G24D,0.8333333333333334
PZA,pncA,pncA_K96E,1) Assoc w R,K96E,0.8333333333333334
PZA,pncA,pncA_S164P,1) Assoc w R,S164P,0.8333333333333334
PZA,pncA,pncA_T142A,1) Assoc w R,T142A,0.8333333333333334
PZA,pncA,pncA_T177P,1) Assoc w R,T177P,0.8333333333333334
PZA,pncA,pncA_K96R,1) Assoc w R,K96R,0.8
PZA,pncA,pncA_V7A,1) Assoc w R,V7A,0.8
PZA,pncA,pncA_W119C,1) Assoc w R,W119C,0.8
PZA,pncA,pncA_K48T,2) Assoc w R - Interim,K48T,0.46153846153846156
PZA,pncA,pncA_F13L,2) Assoc w R - Interim,F13L,0.8333333333333334
PZA,pncA,pncA_C72R,2) Assoc w R - Interim,C72R,1.0
PZA,pncA,pncA_G105D,2) Assoc w R - Interim,G105D,1.0
PZA,pncA,pncA_G162D,2) Assoc w R - Interim,G162D,1.0
PZA,pncA,pncA_H51P,2) Assoc w R - Interim,H51P,1.0
PZA,pncA,pncA_I5S,2) Assoc w R - Interim,I5S,1.0
PZA,pncA,pncA_L120Q,2) Assoc w R - Interim,L120Q,1.0
PZA,pncA,pncA_L120R,2) Assoc w R - Interim,L120R,1.0
PZA,pncA,pncA_L182W,2) Assoc w R - Interim,L182W,1.0
PZA,pncA,pncA_V131F,2) Assoc w R - Interim,V131F,1.0
PZA,pncA,pncA_V21G,2) Assoc w R - Interim,V21G,1.0
PZA,pncA,pncA_V9G,2) Assoc w R - Interim,V9G,1.0
PZA,pncA,pncA_A3E,2) Assoc w R - Interim,A3E,1.0
PZA,pncA,pncA_F13I,2) Assoc w R - Interim,F13I,1.0
PZA,pncA,pncA_G97V,2) Assoc w R - Interim,G97V,1.0
PZA,pncA,pncA_H82R,2) Assoc w R - Interim,H82R,1.0
PZA,pncA,pncA_M175T,2) Assoc w R - Interim,M175T,1.0
PZA,pncA,pncA_P62T,2) Assoc w R - Interim,P62T,1.0
PZA,pncA,pncA_Q10H,2) Assoc w R - Interim,Q10H,1.0
PZA,pncA,pncA_T47P,2) Assoc w R - Interim,T47P,1.0
PZA,pncA,pncA_W119R,2) Assoc w R - Interim,W119R,1.0
PZA,pncA,pncA_A46V,2) Assoc w R - Interim,A46V,0.75
PZA,pncA,pncA_G17D,2) Assoc w R - Interim,G17D,0.75
PZA,pncA,pncA_L19P,2) Assoc w R - Interim,L19P,0.75
PZA,pncA,pncA_S104R,2) Assoc w R - Interim,S104R,0.75
PZA,pncA,pncA_V155M,2) Assoc w R - Interim,V155M,0.75
PZA,pncA,pncA_L116P,2) Assoc w R - Interim,L116P,0.6
PZA,pncA,pncA_A171E,2) Assoc w R - Interim,A171E,1.0
PZA,pncA,pncA_A46E,2) Assoc w R - Interim,A46E,1.0
PZA,pncA,pncA_C72Y,2) Assoc w R - Interim,C72Y,1.0
PZA,pncA,pncA_D49E,2) Assoc w R - Interim,D49E,1.0
PZA,pncA,pncA_D49N,2) Assoc w R - Interim,D49N,1.0
PZA,pncA,pncA_D8A,2) Assoc w R - Interim,D8A,1.0
PZA,pncA,pncA_F106S,2) Assoc w R - Interim,F106S,1.0
PZA,pncA,pncA_F94S,2) Assoc w R - Interim,F94S,1.0
PZA,pncA,pncA_G132D,2) Assoc w R - Interim,G132D,1.0
PZA,pncA,pncA_H51Y,2) Assoc w R - Interim,H51Y,1.0
PZA,pncA,pncA_I90T,2) Assoc w R - Interim,I90T,1.0
PZA,pncA,pncA_L172R,2) Assoc w R - Interim,L172R,1.0
PZA,pncA,pncA_P54Q,2) Assoc w R - Interim,P54Q,1.0
PZA,pncA,pncA_S104I,2) Assoc w R - Interim,S104I,1.0
PZA,pncA,pncA_T142K,2) Assoc w R - Interim,T142K,1.0
PZA,pncA,pncA_T168P,2) Assoc w R - Interim,T168P,1.0
PZA,pncA,pncA_T76I,2) Assoc w R - Interim,T76I,1.0
PZA,pncA,pncA_V131G,2) Assoc w R - Interim,V131G,1.0
PZA,pncA,pncA_V180A,2) Assoc w R - Interim,V180A,1.0
PZA,pncA,pncA_V44G,2) Assoc w R - Interim,V44G,1.0
PZA,pncA,pncA_W119G,2) Assoc w R - Interim,W119G,1.0
PZA,pncA,pncA_Y103D,2) Assoc w R - Interim,Y103D,1.0
PZA,pncA,pncA_Y103S,2) Assoc w R - Interim,Y103S,1.0
PZA,pncA,pncA_D8E,2) Assoc w R - Interim,D8E,0.6666666666666666
PZA,pncA,pncA_G108R,2) Assoc w R - Interim,G108R,0.6666666666666666
PZA,pncA,pncA_K48E,2) Assoc w R - Interim,K48E,0.6666666666666666
PZA,pncA,pncA_K96Q,2) Assoc w R - Interim,K96Q,0.6666666666666666
PZA,pncA,pncA_P62S,2) Assoc w R - Interim,P62S,0.6666666666666666
PZA,pncA,pncA_D63G,2) Assoc w R - Interim,D63G,0.5
PZA,pncA,pncA_F81V,2) Assoc w R - Interim,F81V,0.5
PZA,pncA,pncA_Y64D,2) Assoc w R - Interim,Y64D,0.5
PZA,pncA,pncA_D12N,2) Assoc w R - Interim,D12N,1.0
PZA,pncA,pncA_V125G,2) Assoc w R - Interim,V125G,1.0
PZA,pncA,pncA_V139L,2) Assoc w R - Interim,V139L,0.0
PZA,pncA,pncA_I31T,2) Assoc w R - Interim,I31T,
PZA,pncA,pncA_H71D,2) Assoc w R - Interim,H71D,
PZA,pncA,pncA_L116R,2) Assoc w R - Interim,L116R,
PZA,pncA,pncA_T135N,2) Assoc w R - Interim,T135N,
PZA,pncA,pncA_A102V,3) Uncertain significance,A102V,0.45454545454545453
PZA,pncA,pncA_C14G,3) Uncertain significance,C14G,0.45454545454545453
PZA,pncA,pncA_L35P,3) Uncertain significance,L35P,0.42857142857142855
PZA,pncA,pncA_T160R,3) Uncertain significance,T160R,1.0
PZA,pncA,pncA_D136G,3) Uncertain significance,D136G,0.3333333333333333
PZA,pncA,pncA_A102T,3) Uncertain significance,A102T,1.0
PZA,pncA,pncA_A146E,3) Uncertain significance,A146E,1.0
PZA,pncA,pncA_A28D,3) Uncertain significance,A28D,1.0
PZA,pncA,pncA_A79E,3) Uncertain significance,A79E,1.0
PZA,pncA,pncA_C72W,3) Uncertain significance,C72W,1.0
PZA,pncA,pncA_D110Y,3) Uncertain significance,D110Y,1.0
PZA,pncA,pncA_D12H,3) Uncertain significance,D12H,1.0
PZA,pncA,pncA_D136A,3) Uncertain significance,D136A,1.0
PZA,pncA,pncA_D136V,3) Uncertain significance,D136V,1.0
PZA,pncA,pncA_D145E,3) Uncertain significance,D145E,1.0
PZA,pncA,pncA_D145Y,3) Uncertain significance,D145Y,1.0
PZA,pncA,pncA_D49Y,3) Uncertain significance,D49Y,1.0
PZA,pncA,pncA_D8H,3) Uncertain significance,D8H,1.0
PZA,pncA,pncA_D8Y,3) Uncertain significance,D8Y,1.0
PZA,pncA,pncA_E174D,3) Uncertain significance,E174D,1.0
PZA,pncA,pncA_F58C,3) Uncertain significance,F58C,1.0
PZA,pncA,pncA_F58S,3) Uncertain significance,F58S,1.0
PZA,pncA,pncA_G105R,3) Uncertain significance,G105R,1.0
PZA,pncA,pncA_G108E,3) Uncertain significance,G108E,1.0
PZA,pncA,pncA_G132C,3) Uncertain significance,G132C,1.0
PZA,pncA,pncA_G132R,3) Uncertain significance,G132R,1.0
PZA,pncA,pncA_G162R,3) Uncertain significance,G162R,1.0
PZA,pncA,pncA_G17A,3) Uncertain significance,G17A,1.0
PZA,pncA,pncA_G17R,3) Uncertain significance,G17R,1.0
PZA,pncA,pncA_G78C,3) Uncertain significance,G78C,1.0
PZA,pncA,pncA_G78D,3) Uncertain significance,G78D,1.0
PZA,pncA,pncA_G78S,3) Uncertain significance,G78S,1.0
PZA,pncA,pncA_G78V,3) Uncertain significance,G78V,1.0
PZA,pncA,pncA_H137P,3) Uncertain significance,H137P,1.0
PZA,pncA,pncA_H43P,3) Uncertain significance,H43P,1.0
PZA,pncA,pncA_H57P,3) Uncertain significance,H57P,1.0
PZA,pncA,pncA_H57Q,3) Uncertain significance,H57Q,1.0
PZA,pncA,pncA_H71Q,3) Uncertain significance,H71Q,1.0
PZA,pncA,pncA_I133S,3) Uncertain significance,I133S,1.0
PZA,pncA,pncA_I6S,3) Uncertain significance,I6S,1.0
PZA,pncA,pncA_K96N,3) Uncertain significance,K96N,1.0
PZA,pncA,pncA_L156P,3) Uncertain significance,L156P,1.0
PZA,pncA,pncA_L159P,3) Uncertain significance,L159P,1.0
PZA,pncA,pncA_M175R,3) Uncertain significance,M175R,1.0
PZA,pncA,pncA_M1R,3) Uncertain significance,M1R,1.0
PZA,pncA,pncA_N11H,3) Uncertain significance,N11H,1.0
PZA,pncA,pncA_P54R,3) Uncertain significance,P54R,1.0
PZA,pncA,pncA_P54S,3) Uncertain significance,P54S,1.0
PZA,pncA,pncA_P62Q,3) Uncertain significance,P62Q,1.0
PZA,pncA,pncA_P62R,3) Uncertain significance,P62R,1.0
PZA,pncA,pncA_P69R,3) Uncertain significance,P69R,1.0
PZA,pncA,pncA_R123P,3) Uncertain significance,R123P,1.0
PZA,pncA,pncA_R140P,3) Uncertain significance,R140P,1.0
PZA,pncA,pncA_S32I,3) Uncertain significance,S32I,1.0
PZA,pncA,pncA_S59C,3) Uncertain significance,S59C,1.0
PZA,pncA,pncA_S59F,3) Uncertain significance,S59F,1.0
PZA,pncA,pncA_S66P,3) Uncertain significance,S66P,1.0
PZA,pncA,pncA_T100I,3) Uncertain significance,T100I,1.0
PZA,pncA,pncA_T100P,3) Uncertain significance,T100P,1.0
PZA,pncA,pncA_T114P,3) Uncertain significance,T114P,1.0
PZA,pncA,pncA_T142P,3) Uncertain significance,T142P,1.0
PZA,pncA,pncA_T160A,3) Uncertain significance,T160A,1.0
PZA,pncA,pncA_T47N,3) Uncertain significance,T47N,1.0
PZA,pncA,pncA_V139M,3) Uncertain significance,V139M,1.0
PZA,pncA,pncA_V157G,3) Uncertain significance,V157G,1.0
PZA,pncA,pncA_V180L,3) Uncertain significance,V180L,1.0
PZA,pncA,pncA_V7F,3) Uncertain significance,V7F,1.0
PZA,pncA,pncA_V7I,3) Uncertain significance,V7I,1.0
PZA,pncA,pncA_W68L,3) Uncertain significance,W68L,1.0
PZA,pncA,pncA_W68S,3) Uncertain significance,W68S,1.0
PZA,pncA,pncA_Y95D,3) Uncertain significance,Y95D,1.0
PZA,pncA,pncA_A134G,3) Uncertain significance,A134G,0.5
PZA,pncA,pncA_A171T,3) Uncertain significance,A171T,0.5
PZA,pncA,pncA_D129N,3) Uncertain significance,D129N,0.5
PZA,pncA,pncA_F13S,3) Uncertain significance,F13S,0.5
PZA,pncA,pncA_H137N,3) Uncertain significance,H137N,0.5
PZA,pncA,pncA_L159V,3) Uncertain significance,L159V,0.5
PZA,pncA,pncA_N11S,3) Uncertain significance,N11S,0.5
PZA,pncA,pncA_P54A,3) Uncertain significance,P54A,0.5
PZA,pncA,pncA_S104G,3) Uncertain significance,S104G,0.5
PZA,pncA,pncA_V155A,3) Uncertain significance,V155A,0.5
PZA,pncA,pncA_V163G,3) Uncertain significance,V163G,0.5
PZA,pncA,pncA_A46T,3) Uncertain significance,A46T,0.3333333333333333
PZA,pncA,pncA_M175I,3) Uncertain significance,M175I,0.3333333333333333
PZA,pncA,pncA_S67W,3) Uncertain significance,S67W,0.3333333333333333
PZA,pncA,pncA_V93A,3) Uncertain significance,V93A,0.3333333333333333
PZA,pncA,pncA_H82D,3) Uncertain significance,H82D,0.25
PZA,pncA,pncA_A143V,3) Uncertain significance,A143V,0.0
PZA,pncA,pncA_C14W,3) Uncertain significance,C14W,0.0
PZA,pncA,pncA_D110G,3) Uncertain significance,D110G,0.0
PZA,pncA,pncA_D136E,3) Uncertain significance,D136E,0.0
PZA,pncA,pncA_D158N,3) Uncertain significance,D158N,0.0
PZA,pncA,pncA_D53E,3) Uncertain significance,D53E,0.0
PZA,pncA,pncA_D80V,3) Uncertain significance,D80V,0.0
PZA,pncA,pncA_D86G,3) Uncertain significance,D86G,0.0
PZA,pncA,pncA_F106I,3) Uncertain significance,F106I,0.0
PZA,pncA,pncA_F81S,3) Uncertain significance,F81S,0.0
PZA,pncA,pncA_F94V,3) Uncertain significance,F94V,0.0
PZA,pncA,pncA_G124S,3) Uncertain significance,G124S,0.0
PZA,pncA,pncA_G17V,3) Uncertain significance,G17V,0.0
PZA,pncA,pncA_H137Y,3) Uncertain significance,H137Y,0.0
PZA,pncA,pncA_I5T,3) Uncertain significance,I5T,0.0
PZA,pncA,pncA_I6V,3) Uncertain significance,I6V,0.0
PZA,pncA,pncA_K48N,3) Uncertain significance,K48N,0.0
PZA,pncA,pncA_L116V,3) Uncertain significance,L116V,0.0
PZA,pncA,pncA_L151W,3) Uncertain significance,L151W,0.0
PZA,pncA,pncA_L182F,3) Uncertain significance,L182F,0.0
PZA,pncA,pncA_L27Q,3) Uncertain significance,L27Q,0.0
PZA,pncA,pncA_P115S,3) Uncertain significance,P115S,0.0
PZA,pncA,pncA_P77L,3) Uncertain significance,P77L,0.0
PZA,pncA,pncA_R140S,3) Uncertain significance,R140S,0.0
PZA,pncA,pncA_R148S,3) Uncertain significance,R148S,0.0
PZA,pncA,pncA_R176C,3) Uncertain significance,R176C,0.0
PZA,pncA,pncA_R2L,3) Uncertain significance,R2L,0.0
PZA,pncA,pncA_R2Q,3) Uncertain significance,R2Q,0.0
PZA,pncA,pncA_S104T,3) Uncertain significance,S104T,0.0
PZA,pncA,pncA_S179I,3) Uncertain significance,S179I,0.0
PZA,pncA,pncA_S18P,3) Uncertain significance,S18P,0.0
PZA,pncA,pncA_T135A,3) Uncertain significance,T135A,0.0
PZA,pncA,pncA_T153P,3) Uncertain significance,T153P,0.0
PZA,pncA,pncA_T61P,3) Uncertain significance,T61P,0.0
PZA,pncA,pncA_T76A,3) Uncertain significance,T76A,0.0
PZA,pncA,pncA_V128I,3) Uncertain significance,V128I,0.0
PZA,pncA,pncA_V155L,3) Uncertain significance,V155L,0.0
PZA,pncA,pncA_V163A,3) Uncertain significance,V163A,0.0
PZA,pncA,pncA_V163L,3) Uncertain significance,V163L,0.0
PZA,pncA,pncA_V183L,3) Uncertain significance,V183L,0.0
PZA,pncA,pncA_V45A,3) Uncertain significance,V45A,0.0
PZA,pncA,pncA_Y41C,3) Uncertain significance,Y41C,0.0
PZA,pncA,pncA_Y99C,3) Uncertain significance,Y99C,0.0
PZA,pncA,pncA_A30V,3) Uncertain significance,A30V,0.0
PZA,pncA,pncA_F58V,3) Uncertain significance,F58V,0.0
PZA,pncA,pncA_H137Q,3) Uncertain significance,H137Q,0.0
PZA,pncA,pncA_H137R,3) Uncertain significance,H137R,0.0
PZA,pncA,pncA_H43Y,3) Uncertain significance,H43Y,0.0
PZA,pncA,pncA_M1I,3) Uncertain significance,M1I,0.0
PZA,pncA,pncA_P115L,3) Uncertain significance,P115L,0.0
PZA,pncA,pncA_P69S,3) Uncertain significance,P69S,0.0
PZA,pncA,pncA_S65P,3) Uncertain significance,S65P,0.0
PZA,pncA,pncA_T135I,3) Uncertain significance,T135I,0.0
PZA,pncA,pncA_T167I,3) Uncertain significance,T167I,0.0
PZA,pncA,pncA_T47I,3) Uncertain significance,T47I,0.0
PZA,pncA,pncA_V109G,3) Uncertain significance,V109G,0.0
PZA,pncA,pncA_V125I,3) Uncertain significance,V125I,0.0
PZA,pncA,pncA_V157L,3) Uncertain significance,V157L,0.0
PZA,pncA,pncA_V45M,3) Uncertain significance,V45M,0.0
PZA,pncA,pncA_D136N,4) Not assoc w R - Interim,D136N,0.2
PZA,pncA,pncA_A171V,4) Not assoc w R - Interim,A171V,0.14285714285714285
PZA,pncA,pncA_I6L,4) Not assoc w R - Interim,I6L,0.14285714285714285
PZA,pncA,pncA_V21A,4) Not assoc w R - Interim,V21A,0.14285714285714285
PZA,pncA,pncA_L35R,4) Not assoc w R - Interim,L35R,0.041666666666666664
PZA,pncA,pncA_A79T,4) Not assoc w R - Interim,A79T,0.0
PZA,pncA,pncA_E15G,4) Not assoc w R - Interim,E15G,0.0
PZA,pncA,pncA_T168I,4) Not assoc w R - Interim,T168I,0.0
PZA,pncA,pncA_A79V,4) Not assoc w R - Interim,A79V,0.0
PZA,pncA,pncA_T114M,4) Not assoc w R - Interim,T114M,0.0
PZA,pncA,pncA_S66L,4) Not assoc w R - Interim,S66L,0.0
PZA,pncA,pncA_T87M,4) Not assoc w R - Interim,T87M,0.0
RIF,rpoB,rpoB_S450L,1) Assoc w R,S450L,0.9888048411497731
RIF,rpoB,rpoB_D435V,1) Assoc w R,D435V,0.9878542510121457
RIF,rpoB,rpoB_H445Y,1) Assoc w R,H445Y,0.9886039886039886
RIF,rpoB,rpoB_H445D,1) Assoc w R,H445D,0.9896907216494846
RIF,rpoB,rpoB_D435Y,1) Assoc w R,D435Y,0.7864077669902912
RIF,rpoB,rpoB_S450W,1) Assoc w R,S450W,0.967948717948718
RIF,rpoB,rpoB_L452P,1) Assoc w R,L452P,0.6954022988505747
RIF,rpoB,rpoB_H445L,1) Assoc w R,H445L,0.9349593495934959
RIF,rpoB,rpoB_S450F,1) Assoc w R,S450F,1.0
RIF,rpoB,rpoB_L430P,1) Assoc w R,L430P,0.507177033492823
RIF,rpoB,rpoB_H445R,1) Assoc w R,H445R,0.9753086419753086
RIF,rpoB,rpoB_V170F,1) Assoc w R,V170F,1.0
RIF,rpoB,rpoB_I491F,1) Assoc w R,I491F,0.4864864864864865
RIF,rpoB,rpoB_H445N,1) Assoc w R,H445N,0.5411764705882353
RIF,rpoB,rpoB_D435F,1) Assoc w R,D435F,0.9285714285714286
RIF,rpoB,rpoB_H445C,1) Assoc w R,H445C,0.9230769230769231
RIF,rpoB,rpoB_Q432K,1) Assoc w R,Q432K,0.9714285714285714
RIF,rpoB,rpoB_Q432P,1) Assoc w R,Q432P,0.9666666666666667
RIF,rpoB,rpoB_S441L,1) Assoc w R,S441L,1.0
RIF,rpoB,rpoB_Q432L,1) Assoc w R,Q432L,0.9545454545454546
RIF,rpoB,rpoB_H445S,1) Assoc w R,H445S,0.8571428571428571
RIF,rpoB,rpoB_S441Q,1) Assoc w R,S441Q,1.0
RIF,rpoB,rpoB_D435G,2) Assoc w R - Interim,D435G,0.8941176470588236
RIF,rpoB,rpoB_L430R,2) Assoc w R - Interim,L430R,0.9545454545454546
RIF,rpoB,rpoB_H445Q,2) Assoc w R - Interim,H445Q,0.9411764705882353
RIF,rpoB,rpoB_M434I,2) Assoc w R - Interim,M434I,0.8421052631578947
RIF,rpoB,rpoB_N437D,2) Assoc w R - Interim,N437D,0.8666666666666667
RIF,rpoB,rpoB_L449M,2) Assoc w R - Interim,L449M,1.0
RIF,rpoB,rpoB_Q429L,2) Assoc w R - Interim,Q429L,1.0
RIF,rpoB,rpoB_S450Q,2) Assoc w R - Interim,S450Q,1.0
RIF,rpoB,rpoB_K446Q,2) Assoc w R - Interim,K446Q,1.0
RIF,rpoB,rpoB_H445G,2) Assoc w R - Interim,H445G,0.7
RIF,rpoB,rpoB_A451V,2) Assoc w R - Interim,A451V,0.6363636363636364
RIF,rpoB,rpoB_R448Q,2) Assoc w R - Interim,R448Q,1.0
RIF,rpoB,rpoB_S431G,2) Assoc w R - Interim,S431G,1.0
RIF,rpoB,rpoB_Q429H,2) Assoc w R - Interim,Q429H,0.8571428571428571
RIF,rpoB,rpoB_D435A,2) Assoc w R - Interim,D435A,0.75
RIF,rpoB,rpoB_D435E,2) Assoc w R - Interim,D435E,1.0
RIF,rpoB,rpoB_H445P,2) Assoc w R - Interim,H445P,1.0
RIF,rpoB,rpoB_S428R,2) Assoc w R - Interim,S428R,1.0
RIF,rpoB,rpoB_S450M,2) Assoc w R - Interim,S450M,1.0
RIF,rpoB,rpoB_T427I,2) Assoc w R - Interim,T427I,1.0
RIF,rpoB,rpoB_M434V,2) Assoc w R - Interim,M434V,0.5714285714285714
RIF,rpoB,rpoB_D435H,2) Assoc w R - Interim,D435H,1.0
RIF,rpoB,rpoB_H445T,2) Assoc w R - Interim,H445T,1.0
RIF,rpoB,rpoB_N437H,2) Assoc w R - Interim,N437H,1.0
RIF,rpoB,rpoB_Q432H,2) Assoc w R - Interim,Q432H,1.0
RIF,rpoB,rpoB_S428T,2) Assoc w R - Interim,S428T,1.0
RIF,rpoB,rpoB_S431R,2) Assoc w R - Interim,S431R,1.0
RIF,rpoB,rpoB_A451G,2) Assoc w R - Interim,A451G,1.0
RIF,rpoB,rpoB_D435L,2) Assoc w R - Interim,D435L,1.0
RIF,rpoB,rpoB_K446R,2) Assoc w R - Interim,K446R,1.0
RIF,rpoB,rpoB_R448K,2) Assoc w R - Interim,R448K,1.0
RIF,rpoB,rpoB_S441M,2) Assoc w R - Interim,S441M,1.0
RIF,rpoB,rpoB_S441V,2) Assoc w R - Interim,S441V,1.0
RIF,rpoB,rpoB_S450Y,2) Assoc w R - Interim,S450Y,1.0
RIF,rpoB,rpoB_T444I,2) Assoc w R - Interim,T444I,1.0
RIF,rpoB,rpoB_L443F,2) Assoc w R - Interim,L443F,0.6666666666666666
RIF,rpoB,rpoB_N437S,2) Assoc w R - Interim,N437S,0.6666666666666666
RIF,rpoB,rpoB_S450V,2) Assoc w R - Interim,S450V,0.6666666666666666
RIF,rpoB,rpoB_T427A,2) Assoc w R - Interim,T427A,0.6666666666666666
RIF,rpoB,rpoB_G442E,2) Assoc w R - Interim,G442E,1.0
RIF,rpoB,rpoB_H445F,2) Assoc w R - Interim,H445F,1.0
RIF,rpoB,rpoB_K446E,2) Assoc w R - Interim,K446E,1.0
RIF,rpoB,rpoB_K446T,2) Assoc w R - Interim,K446T,1.0
RIF,rpoB,rpoB_L452V,2) Assoc w R - Interim,L452V,1.0
RIF,rpoB,rpoB_N437I,2) Assoc w R - Interim,N437I,1.0
RIF,rpoB,rpoB_P439S,2) Assoc w R - Interim,P439S,1.0
RIF,rpoB,rpoB_Q429P,2) Assoc w R - Interim,Q429P,1.0
RIF,rpoB,rpoB_Q432E,2) Assoc w R - Interim,Q432E,1.0
RIF,rpoB,rpoB_Q432N,2) Assoc w R - Interim,Q432N,1.0
RIF,rpoB,rpoB_Q436P,2) Assoc w R - Interim,Q436P,1.0
RIF,rpoB,rpoB_S428G,2) Assoc w R - Interim,S428G,1.0
RIF,rpoB,rpoB_S428I,2) Assoc w R - Interim,S428I,1.0
RIF,rpoB,rpoB_S431T,2) Assoc w R - Interim,S431T,1.0
RIF,rpoB,rpoB_S441A,2) Assoc w R - Interim,S441A,1.0
RIF,rpoB,rpoB_S450A,2) Assoc w R - Interim,S450A,1.0
RIF,rpoB,rpoB_S450G,2) Assoc w R - Interim,S450G,1.0
RIF,rpoB,rpoB_T427S,2) Assoc w R - Interim,T427S,1.0
RIF,rpoB,rpoB_T444S,2) Assoc w R - Interim,T444S,1.0
RIF,rpoB,rpoB_S450C,2) Assoc w R - Interim,S450C,0.5
RIF,rpoB,rpoB_G426S,2) Assoc w R - Interim,G426S,0.0
RIF,rpoB,rpoB_L452M,2) Assoc w R - Interim,L452M,0.0
RIF,rpoB,rpoB_L452Q,2) Assoc w R - Interim,L452Q,0.0
RIF,rpoB,rpoB_M434L,2) Assoc w R - Interim,M434L,0.0
RIF,rpoB,rpoB_N437Y,2) Assoc w R - Interim,N437Y,0.0
RIF,rpoB,rpoB_P439L,2) Assoc w R - Interim,P439L,0.0
RIF,rpoB,rpoB_Q436N,2) Assoc w R - Interim,Q436N,0.0
RIF,rpoB,rpoB_T427G,2) Assoc w R - Interim,T427G,0.0
RIF,rpoB,rpoB_T427N,2) Assoc w R - Interim,T427N,0.0
RIF,rpoB,rpoB_E761D,3) Uncertain significance,E761D,1.0
RIF,rpoB,rpoB_R827C,3) Uncertain significance,R827C,0.9855072463768116
RIF,rpoB,rpoB_L731P,3) Uncertain significance,L731P,1.0
RIF,rpoB,rpoB_Q975H,3) Uncertain significance,Q975H,0.9137931034482759
RIF,rpoB,rpoB_A692T,3) Uncertain significance,A692T,0.828125
RIF,rpoB,rpoB_I488V,3) Uncertain significance,I488V,1.0
RIF,rpoB,rpoB_I480V,3) Uncertain significance,I480V,0.9555555555555556
RIF,rpoB,rpoB_A286V,3) Uncertain significance,A286V,1.0
RIF,rpoB,rpoB_P45S,3) Uncertain significance,P45S,1.0
RIF,rpoB,rpoB_Q409R,3) Uncertain significance,Q409R,1.0
RIF,rpoB,rpoB_R552L,3) Uncertain significance,R552L,1.0
RIF,rpoB,rpoB_V496A,3) Uncertain significance,V496A,1.0
RIF,rpoB,rpoB_H835R,3) Uncertain significance,H835R,0.9655172413793104
RIF,rpoB,rpoB_I491L,3) Uncertain significance,I491L,1.0
RIF,rpoB,rpoB_T400A,3) Uncertain significance,T400A,1.0
RIF,rpoB,rpoB_R827L,3) Uncertain significance,R827L,1.0
RIF,rpoB,rpoB_S874Y,3) Uncertain significance,S874Y,1.0
RIF,rpoB,rpoB_P45L,3) Uncertain significance,P45L,1.0
RIF,rpoB,rpoB_T399I,3) Uncertain significance,T399I,1.0
RIF,rpoB,rpoB_R552H,3) Uncertain significance,R552H,1.0
RIF,rpoB,rpoB_F424V,3) Uncertain significance,F424V,1.0
RIF,rpoB,rpoB_V496M,3) Uncertain significance,V496M,1.0
RIF,rpoB,rpoB_E550G,3) Uncertain significance,E550G,1.0
RIF,rpoB,rpoB_I1106T,3) Uncertain significance,I1106T,1.0
RIF,rpoB,rpoB_K891E,3) Uncertain significance,K891E,1.0
RIF,rpoB,rpoB_V534M,3) Uncertain significance,V534M,0.9375
RIF,rpoB,rpoB_F971L,3) Uncertain significance,F971L,1.0
RIF,rpoB,rpoB_H723D,3) Uncertain significance,H723D,1.0
RIF,rpoB,rpoB_V168A,3) Uncertain significance,V168A,1.0
RIF,rpoB,rpoB_I491M,3) Uncertain significance,I491M,0.8235294117647058
RIF,rpoB,rpoB_F503S,3) Uncertain significance,F503S,1.0
RIF,rpoB,rpoB_L554P,3) Uncertain significance,L554P,1.0
RIF,rpoB,rpoB_I873F,3) Uncertain significance,I873F,1.0
RIF,rpoB,rpoB_L42V,3) Uncertain significance,L42V,1.0
RIF,rpoB,rpoB_R827H,3) Uncertain significance,R827H,1.0
RIF,rpoB,rpoB_Y564H,3) Uncertain significance,Y564H,1.0
RIF,rpoB,rpoB_E481A,3) Uncertain significance,E481A,1.0
RIF,rpoB,rpoB_I491V,3) Uncertain significance,I491V,1.0
RIF,rpoB,rpoB_R552C,3) Uncertain significance,R552C,1.0
RIF,rpoB,rpoB_V496L,3) Uncertain significance,V496L,1.0
RIF,rpoB,rpoB_V170A,3) Uncertain significance,V170A,0.8888888888888888
RIF,rpoB,rpoB_D574E,3) Uncertain significance,D574E,1.0
RIF,rpoB,rpoB_E207K,3) Uncertain significance,E207K,1.0
RIF,rpoB,rpoB_I588V,3) Uncertain significance,I588V,1.0
RIF,rpoB,rpoB_P45R,3) Uncertain significance,P45R,1.0
RIF,rpoB,rpoB_Q172R,3) Uncertain significance,Q172R,1.0
RIF,rpoB,rpoB_T400S,3) Uncertain significance,T400S,1.0
RIF,rpoB,rpoB_A584D,3) Uncertain significance,A584D,1.0
RIF,rpoB,rpoB_A753V,3) Uncertain significance,A753V,1.0
RIF,rpoB,rpoB_D571A,3) Uncertain significance,D571A,1.0
RIF,rpoB,rpoB_F424L,3) Uncertain significance,F424L,1.0
RIF,rpoB,rpoB_I491T,3) Uncertain significance,I491T,1.0
RIF,rpoB,rpoB_M920V,3) Uncertain significance,M920V,1.0
RIF,rpoB,rpoB_P45T,3) Uncertain significance,P45T,1.0
RIF,rpoB,rpoB_R219C,3) Uncertain significance,R219C,1.0
RIF,rpoB,rpoB_V359A,3) Uncertain significance,V359A,0.4
RIF,rpoB,rpoB_E592D,3) Uncertain significance,E592D,1.0
RIF,rpoB,rpoB_H1028Y,3) Uncertain significance,H1028Y,1.0
RIF,rpoB,rpoB_L862R,3) Uncertain significance,L862R,1.0
RIF,rpoB,rpoB_T159P,3) Uncertain significance,T159P,1.0
RIF,rpoB,rpoB_T52P,3) Uncertain significance,T52P,1.0
RIF,rpoB,rpoB_V534A,3) Uncertain significance,V534A,1.0
RIF,rpoB,rpoB_V562A,3) Uncertain significance,V562A,1.0
RIF,rpoB,rpoB_Y308C,3) Uncertain significance,Y308C,1.0
RIF,rpoB,rpoB_R167C,3) Uncertain significance,R167C,0.8333333333333334
RIF,rpoB,rpoB_S493L,3) Uncertain significance,S493L,0.8333333333333334
RIF,rpoB,rpoB_E460G,3) Uncertain significance,E460G,0.7142857142857143
RIF,rpoB,rpoB_V113I,3) Uncertain significance,V113I,0.10638297872340426
RIF,rpoB,rpoB_A596G,3) Uncertain significance,A596G,1.0
RIF,rpoB,rpoB_G973D,3) Uncertain significance,G973D,1.0
RIF,rpoB,rpoB_K832E,3) Uncertain significance,K832E,1.0
RIF,rpoB,rpoB_L378R,3) Uncertain significance,L378R,1.0
RIF,rpoB,rpoB_P577A,3) Uncertain significance,P577A,1.0
RIF,rpoB,rpoB_S254P,3) Uncertain significance,S254P,1.0
RIF,rpoB,rpoB_T400N,3) Uncertain significance,T400N,1.0
RIF,rpoB,rpoB_V534L,3) Uncertain significance,V534L,1.0
RIF,rpoB,rpoB_V736L,3) Uncertain significance,V736L,1.0
RIF,rpoB,rpoB_D265G,3) Uncertain significance,D265G,0.8
RIF,rpoB,rpoB_K37R,3) Uncertain significance,K37R,0.8
RIF,rpoB,rpoB_P358L,3) Uncertain significance,P358L,0.2
RIF,rpoB,rpoB_D520A,3) Uncertain significance,D520A,1.0
RIF,rpoB,rpoB_G456S,3) Uncertain significance,G456S,1.0
RIF,rpoB,rpoB_G46V,3) Uncertain significance,G46V,1.0
RIF,rpoB,rpoB_I480T,3) Uncertain significance,I480T,1.0
RIF,rpoB,rpoB_I491Y,3) Uncertain significance,I491Y,1.0
RIF,rpoB,rpoB_K799Q,3) Uncertain significance,K799Q,1.0
RIF,rpoB,rpoB_L293S,3) Uncertain significance,L293S,1.0
RIF,rpoB,rpoB_Q1056R,3) Uncertain significance,Q1056R,1.0
RIF,rpoB,rpoB_R273C,3) Uncertain significance,R273C,1.0
RIF,rpoB,rpoB_S582A,3) Uncertain significance,S582A,1.0
RIF,rpoB,rpoB_T756A,3) Uncertain significance,T756A,1.0
RIF,rpoB,rpoB_V562M,3) Uncertain significance,V562M,1.0
RIF,rpoB,rpoB_V581M,3) Uncertain significance,V581M,1.0
RIF,rpoB,rpoB_Y308D,3) Uncertain significance,Y308D,1.0
RIF,rpoB,rpoB_D92G,3) Uncertain significance,D92G,0.75
RIF,rpoB,rpoB_N487S,3) Uncertain significance,N487S,0.75
RIF,rpoB,rpoB_P45A,3) Uncertain significance,P45A,0.75
RIF,rpoB,rpoB_S672F,3) Uncertain significance,S672F,0.75
RIF,rpoB,rpoB_H674R,3) Uncertain significance,H674R,0.6
RIF,rpoB,rpoB_D634G,3) Uncertain significance,D634G,0.42857142857142855
RIF,rpoB,rpoB_A538V,3) Uncertain significance,A538V,1.0
RIF,rpoB,rpoB_A584G,3) Uncertain significance,A584G,1.0
RIF,rpoB,rpoB_D595E,3) Uncertain significance,D595E,1.0
RIF,rpoB,rpoB_E156G,3) Uncertain significance,E156G,1.0
RIF,rpoB,rpoB_E807G,3) Uncertain significance,E807G,1.0
RIF,rpoB,rpoB_F151L,3) Uncertain significance,F151L,1.0
RIF,rpoB,rpoB_G453A,3) Uncertain significance,G453A,1.0
RIF,rpoB,rpoB_G79S,3) Uncertain significance,G79S,1.0
RIF,rpoB,rpoB_G836S,3) Uncertain significance,G836S,1.0
RIF,rpoB,rpoB_I488L,3) Uncertain significance,I488L,1.0
RIF,rpoB,rpoB_I90L,3) Uncertain significance,I90L,1.0
RIF,rpoB,rpoB_K1102T,3) Uncertain significance,K1102T,1.0
RIF,rpoB,rpoB_L173P,3) Uncertain significance,L173P,1.0
RIF,rpoB,rpoB_L490V,3) Uncertain significance,L490V,1.0
RIF,rpoB,rpoB_L525P,3) Uncertain significance,L525P,1.0
RIF,rpoB,rpoB_L554V,3) Uncertain significance,L554V,1.0
RIF,rpoB,rpoB_L778V,3) Uncertain significance,L778V,1.0
RIF,rpoB,rpoB_M587T,3) Uncertain significance,M587T,1.0
RIF,rpoB,rpoB_N24K,3) Uncertain significance,N24K,1.0
RIF,rpoB,rpoB_N487H,3) Uncertain significance,N487H,1.0
RIF,rpoB,rpoB_N539K,3) Uncertain significance,N539K,1.0
RIF,rpoB,rpoB_N673S,3) Uncertain significance,N673S,1.0
RIF,rpoB,rpoB_P483S,3) Uncertain significance,P483S,1.0
RIF,rpoB,rpoB_P768L,3) Uncertain significance,P768L,1.0
RIF,rpoB,rpoB_Q401R,3) Uncertain significance,Q401R,1.0
RIF,rpoB,rpoB_R1008C,3) Uncertain significance,R1008C,1.0
RIF,rpoB,rpoB_R219L,3) Uncertain significance,R219L,1.0
RIF,rpoB,rpoB_R225G,3) Uncertain significance,R225G,1.0
RIF,rpoB,rpoB_S540P,3) Uncertain significance,S540P,1.0
RIF,rpoB,rpoB_T399A,3) Uncertain significance,T399A,1.0
RIF,rpoB,rpoB_T399P,3) Uncertain significance,T399P,1.0
RIF,rpoB,rpoB_V168M,3) Uncertain significance,V168M,1.0
RIF,rpoB,rpoB_V262A,3) Uncertain significance,V262A,1.0
RIF,rpoB,rpoB_V305I,3) Uncertain significance,V305I,1.0
RIF,rpoB,rpoB_V50G,3) Uncertain significance,V50G,1.0
RIF,rpoB,rpoB_V800A,3) Uncertain significance,V800A,1.0
RIF,rpoB,rpoB_V970A,3) Uncertain significance,V970A,1.0
RIF,rpoB,rpoB_V970M,3) Uncertain significance,V970M,1.0
RIF,rpoB,rpoB_G217S,3) Uncertain significance,G217S,0.6666666666666666
RIF,rpoB,rpoB_N1155S,3) Uncertain significance,N1155S,0.6666666666666666
RIF,rpoB,rpoB_P483L,3) Uncertain significance,P483L,0.6666666666666666
RIF,rpoB,rpoB_R167H,3) Uncertain significance,R167H,0.6666666666666666
RIF,rpoB,rpoB_A960E,3) Uncertain significance,A960E,0.5
RIF,rpoB,rpoB_P454H,3) Uncertain significance,P454H,0.5
RIF,rpoB,rpoB_P30A,3) Uncertain significance,P30A,0.3333333333333333
RIF,rpoB,rpoB_H749Y,3) Uncertain significance,H749Y,0.18181818181818182
RIF,rpoB,rpoB_M390T,3) Uncertain significance,M390T,0.13333333333333333
RIF,rpoB,rpoB_A1055P,3) Uncertain significance,A1055P,1.0
RIF,rpoB,rpoB_A1153V,3) Uncertain significance,A1153V,1.0
RIF,rpoB,rpoB_A2T,3) Uncertain significance,A2T,1.0
RIF,rpoB,rpoB_A498V,3) Uncertain significance,A498V,1.0
RIF,rpoB,rpoB_A538P,3) Uncertain significance,A538P,1.0
RIF,rpoB,rpoB_A559V,3) Uncertain significance,A559V,1.0
RIF,rpoB,rpoB_A599T,3) Uncertain significance,A599T,1.0
RIF,rpoB,rpoB_A599V,3) Uncertain significance,A599V,1.0
RIF,rpoB,rpoB_A628P,3) Uncertain significance,A628P,1.0
RIF,rpoB,rpoB_A638G,3) Uncertain significance,A638G,1.0
RIF,rpoB,rpoB_A708S,3) Uncertain significance,A708S,1.0
RIF,rpoB,rpoB_A934T,3) Uncertain significance,A934T,1.0
RIF,rpoB,rpoB_A951T,3) Uncertain significance,A951T,1.0
RIF,rpoB,rpoB_A974T,3) Uncertain significance,A974T,1.0
RIF,rpoB,rpoB_C681R,3) Uncertain significance,C681R,1.0
RIF,rpoB,rpoB_C701W,3) Uncertain significance,C701W,1.0
RIF,rpoB,rpoB_D186A,3) Uncertain significance,D186A,1.0
RIF,rpoB,rpoB_D190A,3) Uncertain significance,D190A,1.0
RIF,rpoB,rpoB_D301N,3) Uncertain significance,D301N,1.0
RIF,rpoB,rpoB_D363N,3) Uncertain significance,D363N,1.0
RIF,rpoB,rpoB_D531E,3) Uncertain significance,D531E,1.0
RIF,rpoB,rpoB_D531Y,3) Uncertain significance,D531Y,1.0
RIF,rpoB,rpoB_D571Y,3) Uncertain significance,D571Y,1.0
RIF,rpoB,rpoB_D631G,3) Uncertain significance,D631G,1.0
RIF,rpoB,rpoB_E1140Q,3) Uncertain significance,E1140Q,1.0
RIF,rpoB,rpoB_E166G,3) Uncertain significance,E166G,1.0
RIF,rpoB,rpoB_E166K,3) Uncertain significance,E166K,1.0
RIF,rpoB,rpoB_E284G,3) Uncertain significance,E284G,1.0
RIF,rpoB,rpoB_E291K,3) Uncertain significance,E291K,1.0
RIF,rpoB,rpoB_E330D,3) Uncertain significance,E330D,1.0
RIF,rpoB,rpoB_E377V,3) Uncertain significance,E377V,1.0
RIF,rpoB,rpoB_E423A,3) Uncertain significance,E423A,1.0
RIF,rpoB,rpoB_E423G,3) Uncertain significance,E423G,1.0
RIF,rpoB,rpoB_E550K,3) Uncertain significance,E550K,1.0
RIF,rpoB,rpoB_E563A,3) Uncertain significance,E563A,1.0
RIF,rpoB,rpoB_E750Q,3) Uncertain significance,E750Q,1.0
RIF,rpoB,rpoB_E807Q,3) Uncertain significance,E807Q,1.0
RIF,rpoB,rpoB_E821V,3) Uncertain significance,E821V,1.0
RIF,rpoB,rpoB_E82G,3) Uncertain significance,E82G,1.0
RIF,rpoB,rpoB_E896K,3) Uncertain significance,E896K,1.0
RIF,rpoB,rpoB_F424C,3) Uncertain significance,F424C,1.0
RIF,rpoB,rpoB_F503V,3) Uncertain significance,F503V,1.0
RIF,rpoB,rpoB_G158S,3) Uncertain significance,G158S,1.0
RIF,rpoB,rpoB_G203R,3) Uncertain significance,G203R,1.0
RIF,rpoB,rpoB_G453R,3) Uncertain significance,G453R,1.0
RIF,rpoB,rpoB_G602A,3) Uncertain significance,G602A,1.0
RIF,rpoB,rpoB_G699S,3) Uncertain significance,G699S,1.0
RIF,rpoB,rpoB_G890C,3) Uncertain significance,G890C,1.0
RIF,rpoB,rpoB_G915S,3) Uncertain significance,G915S,1.0
RIF,rpoB,rpoB_G981D,3) Uncertain significance,G981D,1.0
RIF,rpoB,rpoB_G992R,3) Uncertain significance,G992R,1.0
RIF,rpoB,rpoB_H1028D,3) Uncertain significance,H1028D,1.0
RIF,rpoB,rpoB_H533N,3) Uncertain significance,H533N,1.0
RIF,rpoB,rpoB_H674N,3) Uncertain significance,H674N,1.0
RIF,rpoB,rpoB_H835D,3) Uncertain significance,H835D,1.0
RIF,rpoB,rpoB_H835P,3) Uncertain significance,H835P,1.0
RIF,rpoB,rpoB_I1035T,3) Uncertain significance,I1035T,1.0
RIF,rpoB,rpoB_I1035V,3) Uncertain significance,I1035V,1.0
RIF,rpoB,rpoB_I1046V,3) Uncertain significance,I1046V,1.0
RIF,rpoB,rpoB_I1111V,3) Uncertain significance,I1111V,1.0
RIF,rpoB,rpoB_I199T,3) Uncertain significance,I199T,1.0
RIF,rpoB,rpoB_I488M,3) Uncertain significance,I488M,1.0
RIF,rpoB,rpoB_I491S,3) Uncertain significance,I491S,1.0
RIF,rpoB,rpoB_I542K,3) Uncertain significance,I542K,1.0
RIF,rpoB,rpoB_I909V,3) Uncertain significance,I909V,1.0
RIF,rpoB,rpoB_K1054R,3) Uncertain significance,K1054R,1.0
RIF,rpoB,rpoB_K1095R,3) Uncertain significance,K1095R,1.0
RIF,rpoB,rpoB_K110R,3) Uncertain significance,K110R,1.0
RIF,rpoB,rpoB_K274E,3) Uncertain significance,K274E,1.0
RIF,rpoB,rpoB_K274N,3) Uncertain significance,K274N,1.0
RIF,rpoB,rpoB_K832Q,3) Uncertain significance,K832Q,1.0
RIF,rpoB,rpoB_K891T,3) Uncertain significance,K891T,1.0
RIF,rpoB,rpoB_L232R,3) Uncertain significance,L232R,1.0
RIF,rpoB,rpoB_L42F,3) Uncertain significance,L42F,1.0
RIF,rpoB,rpoB_L775P,3) Uncertain significance,L775P,1.0
RIF,rpoB,rpoB_M707T,3) Uncertain significance,M707T,1.0
RIF,rpoB,rpoB_N135D,3) Uncertain significance,N135D,1.0
RIF,rpoB,rpoB_N501K,3) Uncertain significance,N501K,1.0
RIF,rpoB,rpoB_N604S,3) Uncertain significance,N604S,1.0
RIF,rpoB,rpoB_N75T,3) Uncertain significance,N75T,1.0
RIF,rpoB,rpoB_P280L,3) Uncertain significance,P280L,1.0
RIF,rpoB,rpoB_P280S,3) Uncertain significance,P280S,1.0
RIF,rpoB,rpoB_P454R,3) Uncertain significance,P454R,1.0
RIF,rpoB,rpoB_P45Q,3) Uncertain significance,P45Q,1.0
RIF,rpoB,rpoB_P700R,3) Uncertain significance,P700R,1.0
RIF,rpoB,rpoB_P834T,3) Uncertain significance,P834T,1.0
RIF,rpoB,rpoB_P856L,3) Uncertain significance,P856L,1.0
RIF,rpoB,rpoB_Q1080R,3) Uncertain significance,Q1080R,1.0
RIF,rpoB,rpoB_Q172K,3) Uncertain significance,Q172K,1.0
RIF,rpoB,rpoB_Q19R,3) Uncertain significance,Q19R,1.0
RIF,rpoB,rpoB_Q226E,3) Uncertain significance,Q226E,1.0
RIF,rpoB,rpoB_Q51P,3) Uncertain significance,Q51P,1.0
RIF,rpoB,rpoB_Q980K,3) Uncertain significance,Q980K,1.0
RIF,rpoB,rpoB_Q980R,3) Uncertain significance,Q980R,1.0
RIF,rpoB,rpoB_R219S,3) Uncertain significance,R219S,1.0
RIF,rpoB,rpoB_R224C,3) Uncertain significance,R224C,1.0
RIF,rpoB,rpoB_R578G,3) Uncertain significance,R578G,1.0
RIF,rpoB,rpoB_R578H,3) Uncertain significance,R578H,1.0
RIF,rpoB,rpoB_R607S,3) Uncertain significance,R607S,1.0
RIF,rpoB,rpoB_R665W,3) Uncertain significance,R665W,1.0
RIF,rpoB,rpoB_R824C,3) Uncertain significance,R824C,1.0
RIF,rpoB,rpoB_R824L,3) Uncertain significance,R824L,1.0
RIF,rpoB,rpoB_R827S,3) Uncertain significance,R827S,1.0
RIF,rpoB,rpoB_R845Q,3) Uncertain significance,R845Q,1.0
RIF,rpoB,rpoB_R845W,3) Uncertain significance,R845W,1.0
RIF,rpoB,rpoB_R871H,3) Uncertain significance,R871H,1.0
RIF,rpoB,rpoB_R871L,3) Uncertain significance,R871L,1.0
RIF,rpoB,rpoB_S567P,3) Uncertain significance,S567P,1.0
RIF,rpoB,rpoB_S582T,3) Uncertain significance,S582T,1.0
RIF,rpoB,rpoB_S874F,3) Uncertain significance,S874F,1.0
RIF,rpoB,rpoB_S88P,3) Uncertain significance,S88P,1.0
RIF,rpoB,rpoB_T399N,3) Uncertain significance,T399N,1.0
RIF,rpoB,rpoB_T482I,3) Uncertain significance,T482I,1.0
RIF,rpoB,rpoB_T508P,3) Uncertain significance,T508P,1.0
RIF,rpoB,rpoB_T585A,3) Uncertain significance,T585A,1.0
RIF,rpoB,rpoB_T676A,3) Uncertain significance,T676A,1.0
RIF,rpoB,rpoB_T742A,3) Uncertain significance,T742A,1.0
RIF,rpoB,rpoB_T928N,3) Uncertain significance,T928N,1.0
RIF,rpoB,rpoB_V168G,3) Uncertain significance,V168G,1.0
RIF,rpoB,rpoB_V170G,3) Uncertain significance,V170G,1.0
RIF,rpoB,rpoB_V228I,3) Uncertain significance,V228I,1.0
RIF,rpoB,rpoB_V355I,3) Uncertain significance,V355I,1.0
RIF,rpoB,rpoB_V394L,3) Uncertain significance,V394L,1.0
RIF,rpoB,rpoB_V44G,3) Uncertain significance,V44G,1.0
RIF,rpoB,rpoB_V496G,3) Uncertain significance,V496G,1.0
RIF,rpoB,rpoB_V523L,3) Uncertain significance,V523L,1.0
RIF,rpoB,rpoB_V534G,3) Uncertain significance,V534G,1.0
RIF,rpoB,rpoB_V549G,3) Uncertain significance,V549G,1.0
RIF,rpoB,rpoB_V797L,3) Uncertain significance,V797L,1.0
RIF,rpoB,rpoB_V833M,3) Uncertain significance,V833M,1.0
RIF,rpoB,rpoB_V867M,3) Uncertain significance,V867M,1.0
RIF,rpoB,rpoB_V996A,3) Uncertain significance,V996A,1.0
RIF,rpoB,rpoB_V996G,3) Uncertain significance,V996G,1.0
RIF,rpoB,rpoB_Y1015C,3) Uncertain significance,Y1015C,1.0
RIF,rpoB,rpoB_Y474H,3) Uncertain significance,Y474H,1.0
RIF,rpoB,rpoB_Y510H,3) Uncertain significance,Y510H,1.0
RIF,rpoB,rpoB_A753T,3) Uncertain significance,A753T,0.5
RIF,rpoB,rpoB_H1028R,3) Uncertain significance,H1028R,0.5
RIF,rpoB,rpoB_H674Q,3) Uncertain significance,H674Q,0.5
RIF,rpoB,rpoB_P454S,3) Uncertain significance,P454S,0.5
RIF,rpoB,rpoB_P700L,3) Uncertain significance,P700L,0.5
RIF,rpoB,rpoB_S195R,3) Uncertain significance,S195R,0.5
RIF,rpoB,rpoB_T676P,3) Uncertain significance,T676P,0.5
RIF,rpoB,rpoB_T9I,3) Uncertain significance,T9I,0.5
RIF,rpoB,rpoB_M121I,3) Uncertain significance,M121I,0.2
RIF,rpoB,rpoB_G945E,3) Uncertain significance,G945E,0.1111111111111111
RIF,rpoB,rpoB_D545E,3) Uncertain significance,D545E,0.09090909090909091
RIF,rpoB,rpoB_H194Y,3) Uncertain significance,H194Y,0.07692307692307693
RIF,rpoB,rpoB_H343Q,3) Uncertain significance,H343Q,0.041666666666666664
RIF,rpoB,rpoB_R791C,3) Uncertain significance,R791C,0.04
RIF,rpoB,rpoB_A29T,3) Uncertain significance,A29T,0.0
RIF,rpoB,rpoB_A29V,3) Uncertain significance,A29V,0.0
RIF,rpoB,rpoB_A334D,3) Uncertain significance,A334D,0.0
RIF,rpoB,rpoB_A498G,3) Uncertain significance,A498G,0.0
RIF,rpoB,rpoB_A527V,3) Uncertain significance,A527V,0.0
RIF,rpoB,rpoB_A544V,3) Uncertain significance,A544V,0.0
RIF,rpoB,rpoB_A628G,3) Uncertain significance,A628G,0.0
RIF,rpoB,rpoB_A632G,3) Uncertain significance,A632G,0.0
RIF,rpoB,rpoB_A632S,3) Uncertain significance,A632S,0.0
RIF,rpoB,rpoB_A68V,3) Uncertain significance,A68V,0.0
RIF,rpoB,rpoB_A776V,3) Uncertain significance,A776V,0.0
RIF,rpoB,rpoB_A868V,3) Uncertain significance,A868V,0.0
RIF,rpoB,rpoB_A902P,3) Uncertain significance,A902P,0.0
RIF,rpoB,rpoB_A934V,3) Uncertain significance,A934V,0.0
RIF,rpoB,rpoB_A942T,3) Uncertain significance,A942T,0.0
RIF,rpoB,rpoB_A950V,3) Uncertain significance,A950V,0.0
RIF,rpoB,rpoB_A974G,3) Uncertain significance,A974G,0.0
RIF,rpoB,rpoB_A977V,3) Uncertain significance,A977V,0.0
RIF,rpoB,rpoB_C1067G,3) Uncertain significance,C1067G,0.0
RIF,rpoB,rpoB_C116F,3) Uncertain significance,C116F,0.0
RIF,rpoB,rpoB_D1006G,3) Uncertain significance,D1006G,0.0
RIF,rpoB,rpoB_D108E,3) Uncertain significance,D108E,0.0
RIF,rpoB,rpoB_D1146G,3) Uncertain significance,D1146G,0.0
RIF,rpoB,rpoB_D1148E,3) Uncertain significance,D1148E,0.0
RIF,rpoB,rpoB_D120G,3) Uncertain significance,D120G,0.0
RIF,rpoB,rpoB_D211V,3) Uncertain significance,D211V,0.0
RIF,rpoB,rpoB_D362H,3) Uncertain significance,D362H,0.0
RIF,rpoB,rpoB_D49H,3) Uncertain significance,D49H,0.0
RIF,rpoB,rpoB_D520V,3) Uncertain significance,D520V,0.0
RIF,rpoB,rpoB_D543G,3) Uncertain significance,D543G,0.0
RIF,rpoB,rpoB_D545A,3) Uncertain significance,D545A,0.0
RIF,rpoB,rpoB_D594A,3) Uncertain significance,D594A,0.0
RIF,rpoB,rpoB_D703E,3) Uncertain significance,D703E,0.0
RIF,rpoB,rpoB_D777H,3) Uncertain significance,D777H,0.0
RIF,rpoB,rpoB_D851G,3) Uncertain significance,D851G,0.0
RIF,rpoB,rpoB_D903N,3) Uncertain significance,D903N,0.0
RIF,rpoB,rpoB_D993G,3) Uncertain significance,D993G,0.0
RIF,rpoB,rpoB_D997E,3) Uncertain significance,D997E,0.0
RIF,rpoB,rpoB_E1011A,3) Uncertain significance,E1011A,0.0
RIF,rpoB,rpoB_E1130V,3) Uncertain significance,E1130V,0.0
RIF,rpoB,rpoB_E1169A,3) Uncertain significance,E1169A,0.0
RIF,rpoB,rpoB_E240G,3) Uncertain significance,E240G,0.0
RIF,rpoB,rpoB_E320G,3) Uncertain significance,E320G,0.0
RIF,rpoB,rpoB_E337K,3) Uncertain significance,E337K,0.0
RIF,rpoB,rpoB_E639A,3) Uncertain significance,E639A,0.0
RIF,rpoB,rpoB_E639Q,3) Uncertain significance,E639Q,0.0
RIF,rpoB,rpoB_E645G,3) Uncertain significance,E645G,0.0
RIF,rpoB,rpoB_E646G,3) Uncertain significance,E646G,0.0
RIF,rpoB,rpoB_E721D,3) Uncertain significance,E721D,0.0
RIF,rpoB,rpoB_E721G,3) Uncertain significance,E721G,0.0
RIF,rpoB,rpoB_E737G,3) Uncertain significance,E737G,0.0
RIF,rpoB,rpoB_E738A,3) Uncertain significance,E738A,0.0
RIF,rpoB,rpoB_E789K,3) Uncertain significance,E789K,0.0
RIF,rpoB,rpoB_E805A,3) Uncertain significance,E805A,0.0
RIF,rpoB,rpoB_E825G,3) Uncertain significance,E825G,0.0
RIF,rpoB,rpoB_F1005V,3) Uncertain significance,F1005V,0.0
RIF,rpoB,rpoB_F548L,3) Uncertain significance,F548L,0.0
RIF,rpoB,rpoB_F669L,3) Uncertain significance,F669L,0.0
RIF,rpoB,rpoB_G236D,3) Uncertain significance,G236D,0.0
RIF,rpoB,rpoB_G345S,3) Uncertain significance,G345S,0.0
RIF,rpoB,rpoB_G492S,3) Uncertain significance,G492S,0.0
RIF,rpoB,rpoB_G546S,3) Uncertain significance,G546S,0.0
RIF,rpoB,rpoB_G560A,3) Uncertain significance,G560A,0.0
RIF,rpoB,rpoB_G642S,3) Uncertain significance,G642S,0.0
RIF,rpoB,rpoB_G659D,3) Uncertain significance,G659D,0.0
RIF,rpoB,rpoB_G693V,3) Uncertain significance,G693V,0.0
RIF,rpoB,rpoB_G945R,3) Uncertain significance,G945R,0.0
RIF,rpoB,rpoB_G95R,3) Uncertain significance,G95R,0.0
RIF,rpoB,rpoB_H317Y,3) Uncertain significance,H317Y,0.0
RIF,rpoB,rpoB_H533R,3) Uncertain significance,H533R,0.0
RIF,rpoB,rpoB_H935R,3) Uncertain significance,H935R,0.0
RIF,rpoB,rpoB_I751V,3) Uncertain significance,I751V,0.0
RIF,rpoB,rpoB_K1102R,3) Uncertain significance,K1102R,0.0
RIF,rpoB,rpoB_K298R,3) Uncertain significance,K298R,0.0
RIF,rpoB,rpoB_K309E,3) Uncertain significance,K309E,0.0
RIF,rpoB,rpoB_K711R,3) Uncertain significance,K711R,0.0
RIF,rpoB,rpoB_L1004I,3) Uncertain significance,L1004I,0.0
RIF,rpoB,rpoB_L1132V,3) Uncertain significance,L1132V,0.0
RIF,rpoB,rpoB_L232V,3) Uncertain significance,L232V,0.0
RIF,rpoB,rpoB_L235R,3) Uncertain significance,L235R,0.0
RIF,rpoB,rpoB_L290F,3) Uncertain significance,L290F,0.0
RIF,rpoB,rpoB_L314V,3) Uncertain significance,L314V,0.0
RIF,rpoB,rpoB_L316V,3) Uncertain significance,L316V,0.0
RIF,rpoB,rpoB_L893R,3) Uncertain significance,L893R,0.0
RIF,rpoB,rpoB_L893V,3) Uncertain significance,L893V,0.0
RIF,rpoB,rpoB_M1070I,3) Uncertain significance,M1070I,0.0
RIF,rpoB,rpoB_M1070T,3) Uncertain significance,M1070T,0.0
RIF,rpoB,rpoB_M153V,3) Uncertain significance,M153V,0.0
RIF,rpoB,rpoB_M154I,3) Uncertain significance,M154I,0.0
RIF,rpoB,rpoB_M398V,3) Uncertain significance,M398V,0.0
RIF,rpoB,rpoB_M477R,3) Uncertain significance,M477R,0.0
RIF,rpoB,rpoB_M624T,3) Uncertain significance,M624T,0.0
RIF,rpoB,rpoB_N163K,3) Uncertain significance,N163K,0.0
RIF,rpoB,rpoB_N24D,3) Uncertain significance,N24D,0.0
RIF,rpoB,rpoB_N369D,3) Uncertain significance,N369D,0.0
RIF,rpoB,rpoB_N673T,3) Uncertain significance,N673T,0.0
RIF,rpoB,rpoB_N724S,3) Uncertain significance,N724S,0.0
RIF,rpoB,rpoB_N963D,3) Uncertain significance,N963D,0.0
RIF,rpoB,rpoB_P1014R,3) Uncertain significance,P1014R,0.0
RIF,rpoB,rpoB_P1014S,3) Uncertain significance,P1014S,0.0
RIF,rpoB,rpoB_P321S,3) Uncertain significance,P321S,0.0
RIF,rpoB,rpoB_P358S,3) Uncertain significance,P358S,0.0
RIF,rpoB,rpoB_P509S,3) Uncertain significance,P509S,0.0
RIF,rpoB,rpoB_P541L,3) Uncertain significance,P541L,0.0
RIF,rpoB,rpoB_P682T,3) Uncertain significance,P682T,0.0
RIF,rpoB,rpoB_P719S,3) Uncertain significance,P719S,0.0
RIF,rpoB,rpoB_P834L,3) Uncertain significance,P834L,0.0
RIF,rpoB,rpoB_P89S,3) Uncertain significance,P89S,0.0
RIF,rpoB,rpoB_P906L,3) Uncertain significance,P906L,0.0
RIF,rpoB,rpoB_P988A,3) Uncertain significance,P988A,0.0
RIF,rpoB,rpoB_P988S,3) Uncertain significance,P988S,0.0
RIF,rpoB,rpoB_R225Q,3) Uncertain significance,R225Q,0.0
RIF,rpoB,rpoB_R304C,3) Uncertain significance,R304C,0.0
RIF,rpoB,rpoB_R499Q,3) Uncertain significance,R499Q,0.0
RIF,rpoB,rpoB_R499W,3) Uncertain significance,R499W,0.0
RIF,rpoB,rpoB_R511L,3) Uncertain significance,R511L,0.0
RIF,rpoB,rpoB_R532C,3) Uncertain significance,R532C,0.0
RIF,rpoB,rpoB_R547S,3) Uncertain significance,R547S,0.0
RIF,rpoB,rpoB_R552S,3) Uncertain significance,R552S,0.0
RIF,rpoB,rpoB_R734H,3) Uncertain significance,R734H,0.0
RIF,rpoB,rpoB_R952K,3) Uncertain significance,R952K,0.0
RIF,rpoB,rpoB_S1009T,3) Uncertain significance,S1009T,0.0
RIF,rpoB,rpoB_S1134R,3) Uncertain significance,S1134R,0.0
RIF,rpoB,rpoB_S20I,3) Uncertain significance,S20I,0.0
RIF,rpoB,rpoB_S21F,3) Uncertain significance,S21F,0.0
RIF,rpoB,rpoB_S239R,3) Uncertain significance,S239R,0.0
RIF,rpoB,rpoB_S641R,3) Uncertain significance,S641R,0.0
RIF,rpoB,rpoB_S67F,3) Uncertain significance,S67F,0.0
RIF,rpoB,rpoB_S984L,3) Uncertain significance,S984L,0.0
RIF,rpoB,rpoB_S98A,3) Uncertain significance,S98A,0.0
RIF,rpoB,rpoB_T347I,3) Uncertain significance,T347I,0.0
RIF,rpoB,rpoB_T508A,3) Uncertain significance,T508A,0.0
RIF,rpoB,rpoB_T526S,3) Uncertain significance,T526S,0.0
RIF,rpoB,rpoB_T52S,3) Uncertain significance,T52S,0.0
RIF,rpoB,rpoB_T653A,3) Uncertain significance,T653A,0.0
RIF,rpoB,rpoB_T660I,3) Uncertain significance,T660I,0.0
RIF,rpoB,rpoB_T660N,3) Uncertain significance,T660N,0.0
RIF,rpoB,rpoB_T756I,3) Uncertain significance,T756I,0.0
RIF,rpoB,rpoB_V1117L,3) Uncertain significance,V1117L,0.0
RIF,rpoB,rpoB_V1129A,3) Uncertain significance,V1129A,0.0
RIF,rpoB,rpoB_V1168F,3) Uncertain significance,V1168F,0.0
RIF,rpoB,rpoB_V179A,3) Uncertain significance,V179A,0.0
RIF,rpoB,rpoB_V179M,3) Uncertain significance,V179M,0.0
RIF,rpoB,rpoB_V198L,3) Uncertain significance,V198L,0.0
RIF,rpoB,rpoB_V198M,3) Uncertain significance,V198M,0.0
RIF,rpoB,rpoB_V216I,3) Uncertain significance,V216I,0.0
RIF,rpoB,rpoB_V262F,3) Uncertain significance,V262F,0.0
RIF,rpoB,rpoB_V310G,3) Uncertain significance,V310G,0.0
RIF,rpoB,rpoB_V332I,3) Uncertain significance,V332I,0.0
RIF,rpoB,rpoB_V33L,3) Uncertain significance,V33L,0.0
RIF,rpoB,rpoB_V351I,3) Uncertain significance,V351I,0.0
RIF,rpoB,rpoB_V44A,3) Uncertain significance,V44A,0.0
RIF,rpoB,rpoB_V517M,3) Uncertain significance,V517M,0.0
RIF,rpoB,rpoB_V549I,3) Uncertain significance,V549I,0.0
RIF,rpoB,rpoB_V77M,3) Uncertain significance,V77M,0.0
RIF,rpoB,rpoB_V841L,3) Uncertain significance,V841L,0.0
RIF,rpoB,rpoB_V865M,3) Uncertain significance,V865M,0.0
RIF,rpoB,rpoB_V867A,3) Uncertain significance,V867A,0.0
RIF,rpoB,rpoB_V895F,3) Uncertain significance,V895F,0.0
RIF,rpoB,rpoB_V946G,3) Uncertain significance,V946G,0.0
RIF,rpoB,rpoB_Y564C,3) Uncertain significance,Y564C,0.0
RIF,rpoB,rpoB_Y651H,3) Uncertain significance,Y651H,0.0
RIF,rpoB,rpoB_A334V,3) Uncertain significance,A334V,0.0
RIF,rpoB,rpoB_A977T,3) Uncertain significance,A977T,0.0
RIF,rpoB,rpoB_A998V,3) Uncertain significance,A998V,0.0
RIF,rpoB,rpoB_C681G,3) Uncertain significance,C681G,0.0
RIF,rpoB,rpoB_D209N,3) Uncertain significance,D209N,0.0
RIF,rpoB,rpoB_D270E,3) Uncertain significance,D270E,0.0
RIF,rpoB,rpoB_D851P,3) Uncertain significance,D851P,0.0
RIF,rpoB,rpoB_E132D,3) Uncertain significance,E132D,0.0
RIF,rpoB,rpoB_E507K,3) Uncertain significance,E507K,0.0
RIF,rpoB,rpoB_E66K,3) Uncertain significance,E66K,0.0
RIF,rpoB,rpoB_F208L,3) Uncertain significance,F208L,0.0
RIF,rpoB,rpoB_F93L,3) Uncertain significance,F93L,0.0
RIF,rpoB,rpoB_G516D,3) Uncertain significance,G516D,0.0
RIF,rpoB,rpoB_G890D,3) Uncertain significance,G890D,0.0
RIF,rpoB,rpoB_H656Q,3) Uncertain significance,H656Q,0.0
RIF,rpoB,rpoB_I506V,3) Uncertain significance,I506V,0.0
RIF,rpoB,rpoB_I892T,3) Uncertain significance,I892T,0.0
RIF,rpoB,rpoB_K939Q,3) Uncertain significance,K939Q,0.0
RIF,rpoB,rpoB_K944N,3) Uncertain significance,K944N,0.0
RIF,rpoB,rpoB_M153T,3) Uncertain significance,M153T,0.0
RIF,rpoB,rpoB_M587I,3) Uncertain significance,M587I,0.0
RIF,rpoB,rpoB_N963S,3) Uncertain significance,N963S,0.0
RIF,rpoB,rpoB_P30S,3) Uncertain significance,P30S,0.0
RIF,rpoB,rpoB_P682A,3) Uncertain significance,P682A,0.0
RIF,rpoB,rpoB_R661Q,3) Uncertain significance,R661Q,0.0
RIF,rpoB,rpoB_S1124A,3) Uncertain significance,S1124A,0.0
RIF,rpoB,rpoB_T215A,3) Uncertain significance,T215A,0.0
RIF,rpoB,rpoB_Y866H,3) Uncertain significance,Y866H,0.0
RIF,rpoB,rpoB_A1002P,3) Uncertain significance,A1002P,0.0
RIF,rpoB,rpoB_E156D,3) Uncertain significance,E156D,0.0
RIF,rpoB,rpoB_E320D,3) Uncertain significance,E320D,0.0
RIF,rpoB,rpoB_G675D,3) Uncertain significance,G675D,0.0
RIF,rpoB,rpoB_I783V,3) Uncertain significance,I783V,0.0
RIF,rpoB,rpoB_I910V,3) Uncertain significance,I910V,0.0
RIF,rpoB,rpoB_L80V,3) Uncertain significance,L80V,0.0
RIF,rpoB,rpoB_N163D,3) Uncertain significance,N163D,0.0
RIF,rpoB,rpoB_P954R,3) Uncertain significance,P954R,0.0
RIF,rpoB,rpoB_S493W,3) Uncertain significance,S493W,0.0
RIF,rpoB,rpoB_V129G,3) Uncertain significance,V129G,0.0
RIF,rpoB,rpoB_Y572C,3) Uncertain significance,Y572C,0.0
RIF,rpoB,rpoB_D107E,3) Uncertain significance,D107E,0.0
RIF,rpoB,rpoB_D53N,3) Uncertain significance,D53N,0.0
RIF,rpoB,rpoB_D955N,3) Uncertain significance,D955N,0.0
RIF,rpoB,rpoB_E1145G,3) Uncertain significance,E1145G,0.0
RIF,rpoB,rpoB_E344Q,3) Uncertain significance,E344Q,0.0
RIF,rpoB,rpoB_F295L,3) Uncertain significance,F295L,0.0
RIF,rpoB,rpoB_I965V,3) Uncertain significance,I965V,0.0
RIF,rpoB,rpoB_L48F,3) Uncertain significance,L48F,0.0
RIF,rpoB,rpoB_S12T,3) Uncertain significance,S12T,0.0
RIF,rpoB,rpoB_E639G,3) Uncertain significance,E639G,0.0
RIF,rpoB,rpoB_N292S,3) Uncertain significance,N292S,0.0
RIF,rpoB,rpoB_S936R,3) Uncertain significance,S936R,0.0
RIF,rpoB,rpoB_A943T,3) Uncertain significance,A943T,0.0
RIF,rpoB,rpoB_D3G,3) Uncertain significance,D3G,0.0
RIF,rpoB,rpoB_G28R,3) Uncertain significance,G28R,0.0
RIF,rpoB,rpoB_M573T,3) Uncertain significance,M573T,0.0
RIF,rpoB,rpoB_P27H,3) Uncertain significance,P27H,0.0
RIF,rpoB,rpoB_P454L,3) Uncertain significance,P454L,0.0
RIF,rpoB,rpoB_V613F,3) Uncertain significance,V613F,0.0
RIF,rpoB,rpoB_E721K,3) Uncertain significance,E721K,0.0
RIF,rpoB,rpoB_A686T,3) Uncertain significance,A686T,0.0
RIF,rpoB,rpoB_A69P,3) Uncertain significance,A69P,0.0
RIF,rpoB,rpoB_D103E,3) Uncertain significance,D103E,0.0
RIF,rpoB,rpoB_D515Y,3) Uncertain significance,D515Y,0.0
RIF,rpoB,rpoB_E563D,3) Uncertain significance,E563D,0.0
RIF,rpoB,rpoB_M655T,3) Uncertain significance,M655T,0.0
RIF,rpoB,rpoB_S16C,3) Uncertain significance,S16C,0.0
RIF,rpoB,rpoB_T350I,3) Uncertain significance,T350I,0.0
RIF,rpoB,rpoB_V695L,5) Not assoc w R,V695L,0.48598130841121495
RIF,rpoB,rpoB_E250G,5) Not assoc w R,E250G,0.07792207792207792
RIF,rpoB,rpoB_I925V,5) Not assoc w R,I925V,0.12195121951219512
RIF,rpoB,rpoB_E639D,5) Not assoc w R,E639D,0.08771929824561403
RIF,rpoB,rpoB_S388L,5) Not assoc w R,S388L,0.08620689655172414
RIF,rpoB,rpoB_K944E,5) Not assoc w R,K944E,0.01818181818181818
RIF,rpoB,rpoB_N381H,5) Not assoc w R,N381H,0.0
STM,rpsL,rpsL_K43R,1) Assoc w R,K43R,0.9760869565217392
STM,rpsL,rpsL_K88R,1) Assoc w R,K88R,0.9597701149425287
STM,rpsL,rpsL_K88M,1) Assoc w R,K88M,1.0
STM,gid,gid_G69D,1) Assoc w R,G69D,0.8461538461538461
STM,gid,gid_A134E,1) Assoc w R,A134E,1.0
STM,gid,gid_P75R,1) Assoc w R,P75R,1.0
STM,gid,gid_P84L,2) Assoc w R - Interim,P84L,0.7903225806451613
STM,gid,gid_G73A,2) Assoc w R - Interim,G73A,0.7333333333333333
STM,rpsL,rpsL_K88Q,2) Assoc w R - Interim,K88Q,0.6363636363636364
STM,gid,gid_L79S,3) Uncertain significance,L79S,0.7021276595744681
STM,gid,gid_A119T,3) Uncertain significance,A119T,0.55
STM,rpsL,rpsL_K88T,3) Uncertain significance,K88T,1.0
STM,gid,gid_D67G,3) Uncertain significance,D67G,0.9354838709677419
STM,gid,gid_G73R,3) Uncertain significance,G73R,0.6052631578947368
STM,gid,gid_V77G,3) Uncertain significance,V77G,0.5641025641025641
STM,gid,gid_A138V,3) Uncertain significance,A138V,0.7037037037037037
STM,gid,gid_L50R,3) Uncertain significance,L50R,0.4418604651162791
STM,gid,gid_S149R,3) Uncertain significance,S149R,0.5666666666666667
STM,gid,gid_L79W,3) Uncertain significance,L79W,0.7368421052631579
STM,gid,gid_R137W,3) Uncertain significance,R137W,0.7368421052631579
STM,gid,gid_S70R,3) Uncertain significance,S70R,0.6470588235294118
STM,gid,gid_P75S,3) Uncertain significance,P75S,0.5
STM,gid,gid_H48N,3) Uncertain significance,H48N,0.7692307692307693
STM,gid,gid_V77A,3) Uncertain significance,V77A,0.6666666666666666
STM,gid,gid_G117R,3) Uncertain significance,G117R,0.7777777777777778
STM,gid,gid_L90R,3) Uncertain significance,L90R,0.35
STM,gid,gid_E92G,3) Uncertain significance,E92G,0.8571428571428571
STM,gid,gid_P93L,3) Uncertain significance,P93L,0.6666666666666666
STM,gid,gid_L44Q,3) Uncertain significance,L44Q,1.0
STM,gid,gid_N51D,3) Uncertain significance,N51D,1.0
STM,gid,gid_A82P,3) Uncertain significance,A82P,0.8333333333333334
STM,gid,gid_G30D,3) Uncertain significance,G30D,0.7142857142857143
STM,gid,gid_R96L,3) Uncertain significance,R96L,0.625
STM,gid,gid_H48Y,3) Uncertain significance,H48Y,0.5555555555555556
STM,gid,gid_V65A,3) Uncertain significance,V65A,0.5555555555555556
STM,gid,gid_P78L,3) Uncertain significance,P78L,0.2777777777777778
STM,gid,gid_A10P,3) Uncertain significance,A10P,0.25
STM,gid,gid_D85A,3) Uncertain significance,D85A,1.0
STM,gid,gid_E92K,3) Uncertain significance,E92K,1.0
STM,gid,gid_A138E,3) Uncertain significance,A138E,0.8
STM,gid,gid_L91P,3) Uncertain significance,L91P,0.8
STM,gid,gid_S136P,3) Uncertain significance,S136P,0.8
STM,gid,gid_V124A,3) Uncertain significance,V124A,0.8
STM,gid,gid_L26F,3) Uncertain significance,L26F,0.6666666666666666
STM,gid,gid_P75L,3) Uncertain significance,P75L,0.6666666666666666
STM,gid,gid_R137P,3) Uncertain significance,R137P,0.6666666666666666
STM,gid,gid_A119D,3) Uncertain significance,A119D,0.5714285714285714
STM,gid,gid_L35P,3) Uncertain significance,L35P,0.5714285714285714
STM,gid,gid_V65G,3) Uncertain significance,V65G,0.4
STM,gid,gid_E32D,3) Uncertain significance,E32D,0.2222222222222222
STM,gid,gid_A205T,3) Uncertain significance,A205T,0.12903225806451613
STM,gid,gid_G117E,3) Uncertain significance,G117E,1.0
STM,gid,gid_G117V,3) Uncertain significance,G117V,1.0
STM,gid,gid_G28R,3) Uncertain significance,G28R,1.0
STM,gid,gid_G37E,3) Uncertain significance,G37E,1.0
STM,gid,gid_L49R,3) Uncertain significance,L49R,1.0
STM,gid,gid_R97H,3) Uncertain significance,R97H,1.0
STM,gid,gid_S149N,3) Uncertain significance,S149N,1.0
STM,gid,gid_V105E,3) Uncertain significance,V105E,1.0
STM,gid,gid_V202G,3) Uncertain significance,V202G,1.0
STM,gid,gid_D67H,3) Uncertain significance,D67H,0.75
STM,gid,gid_R102P,3) Uncertain significance,R102P,0.75
STM,gid,gid_A133P,3) Uncertain significance,A133P,0.6
STM,gid,gid_A200E,3) Uncertain significance,A200E,0.6
STM,gid,gid_L35R,3) Uncertain significance,L35R,0.6
STM,gid,gid_L74S,3) Uncertain significance,L74S,0.6
STM,gid,gid_L86P,3) Uncertain significance,L86P,0.6
STM,gid,gid_R118S,3) Uncertain significance,R118S,0.6
STM,gid,gid_R47W,3) Uncertain significance,R47W,0.6
STM,gid,gid_G157R,3) Uncertain significance,G157R,0.5
STM,gid,gid_P75T,3) Uncertain significance,P75T,0.3
STM,gid,gid_A133T,3) Uncertain significance,A133T,1.0
STM,gid,gid_A138T,3) Uncertain significance,A138T,1.0
STM,gid,gid_A161D,3) Uncertain significance,A161D,1.0
STM,gid,gid_A180S,3) Uncertain significance,A180S,1.0
STM,gid,gid_A72T,3) Uncertain significance,A72T,1.0
STM,gid,gid_E40G,3) Uncertain significance,E40G,1.0
STM,gid,gid_E40K,3) Uncertain significance,E40K,1.0
STM,gid,gid_E40Q,3) Uncertain significance,E40Q,1.0
STM,gid,gid_F12L,3) Uncertain significance,F12L,1.0
STM,gid,gid_G71R,3) Uncertain significance,G71R,1.0
STM,gid,gid_G76D,3) Uncertain significance,G76D,1.0
STM,gid,gid_H48P,3) Uncertain significance,H48P,1.0
STM,gid,gid_L160R,3) Uncertain significance,L160R,1.0
STM,gid,gid_M178R,3) Uncertain significance,M178R,1.0
STM,gid,gid_R64P,3) Uncertain significance,R64P,1.0
STM,gid,gid_R83Q,3) Uncertain significance,R83Q,1.0
STM,gid,gid_R96P,3) Uncertain significance,R96P,1.0
STM,gid,gid_S149C,3) Uncertain significance,S149C,1.0
STM,gid,gid_V110A,3) Uncertain significance,V110A,1.0
STM,gid,gid_V115G,3) Uncertain significance,V115G,1.0
STM,gid,gid_V135G,3) Uncertain significance,V135G,1.0
STM,rpsL,rpsL_R86Q,3) Uncertain significance,R86Q,1.0
STM,gid,gid_A138P,3) Uncertain significance,A138P,0.6666666666666666
STM,gid,gid_A80P,3) Uncertain significance,A80P,0.6666666666666666
STM,gid,gid_E99G,3) Uncertain significance,E99G,0.6666666666666666
STM,gid,gid_F100V,3) Uncertain significance,F100V,0.6666666666666666
STM,gid,gid_H48Q,3) Uncertain significance,H48Q,0.6666666666666666
STM,gid,gid_I114N,3) Uncertain significance,I114N,0.6666666666666666
STM,gid,gid_L108P,3) Uncertain significance,L108P,0.6666666666666666
STM,gid,gid_L145S,3) Uncertain significance,L145S,0.6666666666666666
STM,gid,gid_L90F,3) Uncertain significance,L90F,0.6666666666666666
STM,gid,gid_L90P,3) Uncertain significance,L90P,0.6666666666666666
STM,gid,gid_L91R,3) Uncertain significance,L91R,0.6666666666666666
STM,gid,gid_L91V,3) Uncertain significance,L91V,0.6666666666666666
STM,gid,gid_R197C,3) Uncertain significance,R197C,0.6666666666666666
STM,gid,gid_R197P,3) Uncertain significance,R197P,0.6666666666666666
STM,gid,gid_S70G,3) Uncertain significance,S70G,0.6666666666666666
STM,gid,gid_Y22S,3) Uncertain significance,Y22S,0.6666666666666666
STM,gid,gid_E170K,3) Uncertain significance,E170K,0.5
STM,gid,gid_G37R,3) Uncertain significance,G37R,0.5
STM,gid,gid_S70N,3) Uncertain significance,S70N,0.5
STM,gid,gid_V202A,3) Uncertain significance,V202A,0.5
STM,gid,gid_C52Y,3) Uncertain significance,C52Y,0.4
STM,gid,gid_R83G,3) Uncertain significance,R83G,0.4
STM,gid,gid_R97L,3) Uncertain significance,R97L,0.4
STM,gid,gid_A10V,3) Uncertain significance,A10V,0.3333333333333333
STM,gid,gid_R20P,3) Uncertain significance,R20P,0.3333333333333333
STM,gid,gid_R96C,3) Uncertain significance,R96C,0.3333333333333333
STM,gid,gid_V41I,3) Uncertain significance,V41I,0.3333333333333333
STM,gid,gid_L145F,3) Uncertain significance,L145F,0.2
STM,gid,gid_R154P,3) Uncertain significance,R154P,0.15384615384615385
STM,gid,gid_A138L,3) Uncertain significance,A138L,1.0
STM,gid,gid_A141E,3) Uncertain significance,A141E,1.0
STM,gid,gid_A205E,3) Uncertain significance,A205E,1.0
STM,gid,gid_C191F,3) Uncertain significance,C191F,1.0
STM,gid,gid_C52F,3) Uncertain significance,C52F,1.0
STM,gid,gid_D132E,3) Uncertain significance,D132E,1.0
STM,gid,gid_E40D,3) Uncertain significance,E40D,1.0
STM,gid,gid_F100L,3) Uncertain significance,F100L,1.0
STM,gid,gid_F12S,3) Uncertain significance,F12S,1.0
STM,gid,gid_G130R,3) Uncertain significance,G130R,1.0
STM,gid,gid_G164D,3) Uncertain significance,G164D,1.0
STM,gid,gid_G164R,3) Uncertain significance,G164R,1.0
STM,gid,gid_G192R,3) Uncertain significance,G192R,1.0
STM,gid,gid_G208E,3) Uncertain significance,G208E,1.0
STM,gid,gid_G222R,3) Uncertain significance,G222R,1.0
STM,gid,gid_G30R,3) Uncertain significance,G30R,1.0
STM,gid,gid_G34E,3) Uncertain significance,G34E,1.0
STM,gid,gid_G34V,3) Uncertain significance,G34V,1.0
STM,gid,gid_G34W,3) Uncertain significance,G34W,1.0
STM,gid,gid_G62V,3) Uncertain significance,G62V,1.0
STM,gid,gid_G69R,3) Uncertain significance,G69R,1.0
STM,gid,gid_I11N,3) Uncertain significance,I11N,1.0
STM,gid,gid_I162S,3) Uncertain significance,I162S,1.0
STM,gid,gid_I68S,3) Uncertain significance,I68S,1.0
STM,gid,gid_K163N,3) Uncertain significance,K163N,1.0
STM,gid,gid_L101V,3) Uncertain significance,L101V,1.0
STM,gid,gid_L108V,3) Uncertain significance,L108V,1.0
STM,gid,gid_L142S,3) Uncertain significance,L142S,1.0
STM,gid,gid_L26W,3) Uncertain significance,L26W,1.0
STM,gid,gid_L49V,3) Uncertain significance,L49V,1.0
STM,gid,gid_L50M,3) Uncertain significance,L50M,1.0
STM,gid,gid_L58P,3) Uncertain significance,L58P,1.0
STM,gid,gid_L59R,3) Uncertain significance,L59R,1.0
STM,gid,gid_L86H,3) Uncertain significance,L86H,1.0
STM,gid,gid_M104K,3) Uncertain significance,M104K,1.0
STM,gid,gid_M104R,3) Uncertain significance,M104R,1.0
STM,gid,gid_M150R,3) Uncertain significance,M150R,1.0
STM,gid,gid_M178I,3) Uncertain significance,M178I,1.0
STM,gid,gid_P151L,3) Uncertain significance,P151L,1.0
STM,gid,gid_P6R,3) Uncertain significance,P6R,1.0
STM,gid,gid_P75A,3) Uncertain significance,P75A,1.0
STM,gid,gid_P84T,3) Uncertain significance,P84T,1.0
STM,gid,gid_Q210H,3) Uncertain significance,Q210H,1.0
STM,gid,gid_R118L,3) Uncertain significance,R118L,1.0
STM,gid,gid_R137Q,3) Uncertain significance,R137Q,1.0
STM,gid,gid_R154W,3) Uncertain significance,R154W,1.0
STM,gid,gid_R47L,3) Uncertain significance,R47L,1.0
STM,gid,gid_R64W,3) Uncertain significance,R64W,1.0
STM,gid,gid_R83W,3) Uncertain significance,R83W,1.0
STM,gid,gid_V124L,3) Uncertain significance,V124L,1.0
STM,gid,gid_V139A,3) Uncertain significance,V139A,1.0
STM,gid,gid_V171G,3) Uncertain significance,V171G,1.0
STM,gid,gid_V177M,3) Uncertain significance,V177M,1.0
STM,gid,gid_V188A,3) Uncertain significance,V188A,1.0
STM,gid,gid_V66G,3) Uncertain significance,V66G,1.0
STM,gid,gid_V66M,3) Uncertain significance,V66M,1.0
STM,gid,gid_Y22H,3) Uncertain significance,Y22H,1.0
STM,gid,gid_Y22N,3) Uncertain significance,Y22N,1.0
STM,rpsL,rpsL_E122K,3) Uncertain significance,E122K,1.0
STM,rpsL,rpsL_G106C,3) Uncertain significance,G106C,1.0
STM,rpsL,rpsL_G71D,3) Uncertain significance,G71D,1.0
STM,rpsL,rpsL_K43M,3) Uncertain significance,K43M,1.0
STM,rpsL,rpsL_K43N,3) Uncertain significance,K43N,1.0
STM,rpsL,rpsL_P91S,3) Uncertain significance,P91S,1.0
STM,rpsL,rpsL_T64M,3) Uncertain significance,T64M,1.0
STM,rpsL,rpsL_V107A,3) Uncertain significance,V107A,1.0
STM,rpsL,rpsL_V55M,3) Uncertain significance,V55M,1.0
STM,gid,gid_A183E,3) Uncertain significance,A183E,0.5
STM,gid,gid_A19T,3) Uncertain significance,A19T,0.5
STM,gid,gid_A53D,3) Uncertain significance,A53D,0.5
STM,gid,gid_G34A,3) Uncertain significance,G34A,0.5
STM,gid,gid_G76R,3) Uncertain significance,G76R,0.5
STM,gid,gid_H48D,3) Uncertain significance,H48D,0.5
STM,gid,gid_H48R,3) Uncertain significance,H48R,0.5
STM,gid,gid_L142W,3) Uncertain significance,L142W,0.5
STM,gid,gid_L152S,3) Uncertain significance,L152S,0.5
STM,gid,gid_L49P,3) Uncertain significance,L49P,0.5
STM,gid,gid_L50P,3) Uncertain significance,L50P,0.5
STM,gid,gid_L86R,3) Uncertain significance,L86R,0.5
STM,gid,gid_L94R,3) Uncertain significance,L94R,0.5
STM,gid,gid_P6L,3) Uncertain significance,P6L,0.5
STM,gid,gid_R137L,3) Uncertain significance,R137L,0.5
STM,gid,gid_R83P,3) Uncertain significance,R83P,0.5
STM,gid,gid_T146K,3) Uncertain significance,T146K,0.5
STM,gid,gid_V203L,3) Uncertain significance,V203L,0.5
STM,gid,gid_V36A,3) Uncertain significance,V36A,0.5
STM,gid,gid_V36G,3) Uncertain significance,V36G,0.5
STM,gid,gid_V88G,3) Uncertain significance,V88G,0.5
STM,gid,gid_W148C,3) Uncertain significance,W148C,0.5
STM,gid,gid_W45R,3) Uncertain significance,W45R,0.5
STM,gid,gid_W45S,3) Uncertain significance,W45S,0.5
STM,rpsL,rpsL_K43T,3) Uncertain significance,K43T,0.5
STM,gid,gid_A19P,3) Uncertain significance,A19P,0.3333333333333333
STM,gid,gid_E170D,3) Uncertain significance,E170D,0.3333333333333333
STM,gid,gid_G109A,3) Uncertain significance,G109A,0.3333333333333333
STM,gid,gid_G164C,3) Uncertain significance,G164C,0.3333333333333333
STM,gid,gid_G34R,3) Uncertain significance,G34R,0.3333333333333333
STM,gid,gid_G71E,3) Uncertain significance,G71E,0.3333333333333333
STM,gid,gid_L101F,3) Uncertain significance,L101F,0.3333333333333333
STM,gid,gid_L79F,3) Uncertain significance,L79F,0.3333333333333333
STM,gid,gid_R21P,3) Uncertain significance,R21P,0.3333333333333333
STM,gid,gid_W148L,3) Uncertain significance,W148L,0.3333333333333333
STM,rpsL,rpsL_E70A,3) Uncertain significance,E70A,0.3333333333333333
STM,rpsL,rpsL_S17N,3) Uncertain significance,S17N,0.3333333333333333
STM,gid,gid_A8V,3) Uncertain significance,A8V,0.25
STM,gid,gid_G164V,3) Uncertain significance,G164V,0.25
STM,gid,gid_G28E,3) Uncertain significance,G28E,0.25
STM,gid,gid_L26S,3) Uncertain significance,L26S,0.25
STM,gid,gid_R116W,3) Uncertain significance,R116W,0.25
STM,gid,gid_R96H,3) Uncertain significance,R96H,0.25
STM,gid,gid_T98P,3) Uncertain significance,T98P,0.25
STM,gid,gid_V124G,3) Uncertain significance,V124G,0.25
STM,gid,gid_V88A,3) Uncertain significance,V88A,0.25
STM,gid,gid_G37A,3) Uncertain significance,G37A,0.2
STM,gid,gid_L108R,3) Uncertain significance,L108R,0.2
STM,gid,gid_L86F,3) Uncertain significance,L86F,0.2
STM,gid,gid_A161G,3) Uncertain significance,A161G,0.14285714285714285
STM,gid,gid_L58F,3) Uncertain significance,L58F,0.125
STM,gid,gid_N51K,3) Uncertain significance,N51K,0.125
STM,gid,gid_A119V,3) Uncertain significance,A119V,0.0
STM,gid,gid_A133G,3) Uncertain significance,A133G,0.0
STM,gid,gid_A140V,3) Uncertain significance,A140V,0.0
STM,gid,gid_A141T,3) Uncertain significance,A141T,0.0
STM,gid,gid_A161P,3) Uncertain significance,A161P,0.0
STM,gid,gid_A180G,3) Uncertain significance,A180G,0.0
STM,gid,gid_A183T,3) Uncertain significance,A183T,0.0
STM,gid,gid_A183V,3) Uncertain significance,A183V,0.0
STM,gid,gid_A193G,3) Uncertain significance,A193G,0.0
STM,gid,gid_A193P,3) Uncertain significance,A193P,0.0
STM,gid,gid_A19S,3) Uncertain significance,A19S,0.0
STM,gid,gid_A219V,3) Uncertain significance,A219V,0.0
STM,gid,gid_A23P,3) Uncertain significance,A23P,0.0
STM,gid,gid_A25G,3) Uncertain significance,A25G,0.0
STM,gid,gid_A25P,3) Uncertain significance,A25P,0.0
STM,gid,gid_A25V,3) Uncertain significance,A25V,0.0
STM,gid,gid_A82E,3) Uncertain significance,A82E,0.0
STM,gid,gid_A8E,3) Uncertain significance,A8E,0.0
STM,gid,gid_C191Y,3) Uncertain significance,C191Y,0.0
STM,gid,gid_C52W,3) Uncertain significance,C52W,0.0
STM,gid,gid_D107H,3) Uncertain significance,D107H,0.0
STM,gid,gid_D169G,3) Uncertain significance,D169G,0.0
STM,gid,gid_D169H,3) Uncertain significance,D169H,0.0
STM,gid,gid_D67E,3) Uncertain significance,D67E,0.0
STM,gid,gid_E120A,3) Uncertain significance,E120A,0.0
STM,gid,gid_E57Q,3) Uncertain significance,E57Q,0.0
STM,gid,gid_E92Q,3) Uncertain significance,E92Q,0.0
STM,gid,gid_F204S,3) Uncertain significance,F204S,0.0
STM,gid,gid_G109D,3) Uncertain significance,G109D,0.0
STM,gid,gid_G182C,3) Uncertain significance,G182C,0.0
STM,gid,gid_G214R,3) Uncertain significance,G214R,0.0
STM,gid,gid_G221R,3) Uncertain significance,G221R,0.0
STM,gid,gid_G28V,3) Uncertain significance,G28V,0.0
STM,gid,gid_G30V,3) Uncertain significance,G30V,0.0
STM,gid,gid_G42V,3) Uncertain significance,G42V,0.0
STM,gid,gid_G69S,3) Uncertain significance,G69S,0.0
STM,gid,gid_G73W,3) Uncertain significance,G73W,0.0
STM,gid,gid_H168D,3) Uncertain significance,H168D,0.0
STM,gid,gid_H174Y,3) Uncertain significance,H174Y,0.0
STM,gid,gid_I11T,3) Uncertain significance,I11T,0.0
STM,gid,gid_I179S,3) Uncertain significance,I179S,0.0
STM,gid,gid_I55V,3) Uncertain significance,I55V,0.0
STM,gid,gid_I68F,3) Uncertain significance,I68F,0.0
STM,gid,gid_K163E,3) Uncertain significance,K163E,0.0
STM,gid,gid_L101P,3) Uncertain significance,L101P,0.0
STM,gid,gid_L160F,3) Uncertain significance,L160F,0.0
STM,gid,gid_L160V,3) Uncertain significance,L160V,0.0
STM,gid,gid_L16P,3) Uncertain significance,L16P,0.0
STM,gid,gid_L35M,3) Uncertain significance,L35M,0.0
STM,gid,gid_L44R,3) Uncertain significance,L44R,0.0
STM,gid,gid_L74F,3) Uncertain significance,L74F,0.0
STM,gid,gid_L91I,3) Uncertain significance,L91I,0.0
STM,gid,gid_L95V,3) Uncertain significance,L95V,0.0
STM,gid,gid_M150T,3) Uncertain significance,M150T,0.0
STM,gid,gid_M218V,3) Uncertain significance,M218V,0.0
STM,gid,gid_P151S,3) Uncertain significance,P151S,0.0
STM,gid,gid_P198L,3) Uncertain significance,P198L,0.0
STM,gid,gid_P198R,3) Uncertain significance,P198R,0.0
STM,gid,gid_P38S,3) Uncertain significance,P38S,0.0
STM,gid,gid_P6A,3) Uncertain significance,P6A,0.0
STM,gid,gid_P6T,3) Uncertain significance,P6T,0.0
STM,gid,gid_Q127E,3) Uncertain significance,Q127E,0.0
STM,gid,gid_Q87P,3) Uncertain significance,Q87P,0.0
STM,gid,gid_R102G,3) Uncertain significance,R102G,0.0
STM,gid,gid_R118P,3) Uncertain significance,R118P,0.0
STM,gid,gid_R137G,3) Uncertain significance,R137G,0.0
STM,gid,gid_R166W,3) Uncertain significance,R166W,0.0
STM,gid,gid_R172Q,3) Uncertain significance,R172Q,0.0
STM,gid,gid_R175G,3) Uncertain significance,R175G,0.0
STM,gid,gid_R176C,3) Uncertain significance,R176C,0.0
STM,gid,gid_R187S,3) Uncertain significance,R187S,0.0
STM,gid,gid_R207H,3) Uncertain significance,R207H,0.0
STM,gid,gid_R217W,3) Uncertain significance,R217W,0.0
STM,gid,gid_R39C,3) Uncertain significance,R39C,0.0
STM,gid,gid_R64Q,3) Uncertain significance,R64Q,0.0
STM,gid,gid_R83L,3) Uncertain significance,R83L,0.0
STM,gid,gid_S131T,3) Uncertain significance,S131T,0.0
STM,gid,gid_S136A,3) Uncertain significance,S136A,0.0
STM,gid,gid_S149T,3) Uncertain significance,S149T,0.0
STM,gid,gid_S9P,3) Uncertain significance,S9P,0.0
STM,gid,gid_T146A,3) Uncertain significance,T146A,0.0
STM,gid,gid_T146M,3) Uncertain significance,T146M,0.0
STM,gid,gid_T190A,3) Uncertain significance,T190A,0.0
STM,gid,gid_T190I,3) Uncertain significance,T190I,0.0
STM,gid,gid_T190P,3) Uncertain significance,T190P,0.0
STM,gid,gid_T201N,3) Uncertain significance,T201N,0.0
STM,gid,gid_V105G,3) Uncertain significance,V105G,0.0
STM,gid,gid_V139L,3) Uncertain significance,V139L,0.0
STM,gid,gid_V171L,3) Uncertain significance,V171L,0.0
STM,gid,gid_V177L,3) Uncertain significance,V177L,0.0
STM,gid,gid_V186F,3) Uncertain significance,V186F,0.0
STM,gid,gid_V188G,3) Uncertain significance,V188G,0.0
STM,gid,gid_V203E,3) Uncertain significance,V203E,0.0
STM,gid,gid_V41A,3) Uncertain significance,V41A,0.0
STM,gid,gid_V41L,3) Uncertain significance,V41L,0.0
STM,gid,gid_V65I,3) Uncertain significance,V65I,0.0
STM,gid,gid_V89A,3) Uncertain significance,V89A,0.0
STM,gid,gid_W148R,3) Uncertain significance,W148R,0.0
STM,gid,gid_W45C,3) Uncertain significance,W45C,0.0
STM,gid,gid_Y22C,3) Uncertain significance,Y22C,0.0
STM,rpsL,rpsL_A113G,3) Uncertain significance,A113G,0.0
STM,rpsL,rpsL_D14E,3) Uncertain significance,D14E,0.0
STM,rpsL,rpsL_E76A,3) Uncertain significance,E76A,0.0
STM,rpsL,rpsL_I16T,3) Uncertain significance,I16T,0.0
STM,rpsL,rpsL_K108T,3) Uncertain significance,K108T,0.0
STM,rpsL,rpsL_K10T,3) Uncertain significance,K10T,0.0
STM,rpsL,rpsL_N73K,3) Uncertain significance,N73K,0.0
STM,rpsL,rpsL_P2R,3) Uncertain significance,P2R,0.0
STM,rpsL,rpsL_Q105E,3) Uncertain significance,Q105E,0.0
STM,rpsL,rpsL_S17R,3) Uncertain significance,S17R,0.0
STM,rpsL,rpsL_T35A,3) Uncertain significance,T35A,0.0
STM,rpsL,rpsL_T58A,3) Uncertain significance,T58A,0.0
STM,rpsL,rpsL_V63I,3) Uncertain significance,V63I,0.0
STM,gid,gid_A134T,3) Uncertain significance,A134T,0.0
STM,gid,gid_A161V,3) Uncertain significance,A161V,0.0
STM,gid,gid_A19G,3) Uncertain significance,A19G,0.0
STM,gid,gid_A80V,3) Uncertain significance,A80V,0.0
STM,gid,gid_D107G,3) Uncertain significance,D107G,0.0
STM,gid,gid_D67A,3) Uncertain significance,D67A,0.0
STM,gid,gid_E121D,3) Uncertain significance,E121D,0.0
STM,gid,gid_E173A,3) Uncertain significance,E173A,0.0
STM,gid,gid_E40A,3) Uncertain significance,E40A,0.0
STM,gid,gid_E99K,3) Uncertain significance,E99K,0.0
STM,gid,gid_F204L,3) Uncertain significance,F204L,0.0
STM,gid,gid_G69I,3) Uncertain significance,G69I,0.0
STM,gid,gid_H174R,3) Uncertain significance,H174R,0.0
STM,gid,gid_M159T,3) Uncertain significance,M159T,0.0
STM,gid,gid_P155S,3) Uncertain significance,P155S,0.0
STM,gid,gid_P3S,3) Uncertain significance,P3S,0.0
STM,gid,gid_P78Q,3) Uncertain significance,P78Q,0.0
STM,gid,gid_R15W,3) Uncertain significance,R15W,0.0
STM,gid,gid_R20G,3) Uncertain significance,R20G,0.0
STM,gid,gid_R20Q,3) Uncertain significance,R20Q,0.0
STM,gid,gid_R33P,3) Uncertain significance,R33P,0.0
STM,gid,gid_R47Q,3) Uncertain significance,R47Q,0.0
STM,gid,gid_R97C,3) Uncertain significance,R97C,0.0
STM,gid,gid_S131R,3) Uncertain significance,S131R,0.0
STM,gid,gid_S181L,3) Uncertain significance,S181L,0.0
STM,gid,gid_V112G,3) Uncertain significance,V112G,0.0
STM,gid,gid_V135M,3) Uncertain significance,V135M,0.0
STM,gid,gid_V202L,3) Uncertain significance,V202L,0.0
STM,gid,gid_V41G,3) Uncertain significance,V41G,0.0
STM,gid,gid_V65F,3) Uncertain significance,V65F,0.0
STM,gid,gid_C52R,3) Uncertain significance,C52R,0.0
STM,gid,gid_E57K,3) Uncertain significance,E57K,0.0
STM,gid,gid_G76S,3) Uncertain significance,G76S,0.0
STM,gid,gid_I81R,3) Uncertain significance,I81R,0.0
STM,rpsL,rpsL_I16V,3) Uncertain significance,I16V,0.0
STM,gid,gid_L90V,3) Uncertain significance,L90V,0.0
STM,gid,gid_P199A,3) Uncertain significance,P199A,0.0
STM,gid,gid_P78R,3) Uncertain significance,P78R,0.0
STM,gid,gid_P93Q,3) Uncertain significance,P93Q,0.0
STM,gid,gid_Q87E,3) Uncertain significance,Q87E,0.0
STM,rpsL,rpsL_G124S,3) Uncertain significance,G124S,0.0
STM,gid,gid_A167P,3) Uncertain significance,A167P,0.0
STM,gid,gid_A27P,3) Uncertain significance,A27P,0.0
STM,gid,gid_V110G,4) Not assoc w R - Interim,V110G,
STM,gid,gid_E92D,5) Not assoc w R,E92D,0.5717811600164542
STM,gid,gid_L16R,5) Not assoc w R,L16R,0.18958155422715628
STM,gid,gid_Y195H,5) Not assoc w R,Y195H,0.19653179190751446
