drug,gene,variant,Present_R,Present_S,confidence,one_letter_mutation
BDQ,Rv0678,Rv0678_A36V,2.0,0.0,3) Uncertain significance,A36V
BDQ,Rv0678,Rv0678_A99P,1.0,0.0,3) Uncertain significance,A99P
BDQ,Rv0678,Rv0678_F19S,1.0,0.0,3) Uncertain significance,F19S
BDQ,Rv0678,Rv0678_G121R,1.0,0.0,3) Uncertain significance,G121R
BDQ,Rv0678,Rv0678_I67L,1.0,0.0,3) Uncertain significance,I67L
BDQ,Rv0678,Rv0678_I67S,1.0,0.0,3) Uncertain significance,I67S
BDQ,Rv0678,Rv0678_L136P,1.0,0.0,3) Uncertain significance,L136P
BDQ,Rv0678,Rv0678_L40F,1.0,0.0,3) Uncertain significance,L40F
BDQ,Rv0678,Rv0678_L40M,1.0,0.0,3) Uncertain significance,L40M
BDQ,Rv0678,Rv0678_R109P,1.0,0.0,3) Uncertain significance,R109P
BDQ,Rv0678,Rv0678_S68N,1.0,0.0,3) Uncertain significance,S68N
BDQ,Rv0678,Rv0678_I108V,1.0,1.0,3) Uncertain significance,I108V
BDQ,Rv0678,Rv0678_P48L,1.0,1.0,3) Uncertain significance,P48L
BDQ,atpE,atpE_E61D,1.0,2.0,3) Uncertain significance,E61D
BDQ,Rv0678,Rv0678_Q51R,1.0,2.0,3) Uncertain significance,Q51R
BDQ,Rv0678,Rv0678_R90C,1.0,6.0,3) Uncertain significance,R90C
BDQ,atpE,atpE_A18S,0.0,1.0,3) Uncertain significance,A18S
BDQ,atpE,atpE_A45V,0.0,1.0,3) Uncertain significance,A45V
BDQ,atpE,atpE_A62T,0.0,1.0,3) Uncertain significance,A62T
BDQ,atpE,atpE_G12S,0.0,1.0,3) Uncertain significance,G12S
BDQ,atpE,atpE_S37A,0.0,1.0,3) Uncertain significance,S37A
BDQ,atpE,atpE_T51I,0.0,1.0,3) Uncertain significance,T51I
BDQ,atpE,atpE_V39I,0.0,1.0,3) Uncertain significance,V39I
BDQ,pepQ,pepQ_A137S,0.0,1.0,3) Uncertain significance,A137S
BDQ,pepQ,pepQ_A153G,0.0,1.0,3) Uncertain significance,A153G
BDQ,pepQ,pepQ_A263V,0.0,1.0,3) Uncertain significance,A263V
BDQ,pepQ,pepQ_A370V,0.0,1.0,3) Uncertain significance,A370V
BDQ,pepQ,pepQ_D108N,0.0,1.0,3) Uncertain significance,D108N
BDQ,pepQ,pepQ_D209E,0.0,1.0,3) Uncertain significance,D209E
BDQ,pepQ,pepQ_D26A,0.0,1.0,3) Uncertain significance,D26A
BDQ,pepQ,pepQ_D26G,0.0,1.0,3) Uncertain significance,D26G
BDQ,pepQ,pepQ_E177D,0.0,1.0,3) Uncertain significance,E177D
BDQ,pepQ,pepQ_E89D,0.0,1.0,3) Uncertain significance,E89D
BDQ,pepQ,pepQ_G85C,0.0,1.0,3) Uncertain significance,G85C
BDQ,pepQ,pepQ_I24T,0.0,1.0,3) Uncertain significance,I24T
BDQ,pepQ,pepQ_I28R,0.0,1.0,3) Uncertain significance,I28R
BDQ,pepQ,pepQ_K94N,0.0,1.0,3) Uncertain significance,K94N
BDQ,pepQ,pepQ_L107R,0.0,1.0,3) Uncertain significance,L107R
BDQ,pepQ,pepQ_M180T,0.0,1.0,3) Uncertain significance,M180T
BDQ,pepQ,pepQ_M180V,0.0,1.0,3) Uncertain significance,M180V
BDQ,pepQ,pepQ_N118D,0.0,1.0,3) Uncertain significance,N118D
BDQ,pepQ,pepQ_P165Q,0.0,1.0,3) Uncertain significance,P165Q
BDQ,pepQ,pepQ_R170W,0.0,1.0,3) Uncertain significance,R170W
BDQ,pepQ,pepQ_S130L,0.0,1.0,3) Uncertain significance,S130L
BDQ,pepQ,pepQ_S66L,0.0,1.0,3) Uncertain significance,S66L
BDQ,pepQ,pepQ_S99R,0.0,1.0,3) Uncertain significance,S99R
BDQ,pepQ,pepQ_T354A,0.0,1.0,3) Uncertain significance,T354A
BDQ,pepQ,pepQ_V101L,0.0,1.0,3) Uncertain significance,V101L
BDQ,pepQ,pepQ_V1M,0.0,1.0,3) Uncertain significance,V1M
BDQ,pepQ,pepQ_V324M,0.0,1.0,3) Uncertain significance,V324M
BDQ,pepQ,pepQ_V343A,0.0,1.0,3) Uncertain significance,V343A
BDQ,Rv0678,Rv0678_A101E,0.0,1.0,3) Uncertain significance,A101E
BDQ,Rv0678,Rv0678_A59V,0.0,1.0,3) Uncertain significance,A59V
BDQ,Rv0678,Rv0678_A62T,0.0,1.0,3) Uncertain significance,A62T
BDQ,Rv0678,Rv0678_C46G,0.0,1.0,3) Uncertain significance,C46G
BDQ,Rv0678,Rv0678_C46R,0.0,1.0,3) Uncertain significance,C46R
BDQ,Rv0678,Rv0678_D5G,0.0,1.0,3) Uncertain significance,D5G
BDQ,Rv0678,Rv0678_D8G,0.0,1.0,3) Uncertain significance,D8G
BDQ,Rv0678,Rv0678_E104G,0.0,1.0,3) Uncertain significance,E104G
BDQ,Rv0678,Rv0678_E113K,0.0,1.0,3) Uncertain significance,E113K
BDQ,Rv0678,Rv0678_E21K,0.0,1.0,3) Uncertain significance,E21K
BDQ,Rv0678,Rv0678_G25C,0.0,1.0,3) Uncertain significance,G25C
BDQ,Rv0678,Rv0678_G87R,0.0,1.0,3) Uncertain significance,G87R
BDQ,Rv0678,Rv0678_I80M,0.0,1.0,3) Uncertain significance,I80M
BDQ,Rv0678,Rv0678_I80S,0.0,1.0,3) Uncertain significance,I80S
BDQ,Rv0678,Rv0678_L32S,0.0,1.0,3) Uncertain significance,L32S
BDQ,Rv0678,Rv0678_L40S,0.0,1.0,3) Uncertain significance,L40S
BDQ,Rv0678,Rv0678_L74M,0.0,1.0,3) Uncertain significance,L74M
BDQ,Rv0678,Rv0678_L74V,0.0,1.0,3) Uncertain significance,L74V
BDQ,Rv0678,Rv0678_L83P,0.0,1.0,3) Uncertain significance,L83P
BDQ,Rv0678,Rv0678_M10I,0.0,1.0,3) Uncertain significance,M10I
BDQ,Rv0678,Rv0678_M17V,0.0,1.0,3) Uncertain significance,M17V
BDQ,Rv0678,Rv0678_N70D,0.0,1.0,3) Uncertain significance,N70D
BDQ,Rv0678,Rv0678_P14L,0.0,1.0,3) Uncertain significance,P14L
BDQ,Rv0678,Rv0678_P14S,0.0,1.0,3) Uncertain significance,P14S
BDQ,Rv0678,Rv0678_Q22R,0.0,1.0,3) Uncertain significance,Q22R
BDQ,Rv0678,Rv0678_Q51K,0.0,1.0,3) Uncertain significance,Q51K
BDQ,Rv0678,Rv0678_R107C,0.0,1.0,3) Uncertain significance,R107C
BDQ,Rv0678,Rv0678_R109Q,0.0,1.0,3) Uncertain significance,R109Q
BDQ,Rv0678,Rv0678_R156Q,0.0,1.0,3) Uncertain significance,R156Q
BDQ,Rv0678,Rv0678_R50Q,0.0,1.0,3) Uncertain significance,R50Q
BDQ,Rv0678,Rv0678_R72W,0.0,1.0,3) Uncertain significance,R72W
BDQ,Rv0678,Rv0678_R94W,0.0,1.0,3) Uncertain significance,R94W
BDQ,Rv0678,Rv0678_R96G,0.0,1.0,3) Uncertain significance,R96G
BDQ,Rv0678,Rv0678_R96L,0.0,1.0,3) Uncertain significance,R96L
BDQ,Rv0678,Rv0678_R96W,0.0,1.0,3) Uncertain significance,R96W
BDQ,Rv0678,Rv0678_S158R,0.0,1.0,3) Uncertain significance,S158R
BDQ,Rv0678,Rv0678_S2I,0.0,1.0,3) Uncertain significance,S2I
BDQ,Rv0678,Rv0678_S52P,0.0,1.0,3) Uncertain significance,S52P
BDQ,Rv0678,Rv0678_S68G,0.0,1.0,3) Uncertain significance,S68G
BDQ,Rv0678,Rv0678_S68I,0.0,1.0,3) Uncertain significance,S68I
BDQ,Rv0678,Rv0678_T58P,0.0,1.0,3) Uncertain significance,T58P
BDQ,Rv0678,Rv0678_V20A,0.0,1.0,3) Uncertain significance,V20A
BDQ,Rv0678,Rv0678_V85A,0.0,1.0,3) Uncertain significance,V85A
BDQ,Rv0678,Rv0678_W42R,0.0,1.0,3) Uncertain significance,W42R
BDQ,Rv0678,Rv0678_Y26C,0.0,1.0,3) Uncertain significance,Y26C
BDQ,pepQ,pepQ_A305V,0.0,2.0,3) Uncertain significance,A305V
BDQ,pepQ,pepQ_T341A,0.0,2.0,3) Uncertain significance,T341A
BDQ,pepQ,pepQ_V104L,0.0,2.0,3) Uncertain significance,V104L
BDQ,Rv0678,Rv0678_G103S,0.0,2.0,3) Uncertain significance,G103S
BDQ,Rv0678,Rv0678_G162E,0.0,2.0,3) Uncertain significance,G162E
BDQ,Rv0678,Rv0678_I108T,0.0,2.0,3) Uncertain significance,I108T
BDQ,Rv0678,Rv0678_M139I,0.0,2.0,3) Uncertain significance,M139I
BDQ,Rv0678,Rv0678_M23V,0.0,2.0,3) Uncertain significance,M23V
BDQ,Rv0678,Rv0678_N4T,0.0,2.0,3) Uncertain significance,N4T
BDQ,Rv0678,Rv0678_Q76E,0.0,2.0,3) Uncertain significance,Q76E
BDQ,pepQ,pepQ_A124V,0.0,3.0,3) Uncertain significance,A124V
BDQ,pepQ,pepQ_A187E,0.0,3.0,3) Uncertain significance,A187E
BDQ,pepQ,pepQ_A242T,0.0,3.0,3) Uncertain significance,A242T
BDQ,pepQ,pepQ_I193T,0.0,3.0,3) Uncertain significance,I193T
BDQ,pepQ,pepQ_V328F,0.0,3.0,3) Uncertain significance,V328F
BDQ,Rv0678,Rv0678_L117R,0.0,3.0,3) Uncertain significance,L117R
BDQ,Rv0678,Rv0678_S2R,0.0,3.0,3) Uncertain significance,S2R
BDQ,pepQ,pepQ_R7Q,0.0,4.0,3) Uncertain significance,R7Q
BDQ,Rv0678,Rv0678_N98D,0.0,5.0,3) Uncertain significance,N98D
BDQ,pepQ,pepQ_P69L,0.0,6.0,3) Uncertain significance,P69L
BDQ,Rv0678,Rv0678_E55D,0.0,9.0,3) Uncertain significance,E55D
BDQ,Rv0678,Rv0678_L40V,0.0,11.0,3) Uncertain significance,L40V
BDQ,Rv0678,Rv0678_M146T,0.0,11.0,3) Uncertain significance,M146T
BDQ,pepQ,pepQ_V45L,0.0,15.0,3) Uncertain significance,V45L
BDQ,pepQ,pepQ_F46L,0.0,16.0,3) Uncertain significance,F46L
BDQ,pepQ,pepQ_G197R,0.0,28.0,3) Uncertain significance,G197R
CAP,tlyA,tlyA_N236K,17.0,0.0,1) Assoc w R,N236K
CAP,tlyA,tlyA_L74P,6.0,0.0,1) Assoc w R,L74P
CAP,tlyA,tlyA_G232D,16.0,2.0,2) Assoc w R - Interim,G232D
CAP,tlyA,tlyA_L150P,2.0,0.0,3) Uncertain significance,L150P
CAP,tlyA,tlyA_L218M,2.0,2.0,3) Uncertain significance,L218M
CAP,tlyA,tlyA_S228R,2.0,2.0,3) Uncertain significance,S228R
CAP,tlyA,tlyA_C86R,1.0,0.0,3) Uncertain significance,C86R
CAP,tlyA,tlyA_D154A,1.0,0.0,3) Uncertain significance,D154A
CAP,tlyA,tlyA_D154G,1.0,0.0,3) Uncertain significance,D154G
CAP,tlyA,tlyA_G95E,1.0,0.0,3) Uncertain significance,G95E
CAP,tlyA,tlyA_L155R,1.0,0.0,3) Uncertain significance,L155R
CAP,tlyA,tlyA_L180R,1.0,0.0,3) Uncertain significance,L180R
CAP,tlyA,tlyA_R123P,1.0,0.0,3) Uncertain significance,R123P
CAP,tlyA,tlyA_R244P,1.0,0.0,3) Uncertain significance,R244P
CAP,tlyA,tlyA_V178A,1.0,0.0,3) Uncertain significance,V178A
CAP,tlyA,tlyA_V1A,1.0,0.0,3) Uncertain significance,V1A
CAP,tlyA,tlyA_P179A,1.0,2.0,3) Uncertain significance,P179A
CAP,tlyA,tlyA_A212V,0.0,1.0,3) Uncertain significance,A212V
CAP,tlyA,tlyA_A250T,0.0,1.0,3) Uncertain significance,A250T
CAP,tlyA,tlyA_A259T,0.0,1.0,3) Uncertain significance,A259T
CAP,tlyA,tlyA_A5T,0.0,1.0,3) Uncertain significance,A5T
CAP,tlyA,tlyA_C86G,0.0,1.0,3) Uncertain significance,C86G
CAP,tlyA,tlyA_D248C,0.0,1.0,3) Uncertain significance,D248C
CAP,tlyA,tlyA_D57G,0.0,1.0,3) Uncertain significance,D57G
CAP,tlyA,tlyA_E132A,0.0,1.0,3) Uncertain significance,E132A
CAP,tlyA,tlyA_E132G,0.0,1.0,3) Uncertain significance,E132G
CAP,tlyA,tlyA_E132Q,0.0,1.0,3) Uncertain significance,E132Q
CAP,tlyA,tlyA_E238K,0.0,1.0,3) Uncertain significance,E238K
CAP,tlyA,tlyA_G116S,0.0,1.0,3) Uncertain significance,G116S
CAP,tlyA,tlyA_G145N,0.0,1.0,3) Uncertain significance,G145N
CAP,tlyA,tlyA_G188E,0.0,1.0,3) Uncertain significance,G188E
CAP,tlyA,tlyA_G190R,0.0,1.0,3) Uncertain significance,G190R
CAP,tlyA,tlyA_G235D,0.0,1.0,3) Uncertain significance,G235D
CAP,tlyA,tlyA_I177T,0.0,1.0,3) Uncertain significance,I177T
CAP,tlyA,tlyA_I34T,0.0,1.0,3) Uncertain significance,I34T
CAP,tlyA,tlyA_K69E,0.0,1.0,3) Uncertain significance,K69E
CAP,tlyA,tlyA_L160W,0.0,1.0,3) Uncertain significance,L160W
CAP,tlyA,tlyA_L164S,0.0,1.0,3) Uncertain significance,L164S
CAP,tlyA,tlyA_L87P,0.0,1.0,3) Uncertain significance,L87P
CAP,tlyA,tlyA_P229R,0.0,1.0,3) Uncertain significance,P229R
CAP,tlyA,tlyA_P233S,0.0,1.0,3) Uncertain significance,P233S
CAP,tlyA,tlyA_Q191H,0.0,1.0,3) Uncertain significance,Q191H
CAP,tlyA,tlyA_R20H,0.0,1.0,3) Uncertain significance,R20H
CAP,tlyA,tlyA_R249Q,0.0,1.0,3) Uncertain significance,R249Q
CAP,tlyA,tlyA_R3P,0.0,1.0,3) Uncertain significance,R3P
CAP,tlyA,tlyA_S156A,0.0,1.0,3) Uncertain significance,S156A
CAP,tlyA,tlyA_S252L,0.0,1.0,3) Uncertain significance,S252L
CAP,tlyA,tlyA_T134I,0.0,1.0,3) Uncertain significance,T134I
CAP,tlyA,tlyA_V108A,0.0,1.0,3) Uncertain significance,V108A
CAP,tlyA,tlyA_V151I,0.0,1.0,3) Uncertain significance,V151I
CAP,tlyA,tlyA_V198G,0.0,1.0,3) Uncertain significance,V198G
CAP,tlyA,tlyA_V32L,0.0,1.0,3) Uncertain significance,V32L
CAP,tlyA,tlyA_V7F,0.0,1.0,3) Uncertain significance,V7F
CAP,tlyA,tlyA_V99I,0.0,1.0,3) Uncertain significance,V99I
CAP,tlyA,tlyA_A166V,0.0,2.0,3) Uncertain significance,A166V
CAP,tlyA,tlyA_A5V,0.0,2.0,3) Uncertain significance,A5V
CAP,tlyA,tlyA_F240L,0.0,2.0,3) Uncertain significance,F240L
CAP,tlyA,tlyA_D35G,0.0,3.0,3) Uncertain significance,D35G
CAP,tlyA,tlyA_P179S,0.0,3.0,3) Uncertain significance,P179S
CAP,tlyA,tlyA_A29V,0.0,4.0,3) Uncertain significance,A29V
CAP,tlyA,tlyA_H68R,0.0,14.0,3) Uncertain significance,H68R
CFZ,Rv0678,Rv0678_A62T,1.0,0.0,3) Uncertain significance,A62T
CFZ,Rv0678,Rv0678_A99P,1.0,0.0,3) Uncertain significance,A99P
CFZ,Rv0678,Rv0678_C46G,1.0,0.0,3) Uncertain significance,C46G
CFZ,Rv0678,Rv0678_G103S,1.0,0.0,3) Uncertain significance,G103S
CFZ,Rv0678,Rv0678_L136P,1.0,0.0,3) Uncertain significance,L136P
CFZ,Rv0678,Rv0678_L83P,1.0,0.0,3) Uncertain significance,L83P
CFZ,Rv0678,Rv0678_P14S,1.0,0.0,3) Uncertain significance,P14S
CFZ,Rv0678,Rv0678_Q51R,1.0,0.0,3) Uncertain significance,Q51R
CFZ,Rv0678,Rv0678_Y26C,1.0,0.0,3) Uncertain significance,Y26C
CFZ,Rv0678,Rv0678_I108V,1.0,1.0,3) Uncertain significance,I108V
CFZ,Rv0678,Rv0678_L117R,1.0,4.0,3) Uncertain significance,L117R
CFZ,Rv0678,Rv0678_R90C,1.0,7.0,3) Uncertain significance,R90C
CFZ,Rv0678,Rv0678_M146T,1.0,11.0,3) Uncertain significance,M146T
CFZ,pepQ,pepQ_V45L,1.0,12.0,3) Uncertain significance,V45L
CFZ,pepQ,pepQ_A137S,0.0,1.0,3) Uncertain significance,A137S
CFZ,pepQ,pepQ_A153G,0.0,1.0,3) Uncertain significance,A153G
CFZ,pepQ,pepQ_A16G,0.0,1.0,3) Uncertain significance,A16G
CFZ,pepQ,pepQ_A263V,0.0,1.0,3) Uncertain significance,A263V
CFZ,pepQ,pepQ_A305V,0.0,1.0,3) Uncertain significance,A305V
CFZ,pepQ,pepQ_A370V,0.0,1.0,3) Uncertain significance,A370V
CFZ,pepQ,pepQ_A90V,0.0,1.0,3) Uncertain significance,A90V
CFZ,pepQ,pepQ_D108N,0.0,1.0,3) Uncertain significance,D108N
CFZ,pepQ,pepQ_D209E,0.0,1.0,3) Uncertain significance,D209E
CFZ,pepQ,pepQ_D26G,0.0,1.0,3) Uncertain significance,D26G
CFZ,pepQ,pepQ_E177D,0.0,1.0,3) Uncertain significance,E177D
CFZ,pepQ,pepQ_E76D,0.0,1.0,3) Uncertain significance,E76D
CFZ,pepQ,pepQ_G112D,0.0,1.0,3) Uncertain significance,G112D
CFZ,pepQ,pepQ_G291S,0.0,1.0,3) Uncertain significance,G291S
CFZ,pepQ,pepQ_I24T,0.0,1.0,3) Uncertain significance,I24T
CFZ,pepQ,pepQ_I28R,0.0,1.0,3) Uncertain significance,I28R
CFZ,pepQ,pepQ_K350E,0.0,1.0,3) Uncertain significance,K350E
CFZ,pepQ,pepQ_L107R,0.0,1.0,3) Uncertain significance,L107R
CFZ,pepQ,pepQ_L179P,0.0,1.0,3) Uncertain significance,L179P
CFZ,pepQ,pepQ_M180T,0.0,1.0,3) Uncertain significance,M180T
CFZ,pepQ,pepQ_M180V,0.0,1.0,3) Uncertain significance,M180V
CFZ,pepQ,pepQ_N118D,0.0,1.0,3) Uncertain significance,N118D
CFZ,pepQ,pepQ_P165Q,0.0,1.0,3) Uncertain significance,P165Q
CFZ,pepQ,pepQ_P266S,0.0,1.0,3) Uncertain significance,P266S
CFZ,pepQ,pepQ_R170W,0.0,1.0,3) Uncertain significance,R170W
CFZ,pepQ,pepQ_R61C,0.0,1.0,3) Uncertain significance,R61C
CFZ,pepQ,pepQ_S130L,0.0,1.0,3) Uncertain significance,S130L
CFZ,pepQ,pepQ_S66L,0.0,1.0,3) Uncertain significance,S66L
CFZ,pepQ,pepQ_S99R,0.0,1.0,3) Uncertain significance,S99R
CFZ,pepQ,pepQ_T354A,0.0,1.0,3) Uncertain significance,T354A
CFZ,pepQ,pepQ_V101L,0.0,1.0,3) Uncertain significance,V101L
CFZ,pepQ,pepQ_V30L,0.0,1.0,3) Uncertain significance,V30L
CFZ,pepQ,pepQ_V324M,0.0,1.0,3) Uncertain significance,V324M
CFZ,pepQ,pepQ_V328F,0.0,1.0,3) Uncertain significance,V328F
CFZ,pepQ,pepQ_V343A,0.0,1.0,3) Uncertain significance,V343A
CFZ,pepQ,pepQ_V53M,0.0,1.0,3) Uncertain significance,V53M
CFZ,Rv0678,Rv0678_A101E,0.0,1.0,3) Uncertain significance,A101E
CFZ,Rv0678,Rv0678_A124P,0.0,1.0,3) Uncertain significance,A124P
CFZ,Rv0678,Rv0678_A36V,0.0,1.0,3) Uncertain significance,A36V
CFZ,Rv0678,Rv0678_A59V,0.0,1.0,3) Uncertain significance,A59V
CFZ,Rv0678,Rv0678_A84V,0.0,1.0,3) Uncertain significance,A84V
CFZ,Rv0678,Rv0678_E104G,0.0,1.0,3) Uncertain significance,E104G
CFZ,Rv0678,Rv0678_E113K,0.0,1.0,3) Uncertain significance,E113K
CFZ,Rv0678,Rv0678_E21K,0.0,1.0,3) Uncertain significance,E21K
CFZ,Rv0678,Rv0678_E54K,0.0,1.0,3) Uncertain significance,E54K
CFZ,Rv0678,Rv0678_F93L,0.0,1.0,3) Uncertain significance,F93L
CFZ,Rv0678,Rv0678_G25C,0.0,1.0,3) Uncertain significance,G25C
CFZ,Rv0678,Rv0678_G87R,0.0,1.0,3) Uncertain significance,G87R
CFZ,Rv0678,Rv0678_I67L,0.0,1.0,3) Uncertain significance,I67L
CFZ,Rv0678,Rv0678_I67S,0.0,1.0,3) Uncertain significance,I67S
CFZ,Rv0678,Rv0678_I75V,0.0,1.0,3) Uncertain significance,I75V
CFZ,Rv0678,Rv0678_I80M,0.0,1.0,3) Uncertain significance,I80M
CFZ,Rv0678,Rv0678_I80S,0.0,1.0,3) Uncertain significance,I80S
CFZ,Rv0678,Rv0678_L40S,0.0,1.0,3) Uncertain significance,L40S
CFZ,Rv0678,Rv0678_L74V,0.0,1.0,3) Uncertain significance,L74V
CFZ,Rv0678,Rv0678_L83F,0.0,1.0,3) Uncertain significance,L83F
CFZ,Rv0678,Rv0678_M111T,0.0,1.0,3) Uncertain significance,M111T
CFZ,Rv0678,Rv0678_M17V,0.0,1.0,3) Uncertain significance,M17V
CFZ,Rv0678,Rv0678_M73I,0.0,1.0,3) Uncertain significance,M73I
CFZ,Rv0678,Rv0678_P14L,0.0,1.0,3) Uncertain significance,P14L
CFZ,Rv0678,Rv0678_P48L,0.0,1.0,3) Uncertain significance,P48L
CFZ,Rv0678,Rv0678_Q22R,0.0,1.0,3) Uncertain significance,Q22R
CFZ,Rv0678,Rv0678_Q51K,0.0,1.0,3) Uncertain significance,Q51K
CFZ,Rv0678,Rv0678_R109Q,0.0,1.0,3) Uncertain significance,R109Q
CFZ,Rv0678,Rv0678_R156Q,0.0,1.0,3) Uncertain significance,R156Q
CFZ,Rv0678,Rv0678_R72Q,0.0,1.0,3) Uncertain significance,R72Q
CFZ,Rv0678,Rv0678_R72W,0.0,1.0,3) Uncertain significance,R72W
CFZ,Rv0678,Rv0678_R94W,0.0,1.0,3) Uncertain significance,R94W
CFZ,Rv0678,Rv0678_R96G,0.0,1.0,3) Uncertain significance,R96G
CFZ,Rv0678,Rv0678_R96W,0.0,1.0,3) Uncertain significance,R96W
CFZ,Rv0678,Rv0678_S2I,0.0,1.0,3) Uncertain significance,S2I
CFZ,Rv0678,Rv0678_S52P,0.0,1.0,3) Uncertain significance,S52P
CFZ,Rv0678,Rv0678_S68G,0.0,1.0,3) Uncertain significance,S68G
CFZ,Rv0678,Rv0678_T58K,0.0,1.0,3) Uncertain significance,T58K
CFZ,Rv0678,Rv0678_V1L,0.0,1.0,3) Uncertain significance,V1L
CFZ,Rv0678,Rv0678_V20A,0.0,1.0,3) Uncertain significance,V20A
CFZ,Rv0678,Rv0678_V85A,0.0,1.0,3) Uncertain significance,V85A
CFZ,Rv0678,Rv0678_W42C,0.0,1.0,3) Uncertain significance,W42C
CFZ,Rv0678,Rv0678_W42R,0.0,1.0,3) Uncertain significance,W42R
CFZ,pepQ,pepQ_A242T,0.0,2.0,3) Uncertain significance,A242T
CFZ,pepQ,pepQ_A254T,0.0,2.0,3) Uncertain significance,A254T
CFZ,pepQ,pepQ_I193T,0.0,2.0,3) Uncertain significance,I193T
CFZ,pepQ,pepQ_T341A,0.0,2.0,3) Uncertain significance,T341A
CFZ,pepQ,pepQ_V104L,0.0,2.0,3) Uncertain significance,V104L
CFZ,pepQ,pepQ_V298I,0.0,2.0,3) Uncertain significance,V298I
CFZ,Rv0678,Rv0678_I108T,0.0,2.0,3) Uncertain significance,I108T
CFZ,Rv0678,Rv0678_L32S,0.0,2.0,3) Uncertain significance,L32S
CFZ,Rv0678,Rv0678_M139I,0.0,2.0,3) Uncertain significance,M139I
CFZ,Rv0678,Rv0678_M23V,0.0,2.0,3) Uncertain significance,M23V
CFZ,Rv0678,Rv0678_N148H,0.0,2.0,3) Uncertain significance,N148H
CFZ,Rv0678,Rv0678_S158R,0.0,2.0,3) Uncertain significance,S158R
CFZ,pepQ,pepQ_A124V,0.0,3.0,3) Uncertain significance,A124V
CFZ,pepQ,pepQ_A187E,0.0,3.0,3) Uncertain significance,A187E
CFZ,Rv0678,Rv0678_A84T,0.0,3.0,3) Uncertain significance,A84T
CFZ,Rv0678,Rv0678_D15G,0.0,3.0,3) Uncertain significance,D15G
CFZ,Rv0678,Rv0678_Q76E,0.0,3.0,3) Uncertain significance,Q76E
CFZ,Rv0678,Rv0678_S2R,0.0,3.0,3) Uncertain significance,S2R
CFZ,Rv0678,Rv0678_N4T,0.0,4.0,3) Uncertain significance,N4T
CFZ,Rv0678,Rv0678_N98D,0.0,6.0,3) Uncertain significance,N98D
CFZ,pepQ,pepQ_R7Q,0.0,8.0,3) Uncertain significance,R7Q
CFZ,Rv0678,Rv0678_G162E,0.0,8.0,3) Uncertain significance,G162E
CFZ,Rv0678,Rv0678_E55D,0.0,12.0,3) Uncertain significance,E55D
CFZ,Rv0678,Rv0678_L40V,0.0,13.0,3) Uncertain significance,L40V
CFZ,pepQ,pepQ_F46L,0.0,14.0,3) Uncertain significance,F46L
CFZ,pepQ,pepQ_G197R,0.0,18.0,3) Uncertain significance,G197R
CFZ,pepQ,pepQ_P69L,0.0,31.0,3) Uncertain significance,P69L
DLM,ddn,ddn_L49P,5.0,1.0,2) Assoc w R - Interim,L49P
DLM,fgd1,fgd1_K270M,5.0,720.0,3) Uncertain significance,K270M
DLM,ddn,ddn_W88R,1.0,0.0,3) Uncertain significance,W88R
DLM,ddn,ddn_Y65S,1.0,2.0,3) Uncertain significance,Y65S
DLM,ddn,ddn_G34R,1.0,3.0,3) Uncertain significance,G34R
DLM,fgd1,fgd1_V170M,1.0,169.0,3) Uncertain significance,V170M
DLM,ddn,ddn_F17S,0.0,1.0,3) Uncertain significance,F17S
DLM,ddn,ddn_F66S,0.0,1.0,3) Uncertain significance,F66S
DLM,ddn,ddn_G53D,0.0,1.0,3) Uncertain significance,G53D
DLM,ddn,ddn_I144T,0.0,1.0,3) Uncertain significance,I144T
DLM,ddn,ddn_N91D,0.0,1.0,3) Uncertain significance,N91D
DLM,ddn,ddn_P45L,0.0,1.0,3) Uncertain significance,P45L
DLM,ddn,ddn_P6T,0.0,1.0,3) Uncertain significance,P6T
DLM,ddn,ddn_R72G,0.0,1.0,3) Uncertain significance,R72G
DLM,ddn,ddn_T115A,0.0,1.0,3) Uncertain significance,T115A
DLM,ddn,ddn_T40A,0.0,1.0,3) Uncertain significance,T40A
DLM,ddn,ddn_V106M,0.0,1.0,3) Uncertain significance,V106M
DLM,ddn,ddn_V98A,0.0,1.0,3) Uncertain significance,V98A
DLM,fgd1,fgd1_A10V,0.0,1.0,3) Uncertain significance,A10V
DLM,fgd1,fgd1_A188T,0.0,1.0,3) Uncertain significance,A188T
DLM,fgd1,fgd1_A216G,0.0,1.0,3) Uncertain significance,A216G
DLM,fgd1,fgd1_A256T,0.0,1.0,3) Uncertain significance,A256T
DLM,fgd1,fgd1_D33G,0.0,1.0,3) Uncertain significance,D33G
DLM,fgd1,fgd1_E19D,0.0,1.0,3) Uncertain significance,E19D
DLM,fgd1,fgd1_E240G,0.0,1.0,3) Uncertain significance,E240G
DLM,fgd1,fgd1_E269K,0.0,1.0,3) Uncertain significance,E269K
DLM,fgd1,fgd1_E278D,0.0,1.0,3) Uncertain significance,E278D
DLM,fgd1,fgd1_G304D,0.0,1.0,3) Uncertain significance,G304D
DLM,fgd1,fgd1_H260P,0.0,1.0,3) Uncertain significance,H260P
DLM,fgd1,fgd1_H315D,0.0,1.0,3) Uncertain significance,H315D
DLM,fgd1,fgd1_H315Y,0.0,1.0,3) Uncertain significance,H315Y
DLM,fgd1,fgd1_I229T,0.0,1.0,3) Uncertain significance,I229T
DLM,fgd1,fgd1_I86L,0.0,1.0,3) Uncertain significance,I86L
DLM,fgd1,fgd1_K183T,0.0,1.0,3) Uncertain significance,K183T
DLM,fgd1,fgd1_K296R,0.0,1.0,3) Uncertain significance,K296R
DLM,fgd1,fgd1_M139I,0.0,1.0,3) Uncertain significance,M139I
DLM,fgd1,fgd1_N66S,0.0,1.0,3) Uncertain significance,N66S
DLM,fgd1,fgd1_P52S,0.0,1.0,3) Uncertain significance,P52S
DLM,fgd1,fgd1_Q47L,0.0,1.0,3) Uncertain significance,Q47L
DLM,fgd1,fgd1_R187H,0.0,1.0,3) Uncertain significance,R187H
DLM,fgd1,fgd1_R212L,0.0,1.0,3) Uncertain significance,R212L
DLM,fgd1,fgd1_T255P,0.0,1.0,3) Uncertain significance,T255P
DLM,fgd1,fgd1_Y118S,0.0,1.0,3) Uncertain significance,Y118S
DLM,fgd1,fgd1_Y163C,0.0,1.0,3) Uncertain significance,Y163C
DLM,fgd1,fgd1_Y81H,0.0,1.0,3) Uncertain significance,Y81H
DLM,ddn,ddn_A120S,0.0,2.0,3) Uncertain significance,A120S
DLM,ddn,ddn_G70V,0.0,2.0,3) Uncertain significance,G70V
DLM,ddn,ddn_R72Q,0.0,2.0,3) Uncertain significance,R72Q
DLM,fgd1,fgd1_A2V,0.0,2.0,3) Uncertain significance,A2V
DLM,fgd1,fgd1_G168R,0.0,2.0,3) Uncertain significance,G168R
DLM,fgd1,fgd1_V37G,0.0,2.0,3) Uncertain significance,V37G
DLM,ddn,ddn_E83D,0.0,3.0,3) Uncertain significance,E83D
DLM,ddn,ddn_R72W,0.0,3.0,3) Uncertain significance,R72W
DLM,fgd1,fgd1_K296E,0.0,3.0,3) Uncertain significance,K296E
DLM,fgd1,fgd1_T255A,0.0,3.0,3) Uncertain significance,T255A
DLM,ddn,ddn_G34E,0.0,4.0,3) Uncertain significance,G34E
DLM,ddn,ddn_R23W,0.0,4.0,3) Uncertain significance,R23W
DLM,fgd1,fgd1_A35V,0.0,4.0,3) Uncertain significance,A35V
DLM,fgd1,fgd1_L323F,0.0,4.0,3) Uncertain significance,L323F
DLM,ddn,ddn_R30S,0.0,5.0,3) Uncertain significance,R30S
DLM,fgd1,fgd1_K183M,0.0,5.0,3) Uncertain significance,K183M
DLM,fgd1,fgd1_R45C,0.0,7.0,3) Uncertain significance,R45C
DLM,fgd1,fgd1_M93T,0.0,9.0,3) Uncertain significance,M93T
DLM,fgd1,fgd1_R64S,0.0,164.0,3) Uncertain significance,R64S
EMB,embB,embB_M306V,1801.0,367.0,1) Assoc w R,M306V
EMB,embB,embB_M306I,984.0,625.0,1) Assoc w R,M306I
EMB,embB,embB_Q497R,497.0,111.0,1) Assoc w R,Q497R
EMB,embB,embB_D354A,236.0,153.0,1) Assoc w R,D354A
EMB,embB,embB_G406A,176.0,120.0,1) Assoc w R,G406A
EMB,embB,embB_Y319S,121.0,24.0,1) Assoc w R,Y319S
EMB,embB,embB_G406D,117.0,112.0,1) Assoc w R,G406D
EMB,embB,embB_G406S,79.0,46.0,1) Assoc w R,G406S
EMB,embB,embB_M306L,68.0,18.0,1) Assoc w R,M306L
EMB,embB,embB_Q497K,68.0,25.0,1) Assoc w R,Q497K
EMB,embB,embB_D328Y,24.0,3.0,1) Assoc w R,D328Y
EMB,embB,embB_G406C,24.0,20.0,1) Assoc w R,G406C
EMB,embB,embB_Y319C,14.0,9.0,1) Assoc w R,Y319C
EMB,embB,embB_L74R,18.0,7.0,2) Assoc w R - Interim,L74R
EMB,embB,embB_D1024N,96.0,58.0,3) Uncertain significance,D1024N
EMB,embB,embB_Y334H,62.0,16.0,3) Uncertain significance,Y334H
EMB,embB,embB_V456A,53.0,6.0,3) Uncertain significance,V456A
EMB,embB,embB_Q445R,48.0,1.0,3) Uncertain significance,Q445R
EMB,embB,embB_S297A,48.0,90.0,3) Uncertain significance,S297A
EMB,embB,embB_D328G,34.0,11.0,3) Uncertain significance,D328G
EMB,embB,embB_E405D,29.0,4.0,3) Uncertain significance,E405D
EMB,embB,embB_Q497P,28.0,12.0,3) Uncertain significance,Q497P
EMB,embB,embB_A409P,22.0,0.0,3) Uncertain significance,A409P
EMB,embB,embB_N296H,21.0,37.0,3) Uncertain significance,N296H
EMB,embB,embB_H1002R,16.0,22.0,3) Uncertain significance,H1002R
EMB,embB,embB_Q497H,12.0,3.0,3) Uncertain significance,Q497H
EMB,embB,embB_Q853P,12.0,13.0,3) Uncertain significance,Q853P
EMB,embB,embB_I563L,11.0,11.0,3) Uncertain significance,I563L
EMB,embB,embB_E504D,9.0,6.0,3) Uncertain significance,E504D
EMB,embB,embB_S347T,8.0,0.0,3) Uncertain significance,S347T
EMB,embB,embB_R14Q,6.0,7.0,3) Uncertain significance,R14Q
EMB,embB,embB_W332R,5.0,8.0,3) Uncertain significance,W332R
EMB,embB,embB_D1017E,4.0,0.0,3) Uncertain significance,D1017E
EMB,embB,embB_F330S,4.0,1.0,3) Uncertain significance,F330S
EMB,embB,embB_T642A,4.0,1.0,3) Uncertain significance,T642A
EMB,embB,embB_S347I,4.0,2.0,3) Uncertain significance,S347I
EMB,embB,embB_D328H,4.0,5.0,3) Uncertain significance,D328H
EMB,embB,embB_Q853R,3.0,0.0,3) Uncertain significance,Q853R
EMB,embB,embB_M1000R,3.0,1.0,3) Uncertain significance,M1000R
EMB,embB,embB_L402V,3.0,14.0,3) Uncertain significance,L402V
EMB,embB,embB_G246R,3.0,22.0,3) Uncertain significance,G246R
EMB,embB,embB_A1007T,2.0,0.0,3) Uncertain significance,A1007T
EMB,embB,embB_A601G,2.0,0.0,3) Uncertain significance,A601G
EMB,embB,embB_D328F,2.0,0.0,3) Uncertain significance,D328F
EMB,embB,embB_D328V,2.0,0.0,3) Uncertain significance,D328V
EMB,embB,embB_E504G,2.0,0.0,3) Uncertain significance,E504G
EMB,embB,embB_F398C,2.0,0.0,3) Uncertain significance,F398C
EMB,embB,embB_I303L,2.0,0.0,3) Uncertain significance,I303L
EMB,embB,embB_I303M,2.0,0.0,3) Uncertain significance,I303M
EMB,embB,embB_I450S,2.0,0.0,3) Uncertain significance,I450S
EMB,embB,embB_I545F,2.0,0.0,3) Uncertain significance,I545F
EMB,embB,embB_K165N,2.0,0.0,3) Uncertain significance,K165N
EMB,embB,embB_M306T,2.0,0.0,3) Uncertain significance,M306T
EMB,embB,embB_N296Y,2.0,0.0,3) Uncertain significance,N296Y
EMB,embB,embB_Q925P,2.0,0.0,3) Uncertain significance,Q925P
EMB,embB,embB_R173L,2.0,0.0,3) Uncertain significance,R173L
EMB,embB,embB_R351C,2.0,0.0,3) Uncertain significance,R351C
EMB,embB,embB_T498P,2.0,0.0,3) Uncertain significance,T498P
EMB,embB,embB_V50A,2.0,0.0,3) Uncertain significance,V50A
EMB,embB,embB_A454T,2.0,1.0,3) Uncertain significance,A454T
EMB,embB,embB_F330L,2.0,1.0,3) Uncertain significance,F330L
EMB,embB,embB_G580S,2.0,1.0,3) Uncertain significance,G580S
EMB,embB,embB_M804I,2.0,1.0,3) Uncertain significance,M804I
EMB,embB,embB_P616S,2.0,1.0,3) Uncertain significance,P616S
EMB,embB,embB_R524H,2.0,1.0,3) Uncertain significance,R524H
EMB,embB,embB_V614I,2.0,1.0,3) Uncertain significance,V614I
EMB,embB,embB_W1089R,2.0,1.0,3) Uncertain significance,W1089R
EMB,embB,embB_A817T,2.0,2.0,3) Uncertain significance,A817T
EMB,embB,embB_A30T,2.0,3.0,3) Uncertain significance,A30T
EMB,embB,embB_I16L,2.0,4.0,3) Uncertain significance,I16L
EMB,embB,embB_P404S,2.0,5.0,3) Uncertain significance,P404S
EMB,embB,embB_A201S,1.0,0.0,3) Uncertain significance,A201S
EMB,embB,embB_A679V,1.0,0.0,3) Uncertain significance,A679V
EMB,embB,embB_A909T,1.0,0.0,3) Uncertain significance,A909T
EMB,embB,embB_C361Y,1.0,0.0,3) Uncertain significance,C361Y
EMB,embB,embB_D816H,1.0,0.0,3) Uncertain significance,D816H
EMB,embB,embB_D920N,1.0,0.0,3) Uncertain significance,D920N
EMB,embB,embB_E504A,1.0,0.0,3) Uncertain significance,E504A
EMB,embB,embB_E521Q,1.0,0.0,3) Uncertain significance,E521Q
EMB,embB,embB_E924K,1.0,0.0,3) Uncertain significance,E924K
EMB,embB,embB_F1067L,1.0,0.0,3) Uncertain significance,F1067L
EMB,embB,embB_F323L,1.0,0.0,3) Uncertain significance,F323L
EMB,embB,embB_F330V,1.0,0.0,3) Uncertain significance,F330V
EMB,embB,embB_G1031S,1.0,0.0,3) Uncertain significance,G1031S
EMB,embB,embB_G1081S,1.0,0.0,3) Uncertain significance,G1081S
EMB,embB,embB_G1087D,1.0,0.0,3) Uncertain significance,G1087D
EMB,embB,embB_G406V,1.0,0.0,3) Uncertain significance,G406V
EMB,embB,embB_I450L,1.0,0.0,3) Uncertain significance,I450L
EMB,embB,embB_L1036V,1.0,0.0,3) Uncertain significance,L1036V
EMB,embB,embB_L359I,1.0,0.0,3) Uncertain significance,L359I
EMB,embB,embB_L410P,1.0,0.0,3) Uncertain significance,L410P
EMB,embB,embB_L449M,1.0,0.0,3) Uncertain significance,L449M
EMB,embB,embB_L466S,1.0,0.0,3) Uncertain significance,L466S
EMB,embB,embB_M91T,1.0,0.0,3) Uncertain significance,M91T
EMB,embB,embB_N1033K,1.0,0.0,3) Uncertain significance,N1033K
EMB,embB,embB_N522T,1.0,0.0,3) Uncertain significance,N522T
EMB,embB,embB_N644I,1.0,0.0,3) Uncertain significance,N644I
EMB,embB,embB_P477T,1.0,0.0,3) Uncertain significance,P477T
EMB,embB,embB_Q853H,1.0,0.0,3) Uncertain significance,Q853H
EMB,embB,embB_S651N,1.0,0.0,3) Uncertain significance,S651N
EMB,embB,embB_T1084P,1.0,0.0,3) Uncertain significance,T1084P
EMB,embB,embB_T151I,1.0,0.0,3) Uncertain significance,T151I
EMB,embB,embB_T153N,1.0,0.0,3) Uncertain significance,T153N
EMB,embB,embB_T546I,1.0,0.0,3) Uncertain significance,T546I
EMB,embB,embB_T643A,1.0,0.0,3) Uncertain significance,T643A
EMB,embB,embB_W332C,1.0,0.0,3) Uncertain significance,W332C
EMB,embB,embB_A457T,1.0,1.0,3) Uncertain significance,A457T
EMB,embB,embB_D328I,1.0,1.0,3) Uncertain significance,D328I
EMB,embB,embB_G199R,1.0,1.0,3) Uncertain significance,G199R
EMB,embB,embB_G979A,1.0,1.0,3) Uncertain significance,G979A
EMB,embB,embB_N318D,1.0,1.0,3) Uncertain significance,N318D
EMB,embB,embB_N399T,1.0,1.0,3) Uncertain significance,N399T
EMB,embB,embB_V444M,1.0,1.0,3) Uncertain significance,V444M
EMB,embB,embB_V493M,1.0,1.0,3) Uncertain significance,V493M
EMB,embB,embB_V593M,1.0,1.0,3) Uncertain significance,V593M
EMB,embB,embB_W572C,1.0,1.0,3) Uncertain significance,W572C
EMB,embB,embB_C549F,1.0,2.0,3) Uncertain significance,C549F
EMB,embB,embB_D57G,1.0,2.0,3) Uncertain significance,D57G
EMB,embB,embB_M396I,1.0,2.0,3) Uncertain significance,M396I
EMB,embB,embB_M423I,1.0,2.0,3) Uncertain significance,M423I
EMB,embB,embB_P197R,1.0,2.0,3) Uncertain significance,P197R
EMB,embB,embB_T643I,1.0,2.0,3) Uncertain significance,T643I
EMB,embB,embB_V77I,1.0,2.0,3) Uncertain significance,V77I
EMB,embB,embB_A505V,1.0,3.0,3) Uncertain significance,A505V
EMB,embB,embB_L638F,1.0,3.0,3) Uncertain significance,L638F
EMB,embB,embB_A680T,1.0,4.0,3) Uncertain significance,A680T
EMB,embB,embB_G603R,1.0,6.0,3) Uncertain significance,G603R
EMB,embB,embB_G100S,1.0,8.0,3) Uncertain significance,G100S
EMB,embB,embB_V618M,1.0,13.0,3) Uncertain significance,V618M
EMB,embB,embB_S203L,1.0,39.0,3) Uncertain significance,S203L
EMB,embB,embB_A1007V,0.0,1.0,3) Uncertain significance,A1007V
EMB,embB,embB_A102T,0.0,1.0,3) Uncertain significance,A102T
EMB,embB,embB_A102V,0.0,1.0,3) Uncertain significance,A102V
EMB,embB,embB_A1058V,0.0,1.0,3) Uncertain significance,A1058V
EMB,embB,embB_A1083V,0.0,1.0,3) Uncertain significance,A1083V
EMB,embB,embB_A109T,0.0,1.0,3) Uncertain significance,A109T
EMB,embB,embB_A113T,0.0,1.0,3) Uncertain significance,A113T
EMB,embB,embB_A155V,0.0,1.0,3) Uncertain significance,A155V
EMB,embB,embB_A159T,0.0,1.0,3) Uncertain significance,A159T
EMB,embB,embB_A15P,0.0,1.0,3) Uncertain significance,A15P
EMB,embB,embB_A201T,0.0,1.0,3) Uncertain significance,A201T
EMB,embB,embB_A204T,0.0,1.0,3) Uncertain significance,A204T
EMB,embB,embB_A221S,0.0,1.0,3) Uncertain significance,A221S
EMB,embB,embB_A221T,0.0,1.0,3) Uncertain significance,A221T
EMB,embB,embB_A225E,0.0,1.0,3) Uncertain significance,A225E
EMB,embB,embB_A235V,0.0,1.0,3) Uncertain significance,A235V
EMB,embB,embB_A259V,0.0,1.0,3) Uncertain significance,A259V
EMB,embB,embB_A281V,0.0,1.0,3) Uncertain significance,A281V
EMB,embB,embB_A295V,0.0,1.0,3) Uncertain significance,A295V
EMB,embB,embB_A313T,0.0,1.0,3) Uncertain significance,A313T
EMB,embB,embB_A356V,0.0,1.0,3) Uncertain significance,A356V
EMB,embB,embB_A357T,0.0,1.0,3) Uncertain significance,A357T
EMB,embB,embB_A376T,0.0,1.0,3) Uncertain significance,A376T
EMB,embB,embB_A379V,0.0,1.0,3) Uncertain significance,A379V
EMB,embB,embB_A383V,0.0,1.0,3) Uncertain significance,A383V
EMB,embB,embB_A388V,0.0,1.0,3) Uncertain significance,A388V
EMB,embB,embB_A431P,0.0,1.0,3) Uncertain significance,A431P
EMB,embB,embB_A439G,0.0,1.0,3) Uncertain significance,A439G
EMB,embB,embB_A43P,0.0,1.0,3) Uncertain significance,A43P
EMB,embB,embB_A451T,0.0,1.0,3) Uncertain significance,A451T
EMB,embB,embB_A454P,0.0,1.0,3) Uncertain significance,A454P
EMB,embB,embB_A454V,0.0,1.0,3) Uncertain significance,A454V
EMB,embB,embB_A484T,0.0,1.0,3) Uncertain significance,A484T
EMB,embB,embB_A495T,0.0,1.0,3) Uncertain significance,A495T
EMB,embB,embB_A517T,0.0,1.0,3) Uncertain significance,A517T
EMB,embB,embB_A567D,0.0,1.0,3) Uncertain significance,A567D
EMB,embB,embB_A567T,0.0,1.0,3) Uncertain significance,A567T
EMB,embB,embB_A571T,0.0,1.0,3) Uncertain significance,A571T
EMB,embB,embB_A601P,0.0,1.0,3) Uncertain significance,A601P
EMB,embB,embB_A627V,0.0,1.0,3) Uncertain significance,A627V
EMB,embB,embB_A630T,0.0,1.0,3) Uncertain significance,A630T
EMB,embB,embB_A677E,0.0,1.0,3) Uncertain significance,A677E
EMB,embB,embB_A677T,0.0,1.0,3) Uncertain significance,A677T
EMB,embB,embB_A683V,0.0,1.0,3) Uncertain significance,A683V
EMB,embB,embB_A684T,0.0,1.0,3) Uncertain significance,A684T
EMB,embB,embB_A684V,0.0,1.0,3) Uncertain significance,A684V
EMB,embB,embB_A701P,0.0,1.0,3) Uncertain significance,A701P
EMB,embB,embB_A720V,0.0,1.0,3) Uncertain significance,A720V
EMB,embB,embB_A840G,0.0,1.0,3) Uncertain significance,A840G
EMB,embB,embB_A840P,0.0,1.0,3) Uncertain significance,A840P
EMB,embB,embB_A840V,0.0,1.0,3) Uncertain significance,A840V
EMB,embB,embB_A852V,0.0,1.0,3) Uncertain significance,A852V
EMB,embB,embB_A861T,0.0,1.0,3) Uncertain significance,A861T
EMB,embB,embB_A903T,0.0,1.0,3) Uncertain significance,A903T
EMB,embB,embB_A913V,0.0,1.0,3) Uncertain significance,A913V
EMB,embB,embB_A941T,0.0,1.0,3) Uncertain significance,A941T
EMB,embB,embB_A943V,0.0,1.0,3) Uncertain significance,A943V
EMB,embB,embB_A950V,0.0,1.0,3) Uncertain significance,A950V
EMB,embB,embB_A993T,0.0,1.0,3) Uncertain significance,A993T
EMB,embB,embB_C549G,0.0,1.0,3) Uncertain significance,C549G
EMB,embB,embB_D1041A,0.0,1.0,3) Uncertain significance,D1041A
EMB,embB,embB_D1060N,0.0,1.0,3) Uncertain significance,D1060N
EMB,embB,embB_D108N,0.0,1.0,3) Uncertain significance,D108N
EMB,embB,embB_D127A,0.0,1.0,3) Uncertain significance,D127A
EMB,embB,embB_D166A,0.0,1.0,3) Uncertain significance,D166A
EMB,embB,embB_D207E,0.0,1.0,3) Uncertain significance,D207E
EMB,embB,embB_D240G,0.0,1.0,3) Uncertain significance,D240G
EMB,embB,embB_D240Y,0.0,1.0,3) Uncertain significance,D240Y
EMB,embB,embB_D243H,0.0,1.0,3) Uncertain significance,D243H
EMB,embB,embB_D280N,0.0,1.0,3) Uncertain significance,D280N
EMB,embB,embB_D300E,0.0,1.0,3) Uncertain significance,D300E
EMB,embB,embB_D300G,0.0,1.0,3) Uncertain significance,D300G
EMB,embB,embB_D311F,0.0,1.0,3) Uncertain significance,D311F
EMB,embB,embB_D328A,0.0,1.0,3) Uncertain significance,D328A
EMB,embB,embB_D354G,0.0,1.0,3) Uncertain significance,D354G
EMB,embB,embB_D496N,0.0,1.0,3) Uncertain significance,D496N
EMB,embB,embB_D664G,0.0,1.0,3) Uncertain significance,D664G
EMB,embB,embB_D752H,0.0,1.0,3) Uncertain significance,D752H
EMB,embB,embB_D78E,0.0,1.0,3) Uncertain significance,D78E
EMB,embB,embB_D869H,0.0,1.0,3) Uncertain significance,D869H
EMB,embB,embB_D86N,0.0,1.0,3) Uncertain significance,D86N
EMB,embB,embB_D870N,0.0,1.0,3) Uncertain significance,D870N
EMB,embB,embB_D970A,0.0,1.0,3) Uncertain significance,D970A
EMB,embB,embB_D970E,0.0,1.0,3) Uncertain significance,D970E
EMB,embB,embB_E1008A,0.0,1.0,3) Uncertain significance,E1008A
EMB,embB,embB_E138K,0.0,1.0,3) Uncertain significance,E138K
EMB,embB,embB_E521A,0.0,1.0,3) Uncertain significance,E521A
EMB,embB,embB_E901D,0.0,1.0,3) Uncertain significance,E901D
EMB,embB,embB_E958G,0.0,1.0,3) Uncertain significance,E958G
EMB,embB,embB_E976Q,0.0,1.0,3) Uncertain significance,E976Q
EMB,embB,embB_F158C,0.0,1.0,3) Uncertain significance,F158C
EMB,embB,embB_F161L,0.0,1.0,3) Uncertain significance,F161L
EMB,embB,embB_F176L,0.0,1.0,3) Uncertain significance,F176L
EMB,embB,embB_F210C,0.0,1.0,3) Uncertain significance,F210C
EMB,embB,embB_F285V,0.0,1.0,3) Uncertain significance,F285V
EMB,embB,embB_F398L,0.0,1.0,3) Uncertain significance,F398L
EMB,embB,embB_F440S,0.0,1.0,3) Uncertain significance,F440S
EMB,embB,embB_F541V,0.0,1.0,3) Uncertain significance,F541V
EMB,embB,embB_F579V,0.0,1.0,3) Uncertain significance,F579V
EMB,embB,embB_F584L,0.0,1.0,3) Uncertain significance,F584L
EMB,embB,embB_F743L,0.0,1.0,3) Uncertain significance,F743L
EMB,embB,embB_F763L,0.0,1.0,3) Uncertain significance,F763L
EMB,embB,embB_F763V,0.0,1.0,3) Uncertain significance,F763V
EMB,embB,embB_F79L,0.0,1.0,3) Uncertain significance,F79L
EMB,embB,embB_G1005D,0.0,1.0,3) Uncertain significance,G1005D
EMB,embB,embB_G1035S,0.0,1.0,3) Uncertain significance,G1035S
EMB,embB,embB_G106R,0.0,1.0,3) Uncertain significance,G106R
EMB,embB,embB_G106V,0.0,1.0,3) Uncertain significance,G106V
EMB,embB,embB_G1087C,0.0,1.0,3) Uncertain significance,G1087C
EMB,embB,embB_G1092A,0.0,1.0,3) Uncertain significance,G1092A
EMB,embB,embB_G1092R,0.0,1.0,3) Uncertain significance,G1092R
EMB,embB,embB_G1097A,0.0,1.0,3) Uncertain significance,G1097A
EMB,embB,embB_G1097S,0.0,1.0,3) Uncertain significance,G1097S
EMB,embB,embB_G169D,0.0,1.0,3) Uncertain significance,G169D
EMB,embB,embB_G199E,0.0,1.0,3) Uncertain significance,G199E
EMB,embB,embB_G244R,0.0,1.0,3) Uncertain significance,G244R
EMB,embB,embB_G294S,0.0,1.0,3) Uncertain significance,G294S
EMB,embB,embB_G314S,0.0,1.0,3) Uncertain significance,G314S
EMB,embB,embB_G34E,0.0,1.0,3) Uncertain significance,G34E
EMB,embB,embB_G374E,0.0,1.0,3) Uncertain significance,G374E
EMB,embB,embB_G458C,0.0,1.0,3) Uncertain significance,G458C
EMB,embB,embB_G459S,0.0,1.0,3) Uncertain significance,G459S
EMB,embB,embB_G474D,0.0,1.0,3) Uncertain significance,G474D
EMB,embB,embB_G535S,0.0,1.0,3) Uncertain significance,G535S
EMB,embB,embB_G603A,0.0,1.0,3) Uncertain significance,G603A
EMB,embB,embB_G665R,0.0,1.0,3) Uncertain significance,G665R
EMB,embB,embB_G694D,0.0,1.0,3) Uncertain significance,G694D
EMB,embB,embB_G696A,0.0,1.0,3) Uncertain significance,G696A
EMB,embB,embB_G696R,0.0,1.0,3) Uncertain significance,G696R
EMB,embB,embB_G736S,0.0,1.0,3) Uncertain significance,G736S
EMB,embB,embB_G745A,0.0,1.0,3) Uncertain significance,G745A
EMB,embB,embB_G745R,0.0,1.0,3) Uncertain significance,G745R
EMB,embB,embB_G825D,0.0,1.0,3) Uncertain significance,G825D
EMB,embB,embB_G846S,0.0,1.0,3) Uncertain significance,G846S
EMB,embB,embB_G851D,0.0,1.0,3) Uncertain significance,G851D
EMB,embB,embB_G851V,0.0,1.0,3) Uncertain significance,G851V
EMB,embB,embB_G891E,0.0,1.0,3) Uncertain significance,G891E
EMB,embB,embB_G914R,0.0,1.0,3) Uncertain significance,G914R
EMB,embB,embB_G923E,0.0,1.0,3) Uncertain significance,G923E
EMB,embB,embB_G96E,0.0,1.0,3) Uncertain significance,G96E
EMB,embB,embB_H154R,0.0,1.0,3) Uncertain significance,H154R
EMB,embB,embB_H342N,0.0,1.0,3) Uncertain significance,H342N
EMB,embB,embB_H890R,0.0,1.0,3) Uncertain significance,H890R
EMB,embB,embB_I284L,0.0,1.0,3) Uncertain significance,I284L
EMB,embB,embB_I556V,0.0,1.0,3) Uncertain significance,I556V
EMB,embB,embB_I578V,0.0,1.0,3) Uncertain significance,I578V
EMB,embB,embB_I726S,0.0,1.0,3) Uncertain significance,I726S
EMB,embB,embB_I883V,0.0,1.0,3) Uncertain significance,I883V
EMB,embB,embB_K1011E,0.0,1.0,3) Uncertain significance,K1011E
EMB,embB,embB_K1011T,0.0,1.0,3) Uncertain significance,K1011T
EMB,embB,embB_K1022T,0.0,1.0,3) Uncertain significance,K1022T
EMB,embB,embB_K107E,0.0,1.0,3) Uncertain significance,K107E
EMB,embB,embB_K107R,0.0,1.0,3) Uncertain significance,K107R
EMB,embB,embB_K218N,0.0,1.0,3) Uncertain significance,K218N
EMB,embB,embB_K561Q,0.0,1.0,3) Uncertain significance,K561Q
EMB,embB,embB_K662T,0.0,1.0,3) Uncertain significance,K662T
EMB,embB,embB_K820N,0.0,1.0,3) Uncertain significance,K820N
EMB,embB,embB_K882E,0.0,1.0,3) Uncertain significance,K882E
EMB,embB,embB_K927E,0.0,1.0,3) Uncertain significance,K927E
EMB,embB,embB_K927R,0.0,1.0,3) Uncertain significance,K927R
EMB,embB,embB_L1053V,0.0,1.0,3) Uncertain significance,L1053V
EMB,embB,embB_L172R,0.0,1.0,3) Uncertain significance,L172R
EMB,embB,embB_L239R,0.0,1.0,3) Uncertain significance,L239R
EMB,embB,embB_L253I,0.0,1.0,3) Uncertain significance,L253I
EMB,embB,embB_L268P,0.0,1.0,3) Uncertain significance,L268P
EMB,embB,embB_L348P,0.0,1.0,3) Uncertain significance,L348P
EMB,embB,embB_L47R,0.0,1.0,3) Uncertain significance,L47R
EMB,embB,embB_L499P,0.0,1.0,3) Uncertain significance,L499P
EMB,embB,embB_L528V,0.0,1.0,3) Uncertain significance,L528V
EMB,embB,embB_L632F,0.0,1.0,3) Uncertain significance,L632F
EMB,embB,embB_L632S,0.0,1.0,3) Uncertain significance,L632S
EMB,embB,embB_L638S,0.0,1.0,3) Uncertain significance,L638S
EMB,embB,embB_L754R,0.0,1.0,3) Uncertain significance,L754R
EMB,embB,embB_L953M,0.0,1.0,3) Uncertain significance,L953M
EMB,embB,embB_L974M,0.0,1.0,3) Uncertain significance,L974M
EMB,embB,embB_M265I,0.0,1.0,3) Uncertain significance,M265I
EMB,embB,embB_M316V,0.0,1.0,3) Uncertain significance,M316V
EMB,embB,embB_M350T,0.0,1.0,3) Uncertain significance,M350T
EMB,embB,embB_M389I,0.0,1.0,3) Uncertain significance,M389I
EMB,embB,embB_M389V,0.0,1.0,3) Uncertain significance,M389V
EMB,embB,embB_M396L,0.0,1.0,3) Uncertain significance,M396L
EMB,embB,embB_M423T,0.0,1.0,3) Uncertain significance,M423T
EMB,embB,embB_M462L,0.0,1.0,3) Uncertain significance,M462L
EMB,embB,embB_M462T,0.0,1.0,3) Uncertain significance,M462T
EMB,embB,embB_M557I,0.0,1.0,3) Uncertain significance,M557I
EMB,embB,embB_M586V,0.0,1.0,3) Uncertain significance,M586V
EMB,embB,embB_M626V,0.0,1.0,3) Uncertain significance,M626V
EMB,embB,embB_M660R,0.0,1.0,3) Uncertain significance,M660R
EMB,embB,embB_M714I,0.0,1.0,3) Uncertain significance,M714I
EMB,embB,embB_M764L,0.0,1.0,3) Uncertain significance,M764L
EMB,embB,embB_M939I,0.0,1.0,3) Uncertain significance,M939I
EMB,embB,embB_N1004T,0.0,1.0,3) Uncertain significance,N1004T
EMB,embB,embB_N160D,0.0,1.0,3) Uncertain significance,N160D
EMB,embB,embB_N400S,0.0,1.0,3) Uncertain significance,N400S
EMB,embB,embB_N522H,0.0,1.0,3) Uncertain significance,N522H
EMB,embB,embB_N657D,0.0,1.0,3) Uncertain significance,N657D
EMB,embB,embB_N791S,0.0,1.0,3) Uncertain significance,N791S
EMB,embB,embB_N807T,0.0,1.0,3) Uncertain significance,N807T
EMB,embB,embB_N931D,0.0,1.0,3) Uncertain significance,N931D
EMB,embB,embB_P103H,0.0,1.0,3) Uncertain significance,P103H
EMB,embB,embB_P1074A,0.0,1.0,3) Uncertain significance,P1074A
EMB,embB,embB_P1075L,0.0,1.0,3) Uncertain significance,P1075L
EMB,embB,embB_P12L,0.0,1.0,3) Uncertain significance,P12L
EMB,embB,embB_P136S,0.0,1.0,3) Uncertain significance,P136S
EMB,embB,embB_P167R,0.0,1.0,3) Uncertain significance,P167R
EMB,embB,embB_P177L,0.0,1.0,3) Uncertain significance,P177L
EMB,embB,embB_P183S,0.0,1.0,3) Uncertain significance,P183S
EMB,embB,embB_P214A,0.0,1.0,3) Uncertain significance,P214A
EMB,embB,embB_P214Q,0.0,1.0,3) Uncertain significance,P214Q
EMB,embB,embB_P353S,0.0,1.0,3) Uncertain significance,P353S
EMB,embB,embB_P375S,0.0,1.0,3) Uncertain significance,P375S
EMB,embB,embB_P404L,0.0,1.0,3) Uncertain significance,P404L
EMB,embB,embB_P430L,0.0,1.0,3) Uncertain significance,P430L
EMB,embB,embB_P45L,0.0,1.0,3) Uncertain significance,P45L
EMB,embB,embB_P477A,0.0,1.0,3) Uncertain significance,P477A
EMB,embB,embB_P531H,0.0,1.0,3) Uncertain significance,P531H
EMB,embB,embB_P59T,0.0,1.0,3) Uncertain significance,P59T
EMB,embB,embB_P616T,0.0,1.0,3) Uncertain significance,P616T
EMB,embB,embB_P655L,0.0,1.0,3) Uncertain significance,P655L
EMB,embB,embB_P706S,0.0,1.0,3) Uncertain significance,P706S
EMB,embB,embB_P708L,0.0,1.0,3) Uncertain significance,P708L
EMB,embB,embB_P766L,0.0,1.0,3) Uncertain significance,P766L
EMB,embB,embB_P76L,0.0,1.0,3) Uncertain significance,P76L
EMB,embB,embB_P818L,0.0,1.0,3) Uncertain significance,P818L
EMB,embB,embB_P866S,0.0,1.0,3) Uncertain significance,P866S
EMB,embB,embB_P907S,0.0,1.0,3) Uncertain significance,P907S
EMB,embB,embB_P912T,0.0,1.0,3) Uncertain significance,P912T
EMB,embB,embB_P93H,0.0,1.0,3) Uncertain significance,P93H
EMB,embB,embB_P957L,0.0,1.0,3) Uncertain significance,P957L
EMB,embB,embB_Q3R,0.0,1.0,3) Uncertain significance,Q3R
EMB,embB,embB_Q497E,0.0,1.0,3) Uncertain significance,Q497E
EMB,embB,embB_Q497L,0.0,1.0,3) Uncertain significance,Q497L
EMB,embB,embB_Q516E,0.0,1.0,3) Uncertain significance,Q516E
EMB,embB,embB_R1045Q,0.0,1.0,3) Uncertain significance,R1045Q
EMB,embB,embB_R1055S,0.0,1.0,3) Uncertain significance,R1055S
EMB,embB,embB_R1059G,0.0,1.0,3) Uncertain significance,R1059G
EMB,embB,embB_R1059P,0.0,1.0,3) Uncertain significance,R1059P
EMB,embB,embB_R122H,0.0,1.0,3) Uncertain significance,R122H
EMB,embB,embB_R147C,0.0,1.0,3) Uncertain significance,R147C
EMB,embB,embB_R147H,0.0,1.0,3) Uncertain significance,R147H
EMB,embB,embB_R213W,0.0,1.0,3) Uncertain significance,R213W
EMB,embB,embB_R238H,0.0,1.0,3) Uncertain significance,R238H
EMB,embB,embB_R257Q,0.0,1.0,3) Uncertain significance,R257Q
EMB,embB,embB_R464L,0.0,1.0,3) Uncertain significance,R464L
EMB,embB,embB_R464Q,0.0,1.0,3) Uncertain significance,R464Q
EMB,embB,embB_R468H,0.0,1.0,3) Uncertain significance,R468H
EMB,embB,embB_R469H,0.0,1.0,3) Uncertain significance,R469H
EMB,embB,embB_R559P,0.0,1.0,3) Uncertain significance,R559P
EMB,embB,embB_R568H,0.0,1.0,3) Uncertain significance,R568H
EMB,embB,embB_R623P,0.0,1.0,3) Uncertain significance,R623P
EMB,embB,embB_R625W,0.0,1.0,3) Uncertain significance,R625W
EMB,embB,embB_R700H,0.0,1.0,3) Uncertain significance,R700H
EMB,embB,embB_R728Q,0.0,1.0,3) Uncertain significance,R728Q
EMB,embB,embB_R89H,0.0,1.0,3) Uncertain significance,R89H
EMB,embB,embB_R930H,0.0,1.0,3) Uncertain significance,R930H
EMB,embB,embB_S168L,0.0,1.0,3) Uncertain significance,S168L
EMB,embB,embB_S174N,0.0,1.0,3) Uncertain significance,S174N
EMB,embB,embB_S22F,0.0,1.0,3) Uncertain significance,S22F
EMB,embB,embB_S261A,0.0,1.0,3) Uncertain significance,S261A
EMB,embB,embB_S261P,0.0,1.0,3) Uncertain significance,S261P
EMB,embB,embB_S317F,0.0,1.0,3) Uncertain significance,S317F
EMB,embB,embB_S344R,0.0,1.0,3) Uncertain significance,S344R
EMB,embB,embB_S412L,0.0,1.0,3) Uncertain significance,S412L
EMB,embB,embB_S565T,0.0,1.0,3) Uncertain significance,S565T
EMB,embB,embB_S617L,0.0,1.0,3) Uncertain significance,S617L
EMB,embB,embB_S622W,0.0,1.0,3) Uncertain significance,S622W
EMB,embB,embB_S650P,0.0,1.0,3) Uncertain significance,S650P
EMB,embB,embB_S651C,0.0,1.0,3) Uncertain significance,S651C
EMB,embB,embB_S658N,0.0,1.0,3) Uncertain significance,S658N
EMB,embB,embB_S669R,0.0,1.0,3) Uncertain significance,S669R
EMB,embB,embB_S66N,0.0,1.0,3) Uncertain significance,S66N
EMB,embB,embB_S66T,0.0,1.0,3) Uncertain significance,S66T
EMB,embB,embB_S856R,0.0,1.0,3) Uncertain significance,S856R
EMB,embB,embB_S973L,0.0,1.0,3) Uncertain significance,S973L
EMB,embB,embB_S980A,0.0,1.0,3) Uncertain significance,S980A
EMB,embB,embB_T1015A,0.0,1.0,3) Uncertain significance,T1015A
EMB,embB,embB_T1069P,0.0,1.0,3) Uncertain significance,T1069P
EMB,embB,embB_T11P,0.0,1.0,3) Uncertain significance,T11P
EMB,embB,embB_T141R,0.0,1.0,3) Uncertain significance,T141R
EMB,embB,embB_T151P,0.0,1.0,3) Uncertain significance,T151P
EMB,embB,embB_T215I,0.0,1.0,3) Uncertain significance,T215I
EMB,embB,embB_T216A,0.0,1.0,3) Uncertain significance,T216A
EMB,embB,embB_T275N,0.0,1.0,3) Uncertain significance,T275N
EMB,embB,embB_T31A,0.0,1.0,3) Uncertain significance,T31A
EMB,embB,embB_T341A,0.0,1.0,3) Uncertain significance,T341A
EMB,embB,embB_T341I,0.0,1.0,3) Uncertain significance,T341I
EMB,embB,embB_T498A,0.0,1.0,3) Uncertain significance,T498A
EMB,embB,embB_T506N,0.0,1.0,3) Uncertain significance,T506N
EMB,embB,embB_T520S,0.0,1.0,3) Uncertain significance,T520S
EMB,embB,embB_T546A,0.0,1.0,3) Uncertain significance,T546A
EMB,embB,embB_T581A,0.0,1.0,3) Uncertain significance,T581A
EMB,embB,embB_T667A,0.0,1.0,3) Uncertain significance,T667A
EMB,embB,embB_T732I,0.0,1.0,3) Uncertain significance,T732I
EMB,embB,embB_T819I,0.0,1.0,3) Uncertain significance,T819I
EMB,embB,embB_T830M,0.0,1.0,3) Uncertain significance,T830M
EMB,embB,embB_T857A,0.0,1.0,3) Uncertain significance,T857A
EMB,embB,embB_T956I,0.0,1.0,3) Uncertain significance,T956I
EMB,embB,embB_T981A,0.0,1.0,3) Uncertain significance,T981A
EMB,embB,embB_V1071F,0.0,1.0,3) Uncertain significance,V1071F
EMB,embB,embB_V116I,0.0,1.0,3) Uncertain significance,V116I
EMB,embB,embB_V118A,0.0,1.0,3) Uncertain significance,V118A
EMB,embB,embB_V188A,0.0,1.0,3) Uncertain significance,V188A
EMB,embB,embB_V230A,0.0,1.0,3) Uncertain significance,V230A
EMB,embB,embB_V231I,0.0,1.0,3) Uncertain significance,V231I
EMB,embB,embB_V377M,0.0,1.0,3) Uncertain significance,V377M
EMB,embB,embB_V39L,0.0,1.0,3) Uncertain significance,V39L
EMB,embB,embB_V414I,0.0,1.0,3) Uncertain significance,V414I
EMB,embB,embB_V42L,0.0,1.0,3) Uncertain significance,V42L
EMB,embB,embB_V492L,0.0,1.0,3) Uncertain significance,V492L
EMB,embB,embB_V492M,0.0,1.0,3) Uncertain significance,V492M
EMB,embB,embB_V502L,0.0,1.0,3) Uncertain significance,V502L
EMB,embB,embB_V602A,0.0,1.0,3) Uncertain significance,V602A
EMB,embB,embB_V602I,0.0,1.0,3) Uncertain significance,V602I
EMB,embB,embB_V612M,0.0,1.0,3) Uncertain significance,V612M
EMB,embB,embB_V614L,0.0,1.0,3) Uncertain significance,V614L
EMB,embB,embB_V654M,0.0,1.0,3) Uncertain significance,V654M
EMB,embB,embB_V727A,0.0,1.0,3) Uncertain significance,V727A
EMB,embB,embB_V803A,0.0,1.0,3) Uncertain significance,V803A
EMB,embB,embB_V803M,0.0,1.0,3) Uncertain significance,V803M
EMB,embB,embB_V83A,0.0,1.0,3) Uncertain significance,V83A
EMB,embB,embB_V842I,0.0,1.0,3) Uncertain significance,V842I
EMB,embB,embB_V888M,0.0,1.0,3) Uncertain significance,V888M
EMB,embB,embB_V898M,0.0,1.0,3) Uncertain significance,V898M
EMB,embB,embB_V963M,0.0,1.0,3) Uncertain significance,V963M
EMB,embB,embB_W273L,0.0,1.0,3) Uncertain significance,W273L
EMB,embB,embB_W28S,0.0,1.0,3) Uncertain significance,W28S
EMB,embB,embB_W332L,0.0,1.0,3) Uncertain significance,W332L
EMB,embB,embB_Y315C,0.0,1.0,3) Uncertain significance,Y315C
EMB,embB,embB_Y319N,0.0,1.0,3) Uncertain significance,Y319N
EMB,embB,embB_Y384S,0.0,1.0,3) Uncertain significance,Y384S
EMB,embB,embB_Y730H,0.0,1.0,3) Uncertain significance,Y730H
EMB,embB,embB_Y848H,0.0,1.0,3) Uncertain significance,Y848H
EMB,embB,embB_Y863H,0.0,1.0,3) Uncertain significance,Y863H
EMB,embB,embB_Y977H,0.0,1.0,3) Uncertain significance,Y977H
EMB,embB,embB_A1073V,0.0,2.0,3) Uncertain significance,A1073V
EMB,embB,embB_A1076T,0.0,2.0,3) Uncertain significance,A1076T
EMB,embB,embB_A196T,0.0,2.0,3) Uncertain significance,A196T
EMB,embB,embB_A232E,0.0,2.0,3) Uncertain significance,A232E
EMB,embB,embB_A232T,0.0,2.0,3) Uncertain significance,A232T
EMB,embB,embB_A271T,0.0,2.0,3) Uncertain significance,A271T
EMB,embB,embB_A388D,0.0,2.0,3) Uncertain significance,A388D
EMB,embB,embB_A439V,0.0,2.0,3) Uncertain significance,A439V
EMB,embB,embB_A485V,0.0,2.0,3) Uncertain significance,A485V
EMB,embB,embB_A553T,0.0,2.0,3) Uncertain significance,A553T
EMB,embB,embB_A5T,0.0,2.0,3) Uncertain significance,A5T
EMB,embB,embB_A608T,0.0,2.0,3) Uncertain significance,A608T
EMB,embB,embB_A693T,0.0,2.0,3) Uncertain significance,A693T
EMB,embB,embB_A701T,0.0,2.0,3) Uncertain significance,A701T
EMB,embB,embB_A724V,0.0,2.0,3) Uncertain significance,A724V
EMB,embB,embB_A761V,0.0,2.0,3) Uncertain significance,A761V
EMB,embB,embB_A799T,0.0,2.0,3) Uncertain significance,A799T
EMB,embB,embB_A801T,0.0,2.0,3) Uncertain significance,A801T
EMB,embB,embB_A94V,0.0,2.0,3) Uncertain significance,A94V
EMB,embB,embB_D191E,0.0,2.0,3) Uncertain significance,D191E
EMB,embB,embB_D311A,0.0,2.0,3) Uncertain significance,D311A
EMB,embB,embB_D354N,0.0,2.0,3) Uncertain significance,D354N
EMB,embB,embB_D758N,0.0,2.0,3) Uncertain significance,D758N
EMB,embB,embB_D952E,0.0,2.0,3) Uncertain significance,D952E
EMB,embB,embB_D970G,0.0,2.0,3) Uncertain significance,D970G
EMB,embB,embB_E138G,0.0,2.0,3) Uncertain significance,E138G
EMB,embB,embB_F330I,0.0,2.0,3) Uncertain significance,F330I
EMB,embB,embB_F628S,0.0,2.0,3) Uncertain significance,F628S
EMB,embB,embB_F676S,0.0,2.0,3) Uncertain significance,F676S
EMB,embB,embB_G194R,0.0,2.0,3) Uncertain significance,G194R
EMB,embB,embB_G34V,0.0,2.0,3) Uncertain significance,G34V
EMB,embB,embB_G443S,0.0,2.0,3) Uncertain significance,G443S
EMB,embB,embB_G748E,0.0,2.0,3) Uncertain significance,G748E
EMB,embB,embB_G836E,0.0,2.0,3) Uncertain significance,G836E
EMB,embB,embB_H687Y,0.0,2.0,3) Uncertain significance,H687Y
EMB,embB,embB_I32T,0.0,2.0,3) Uncertain significance,I32T
EMB,embB,embB_I489T,0.0,2.0,3) Uncertain significance,I489T
EMB,embB,embB_I545M,0.0,2.0,3) Uncertain significance,I545M
EMB,embB,embB_K561M,0.0,2.0,3) Uncertain significance,K561M
EMB,embB,embB_K820T,0.0,2.0,3) Uncertain significance,K820T
EMB,embB,embB_L1037I,0.0,2.0,3) Uncertain significance,L1037I
EMB,embB,embB_L17W,0.0,2.0,3) Uncertain significance,L17W
EMB,embB,embB_L971V,0.0,2.0,3) Uncertain significance,L971V
EMB,embB,embB_M575R,0.0,2.0,3) Uncertain significance,M575R
EMB,embB,embB_M575V,0.0,2.0,3) Uncertain significance,M575V
EMB,embB,embB_M904I,0.0,2.0,3) Uncertain significance,M904I
EMB,embB,embB_M916T,0.0,2.0,3) Uncertain significance,M916T
EMB,embB,embB_M91I,0.0,2.0,3) Uncertain significance,M91I
EMB,embB,embB_N129D,0.0,2.0,3) Uncertain significance,N129D
EMB,embB,embB_P1091Q,0.0,2.0,3) Uncertain significance,P1091Q
EMB,embB,embB_P12Q,0.0,2.0,3) Uncertain significance,P12Q
EMB,embB,embB_P143S,0.0,2.0,3) Uncertain significance,P143S
EMB,embB,embB_P371R,0.0,2.0,3) Uncertain significance,P371R
EMB,embB,embB_P766R,0.0,2.0,3) Uncertain significance,P766R
EMB,embB,embB_P818T,0.0,2.0,3) Uncertain significance,P818T
EMB,embB,embB_P824L,0.0,2.0,3) Uncertain significance,P824L
EMB,embB,embB_Q144P,0.0,2.0,3) Uncertain significance,Q144P
EMB,embB,embB_R257W,0.0,2.0,3) Uncertain significance,R257W
EMB,embB,embB_R267Q,0.0,2.0,3) Uncertain significance,R267Q
EMB,embB,embB_R367H,0.0,2.0,3) Uncertain significance,R367H
EMB,embB,embB_S119I,0.0,2.0,3) Uncertain significance,S119I
EMB,embB,embB_S119N,0.0,2.0,3) Uncertain significance,S119N
EMB,embB,embB_S480L,0.0,2.0,3) Uncertain significance,S480L
EMB,embB,embB_T208I,0.0,2.0,3) Uncertain significance,T208I
EMB,embB,embB_T212A,0.0,2.0,3) Uncertain significance,T212A
EMB,embB,embB_T498I,0.0,2.0,3) Uncertain significance,T498I
EMB,embB,embB_T532A,0.0,2.0,3) Uncertain significance,T532A
EMB,embB,embB_T797P,0.0,2.0,3) Uncertain significance,T797P
EMB,embB,embB_V1048I,0.0,2.0,3) Uncertain significance,V1048I
EMB,embB,embB_V135M,0.0,2.0,3) Uncertain significance,V135M
EMB,embB,embB_V282A,0.0,2.0,3) Uncertain significance,V282A
EMB,embB,embB_V369M,0.0,2.0,3) Uncertain significance,V369M
EMB,embB,embB_V39G,0.0,2.0,3) Uncertain significance,V39G
EMB,embB,embB_V414G,0.0,2.0,3) Uncertain significance,V414G
EMB,embB,embB_V452L,0.0,2.0,3) Uncertain significance,V452L
EMB,embB,embB_V566M,0.0,2.0,3) Uncertain significance,V566M
EMB,embB,embB_V668A,0.0,2.0,3) Uncertain significance,V668A
EMB,embB,embB_V67L,0.0,2.0,3) Uncertain significance,V67L
EMB,embB,embB_V744A,0.0,2.0,3) Uncertain significance,V744A
EMB,embB,embB_V755I,0.0,2.0,3) Uncertain significance,V755I
EMB,embB,embB_V783I,0.0,2.0,3) Uncertain significance,V783I
EMB,embB,embB_W621S,0.0,2.0,3) Uncertain significance,W621S
EMB,embB,embB_Y813D,0.0,2.0,3) Uncertain significance,Y813D
EMB,embB,embB_A201E,0.0,3.0,3) Uncertain significance,A201E
EMB,embB,embB_A379T,0.0,3.0,3) Uncertain significance,A379T
EMB,embB,embB_A438T,0.0,3.0,3) Uncertain significance,A438T
EMB,embB,embB_A510T,0.0,3.0,3) Uncertain significance,A510T
EMB,embB,embB_A705T,0.0,3.0,3) Uncertain significance,A705T
EMB,embB,embB_C549Y,0.0,3.0,3) Uncertain significance,C549Y
EMB,embB,embB_D1056E,0.0,3.0,3) Uncertain significance,D1056E
EMB,embB,embB_D240N,0.0,3.0,3) Uncertain significance,D240N
EMB,embB,embB_D814A,0.0,3.0,3) Uncertain significance,D814A
EMB,embB,embB_D869E,0.0,3.0,3) Uncertain significance,D869E
EMB,embB,embB_G156D,0.0,3.0,3) Uncertain significance,G156D
EMB,embB,embB_G175R,0.0,3.0,3) Uncertain significance,G175R
EMB,embB,embB_G25R,0.0,3.0,3) Uncertain significance,G25R
EMB,embB,embB_G305C,0.0,3.0,3) Uncertain significance,G305C
EMB,embB,embB_G62R,0.0,3.0,3) Uncertain significance,G62R
EMB,embB,embB_G65S,0.0,3.0,3) Uncertain significance,G65S
EMB,embB,embB_I226V,0.0,3.0,3) Uncertain significance,I226V
EMB,embB,embB_K938N,0.0,3.0,3) Uncertain significance,K938N
EMB,embB,embB_M340I,0.0,3.0,3) Uncertain significance,M340I
EMB,embB,embB_N886T,0.0,3.0,3) Uncertain significance,N886T
EMB,embB,embB_R182C,0.0,3.0,3) Uncertain significance,R182C
EMB,embB,embB_R267P,0.0,3.0,3) Uncertain significance,R267P
EMB,embB,embB_S142C,0.0,3.0,3) Uncertain significance,S142C
EMB,embB,embB_S272N,0.0,3.0,3) Uncertain significance,S272N
EMB,embB,embB_T588M,0.0,3.0,3) Uncertain significance,T588M
EMB,embB,embB_T797A,0.0,3.0,3) Uncertain significance,T797A
EMB,embB,embB_T849A,0.0,3.0,3) Uncertain significance,T849A
EMB,embB,embB_V292F,0.0,3.0,3) Uncertain significance,V292F
EMB,embB,embB_V417A,0.0,3.0,3) Uncertain significance,V417A
EMB,embB,embB_V508F,0.0,3.0,3) Uncertain significance,V508F
EMB,embB,embB_V793I,0.0,3.0,3) Uncertain significance,V793I
EMB,embB,embB_V944A,0.0,3.0,3) Uncertain significance,V944A
EMB,embB,embB_A155P,0.0,4.0,3) Uncertain significance,A155P
EMB,embB,embB_A547S,0.0,4.0,3) Uncertain significance,A547S
EMB,embB,embB_E958A,0.0,4.0,3) Uncertain significance,E958A
EMB,embB,embB_F1012L,0.0,4.0,3) Uncertain significance,F1012L
EMB,embB,embB_G65D,0.0,4.0,3) Uncertain significance,G65D
EMB,embB,embB_G665W,0.0,4.0,3) Uncertain significance,G665W
EMB,embB,embB_P655Q,0.0,4.0,3) Uncertain significance,P655Q
EMB,embB,embB_S823R,0.0,4.0,3) Uncertain significance,S823R
EMB,embB,embB_T157I,0.0,4.0,3) Uncertain significance,T157I
EMB,embB,embB_T498N,0.0,4.0,3) Uncertain significance,T498N
EMB,embB,embB_T797M,0.0,4.0,3) Uncertain significance,T797M
EMB,embB,embB_V186L,0.0,4.0,3) Uncertain significance,V186L
EMB,embB,embB_Y319D,0.0,4.0,3) Uncertain significance,Y319D
EMB,embB,embB_A228T,0.0,5.0,3) Uncertain significance,A228T
EMB,embB,embB_A386E,0.0,5.0,3) Uncertain significance,A386E
EMB,embB,embB_D191Y,0.0,5.0,3) Uncertain significance,D191Y
EMB,embB,embB_D78G,0.0,5.0,3) Uncertain significance,D78G
EMB,embB,embB_G25A,0.0,5.0,3) Uncertain significance,G25A
EMB,embB,embB_G37S,0.0,5.0,3) Uncertain significance,G37S
EMB,embB,embB_I1006M,0.0,5.0,3) Uncertain significance,I1006M
EMB,embB,embB_K561R,0.0,5.0,3) Uncertain significance,K561R
EMB,embB,embB_P776L,0.0,5.0,3) Uncertain significance,P776L
EMB,embB,embB_P809S,0.0,5.0,3) Uncertain significance,P809S
EMB,embB,embB_Q51P,0.0,5.0,3) Uncertain significance,Q51P
EMB,embB,embB_R620P,0.0,5.0,3) Uncertain significance,R620P
EMB,embB,embB_S426N,0.0,5.0,3) Uncertain significance,S426N
EMB,embB,embB_S565G,0.0,5.0,3) Uncertain significance,S565G
EMB,embB,embB_A338T,0.0,6.0,3) Uncertain significance,A338T
EMB,embB,embB_I1039M,0.0,6.0,3) Uncertain significance,I1039M
EMB,embB,embB_F285L,0.0,7.0,3) Uncertain significance,F285L
EMB,embB,embB_G836R,0.0,7.0,3) Uncertain significance,G836R
EMB,embB,embB_P93L,0.0,7.0,3) Uncertain significance,P93L
EMB,embB,embB_R620C,0.0,7.0,3) Uncertain significance,R620C
EMB,embB,embB_R7T,0.0,7.0,3) Uncertain significance,R7T
EMB,embB,embB_T341N,0.0,7.0,3) Uncertain significance,T341N
EMB,embB,embB_A1073D,0.0,8.0,3) Uncertain significance,A1073D
EMB,embB,embB_A679T,0.0,8.0,3) Uncertain significance,A679T
EMB,embB,embB_D869G,0.0,8.0,3) Uncertain significance,D869G
EMB,embB,embB_N807D,0.0,8.0,3) Uncertain significance,N807D
EMB,embB,embB_P832S,0.0,8.0,3) Uncertain significance,P832S
EMB,embB,embB_T811A,0.0,8.0,3) Uncertain significance,T811A
EMB,embB,embB_P103T,0.0,9.0,3) Uncertain significance,P103T
EMB,embB,embB_P195H,0.0,9.0,3) Uncertain significance,P195H
EMB,embB,embB_T279P,0.0,10.0,3) Uncertain significance,T279P
EMB,embB,embB_P70R,0.0,11.0,3) Uncertain significance,P70R
EMB,embB,embB_A313V,0.0,12.0,3) Uncertain significance,A313V
EMB,embB,embB_V283M,0.0,12.0,3) Uncertain significance,V283M
EMB,embB,embB_E951Q,0.0,13.0,3) Uncertain significance,E951Q
EMB,embB,embB_R741W,0.0,14.0,3) Uncertain significance,R741W
EMB,embB,embB_S773P,0.0,14.0,3) Uncertain significance,S773P
EMB,embB,embB_I709T,0.0,16.0,3) Uncertain significance,I709T
EMB,embB,embB_L370R,0.0,18.0,3) Uncertain significance,L370R
EMB,embB,embB_P731L,0.0,20.0,3) Uncertain significance,P731L
EMB,embB,embB_V131M,0.0,25.0,3) Uncertain significance,V131M
EMB,embB,embB_C361S,0.0,33.0,3) Uncertain significance,C361S
EMB,embB,embB_T1082A,99.0,96.0,4) Not assoc w R - Interim,T1082A
EMB,embB,embB_G156C,31.0,16.0,4) Not assoc w R - Interim,G156C
EMB,embB,embB_V668I,0.0,27.0,4) Not assoc w R - Interim,V668I
EMB,embB,embB_E378A,150.0,2947.0,5) Not assoc w R,E378A
EMB,embB,embB_N13S,5.0,214.0,5) Not assoc w R,N13S
EMB,embB,embB_S1054P,1.0,37.0,5) Not assoc w R,S1054P
EMB,embB,embB_Q139H,1.0,97.0,5) Not assoc w R,Q139H
EMB,embB,embB_R213Q,0.0,117.0,5) Not assoc w R,R213Q
ETH,ethA,ethA_R207G,30.0,12.0,1) Assoc w R,R207G
ETH,ethA,ethA_M1R,27.0,17.0,1) Assoc w R,M1R
ETH,inhA,inhA_S94A,62.0,10.0,2) Assoc w R - Interim,S94A
ETH,ethA,ethA_P378L,25.0,31.0,2) Assoc w R - Interim,P378L
ETH,ethA,ethA_M1T,24.0,6.0,2) Assoc w R - Interim,M1T
ETH,ethA,ethA_S390F,19.0,4.0,2) Assoc w R - Interim,S390F
ETH,ethA,ethA_A341V,18.0,2.0,2) Assoc w R - Interim,A341V
ETH,ethA,ethA_S57Y,11.0,1.0,2) Assoc w R - Interim,S57Y
ETH,ethA,ethA_Y32D,10.0,6.0,2) Assoc w R - Interim,Y32D
ETH,ethA,ethA_T88I,8.0,1.0,2) Assoc w R - Interim,T88I
ETH,ethA,ethA_G11V,7.0,0.0,2) Assoc w R - Interim,G11V
ETH,ethA,ethA_S266R,155.0,319.0,3) Uncertain significance,S266R
ETH,ethA,ethA_H281P,135.0,25.0,3) Uncertain significance,H281P
ETH,ethA,ethA_N345K,111.0,206.0,3) Uncertain significance,N345K
ETH,ethA,ethA_A381P,73.0,123.0,3) Uncertain significance,A381P
ETH,inhA,inhA_I21T,70.0,5.0,3) Uncertain significance,I21T
ETH,inhA,inhA_I194T,70.0,39.0,3) Uncertain significance,I194T
ETH,ethA,ethA_T321P,65.0,2.0,3) Uncertain significance,T321P
ETH,ethA,ethA_T314I,40.0,99.0,3) Uncertain significance,T314I
ETH,inhA,inhA_I21V,23.0,3.0,3) Uncertain significance,I21V
ETH,ethA,ethA_N379D,13.0,40.0,3) Uncertain significance,N379D
ETH,ethA,ethA_C137R,11.0,12.0,3) Uncertain significance,C137R
ETH,ethA,ethA_P334A,11.0,55.0,3) Uncertain significance,P334A
ETH,ethA,ethA_A89E,8.0,12.0,3) Uncertain significance,A89E
ETH,ethA,ethA_T453I,8.0,58.0,3) Uncertain significance,T453I
ETH,inhA,inhA_A239V,7.0,0.0,3) Uncertain significance,A239V
ETH,ethA,ethA_V17A,7.0,1.0,3) Uncertain significance,V17A
ETH,ethA,ethA_L35R,7.0,4.0,3) Uncertain significance,L35R
ETH,ethA,ethA_T314A,6.0,1.0,3) Uncertain significance,T314A
ETH,ethA,ethA_Y211S,6.0,1.0,3) Uncertain significance,Y211S
ETH,ethA,ethA_C403W,5.0,0.0,3) Uncertain significance,C403W
ETH,ethA,ethA_T44A,5.0,0.0,3) Uncertain significance,T44A
ETH,ethA,ethA_D58G,5.0,1.0,3) Uncertain significance,D58G
ETH,ethA,ethA_V188I,5.0,15.0,3) Uncertain significance,V188I
ETH,ethA,ethA_P192S,5.0,20.0,3) Uncertain significance,P192S
ETH,ethA,ethA_H201P,4.0,0.0,3) Uncertain significance,H201P
ETH,ethA,ethA_P447L,4.0,0.0,3) Uncertain significance,P447L
ETH,ethA,ethA_T342A,4.0,0.0,3) Uncertain significance,T342A
ETH,ethA,ethA_V202G,4.0,0.0,3) Uncertain significance,V202G
ETH,ethA,ethA_C27Y,4.0,1.0,3) Uncertain significance,C27Y
ETH,ethA,ethA_G43S,4.0,1.0,3) Uncertain significance,G43S
ETH,ethA,ethA_L136R,4.0,1.0,3) Uncertain significance,L136R
ETH,ethA,ethA_P273L,4.0,1.0,3) Uncertain significance,P273L
ETH,ethA,ethA_C137Y,4.0,2.0,3) Uncertain significance,C137Y
ETH,ethA,ethA_Q254P,4.0,4.0,3) Uncertain significance,Q254P
ETH,ethA,ethA_P192T,4.0,8.0,3) Uncertain significance,P192T
ETH,ethA,ethA_N379K,4.0,9.0,3) Uncertain significance,N379K
ETH,ethA,ethA_A341E,3.0,0.0,3) Uncertain significance,A341E
ETH,ethA,ethA_G124V,3.0,0.0,3) Uncertain significance,G124V
ETH,ethA,ethA_G42V,3.0,0.0,3) Uncertain significance,G42V
ETH,ethA,ethA_L129R,3.0,0.0,3) Uncertain significance,L129R
ETH,ethA,ethA_L205P,3.0,0.0,3) Uncertain significance,L205P
ETH,ethA,ethA_Q291P,3.0,0.0,3) Uncertain significance,Q291P
ETH,ethA,ethA_S138I,3.0,0.0,3) Uncertain significance,S138I
ETH,ethA,ethA_T342K,3.0,0.0,3) Uncertain significance,T342K
ETH,ethA,ethA_V191M,3.0,0.0,3) Uncertain significance,V191M
ETH,ethA,ethA_Y147S,3.0,0.0,3) Uncertain significance,Y147S
ETH,ethA,ethA_Y369C,3.0,0.0,3) Uncertain significance,Y369C
ETH,ethA,ethA_Y50D,3.0,0.0,3) Uncertain significance,Y50D
ETH,ethA,ethA_Y60C,3.0,0.0,3) Uncertain significance,Y60C
ETH,ethA,ethA_L194P,3.0,1.0,3) Uncertain significance,L194P
ETH,ethA,ethA_M41R,3.0,1.0,3) Uncertain significance,M41R
ETH,ethA,ethA_S55P,3.0,1.0,3) Uncertain significance,S55P
ETH,ethA,ethA_T392R,3.0,1.0,3) Uncertain significance,T392R
ETH,ethA,ethA_V118G,3.0,1.0,3) Uncertain significance,V118G
ETH,ethA,ethA_L397P,3.0,3.0,3) Uncertain significance,L397P
ETH,inhA,inhA_T236M,3.0,4.0,3) Uncertain significance,T236M
ETH,ethA,ethA_P454L,3.0,5.0,3) Uncertain significance,P454L
ETH,ethA,ethA_T61M,3.0,5.0,3) Uncertain significance,T61M
ETH,ethA,ethA_H281R,3.0,6.0,3) Uncertain significance,H281R
ETH,ethA,ethA_Y50C,3.0,6.0,3) Uncertain significance,Y50C
ETH,ethA,ethA_A187V,2.0,0.0,3) Uncertain significance,A187V
ETH,ethA,ethA_D396G,2.0,0.0,3) Uncertain significance,D396G
ETH,ethA,ethA_D396N,2.0,0.0,3) Uncertain significance,D396N
ETH,ethA,ethA_F157S,2.0,0.0,3) Uncertain significance,F157S
ETH,ethA,ethA_F48S,2.0,0.0,3) Uncertain significance,F48S
ETH,ethA,ethA_G184D,2.0,0.0,3) Uncertain significance,G184D
ETH,ethA,ethA_I34S,2.0,0.0,3) Uncertain significance,I34S
ETH,ethA,ethA_L134R,2.0,0.0,3) Uncertain significance,L134R
ETH,ethA,ethA_L295W,2.0,0.0,3) Uncertain significance,L295W
ETH,ethA,ethA_L62R,2.0,0.0,3) Uncertain significance,L62R
ETH,ethA,ethA_N379H,2.0,0.0,3) Uncertain significance,N379H
ETH,ethA,ethA_P436L,2.0,0.0,3) Uncertain significance,P436L
ETH,ethA,ethA_Q206P,2.0,0.0,3) Uncertain significance,Q206P
ETH,ethA,ethA_Q246P,2.0,0.0,3) Uncertain significance,Q246P
ETH,ethA,ethA_R54C,2.0,0.0,3) Uncertain significance,R54C
ETH,ethA,ethA_T392P,2.0,0.0,3) Uncertain significance,T392P
ETH,ethA,ethA_T88P,2.0,0.0,3) Uncertain significance,T88P
ETH,ethA,ethA_W391C,2.0,0.0,3) Uncertain significance,W391C
ETH,ethA,ethA_Y84C,2.0,0.0,3) Uncertain significance,Y84C
ETH,ethA,ethA_Y84D,2.0,0.0,3) Uncertain significance,Y84D
ETH,inhA,inhA_F41S,2.0,0.0,3) Uncertain significance,F41S
ETH,inhA,inhA_I16T,2.0,0.0,3) Uncertain significance,I16T
ETH,inhA,inhA_I95V,2.0,0.0,3) Uncertain significance,I95V
ETH,ethA,ethA_A19V,2.0,1.0,3) Uncertain significance,A19V
ETH,ethA,ethA_G13E,2.0,1.0,3) Uncertain significance,G13E
ETH,ethA,ethA_P192L,2.0,1.0,3) Uncertain significance,P192L
ETH,ethA,ethA_P257R,2.0,1.0,3) Uncertain significance,P257R
ETH,ethA,ethA_S138R,2.0,1.0,3) Uncertain significance,S138R
ETH,ethA,ethA_W167R,2.0,1.0,3) Uncertain significance,W167R
ETH,ethA,ethA_Y211C,2.0,1.0,3) Uncertain significance,Y211C
ETH,ethA,ethA_G182D,2.0,2.0,3) Uncertain significance,G182D
ETH,ethA,ethA_I305S,2.0,2.0,3) Uncertain significance,I305S
ETH,ethA,ethA_C294Y,2.0,3.0,3) Uncertain significance,C294Y
ETH,ethA,ethA_P257S,2.0,3.0,3) Uncertain significance,P257S
ETH,ethA,ethA_R207C,2.0,3.0,3) Uncertain significance,R207C
ETH,ethA,ethA_S208P,2.0,3.0,3) Uncertain significance,S208P
ETH,ethA,ethA_A247P,2.0,5.0,3) Uncertain significance,A247P
ETH,ethA,ethA_D56A,2.0,5.0,3) Uncertain significance,D56A
ETH,ethA,ethA_L244P,2.0,6.0,3) Uncertain significance,L244P
ETH,ethA,ethA_G423R,2.0,22.0,3) Uncertain significance,G423R
ETH,ethA,ethA_A185V,1.0,0.0,3) Uncertain significance,A185V
ETH,ethA,ethA_A187E,1.0,0.0,3) Uncertain significance,A187E
ETH,ethA,ethA_A20S,1.0,0.0,3) Uncertain significance,A20S
ETH,ethA,ethA_A20V,1.0,0.0,3) Uncertain significance,A20V
ETH,ethA,ethA_A222T,1.0,0.0,3) Uncertain significance,A222T
ETH,ethA,ethA_A234D,1.0,0.0,3) Uncertain significance,A234D
ETH,ethA,ethA_A304V,1.0,0.0,3) Uncertain significance,A304V
ETH,ethA,ethA_C131R,1.0,0.0,3) Uncertain significance,C131R
ETH,ethA,ethA_C253F,1.0,0.0,3) Uncertain significance,C253F
ETH,ethA,ethA_C253R,1.0,0.0,3) Uncertain significance,C253R
ETH,ethA,ethA_C253W,1.0,0.0,3) Uncertain significance,C253W
ETH,ethA,ethA_C294W,1.0,0.0,3) Uncertain significance,C294W
ETH,ethA,ethA_C403R,1.0,0.0,3) Uncertain significance,C403R
ETH,ethA,ethA_C403Y,1.0,0.0,3) Uncertain significance,C403Y
ETH,ethA,ethA_D219G,1.0,0.0,3) Uncertain significance,D219G
ETH,ethA,ethA_D444G,1.0,0.0,3) Uncertain significance,D444G
ETH,ethA,ethA_D56G,1.0,0.0,3) Uncertain significance,D56G
ETH,ethA,ethA_E36K,1.0,0.0,3) Uncertain significance,E36K
ETH,ethA,ethA_E36Q,1.0,0.0,3) Uncertain significance,E36Q
ETH,ethA,ethA_E400K,1.0,0.0,3) Uncertain significance,E400K
ETH,ethA,ethA_F133S,1.0,0.0,3) Uncertain significance,F133S
ETH,ethA,ethA_F264S,1.0,0.0,3) Uncertain significance,F264S
ETH,ethA,ethA_F66L,1.0,0.0,3) Uncertain significance,F66L
ETH,ethA,ethA_G11D,1.0,0.0,3) Uncertain significance,G11D
ETH,ethA,ethA_G139S,1.0,0.0,3) Uncertain significance,G139S
ETH,ethA,ethA_G13R,1.0,0.0,3) Uncertain significance,G13R
ETH,ethA,ethA_G16D,1.0,0.0,3) Uncertain significance,G16D
ETH,ethA,ethA_G182S,1.0,0.0,3) Uncertain significance,G182S
ETH,ethA,ethA_G275E,1.0,0.0,3) Uncertain significance,G275E
ETH,ethA,ethA_G343E,1.0,0.0,3) Uncertain significance,G343E
ETH,ethA,ethA_G343R,1.0,0.0,3) Uncertain significance,G343R
ETH,ethA,ethA_G371V,1.0,0.0,3) Uncertain significance,G371V
ETH,ethA,ethA_G43D,1.0,0.0,3) Uncertain significance,G43D
ETH,ethA,ethA_G450C,1.0,0.0,3) Uncertain significance,G450C
ETH,ethA,ethA_G471V,1.0,0.0,3) Uncertain significance,G471V
ETH,ethA,ethA_G63D,1.0,0.0,3) Uncertain significance,G63D
ETH,ethA,ethA_H166P,1.0,0.0,3) Uncertain significance,H166P
ETH,ethA,ethA_H22R,1.0,0.0,3) Uncertain significance,H22R
ETH,ethA,ethA_H307P,1.0,0.0,3) Uncertain significance,H307P
ETH,ethA,ethA_I161S,1.0,0.0,3) Uncertain significance,I161S
ETH,ethA,ethA_I181S,1.0,0.0,3) Uncertain significance,I181S
ETH,ethA,ethA_I212M,1.0,0.0,3) Uncertain significance,I212M
ETH,ethA,ethA_I356T,1.0,0.0,3) Uncertain significance,I356T
ETH,ethA,ethA_I473S,1.0,0.0,3) Uncertain significance,I473S
ETH,ethA,ethA_I9S,1.0,0.0,3) Uncertain significance,I9S
ETH,ethA,ethA_L134H,1.0,0.0,3) Uncertain significance,L134H
ETH,ethA,ethA_L190F,1.0,0.0,3) Uncertain significance,L190F
ETH,ethA,ethA_L194R,1.0,0.0,3) Uncertain significance,L194R
ETH,ethA,ethA_L225P,1.0,0.0,3) Uncertain significance,L225P
ETH,ethA,ethA_L225R,1.0,0.0,3) Uncertain significance,L225R
ETH,ethA,ethA_L23P,1.0,0.0,3) Uncertain significance,L23P
ETH,ethA,ethA_L35P,1.0,0.0,3) Uncertain significance,L35P
ETH,ethA,ethA_L393R,1.0,0.0,3) Uncertain significance,L393R
ETH,ethA,ethA_L406S,1.0,0.0,3) Uncertain significance,L406S
ETH,ethA,ethA_L47S,1.0,0.0,3) Uncertain significance,L47S
ETH,ethA,ethA_M1L,1.0,0.0,3) Uncertain significance,M1L
ETH,ethA,ethA_M204V,1.0,0.0,3) Uncertain significance,M204V
ETH,ethA,ethA_M380I,1.0,0.0,3) Uncertain significance,M380I
ETH,ethA,ethA_M409T,1.0,0.0,3) Uncertain significance,M409T
ETH,ethA,ethA_M59R,1.0,0.0,3) Uncertain significance,M59R
ETH,ethA,ethA_P160S,1.0,0.0,3) Uncertain significance,P160S
ETH,ethA,ethA_P230Q,1.0,0.0,3) Uncertain significance,P230Q
ETH,ethA,ethA_P257L,1.0,0.0,3) Uncertain significance,P257L
ETH,ethA,ethA_P257Q,1.0,0.0,3) Uncertain significance,P257Q
ETH,ethA,ethA_P257T,1.0,0.0,3) Uncertain significance,P257T
ETH,ethA,ethA_P273R,1.0,0.0,3) Uncertain significance,P273R
ETH,ethA,ethA_P288S,1.0,0.0,3) Uncertain significance,P288S
ETH,ethA,ethA_P422L,1.0,0.0,3) Uncertain significance,P422L
ETH,ethA,ethA_P454S,1.0,0.0,3) Uncertain significance,P454S
ETH,ethA,ethA_Q165H,1.0,0.0,3) Uncertain significance,Q165H
ETH,ethA,ethA_Q271P,1.0,0.0,3) Uncertain significance,Q271P
ETH,ethA,ethA_R303P,1.0,0.0,3) Uncertain significance,R303P
ETH,ethA,ethA_R404L,1.0,0.0,3) Uncertain significance,R404L
ETH,ethA,ethA_R441C,1.0,0.0,3) Uncertain significance,R441C
ETH,ethA,ethA_R441P,1.0,0.0,3) Uncertain significance,R441P
ETH,ethA,ethA_R452G,1.0,0.0,3) Uncertain significance,R452G
ETH,ethA,ethA_R479P,1.0,0.0,3) Uncertain significance,R479P
ETH,ethA,ethA_R54L,1.0,0.0,3) Uncertain significance,R54L
ETH,ethA,ethA_R96K,1.0,0.0,3) Uncertain significance,R96K
ETH,ethA,ethA_S208L,1.0,0.0,3) Uncertain significance,S208L
ETH,ethA,ethA_S57P,1.0,0.0,3) Uncertain significance,S57P
ETH,ethA,ethA_T186P,1.0,0.0,3) Uncertain significance,T186P
ETH,ethA,ethA_T189M,1.0,0.0,3) Uncertain significance,T189M
ETH,ethA,ethA_T203P,1.0,0.0,3) Uncertain significance,T203P
ETH,ethA,ethA_T366P,1.0,0.0,3) Uncertain significance,T366P
ETH,ethA,ethA_T383P,1.0,0.0,3) Uncertain significance,T383P
ETH,ethA,ethA_T435I,1.0,0.0,3) Uncertain significance,T435I
ETH,ethA,ethA_T44I,1.0,0.0,3) Uncertain significance,T44I
ETH,ethA,ethA_T61K,1.0,0.0,3) Uncertain significance,T61K
ETH,ethA,ethA_V118F,1.0,0.0,3) Uncertain significance,V118F
ETH,ethA,ethA_V296M,1.0,0.0,3) Uncertain significance,V296M
ETH,ethA,ethA_V384G,1.0,0.0,3) Uncertain significance,V384G
ETH,ethA,ethA_V417E,1.0,0.0,3) Uncertain significance,V417E
ETH,ethA,ethA_W167S,1.0,0.0,3) Uncertain significance,W167S
ETH,ethA,ethA_W21G,1.0,0.0,3) Uncertain significance,W21G
ETH,ethA,ethA_W21L,1.0,0.0,3) Uncertain significance,W21L
ETH,ethA,ethA_W21R,1.0,0.0,3) Uncertain significance,W21R
ETH,ethA,ethA_W45L,1.0,0.0,3) Uncertain significance,W45L
ETH,ethA,ethA_Y235H,1.0,0.0,3) Uncertain significance,Y235H
ETH,ethA,ethA_Y286C,1.0,0.0,3) Uncertain significance,Y286C
ETH,ethA,ethA_Y369D,1.0,0.0,3) Uncertain significance,Y369D
ETH,ethA,ethA_Y382N,1.0,0.0,3) Uncertain significance,Y382N
ETH,inhA,inhA_G40W,1.0,0.0,3) Uncertain significance,G40W
ETH,inhA,inhA_M161V,1.0,0.0,3) Uncertain significance,M161V
ETH,inhA,inhA_P107S,1.0,0.0,3) Uncertain significance,P107S
ETH,inhA,inhA_T162M,1.0,0.0,3) Uncertain significance,T162M
ETH,inhA,inhA_T51A,1.0,0.0,3) Uncertain significance,T51A
ETH,ethA,ethA_A20D,1.0,1.0,3) Uncertain significance,A20D
ETH,ethA,ethA_C137G,1.0,1.0,3) Uncertain significance,C137G
ETH,ethA,ethA_F302V,1.0,1.0,3) Uncertain significance,F302V
ETH,ethA,ethA_G182C,1.0,1.0,3) Uncertain significance,G182C
ETH,ethA,ethA_H102P,1.0,1.0,3) Uncertain significance,H102P
ETH,ethA,ethA_H119P,1.0,1.0,3) Uncertain significance,H119P
ETH,ethA,ethA_H163D,1.0,1.0,3) Uncertain significance,H163D
ETH,ethA,ethA_I338S,1.0,1.0,3) Uncertain significance,I338S
ETH,ethA,ethA_L23R,1.0,1.0,3) Uncertain significance,L23R
ETH,ethA,ethA_L374R,1.0,1.0,3) Uncertain significance,L374R
ETH,ethA,ethA_L397R,1.0,1.0,3) Uncertain significance,L397R
ETH,ethA,ethA_L478R,1.0,1.0,3) Uncertain significance,L478R
ETH,ethA,ethA_L62P,1.0,1.0,3) Uncertain significance,L62P
ETH,ethA,ethA_M372R,1.0,1.0,3) Uncertain significance,M372R
ETH,ethA,ethA_P164L,1.0,1.0,3) Uncertain significance,P164L
ETH,ethA,ethA_P230L,1.0,1.0,3) Uncertain significance,P230L
ETH,ethA,ethA_S183R,1.0,1.0,3) Uncertain significance,S183R
ETH,ethA,ethA_S251R,1.0,1.0,3) Uncertain significance,S251R
ETH,ethA,ethA_T2A,1.0,1.0,3) Uncertain significance,T2A
ETH,ethA,ethA_T355P,1.0,1.0,3) Uncertain significance,T355P
ETH,ethA,ethA_V402F,1.0,1.0,3) Uncertain significance,V402F
ETH,ethA,ethA_W109C,1.0,1.0,3) Uncertain significance,W109C
ETH,ethA,ethA_W289R,1.0,1.0,3) Uncertain significance,W289R
ETH,ethA,ethA_W69R,1.0,1.0,3) Uncertain significance,W69R
ETH,ethA,ethA_Y211H,1.0,1.0,3) Uncertain significance,Y211H
ETH,ethA,ethA_Y60D,1.0,1.0,3) Uncertain significance,Y60D
ETH,inhA,inhA_A239T,1.0,1.0,3) Uncertain significance,A239T
ETH,inhA,inhA_I95L,1.0,1.0,3) Uncertain significance,I95L
ETH,ethA,ethA_A335D,1.0,2.0,3) Uncertain significance,A335D
ETH,ethA,ethA_D58A,1.0,2.0,3) Uncertain significance,D58A
ETH,ethA,ethA_F282V,1.0,2.0,3) Uncertain significance,F282V
ETH,ethA,ethA_F431L,1.0,2.0,3) Uncertain significance,F431L
ETH,ethA,ethA_G139A,1.0,2.0,3) Uncertain significance,G139A
ETH,ethA,ethA_G343V,1.0,2.0,3) Uncertain significance,G343V
ETH,ethA,ethA_I94S,1.0,2.0,3) Uncertain significance,I94S
ETH,ethA,ethA_L190P,1.0,2.0,3) Uncertain significance,L190P
ETH,ethA,ethA_L35V,1.0,2.0,3) Uncertain significance,L35V
ETH,ethA,ethA_M59T,1.0,2.0,3) Uncertain significance,M59T
ETH,ethA,ethA_P447S,1.0,2.0,3) Uncertain significance,P447S
ETH,ethA,ethA_R207S,1.0,2.0,3) Uncertain significance,R207S
ETH,ethA,ethA_S375Y,1.0,2.0,3) Uncertain significance,S375Y
ETH,ethA,ethA_V10G,1.0,2.0,3) Uncertain significance,V10G
ETH,ethA,ethA_Y386S,1.0,2.0,3) Uncertain significance,Y386S
ETH,ethA,ethA_Y461C,1.0,2.0,3) Uncertain significance,Y461C
ETH,ethA,ethA_A112G,1.0,3.0,3) Uncertain significance,A112G
ETH,ethA,ethA_G450S,1.0,3.0,3) Uncertain significance,G450S
ETH,ethA,ethA_N287K,1.0,3.0,3) Uncertain significance,N287K
ETH,ethA,ethA_P51H,1.0,3.0,3) Uncertain significance,P51H
ETH,ethA,ethA_P51R,1.0,3.0,3) Uncertain significance,P51R
ETH,ethA,ethA_R65P,1.0,3.0,3) Uncertain significance,R65P
ETH,ethA,ethA_T117P,1.0,3.0,3) Uncertain significance,T117P
ETH,ethA,ethA_V238G,1.0,3.0,3) Uncertain significance,V238G
ETH,ethA,ethA_I34T,1.0,4.0,3) Uncertain significance,I34T
ETH,ethA,ethA_M204T,1.0,4.0,3) Uncertain significance,M204T
ETH,ethA,ethA_S399L,1.0,4.0,3) Uncertain significance,S399L
ETH,ethA,ethA_S55A,1.0,4.0,3) Uncertain significance,S55A
ETH,ethA,ethA_I105L,1.0,5.0,3) Uncertain significance,I105L
ETH,ethA,ethA_Y276H,1.0,5.0,3) Uncertain significance,Y276H
ETH,ethA,ethA_L440P,1.0,6.0,3) Uncertain significance,L440P
ETH,ethA,ethA_Q165P,1.0,6.0,3) Uncertain significance,Q165P
ETH,ethA,ethA_D77G,1.0,7.0,3) Uncertain significance,D77G
ETH,inhA,inhA_T162S,1.0,16.0,3) Uncertain significance,T162S
ETH,ethA,ethA_L348F,1.0,18.0,3) Uncertain significance,L348F
ETH,ethA,ethA_A12V,0.0,1.0,3) Uncertain significance,A12V
ETH,ethA,ethA_A20P,0.0,1.0,3) Uncertain significance,A20P
ETH,ethA,ethA_A222V,0.0,1.0,3) Uncertain significance,A222V
ETH,ethA,ethA_A322V,0.0,1.0,3) Uncertain significance,A322V
ETH,ethA,ethA_A33P,0.0,1.0,3) Uncertain significance,A33P
ETH,ethA,ethA_A352E,0.0,1.0,3) Uncertain significance,A352E
ETH,ethA,ethA_A354G,0.0,1.0,3) Uncertain significance,A354G
ETH,ethA,ethA_A389D,0.0,1.0,3) Uncertain significance,A389D
ETH,ethA,ethA_A395D,0.0,1.0,3) Uncertain significance,A395D
ETH,ethA,ethA_A481T,0.0,1.0,3) Uncertain significance,A481T
ETH,ethA,ethA_A74P,0.0,1.0,3) Uncertain significance,A74P
ETH,ethA,ethA_A74V,0.0,1.0,3) Uncertain significance,A74V
ETH,ethA,ethA_C403G,0.0,1.0,3) Uncertain significance,C403G
ETH,ethA,ethA_D144G,0.0,1.0,3) Uncertain significance,D144G
ETH,ethA,ethA_D196E,0.0,1.0,3) Uncertain significance,D196E
ETH,ethA,ethA_D219E,0.0,1.0,3) Uncertain significance,D219E
ETH,ethA,ethA_D290E,0.0,1.0,3) Uncertain significance,D290E
ETH,ethA,ethA_D336E,0.0,1.0,3) Uncertain significance,D336E
ETH,ethA,ethA_D410H,0.0,1.0,3) Uncertain significance,D410H
ETH,ethA,ethA_D46N,0.0,1.0,3) Uncertain significance,D46N
ETH,ethA,ethA_E113Q,0.0,1.0,3) Uncertain significance,E113Q
ETH,ethA,ethA_E311D,0.0,1.0,3) Uncertain significance,E311D
ETH,ethA,ethA_E476Q,0.0,1.0,3) Uncertain significance,E476Q
ETH,ethA,ethA_F151L,0.0,1.0,3) Uncertain significance,F151L
ETH,ethA,ethA_F264L,0.0,1.0,3) Uncertain significance,F264L
ETH,ethA,ethA_F282L,0.0,1.0,3) Uncertain significance,F282L
ETH,ethA,ethA_F302S,0.0,1.0,3) Uncertain significance,F302S
ETH,ethA,ethA_F320S,0.0,1.0,3) Uncertain significance,F320S
ETH,ethA,ethA_F64C,0.0,1.0,3) Uncertain significance,F64C
ETH,ethA,ethA_F64L,0.0,1.0,3) Uncertain significance,F64L
ETH,ethA,ethA_G124D,0.0,1.0,3) Uncertain significance,G124D
ETH,ethA,ethA_G182A,0.0,1.0,3) Uncertain significance,G182A
ETH,ethA,ethA_G324A,0.0,1.0,3) Uncertain significance,G324A
ETH,ethA,ethA_G324R,0.0,1.0,3) Uncertain significance,G324R
ETH,ethA,ethA_G350C,0.0,1.0,3) Uncertain significance,G350C
ETH,ethA,ethA_G351V,0.0,1.0,3) Uncertain significance,G351V
ETH,ethA,ethA_G423V,0.0,1.0,3) Uncertain significance,G423V
ETH,ethA,ethA_G42D,0.0,1.0,3) Uncertain significance,G42D
ETH,ethA,ethA_G42S,0.0,1.0,3) Uncertain significance,G42S
ETH,ethA,ethA_G43A,0.0,1.0,3) Uncertain significance,G43A
ETH,ethA,ethA_G471R,0.0,1.0,3) Uncertain significance,G471R
ETH,ethA,ethA_G477D,0.0,1.0,3) Uncertain significance,G477D
ETH,ethA,ethA_G63V,0.0,1.0,3) Uncertain significance,G63V
ETH,ethA,ethA_G78D,0.0,1.0,3) Uncertain significance,G78D
ETH,ethA,ethA_G93R,0.0,1.0,3) Uncertain significance,G93R
ETH,ethA,ethA_H22D,0.0,1.0,3) Uncertain significance,H22D
ETH,ethA,ethA_H22Y,0.0,1.0,3) Uncertain significance,H22Y
ETH,ethA,ethA_H281Q,0.0,1.0,3) Uncertain significance,H281Q
ETH,ethA,ethA_H307Q,0.0,1.0,3) Uncertain significance,H307Q
ETH,ethA,ethA_H4N,0.0,1.0,3) Uncertain significance,H4N
ETH,ethA,ethA_I120N,0.0,1.0,3) Uncertain significance,I120N
ETH,ethA,ethA_I178V,0.0,1.0,3) Uncertain significance,I178V
ETH,ethA,ethA_I338M,0.0,1.0,3) Uncertain significance,I338M
ETH,ethA,ethA_I339S,0.0,1.0,3) Uncertain significance,I339S
ETH,ethA,ethA_I34M,0.0,1.0,3) Uncertain significance,I34M
ETH,ethA,ethA_I377K,0.0,1.0,3) Uncertain significance,I377K
ETH,ethA,ethA_I81T,0.0,1.0,3) Uncertain significance,I81T
ETH,ethA,ethA_I98V,0.0,1.0,3) Uncertain significance,I98V
ETH,ethA,ethA_K200R,0.0,1.0,3) Uncertain significance,K200R
ETH,ethA,ethA_K394T,0.0,1.0,3) Uncertain significance,K394T
ETH,ethA,ethA_L126F,0.0,1.0,3) Uncertain significance,L126F
ETH,ethA,ethA_L171F,0.0,1.0,3) Uncertain significance,L171F
ETH,ethA,ethA_L205R,0.0,1.0,3) Uncertain significance,L205R
ETH,ethA,ethA_L344S,0.0,1.0,3) Uncertain significance,L344S
ETH,ethA,ethA_L374F,0.0,1.0,3) Uncertain significance,L374F
ETH,ethA,ethA_L393P,0.0,1.0,3) Uncertain significance,L393P
ETH,ethA,ethA_L405S,0.0,1.0,3) Uncertain significance,L405S
ETH,ethA,ethA_L82R,0.0,1.0,3) Uncertain significance,L82R
ETH,ethA,ethA_M233I,0.0,1.0,3) Uncertain significance,M233I
ETH,ethA,ethA_M233V,0.0,1.0,3) Uncertain significance,M233V
ETH,ethA,ethA_N298T,0.0,1.0,3) Uncertain significance,N298T
ETH,ethA,ethA_N379S,0.0,1.0,3) Uncertain significance,N379S
ETH,ethA,ethA_P149L,0.0,1.0,3) Uncertain significance,P149L
ETH,ethA,ethA_P160T,0.0,1.0,3) Uncertain significance,P160T
ETH,ethA,ethA_P164Q,0.0,1.0,3) Uncertain significance,P164Q
ETH,ethA,ethA_P273S,0.0,1.0,3) Uncertain significance,P273S
ETH,ethA,ethA_P284A,0.0,1.0,3) Uncertain significance,P284A
ETH,ethA,ethA_P436A,0.0,1.0,3) Uncertain significance,P436A
ETH,ethA,ethA_P68L,0.0,1.0,3) Uncertain significance,P68L
ETH,ethA,ethA_Q165R,0.0,1.0,3) Uncertain significance,Q165R
ETH,ethA,ethA_Q271H,0.0,1.0,3) Uncertain significance,Q271H
ETH,ethA,ethA_R115C,0.0,1.0,3) Uncertain significance,R115C
ETH,ethA,ethA_R218W,0.0,1.0,3) Uncertain significance,R218W
ETH,ethA,ethA_R239G,0.0,1.0,3) Uncertain significance,R239G
ETH,ethA,ethA_R239W,0.0,1.0,3) Uncertain significance,R239W
ETH,ethA,ethA_R261W,0.0,1.0,3) Uncertain significance,R261W
ETH,ethA,ethA_R270H,0.0,1.0,3) Uncertain significance,R270H
ETH,ethA,ethA_R326L,0.0,1.0,3) Uncertain significance,R326L
ETH,ethA,ethA_R326Q,0.0,1.0,3) Uncertain significance,R326Q
ETH,ethA,ethA_R456C,0.0,1.0,3) Uncertain significance,R456C
ETH,ethA,ethA_R466W,0.0,1.0,3) Uncertain significance,R466W
ETH,ethA,ethA_R54H,0.0,1.0,3) Uncertain significance,R54H
ETH,ethA,ethA_S15C,0.0,1.0,3) Uncertain significance,S15C
ETH,ethA,ethA_S208A,0.0,1.0,3) Uncertain significance,S208A
ETH,ethA,ethA_S329P,0.0,1.0,3) Uncertain significance,S329P
ETH,ethA,ethA_S390Y,0.0,1.0,3) Uncertain significance,S390Y
ETH,ethA,ethA_S424L,0.0,1.0,3) Uncertain significance,S424L
ETH,ethA,ethA_T210N,0.0,1.0,3) Uncertain significance,T210N
ETH,ethA,ethA_T232A,0.0,1.0,3) Uncertain significance,T232A
ETH,ethA,ethA_T340I,0.0,1.0,3) Uncertain significance,T340I
ETH,ethA,ethA_T353M,0.0,1.0,3) Uncertain significance,T353M
ETH,ethA,ethA_T392A,0.0,1.0,3) Uncertain significance,T392A
ETH,ethA,ethA_T44P,0.0,1.0,3) Uncertain significance,T44P
ETH,ethA,ethA_T453S,0.0,1.0,3) Uncertain significance,T453S
ETH,ethA,ethA_V179G,0.0,1.0,3) Uncertain significance,V179G
ETH,ethA,ethA_V243A,0.0,1.0,3) Uncertain significance,V243A
ETH,ethA,ethA_V243G,0.0,1.0,3) Uncertain significance,V243G
ETH,ethA,ethA_V249A,0.0,1.0,3) Uncertain significance,V249A
ETH,ethA,ethA_V310I,0.0,1.0,3) Uncertain significance,V310I
ETH,ethA,ethA_V419I,0.0,1.0,3) Uncertain significance,V419I
ETH,ethA,ethA_V426F,0.0,1.0,3) Uncertain significance,V426F
ETH,ethA,ethA_V489F,0.0,1.0,3) Uncertain significance,V489F
ETH,ethA,ethA_V7A,0.0,1.0,3) Uncertain significance,V7A
ETH,ethA,ethA_W116C,0.0,1.0,3) Uncertain significance,W116C
ETH,ethA,ethA_W240R,0.0,1.0,3) Uncertain significance,W240R
ETH,ethA,ethA_W256G,0.0,1.0,3) Uncertain significance,W256G
ETH,ethA,ethA_W391R,0.0,1.0,3) Uncertain significance,W391R
ETH,ethA,ethA_W455R,0.0,1.0,3) Uncertain significance,W455R
ETH,ethA,ethA_W69L,0.0,1.0,3) Uncertain significance,W69L
ETH,ethA,ethA_W69S,0.0,1.0,3) Uncertain significance,W69S
ETH,ethA,ethA_Y141C,0.0,1.0,3) Uncertain significance,Y141C
ETH,ethA,ethA_Y250N,0.0,1.0,3) Uncertain significance,Y250N
ETH,ethA,ethA_Y276C,0.0,1.0,3) Uncertain significance,Y276C
ETH,ethA,ethA_Y50H,0.0,1.0,3) Uncertain significance,Y50H
ETH,ethA,ethA_Y60S,0.0,1.0,3) Uncertain significance,Y60S
ETH,ethA,ethA_Y92H,0.0,1.0,3) Uncertain significance,Y92H
ETH,inhA,inhA_A133T,0.0,1.0,3) Uncertain significance,A133T
ETH,inhA,inhA_A190S,0.0,1.0,3) Uncertain significance,A190S
ETH,inhA,inhA_A201T,0.0,1.0,3) Uncertain significance,A201T
ETH,inhA,inhA_A22S,0.0,1.0,3) Uncertain significance,A22S
ETH,inhA,inhA_A235T,0.0,1.0,3) Uncertain significance,A235T
ETH,inhA,inhA_A84T,0.0,1.0,3) Uncertain significance,A84T
ETH,inhA,inhA_D248N,0.0,1.0,3) Uncertain significance,D248N
ETH,inhA,inhA_D52G,0.0,1.0,3) Uncertain significance,D52G
ETH,inhA,inhA_E80A,0.0,1.0,3) Uncertain significance,E80A
ETH,inhA,inhA_G212S,0.0,1.0,3) Uncertain significance,G212S
ETH,inhA,inhA_G221S,0.0,1.0,3) Uncertain significance,G221S
ETH,inhA,inhA_G76D,0.0,1.0,3) Uncertain significance,G76D
ETH,inhA,inhA_G83R,0.0,1.0,3) Uncertain significance,G83R
ETH,inhA,inhA_N231K,0.0,1.0,3) Uncertain significance,N231K
ETH,inhA,inhA_Q216E,0.0,1.0,3) Uncertain significance,Q216E
ETH,inhA,inhA_Q35R,0.0,1.0,3) Uncertain significance,Q35R
ETH,inhA,inhA_T236A,0.0,1.0,3) Uncertain significance,T236A
ETH,inhA,inhA_T2P,0.0,1.0,3) Uncertain significance,T2P
ETH,inhA,inhA_V91A,0.0,1.0,3) Uncertain significance,V91A
ETH,inhA,inhA_Y182H,0.0,1.0,3) Uncertain significance,Y182H
ETH,ethA,ethA_A152V,0.0,2.0,3) Uncertain significance,A152V
ETH,ethA,ethA_A76D,0.0,2.0,3) Uncertain significance,A76D
ETH,ethA,ethA_D174G,0.0,2.0,3) Uncertain significance,D174G
ETH,ethA,ethA_E433D,0.0,2.0,3) Uncertain significance,E433D
ETH,ethA,ethA_G139D,0.0,2.0,3) Uncertain significance,G139D
ETH,ethA,ethA_G371C,0.0,2.0,3) Uncertain significance,G371C
ETH,ethA,ethA_G43C,0.0,2.0,3) Uncertain significance,G43C
ETH,ethA,ethA_G488V,0.0,2.0,3) Uncertain significance,G488V
ETH,ethA,ethA_G78S,0.0,2.0,3) Uncertain significance,G78S
ETH,ethA,ethA_I120V,0.0,2.0,3) Uncertain significance,I120V
ETH,ethA,ethA_L134P,0.0,2.0,3) Uncertain significance,L134P
ETH,ethA,ethA_L225H,0.0,2.0,3) Uncertain significance,L225H
ETH,ethA,ethA_L229P,0.0,2.0,3) Uncertain significance,L229P
ETH,ethA,ethA_L374H,0.0,2.0,3) Uncertain significance,L374H
ETH,ethA,ethA_M1I,0.0,2.0,3) Uncertain significance,M1I
ETH,ethA,ethA_M263T,0.0,2.0,3) Uncertain significance,M263T
ETH,ethA,ethA_M373T,0.0,2.0,3) Uncertain significance,M373T
ETH,ethA,ethA_M59I,0.0,2.0,3) Uncertain significance,M59I
ETH,ethA,ethA_Q165E,0.0,2.0,3) Uncertain significance,Q165E
ETH,ethA,ethA_R67H,0.0,2.0,3) Uncertain significance,R67H
ETH,ethA,ethA_S183G,0.0,2.0,3) Uncertain significance,S183G
ETH,ethA,ethA_S55C,0.0,2.0,3) Uncertain significance,S55C
ETH,ethA,ethA_T125M,0.0,2.0,3) Uncertain significance,T125M
ETH,ethA,ethA_T453R,0.0,2.0,3) Uncertain significance,T453R
ETH,ethA,ethA_T61R,0.0,2.0,3) Uncertain significance,T61R
ETH,ethA,ethA_V238I,0.0,2.0,3) Uncertain significance,V238I
ETH,ethA,ethA_Y386C,0.0,2.0,3) Uncertain significance,Y386C
ETH,ethA,ethA_Y60N,0.0,2.0,3) Uncertain significance,Y60N
ETH,inhA,inhA_D89N,0.0,2.0,3) Uncertain significance,D89N
ETH,inhA,inhA_E209G,0.0,2.0,3) Uncertain significance,E209G
ETH,inhA,inhA_V203A,0.0,2.0,3) Uncertain significance,V203A
ETH,ethA,ethA_F414L,0.0,3.0,3) Uncertain significance,F414L
ETH,ethA,ethA_G43V,0.0,3.0,3) Uncertain significance,G43V
ETH,ethA,ethA_H285P,0.0,3.0,3) Uncertain significance,H285P
ETH,ethA,ethA_M260I,0.0,3.0,3) Uncertain significance,M260I
ETH,ethA,ethA_P51L,0.0,3.0,3) Uncertain significance,P51L
ETH,ethA,ethA_R469W,0.0,3.0,3) Uncertain significance,R469W
ETH,ethA,ethA_T342M,0.0,3.0,3) Uncertain significance,T342M
ETH,ethA,ethA_W167C,0.0,3.0,3) Uncertain significance,W167C
ETH,ethA,ethA_Y211D,0.0,3.0,3) Uncertain significance,Y211D
ETH,inhA,inhA_V171I,0.0,3.0,3) Uncertain significance,V171I
ETH,ethA,ethA_G413D,0.0,4.0,3) Uncertain significance,G413D
ETH,ethA,ethA_H22P,0.0,4.0,3) Uncertain significance,H22P
ETH,ethA,ethA_I337V,0.0,4.0,3) Uncertain significance,I337V
ETH,ethA,ethA_I9T,0.0,4.0,3) Uncertain significance,I9T
ETH,ethA,ethA_T365M,0.0,4.0,3) Uncertain significance,T365M
ETH,ethA,ethA_Y461D,0.0,4.0,3) Uncertain significance,Y461D
ETH,inhA,inhA_V78A,0.0,4.0,3) Uncertain significance,V78A
ETH,ethA,ethA_A74E,0.0,5.0,3) Uncertain significance,A74E
ETH,ethA,ethA_D464G,0.0,6.0,3) Uncertain significance,D464G
ETH,ethA,ethA_A33G,0.0,7.0,3) Uncertain significance,A33G
ETH,ethA,ethA_I161V,0.0,9.0,3) Uncertain significance,I161V
ETH,inhA,inhA_I228V,0.0,9.0,3) Uncertain significance,I228V
ETH,ethA,ethA_T70S,0.0,10.0,3) Uncertain significance,T70S
ETH,ethA,ethA_D144N,0.0,11.0,3) Uncertain significance,D144N
INH,katG,katG_S315T,9483.0,101.0,1) Assoc w R,S315T
INH,katG,katG_S315N,117.0,2.0,1) Assoc w R,S315N
INH,katG,katG_W328L,15.0,0.0,1) Assoc w R,W328L
INH,inhA,inhA_I194T,119.0,2.0,3) Uncertain significance,I194T
INH,inhA,inhA_S94A,98.0,17.0,3) Uncertain significance,S94A
INH,inhA,inhA_I21T,70.0,3.0,3) Uncertain significance,I21T
INH,katG,katG_I335V,36.0,0.0,3) Uncertain significance,I335V
INH,inhA,inhA_I21V,36.0,6.0,3) Uncertain significance,I21V
INH,inhA,inhA_T162S,20.0,0.0,3) Uncertain significance,T162S
INH,katG,katG_W191R,20.0,2.0,3) Uncertain significance,W191R
INH,katG,katG_V473L,18.0,11.0,3) Uncertain significance,V473L
INH,katG,katG_S315G,17.0,1.0,3) Uncertain significance,S315G
INH,katG,katG_T275A,16.0,0.0,3) Uncertain significance,T275A
INH,katG,katG_I317V,15.0,0.0,3) Uncertain significance,I317V
INH,katG,katG_Q127P,13.0,1.0,3) Uncertain significance,Q127P
INH,katG,katG_S315I,11.0,0.0,3) Uncertain significance,S315I
INH,katG,katG_A109T,11.0,1.0,3) Uncertain significance,A109T
INH,katG,katG_T380I,11.0,1.0,3) Uncertain significance,T380I
INH,katG,katG_S140N,10.0,1.0,3) Uncertain significance,S140N
INH,katG,katG_A110V,9.0,0.0,3) Uncertain significance,A110V
INH,katG,katG_P280S,9.0,9.0,3) Uncertain significance,P280S
INH,katG,katG_G699E,8.0,0.0,3) Uncertain significance,G699E
INH,katG,katG_N138H,8.0,0.0,3) Uncertain significance,N138H
INH,katG,katG_V1A,8.0,0.0,3) Uncertain significance,V1A
INH,katG,katG_Y155S,8.0,0.0,3) Uncertain significance,Y155S
INH,katG,katG_T625A,8.0,1.0,3) Uncertain significance,T625A
INH,katG,katG_Y155C,8.0,1.0,3) Uncertain significance,Y155C
INH,katG,katG_W191G,8.0,4.0,3) Uncertain significance,W191G
INH,inhA,inhA_T236M,7.0,0.0,3) Uncertain significance,T236M
INH,katG,katG_A480S,7.0,0.0,3) Uncertain significance,A480S
INH,katG,katG_G285C,7.0,0.0,3) Uncertain significance,G285C
INH,katG,katG_F167C,6.0,0.0,3) Uncertain significance,F167C
INH,katG,katG_M257I,6.0,1.0,3) Uncertain significance,M257I
INH,katG,katG_P432L,6.0,1.0,3) Uncertain significance,P432L
INH,katG,katG_W161R,6.0,1.0,3) Uncertain significance,W161R
INH,katG,katG_K557N,6.0,14.0,3) Uncertain significance,K557N
INH,inhA,inhA_A239V,5.0,0.0,3) Uncertain significance,A239V
INH,katG,katG_A106V,5.0,0.0,3) Uncertain significance,A106V
INH,katG,katG_D142N,5.0,0.0,3) Uncertain significance,D142N
INH,katG,katG_D448A,5.0,0.0,3) Uncertain significance,D448A
INH,katG,katG_I364T,5.0,0.0,3) Uncertain significance,I364T
INH,katG,katG_P232A,5.0,0.0,3) Uncertain significance,P232A
INH,katG,katG_T568P,5.0,0.0,3) Uncertain significance,T568P
INH,katG,katG_V386E,5.0,0.0,3) Uncertain significance,V386E
INH,katG,katG_V697L,5.0,0.0,3) Uncertain significance,V697L
INH,katG,katG_P232S,5.0,1.0,3) Uncertain significance,P232S
INH,katG,katG_S302R,5.0,1.0,3) Uncertain significance,S302R
INH,katG,katG_Y337C,5.0,1.0,3) Uncertain significance,Y337C
INH,katG,katG_A244G,5.0,2.0,3) Uncertain significance,A244G
INH,katG,katG_N138D,5.0,2.0,3) Uncertain significance,N138D
INH,katG,katG_Q461P,5.0,3.0,3) Uncertain significance,Q461P
INH,katG,katG_V423I,5.0,6.0,3) Uncertain significance,V423I
INH,inhA,inhA_I228V,5.0,29.0,3) Uncertain significance,I228V
INH,katG,katG_E709A,4.0,0.0,3) Uncertain significance,E709A
INH,katG,katG_G125D,4.0,0.0,3) Uncertain significance,G125D
INH,katG,katG_G169S,4.0,0.0,3) Uncertain significance,G169S
INH,katG,katG_G279D,4.0,0.0,3) Uncertain significance,G279D
INH,katG,katG_I248T,4.0,0.0,3) Uncertain significance,I248T
INH,katG,katG_L141S,4.0,0.0,3) Uncertain significance,L141S
INH,katG,katG_L378M,4.0,0.0,3) Uncertain significance,L378M
INH,katG,katG_L587R,4.0,0.0,3) Uncertain significance,L587R
INH,katG,katG_N596S,4.0,0.0,3) Uncertain significance,N596S
INH,katG,katG_Q295K,4.0,0.0,3) Uncertain significance,Q295K
INH,katG,katG_T271I,4.0,0.0,3) Uncertain significance,T271I
INH,katG,katG_T677P,4.0,0.0,3) Uncertain significance,T677P
INH,katG,katG_V1V,4.0,0.0,3) Uncertain significance,V1V
INH,katG,katG_Y597H,4.0,0.0,3) Uncertain significance,Y597H
INH,inhA,inhA_A190S,4.0,1.0,3) Uncertain significance,A190S
INH,katG,katG_A109V,4.0,1.0,3) Uncertain significance,A109V
INH,katG,katG_D189G,4.0,1.0,3) Uncertain significance,D189G
INH,katG,katG_G121S,4.0,1.0,3) Uncertain significance,G121S
INH,katG,katG_A726T,4.0,5.0,3) Uncertain significance,A726T
INH,katG,katG_P6S,4.0,20.0,3) Uncertain significance,P6S
INH,katG,katG_T475I,4.0,20.0,3) Uncertain significance,T475I
INH,katG,katG_D142G,3.0,0.0,3) Uncertain significance,D142G
INH,katG,katG_D419Y,3.0,0.0,3) Uncertain significance,D419Y
INH,katG,katG_G118S,3.0,0.0,3) Uncertain significance,G118S
INH,katG,katG_G297V,3.0,0.0,3) Uncertain significance,G297V
INH,katG,katG_G299S,3.0,0.0,3) Uncertain significance,G299S
INH,katG,katG_L298S,3.0,0.0,3) Uncertain significance,L298S
INH,katG,katG_L48P,3.0,0.0,3) Uncertain significance,L48P
INH,katG,katG_N493S,3.0,0.0,3) Uncertain significance,N493S
INH,katG,katG_R104Q,3.0,0.0,3) Uncertain significance,R104Q
INH,katG,katG_R146G,3.0,0.0,3) Uncertain significance,R146G
INH,katG,katG_R425G,3.0,0.0,3) Uncertain significance,R425G
INH,katG,katG_R484H,3.0,0.0,3) Uncertain significance,R484H
INH,katG,katG_S315R,3.0,0.0,3) Uncertain significance,S315R
INH,katG,katG_T271P,3.0,0.0,3) Uncertain significance,T271P
INH,katG,katG_T579A,3.0,0.0,3) Uncertain significance,T579A
INH,katG,katG_V83L,3.0,0.0,3) Uncertain significance,V83L
INH,katG,katG_W149R,3.0,0.0,3) Uncertain significance,W149R
INH,katG,katG_A348G,3.0,1.0,3) Uncertain significance,A348G
INH,katG,katG_A379V,3.0,1.0,3) Uncertain significance,A379V
INH,katG,katG_W91R,3.0,1.0,3) Uncertain significance,W91R
INH,inhA,inhA_A239T,2.0,0.0,3) Uncertain significance,A239T
INH,inhA,inhA_E209G,2.0,0.0,3) Uncertain significance,E209G
INH,inhA,inhA_G33S,2.0,0.0,3) Uncertain significance,G33S
INH,inhA,inhA_G40W,2.0,0.0,3) Uncertain significance,G40W
INH,inhA,inhA_I95L,2.0,0.0,3) Uncertain significance,I95L
INH,inhA,inhA_I95V,2.0,0.0,3) Uncertain significance,I95V
INH,katG,katG_A172V,2.0,0.0,3) Uncertain significance,A172V
INH,katG,katG_A222T,2.0,0.0,3) Uncertain significance,A222T
INH,katG,katG_A379T,2.0,0.0,3) Uncertain significance,A379T
INH,katG,katG_D163N,2.0,0.0,3) Uncertain significance,D163N
INH,katG,katG_D419A,2.0,0.0,3) Uncertain significance,D419A
INH,katG,katG_D419H,2.0,0.0,3) Uncertain significance,D419H
INH,katG,katG_D542E,2.0,0.0,3) Uncertain significance,D542E
INH,katG,katG_D663Y,2.0,0.0,3) Uncertain significance,D663Y
INH,katG,katG_D94A,2.0,0.0,3) Uncertain significance,D94A
INH,katG,katG_E233G,2.0,0.0,3) Uncertain significance,E233G
INH,katG,katG_E3G,2.0,0.0,3) Uncertain significance,E3G
INH,katG,katG_E506D,2.0,0.0,3) Uncertain significance,E506D
INH,katG,katG_E588G,2.0,0.0,3) Uncertain significance,E588G
INH,katG,katG_E607D,2.0,0.0,3) Uncertain significance,E607D
INH,katG,katG_E709D,2.0,0.0,3) Uncertain significance,E709D
INH,katG,katG_F183L,2.0,0.0,3) Uncertain significance,F183L
INH,katG,katG_F368L,2.0,0.0,3) Uncertain significance,F368L
INH,katG,katG_G177A,2.0,0.0,3) Uncertain significance,G177A
INH,katG,katG_G34A,2.0,0.0,3) Uncertain significance,G34A
INH,katG,katG_G491S,2.0,0.0,3) Uncertain significance,G491S
INH,katG,katG_H97L,2.0,0.0,3) Uncertain significance,H97L
INH,katG,katG_I228L,2.0,0.0,3) Uncertain significance,I228L
INH,katG,katG_L141F,2.0,0.0,3) Uncertain significance,L141F
INH,katG,katG_L159P,2.0,0.0,3) Uncertain significance,L159P
INH,katG,katG_L333P,2.0,0.0,3) Uncertain significance,L333P
INH,katG,katG_L43R,2.0,0.0,3) Uncertain significance,L43R
INH,katG,katG_L604S,2.0,0.0,3) Uncertain significance,L604S
INH,katG,katG_M242T,2.0,0.0,3) Uncertain significance,M242T
INH,katG,katG_M296V,2.0,0.0,3) Uncertain significance,M296V
INH,katG,katG_M624V,2.0,0.0,3) Uncertain significance,M624V
INH,katG,katG_N493K,2.0,0.0,3) Uncertain significance,N493K
INH,katG,katG_N596T,2.0,0.0,3) Uncertain significance,N596T
INH,katG,katG_P136L,2.0,0.0,3) Uncertain significance,P136L
INH,katG,katG_P292A,2.0,0.0,3) Uncertain significance,P292A
INH,katG,katG_P29S,2.0,0.0,3) Uncertain significance,P29S
INH,katG,katG_Q295P,2.0,0.0,3) Uncertain significance,Q295P
INH,katG,katG_Q461E,2.0,0.0,3) Uncertain significance,Q461E
INH,katG,katG_Q471R,2.0,0.0,3) Uncertain significance,Q471R
INH,katG,katG_Q525P,2.0,0.0,3) Uncertain significance,Q525P
INH,katG,katG_Q88P,2.0,0.0,3) Uncertain significance,Q88P
INH,katG,katG_R145P,2.0,0.0,3) Uncertain significance,R145P
INH,katG,katG_R571H,2.0,0.0,3) Uncertain significance,R571H
INH,katG,katG_S700P,2.0,0.0,3) Uncertain significance,S700P
INH,katG,katG_T275P,2.0,0.0,3) Uncertain significance,T275P
INH,katG,katG_T344P,2.0,0.0,3) Uncertain significance,T344P
INH,katG,katG_T468P,2.0,0.0,3) Uncertain significance,T468P
INH,katG,katG_T625K,2.0,0.0,3) Uncertain significance,T625K
INH,katG,katG_W149C,2.0,0.0,3) Uncertain significance,W149C
INH,katG,katG_W300C,2.0,0.0,3) Uncertain significance,W300C
INH,katG,katG_W90R,2.0,0.0,3) Uncertain significance,W90R
INH,katG,katG_D675Y,2.0,1.0,3) Uncertain significance,D675Y
INH,katG,katG_G234R,2.0,1.0,3) Uncertain significance,G234R
INH,katG,katG_G285V,2.0,1.0,3) Uncertain significance,G285V
INH,katG,katG_T85A,2.0,1.0,3) Uncertain significance,T85A
INH,katG,katG_W300R,2.0,1.0,3) Uncertain significance,W300R
INH,katG,katG_A614T,2.0,2.0,3) Uncertain significance,A614T
INH,katG,katG_L587P,2.0,2.0,3) Uncertain significance,L587P
INH,katG,katG_M126I,2.0,2.0,3) Uncertain significance,M126I
INH,katG,katG_Q295A,2.0,2.0,3) Uncertain significance,Q295A
INH,katG,katG_A541T,2.0,3.0,3) Uncertain significance,A541T
INH,katG,katG_F584V,2.0,5.0,3) Uncertain significance,F584V
INH,katG,katG_G495S,2.0,6.0,3) Uncertain significance,G495S
INH,katG,katG_K433T,2.0,6.0,3) Uncertain significance,K433T
INH,katG,katG_N562H,2.0,7.0,3) Uncertain significance,N562H
INH,inhA,inhA_A124V,1.0,0.0,3) Uncertain significance,A124V
INH,inhA,inhA_A191T,1.0,0.0,3) Uncertain significance,A191T
INH,inhA,inhA_A201T,1.0,0.0,3) Uncertain significance,A201T
INH,inhA,inhA_A235T,1.0,0.0,3) Uncertain significance,A235T
INH,inhA,inhA_A252V,1.0,0.0,3) Uncertain significance,A252V
INH,inhA,inhA_H24Q,1.0,0.0,3) Uncertain significance,H24Q
INH,inhA,inhA_I15L,1.0,0.0,3) Uncertain significance,I15L
INH,inhA,inhA_I21M,1.0,0.0,3) Uncertain significance,I21M
INH,inhA,inhA_I50V,1.0,0.0,3) Uncertain significance,I50V
INH,inhA,inhA_L61V,1.0,0.0,3) Uncertain significance,L61V
INH,inhA,inhA_P107S,1.0,0.0,3) Uncertain significance,P107S
INH,inhA,inhA_S73G,1.0,0.0,3) Uncertain significance,S73G
INH,inhA,inhA_T2P,1.0,0.0,3) Uncertain significance,T2P
INH,inhA,inhA_V28L,1.0,0.0,3) Uncertain significance,V28L
INH,inhA,inhA_V65A,1.0,0.0,3) Uncertain significance,V65A
INH,katG,katG_A109P,1.0,0.0,3) Uncertain significance,A109P
INH,katG,katG_A122D,1.0,0.0,3) Uncertain significance,A122D
INH,katG,katG_A139P,1.0,0.0,3) Uncertain significance,A139P
INH,katG,katG_A162E,1.0,0.0,3) Uncertain significance,A162E
INH,katG,katG_A168T,1.0,0.0,3) Uncertain significance,A168T
INH,katG,katG_A172T,1.0,0.0,3) Uncertain significance,A172T
INH,katG,katG_A256T,1.0,0.0,3) Uncertain significance,A256T
INH,katG,katG_A256V,1.0,0.0,3) Uncertain significance,A256V
INH,katG,katG_A263P,1.0,0.0,3) Uncertain significance,A263P
INH,katG,katG_A290P,1.0,0.0,3) Uncertain significance,A290P
INH,katG,katG_A291D,1.0,0.0,3) Uncertain significance,A291D
INH,katG,katG_A411D,1.0,0.0,3) Uncertain significance,A411D
INH,katG,katG_A424G,1.0,0.0,3) Uncertain significance,A424G
INH,katG,katG_A479E,1.0,0.0,3) Uncertain significance,A479E
INH,katG,katG_A479G,1.0,0.0,3) Uncertain significance,A479G
INH,katG,katG_A479V,1.0,0.0,3) Uncertain significance,A479V
INH,katG,katG_A492D,1.0,0.0,3) Uncertain significance,A492D
INH,katG,katG_A541V,1.0,0.0,3) Uncertain significance,A541V
INH,katG,katG_A614E,1.0,0.0,3) Uncertain significance,A614E
INH,katG,katG_A61P,1.0,0.0,3) Uncertain significance,A61P
INH,katG,katG_A621T,1.0,0.0,3) Uncertain significance,A621T
INH,katG,katG_A706T,1.0,0.0,3) Uncertain significance,A706T
INH,katG,katG_A713P,1.0,0.0,3) Uncertain significance,A713P
INH,katG,katG_A75V,1.0,0.0,3) Uncertain significance,A75V
INH,katG,katG_A93D,1.0,0.0,3) Uncertain significance,A93D
INH,katG,katG_C171G,1.0,0.0,3) Uncertain significance,C171G
INH,katG,katG_D142A,1.0,0.0,3) Uncertain significance,D142A
INH,katG,katG_D189N,1.0,0.0,3) Uncertain significance,D189N
INH,katG,katG_D189Y,1.0,0.0,3) Uncertain significance,D189Y
INH,katG,katG_D207N,1.0,0.0,3) Uncertain significance,D207N
INH,katG,katG_D240A,1.0,0.0,3) Uncertain significance,D240A
INH,katG,katG_D247H,1.0,0.0,3) Uncertain significance,D247H
INH,katG,katG_D259E,1.0,0.0,3) Uncertain significance,D259E
INH,katG,katG_D259G,1.0,0.0,3) Uncertain significance,D259G
INH,katG,katG_D311G,1.0,0.0,3) Uncertain significance,D311G
INH,katG,katG_D329A,1.0,0.0,3) Uncertain significance,D329A
INH,katG,katG_D381G,1.0,0.0,3) Uncertain significance,D381G
INH,katG,katG_D381H,1.0,0.0,3) Uncertain significance,D381H
INH,katG,katG_D387G,1.0,0.0,3) Uncertain significance,D387G
INH,katG,katG_D440Y,1.0,0.0,3) Uncertain significance,D440Y
INH,katG,katG_D487N,1.0,0.0,3) Uncertain significance,D487N
INH,katG,katG_D695A,1.0,0.0,3) Uncertain significance,D695A
INH,katG,katG_D723N,1.0,0.0,3) Uncertain significance,D723N
INH,katG,katG_D735E,1.0,0.0,3) Uncertain significance,D735E
INH,katG,katG_E233K,1.0,0.0,3) Uncertain significance,E233K
INH,katG,katG_E289A,1.0,0.0,3) Uncertain significance,E289A
INH,katG,katG_E294G,1.0,0.0,3) Uncertain significance,E294G
INH,katG,katG_E391D,1.0,0.0,3) Uncertain significance,E391D
INH,katG,katG_E399D,1.0,0.0,3) Uncertain significance,E399D
INH,katG,katG_E3V,1.0,0.0,3) Uncertain significance,E3V
INH,katG,katG_E522Q,1.0,0.0,3) Uncertain significance,E522Q
INH,katG,katG_E553K,1.0,0.0,3) Uncertain significance,E553K
INH,katG,katG_E607G,1.0,0.0,3) Uncertain significance,E607G
INH,katG,katG_E607K,1.0,0.0,3) Uncertain significance,E607K
INH,katG,katG_E623G,1.0,0.0,3) Uncertain significance,E623G
INH,katG,katG_E709G,1.0,0.0,3) Uncertain significance,E709G
INH,katG,katG_E709K,1.0,0.0,3) Uncertain significance,E709K
INH,katG,katG_E81A,1.0,0.0,3) Uncertain significance,E81A
INH,katG,katG_F129S,1.0,0.0,3) Uncertain significance,F129S
INH,katG,katG_F183S,1.0,0.0,3) Uncertain significance,F183S
INH,katG,katG_F408L,1.0,0.0,3) Uncertain significance,F408L
INH,katG,katG_F408S,1.0,0.0,3) Uncertain significance,F408S
INH,katG,katG_F483L,1.0,0.0,3) Uncertain significance,F483L
INH,katG,katG_F540S,1.0,0.0,3) Uncertain significance,F540S
INH,katG,katG_F594L,1.0,0.0,3) Uncertain significance,F594L
INH,katG,katG_F698V,1.0,0.0,3) Uncertain significance,F698V
INH,katG,katG_F724L,1.0,0.0,3) Uncertain significance,F724L
INH,katG,katG_G120D,1.0,0.0,3) Uncertain significance,G120D
INH,katG,katG_G120S,1.0,0.0,3) Uncertain significance,G120S
INH,katG,katG_G121V,1.0,0.0,3) Uncertain significance,G121V
INH,katG,katG_G125A,1.0,0.0,3) Uncertain significance,G125A
INH,katG,katG_G125C,1.0,0.0,3) Uncertain significance,G125C
INH,katG,katG_G169V,1.0,0.0,3) Uncertain significance,G169V
INH,katG,katG_G177V,1.0,0.0,3) Uncertain significance,G177V
INH,katG,katG_G182R,1.0,0.0,3) Uncertain significance,G182R
INH,katG,katG_G186D,1.0,0.0,3) Uncertain significance,G186D
INH,katG,katG_G206D,1.0,0.0,3) Uncertain significance,G206D
INH,katG,katG_G268S,1.0,0.0,3) Uncertain significance,G268S
INH,katG,katG_G269S,1.0,0.0,3) Uncertain significance,G269S
INH,katG,katG_G273C,1.0,0.0,3) Uncertain significance,G273C
INH,katG,katG_G277S,1.0,0.0,3) Uncertain significance,G277S
INH,katG,katG_G285D,1.0,0.0,3) Uncertain significance,G285D
INH,katG,katG_G285R,1.0,0.0,3) Uncertain significance,G285R
INH,katG,katG_G285S,1.0,0.0,3) Uncertain significance,G285S
INH,katG,katG_G299A,1.0,0.0,3) Uncertain significance,G299A
INH,katG,katG_G299D,1.0,0.0,3) Uncertain significance,G299D
INH,katG,katG_G305S,1.0,0.0,3) Uncertain significance,G305S
INH,katG,katG_G307V,1.0,0.0,3) Uncertain significance,G307V
INH,katG,katG_G33A,1.0,0.0,3) Uncertain significance,G33A
INH,katG,katG_G34E,1.0,0.0,3) Uncertain significance,G34E
INH,katG,katG_G421A,1.0,0.0,3) Uncertain significance,G421A
INH,katG,katG_G490A,1.0,0.0,3) Uncertain significance,G490A
INH,katG,katG_G495A,1.0,0.0,3) Uncertain significance,G495A
INH,katG,katG_G495R,1.0,0.0,3) Uncertain significance,G495R
INH,katG,katG_G547Y,1.0,0.0,3) Uncertain significance,G547Y
INH,katG,katG_G548R,1.0,0.0,3) Uncertain significance,G548R
INH,katG,katG_G560R,1.0,0.0,3) Uncertain significance,G560R
INH,katG,katG_G593D,1.0,0.0,3) Uncertain significance,G593D
INH,katG,katG_G629C,1.0,0.0,3) Uncertain significance,G629C
INH,katG,katG_G629D,1.0,0.0,3) Uncertain significance,G629D
INH,katG,katG_G635A,1.0,0.0,3) Uncertain significance,G635A
INH,katG,katG_G644D,1.0,0.0,3) Uncertain significance,G644D
INH,katG,katG_G683R,1.0,0.0,3) Uncertain significance,G683R
INH,katG,katG_G99R,1.0,0.0,3) Uncertain significance,G99R
INH,katG,katG_H270P,1.0,0.0,3) Uncertain significance,H270P
INH,katG,katG_H97R,1.0,0.0,3) Uncertain significance,H97R
INH,katG,katG_I103N,1.0,0.0,3) Uncertain significance,I103N
INH,katG,katG_I248V,1.0,0.0,3) Uncertain significance,I248V
INH,katG,katG_I666T,1.0,0.0,3) Uncertain significance,I666T
INH,katG,katG_I80T,1.0,0.0,3) Uncertain significance,I80T
INH,katG,katG_K143E,1.0,0.0,3) Uncertain significance,K143E
INH,katG,katG_K143Q,1.0,0.0,3) Uncertain significance,K143Q
INH,katG,katG_K143T,1.0,0.0,3) Uncertain significance,K143T
INH,katG,katG_K152T,1.0,0.0,3) Uncertain significance,K152T
INH,katG,katG_K200E,1.0,0.0,3) Uncertain significance,K200E
INH,katG,katG_K274T,1.0,0.0,3) Uncertain significance,K274T
INH,katG,katG_K27I,1.0,0.0,3) Uncertain significance,K27I
INH,katG,katG_K310N,1.0,0.0,3) Uncertain significance,K310N
INH,katG,katG_K459E,1.0,0.0,3) Uncertain significance,K459E
INH,katG,katG_K488E,1.0,0.0,3) Uncertain significance,K488E
INH,katG,katG_K488N,1.0,0.0,3) Uncertain significance,K488N
INH,katG,katG_K516R,1.0,0.0,3) Uncertain significance,K516R
INH,katG,katG_K600Q,1.0,0.0,3) Uncertain significance,K600Q
INH,katG,katG_K686E,1.0,0.0,3) Uncertain significance,K686E
INH,katG,katG_L132P,1.0,0.0,3) Uncertain significance,L132P
INH,katG,katG_L132R,1.0,0.0,3) Uncertain significance,L132R
INH,katG,katG_L164R,1.0,0.0,3) Uncertain significance,L164R
INH,katG,katG_L220P,1.0,0.0,3) Uncertain significance,L220P
INH,katG,katG_L265R,1.0,0.0,3) Uncertain significance,L265R
INH,katG,katG_L384P,1.0,0.0,3) Uncertain significance,L384P
INH,katG,katG_L48Q,1.0,0.0,3) Uncertain significance,L48Q
INH,katG,katG_L611R,1.0,0.0,3) Uncertain significance,L611R
INH,katG,katG_L627P,1.0,0.0,3) Uncertain significance,L627P
INH,katG,katG_L631Q,1.0,0.0,3) Uncertain significance,L631Q
INH,katG,katG_L661R,1.0,0.0,3) Uncertain significance,L661R
INH,katG,katG_L704S,1.0,0.0,3) Uncertain significance,L704S
INH,katG,katG_L734R,1.0,0.0,3) Uncertain significance,L734R
INH,katG,katG_M105I,1.0,0.0,3) Uncertain significance,M105I
INH,katG,katG_M105L,1.0,0.0,3) Uncertain significance,M105L
INH,katG,katG_M176I,1.0,0.0,3) Uncertain significance,M176I
INH,katG,katG_M225I,1.0,0.0,3) Uncertain significance,M225I
INH,katG,katG_M377R,1.0,0.0,3) Uncertain significance,M377R
INH,katG,katG_M609I,1.0,0.0,3) Uncertain significance,M609I
INH,katG,katG_M624I,1.0,0.0,3) Uncertain significance,M624I
INH,katG,katG_N138S,1.0,0.0,3) Uncertain significance,N138S
INH,katG,katG_N238T,1.0,0.0,3) Uncertain significance,N238T
INH,katG,katG_N35T,1.0,0.0,3) Uncertain significance,N35T
INH,katG,katG_N529T,1.0,0.0,3) Uncertain significance,N529T
INH,katG,katG_N596K,1.0,0.0,3) Uncertain significance,N596K
INH,katG,katG_N637K,1.0,0.0,3) Uncertain significance,N637K
INH,katG,katG_N660H,1.0,0.0,3) Uncertain significance,N660H
INH,katG,katG_P100T,1.0,0.0,3) Uncertain significance,P100T
INH,katG,katG_P131A,1.0,0.0,3) Uncertain significance,P131A
INH,katG,katG_P232R,1.0,0.0,3) Uncertain significance,P232R
INH,katG,katG_P288L,1.0,0.0,3) Uncertain significance,P288L
INH,katG,katG_P2S,1.0,0.0,3) Uncertain significance,P2S
INH,katG,katG_P325T,1.0,0.0,3) Uncertain significance,P325T
INH,katG,katG_P566R,1.0,0.0,3) Uncertain significance,P566R
INH,katG,katG_P57S,1.0,0.0,3) Uncertain significance,P57S
INH,katG,katG_Q352P,1.0,0.0,3) Uncertain significance,Q352P
INH,katG,katG_Q439R,1.0,0.0,3) Uncertain significance,Q439R
INH,katG,katG_Q525T,1.0,0.0,3) Uncertain significance,Q525T
INH,katG,katG_Q679P,1.0,0.0,3) Uncertain significance,Q679P
INH,katG,katG_R104P,1.0,0.0,3) Uncertain significance,R104P
INH,katG,katG_R104W,1.0,0.0,3) Uncertain significance,R104W
INH,katG,katG_R128G,1.0,0.0,3) Uncertain significance,R128G
INH,katG,katG_R146Q,1.0,0.0,3) Uncertain significance,R146Q
INH,katG,katG_R249G,1.0,0.0,3) Uncertain significance,R249G
INH,katG,katG_R249L,1.0,0.0,3) Uncertain significance,R249L
INH,katG,katG_R249P,1.0,0.0,3) Uncertain significance,R249P
INH,katG,katG_R253P,1.0,0.0,3) Uncertain significance,R253P
INH,katG,katG_R484G,1.0,0.0,3) Uncertain significance,R484G
INH,katG,katG_R489C,1.0,0.0,3) Uncertain significance,R489C
INH,katG,katG_R571L,1.0,0.0,3) Uncertain significance,R571L
INH,katG,katG_R595Q,1.0,0.0,3) Uncertain significance,R595Q
INH,katG,katG_R632C,1.0,0.0,3) Uncertain significance,R632C
INH,katG,katG_R693H,1.0,0.0,3) Uncertain significance,R693H
INH,katG,katG_R78G,1.0,0.0,3) Uncertain significance,R78G
INH,katG,katG_S331G,1.0,0.0,3) Uncertain significance,S331G
INH,katG,katG_S331I,1.0,0.0,3) Uncertain significance,S331I
INH,katG,katG_S383W,1.0,0.0,3) Uncertain significance,S383W
INH,katG,katG_S457I,1.0,0.0,3) Uncertain significance,S457I
INH,katG,katG_S474P,1.0,0.0,3) Uncertain significance,S474P
INH,katG,katG_S482P,1.0,0.0,3) Uncertain significance,S482P
INH,katG,katG_S650F,1.0,0.0,3) Uncertain significance,S650F
INH,katG,katG_S652P,1.0,0.0,3) Uncertain significance,S652P
INH,katG,katG_S692R,1.0,0.0,3) Uncertain significance,S692R
INH,katG,katG_T112P,1.0,0.0,3) Uncertain significance,T112P
INH,katG,katG_T11A,1.0,0.0,3) Uncertain significance,T11A
INH,katG,katG_T180K,1.0,0.0,3) Uncertain significance,T180K
INH,katG,katG_T180M,1.0,0.0,3) Uncertain significance,T180M
INH,katG,katG_T271A,1.0,0.0,3) Uncertain significance,T271A
INH,katG,katG_T322A,1.0,0.0,3) Uncertain significance,T322A
INH,katG,katG_T322P,1.0,0.0,3) Uncertain significance,T322P
INH,katG,katG_T324P,1.0,0.0,3) Uncertain significance,T324P
INH,katG,katG_T326K,1.0,0.0,3) Uncertain significance,T326K
INH,katG,katG_T326P,1.0,0.0,3) Uncertain significance,T326P
INH,katG,katG_T380A,1.0,0.0,3) Uncertain significance,T380A
INH,katG,katG_T380P,1.0,0.0,3) Uncertain significance,T380P
INH,katG,katG_T435I,1.0,0.0,3) Uncertain significance,T435I
INH,katG,katG_T579S,1.0,0.0,3) Uncertain significance,T579S
INH,katG,katG_T625P,1.0,0.0,3) Uncertain significance,T625P
INH,katG,katG_V196G,1.0,0.0,3) Uncertain significance,V196G
INH,katG,katG_V1G,1.0,0.0,3) Uncertain significance,V1G
INH,katG,katG_V1M,1.0,0.0,3) Uncertain significance,V1M
INH,katG,katG_V230A,1.0,0.0,3) Uncertain significance,V230A
INH,katG,katG_V267G,1.0,0.0,3) Uncertain significance,V267G
INH,katG,katG_V431G,1.0,0.0,3) Uncertain significance,V431G
INH,katG,katG_V442A,1.0,0.0,3) Uncertain significance,V442A
INH,katG,katG_V450A,1.0,0.0,3) Uncertain significance,V450A
INH,katG,katG_V565A,1.0,0.0,3) Uncertain significance,V565A
INH,katG,katG_V581M,1.0,0.0,3) Uncertain significance,V581M
INH,katG,katG_V731G,1.0,0.0,3) Uncertain significance,V731G
INH,katG,katG_V731M,1.0,0.0,3) Uncertain significance,V731M
INH,katG,katG_V73G,1.0,0.0,3) Uncertain significance,V73G
INH,katG,katG_W149G,1.0,0.0,3) Uncertain significance,W149G
INH,katG,katG_W300G,1.0,0.0,3) Uncertain significance,W300G
INH,katG,katG_W300S,1.0,0.0,3) Uncertain significance,W300S
INH,katG,katG_W321S,1.0,0.0,3) Uncertain significance,W321S
INH,katG,katG_W328R,1.0,0.0,3) Uncertain significance,W328R
INH,katG,katG_W328S,1.0,0.0,3) Uncertain significance,W328S
INH,katG,katG_W39R,1.0,0.0,3) Uncertain significance,W39R
INH,katG,katG_W412C,1.0,0.0,3) Uncertain significance,W412C
INH,katG,katG_W438G,1.0,0.0,3) Uncertain significance,W438G
INH,katG,katG_W505R,1.0,0.0,3) Uncertain significance,W505R
INH,katG,katG_W689C,1.0,0.0,3) Uncertain significance,W689C
INH,katG,katG_W728C,1.0,0.0,3) Uncertain significance,W728C
INH,katG,katG_Y155D,1.0,0.0,3) Uncertain significance,Y155D
INH,katG,katG_Y337D,1.0,0.0,3) Uncertain significance,Y337D
INH,katG,katG_Y413C,1.0,0.0,3) Uncertain significance,Y413C
INH,katG,katG_Y64H,1.0,0.0,3) Uncertain significance,Y64H
INH,katG,katG_Y64N,1.0,0.0,3) Uncertain significance,Y64N
INH,katG,katG_Y64S,1.0,0.0,3) Uncertain significance,Y64S
INH,katG,katG_Y98C,1.0,0.0,3) Uncertain significance,Y98C
INH,inhA,inhA_A22S,1.0,1.0,3) Uncertain significance,A22S
INH,inhA,inhA_F41S,1.0,1.0,3) Uncertain significance,F41S
INH,inhA,inhA_I16T,1.0,1.0,3) Uncertain significance,I16T
INH,inhA,inhA_I16V,1.0,1.0,3) Uncertain significance,I16V
INH,inhA,inhA_Q100H,1.0,1.0,3) Uncertain significance,Q100H
INH,katG,katG_A110T,1.0,1.0,3) Uncertain significance,A110T
INH,katG,katG_A144V,1.0,1.0,3) Uncertain significance,A144V
INH,katG,katG_A256G,1.0,1.0,3) Uncertain significance,A256G
INH,katG,katG_A264V,1.0,1.0,3) Uncertain significance,A264V
INH,katG,katG_A649T,1.0,1.0,3) Uncertain significance,A649T
INH,katG,katG_C549S,1.0,1.0,3) Uncertain significance,C549S
INH,katG,katG_D189A,1.0,1.0,3) Uncertain significance,D189A
INH,katG,katG_D37N,1.0,1.0,3) Uncertain significance,D37N
INH,katG,katG_D682N,1.0,1.0,3) Uncertain significance,D682N
INH,katG,katG_D729G,1.0,1.0,3) Uncertain significance,D729G
INH,katG,katG_G121A,1.0,1.0,3) Uncertain significance,G121A
INH,katG,katG_G121D,1.0,1.0,3) Uncertain significance,G121D
INH,katG,katG_G124A,1.0,1.0,3) Uncertain significance,G124A
INH,katG,katG_G156D,1.0,1.0,3) Uncertain significance,G156D
INH,katG,katG_G466R,1.0,1.0,3) Uncertain significance,G466R
INH,katG,katG_G494A,1.0,1.0,3) Uncertain significance,G494A
INH,katG,katG_G593S,1.0,1.0,3) Uncertain significance,G593S
INH,katG,katG_G712V,1.0,1.0,3) Uncertain significance,G712V
INH,katG,katG_H116Y,1.0,1.0,3) Uncertain significance,H116Y
INH,katG,katG_I103V,1.0,1.0,3) Uncertain significance,I103V
INH,katG,katG_I393S,1.0,1.0,3) Uncertain significance,I393S
INH,katG,katG_I71S,1.0,1.0,3) Uncertain significance,I71S
INH,katG,katG_K152Q,1.0,1.0,3) Uncertain significance,K152Q
INH,katG,katG_L159F,1.0,1.0,3) Uncertain significance,L159F
INH,katG,katG_L378P,1.0,1.0,3) Uncertain significance,L378P
INH,katG,katG_L427F,1.0,1.0,3) Uncertain significance,L427F
INH,katG,katG_L458R,1.0,1.0,3) Uncertain significance,L458R
INH,katG,katG_Q576Y,1.0,1.0,3) Uncertain significance,Q576Y
INH,katG,katG_R145C,1.0,1.0,3) Uncertain significance,R145C
INH,katG,katG_R249H,1.0,1.0,3) Uncertain significance,R249H
INH,katG,katG_S481L,1.0,1.0,3) Uncertain significance,S481L
INH,katG,katG_S700F,1.0,1.0,3) Uncertain significance,S700F
INH,katG,katG_T690P,1.0,1.0,3) Uncertain significance,T690P
INH,katG,katG_V246G,1.0,1.0,3) Uncertain significance,V246G
INH,katG,katG_V633A,1.0,1.0,3) Uncertain significance,V633A
INH,katG,katG_V68G,1.0,1.0,3) Uncertain significance,V68G
INH,katG,katG_W689G,1.0,1.0,3) Uncertain significance,W689G
INH,katG,katG_Y197D,1.0,1.0,3) Uncertain significance,Y197D
INH,katG,katG_D194N,1.0,2.0,3) Uncertain significance,D194N
INH,katG,katG_E402K,1.0,2.0,3) Uncertain significance,E402K
INH,katG,katG_G560S,1.0,2.0,3) Uncertain significance,G560S
INH,katG,katG_T394A,1.0,2.0,3) Uncertain significance,T394A
INH,katG,katG_A591T,1.0,3.0,3) Uncertain significance,A591T
INH,katG,katG_Y413H,1.0,3.0,3) Uncertain significance,Y413H
INH,katG,katG_S211N,1.0,4.0,3) Uncertain significance,S211N
INH,katG,katG_T354I,1.0,10.0,3) Uncertain significance,T354I
INH,inhA,inhA_Q35R,1.0,12.0,3) Uncertain significance,Q35R
INH,inhA,inhA_A114G,0.0,1.0,3) Uncertain significance,A114G
INH,inhA,inhA_A133T,0.0,1.0,3) Uncertain significance,A133T
INH,inhA,inhA_A213V,0.0,1.0,3) Uncertain significance,A213V
INH,inhA,inhA_A235V,0.0,1.0,3) Uncertain significance,A235V
INH,inhA,inhA_A58V,0.0,1.0,3) Uncertain significance,A58V
INH,inhA,inhA_D52G,0.0,1.0,3) Uncertain significance,D52G
INH,inhA,inhA_D89N,0.0,1.0,3) Uncertain significance,D89N
INH,inhA,inhA_E80A,0.0,1.0,3) Uncertain significance,E80A
INH,inhA,inhA_G142S,0.0,1.0,3) Uncertain significance,G142S
INH,inhA,inhA_G212S,0.0,1.0,3) Uncertain significance,G212S
INH,inhA,inhA_G221S,0.0,1.0,3) Uncertain significance,G221S
INH,inhA,inhA_G33D,0.0,1.0,3) Uncertain significance,G33D
INH,inhA,inhA_G76D,0.0,1.0,3) Uncertain significance,G76D
INH,inhA,inhA_H70D,0.0,1.0,3) Uncertain significance,H70D
INH,inhA,inhA_I137V,0.0,1.0,3) Uncertain significance,I137V
INH,inhA,inhA_I194M,0.0,1.0,3) Uncertain significance,I194M
INH,inhA,inhA_K118E,0.0,1.0,3) Uncertain significance,K118E
INH,inhA,inhA_L268F,0.0,1.0,3) Uncertain significance,L268F
INH,inhA,inhA_M103V,0.0,1.0,3) Uncertain significance,M103V
INH,inhA,inhA_M155I,0.0,1.0,3) Uncertain significance,M155I
INH,inhA,inhA_N231K,0.0,1.0,3) Uncertain significance,N231K
INH,inhA,inhA_Q214R,0.0,1.0,3) Uncertain significance,Q214R
INH,inhA,inhA_S143C,0.0,1.0,3) Uncertain significance,S143C
INH,inhA,inhA_S19A,0.0,1.0,3) Uncertain significance,S19A
INH,inhA,inhA_S19L,0.0,1.0,3) Uncertain significance,S19L
INH,inhA,inhA_T236A,0.0,1.0,3) Uncertain significance,T236A
INH,inhA,inhA_T266A,0.0,1.0,3) Uncertain significance,T266A
INH,inhA,inhA_T2A,0.0,1.0,3) Uncertain significance,T2A
INH,inhA,inhA_V189I,0.0,1.0,3) Uncertain significance,V189I
INH,inhA,inhA_V203A,0.0,1.0,3) Uncertain significance,V203A
INH,inhA,inhA_V91A,0.0,1.0,3) Uncertain significance,V91A
INH,inhA,inhA_Y182H,0.0,1.0,3) Uncertain significance,Y182H
INH,katG,katG_A15V,0.0,1.0,3) Uncertain significance,A15V
INH,katG,katG_A162G,0.0,1.0,3) Uncertain significance,A162G
INH,katG,katG_A162T,0.0,1.0,3) Uncertain significance,A162T
INH,katG,katG_A202S,0.0,1.0,3) Uncertain significance,A202S
INH,katG,katG_A243T,0.0,1.0,3) Uncertain significance,A243T
INH,katG,katG_A281T,0.0,1.0,3) Uncertain significance,A281T
INH,katG,katG_A312P,0.0,1.0,3) Uncertain significance,A312P
INH,katG,katG_A480Q,0.0,1.0,3) Uncertain significance,A480Q
INH,katG,katG_A532P,0.0,1.0,3) Uncertain significance,A532P
INH,katG,katG_A53T,0.0,1.0,3) Uncertain significance,A53T
INH,katG,katG_A551S,0.0,1.0,3) Uncertain significance,A551S
INH,katG,katG_A558R,0.0,1.0,3) Uncertain significance,A558R
INH,katG,katG_A559V,0.0,1.0,3) Uncertain significance,A559V
INH,katG,katG_A60G,0.0,1.0,3) Uncertain significance,A60G
INH,katG,katG_A60V,0.0,1.0,3) Uncertain significance,A60V
INH,katG,katG_A61S,0.0,1.0,3) Uncertain significance,A61S
INH,katG,katG_A716T,0.0,1.0,3) Uncertain significance,A716T
INH,katG,katG_A727T,0.0,1.0,3) Uncertain significance,A727T
INH,katG,katG_D240G,0.0,1.0,3) Uncertain significance,D240G
INH,katG,katG_D240N,0.0,1.0,3) Uncertain significance,D240N
INH,katG,katG_D259A,0.0,1.0,3) Uncertain significance,D259A
INH,katG,katG_D282G,0.0,1.0,3) Uncertain significance,D282G
INH,katG,katG_D406G,0.0,1.0,3) Uncertain significance,D406G
INH,katG,katG_D509N,0.0,1.0,3) Uncertain significance,D509N
INH,katG,katG_D511Y,0.0,1.0,3) Uncertain significance,D511Y
INH,katG,katG_D656G,0.0,1.0,3) Uncertain significance,D656G
INH,katG,katG_D675H,0.0,1.0,3) Uncertain significance,D675H
INH,katG,katG_D729N,0.0,1.0,3) Uncertain significance,D729N
INH,katG,katG_D72N,0.0,1.0,3) Uncertain significance,D72N
INH,katG,katG_D735N,0.0,1.0,3) Uncertain significance,D735N
INH,katG,katG_E342A,0.0,1.0,3) Uncertain significance,E342A
INH,katG,katG_E402A,0.0,1.0,3) Uncertain significance,E402A
INH,katG,katG_E407K,0.0,1.0,3) Uncertain significance,E407K
INH,katG,katG_E523D,0.0,1.0,3) Uncertain significance,E523D
INH,katG,katG_E623A,0.0,1.0,3) Uncertain significance,E623A
INH,katG,katG_F178V,0.0,1.0,3) Uncertain significance,F178V
INH,katG,katG_F62L,0.0,1.0,3) Uncertain significance,F62L
INH,katG,katG_F658L,0.0,1.0,3) Uncertain significance,F658L
INH,katG,katG_G124D,0.0,1.0,3) Uncertain significance,G124D
INH,katG,katG_G184D,0.0,1.0,3) Uncertain significance,G184D
INH,katG,katG_G206R,0.0,1.0,3) Uncertain significance,G206R
INH,katG,katG_G237R,0.0,1.0,3) Uncertain significance,G237R
INH,katG,katG_G285A,0.0,1.0,3) Uncertain significance,G285A
INH,katG,katG_G305C,0.0,1.0,3) Uncertain significance,G305C
INH,katG,katG_G307E,0.0,1.0,3) Uncertain significance,G307E
INH,katG,katG_G34R,0.0,1.0,3) Uncertain significance,G34R
INH,katG,katG_G451D,0.0,1.0,3) Uncertain significance,G451D
INH,katG,katG_G570F,0.0,1.0,3) Uncertain significance,G570F
INH,katG,katG_G601D,0.0,1.0,3) Uncertain significance,G601D
INH,katG,katG_G685D,0.0,1.0,3) Uncertain significance,G685D
INH,katG,katG_H447R,0.0,1.0,3) Uncertain significance,H447R
INH,katG,katG_H49Y,0.0,1.0,3) Uncertain significance,H49Y
INH,katG,katG_I455L,0.0,1.0,3) Uncertain significance,I455L
INH,katG,katG_I497V,0.0,1.0,3) Uncertain significance,I497V
INH,katG,katG_I80F,0.0,1.0,3) Uncertain significance,I80F
INH,katG,katG_I8V,0.0,1.0,3) Uncertain significance,I8V
INH,katG,katG_K143N,0.0,1.0,3) Uncertain significance,K143N
INH,katG,katG_K200R,0.0,1.0,3) Uncertain significance,K200R
INH,katG,katG_K345N,0.0,1.0,3) Uncertain significance,K345N
INH,katG,katG_K557R,0.0,1.0,3) Uncertain significance,K557R
INH,katG,katG_K590Q,0.0,1.0,3) Uncertain significance,K590Q
INH,katG,katG_K686T,0.0,1.0,3) Uncertain significance,K686T
INH,katG,katG_L205R,0.0,1.0,3) Uncertain significance,L205R
INH,katG,katG_L336M,0.0,1.0,3) Uncertain significance,L336M
INH,katG,katG_L382R,0.0,1.0,3) Uncertain significance,L382R
INH,katG,katG_L398R,0.0,1.0,3) Uncertain significance,L398R
INH,katG,katG_L437R,0.0,1.0,3) Uncertain significance,L437R
INH,katG,katG_L458S,0.0,1.0,3) Uncertain significance,L458S
INH,katG,katG_L616S,0.0,1.0,3) Uncertain significance,L616S
INH,katG,katG_L696Q,0.0,1.0,3) Uncertain significance,L696Q
INH,katG,katG_L707F,0.0,1.0,3) Uncertain significance,L707F
INH,katG,katG_L707P,0.0,1.0,3) Uncertain significance,L707P
INH,katG,katG_M257T,0.0,1.0,3) Uncertain significance,M257T
INH,katG,katG_M420I,0.0,1.0,3) Uncertain significance,M420I
INH,katG,katG_N236E,0.0,1.0,3) Uncertain significance,N236E
INH,katG,katG_N236K,0.0,1.0,3) Uncertain significance,N236K
INH,katG,katG_N238Q,0.0,1.0,3) Uncertain significance,N238Q
INH,katG,katG_N35H,0.0,1.0,3) Uncertain significance,N35H
INH,katG,katG_N660A,0.0,1.0,3) Uncertain significance,N660A
INH,katG,katG_P131S,0.0,1.0,3) Uncertain significance,P131S
INH,katG,katG_P286A,0.0,1.0,3) Uncertain significance,P286A
INH,katG,katG_P347S,0.0,1.0,3) Uncertain significance,P347S
INH,katG,katG_P422H,0.0,1.0,3) Uncertain significance,P422H
INH,katG,katG_P432T,0.0,1.0,3) Uncertain significance,P432T
INH,katG,katG_P510A,0.0,1.0,3) Uncertain significance,P510A
INH,katG,katG_P510L,0.0,1.0,3) Uncertain significance,P510L
INH,katG,katG_P52S,0.0,1.0,3) Uncertain significance,P52S
INH,katG,katG_P566L,0.0,1.0,3) Uncertain significance,P566L
INH,katG,katG_P569L,0.0,1.0,3) Uncertain significance,P569L
INH,katG,katG_P605R,0.0,1.0,3) Uncertain significance,P605R
INH,katG,katG_P622T,0.0,1.0,3) Uncertain significance,P622T
INH,katG,katG_P672S,0.0,1.0,3) Uncertain significance,P672S
INH,katG,katG_Q127S,0.0,1.0,3) Uncertain significance,Q127S
INH,katG,katG_Q352Y,0.0,1.0,3) Uncertain significance,Q352Y
INH,katG,katG_Q36E,0.0,1.0,3) Uncertain significance,Q36E
INH,katG,katG_Q434H,0.0,1.0,3) Uncertain significance,Q434H
INH,katG,katG_Q439T,0.0,1.0,3) Uncertain significance,Q439T
INH,katG,katG_Q461R,0.0,1.0,3) Uncertain significance,Q461R
INH,katG,katG_Q525A,0.0,1.0,3) Uncertain significance,Q525A
INH,katG,katG_Q679Y,0.0,1.0,3) Uncertain significance,Q679Y
INH,katG,katG_Q88E,0.0,1.0,3) Uncertain significance,Q88E
INH,katG,katG_R146L,0.0,1.0,3) Uncertain significance,R146L
INH,katG,katG_R249C,0.0,1.0,3) Uncertain significance,R249C
INH,katG,katG_R254S,0.0,1.0,3) Uncertain significance,R254S
INH,katG,katG_R489S,0.0,1.0,3) Uncertain significance,R489S
INH,katG,katG_R515H,0.0,1.0,3) Uncertain significance,R515H
INH,katG,katG_R519H,0.0,1.0,3) Uncertain significance,R519H
INH,katG,katG_R595L,0.0,1.0,3) Uncertain significance,R595L
INH,katG,katG_R705L,0.0,1.0,3) Uncertain significance,R705L
INH,katG,katG_R736K,0.0,1.0,3) Uncertain significance,R736K
INH,katG,katG_R736S,0.0,1.0,3) Uncertain significance,R736S
INH,katG,katG_R740S,0.0,1.0,3) Uncertain significance,R740S
INH,katG,katG_S140G,0.0,1.0,3) Uncertain significance,S140G
INH,katG,katG_S17G,0.0,1.0,3) Uncertain significance,S17G
INH,katG,katG_S331R,0.0,1.0,3) Uncertain significance,S331R
INH,katG,katG_S481A,0.0,1.0,3) Uncertain significance,S481A
INH,katG,katG_S527L,0.0,1.0,3) Uncertain significance,S527L
INH,katG,katG_S684R,0.0,1.0,3) Uncertain significance,S684R
INH,katG,katG_S87L,0.0,1.0,3) Uncertain significance,S87L
INH,katG,katG_T112S,0.0,1.0,3) Uncertain significance,T112S
INH,katG,katG_T11S,0.0,1.0,3) Uncertain significance,T11S
INH,katG,katG_T324N,0.0,1.0,3) Uncertain significance,T324N
INH,katG,katG_T344L,0.0,1.0,3) Uncertain significance,T344L
INH,katG,katG_T363A,0.0,1.0,3) Uncertain significance,T363A
INH,katG,katG_T380S,0.0,1.0,3) Uncertain significance,T380S
INH,katG,katG_T475A,0.0,1.0,3) Uncertain significance,T475A
INH,katG,katG_T520A,0.0,1.0,3) Uncertain significance,T520A
INH,katG,katG_T520N,0.0,1.0,3) Uncertain significance,T520N
INH,katG,katG_T654A,0.0,1.0,3) Uncertain significance,T654A
INH,katG,katG_T654N,0.0,1.0,3) Uncertain significance,T654N
INH,katG,katG_T654S,0.0,1.0,3) Uncertain significance,T654S
INH,katG,katG_T667I,0.0,1.0,3) Uncertain significance,T667I
INH,katG,katG_T77R,0.0,1.0,3) Uncertain significance,T77R
INH,katG,katG_T9K,0.0,1.0,3) Uncertain significance,T9K
INH,katG,katG_V166I,0.0,1.0,3) Uncertain significance,V166I
INH,katG,katG_V196I,0.0,1.0,3) Uncertain significance,V196I
INH,katG,katG_V267A,0.0,1.0,3) Uncertain significance,V267A
INH,katG,katG_V319I,0.0,1.0,3) Uncertain significance,V319I
INH,katG,katG_V386M,0.0,1.0,3) Uncertain significance,V386M
INH,katG,katG_V423F,0.0,1.0,3) Uncertain significance,V423F
INH,katG,katG_V445I,0.0,1.0,3) Uncertain significance,V445I
INH,katG,katG_V503A,0.0,1.0,3) Uncertain significance,V503A
INH,katG,katG_V507I,0.0,1.0,3) Uncertain significance,V507I
INH,katG,katG_V687M,0.0,1.0,3) Uncertain significance,V687M
INH,katG,katG_V710I,0.0,1.0,3) Uncertain significance,V710I
INH,katG,katG_V721L,0.0,1.0,3) Uncertain significance,V721L
INH,katG,katG_W412Y,0.0,1.0,3) Uncertain significance,W412Y
INH,katG,katG_W668C,0.0,1.0,3) Uncertain significance,W668C
INH,katG,katG_W689L,0.0,1.0,3) Uncertain significance,W689L
INH,katG,katG_W728Y,0.0,1.0,3) Uncertain significance,W728Y
INH,katG,katG_Y353C,0.0,1.0,3) Uncertain significance,Y353C
INH,inhA,inhA_E31K,0.0,2.0,3) Uncertain significance,E31K
INH,inhA,inhA_N139S,0.0,2.0,3) Uncertain significance,N139S
INH,inhA,inhA_V171I,0.0,2.0,3) Uncertain significance,V171I
INH,katG,katG_A162V,0.0,2.0,3) Uncertain significance,A162V
INH,katG,katG_A424V,0.0,2.0,3) Uncertain significance,A424V
INH,katG,katG_A476V,0.0,2.0,3) Uncertain significance,A476V
INH,katG,katG_A606T,0.0,2.0,3) Uncertain significance,A606T
INH,katG,katG_C549G,0.0,2.0,3) Uncertain significance,C549G
INH,katG,katG_D511N,0.0,2.0,3) Uncertain significance,D511N
INH,katG,katG_D513N,0.0,2.0,3) Uncertain significance,D513N
INH,katG,katG_D663G,0.0,2.0,3) Uncertain significance,D663G
INH,katG,katG_D74G,0.0,2.0,3) Uncertain significance,D74G
INH,katG,katG_D79A,0.0,2.0,3) Uncertain significance,D79A
INH,katG,katG_E522K,0.0,2.0,3) Uncertain significance,E522K
INH,katG,katG_G123R,0.0,2.0,3) Uncertain significance,G123R
INH,katG,katG_G125S,0.0,2.0,3) Uncertain significance,G125S
INH,katG,katG_G186A,0.0,2.0,3) Uncertain significance,G186A
INH,katG,katG_G237A,0.0,2.0,3) Uncertain significance,G237A
INH,katG,katG_G338S,0.0,2.0,3) Uncertain significance,G338S
INH,katG,katG_G494S,0.0,2.0,3) Uncertain significance,G494S
INH,katG,katG_G560A,0.0,2.0,3) Uncertain significance,G560A
INH,katG,katG_I266T,0.0,2.0,3) Uncertain significance,I266T
INH,katG,katG_K158E,0.0,2.0,3) Uncertain significance,K158E
INH,katG,katG_L427R,0.0,2.0,3) Uncertain significance,L427R
INH,katG,katG_L436R,0.0,2.0,3) Uncertain significance,L436R
INH,katG,katG_L514P,0.0,2.0,3) Uncertain significance,L514P
INH,katG,katG_M609T,0.0,2.0,3) Uncertain significance,M609T
INH,katG,katG_M84I,0.0,2.0,3) Uncertain significance,M84I
INH,katG,katG_N323S,0.0,2.0,3) Uncertain significance,N323S
INH,katG,katG_N535T,0.0,2.0,3) Uncertain significance,N535T
INH,katG,katG_P429R,0.0,2.0,3) Uncertain significance,P429R
INH,katG,katG_P533L,0.0,2.0,3) Uncertain significance,P533L
INH,katG,katG_P566S,0.0,2.0,3) Uncertain significance,P566S
INH,katG,katG_Q471L,0.0,2.0,3) Uncertain significance,Q471L
INH,katG,katG_Q50P,0.0,2.0,3) Uncertain significance,Q50P
INH,katG,katG_R249S,0.0,2.0,3) Uncertain significance,R249S
INH,katG,katG_T12A,0.0,2.0,3) Uncertain significance,T12A
INH,katG,katG_T376M,0.0,2.0,3) Uncertain significance,T376M
INH,katG,katG_T468I,0.0,2.0,3) Uncertain significance,T468I
INH,katG,katG_T647P,0.0,2.0,3) Uncertain significance,T647P
INH,katG,katG_V538A,0.0,2.0,3) Uncertain significance,V538A
INH,katG,katG_V586M,0.0,2.0,3) Uncertain significance,V586M
INH,katG,katG_Y638H,0.0,2.0,3) Uncertain significance,Y638H
INH,katG,katG_Y678A,0.0,2.0,3) Uncertain significance,Y678A
INH,katG,katG_Y678L,0.0,2.0,3) Uncertain significance,Y678L
INH,inhA,inhA_G183D,0.0,3.0,3) Uncertain significance,G183D
INH,inhA,inhA_G183R,0.0,3.0,3) Uncertain significance,G183R
INH,katG,katG_A139T,0.0,3.0,3) Uncertain significance,A139T
INH,katG,katG_A606P,0.0,3.0,3) Uncertain significance,A606P
INH,katG,katG_D215E,0.0,3.0,3) Uncertain significance,D215E
INH,katG,katG_E82D,0.0,3.0,3) Uncertain significance,E82D
INH,katG,katG_G19V,0.0,3.0,3) Uncertain significance,G19V
INH,katG,katG_G534R,0.0,3.0,3) Uncertain significance,G534R
INH,katG,katG_G630S,0.0,3.0,3) Uncertain significance,G630S
INH,katG,katG_K537E,0.0,3.0,3) Uncertain significance,K537E
INH,katG,katG_L598R,0.0,3.0,3) Uncertain significance,L598R
INH,katG,katG_M84L,0.0,3.0,3) Uncertain significance,M84L
INH,katG,katG_Q439Y,0.0,3.0,3) Uncertain significance,Q439Y
INH,katG,katG_Q525S,0.0,3.0,3) Uncertain significance,Q525S
INH,katG,katG_S446N,0.0,3.0,3) Uncertain significance,S446N
INH,katG,katG_V260I,0.0,3.0,3) Uncertain significance,V260I
INH,katG,katG_V633I,0.0,3.0,3) Uncertain significance,V633I
INH,katG,katG_V739M,0.0,3.0,3) Uncertain significance,V739M
INH,inhA,inhA_G141R,0.0,4.0,3) Uncertain significance,G141R
INH,katG,katG_E651D,0.0,4.0,3) Uncertain significance,E651D
INH,katG,katG_V23L,0.0,4.0,3) Uncertain significance,V23L
INH,inhA,inhA_G83R,0.0,5.0,3) Uncertain significance,G83R
INH,katG,katG_Q36P,0.0,5.0,3) Uncertain significance,Q36P
INH,katG,katG_G593C,0.0,6.0,3) Uncertain significance,G593C
INH,katG,katG_V47I,0.0,6.0,3) Uncertain significance,V47I
INH,katG,katG_S457G,0.0,7.0,3) Uncertain significance,S457G
INH,katG,katG_L707R,0.0,8.0,3) Uncertain significance,L707R
INH,katG,katG_D656A,0.0,9.0,3) Uncertain significance,D656A
INH,katG,katG_P718S,0.0,13.0,3) Uncertain significance,P718S
INH,inhA,inhA_V78A,8.0,49.0,4) Not assoc w R - Interim,V78A
INH,inhA,inhA_T4I,,,4) Not assoc w R - Interim,T4I
INH,katG,katG_R463L,5122.0,8477.0,5) Not assoc w R,R463L
INH,katG,katG_V469L,0.0,54.0,5) Not assoc w R,V469L
LEV,gyrA,gyrA_D94G,1190.0,51.0,1) Assoc w R,D94G
LEV,gyrA,gyrA_A90V,679.0,72.0,1) Assoc w R,A90V
LEV,gyrA,gyrA_D94A,228.0,29.0,1) Assoc w R,D94A
LEV,gyrA,gyrA_D94N,216.0,11.0,1) Assoc w R,D94N
LEV,gyrA,gyrA_S91P,127.0,20.0,1) Assoc w R,S91P
LEV,gyrA,gyrA_D94Y,106.0,10.0,1) Assoc w R,D94Y
LEV,gyrA,gyrA_D94H,48.0,3.0,1) Assoc w R,D94H
LEV,gyrA,gyrA_G88C,28.0,0.0,1) Assoc w R,G88C
LEV,gyrB,gyrB_E501D,28.0,24.0,2) Assoc w R - Interim,E501D
LEV,gyrB,gyrB_D461N,24.0,17.0,2) Assoc w R - Interim,D461N
LEV,gyrA,gyrA_G88A,8.0,8.0,2) Assoc w R - Interim,G88A
LEV,gyrB,gyrB_A504V,8.0,11.0,2) Assoc w R - Interim,A504V
LEV,gyrB,gyrB_N499D,6.0,0.0,2) Assoc w R - Interim,N499D
LEV,gyrB,gyrB_E501V,0.0,1.0,2) Assoc w R - Interim,E501V
LEV,gyrB,gyrB_N499T,19.0,6.0,3) Uncertain significance,N499T
LEV,gyrB,gyrB_N499S,11.0,4.0,3) Uncertain significance,N499S
LEV,gyrA,gyrA_E289D,10.0,5.0,3) Uncertain significance,E289D
LEV,gyrB,gyrB_V457L,10.0,14.0,3) Uncertain significance,V457L
LEV,gyrB,gyrB_T500N,7.0,2.0,3) Uncertain significance,T500N
LEV,gyrA,gyrA_D89N,7.0,7.0,3) Uncertain significance,D89N
LEV,gyrB,gyrB_I271M,7.0,109.0,3) Uncertain significance,I271M
LEV,gyrB,gyrB_S661T,7.0,110.0,3) Uncertain significance,S661T
LEV,gyrB,gyrB_V670F,6.0,3.0,3) Uncertain significance,V670F
LEV,gyrB,gyrB_S447F,6.0,7.0,3) Uncertain significance,S447F
LEV,gyrA,gyrA_H70R,5.0,0.0,3) Uncertain significance,H70R
LEV,gyrB,gyrB_A233P,5.0,0.0,3) Uncertain significance,A233P
LEV,gyrA,gyrA_A74S,5.0,1.0,3) Uncertain significance,A74S
LEV,gyrA,gyrA_A676V,5.0,5.0,3) Uncertain significance,A676V
LEV,gyrB,gyrB_H302R,5.0,16.0,3) Uncertain significance,H302R
LEV,gyrA,gyrA_N193S,5.0,49.0,3) Uncertain significance,N193S
LEV,gyrB,gyrB_D461H,4.0,0.0,3) Uncertain significance,D461H
LEV,gyrB,gyrB_I486L,4.0,1.0,3) Uncertain significance,I486L
LEV,gyrB,gyrB_A504T,4.0,3.0,3) Uncertain significance,A504T
LEV,gyrB,gyrB_T500A,4.0,5.0,3) Uncertain significance,T500A
LEV,gyrA,gyrA_D89G,4.0,6.0,3) Uncertain significance,D89G
LEV,gyrB,gyrB_G512R,4.0,9.0,3) Uncertain significance,G512R
LEV,gyrA,gyrA_T267I,4.0,12.0,3) Uncertain significance,T267I
LEV,gyrB,gyrB_R446C,4.0,12.0,3) Uncertain significance,R446C
LEV,gyrA,gyrA_P472S,4.0,21.0,3) Uncertain significance,P472S
LEV,gyrA,gyrA_R578Q,4.0,24.0,3) Uncertain significance,R578Q
LEV,gyrA,gyrA_R450S,3.0,0.0,3) Uncertain significance,R450S
LEV,gyrB,gyrB_M100V,3.0,0.0,3) Uncertain significance,M100V
LEV,gyrB,gyrB_N499K,3.0,0.0,3) Uncertain significance,N499K
LEV,gyrB,gyrB_T500P,3.0,1.0,3) Uncertain significance,T500P
LEV,gyrA,gyrA_L346V,3.0,3.0,3) Uncertain significance,L346V
LEV,gyrB,gyrB_R446H,3.0,8.0,3) Uncertain significance,R446H
LEV,gyrA,gyrA_A288D,3.0,11.0,3) Uncertain significance,A288D
LEV,gyrA,gyrA_T5A,3.0,11.0,3) Uncertain significance,T5A
LEV,gyrB,gyrB_R575H,3.0,27.0,3) Uncertain significance,R575H
LEV,gyrA,gyrA_D641E,2.0,0.0,3) Uncertain significance,D641E
LEV,gyrA,gyrA_M220R,2.0,0.0,3) Uncertain significance,M220R
LEV,gyrA,gyrA_S95A,2.0,0.0,3) Uncertain significance,S95A
LEV,gyrB,gyrB_L257P,2.0,0.0,3) Uncertain significance,L257P
LEV,gyrB,gyrB_N499I,2.0,0.0,3) Uncertain significance,N499I
LEV,gyrA,gyrA_R607H,2.0,1.0,3) Uncertain significance,R607H
LEV,gyrB,gyrB_T500I,2.0,1.0,3) Uncertain significance,T500I
LEV,gyrA,gyrA_G236V,2.0,2.0,3) Uncertain significance,G236V
LEV,gyrA,gyrA_R292G,2.0,2.0,3) Uncertain significance,R292G
LEV,gyrB,gyrB_S447Y,2.0,4.0,3) Uncertain significance,S447Y
LEV,gyrA,gyrA_A347T,1.0,0.0,3) Uncertain significance,A347T
LEV,gyrA,gyrA_A512G,1.0,0.0,3) Uncertain significance,A512G
LEV,gyrA,gyrA_A689G,1.0,0.0,3) Uncertain significance,A689G
LEV,gyrA,gyrA_D552G,1.0,0.0,3) Uncertain significance,D552G
LEV,gyrA,gyrA_D770G,1.0,0.0,3) Uncertain significance,D770G
LEV,gyrA,gyrA_D810E,1.0,0.0,3) Uncertain significance,D810E
LEV,gyrA,gyrA_D824E,1.0,0.0,3) Uncertain significance,D824E
LEV,gyrA,gyrA_D824N,1.0,0.0,3) Uncertain significance,D824N
LEV,gyrA,gyrA_D94V,1.0,0.0,3) Uncertain significance,D94V
LEV,gyrA,gyrA_E466G,1.0,0.0,3) Uncertain significance,E466G
LEV,gyrA,gyrA_E738D,1.0,0.0,3) Uncertain significance,E738D
LEV,gyrA,gyrA_G694S,1.0,0.0,3) Uncertain significance,G694S
LEV,gyrA,gyrA_G88N,1.0,0.0,3) Uncertain significance,G88N
LEV,gyrA,gyrA_H490R,1.0,0.0,3) Uncertain significance,H490R
LEV,gyrA,gyrA_I390T,1.0,0.0,3) Uncertain significance,I390T
LEV,gyrA,gyrA_I707V,1.0,0.0,3) Uncertain significance,I707V
LEV,gyrA,gyrA_L134M,1.0,0.0,3) Uncertain significance,L134M
LEV,gyrA,gyrA_L455R,1.0,0.0,3) Uncertain significance,L455R
LEV,gyrA,gyrA_P102L,1.0,0.0,3) Uncertain significance,P102L
LEV,gyrA,gyrA_Q594R,1.0,0.0,3) Uncertain significance,Q594R
LEV,gyrA,gyrA_R222W,1.0,0.0,3) Uncertain significance,R222W
LEV,gyrA,gyrA_R292L,1.0,0.0,3) Uncertain significance,R292L
LEV,gyrA,gyrA_R309W,1.0,0.0,3) Uncertain significance,R309W
LEV,gyrA,gyrA_R450G,1.0,0.0,3) Uncertain significance,R450G
LEV,gyrA,gyrA_R718C,1.0,0.0,3) Uncertain significance,R718C
LEV,gyrA,gyrA_T135S,1.0,0.0,3) Uncertain significance,T135S
LEV,gyrA,gyrA_V596M,1.0,0.0,3) Uncertain significance,V596M
LEV,gyrB,gyrB_A467V,1.0,0.0,3) Uncertain significance,A467V
LEV,gyrB,gyrB_A597T,1.0,0.0,3) Uncertain significance,A597T
LEV,gyrB,gyrB_A618T,1.0,0.0,3) Uncertain significance,A618T
LEV,gyrB,gyrB_A643D,1.0,0.0,3) Uncertain significance,A643D
LEV,gyrB,gyrB_D588N,1.0,0.0,3) Uncertain significance,D588N
LEV,gyrB,gyrB_D645A,1.0,0.0,3) Uncertain significance,D645A
LEV,gyrB,gyrB_E364D,1.0,0.0,3) Uncertain significance,E364D
LEV,gyrB,gyrB_E397D,1.0,0.0,3) Uncertain significance,E397D
LEV,gyrB,gyrB_E501A,1.0,0.0,3) Uncertain significance,E501A
LEV,gyrB,gyrB_G470C,1.0,0.0,3) Uncertain significance,G470C
LEV,gyrB,gyrB_G520V,1.0,0.0,3) Uncertain significance,G520V
LEV,gyrB,gyrB_G589V,1.0,0.0,3) Uncertain significance,G589V
LEV,gyrB,gyrB_K599R,1.0,0.0,3) Uncertain significance,K599R
LEV,gyrB,gyrB_L375V,1.0,0.0,3) Uncertain significance,L375V
LEV,gyrB,gyrB_N499Y,1.0,0.0,3) Uncertain significance,N499Y
LEV,gyrB,gyrB_P243S,1.0,0.0,3) Uncertain significance,P243S
LEV,gyrB,gyrB_P578S,1.0,0.0,3) Uncertain significance,P578S
LEV,gyrB,gyrB_Q503R,1.0,0.0,3) Uncertain significance,Q503R
LEV,gyrB,gyrB_Q9H,1.0,0.0,3) Uncertain significance,Q9H
LEV,gyrB,gyrB_R446G,1.0,0.0,3) Uncertain significance,R446G
LEV,gyrB,gyrB_R553G,1.0,0.0,3) Uncertain significance,R553G
LEV,gyrB,gyrB_S16C,1.0,0.0,3) Uncertain significance,S16C
LEV,gyrB,gyrB_T167M,1.0,0.0,3) Uncertain significance,T167M
LEV,gyrB,gyrB_T182I,1.0,0.0,3) Uncertain significance,T182I
LEV,gyrB,gyrB_V276A,1.0,0.0,3) Uncertain significance,V276A
LEV,gyrB,gyrB_Y144F,1.0,0.0,3) Uncertain significance,Y144F
LEV,gyrA,gyrA_A126S,1.0,1.0,3) Uncertain significance,A126S
LEV,gyrA,gyrA_A736T,1.0,1.0,3) Uncertain significance,A736T
LEV,gyrA,gyrA_A814T,1.0,1.0,3) Uncertain significance,A814T
LEV,gyrA,gyrA_H389P,1.0,1.0,3) Uncertain significance,H389P
LEV,gyrA,gyrA_P275A,1.0,1.0,3) Uncertain significance,P275A
LEV,gyrA,gyrA_R309Q,1.0,1.0,3) Uncertain significance,R309Q
LEV,gyrA,gyrA_T590A,1.0,1.0,3) Uncertain significance,T590A
LEV,gyrA,gyrA_T735S,1.0,1.0,3) Uncertain significance,T735S
LEV,gyrB,gyrB_E501G,1.0,1.0,3) Uncertain significance,E501G
LEV,gyrA,gyrA_D829E,1.0,2.0,3) Uncertain significance,D829E
LEV,gyrA,gyrA_E739Q,1.0,2.0,3) Uncertain significance,E739Q
LEV,gyrA,gyrA_F705L,1.0,2.0,3) Uncertain significance,F705L
LEV,gyrA,gyrA_L105R,1.0,2.0,3) Uncertain significance,L105R
LEV,gyrA,gyrA_L398F,1.0,2.0,3) Uncertain significance,L398F
LEV,gyrA,gyrA_S237A,1.0,2.0,3) Uncertain significance,S237A
LEV,gyrA,gyrA_H368Q,1.0,3.0,3) Uncertain significance,H368Q
LEV,gyrB,gyrB_T378S,1.0,4.0,3) Uncertain significance,T378S
LEV,gyrA,gyrA_G729R,1.0,5.0,3) Uncertain significance,G729R
LEV,gyrA,gyrA_N282K,1.0,5.0,3) Uncertain significance,N282K
LEV,gyrA,gyrA_T272I,1.0,5.0,3) Uncertain significance,T272I
LEV,gyrA,gyrA_I462V,1.0,6.0,3) Uncertain significance,I462V
LEV,gyrA,gyrA_Q277R,1.0,7.0,3) Uncertain significance,Q277R
LEV,gyrB,gyrB_K526Q,1.0,15.0,3) Uncertain significance,K526Q
LEV,gyrA,gyrA_A186T,0.0,1.0,3) Uncertain significance,A186T
LEV,gyrA,gyrA_A198G,0.0,1.0,3) Uncertain significance,A198G
LEV,gyrA,gyrA_A231S,0.0,1.0,3) Uncertain significance,A231S
LEV,gyrA,gyrA_A297G,0.0,1.0,3) Uncertain significance,A297G
LEV,gyrA,gyrA_A322S,0.0,1.0,3) Uncertain significance,A322S
LEV,gyrA,gyrA_A324G,0.0,1.0,3) Uncertain significance,A324G
LEV,gyrA,gyrA_A324V,0.0,1.0,3) Uncertain significance,A324V
LEV,gyrA,gyrA_A347V,0.0,1.0,3) Uncertain significance,A347V
LEV,gyrA,gyrA_A406T,0.0,1.0,3) Uncertain significance,A406T
LEV,gyrA,gyrA_A406V,0.0,1.0,3) Uncertain significance,A406V
LEV,gyrA,gyrA_A410T,0.0,1.0,3) Uncertain significance,A410T
LEV,gyrA,gyrA_A419Q,0.0,1.0,3) Uncertain significance,A419Q
LEV,gyrA,gyrA_A432G,0.0,1.0,3) Uncertain significance,A432G
LEV,gyrA,gyrA_A432V,0.0,1.0,3) Uncertain significance,A432V
LEV,gyrA,gyrA_A501V,0.0,1.0,3) Uncertain significance,A501V
LEV,gyrA,gyrA_A512T,0.0,1.0,3) Uncertain significance,A512T
LEV,gyrA,gyrA_A512V,0.0,1.0,3) Uncertain significance,A512V
LEV,gyrA,gyrA_A579V,0.0,1.0,3) Uncertain significance,A579V
LEV,gyrA,gyrA_A587D,0.0,1.0,3) Uncertain significance,A587D
LEV,gyrA,gyrA_A620T,0.0,1.0,3) Uncertain significance,A620T
LEV,gyrA,gyrA_A667V,0.0,1.0,3) Uncertain significance,A667V
LEV,gyrA,gyrA_A676D,0.0,1.0,3) Uncertain significance,A676D
LEV,gyrA,gyrA_A696T,0.0,1.0,3) Uncertain significance,A696T
LEV,gyrA,gyrA_A74T,0.0,1.0,3) Uncertain significance,A74T
LEV,gyrA,gyrA_D111G,0.0,1.0,3) Uncertain significance,D111G
LEV,gyrA,gyrA_D199E,0.0,1.0,3) Uncertain significance,D199E
LEV,gyrA,gyrA_D199Y,0.0,1.0,3) Uncertain significance,D199Y
LEV,gyrA,gyrA_D209E,0.0,1.0,3) Uncertain significance,D209E
LEV,gyrA,gyrA_D209G,0.0,1.0,3) Uncertain significance,D209G
LEV,gyrA,gyrA_D211E,0.0,1.0,3) Uncertain significance,D211E
LEV,gyrA,gyrA_D211G,0.0,1.0,3) Uncertain significance,D211G
LEV,gyrA,gyrA_D262N,0.0,1.0,3) Uncertain significance,D262N
LEV,gyrA,gyrA_D262V,0.0,1.0,3) Uncertain significance,D262V
LEV,gyrA,gyrA_D293Y,0.0,1.0,3) Uncertain significance,D293Y
LEV,gyrA,gyrA_D367E,0.0,1.0,3) Uncertain significance,D367E
LEV,gyrA,gyrA_D415N,0.0,1.0,3) Uncertain significance,D415N
LEV,gyrA,gyrA_D437G,0.0,1.0,3) Uncertain significance,D437G
LEV,gyrA,gyrA_D464E,0.0,1.0,3) Uncertain significance,D464E
LEV,gyrA,gyrA_D467H,0.0,1.0,3) Uncertain significance,D467H
LEV,gyrA,gyrA_D481E,0.0,1.0,3) Uncertain significance,D481E
LEV,gyrA,gyrA_D481G,0.0,1.0,3) Uncertain significance,D481G
LEV,gyrA,gyrA_D488A,0.0,1.0,3) Uncertain significance,D488A
LEV,gyrA,gyrA_D493H,0.0,1.0,3) Uncertain significance,D493H
LEV,gyrA,gyrA_D507H,0.0,1.0,3) Uncertain significance,D507H
LEV,gyrA,gyrA_D509N,0.0,1.0,3) Uncertain significance,D509N
LEV,gyrA,gyrA_D515N,0.0,1.0,3) Uncertain significance,D515N
LEV,gyrA,gyrA_D583E,0.0,1.0,3) Uncertain significance,D583E
LEV,gyrA,gyrA_D639G,0.0,1.0,3) Uncertain significance,D639G
LEV,gyrA,gyrA_D641Y,0.0,1.0,3) Uncertain significance,D641Y
LEV,gyrA,gyrA_D687N,0.0,1.0,3) Uncertain significance,D687N
LEV,gyrA,gyrA_D824A,0.0,1.0,3) Uncertain significance,D824A
LEV,gyrA,gyrA_D825E,0.0,1.0,3) Uncertain significance,D825E
LEV,gyrA,gyrA_D834N,0.0,1.0,3) Uncertain significance,D834N
LEV,gyrA,gyrA_E140G,0.0,1.0,3) Uncertain significance,E140G
LEV,gyrA,gyrA_E144Q,0.0,1.0,3) Uncertain significance,E144Q
LEV,gyrA,gyrA_E148D,0.0,1.0,3) Uncertain significance,E148D
LEV,gyrA,gyrA_E206D,0.0,1.0,3) Uncertain significance,E206D
LEV,gyrA,gyrA_E214A,0.0,1.0,3) Uncertain significance,E214A
LEV,gyrA,gyrA_E258D,0.0,1.0,3) Uncertain significance,E258D
LEV,gyrA,gyrA_E289Q,0.0,1.0,3) Uncertain significance,E289Q
LEV,gyrA,gyrA_E317G,0.0,1.0,3) Uncertain significance,E317G
LEV,gyrA,gyrA_E386V,0.0,1.0,3) Uncertain significance,E386V
LEV,gyrA,gyrA_E412G,0.0,1.0,3) Uncertain significance,E412G
LEV,gyrA,gyrA_E429A,0.0,1.0,3) Uncertain significance,E429A
LEV,gyrA,gyrA_E466A,0.0,1.0,3) Uncertain significance,E466A
LEV,gyrA,gyrA_E485A,0.0,1.0,3) Uncertain significance,E485A
LEV,gyrA,gyrA_E508A,0.0,1.0,3) Uncertain significance,E508A
LEV,gyrA,gyrA_E586G,0.0,1.0,3) Uncertain significance,E586G
LEV,gyrA,gyrA_E605G,0.0,1.0,3) Uncertain significance,E605G
LEV,gyrA,gyrA_E79K,0.0,1.0,3) Uncertain significance,E79K
LEV,gyrA,gyrA_E808Q,0.0,1.0,3) Uncertain significance,E808Q
LEV,gyrA,gyrA_F152L,0.0,1.0,3) Uncertain significance,F152L
LEV,gyrA,gyrA_F228L,0.0,1.0,3) Uncertain significance,F228L
LEV,gyrA,gyrA_F569C,0.0,1.0,3) Uncertain significance,F569C
LEV,gyrA,gyrA_F60Y,0.0,1.0,3) Uncertain significance,F60Y
LEV,gyrA,gyrA_F640V,0.0,1.0,3) Uncertain significance,F640V
LEV,gyrA,gyrA_F64L,0.0,1.0,3) Uncertain significance,F64L
LEV,gyrA,gyrA_F683L,0.0,1.0,3) Uncertain significance,F683L
LEV,gyrA,gyrA_F683V,0.0,1.0,3) Uncertain significance,F683V
LEV,gyrA,gyrA_G158S,0.0,1.0,3) Uncertain significance,G158S
LEV,gyrA,gyrA_G221E,0.0,1.0,3) Uncertain significance,G221E
LEV,gyrA,gyrA_G294A,0.0,1.0,3) Uncertain significance,G294A
LEV,gyrA,gyrA_G311A,0.0,1.0,3) Uncertain significance,G311A
LEV,gyrA,gyrA_G477R,0.0,1.0,3) Uncertain significance,G477R
LEV,gyrA,gyrA_G63R,0.0,1.0,3) Uncertain significance,G63R
LEV,gyrA,gyrA_G668N,0.0,1.0,3) Uncertain significance,G668N
LEV,gyrA,gyrA_G744A,0.0,1.0,3) Uncertain significance,G744A
LEV,gyrA,gyrA_G764R,0.0,1.0,3) Uncertain significance,G764R
LEV,gyrA,gyrA_G780C,0.0,1.0,3) Uncertain significance,G780C
LEV,gyrA,gyrA_G795R,0.0,1.0,3) Uncertain significance,G795R
LEV,gyrA,gyrA_G823S,0.0,1.0,3) Uncertain significance,G823S
LEV,gyrA,gyrA_G832R,0.0,1.0,3) Uncertain significance,G832R
LEV,gyrA,gyrA_H192Q,0.0,1.0,3) Uncertain significance,H192Q
LEV,gyrA,gyrA_H208Y,0.0,1.0,3) Uncertain significance,H208Y
LEV,gyrA,gyrA_H334Y,0.0,1.0,3) Uncertain significance,H334Y
LEV,gyrA,gyrA_H490N,0.0,1.0,3) Uncertain significance,H490N
LEV,gyrA,gyrA_H490Y,0.0,1.0,3) Uncertain significance,H490Y
LEV,gyrA,gyrA_I153S,0.0,1.0,3) Uncertain significance,I153S
LEV,gyrA,gyrA_I314V,0.0,1.0,3) Uncertain significance,I314V
LEV,gyrA,gyrA_I318L,0.0,1.0,3) Uncertain significance,I318L
LEV,gyrA,gyrA_I328L,0.0,1.0,3) Uncertain significance,I328L
LEV,gyrA,gyrA_I348V,0.0,1.0,3) Uncertain significance,I348V
LEV,gyrA,gyrA_I362M,0.0,1.0,3) Uncertain significance,I362M
LEV,gyrA,gyrA_I408T,0.0,1.0,3) Uncertain significance,I408T
LEV,gyrA,gyrA_I427V,0.0,1.0,3) Uncertain significance,I427V
LEV,gyrA,gyrA_I468V,0.0,1.0,3) Uncertain significance,I468V
LEV,gyrA,gyrA_I520L,0.0,1.0,3) Uncertain significance,I520L
LEV,gyrA,gyrA_K224E,0.0,1.0,3) Uncertain significance,K224E
LEV,gyrA,gyrA_K319E,0.0,1.0,3) Uncertain significance,K319E
LEV,gyrA,gyrA_K333N,0.0,1.0,3) Uncertain significance,K333N
LEV,gyrA,gyrA_K636N,0.0,1.0,3) Uncertain significance,K636N
LEV,gyrA,gyrA_K636T,0.0,1.0,3) Uncertain significance,K636T
LEV,gyrA,gyrA_L425F,0.0,1.0,3) Uncertain significance,L425F
LEV,gyrA,gyrA_L549V,0.0,1.0,3) Uncertain significance,L549V
LEV,gyrA,gyrA_L690V,0.0,1.0,3) Uncertain significance,L690V
LEV,gyrA,gyrA_L766S,0.0,1.0,3) Uncertain significance,L766S
LEV,gyrA,gyrA_M139T,0.0,1.0,3) Uncertain significance,M139T
LEV,gyrA,gyrA_M139V,0.0,1.0,3) Uncertain significance,M139V
LEV,gyrA,gyrA_M141I,0.0,1.0,3) Uncertain significance,M141I
LEV,gyrA,gyrA_M141T,0.0,1.0,3) Uncertain significance,M141T
LEV,gyrA,gyrA_M438I,0.0,1.0,3) Uncertain significance,M438I
LEV,gyrA,gyrA_M703V,0.0,1.0,3) Uncertain significance,M703V
LEV,gyrA,gyrA_M99I,0.0,1.0,3) Uncertain significance,M99I
LEV,gyrA,gyrA_M99V,0.0,1.0,3) Uncertain significance,M99V
LEV,gyrA,gyrA_N301T,0.0,1.0,3) Uncertain significance,N301T
LEV,gyrA,gyrA_N629K,0.0,1.0,3) Uncertain significance,N629K
LEV,gyrA,gyrA_N826D,0.0,1.0,3) Uncertain significance,N826D
LEV,gyrA,gyrA_N826I,0.0,1.0,3) Uncertain significance,N826I
LEV,gyrA,gyrA_N831D,0.0,1.0,3) Uncertain significance,N831D
LEV,gyrA,gyrA_P108S,0.0,1.0,3) Uncertain significance,P108S
LEV,gyrA,gyrA_P119L,0.0,1.0,3) Uncertain significance,P119L
LEV,gyrA,gyrA_P154L,0.0,1.0,3) Uncertain significance,P154L
LEV,gyrA,gyrA_P154R,0.0,1.0,3) Uncertain significance,P154R
LEV,gyrA,gyrA_P17S,0.0,1.0,3) Uncertain significance,P17S
LEV,gyrA,gyrA_P7L,0.0,1.0,3) Uncertain significance,P7L
LEV,gyrA,gyrA_Q22H,0.0,1.0,3) Uncertain significance,Q22H
LEV,gyrA,gyrA_Q22R,0.0,1.0,3) Uncertain significance,Q22R
LEV,gyrA,gyrA_Q238H,0.0,1.0,3) Uncertain significance,Q238H
LEV,gyrA,gyrA_Q25E,0.0,1.0,3) Uncertain significance,Q25E
LEV,gyrA,gyrA_Q290R,0.0,1.0,3) Uncertain significance,Q290R
LEV,gyrA,gyrA_Q305R,0.0,1.0,3) Uncertain significance,Q305R
LEV,gyrA,gyrA_Q336K,0.0,1.0,3) Uncertain significance,Q336K
LEV,gyrA,gyrA_Q475P,0.0,1.0,3) Uncertain significance,Q475P
LEV,gyrA,gyrA_Q603H,0.0,1.0,3) Uncertain significance,Q603H
LEV,gyrA,gyrA_Q679H,0.0,1.0,3) Uncertain significance,Q679H
LEV,gyrA,gyrA_Q743H,0.0,1.0,3) Uncertain significance,Q743H
LEV,gyrA,gyrA_Q797P,0.0,1.0,3) Uncertain significance,Q797P
LEV,gyrA,gyrA_R106C,0.0,1.0,3) Uncertain significance,R106C
LEV,gyrA,gyrA_R143K,0.0,1.0,3) Uncertain significance,R143K
LEV,gyrA,gyrA_R14L,0.0,1.0,3) Uncertain significance,R14L
LEV,gyrA,gyrA_R252G,0.0,1.0,3) Uncertain significance,R252G
LEV,gyrA,gyrA_R26C,0.0,1.0,3) Uncertain significance,R26C
LEV,gyrA,gyrA_R26H,0.0,1.0,3) Uncertain significance,R26H
LEV,gyrA,gyrA_R375Q,0.0,1.0,3) Uncertain significance,R375Q
LEV,gyrA,gyrA_R376L,0.0,1.0,3) Uncertain significance,R376L
LEV,gyrA,gyrA_R392H,0.0,1.0,3) Uncertain significance,R392H
LEV,gyrA,gyrA_R409Q,0.0,1.0,3) Uncertain significance,R409Q
LEV,gyrA,gyrA_R480C,0.0,1.0,3) Uncertain significance,R480C
LEV,gyrA,gyrA_R489K,0.0,1.0,3) Uncertain significance,R489K
LEV,gyrA,gyrA_R489S,0.0,1.0,3) Uncertain significance,R489S
LEV,gyrA,gyrA_R513C,0.0,1.0,3) Uncertain significance,R513C
LEV,gyrA,gyrA_R607C,0.0,1.0,3) Uncertain significance,R607C
LEV,gyrA,gyrA_R615G,0.0,1.0,3) Uncertain significance,R615G
LEV,gyrA,gyrA_R615H,0.0,1.0,3) Uncertain significance,R615H
LEV,gyrA,gyrA_R615L,0.0,1.0,3) Uncertain significance,R615L
LEV,gyrA,gyrA_R65H,0.0,1.0,3) Uncertain significance,R65H
LEV,gyrA,gyrA_R68C,0.0,1.0,3) Uncertain significance,R68C
LEV,gyrA,gyrA_R758P,0.0,1.0,3) Uncertain significance,R758P
LEV,gyrA,gyrA_R789G,0.0,1.0,3) Uncertain significance,R789G
LEV,gyrA,gyrA_R789H,0.0,1.0,3) Uncertain significance,R789H
LEV,gyrA,gyrA_R802Q,0.0,1.0,3) Uncertain significance,R802Q
LEV,gyrA,gyrA_S104L,0.0,1.0,3) Uncertain significance,S104L
LEV,gyrA,gyrA_S168N,0.0,1.0,3) Uncertain significance,S168N
LEV,gyrA,gyrA_S168T,0.0,1.0,3) Uncertain significance,S168T
LEV,gyrA,gyrA_S237T,0.0,1.0,3) Uncertain significance,S237T
LEV,gyrA,gyrA_S506N,0.0,1.0,3) Uncertain significance,S506N
LEV,gyrA,gyrA_S62F,0.0,1.0,3) Uncertain significance,S62F
LEV,gyrA,gyrA_S728A,0.0,1.0,3) Uncertain significance,S728A
LEV,gyrA,gyrA_T164M,0.0,1.0,3) Uncertain significance,T164M
LEV,gyrA,gyrA_T230S,0.0,1.0,3) Uncertain significance,T230S
LEV,gyrA,gyrA_T240I,0.0,1.0,3) Uncertain significance,T240I
LEV,gyrA,gyrA_T246A,0.0,1.0,3) Uncertain significance,T246A
LEV,gyrA,gyrA_T355M,0.0,1.0,3) Uncertain significance,T355M
LEV,gyrA,gyrA_T355S,0.0,1.0,3) Uncertain significance,T355S
LEV,gyrA,gyrA_T563S,0.0,1.0,3) Uncertain significance,T563S
LEV,gyrA,gyrA_T590M,0.0,1.0,3) Uncertain significance,T590M
LEV,gyrA,gyrA_T638I,0.0,1.0,3) Uncertain significance,T638I
LEV,gyrA,gyrA_T638N,0.0,1.0,3) Uncertain significance,T638N
LEV,gyrA,gyrA_T686S,0.0,1.0,3) Uncertain significance,T686S
LEV,gyrA,gyrA_T697A,0.0,1.0,3) Uncertain significance,T697A
LEV,gyrA,gyrA_T836M,0.0,1.0,3) Uncertain significance,T836M
LEV,gyrA,gyrA_V223I,0.0,1.0,3) Uncertain significance,V223I
LEV,gyrA,gyrA_V235A,0.0,1.0,3) Uncertain significance,V235A
LEV,gyrA,gyrA_V259L,0.0,1.0,3) Uncertain significance,V259L
LEV,gyrA,gyrA_V326G,0.0,1.0,3) Uncertain significance,V326G
LEV,gyrA,gyrA_V326L,0.0,1.0,3) Uncertain significance,V326L
LEV,gyrA,gyrA_V327L,0.0,1.0,3) Uncertain significance,V327L
LEV,gyrA,gyrA_V352L,0.0,1.0,3) Uncertain significance,V352L
LEV,gyrA,gyrA_V352M,0.0,1.0,3) Uncertain significance,V352M
LEV,gyrA,gyrA_V479M,0.0,1.0,3) Uncertain significance,V479M
LEV,gyrA,gyrA_V505I,0.0,1.0,3) Uncertain significance,V505I
LEV,gyrA,gyrA_V516A,0.0,1.0,3) Uncertain significance,V516A
LEV,gyrA,gyrA_V517L,0.0,1.0,3) Uncertain significance,V517L
LEV,gyrA,gyrA_V649L,0.0,1.0,3) Uncertain significance,V649L
LEV,gyrA,gyrA_V649M,0.0,1.0,3) Uncertain significance,V649M
LEV,gyrA,gyrA_V651A,0.0,1.0,3) Uncertain significance,V651A
LEV,gyrA,gyrA_V651I,0.0,1.0,3) Uncertain significance,V651I
LEV,gyrA,gyrA_V716F,0.0,1.0,3) Uncertain significance,V716F
LEV,gyrA,gyrA_V768A,0.0,1.0,3) Uncertain significance,V768A
LEV,gyrA,gyrA_Y276H,0.0,1.0,3) Uncertain significance,Y276H
LEV,gyrA,gyrA_Y364H,0.0,1.0,3) Uncertain significance,Y364H
LEV,gyrA,gyrA_Y365H,0.0,1.0,3) Uncertain significance,Y365H
LEV,gyrA,gyrA_Y722C,0.0,1.0,3) Uncertain significance,Y722C
LEV,gyrB,gyrB_A115V,0.0,1.0,3) Uncertain significance,A115V
LEV,gyrB,gyrB_A162E,0.0,1.0,3) Uncertain significance,A162E
LEV,gyrB,gyrB_A162S,0.0,1.0,3) Uncertain significance,A162S
LEV,gyrB,gyrB_A175T,0.0,1.0,3) Uncertain significance,A175T
LEV,gyrB,gyrB_A233G,0.0,1.0,3) Uncertain significance,A233G
LEV,gyrB,gyrB_A237G,0.0,1.0,3) Uncertain significance,A237G
LEV,gyrB,gyrB_A238G,0.0,1.0,3) Uncertain significance,A238G
LEV,gyrB,gyrB_A238T,0.0,1.0,3) Uncertain significance,A238T
LEV,gyrB,gyrB_A242T,0.0,1.0,3) Uncertain significance,A242T
LEV,gyrB,gyrB_A332V,0.0,1.0,3) Uncertain significance,A332V
LEV,gyrB,gyrB_A355T,0.0,1.0,3) Uncertain significance,A355T
LEV,gyrB,gyrB_A403V,0.0,1.0,3) Uncertain significance,A403V
LEV,gyrB,gyrB_A423V,0.0,1.0,3) Uncertain significance,A423V
LEV,gyrB,gyrB_A467T,0.0,1.0,3) Uncertain significance,A467T
LEV,gyrB,gyrB_A564T,0.0,1.0,3) Uncertain significance,A564T
LEV,gyrB,gyrB_A593V,0.0,1.0,3) Uncertain significance,A593V
LEV,gyrB,gyrB_A78G,0.0,1.0,3) Uncertain significance,A78G
LEV,gyrB,gyrB_A78T,0.0,1.0,3) Uncertain significance,A78T
LEV,gyrB,gyrB_A78V,0.0,1.0,3) Uncertain significance,A78V
LEV,gyrB,gyrB_A87G,0.0,1.0,3) Uncertain significance,A87G
LEV,gyrB,gyrB_A90T,0.0,1.0,3) Uncertain significance,A90T
LEV,gyrB,gyrB_C388G,0.0,1.0,3) Uncertain significance,C388G
LEV,gyrB,gyrB_D216G,0.0,1.0,3) Uncertain significance,D216G
LEV,gyrB,gyrB_D220E,0.0,1.0,3) Uncertain significance,D220E
LEV,gyrB,gyrB_D334G,0.0,1.0,3) Uncertain significance,D334G
LEV,gyrB,gyrB_D340G,0.0,1.0,3) Uncertain significance,D340G
LEV,gyrB,gyrB_D402E,0.0,1.0,3) Uncertain significance,D402E
LEV,gyrB,gyrB_D434H,0.0,1.0,3) Uncertain significance,D434H
LEV,gyrB,gyrB_D461A,0.0,1.0,3) Uncertain significance,D461A
LEV,gyrB,gyrB_D494A,0.0,1.0,3) Uncertain significance,D494A
LEV,gyrB,gyrB_D494G,0.0,1.0,3) Uncertain significance,D494G
LEV,gyrB,gyrB_D617Y,0.0,1.0,3) Uncertain significance,D617Y
LEV,gyrB,gyrB_E181G,0.0,1.0,3) Uncertain significance,E181G
LEV,gyrB,gyrB_E21D,0.0,1.0,3) Uncertain significance,E21D
LEV,gyrB,gyrB_E21K,0.0,1.0,3) Uncertain significance,E21K
LEV,gyrB,gyrB_E24K,0.0,1.0,3) Uncertain significance,E24K
LEV,gyrB,gyrB_E425A,0.0,1.0,3) Uncertain significance,E425A
LEV,gyrB,gyrB_E604D,0.0,1.0,3) Uncertain significance,E604D
LEV,gyrB,gyrB_E604K,0.0,1.0,3) Uncertain significance,E604K
LEV,gyrB,gyrB_E604V,0.0,1.0,3) Uncertain significance,E604V
LEV,gyrB,gyrB_E71D,0.0,1.0,3) Uncertain significance,E71D
LEV,gyrB,gyrB_G143R,0.0,1.0,3) Uncertain significance,G143R
LEV,gyrB,gyrB_G282D,0.0,1.0,3) Uncertain significance,G282D
LEV,gyrB,gyrB_G436R,0.0,1.0,3) Uncertain significance,G436R
LEV,gyrB,gyrB_G520T,0.0,1.0,3) Uncertain significance,G520T
LEV,gyrB,gyrB_G594R,0.0,1.0,3) Uncertain significance,G594R
LEV,gyrB,gyrB_H252Y,0.0,1.0,3) Uncertain significance,H252Y
LEV,gyrB,gyrB_H272P,0.0,1.0,3) Uncertain significance,H272P
LEV,gyrB,gyrB_H311R,0.0,1.0,3) Uncertain significance,H311R
LEV,gyrB,gyrB_H560N,0.0,1.0,3) Uncertain significance,H560N
LEV,gyrB,gyrB_I116M,0.0,1.0,3) Uncertain significance,I116M
LEV,gyrB,gyrB_I19L,0.0,1.0,3) Uncertain significance,I19L
LEV,gyrB,gyrB_I271V,0.0,1.0,3) Uncertain significance,I271V
LEV,gyrB,gyrB_I435L,0.0,1.0,3) Uncertain significance,I435L
LEV,gyrB,gyrB_I435V,0.0,1.0,3) Uncertain significance,I435V
LEV,gyrB,gyrB_I46S,0.0,1.0,3) Uncertain significance,I46S
LEV,gyrB,gyrB_I486V,0.0,1.0,3) Uncertain significance,I486V
LEV,gyrB,gyrB_I505V,0.0,1.0,3) Uncertain significance,I505V
LEV,gyrB,gyrB_I556V,0.0,1.0,3) Uncertain significance,I556V
LEV,gyrB,gyrB_I601T,0.0,1.0,3) Uncertain significance,I601T
LEV,gyrB,gyrB_K140E,0.0,1.0,3) Uncertain significance,K140E
LEV,gyrB,gyrB_K159M,0.0,1.0,3) Uncertain significance,K159M
LEV,gyrB,gyrB_K333N,0.0,1.0,3) Uncertain significance,K333N
LEV,gyrB,gyrB_K333R,0.0,1.0,3) Uncertain significance,K333R
LEV,gyrB,gyrB_K404R,0.0,1.0,3) Uncertain significance,K404R
LEV,gyrB,gyrB_K452N,0.0,1.0,3) Uncertain significance,K452N
LEV,gyrB,gyrB_K498N,0.0,1.0,3) Uncertain significance,K498N
LEV,gyrB,gyrB_K498R,0.0,1.0,3) Uncertain significance,K498R
LEV,gyrB,gyrB_K599N,0.0,1.0,3) Uncertain significance,K599N
LEV,gyrB,gyrB_K603R,0.0,1.0,3) Uncertain significance,K603R
LEV,gyrB,gyrB_K668R,0.0,1.0,3) Uncertain significance,K668R
LEV,gyrB,gyrB_K7Q,0.0,1.0,3) Uncertain significance,K7Q
LEV,gyrB,gyrB_L156M,0.0,1.0,3) Uncertain significance,L156M
LEV,gyrB,gyrB_L337R,0.0,1.0,3) Uncertain significance,L337R
LEV,gyrB,gyrB_L354V,0.0,1.0,3) Uncertain significance,L354V
LEV,gyrB,gyrB_L375F,0.0,1.0,3) Uncertain significance,L375F
LEV,gyrB,gyrB_L455V,0.0,1.0,3) Uncertain significance,L455V
LEV,gyrB,gyrB_L555V,0.0,1.0,3) Uncertain significance,L555V
LEV,gyrB,gyrB_L563F,0.0,1.0,3) Uncertain significance,L563F
LEV,gyrB,gyrB_L571I,0.0,1.0,3) Uncertain significance,L571I
LEV,gyrB,gyrB_L638V,0.0,1.0,3) Uncertain significance,L638V
LEV,gyrB,gyrB_L673P,0.0,1.0,3) Uncertain significance,L673P
LEV,gyrB,gyrB_M197I,0.0,1.0,3) Uncertain significance,M197I
LEV,gyrB,gyrB_M530T,0.0,1.0,3) Uncertain significance,M530T
LEV,gyrB,gyrB_M616V,0.0,1.0,3) Uncertain significance,M616V
LEV,gyrB,gyrB_N207D,0.0,1.0,3) Uncertain significance,N207D
LEV,gyrB,gyrB_N399S,0.0,1.0,3) Uncertain significance,N399S
LEV,gyrB,gyrB_N558D,0.0,1.0,3) Uncertain significance,N558D
LEV,gyrB,gyrB_N558H,0.0,1.0,3) Uncertain significance,N558H
LEV,gyrB,gyrB_N666S,0.0,1.0,3) Uncertain significance,N666S
LEV,gyrB,gyrB_N66H,0.0,1.0,3) Uncertain significance,N66H
LEV,gyrB,gyrB_P163S,0.0,1.0,3) Uncertain significance,P163S
LEV,gyrB,gyrB_P177H,0.0,1.0,3) Uncertain significance,P177H
LEV,gyrB,gyrB_P439A,0.0,1.0,3) Uncertain significance,P439A
LEV,gyrB,gyrB_P439R,0.0,1.0,3) Uncertain significance,P439R
LEV,gyrB,gyrB_P578R,0.0,1.0,3) Uncertain significance,P578R
LEV,gyrB,gyrB_Q148E,0.0,1.0,3) Uncertain significance,Q148E
LEV,gyrB,gyrB_Q476E,0.0,1.0,3) Uncertain significance,Q476E
LEV,gyrB,gyrB_Q4R,0.0,1.0,3) Uncertain significance,Q4R
LEV,gyrB,gyrB_Q565H,0.0,1.0,3) Uncertain significance,Q565H
LEV,gyrB,gyrB_R212T,0.0,1.0,3) Uncertain significance,R212T
LEV,gyrB,gyrB_R335C,0.0,1.0,3) Uncertain significance,R335C
LEV,gyrB,gyrB_R335K,0.0,1.0,3) Uncertain significance,R335K
LEV,gyrB,gyrB_R446L,0.0,1.0,3) Uncertain significance,R446L
LEV,gyrB,gyrB_R451H,0.0,1.0,3) Uncertain significance,R451H
LEV,gyrB,gyrB_R523C,0.0,1.0,3) Uncertain significance,R523C
LEV,gyrB,gyrB_R523H,0.0,1.0,3) Uncertain significance,R523H
LEV,gyrB,gyrB_R587G,0.0,1.0,3) Uncertain significance,R587G
LEV,gyrB,gyrB_R665C,0.0,1.0,3) Uncertain significance,R665C
LEV,gyrB,gyrB_S147F,0.0,1.0,3) Uncertain significance,S147F
LEV,gyrB,gyrB_S248G,0.0,1.0,3) Uncertain significance,S248G
LEV,gyrB,gyrB_S274T,0.0,1.0,3) Uncertain significance,S274T
LEV,gyrB,gyrB_S359T,0.0,1.0,3) Uncertain significance,S359T
LEV,gyrB,gyrB_S363R,0.0,1.0,3) Uncertain significance,S363R
LEV,gyrB,gyrB_S413A,0.0,1.0,3) Uncertain significance,S413A
LEV,gyrB,gyrB_S466P,0.0,1.0,3) Uncertain significance,S466P
LEV,gyrB,gyrB_S576G,0.0,1.0,3) Uncertain significance,S576G
LEV,gyrB,gyrB_S576T,0.0,1.0,3) Uncertain significance,S576T
LEV,gyrB,gyrB_S629T,0.0,1.0,3) Uncertain significance,S629T
LEV,gyrB,gyrB_T170M,0.0,1.0,3) Uncertain significance,T170M
LEV,gyrB,gyrB_T189P,0.0,1.0,3) Uncertain significance,T189P
LEV,gyrB,gyrB_T37S,0.0,1.0,3) Uncertain significance,T37S
LEV,gyrB,gyrB_T401A,0.0,1.0,3) Uncertain significance,T401A
LEV,gyrB,gyrB_T401I,0.0,1.0,3) Uncertain significance,T401I
LEV,gyrB,gyrB_T664I,0.0,1.0,3) Uncertain significance,T664I
LEV,gyrB,gyrB_V226A,0.0,1.0,3) Uncertain significance,V226A
LEV,gyrB,gyrB_V670I,0.0,1.0,3) Uncertain significance,V670I
LEV,gyrB,gyrB_V675I,0.0,1.0,3) Uncertain significance,V675I
LEV,gyrB,gyrB_V75G,0.0,1.0,3) Uncertain significance,V75G
LEV,gyrA,gyrA_A126E,0.0,2.0,3) Uncertain significance,A126E
LEV,gyrA,gyrA_A210V,0.0,2.0,3) Uncertain significance,A210V
LEV,gyrA,gyrA_A445V,0.0,2.0,3) Uncertain significance,A445V
LEV,gyrA,gyrA_D242N,0.0,2.0,3) Uncertain significance,D242N
LEV,gyrA,gyrA_D367H,0.0,2.0,3) Uncertain significance,D367H
LEV,gyrA,gyrA_E412V,0.0,2.0,3) Uncertain significance,E412V
LEV,gyrA,gyrA_E79D,0.0,2.0,3) Uncertain significance,E79D
LEV,gyrA,gyrA_E820D,0.0,2.0,3) Uncertain significance,E820D
LEV,gyrA,gyrA_G351A,0.0,2.0,3) Uncertain significance,G351A
LEV,gyrA,gyrA_I189M,0.0,2.0,3) Uncertain significance,I189M
LEV,gyrA,gyrA_I189V,0.0,2.0,3) Uncertain significance,I189V
LEV,gyrA,gyrA_I284V,0.0,2.0,3) Uncertain significance,I284V
LEV,gyrA,gyrA_I815M,0.0,2.0,3) Uncertain significance,I815M
LEV,gyrA,gyrA_K319N,0.0,2.0,3) Uncertain significance,K319N
LEV,gyrA,gyrA_L142V,0.0,2.0,3) Uncertain significance,L142V
LEV,gyrA,gyrA_L205V,0.0,2.0,3) Uncertain significance,L205V
LEV,gyrA,gyrA_L401V,0.0,2.0,3) Uncertain significance,L401V
LEV,gyrA,gyrA_N826H,0.0,2.0,3) Uncertain significance,N826H
LEV,gyrA,gyrA_N831K,0.0,2.0,3) Uncertain significance,N831K
LEV,gyrA,gyrA_P17L,0.0,2.0,3) Uncertain significance,P17L
LEV,gyrA,gyrA_Q290H,0.0,2.0,3) Uncertain significance,Q290H
LEV,gyrA,gyrA_R195G,0.0,2.0,3) Uncertain significance,R195G
LEV,gyrA,gyrA_R380G,0.0,2.0,3) Uncertain significance,R380G
LEV,gyrA,gyrA_S642C,0.0,2.0,3) Uncertain significance,S642C
LEV,gyrA,gyrA_S698L,0.0,2.0,3) Uncertain significance,S698L
LEV,gyrA,gyrA_T355A,0.0,2.0,3) Uncertain significance,T355A
LEV,gyrA,gyrA_T836K,0.0,2.0,3) Uncertain significance,T836K
LEV,gyrA,gyrA_V544L,0.0,2.0,3) Uncertain significance,V544L
LEV,gyrA,gyrA_V624L,0.0,2.0,3) Uncertain significance,V624L
LEV,gyrA,gyrA_V750A,0.0,2.0,3) Uncertain significance,V750A
LEV,gyrA,gyrA_Y379C,0.0,2.0,3) Uncertain significance,Y379C
LEV,gyrB,gyrB_A432V,0.0,2.0,3) Uncertain significance,A432V
LEV,gyrB,gyrB_A508V,0.0,2.0,3) Uncertain significance,A508V
LEV,gyrB,gyrB_D112H,0.0,2.0,3) Uncertain significance,D112H
LEV,gyrB,gyrB_D225G,0.0,2.0,3) Uncertain significance,D225G
LEV,gyrB,gyrB_D259E,0.0,2.0,3) Uncertain significance,D259E
LEV,gyrB,gyrB_D342E,0.0,2.0,3) Uncertain significance,D342E
LEV,gyrB,gyrB_D434E,0.0,2.0,3) Uncertain significance,D434E
LEV,gyrB,gyrB_D518G,0.0,2.0,3) Uncertain significance,D518G
LEV,gyrB,gyrB_D97E,0.0,2.0,3) Uncertain significance,D97E
LEV,gyrB,gyrB_E228D,0.0,2.0,3) Uncertain significance,E228D
LEV,gyrB,gyrB_E299Q,0.0,2.0,3) Uncertain significance,E299Q
LEV,gyrB,gyrB_E379G,0.0,2.0,3) Uncertain significance,E379G
LEV,gyrB,gyrB_F549L,0.0,2.0,3) Uncertain significance,F549L
LEV,gyrB,gyrB_G38S,0.0,2.0,3) Uncertain significance,G38S
LEV,gyrB,gyrB_G520A,0.0,2.0,3) Uncertain significance,G520A
LEV,gyrB,gyrB_I206S,0.0,2.0,3) Uncertain significance,I206S
LEV,gyrB,gyrB_L69V,0.0,2.0,3) Uncertain significance,L69V
LEV,gyrB,gyrB_M58I,0.0,2.0,3) Uncertain significance,M58I
LEV,gyrB,gyrB_P163L,0.0,2.0,3) Uncertain significance,P163L
LEV,gyrB,gyrB_P177R,0.0,2.0,3) Uncertain significance,P177R
LEV,gyrB,gyrB_Q538R,0.0,2.0,3) Uncertain significance,Q538R
LEV,gyrB,gyrB_R523S,0.0,2.0,3) Uncertain significance,R523S
LEV,gyrB,gyrB_R634L,0.0,2.0,3) Uncertain significance,R634L
LEV,gyrB,gyrB_T170A,0.0,2.0,3) Uncertain significance,T170A
LEV,gyrB,gyrB_T209A,0.0,2.0,3) Uncertain significance,T209A
LEV,gyrB,gyrB_T267S,0.0,2.0,3) Uncertain significance,T267S
LEV,gyrB,gyrB_T507A,0.0,2.0,3) Uncertain significance,T507A
LEV,gyrB,gyrB_V327L,0.0,2.0,3) Uncertain significance,V327L
LEV,gyrB,gyrB_V406I,0.0,2.0,3) Uncertain significance,V406I
LEV,gyrB,gyrB_V427M,0.0,2.0,3) Uncertain significance,V427M
LEV,gyrB,gyrB_Y253S,0.0,2.0,3) Uncertain significance,Y253S
LEV,gyrA,gyrA_A626V,0.0,3.0,3) Uncertain significance,A626V
LEV,gyrA,gyrA_A787G,0.0,3.0,3) Uncertain significance,A787G
LEV,gyrA,gyrA_D481A,0.0,3.0,3) Uncertain significance,D481A
LEV,gyrA,gyrA_G351W,0.0,3.0,3) Uncertain significance,G351W
LEV,gyrA,gyrA_G477E,0.0,3.0,3) Uncertain significance,G477E
LEV,gyrA,gyrA_G503R,0.0,3.0,3) Uncertain significance,G503R
LEV,gyrA,gyrA_I15V,0.0,3.0,3) Uncertain significance,I15V
LEV,gyrA,gyrA_L12F,0.0,3.0,3) Uncertain significance,L12F
LEV,gyrA,gyrA_L358M,0.0,3.0,3) Uncertain significance,L358M
LEV,gyrA,gyrA_L455V,0.0,3.0,3) Uncertain significance,L455V
LEV,gyrA,gyrA_R495C,0.0,3.0,3) Uncertain significance,R495C
LEV,gyrA,gyrA_S69G,0.0,3.0,3) Uncertain significance,S69G
LEV,gyrA,gyrA_S728L,0.0,3.0,3) Uncertain significance,S728L
LEV,gyrA,gyrA_T377I,0.0,3.0,3) Uncertain significance,T377I
LEV,gyrA,gyrA_V742L,0.0,3.0,3) Uncertain significance,V742L
LEV,gyrB,gyrB_A644D,0.0,3.0,3) Uncertain significance,A644D
LEV,gyrB,gyrB_G606S,0.0,3.0,3) Uncertain significance,G606S
LEV,gyrB,gyrB_I607V,0.0,3.0,3) Uncertain significance,I607V
LEV,gyrB,gyrB_L204M,0.0,3.0,3) Uncertain significance,L204M
LEV,gyrB,gyrB_P177L,0.0,3.0,3) Uncertain significance,P177L
LEV,gyrB,gyrB_T250S,0.0,3.0,3) Uncertain significance,T250S
LEV,gyrA,gyrA_A40T,0.0,4.0,3) Uncertain significance,A40T
LEV,gyrA,gyrA_A736V,0.0,4.0,3) Uncertain significance,A736V
LEV,gyrA,gyrA_K636E,0.0,4.0,3) Uncertain significance,K636E
LEV,gyrA,gyrA_S536R,0.0,4.0,3) Uncertain significance,S536R
LEV,gyrA,gyrA_T572N,0.0,4.0,3) Uncertain significance,T572N
LEV,gyrA,gyrA_T836R,0.0,4.0,3) Uncertain significance,T836R
LEV,gyrA,gyrA_V783M,0.0,4.0,3) Uncertain significance,V783M
LEV,gyrB,gyrB_E228Q,0.0,4.0,3) Uncertain significance,E228Q
LEV,gyrB,gyrB_E586K,0.0,4.0,3) Uncertain significance,E586K
LEV,gyrB,gyrB_E654A,0.0,4.0,3) Uncertain significance,E654A
LEV,gyrB,gyrB_P400R,0.0,4.0,3) Uncertain significance,P400R
LEV,gyrB,gyrB_P578A,0.0,4.0,3) Uncertain significance,P578A
LEV,gyrB,gyrB_P628A,0.0,4.0,3) Uncertain significance,P628A
LEV,gyrB,gyrB_S274R,0.0,4.0,3) Uncertain significance,S274R
LEV,gyrA,gyrA_N818D,0.0,5.0,3) Uncertain significance,N818D
LEV,gyrA,gyrA_V783L,0.0,5.0,3) Uncertain significance,V783L
LEV,gyrB,gyrB_D434G,0.0,5.0,3) Uncertain significance,D434G
LEV,gyrB,gyrB_P254L,0.0,5.0,3) Uncertain significance,P254L
LEV,gyrB,gyrB_T393S,0.0,5.0,3) Uncertain significance,T393S
LEV,gyrA,gyrA_A322E,0.0,6.0,3) Uncertain significance,A322E
LEV,gyrA,gyrA_D488E,0.0,6.0,3) Uncertain significance,D488E
LEV,gyrA,gyrA_D639A,0.0,6.0,3) Uncertain significance,D639A
LEV,gyrA,gyrA_L711M,0.0,6.0,3) Uncertain significance,L711M
LEV,gyrA,gyrA_Q113E,0.0,6.0,3) Uncertain significance,Q113E
LEV,gyrB,gyrB_A398V,0.0,6.0,3) Uncertain significance,A398V
LEV,gyrB,gyrB_A90G,0.0,6.0,3) Uncertain significance,A90G
LEV,gyrB,gyrB_I34V,0.0,6.0,3) Uncertain significance,I34V
LEV,gyrB,gyrB_V630I,0.0,6.0,3) Uncertain significance,V630I
LEV,gyrA,gyrA_A288V,0.0,7.0,3) Uncertain significance,A288V
LEV,gyrB,gyrB_N66S,0.0,7.0,3) Uncertain significance,N66S
LEV,gyrA,gyrA_E214D,0.0,8.0,3) Uncertain significance,E214D
LEV,gyrA,gyrA_L659V,0.0,8.0,3) Uncertain significance,L659V
LEV,gyrB,gyrB_S576I,0.0,8.0,3) Uncertain significance,S576I
LEV,gyrB,gyrB_A130S,0.0,9.0,3) Uncertain significance,A130S
LEV,gyrA,gyrA_R254C,0.0,12.0,3) Uncertain significance,R254C
LEV,gyrB,gyrB_I493T,0.0,12.0,3) Uncertain significance,I493T
LEV,gyrB,gyrB_I93V,0.0,12.0,3) Uncertain significance,I93V
LEV,gyrA,gyrA_L296P,0.0,14.0,3) Uncertain significance,L296P
LEV,gyrA,gyrA_P8A,0.0,21.0,3) Uncertain significance,P8A
LEV,gyrA,gyrA_A456V,0.0,24.0,3) Uncertain significance,A456V
LEV,gyrB,gyrB_I84V,0.0,25.0,3) Uncertain significance,I84V
LEV,gyrA,gyrA_A90G,0.0,3.0,4) Not assoc w R - Interim,A90G
LEV,gyrA,gyrA_T80A,0.0,16.0,4) Not assoc w R - Interim,T80A
LEV,gyrA,gyrA_E21Q,2019.0,8282.0,5) Not assoc w R,E21Q
LEV,gyrA,gyrA_G668D,1932.0,7701.0,5) Not assoc w R,G668D
LEV,gyrA,gyrA_S95T,1929.0,7698.0,5) Not assoc w R,S95T
LEV,gyrA,gyrA_G247S,75.0,447.0,5) Not assoc w R,G247S
LEV,gyrA,gyrA_A384V,56.0,1127.0,5) Not assoc w R,A384V
LEV,gyrB,gyrB_M291I,55.0,1115.0,5) Not assoc w R,M291I
LEV,gyrA,gyrA_A463S,28.0,98.0,5) Not assoc w R,A463S
LEV,gyrA,gyrA_Q613E,5.0,119.0,5) Not assoc w R,Q613E
LEV,gyrB,gyrB_P94L,3.0,223.0,5) Not assoc w R,P94L
LEV,gyrA,gyrA_R252L,2.0,41.0,5) Not assoc w R,R252L
LEV,gyrB,gyrB_A403S,0.0,40.0,5) Not assoc w R,A403S
LEV,gyrB,gyrB_V301L,0.0,83.0,5) Not assoc w R,V301L
LZD,rplC,rplC_C154R,47.0,17.0,1) Assoc w R,C154R
LZD,rplC,rplC_G120S,1.0,4.0,3) Uncertain significance,G120S
LZD,rplC,rplC_A72T,0.0,1.0,3) Uncertain significance,A72T
LZD,rplC,rplC_D173G,0.0,1.0,3) Uncertain significance,D173G
LZD,rplC,rplC_G12S,0.0,1.0,3) Uncertain significance,G12S
LZD,rplC,rplC_I105V,0.0,1.0,3) Uncertain significance,I105V
LZD,rplC,rplC_K61T,0.0,1.0,3) Uncertain significance,K61T
LZD,rplC,rplC_R214Q,0.0,1.0,3) Uncertain significance,R214Q
LZD,rplC,rplC_R44L,0.0,1.0,3) Uncertain significance,R44L
LZD,rplC,rplC_R79L,0.0,1.0,3) Uncertain significance,R79L
LZD,rplC,rplC_T41M,0.0,1.0,3) Uncertain significance,T41M
LZD,rplC,rplC_H183Y,0.0,2.0,3) Uncertain significance,H183Y
LZD,rplC,rplC_R38C,0.0,2.0,3) Uncertain significance,R38C
LZD,rplC,rplC_D18N,0.0,3.0,3) Uncertain significance,D18N
LZD,rplC,rplC_T93A,0.0,3.0,3) Uncertain significance,T93A
LZD,rplC,rplC_A31T,0.0,10.0,3) Uncertain significance,A31T
LZD,rplC,rplC_V97I,0.0,10.0,3) Uncertain significance,V97I
LZD,rplC,rplC_V185I,0.0,12.0,3) Uncertain significance,V185I
LZD,rplC,rplC_T115A,0.0,19.0,3) Uncertain significance,T115A
MXF,gyrA,gyrA_D94G,815.0,327.0,1) Assoc w R,D94G
MXF,gyrA,gyrA_A90V,323.0,353.0,1) Assoc w R,A90V
MXF,gyrA,gyrA_D94N,162.0,41.0,1) Assoc w R,D94N
MXF,gyrA,gyrA_D94A,125.0,105.0,1) Assoc w R,D94A
MXF,gyrA,gyrA_S91P,90.0,56.0,1) Assoc w R,S91P
MXF,gyrA,gyrA_D94Y,77.0,34.0,1) Assoc w R,D94Y
MXF,gyrB,gyrB_E501D,33.0,8.0,1) Assoc w R,E501D
MXF,gyrA,gyrA_G88C,29.0,2.0,1) Assoc w R,G88C
MXF,gyrA,gyrA_D94H,26.0,15.0,1) Assoc w R,D94H
MXF,gyrB,gyrB_D461N,9.0,21.0,2) Assoc w R - Interim,D461N
MXF,gyrB,gyrB_A504V,8.0,4.0,2) Assoc w R - Interim,A504V
MXF,gyrA,gyrA_G88A,4.0,9.0,2) Assoc w R - Interim,G88A
MXF,gyrB,gyrB_N499D,3.0,1.0,2) Assoc w R - Interim,N499D
MXF,gyrB,gyrB_E501V,0.0,1.0,2) Assoc w R - Interim,E501V
MXF,gyrB,gyrB_N499T,14.0,12.0,3) Uncertain significance,N499T
MXF,gyrB,gyrB_N499S,10.0,6.0,3) Uncertain significance,N499S
MXF,gyrB,gyrB_I271M,9.0,82.0,3) Uncertain significance,I271M
MXF,gyrB,gyrB_S661T,9.0,83.0,3) Uncertain significance,S661T
MXF,gyrA,gyrA_E289D,6.0,11.0,3) Uncertain significance,E289D
MXF,gyrB,gyrB_G512R,5.0,3.0,3) Uncertain significance,G512R
MXF,gyrB,gyrB_T500N,5.0,4.0,3) Uncertain significance,T500N
MXF,gyrB,gyrB_V457L,5.0,4.0,3) Uncertain significance,V457L
MXF,gyrA,gyrA_D89N,5.0,5.0,3) Uncertain significance,D89N
MXF,gyrB,gyrB_V670F,5.0,5.0,3) Uncertain significance,V670F
MXF,gyrA,gyrA_D89G,4.0,4.0,3) Uncertain significance,D89G
MXF,gyrB,gyrB_T500A,4.0,5.0,3) Uncertain significance,T500A
MXF,gyrB,gyrB_H302R,4.0,6.0,3) Uncertain significance,H302R
MXF,gyrA,gyrA_P472S,4.0,11.0,3) Uncertain significance,P472S
MXF,gyrA,gyrA_Q613E,4.0,99.0,3) Uncertain significance,Q613E
MXF,gyrA,gyrA_R450S,3.0,0.0,3) Uncertain significance,R450S
MXF,gyrB,gyrB_I486L,3.0,0.0,3) Uncertain significance,I486L
MXF,gyrA,gyrA_A74S,3.0,1.0,3) Uncertain significance,A74S
MXF,gyrB,gyrB_A233P,3.0,2.0,3) Uncertain significance,A233P
MXF,gyrA,gyrA_H70R,3.0,3.0,3) Uncertain significance,H70R
MXF,gyrA,gyrA_A288D,3.0,5.0,3) Uncertain significance,A288D
MXF,gyrB,gyrB_S447F,3.0,6.0,3) Uncertain significance,S447F
MXF,gyrA,gyrA_A676V,3.0,7.0,3) Uncertain significance,A676V
MXF,gyrB,gyrB_R446C,3.0,9.0,3) Uncertain significance,R446C
MXF,gyrA,gyrA_R578Q,3.0,15.0,3) Uncertain significance,R578Q
MXF,gyrA,gyrA_N193S,3.0,22.0,3) Uncertain significance,N193S
MXF,gyrA,gyrA_M220R,2.0,0.0,3) Uncertain significance,M220R
MXF,gyrA,gyrA_R607H,2.0,0.0,3) Uncertain significance,R607H
MXF,gyrB,gyrB_L257P,2.0,0.0,3) Uncertain significance,L257P
MXF,gyrB,gyrB_M100V,2.0,0.0,3) Uncertain significance,M100V
MXF,gyrB,gyrB_N499K,2.0,0.0,3) Uncertain significance,N499K
MXF,gyrB,gyrB_T500P,2.0,0.0,3) Uncertain significance,T500P
MXF,gyrA,gyrA_R292G,2.0,1.0,3) Uncertain significance,R292G
MXF,gyrA,gyrA_G236V,2.0,2.0,3) Uncertain significance,G236V
MXF,gyrB,gyrB_A504T,2.0,3.0,3) Uncertain significance,A504T
MXF,gyrB,gyrB_K526Q,2.0,7.0,3) Uncertain significance,K526Q
MXF,gyrA,gyrA_A689V,1.0,0.0,3) Uncertain significance,A689V
MXF,gyrA,gyrA_E466G,1.0,0.0,3) Uncertain significance,E466G
MXF,gyrA,gyrA_E739Q,1.0,0.0,3) Uncertain significance,E739Q
MXF,gyrA,gyrA_H490R,1.0,0.0,3) Uncertain significance,H490R
MXF,gyrA,gyrA_L455R,1.0,0.0,3) Uncertain significance,L455R
MXF,gyrA,gyrA_L653V,1.0,0.0,3) Uncertain significance,L653V
MXF,gyrA,gyrA_P102L,1.0,0.0,3) Uncertain significance,P102L
MXF,gyrA,gyrA_R292L,1.0,0.0,3) Uncertain significance,R292L
MXF,gyrA,gyrA_R309W,1.0,0.0,3) Uncertain significance,R309W
MXF,gyrA,gyrA_T135S,1.0,0.0,3) Uncertain significance,T135S
MXF,gyrA,gyrA_V596M,1.0,0.0,3) Uncertain significance,V596M
MXF,gyrB,gyrB_A618D,1.0,0.0,3) Uncertain significance,A618D
MXF,gyrB,gyrB_A643D,1.0,0.0,3) Uncertain significance,A643D
MXF,gyrB,gyrB_D645A,1.0,0.0,3) Uncertain significance,D645A
MXF,gyrB,gyrB_E364D,1.0,0.0,3) Uncertain significance,E364D
MXF,gyrB,gyrB_E501A,1.0,0.0,3) Uncertain significance,E501A
MXF,gyrB,gyrB_G520V,1.0,0.0,3) Uncertain significance,G520V
MXF,gyrB,gyrB_K430N,1.0,0.0,3) Uncertain significance,K430N
MXF,gyrB,gyrB_L375V,1.0,0.0,3) Uncertain significance,L375V
MXF,gyrB,gyrB_L509P,1.0,0.0,3) Uncertain significance,L509P
MXF,gyrB,gyrB_N499Y,1.0,0.0,3) Uncertain significance,N499Y
MXF,gyrB,gyrB_P243S,1.0,0.0,3) Uncertain significance,P243S
MXF,gyrB,gyrB_Q503R,1.0,0.0,3) Uncertain significance,Q503R
MXF,gyrB,gyrB_R446G,1.0,0.0,3) Uncertain significance,R446G
MXF,gyrB,gyrB_R553G,1.0,0.0,3) Uncertain significance,R553G
MXF,gyrB,gyrB_T167M,1.0,0.0,3) Uncertain significance,T167M
MXF,gyrB,gyrB_T182I,1.0,0.0,3) Uncertain significance,T182I
MXF,gyrB,gyrB_Y144F,1.0,0.0,3) Uncertain significance,Y144F
MXF,gyrA,gyrA_A736T,1.0,1.0,3) Uncertain significance,A736T
MXF,gyrA,gyrA_D641E,1.0,1.0,3) Uncertain significance,D641E
MXF,gyrA,gyrA_H389P,1.0,1.0,3) Uncertain significance,H389P
MXF,gyrA,gyrA_T590A,1.0,1.0,3) Uncertain significance,T590A
MXF,gyrA,gyrA_Y379C,1.0,1.0,3) Uncertain significance,Y379C
MXF,gyrA,gyrA_L105R,1.0,2.0,3) Uncertain significance,L105R
MXF,gyrA,gyrA_T272I,1.0,2.0,3) Uncertain significance,T272I
MXF,gyrA,gyrA_T836R,1.0,2.0,3) Uncertain significance,T836R
MXF,gyrA,gyrA_V624L,1.0,2.0,3) Uncertain significance,V624L
MXF,gyrB,gyrB_D461H,1.0,2.0,3) Uncertain significance,D461H
MXF,gyrA,gyrA_I462V,1.0,3.0,3) Uncertain significance,I462V
MXF,gyrA,gyrA_L346V,1.0,3.0,3) Uncertain significance,L346V
MXF,gyrA,gyrA_S698L,1.0,3.0,3) Uncertain significance,S698L
MXF,gyrB,gyrB_S447Y,1.0,3.0,3) Uncertain significance,S447Y
MXF,gyrA,gyrA_N282K,1.0,4.0,3) Uncertain significance,N282K
MXF,gyrB,gyrB_T378S,1.0,4.0,3) Uncertain significance,T378S
MXF,gyrB,gyrB_R446H,1.0,9.0,3) Uncertain significance,R446H
MXF,gyrA,gyrA_T267I,1.0,13.0,3) Uncertain significance,T267I
MXF,gyrA,gyrA_T5A,1.0,13.0,3) Uncertain significance,T5A
MXF,gyrA,gyrA_A126E,0.0,1.0,3) Uncertain significance,A126E
MXF,gyrA,gyrA_A126V,0.0,1.0,3) Uncertain significance,A126V
MXF,gyrA,gyrA_A186T,0.0,1.0,3) Uncertain significance,A186T
MXF,gyrA,gyrA_A322S,0.0,1.0,3) Uncertain significance,A322S
MXF,gyrA,gyrA_A324G,0.0,1.0,3) Uncertain significance,A324G
MXF,gyrA,gyrA_A324V,0.0,1.0,3) Uncertain significance,A324V
MXF,gyrA,gyrA_A347T,0.0,1.0,3) Uncertain significance,A347T
MXF,gyrA,gyrA_A347V,0.0,1.0,3) Uncertain significance,A347V
MXF,gyrA,gyrA_A406T,0.0,1.0,3) Uncertain significance,A406T
MXF,gyrA,gyrA_A406V,0.0,1.0,3) Uncertain significance,A406V
MXF,gyrA,gyrA_A432V,0.0,1.0,3) Uncertain significance,A432V
MXF,gyrA,gyrA_A501V,0.0,1.0,3) Uncertain significance,A501V
MXF,gyrA,gyrA_A512T,0.0,1.0,3) Uncertain significance,A512T
MXF,gyrA,gyrA_A579V,0.0,1.0,3) Uncertain significance,A579V
MXF,gyrA,gyrA_A676D,0.0,1.0,3) Uncertain significance,A676D
MXF,gyrA,gyrA_A689G,0.0,1.0,3) Uncertain significance,A689G
MXF,gyrA,gyrA_A696T,0.0,1.0,3) Uncertain significance,A696T
MXF,gyrA,gyrA_A736G,0.0,1.0,3) Uncertain significance,A736G
MXF,gyrA,gyrA_A74T,0.0,1.0,3) Uncertain significance,A74T
MXF,gyrA,gyrA_A814T,0.0,1.0,3) Uncertain significance,A814T
MXF,gyrA,gyrA_D111G,0.0,1.0,3) Uncertain significance,D111G
MXF,gyrA,gyrA_D209G,0.0,1.0,3) Uncertain significance,D209G
MXF,gyrA,gyrA_D211E,0.0,1.0,3) Uncertain significance,D211E
MXF,gyrA,gyrA_D211G,0.0,1.0,3) Uncertain significance,D211G
MXF,gyrA,gyrA_D242N,0.0,1.0,3) Uncertain significance,D242N
MXF,gyrA,gyrA_D293Y,0.0,1.0,3) Uncertain significance,D293Y
MXF,gyrA,gyrA_D367E,0.0,1.0,3) Uncertain significance,D367E
MXF,gyrA,gyrA_D367H,0.0,1.0,3) Uncertain significance,D367H
MXF,gyrA,gyrA_D415N,0.0,1.0,3) Uncertain significance,D415N
MXF,gyrA,gyrA_D437G,0.0,1.0,3) Uncertain significance,D437G
MXF,gyrA,gyrA_D464E,0.0,1.0,3) Uncertain significance,D464E
MXF,gyrA,gyrA_D467H,0.0,1.0,3) Uncertain significance,D467H
MXF,gyrA,gyrA_D481E,0.0,1.0,3) Uncertain significance,D481E
MXF,gyrA,gyrA_D481G,0.0,1.0,3) Uncertain significance,D481G
MXF,gyrA,gyrA_D488A,0.0,1.0,3) Uncertain significance,D488A
MXF,gyrA,gyrA_D493H,0.0,1.0,3) Uncertain significance,D493H
MXF,gyrA,gyrA_D504E,0.0,1.0,3) Uncertain significance,D504E
MXF,gyrA,gyrA_D507H,0.0,1.0,3) Uncertain significance,D507H
MXF,gyrA,gyrA_D509N,0.0,1.0,3) Uncertain significance,D509N
MXF,gyrA,gyrA_D515N,0.0,1.0,3) Uncertain significance,D515N
MXF,gyrA,gyrA_D552G,0.0,1.0,3) Uncertain significance,D552G
MXF,gyrA,gyrA_D639G,0.0,1.0,3) Uncertain significance,D639G
MXF,gyrA,gyrA_D641Y,0.0,1.0,3) Uncertain significance,D641Y
MXF,gyrA,gyrA_D687N,0.0,1.0,3) Uncertain significance,D687N
MXF,gyrA,gyrA_D770G,0.0,1.0,3) Uncertain significance,D770G
MXF,gyrA,gyrA_D810E,0.0,1.0,3) Uncertain significance,D810E
MXF,gyrA,gyrA_D824E,0.0,1.0,3) Uncertain significance,D824E
MXF,gyrA,gyrA_D824N,0.0,1.0,3) Uncertain significance,D824N
MXF,gyrA,gyrA_D825E,0.0,1.0,3) Uncertain significance,D825E
MXF,gyrA,gyrA_D94V,0.0,1.0,3) Uncertain significance,D94V
MXF,gyrA,gyrA_E140G,0.0,1.0,3) Uncertain significance,E140G
MXF,gyrA,gyrA_E148D,0.0,1.0,3) Uncertain significance,E148D
MXF,gyrA,gyrA_E258D,0.0,1.0,3) Uncertain significance,E258D
MXF,gyrA,gyrA_E289Q,0.0,1.0,3) Uncertain significance,E289Q
MXF,gyrA,gyrA_E317G,0.0,1.0,3) Uncertain significance,E317G
MXF,gyrA,gyrA_E412G,0.0,1.0,3) Uncertain significance,E412G
MXF,gyrA,gyrA_E429A,0.0,1.0,3) Uncertain significance,E429A
MXF,gyrA,gyrA_E466A,0.0,1.0,3) Uncertain significance,E466A
MXF,gyrA,gyrA_E508A,0.0,1.0,3) Uncertain significance,E508A
MXF,gyrA,gyrA_E586G,0.0,1.0,3) Uncertain significance,E586G
MXF,gyrA,gyrA_E808Q,0.0,1.0,3) Uncertain significance,E808Q
MXF,gyrA,gyrA_E820D,0.0,1.0,3) Uncertain significance,E820D
MXF,gyrA,gyrA_F152L,0.0,1.0,3) Uncertain significance,F152L
MXF,gyrA,gyrA_F228L,0.0,1.0,3) Uncertain significance,F228L
MXF,gyrA,gyrA_F569C,0.0,1.0,3) Uncertain significance,F569C
MXF,gyrA,gyrA_F640V,0.0,1.0,3) Uncertain significance,F640V
MXF,gyrA,gyrA_F683L,0.0,1.0,3) Uncertain significance,F683L
MXF,gyrA,gyrA_F683V,0.0,1.0,3) Uncertain significance,F683V
MXF,gyrA,gyrA_G158S,0.0,1.0,3) Uncertain significance,G158S
MXF,gyrA,gyrA_G294A,0.0,1.0,3) Uncertain significance,G294A
MXF,gyrA,gyrA_G311A,0.0,1.0,3) Uncertain significance,G311A
MXF,gyrA,gyrA_G477E,0.0,1.0,3) Uncertain significance,G477E
MXF,gyrA,gyrA_G548R,0.0,1.0,3) Uncertain significance,G548R
MXF,gyrA,gyrA_G63A,0.0,1.0,3) Uncertain significance,G63A
MXF,gyrA,gyrA_G63R,0.0,1.0,3) Uncertain significance,G63R
MXF,gyrA,gyrA_G668N,0.0,1.0,3) Uncertain significance,G668N
MXF,gyrA,gyrA_G702S,0.0,1.0,3) Uncertain significance,G702S
MXF,gyrA,gyrA_G744A,0.0,1.0,3) Uncertain significance,G744A
MXF,gyrA,gyrA_G764R,0.0,1.0,3) Uncertain significance,G764R
MXF,gyrA,gyrA_G780C,0.0,1.0,3) Uncertain significance,G780C
MXF,gyrA,gyrA_G795R,0.0,1.0,3) Uncertain significance,G795R
MXF,gyrA,gyrA_G823S,0.0,1.0,3) Uncertain significance,G823S
MXF,gyrA,gyrA_G832R,0.0,1.0,3) Uncertain significance,G832R
MXF,gyrA,gyrA_H192Q,0.0,1.0,3) Uncertain significance,H192Q
MXF,gyrA,gyrA_H334Y,0.0,1.0,3) Uncertain significance,H334Y
MXF,gyrA,gyrA_H490N,0.0,1.0,3) Uncertain significance,H490N
MXF,gyrA,gyrA_H490Y,0.0,1.0,3) Uncertain significance,H490Y
MXF,gyrA,gyrA_I189M,0.0,1.0,3) Uncertain significance,I189M
MXF,gyrA,gyrA_I314V,0.0,1.0,3) Uncertain significance,I314V
MXF,gyrA,gyrA_I348V,0.0,1.0,3) Uncertain significance,I348V
MXF,gyrA,gyrA_I362M,0.0,1.0,3) Uncertain significance,I362M
MXF,gyrA,gyrA_I390T,0.0,1.0,3) Uncertain significance,I390T
MXF,gyrA,gyrA_I427V,0.0,1.0,3) Uncertain significance,I427V
MXF,gyrA,gyrA_K224E,0.0,1.0,3) Uncertain significance,K224E
MXF,gyrA,gyrA_K319E,0.0,1.0,3) Uncertain significance,K319E
MXF,gyrA,gyrA_K333N,0.0,1.0,3) Uncertain significance,K333N
MXF,gyrA,gyrA_K633R,0.0,1.0,3) Uncertain significance,K633R
MXF,gyrA,gyrA_K636E,0.0,1.0,3) Uncertain significance,K636E
MXF,gyrA,gyrA_K636N,0.0,1.0,3) Uncertain significance,K636N
MXF,gyrA,gyrA_K636T,0.0,1.0,3) Uncertain significance,K636T
MXF,gyrA,gyrA_L134M,0.0,1.0,3) Uncertain significance,L134M
MXF,gyrA,gyrA_L142V,0.0,1.0,3) Uncertain significance,L142V
MXF,gyrA,gyrA_L401V,0.0,1.0,3) Uncertain significance,L401V
MXF,gyrA,gyrA_L425F,0.0,1.0,3) Uncertain significance,L425F
MXF,gyrA,gyrA_L549V,0.0,1.0,3) Uncertain significance,L549V
MXF,gyrA,gyrA_L766S,0.0,1.0,3) Uncertain significance,L766S
MXF,gyrA,gyrA_M139T,0.0,1.0,3) Uncertain significance,M139T
MXF,gyrA,gyrA_M141I,0.0,1.0,3) Uncertain significance,M141I
MXF,gyrA,gyrA_M141T,0.0,1.0,3) Uncertain significance,M141T
MXF,gyrA,gyrA_M438I,0.0,1.0,3) Uncertain significance,M438I
MXF,gyrA,gyrA_M703V,0.0,1.0,3) Uncertain significance,M703V
MXF,gyrA,gyrA_M99I,0.0,1.0,3) Uncertain significance,M99I
MXF,gyrA,gyrA_N301T,0.0,1.0,3) Uncertain significance,N301T
MXF,gyrA,gyrA_N629K,0.0,1.0,3) Uncertain significance,N629K
MXF,gyrA,gyrA_N826D,0.0,1.0,3) Uncertain significance,N826D
MXF,gyrA,gyrA_N826H,0.0,1.0,3) Uncertain significance,N826H
MXF,gyrA,gyrA_N826I,0.0,1.0,3) Uncertain significance,N826I
MXF,gyrA,gyrA_N831K,0.0,1.0,3) Uncertain significance,N831K
MXF,gyrA,gyrA_P108S,0.0,1.0,3) Uncertain significance,P108S
MXF,gyrA,gyrA_P119L,0.0,1.0,3) Uncertain significance,P119L
MXF,gyrA,gyrA_P154R,0.0,1.0,3) Uncertain significance,P154R
MXF,gyrA,gyrA_P17S,0.0,1.0,3) Uncertain significance,P17S
MXF,gyrA,gyrA_P7L,0.0,1.0,3) Uncertain significance,P7L
MXF,gyrA,gyrA_Q22H,0.0,1.0,3) Uncertain significance,Q22H
MXF,gyrA,gyrA_Q238H,0.0,1.0,3) Uncertain significance,Q238H
MXF,gyrA,gyrA_Q25E,0.0,1.0,3) Uncertain significance,Q25E
MXF,gyrA,gyrA_Q290R,0.0,1.0,3) Uncertain significance,Q290R
MXF,gyrA,gyrA_Q305R,0.0,1.0,3) Uncertain significance,Q305R
MXF,gyrA,gyrA_Q336K,0.0,1.0,3) Uncertain significance,Q336K
MXF,gyrA,gyrA_Q475P,0.0,1.0,3) Uncertain significance,Q475P
MXF,gyrA,gyrA_Q679H,0.0,1.0,3) Uncertain significance,Q679H
MXF,gyrA,gyrA_Q797P,0.0,1.0,3) Uncertain significance,Q797P
MXF,gyrA,gyrA_R106C,0.0,1.0,3) Uncertain significance,R106C
MXF,gyrA,gyrA_R14L,0.0,1.0,3) Uncertain significance,R14L
MXF,gyrA,gyrA_R195G,0.0,1.0,3) Uncertain significance,R195G
MXF,gyrA,gyrA_R252G,0.0,1.0,3) Uncertain significance,R252G
MXF,gyrA,gyrA_R26C,0.0,1.0,3) Uncertain significance,R26C
MXF,gyrA,gyrA_R26H,0.0,1.0,3) Uncertain significance,R26H
MXF,gyrA,gyrA_R375Q,0.0,1.0,3) Uncertain significance,R375Q
MXF,gyrA,gyrA_R392H,0.0,1.0,3) Uncertain significance,R392H
MXF,gyrA,gyrA_R450G,0.0,1.0,3) Uncertain significance,R450G
MXF,gyrA,gyrA_R489K,0.0,1.0,3) Uncertain significance,R489K
MXF,gyrA,gyrA_R489S,0.0,1.0,3) Uncertain significance,R489S
MXF,gyrA,gyrA_R513C,0.0,1.0,3) Uncertain significance,R513C
MXF,gyrA,gyrA_R607C,0.0,1.0,3) Uncertain significance,R607C
MXF,gyrA,gyrA_R615H,0.0,1.0,3) Uncertain significance,R615H
MXF,gyrA,gyrA_R615L,0.0,1.0,3) Uncertain significance,R615L
MXF,gyrA,gyrA_R65H,0.0,1.0,3) Uncertain significance,R65H
MXF,gyrA,gyrA_R68C,0.0,1.0,3) Uncertain significance,R68C
MXF,gyrA,gyrA_R758P,0.0,1.0,3) Uncertain significance,R758P
MXF,gyrA,gyrA_R789G,0.0,1.0,3) Uncertain significance,R789G
MXF,gyrA,gyrA_R789H,0.0,1.0,3) Uncertain significance,R789H
MXF,gyrA,gyrA_R802Q,0.0,1.0,3) Uncertain significance,R802Q
MXF,gyrA,gyrA_S104L,0.0,1.0,3) Uncertain significance,S104L
MXF,gyrA,gyrA_S168T,0.0,1.0,3) Uncertain significance,S168T
MXF,gyrA,gyrA_S411A,0.0,1.0,3) Uncertain significance,S411A
MXF,gyrA,gyrA_S506N,0.0,1.0,3) Uncertain significance,S506N
MXF,gyrA,gyrA_S728A,0.0,1.0,3) Uncertain significance,S728A
MXF,gyrA,gyrA_S95A,0.0,1.0,3) Uncertain significance,S95A
MXF,gyrA,gyrA_T230S,0.0,1.0,3) Uncertain significance,T230S
MXF,gyrA,gyrA_T355A,0.0,1.0,3) Uncertain significance,T355A
MXF,gyrA,gyrA_T355M,0.0,1.0,3) Uncertain significance,T355M
MXF,gyrA,gyrA_T563S,0.0,1.0,3) Uncertain significance,T563S
MXF,gyrA,gyrA_T590M,0.0,1.0,3) Uncertain significance,T590M
MXF,gyrA,gyrA_T638I,0.0,1.0,3) Uncertain significance,T638I
MXF,gyrA,gyrA_T638N,0.0,1.0,3) Uncertain significance,T638N
MXF,gyrA,gyrA_T686S,0.0,1.0,3) Uncertain significance,T686S
MXF,gyrA,gyrA_T697A,0.0,1.0,3) Uncertain significance,T697A
MXF,gyrA,gyrA_V223I,0.0,1.0,3) Uncertain significance,V223I
MXF,gyrA,gyrA_V235A,0.0,1.0,3) Uncertain significance,V235A
MXF,gyrA,gyrA_V259L,0.0,1.0,3) Uncertain significance,V259L
MXF,gyrA,gyrA_V327L,0.0,1.0,3) Uncertain significance,V327L
MXF,gyrA,gyrA_V352L,0.0,1.0,3) Uncertain significance,V352L
MXF,gyrA,gyrA_V352M,0.0,1.0,3) Uncertain significance,V352M
MXF,gyrA,gyrA_V479M,0.0,1.0,3) Uncertain significance,V479M
MXF,gyrA,gyrA_V505I,0.0,1.0,3) Uncertain significance,V505I
MXF,gyrA,gyrA_V517L,0.0,1.0,3) Uncertain significance,V517L
MXF,gyrA,gyrA_V649L,0.0,1.0,3) Uncertain significance,V649L
MXF,gyrA,gyrA_V649M,0.0,1.0,3) Uncertain significance,V649M
MXF,gyrA,gyrA_V651A,0.0,1.0,3) Uncertain significance,V651A
MXF,gyrA,gyrA_V651I,0.0,1.0,3) Uncertain significance,V651I
MXF,gyrA,gyrA_V716F,0.0,1.0,3) Uncertain significance,V716F
MXF,gyrA,gyrA_V768A,0.0,1.0,3) Uncertain significance,V768A
MXF,gyrA,gyrA_Y276H,0.0,1.0,3) Uncertain significance,Y276H
MXF,gyrA,gyrA_Y365H,0.0,1.0,3) Uncertain significance,Y365H
MXF,gyrA,gyrA_Y722C,0.0,1.0,3) Uncertain significance,Y722C
MXF,gyrB,gyrB_A115V,0.0,1.0,3) Uncertain significance,A115V
MXF,gyrB,gyrB_A162S,0.0,1.0,3) Uncertain significance,A162S
MXF,gyrB,gyrB_A175T,0.0,1.0,3) Uncertain significance,A175T
MXF,gyrB,gyrB_A233G,0.0,1.0,3) Uncertain significance,A233G
MXF,gyrB,gyrB_A237G,0.0,1.0,3) Uncertain significance,A237G
MXF,gyrB,gyrB_A238G,0.0,1.0,3) Uncertain significance,A238G
MXF,gyrB,gyrB_A238T,0.0,1.0,3) Uncertain significance,A238T
MXF,gyrB,gyrB_A332V,0.0,1.0,3) Uncertain significance,A332V
MXF,gyrB,gyrB_A403V,0.0,1.0,3) Uncertain significance,A403V
MXF,gyrB,gyrB_A432V,0.0,1.0,3) Uncertain significance,A432V
MXF,gyrB,gyrB_A467T,0.0,1.0,3) Uncertain significance,A467T
MXF,gyrB,gyrB_A564T,0.0,1.0,3) Uncertain significance,A564T
MXF,gyrB,gyrB_A618T,0.0,1.0,3) Uncertain significance,A618T
MXF,gyrB,gyrB_A78G,0.0,1.0,3) Uncertain significance,A78G
MXF,gyrB,gyrB_A90T,0.0,1.0,3) Uncertain significance,A90T
MXF,gyrB,gyrB_C388G,0.0,1.0,3) Uncertain significance,C388G
MXF,gyrB,gyrB_D216G,0.0,1.0,3) Uncertain significance,D216G
MXF,gyrB,gyrB_D220E,0.0,1.0,3) Uncertain significance,D220E
MXF,gyrB,gyrB_D259E,0.0,1.0,3) Uncertain significance,D259E
MXF,gyrB,gyrB_D334G,0.0,1.0,3) Uncertain significance,D334G
MXF,gyrB,gyrB_D340G,0.0,1.0,3) Uncertain significance,D340G
MXF,gyrB,gyrB_D434G,0.0,1.0,3) Uncertain significance,D434G
MXF,gyrB,gyrB_D434H,0.0,1.0,3) Uncertain significance,D434H
MXF,gyrB,gyrB_D461A,0.0,1.0,3) Uncertain significance,D461A
MXF,gyrB,gyrB_D494A,0.0,1.0,3) Uncertain significance,D494A
MXF,gyrB,gyrB_D588N,0.0,1.0,3) Uncertain significance,D588N
MXF,gyrB,gyrB_D617Y,0.0,1.0,3) Uncertain significance,D617Y
MXF,gyrB,gyrB_E181G,0.0,1.0,3) Uncertain significance,E181G
MXF,gyrB,gyrB_E21D,0.0,1.0,3) Uncertain significance,E21D
MXF,gyrB,gyrB_E21K,0.0,1.0,3) Uncertain significance,E21K
MXF,gyrB,gyrB_E397D,0.0,1.0,3) Uncertain significance,E397D
MXF,gyrB,gyrB_E425A,0.0,1.0,3) Uncertain significance,E425A
MXF,gyrB,gyrB_E604K,0.0,1.0,3) Uncertain significance,E604K
MXF,gyrB,gyrB_G282D,0.0,1.0,3) Uncertain significance,G282D
MXF,gyrB,gyrB_G436R,0.0,1.0,3) Uncertain significance,G436R
MXF,gyrB,gyrB_G470C,0.0,1.0,3) Uncertain significance,G470C
MXF,gyrB,gyrB_G594R,0.0,1.0,3) Uncertain significance,G594R
MXF,gyrB,gyrB_G598E,0.0,1.0,3) Uncertain significance,G598E
MXF,gyrB,gyrB_H272P,0.0,1.0,3) Uncertain significance,H272P
MXF,gyrB,gyrB_H311R,0.0,1.0,3) Uncertain significance,H311R
MXF,gyrB,gyrB_I19L,0.0,1.0,3) Uncertain significance,I19L
MXF,gyrB,gyrB_I271V,0.0,1.0,3) Uncertain significance,I271V
MXF,gyrB,gyrB_I435V,0.0,1.0,3) Uncertain significance,I435V
MXF,gyrB,gyrB_I486V,0.0,1.0,3) Uncertain significance,I486V
MXF,gyrB,gyrB_I505V,0.0,1.0,3) Uncertain significance,I505V
MXF,gyrB,gyrB_I556V,0.0,1.0,3) Uncertain significance,I556V
MXF,gyrB,gyrB_I601T,0.0,1.0,3) Uncertain significance,I601T
MXF,gyrB,gyrB_K140E,0.0,1.0,3) Uncertain significance,K140E
MXF,gyrB,gyrB_K159M,0.0,1.0,3) Uncertain significance,K159M
MXF,gyrB,gyrB_K333N,0.0,1.0,3) Uncertain significance,K333N
MXF,gyrB,gyrB_K404R,0.0,1.0,3) Uncertain significance,K404R
MXF,gyrB,gyrB_K452N,0.0,1.0,3) Uncertain significance,K452N
MXF,gyrB,gyrB_K498N,0.0,1.0,3) Uncertain significance,K498N
MXF,gyrB,gyrB_K498R,0.0,1.0,3) Uncertain significance,K498R
MXF,gyrB,gyrB_K599R,0.0,1.0,3) Uncertain significance,K599R
MXF,gyrB,gyrB_K603R,0.0,1.0,3) Uncertain significance,K603R
MXF,gyrB,gyrB_K668R,0.0,1.0,3) Uncertain significance,K668R
MXF,gyrB,gyrB_K7Q,0.0,1.0,3) Uncertain significance,K7Q
MXF,gyrB,gyrB_L156M,0.0,1.0,3) Uncertain significance,L156M
MXF,gyrB,gyrB_L354V,0.0,1.0,3) Uncertain significance,L354V
MXF,gyrB,gyrB_L455V,0.0,1.0,3) Uncertain significance,L455V
MXF,gyrB,gyrB_L638V,0.0,1.0,3) Uncertain significance,L638V
MXF,gyrB,gyrB_L673P,0.0,1.0,3) Uncertain significance,L673P
MXF,gyrB,gyrB_M197I,0.0,1.0,3) Uncertain significance,M197I
MXF,gyrB,gyrB_M530T,0.0,1.0,3) Uncertain significance,M530T
MXF,gyrB,gyrB_M616V,0.0,1.0,3) Uncertain significance,M616V
MXF,gyrB,gyrB_N558D,0.0,1.0,3) Uncertain significance,N558D
MXF,gyrB,gyrB_P163S,0.0,1.0,3) Uncertain significance,P163S
MXF,gyrB,gyrB_P177R,0.0,1.0,3) Uncertain significance,P177R
MXF,gyrB,gyrB_P343A,0.0,1.0,3) Uncertain significance,P343A
MXF,gyrB,gyrB_P439A,0.0,1.0,3) Uncertain significance,P439A
MXF,gyrB,gyrB_P439R,0.0,1.0,3) Uncertain significance,P439R
MXF,gyrB,gyrB_P480S,0.0,1.0,3) Uncertain significance,P480S
MXF,gyrB,gyrB_P578R,0.0,1.0,3) Uncertain significance,P578R
MXF,gyrB,gyrB_P578S,0.0,1.0,3) Uncertain significance,P578S
MXF,gyrB,gyrB_Q148E,0.0,1.0,3) Uncertain significance,Q148E
MXF,gyrB,gyrB_Q476E,0.0,1.0,3) Uncertain significance,Q476E
MXF,gyrB,gyrB_Q565H,0.0,1.0,3) Uncertain significance,Q565H
MXF,gyrB,gyrB_R212T,0.0,1.0,3) Uncertain significance,R212T
MXF,gyrB,gyrB_R451H,0.0,1.0,3) Uncertain significance,R451H
MXF,gyrB,gyrB_R523H,0.0,1.0,3) Uncertain significance,R523H
MXF,gyrB,gyrB_R587G,0.0,1.0,3) Uncertain significance,R587G
MXF,gyrB,gyrB_R665C,0.0,1.0,3) Uncertain significance,R665C
MXF,gyrB,gyrB_S147F,0.0,1.0,3) Uncertain significance,S147F
MXF,gyrB,gyrB_S16C,0.0,1.0,3) Uncertain significance,S16C
MXF,gyrB,gyrB_S274T,0.0,1.0,3) Uncertain significance,S274T
MXF,gyrB,gyrB_S363R,0.0,1.0,3) Uncertain significance,S363R
MXF,gyrB,gyrB_S413A,0.0,1.0,3) Uncertain significance,S413A
MXF,gyrB,gyrB_S576G,0.0,1.0,3) Uncertain significance,S576G
MXF,gyrB,gyrB_S576T,0.0,1.0,3) Uncertain significance,S576T
MXF,gyrB,gyrB_T170A,0.0,1.0,3) Uncertain significance,T170A
MXF,gyrB,gyrB_T170K,0.0,1.0,3) Uncertain significance,T170K
MXF,gyrB,gyrB_T170M,0.0,1.0,3) Uncertain significance,T170M
MXF,gyrB,gyrB_T189P,0.0,1.0,3) Uncertain significance,T189P
MXF,gyrB,gyrB_T209A,0.0,1.0,3) Uncertain significance,T209A
MXF,gyrB,gyrB_T267S,0.0,1.0,3) Uncertain significance,T267S
MXF,gyrB,gyrB_T37S,0.0,1.0,3) Uncertain significance,T37S
MXF,gyrB,gyrB_T401I,0.0,1.0,3) Uncertain significance,T401I
MXF,gyrB,gyrB_T664I,0.0,1.0,3) Uncertain significance,T664I
MXF,gyrB,gyrB_V222M,0.0,1.0,3) Uncertain significance,V222M
MXF,gyrB,gyrB_V226A,0.0,1.0,3) Uncertain significance,V226A
MXF,gyrB,gyrB_V406I,0.0,1.0,3) Uncertain significance,V406I
MXF,gyrB,gyrB_V670I,0.0,1.0,3) Uncertain significance,V670I
MXF,gyrB,gyrB_V675I,0.0,1.0,3) Uncertain significance,V675I
MXF,gyrB,gyrB_V75G,0.0,1.0,3) Uncertain significance,V75G
MXF,gyrA,gyrA_A322E,0.0,2.0,3) Uncertain significance,A322E
MXF,gyrA,gyrA_A445V,0.0,2.0,3) Uncertain significance,A445V
MXF,gyrA,gyrA_D481A,0.0,2.0,3) Uncertain significance,D481A
MXF,gyrA,gyrA_E79D,0.0,2.0,3) Uncertain significance,E79D
MXF,gyrA,gyrA_G351A,0.0,2.0,3) Uncertain significance,G351A
MXF,gyrA,gyrA_G503R,0.0,2.0,3) Uncertain significance,G503R
MXF,gyrA,gyrA_G729R,0.0,2.0,3) Uncertain significance,G729R
MXF,gyrA,gyrA_I189V,0.0,2.0,3) Uncertain significance,I189V
MXF,gyrA,gyrA_I815M,0.0,2.0,3) Uncertain significance,I815M
MXF,gyrA,gyrA_K319N,0.0,2.0,3) Uncertain significance,K319N
MXF,gyrA,gyrA_L12F,0.0,2.0,3) Uncertain significance,L12F
MXF,gyrA,gyrA_L205V,0.0,2.0,3) Uncertain significance,L205V
MXF,gyrA,gyrA_L398F,0.0,2.0,3) Uncertain significance,L398F
MXF,gyrA,gyrA_P17L,0.0,2.0,3) Uncertain significance,P17L
MXF,gyrA,gyrA_P275A,0.0,2.0,3) Uncertain significance,P275A
MXF,gyrA,gyrA_Q290H,0.0,2.0,3) Uncertain significance,Q290H
MXF,gyrA,gyrA_R380G,0.0,2.0,3) Uncertain significance,R380G
MXF,gyrA,gyrA_S237A,0.0,2.0,3) Uncertain significance,S237A
MXF,gyrA,gyrA_S536R,0.0,2.0,3) Uncertain significance,S536R
MXF,gyrA,gyrA_S62F,0.0,2.0,3) Uncertain significance,S62F
MXF,gyrA,gyrA_T735S,0.0,2.0,3) Uncertain significance,T735S
MXF,gyrA,gyrA_T836K,0.0,2.0,3) Uncertain significance,T836K
MXF,gyrA,gyrA_V544L,0.0,2.0,3) Uncertain significance,V544L
MXF,gyrA,gyrA_V750A,0.0,2.0,3) Uncertain significance,V750A
MXF,gyrA,gyrA_V783M,0.0,2.0,3) Uncertain significance,V783M
MXF,gyrB,gyrB_A508V,0.0,2.0,3) Uncertain significance,A508V
MXF,gyrB,gyrB_A593V,0.0,2.0,3) Uncertain significance,A593V
MXF,gyrB,gyrB_A644D,0.0,2.0,3) Uncertain significance,A644D
MXF,gyrB,gyrB_D112H,0.0,2.0,3) Uncertain significance,D112H
MXF,gyrB,gyrB_D225G,0.0,2.0,3) Uncertain significance,D225G
MXF,gyrB,gyrB_D342E,0.0,2.0,3) Uncertain significance,D342E
MXF,gyrB,gyrB_D434E,0.0,2.0,3) Uncertain significance,D434E
MXF,gyrB,gyrB_D518G,0.0,2.0,3) Uncertain significance,D518G
MXF,gyrB,gyrB_E228D,0.0,2.0,3) Uncertain significance,E228D
MXF,gyrB,gyrB_E299Q,0.0,2.0,3) Uncertain significance,E299Q
MXF,gyrB,gyrB_E379G,0.0,2.0,3) Uncertain significance,E379G
MXF,gyrB,gyrB_E501G,0.0,2.0,3) Uncertain significance,E501G
MXF,gyrB,gyrB_F549L,0.0,2.0,3) Uncertain significance,F549L
MXF,gyrB,gyrB_G520A,0.0,2.0,3) Uncertain significance,G520A
MXF,gyrB,gyrB_G606S,0.0,2.0,3) Uncertain significance,G606S
MXF,gyrB,gyrB_I607V,0.0,2.0,3) Uncertain significance,I607V
MXF,gyrB,gyrB_L555V,0.0,2.0,3) Uncertain significance,L555V
MXF,gyrB,gyrB_L69V,0.0,2.0,3) Uncertain significance,L69V
MXF,gyrB,gyrB_P163L,0.0,2.0,3) Uncertain significance,P163L
MXF,gyrB,gyrB_P177L,0.0,2.0,3) Uncertain significance,P177L
MXF,gyrB,gyrB_P400R,0.0,2.0,3) Uncertain significance,P400R
MXF,gyrB,gyrB_Q538R,0.0,2.0,3) Uncertain significance,Q538R
MXF,gyrB,gyrB_R446L,0.0,2.0,3) Uncertain significance,R446L
MXF,gyrB,gyrB_R523S,0.0,2.0,3) Uncertain significance,R523S
MXF,gyrB,gyrB_R634L,0.0,2.0,3) Uncertain significance,R634L
MXF,gyrB,gyrB_T393S,0.0,2.0,3) Uncertain significance,T393S
MXF,gyrB,gyrB_T500I,0.0,2.0,3) Uncertain significance,T500I
MXF,gyrB,gyrB_T507A,0.0,2.0,3) Uncertain significance,T507A
MXF,gyrB,gyrB_V427M,0.0,2.0,3) Uncertain significance,V427M
MXF,gyrB,gyrB_Y253S,0.0,2.0,3) Uncertain significance,Y253S
MXF,gyrA,gyrA_A210V,0.0,3.0,3) Uncertain significance,A210V
MXF,gyrA,gyrA_A626V,0.0,3.0,3) Uncertain significance,A626V
MXF,gyrA,gyrA_D488E,0.0,3.0,3) Uncertain significance,D488E
MXF,gyrA,gyrA_D639A,0.0,3.0,3) Uncertain significance,D639A
MXF,gyrA,gyrA_D829E,0.0,3.0,3) Uncertain significance,D829E
MXF,gyrA,gyrA_F705L,0.0,3.0,3) Uncertain significance,F705L
MXF,gyrA,gyrA_H368Q,0.0,3.0,3) Uncertain significance,H368Q
MXF,gyrA,gyrA_I15V,0.0,3.0,3) Uncertain significance,I15V
MXF,gyrA,gyrA_L455V,0.0,3.0,3) Uncertain significance,L455V
MXF,gyrA,gyrA_N818D,0.0,3.0,3) Uncertain significance,N818D
MXF,gyrA,gyrA_Q277R,0.0,3.0,3) Uncertain significance,Q277R
MXF,gyrA,gyrA_S69G,0.0,3.0,3) Uncertain significance,S69G
MXF,gyrA,gyrA_S728L,0.0,3.0,3) Uncertain significance,S728L
MXF,gyrA,gyrA_T377I,0.0,3.0,3) Uncertain significance,T377I
MXF,gyrA,gyrA_T572N,0.0,3.0,3) Uncertain significance,T572N
MXF,gyrB,gyrB_P254L,0.0,3.0,3) Uncertain significance,P254L
MXF,gyrB,gyrB_P578A,0.0,3.0,3) Uncertain significance,P578A
MXF,gyrB,gyrB_T250S,0.0,3.0,3) Uncertain significance,T250S
MXF,gyrA,gyrA_A736V,0.0,4.0,3) Uncertain significance,A736V
MXF,gyrA,gyrA_A787G,0.0,4.0,3) Uncertain significance,A787G
MXF,gyrA,gyrA_Q113E,0.0,4.0,3) Uncertain significance,Q113E
MXF,gyrA,gyrA_V783L,0.0,4.0,3) Uncertain significance,V783L
MXF,gyrB,gyrB_A398V,0.0,4.0,3) Uncertain significance,A398V
MXF,gyrB,gyrB_E228Q,0.0,4.0,3) Uncertain significance,E228Q
MXF,gyrB,gyrB_E586K,0.0,4.0,3) Uncertain significance,E586K
MXF,gyrB,gyrB_S274R,0.0,4.0,3) Uncertain significance,S274R
MXF,gyrB,gyrB_V630I,0.0,4.0,3) Uncertain significance,V630I
MXF,gyrB,gyrB_I34V,0.0,5.0,3) Uncertain significance,I34V
MXF,gyrB,gyrB_P628A,0.0,5.0,3) Uncertain significance,P628A
MXF,gyrA,gyrA_A288V,0.0,6.0,3) Uncertain significance,A288V
MXF,gyrA,gyrA_L711M,0.0,6.0,3) Uncertain significance,L711M
MXF,gyrB,gyrB_A90G,0.0,6.0,3) Uncertain significance,A90G
MXF,gyrB,gyrB_N66S,0.0,6.0,3) Uncertain significance,N66S
MXF,gyrA,gyrA_E214D,0.0,7.0,3) Uncertain significance,E214D
MXF,gyrA,gyrA_R254C,0.0,7.0,3) Uncertain significance,R254C
MXF,gyrA,gyrA_L659V,0.0,8.0,3) Uncertain significance,L659V
MXF,gyrB,gyrB_S576I,0.0,8.0,3) Uncertain significance,S576I
MXF,gyrA,gyrA_L296P,0.0,10.0,3) Uncertain significance,L296P
MXF,gyrB,gyrB_A130S,0.0,10.0,3) Uncertain significance,A130S
MXF,gyrB,gyrB_I493T,0.0,10.0,3) Uncertain significance,I493T
MXF,gyrB,gyrB_I84V,0.0,10.0,3) Uncertain significance,I84V
MXF,gyrB,gyrB_I93V,0.0,10.0,3) Uncertain significance,I93V
MXF,gyrA,gyrA_P8A,0.0,13.0,3) Uncertain significance,P8A
MXF,gyrA,gyrA_A456V,0.0,23.0,3) Uncertain significance,A456V
MXF,gyrB,gyrB_R575H,0.0,28.0,3) Uncertain significance,R575H
MXF,gyrB,gyrB_A403S,0.0,33.0,3) Uncertain significance,A403S
MXF,gyrA,gyrA_R252L,0.0,38.0,3) Uncertain significance,R252L
MXF,gyrA,gyrA_A90G,0.0,3.0,4) Not assoc w R - Interim,A90G
MXF,gyrA,gyrA_T80A,0.0,9.0,4) Not assoc w R - Interim,T80A
MXF,gyrA,gyrA_E21Q,1094.0,5807.0,5) Not assoc w R,E21Q
MXF,gyrA,gyrA_S95T,1045.0,5439.0,5) Not assoc w R,S95T
MXF,gyrA,gyrA_G668D,1045.0,5445.0,5) Not assoc w R,G668D
MXF,gyrA,gyrA_G247S,28.0,247.0,5) Not assoc w R,G247S
MXF,gyrB,gyrB_M291I,23.0,1081.0,5) Not assoc w R,M291I
MXF,gyrA,gyrA_A384V,23.0,1093.0,5) Not assoc w R,A384V
MXF,gyrA,gyrA_A463S,17.0,69.0,5) Not assoc w R,A463S
MXF,gyrB,gyrB_P94L,2.0,72.0,5) Not assoc w R,P94L
MXF,gyrB,gyrB_V301L,0.0,41.0,5) Not assoc w R,V301L
PZA,pncA,pncA_H57D,157.0,3.0,1) Assoc w R,H57D
PZA,pncA,pncA_Q10P,58.0,1.0,1) Assoc w R,Q10P
PZA,pncA,pncA_H51D,33.0,0.0,1) Assoc w R,H51D
PZA,pncA,pncA_T76P,30.0,3.0,1) Assoc w R,T76P
PZA,pncA,pncA_G97D,28.0,4.0,1) Assoc w R,G97D
PZA,pncA,pncA_V7G,27.0,1.0,1) Assoc w R,V7G
PZA,pncA,pncA_C14R,24.0,1.0,1) Assoc w R,C14R
PZA,pncA,pncA_D49G,24.0,1.0,1) Assoc w R,D49G
PZA,pncA,pncA_H57R,24.0,1.0,1) Assoc w R,H57R
PZA,pncA,pncA_Q141P,24.0,1.0,1) Assoc w R,Q141P
PZA,pncA,pncA_L4S,24.0,3.0,1) Assoc w R,L4S
PZA,pncA,pncA_I133T,20.0,13.0,1) Assoc w R,I133T
PZA,pncA,pncA_H71Y,19.0,1.0,1) Assoc w R,H71Y
PZA,pncA,pncA_T135P,19.0,1.0,1) Assoc w R,T135P
PZA,pncA,pncA_H51R,17.0,1.0,1) Assoc w R,H51R
PZA,pncA,pncA_I31S,17.0,2.0,1) Assoc w R,I31S
PZA,pncA,pncA_V139A,17.0,3.0,1) Assoc w R,V139A
PZA,pncA,pncA_D8G,16.0,2.0,1) Assoc w R,D8G
PZA,pncA,pncA_A146V,15.0,0.0,1) Assoc w R,A146V
PZA,pncA,pncA_W68C,14.0,0.0,1) Assoc w R,W68C
PZA,pncA,pncA_H71R,14.0,1.0,1) Assoc w R,H71R
PZA,pncA,pncA_K96T,13.0,0.0,1) Assoc w R,K96T
PZA,pncA,pncA_Q10R,13.0,0.0,1) Assoc w R,Q10R
PZA,pncA,pncA_T47A,13.0,4.0,1) Assoc w R,T47A
PZA,pncA,pncA_A134V,12.0,1.0,1) Assoc w R,A134V
PZA,pncA,pncA_P54L,12.0,2.0,1) Assoc w R,P54L
PZA,pncA,pncA_I6T,11.0,0.0,1) Assoc w R,I6T
PZA,pncA,pncA_S59P,11.0,0.0,1) Assoc w R,S59P
PZA,pncA,pncA_S67P,11.0,0.0,1) Assoc w R,S67P
PZA,pncA,pncA_G97C,11.0,1.0,1) Assoc w R,G97C
PZA,pncA,pncA_L151S,11.0,4.0,1) Assoc w R,L151S
PZA,pncA,pncA_V7L,10.0,0.0,1) Assoc w R,V7L
PZA,pncA,pncA_W68G,10.0,0.0,1) Assoc w R,W68G
PZA,pncA,pncA_W68R,10.0,0.0,1) Assoc w R,W68R
PZA,pncA,pncA_G97S,10.0,1.0,1) Assoc w R,G97S
PZA,pncA,pncA_R154G,10.0,4.0,1) Assoc w R,R154G
PZA,pncA,pncA_D12A,10.0,5.0,1) Assoc w R,D12A
PZA,pncA,pncA_F94C,9.0,0.0,1) Assoc w R,F94C
PZA,pncA,pncA_G132S,9.0,0.0,1) Assoc w R,G132S
PZA,pncA,pncA_L172P,9.0,0.0,1) Assoc w R,L172P
PZA,pncA,pncA_L85P,9.0,0.0,1) Assoc w R,L85P
PZA,pncA,pncA_T160P,9.0,0.0,1) Assoc w R,T160P
PZA,pncA,pncA_Y34D,9.0,0.0,1) Assoc w R,Y34D
PZA,pncA,pncA_F58L,9.0,3.0,1) Assoc w R,F58L
PZA,pncA,pncA_L182S,9.0,4.0,1) Assoc w R,L182S
PZA,pncA,pncA_G97R,8.0,0.0,1) Assoc w R,G97R
PZA,pncA,pncA_H57Y,8.0,0.0,1) Assoc w R,H57Y
PZA,pncA,pncA_L120P,8.0,0.0,1) Assoc w R,L120P
PZA,pncA,pncA_L27P,8.0,1.0,1) Assoc w R,L27P
PZA,pncA,pncA_D49A,7.0,0.0,1) Assoc w R,D49A
PZA,pncA,pncA_L85R,7.0,0.0,1) Assoc w R,L85R
PZA,pncA,pncA_V180F,7.0,0.0,1) Assoc w R,V180F
PZA,pncA,pncA_D8N,7.0,1.0,1) Assoc w R,D8N
PZA,pncA,pncA_P69L,7.0,1.0,1) Assoc w R,P69L
PZA,pncA,pncA_T142M,7.0,1.0,1) Assoc w R,T142M
PZA,pncA,pncA_A146T,7.0,2.0,1) Assoc w R,A146T
PZA,pncA,pncA_I90S,7.0,3.0,1) Assoc w R,I90S
PZA,pncA,pncA_M175V,7.0,3.0,1) Assoc w R,M175V
PZA,pncA,pncA_Y103C,7.0,3.0,1) Assoc w R,Y103C
PZA,pncA,pncA_L159R,6.0,0.0,1) Assoc w R,L159R
PZA,pncA,pncA_P62L,6.0,0.0,1) Assoc w R,P62L
PZA,pncA,pncA_V180G,6.0,0.0,1) Assoc w R,V180G
PZA,pncA,pncA_A102P,6.0,1.0,1) Assoc w R,A102P
PZA,pncA,pncA_D12G,6.0,1.0,1) Assoc w R,D12G
PZA,pncA,pncA_G132A,6.0,1.0,1) Assoc w R,G132A
PZA,pncA,pncA_H51Q,6.0,1.0,1) Assoc w R,H51Q
PZA,pncA,pncA_V155G,6.0,1.0,1) Assoc w R,V155G
PZA,pncA,pncA_D63A,6.0,2.0,1) Assoc w R,D63A
PZA,pncA,pncA_F94L,6.0,2.0,1) Assoc w R,F94L
PZA,pncA,pncA_V125F,6.0,3.0,1) Assoc w R,V125F
PZA,pncA,pncA_A143G,5.0,0.0,1) Assoc w R,A143G
PZA,pncA,pncA_C138R,5.0,0.0,1) Assoc w R,C138R
PZA,pncA,pncA_D12E,5.0,0.0,1) Assoc w R,D12E
PZA,pncA,pncA_G105V,5.0,0.0,1) Assoc w R,G105V
PZA,pncA,pncA_H71P,5.0,0.0,1) Assoc w R,H71P
PZA,pncA,pncA_L4W,5.0,0.0,1) Assoc w R,L4W
PZA,pncA,pncA_M1T,5.0,0.0,1) Assoc w R,M1T
PZA,pncA,pncA_V128G,5.0,0.0,1) Assoc w R,V128G
PZA,pncA,pncA_V130G,5.0,0.0,1) Assoc w R,V130G
PZA,pncA,pncA_V139G,5.0,0.0,1) Assoc w R,V139G
PZA,pncA,pncA_Y103H,5.0,0.0,1) Assoc w R,Y103H
PZA,pncA,pncA_G24D,5.0,1.0,1) Assoc w R,G24D
PZA,pncA,pncA_K96E,5.0,1.0,1) Assoc w R,K96E
PZA,pncA,pncA_S164P,5.0,1.0,1) Assoc w R,S164P
PZA,pncA,pncA_T142A,5.0,1.0,1) Assoc w R,T142A
PZA,pncA,pncA_T177P,5.0,1.0,1) Assoc w R,T177P
PZA,pncA,pncA_K96R,4.0,1.0,1) Assoc w R,K96R
PZA,pncA,pncA_V7A,4.0,1.0,1) Assoc w R,V7A
PZA,pncA,pncA_W119C,4.0,1.0,1) Assoc w R,W119C
PZA,pncA,pncA_K48T,6.0,7.0,2) Assoc w R - Interim,K48T
PZA,pncA,pncA_F13L,5.0,1.0,2) Assoc w R - Interim,F13L
PZA,pncA,pncA_C72R,4.0,0.0,2) Assoc w R - Interim,C72R
PZA,pncA,pncA_G105D,4.0,0.0,2) Assoc w R - Interim,G105D
PZA,pncA,pncA_G162D,4.0,0.0,2) Assoc w R - Interim,G162D
PZA,pncA,pncA_H51P,4.0,0.0,2) Assoc w R - Interim,H51P
PZA,pncA,pncA_I5S,4.0,0.0,2) Assoc w R - Interim,I5S
PZA,pncA,pncA_L120Q,4.0,0.0,2) Assoc w R - Interim,L120Q
PZA,pncA,pncA_L120R,4.0,0.0,2) Assoc w R - Interim,L120R
PZA,pncA,pncA_L182W,4.0,0.0,2) Assoc w R - Interim,L182W
PZA,pncA,pncA_V131F,4.0,0.0,2) Assoc w R - Interim,V131F
PZA,pncA,pncA_V21G,4.0,0.0,2) Assoc w R - Interim,V21G
PZA,pncA,pncA_V9G,4.0,0.0,2) Assoc w R - Interim,V9G
PZA,pncA,pncA_A3E,3.0,0.0,2) Assoc w R - Interim,A3E
PZA,pncA,pncA_F13I,3.0,0.0,2) Assoc w R - Interim,F13I
PZA,pncA,pncA_G97V,3.0,0.0,2) Assoc w R - Interim,G97V
PZA,pncA,pncA_H82R,3.0,0.0,2) Assoc w R - Interim,H82R
PZA,pncA,pncA_M175T,3.0,0.0,2) Assoc w R - Interim,M175T
PZA,pncA,pncA_P62T,3.0,0.0,2) Assoc w R - Interim,P62T
PZA,pncA,pncA_Q10H,3.0,0.0,2) Assoc w R - Interim,Q10H
PZA,pncA,pncA_T47P,3.0,0.0,2) Assoc w R - Interim,T47P
PZA,pncA,pncA_W119R,3.0,0.0,2) Assoc w R - Interim,W119R
PZA,pncA,pncA_A46V,3.0,1.0,2) Assoc w R - Interim,A46V
PZA,pncA,pncA_G17D,3.0,1.0,2) Assoc w R - Interim,G17D
PZA,pncA,pncA_L19P,3.0,1.0,2) Assoc w R - Interim,L19P
PZA,pncA,pncA_S104R,3.0,1.0,2) Assoc w R - Interim,S104R
PZA,pncA,pncA_V155M,3.0,1.0,2) Assoc w R - Interim,V155M
PZA,pncA,pncA_L116P,3.0,2.0,2) Assoc w R - Interim,L116P
PZA,pncA,pncA_A171E,2.0,0.0,2) Assoc w R - Interim,A171E
PZA,pncA,pncA_A46E,2.0,0.0,2) Assoc w R - Interim,A46E
PZA,pncA,pncA_C72Y,2.0,0.0,2) Assoc w R - Interim,C72Y
PZA,pncA,pncA_D49E,2.0,0.0,2) Assoc w R - Interim,D49E
PZA,pncA,pncA_D49N,2.0,0.0,2) Assoc w R - Interim,D49N
PZA,pncA,pncA_D8A,2.0,0.0,2) Assoc w R - Interim,D8A
PZA,pncA,pncA_F106S,2.0,0.0,2) Assoc w R - Interim,F106S
PZA,pncA,pncA_F94S,2.0,0.0,2) Assoc w R - Interim,F94S
PZA,pncA,pncA_G132D,2.0,0.0,2) Assoc w R - Interim,G132D
PZA,pncA,pncA_H51Y,2.0,0.0,2) Assoc w R - Interim,H51Y
PZA,pncA,pncA_I90T,2.0,0.0,2) Assoc w R - Interim,I90T
PZA,pncA,pncA_L172R,2.0,0.0,2) Assoc w R - Interim,L172R
PZA,pncA,pncA_P54Q,2.0,0.0,2) Assoc w R - Interim,P54Q
PZA,pncA,pncA_S104I,2.0,0.0,2) Assoc w R - Interim,S104I
PZA,pncA,pncA_T142K,2.0,0.0,2) Assoc w R - Interim,T142K
PZA,pncA,pncA_T168P,2.0,0.0,2) Assoc w R - Interim,T168P
PZA,pncA,pncA_T76I,2.0,0.0,2) Assoc w R - Interim,T76I
PZA,pncA,pncA_V131G,2.0,0.0,2) Assoc w R - Interim,V131G
PZA,pncA,pncA_V180A,2.0,0.0,2) Assoc w R - Interim,V180A
PZA,pncA,pncA_V44G,2.0,0.0,2) Assoc w R - Interim,V44G
PZA,pncA,pncA_W119G,2.0,0.0,2) Assoc w R - Interim,W119G
PZA,pncA,pncA_Y103D,2.0,0.0,2) Assoc w R - Interim,Y103D
PZA,pncA,pncA_Y103S,2.0,0.0,2) Assoc w R - Interim,Y103S
PZA,pncA,pncA_D8E,2.0,1.0,2) Assoc w R - Interim,D8E
PZA,pncA,pncA_G108R,2.0,1.0,2) Assoc w R - Interim,G108R
PZA,pncA,pncA_K48E,2.0,1.0,2) Assoc w R - Interim,K48E
PZA,pncA,pncA_K96Q,2.0,1.0,2) Assoc w R - Interim,K96Q
PZA,pncA,pncA_P62S,2.0,1.0,2) Assoc w R - Interim,P62S
PZA,pncA,pncA_D63G,2.0,2.0,2) Assoc w R - Interim,D63G
PZA,pncA,pncA_F81V,2.0,2.0,2) Assoc w R - Interim,F81V
PZA,pncA,pncA_Y64D,2.0,2.0,2) Assoc w R - Interim,Y64D
PZA,pncA,pncA_D12N,1.0,0.0,2) Assoc w R - Interim,D12N
PZA,pncA,pncA_V125G,1.0,0.0,2) Assoc w R - Interim,V125G
PZA,pncA,pncA_V139L,0.0,1.0,2) Assoc w R - Interim,V139L
PZA,pncA,pncA_I31T,,,2) Assoc w R - Interim,I31T
PZA,pncA,pncA_H71D,,,2) Assoc w R - Interim,H71D
PZA,pncA,pncA_L116R,,,2) Assoc w R - Interim,L116R
PZA,pncA,pncA_T135N,,,2) Assoc w R - Interim,T135N
PZA,pncA,pncA_A102V,5.0,6.0,3) Uncertain significance,A102V
PZA,pncA,pncA_C14G,5.0,6.0,3) Uncertain significance,C14G
PZA,pncA,pncA_L35P,3.0,4.0,3) Uncertain significance,L35P
PZA,pncA,pncA_T160R,2.0,0.0,3) Uncertain significance,T160R
PZA,pncA,pncA_D136G,2.0,4.0,3) Uncertain significance,D136G
PZA,pncA,pncA_A102T,1.0,0.0,3) Uncertain significance,A102T
PZA,pncA,pncA_A146E,1.0,0.0,3) Uncertain significance,A146E
PZA,pncA,pncA_A28D,1.0,0.0,3) Uncertain significance,A28D
PZA,pncA,pncA_A79E,1.0,0.0,3) Uncertain significance,A79E
PZA,pncA,pncA_C72W,1.0,0.0,3) Uncertain significance,C72W
PZA,pncA,pncA_D110Y,1.0,0.0,3) Uncertain significance,D110Y
PZA,pncA,pncA_D12H,1.0,0.0,3) Uncertain significance,D12H
PZA,pncA,pncA_D136A,1.0,0.0,3) Uncertain significance,D136A
PZA,pncA,pncA_D136V,1.0,0.0,3) Uncertain significance,D136V
PZA,pncA,pncA_D145E,1.0,0.0,3) Uncertain significance,D145E
PZA,pncA,pncA_D145Y,1.0,0.0,3) Uncertain significance,D145Y
PZA,pncA,pncA_D49Y,1.0,0.0,3) Uncertain significance,D49Y
PZA,pncA,pncA_D8H,1.0,0.0,3) Uncertain significance,D8H
PZA,pncA,pncA_D8Y,1.0,0.0,3) Uncertain significance,D8Y
PZA,pncA,pncA_E174D,1.0,0.0,3) Uncertain significance,E174D
PZA,pncA,pncA_F58C,1.0,0.0,3) Uncertain significance,F58C
PZA,pncA,pncA_F58S,1.0,0.0,3) Uncertain significance,F58S
PZA,pncA,pncA_G105R,1.0,0.0,3) Uncertain significance,G105R
PZA,pncA,pncA_G108E,1.0,0.0,3) Uncertain significance,G108E
PZA,pncA,pncA_G132C,1.0,0.0,3) Uncertain significance,G132C
PZA,pncA,pncA_G132R,1.0,0.0,3) Uncertain significance,G132R
PZA,pncA,pncA_G162R,1.0,0.0,3) Uncertain significance,G162R
PZA,pncA,pncA_G17A,1.0,0.0,3) Uncertain significance,G17A
PZA,pncA,pncA_G17R,1.0,0.0,3) Uncertain significance,G17R
PZA,pncA,pncA_G78C,1.0,0.0,3) Uncertain significance,G78C
PZA,pncA,pncA_G78D,1.0,0.0,3) Uncertain significance,G78D
PZA,pncA,pncA_G78S,1.0,0.0,3) Uncertain significance,G78S
PZA,pncA,pncA_G78V,1.0,0.0,3) Uncertain significance,G78V
PZA,pncA,pncA_H137P,1.0,0.0,3) Uncertain significance,H137P
PZA,pncA,pncA_H43P,1.0,0.0,3) Uncertain significance,H43P
PZA,pncA,pncA_H57P,1.0,0.0,3) Uncertain significance,H57P
PZA,pncA,pncA_H57Q,1.0,0.0,3) Uncertain significance,H57Q
PZA,pncA,pncA_H71Q,1.0,0.0,3) Uncertain significance,H71Q
PZA,pncA,pncA_I133S,1.0,0.0,3) Uncertain significance,I133S
PZA,pncA,pncA_I6S,1.0,0.0,3) Uncertain significance,I6S
PZA,pncA,pncA_K96N,1.0,0.0,3) Uncertain significance,K96N
PZA,pncA,pncA_L156P,1.0,0.0,3) Uncertain significance,L156P
PZA,pncA,pncA_L159P,1.0,0.0,3) Uncertain significance,L159P
PZA,pncA,pncA_M175R,1.0,0.0,3) Uncertain significance,M175R
PZA,pncA,pncA_M1R,1.0,0.0,3) Uncertain significance,M1R
PZA,pncA,pncA_N11H,1.0,0.0,3) Uncertain significance,N11H
PZA,pncA,pncA_P54R,1.0,0.0,3) Uncertain significance,P54R
PZA,pncA,pncA_P54S,1.0,0.0,3) Uncertain significance,P54S
PZA,pncA,pncA_P62Q,1.0,0.0,3) Uncertain significance,P62Q
PZA,pncA,pncA_P62R,1.0,0.0,3) Uncertain significance,P62R
PZA,pncA,pncA_P69R,1.0,0.0,3) Uncertain significance,P69R
PZA,pncA,pncA_R123P,1.0,0.0,3) Uncertain significance,R123P
PZA,pncA,pncA_R140P,1.0,0.0,3) Uncertain significance,R140P
PZA,pncA,pncA_S32I,1.0,0.0,3) Uncertain significance,S32I
PZA,pncA,pncA_S59C,1.0,0.0,3) Uncertain significance,S59C
PZA,pncA,pncA_S59F,1.0,0.0,3) Uncertain significance,S59F
PZA,pncA,pncA_S66P,1.0,0.0,3) Uncertain significance,S66P
PZA,pncA,pncA_T100I,1.0,0.0,3) Uncertain significance,T100I
PZA,pncA,pncA_T100P,1.0,0.0,3) Uncertain significance,T100P
PZA,pncA,pncA_T114P,1.0,0.0,3) Uncertain significance,T114P
PZA,pncA,pncA_T142P,1.0,0.0,3) Uncertain significance,T142P
PZA,pncA,pncA_T160A,1.0,0.0,3) Uncertain significance,T160A
PZA,pncA,pncA_T47N,1.0,0.0,3) Uncertain significance,T47N
PZA,pncA,pncA_V139M,1.0,0.0,3) Uncertain significance,V139M
PZA,pncA,pncA_V157G,1.0,0.0,3) Uncertain significance,V157G
PZA,pncA,pncA_V180L,1.0,0.0,3) Uncertain significance,V180L
PZA,pncA,pncA_V7F,1.0,0.0,3) Uncertain significance,V7F
PZA,pncA,pncA_V7I,1.0,0.0,3) Uncertain significance,V7I
PZA,pncA,pncA_W68L,1.0,0.0,3) Uncertain significance,W68L
PZA,pncA,pncA_W68S,1.0,0.0,3) Uncertain significance,W68S
PZA,pncA,pncA_Y95D,1.0,0.0,3) Uncertain significance,Y95D
PZA,pncA,pncA_A134G,1.0,1.0,3) Uncertain significance,A134G
PZA,pncA,pncA_A171T,1.0,1.0,3) Uncertain significance,A171T
PZA,pncA,pncA_D129N,1.0,1.0,3) Uncertain significance,D129N
PZA,pncA,pncA_F13S,1.0,1.0,3) Uncertain significance,F13S
PZA,pncA,pncA_H137N,1.0,1.0,3) Uncertain significance,H137N
PZA,pncA,pncA_L159V,1.0,1.0,3) Uncertain significance,L159V
PZA,pncA,pncA_N11S,1.0,1.0,3) Uncertain significance,N11S
PZA,pncA,pncA_P54A,1.0,1.0,3) Uncertain significance,P54A
PZA,pncA,pncA_S104G,1.0,1.0,3) Uncertain significance,S104G
PZA,pncA,pncA_V155A,1.0,1.0,3) Uncertain significance,V155A
PZA,pncA,pncA_V163G,1.0,1.0,3) Uncertain significance,V163G
PZA,pncA,pncA_A46T,1.0,2.0,3) Uncertain significance,A46T
PZA,pncA,pncA_M175I,1.0,2.0,3) Uncertain significance,M175I
PZA,pncA,pncA_S67W,1.0,2.0,3) Uncertain significance,S67W
PZA,pncA,pncA_V93A,1.0,2.0,3) Uncertain significance,V93A
PZA,pncA,pncA_H82D,1.0,3.0,3) Uncertain significance,H82D
PZA,pncA,pncA_A143V,0.0,1.0,3) Uncertain significance,A143V
PZA,pncA,pncA_C14W,0.0,1.0,3) Uncertain significance,C14W
PZA,pncA,pncA_D110G,0.0,1.0,3) Uncertain significance,D110G
PZA,pncA,pncA_D136E,0.0,1.0,3) Uncertain significance,D136E
PZA,pncA,pncA_D158N,0.0,1.0,3) Uncertain significance,D158N
PZA,pncA,pncA_D53E,0.0,1.0,3) Uncertain significance,D53E
PZA,pncA,pncA_D80V,0.0,1.0,3) Uncertain significance,D80V
PZA,pncA,pncA_D86G,0.0,1.0,3) Uncertain significance,D86G
PZA,pncA,pncA_F106I,0.0,1.0,3) Uncertain significance,F106I
PZA,pncA,pncA_F81S,0.0,1.0,3) Uncertain significance,F81S
PZA,pncA,pncA_F94V,0.0,1.0,3) Uncertain significance,F94V
PZA,pncA,pncA_G124S,0.0,1.0,3) Uncertain significance,G124S
PZA,pncA,pncA_G17V,0.0,1.0,3) Uncertain significance,G17V
PZA,pncA,pncA_H137Y,0.0,1.0,3) Uncertain significance,H137Y
PZA,pncA,pncA_I5T,0.0,1.0,3) Uncertain significance,I5T
PZA,pncA,pncA_I6V,0.0,1.0,3) Uncertain significance,I6V
PZA,pncA,pncA_K48N,0.0,1.0,3) Uncertain significance,K48N
PZA,pncA,pncA_L116V,0.0,1.0,3) Uncertain significance,L116V
PZA,pncA,pncA_L151W,0.0,1.0,3) Uncertain significance,L151W
PZA,pncA,pncA_L182F,0.0,1.0,3) Uncertain significance,L182F
PZA,pncA,pncA_L27Q,0.0,1.0,3) Uncertain significance,L27Q
PZA,pncA,pncA_P115S,0.0,1.0,3) Uncertain significance,P115S
PZA,pncA,pncA_P77L,0.0,1.0,3) Uncertain significance,P77L
PZA,pncA,pncA_R140S,0.0,1.0,3) Uncertain significance,R140S
PZA,pncA,pncA_R148S,0.0,1.0,3) Uncertain significance,R148S
PZA,pncA,pncA_R176C,0.0,1.0,3) Uncertain significance,R176C
PZA,pncA,pncA_R2L,0.0,1.0,3) Uncertain significance,R2L
PZA,pncA,pncA_R2Q,0.0,1.0,3) Uncertain significance,R2Q
PZA,pncA,pncA_S104T,0.0,1.0,3) Uncertain significance,S104T
PZA,pncA,pncA_S179I,0.0,1.0,3) Uncertain significance,S179I
PZA,pncA,pncA_S18P,0.0,1.0,3) Uncertain significance,S18P
PZA,pncA,pncA_T135A,0.0,1.0,3) Uncertain significance,T135A
PZA,pncA,pncA_T153P,0.0,1.0,3) Uncertain significance,T153P
PZA,pncA,pncA_T61P,0.0,1.0,3) Uncertain significance,T61P
PZA,pncA,pncA_T76A,0.0,1.0,3) Uncertain significance,T76A
PZA,pncA,pncA_V128I,0.0,1.0,3) Uncertain significance,V128I
PZA,pncA,pncA_V155L,0.0,1.0,3) Uncertain significance,V155L
PZA,pncA,pncA_V163A,0.0,1.0,3) Uncertain significance,V163A
PZA,pncA,pncA_V163L,0.0,1.0,3) Uncertain significance,V163L
PZA,pncA,pncA_V183L,0.0,1.0,3) Uncertain significance,V183L
PZA,pncA,pncA_V45A,0.0,1.0,3) Uncertain significance,V45A
PZA,pncA,pncA_Y41C,0.0,1.0,3) Uncertain significance,Y41C
PZA,pncA,pncA_Y99C,0.0,1.0,3) Uncertain significance,Y99C
PZA,pncA,pncA_A30V,0.0,2.0,3) Uncertain significance,A30V
PZA,pncA,pncA_F58V,0.0,2.0,3) Uncertain significance,F58V
PZA,pncA,pncA_H137Q,0.0,2.0,3) Uncertain significance,H137Q
PZA,pncA,pncA_H137R,0.0,2.0,3) Uncertain significance,H137R
PZA,pncA,pncA_H43Y,0.0,2.0,3) Uncertain significance,H43Y
PZA,pncA,pncA_M1I,0.0,2.0,3) Uncertain significance,M1I
PZA,pncA,pncA_P115L,0.0,2.0,3) Uncertain significance,P115L
PZA,pncA,pncA_P69S,0.0,2.0,3) Uncertain significance,P69S
PZA,pncA,pncA_S65P,0.0,2.0,3) Uncertain significance,S65P
PZA,pncA,pncA_T135I,0.0,2.0,3) Uncertain significance,T135I
PZA,pncA,pncA_T167I,0.0,2.0,3) Uncertain significance,T167I
PZA,pncA,pncA_T47I,0.0,2.0,3) Uncertain significance,T47I
PZA,pncA,pncA_V109G,0.0,2.0,3) Uncertain significance,V109G
PZA,pncA,pncA_V125I,0.0,2.0,3) Uncertain significance,V125I
PZA,pncA,pncA_V157L,0.0,2.0,3) Uncertain significance,V157L
PZA,pncA,pncA_V45M,0.0,2.0,3) Uncertain significance,V45M
PZA,pncA,pncA_D136N,1.0,4.0,4) Not assoc w R - Interim,D136N
PZA,pncA,pncA_A171V,1.0,6.0,4) Not assoc w R - Interim,A171V
PZA,pncA,pncA_I6L,1.0,6.0,4) Not assoc w R - Interim,I6L
PZA,pncA,pncA_V21A,1.0,6.0,4) Not assoc w R - Interim,V21A
PZA,pncA,pncA_L35R,1.0,23.0,4) Not assoc w R - Interim,L35R
PZA,pncA,pncA_A79T,0.0,3.0,4) Not assoc w R - Interim,A79T
PZA,pncA,pncA_E15G,0.0,3.0,4) Not assoc w R - Interim,E15G
PZA,pncA,pncA_T168I,0.0,3.0,4) Not assoc w R - Interim,T168I
PZA,pncA,pncA_A79V,0.0,4.0,4) Not assoc w R - Interim,A79V
PZA,pncA,pncA_T114M,0.0,5.0,4) Not assoc w R - Interim,T114M
PZA,pncA,pncA_S66L,0.0,8.0,4) Not assoc w R - Interim,S66L
PZA,pncA,pncA_T87M,0.0,17.0,4) Not assoc w R - Interim,T87M
RIF,rpoB,rpoB_S450L,6536.0,74.0,1) Assoc w R,S450L
RIF,rpoB,rpoB_D435V,732.0,9.0,1) Assoc w R,D435V
RIF,rpoB,rpoB_H445Y,347.0,4.0,1) Assoc w R,H445Y
RIF,rpoB,rpoB_H445D,288.0,3.0,1) Assoc w R,H445D
RIF,rpoB,rpoB_D435Y,162.0,44.0,1) Assoc w R,D435Y
RIF,rpoB,rpoB_S450W,151.0,5.0,1) Assoc w R,S450W
RIF,rpoB,rpoB_L452P,121.0,53.0,1) Assoc w R,L452P
RIF,rpoB,rpoB_H445L,115.0,8.0,1) Assoc w R,H445L
RIF,rpoB,rpoB_S450F,112.0,0.0,1) Assoc w R,S450F
RIF,rpoB,rpoB_L430P,106.0,103.0,1) Assoc w R,L430P
RIF,rpoB,rpoB_H445R,79.0,2.0,1) Assoc w R,H445R
RIF,rpoB,rpoB_V170F,71.0,0.0,1) Assoc w R,V170F
RIF,rpoB,rpoB_I491F,54.0,57.0,1) Assoc w R,I491F
RIF,rpoB,rpoB_H445N,46.0,39.0,1) Assoc w R,H445N
RIF,rpoB,rpoB_D435F,39.0,3.0,1) Assoc w R,D435F
RIF,rpoB,rpoB_H445C,36.0,3.0,1) Assoc w R,H445C
RIF,rpoB,rpoB_Q432K,34.0,1.0,1) Assoc w R,Q432K
RIF,rpoB,rpoB_Q432P,29.0,1.0,1) Assoc w R,Q432P
RIF,rpoB,rpoB_S441L,26.0,0.0,1) Assoc w R,S441L
RIF,rpoB,rpoB_Q432L,21.0,1.0,1) Assoc w R,Q432L
RIF,rpoB,rpoB_H445S,12.0,2.0,1) Assoc w R,H445S
RIF,rpoB,rpoB_S441Q,11.0,0.0,1) Assoc w R,S441Q
RIF,rpoB,rpoB_D435G,76.0,9.0,2) Assoc w R - Interim,D435G
RIF,rpoB,rpoB_L430R,21.0,1.0,2) Assoc w R - Interim,L430R
RIF,rpoB,rpoB_H445Q,16.0,1.0,2) Assoc w R - Interim,H445Q
RIF,rpoB,rpoB_M434I,16.0,3.0,2) Assoc w R - Interim,M434I
RIF,rpoB,rpoB_N437D,13.0,2.0,2) Assoc w R - Interim,N437D
RIF,rpoB,rpoB_L449M,9.0,0.0,2) Assoc w R - Interim,L449M
RIF,rpoB,rpoB_Q429L,9.0,0.0,2) Assoc w R - Interim,Q429L
RIF,rpoB,rpoB_S450Q,8.0,0.0,2) Assoc w R - Interim,S450Q
RIF,rpoB,rpoB_K446Q,7.0,0.0,2) Assoc w R - Interim,K446Q
RIF,rpoB,rpoB_H445G,7.0,3.0,2) Assoc w R - Interim,H445G
RIF,rpoB,rpoB_A451V,7.0,4.0,2) Assoc w R - Interim,A451V
RIF,rpoB,rpoB_R448Q,6.0,0.0,2) Assoc w R - Interim,R448Q
RIF,rpoB,rpoB_S431G,6.0,0.0,2) Assoc w R - Interim,S431G
RIF,rpoB,rpoB_Q429H,6.0,1.0,2) Assoc w R - Interim,Q429H
RIF,rpoB,rpoB_D435A,6.0,2.0,2) Assoc w R - Interim,D435A
RIF,rpoB,rpoB_D435E,5.0,0.0,2) Assoc w R - Interim,D435E
RIF,rpoB,rpoB_H445P,5.0,0.0,2) Assoc w R - Interim,H445P
RIF,rpoB,rpoB_S428R,5.0,0.0,2) Assoc w R - Interim,S428R
RIF,rpoB,rpoB_S450M,5.0,0.0,2) Assoc w R - Interim,S450M
RIF,rpoB,rpoB_T427I,4.0,0.0,2) Assoc w R - Interim,T427I
RIF,rpoB,rpoB_M434V,4.0,3.0,2) Assoc w R - Interim,M434V
RIF,rpoB,rpoB_D435H,3.0,0.0,2) Assoc w R - Interim,D435H
RIF,rpoB,rpoB_H445T,3.0,0.0,2) Assoc w R - Interim,H445T
RIF,rpoB,rpoB_N437H,3.0,0.0,2) Assoc w R - Interim,N437H
RIF,rpoB,rpoB_Q432H,3.0,0.0,2) Assoc w R - Interim,Q432H
RIF,rpoB,rpoB_S428T,3.0,0.0,2) Assoc w R - Interim,S428T
RIF,rpoB,rpoB_S431R,3.0,0.0,2) Assoc w R - Interim,S431R
RIF,rpoB,rpoB_A451G,2.0,0.0,2) Assoc w R - Interim,A451G
RIF,rpoB,rpoB_D435L,2.0,0.0,2) Assoc w R - Interim,D435L
RIF,rpoB,rpoB_K446R,2.0,0.0,2) Assoc w R - Interim,K446R
RIF,rpoB,rpoB_R448K,2.0,0.0,2) Assoc w R - Interim,R448K
RIF,rpoB,rpoB_S441M,2.0,0.0,2) Assoc w R - Interim,S441M
RIF,rpoB,rpoB_S441V,2.0,0.0,2) Assoc w R - Interim,S441V
RIF,rpoB,rpoB_S450Y,2.0,0.0,2) Assoc w R - Interim,S450Y
RIF,rpoB,rpoB_T444I,2.0,0.0,2) Assoc w R - Interim,T444I
RIF,rpoB,rpoB_L443F,2.0,1.0,2) Assoc w R - Interim,L443F
RIF,rpoB,rpoB_N437S,2.0,1.0,2) Assoc w R - Interim,N437S
RIF,rpoB,rpoB_S450V,2.0,1.0,2) Assoc w R - Interim,S450V
RIF,rpoB,rpoB_T427A,2.0,1.0,2) Assoc w R - Interim,T427A
RIF,rpoB,rpoB_G442E,1.0,0.0,2) Assoc w R - Interim,G442E
RIF,rpoB,rpoB_H445F,1.0,0.0,2) Assoc w R - Interim,H445F
RIF,rpoB,rpoB_K446E,1.0,0.0,2) Assoc w R - Interim,K446E
RIF,rpoB,rpoB_K446T,1.0,0.0,2) Assoc w R - Interim,K446T
RIF,rpoB,rpoB_L452V,1.0,0.0,2) Assoc w R - Interim,L452V
RIF,rpoB,rpoB_N437I,1.0,0.0,2) Assoc w R - Interim,N437I
RIF,rpoB,rpoB_P439S,1.0,0.0,2) Assoc w R - Interim,P439S
RIF,rpoB,rpoB_Q429P,1.0,0.0,2) Assoc w R - Interim,Q429P
RIF,rpoB,rpoB_Q432E,1.0,0.0,2) Assoc w R - Interim,Q432E
RIF,rpoB,rpoB_Q432N,1.0,0.0,2) Assoc w R - Interim,Q432N
RIF,rpoB,rpoB_Q436P,1.0,0.0,2) Assoc w R - Interim,Q436P
RIF,rpoB,rpoB_S428G,1.0,0.0,2) Assoc w R - Interim,S428G
RIF,rpoB,rpoB_S428I,1.0,0.0,2) Assoc w R - Interim,S428I
RIF,rpoB,rpoB_S431T,1.0,0.0,2) Assoc w R - Interim,S431T
RIF,rpoB,rpoB_S441A,1.0,0.0,2) Assoc w R - Interim,S441A
RIF,rpoB,rpoB_S450A,1.0,0.0,2) Assoc w R - Interim,S450A
RIF,rpoB,rpoB_S450G,1.0,0.0,2) Assoc w R - Interim,S450G
RIF,rpoB,rpoB_T427S,1.0,0.0,2) Assoc w R - Interim,T427S
RIF,rpoB,rpoB_T444S,1.0,0.0,2) Assoc w R - Interim,T444S
RIF,rpoB,rpoB_S450C,1.0,1.0,2) Assoc w R - Interim,S450C
RIF,rpoB,rpoB_G426S,0.0,1.0,2) Assoc w R - Interim,G426S
RIF,rpoB,rpoB_L452M,0.0,1.0,2) Assoc w R - Interim,L452M
RIF,rpoB,rpoB_L452Q,0.0,1.0,2) Assoc w R - Interim,L452Q
RIF,rpoB,rpoB_M434L,0.0,1.0,2) Assoc w R - Interim,M434L
RIF,rpoB,rpoB_N437Y,0.0,1.0,2) Assoc w R - Interim,N437Y
RIF,rpoB,rpoB_P439L,0.0,1.0,2) Assoc w R - Interim,P439L
RIF,rpoB,rpoB_Q436N,0.0,1.0,2) Assoc w R - Interim,Q436N
RIF,rpoB,rpoB_T427G,0.0,1.0,2) Assoc w R - Interim,T427G
RIF,rpoB,rpoB_T427N,0.0,1.0,2) Assoc w R - Interim,T427N
RIF,rpoB,rpoB_E761D,211.0,0.0,3) Uncertain significance,E761D
RIF,rpoB,rpoB_R827C,68.0,1.0,3) Uncertain significance,R827C
RIF,rpoB,rpoB_L731P,66.0,0.0,3) Uncertain significance,L731P
RIF,rpoB,rpoB_Q975H,53.0,5.0,3) Uncertain significance,Q975H
RIF,rpoB,rpoB_A692T,53.0,11.0,3) Uncertain significance,A692T
RIF,rpoB,rpoB_I488V,43.0,0.0,3) Uncertain significance,I488V
RIF,rpoB,rpoB_I480V,43.0,2.0,3) Uncertain significance,I480V
RIF,rpoB,rpoB_A286V,41.0,0.0,3) Uncertain significance,A286V
RIF,rpoB,rpoB_P45S,38.0,0.0,3) Uncertain significance,P45S
RIF,rpoB,rpoB_Q409R,38.0,0.0,3) Uncertain significance,Q409R
RIF,rpoB,rpoB_R552L,33.0,0.0,3) Uncertain significance,R552L
RIF,rpoB,rpoB_V496A,32.0,0.0,3) Uncertain significance,V496A
RIF,rpoB,rpoB_H835R,28.0,1.0,3) Uncertain significance,H835R
RIF,rpoB,rpoB_I491L,25.0,0.0,3) Uncertain significance,I491L
RIF,rpoB,rpoB_T400A,25.0,0.0,3) Uncertain significance,T400A
RIF,rpoB,rpoB_R827L,23.0,0.0,3) Uncertain significance,R827L
RIF,rpoB,rpoB_S874Y,21.0,0.0,3) Uncertain significance,S874Y
RIF,rpoB,rpoB_P45L,18.0,0.0,3) Uncertain significance,P45L
RIF,rpoB,rpoB_T399I,18.0,0.0,3) Uncertain significance,T399I
RIF,rpoB,rpoB_R552H,17.0,0.0,3) Uncertain significance,R552H
RIF,rpoB,rpoB_F424V,16.0,0.0,3) Uncertain significance,F424V
RIF,rpoB,rpoB_V496M,16.0,0.0,3) Uncertain significance,V496M
RIF,rpoB,rpoB_E550G,15.0,0.0,3) Uncertain significance,E550G
RIF,rpoB,rpoB_I1106T,15.0,0.0,3) Uncertain significance,I1106T
RIF,rpoB,rpoB_K891E,15.0,0.0,3) Uncertain significance,K891E
RIF,rpoB,rpoB_V534M,15.0,1.0,3) Uncertain significance,V534M
RIF,rpoB,rpoB_F971L,14.0,0.0,3) Uncertain significance,F971L
RIF,rpoB,rpoB_H723D,14.0,0.0,3) Uncertain significance,H723D
RIF,rpoB,rpoB_V168A,14.0,0.0,3) Uncertain significance,V168A
RIF,rpoB,rpoB_I491M,14.0,3.0,3) Uncertain significance,I491M
RIF,rpoB,rpoB_F503S,13.0,0.0,3) Uncertain significance,F503S
RIF,rpoB,rpoB_L554P,11.0,0.0,3) Uncertain significance,L554P
RIF,rpoB,rpoB_I873F,10.0,0.0,3) Uncertain significance,I873F
RIF,rpoB,rpoB_L42V,10.0,0.0,3) Uncertain significance,L42V
RIF,rpoB,rpoB_R827H,10.0,0.0,3) Uncertain significance,R827H
RIF,rpoB,rpoB_Y564H,9.0,0.0,3) Uncertain significance,Y564H
RIF,rpoB,rpoB_E481A,8.0,0.0,3) Uncertain significance,E481A
RIF,rpoB,rpoB_I491V,8.0,0.0,3) Uncertain significance,I491V
RIF,rpoB,rpoB_R552C,8.0,0.0,3) Uncertain significance,R552C
RIF,rpoB,rpoB_V496L,8.0,0.0,3) Uncertain significance,V496L
RIF,rpoB,rpoB_V170A,8.0,1.0,3) Uncertain significance,V170A
RIF,rpoB,rpoB_D574E,7.0,0.0,3) Uncertain significance,D574E
RIF,rpoB,rpoB_E207K,7.0,0.0,3) Uncertain significance,E207K
RIF,rpoB,rpoB_I588V,7.0,0.0,3) Uncertain significance,I588V
RIF,rpoB,rpoB_P45R,7.0,0.0,3) Uncertain significance,P45R
RIF,rpoB,rpoB_Q172R,7.0,0.0,3) Uncertain significance,Q172R
RIF,rpoB,rpoB_T400S,7.0,0.0,3) Uncertain significance,T400S
RIF,rpoB,rpoB_A584D,6.0,0.0,3) Uncertain significance,A584D
RIF,rpoB,rpoB_A753V,6.0,0.0,3) Uncertain significance,A753V
RIF,rpoB,rpoB_D571A,6.0,0.0,3) Uncertain significance,D571A
RIF,rpoB,rpoB_F424L,6.0,0.0,3) Uncertain significance,F424L
RIF,rpoB,rpoB_I491T,6.0,0.0,3) Uncertain significance,I491T
RIF,rpoB,rpoB_M920V,6.0,0.0,3) Uncertain significance,M920V
RIF,rpoB,rpoB_P45T,6.0,0.0,3) Uncertain significance,P45T
RIF,rpoB,rpoB_R219C,6.0,0.0,3) Uncertain significance,R219C
RIF,rpoB,rpoB_V359A,6.0,9.0,3) Uncertain significance,V359A
RIF,rpoB,rpoB_E592D,5.0,0.0,3) Uncertain significance,E592D
RIF,rpoB,rpoB_H1028Y,5.0,0.0,3) Uncertain significance,H1028Y
RIF,rpoB,rpoB_L862R,5.0,0.0,3) Uncertain significance,L862R
RIF,rpoB,rpoB_T159P,5.0,0.0,3) Uncertain significance,T159P
RIF,rpoB,rpoB_T52P,5.0,0.0,3) Uncertain significance,T52P
RIF,rpoB,rpoB_V534A,5.0,0.0,3) Uncertain significance,V534A
RIF,rpoB,rpoB_V562A,5.0,0.0,3) Uncertain significance,V562A
RIF,rpoB,rpoB_Y308C,5.0,0.0,3) Uncertain significance,Y308C
RIF,rpoB,rpoB_R167C,5.0,1.0,3) Uncertain significance,R167C
RIF,rpoB,rpoB_S493L,5.0,1.0,3) Uncertain significance,S493L
RIF,rpoB,rpoB_E460G,5.0,2.0,3) Uncertain significance,E460G
RIF,rpoB,rpoB_V113I,5.0,42.0,3) Uncertain significance,V113I
RIF,rpoB,rpoB_A596G,4.0,0.0,3) Uncertain significance,A596G
RIF,rpoB,rpoB_G973D,4.0,0.0,3) Uncertain significance,G973D
RIF,rpoB,rpoB_K832E,4.0,0.0,3) Uncertain significance,K832E
RIF,rpoB,rpoB_L378R,4.0,0.0,3) Uncertain significance,L378R
RIF,rpoB,rpoB_P577A,4.0,0.0,3) Uncertain significance,P577A
RIF,rpoB,rpoB_S254P,4.0,0.0,3) Uncertain significance,S254P
RIF,rpoB,rpoB_T400N,4.0,0.0,3) Uncertain significance,T400N
RIF,rpoB,rpoB_V534L,4.0,0.0,3) Uncertain significance,V534L
RIF,rpoB,rpoB_V736L,4.0,0.0,3) Uncertain significance,V736L
RIF,rpoB,rpoB_D265G,4.0,1.0,3) Uncertain significance,D265G
RIF,rpoB,rpoB_K37R,4.0,1.0,3) Uncertain significance,K37R
RIF,rpoB,rpoB_P358L,4.0,16.0,3) Uncertain significance,P358L
RIF,rpoB,rpoB_D520A,3.0,0.0,3) Uncertain significance,D520A
RIF,rpoB,rpoB_G456S,3.0,0.0,3) Uncertain significance,G456S
RIF,rpoB,rpoB_G46V,3.0,0.0,3) Uncertain significance,G46V
RIF,rpoB,rpoB_I480T,3.0,0.0,3) Uncertain significance,I480T
RIF,rpoB,rpoB_I491Y,3.0,0.0,3) Uncertain significance,I491Y
RIF,rpoB,rpoB_K799Q,3.0,0.0,3) Uncertain significance,K799Q
RIF,rpoB,rpoB_L293S,3.0,0.0,3) Uncertain significance,L293S
RIF,rpoB,rpoB_Q1056R,3.0,0.0,3) Uncertain significance,Q1056R
RIF,rpoB,rpoB_R273C,3.0,0.0,3) Uncertain significance,R273C
RIF,rpoB,rpoB_S582A,3.0,0.0,3) Uncertain significance,S582A
RIF,rpoB,rpoB_T756A,3.0,0.0,3) Uncertain significance,T756A
RIF,rpoB,rpoB_V562M,3.0,0.0,3) Uncertain significance,V562M
RIF,rpoB,rpoB_V581M,3.0,0.0,3) Uncertain significance,V581M
RIF,rpoB,rpoB_Y308D,3.0,0.0,3) Uncertain significance,Y308D
RIF,rpoB,rpoB_D92G,3.0,1.0,3) Uncertain significance,D92G
RIF,rpoB,rpoB_N487S,3.0,1.0,3) Uncertain significance,N487S
RIF,rpoB,rpoB_P45A,3.0,1.0,3) Uncertain significance,P45A
RIF,rpoB,rpoB_S672F,3.0,1.0,3) Uncertain significance,S672F
RIF,rpoB,rpoB_H674R,3.0,2.0,3) Uncertain significance,H674R
RIF,rpoB,rpoB_D634G,3.0,4.0,3) Uncertain significance,D634G
RIF,rpoB,rpoB_A538V,2.0,0.0,3) Uncertain significance,A538V
RIF,rpoB,rpoB_A584G,2.0,0.0,3) Uncertain significance,A584G
RIF,rpoB,rpoB_D595E,2.0,0.0,3) Uncertain significance,D595E
RIF,rpoB,rpoB_E156G,2.0,0.0,3) Uncertain significance,E156G
RIF,rpoB,rpoB_E807G,2.0,0.0,3) Uncertain significance,E807G
RIF,rpoB,rpoB_F151L,2.0,0.0,3) Uncertain significance,F151L
RIF,rpoB,rpoB_G453A,2.0,0.0,3) Uncertain significance,G453A
RIF,rpoB,rpoB_G79S,2.0,0.0,3) Uncertain significance,G79S
RIF,rpoB,rpoB_G836S,2.0,0.0,3) Uncertain significance,G836S
RIF,rpoB,rpoB_I488L,2.0,0.0,3) Uncertain significance,I488L
RIF,rpoB,rpoB_I90L,2.0,0.0,3) Uncertain significance,I90L
RIF,rpoB,rpoB_K1102T,2.0,0.0,3) Uncertain significance,K1102T
RIF,rpoB,rpoB_L173P,2.0,0.0,3) Uncertain significance,L173P
RIF,rpoB,rpoB_L490V,2.0,0.0,3) Uncertain significance,L490V
RIF,rpoB,rpoB_L525P,2.0,0.0,3) Uncertain significance,L525P
RIF,rpoB,rpoB_L554V,2.0,0.0,3) Uncertain significance,L554V
RIF,rpoB,rpoB_L778V,2.0,0.0,3) Uncertain significance,L778V
RIF,rpoB,rpoB_M587T,2.0,0.0,3) Uncertain significance,M587T
RIF,rpoB,rpoB_N24K,2.0,0.0,3) Uncertain significance,N24K
RIF,rpoB,rpoB_N487H,2.0,0.0,3) Uncertain significance,N487H
RIF,rpoB,rpoB_N539K,2.0,0.0,3) Uncertain significance,N539K
RIF,rpoB,rpoB_N673S,2.0,0.0,3) Uncertain significance,N673S
RIF,rpoB,rpoB_P483S,2.0,0.0,3) Uncertain significance,P483S
RIF,rpoB,rpoB_P768L,2.0,0.0,3) Uncertain significance,P768L
RIF,rpoB,rpoB_Q401R,2.0,0.0,3) Uncertain significance,Q401R
RIF,rpoB,rpoB_R1008C,2.0,0.0,3) Uncertain significance,R1008C
RIF,rpoB,rpoB_R219L,2.0,0.0,3) Uncertain significance,R219L
RIF,rpoB,rpoB_R225G,2.0,0.0,3) Uncertain significance,R225G
RIF,rpoB,rpoB_S540P,2.0,0.0,3) Uncertain significance,S540P
RIF,rpoB,rpoB_T399A,2.0,0.0,3) Uncertain significance,T399A
RIF,rpoB,rpoB_T399P,2.0,0.0,3) Uncertain significance,T399P
RIF,rpoB,rpoB_V168M,2.0,0.0,3) Uncertain significance,V168M
RIF,rpoB,rpoB_V262A,2.0,0.0,3) Uncertain significance,V262A
RIF,rpoB,rpoB_V305I,2.0,0.0,3) Uncertain significance,V305I
RIF,rpoB,rpoB_V50G,2.0,0.0,3) Uncertain significance,V50G
RIF,rpoB,rpoB_V800A,2.0,0.0,3) Uncertain significance,V800A
RIF,rpoB,rpoB_V970A,2.0,0.0,3) Uncertain significance,V970A
RIF,rpoB,rpoB_V970M,2.0,0.0,3) Uncertain significance,V970M
RIF,rpoB,rpoB_G217S,2.0,1.0,3) Uncertain significance,G217S
RIF,rpoB,rpoB_N1155S,2.0,1.0,3) Uncertain significance,N1155S
RIF,rpoB,rpoB_P483L,2.0,1.0,3) Uncertain significance,P483L
RIF,rpoB,rpoB_R167H,2.0,1.0,3) Uncertain significance,R167H
RIF,rpoB,rpoB_A960E,2.0,2.0,3) Uncertain significance,A960E
RIF,rpoB,rpoB_P454H,2.0,2.0,3) Uncertain significance,P454H
RIF,rpoB,rpoB_P30A,2.0,4.0,3) Uncertain significance,P30A
RIF,rpoB,rpoB_H749Y,2.0,9.0,3) Uncertain significance,H749Y
RIF,rpoB,rpoB_M390T,2.0,13.0,3) Uncertain significance,M390T
RIF,rpoB,rpoB_A1055P,1.0,0.0,3) Uncertain significance,A1055P
RIF,rpoB,rpoB_A1153V,1.0,0.0,3) Uncertain significance,A1153V
RIF,rpoB,rpoB_A2T,1.0,0.0,3) Uncertain significance,A2T
RIF,rpoB,rpoB_A498V,1.0,0.0,3) Uncertain significance,A498V
RIF,rpoB,rpoB_A538P,1.0,0.0,3) Uncertain significance,A538P
RIF,rpoB,rpoB_A559V,1.0,0.0,3) Uncertain significance,A559V
RIF,rpoB,rpoB_A599T,1.0,0.0,3) Uncertain significance,A599T
RIF,rpoB,rpoB_A599V,1.0,0.0,3) Uncertain significance,A599V
RIF,rpoB,rpoB_A628P,1.0,0.0,3) Uncertain significance,A628P
RIF,rpoB,rpoB_A638G,1.0,0.0,3) Uncertain significance,A638G
RIF,rpoB,rpoB_A708S,1.0,0.0,3) Uncertain significance,A708S
RIF,rpoB,rpoB_A934T,1.0,0.0,3) Uncertain significance,A934T
RIF,rpoB,rpoB_A951T,1.0,0.0,3) Uncertain significance,A951T
RIF,rpoB,rpoB_A974T,1.0,0.0,3) Uncertain significance,A974T
RIF,rpoB,rpoB_C681R,1.0,0.0,3) Uncertain significance,C681R
RIF,rpoB,rpoB_C701W,1.0,0.0,3) Uncertain significance,C701W
RIF,rpoB,rpoB_D186A,1.0,0.0,3) Uncertain significance,D186A
RIF,rpoB,rpoB_D190A,1.0,0.0,3) Uncertain significance,D190A
RIF,rpoB,rpoB_D301N,1.0,0.0,3) Uncertain significance,D301N
RIF,rpoB,rpoB_D363N,1.0,0.0,3) Uncertain significance,D363N
RIF,rpoB,rpoB_D531E,1.0,0.0,3) Uncertain significance,D531E
RIF,rpoB,rpoB_D531Y,1.0,0.0,3) Uncertain significance,D531Y
RIF,rpoB,rpoB_D571Y,1.0,0.0,3) Uncertain significance,D571Y
RIF,rpoB,rpoB_D631G,1.0,0.0,3) Uncertain significance,D631G
RIF,rpoB,rpoB_E1140Q,1.0,0.0,3) Uncertain significance,E1140Q
RIF,rpoB,rpoB_E166G,1.0,0.0,3) Uncertain significance,E166G
RIF,rpoB,rpoB_E166K,1.0,0.0,3) Uncertain significance,E166K
RIF,rpoB,rpoB_E284G,1.0,0.0,3) Uncertain significance,E284G
RIF,rpoB,rpoB_E291K,1.0,0.0,3) Uncertain significance,E291K
RIF,rpoB,rpoB_E330D,1.0,0.0,3) Uncertain significance,E330D
RIF,rpoB,rpoB_E377V,1.0,0.0,3) Uncertain significance,E377V
RIF,rpoB,rpoB_E423A,1.0,0.0,3) Uncertain significance,E423A
RIF,rpoB,rpoB_E423G,1.0,0.0,3) Uncertain significance,E423G
RIF,rpoB,rpoB_E550K,1.0,0.0,3) Uncertain significance,E550K
RIF,rpoB,rpoB_E563A,1.0,0.0,3) Uncertain significance,E563A
RIF,rpoB,rpoB_E750Q,1.0,0.0,3) Uncertain significance,E750Q
RIF,rpoB,rpoB_E807Q,1.0,0.0,3) Uncertain significance,E807Q
RIF,rpoB,rpoB_E821V,1.0,0.0,3) Uncertain significance,E821V
RIF,rpoB,rpoB_E82G,1.0,0.0,3) Uncertain significance,E82G
RIF,rpoB,rpoB_E896K,1.0,0.0,3) Uncertain significance,E896K
RIF,rpoB,rpoB_F424C,1.0,0.0,3) Uncertain significance,F424C
RIF,rpoB,rpoB_F503V,1.0,0.0,3) Uncertain significance,F503V
RIF,rpoB,rpoB_G158S,1.0,0.0,3) Uncertain significance,G158S
RIF,rpoB,rpoB_G203R,1.0,0.0,3) Uncertain significance,G203R
RIF,rpoB,rpoB_G453R,1.0,0.0,3) Uncertain significance,G453R
RIF,rpoB,rpoB_G602A,1.0,0.0,3) Uncertain significance,G602A
RIF,rpoB,rpoB_G699S,1.0,0.0,3) Uncertain significance,G699S
RIF,rpoB,rpoB_G890C,1.0,0.0,3) Uncertain significance,G890C
RIF,rpoB,rpoB_G915S,1.0,0.0,3) Uncertain significance,G915S
RIF,rpoB,rpoB_G981D,1.0,0.0,3) Uncertain significance,G981D
RIF,rpoB,rpoB_G992R,1.0,0.0,3) Uncertain significance,G992R
RIF,rpoB,rpoB_H1028D,1.0,0.0,3) Uncertain significance,H1028D
RIF,rpoB,rpoB_H533N,1.0,0.0,3) Uncertain significance,H533N
RIF,rpoB,rpoB_H674N,1.0,0.0,3) Uncertain significance,H674N
RIF,rpoB,rpoB_H835D,1.0,0.0,3) Uncertain significance,H835D
RIF,rpoB,rpoB_H835P,1.0,0.0,3) Uncertain significance,H835P
RIF,rpoB,rpoB_I1035T,1.0,0.0,3) Uncertain significance,I1035T
RIF,rpoB,rpoB_I1035V,1.0,0.0,3) Uncertain significance,I1035V
RIF,rpoB,rpoB_I1046V,1.0,0.0,3) Uncertain significance,I1046V
RIF,rpoB,rpoB_I1111V,1.0,0.0,3) Uncertain significance,I1111V
RIF,rpoB,rpoB_I199T,1.0,0.0,3) Uncertain significance,I199T
RIF,rpoB,rpoB_I488M,1.0,0.0,3) Uncertain significance,I488M
RIF,rpoB,rpoB_I491S,1.0,0.0,3) Uncertain significance,I491S
RIF,rpoB,rpoB_I542K,1.0,0.0,3) Uncertain significance,I542K
RIF,rpoB,rpoB_I909V,1.0,0.0,3) Uncertain significance,I909V
RIF,rpoB,rpoB_K1054R,1.0,0.0,3) Uncertain significance,K1054R
RIF,rpoB,rpoB_K1095R,1.0,0.0,3) Uncertain significance,K1095R
RIF,rpoB,rpoB_K110R,1.0,0.0,3) Uncertain significance,K110R
RIF,rpoB,rpoB_K274E,1.0,0.0,3) Uncertain significance,K274E
RIF,rpoB,rpoB_K274N,1.0,0.0,3) Uncertain significance,K274N
RIF,rpoB,rpoB_K832Q,1.0,0.0,3) Uncertain significance,K832Q
RIF,rpoB,rpoB_K891T,1.0,0.0,3) Uncertain significance,K891T
RIF,rpoB,rpoB_L232R,1.0,0.0,3) Uncertain significance,L232R
RIF,rpoB,rpoB_L42F,1.0,0.0,3) Uncertain significance,L42F
RIF,rpoB,rpoB_L775P,1.0,0.0,3) Uncertain significance,L775P
RIF,rpoB,rpoB_M707T,1.0,0.0,3) Uncertain significance,M707T
RIF,rpoB,rpoB_N135D,1.0,0.0,3) Uncertain significance,N135D
RIF,rpoB,rpoB_N501K,1.0,0.0,3) Uncertain significance,N501K
RIF,rpoB,rpoB_N604S,1.0,0.0,3) Uncertain significance,N604S
RIF,rpoB,rpoB_N75T,1.0,0.0,3) Uncertain significance,N75T
RIF,rpoB,rpoB_P280L,1.0,0.0,3) Uncertain significance,P280L
RIF,rpoB,rpoB_P280S,1.0,0.0,3) Uncertain significance,P280S
RIF,rpoB,rpoB_P454R,1.0,0.0,3) Uncertain significance,P454R
RIF,rpoB,rpoB_P45Q,1.0,0.0,3) Uncertain significance,P45Q
RIF,rpoB,rpoB_P700R,1.0,0.0,3) Uncertain significance,P700R
RIF,rpoB,rpoB_P834T,1.0,0.0,3) Uncertain significance,P834T
RIF,rpoB,rpoB_P856L,1.0,0.0,3) Uncertain significance,P856L
RIF,rpoB,rpoB_Q1080R,1.0,0.0,3) Uncertain significance,Q1080R
RIF,rpoB,rpoB_Q172K,1.0,0.0,3) Uncertain significance,Q172K
RIF,rpoB,rpoB_Q19R,1.0,0.0,3) Uncertain significance,Q19R
RIF,rpoB,rpoB_Q226E,1.0,0.0,3) Uncertain significance,Q226E
RIF,rpoB,rpoB_Q51P,1.0,0.0,3) Uncertain significance,Q51P
RIF,rpoB,rpoB_Q980K,1.0,0.0,3) Uncertain significance,Q980K
RIF,rpoB,rpoB_Q980R,1.0,0.0,3) Uncertain significance,Q980R
RIF,rpoB,rpoB_R219S,1.0,0.0,3) Uncertain significance,R219S
RIF,rpoB,rpoB_R224C,1.0,0.0,3) Uncertain significance,R224C
RIF,rpoB,rpoB_R578G,1.0,0.0,3) Uncertain significance,R578G
RIF,rpoB,rpoB_R578H,1.0,0.0,3) Uncertain significance,R578H
RIF,rpoB,rpoB_R607S,1.0,0.0,3) Uncertain significance,R607S
RIF,rpoB,rpoB_R665W,1.0,0.0,3) Uncertain significance,R665W
RIF,rpoB,rpoB_R824C,1.0,0.0,3) Uncertain significance,R824C
RIF,rpoB,rpoB_R824L,1.0,0.0,3) Uncertain significance,R824L
RIF,rpoB,rpoB_R827S,1.0,0.0,3) Uncertain significance,R827S
RIF,rpoB,rpoB_R845Q,1.0,0.0,3) Uncertain significance,R845Q
RIF,rpoB,rpoB_R845W,1.0,0.0,3) Uncertain significance,R845W
RIF,rpoB,rpoB_R871H,1.0,0.0,3) Uncertain significance,R871H
RIF,rpoB,rpoB_R871L,1.0,0.0,3) Uncertain significance,R871L
RIF,rpoB,rpoB_S567P,1.0,0.0,3) Uncertain significance,S567P
RIF,rpoB,rpoB_S582T,1.0,0.0,3) Uncertain significance,S582T
RIF,rpoB,rpoB_S874F,1.0,0.0,3) Uncertain significance,S874F
RIF,rpoB,rpoB_S88P,1.0,0.0,3) Uncertain significance,S88P
RIF,rpoB,rpoB_T399N,1.0,0.0,3) Uncertain significance,T399N
RIF,rpoB,rpoB_T482I,1.0,0.0,3) Uncertain significance,T482I
RIF,rpoB,rpoB_T508P,1.0,0.0,3) Uncertain significance,T508P
RIF,rpoB,rpoB_T585A,1.0,0.0,3) Uncertain significance,T585A
RIF,rpoB,rpoB_T676A,1.0,0.0,3) Uncertain significance,T676A
RIF,rpoB,rpoB_T742A,1.0,0.0,3) Uncertain significance,T742A
RIF,rpoB,rpoB_T928N,1.0,0.0,3) Uncertain significance,T928N
RIF,rpoB,rpoB_V168G,1.0,0.0,3) Uncertain significance,V168G
RIF,rpoB,rpoB_V170G,1.0,0.0,3) Uncertain significance,V170G
RIF,rpoB,rpoB_V228I,1.0,0.0,3) Uncertain significance,V228I
RIF,rpoB,rpoB_V355I,1.0,0.0,3) Uncertain significance,V355I
RIF,rpoB,rpoB_V394L,1.0,0.0,3) Uncertain significance,V394L
RIF,rpoB,rpoB_V44G,1.0,0.0,3) Uncertain significance,V44G
RIF,rpoB,rpoB_V496G,1.0,0.0,3) Uncertain significance,V496G
RIF,rpoB,rpoB_V523L,1.0,0.0,3) Uncertain significance,V523L
RIF,rpoB,rpoB_V534G,1.0,0.0,3) Uncertain significance,V534G
RIF,rpoB,rpoB_V549G,1.0,0.0,3) Uncertain significance,V549G
RIF,rpoB,rpoB_V797L,1.0,0.0,3) Uncertain significance,V797L
RIF,rpoB,rpoB_V833M,1.0,0.0,3) Uncertain significance,V833M
RIF,rpoB,rpoB_V867M,1.0,0.0,3) Uncertain significance,V867M
RIF,rpoB,rpoB_V996A,1.0,0.0,3) Uncertain significance,V996A
RIF,rpoB,rpoB_V996G,1.0,0.0,3) Uncertain significance,V996G
RIF,rpoB,rpoB_Y1015C,1.0,0.0,3) Uncertain significance,Y1015C
RIF,rpoB,rpoB_Y474H,1.0,0.0,3) Uncertain significance,Y474H
RIF,rpoB,rpoB_Y510H,1.0,0.0,3) Uncertain significance,Y510H
RIF,rpoB,rpoB_A753T,1.0,1.0,3) Uncertain significance,A753T
RIF,rpoB,rpoB_H1028R,1.0,1.0,3) Uncertain significance,H1028R
RIF,rpoB,rpoB_H674Q,1.0,1.0,3) Uncertain significance,H674Q
RIF,rpoB,rpoB_P454S,1.0,1.0,3) Uncertain significance,P454S
RIF,rpoB,rpoB_P700L,1.0,1.0,3) Uncertain significance,P700L
RIF,rpoB,rpoB_S195R,1.0,1.0,3) Uncertain significance,S195R
RIF,rpoB,rpoB_T676P,1.0,1.0,3) Uncertain significance,T676P
RIF,rpoB,rpoB_T9I,1.0,1.0,3) Uncertain significance,T9I
RIF,rpoB,rpoB_M121I,1.0,4.0,3) Uncertain significance,M121I
RIF,rpoB,rpoB_G945E,1.0,8.0,3) Uncertain significance,G945E
RIF,rpoB,rpoB_D545E,1.0,10.0,3) Uncertain significance,D545E
RIF,rpoB,rpoB_H194Y,1.0,12.0,3) Uncertain significance,H194Y
RIF,rpoB,rpoB_H343Q,1.0,23.0,3) Uncertain significance,H343Q
RIF,rpoB,rpoB_R791C,1.0,24.0,3) Uncertain significance,R791C
RIF,rpoB,rpoB_A29T,0.0,1.0,3) Uncertain significance,A29T
RIF,rpoB,rpoB_A29V,0.0,1.0,3) Uncertain significance,A29V
RIF,rpoB,rpoB_A334D,0.0,1.0,3) Uncertain significance,A334D
RIF,rpoB,rpoB_A498G,0.0,1.0,3) Uncertain significance,A498G
RIF,rpoB,rpoB_A527V,0.0,1.0,3) Uncertain significance,A527V
RIF,rpoB,rpoB_A544V,0.0,1.0,3) Uncertain significance,A544V
RIF,rpoB,rpoB_A628G,0.0,1.0,3) Uncertain significance,A628G
RIF,rpoB,rpoB_A632G,0.0,1.0,3) Uncertain significance,A632G
RIF,rpoB,rpoB_A632S,0.0,1.0,3) Uncertain significance,A632S
RIF,rpoB,rpoB_A68V,0.0,1.0,3) Uncertain significance,A68V
RIF,rpoB,rpoB_A776V,0.0,1.0,3) Uncertain significance,A776V
RIF,rpoB,rpoB_A868V,0.0,1.0,3) Uncertain significance,A868V
RIF,rpoB,rpoB_A902P,0.0,1.0,3) Uncertain significance,A902P
RIF,rpoB,rpoB_A934V,0.0,1.0,3) Uncertain significance,A934V
RIF,rpoB,rpoB_A942T,0.0,1.0,3) Uncertain significance,A942T
RIF,rpoB,rpoB_A950V,0.0,1.0,3) Uncertain significance,A950V
RIF,rpoB,rpoB_A974G,0.0,1.0,3) Uncertain significance,A974G
RIF,rpoB,rpoB_A977V,0.0,1.0,3) Uncertain significance,A977V
RIF,rpoB,rpoB_C1067G,0.0,1.0,3) Uncertain significance,C1067G
RIF,rpoB,rpoB_C116F,0.0,1.0,3) Uncertain significance,C116F
RIF,rpoB,rpoB_D1006G,0.0,1.0,3) Uncertain significance,D1006G
RIF,rpoB,rpoB_D108E,0.0,1.0,3) Uncertain significance,D108E
RIF,rpoB,rpoB_D1146G,0.0,1.0,3) Uncertain significance,D1146G
RIF,rpoB,rpoB_D1148E,0.0,1.0,3) Uncertain significance,D1148E
RIF,rpoB,rpoB_D120G,0.0,1.0,3) Uncertain significance,D120G
RIF,rpoB,rpoB_D211V,0.0,1.0,3) Uncertain significance,D211V
RIF,rpoB,rpoB_D362H,0.0,1.0,3) Uncertain significance,D362H
RIF,rpoB,rpoB_D49H,0.0,1.0,3) Uncertain significance,D49H
RIF,rpoB,rpoB_D520V,0.0,1.0,3) Uncertain significance,D520V
RIF,rpoB,rpoB_D543G,0.0,1.0,3) Uncertain significance,D543G
RIF,rpoB,rpoB_D545A,0.0,1.0,3) Uncertain significance,D545A
RIF,rpoB,rpoB_D594A,0.0,1.0,3) Uncertain significance,D594A
RIF,rpoB,rpoB_D703E,0.0,1.0,3) Uncertain significance,D703E
RIF,rpoB,rpoB_D777H,0.0,1.0,3) Uncertain significance,D777H
RIF,rpoB,rpoB_D851G,0.0,1.0,3) Uncertain significance,D851G
RIF,rpoB,rpoB_D903N,0.0,1.0,3) Uncertain significance,D903N
RIF,rpoB,rpoB_D993G,0.0,1.0,3) Uncertain significance,D993G
RIF,rpoB,rpoB_D997E,0.0,1.0,3) Uncertain significance,D997E
RIF,rpoB,rpoB_E1011A,0.0,1.0,3) Uncertain significance,E1011A
RIF,rpoB,rpoB_E1130V,0.0,1.0,3) Uncertain significance,E1130V
RIF,rpoB,rpoB_E1169A,0.0,1.0,3) Uncertain significance,E1169A
RIF,rpoB,rpoB_E240G,0.0,1.0,3) Uncertain significance,E240G
RIF,rpoB,rpoB_E320G,0.0,1.0,3) Uncertain significance,E320G
RIF,rpoB,rpoB_E337K,0.0,1.0,3) Uncertain significance,E337K
RIF,rpoB,rpoB_E639A,0.0,1.0,3) Uncertain significance,E639A
RIF,rpoB,rpoB_E639Q,0.0,1.0,3) Uncertain significance,E639Q
RIF,rpoB,rpoB_E645G,0.0,1.0,3) Uncertain significance,E645G
RIF,rpoB,rpoB_E646G,0.0,1.0,3) Uncertain significance,E646G
RIF,rpoB,rpoB_E721D,0.0,1.0,3) Uncertain significance,E721D
RIF,rpoB,rpoB_E721G,0.0,1.0,3) Uncertain significance,E721G
RIF,rpoB,rpoB_E737G,0.0,1.0,3) Uncertain significance,E737G
RIF,rpoB,rpoB_E738A,0.0,1.0,3) Uncertain significance,E738A
RIF,rpoB,rpoB_E789K,0.0,1.0,3) Uncertain significance,E789K
RIF,rpoB,rpoB_E805A,0.0,1.0,3) Uncertain significance,E805A
RIF,rpoB,rpoB_E825G,0.0,1.0,3) Uncertain significance,E825G
RIF,rpoB,rpoB_F1005V,0.0,1.0,3) Uncertain significance,F1005V
RIF,rpoB,rpoB_F548L,0.0,1.0,3) Uncertain significance,F548L
RIF,rpoB,rpoB_F669L,0.0,1.0,3) Uncertain significance,F669L
RIF,rpoB,rpoB_G236D,0.0,1.0,3) Uncertain significance,G236D
RIF,rpoB,rpoB_G345S,0.0,1.0,3) Uncertain significance,G345S
RIF,rpoB,rpoB_G492S,0.0,1.0,3) Uncertain significance,G492S
RIF,rpoB,rpoB_G546S,0.0,1.0,3) Uncertain significance,G546S
RIF,rpoB,rpoB_G560A,0.0,1.0,3) Uncertain significance,G560A
RIF,rpoB,rpoB_G642S,0.0,1.0,3) Uncertain significance,G642S
RIF,rpoB,rpoB_G659D,0.0,1.0,3) Uncertain significance,G659D
RIF,rpoB,rpoB_G693V,0.0,1.0,3) Uncertain significance,G693V
RIF,rpoB,rpoB_G945R,0.0,1.0,3) Uncertain significance,G945R
RIF,rpoB,rpoB_G95R,0.0,1.0,3) Uncertain significance,G95R
RIF,rpoB,rpoB_H317Y,0.0,1.0,3) Uncertain significance,H317Y
RIF,rpoB,rpoB_H533R,0.0,1.0,3) Uncertain significance,H533R
RIF,rpoB,rpoB_H935R,0.0,1.0,3) Uncertain significance,H935R
RIF,rpoB,rpoB_I751V,0.0,1.0,3) Uncertain significance,I751V
RIF,rpoB,rpoB_K1102R,0.0,1.0,3) Uncertain significance,K1102R
RIF,rpoB,rpoB_K298R,0.0,1.0,3) Uncertain significance,K298R
RIF,rpoB,rpoB_K309E,0.0,1.0,3) Uncertain significance,K309E
RIF,rpoB,rpoB_K711R,0.0,1.0,3) Uncertain significance,K711R
RIF,rpoB,rpoB_L1004I,0.0,1.0,3) Uncertain significance,L1004I
RIF,rpoB,rpoB_L1132V,0.0,1.0,3) Uncertain significance,L1132V
RIF,rpoB,rpoB_L232V,0.0,1.0,3) Uncertain significance,L232V
RIF,rpoB,rpoB_L235R,0.0,1.0,3) Uncertain significance,L235R
RIF,rpoB,rpoB_L290F,0.0,1.0,3) Uncertain significance,L290F
RIF,rpoB,rpoB_L314V,0.0,1.0,3) Uncertain significance,L314V
RIF,rpoB,rpoB_L316V,0.0,1.0,3) Uncertain significance,L316V
RIF,rpoB,rpoB_L893R,0.0,1.0,3) Uncertain significance,L893R
RIF,rpoB,rpoB_L893V,0.0,1.0,3) Uncertain significance,L893V
RIF,rpoB,rpoB_M1070I,0.0,1.0,3) Uncertain significance,M1070I
RIF,rpoB,rpoB_M1070T,0.0,1.0,3) Uncertain significance,M1070T
RIF,rpoB,rpoB_M153V,0.0,1.0,3) Uncertain significance,M153V
RIF,rpoB,rpoB_M154I,0.0,1.0,3) Uncertain significance,M154I
RIF,rpoB,rpoB_M398V,0.0,1.0,3) Uncertain significance,M398V
RIF,rpoB,rpoB_M477R,0.0,1.0,3) Uncertain significance,M477R
RIF,rpoB,rpoB_M624T,0.0,1.0,3) Uncertain significance,M624T
RIF,rpoB,rpoB_N163K,0.0,1.0,3) Uncertain significance,N163K
RIF,rpoB,rpoB_N24D,0.0,1.0,3) Uncertain significance,N24D
RIF,rpoB,rpoB_N369D,0.0,1.0,3) Uncertain significance,N369D
RIF,rpoB,rpoB_N673T,0.0,1.0,3) Uncertain significance,N673T
RIF,rpoB,rpoB_N724S,0.0,1.0,3) Uncertain significance,N724S
RIF,rpoB,rpoB_N963D,0.0,1.0,3) Uncertain significance,N963D
RIF,rpoB,rpoB_P1014R,0.0,1.0,3) Uncertain significance,P1014R
RIF,rpoB,rpoB_P1014S,0.0,1.0,3) Uncertain significance,P1014S
RIF,rpoB,rpoB_P321S,0.0,1.0,3) Uncertain significance,P321S
RIF,rpoB,rpoB_P358S,0.0,1.0,3) Uncertain significance,P358S
RIF,rpoB,rpoB_P509S,0.0,1.0,3) Uncertain significance,P509S
RIF,rpoB,rpoB_P541L,0.0,1.0,3) Uncertain significance,P541L
RIF,rpoB,rpoB_P682T,0.0,1.0,3) Uncertain significance,P682T
RIF,rpoB,rpoB_P719S,0.0,1.0,3) Uncertain significance,P719S
RIF,rpoB,rpoB_P834L,0.0,1.0,3) Uncertain significance,P834L
RIF,rpoB,rpoB_P89S,0.0,1.0,3) Uncertain significance,P89S
RIF,rpoB,rpoB_P906L,0.0,1.0,3) Uncertain significance,P906L
RIF,rpoB,rpoB_P988A,0.0,1.0,3) Uncertain significance,P988A
RIF,rpoB,rpoB_P988S,0.0,1.0,3) Uncertain significance,P988S
RIF,rpoB,rpoB_R225Q,0.0,1.0,3) Uncertain significance,R225Q
RIF,rpoB,rpoB_R304C,0.0,1.0,3) Uncertain significance,R304C
RIF,rpoB,rpoB_R499Q,0.0,1.0,3) Uncertain significance,R499Q
RIF,rpoB,rpoB_R499W,0.0,1.0,3) Uncertain significance,R499W
RIF,rpoB,rpoB_R511L,0.0,1.0,3) Uncertain significance,R511L
RIF,rpoB,rpoB_R532C,0.0,1.0,3) Uncertain significance,R532C
RIF,rpoB,rpoB_R547S,0.0,1.0,3) Uncertain significance,R547S
RIF,rpoB,rpoB_R552S,0.0,1.0,3) Uncertain significance,R552S
RIF,rpoB,rpoB_R734H,0.0,1.0,3) Uncertain significance,R734H
RIF,rpoB,rpoB_R952K,0.0,1.0,3) Uncertain significance,R952K
RIF,rpoB,rpoB_S1009T,0.0,1.0,3) Uncertain significance,S1009T
RIF,rpoB,rpoB_S1134R,0.0,1.0,3) Uncertain significance,S1134R
RIF,rpoB,rpoB_S20I,0.0,1.0,3) Uncertain significance,S20I
RIF,rpoB,rpoB_S21F,0.0,1.0,3) Uncertain significance,S21F
RIF,rpoB,rpoB_S239R,0.0,1.0,3) Uncertain significance,S239R
RIF,rpoB,rpoB_S641R,0.0,1.0,3) Uncertain significance,S641R
RIF,rpoB,rpoB_S67F,0.0,1.0,3) Uncertain significance,S67F
RIF,rpoB,rpoB_S984L,0.0,1.0,3) Uncertain significance,S984L
RIF,rpoB,rpoB_S98A,0.0,1.0,3) Uncertain significance,S98A
RIF,rpoB,rpoB_T347I,0.0,1.0,3) Uncertain significance,T347I
RIF,rpoB,rpoB_T508A,0.0,1.0,3) Uncertain significance,T508A
RIF,rpoB,rpoB_T526S,0.0,1.0,3) Uncertain significance,T526S
RIF,rpoB,rpoB_T52S,0.0,1.0,3) Uncertain significance,T52S
RIF,rpoB,rpoB_T653A,0.0,1.0,3) Uncertain significance,T653A
RIF,rpoB,rpoB_T660I,0.0,1.0,3) Uncertain significance,T660I
RIF,rpoB,rpoB_T660N,0.0,1.0,3) Uncertain significance,T660N
RIF,rpoB,rpoB_T756I,0.0,1.0,3) Uncertain significance,T756I
RIF,rpoB,rpoB_V1117L,0.0,1.0,3) Uncertain significance,V1117L
RIF,rpoB,rpoB_V1129A,0.0,1.0,3) Uncertain significance,V1129A
RIF,rpoB,rpoB_V1168F,0.0,1.0,3) Uncertain significance,V1168F
RIF,rpoB,rpoB_V179A,0.0,1.0,3) Uncertain significance,V179A
RIF,rpoB,rpoB_V179M,0.0,1.0,3) Uncertain significance,V179M
RIF,rpoB,rpoB_V198L,0.0,1.0,3) Uncertain significance,V198L
RIF,rpoB,rpoB_V198M,0.0,1.0,3) Uncertain significance,V198M
RIF,rpoB,rpoB_V216I,0.0,1.0,3) Uncertain significance,V216I
RIF,rpoB,rpoB_V262F,0.0,1.0,3) Uncertain significance,V262F
RIF,rpoB,rpoB_V310G,0.0,1.0,3) Uncertain significance,V310G
RIF,rpoB,rpoB_V332I,0.0,1.0,3) Uncertain significance,V332I
RIF,rpoB,rpoB_V33L,0.0,1.0,3) Uncertain significance,V33L
RIF,rpoB,rpoB_V351I,0.0,1.0,3) Uncertain significance,V351I
RIF,rpoB,rpoB_V44A,0.0,1.0,3) Uncertain significance,V44A
RIF,rpoB,rpoB_V517M,0.0,1.0,3) Uncertain significance,V517M
RIF,rpoB,rpoB_V549I,0.0,1.0,3) Uncertain significance,V549I
RIF,rpoB,rpoB_V77M,0.0,1.0,3) Uncertain significance,V77M
RIF,rpoB,rpoB_V841L,0.0,1.0,3) Uncertain significance,V841L
RIF,rpoB,rpoB_V865M,0.0,1.0,3) Uncertain significance,V865M
RIF,rpoB,rpoB_V867A,0.0,1.0,3) Uncertain significance,V867A
RIF,rpoB,rpoB_V895F,0.0,1.0,3) Uncertain significance,V895F
RIF,rpoB,rpoB_V946G,0.0,1.0,3) Uncertain significance,V946G
RIF,rpoB,rpoB_Y564C,0.0,1.0,3) Uncertain significance,Y564C
RIF,rpoB,rpoB_Y651H,0.0,1.0,3) Uncertain significance,Y651H
RIF,rpoB,rpoB_A334V,0.0,2.0,3) Uncertain significance,A334V
RIF,rpoB,rpoB_A977T,0.0,2.0,3) Uncertain significance,A977T
RIF,rpoB,rpoB_A998V,0.0,2.0,3) Uncertain significance,A998V
RIF,rpoB,rpoB_C681G,0.0,2.0,3) Uncertain significance,C681G
RIF,rpoB,rpoB_D209N,0.0,2.0,3) Uncertain significance,D209N
RIF,rpoB,rpoB_D270E,0.0,2.0,3) Uncertain significance,D270E
RIF,rpoB,rpoB_D851P,0.0,2.0,3) Uncertain significance,D851P
RIF,rpoB,rpoB_E132D,0.0,2.0,3) Uncertain significance,E132D
RIF,rpoB,rpoB_E507K,0.0,2.0,3) Uncertain significance,E507K
RIF,rpoB,rpoB_E66K,0.0,2.0,3) Uncertain significance,E66K
RIF,rpoB,rpoB_F208L,0.0,2.0,3) Uncertain significance,F208L
RIF,rpoB,rpoB_F93L,0.0,2.0,3) Uncertain significance,F93L
RIF,rpoB,rpoB_G516D,0.0,2.0,3) Uncertain significance,G516D
RIF,rpoB,rpoB_G890D,0.0,2.0,3) Uncertain significance,G890D
RIF,rpoB,rpoB_H656Q,0.0,2.0,3) Uncertain significance,H656Q
RIF,rpoB,rpoB_I506V,0.0,2.0,3) Uncertain significance,I506V
RIF,rpoB,rpoB_I892T,0.0,2.0,3) Uncertain significance,I892T
RIF,rpoB,rpoB_K939Q,0.0,2.0,3) Uncertain significance,K939Q
RIF,rpoB,rpoB_K944N,0.0,2.0,3) Uncertain significance,K944N
RIF,rpoB,rpoB_M153T,0.0,2.0,3) Uncertain significance,M153T
RIF,rpoB,rpoB_M587I,0.0,2.0,3) Uncertain significance,M587I
RIF,rpoB,rpoB_N963S,0.0,2.0,3) Uncertain significance,N963S
RIF,rpoB,rpoB_P30S,0.0,2.0,3) Uncertain significance,P30S
RIF,rpoB,rpoB_P682A,0.0,2.0,3) Uncertain significance,P682A
RIF,rpoB,rpoB_R661Q,0.0,2.0,3) Uncertain significance,R661Q
RIF,rpoB,rpoB_S1124A,0.0,2.0,3) Uncertain significance,S1124A
RIF,rpoB,rpoB_T215A,0.0,2.0,3) Uncertain significance,T215A
RIF,rpoB,rpoB_Y866H,0.0,2.0,3) Uncertain significance,Y866H
RIF,rpoB,rpoB_A1002P,0.0,3.0,3) Uncertain significance,A1002P
RIF,rpoB,rpoB_E156D,0.0,3.0,3) Uncertain significance,E156D
RIF,rpoB,rpoB_E320D,0.0,3.0,3) Uncertain significance,E320D
RIF,rpoB,rpoB_G675D,0.0,3.0,3) Uncertain significance,G675D
RIF,rpoB,rpoB_I783V,0.0,3.0,3) Uncertain significance,I783V
RIF,rpoB,rpoB_I910V,0.0,3.0,3) Uncertain significance,I910V
RIF,rpoB,rpoB_L80V,0.0,3.0,3) Uncertain significance,L80V
RIF,rpoB,rpoB_N163D,0.0,3.0,3) Uncertain significance,N163D
RIF,rpoB,rpoB_P954R,0.0,3.0,3) Uncertain significance,P954R
RIF,rpoB,rpoB_S493W,0.0,3.0,3) Uncertain significance,S493W
RIF,rpoB,rpoB_V129G,0.0,3.0,3) Uncertain significance,V129G
RIF,rpoB,rpoB_Y572C,0.0,3.0,3) Uncertain significance,Y572C
RIF,rpoB,rpoB_D107E,0.0,4.0,3) Uncertain significance,D107E
RIF,rpoB,rpoB_D53N,0.0,4.0,3) Uncertain significance,D53N
RIF,rpoB,rpoB_D955N,0.0,4.0,3) Uncertain significance,D955N
RIF,rpoB,rpoB_E1145G,0.0,4.0,3) Uncertain significance,E1145G
RIF,rpoB,rpoB_E344Q,0.0,4.0,3) Uncertain significance,E344Q
RIF,rpoB,rpoB_F295L,0.0,4.0,3) Uncertain significance,F295L
RIF,rpoB,rpoB_I965V,0.0,4.0,3) Uncertain significance,I965V
RIF,rpoB,rpoB_L48F,0.0,4.0,3) Uncertain significance,L48F
RIF,rpoB,rpoB_S12T,0.0,4.0,3) Uncertain significance,S12T
RIF,rpoB,rpoB_E639G,0.0,5.0,3) Uncertain significance,E639G
RIF,rpoB,rpoB_N292S,0.0,5.0,3) Uncertain significance,N292S
RIF,rpoB,rpoB_S936R,0.0,5.0,3) Uncertain significance,S936R
RIF,rpoB,rpoB_A943T,0.0,6.0,3) Uncertain significance,A943T
RIF,rpoB,rpoB_D3G,0.0,6.0,3) Uncertain significance,D3G
RIF,rpoB,rpoB_G28R,0.0,6.0,3) Uncertain significance,G28R
RIF,rpoB,rpoB_M573T,0.0,6.0,3) Uncertain significance,M573T
RIF,rpoB,rpoB_P27H,0.0,6.0,3) Uncertain significance,P27H
RIF,rpoB,rpoB_P454L,0.0,6.0,3) Uncertain significance,P454L
RIF,rpoB,rpoB_V613F,0.0,6.0,3) Uncertain significance,V613F
RIF,rpoB,rpoB_E721K,0.0,7.0,3) Uncertain significance,E721K
RIF,rpoB,rpoB_A686T,0.0,8.0,3) Uncertain significance,A686T
RIF,rpoB,rpoB_A69P,0.0,8.0,3) Uncertain significance,A69P
RIF,rpoB,rpoB_D103E,0.0,9.0,3) Uncertain significance,D103E
RIF,rpoB,rpoB_D515Y,0.0,11.0,3) Uncertain significance,D515Y
RIF,rpoB,rpoB_E563D,0.0,13.0,3) Uncertain significance,E563D
RIF,rpoB,rpoB_M655T,0.0,14.0,3) Uncertain significance,M655T
RIF,rpoB,rpoB_S16C,0.0,18.0,3) Uncertain significance,S16C
RIF,rpoB,rpoB_T350I,0.0,22.0,3) Uncertain significance,T350I
RIF,rpoB,rpoB_V695L,52.0,55.0,5) Not assoc w R,V695L
RIF,rpoB,rpoB_E250G,6.0,71.0,5) Not assoc w R,E250G
RIF,rpoB,rpoB_I925V,5.0,36.0,5) Not assoc w R,I925V
RIF,rpoB,rpoB_E639D,5.0,52.0,5) Not assoc w R,E639D
RIF,rpoB,rpoB_S388L,5.0,53.0,5) Not assoc w R,S388L
RIF,rpoB,rpoB_K944E,1.0,54.0,5) Not assoc w R,K944E
RIF,rpoB,rpoB_N381H,0.0,74.0,5) Not assoc w R,N381H
STM,rpsL,rpsL_K43R,2245.0,55.0,1) Assoc w R,K43R
STM,rpsL,rpsL_K88R,501.0,21.0,1) Assoc w R,K88R
STM,rpsL,rpsL_K88M,11.0,0.0,1) Assoc w R,K88M
STM,gid,gid_G69D,11.0,2.0,1) Assoc w R,G69D
STM,gid,gid_A134E,10.0,0.0,1) Assoc w R,A134E
STM,gid,gid_P75R,9.0,0.0,1) Assoc w R,P75R
STM,gid,gid_P84L,49.0,13.0,2) Assoc w R - Interim,P84L
STM,gid,gid_G73A,22.0,8.0,2) Assoc w R - Interim,G73A
STM,rpsL,rpsL_K88Q,7.0,4.0,2) Assoc w R - Interim,K88Q
STM,gid,gid_L79S,33.0,14.0,3) Uncertain significance,L79S
STM,gid,gid_A119T,33.0,27.0,3) Uncertain significance,A119T
STM,rpsL,rpsL_K88T,30.0,0.0,3) Uncertain significance,K88T
STM,gid,gid_D67G,29.0,2.0,3) Uncertain significance,D67G
STM,gid,gid_G73R,23.0,15.0,3) Uncertain significance,G73R
STM,gid,gid_V77G,22.0,17.0,3) Uncertain significance,V77G
STM,gid,gid_A138V,19.0,8.0,3) Uncertain significance,A138V
STM,gid,gid_L50R,19.0,24.0,3) Uncertain significance,L50R
STM,gid,gid_S149R,17.0,13.0,3) Uncertain significance,S149R
STM,gid,gid_L79W,14.0,5.0,3) Uncertain significance,L79W
STM,gid,gid_R137W,14.0,5.0,3) Uncertain significance,R137W
STM,gid,gid_S70R,11.0,6.0,3) Uncertain significance,S70R
STM,gid,gid_P75S,11.0,11.0,3) Uncertain significance,P75S
STM,gid,gid_H48N,10.0,3.0,3) Uncertain significance,H48N
STM,gid,gid_V77A,8.0,4.0,3) Uncertain significance,V77A
STM,gid,gid_G117R,7.0,2.0,3) Uncertain significance,G117R
STM,gid,gid_L90R,7.0,13.0,3) Uncertain significance,L90R
STM,gid,gid_E92G,6.0,1.0,3) Uncertain significance,E92G
STM,gid,gid_P93L,6.0,3.0,3) Uncertain significance,P93L
STM,gid,gid_L44Q,5.0,0.0,3) Uncertain significance,L44Q
STM,gid,gid_N51D,5.0,0.0,3) Uncertain significance,N51D
STM,gid,gid_A82P,5.0,1.0,3) Uncertain significance,A82P
STM,gid,gid_G30D,5.0,2.0,3) Uncertain significance,G30D
STM,gid,gid_R96L,5.0,3.0,3) Uncertain significance,R96L
STM,gid,gid_H48Y,5.0,4.0,3) Uncertain significance,H48Y
STM,gid,gid_V65A,5.0,4.0,3) Uncertain significance,V65A
STM,gid,gid_P78L,5.0,13.0,3) Uncertain significance,P78L
STM,gid,gid_A10P,5.0,15.0,3) Uncertain significance,A10P
STM,gid,gid_D85A,4.0,0.0,3) Uncertain significance,D85A
STM,gid,gid_E92K,4.0,0.0,3) Uncertain significance,E92K
STM,gid,gid_A138E,4.0,1.0,3) Uncertain significance,A138E
STM,gid,gid_L91P,4.0,1.0,3) Uncertain significance,L91P
STM,gid,gid_S136P,4.0,1.0,3) Uncertain significance,S136P
STM,gid,gid_V124A,4.0,1.0,3) Uncertain significance,V124A
STM,gid,gid_L26F,4.0,2.0,3) Uncertain significance,L26F
STM,gid,gid_P75L,4.0,2.0,3) Uncertain significance,P75L
STM,gid,gid_R137P,4.0,2.0,3) Uncertain significance,R137P
STM,gid,gid_A119D,4.0,3.0,3) Uncertain significance,A119D
STM,gid,gid_L35P,4.0,3.0,3) Uncertain significance,L35P
STM,gid,gid_V65G,4.0,6.0,3) Uncertain significance,V65G
STM,gid,gid_E32D,4.0,14.0,3) Uncertain significance,E32D
STM,gid,gid_A205T,4.0,27.0,3) Uncertain significance,A205T
STM,gid,gid_G117E,3.0,0.0,3) Uncertain significance,G117E
STM,gid,gid_G117V,3.0,0.0,3) Uncertain significance,G117V
STM,gid,gid_G28R,3.0,0.0,3) Uncertain significance,G28R
STM,gid,gid_G37E,3.0,0.0,3) Uncertain significance,G37E
STM,gid,gid_L49R,3.0,0.0,3) Uncertain significance,L49R
STM,gid,gid_R97H,3.0,0.0,3) Uncertain significance,R97H
STM,gid,gid_S149N,3.0,0.0,3) Uncertain significance,S149N
STM,gid,gid_V105E,3.0,0.0,3) Uncertain significance,V105E
STM,gid,gid_V202G,3.0,0.0,3) Uncertain significance,V202G
STM,gid,gid_D67H,3.0,1.0,3) Uncertain significance,D67H
STM,gid,gid_R102P,3.0,1.0,3) Uncertain significance,R102P
STM,gid,gid_A133P,3.0,2.0,3) Uncertain significance,A133P
STM,gid,gid_A200E,3.0,2.0,3) Uncertain significance,A200E
STM,gid,gid_L35R,3.0,2.0,3) Uncertain significance,L35R
STM,gid,gid_L74S,3.0,2.0,3) Uncertain significance,L74S
STM,gid,gid_L86P,3.0,2.0,3) Uncertain significance,L86P
STM,gid,gid_R118S,3.0,2.0,3) Uncertain significance,R118S
STM,gid,gid_R47W,3.0,2.0,3) Uncertain significance,R47W
STM,gid,gid_G157R,3.0,3.0,3) Uncertain significance,G157R
STM,gid,gid_P75T,3.0,7.0,3) Uncertain significance,P75T
STM,gid,gid_A133T,2.0,0.0,3) Uncertain significance,A133T
STM,gid,gid_A138T,2.0,0.0,3) Uncertain significance,A138T
STM,gid,gid_A161D,2.0,0.0,3) Uncertain significance,A161D
STM,gid,gid_A180S,2.0,0.0,3) Uncertain significance,A180S
STM,gid,gid_A72T,2.0,0.0,3) Uncertain significance,A72T
STM,gid,gid_E40G,2.0,0.0,3) Uncertain significance,E40G
STM,gid,gid_E40K,2.0,0.0,3) Uncertain significance,E40K
STM,gid,gid_E40Q,2.0,0.0,3) Uncertain significance,E40Q
STM,gid,gid_F12L,2.0,0.0,3) Uncertain significance,F12L
STM,gid,gid_G71R,2.0,0.0,3) Uncertain significance,G71R
STM,gid,gid_G76D,2.0,0.0,3) Uncertain significance,G76D
STM,gid,gid_H48P,2.0,0.0,3) Uncertain significance,H48P
STM,gid,gid_L160R,2.0,0.0,3) Uncertain significance,L160R
STM,gid,gid_M178R,2.0,0.0,3) Uncertain significance,M178R
STM,gid,gid_R64P,2.0,0.0,3) Uncertain significance,R64P
STM,gid,gid_R83Q,2.0,0.0,3) Uncertain significance,R83Q
STM,gid,gid_R96P,2.0,0.0,3) Uncertain significance,R96P
STM,gid,gid_S149C,2.0,0.0,3) Uncertain significance,S149C
STM,gid,gid_V110A,2.0,0.0,3) Uncertain significance,V110A
STM,gid,gid_V115G,2.0,0.0,3) Uncertain significance,V115G
STM,gid,gid_V135G,2.0,0.0,3) Uncertain significance,V135G
STM,rpsL,rpsL_R86Q,2.0,0.0,3) Uncertain significance,R86Q
STM,gid,gid_A138P,2.0,1.0,3) Uncertain significance,A138P
STM,gid,gid_A80P,2.0,1.0,3) Uncertain significance,A80P
STM,gid,gid_E99G,2.0,1.0,3) Uncertain significance,E99G
STM,gid,gid_F100V,2.0,1.0,3) Uncertain significance,F100V
STM,gid,gid_H48Q,2.0,1.0,3) Uncertain significance,H48Q
STM,gid,gid_I114N,2.0,1.0,3) Uncertain significance,I114N
STM,gid,gid_L108P,2.0,1.0,3) Uncertain significance,L108P
STM,gid,gid_L145S,2.0,1.0,3) Uncertain significance,L145S
STM,gid,gid_L90F,2.0,1.0,3) Uncertain significance,L90F
STM,gid,gid_L90P,2.0,1.0,3) Uncertain significance,L90P
STM,gid,gid_L91R,2.0,1.0,3) Uncertain significance,L91R
STM,gid,gid_L91V,2.0,1.0,3) Uncertain significance,L91V
STM,gid,gid_R197C,2.0,1.0,3) Uncertain significance,R197C
STM,gid,gid_R197P,2.0,1.0,3) Uncertain significance,R197P
STM,gid,gid_S70G,2.0,1.0,3) Uncertain significance,S70G
STM,gid,gid_Y22S,2.0,1.0,3) Uncertain significance,Y22S
STM,gid,gid_E170K,2.0,2.0,3) Uncertain significance,E170K
STM,gid,gid_G37R,2.0,2.0,3) Uncertain significance,G37R
STM,gid,gid_S70N,2.0,2.0,3) Uncertain significance,S70N
STM,gid,gid_V202A,2.0,2.0,3) Uncertain significance,V202A
STM,gid,gid_C52Y,2.0,3.0,3) Uncertain significance,C52Y
STM,gid,gid_R83G,2.0,3.0,3) Uncertain significance,R83G
STM,gid,gid_R97L,2.0,3.0,3) Uncertain significance,R97L
STM,gid,gid_A10V,2.0,4.0,3) Uncertain significance,A10V
STM,gid,gid_R20P,2.0,4.0,3) Uncertain significance,R20P
STM,gid,gid_R96C,2.0,4.0,3) Uncertain significance,R96C
STM,gid,gid_V41I,2.0,4.0,3) Uncertain significance,V41I
STM,gid,gid_L145F,2.0,8.0,3) Uncertain significance,L145F
STM,gid,gid_R154P,2.0,11.0,3) Uncertain significance,R154P
STM,gid,gid_A138L,1.0,0.0,3) Uncertain significance,A138L
STM,gid,gid_A141E,1.0,0.0,3) Uncertain significance,A141E
STM,gid,gid_A205E,1.0,0.0,3) Uncertain significance,A205E
STM,gid,gid_C191F,1.0,0.0,3) Uncertain significance,C191F
STM,gid,gid_C52F,1.0,0.0,3) Uncertain significance,C52F
STM,gid,gid_D132E,1.0,0.0,3) Uncertain significance,D132E
STM,gid,gid_E40D,1.0,0.0,3) Uncertain significance,E40D
STM,gid,gid_F100L,1.0,0.0,3) Uncertain significance,F100L
STM,gid,gid_F12S,1.0,0.0,3) Uncertain significance,F12S
STM,gid,gid_G130R,1.0,0.0,3) Uncertain significance,G130R
STM,gid,gid_G164D,1.0,0.0,3) Uncertain significance,G164D
STM,gid,gid_G164R,1.0,0.0,3) Uncertain significance,G164R
STM,gid,gid_G192R,1.0,0.0,3) Uncertain significance,G192R
STM,gid,gid_G208E,1.0,0.0,3) Uncertain significance,G208E
STM,gid,gid_G222R,1.0,0.0,3) Uncertain significance,G222R
STM,gid,gid_G30R,1.0,0.0,3) Uncertain significance,G30R
STM,gid,gid_G34E,1.0,0.0,3) Uncertain significance,G34E
STM,gid,gid_G34V,1.0,0.0,3) Uncertain significance,G34V
STM,gid,gid_G34W,1.0,0.0,3) Uncertain significance,G34W
STM,gid,gid_G62V,1.0,0.0,3) Uncertain significance,G62V
STM,gid,gid_G69R,1.0,0.0,3) Uncertain significance,G69R
STM,gid,gid_I11N,1.0,0.0,3) Uncertain significance,I11N
STM,gid,gid_I162S,1.0,0.0,3) Uncertain significance,I162S
STM,gid,gid_I68S,1.0,0.0,3) Uncertain significance,I68S
STM,gid,gid_K163N,1.0,0.0,3) Uncertain significance,K163N
STM,gid,gid_L101V,1.0,0.0,3) Uncertain significance,L101V
STM,gid,gid_L108V,1.0,0.0,3) Uncertain significance,L108V
STM,gid,gid_L142S,1.0,0.0,3) Uncertain significance,L142S
STM,gid,gid_L26W,1.0,0.0,3) Uncertain significance,L26W
STM,gid,gid_L49V,1.0,0.0,3) Uncertain significance,L49V
STM,gid,gid_L50M,1.0,0.0,3) Uncertain significance,L50M
STM,gid,gid_L58P,1.0,0.0,3) Uncertain significance,L58P
STM,gid,gid_L59R,1.0,0.0,3) Uncertain significance,L59R
STM,gid,gid_L86H,1.0,0.0,3) Uncertain significance,L86H
STM,gid,gid_M104K,1.0,0.0,3) Uncertain significance,M104K
STM,gid,gid_M104R,1.0,0.0,3) Uncertain significance,M104R
STM,gid,gid_M150R,1.0,0.0,3) Uncertain significance,M150R
STM,gid,gid_M178I,1.0,0.0,3) Uncertain significance,M178I
STM,gid,gid_P151L,1.0,0.0,3) Uncertain significance,P151L
STM,gid,gid_P6R,1.0,0.0,3) Uncertain significance,P6R
STM,gid,gid_P75A,1.0,0.0,3) Uncertain significance,P75A
STM,gid,gid_P84T,1.0,0.0,3) Uncertain significance,P84T
STM,gid,gid_Q210H,1.0,0.0,3) Uncertain significance,Q210H
STM,gid,gid_R118L,1.0,0.0,3) Uncertain significance,R118L
STM,gid,gid_R137Q,1.0,0.0,3) Uncertain significance,R137Q
STM,gid,gid_R154W,1.0,0.0,3) Uncertain significance,R154W
STM,gid,gid_R47L,1.0,0.0,3) Uncertain significance,R47L
STM,gid,gid_R64W,1.0,0.0,3) Uncertain significance,R64W
STM,gid,gid_R83W,1.0,0.0,3) Uncertain significance,R83W
STM,gid,gid_V124L,1.0,0.0,3) Uncertain significance,V124L
STM,gid,gid_V139A,1.0,0.0,3) Uncertain significance,V139A
STM,gid,gid_V171G,1.0,0.0,3) Uncertain significance,V171G
STM,gid,gid_V177M,1.0,0.0,3) Uncertain significance,V177M
STM,gid,gid_V188A,1.0,0.0,3) Uncertain significance,V188A
STM,gid,gid_V66G,1.0,0.0,3) Uncertain significance,V66G
STM,gid,gid_V66M,1.0,0.0,3) Uncertain significance,V66M
STM,gid,gid_Y22H,1.0,0.0,3) Uncertain significance,Y22H
STM,gid,gid_Y22N,1.0,0.0,3) Uncertain significance,Y22N
STM,rpsL,rpsL_E122K,1.0,0.0,3) Uncertain significance,E122K
STM,rpsL,rpsL_G106C,1.0,0.0,3) Uncertain significance,G106C
STM,rpsL,rpsL_G71D,1.0,0.0,3) Uncertain significance,G71D
STM,rpsL,rpsL_K43M,1.0,0.0,3) Uncertain significance,K43M
STM,rpsL,rpsL_K43N,1.0,0.0,3) Uncertain significance,K43N
STM,rpsL,rpsL_P91S,1.0,0.0,3) Uncertain significance,P91S
STM,rpsL,rpsL_T64M,1.0,0.0,3) Uncertain significance,T64M
STM,rpsL,rpsL_V107A,1.0,0.0,3) Uncertain significance,V107A
STM,rpsL,rpsL_V55M,1.0,0.0,3) Uncertain significance,V55M
STM,gid,gid_A183E,1.0,1.0,3) Uncertain significance,A183E
STM,gid,gid_A19T,1.0,1.0,3) Uncertain significance,A19T
STM,gid,gid_A53D,1.0,1.0,3) Uncertain significance,A53D
STM,gid,gid_G34A,1.0,1.0,3) Uncertain significance,G34A
STM,gid,gid_G76R,1.0,1.0,3) Uncertain significance,G76R
STM,gid,gid_H48D,1.0,1.0,3) Uncertain significance,H48D
STM,gid,gid_H48R,1.0,1.0,3) Uncertain significance,H48R
STM,gid,gid_L142W,1.0,1.0,3) Uncertain significance,L142W
STM,gid,gid_L152S,1.0,1.0,3) Uncertain significance,L152S
STM,gid,gid_L49P,1.0,1.0,3) Uncertain significance,L49P
STM,gid,gid_L50P,1.0,1.0,3) Uncertain significance,L50P
STM,gid,gid_L86R,1.0,1.0,3) Uncertain significance,L86R
STM,gid,gid_L94R,1.0,1.0,3) Uncertain significance,L94R
STM,gid,gid_P6L,1.0,1.0,3) Uncertain significance,P6L
STM,gid,gid_R137L,1.0,1.0,3) Uncertain significance,R137L
STM,gid,gid_R83P,1.0,1.0,3) Uncertain significance,R83P
STM,gid,gid_T146K,1.0,1.0,3) Uncertain significance,T146K
STM,gid,gid_V203L,1.0,1.0,3) Uncertain significance,V203L
STM,gid,gid_V36A,1.0,1.0,3) Uncertain significance,V36A
STM,gid,gid_V36G,1.0,1.0,3) Uncertain significance,V36G
STM,gid,gid_V88G,1.0,1.0,3) Uncertain significance,V88G
STM,gid,gid_W148C,1.0,1.0,3) Uncertain significance,W148C
STM,gid,gid_W45R,1.0,1.0,3) Uncertain significance,W45R
STM,gid,gid_W45S,1.0,1.0,3) Uncertain significance,W45S
STM,rpsL,rpsL_K43T,1.0,1.0,3) Uncertain significance,K43T
STM,gid,gid_A19P,1.0,2.0,3) Uncertain significance,A19P
STM,gid,gid_E170D,1.0,2.0,3) Uncertain significance,E170D
STM,gid,gid_G109A,1.0,2.0,3) Uncertain significance,G109A
STM,gid,gid_G164C,1.0,2.0,3) Uncertain significance,G164C
STM,gid,gid_G34R,1.0,2.0,3) Uncertain significance,G34R
STM,gid,gid_G71E,1.0,2.0,3) Uncertain significance,G71E
STM,gid,gid_L101F,1.0,2.0,3) Uncertain significance,L101F
STM,gid,gid_L79F,1.0,2.0,3) Uncertain significance,L79F
STM,gid,gid_R21P,1.0,2.0,3) Uncertain significance,R21P
STM,gid,gid_W148L,1.0,2.0,3) Uncertain significance,W148L
STM,rpsL,rpsL_E70A,1.0,2.0,3) Uncertain significance,E70A
STM,rpsL,rpsL_S17N,1.0,2.0,3) Uncertain significance,S17N
STM,gid,gid_A8V,1.0,3.0,3) Uncertain significance,A8V
STM,gid,gid_G164V,1.0,3.0,3) Uncertain significance,G164V
STM,gid,gid_G28E,1.0,3.0,3) Uncertain significance,G28E
STM,gid,gid_L26S,1.0,3.0,3) Uncertain significance,L26S
STM,gid,gid_R116W,1.0,3.0,3) Uncertain significance,R116W
STM,gid,gid_R96H,1.0,3.0,3) Uncertain significance,R96H
STM,gid,gid_T98P,1.0,3.0,3) Uncertain significance,T98P
STM,gid,gid_V124G,1.0,3.0,3) Uncertain significance,V124G
STM,gid,gid_V88A,1.0,3.0,3) Uncertain significance,V88A
STM,gid,gid_G37A,1.0,4.0,3) Uncertain significance,G37A
STM,gid,gid_L108R,1.0,4.0,3) Uncertain significance,L108R
STM,gid,gid_L86F,1.0,4.0,3) Uncertain significance,L86F
STM,gid,gid_A161G,1.0,6.0,3) Uncertain significance,A161G
STM,gid,gid_L58F,1.0,7.0,3) Uncertain significance,L58F
STM,gid,gid_N51K,1.0,7.0,3) Uncertain significance,N51K
STM,gid,gid_A119V,0.0,1.0,3) Uncertain significance,A119V
STM,gid,gid_A133G,0.0,1.0,3) Uncertain significance,A133G
STM,gid,gid_A140V,0.0,1.0,3) Uncertain significance,A140V
STM,gid,gid_A141T,0.0,1.0,3) Uncertain significance,A141T
STM,gid,gid_A161P,0.0,1.0,3) Uncertain significance,A161P
STM,gid,gid_A180G,0.0,1.0,3) Uncertain significance,A180G
STM,gid,gid_A183T,0.0,1.0,3) Uncertain significance,A183T
STM,gid,gid_A183V,0.0,1.0,3) Uncertain significance,A183V
STM,gid,gid_A193G,0.0,1.0,3) Uncertain significance,A193G
STM,gid,gid_A193P,0.0,1.0,3) Uncertain significance,A193P
STM,gid,gid_A19S,0.0,1.0,3) Uncertain significance,A19S
STM,gid,gid_A219V,0.0,1.0,3) Uncertain significance,A219V
STM,gid,gid_A23P,0.0,1.0,3) Uncertain significance,A23P
STM,gid,gid_A25G,0.0,1.0,3) Uncertain significance,A25G
STM,gid,gid_A25P,0.0,1.0,3) Uncertain significance,A25P
STM,gid,gid_A25V,0.0,1.0,3) Uncertain significance,A25V
STM,gid,gid_A82E,0.0,1.0,3) Uncertain significance,A82E
STM,gid,gid_A8E,0.0,1.0,3) Uncertain significance,A8E
STM,gid,gid_C191Y,0.0,1.0,3) Uncertain significance,C191Y
STM,gid,gid_C52W,0.0,1.0,3) Uncertain significance,C52W
STM,gid,gid_D107H,0.0,1.0,3) Uncertain significance,D107H
STM,gid,gid_D169G,0.0,1.0,3) Uncertain significance,D169G
STM,gid,gid_D169H,0.0,1.0,3) Uncertain significance,D169H
STM,gid,gid_D67E,0.0,1.0,3) Uncertain significance,D67E
STM,gid,gid_E120A,0.0,1.0,3) Uncertain significance,E120A
STM,gid,gid_E57Q,0.0,1.0,3) Uncertain significance,E57Q
STM,gid,gid_E92Q,0.0,1.0,3) Uncertain significance,E92Q
STM,gid,gid_F204S,0.0,1.0,3) Uncertain significance,F204S
STM,gid,gid_G109D,0.0,1.0,3) Uncertain significance,G109D
STM,gid,gid_G182C,0.0,1.0,3) Uncertain significance,G182C
STM,gid,gid_G214R,0.0,1.0,3) Uncertain significance,G214R
STM,gid,gid_G221R,0.0,1.0,3) Uncertain significance,G221R
STM,gid,gid_G28V,0.0,1.0,3) Uncertain significance,G28V
STM,gid,gid_G30V,0.0,1.0,3) Uncertain significance,G30V
STM,gid,gid_G42V,0.0,1.0,3) Uncertain significance,G42V
STM,gid,gid_G69S,0.0,1.0,3) Uncertain significance,G69S
STM,gid,gid_G73W,0.0,1.0,3) Uncertain significance,G73W
STM,gid,gid_H168D,0.0,1.0,3) Uncertain significance,H168D
STM,gid,gid_H174Y,0.0,1.0,3) Uncertain significance,H174Y
STM,gid,gid_I11T,0.0,1.0,3) Uncertain significance,I11T
STM,gid,gid_I179S,0.0,1.0,3) Uncertain significance,I179S
STM,gid,gid_I55V,0.0,1.0,3) Uncertain significance,I55V
STM,gid,gid_I68F,0.0,1.0,3) Uncertain significance,I68F
STM,gid,gid_K163E,0.0,1.0,3) Uncertain significance,K163E
STM,gid,gid_L101P,0.0,1.0,3) Uncertain significance,L101P
STM,gid,gid_L160F,0.0,1.0,3) Uncertain significance,L160F
STM,gid,gid_L160V,0.0,1.0,3) Uncertain significance,L160V
STM,gid,gid_L16P,0.0,1.0,3) Uncertain significance,L16P
STM,gid,gid_L35M,0.0,1.0,3) Uncertain significance,L35M
STM,gid,gid_L44R,0.0,1.0,3) Uncertain significance,L44R
STM,gid,gid_L74F,0.0,1.0,3) Uncertain significance,L74F
STM,gid,gid_L91I,0.0,1.0,3) Uncertain significance,L91I
STM,gid,gid_L95V,0.0,1.0,3) Uncertain significance,L95V
STM,gid,gid_M150T,0.0,1.0,3) Uncertain significance,M150T
STM,gid,gid_M218V,0.0,1.0,3) Uncertain significance,M218V
STM,gid,gid_P151S,0.0,1.0,3) Uncertain significance,P151S
STM,gid,gid_P198L,0.0,1.0,3) Uncertain significance,P198L
STM,gid,gid_P198R,0.0,1.0,3) Uncertain significance,P198R
STM,gid,gid_P38S,0.0,1.0,3) Uncertain significance,P38S
STM,gid,gid_P6A,0.0,1.0,3) Uncertain significance,P6A
STM,gid,gid_P6T,0.0,1.0,3) Uncertain significance,P6T
STM,gid,gid_Q127E,0.0,1.0,3) Uncertain significance,Q127E
STM,gid,gid_Q87P,0.0,1.0,3) Uncertain significance,Q87P
STM,gid,gid_R102G,0.0,1.0,3) Uncertain significance,R102G
STM,gid,gid_R118P,0.0,1.0,3) Uncertain significance,R118P
STM,gid,gid_R137G,0.0,1.0,3) Uncertain significance,R137G
STM,gid,gid_R166W,0.0,1.0,3) Uncertain significance,R166W
STM,gid,gid_R172Q,0.0,1.0,3) Uncertain significance,R172Q
STM,gid,gid_R175G,0.0,1.0,3) Uncertain significance,R175G
STM,gid,gid_R176C,0.0,1.0,3) Uncertain significance,R176C
STM,gid,gid_R187S,0.0,1.0,3) Uncertain significance,R187S
STM,gid,gid_R207H,0.0,1.0,3) Uncertain significance,R207H
STM,gid,gid_R217W,0.0,1.0,3) Uncertain significance,R217W
STM,gid,gid_R39C,0.0,1.0,3) Uncertain significance,R39C
STM,gid,gid_R64Q,0.0,1.0,3) Uncertain significance,R64Q
STM,gid,gid_R83L,0.0,1.0,3) Uncertain significance,R83L
STM,gid,gid_S131T,0.0,1.0,3) Uncertain significance,S131T
STM,gid,gid_S136A,0.0,1.0,3) Uncertain significance,S136A
STM,gid,gid_S149T,0.0,1.0,3) Uncertain significance,S149T
STM,gid,gid_S9P,0.0,1.0,3) Uncertain significance,S9P
STM,gid,gid_T146A,0.0,1.0,3) Uncertain significance,T146A
STM,gid,gid_T146M,0.0,1.0,3) Uncertain significance,T146M
STM,gid,gid_T190A,0.0,1.0,3) Uncertain significance,T190A
STM,gid,gid_T190I,0.0,1.0,3) Uncertain significance,T190I
STM,gid,gid_T190P,0.0,1.0,3) Uncertain significance,T190P
STM,gid,gid_T201N,0.0,1.0,3) Uncertain significance,T201N
STM,gid,gid_V105G,0.0,1.0,3) Uncertain significance,V105G
STM,gid,gid_V139L,0.0,1.0,3) Uncertain significance,V139L
STM,gid,gid_V171L,0.0,1.0,3) Uncertain significance,V171L
STM,gid,gid_V177L,0.0,1.0,3) Uncertain significance,V177L
STM,gid,gid_V186F,0.0,1.0,3) Uncertain significance,V186F
STM,gid,gid_V188G,0.0,1.0,3) Uncertain significance,V188G
STM,gid,gid_V203E,0.0,1.0,3) Uncertain significance,V203E
STM,gid,gid_V41A,0.0,1.0,3) Uncertain significance,V41A
STM,gid,gid_V41L,0.0,1.0,3) Uncertain significance,V41L
STM,gid,gid_V65I,0.0,1.0,3) Uncertain significance,V65I
STM,gid,gid_V89A,0.0,1.0,3) Uncertain significance,V89A
STM,gid,gid_W148R,0.0,1.0,3) Uncertain significance,W148R
STM,gid,gid_W45C,0.0,1.0,3) Uncertain significance,W45C
STM,gid,gid_Y22C,0.0,1.0,3) Uncertain significance,Y22C
STM,rpsL,rpsL_A113G,0.0,1.0,3) Uncertain significance,A113G
STM,rpsL,rpsL_D14E,0.0,1.0,3) Uncertain significance,D14E
STM,rpsL,rpsL_E76A,0.0,1.0,3) Uncertain significance,E76A
STM,rpsL,rpsL_I16T,0.0,1.0,3) Uncertain significance,I16T
STM,rpsL,rpsL_K108T,0.0,1.0,3) Uncertain significance,K108T
STM,rpsL,rpsL_K10T,0.0,1.0,3) Uncertain significance,K10T
STM,rpsL,rpsL_N73K,0.0,1.0,3) Uncertain significance,N73K
STM,rpsL,rpsL_P2R,0.0,1.0,3) Uncertain significance,P2R
STM,rpsL,rpsL_Q105E,0.0,1.0,3) Uncertain significance,Q105E
STM,rpsL,rpsL_S17R,0.0,1.0,3) Uncertain significance,S17R
STM,rpsL,rpsL_T35A,0.0,1.0,3) Uncertain significance,T35A
STM,rpsL,rpsL_T58A,0.0,1.0,3) Uncertain significance,T58A
STM,rpsL,rpsL_V63I,0.0,1.0,3) Uncertain significance,V63I
STM,gid,gid_A134T,0.0,2.0,3) Uncertain significance,A134T
STM,gid,gid_A161V,0.0,2.0,3) Uncertain significance,A161V
STM,gid,gid_A19G,0.0,2.0,3) Uncertain significance,A19G
STM,gid,gid_A80V,0.0,2.0,3) Uncertain significance,A80V
STM,gid,gid_D107G,0.0,2.0,3) Uncertain significance,D107G
STM,gid,gid_D67A,0.0,2.0,3) Uncertain significance,D67A
STM,gid,gid_E121D,0.0,2.0,3) Uncertain significance,E121D
STM,gid,gid_E173A,0.0,2.0,3) Uncertain significance,E173A
STM,gid,gid_E40A,0.0,2.0,3) Uncertain significance,E40A
STM,gid,gid_E99K,0.0,2.0,3) Uncertain significance,E99K
STM,gid,gid_F204L,0.0,2.0,3) Uncertain significance,F204L
STM,gid,gid_G69I,0.0,2.0,3) Uncertain significance,G69I
STM,gid,gid_H174R,0.0,2.0,3) Uncertain significance,H174R
STM,gid,gid_M159T,0.0,2.0,3) Uncertain significance,M159T
STM,gid,gid_P155S,0.0,2.0,3) Uncertain significance,P155S
STM,gid,gid_P3S,0.0,2.0,3) Uncertain significance,P3S
STM,gid,gid_P78Q,0.0,2.0,3) Uncertain significance,P78Q
STM,gid,gid_R15W,0.0,2.0,3) Uncertain significance,R15W
STM,gid,gid_R20G,0.0,2.0,3) Uncertain significance,R20G
STM,gid,gid_R20Q,0.0,2.0,3) Uncertain significance,R20Q
STM,gid,gid_R33P,0.0,2.0,3) Uncertain significance,R33P
STM,gid,gid_R47Q,0.0,2.0,3) Uncertain significance,R47Q
STM,gid,gid_R97C,0.0,2.0,3) Uncertain significance,R97C
STM,gid,gid_S131R,0.0,2.0,3) Uncertain significance,S131R
STM,gid,gid_S181L,0.0,2.0,3) Uncertain significance,S181L
STM,gid,gid_V112G,0.0,2.0,3) Uncertain significance,V112G
STM,gid,gid_V135M,0.0,2.0,3) Uncertain significance,V135M
STM,gid,gid_V202L,0.0,2.0,3) Uncertain significance,V202L
STM,gid,gid_V41G,0.0,2.0,3) Uncertain significance,V41G
STM,gid,gid_V65F,0.0,2.0,3) Uncertain significance,V65F
STM,gid,gid_C52R,0.0,3.0,3) Uncertain significance,C52R
STM,gid,gid_E57K,0.0,3.0,3) Uncertain significance,E57K
STM,gid,gid_G76S,0.0,3.0,3) Uncertain significance,G76S
STM,gid,gid_I81R,0.0,3.0,3) Uncertain significance,I81R
STM,rpsL,rpsL_I16V,0.0,3.0,3) Uncertain significance,I16V
STM,gid,gid_L90V,0.0,4.0,3) Uncertain significance,L90V
STM,gid,gid_P199A,0.0,4.0,3) Uncertain significance,P199A
STM,gid,gid_P78R,0.0,4.0,3) Uncertain significance,P78R
STM,gid,gid_P93Q,0.0,4.0,3) Uncertain significance,P93Q
STM,gid,gid_Q87E,0.0,4.0,3) Uncertain significance,Q87E
STM,rpsL,rpsL_G124S,0.0,4.0,3) Uncertain significance,G124S
STM,gid,gid_A167P,0.0,5.0,3) Uncertain significance,A167P
STM,gid,gid_A27P,0.0,5.0,3) Uncertain significance,A27P
STM,gid,gid_V110G,,,4) Not assoc w R - Interim,V110G
STM,gid,gid_E92D,1390.0,1041.0,5) Not assoc w R,E92D
STM,gid,gid_L16R,222.0,949.0,5) Not assoc w R,L16R
STM,gid,gid_Y195H,34.0,139.0,5) Not assoc w R,Y195H
