,uid,Entry,rv,set,pdb_id,pdb_chain,filtered_length
0,Y876_MYCTU,P9WKR5,Rv0876c,setA,,,315.0
2,Y037_MYCTU,P9WJY1,Rv0037c,setA,,,402.0
3,Y1995_MYCTU,P9WLP3,Rv1995,setA,,,189.0
4,Y2012_MYCTU,P9WLM3,Rv2012,setA,,,136.0
5,Y2084_MYCTU,P9WLK1,Rv2084,setA,,,248.0
6,Y2265_MYCTU,P9WLG3,Rv2265,setA,,,372.0
7,Y036_MYCTU,P9WM91,Rv0036c,setA,,,256.0
8,Y3766_MYCTU,O69731,Rv3766,setA,,,261.0
9,Y2091_MYCTU,P9WLJ5,Rv2091c,setA,,,78.0
10,LUCA_MYCTU,O69690,Rv3723,setA,,,150.0
11,Y894_MYCTU,P9WKP9,Rv0894,setA,,,326.0
12,Y1269_MYCTU,P9WM45,Rv1269c,setA,,,88.0
13,Y2570_MYCTU,P9WL91,Rv2570,setA,,,127.0
14,Y495_MYCTU,P9WKU5,Rv0495c,setA,,,253.0
15,Y2600_MYCTU,P9WFG5,Rv2600,setA,,,138.0
16,Y2645_MYCTU,P9WL51,Rv2645,setA,,,55.0
17,Y049_MYCTU,P9WM85,Rv0049,setA,,,111.0
18,Y2087_MYCTU,P9WLJ7,Rv2087,setA,,,56.0
19,Y3691_MYCTU,O69659,Rv3691,setA,,,341.0
20,Y2209_MYCTU,P9WLI3,Rv2209,setA,,,328.0
21,Y1342_MYCTU,P9WM19,Rv1342c,setA,,,112.0
22,Y299_MYCTU,O07226,Rv0299,setA,,,99.0
23,Y3193_MYCTU,P9WFL3,Rv3193c,setA,,,918.0
24,Y738_MYCTU,P9WKS3,Rv0738,setA,,,181.0
25,Y885_MYCTU,P9WKQ5,Rv0885,setA,,,325.0
26,Y3786_MYCTU,P9WKW9,Rv3786c,setA,,,352.0
27,Y3818_MYCTU,P9WH21,Rv3818,setA,,,508.0
28,Y1735_MYCTU,P9WLS5,Rv1735c,setA,,,60.0
29,Y2927_MYCTU,P9WL15,Rv2927c,setA,,,232.0
30,Y1507_MYCTU,P9WLW5,Rv1507c,setA,,,229.0
31,Y1702_MYCTU,P9WLT3,Rv1702c,setA,,,354.0
32,Y1836_MYCTU,P9WLQ9,Rv1836c,setA,,,532.0
33,Y2963_MYCTU,I6YET7,Rv2963,setA,,,346.0
34,Y1525_MYCTU,P9WLV3,Rv1525,setA,,,237.0
35,Y877_MYCTU,P9WKR3,Rv0877,setA,,,230.0
36,Y487_MYCTU,P9WKU9,Rv0487,setA,,,162.0
37,Y3428_MYCTU,Q50700,Rv3428c,setA,,,331.0
38,Y048_MYCTU,P9WM87,Rv0048c,setA,,,223.0
40,Y2312_MYCTU,P9WLB9,Rv2312,setA,,,50.0
41,Y2597_MYCTU,P9WL73,Rv2597,setA,,,191.0
42,Y0785_MYCTU,P71838,Rv0785,setA,,,540.0
43,Y104_MYCTU,P9WM61,Rv0104,setA,,,398.0
44,Y1265_MYCTU,P9WM49,Rv1265,setA,,,159.0
45,Y1401_MYCTU,P9WG51,Rv1401,setA,,,227.0
46,Y3395_MYCTU,P9WKZ9,Rv3395c,setA,,,168.0
47,Y3776_MYCTU,P72042,Rv3776,setA,,,410.0
48,Y2271_MYCTU,P9WLF7,Rv2271,setA,,,96.0
49,Y1590_MYCTU,P9WLT7,Rv1590,setA,,,66.0
50,Y3486_MYCTU,O06349,Rv3486,setA,,,139.0
51,Y2102_MYCTU,O53500,Rv2102,setA,,,235.0
52,Y3785_MYCTU,P9WKX1,Rv3785,setA,,,283.0
53,Y2345_MYCTU,P9WFJ5,Rv2345,setA,,,565.0
54,Y1332_MYCTU,P9WM25,Rv1332,setA,,,180.0
55,Y250_MYCTU,O53672,Rv0250c,setA,,,84.0
56,Y2897_MYCTU,P9WPR1,Rv2897c,setA,,,478.0
57,Y2917_MYCTU,P9WL21,Rv2917,setA,,,437.0
58,Y2075_MYCTU,P9WLL5,Rv2075c,setA,,,441.0
59,Y2203_MYCTU,P9WLI7,Rv2203,setA,,,139.0
60,Y2297_MYCTU,P9WLD9,Rv2297,setA,,,105.0
61,Y1591_MYCTU,P9WLT5,Rv1591,setA,,,161.0
62,Y1480_MYCTU,P9WLX5,Rv1480,setA,,,271.0
64,Y1459_MYCTU,O53150,Rv1459c,setA,,,495.0
65,Y1986_MYCTU,P9WK31,Rv1986,setA,,,188.0
66,Y2000_MYCTU,P9WLN7,Rv2000,setA,,,469.0
67,Y1291_MYCTU,P9WM33,Rv1291c,setA,,,76.0
68,Y2240_MYCTU,P9WLG7,Rv2240c,setA,,,146.0
69,Y1830_MYCTU,P9WME5,Rv1830,setA,,,154.0
70,Y2926_MYCTU,P9WL17,Rv2926c,setA,,,171.0
71,FLQE3_MYCTU,P9WJB1,Rv2687c,setA,,,232.0
72,API2_MYCTU,O69623,Rv3655c,setA,,,99.0
73,CSTA_MYCTU,P9WP47,Rv3063,setA,,,737.0
74,CFP6_MYCTU,P9WIR1,Rv3004,setA,,,39.0
75,FLQE2_MYCTU,P9WJB3,Rv2686c,setA,,,229.0
76,API1_MYCTU,O69622,Rv3654c,setA,,,82.0
77,34KD_MYCTU,P9WIR9,Rv0954,setA,,,107.0
78,AFTB_MYCTU,O53582,Rv3805c,setA,,,580.0
79,DRRC_MYCTU,P9WG21,Rv2938,setA,,,253.0
80,Y2658_MYCTU,P9WL47,Rv2658c,setA,,,110.0
81,Y2248_MYCTU,P9WLG5,Rv2248,setA,,,264.0
82,Y3835_MYCTU,P9WKW5,Rv3835,setA,,,249.0
83,Y488_MYCTU,P9WK33,Rv0488,setA,,,172.0
84,Y010_MYCTU,P9WMA3,Rv0010c,setA,,,134.0
85,Y964_MYCTU,P9WKM5,Rv0964c,setA,,,92.0
86,Y2197_MYCTU,P9WLI9,Rv2197c,setA,,,53.0
87,Y1282_MYCTU,P9WFZ9,Rv1282c,setA,,,270.0
88,Y1322_MYCTU,P9WM27,Rv1322,setA,,,67.0
89,Y1362_MYCTU,P9WM01,Rv1362c,setA,,,145.0
90,Y3254_MYCTU,O05897,Rv3254,setA,,,435.0
91,Y625_MYCTU,P9WFS5,Rv0625c,setA,,,191.0
92,PLSB_MYCTU,P9WI61,Rv2482c,setA,,,727.0
93,Y502_MYCTU,P9WKT1,Rv0502,setA,,,278.0
94,Y2008_MYCTU,P9WLM9,Rv2008c,setA,,,380.0
95,Y2560_MYCTU,P9WLA1,Rv2560,setA,,,232.0
96,Y2575_MYCTU,P9WL85,Rv2575,setA,,,244.0
97,Y2449_MYCTU,O53176,Rv2449c,setA,,,402.0
98,Y1356_MYCTU,P9WM09,Rv1356c,setA,,,224.0
99,Y1363_MYCTU,P9WLZ9,Rv1363c,setA,,,194.0
100,VPC43_MYCTU,P9WF55,Rv2872,setA,,,141.0
101,Y2576_MYCTU,P9WL83,Rv2576c,setA,,,106.0
102,Y2598_MYCTU,P9WL71,Rv2598,setA,,,163.0
103,Y2637_MYCTU,P9WP07,Rv2637,setA,,,192.0
104,VPC38_MYCTU,O53219,Rv2494,setA,,,139.0
105,Y1486_MYCTU,P9WLX3,Rv1486c,setA,,,259.0
106,Y1491_MYCTU,P9WFS3,Rv1491c,setA,,,156.0
107,Y1510_MYCTU,P9WLW1,Rv1510,setA,,,394.0
108,Y1490_MYCTU,P9WLX1,Rv1490,setA,,,401.0
109,Y2235_MYCTU,P9WGA7,Rv2235,setA,,,242.0
110,Y1268_MYCTU,P9WM47,Rv1268c,setA,,,197.0
111,Y959_MYCTU,P9WKN1,Rv0959,setA,,,583.0
112,Y2077_MYCTU,P9WLL1,Rv2077c,setA,,,150.0
113,Y2295_MYCTU,P9WFL7,Rv2295,setA,,,178.0
114,Y3630_MYCTU,P9WKX9,Rv3630,setA,,,395.0
115,Y2571_MYCTU,P9WL89,Rv2571c,setA,,,323.0
116,Y023_MYCTU,P9WMI3,Rv0023,setA,,,231.0
117,Y961_MYCTU,P9WKM9,Rv0961,setA,,,97.0
118,PHSG_MYCTU,P9WMW1,Rv1328,setA,,,846.0
119,YIDD_MYCTU,P9WFL9,Rv3922c,setA,,,51.0
120,MQO_MYCTU,P9WJP5,Rv2852c,setA,,,483.0
121,PIME_MYCTU,P9WN01,Rv1159,setA,,,376.0
122,PIMG_MYCTU,P9WMZ9,Rv2181,setA,,,395.0
123,TAP_MYCTU,P9WJX9,Rv1258c,setA,,,388.0
124,MCTB_MYCTU,P9WJ83,Rv1698,setA,,,285.0
125,INIC_MYCTU,P9WJ95,Rv0343,setA,,,465.0
126,PLSB1_MYCTU,P9WI59,Rv1551,setA,,,584.0
127,Y882_MYCTU,P9WKQ9,Rv0882,setA,,,30.0
128,Y085_MYCTU,P9WM75,Rv0085,setA,,,192.0
129,PSTC1_MYCTU,P9WG07,Rv0935,setA,,,316.0
130,Y628_MYCTU,P9WKS7,Rv0628c,setA,,,382.0
131,ARFC_MYCTU,P9WJG5,Rv0901,setA,,,87.0
132,TAER_MYCTU,P9WGV5,Rv2953,setA,,,413.0
133,PG47_MYCTU,Q79FB3,Rv2741,setA,,,246.0
134,PE16_MYCTU,L7N697,Rv1430,setA,,,338.0
135,Y890_MYCTU,P9WMG1,Rv0890c,setA,,,817.0
136,SAP_MYCTU,O07802,Rv3821,setA,,,112.0
137,SMASE_MYCTU,P9WKQ1,Rv0888,setA,,,349.0
138,LPPN_MYCTU,P9WK73,Rv2270,setA,,,118.0
139,MMPL1_MYCTU,P9WJV9,Rv0402c,setA,,,890.0
140,TREH_MYCTU,P71741,Rv2402,setA,,,617.0
141,KU_MYCTU,P9WKD9,Rv0937c,setA,,,250.0
142,LPPJ_MYCTU,P9WK77,Rv2080,setA,,,145.0
143,OMP2_MYCTU,P9WJ77,Rv1973,setA,,,150.0
144,PGSA_MYCTU,P9WPG3,Rv2746c,setA,,,174.0
145,RIP2_MYCTU,L0T550,Rv0359,setA,,,233.0
146,MMPS3_MYCTU,P9WJT1,Rv2198c,setA,,,98.0
147,PG34_MYCTU,P9WIF3,Rv1840c,setA,,,388.0
148,PMT_MYCTU,P9WN05,Rv1002c,setA,,,490.0
149,MTB12_MYCTU,P9WIN7,Rv2376c,setA,,,92.0
150,PG30_MYCTU,Q79FL8,Rv1651c,setA,,,572.0
151,OCTT_MYCTU,P71725,Rv2418c,setA,,,236.0
152,LPQB_MYCTU,P9WK37,Rv3244c,setA,,,546.0
153,Y2004_MYCTU,P9WLN3,Rv2004c,setA,,,465.0
154,Y007_MYCTU,P9WMA7,Rv0007,setA,,,82.0
155,PSD_MYCTU,P9WHQ5,Rv0437c,setA,,,223.0
156,Y739_MYCTU,P9WKS1,Rv0739,setA,,,246.0
157,Y883_MYCTU,P9WKQ7,Rv0883c,setA,,,193.0
158,Y1278_MYCTU,P9WM41,Rv1278,setA,,,835.0
159,Y1290_MYCTU,P9WM35,Rv1290c,setA,,,383.0
160,Y497_MYCTU,P9WKU3,Rv0497,setA,,,109.0
162,Y2578_MYCTU,P9WL79,Rv2578c,setA,,,297.0
163,Y2599_MYCTU,P9WL69,Rv2599,setA,,,118.0
164,PE03_MYCTU,Q79G04,Rv0159c,setA,,,436.0
165,Y874_MYCTU,P9WKR9,Rv0874c,setA,,,382.0
166,Y970_MYCTU,P9WKL7,Rv0970,setA,,,134.0
167,Y1101_MYCTU,P9WFM3,Rv1101c,setA,,,277.0
168,Y2227_MYCTU,P9WLH7,Rv2227,setA,,,165.0
169,Y2237_MYCTU,P9WLH1,Rv2237,setA,,,253.0
170,Y1289_MYCTU,P9WM37,Rv1289,setA,,,197.0
171,Y2558_MYCTU,P9WLA3,Rv2558,setA,,,208.0
172,Y2079_MYCTU,P9WLK7,Rv2079,setA,,,551.0
173,Y1352_MYCTU,P9WM15,Rv1352,setA,,,90.0
174,Y268_MYCTU,P95225,Rv0268c,setA,,,74.0
175,VPC33_MYCTU,P9WF69,Rv1242,setA,,,141.0
176,VPC44_MYCTU,P9WF53,Rv3320c,setA,,,141.0
177,Y2723_MYCTU,P9WG93,Rv2723,setA,,,313.0
178,VPC45_MYCTU,O53465,Rv2019,setA,,,132.0
179,Y064_MYCTU,P9WFL5,Rv0064,setA,,,841.0
180,Y2100_MYCTU,P9WLJ3,Rv2100,setA,,,418.0
181,Y2078_MYCTU,P9WLK9,Rv2078,setA,,,102.0
183,Y1355_MYCTU,P9WM11,Rv1355c,setA,,,675.0
184,VPC16_MYCTU,P0CV93,Rv2231A,setA,,,70.0
185,Y1824_MYCTU,P9WLR7,Rv1824,setA,,,112.0
186,Y1502_MYCTU,P9WLW7,Rv1502,setA,,,293.0
187,Y025_MYCTU,P9WMA1,Rv0025,setA,,,113.0
188,Y955_MYCTU,P9WKN3,Rv0955,setA,,,362.0
189,Y093_MYCTU,P9WM69,Rv0093c,setA,,,167.0
190,Y1109_MYCTU,P9WM59,Rv1109c,setA,,,117.0
191,Y477_MYCTU,P9WKV9,Rv0477,setA,,,107.0
192,Y205_MYCTU,P9WFM5,Rv0205,setA,,,306.0
193,Y3412_MYCTU,P9WKY9,Rv3412,setA,,,120.0
194,Y364_MYCTU,P9WP09,Rv0364,setA,,,182.0
195,VPC39_MYCTU,P9WF63,Rv2530c,setA,,,138.0
196,Y1813_MYCTU,P9WLS1,Rv1813c,setA,,,94.0
197,Y1877_MYCTU,P9WG85,Rv1877,setA,,,531.0
198,Y3035_MYCTU,I6XFZ8,Rv3035,setA,,,400.0
199,Y106_MYCTU,P9WPI5,Rv0106,setA,,,370.0
200,Y0574_MYCTU,P9WM79,Rv0574c,setA,,,369.0
201,Y2239_MYCTU,P9WLG9,Rv2239c,setA,,,126.0
202,Y2557_MYCTU,P9WLA5,Rv2557,setA,,,207.0
203,Y1417_MYCTU,P9WLY1,Rv1417,setA,,,145.0
204,Y2086_MYCTU,P64937,Rv2086,setA,,,112.0
205,Y2206_MYCTU,P9WLI5,Rv2206,setA,,,163.0
206,Y2272_MYCTU,P9WLF5,Rv2272,setA,,,91.0
207,SAPM_MYCTU,O53361,Rv3310,setA,,,253.0
208,Y028_MYCTU,P9WM97,Rv0028,setA,,,100.0
209,Y441_MYCTU,P9WKW3,Rv0441c,setA,,,136.0
210,Y481_MYCTU,P9WKV5,Rv0481c,setA,,,172.0
211,RSMAF_MYCTU,P9WJ65,Rv3912,setA,,,173.0
212,Y039_MYCTU,P9WM89,Rv0039c,setA,,,44.0
213,Y090_MYCTU,P9WM71,Rv0090,setA,,,242.0
214,Y963_MYCTU,P9WKM7,Rv0963c,setA,,,257.0
215,Y1128_MYCTU,P9WM57,Rv1128c,setA,,,422.0
216,Y0026_MYCTU,P9WMB1,Rv0026,setA,,,204.0
217,PSTC2_MYCTU,P9WG05,Rv0929,setA,,,299.0
218,Y1312_MYCTU,P9WM29,Rv1312,setA,,,98.0
219,Y493_MYCTU,P9WKU7,Rv0493c,setA,,,274.0
220,Y004_MYCTU,P9WFL1,Rv0004,setA,,,125.0
221,Y2628_MYCTU,P9WL65,Rv2628,setA,,,71.0
222,Y966_MYCTU,P9WKM1,Rv0966c,setA,,,144.0
223,Y479_MYCTU,P9WKV7,Rv0479c,setA,,,233.0
224,VAPB8_MYCTU,O06775,Rv0664,setA,,,39.0
225,Y313_MYCTU,P9WL03,Rv0313,setA,,,60.0
226,Y875_MYCTU,P9WKR7,Rv0875c,setA,,,153.0
227,Y102_MYCTU,P9WM63,Rv0102,setA,,,617.0
228,Y2083_MYCTU,P9WLK3,Rv2083,setA,,,64.0
229,Y2219_MYCTU,P9WLI1,Rv2219,setA,,,200.0
230,Y1283_MYCTU,P9WFZ7,Rv1283c,setA,,,316.0
231,Y1733_MYCTU,P9WLS9,Rv1733c,setA,,,113.0
232,Y3067_MYCTU,I6YB21,Rv3067,setA,,,96.0
233,Y1509_MYCTU,P9WLW3,Rv1509,setA,,,280.0
234,Y559_MYCTU,P9WKL3,Rv0559c,setA,,,90.0
235,Y3479_MYCTU,O06342,Rv3479,setA,,,838.0
236,Y3403_MYCTU,P9WKZ5,Rv3403c,setA,,,513.0
237,Y2305_MYCTU,P9WLD1,Rv2305,setA,,,356.0
238,Y1271_MYCTU,P9WM43,Rv1271c,setA,,,77.0
239,Y2629_MYCTU,P9WL63,Rv2629,setA,,,323.0
240,Y2568_MYCTU,P9WL95,Rv2568c,setA,,,327.0
241,VPC50_MYCTU,L0TGF0,Rv3749c,setA,,,108.0
242,LPRE_MYCTU,P9WK49,Rv1252c,setA,,,126.0
243,LPRN_MYCTU,I6Y3P1,Rv3495c,setA,,,305.0
244,MMPL9_MYCTU,P9WJU3,Rv2339,setA,,,874.0
245,MMPL8_MYCTU,P9WJU5,Rv3823c,setA,,,894.0
246,PG44_MYCTU,P9WIE9,Rv2591,setA,,,376.0
247,PG11_MYCTU,Q79FW5,Rv0754,setA,,,459.0
248,PSS_MYCTU,P9WPG1,Rv0436c,setA,,,229.0
249,MAZE5_MYCTU,P9WJ89,Rv1943c,setA,,,84.0
250,MPTA_MYCTU,O53508,Rv2174,setA,,,490.0
251,MMPL7_MYCTU,P9WJU7,Rv2942,setA,,,642.0
252,NRDR_MYCTU,P9WIZ1,Rv2718c,setA,,,151.0
253,HBHA_MYCTU,P9WIP9,Rv0475,setA,,,118.0
254,PRA_MYCTU,P9WIM7,Rv1078,setA,,,161.0
255,PG26_MYCTU,Q79FP3,Rv1441c,setA,,,169.0
256,HIGB2_MYCTU,O53468,Rv2022c,setA,,,118.0
257,MMPL4_MYCTU,P9WJV3,Rv0450c,setA,,,871.0
258,MMPL2_MYCTU,P9WJV7,Rv0507,setA,,,895.0
259,MMPLC_MYCTU,P9WJT7,Rv1522c,setA,,,874.0
260,MEPRM_MYCTU,O05318,Rv1217c,setA,,,516.0
261,MMPLA_MYCTU,P9WJU1,Rv1183,setA,,,832.0
262,AFTA_MYCTU,P9WN03,Rv3792,setA,,,618.0
263,DHE2_MYCTU,O53203,Rv2476c,setA,,,1523.0
264,ERG3_MYCTU,P9WNZ9,Rv1814,setA,,,275.0
265,AFTC_MYCTU,P9WMZ7,Rv2673,setA,,,401.0
266,CWSA_MYCTU,P9WJF3,Rv0008c,setA,,,57.0
267,CHP2_MYCTU,O50440,Rv1184c,setA,,,305.0
268,ESPE_MYCTU,P9WJD3,Rv3864,setA,,,169.0
269,ECCE1_MYCTU,P9WJE9,Rv3882c,setA,,,436.0
270,COBQ_MYCTU,P9WP95,Rv0255c,setA,,,466.0
271,EX7L_MYCTU,P9WF31,Rv1108c,setA,,,391.0
272,ESPA_MYCTU,P9WJE1,Rv3616c,setA,,,200.0
273,CHP1_MYCTU,O07801,Rv3822,setA,,,255.0
274,ESPD_MYCTU,P9WJD5,Rv3614c,setA,,,111.0
275,LPPW_MYCTU,P9WK67,Rv2905,setA,,,245.0
276,LPQS_MYCTU,O53859,Rv0847,setA,,,40.0
277,LPRD_MYCTU,P9WK51,Rv1343c,setA,,,102.0
278,LPPK_MYCTU,P9WK75,Rv2116,setA,,,116.0
279,LPRI_MYCTU,P9WK41,Rv1541c,setA,,,168.0
280,MFTB_MYCTU,P95038,Rv0692,setA,,,91.0
281,ESPI_MYCTU,P9WJC5,Rv3876,setA,,,274.0
282,COBD_MYCTU,P9WP93,Rv2236c,setA,,,309.0
284,MMPL5_MYCTU,P9WJV1,Rv0676c,setA,,,873.0
285,COBS_MYCTU,P9WP91,Rv2208,setA,,,246.0
286,ESPH_MYCTU,O69732,Rv3867,setA,,,107.0
287,LPPP_MYCTU,P9WK69,Rv2330c,setA,,,145.0
288,LPQV_MYCTU,P9WK57,Rv1064c,setA,,,92.0
289,LPRB_MYCTU,P9WK53,Rv1274,setA,,,140.0
290,LPRH_MYCTU,P9WK43,Rv1418,setA,,,174.0
291,LPRP_MYCTU,P9WK39,Rv0962c,setA,,,156.0
293,ESPJ_MYCTU,P9WJC3,Rv3878,setA,,,96.0
294,ESPK_MYCTU,P9WJC1,Rv3879c,setA,,,372.0
295,GLND_MYCTU,P9WN29,Rv2918c,setA,,,717.0
296,DRRB_MYCTU,P9WG23,Rv2937,setA,,,222.0
297,CPSY_MYCTU,P9WGD1,Rv0806c,setA,,,486.0
298,COBB_MYCTU,P9WP97,Rv2848c,setA,,,447.0
299,ECCE2_MYCTU,P9WJE7,Rv3885c,setA,,,490.0
300,ECCE5_MYCTU,P9WJE3,Rv1797,setA,,,296.0
301,DESA3_MYCTU,P9WNZ3,Rv3229c,setA,,,417.0
302,GLFT1_MYCTU,P9WMX3,Rv3782,setA,,,294.0
303,O06378_MYCTU,O06378,Rv3629c,setA,,,322.0
305,O53319_MYCTU,O53319,Rv3169,setA,,,364.0
306,I6Y897_MYCTU,I6Y897,Rv0613c,setA,,,790.0
307,O53489_MYCTU,O53489,Rv2046,setA,,,179.0
308,O07196_MYCTU,O07196,Rv2694c,setA,,,91.0
309,I6YHB0_MYCTU,I6YHB0,Rv3852,setA,,,48.0
310,L7N658_MYCTU,L7N658,Rv3294c,setA,,,209.0
311,P95115_MYCTU,P95115,Rv2980,setA,,,164.0
312,I6YGE4_MYCTU,I6YGE4,Rv3528c,setA,,,227.0
313,O86317_MYCTU,O86317,Rv2680,setA,,,167.0
314,O53420_MYCTU,O53420,Rv1072,setA,,,230.0
315,P96353_MYCTU,P96353,Rv1048c,setA,,,319.0
316,I6YG51_MYCTU,I6YG51,Rv3437,setA,,,36.0
317,P96912_MYCTU,P96912,Rv0622,setA,,,252.0
318,P95201_MYCTU,P95201,Rv0393,setA,,,282.0
319,O53213_MYCTU,O53213,Rv2488c,setA,,,972.0
320,P95204_MYCTU,P95204,Rv0396,setA,,,95.0
321,P95210_MYCTU,P95210,Rv0401,setA,,,117.0
322,P96277_MYCTU,P96277,Rv0431,setA,,,85.0
323,I6X7G4_MYCTU,I6X7G4,Rv3493c,setA,,,164.0
324,O05436_MYCTU,O05436,Rv3909,setA,,,691.0
325,O05880_MYCTU,O05880,Rv3235,setA,,,128.0
326,O33188_MYCTU,O33188,Rv1686c,setA,,,207.0
327,O53776_MYCTU,O53776,Rv0579,setA,,,233.0
328,O05769_MYCTU,O05769,Rv3090,setA,,,252.0
329,I6X8E6_MYCTU,I6X8E6,Rv0061c,setA,,,87.0
330,I6Y560_MYCTU,I6Y560,Rv0922,setA,,,485.0
331,O07424_MYCTU,O07424,Rv0180c,setA,,,399.0
332,O06829_MYCTU,O06829,Rv1429,setA,,,396.0
333,O05904_MYCTU,O05904,Rv0912,setA,,,127.0
334,P96217_MYCTU,P96217,Rv3860,setA,,,264.0
335,O06803_MYCTU,O06803,Rv1770,setA,,,393.0
336,O50392_MYCTU,O50392,Rv3363c,setA,,,106.0
337,O86313_MYCTU,O86313,Rv1230c,setA,,,178.0
338,O86339_MYCTU,O86339,Rv2060,setA,,,130.0
339,O50435_MYCTU,O50435,Rv1179c,setA,,,809.0
340,P96868_MYCTU,P96868,Rv3263,setA,,,496.0
341,O06813_MYCTU,O06813,Rv1446c,setA,,,296.0
342,O07034_MYCTU,O07034,Rv3123,setA,,,68.0
343,O05887_MYCTU,O05887,Rv3242c,setA,,,185.0
344,O50414_MYCTU,O50414,Rv3387,setA,,,223.0
345,O05859_MYCTU,O05859,Rv3207c,setA,,,250.0
346,O07429_MYCTU,O07429,Rv0185,setA,,,165.0
347,O06807_MYCTU,O06807,Rv1453,setA,,,389.0
348,P71986_MYCTU,P71986,Rv1728c,setA,,,160.0
349,O05574_MYCTU,O05574,Rv0991c,setA,,,52.0
350,P95131_MYCTU,P95131,Rv2961,setA,,,124.0
351,I6Y3V3_MYCTU,I6Y3V3,Rv0473,setA,,,417.0
352,O07755_MYCTU,O07755,Rv1874,setA,,,226.0
353,O07804_MYCTU,O07804,Rv3819,setA,,,105.0
354,O53703_MYCTU,O53703,Rv0368c,setA,,,310.0
355,I6Y4V2_MYCTU,I6Y4V2,Rv0804,setA,,,202.0
356,O07234_MYCTU,O07234,Rv0307c,setA,,,140.0
357,P71840_MYCTU,P71840,Rv0787,setA,,,183.0
358,P95203_MYCTU,P95203,Rv0395,setA,,,42.0
359,O33198_MYCTU,O33198,Rv1697,setA,,,361.0
360,O86314_MYCTU,O86314,Rv1231c,setA,,,125.0
361,Q93IG6_MYCTU,Q93IG6,Rv3365c,setA,,,629.0
362,I6XEI0_MYCTU,I6XEI0,Rv2520c,setA,,,54.0
363,Q11028_MYCTU,Q11028,Rv1358,setA,,,910.0
364,O33193_MYCTU,O33193,Rv1691,setA,,,220.0
365,I6XF31_MYCTU,I6XF31,Rv2696c,setA,,,196.0
366,L7N680_MYCTU,L7N680,Rv3812,setA,,,286.0
367,O07772_MYCTU,O07772,Rv0606,setA,,,237.0
368,P96883_MYCTU,P96883,Rv3278c,setA,,,37.0
369,I6XHM5_MYCTU,I6XHM5,Rv3590c,setA,,,175.0
370,O06141_MYCTU,O06141,Rv1624c,setA,,,46.0
371,O69661_MYCTU,O69661,Rv3693,setA,,,415.0
372,O07741_MYCTU,O07741,Rv1891,setA,,,101.0
373,O69662_MYCTU,O69662,Rv3694c,setA,,,295.0
374,I6YGT7_MYCTU,I6YGT7,Rv3632,setA,,,34.0
375,I6X9E8_MYCTU,I6X9E8,Rv0612,setA,,,127.0
377,Q79FJ9_MYCTU,Q79FJ9,Rv1803c,setA,,,311.0
378,Q79G06_MYCTU,Q79G06,Rv0151c,setA,,,487.0
379,P71985_MYCTU,P71985,Rv1727,setA,,,188.0
380,P96220_MYCTU,P96220,Rv3857c,setA,,,57.0
381,P72037_MYCTU,P72037,Rv3770c,setA,,,176.0
382,O05312_MYCTU,O05312,Rv1211,setA,,,55.0
383,O53705_MYCTU,O53705,Rv0370c,setA,,,294.0
384,P71925_MYCTU,P71925,Rv2423,setA,,,339.0
385,P71640_MYCTU,P71640,Rv2811,setA,,,190.0
386,O53652_MYCTU,O53652,Rv0201c,setA,,,142.0
387,I6YEJ7_MYCTU,I6YEJ7,Rv2856,setA,,,277.0
388,O69663_MYCTU,O69663,Rv3695,setA,,,225.0
389,O53930_MYCTU,O53930,Rv1779c,setA,,,350.0
390,Q10844_MYCTU,Q10844,Rv2013,setA,,,139.0
391,I6Y748_MYCTU,I6Y748,Rv0204c,setA,,,283.0
392,I6XEH5_MYCTU,I6XEH5,Rv2515c,setA,,,351.0
393,O05899_MYCTU,O05899,Rv3256c,setA,,,326.0
394,O33285_MYCTU,O33285,Rv2742c,setA,,,71.0
395,I6X552_MYCTU,I6X552,Rv2698,setA,,,145.0
396,P71982_MYCTU,P71982,Rv1724c,setA,,,99.0
397,Q79FZ9_MYCTU,Q79FZ9,Rv0169,setA,,,270.0
398,I6XWF9_MYCTU,I6XWF9,Rv0863,setA,,,38.0
400,O53931_MYCTU,O53931,Rv1780,setA,,,179.0
401,P71754_MYCTU,P71754,Rv2390c,setA,,,154.0
402,I6Y2Q7_MYCTU,I6Y2Q7,Rv3136A,setA,,,95.0
403,O06295_MYCTU,O06295,Rv0344c,setA,,,119.0
404,O05304_MYCTU,O05304,Rv1203c,setA,,,189.0
406,O06577_MYCTU,O06577,Rv1125,setA,,,412.0
407,P71799_MYCTU,P71799,Rv1371,setA,,,438.0
408,O53462_MYCTU,O53462,Rv2016,setA,,,145.0
409,O53731_MYCTU,O53731,Rv0446c,setA,,,252.0
410,O53246_MYCTU,O53246,Rv2999,setA,,,283.0
411,P71644_MYCTU,P71644,Rv2807,setA,,,321.0
412,P71833_MYCTU,P71833,Rv0779c,setA,,,178.0
413,O07719_MYCTU,O07719,Rv1914c,setA,,,124.0
414,P96391_MYCTU,P96391,Rv0209,setA,,,342.0
415,O53970_MYCTU,O53970,Rv1969,setA,,,359.0
416,I6YCQ7_MYCTU,I6YCQ7,Rv3675,setA,,,56.0
417,P94979_MYCTU,P94979,Rv1645c,setA,,,297.0
418,O53495_MYCTU,O53495,Rv2053c,setA,,,30.0
419,O06394_MYCTU,O06394,Rv0528,setA,,,506.0
420,O53523_MYCTU,O53523,Rv2189c,setA,,,233.0
421,P95238_MYCTU,P95238,Rv2342,setA,,,35.0
422,O33319_MYCTU,O33319,Rv2777c,setA,,,280.0
423,I6YAC9_MYCTU,I6YAC9,Rv2828A,setA,,,85.0
424,I6XG31_MYCTU,I6XG31,Rv3064c,setA,,,139.0
425,I6Y1K7_MYCTU,I6Y1K7,Rv2735c,setA,,,286.0
426,I6YEY1_MYCTU,I6YEY1,Rv3008,setA,,,67.0
427,P71916_MYCTU,P71916,Rv2433c,setA,,,77.0
428,O06404_MYCTU,O06404,Rv0538,setA,,,211.0
429,O53429_MYCTU,O53429,Rv1081c,setA,,,140.0
430,O33237_MYCTU,O33237,Rv2732c,setA,,,54.0
431,O53351_MYCTU,O53351,Rv3258c,setA,,,91.0
432,O53837_MYCTU,O53837,Rv0826,setA,,,304.0
433,O06308_MYCTU,O06308,Rv0358,setA,,,202.0
434,O33224_MYCTU,O33224,Rv1228,setA,,,79.0
436,O53846_MYCTU,O53846,Rv0835,setA,,,173.0
438,P95021_MYCTU,P95021,Rv2532c,setA,,,87.0
439,P95253_MYCTU,P95253,Rv1961,setA,,,57.0
440,O33362_MYCTU,O33362,Rv0517,setA,,,364.0
441,O06407_MYCTU,O06407,Rv0541c,setA,,,447.0
442,I6YE67_MYCTU,I6YE67,Rv2707,setA,,,264.0
443,O07419_MYCTU,O07419,Rv0175,setA,,,153.0
444,O07423_MYCTU,O07423,Rv0179c,setA,,,323.0
445,I6YC44_MYCTU,I6YC44,Rv3434c,setA,,,164.0
446,O33184_MYCTU,O33184,Rv1682,setA,,,239.0
447,O06816_MYCTU,O06816,Rv1443c,setA,,,156.0
448,O53969_MYCTU,O53969,Rv1968,setA,,,288.0
449,P96937_MYCTU,P96937,Rv0648,setA,,,1199.0
450,I6X562_MYCTU,I6X562,Rv2708c,setA,,,32.0
451,O69720_MYCTU,O69720,Rv3753c,setA,,,160.0
452,P96214_MYCTU,P96214,Rv3863,setA,,,244.0
453,I6X9N4_MYCTU,I6X9N4,Rv0741,setA,,,95.0
454,O33255_MYCTU,O33255,Rv2120c,setA,,,148.0
455,O53978_MYCTU,O53978,Rv1977,setA,,,276.0
456,L7N698_MYCTU,L7N698,Rv1966,setA,,,365.0
457,O53962_MYCTU,O53962,Rv1920,setA,,,265.0
458,O53702_MYCTU,O53702,Rv0367c,setA,,,123.0
459,P95267_MYCTU,P95267,Rv1947,setA,,,124.0
460,O53400_MYCTU,O53400,Rv1052,setA,,,83.0
461,O53971_MYCTU,O53971,Rv1970,setA,,,318.0
462,O53682_MYCTU,O53682,Rv0276,setA,,,279.0
463,I6YB54_MYCTU,I6YB54,Rv3096,setA,,,349.0
464,I6WZ58_MYCTU,I6WZ58,Rv0713,setA,,,263.0
465,P95161_MYCTU,P95161,Rv1853,setA,,,207.0
466,I6YA17_MYCTU,I6YA17,Rv2699c,setA,,,70.0
467,I6YEF3_MYCTU,I6YEF3,Rv2809,setA,,,84.0
468,I6YA42_MYCTU,I6YA42,Rv2734,setA,,,236.0
469,O53385_MYCTU,O53385,Rv3335c,setA,,,221.0
470,P96923_MYCTU,P96923,Rv0633c,setA,,,197.0
471,O06583_MYCTU,O06583,Rv1132,setA,,,567.0
472,O53336_MYCTU,O53336,Rv3190c,setA,,,344.0
473,L7N692_MYCTU,L7N692,Rv1489,setA,,,116.0
474,O33222_MYCTU,O33222,Rv1226c,setA,,,400.0
475,O50451_MYCTU,O50451,Rv1234,setA,,,138.0
476,O50430_MYCTU,O50430,Rv1174c,setA,,,79.0
479,O05444_MYCTU,O05444,Rv3901c,setA,,,51.0
480,P72040_MYCTU,P72040,Rv3773c,setA,,,186.0
481,I6X961_MYCTU,I6X961,Rv0461,setA,,,57.0
482,P71708_MYCTU,P71708,Rv0051,setA,,,516.0
483,I6WYT7_MYCTU,I6WYT7,Rv0592,setA,,,410.0
484,O06320_MYCTU,O06320,Rv3453,setA,,,77.0
485,O06198_MYCTU,O06198,Rv2616,setA,,,149.0
486,O06410_MYCTU,O06410,Rv0544c,setA,,,79.0
487,P96389_MYCTU,P96389,Rv0207c,setA,,,195.0
488,I6Y481_MYCTU,I6Y481,Rv0610c,setA,,,370.0
489,I6XF60_MYCTU,I6XF60,Rv2731,setA,,,390.0
490,P96229_MYCTU,P96229,Rv3848,setA,,,199.0
491,O07417_MYCTU,O07417,Rv0173,setA,,,342.0
492,I6XF52_MYCTU,I6XF52,Rv2721c,setA,,,438.0
493,I6X7P2_MYCTU,I6X7P2,Rv3572,setA,,,152.0
494,O86337_MYCTU,O86337,Rv1275,setA,,,155.0
495,P71965_MYCTU,P71965,Rv2668,setA,,,150.0
496,O07415_MYCTU,O07415,Rv0171,setA,,,361.0
497,P96235_MYCTU,P96235,Rv3843c,setA,,,250.0
498,O53650_MYCTU,O53650,Rv0199,setA,,,157.0
499,I6YCS6_MYCTU,I6YCS6,Rv3698,setA,,,487.0
500,O69625_MYCTU,O69625,Rv3657c,setA,,,151.0
501,P96837_MYCTU,P96837,Rv3555c,setA,,,281.0
502,P71738_MYCTU,P71738,Rv2405,setA,,,135.0
503,P71796_MYCTU,P71796,Rv1517,setA,,,139.0
505,O05445_MYCTU,O05445,Rv3900c,setA,,,180.0
506,P71733_MYCTU,P71733,Rv2410c,setA,,,289.0
507,I6Y1F9_MYCTU,I6Y1F9,Rv2665,setA,,,70.0
508,O53480_MYCTU,O53480,Rv2036,setA,,,205.0
509,O53720_MYCTU,O53720,Rv0386,setA,,,1011.0
510,O06555_MYCTU,O06555,Rv1157c,setA,,,138.0
511,O06797_MYCTU,O06797,Rv1762c,setA,,,77.0
512,P94983_MYCTU,P94983,Rv1648,setA,,,250.0
513,I6YG27_MYCTU,I6YG27,Rv3415c,setA,,,268.0
514,O05439_MYCTU,O05439,Rv3906c,setA,,,157.0
515,I6Y469_MYCTU,I6Y469,Rv3647c,setA,,,181.0
516,P94973_MYCTU,P94973,Rv1639c,setA,,,441.0
517,I6XFI7_MYCTU,I6XFI7,Rv2867c,setA,,,271.0
518,O06422_MYCTU,O06422,Rv0556,setA,,,149.0
519,O53421_MYCTU,O53421,Rv1073,setA,,,275.0
520,O69699_MYCTU,O69699,Rv3732,setA,,,238.0
521,O06790_MYCTU,O06790,Rv1754c,setA,,,354.0
523,O06128_MYCTU,O06128,Rv1610,setA,,,97.0
524,P71804_MYCTU,P71804,Rv1376,setA,,,459.0
525,O53874_MYCTU,O53874,Rv0862c,setA,,,698.0
526,O06213_MYCTU,O06213,Rv2164c,setA,,,82.0
527,I6X9Q1_MYCTU,I6X9Q1,Rv0749A,setA,,,31.0
528,O06241_MYCTU,O06241,Rv2134c,setA,,,168.0
529,O53222_MYCTU,O53222,Rv2517c,setA,,,60.0
530,O05294_MYCTU,O05294,Rv1192,setA,,,237.0
531,I6XG38_MYCTU,I6XG38,Rv3074,setA,,,372.0
532,O06570_MYCTU,O06570,Rv1118c,setA,,,181.0
533,P71923_MYCTU,P71923,Rv2425c,setA,,,367.0
534,P96805_MYCTU,P96805,Rv0128,setA,,,211.0
536,O53316_MYCTU,O53316,Rv3166c,setA,,,170.0
537,I6X7F2_MYCTU,I6X7F2,Rv3483c,setA,,,138.0
538,P96400_MYCTU,P96400,Rv0218,setA,,,413.0
539,P96378_MYCTU,P96378,Rv1022,setA,,,218.0
540,I6X9F4_MYCTU,I6X9F4,Rv0621,setA,,,242.0
541,P96882_MYCTU,P96882,Rv3277,setA,,,38.0
542,O07222_MYCTU,O07222,Rv1810,setA,,,59.0
543,O53572_MYCTU,O53572,Rv3587c,setA,,,190.0
544,O86316_MYCTU,O86316,Rv1233c,setA,,,31.0
545,P96266_MYCTU,P96266,Rv0420c,setA,,,69.0
547,O06393_MYCTU,O06393,Rv0529,setA,,,276.0
548,I6Y4F1_MYCTU,I6Y4F1,Rv0680c,setA,,,95.0
549,O50442_MYCTU,O50442,Rv1186c,setA,,,476.0
550,I6YE70_MYCTU,I6YE70,Rv2712c,setA,,,334.0
551,Q6MWX4_MYCTU,Q6MWX4,Rv3395A,setA,,,173.0
552,I6YC95_MYCTU,I6YC95,Rv3494c,setA,,,394.0
553,I6Y0X6_MYCTU,I6Y0X6,Rv2510c,setA,,,439.0
554,P95232_MYCTU,P95232,Rv2336,setA,,,240.0
555,P96401_MYCTU,P96401,Rv0219,setA,,,162.0
556,P71839_MYCTU,P71839,Rv0786c,setA,,,128.0
557,O53716_MYCTU,O53716,Rv0381c,setA,,,274.0
558,O69714_MYCTU,O69714,Rv3747,setA,,,121.0
559,O07033_MYCTU,O07033,Rv3122,setA,,,110.0
560,O33248_MYCTU,O33248,Rv2113,setA,,,333.0
561,O69654_MYCTU,O69654,Rv3686c,setA,,,31.0
563,P95206_MYCTU,P95206,Rv0398c,setA,,,157.0
564,O06578_MYCTU,O06578,Rv1126c,setA,,,196.0
565,O53477_MYCTU,O53477,Rv2033c,setA,,,248.0
567,O53417_MYCTU,O53417,Rv1069c,setA,,,516.0
568,P96247_MYCTU,P96247,Rv3831,setA,,,156.0
569,O06171_MYCTU,O06171,Rv2508c,setA,,,407.0
570,O07745_MYCTU,O07745,Rv1887,setA,,,233.0
571,Q79FY7_MYCTU,Q79FY7,Rv0589,setA,,,354.0
572,I6X5B0_MYCTU,I6X5B0,Rv2762c,setA,,,58.0
573,O53517_MYCTU,O53517,Rv2183c,setA,,,71.0
575,O53151_MYCTU,O53151,Rv1460,setA,,,207.0
576,O06242_MYCTU,O06242,Rv2133c,setA,,,261.0
577,I6X043_MYCTU,I6X043,Rv1034c,setA,,,126.0
578,P71729_MYCTU,P71729,Rv2414c,setA,,,488.0
579,I6WYU2_MYCTU,I6WYU2,Rv0597c,setA,,,403.0
580,I6X579_MYCTU,I6X579,Rv2728c,setA,,,227.0
581,I6XEK2_MYCTU,I6XEK2,Rv2548A,setA,,,122.0
582,P71806_MYCTU,P71806,Rv1378c,setA,,,393.0
583,P95184_MYCTU,P95184,Rv3142c,setA,,,124.0
584,O53531_MYCTU,O53531,Rv2257c,setA,,,271.0
585,O53973_MYCTU,O53973,Rv1972,setA,,,152.0
586,O06230_MYCTU,O06230,Rv2146c,setA,,,95.0
587,O69681_MYCTU,O69681,Rv3714c,setA,,,274.0
588,Q79G05_MYCTU,Q79G05,Rv0152c,setA,,,341.0
589,Q6MX36_MYCTU,Q6MX36,Rv0492A,setA,,,104.0
590,O53298_MYCTU,O53298,Rv3081,setA,,,291.0
591,I6Y1F0_MYCTU,I6Y1F0,Rv2655c,setA,,,373.0
592,Q50732_MYCTU,Q50732,Rv2566,setA,,,1056.0
593,P95285_MYCTU,P95285,Rv1929c,setA,,,199.0
594,Q6MWZ8_MYCTU,Q6MWZ8,Rv3208A,setA,,,67.0
595,I6XW93_MYCTU,I6XW93,Rv0762c,setA,,,180.0
596,P71749_MYCTU,P71749,Rv2395,setA,,,605.0
597,O53514_MYCTU,O53514,Rv2180c,setA,,,231.0
598,I6X630_MYCTU,I6X630,Rv3032A,setA,,,101.0
599,O53463_MYCTU,O53463,Rv2017,setA,,,318.0
600,O69696_MYCTU,O69696,Rv3729,setA,,,668.0
601,O53315_MYCTU,O53315,Rv3165c,setA,,,115.0
602,I6X9E2_MYCTU,I6X9E2,Rv0604,setA,,,274.0
603,O53322_MYCTU,O53322,Rv3172c,setA,,,63.0
604,I6YGA5_MYCTU,I6YGA5,Rv3492c,setA,,,159.0
605,O07787_MYCTU,O07787,Rv0591,setA,,,337.0
606,I6Y1W7_MYCTU,I6Y1W7,Rv2862c,setA,,,168.0
607,P95011_MYCTU,P95011,Rv2542,setA,,,257.0
608,I6XWK6_MYCTU,I6XWK6,Rv0923c,setA,,,341.0
609,P72038_MYCTU,P72038,Rv3771c,setA,,,95.0
610,O53528_MYCTU,O53528,Rv2254c,setA,,,127.0
611,I6Y2H3_MYCTU,I6Y2H3,Rv3078,setA,,,132.0
612,I6X9N8_MYCTU,I6X9N8,Rv0745,setA,,,64.0
613,P96409_MYCTU,P96409,Rv0227c,setA,,,316.0
614,I6X520_MYCTU,I6X520,Rv2663,setA,,,76.0
615,P71654_MYCTU,P71654,Rv2797c,setA,,,501.0
616,P95152_MYCTU,P95152,Rv1863c,setA,,,243.0
617,O06310_MYCTU,O06310,Rv0360c,setA,,,130.0
618,I6Y8X8_MYCTU,I6Y8X8,Rv0850,setA,,,38.0
619,O53399_MYCTU,O53399,Rv1051c,setA,,,215.0
620,I6YAE2_MYCTU,I6YAE2,Rv2843,setA,,,112.0
621,I6Y460_MYCTU,I6Y460,Rv3635,setA,,,587.0
622,O33329_MYCTU,O33329,Rv2787,setA,,,489.0
623,O06218_MYCTU,O06218,Rv2159c,setA,,,337.0
624,O53807_MYCTU,O53807,Rv0744c,setA,,,158.0
625,O53448_MYCTU,O53448,Rv1100,setA,,,182.0
626,O06370_MYCTU,O06370,Rv3637,setA,,,156.0
627,L0T545_MYCTU,L0T545,Rv0354c,setA,,,67.0
628,O05895_MYCTU,O05895,Rv3252c,setA,,,395.0
629,O05884_MYCTU,O05884,Rv3239c,setA,,,864.0
630,O06830_MYCTU,O06830,Rv1428c,setA,,,259.0
631,P95154_MYCTU,P95154,Rv1861,setA,,,58.0
632,P71949_MYCTU,P71949,Rv2652c,setA,,,136.0
633,O06823_MYCTU,O06823,Rv1435c,setA,,,34.0
634,P71646_MYCTU,P71646,Rv2805,setA,,,94.0
635,O53329_MYCTU,O53329,Rv3179,setA,,,421.0
636,O86349_MYCTU,O86349,Rv1457c,setA,,,246.0
637,O06568_MYCTU,O06568,Rv1116,setA,,,36.0
638,Q79FQ7_MYCTU,Q79FQ7,Rv1243c,setA,,,180.0
639,O05876_MYCTU,O05876,Rv3231c,setA,,,162.0
640,O05448_MYCTU,O05448,Rv3896c,setA,,,242.0
642,O06311_MYCTU,O06311,Rv0361,setA,,,131.0
643,O05888_MYCTU,O05888,Rv3243c,setA,,,246.0
644,O05573_MYCTU,O05573,Rv0990c,setA,,,171.0
645,O53313_MYCTU,O53313,Rv3163c,setA,,,389.0
646,P71552_MYCTU,P71552,Rv0958,setA,,,450.0
647,P95287_MYCTU,P95287,Rv1927,setA,,,228.0
648,O86346_MYCTU,O86346,Rv0939,setA,,,637.0
649,I6X548_MYCTU,I6X548,Rv2693c,setA,,,90.0
650,L0T9Q6_MYCTU,L0T9Q6,Rv1949c,setA,,,262.0
652,Q79FG7_MYCTU,Q79FG7,Rv2219A,setA,,,108.0
653,O69658_MYCTU,O69658,Rv3690,setA,,,155.0
654,I6YA50_MYCTU,I6YA50,Rv2743c,setA,,,155.0
655,L0T2W6_MYCTU,L0T2W6,Rv0174,setA,,,418.0
656,I6Y9K2_MYCTU,I6Y9K2,Rv2528c,setA,,,276.0
657,L7N651_MYCTU,L7N651,Rv0470A,setA,,,66.0
658,O53963_MYCTU,O53963,Rv1921c,setA,,,391.0
659,P71837_MYCTU,P71837,Rv0784,setA,,,208.0
660,O05305_MYCTU,O05305,Rv1204c,setA,,,523.0
661,I6Y8Z3_MYCTU,I6Y8Z3,Rv0870c,setA,,,126.0
662,O06298_MYCTU,O06298,Rv0347,setA,,,259.0
663,I6Y461_MYCTU,I6Y461,Rv0593,setA,,,345.0
664,I6XEF1_MYCTU,I6XEF1,Rv2487c,setA,,,319.0
665,I6YDV4_MYCTU,I6YDV4,Rv2609c,setA,,,305.0
666,P96366_MYCTU,P96366,Rv1035c,setA,,,194.0
667,I6YB49_MYCTU,I6YB49,Rv3091,setA,,,447.0
670,O53651_MYCTU,O53651,Rv0200,setA,,,226.0
671,I6YG92_MYCTU,I6YG92,Rv3482c,setA,,,207.0
672,P96408_MYCTU,P96408,Rv0226c,setA,,,550.0
673,O07254_MYCTU,O07254,Rv0330c,setA,,,225.0
674,I6YCG9_MYCTU,I6YCG9,Rv3578,setA,,,406.0
675,I6YC49_MYCTU,I6YC49,Rv3439c,setA,,,235.0
676,I6YEB1_MYCTU,I6YEB1,Rv2761c,setA,,,329.0
677,O05823_MYCTU,O05823,Rv2375,setA,,,89.0
678,I6YAW3_MYCTU,I6YAW3,Rv3015c,setA,,,336.0
679,I6Y2I9_MYCTU,I6Y2I9,Rv3092c,setA,,,264.0
680,I6Y4S9_MYCTU,I6Y4S9,Rv0776c,setA,,,244.0
681,I6Y9U6_MYCTU,I6Y9U6,Rv2620c,setA,,,137.0
682,O06403_MYCTU,O06403,Rv0537c,setA,,,384.0
683,O07256_MYCTU,O07256,Rv0332,setA,,,255.0
684,O05854_MYCTU,O05854,Rv3212,setA,,,402.0
685,O06397_MYCTU,O06397,Rv0531,setA,,,81.0
686,O33185_MYCTU,O33185,Rv1683,setA,,,832.0
687,O53621_MYCTU,O53621,Rv0076c,setA,,,83.0
688,I6YCP7_MYCTU,I6YCP7,Rv3662c,setA,,,236.0
689,I6Y4U0_MYCTU,I6Y4U0,Rv0789c,setA,,,140.0
690,O06300_MYCTU,O06300,Rv0349,setA,,,213.0
691,P96226_MYCTU,P96226,Rv3851,setA,,,50.0
692,O53445_MYCTU,O53445,Rv1097c,setA,,,190.0
693,P95270_MYCTU,P95270,Rv1944c,setA,,,126.0
695,I6Y4Y1_MYCTU,I6Y4Y1,Rv0837c,setA,,,311.0
696,P96392_MYCTU,P96392,Rv0210,setA,,,410.0
697,O05828_MYCTU,O05828,Rv2370c,setA,,,365.0
698,O06231_MYCTU,O06231,Rv2144c,setA,,,50.0
699,O07726_MYCTU,O07726,Rv1906c,setA,,,107.0
700,P96227_MYCTU,P96227,Rv3850,setA,,,168.0
701,I6XWA9_MYCTU,I6XWA9,Rv0790c,setA,,,223.0
702,O07422_MYCTU,O07422,Rv0178,setA,,,164.0
703,P95147_MYCTU,P95147,Rv1868,setA,,,639.0
704,P95164_MYCTU,P95164,Rv1845c,setA,,,261.0
705,I6XHD6_MYCTU,I6XHD6,Rv3496c,setA,,,330.0
706,O33249_MYCTU,O33249,Rv2114,setA,,,199.0
707,I6XFB7_MYCTU,I6XFB7,Rv2799,setA,,,127.0
708,O06152_MYCTU,O06152,Rv1635c,setA,,,494.0
709,O07744_MYCTU,O07744,Rv1888c,setA,,,150.0
710,I6X827_MYCTU,I6X827,Rv3683,setA,,,291.0
711,P96410_MYCTU,P96410,Rv0228,setA,,,361.0
712,I6WZ83_MYCTU,I6WZ83,Rv0743c,setA,,,177.0
713,P95229_MYCTU,P95229,Rv0272c,setA,,,371.0
714,P95145_MYCTU,P95145,Rv1870c,setA,,,198.0
715,O06567_MYCTU,O06567,Rv1115,setA,,,139.0
716,L7N6B8_MYCTU,L7N6B8,Rv2077A,setA,,,78.0
717,O53383_MYCTU,O53383,Rv3333c,setA,,,88.0
718,P71787_MYCTU,P71787,Rv1508c,setA,,,451.0
719,O05579_MYCTU,O05579,Rv0996,setA,,,127.0
720,O53744_MYCTU,O53744,Rv0459,setA,,,152.0
721,L7N686_MYCTU,L7N686,Rv0078A,setA,,,190.0
722,P96230_MYCTU,P96230,Rv3847,setA,,,170.0
723,O53842_MYCTU,O53842,Rv0831c,setA,,,248.0
724,Q79FL0_MYCTU,Q79FL0,Rv1765A,setA,,,35.0
725,P71926_MYCTU,P71926,Rv2422,setA,,,74.0
726,P71757_MYCTU,P71757,Rv2387,setA,,,349.0
727,O06781_MYCTU,O06781,Rv0658c,setA,,,227.0
728,O33269_MYCTU,O33269,Rv0339c,setA,,,755.0
729,O06252_MYCTU,O06252,Rv3435c,setA,,,233.0
730,O53362_MYCTU,O53362,Rv3311,setA,,,377.0
731,P72045_MYCTU,P72045,Rv3779,setA,,,632.0
732,O05592_MYCTU,O05592,Rv1006,setA,,,513.0
733,P96274_MYCTU,P96274,Rv0428c,setA,,,290.0
734,O33358_MYCTU,O33358,Rv0513,setA,,,142.0
735,P95202_MYCTU,P95202,Rv0394c,setA,,,185.0
736,I6YC99_MYCTU,I6YC99,Rv3499c,setA,,,345.0
737,I6Y259_MYCTU,I6Y259,Rv2974c,setA,,,430.0
738,O06554_MYCTU,O06554,Rv1156,setA,,,190.0
739,P71649_MYCTU,P71649,Rv2802c,setA,,,337.0
740,P72005_MYCTU,P72005,Rv1748,setA,,,173.0
741,Q79FV3_MYCTU,Q79FV3,Rv0872c,setA,,,460.0
742,I6Y4G1_MYCTU,I6Y4G1,Rv0690c,setA,,,348.0
743,I6Y4C4_MYCTU,I6Y4C4,Rv3707c,setA,,,333.0
744,I6XFA6_MYCTU,I6XFA6,Rv2784c,setA,,,141.0
745,O53173_MYCTU,O53173,Rv2446c,setA,,,113.0
747,O53167_MYCTU,O53167,Rv1476,setA,,,152.0
748,O33271_MYCTU,O33271,Rv1742,setA,,,244.0
749,I6X5W6_MYCTU,I6X5W6,Rv2972c,setA,,,217.0
750,I6Y4Z4_MYCTU,I6Y4Z4,Rv0852,setA,,,172.0
751,O05777_MYCTU,O05777,Rv3099c,setA,,,277.0
752,O53594_MYCTU,O53594,Rv3916c,setA,,,199.0
753,O06299_MYCTU,O06299,Rv0348,setA,,,176.0
756,Q11064_MYCTU,Q11064,Rv1254,setA,,,358.0
757,O07432_MYCTU,O07432,Rv0188,setA,,,38.0
758,O53564_MYCTU,O53564,Rv3519,setA,,,234.0
759,Q6MX26_MYCTU,Q6MX26,Rv2853,setA,,,340.0
760,P71810_MYCTU,P71810,Rv1382,setA,,,161.0
761,O53848_MYCTU,O53848,Rv0836c,setA,,,203.0
762,O53402_MYCTU,O53402,Rv1054,setA,,,53.0
763,O50419_MYCTU,O50419,Rv3394c,setA,,,474.0
764,L7N685_MYCTU,L7N685,Rv3288c,setA,,,30.0
765,O05296_MYCTU,O05296,Rv1194c,setA,,,394.0
767,I6Y187_MYCTU,I6Y187,Rv2621c,setA,,,188.0
768,I6XER9_MYCTU,I6XER9,Rv2617c,setA,,,138.0
769,P96375_MYCTU,P96375,Rv1025,setA,,,154.0
770,I6XVZ6_MYCTU,I6XVZ6,Rv0686,setA,,,252.0
771,O50413_MYCTU,O50413,Rv3386,setA,,,177.0
772,P96418_MYCTU,P96418,Rv0235c,setA,,,473.0
773,P95024_MYCTU,P95024,Rv2529,setA,,,301.0
774,O06170_MYCTU,O06170,Rv2507,setA,,,97.0
775,O53530_MYCTU,O53530,Rv2256c,setA,,,150.0
776,O69704_MYCTU,O69704,Rv3737,setA,,,393.0
777,O53337_MYCTU,O53337,Rv3191c,setA,,,295.0
778,O53562_MYCTU,O53562,Rv3517,setA,,,258.0
779,O07421_MYCTU,O07421,Rv0177,setA,,,159.0
780,O07416_MYCTU,O07416,Rv0172,setA,,,392.0
781,O06827_MYCTU,O06827,Rv1431,setA,,,581.0
783,O07763_MYCTU,O07763,Rv0614,setA,,,40.0
785,O69637_MYCTU,O69637,Rv3669,setA,,,111.0
786,O50464_MYCTU,O50464,Rv1249c,setA,,,134.0
787,O07428_MYCTU,O07428,Rv0184,setA,,,217.0
788,O53781_MYCTU,O53781,Rv0585c,setA,,,671.0
789,O33223_MYCTU,O33223,Rv1227c,setA,,,153.0
790,O53260_MYCTU,O53260,Rv3013,setA,,,217.0
791,I6YAV3_MYCTU,I6YAV3,Rv3005c,setA,,,152.0
792,O53604_MYCTU,O53604,Rv0059,setA,,,227.0
793,O07238_MYCTU,O07238,Rv0311,setA,,,408.0
794,I6YEW1_MYCTU,I6YEW1,Rv2990c,setA,,,256.0
795,O33181_MYCTU,O33181,Rv1778c,setA,,,139.0
796,O86320_MYCTU,O86320,Rv0976c,setA,,,559.0
798,O50466_MYCTU,O50466,Rv1251c,setA,,,1089.0
799,I6YDM0_MYCTU,I6YDM0,Rv2516c,setA,,,226.0
800,O53925_MYCTU,O53925,Rv1678,setA,,,273.0
801,I6XHG6_MYCTU,I6XHG6,Rv3527,setA,,,116.0
802,I6YGV9_MYCTU,I6YGV9,Rv3665c,setA,,,294.0
803,O05861_MYCTU,O05861,Rv3205c,setA,,,282.0
804,O06195_MYCTU,O06195,Rv2618,setA,,,202.0
806,P71980_MYCTU,P71980,Rv1722,setA,,,465.0
807,Q10843_MYCTU,Q10843,Rv2014,setA,,,195.0
808,O07246_MYCTU,O07246,Rv0320,setA,,,137.0
809,O53733_MYCTU,O53733,Rv0448c,setA,,,180.0
810,O07729_MYCTU,O07729,Rv1903,setA,,,95.0
811,Q79FV6_MYCTU,Q79FV6,Rv0834c,setA,,,448.0
812,O06321_MYCTU,O06321,Rv3454,setA,,,405.0
813,L0TCB8_MYCTU,L0TCB8,Rv3367,setA,,,435.0
814,I6XHD1_MYCTU,I6XHD1,Rv3491,setA,,,134.0
815,L0TAY1_MYCTU,L0TAY1,Rv1907c,setA,,,141.0
816,O69708_MYCTU,O69708,Rv3741c,setA,,,152.0
817,L0TEV4_MYCTU,L0TEV4,Rv3664c,setA,,,257.0
818,I6YC39_MYCTU,I6YC39,Rv3430c,setA,,,212.0
819,P96873_MYCTU,P96873,Rv3268,setA,,,228.0
820,O69695_MYCTU,O69695,Rv3728,setA,,,842.0
821,P96258_MYCTU,P96258,Rv0412c,setA,,,268.0
822,I6YA25_MYCTU,I6YA25,Rv2709,setA,,,30.0
823,O53972_MYCTU,O53972,Rv1971,setA,,,401.0
824,O53668_MYCTU,O53668,Rv0246,setA,,,364.0
825,I6YEZ8_MYCTU,I6YEZ8,Rv3027c,setA,,,238.0
826,P71641_MYCTU,P71641,Rv2810c,setA,,,67.0
827,I6XHC3_MYCTU,I6XHC3,Rv3481c,setA,,,102.0
828,O06540_MYCTU,O06540,Rv1140,setA,,,221.0
829,O07437_MYCTU,O07437,Rv0193c,setA,,,576.0
831,O06278_MYCTU,O06278,Rv3604c,setA,,,122.0
832,O53503_MYCTU,O53503,Rv2169c,setA,,,63.0
833,P71813_MYCTU,P71813,Rv0756c,setA,,,156.0
834,O53900_MYCTU,O53900,Rv0987,setA,,,723.0
835,I6X7D4_MYCTU,I6X7D4,Rv3463,setA,,,269.0
836,P71763_MYCTU,P71763,Rv1482c,setA,,,274.0
837,P71639_MYCTU,P71639,Rv2812,setA,,,371.0
838,L7N661_MYCTU,L7N661,Rv0160c,setA,,,448.0
839,O65935_MYCTU,O65935,Rv1749c,setA,,,161.0
840,L7N673_MYCTU,L7N673,Rv1638A,setA,,,67.0
841,I6YDZ2_MYCTU,I6YDZ2,Rv2647,setA,,,87.0
842,O53671_MYCTU,O53671,Rv0249c,setA,,,259.0
843,O07784_MYCTU,O07784,Rv0594,setA,,,381.0
845,I6WZ30_MYCTU,I6WZ30,Rv0679c,setA,,,90.0
846,O05805_MYCTU,O05805,Rv2854,setA,,,320.0
847,O07420_MYCTU,O07420,Rv0176,setA,,,293.0
848,I6Y479_MYCTU,I6Y479,Rv3658c,setA,,,202.0
849,I6YAU3_MYCTU,I6YAU3,Rv2997,setA,,,473.0
850,I6YAY5_MYCTU,I6YAY5,Rv3033,setA,,,148.0
851,I6YCR8_MYCTU,I6YCR8,Rv3689,setA,,,265.0
852,O53342_MYCTU,O53342,Rv3196,setA,,,259.0
853,O06263_MYCTU,O06263,Rv3446c,setA,,,352.0
854,P96276_MYCTU,P96276,Rv0430,setA,,,67.0
855,V5QQS8_MYCTU,V5QQS8,Rv3349c,setA,,,99.0
856,I6Y2A3_MYCTU,I6Y2A3,Rv3016,setA,,,171.0
857,V5QQR7_MYCTU,V5QQR7,Rv1366A,setA,,,56.0
858,P96265_MYCTU,P96265,Rv0419,setA,,,415.0
859,O69694_MYCTU,O69694,Rv3727,setA,,,559.0
860,P96376_MYCTU,P96376,Rv1024,setA,,,94.0
861,I6X5T4_MYCTU,I6X5T4,Rv2943,setA,,,376.0
862,I6YA75_MYCTU,I6YA75,Rv2772c,setA,,,144.0
863,O33234_MYCTU,O33234,Rv2729c,setA,,,200.0
864,O33268_MYCTU,O33268,Rv0338c,setA,,,709.0
865,I6Y1G3_MYCTU,I6Y1G3,Rv2670c,setA,,,323.0
866,I6X4D6_MYCTU,I6X4D6,Rv2474c,setA,,,208.0
867,O53200_MYCTU,O53200,Rv2473,setA,,,142.0
868,I6WZH9_MYCTU,I6WZH9,Rv0817c,setA,,,260.0
869,O06237_MYCTU,O06237,Rv2138,setA,,,311.0
870,Q10675_MYCTU,Q10675,Rv2064,setA,,,354.0
871,O06619_MYCTU,O06619,Rv1571,setA,,,168.0
872,O07236_MYCTU,O07236,Rv0309,setA,,,193.0
873,Q6MX49_MYCTU,Q6MX49,Rv0304c,setA,,,690.0
874,P95017_MYCTU,P95017,Rv2536,setA,,,141.0
875,Q79FX5_MYCTU,Q79FX5,Rv0649,setA,,,173.0
876,O50383_MYCTU,O50383,Rv3354,setA,,,81.0
877,UMAA_MYCTU,Q6MX39,Rv0469,setB,1kph,D,284.0
878,Y635_MYCTU,P9WFK1,Rv0635,setB,4rlj,A,144.0
879,Y3376_MYCTU,P9WMS5,Rv3376,setB,2no4,A,197.0
880,Y196_MYCTU,P9WME1,Rv0196,setB,1sgm,A,178.0
881,Y3740_MYCTU,P9WKA5,Rv3740c,setB,6chj,B,405.0
882,RPIB_MYCTU,P9WKD7,Rv2465c,setB,2vvp,E,158.0
883,RF2_MYCTU,P9WHG1,Rv3105c,setB,6szs,z,357.0
884,RL14_MYCTU,P9WHD9,Rv0714,setB,5v7q,K,121.0
885,RBPA_MYCTU,P9WHJ5,Rv2050,setB,6c04,J,108.0
886,Y484_MYCTU,P9WGR5,Rv0484c,setB,6ixj,J,235.0
887,Y2231_MYCTU,P9WQ89,Rv2231c,setB,1bkg,B,328.0
888,Y2633_MYCTU,P9WL59,Rv2633c,setB,6q09,A,160.0
889,MRAZ_MYCTU,P9WJN9,Rv2166c,setB,1n0g,B,135.0
890,TKT_MYCTU,P9WG25,Rv1449c,setB,3rim,D,693.0
891,UPP_MYCTU,P9WFF3,Rv3309c,setB,5e38,D,203.0
892,YHI2_MYCTU,P9WML1,Rv1262c,setB,3o0m,B,134.0
893,TYRA_MYCTU,O69721,Rv3754,setB,5uyy,B,261.0
894,TYSY_MYCTU,P9WFR9,Rv2764c,setB,4fqs,B,261.0
895,Y2285_MYCTU,P9WKB5,Rv2285,setB,6chj,B,402.0
896,Y1711_MYCTU,P9WHQ1,Rv1711,setB,4lgt,D,236.0
897,RSFB_MYCTU,P9WGE1,Rv3687c,setB,4qtp,D,115.0
898,Y1999_MYCTU,P9WQM3,Rv1999c,setB,6f2g,A,384.0
899,Y2302_MYCTU,P9WLD5,Rv2302,setB,2a7y,A,80.0
900,Y2684_MYCTU,P9WPD9,Rv2684,setB,5ul9,B,393.0
901,Y1407_MYCTU,P9WGX3,Rv1407,setB,1sqf,A,413.0
902,Y802_MYCTU,P9WQG7,Rv0802c,setB,2vzz,D,211.0
903,UPPP_MYCTU,P9WFF9,Rv2136c,setB,5oon,A,262.0
904,Y2685_MYCTU,P9WPD7,Rv2685,setB,5ul9,B,392.0
905,VPC10_MYCTU,P9WFA7,Rv1397c,setB,6nkl,B,120.0
906,VPC42_MYCTU,P9WF57,Rv2759c,setB,4xgr,E,122.0
907,Y3168_MYCTU,P9WI99,Rv3168,setB,3ats,A,351.0
908,PUR9_MYCTU,P9WHM7,Rv0957,setB,4a1o,B,517.0
909,VPC32_MYCTU,P9WF73,Rv1114,setB,6a7v,A,116.0
910,VPC19_MYCTU,P9WF93,Rv2548,setB,6sd6,C,118.0
911,VPC40_MYCTU,P9WF61,Rv2596,setB,2fe1,A,121.0
912,VPC27_MYCTU,P9WF83,Rv0598c,setB,2fe1,A,124.0
913,Y293_MYCTU,P9WFI9,Rv0281,setB,6id6,A,280.0
914,Y2229_MYCTU,P9WLH3,Rv2229c,setB,5y05,A,233.0
915,Y2887_MYCTU,P9WME9,Rv2887,setB,5x7z,A,130.0
916,Y3143_MYCTU,P9WGL7,Rv3143,setB,3cnb,C,120.0
917,SUGA_MYCTU,P9WG03,Rv1236,setB,7caf,A,284.0
918,Y851_MYCTU,P9WFI3,Rv0830,setB,6id6,A,293.0
919,Y1077_MYCTU,P9WP51,Rv1077,setB,4l3v,B,431.0
920,ZUR_MYCTU,P9WN85,Rv2359,setB,2o03,A,127.0
921,Y2250_MYCTU,P9WMC5,Rv2250c,setB,6ayi,A,179.0
922,Y1279_MYCTU,P9WMV5,Rv1279,setB,3nne,H,504.0
923,URE1_MYCTU,P9WFF1,Rv1850,setB,1fwa,C,566.0
924,Y880_MYCTU,P9WMF1,Rv0880,setB,4yif,D,132.0
925,Y2319_MYCTU,P9WLB5,Rv2319c,setB,3cis,A,281.0
926,Y927C_MYCTU,P9WGQ5,Rv0927c,setB,1fmc,B,242.0
927,Y0687_MYCTU,P9WGS7,Rv0687,setB,3pgx,A,270.0
928,Y3329_MYCTU,O53379,Rv3329,setB,6io1,B,437.0
929,Y1496_MYCTU,P9WPZ1,Rv1496,setB,4gt1,A,301.0
930,Y1812_MYCTU,P9WJJ1,Rv1812c,setB,5kmq,D,365.0
931,Y3188_MYCTU,O53334,Rv3188,setB,6fkg,C,108.0
932,Y3284_MYCTU,P9WGC3,Rv3284,setB,1wlo,A,131.0
933,Y3401_MYCTU,P9WN13,Rv3401,setB,1h54,B,734.0
934,Y2026_MYCTU,P9WFD1,Rv2026c,setB,3cis,B,288.0
935,VAPC9_MYCTU,P9WFA9,Rv0960,setB,1v8o,A,116.0
936,VPC26_MYCTU,O53779,Rv0582,setB,5x3t,D,135.0
937,Y2912_MYCTU,P9WMC7,Rv2912c,setB,3e7q,B,181.0
938,VPC18_MYCTU,P95007,Rv2546,setB,5sv2,A,131.0
939,Y1414_MYCTU,P9WLY3,Rv1414,setB,3wqc,A,120.0
940,WHIB1_MYCTU,P9WF43,Rv3219,setB,5oay,A,76.0
941,Y1276_MYCTU,P9WGF9,Rv1276c,setB,4hbz,A,153.0
942,Y2623_MYCTU,P9WFD7,Rv2623,setB,3cis,A,289.0
943,Y2750_MYCTU,P9WGS5,Rv2750,setB,3sx2,C,257.0
944,Y1898_MYCTU,P9WFQ1,Rv1898,setB,2eky,G,93.0
945,Y525_MYCTU,O06391,Rv0525,setB,4ij6,B,185.0
946,Y3552_MYCTU,P9WPV9,Rv3552,setB,6con,D,248.0
947,Y2140_MYCTU,P9WFN1,Rv2140c,setB,4beg,A,174.0
948,Y2556_MYCTU,P9WFP9,Rv2556c,setB,2p6c,A,123.0
949,Y2632_MYCTU,P9WL61,Rv2632c,setB,2fgg,A,84.0
950,Y3895_MYCTU,P9WFH3,Rv3787c,setB,6id6,A,284.0
951,FAC13_MYCTU,P9WQ37,Rv3089,setB,3r44,A,496.0
952,FAC23_MYCTU,P9WQ47,Rv3826,setB,3kxw,A,546.0
953,CISY2_MYCTU,P9WPD3,Rv0889c,setB,6wgy,D,370.0
954,BFRB_MYCTU,P9WNE5,Rv3841,setB,3qd8,A,172.0
955,FAD10_MYCTU,P9WQ55,Rv0099,setB,3r44,A,489.0
956,CP51_MYCTU,P9WPP9,Rv0764c,setB,2w09,A,421.0
957,AMIB2_MYCTU,P9WQ97,Rv1263,setB,3a2p,A,444.0
958,CLPB_MYCTU,P9WPD1,Rv0384c,setB,5og1,A,783.0
959,CINAL_MYCTU,P9WPE3,Rv1901,setB,4uoc,A,387.0
960,FAC17_MYCTU,O53551,Rv3506,setB,4fuq,A,455.0
961,CH602_MYCTU,P9WPE7,Rv0440,setB,6kfv,B,522.0
962,FADA5_MYCTU,I6XHI4,Rv3546,setB,4ubt,A,388.0
963,ACCD_MYCTU,P9WQH9,Rv0904c,setB,1vrg,B,448.0
964,CP121_MYCTU,P9WPP7,Rv2276,setB,4g44,A,394.0
965,COAE_MYCTU,P9WPA3,Rv1631,setB,6n39,A,402.0
966,CSM2_MYCTU,P9WJG1,Rv2822c,setB,6ifk,C,112.0
967,CITEL_MYCTU,P9WPE1,Rv2498c,setB,6aq4,C,266.0
968,CH601_MYCTU,P9WPE9,Rv3417c,setB,4v4o,D,524.0
969,COAA_MYCTU,P9WPA7,Rv1092c,setB,4bfz,B,306.0
970,BCPB_MYCTU,P9WID9,Rv1608c,setB,5epf,A,153.0
971,APEB_MYCTU,P9WHT1,Rv0800,setB,4njr,D,406.0
972,CMR_MYCTU,P9WMH5,Rv1675c,setB,5w5b,A,224.0
973,ARGD_MYCTU,P9WPZ7,Rv1655,setB,2ord,A,373.0
974,GLTB_MYCTU,P96218,Rv3859c,setB,6s6s,C,1451.0
975,DDL_MYCTU,P9WP31,Rv2981c,setB,3q1k,D,342.0
976,GLTD_MYCTU,P9WN19,Rv3858c,setB,6s6x,K,458.0
977,FAD21_MYCTU,P9WQ49,Rv1185c,setB,3kxw,A,539.0
978,FAD25_MYCTU,P9WQ45,Rv1521,setB,3kxw,A,543.0
979,FAD3_MYCTU,P96843,Rv3561,setB,3r44,A,473.0
980,FURA_MYCTU,P9WN87,Rv1909c,setB,2rgv,B,136.0
981,CPDA_MYCTU,P9WP65,Rv0805,setB,3ib7,A,295.0
982,AHPE_MYCTU,P9WIE3,Rv2238c,setB,4xih,B,152.0
983,ARGJ_MYCTU,P9WPZ3,Rv1653,setB,1vz6,B,367.0
984,CISY1_MYCTU,P9WPD5,Rv0896,setB,4e6y,A,417.0
985,FUMC_MYCTU,P9WN93,Rv1098c,setB,6s88,C,451.0
986,BE_MYCTU,P9WQ27,Rv3031,setB,3n8t,A,488.0
987,BFR_MYCTU,P9WPQ9,Rv1876,setB,2fkz,G,155.0
988,FADA4_MYCTU,P9WG69,Rv1323,setB,4o9c,H,386.0
989,ATPL_MYCTU,P9WPS1,Rv1305,setB,2w5j,V,78.0
990,FADB2_MYCTU,P9WNP7,Rv0468,setB,6hrd,A,284.0
991,C135A_MYCTU,P9WPN1,Rv0327c,setB,5a1r,A,417.0
992,BIOD_MYCTU,P9WPQ5,Rv1570,setB,6nn0,A,225.0
993,CMAS2_MYCTU,P9WPB5,Rv0503c,setB,3hem,A,291.0
994,AMI4_MYCTU,P9WQ93,Rv3375,setB,4wj3,J,452.0
995,COAD_MYCTU,P9WPA5,Rv2965c,setB,1tfu,A,157.0
996,CP126_MYCTU,P9WPN9,Rv0778,setB,5lie,B,397.0
997,AHPD_MYCTU,P9WQB5,Rv2429,setB,1knc,A,174.0
998,CLPP2_MYCTU,P9WPC3,Rv2460c,setB,5dkp,J,193.0
999,BCP_MYCTU,P9WIE1,Rv2521,setB,5enu,B,147.0
1000,UNG_MYCTU,P9WFQ9,Rv2976c,setB,4ws1,A,224.0
1001,Y2216_MYCTU,P9WGP7,Rv2216,setB,4b4o,A,284.0
1002,Y2603_MYCTU,P9WGA5,Rv2603c,setB,1kon,A,232.0
1003,Y038_MYCTU,P9WFK5,Rv0038,setB,2gs5,A,185.0
1004,Y986_MYCTU,P9WQK1,Rv0986,setB,5xu1,B,224.0
1005,Y2175_MYCTU,O53509,Rv2175c,setB,2kfs,A,146.0
1006,VAPB2_MYCTU,O07227,Rv0300,setB,3h87,C,72.0
1007,VAPC4_MYCTU,O07783,Rv0595c,setB,6sd6,C,117.0
1008,Y1714_MYCTU,P9WGQ3,Rv1714,setB,5g4l,B,252.0
1009,TYPH_MYCTU,P9WFS1,Rv3314c,setB,1brw,B,418.0
1010,Y1333_MYCTU,P9WM23,Rv1333,setB,4ihe,B,315.0
1011,VPC23_MYCTU,P9WF89,Rv2863,setB,5wz4,A,118.0
1012,Y3037_MYCTU,P9WJZ3,Rv3037c,setB,3ll7,A,329.0
1013,Y1947_MYCTU,P9WFH7,Rv1896c,setB,6id6,A,285.0
1014,PUNA_MYCTU,P9WP01,Rv3307,setB,1g2o,B,261.0
1015,RRF_MYCTU,P9WGY1,Rv2882c,setB,4kc6,A,178.0
1016,RELK_MYCTU,P9WF09,Rv3358,setB,3oei,G,83.0
1017,SYV_MYCTU,P9WFS9,Rv2448c,setB,1ivs,B,845.0
1018,PATR_MYCTU,P9WML5,Rv3772,setB,4r2n,C,351.0
1019,NDK_MYCTU,P9WJH7,Rv2445c,setB,4ane,C,133.0
1020,PIMA_MYCTU,P9WMZ5,Rv2610c,setB,4nc9,C,342.0
1021,PIMB_MYCTU,P9WMZ3,Rv2188c,setB,3oka,A,371.0
1022,PPIA_MYCTU,P9WHW3,Rv0009,setB,1w74,A,170.0
1023,PIPS_MYCTU,P9WPG7,Rv2612c,setB,6h59,A,199.0
1024,PHOU2_MYCTU,P9WI95,Rv0821c,setB,4q25,A,207.0
1025,RL4_MYCTU,P9WH85,Rv0702,setB,5v7q,E,207.0
1026,TPIS_MYCTU,P9WG43,Rv1438,setB,3gvg,A,256.0
1027,AROK_MYCTU,P9WPY3,Rv2539c,setB,2g1j,A,159.0
1028,AHPC_MYCTU,P9WQB7,Rv2428,setB,2bmx,B,178.0
1029,ESPR_MYCTU,P9WJB7,Rv3849,setB,3r1f,B,130.0
1030,MOAE1_MYCTU,P9WJR3,Rv3119,setB,4ap8,A,133.0
1031,STF0_MYCTU,O53699,Rv0295c,setB,1tex,B,242.0
1032,SYW_MYCTU,P9WFT3,Rv3336c,setB,6dfu,A,327.0
1033,PYRR_MYCTU,P9WHK3,Rv1379,setB,1w30,B,176.0
1034,SUCD_MYCTU,P9WGC7,Rv0952,setB,2nu6,A,285.0
1035,SMC_MYCTU,P9WGF3,Rv2922c,setB,6yvu,A,1095.0
1036,TRPD_MYCTU,P9WFX5,Rv2192c,setB,3twp,A,345.0
1037,TRPE_MYCTU,P9WFX3,Rv1609,setB,5cwa,A,505.0
1038,STHA_MYCTU,P9WHH5,Rv2713,setB,6uzi,A,438.0
1039,MOEA2_MYCTU,P9WJQ5,Rv0438c,setB,2nrp,A,382.0
1040,PPOX_MYCTU,P9WMP1,Rv2677c,setB,3lov,A,430.0
1041,PKS11_MYCTU,P9WPF3,Rv1665,setB,4jat,C,351.0
1042,PKS15_MYCTU,P96284,Rv2947c,setB,4mz0,B,410.0
1043,RL35_MYCTU,P9WH91,Rv1642,setB,5v7q,3,62.0
1044,RIR1_MYCTU,P9WH75,Rv3051c,setB,2bq1,F,685.0
1045,RNC_MYCTU,P9WH03,Rv2925c,setB,1o0w,B,219.0
1046,PYRD_MYCTU,P9WHL1,Rv2139,setB,1f76,A,324.0
1047,THRC_MYCTU,P9WG59,Rv1295,setB,2d1f,A,349.0
1048,Y2282_MYCTU,P9WMF3,Rv2282c,setB,6g1b,B,285.0
1049,Y1738_MYCTU,P9WLS3,Rv1738,setB,4wpy,A,88.0
1050,Y2910_MYCTU,P9WL25,Rv2910c,setB,4n3v,B,135.0
1051,Y3127_MYCTU,P9WL07,Rv3127,setB,2ymv,A,316.0
1052,Y1734_MYCTU,P9WLS7,Rv1734c,setB,6pbr,A,74.0
1053,VPC51_MYCTU,L0T5V6,Rv0229c,setB,5sv2,A,133.0
1054,VPC12_MYCTU,P9WFA3,Rv1720c,setB,2fe1,A,117.0
1055,Y1770_MYCTU,P9WFH9,Rv1729c,setB,6id6,A,283.0
1056,VPC13_MYCTU,P9WFA1,Rv1838c,setB,5wz4,A,118.0
1057,RL16_MYCTU,P9WHD5,Rv0708,setB,5v7q,M,134.0
1058,Y0793_MYCTU,O86332,Rv0793,setB,1y0h,B,98.0
1059,TRXB_MYCTU,P9WHH1,Rv3913,setB,2a87,B,304.0
1060,TSAC_MYCTU,P9WGC9,Rv1301,setB,6f8y,D,197.0
1061,MTCA1_MYCTU,P9WPJ7,Rv1284,setB,1ylk,C,162.0
1062,SIGK_MYCTU,P9WGH7,Rv0445c,setB,2q1z,A,173.0
1063,RS6_MYCTU,P9WH31,Rv0053,setB,5v93,f,95.0
1064,Y1264_MYCTU,P9WMU9,Rv1264,setB,1y10,A,360.0
1065,URE3_MYCTU,P9WFE7,Rv1848,setB,2fvh,A,98.0
1066,VAPC5_MYCTU,P96917,Rv0627,setB,3dbo,B,126.0
1067,Y1413_MYCTU,P9WLY5,Rv1413,setB,3wqd,A,163.0
1068,Y2923_MYCTU,P9WL19,Rv2923c,setB,1vla,A,123.0
1069,Y1524_MYCTU,P9WN07,Rv1524,setB,1iir,A,373.0
1070,Y3134_MYCTU,P9WFD3,Rv3134c,setB,3cis,D,248.0
1071,Y1526_MYCTU,P9WLV1,Rv1526c,setB,5gl5,B,391.0
1072,TSAD_MYCTU,P9WHT7,Rv3419c,setB,3zet,B,327.0
1073,Y3788_MYCTU,P9WKW7,Rv3788,setB,2p4v,F,147.0
1074,Y3874_MYCTU,P9WFH5,Rv3767c,setB,6id6,A,299.0
1075,PURE_MYCTU,P9WHM1,Rv3275c,setB,3lp6,D,166.0
1076,PURL_MYCTU,P9WHL7,Rv0803,setB,3viu,A,696.0
1077,MOAE2_MYCTU,P9WJR1,Rv0866,setB,6jbz,C,139.0
1078,RL23_MYCTU,P9WHB9,Rv0703,setB,5v7q,T,97.0
1079,TRMD_MYCTU,P9WFY7,Rv2906c,setB,5zhl,A,207.0
1080,TRMI_MYCTU,P9WFZ1,Rv2118c,setB,1i9g,A,264.0
1081,SECY_MYCTU,P9WGN3,Rv0732,setB,5mg3,Y,413.0
1082,TIG_MYCTU,P9WG55,Rv2462c,setB,1w26,A,420.0
1083,MNTH_MYCTU,P9WIZ5,Rv0924c,setB,6d91,A,394.0
1084,MOAD_MYCTU,L7N6B4,Rv3112,setB,1jwb,D,78.0
1085,IFTNT_MYCTU,O05443,Rv3902c,setB,4qlp,A,175.0
1086,MUTB_MYCTU,P9WJK5,Rv1493,setB,6oxd,A,736.0
1087,PRPC_MYCTU,I6Y9Q3,Rv1131,setB,3hwk,D,365.0
1088,PEPAM_MYCTU,I6Y4D2,Rv3717,setB,7agm,A,218.0
1089,RS14_MYCTU,P9WH59,Rv2056c,setB,6dzk,N,100.0
1090,RISA_MYCTU,P9WK35,Rv1412,setB,1i8d,B,188.0
1091,RNPA_MYCTU,P9WGZ3,Rv3923c,setB,4jg4,A,105.0
1092,RIR2H_MYCTU,P9WH69,Rv0233,setB,3ee4,A,289.0
1093,RL18_MYCTU,P9WHD1,Rv0720,setB,5v7q,O,116.0
1094,TRHBO_MYCTU,P9WN23,Rv2470,setB,2qrw,A,126.0
1095,SERA_MYCTU,P9WNX3,Rv2996c,setB,3ddn,A,526.0
1096,SUGPH_MYCTU,Q6MWZ7,Rv3214,setB,2a6p,B,193.0
1097,TATD_MYCTU,O08343,Rv1008,setB,2gzx,A,251.0
1098,SYY_MYCTU,P9WFT1,Rv1689,setB,2jan,A,419.0
1099,RL24_MYCTU,P9WHB7,Rv0715,setB,6dzi,V,96.0
1100,RS14Z_MYCTU,P9WH57,Rv0717,setB,5v93,n,59.0
1101,RL1_MYCTU,P9WHC7,Rv0641,setB,4v6o,BC,227.0
1102,TRUB_MYCTU,P9WHP7,Rv2793c,setB,2ab4,A,272.0
1103,GUAA_MYCTU,P9WMS7,Rv3396c,setB,1gpm,A,491.0
1104,PUR3_MYCTU,P9WHM5,Rv0956,setB,3da8,A,210.0
1105,QCRB_MYCTU,P9WP37,Rv2196,setB,6hwh,b,534.0
1106,NARG_MYCTU,P9WJQ3,Rv1161,setB,1q16,A,1211.0
1107,PUR7_MYCTU,P9WHN1,Rv0780,setB,3r9r,A,292.0
1108,RL20_MYCTU,P9WHC5,Rv1643,setB,5v7q,Q,122.0
1109,SCOA_MYCTU,P9WPW5,Rv2504c,setB,3dlx,B,245.0
1110,RL13_MYCTU,P9WHE1,Rv3443c,setB,5v7q,J,139.0
1111,PTPA_MYCTU,P9WIA1,Rv2234,setB,1u2p,A,156.0
1112,RSMG_MYCTU,P9WGW9,Rv3919c,setB,1xdz,A,202.0
1113,TRES_MYCTU,P9WQ19,Rv0126,setB,3zo9,A,546.0
1114,TRKA_MYCTU,P9WFZ3,Rv2692,setB,4j9v,B,213.0
1115,TRLR_MYCTU,O53193,Rv2466c,setB,4nxi,A,194.0
1116,PLPHP_MYCTU,P9WFQ7,Rv2148c,setB,3cpg,A,234.0
1117,PPE50_MYCTU,Q6MX07,Rv3135,setB,5xfs,B,84.0
1118,PPGK_MYCTU,P9WIN1,Rv2702,setB,1woq,B,241.0
1119,RL9_MYCTU,P9WH79,Rv0056,setB,5o60,H,150.0
1120,RMLA_MYCTU,P9WH13,Rv0334,setB,6b5e,D,286.0
1121,PHP_MYCTU,P9WHN9,Rv0230c,setB,4if2,A,324.0
1122,MGTA_MYCTU,P9WMY5,Rv0557,setB,4nc9,A,343.0
1123,MIAA_MYCTU,P9WJW1,Rv2727c,setB,2zm5,A,288.0
1124,IRTB_MYCTU,P9WQJ7,Rv1349,setB,2onj,B,522.0
1125,MUTT1_MYCTU,P9WIY3,Rv2985,setB,5gg5,A,289.0
1126,RPOC_MYCTU,P9WGY7,Rv0668,setB,6ee8,D,1264.0
1127,METZ_MYCTU,P9WGB5,Rv0391,setB,3ndn,D,400.0
1128,HISN_MYCTU,P95189,Rv3137,setB,5yht,A,255.0
1129,MENB_MYCTU,P9WNP5,Rv0548c,setB,4qij,K,301.0
1130,HSAB_MYCTU,P9WND9,Rv3567c,setB,3nfw,A,177.0
1131,HSAD_MYCTU,P9WNH5,Rv3569c,setB,5jzs,B,252.0
1132,ILVE_MYCTU,P9WQ75,Rv2210c,setB,3ht5,A,334.0
1133,MMAA4_MYCTU,Q79FX8,Rv0642c,setB,3ha5,A,280.0
1134,MMAA3_MYCTU,P0CH91,Rv0643c,setB,1kph,D,282.0
1135,KPYK_MYCTU,P9WKE5,Rv1617,setB,6ito,D,470.0
1136,MMR_MYCTU,P9WGF1,Rv3065,setB,3b61,G,101.0
1137,HOA_MYCTU,P9WMK5,Rv3534c,setB,4jn6,A,338.0
1138,LIPR_MYCTU,P9WK85,Rv3084,setB,5gms,A,285.0
1139,SERC_MYCTU,P9WQ73,Rv0884c,setB,2fyf,A,368.0
1140,SIGL_MYCTU,P9WGH5,Rv0735,setB,6tye,F,163.0
1141,TREY_MYCTU,P9WQ21,Rv1563c,setB,6lcu,A,737.0
1142,TREZ_MYCTU,P9WQ23,Rv1562c,setB,3m07,A,548.0
1143,SPI_MYCTU,O50393,Rv3364c,setB,3kye,D,118.0
1144,DPO1_MYCTU,P9WNU5,Rv1629,setB,6vde,A,859.0
1145,GPGP_MYCTU,P9WIC7,Rv2419c,setB,6s2q,B,210.0
1146,GPGS_MYCTU,P9WMW9,Rv1208,setB,3ckv,A,295.0
1147,SERB2_MYCTU,O53289,Rv3042c,setB,3p96,A,395.0
1148,SYFB_MYCTU,P9WFU1,Rv1650,setB,7db8,B,831.0
1149,AFTD_MYCTU,P96419,Rv0236c,setB,6w98,A,1303.0
1150,BKDB_MYCTU,P9WIS1,Rv2496c,setB,1umd,D,318.0
1151,SYE_MYCTU,P9WFV9,Rv2992c,setB,2ja2,A,484.0
1152,POLOX_MYCTU,P9WKD5,Rv2149c,setB,1u05,A,227.0
1153,PTH_MYCTU,P9WHN7,Rv1014c,setB,3td6,A,183.0
1154,SODF_MYCTU,P9WGE7,Rv3846,setB,1gn4,B,198.0
1155,MURB_MYCTU,P9WJL9,Rv0482,setB,5jzx,F,339.0
1156,PYRG_MYCTU,P9WHK7,Rv1699,setB,4zdi,E,530.0
1157,RS12_MYCTU,P9WH63,Rv0682,setB,5mmj,l,122.0
1158,Y3551_MYCTU,P9WPW1,Rv3551,setB,6con,C,290.0
1159,THIO_MYCTU,P9WG67,Rv3914,setB,3o6t,A,108.0
1160,UREF_MYCTU,P9WFE5,Rv1851,setB,4hi0,C,205.0
1161,TRPB_MYCTU,P9WFX9,Rv1612,setB,6e9p,D,404.0
1162,RS20_MYCTU,P9WH41,Rv2412,setB,5o5j,T,85.0
1163,RECF_MYCTU,P9WHI9,Rv0003,setB,5z69,B,348.0
1164,RELJ_MYCTU,P9WF25,Rv3357,setB,3oei,N,83.0
1165,RELG_MYCTU,O33348,Rv2866,setB,3g5o,B,80.0
1166,TAM_MYCTU,P9WGA3,Rv0294,setB,2p35,A,234.0
1167,CSM5_MYCTU,P9WJF5,Rv2819c,setB,6ifr,H,322.0
1168,RELB_MYCTU,O50462,Rv1247c,setB,2a6q,A,81.0
1169,RS4_MYCTU,P9WH35,Rv3458c,setB,5o5j,D,198.0
1170,Y893_MYCTU,P9WFI1,Rv0893c,setB,6id6,A,294.0
1171,FAA26_MYCTU,P9WQ43,Rv2930,setB,3kxw,A,544.0
1172,DEF_MYCTU,P9WIJ3,Rv0429c,setB,3e3u,A,196.0
1173,FBID_MYCTU,P9WP83,Rv2983,setB,6bwg,A,201.0
1174,ISPE_MYCTU,P9WKG7,Rv1011,setB,3pyg,A,298.0
1175,MTCA2_MYCTU,P9WPJ9,Rv3588c,setB,2a5v,D,203.0
1176,RELF_MYCTU,O33347,Rv2865,setB,3g5o,A,91.0
1177,RL11_MYCTU,P9WHE5,Rv0640,setB,5o60,J,127.0
1178,RTCB_MYCTU,P9WGW5,Rv2631,setB,2epg,A,391.0
1179,TUBAT_MYCTU,P9WJ61,Rv3378c,setB,3wqn,A,288.0
1180,MFTD_MYCTU,P9WND7,Rv0694,setB,6bfg,A,367.0
1181,PARD1_MYCTU,P9WIJ7,Rv1960c,setB,5ceg,C,75.0
1182,IPYR_MYCTU,P9WI55,Rv3628,setB,2uxs,C,159.0
1183,PCC5_MYCTU,P9WQH7,Rv3280,setB,2a7s,F,529.0
1184,RL15_MYCTU,P9WHD7,Rv0723,setB,5v7q,L,142.0
1185,PKS18_MYCTU,P9WPF1,Rv1372,setB,1tee,C,368.0
1186,RS7_MYCTU,P9WH29,Rv0683,setB,6jmk,A,142.0
1187,SYFA_MYCTU,P9WFU3,Rv1649,setB,6p24,C,322.0
1188,SYH_MYCTU,P9WFV5,Rv2580c,setB,1qe0,A,381.0
1189,THIC_MYCTU,P9WG79,Rv0423c,setB,4s25,A,495.0
1190,Y1260_MYCTU,P9WM51,Rv1260,setB,5tue,A,340.0
1191,RNJ_MYCTU,P9WGZ9,Rv2752c,setB,3zq4,A,544.0
1192,FAB1_MYCTU,P9WQD9,Rv2245,setB,6y2j,CCC,413.0
1193,MCA_MYCTU,P9WJN1,Rv1082,setB,1q7t,A,274.0
1194,IMDH_MYCTU,P9WKI7,Rv3411c,setB,3tsb,A,480.0
1195,PYRF_MYCTU,P9WIU3,Rv1385,setB,3v75,A,208.0
1196,SAHH_MYCTU,P9WGV3,Rv3248c,setB,2ziz,D,485.0
1197,SIGF_MYCTU,P9WGI3,Rv3286c,setB,4xsx,F,238.0
1198,Y770_MYCTU,P9WNY3,Rv0770,setB,1vpd,A,272.0
1199,RL331_MYCTU,P9WH97,Rv2057c,setB,6dzi,c,53.0
1200,PKS10_MYCTU,P9WPF5,Rv1660,setB,4jap,D,351.0
1201,RS13_MYCTU,P9WH61,Rv3460c,setB,5o5j,M,116.0
1202,RAAS_MYCTU,O86312,Rv1219c,setB,4nn1,A,205.0
1203,RL2_MYCTU,P9WHA5,Rv0704,setB,5v7q,C,272.0
1204,RIR2A_MYCTU,P9WH73,Rv1981c,setB,2bq1,I,294.0
1205,MAP12_MYCTU,P9WK19,Rv2861c,setB,4if7,A,280.0
1206,RISB_MYCTU,P9WHE9,Rv1416,setB,2c9d,H,145.0
1207,PURQ_MYCTU,P9WHL5,Rv0788,setB,3d54,L,208.0
1208,GULDH_MYCTU,P9WIT3,Rv1771,setB,2vfv,A,404.0
1209,NUCS_MYCTU,P9WIY5,Rv1321,setB,5gke,A,210.0
1210,PBPA_MYCTU,P9WKD1,Rv0016c,setB,3upo,A,442.0
1211,PYRB_MYCTU,P9WIT7,Rv1380,setB,2at2,A,291.0
1212,RMLB_MYCTU,P9WN65,Rv3464,setB,6bi4,D,303.0
1213,RMLC_MYCTU,P9WH11,Rv3465,setB,2ixc,B,198.0
1214,RMLD_MYCTU,P9WH09,Rv3266c,setB,3sc6,F,276.0
1215,RL3_MYCTU,P9WH87,Rv0701,setB,5v7q,D,213.0
1216,KHSE_MYCTU,P9WKE7,Rv1296,setB,6cyz,A,292.0
1217,MTR_MYCTU,P9WHH3,Rv2855,setB,6uzi,C,447.0
1218,RL5_MYCTU,P9WH83,Rv0716,setB,5v7q,F,170.0
1219,SYDND_MYCTU,P9WFW3,Rv2572c,setB,5w25,A,581.0
1220,RIMM_MYCTU,P9WH19,Rv2907c,setB,3h9n,A,160.0
1221,RL21_MYCTU,P9WHC3,Rv2442c,setB,5v7q,R,98.0
1222,RL27_MYCTU,P9WHB3,Rv2441c,setB,5zet,X,78.0
1223,RS15_MYCTU,P9WH55,Rv2785c,setB,5v93,o,87.0
1224,RL28B_MYCTU,P9WHA9,Rv2058c,setB,6dzp,y,76.0
1225,MBTN_MYCTU,P9WQF9,Rv1346,setB,4xvx,A,371.0
1226,HSAC_MYCTU,P9WNW7,Rv3568c,setB,2zyq,B,296.0
1227,KDPC_MYCTU,P9WKF1,Rv1031,setB,5mrw,C,184.0
1228,PCKG_MYCTU,P9WIH3,Rv0211,setB,4rcg,A,592.0
1229,MBCT_MYCTU,P9WLP9,Rv1989c,setB,6fkg,A,182.0
1230,MTRA_MYCTU,P9WGM7,Rv3246c,setB,2gwr,A,225.0
1231,NADD_MYCTU,P9WJJ5,Rv2421c,setB,4rpi,D,190.0
1232,RIMI_MYCTU,I6YG32,Rv3420c,setB,4r3k,A,143.0
1233,RL6_MYCTU,P9WH81,Rv0719,setB,5v7q,G,174.0
1234,RL25_MYCTU,P9WHB5,Rv1015c,setB,4zer,1Z,195.0
1235,RPSC_MYCTU,P9WGH1,Rv2069,setB,6jbq,F,170.0
1236,PURA_MYCTU,P9WHN3,Rv0357c,setB,4m0g,B,414.0
1237,SCOB_MYCTU,P9WPW3,Rv2503c,setB,3cdk,B,207.0
1238,TRHBN_MYCTU,P9WN25,Rv1542c,setB,1rte,A,128.0
1239,MAZF5_MYCTU,P95272,Rv1942c,setB,4me7,B,99.0
1240,PURU_MYCTU,P9WHM3,Rv2964,setB,3w7b,A,281.0
1241,HEMW_MYCTU,P9WP73,Rv2388c,setB,1olt,A,366.0
1242,KCY_MYCTU,P9WPA9,Rv1712,setB,1kdt,B,219.0
1243,PPX2_MYCTU,P96374,Rv1026,setB,3cer,E,300.0
1244,SIR_MYCTU,P9WJ03,Rv2391,setB,1zj9,B,546.0
1245,RUVB_MYCTU,P9WGW1,Rv2592c,setB,1hqc,A,312.0
1246,MENJ_MYCTU,P9WNY9,Rv0561c,setB,3nix,A,378.0
1247,PDXS_MYCTU,P9WII9,Rv2606c,setB,2zbt,B,273.0
1248,RL36_MYCTU,P9WH89,Rv3461c,setB,5v7q,4,37.0
1249,RECR_MYCTU,P9WHI3,Rv3715c,setB,4o6p,C,195.0
1250,SYT_MYCTU,P9WFT5,Rv2614c,setB,1nyq,A,630.0
1251,MENC_MYCTU,P9WJP3,Rv0553,setB,2qvh,B,299.0
1252,MUTA_MYCTU,P9WJK7,Rv1492,setB,6oxc,B,591.0
1253,MENA_MYCTU,P9WIP3,Rv0534c,setB,6m31,A,269.0
1254,MSHC_MYCTU,P9WJM9,Rv2130c,setB,1u0b,B,383.0
1255,PYRE_MYCTU,P9WHK9,Rv0382c,setB,5hki,A,175.0
1256,G6PI_MYCTU,P9WN69,Rv0946c,setB,2wu8,A,546.0
1257,MAZE7_MYCTU,P9WJ85,Rv2063,setB,6a6x,C,75.0
1258,MAZF3_MYCTU,P9WIH9,Rv1102c,setB,5cca,A,94.0
1259,MBTG_MYCTU,P9WKF7,Rv2378c,setB,4d7e,A,393.0
1260,HEM2_MYCTU,P9WMP5,Rv0512,setB,1w1z,A,316.0
1261,GYRB_MYCTU,P9WG45,Rv0005,setB,6gav,A,623.0
1262,KDC_MYCTU,P9WG37,Rv0853c,setB,1ovm,C,527.0
1263,MFD_MYCTU,P9WMQ5,Rv1020,setB,6aca,A,1133.0
1264,OTSA_MYCTU,P9WN11,Rv3490,setB,5l3k,F,453.0
1265,LIPA_MYCTU,P9WK91,Rv2218,setB,5exk,A,305.0
1266,HTHAR_MYCTU,O53478,Rv2034,setB,2oqg,D,100.0
1267,RL19_MYCTU,P9WHC9,Rv2904c,setB,5v7q,P,112.0
1268,HEM3_MYCTU,P9WMP3,Rv0510,setB,1ah5,A,287.0
1269,NUOL_MYCTU,P9WIW1,Rv3156,setB,6nby,F,610.0
1270,MPRA_MYCTU,P9WGM9,Rv0981,setB,1ys6,A,223.0
1271,NUSA_MYCTU,P9WIV3,Rv2841c,setB,1k0r,B,321.0
1272,PHOU1_MYCTU,P9WI97,Rv3301c,setB,4q25,A,208.0
1273,RPOB_MYCTU,P9WGY9,Rv0667,setB,6jcx,C,1138.0
1274,RL7_MYCTU,P9WHE3,Rv0652,setB,4v42,BJ,124.0
1275,RNPH_MYCTU,P9WGZ7,Rv1340,setB,3b4t,A,243.0
1276,RIMP_MYCTU,P9WH17,Rv2842c,setB,5gl6,A,168.0
1277,RL34_MYCTU,P9WH93,Rv3924c,setB,6yhs,Z,43.0
1278,DPRE1_MYCTU,P9WJF1,Rv3790,setB,4p8t,B,418.0
1279,NUOK_MYCTU,P9WIX3,Rv3155,setB,6nbq,E,96.0
1280,PAFC_MYCTU,P9WIL9,Rv2095c,setB,6sj9,A,307.0
1281,OTC_MYCTU,P9WIT9,Rv1656,setB,2p2g,D,293.0
1282,RICR_MYCTU,O07434,Rv0190,setB,4adz,A,89.0
1283,RPE_MYCTU,P9WI51,Rv1408,setB,5umf,A,215.0
1284,PAFB_MYCTU,P9WIM1,Rv2096c,setB,6sj9,A,300.0
1285,RL332_MYCTU,P9WH95,Rv0634B,setB,5zet,4,50.0
1286,MAZF6_MYCTU,P9WII3,Rv1991c,setB,5hkc,B,112.0
1287,ILVH_MYCTU,P9WKJ3,Rv3002c,setB,2pc6,D,157.0
1288,PNP_MYCTU,P9WI57,Rv2783c,setB,4aim,A,685.0
1289,NADC_MYCTU,P9WJJ7,Rv1596,setB,1qpr,C,283.0
1290,RIBD_MYCTU,P9WPH1,Rv1409,setB,3zpc,A,329.0
1291,MNMA_MYCTU,P9WJS5,Rv3024c,setB,2hma,A,340.0
1292,NMTR_MYCTU,O69711,Rv3744,setB,2lkp,B,119.0
1293,IDER_MYCTU,P9WMH1,Rv2711,setB,1u8r,A,221.0
1294,ILVX_MYCTU,O53554,Rv3509c,setB,1pi3,A,489.0
1295,LPDA_MYCTU,P9WHH7,Rv3303c,setB,1xdi,A,459.0
1296,MMSB_MYCTU,P9WNY5,Rv0751c,setB,5y8k,B,290.0
1297,MALQ_MYCTU,P9WK23,Rv1781c,setB,4s3q,C,656.0
1298,IMPA_MYCTU,O53907,Rv1604,setB,6ib8,A,243.0
1299,NARL_MYCTU,P9WGM5,Rv0844c,setB,5hev,A,206.0
1300,RRAAH_MYCTU,P9WGY3,Rv3853,setB,1nxj,C,154.0
1301,HIS2_MYCTU,P9WMM9,Rv2122c,setB,1y6x,A,87.0
1302,KAD_MYCTU,P9WKF5,Rv0733,setB,2cdn,A,180.0
1303,METE_MYCTU,P9WK07,Rv1133c,setB,1u1h,A,732.0
1304,LPQY_MYCTU,P9WGU9,Rv1235,setB,7cae,E,443.0
1305,METK_MYCTU,P9WGV1,Rv1392,setB,3tde,B,368.0
1306,PSTB1_MYCTU,P9WQL1,Rv0820,setB,2ouk,B,237.0
1307,PSA_MYCTU,P9WHU1,Rv2109c,setB,3mka,Y,224.0
1308,MTNN_MYCTU,P9WJM3,Rv0091,setB,5b7g,B,237.0
1309,RF1_MYCTU,P9WHG3,Rv1299,setB,6gxn,v,343.0
1310,SYC_MYCTU,P9WFW1,Rv3580c,setB,1u0b,B,454.0
1311,TPX_MYCTU,P9WG35,Rv1932,setB,1xvq,A,156.0
1312,RSME_MYCTU,P9WGX1,Rv2372c,setB,4l69,A,244.0
1313,SUCC_MYCTU,P9WGC5,Rv0951,setB,2nu9,B,376.0
1314,THID_MYCTU,P9WG77,Rv0422c,setB,1ub0,A,242.0
1315,LEU3_MYCTU,P9WKK9,Rv2995c,setB,2g4o,D,334.0
1316,PARE1_MYCTU,P9WHG7,Rv1959c,setB,3kxe,A,93.0
1317,TILS_MYCTU,P9WG53,Rv3625c,setB,3a2k,A,292.0
1318,Y2005_MYCTU,P9WLN1,Rv2005c,setB,3cis,B,289.0
1319,RL10_MYCTU,P9WHE7,Rv0651,setB,1zaw,A,168.0
1320,RS8_MYCTU,P9WH27,Rv0718,setB,5v93,h,130.0
1321,URE2_MYCTU,P9WFE9,Rv1849,setB,1krb,B,101.0
1322,REGX3_MYCTU,P9WGL9,Rv0491,setB,2oqr,A,225.0
1323,PYRC_MYCTU,P9WHL3,Rv1381,setB,3mpg,A,410.0
1324,TRPA_MYCTU,P9WFY1,Rv1613,setB,5tcf,E,245.0
1325,Y769_MYCTU,P9WGQ9,Rv0769,setB,4nbu,B,235.0
1326,RS19_MYCTU,P9WH45,Rv0705,setB,5li0,s,84.0
1327,Y500B_MYCTU,P9WKT5,Rv0500B,setB,5zep,u,32.0
1328,BACA_MYCTU,P9WQI9,Rv1819c,setB,6tqe,A,632.0
1329,MASZ_MYCTU,P9WK17,Rv1837c,setB,5e9x,A,715.0
1330,PROA_MYCTU,P9WHV1,Rv2427c,setB,1o20,A,400.0
1331,Y498_MYCTU,P9WKU1,Rv0498,setB,3wqo,A,259.0
1332,SYK1_MYCTU,P9WFU9,Rv3598c,setB,3e9h,A,481.0
1333,TCRX_MYCTU,O69730,Rv3765c,setB,3r0j,B,218.0
1334,Y756_MYCTU,P9WFI5,Rv0731c,setB,6id6,A,301.0
1335,MGLL_MYCTU,O07427,Rv0183,setB,6eic,A,272.0
1336,KPRS_MYCTU,P9WKE3,Rv1017c,setB,1ibs,A,297.0
1337,MMAA1_MYCTU,P9WPB1,Rv0645c,setB,1kph,D,284.0
1338,KSHA_MYCTU,P71875,Rv3526,setB,2zyl,A,359.0
1339,KTHY_MYCTU,P9WKE1,Rv3247c,setB,1mrn,A,208.0
1340,LAT_MYCTU,P9WQ77,Rv3290c,setB,2jjf,A,433.0
1341,KDPB_MYCTU,P9WPU3,Rv1030,setB,7lc3,B,669.0
1342,IXTPA_MYCTU,P9WMR7,Rv1341,setB,6wwd,A,194.0
1343,MURA_MYCTU,P9WJM1,Rv1315,setB,6q11,A,413.0
1344,Y377_MYCTU,P9WMF7,Rv0377,setB,3fxr,A,291.0
1345,Y1013_MYCTU,O05598,Rv1013,setB,3pbk,B,504.0
1346,Y3778_MYCTU,P9WQ67,Rv3778c,setB,3cai,B,396.0
1347,PNCA_MYCTU,I6XD65,Rv2043c,setB,3pl1,A,185.0
1348,RIR2B_MYCTU,P9WH71,Rv3048c,setB,2bq1,I,294.0
1349,Y2280_MYCTU,P9WIT1,Rv2280,setB,3pm9,F,448.0
1350,Y2417_MYCTU,P9WP05,Rv2417c,setB,3fys,A,268.0
1351,VPB20_MYCTU,P9WJ45,Rv2550c,setB,5x3t,A,67.0
1352,Y2011_MYCTU,P9WLM5,Rv2011c,setB,3gfl,A,131.0
1353,Y2073_MYCTU,P9WGR3,Rv2073c,setB,1yb1,B,229.0
1354,Y2624_MYCTU,P9WFD5,Rv2624c,setB,3cis,G,252.0
1355,VPC28_MYCTU,P9WF81,Rv0609,setB,4xgq,A,126.0
1356,Y181_MYCTU,P9WI85,Rv0181c,setB,6uts,A,224.0
1357,MODB_MYCTU,P9WG13,Rv1858,setB,2onk,I,238.0
1358,UVRA_MYCTU,P9WQK7,Rv1638,setB,3zqj,A,944.0
1359,Y0148_MYCTU,P96825,Rv0148,setB,1zbq,E,274.0
1360,Y1985_MYCTU,P9WMF5,Rv1985c,setB,3isp,A,290.0
1361,Y1220_MYCTU,P9WJZ7,Rv1220c,setB,2avd,B,203.0
1362,VPC20_MYCTU,P95004,Rv2549c,setB,5wz4,A,129.0
1363,Y1843_MYCTU,P9WKI3,Rv1843c,setB,3tsb,A,463.0
1364,Y1546_MYCTU,P9WLU7,Rv1546,setB,2d4r,D,135.0
1365,PUR2_MYCTU,P9WHM9,Rv0772,setB,1gso,A,403.0
1366,MOEA1_MYCTU,P9WJQ7,Rv0994,setB,2nrp,B,390.0
1367,SUGC_MYCTU,P9WQI3,Rv1238,setB,7cad,D,382.0
1368,Y097_MYCTU,P9WG83,Rv0097,setB,6xo3,A,278.0
1369,Y2717_MYCTU,P9WFG7,Rv2717c,setB,6r3y,A,160.0
1370,VPC30_MYCTU,P9WF77,Rv0624,setB,4xgr,C,125.0
1371,THT3_MYCTU,P9WHF5,Rv2291,setB,4jgt,B,260.0
1372,Y1996_MYCTU,P9WLP1,Rv1996,setB,3cis,A,287.0
1373,SSRP_MYCTU,P9WGD3,Rv3100c,setB,5zey,C,156.0
1374,Y1144_MYCTU,P9WGQ7,Rv1144,setB,6ujk,B,243.0
1375,Y1357_MYCTU,P9WM07,Rv1357c,setB,4rnh,A,293.0
1376,VPB26_MYCTU,O53778,Rv0581,setB,5x3t,A,70.0
1377,Y1421_MYCTU,P9WFQ3,Rv1421,setB,5o5o,C,273.0
1378,Y1856_MYCTU,P9WGQ1,Rv1856c,setB,3sj7,A,206.0
1379,Y2971_MYCTU,P9WQA5,Rv2971,setB,4otk,A,274.0
1380,Y3131_MYCTU,P9WIZ7,Rv3131,setB,2ymv,A,318.0
1381,Y1540_MYCTU,P9WHQ3,Rv1540,setB,2ist,A,292.0
1382,RL30_MYCTU,P9WHA3,Rv0722,setB,5v7q,Z,59.0
1383,SYM_MYCTU,P9WFU5,Rv1007c,setB,6ax8,A,509.0
1384,SYP_MYCTU,P9WFT9,Rv2845c,setB,5ucm,B,548.0
1385,THIG_MYCTU,P9WG73,Rv0417,setB,5z9y,A,232.0
1386,Y0859_MYCTU,O53871,Rv0859,setB,4b3i,D,403.0
1387,Y2676_MYCTU,P9WL45,Rv2676c,setB,6xub,C,227.0
1388,Y2782_MYCTU,P9WHT5,Rv2782c,setB,3hdi,A,403.0
1389,Y1816_MYCTU,P9WMC9,Rv1816,setB,5d1r,B,221.0
1390,RUVA_MYCTU,P9WGW3,Rv2593c,setB,2ztd,B,179.0
1391,XERC_MYCTU,P9WF35,Rv2894c,setB,5hxy,E,274.0
1392,RS10_MYCTU,P9WH67,Rv0700,setB,5o5j,J,98.0
1393,PYRH_MYCTU,P9WHK5,Rv2883c,setB,2v4y,C,235.0
1394,THIE_MYCTU,P9WG75,Rv0414c,setB,3o63,B,200.0
1395,TLYA_MYCTU,P9WJ63,Rv1694,setB,3hp7,A,257.0
1396,SIGB_MYCTU,P9WGI5,Rv2710,setB,5vi8,F,296.0
1397,THYX_MYCTU,P9WG57,Rv2754c,setB,3hzg,A,245.0
1398,TRPC_MYCTU,P9WFX7,Rv1611,setB,3qja,A,254.0
1399,TAL_MYCTU,P9WG33,Rv1448c,setB,3r5e,A,356.0
1400,Y480_MYCTU,P9WJ01,Rv0480c,setB,2w1v,B,256.0
1401,Y1998_MYCTU,P9WLN9,Rv1998c,setB,4lsb,A,233.0
1402,Y034_MYCTU,P9WM93,Rv0034,setB,1tuh,A,127.0
1403,SYS_MYCTU,P9WFT7,Rv3834c,setB,2dq3,A,417.0
1404,SUGB_MYCTU,P9WG01,Rv1237,setB,7cad,B,272.0
1405,VAPC2_MYCTU,P9WFB9,Rv0301,setB,3h87,B,138.0
1406,YHI1_MYCTU,P9WML3,Rv0759c,setB,3p0t,A,131.0
1407,SUGFT_MYCTU,P9WKZ3,Rv3404c,setB,4pzu,B,230.0
1408,Y566_MYCTU,P9WFK9,Rv0566c,setB,5b7w,A,158.0
1409,Y3679_MYCTU,P9WKX5,Rv3679,setB,6bs4,A,330.0
1410,Y2669_MYCTU,P9WQG5,Rv2669,setB,1tiq,A,153.0
1411,Y1350_MYCTU,P9WGR9,Rv1350,setB,4nbu,D,240.0
1412,VPC11_MYCTU,P9WFA5,Rv1561,setB,6a7v,G,133.0
1413,VPC15_MYCTU,P9WF97,Rv2010,setB,4chg,A,132.0
1414,VPC21_MYCTU,P9WF91,Rv2757c,setB,5sv2,A,135.0
1415,Y146_MYCTU,P9WFJ3,Rv0146,setB,2ckd,A,302.0
1416,Y1533_MYCTU,O06179,Rv1533,setB,6bka,A,339.0
1417,Y3410_MYCTU,P9WKI5,Rv3410c,setB,2qr6,A,359.0
1418,Y1636_MYCTU,P9WFC9,Rv1636,setB,5ahw,C,144.0
1419,Y2563_MYCTU,P9WG15,Rv2563,setB,5gko,A,337.0
1420,THT2_MYCTU,P9WHF7,Rv3283,setB,3hzu,A,292.0
1421,RS181_MYCTU,P9WH49,Rv0055,setB,6dzk,r,77.0
1422,Y910_MYCTU,P9WJ05,Rv0910,setB,2d4r,A,134.0
1423,Y2212_MYCTU,P9WMU7,Rv2212,setB,1y10,A,344.0
1424,VPC17_MYCTU,P9WF95,Rv2527,setB,5sv2,A,120.0
1425,HIS8_MYCTU,P9WML7,Rv1600,setB,4rae,B,365.0
1426,ILVA_MYCTU,P9WG95,Rv1559,setB,1tdj,A,388.0
1427,HSAA_MYCTU,P9WJA1,Rv3570c,setB,3afe,C,381.0
1428,PDUO_MYCTU,P9WP99,Rv1314c,setB,6wh5,B,186.0
1429,LIPZ_MYCTU,P9WLR1,Rv1834,setB,5mxp,A,261.0
1430,MSHD_MYCTU,P9WJM7,Rv0819,setB,1ozp,A,290.0
1431,PCP_MYCTU,P9WIJ5,Rv0319,setB,3lac,B,204.0
1432,MOAC1_MYCTU,P9WJR9,Rv3111,setB,4pyd,C,153.0
1433,CBL_MYCTU,P9WQ83,Rv2294,setB,6qp3,A,370.0
1434,CP132_MYCTU,P9WPN3,Rv1394c,setB,6j94,B,416.0
1435,DYR_MYCTU,P9WNX1,Rv2763c,setB,5u26,A,158.0
1436,PANC_MYCTU,P9WIL5,Rv3602c,setB,3iue,A,288.0
1437,PAPA3_MYCTU,P9WIK5,Rv1182,setB,6aef,A,454.0
1438,MURC_MYCTU,P9WJL7,Rv2152c,setB,7bvb,B,463.0
1439,MPT51_MYCTU,P9WQN7,Rv3803c,setB,4qdu,A,270.0
1440,MURI_MYCTU,P9WPW9,Rv1338,setB,5hj7,A,254.0
1441,NNR_MYCTU,P9WF11,Rv3433c,setB,3rtg,A,434.0
1442,PFKA_MYCTU,P9WID7,Rv3010c,setB,4i7e,D,311.0
1443,GPMA_MYCTU,P9WIC9,Rv0489,setB,1rii,D,231.0
1444,NPD_MYCTU,P9WGG3,Rv1151c,setB,1ici,A,226.0
1445,NADE_MYCTU,P9WJJ3,Rv2438c,setB,3szg,C,658.0
1446,BKDA_MYCTU,P9WIS3,Rv2497c,setB,3dva,G,348.0
1447,LOGH_MYCTU,O05306,Rv1205,setB,2q4o,B,169.0
1448,DTD_MYCTU,P9WNS9,Rv1897c,setB,2dbo,A,139.0
1449,F420R_MYCTU,O06553,Rv1155,setB,1w9a,A,142.0
1450,NUOF_MYCTU,P9WIV7,Rv3150,setB,4hea,B,410.0
1451,MURE_MYCTU,P9WJL3,Rv2158c,setB,2xja,C,498.0
1452,ILVB2_MYCTU,O06335,Rv3470c,setB,6lpi,D,506.0
1453,HPRT_MYCTU,P9WHQ9,Rv3624c,setB,5kny,B,187.0
1454,PAPA2_MYCTU,P9WIK7,Rv3820c,setB,6aef,A,458.0
1455,IF3_MYCTU,P9WKJ9,Rv1641,setB,6neq,z,183.0
1456,MFPA_MYCTU,I6YBX3,Rv3361c,setB,2bm7,C,179.0
1457,HIS1_MYCTU,P9WMN1,Rv2121c,setB,5u99,A,254.0
1458,PRRA_MYCTU,P9WGM1,Rv0903c,setB,1ys7,B,226.0
1459,PAFA_MYCTU,P9WNU7,Rv2097c,setB,4b0t,A,444.0
1460,PANE_MYCTU,P9WIL1,Rv2573,setB,4ol9,A,294.0
1461,PEPE_MYCTU,P9WHS7,Rv2089c,setB,4ege,A,371.0
1462,PDXT_MYCTU,P9WII7,Rv2604c,setB,4wxy,L,186.0
1463,MUTT2_MYCTU,P9WIY1,Rv1160,setB,5zrl,B,127.0
1464,CDD_MYCTU,P9WPH3,Rv3315c,setB,3ijf,X,123.0
1465,CHSE1_MYCTU,P71857,Rv3544c,setB,4x28,D,330.0
1466,3098A_MYCTU,V5QRX7,Rv3098A,setB,1ne8,A,103.0
1467,FAA32_MYCTU,O53580,Rv3801c,setB,5hm3,A,625.0
1468,NAT_MYCTU,P9WJI5,Rv3566c,setB,3ltw,A,270.0
1469,AROC_MYCTU,P9WPY1,Rv2540c,setB,2g85,A,386.0
1470,LIGC_MYCTU,L0TDE1,Rv3731,setB,2hix,A,325.0
1471,HTDZ_MYCTU,P9WNP3,Rv0130,setB,2c2i,B,149.0
1472,ISPD_MYCTU,P9WKG9,Rv3582c,setB,3q80,A,217.0
1473,MSHB_MYCTU,P9WJN3,Rv1170,setB,1q74,A,287.0
1474,AAT_MYCTU,P9WQ91,Rv0337c,setB,4cvq,B,402.0
1475,GMHA_MYCTU,P9WGG1,Rv0113,setB,1x92,A,184.0
1476,ESXA_MYCTU,P9WNK7,Rv3875,setB,1wa8,B,95.0
1477,MAOX_MYCTU,P9WK25,Rv2332,setB,6urf,C,506.0
1478,MSRA_MYCTU,P9WJM5,Rv0137c,setB,1nwa,A,165.0
1479,CDDTR_MYCTU,I6X7F9,Rv3488,setB,5zi8,B,97.0
1480,OGT_MYCTU,P9WJW5,Rv1316c,setB,4wx9,B,164.0
1481,PAPA5_MYCTU,P9WIN5,Rv2939,setB,1q9j,A,388.0
1482,NCASE_MYCTU,O06769,Rv0669c,setB,2zws,A,606.0
1483,NRNA_MYCTU,P71615,Rv2837c,setB,5cet,A,322.0
1484,MTAP_MYCTU,O06401,Rv0535,setB,1v4n,B,248.0
1485,PDXH_MYCTU,P9WIJ1,Rv2607,setB,1jnw,A,202.0
1486,NLHH_MYCTU,P9WK87,Rv1399c,setB,6aae,A,297.0
1487,NADB_MYCTU,P9WJJ9,Rv1595,setB,1knp,A,488.0
1488,MOAC2_MYCTU,P9WJR7,Rv0864,setB,4pyd,C,151.0
1489,PAT_MYCTU,O05581,Rv0998,setB,4avc,B,326.0
1490,MAZF2_MYCTU,P9WII1,Rv0659c,setB,1ne8,A,92.0
1491,GSA_MYCTU,P9WMN9,Rv0524,setB,3k28,A,417.0
1492,HIS4_MYCTU,P9WMM5,Rv1603,setB,3zs4,A,242.0
1493,MDREP_MYCTU,O53645,Rv0194,setB,5ko2,B,1071.0
1494,METB_MYCTU,P9WGB7,Rv1079,setB,3qhx,B,369.0
1495,CSPA_MYCTU,P9WP75,Rv3648c,setB,5o6f,A,65.0
1496,MAZF1_MYCTU,Q6MX40,Rv0456A,setB,5hjz,B,89.0
1497,PANB_MYCTU,P9WIL7,Rv2225,setB,3vav,H,262.0
1498,NADK_MYCTU,P9WHV7,Rv1695,setB,1u0r,D,301.0
1499,PDTAR_MYCTU,P9WGM3,Rv1626,setB,1s8n,A,190.0
1500,MFTR_MYCTU,P9WMB7,Rv0691c,setB,2rae,A,190.0
1501,PGK_MYCTU,P9WID1,Rv1437,setB,1vpe,A,388.0
1502,MBCA_MYCTU,P9WLP7,Rv1990c,setB,6fkg,C,112.0
1503,PROB_MYCTU,P9WHU9,Rv2439c,setB,4q1t,C,341.0
1504,PCC6_MYCTU,P9WQH5,Rv2247,setB,4fb8,B,427.0
1505,FOLC_MYCTU,I6Y0R5,Rv2447c,setB,2vos,A,447.0
1506,ETFA_MYCTU,P9WNG9,Rv3028c,setB,1efv,A,311.0
1507,HISX_MYCTU,P9WNW9,Rv1599,setB,4g07,A,404.0
1508,ISCSL_MYCTU,P9WQ71,Rv3025c,setB,4isy,A,364.0
1509,ILVG_MYCTU,P9WG39,Rv1820,setB,6lpi,D,503.0
1510,HTPG_MYCTU,P9WMJ7,Rv2299c,setB,2iop,D,595.0
1511,MAK1_MYCTU,O07177,Rv0127,setB,4o7p,B,450.0
1512,INHA_MYCTU,P9WGR1,Rv1484,setB,2b36,C,246.0
1513,LEPA_MYCTU,P9WK97,Rv2404c,setB,5j8b,z,591.0
1514,OTSB_MYCTU,P9WFZ5,Rv3372,setB,5gvx,A,381.0
1515,CTPJ_MYCTU,P9WPT7,Rv3743c,setB,3j08,B,610.0
1516,EGTB_MYCTU,O69671,Rv3703c,setB,4x8e,A,420.0
1517,NUOD_MYCTU,P9WJH5,Rv3148,setB,6rfr,C,406.0
1518,CSD_MYCTU,P9WQ69,Rv1464,setB,5xt6,B,399.0
1519,EMBR_MYCTU,P9WGJ9,Rv1267c,setB,2fez,A,373.0
1520,ESXT_MYCTU,I6YC53,Rv3444c,setB,1wa8,B,90.0
1521,FRDA_MYCTU,P9WN91,Rv1552,setB,1kf6,A,570.0
1522,DODEC_MYCTU,Q6MX43,Rv0379,setB,3onr,A,70.0
1523,LIPB_MYCTU,P9WK83,Rv2217,setB,1w66,A,214.0
1524,CMAS3_MYCTU,P9WPB3,Rv0470c,setB,1l1e,B,260.0
1525,CMAS1_MYCTU,P9WPB7,Rv3392c,setB,1kph,D,284.0
1526,AMIA2_MYCTU,P9WQ99,Rv2363,setB,3a2q,A,450.0
1527,EXRBN_MYCTU,P9WJ73,Rv2179c,setB,4hec,A,152.0
1528,EIS_MYCTU,P9WFK7,Rv2416c,setB,3r1k,A,396.0
1529,ESPG5_MYCTU,O53943,Rv1794,setB,4kxr,C,276.0
1530,FRDB_MYCTU,P9WN89,Rv1553,setB,3ae5,B,232.0
1531,ILVD_MYCTU,P9WKJ5,Rv0189c,setB,6ovt,C,557.0
1532,HSD_MYCTU,P9WGT1,Rv2002,setB,1nfr,A,244.0
1533,ILVB1_MYCTU,P9WG41,Rv3003c,setB,5k6r,A,568.0
1534,ALDH_MYCTU,P9WNY1,Rv0458,setB,4o6r,C,473.0
1535,DCUP_MYCTU,P9WFE1,Rv2678c,setB,3cyv,A,338.0
1536,DLDH_MYCTU,P9WHH9,Rv0462,setB,4m52,D,464.0
1537,MBTA_MYCTU,P71716,Rv2384,setB,5wm2,A,529.0
1538,MAP11_MYCTU,P9WK21,Rv0734,setB,4juq,A,246.0
1539,EGTE_MYCTU,O69668,Rv3700c,setB,5j8q,A,357.0
1540,MHUD_MYCTU,P9WKH3,Rv3592,setB,4nl5,B,100.0
1541,ISPF_MYCTU,P9WKG5,Rv3581c,setB,1vha,E,145.0
1542,ATPG_MYCTU,P9WPU9,Rv1309,setB,3oaa,G,283.0
1543,BTB7_MYCTU,P9WPQ1,Rv3221c,setB,2d5d,B,64.0
1544,DHAA_MYCTU,P9WMR9,Rv2579,setB,2o2h,A,294.0
1545,CYSK_MYCTU,P9WP55,Rv2334,setB,3zei,A,300.0
1546,ARLY_MYCTU,P9WPY7,Rv1659,setB,6iga,D,454.0
1547,FGD_MYCTU,P9WNE1,Rv0407,setB,3c8n,D,330.0
1548,DAGK_MYCTU,P9WP29,Rv2252,setB,3s40,B,282.0
1549,GLGM_MYCTU,P9WMZ1,Rv1212c,setB,6tvp,A,382.0
1550,ATPA_MYCTU,P9WPU7,Rv1308,setB,7ajj,B,499.0
1551,GMHBA_MYCTU,P9WMV3,Rv0114,setB,3esq,A,171.0
1552,HTDY_MYCTU,I6YBZ8,Rv3389c,setB,3khp,A,285.0
1553,DXS_MYCTU,P9WNS3,Rv2682c,setB,6ouv,A,575.0
1554,ILVC_MYCTU,P9WKJ7,Rv3001c,setB,4ypo,A,325.0
1555,AROA_MYCTU,P9WPY5,Rv3227,setB,2o15,A,423.0
1556,KDPA_MYCTU,P9WKF3,Rv1029,setB,5mrw,A,556.0
1557,KDPE_MYCTU,P9WGN1,Rv1027c,setB,4kfc,B,219.0
1558,CP124_MYCTU,P9WPP3,Rv2266,setB,6t0h,A,425.0
1559,CP139_MYCTU,P9WPM1,Rv1666c,setB,2ve4,A,404.0
1560,CYSM_MYCTU,P9WP53,Rv1336,setB,5i7a,D,296.0
1561,DER_MYCTU,P9WNL3,Rv1713,setB,5m7h,A,417.0
1562,DEVR_MYCTU,P9WMF9,Rv3133c,setB,3c3w,A,211.0
1563,DHMA2_MYCTU,P9WMS1,Rv1833c,setB,1bn7,A,270.0
1564,MAZE9_MYCTU,P0CL61,Rv2801A,setB,6kyt,Q,71.0
1565,GLF_MYCTU,P9WIQ1,Rv3809c,setB,4rpk,B,391.0
1566,EPHA_MYCTU,I6YGS0,Rv3617,setB,5cw2,A,308.0
1567,DPO3A_MYCTU,P9WNT7,Rv1547,setB,5fkv,A,1119.0
1568,GCSH_MYCTU,P9WN55,Rv1826,setB,3ift,A,131.0
1569,DAO_MYCTU,P9WP27,Rv1905c,setB,6rkf,D,310.0
1570,DAPF_MYCTU,P9WP19,Rv2726c,setB,3fve,A,281.0
1571,IF1_MYCTU,P9WKK3,Rv3462c,setB,3i4o,A,68.0
1572,MAZF4_MYCTU,P9WII5,Rv1495,setB,5xe3,A,103.0
1573,ALF_MYCTU,P9WQA3,Rv0363c,setB,4a22,B,329.0
1574,ARGR_MYCTU,P9WPY9,Rv1657,setB,3ere,D,155.0
1575,ADHD_MYCTU,P9WQB9,Rv3086,setB,1mp0,B,360.0
1576,GATB_MYCTU,P9WN61,Rv3009c,setB,3ip4,B,469.0
1577,HIS6_MYCTU,P9WMM3,Rv1605,setB,1ka9,F,249.0
1578,ISPG_MYCTU,P9WKG3,Rv2868c,setB,3noy,B,350.0
1579,BIOF1_MYCTU,P9WQ87,Rv1569,setB,3wy7,B,368.0
1580,FABD_MYCTU,P9WNG5,Rv2243,setB,2qc3,A,301.0
1581,FBIA_MYCTU,P9WP81,Rv3261,setB,6uvx,A,321.0
1582,EMBC_MYCTU,P9WNL5,Rv3793,setB,7bve,A,1031.0
1583,FQR58_MYCTU,P9WP11,Rv1558,setB,3r5z,B,139.0
1584,FQR78_MYCTU,O53328,Rv3178,setB,3r5z,B,113.0
1585,ESXB_MYCTU,P9WNK5,Rv3874,setB,3fav,C,90.0
1586,CYSQ_MYCTU,P9WKJ1,Rv2131c,setB,5djf,A,257.0
1587,EFP_MYCTU,P9WNM3,Rv2534c,setB,1yby,A,176.0
1588,DHOM_MYCTU,P9WPX1,Rv1294,setB,6dzs,D,425.0
1589,ISPH2_MYCTU,P9WKG1,Rv1110,setB,3urk,B,305.0
1590,COBM_MYCTU,P9WGB1,Rv2071c,setB,4e16,A,226.0
1591,ADHB_MYCTU,P9WQC7,Rv0761c,setB,3qj5,B,363.0
1592,DAPD_MYCTU,P9WP21,Rv1201c,setB,3fsy,A,304.0
1593,ATPB_MYCTU,P9WPU5,Rv1310,setB,6vog,E,466.0
1594,HIS7_MYCTU,P9WML9,Rv1601,setB,4gqu,A,191.0
1595,ASPG_MYCTU,P9WPX5,Rv1538c,setB,6uod,D,289.0
1596,FAA30_MYCTU,P9WQ57,Rv0404,setB,3kxw,A,550.0
1597,GLN1A_MYCTU,P9WN37,Rv2222c,setB,4lno,D,436.0
1598,CYSO_MYCTU,P9WP33,Rv1335,setB,3dwg,C,92.0
1599,DESA2_MYCTU,P9WNZ5,Rv1094,setB,2xz0,B,257.0
1600,MBTH_MYCTU,P9WIP5,Rv2377c,setB,2khr,A,70.0
1601,DPO3B_MYCTU,P9WNU1,Rv0002,setB,3p16,A,364.0
1602,GATA_MYCTU,P9WQA1,Rv3011c,setB,4wj3,J,471.0
1603,CTPE_MYCTU,P9WPT1,Rv0908,setB,5ksd,B,744.0
1604,CTPA_MYCTU,P9WPU1,Rv0092,setB,3j09,B,683.0
1605,DAPB_MYCTU,P9WP23,Rv2773c,setB,1yl7,D,243.0
1606,AROB_MYCTU,P9WPX9,Rv2538c,setB,3qbd,B,342.0
1607,GLMU_MYCTU,P9WMN3,Rv1018c,setB,3dj4,A,462.0
1608,EFG_MYCTU,P9WNM7,Rv0684,setB,4wqf,BZ,655.0
1609,MAZF9_MYCTU,P71650,Rv2801c,setB,6kyt,H,114.0
1610,AOFH_MYCTU,P9WQ15,Rv3170,setB,2c76,A,439.0
1611,ECC1B_MYCTU,P9WNB1,Rv3871,setB,4n1a,B,534.0
1612,DAPC_MYCTU,P9WPZ5,Rv0858c,setB,2o0r,B,383.0
1613,ECH14_MYCTU,P9WNN5,Rv2486,setB,6slb,AAA,235.0
1614,ECHA8_MYCTU,P9WNN9,Rv1070c,setB,3q0g,D,250.0
1615,ACPM_MYCTU,P9WQF3,Rv2244,setB,1klp,A,115.0
1616,DHPS1_MYCTU,P9WND1,Rv3608c,setB,1eye,A,256.0
1617,BPOC_MYCTU,P9WNH1,Rv0554,setB,3hss,A,259.0
1618,BIOA_MYCTU,P9WQ81,Rv1568,setB,4cxr,B,427.0
1619,CLPP1_MYCTU,P9WPC5,Rv2461c,setB,6ppe,K,182.0
1620,FRDC_MYCTU,P9WNB7,Rv1554,setB,3p4p,C,123.0
1621,ETTA_MYCTU,P9WQK3,Rv2477c,setB,4fin,A,535.0
1622,EFTS_MYCTU,P9WNM1,Rv2889c,setB,1efu,B,257.0
1623,CTPB_MYCTU,P9WPT9,Rv0103c,setB,3j09,A,696.0
1624,EGTC_MYCTU,O69670,Rv3702c,setB,4zfk,A,225.0
1625,COX4_MYCTU,P9WP45,Rv2199c,setB,6adq,H,139.0
1626,CAS1_MYCTU,P9WPJ5,Rv2817c,setB,4n06,A,274.0
1627,FMT_MYCTU,P9WND3,Rv1406,setB,1fmt,A,295.0
1628,FGE_MYCTU,I6Y8I5,Rv0712,setB,6xto,A,278.0
1629,DHAS_MYCTU,P9WNX5,Rv3708c,setB,3tz6,A,342.0
1630,ATPFD_MYCTU,P9WPV3,Rv1307,setB,7jga,d,428.0
1631,CARA_MYCTU,P9WPK5,Rv1383,setB,1jdb,F,361.0
1632,GABT_MYCTU,P9WQ79,Rv2589,setB,3r4t,A,443.0
1633,CTPD_MYCTU,P9WPT3,Rv1469,setB,3j08,B,579.0
1634,EFGL_MYCTU,P9WNM9,Rv0120c,setB,4wqu,DZ,646.0
1635,ESXG_MYCTU,O53692,Rv0287,setB,2kg7,A,97.0
1636,GCH1_MYCTU,P9WN57,Rv3609c,setB,1is8,A,185.0
1637,CTPC_MYCTU,P9WPT5,Rv3270,setB,3j09,B,681.0
1638,AROG_MYCTU,O53512,Rv2178c,setB,5ex4,B,459.0
1639,CP141_MYCTU,P9WPL7,Rv3121,setB,4umz,A,382.0
1640,COBK_MYCTU,P9WP89,Rv2070c,setB,4x7g,A,238.0
1641,AMPA_MYCTU,P9WHT3,Rv2213,setB,3h8g,A,471.0
1642,ACSA_MYCTU,P9WQD1,Rv3667,setB,5jrh,A,616.0
1643,AAC2_MYCTU,P9WQG9,Rv0262c,setB,1m4d,B,176.0
1644,FBVR_MYCTU,P9WLL7,Rv2074,setB,2asf,A,125.0
1645,KATG_MYCTU,P9WIE5,Rv1908c,setB,4c51,B,716.0
1646,LIPV_MYCTU,L0TC47,Rv3203,setB,3bf7,A,237.0
1647,COBT_MYCTU,P9WP85,Rv2207,setB,1j33,A,330.0
1648,GCST_MYCTU,P9WN51,Rv2211c,setB,1yx2,B,356.0
1649,MEND_MYCTU,P9WK11,Rv0555,setB,6o0j,B,523.0
1650,MMAA2_MYCTU,Q79FX6,Rv0644c,setB,1tpy,A,285.0
1651,CARD_MYCTU,P9WJG3,Rv3583c,setB,4ilu,A,156.0
1652,COX1_MYCTU,P9WP71,Rv3043c,setB,6adq,R,539.0
1653,FOLD_MYCTU,P9WG81,Rv3356c,setB,2c2x,A,279.0
1654,MBTI_MYCTU,P9WFX1,Rv2386c,setB,3rv8,B,431.0
1655,LEUC_MYCTU,P9WQF5,Rv2988c,setB,1b0k,A,431.0
1656,MDH_MYCTU,P9WK13,Rv1240,setB,4tvo,A,327.0
1657,HRCA_MYCTU,P9WMK3,Rv2374c,setB,1stz,A,317.0
1658,EMBB_MYCTU,P9WNL7,Rv3795,setB,7bvf,B,1054.0
1659,ESXC_MYCTU,P9WNI1,Rv3890c,setB,2kg7,B,90.0
1660,METXA_MYCTU,P9WJY9,Rv3341,setB,6pux,A,363.0
1661,MMPR5_MYCTU,I6Y8F7,Rv0678,setB,4nb5,B,149.0
1662,KSTR2_MYCTU,P9WMB9,Rv3557c,setB,4w97,A,196.0
1663,ATPE_MYCTU,P9WPV1,Rv1311,setB,5yio,A,121.0
1664,AROQ_MYCTU,P9WPX7,Rv2537c,setB,3n7a,M,141.0
1665,GLNB_MYCTU,P9WN31,Rv2919c,setB,3lf0,B,111.0
1666,ENO_MYCTU,P9WNL1,Rv1023,setB,6l7d,A,394.0
1667,END8A_MYCTU,P9WNB9,Rv2464c,setB,1k82,C,252.0
1668,FCOT_MYCTU,P9WM67,Rv0098,setB,3b18,A,167.0
1669,EFPP_MYCTU,P9WKH1,Rv3398c,setB,3nf2,A,335.0
1670,ISPH1_MYCTU,P9WKF9,Rv3382c,setB,3urk,B,304.0
1671,MBTM_MYCTU,P9WQ41,Rv1345,setB,3pbk,B,490.0
1672,ESXF_MYCTU,P9WNH7,Rv3905c,setB,1wa8,A,94.0
1673,DNAE2_MYCTU,P9WNT5,Rv3370c,setB,5fkv,A,1012.0
1674,AMI3_MYCTU,P9WQ95,Rv2888c,setB,4wj3,D,448.0
1675,ACEA_MYCTU,P9WKK7,Rv0467,setB,6xpp,D,425.0
1676,DAPE_MYCTU,P9WHS9,Rv1202,setB,3tx8,A,350.0
1677,DHA_MYCTU,P9WQB1,Rv2780,setB,2vhw,B,370.0
1678,HEMH_MYCTU,P9WNE3,Rv1485,setB,2hre,A,312.0
1679,HIS5_MYCTU,P9WMM1,Rv1602,setB,4gud,A,191.0
1680,HRP1_MYCTU,P9WJA3,Rv2626c,setB,1pvm,A,129.0
1681,MEC_MYCTU,P9WHS1,Rv1334,setB,5cw3,A,119.0
1682,CHSE5_MYCTU,I6Y3Q0,Rv3505,setB,4x28,C,364.0
1683,EGTD_MYCTU,P9WN47,Rv3701c,setB,4pim,A,317.0
1684,CFP32_MYCTU,P9WIR3,Rv0577,setB,3oxh,A,243.0
1685,DCDA_MYCTU,P9WIU7,Rv1293,setB,2o0t,B,444.0
1686,GATC_MYCTU,P9WN59,Rv3012c,setB,2f2a,C,92.0
1687,FPG1_MYCTU,P9WNC3,Rv2924c,setB,1l2b,A,261.0
1688,DPDS_MYCTU,P9WFF7,Rv2361c,setB,4onc,B,281.0
1689,DITCY_MYCTU,O50406,Rv3377c,setB,6vpt,A,483.0
1690,GLGSY_MYCTU,P9WMY9,Rv3032,setB,3c4q,A,374.0
1691,ERA_MYCTU,P9WNK9,Rv2364c,setB,1ega,B,290.0
1692,DAPA_MYCTU,P9WP25,Rv2753c,setB,3l21,E,294.0
1693,ESXS_MYCTU,Q6MX18,Rv3020c,setB,2kg7,A,92.0
1694,GLFT2_MYCTU,O53585,Rv3808c,setB,4fix,A,627.0
1695,GAL1_MYCTU,P9WN63,Rv0620,setB,1wuu,B,345.0
1696,GREA_MYCTU,P9WMT9,Rv1080c,setB,2f23,B,148.0
1697,GLGX_MYCTU,P9WQ25,Rv1564c,setB,2vuy,A,696.0
1698,IDH_MYCTU,P9WKL1,Rv3339c,setB,4hcx,B,402.0
1699,DXR_MYCTU,P9WNS1,Rv2870c,setB,4a03,A,378.0
1700,END8B_MYCTU,P9WNC1,Rv3297,setB,1k82,A,248.0
1701,GALE_MYCTU,P9WN67,Rv3634c,setB,6ltt,A,311.0
1702,EPHG_MYCTU,O33283,Rv2740,setB,2bng,C,140.0
1703,GLMM_MYCTU,P9WN41,Rv3441c,setB,3pdk,B,440.0
1704,DHMA1_MYCTU,P9WMS3,Rv2296,setB,6f9o,A,297.0
1705,CARB_MYCTU,P9WPK3,Rv1384,setB,1a9x,A,1024.0
1706,ADOK_MYCTU,P9WID5,Rv2202c,setB,6c9q,A,323.0
1707,GLPQ1_MYCTU,P9WMU3,Rv3842c,setB,5t91,A,247.0
1708,AK_MYCTU,P9WPX3,Rv3709c,setB,5yei,A,397.0
1709,GLYA1_MYCTU,P9WGI9,Rv1093,setB,3h7f,B,424.0
1710,ESPG2_MYCTU,P9WJC9,Rv3889c,setB,4w4j,B,256.0
1712,ARGA_MYCTU,O33289,Rv2747,setB,6add,B,164.0
1713,G6PD1_MYCTU,P9WN71,Rv1121,setB,4lgv,D,444.0
1714,GCH1L_MYCTU,P9WFM1,Rv2230c,setB,2gx8,C,350.0
1715,GLGC_MYCTU,P9WN43,Rv1213,setB,5l6v,G,384.0
1716,GPDA_MYCTU,P9WN77,Rv2982c,setB,3k96,A,322.0
1717,MBTK_MYCTU,P9WK15,Rv1347c,setB,1yk3,A,198.0
1718,CP130_MYCTU,P9WPN5,Rv1256c,setB,2uuq,A,394.0
1719,COATR_MYCTU,P96877,Rv3272,setB,5yx6,A,360.0
1720,6PGL_MYCTU,P9WQP5,Rv1445c,setB,3ico,D,245.0
1721,MBTL_MYCTU,P9WQF1,Rv1344,setB,1x3o,A,76.0
1722,ACD17_MYCTU,P95280,Rv1934c,setB,4l1f,B,372.0
1723,ACNR_MYCTU,O53165,Rv1474c,setB,4af5,A,174.0
1724,FAA29_MYCTU,P95141,Rv2950c,setB,5d6j,A,561.0
1725,GLMS_MYCTU,P9WN49,Rv3436c,setB,4amv,B,605.0
1726,ACR_MYCTU,P9WMK1,Rv2031c,setB,5nms,G,131.0
1727,ADH_MYCTU,P9WQC3,Rv1530,setB,4cpd,A,333.0
1728,FAB2_MYCTU,P9WQD7,Rv2246,setB,2gp6,B,413.0
1729,ACPS_MYCTU,P9WQD3,Rv2523c,setB,4hc6,A,128.0
1730,C135B_MYCTU,P9WPM9,Rv0568,setB,6h1t,A,427.0
1731,ARGC_MYCTU,P9WPZ9,Rv1652,setB,2i3g,A,347.0
1732,CHSE4_MYCTU,I6YCA3,Rv3504,setB,4x28,A,385.0
1733,CHSE2_MYCTU,P71858,Rv3543c,setB,4x28,A,379.0
1734,ACDC_MYCTU,P9WQG3,Rv0972c,setB,5ol2,C,370.0
1735,ACEAB_MYCTU,O07717,Rv1916,setB,6edw,A,385.0
1736,GCSP_MYCTU,P9WN53,Rv1832,setB,6i33,A,922.0
1737,CP125_MYCTU,P9WPP1,Rv3545c,setB,2x5l,A,414.0
1738,CP138_MYCTU,P9WPM3,Rv0136,setB,2ve3,A,414.0
1739,COBH_MYCTU,P9WP87,Rv2065,setB,3e7d,C,191.0
1740,DEOC_MYCTU,P9WP03,Rv0478,setB,5dbu,G,206.0
1741,COAX_MYCTU,P9WPA1,Rv3600c,setB,3djc,A,249.0
1742,ATSK_MYCTU,P9WKZ1,Rv3406,setB,6edh,B,272.0
1743,BCCA_MYCTU,P9WPQ3,Rv2501c,setB,3u9s,A,608.0
1744,ACG_MYCTU,P9WIZ9,Rv2032,setB,2ymv,A,325.0
1745,CRPL_MYCTU,P9WMH3,Rv3676,setB,3h3u,A,216.0
1746,GLYA2_MYCTU,P9WGI7,Rv0070c,setB,2vmx,A,401.0
1747,ADHC_MYCTU,P9WQC5,Rv3045,setB,1uuf,A,333.0
1748,CH10_MYCTU,P9WPE5,Rv3418c,setB,1p3h,N,98.0
1749,ADHA_MYCTU,P9WQC1,Rv1862,setB,6iqd,A,321.0
1750,CAMT_MYCTU,O07431,Rv0187,setB,6jcl,A,216.0
1751,DUT_MYCTU,P9WNS5,Rv2697c,setB,1sjn,B,139.0
1752,ESXE_MYCTU,P9WNH9,Rv3904c,setB,1wa8,B,84.0
1753,G3P_MYCTU,P9WN83,Rv1436,setB,4dbv,O,328.0
1754,ECCD4_MYCTU,P9WNQ1,Rv3448,setB,6umm,H,432.0
1755,GLPD1_MYCTU,P9WN81,Rv2249c,setB,2rgh,A,468.0
1756,CLPC1_MYCTU,P9WPC9,Rv3596c,setB,3j3r,A,777.0
1757,ACDP_MYCTU,P9WQG1,Rv3274c,setB,3pfd,A,367.0
1758,G6PD2_MYCTU,P9WN73,Rv1447c,setB,6e07,N,473.0
1759,GLN1B_MYCTU,P9WN39,Rv2220,setB,4acf,E,475.0
1760,DCDB_MYCTU,P9WP17,Rv0321,setB,4a6a,L,189.0
1761,GLGE_MYCTU,P9WQ17,Rv1327c,setB,4u33,A,661.0
1762,GCS2_MYCTU,P9WPK9,Rv0433,setB,1tt4,A,345.0
1763,ARCA_MYCTU,P9WQ05,Rv1001,setB,2abr,C,389.0
1764,ECCD3_MYCTU,P9WNQ3,Rv0290,setB,6umm,H,448.0
1765,FTSE_MYCTU,O05779,Rv3102c,setB,6z63,B,227.0
1766,FPRA_MYCTU,P9WIQ3,Rv3106,setB,1lqu,A,451.0
1767,EMBA_MYCTU,P9WNL9,Rv3794,setB,7bvf,A,1087.0
1768,ECH12_MYCTU,P9WNN7,Rv1472,setB,3sll,E,261.0
1769,ECH17_MYCTU,P9WNN3,Rv3039c,setB,5zai,A,234.0
1770,ECHA6_MYCTU,P9WNP1,Rv0905,setB,5duc,C,241.0
1771,GLPK_MYCTU,P9WPK1,Rv3696c,setB,1bu6,X,473.0
1772,GABD1_MYCTU,P9WNX9,Rv0234c,setB,4itb,B,452.0
1773,ETHR_MYCTU,P9WMC1,Rv3855,setB,5mym,A,195.0
1774,GPDA2_MYCTU,P9WN75,Rv0564c,setB,3k96,A,322.0
1775,ACKA_MYCTU,P9WQH1,Rv0409,setB,2iir,D,378.0
1776,FAA28_MYCTU,P9WQ59,Rv2941,setB,3kxw,A,543.0
1777,EPHB_MYCTU,I6YC03,Rv1938,setB,2e3j,A,345.0
1778,DPO42_MYCTU,P9WNT1,Rv3056,setB,5yuw,F,331.0
1779,CAS10_MYCTU,P71629,Rv2823c,setB,6nud,J,729.0
1780,CP143_MYCTU,P9WPL3,Rv1785c,setB,4rm4,A,355.0
1781,GLGB_MYCTU,P9WN45,Rv1326c,setB,3k1d,A,721.0
1782,DISA_MYCTU,P9WNW5,Rv3586,setB,3c23,A,342.0
1783,GARA_MYCTU,P9WJA9,Rv1827,setB,2kfu,A,161.0
1784,ARGB_MYCTU,P9WQ01,Rv1654,setB,2ap9,B,291.0
1785,ACDH_MYCTU,P9WQH3,Rv3535c,setB,4jn6,B,284.0
1786,G3PP_MYCTU,O33194,Rv1692,setB,4i9g,B,326.0
1787,END4_MYCTU,P9WQ13,Rv0670,setB,5zhz,A,250.0
1788,EFTU_MYCTU,P9WNN1,Rv0685,setB,1ob2,A,390.0
1789,CP142_MYCTU,P9WPL5,Rv3518c,setB,2xkr,A,394.0
1790,ASSY_MYCTU,P9WPW7,Rv1658,setB,1j20,A,380.0
1791,CSM4_MYCTU,P9WJF7,Rv2820c,setB,6ifk,B,268.0
1792,FABH_MYCTU,P9WNG3,Rv0533c,setB,1u6s,B,333.0
1793,ESPG3_MYCTU,P9WJC7,Rv0289,setB,5xkl,A,270.0
1794,ESXH_MYCTU,P9WNK3,Rv0288,setB,2kg7,B,96.0
1795,ETFB_MYCTU,P9WNG7,Rv3029c,setB,6fah,B,251.0
1796,COX3_MYCTU,P9WP67,Rv2193,setB,6adq,S,201.0
1797,CP123_MYCTU,P9WPP5,Rv0766c,setB,3a4z,C,369.0
1798,CP144_MYCTU,P9WPL1,Rv1777,setB,5hdi,A,390.0
1799,ALR_MYCTU,P9WQA9,Rv3423c,setB,6scz,B,371.0
1800,DOP_MYCTU,P9WNU9,Rv2112c,setB,5lrt,A,460.0
1801,O33229_MYCTU,O33229,Rv2724c,setB,5ol2,C,372.0
1802,O05862_MYCTU,O05862,Rv3204,setB,2kif,A,91.0
1803,O33206_MYCTU,O33206,Rv1707,setB,5da0,A,448.0
1804,I6XFF3_MYCTU,I6XFF3,Rv2835c,setB,7cad,A,276.0
1805,P96280_MYCTU,P96280,Rv0434,setB,3ljc,A,198.0
1806,P96356_MYCTU,P96356,Rv1045,setB,6j7n,A,286.0
1807,O06367_MYCTU,O06367,Rv3640c,setB,6xg8,A,369.0
1808,O06409_MYCTU,O06409,Rv0543c,setB,2kvc,A,100.0
1809,Q11061_MYCTU,Q11061,Rv1257c,setB,3pm9,F,450.0
1810,O69702_MYCTU,O69702,Rv3735,setB,2ekm,C,159.0
1811,I6XHI0_MYCTU,I6XHI0,Rv3541c,setB,5i7n,A,123.0
1812,O06428_MYCTU,O06428,Rv0562,setB,5ze6,B,308.0
1813,O06312_MYCTU,O06312,Rv0362,setB,2yvx,C,439.0
1814,O06806_MYCTU,O06806,Rv1773c,setB,2g7u,B,226.0
1815,O53146_MYCTU,O53146,Rv1454c,setB,4rvs,A,328.0
1816,I6Y7V6_MYCTU,I6Y7V6,Rv1925,setB,5ey8,B,573.0
1817,P95286_MYCTU,P95286,Rv1928c,setB,3r1i,A,238.0
1818,O06543_MYCTU,O06543,Rv1143,setB,2gd0,C,353.0
1819,O53611_MYCTU,O53611,Rv0066c,setB,5kvu,D,732.0
1820,O53438_MYCTU,O53438,Rv1090,setB,1oa4,A,149.0
1821,O53868_MYCTU,O53868,Rv0856,setB,5z8o,B,122.0
1822,O53323_MYCTU,O53323,Rv3173c,setB,3qbm,A,182.0
1823,O05575_MYCTU,O05575,Rv0992c,setB,2jcb,A,180.0
1824,I6WZG6_MYCTU,I6WZG6,Rv0798c,setB,6i9g,I,263.0
1825,L7N688_MYCTU,L7N688,Rv1715,setB,6tnm,A,278.0
1826,I6XF25_MYCTU,I6XF25,Rv2691,setB,6v4k,G,209.0
1827,P71734_MYCTU,P71734,Rv2409c,setB,3isr,A,255.0
1828,O33340_MYCTU,O33340,Rv2858c,setB,5gtl,C,448.0
1829,I6Y941_MYCTU,I6Y941,Rv0920c,setB,6xg8,A,384.0
1830,O07412_MYCTU,O07412,Rv0167,setB,7cge,A,239.0
1831,I6X9R9_MYCTU,I6X9R9,Rv0768,setB,5gt6,D,470.0
1832,O53623_MYCTU,O53623,Rv0078,setB,5wm9,B,158.0
1833,O06831_MYCTU,O06831,Rv1427c,setB,6e97,B,485.0
1834,I6YG46_MYCTU,I6YG46,Rv3432c,setB,3hbx,E,434.0
1835,O50418_MYCTU,O50418,Rv3393,setB,3g5i,A,289.0
1836,I6Y8U3_MYCTU,I6Y8U3,Rv0807,setB,4zy7,A,118.0
1837,O69697_MYCTU,O69697,Rv3730c,setB,5op0,A,330.0
1838,O69728_MYCTU,O69728,Rv3762c,setB,4nur,A,621.0
1839,P71820_MYCTU,P71820,Rv0763c,setB,2z8q,B,64.0
1840,I6YA03_MYCTU,I6YA03,Rv2679,setB,3qk8,D,259.0
1841,I6YDN6_MYCTU,I6YDN6,Rv2535c,setB,3q6d,D,350.0
1842,O06138_MYCTU,O06138,Rv1621c,setB,2onj,B,505.0
1843,I6WZ71_MYCTU,I6WZ71,Rv0728c,setB,5aov,A,314.0
1844,I6YG83_MYCTU,I6YG83,Rv3472,setB,2chc,C,159.0
1845,P71704_MYCTU,P71704,Rv0047c,setB,5x11,B,162.0
1846,P96812_MYCTU,P96812,Rv0135c,setB,2hyt,A,181.0
1847,L7N670_MYCTU,L7N670,Rv0536,setB,1orr,A,315.0
1848,L0TBR2_MYCTU,L0TBR2,Rv2251,setB,5ae1,D,425.0
1849,O53937_MYCTU,O53937,Rv1786,setB,1siz,A,62.0
1850,P95034_MYCTU,P95034,Rv0688,setB,3lxd,A,385.0
1851,O53190_MYCTU,O53190,Rv2463,setB,5gmx,B,359.0
1852,O53926_MYCTU,O53926,Rv1679,setB,5ol2,C,352.0
1853,P71894_MYCTU,P71894,Rv2318,setB,5k2y,B,400.0
1854,I6Y870_MYCTU,I6Y870,Rv0587,setB,7cge,A,243.0
1855,L7N6B3_MYCTU,L7N6B3,Rv0162c,setB,1teh,B,324.0
1856,O53185_MYCTU,O53185,Rv2458,setB,5dml,A,274.0
1857,O53789_MYCTU,O53789,Rv0681,setB,3on2,D,177.0
1858,I6Y4R2_MYCTU,I6Y4R2,Rv0752c,setB,5ol2,F,367.0
1859,Q10883_MYCTU,Q10883,Rv0086,setB,6khj,B,457.0
1860,P71814_MYCTU,P71814,Rv0757,setB,3r0j,A,224.0
1861,I6YCE1_MYCTU,I6YCE1,Rv3549c,setB,1vl8,A,234.0
1862,O53238_MYCTU,O53238,Rv2989,setB,1mkm,B,225.0
1863,O05772_MYCTU,O05772,Rv3093c,setB,1z69,A,300.0
1864,O06541_MYCTU,O06541,Rv1141c,setB,5zai,E,254.0
1865,O07751_MYCTU,O07751,Rv1879,setB,2qpx,A,356.0
1866,I6XH73_MYCTU,I6XH73,Rv3431c,setB,6xg8,A,272.0
1867,I6Y120_MYCTU,I6Y120,Rv2552c,setB,4p4l,A,207.0
1868,O50432_MYCTU,O50432,Rv1176c,setB,5x11,B,172.0
1869,O06338_MYCTU,O06338,Rv3473c,setB,3bwx,A,238.0
1870,O06574_MYCTU,O06574,Rv1122,setB,4e21,B,316.0
1871,O06545_MYCTU,O06545,Rv1145,setB,7c2n,A,286.0
1872,Q10838_MYCTU,Q10838,Rv1988,setB,6ift,A,163.0
1873,P96857_MYCTU,P96857,Rv3575c,setB,1qpz,A,324.0
1874,P95185_MYCTU,P95185,Rv3141,setB,4dup,A,318.0
1875,O69727_MYCTU,O69727,Rv3761c,setB,3dxp,A,316.0
1876,I6Y5H3_MYCTU,I6Y5H3,Rv1049,setB,4fx0,B,135.0
1877,P95029_MYCTU,P95029,Rv2524c,setB,4v8l,A,2815.0
1878,O33365_MYCTU,O33365,Rv0520,setB,5fcd,A,102.0
1879,P71853_MYCTU,P71853,Rv3548c,setB,3qlj,A,293.0
1880,O07233_MYCTU,O07233,Rv0306,setB,2isj,B,208.0
1881,I6X4S7_MYCTU,I6X4S7,Rv2605c,setB,3u0a,A,253.0
1882,I6YDK7_MYCTU,I6YDK7,Rv2502c,setB,4q0g,C,520.0
1883,P71791_MYCTU,P71791,Rv1512,setB,1e7r,A,305.0
1884,I6WZS8_MYCTU,I6WZS8,Rv0926c,setB,6g1h,A,326.0
1885,O53154_MYCTU,O53154,Rv1463,setB,2d2f,A,244.0
1886,O07255_MYCTU,O07255,Rv0331,setB,6oi5,B,360.0
1887,P72007_MYCTU,P72007,Rv1750c,setB,3ni2,A,484.0
1888,I6Y551_MYCTU,I6Y551,Rv0913c,setB,3npe,A,453.0
1889,P71591_MYCTU,P71591,Rv0021c,setB,3bo9,B,300.0
1890,I6YA00_MYCTU,I6YA00,Rv2674,setB,2k8d,A,127.0
1891,P95075_MYCTU,P95075,Rv0727c,setB,6btd,A,199.0
1892,O07406_MYCTU,O07406,Rv0161,setB,3pm9,F,439.0
1893,O53356_MYCTU,O53356,Rv3304,setB,2q53,A,144.0
1894,O53382_MYCTU,O53382,Rv3332,setB,6fv4,B,374.0
1895,I6Y0W5_MYCTU,I6Y0W5,Rv2500c,setB,5ol2,C,372.0
1896,O06135_MYCTU,O06135,Rv1618,setB,4r4u,A,272.0
1897,I6X811_MYCTU,I6X811,Rv3666c,setB,6e3d,A,509.0
1898,I6YGL1_MYCTU,I6YGL1,Rv3591c,setB,4uhh,A,246.0
1899,O50410_MYCTU,O50410,Rv3383c,setB,3nf2,A,322.0
1900,P71668_MYCTU,P71668,Rv1400c,setB,6k34,B,300.0
1901,I6Y1W3_MYCTU,I6Y1W3,Rv2857c,setB,4wec,A,257.0
1902,P71888_MYCTU,P71888,Rv2324,setB,2gqq,C,142.0
1903,O53321_MYCTU,O53321,Rv3171c,setB,1a88,C,271.0
1904,I6Y4V6_MYCTU,I6Y4V6,Rv0809,setB,1cli,A,335.0
1905,P96832_MYCTU,P96832,Rv0155,setB,1x13,A,347.0
1906,O53482_MYCTU,O53482,Rv2038c,setB,6yir,A,345.0
1907,P71619_MYCTU,P71619,Rv2833c,setB,6r1b,A,394.0
1908,O07178_MYCTU,O07178,Rv0457c,setB,4hvt,A,659.0
1909,I6X235_MYCTU,I6X235,Rv1700,setB,1mqw,A,200.0
1910,Q79FY3_MYCTU,Q79FY3,Rv0619,setB,1guq,A,174.0
1911,L7N665_MYCTU,L7N665,Rv3236c,setB,5bz2,A,360.0
1912,I6X8R2_MYCTU,I6X8R2,Rv0198c,setB,6xly,A,631.0
1913,L7N6A3_MYCTU,L7N6A3,Rv1990A,setB,5x8h,A,100.0
1914,O53547_MYCTU,O53547,Rv3502c,setB,4kzp,A,291.0
1915,O07810_MYCTU,O07810,Rv3813c,setB,1rkq,B,261.0
1916,O07244_MYCTU,O07244,Rv0317c,setB,4r7o,B,241.0
1917,O06799_MYCTU,O06799,Rv1766,setB,4m1p,A,83.0
1918,O07738_MYCTU,O07738,Rv1894c,setB,6bka,A,340.0
1919,I6XFS7_MYCTU,I6XFS7,Rv2966c,setB,6aie,A,181.0
1920,P71730_MYCTU,P71730,Rv2413c,setB,3zh9,B,303.0
1921,I6YCC4_MYCTU,I6YCC4,Rv3529c,setB,2zq5,A,364.0
1922,L7N699_MYCTU,L7N699,Rv0035,setB,3pbk,A,516.0
1923,P72050_MYCTU,P72050,Rv3784,setB,6bi4,A,294.0
1924,I6XU97_MYCTU,I6XU97,Rv0045c,setB,3p2m,A,280.0
1925,I6X5C9_MYCTU,I6X5C9,Rv2786c,setB,5fo0,A,312.0
1926,P95278_MYCTU,P95278,Rv1936,setB,5aec,B,354.0
1927,O05773_MYCTU,O05773,Rv3094c,setB,2rfq,C,315.0
1928,O53488_MYCTU,O53488,Rv2045c,setB,1c7j,A,474.0
1929,L7N663_MYCTU,L7N663,Rv3305c,setB,2q43,A,351.0
1930,L7N684_MYCTU,L7N684,Rv2141c,setB,2pok,B,413.0
1931,I6Y340_MYCTU,I6Y340,Rv0216,setB,2bi0,A,330.0
1932,O05576_MYCTU,O05576,Rv0993,setB,5vct,A,278.0
1933,O50394_MYCTU,O50394,Rv3366,setB,4kdz,A,153.0
1934,I6Y8X0_MYCTU,I6Y8X0,Rv0840c,setB,3nwo,A,279.0
1935,O53578_MYCTU,O53578,Rv3799c,setB,3mfm,F,515.0
1936,P95220_MYCTU,P95220,Rv0263c,setB,3mml,G,286.0
1937,P71626_MYCTU,P71626,Rv2826c,setB,6y56,A,292.0
1938,O53422_MYCTU,O53422,Rv1074c,setB,4wyr,B,385.0
1939,O50431_MYCTU,O50431,Rv1175c,setB,1ps9,A,667.0
1940,P96811_MYCTU,P96811,Rv0134,setB,3qyj,A,276.0
1941,I6YCP0_MYCTU,I6YCP0,Rv3651,setB,4q6u,A,310.0
1942,O53546_MYCTU,O53546,Rv3501c,setB,7ch0,A,223.0
1943,O33182_MYCTU,O33182,Rv1680,setB,5lq5,A,251.0
1944,P95146_MYCTU,P95146,Rv1869c,setB,3lxd,A,402.0
1945,O33178_MYCTU,O33178,Rv1775,setB,5xey,A,249.0
1946,P96281_MYCTU,P96281,Rv0435c,setB,5e7p,B,694.0
1947,I6YEH6_MYCTU,I6YEH6,Rv2831,setB,4jjt,A,229.0
1948,L0T6B3_MYCTU,L0T6B3,Rv0388c,setB,5xfs,B,165.0
1949,I6X831_MYCTU,I6X831,Rv3688c,setB,1ng6,A,145.0
1950,O50397_MYCTU,O50397,Rv3368c,setB,2isj,H,196.0
1951,P96834_MYCTU,P96834,Rv0157,setB,6s59,B,452.0
1952,O53646_MYCTU,O53646,Rv0195,setB,5hev,F,200.0
1953,P95221_MYCTU,P95221,Rv0264c,setB,3mml,B,202.0
1954,P96396_MYCTU,P96396,Rv0214,setB,3r44,A,484.0
1955,I6YGD8_MYCTU,I6YGD8,Rv3523,setB,6hsj,B,366.0
1956,O06412_MYCTU,O06412,Rv0546c,setB,6a4z,B,121.0
1957,P71913_MYCTU,P71913,Rv2436,setB,3go6,A,287.0
1958,O07229_MYCTU,O07229,Rv0302,setB,6a4w,A,197.0
1959,O06633_MYCTU,O06633,Rv0801,setB,1npb,E,106.0
1960,O53740_MYCTU,O53740,Rv0455c,setB,4kpo,A,138.0
1961,P71890_MYCTU,P71890,Rv2322c,setB,3ruy,B,208.0
1962,P71540_MYCTU,P71540,Rv0971c,setB,4knp,A,249.0
1963,O07169_MYCTU,O07169,Rv0119,setB,5ie3,A,498.0
1964,O50433_MYCTU,O50433,Rv1177,setB,2v2k,B,103.0
1965,O06137_MYCTU,O06137,Rv1620c,setB,4a82,B,546.0
1966,P96404_MYCTU,P96404,Rv0222,setB,6ldz,A,250.0
1967,O07743_MYCTU,O07743,Rv1889c,setB,6id6,A,112.0
1968,Q79FJ0_MYCTU,Q79FJ0,Rv1888A,setB,6id6,A,55.0
1969,O06571_MYCTU,O06571,Rv1119c,setB,4wp9,A,45.0
1970,Q6MX20_MYCTU,Q6MX20,Rv2998A,setB,4biv,B,63.0
1971,O06796_MYCTU,O06796,Rv1761c,setB,2k3m,A,41.0
1972,O53667_MYCTU,O53667,Rv0245,setB,3nfw,A,154.0
1973,P96935_MYCTU,P96935,Rv0646c,setB,1q0z,A,272.0
1974,O50434_MYCTU,O50434,Rv1178,setB,2x5d,A,340.0
1975,I6XWJ8_MYCTU,I6XWJ8,Rv0914c,setB,6hsp,B,374.0
1976,O33317_MYCTU,O33317,Rv2775,setB,2cy2,A,139.0
1977,O53388_MYCTU,O53388,Rv3338,setB,4uhh,A,194.0
1978,I6Y498_MYCTU,I6Y498,Rv3680,setB,6bs5,B,355.0
1979,I6XWA1_MYCTU,I6XWA1,Rv0777,setB,5nx8,D,455.0
1980,I6XZC4_MYCTU,I6XZC4,Rv1941,setB,3gvc,A,245.0
1981,I6X9Y7_MYCTU,I6X9Y7,Rv0854,setB,5z8o,B,137.0
1982,I6X9J0_MYCTU,I6X9J0,Rv0672,setB,3u33,K,514.0
1983,P71977_MYCTU,P71977,Rv1719,setB,2xro,E,236.0
1984,I6Y8Y0_MYCTU,I6Y8Y0,Rv0855,setB,2g04,F,353.0
1985,P96381_MYCTU,P96381,Rv1019,setB,6o6o,A,185.0
1986,I6Y4U9_MYCTU,I6Y4U9,Rv0799c,setB,4gu7,D,307.0
1987,O53369_MYCTU,O53369,Rv3317,setB,6lum,D,142.0
1988,O07721_MYCTU,O07721,Rv1912c,setB,4dup,A,317.0
1989,I6Y0X0_MYCTU,I6Y0X0,Rv2505c,setB,5bsu,A,500.0
1990,O86347_MYCTU,O86347,Rv2776c,setB,6laa,A,302.0
1991,O86348_MYCTU,O86348,Rv1190,setB,1cqw,A,268.0
1992,I6WZ26_MYCTU,I6WZ26,Rv0674,setB,3kfw,X,232.0
1993,L0T8G4_MYCTU,L0T8G4,Rv1503c,setB,4zah,H,164.0
1994,O33260_MYCTU,O33260,Rv2125,setB,2wam,A,269.0
1995,P96261_MYCTU,P96261,Rv0415,setB,6j38,A,323.0
1996,L7N6B9_MYCTU,L7N6B9,Rv0522,setB,3ncy,D,393.0
1997,O33282_MYCTU,O33282,Rv2739c,setB,6j32,B,356.0
1998,I6YCB9_MYCTU,I6YCB9,Rv3525c,setB,1v3w,A,170.0
1999,I6WY86_MYCTU,I6WY86,Rv0371c,setB,2yes,B,186.0
2000,O53620_MYCTU,O53620,Rv0075,setB,6qp3,D,373.0
2001,O05316_MYCTU,O05316,Rv1215c,setB,3iii,A,514.0
2002,O86342_MYCTU,O86342,Rv0273c,setB,5f04,A,188.0
2003,O53314_MYCTU,O53314,Rv3164c,setB,2r44,A,306.0
2004,L7N6A5_MYCTU,L7N6A5,Rv3264c,setB,5l6v,B,330.0
2005,I6Y8F2_MYCTU,I6Y8F2,Rv0673,setB,3njd,B,291.0
2006,O53612_MYCTU,O53612,Rv0067c,setB,2q24,B,171.0
2007,O53728_MYCTU,O53728,Rv0443,setB,3cex,A,161.0
2008,O07756_MYCTU,O07756,Rv1873,setB,2jek,A,138.0
2009,I6XF92_MYCTU,I6XF92,Rv2765,setB,3f67,A,226.0
2010,I6Y3V5_MYCTU,I6Y3V5,Rv3560c,setB,2pg0,B,360.0
2011,I6YCN3_MYCTU,I6YCN3,Rv3641c,setB,2vza,B,189.0
2012,P96831_MYCTU,P96831,Rv0154c,setB,2wbi,B,387.0
2013,P95224_MYCTU,P95224,Rv0267,setB,4u4v,A,417.0
2014,P95208_MYCTU,P95208,Rv0400c,setB,5ol2,C,364.0
2015,O07411_MYCTU,O07411,Rv0166,setB,1ult,A,505.0
2016,O33336_MYCTU,O33336,Rv2794c,setB,4qjk,A,225.0
2017,O53483_MYCTU,O53483,Rv2039c,setB,7cag,B,266.0
2018,P96816_MYCTU,P96816,Rv0139,setB,3wj7,A,323.0
2019,P71672_MYCTU,P71672,Rv1404,setB,2nyx,D,147.0
2020,O53325_MYCTU,O53325,Rv3175,setB,4wj3,J,455.0
2021,O07252_MYCTU,O07252,Rv0328,setB,3c07,A,181.0
2022,P71990_MYCTU,P71990,Rv1732c,setB,2ywi,B,180.0
2023,O05898_MYCTU,O05898,Rv3255c,setB,5zvx,A,380.0
2024,I6Y8D3_MYCTU,I6Y8D3,Rv0650,setB,3vgl,A,277.0
2025,O69689_MYCTU,O69689,Rv3722c,setB,5c6u,A,426.0
2026,I6Y4K0_MYCTU,I6Y4K0,Rv0729,setB,2itm,B,428.0
2027,Q79FJ2_MYCTU,Q79FJ2,Rv1844c,setB,2w8z,B,460.0
2028,I6X5Z8_MYCTU,I6X5Z8,Rv3000,setB,4yms,J,199.0
2029,O53424_MYCTU,O53424,Rv1076,setB,3l1j,A,277.0
2030,O05295_MYCTU,O05295,Rv1193,setB,3nyr,A,441.0
2031,I6Y204_MYCTU,I6Y204,Rv2911,setB,4p0m,A,263.0
2032,I6XY36_MYCTU,I6XY36,Rv1498A,setB,3oqt,C,69.0
2033,O53157_MYCTU,O53157,Rv1466,setB,5ird,A,115.0
2034,O53419_MYCTU,O53419,Rv1071c,setB,4hdt,A,336.0
2035,O06550_MYCTU,O06550,Rv1152,setB,6sbs,B,109.0
2036,O53816_MYCTU,O53816,Rv0753c,setB,4e4g,G,480.0
2037,I6WZD7_MYCTU,I6WZD7,Rv0760c,setB,2z7a,D,126.0
2038,P96407_MYCTU,P96407,Rv0225,setB,6kih,F,357.0
2039,I6Y9I3_MYCTU,I6Y9I3,Rv2509,setB,4bmv,I,242.0
2040,I6Y9E8_MYCTU,I6Y9E8,Rv2475c,setB,1njk,A,126.0
2041,I6WYY7_MYCTU,I6WYY7,Rv0636,setB,4rlw,B,142.0
2042,O33221_MYCTU,O33221,Rv1225c,setB,1zjj,B,255.0
2043,O53484_MYCTU,O53484,Rv2040c,setB,7caf,A,274.0
2044,O07752_MYCTU,O07752,Rv1878,setB,4s0r,I,411.0
2045,O05856_MYCTU,O05856,Rv3210c,setB,3ez0,A,209.0
2046,O69652_MYCTU,O69652,Rv3684,setB,6xwl,A,312.0
2047,O07230_MYCTU,O07230,Rv0303,setB,6l1h,A,274.0
2048,I6Y8B5_MYCTU,I6Y8B5,Rv0632c,setB,4hc8,A,228.0
2049,I6Y778_MYCTU,I6Y778,Rv0242c,setB,4fw8,D,409.0
2050,O05892_MYCTU,O05892,Rv3249c,setB,5d1w,E,193.0
2051,O53327_MYCTU,O53327,Rv3177,setB,4pw0,A,271.0
2052,O53407_MYCTU,O53407,Rv1059,setB,6g1h,A,319.0
2053,P96394_MYCTU,P96394,Rv0212c,setB,1lw7,A,309.0
2054,O53519_MYCTU,O53519,Rv2185c,setB,5z8o,B,137.0
2055,P71538_MYCTU,P71538,Rv0973c,setB,3u9s,A,602.0
2056,O86353_MYCTU,O86353,Rv2054,setB,3f67,A,215.0
2057,P96826_MYCTU,P96826,Rv0149,setB,4eye,A,307.0
2058,P71718_MYCTU,P71718,Rv2382c,setB,4mz0,B,428.0
2059,O06817_MYCTU,O06817,Rv1442,setB,1eu1,A,747.0
2060,O86319_MYCTU,O86319,Rv0975c,setB,5ol2,F,368.0
2061,O86318_MYCTU,O86318,Rv0974c,setB,3u9s,L,526.0
2062,L7N6B1_MYCTU,L7N6B1,Rv1322A,setB,6bu2,B,145.0
2063,O06144_MYCTU,O06144,Rv1627c,setB,6hsj,B,370.0
2064,P71616_MYCTU,P71616,Rv2836c,setB,6fv6,A,398.0
2065,O06542_MYCTU,O06542,Rv1142c,setB,5zai,C,256.0
2066,I6Y1A7_MYCTU,I6Y1A7,Rv2640c,setB,6j0e,B,110.0
2067,O50423_MYCTU,O50423,Rv1167c,setB,2zb9,A,181.0
2068,O53479_MYCTU,O53479,Rv2035,setB,5z36,A,149.0
2069,O53498_MYCTU,O53498,Rv2062c,setB,7c6o,A,1172.0
2070,I6Y8H4_MYCTU,I6Y8H4,Rv0697,setB,3ljp,A,468.0
2071,O05853_MYCTU,O05853,Rv3213c,setB,5ihp,B,244.0
2072,O69719_MYCTU,O69719,Rv3752c,setB,6vpc,F,145.0
2073,I6XFA9_MYCTU,I6XFA9,Rv2789c,setB,5ol2,F,372.0
2074,L0T6V0_MYCTU,L0T6V0,Rv1504c,setB,3bn1,C,186.0
2075,O53622_MYCTU,O53622,Rv0077c,setB,5w15,C,255.0
2076,P95198_MYCTU,P95198,Rv0390,setB,2fsx,A,132.0
2077,I6XHH5_MYCTU,I6XHH5,Rv3536c,setB,2eb5,E,256.0
2078,O33189_MYCTU,O33189,Rv1687c,setB,1vpl,A,230.0
2079,O53533_MYCTU,O53533,Rv2259,setB,1m6h,B,354.0
2080,I6YFP0_MYCTU,I6YFP0,Rv3279c,setB,4xu2,B,258.0
2081,O53406_MYCTU,O53406,Rv1058,setB,6ijb,A,526.0
2082,I6Y1P2_MYCTU,I6Y1P2,Rv2778c,setB,2m47,A,144.0
2083,P71892_MYCTU,P71892,Rv2320c,setB,6f34,A,455.0
2084,L7N690_MYCTU,L7N690,Rv3306c,setB,3ram,A,380.0
2085,O69712_MYCTU,O69712,Rv3745c,setB,4ioh,A,64.0
2086,I6X7Z8_MYCTU,I6X7Z8,Rv3650,setB,4kxr,A,85.0
2087,Q50616_MYCTU,Q50616,Rv1817,setB,4at0,A,467.0
2088,O06359_MYCTU,O06359,Rv3649,setB,6znp,A,715.0
2089,O53872_MYCTU,O53872,Rv0860,setB,4b3h,A,717.0
2090,I6YEU0_MYCTU,I6YEU0,Rv2967c,setB,4hnu,A,1033.0
2091,O53666_MYCTU,O53666,Rv0244c,setB,6kse,A,607.0
2092,P71625_MYCTU,P71625,Rv2827c,setB,1zel,A,290.0
2093,O53371_MYCTU,O53371,Rv3319,setB,6lum,Q,238.0
2094,L7N652_MYCTU,L7N652,Rv2317,setB,7cae,B,260.0
2095,O53414_MYCTU,O53414,Rv1066,setB,2hhg,A,119.0
2096,O53634_MYCTU,O53634,Rv0112,setB,2pk3,B,307.0
2097,I6YEB6_MYCTU,I6YEB6,Rv2766c,setB,3o4r,A,240.0
2098,O53713_MYCTU,O53713,Rv0378,setB,3hr2,C,57.0
2099,P71984_MYCTU,P71984,Rv1726,setB,3w8w,B,447.0
2100,O53708_MYCTU,O53708,Rv0373c,setB,1ffu,B,766.0
2101,I6Y8S6_MYCTU,I6Y8S6,Rv0787A,setB,1t4a,B,75.0
2102,O33177_MYCTU,O33177,Rv1774,setB,6fyb,D,427.0
2103,I6Y4U4_MYCTU,I6Y4U4,Rv0794c,setB,1dxl,A,451.0
2104,I6Y8Y8_MYCTU,I6Y8Y8,Rv0865,setB,2g4r,B,151.0
2105,P96399_MYCTU,P96399,Rv0217c,setB,2c7b,A,278.0
2106,O06149_MYCTU,O06149,Rv1632c,setB,2p12,A,143.0
2107,O07748_MYCTU,O07748,Rv1883c,setB,2m47,A,138.0
2108,I6XI14_MYCTU,I6XI14,Rv3713,setB,6fqb,E,212.0
2109,I6Y2G3_MYCTU,I6Y2G3,Rv3068c,setB,2fuv,A,539.0
2110,O07430_MYCTU,O07430,Rv0186,setB,2x41,A,665.0
2111,O50443_MYCTU,O50443,Rv1187,setB,4ns3,C,541.0
2112,O53661_MYCTU,O53661,Rv0238,setB,6o6n,A,188.0
2113,P95186_MYCTU,P95186,Rv3140,setB,5ol2,F,367.0
2114,P71834_MYCTU,P71834,Rv0782,setB,4bp9,E,502.0
2115,O53310_MYCTU,O53310,Rv3160c,setB,5e57,C,203.0
2116,I6Y7N2_MYCTU,I6Y7N2,Rv0375c,setB,1ffu,C,269.0
2117,I6Y6S3_MYCTU,I6Y6S3,Rv0052,setB,7la0,A,178.0
2118,O53639_MYCTU,O53639,Rv0118c,setB,2q27,A,547.0
2119,O33313_MYCTU,O33313,Rv2771c,setB,5wid,C,138.0
2120,O53675_MYCTU,O53675,Rv0253,setB,4aiv,A,112.0
2121,I6Y4E8_MYCTU,I6Y4E8,Rv0675,setB,4z0m,A,241.0
2122,O53764_MYCTU,O53764,Rv0567,setB,4a6e,A,325.0
2123,I6X5K1_MYCTU,I6X5K1,Rv2860c,setB,4lnn,A,422.0
2124,O86374_MYCTU,O86374,Rv3257c,setB,1pcj,X,440.0
2125,O53966_MYCTU,O53966,Rv1965,setB,7cge,A,244.0
2126,O06536_MYCTU,O06536,Rv1136,setB,3r9t,C,110.0
2127,P95100_MYCTU,P95100,Rv3058c,setB,5mym,A,195.0
2128,I6Y3U6_MYCTU,I6Y3U6,Rv3550,setB,5xzd,A,223.0
2129,O05790_MYCTU,O05790,Rv3113,setB,2ah5,A,195.0
2130,P95275_MYCTU,P95275,Rv1939,setB,3nfw,D,158.0
2131,Q79FE8_MYCTU,Q79FE8,Rv2385,setB,2yh2,D,283.0
2132,I6X4J0_MYCTU,I6X4J0,Rv2522c,setB,4ruh,A,426.0
2133,O53772_MYCTU,O53772,Rv0575c,setB,5tul,A,366.0
2134,P71896_MYCTU,P71896,Rv2316,setB,7caf,A,275.0
2135,O53466_MYCTU,O53466,Rv2020c,setB,5ffj,A,82.0
2136,I6Y1Q2_MYCTU,I6Y1Q2,Rv2788,setB,5zr6,A,212.0
2137,I6XA42_MYCTU,I6XA42,Rv0919,setB,5fvj,B,154.0
2138,I6YGH7_MYCTU,I6YGH7,Rv3562,setB,5ol2,C,360.0
2139,O53240_MYCTU,O53240,Rv2991,setB,1rfe,A,160.0
2140,P96847_MYCTU,P96847,Rv3565,setB,5yhv,A,383.0
2141,I6YFL7_MYCTU,I6YFL7,Rv3250c,setB,2kn9,A,60.0
2142,L7N677_MYCTU,L7N677,Rv0117,setB,4x6g,B,284.0
2143,O06539_MYCTU,O06539,Rv1139c,setB,4a2n,B,157.0
2144,O53158_MYCTU,O53158,Rv1467c,setB,6ijc,B,560.0
2145,I6X5H3_MYCTU,I6X5H3,Rv2832c,setB,7cag,C,344.0
2146,P71784_MYCTU,P71784,Rv1505c,setB,4m99,B,201.0
2147,O53164_MYCTU,O53164,Rv1473,setB,4fin,A,496.0
2148,L0TAD5_MYCTU,L0TAD5,Rv1703c,setB,4xue,B,188.0
2149,P95218_MYCTU,P95218,Rv0261c,setB,4u4t,A,423.0
2150,O53863_MYCTU,O53863,Rv0851c,setB,3tjr,B,262.0
2151,O53470_MYCTU,O53470,Rv2024c,setB,4xqk,A,454.0
2152,O53536_MYCTU,O53536,Rv2262c,setB,5n6h,A,308.0
2153,O07248_MYCTU,O07248,Rv0322,setB,4a7p,A,427.0
2154,Q79FX1_MYCTU,Q79FX1,Rv0724A,setB,6id6,A,108.0
2155,O05572_MYCTU,O05572,Rv0989c,setB,5ze6,A,308.0
2156,P96248_MYCTU,P96248,Rv3830c,setB,5h9t,H,189.0
2157,P71976_MYCTU,P71976,Rv1718,setB,2y7e,A,266.0
2158,O06406_MYCTU,O06406,Rv0540,setB,3cgx,A,203.0
2159,I6YBQ3_MYCTU,I6YBQ3,Rv3291c,setB,2qz8,B,146.0
2160,O53561_MYCTU,O53561,Rv3516,setB,4f47,A,230.0
2161,I6X5C5_MYCTU,I6X5C5,Rv2781c,setB,3bw2,A,329.0
2162,I6XWG2_MYCTU,I6XWG2,Rv0868c,setB,6jbz,D,84.0
2163,O05784_MYCTU,O05784,Rv3107c,setB,5ae1,A,479.0
2164,O86327_MYCTU,O86327,Rv2420c,setB,4wcw,A,116.0
2165,L7N660_MYCTU,L7N660,Rv3893c,setB,5xfs,A,70.0
2166,Q7ARS9_MYCTU,Q7ARS9,Rv0385,setB,3ozv,A,369.0
2167,O53567_MYCTU,O53567,Rv3522,setB,6ok1,A,320.0
2168,Q79FW0_MYCTU,Q79FW0,Rv0812,setB,6q1r,D,281.0
2169,O33179_MYCTU,O33179,Rv1776c,setB,5d1w,F,170.0
2170,O53977_MYCTU,O53977,Rv1976c,setB,5mq8,A,124.0
2171,O53676_MYCTU,O53676,Rv0254c,setB,1c9k,A,159.0
2172,P71968_MYCTU,P71968,Rv2671,setB,4xt5,A,245.0
2173,I6XHJ3_MYCTU,I6XHJ3,Rv3556c,setB,4wyr,B,383.0
2174,P71981_MYCTU,P71981,Rv1723,setB,4gb7,A,376.0
2175,Q6MWX6_MYCTU,Q6MWX6,Rv3374,setB,2qq3,F,79.0
2176,O05578_MYCTU,O05578,Rv0995,setB,6c32,A,200.0
2177,P72043_MYCTU,P72043,Rv3777,setB,4dup,A,313.0
2178,O53709_MYCTU,O53709,Rv0374c,setB,4zoh,C,149.0
2179,I6YGW9_MYCTU,I6YGW9,Rv3678c,setB,3d01,I,143.0
2180,I6XI16_MYCTU,I6XI16,Rv3718c,setB,5wox,A,145.0
2181,P96262_MYCTU,P96262,Rv0416,setB,1zud,2,65.0
2182,Q10881_MYCTU,Q10881,Rv0084,setB,7a23,H,291.0
2183,Q6MWW2_MYCTU,Q6MWW2,Rv3538,setB,1s9c,F,266.0
2184,P95216_MYCTU,P95216,Rv0259c,setB,5zt7,A,223.0
2185,I6Y1U3_MYCTU,I6Y1U3,Rv2834c,setB,7cad,B,264.0
2186,O53608_MYCTU,O53608,Rv0063,setB,4xlo,B,432.0
2187,O53910_MYCTU,O53910,Rv1607,setB,4k1c,A,339.0
2188,I6XHY3_MYCTU,I6XHY3,Rv3677c,setB,4ad9,F,244.0
2189,I6XDW5_MYCTU,I6XDW5,Rv2261c,setB,6nwr,B,127.0
2190,I6Y3S9_MYCTU,I6Y3S9,Rv3530c,setB,2uvd,D,240.0
2191,Q79FA2_MYCTU,Q79FA2,Rv3739c,setB,5xfs,B,50.0
2192,O05842_MYCTU,O05842,Rv3224,setB,3sc4,A,277.0
2193,P96397_MYCTU,P96397,Rv0215c,setB,5ol2,F,343.0
2194,P95281_MYCTU,P95281,Rv1933c,setB,4l1f,B,353.0
2195,P75019_MYCTU,P75019,Rv3774,setB,3q0j,F,253.0
2196,O07171_MYCTU,O07171,Rv0121c,setB,5jv4,F,138.0
2197,I6YB06_MYCTU,I6YB06,Rv3053c,setB,4f2i,A,76.0
2198,I6YA29_MYCTU,I6YA29,Rv2714,setB,2wam,A,294.0
2199,O50459_MYCTU,O50459,Rv1244,setB,6eyh,A,258.0
2200,O33332_MYCTU,O33332,Rv2790c,setB,6hrv,A,373.0
2201,I6X9S5_MYCTU,I6X9S5,Rv0773c,setB,2nlz,A,500.0
2202,O53459_MYCTU,O53459,Rv1112,setB,1jal,A,342.0
2203,I6XWE5_MYCTU,I6XWE5,Rv0843,setB,3exf,C,301.0
2204,O53903_MYCTU,O53903,Rv1529,setB,3lnv,A,538.0
2205,O06334_MYCTU,O06334,Rv3469c,setB,1nvm,C,315.0
2206,O86361_MYCTU,O86361,Rv0243,setB,5zqz,D,411.0
2207,O53324_MYCTU,O53324,Rv3174,setB,5u4s,A,223.0
2208,O53965_MYCTU,O53965,Rv1964,setB,7cge,A,244.0
2209,O53390_MYCTU,O53390,Rv3340,setB,2ctz,B,418.0
2210,I6X7H4_MYCTU,I6X7H4,Rv3503c,setB,1vjw,A,57.0
2211,I6YEE6_MYCTU,I6YEE6,Rv2800,setB,3puh,B,506.0
2212,I6Y276_MYCTU,I6Y276,Rv2993c,setB,3rr6,A,231.0
2213,L7N650_MYCTU,L7N650,Rv3293,setB,3jz4,C,456.0
2214,O53532_MYCTU,O53532,Rv2258c,setB,5f8c,A,348.0
2215,P71790_MYCTU,P71790,Rv1511,setB,1n7g,B,321.0
2216,P71891_MYCTU,P71891,Rv2321c,setB,3ruy,A,172.0
2217,O53507_MYCTU,O53507,Rv2173,setB,3qqv,A,344.0
2218,O53734_MYCTU,O53734,Rv0449c,setB,6f7v,A,399.0
2219,P71737_MYCTU,P71737,Rv2406c,setB,4fry,B,131.0
2220,O53370_MYCTU,O53370,Rv3318,setB,6lum,A,539.0
2221,O05894_MYCTU,O05894,Rv3251c,setB,2m4y,A,55.0
2222,I6XA34_MYCTU,I6XA34,Rv0911,setB,3oxh,A,235.0
2223,P94978_MYCTU,P94978,Rv1644,setB,5kzk,A,241.0
2224,O53619_MYCTU,O53619,Rv0074,setB,3mtw,A,290.0
2225,I6Y3T7_MYCTU,I6Y3T7,Rv3540c,setB,6ok1,C,374.0
2226,I6X8S7_MYCTU,I6X8S7,Rv0223c,setB,3b4w,A,482.0
2227,I6WXK4_MYCTU,I6WXK4,Rv0153c,setB,2oz5,A,265.0
2228,Y2581_MYCTU,P9WMW3,Rv2581c,setA,,,216.0
2229,Y499_MYCTU,P9WKT9,Rv0499,setA,,,277.0
2230,Y3371_MYCTU,P9WKA9,Rv3371,setA,,,254.0
2231,Y501_MYCTU,P9WKT3,Rv0501,setA,,,292.0
2232,VPC29_MYCTU,P9WF79,Rv0617,setA,,,131.0
2233,Y2851_MYCTU,P9WFQ5,Rv2851c,setA,,,149.0
2234,Y1847_MYCTU,P9WIM3,Rv1847,setA,,,127.0
2235,Y2585_MYCTU,P9WL77,Rv2585c,setA,,,522.0
2236,Y494_MYCTU,P9WMG7,Rv0494,setA,,,213.0
2237,Y2277_MYCTU,P9WLF1,Rv2277c,setA,,,255.0
2238,Y539_MYCTU,P9WMY1,Rv0539,setA,,,187.0
2239,Y153_MYCTU,P9WFJ1,Rv0145,setA,,,275.0
2240,Y2325_MYCTU,P9WPI7,Rv2325c,setA,,,233.0
2241,VAPC8_MYCTU,P9WFB1,Rv0665,setA,,,106.0
2242,Y3342_MYCTU,P9WK01,Rv3342,setA,,,226.0
2243,VAPC1_MYCTU,P9WFC1,Rv0065,setA,,,132.0
2244,Y1367_MYCTU,P9WLZ3,Rv1367c,setA,,,371.0
2245,GLTR2_MYCTU,P9WFR1,Rv2958c,setA,,,396.0
2246,FAC15_MYCTU,O53521,Rv2187,setA,,,585.0
2247,FLQE1_MYCTU,P9WQL7,Rv2688c,setA,,,284.0
2248,ATP6_MYCTU,P9WPV7,Rv1304,setA,,,48.0
2249,Y2028_MYCTU,P9WFD9,Rv2028c,setA,,,241.0
2250,Y1360_MYCTU,P9WM03,Rv1360,setA,,,334.0
2251,Y2915_MYCTU,P9WL23,Rv2915c,setA,,,356.0
2252,PPX1_MYCTU,P9WHV5,Rv0496,setA,,,313.0
2253,PPK1_MYCTU,P9WHV9,Rv2984,setA,,,627.0
2254,PSTS2_MYCTU,P9WGT9,Rv0932c,setA,,,331.0
2255,THIL_MYCTU,P9WG71,Rv2977c,setA,,,307.0
2256,SYG_MYCTU,P9WFV7,Rv2357c,setA,,,457.0
2257,PSTS1_MYCTU,P9WGU1,Rv0934,setA,,,334.0
2258,Y2001_MYCTU,P9WLN5,Rv2001,setA,,,248.0
2259,VPC46_MYCTU,O50411,Rv3384c,setA,,,120.0
2260,PURK_MYCTU,P9WHL9,Rv3276c,setA,,,388.0
2261,TRPG_MYCTU,P9WN35,Rv0013,setA,,,212.0
2262,MOAA1_MYCTU,P9WJS3,Rv3109,setA,,,339.0
2263,PSTS3_MYCTU,P9WGT7,Rv0928,setA,,,329.0
2264,MOBA_MYCTU,P9WJQ9,Rv2453c,setA,,,174.0
2265,RSMA_MYCTU,P9WH07,Rv1010,setA,,,284.0
2266,NRDI_MYCTU,P9WIZ3,Rv3052c,setA,,,135.0
2267,NARK2_MYCTU,P9WJY7,Rv1737c,setA,,,386.0
2268,Y1255_MYCTU,P9WMD5,Rv1255c,setA,,,184.0
2269,MOAA2_MYCTU,P9WJS1,Rv0869c,setA,,,337.0
2270,HTHR_MYCTU,P9WMC3,Rv3405c,setA,,,175.0
2271,NUOM_MYCTU,P9WIW5,Rv3157,setA,,,501.0
2272,SRP54_MYCTU,P9WGD7,Rv2916c,setA,,,346.0
2273,TESA_MYCTU,P9WQD5,Rv2928,setA,,,211.0
2274,HEM1_MYCTU,P9WMP7,Rv0509,setA,,,420.0
2275,PUR1_MYCTU,P9WHQ7,Rv0808,setA,,,429.0
2276,PK21_MYCTU,O05877,Rv3232c,setA,,,264.0
2277,LDT1_MYCTU,O53638,Rv0116c,setA,,,217.0
2278,SODC_MYCTU,P9WGE9,Rv0432,setA,,,193.0
2279,Y1979_MYCTU,P9WQM5,Rv1979c,setA,,,444.0
2280,INO1_MYCTU,P9WKI1,Rv0046c,setA,,,346.0
2281,Y3421_MYCTU,P9WKY7,Rv3421c,setA,,,199.0
2282,PSTB2_MYCTU,P9WQK9,Rv0933,setA,,,248.0
2283,Y1324_MYCTU,P9WG61,Rv1324,setA,,,250.0
2284,Y881_MYCTU,P9WFY3,Rv0881,setA,,,256.0
2285,Y849_MYCTU,P9WJX5,Rv0849,setA,,,392.0
2286,Y1895_MYCTU,O07737,Rv1895,setA,,,340.0
2287,Y3402_MYCTU,P9WGJ7,Rv3402c,setA,,,375.0
2288,Y1835_MYCTU,P9WIQ9,Rv1835c,setA,,,609.0
2289,Y1501_MYCTU,P9WI91,Rv1501,setA,,,257.0
2290,Y1556_MYCTU,P9WMD1,Rv1556,setA,,,182.0
2291,Y3520_MYCTU,O53565,Rv3520c,setA,,,344.0
2292,Y1085_MYCTU,P9WFN7,Rv1085c,setA,,,225.0
2293,Y2298_MYCTU,P9WQA7,Rv2298,setA,,,310.0
2294,SIGI_MYCTU,P9WGH3,Rv1189,setA,,,221.0
2295,Y1419_MYCTU,P9WLX9,Rv1419,setA,,,124.0
2296,VPC35_MYCTU,P9WF67,Rv1962c,setA,,,133.0
2297,P5CR_MYCTU,P9WHU7,Rv0500,setA,,,269.0
2298,CRTB_MYCTU,P9WHP3,Rv3397c,setA,,,281.0
2299,MENG_MYCTU,P9WFR3,Rv0558,setA,,,223.0
2300,KORA_MYCTU,O53182,Rv2455c,setA,,,623.0
2301,MFTE_MYCTU,P9WP59,Rv0695,setA,,,238.0
2302,ESPG1_MYCTU,P96210,Rv3866,setA,,,255.0
2303,FHMAD_MYCTU,P96809,Rv0132c,setA,,,319.0
2304,PRPD_MYCTU,O06582,Rv1130,setA,,,504.0
2305,PFKB_MYCTU,P9WID3,Rv2029c,setA,,,312.0
2306,PARE2_MYCTU,P9WHG5,Rv2142c,setA,,,103.0
2307,CTPG_MYCTU,P9WPS7,Rv1992c,setA,,,639.0
2308,IDI_MYCTU,P9WKK5,Rv1745c,setA,,,193.0
2309,CP140_MYCTU,P9WPL9,Rv1880c,setA,,,434.0
2310,CP136_MYCTU,P9WPM7,Rv3059,setA,,,488.0
2311,GLPD2_MYCTU,P9WN79,Rv3302c,setA,,,556.0
2312,DPRE2_MYCTU,P9WGS9,Rv3791,setA,,,249.0
2313,MCE2R_MYCTU,P9WMG5,Rv0586,setA,,,230.0
2314,ANSP2_MYCTU,P9WQM7,Rv0346c,setA,,,455.0
2315,DGTL1_MYCTU,P9WNY7,Rv2344c,setA,,,401.0
2316,ADD_MYCTU,P63907,Rv3313c,setA,,,362.0
2317,GLPX_MYCTU,P9WN21,Rv1099c,setA,,,321.0
2318,DESA1_MYCTU,P9WNZ7,Rv0824c,setA,,,325.0
2319,CYSK2_MYCTU,Q79FV4,Rv0848,setA,,,349.0
2320,CTPV_MYCTU,P9WPS3,Rv0969,setA,,,667.0
2321,CYSA_MYCTU,P9WQM1,Rv2397c,setA,,,318.0
2322,MEATP_MYCTU,O86311,Rv1218c,setA,,,282.0
2323,LPQI_MYCTU,L7N6B0,Rv0237,setA,,,345.0
2324,FPG2_MYCTU,L0T864,Rv0944,setA,,,131.0
2325,CTPF_MYCTU,P9WPS9,Rv1997,setA,,,782.0
2326,CUT1_MYCTU,P9WP43,Rv1984c,setA,,,182.0
2327,DPRP_MYCTU,P9WI53,Rv3807c,setA,,,155.0
2328,DNLI_MYCTU,P9WNV5,Rv3062,setA,,,506.0
2329,MENE_MYCTU,P9WQ39,Rv0542c,setA,,,358.0
2330,3BHS_MYCTU,P9WQP7,Rv1106c,setA,,,358.0
2331,FOLB_MYCTU,P9WNC5,Rv3607c,setA,,,119.0
2332,CRCB2_MYCTU,P9WP61,Rv3070,setA,,,125.0
2333,CHOD_MYCTU,P9WMV9,Rv3409c,setA,,,567.0
2334,GABD2_MYCTU,P9WNX7,Rv1731,setA,,,505.0
2335,CSM3_MYCTU,P9WJF9,Rv2821c,setA,,,214.0
2336,3MGH_MYCTU,P9WJP7,Rv1688,setA,,,202.0
2337,CP137_MYCTU,P9WPM5,Rv3685c,setA,,,409.0
2338,Q10782_MYCTU,Q10782,Rv1544,setA,,,258.0
2339,P96246_MYCTU,P96246,Rv3832c,setA,,,185.0
2340,O06820_MYCTU,O06820,Rv1439c,setA,,,126.0
2341,Q6MWX3_MYCTU,Q6MWX3,Rv3468c,setA,,,308.0
2342,O06538_MYCTU,O06538,Rv1138c,setA,,,335.0
2343,O06417_MYCTU,O06417,Rv0551c,setA,,,514.0
2344,P96824_MYCTU,P96824,Rv0147,setA,,,456.0
2345,I6YF40_MYCTU,I6YF40,Rv3075c,setA,,,268.0
2346,P71746_MYCTU,P71746,Rv2398c,setA,,,264.0
2347,O33291_MYCTU,O33291,Rv2749,setA,,,102.0
2348,O50460_MYCTU,O50460,Rv1245c,setA,,,270.0
2349,P96808_MYCTU,P96808,Rv0131c,setA,,,430.0
2350,O69709_MYCTU,O69709,Rv3742c,setA,,,35.0
2351,O07179_MYCTU,O07179,Rv0456c,setA,,,299.0
2352,I6YEA3_MYCTU,I6YEA3,Rv2751,setA,,,285.0
2353,P71835_MYCTU,P71835,Rv0781,setA,,,202.0
2354,O06575_MYCTU,O06575,Rv1123c,setA,,,265.0
2355,I6Y4C7_MYCTU,I6Y4C7,Rv3712,setA,,,400.0
2356,O53916_MYCTU,O53916,Rv1668c,setA,,,297.0
2357,P96273_MYCTU,P96273,Rv0427c,setA,,,269.0
2358,I6XEF6_MYCTU,I6XEF6,Rv2491,setA,,,168.0
2359,O50391_MYCTU,O50391,Rv3362c,setA,,,145.0
2360,O06319_MYCTU,O06319,Rv3452,setA,,,181.0
2361,I6X658_MYCTU,I6X658,Rv3066,setA,,,173.0
2362,O69692_MYCTU,O69692,Rv3725,setA,,,229.0
2363,O69724_MYCTU,O69724,Rv3758c,setA,,,348.0
2364,Q79FA4_MYCTU,Q79FA4,Rv3724B,setA,,,165.0
2365,O05307_MYCTU,O05307,Rv1206,setA,,,568.0
2366,P71701_MYCTU,P71701,Rv0044c,setA,,,256.0
2367,O53147_MYCTU,O53147,Rv1455,setA,,,272.0
2368,P96239_MYCTU,P96239,Rv3839,setA,,,235.0
2369,O53360_MYCTU,O53360,Rv3308,setA,,,531.0
2370,O05293_MYCTU,O05293,Rv1191,setA,,,292.0
2371,O53641_MYCTU,O53641,Rv0158,setA,,,202.0
2372,O06296_MYCTU,O06296,Rv0345,setA,,,115.0
2373,L0T2Z1_MYCTU,L0T2Z1,Rv0197,setA,,,737.0
2374,P95160_MYCTU,P95160,Rv1854c,setA,,,444.0
2375,O53749_MYCTU,O53749,Rv0464c,setA,,,179.0
2376,O86372_MYCTU,O86372,Rv1717,setA,,,113.0
2377,P95200_MYCTU,P95200,Rv0392c,setA,,,457.0
2378,O33298_MYCTU,O33298,Rv2756c,setA,,,505.0
2379,O07237_MYCTU,O07237,Rv0310c,setA,,,149.0
2380,O53198_MYCTU,O53198,Rv2471,setA,,,518.0
2381,I6X7W8_MYCTU,I6X7W8,Rv3618,setA,,,365.0
2382,O06178_MYCTU,O06178,Rv1532c,setA,,,143.0
2383,P95105_MYCTU,P95105,Rv3054c,setA,,,178.0
2384,O53577_MYCTU,O53577,Rv3797,setA,,,575.0
2385,O53485_MYCTU,O53485,Rv2041c,setA,,,400.0
2386,O50388_MYCTU,O50388,Rv3359,setA,,,390.0
2387,O05873_MYCTU,O05873,Rv3228,setA,,,266.0
2389,O53534_MYCTU,O53534,Rv2260,setA,,,210.0
2390,O33273_MYCTU,O33273,Rv0333,setA,,,119.0
2391,O07242_MYCTU,O07242,Rv0315,setA,,,240.0
2392,O07754_MYCTU,O07754,Rv1875,setA,,,146.0
2393,P71830_MYCTU,P71830,Rv0775,setA,,,197.0
2394,O53669_MYCTU,O53669,Rv0247c,setA,,,245.0
2395,I6X666_MYCTU,I6X666,Rv3076,setA,,,147.0
2396,I6Y4A5_MYCTU,I6Y4A5,Rv0634c,setA,,,233.0
2397,I6YEN3_MYCTU,I6YEN3,Rv2893,setA,,,322.0
2398,P96818_MYCTU,P96818,Rv0141c,setA,,,128.0
2399,P95197_MYCTU,P95197,Rv0389,setA,,,357.0
2400,P95227_MYCTU,P95227,Rv0270,setA,,,524.0
2401,O53149_MYCTU,O53149,Rv1458c,setA,,,296.0
2402,I6X9T8_MYCTU,I6X9T8,Rv0791c,setA,,,314.0
2403,I6X9V3_MYCTU,I6X9V3,Rv0811c,setA,,,354.0
2405,O53161_MYCTU,O53161,Rv1470,setA,,,108.0
2406,O07175_MYCTU,O07175,Rv0125,setA,,,305.0
2407,O07166_MYCTU,O07166,Rv3300c,setA,,,273.0
2408,O33187_MYCTU,O33187,Rv1685c,setA,,,187.0
2409,L7N664_MYCTU,L7N664,Rv1471,setA,,,106.0
2410,P71897_MYCTU,P71897,Rv2315c,setA,,,499.0
2411,O06576_MYCTU,O06576,Rv1124,setA,,,299.0
2412,O53453_MYCTU,O53453,Rv1105,setA,,,147.0
2413,P71898_MYCTU,P71898,Rv2314c,setA,,,454.0
2414,L7N6B2_MYCTU,L7N6B2,Rv0265c,setA,,,292.0
2415,O53338_MYCTU,O53338,Rv3192,setA,,,137.0
2416,L0TDU1_MYCTU,L0TDU1,Rv3331,setA,,,421.0
2417,O69693_MYCTU,O69693,Rv3726,setA,,,390.0
2418,P71745_MYCTU,P71745,Rv2399c,setA,,,260.0
2419,O53919_MYCTU,O53919,Rv1672c,setA,,,385.0
2420,O05896_MYCTU,O05896,Rv3253c,setA,,,452.0
2421,O50444_MYCTU,O50444,Rv1188,setA,,,285.0
2422,O53363_MYCTU,O53363,Rv3312c,setA,,,301.0
2423,Q79G13_MYCTU,Q79G13,Rv0062,setA,,,293.0
2424,I6XHH2_MYCTU,I6XHH2,Rv3531c,setA,,,372.0
2425,I6YB11_MYCTU,I6YB11,Rv3057c,setA,,,272.0
2426,P96238_MYCTU,P96238,Rv3840,setA,,,74.0
2427,I6WZD9_MYCTU,I6WZD9,Rv0765c,setA,,,257.0
2428,MP83_MYCTU,P9WNF3,Rv2873,setA,,,166.0
2429,Y898_MYCTU,P9WKP5,Rv0898c,setA,,,72.0
2430,Y2281_MYCTU,P9WIA5,Rv2281,setA,,,503.0
2431,RS1_MYCTU,P9WH43,Rv1630,setA,,,285.0
2432,SUHB_MYCTU,P9WKI9,Rv2701c,setA,,,261.0
2433,Y892_MYCTU,P9WNG1,Rv0892,setA,,,480.0
2434,Y940_MYCTU,P9WKP1,Rv0940c,setA,,,287.0
2435,RS182_MYCTU,P9WH47,Rv2055c,setA,,,63.0
2436,UREG_MYCTU,P9WFE3,Rv1852,setA,,,205.0
2437,Y474_MYCTU,P9WMH9,Rv0474,setA,,,112.0
2438,Y508_MYCTU,P9WKS9,Rv0508,setA,,,86.0
2439,Y2286_MYCTU,P9WLE7,Rv2286c,setA,,,220.0
2440,Y2311_MYCTU,P9WLC1,Rv2311,setA,,,99.0
2442,XERD_MYCTU,P9WF33,Rv1701,setA,,,282.0
2443,Y2003_MYCTU,P9WJZ5,Rv2003c,setA,,,202.0
2444,Y2567_MYCTU,P9WL97,Rv2567,setA,,,789.0
2445,Y1828_MYCTU,P9WME7,Rv1828,setA,,,203.0
2446,Y2994_MYCTU,P9WJW7,Rv2994,setA,,,400.0
2447,Y3189_MYCTU,O53335,Rv3189,setA,,,198.0
2448,ZFPP_MYCTU,P9WFF5,Rv1086,setA,,,248.0
2449,Y2273_MYCTU,P9WLF3,Rv2273,setA,,,51.0
2450,VPB23_MYCTU,P0CW32,Rv2862A,setA,,,78.0
2451,VPB43_MYCTU,P9WL41,Rv2871,setA,,,76.0
2452,VPB22_MYCTU,P71622,Rv2830c,setA,,,69.0
2453,VPB46_MYCTU,P9WF13,Rv3385c,setA,,,91.0
2454,VPB41_MYCTU,P9WJ21,Rv2601A,setA,,,80.0
2455,Y1425_MYCTU,P9WKC1,Rv1425,setA,,,353.0
2456,Y2876_MYCTU,P9WL39,Rv2876,setA,,,55.0
2457,TCRY_MYCTU,O69729,Rv3764c,setA,,,427.0
2458,Y751_MYCTU,P9WFI7,Rv0726c,setA,,,284.0
2459,Y0571_MYCTU,P9WHK1,Rv0571c,setA,,,420.0
2460,YAJC_MYCTU,P9WL75,Rv2588c,setA,,,87.0
2461,Y027_MYCTU,P9WM99,Rv0027,setA,,,101.0
2462,Y2082_MYCTU,Q10690,Rv2082,setA,,,346.0
2463,Y2205_MYCTU,P9WMT7,Rv2205c,setA,,,286.0
2464,YQGF_MYCTU,P9WGV7,Rv2554c,setA,,,140.0
2465,Y2886_MYCTU,P9WL35,Rv2886c,setA,,,157.0
2466,Y1462_MYCTU,P9WFP5,Rv1462,setA,,,375.0
2467,Y3292_MYCTU,P9WL01,Rv3292,setA,,,404.0
2468,Y1281_MYCTU,P9WQJ5,Rv1281c,setA,,,582.0
2469,VPC22_MYCTU,P71623,Rv2829c,setA,,,129.0
2470,Y1823_MYCTU,P9WFG1,Rv1823,setA,,,235.0
2471,Y1866_MYCTU,P95149,Rv1866,setA,,,779.0
2472,Y2913_MYCTU,P9WJH9,Rv2913c,setA,,,581.0
2473,Y1910_MYCTU,P9WFN5,Rv1910c,setA,,,144.0
2474,RS17_MYCTU,P9WH51,Rv0710,setA,,,93.0
2475,Y887_MYCTU,P9WKQ3,Rv0887c,setA,,,147.0
2476,Y895_MYCTU,P9WKA3,Rv0895,setA,,,410.0
2477,WAG31_MYCTU,P9WMU1,Rv2145c,setA,,,200.0
2478,Y2190_MYCTU,P9WHU3,Rv2190c,setA,,,291.0
2479,Y1287_MYCTU,P9WME3,Rv1287,setA,,,145.0
2480,Y943_MYCTU,P9WKN7,Rv0943c,setA,,,210.0
2481,Y3399_MYCTU,P9WFH1,Rv3399,setA,,,235.0
2482,Y917_MYCTU,P9WPR7,Rv0917,setA,,,499.0
2483,Y1063_MYCTU,P9WIY9,Rv1063c,setA,,,239.0
2484,Y1520_MYCTU,P9WLV5,Rv1520,setA,,,309.0
2485,Y2300_MYCTU,P9WLD7,Rv2300c,setA,,,260.0
2486,Y1320_MYCTU,P9WQ29,Rv1320c,setA,,,497.0
2487,Y2639_MYCTU,P9WFN9,Rv2639c,setA,,,101.0
2488,Y1829_MYCTU,P9WLR5,Rv1829,setA,,,128.0
2489,Y3129_MYCTU,P9WL05,Rv3129,setA,,,82.0
2490,TCRA1_MYCTU,O07776,Rv0602c,setA,,,182.0
2491,Y2577_MYCTU,P9WL81,Rv2577,setA,,,468.0
2492,Y2565_MYCTU,P9WIY7,Rv2565,setA,,,511.0
2493,Y2636_MYCTU,P9WL55,Rv2636,setA,,,205.0
2494,Y1708_MYCTU,P9WLT1,Rv1708,setA,,,277.0
2495,Y2654_MYCTU,P9WJ11,Rv2654c,setA,,,57.0
2496,Y2667_MYCTU,P9WPC7,Rv2667,setA,,,214.0
2497,VPB35_MYCTU,P9WF17,Rv1962A,setA,,,82.0
2498,Y2898_MYCTU,P9WFM9,Rv2898c,setA,,,113.0
2499,Y2030_MYCTU,P9WLM1,Rv2030c,setA,,,602.0
2500,WHIA_MYCTU,P9WF45,Rv1423,setA,,,324.0
2501,VAPB7_MYCTU,O06777,Rv0662c,setA,,,81.0
2502,Y2226_MYCTU,P9WLH9,Rv2226,setA,,,451.0
2503,Y1337_MYCTU,P9WM21,Rv1337,setA,,,205.0
2504,VPB14_MYCTU,P95262,Rv1952,setA,,,70.0
2505,VPB30_MYCTU,P9WJ35,Rv0623,setA,,,78.0
2506,VPB44_MYCTU,P9WJ17,Rv3321c,setA,,,65.0
2507,Y3095_MYCTU,P9WMG3,Rv3095,setA,,,146.0
2508,Y1488_MYCTU,P9WPR9,Rv1488,setA,,,308.0
2509,Y1518_MYCTU,P9WLV9,Rv1518,setA,,,279.0
2510,Y1543_MYCTU,P9WGS1,Rv1543,setA,,,290.0
2511,WHB2A_MYCTU,O53353,Rv3260c,setA,,,68.0
2512,WBBL_MYCTU,P9WMY3,Rv3265c,setA,,,295.0
2513,Y3400_MYCTU,P9WKZ7,Rv3400,setA,,,247.0
2514,UVRD2_MYCTU,P9WMP9,Rv3198c,setA,,,653.0
2515,Y2308_MYCTU,P9WLC5,Rv2308,setA,,,184.0
2516,Y2468_MYCTU,P9WLA7,Rv2468c,setA,,,143.0
2517,Y1319_MYCTU,P9WQ31,Rv1319c,setA,,,495.0
2518,VPB47_MYCTU,P9WF23,Rv3407,setA,,,88.0
2519,VPB49_MYCTU,P9WF15,Rv3181c,setA,,,84.0
2520,VPB40_MYCTU,P9WFC3,Rv2595,setA,,,77.0
2521,Y1364_MYCTU,P9WLZ7,Rv1364c,setA,,,583.0
2522,CLPS_MYCTU,P9WPC1,Rv1331,setA,,,76.0
2523,GLST_MYCTU,P9WGB9,Rv1373,setA,,,304.0
2524,CMTR_MYCTU,P9WMI9,Rv1994c,setA,,,90.0
2525,GLTR1_MYCTU,P9WMX7,Rv2957,setA,,,213.0
2526,APT_MYCTU,P9WQ07,Rv2584c,setA,,,174.0
2527,FAD11_MYCTU,P9WQ53,Rv1550,setA,,,453.0
2528,APBC_MYCTU,P9WJN7,Rv1229c,setA,,,349.0
2529,CLPX_MYCTU,P9WPB9,Rv2457c,setA,,,328.0
2530,DDN_MYCTU,P9WP15,Rv3547,setA,,,149.0
2531,CHLEP_MYCTU,P9WJX7,Rv0191,setA,,,388.0
2532,CHLER_MYCTU,P9WMD3,Rv1353c,setA,,,215.0
2533,ABC1_MYCTU,O65934,Rv1747,setA,,,696.0
2534,A85B_MYCTU,P9WQP1,Rv1886c,setA,,,285.0
2535,3O1D1_MYCTU,P71864,Rv3537,setA,,,558.0
2536,CAS6_MYCTU,P9WPJ1,Rv2824c,setA,,,253.0
2537,COABC_MYCTU,P9WNZ1,Rv1391,setA,,,397.0
2538,CRCB1_MYCTU,P9WP63,Rv3069,setA,,,117.0
2539,FTSW_MYCTU,P9WN97,Rv2154c,setA,,,391.0
2540,CRLS_MYCTU,P9WPG5,Rv1822,setA,,,180.0
2541,FTSQ_MYCTU,P9WNA1,Rv2151c,setA,,,247.0
2542,Y504_MYCTU,P9WFK3,Rv0504c,setA,,,150.0
2543,UVRD1_MYCTU,P9WMQ1,Rv0949,setA,,,689.0
2544,VAPC7_MYCTU,P9WFB3,Rv0661c,setA,,,138.0
2545,VAPC6_MYCTU,P9WFB5,Rv0656c,setA,,,106.0
2546,Y2569_MYCTU,P9WL93,Rv2569c,setA,,,287.0
2547,Y492_MYCTU,P9WMV7,Rv0492c,setA,,,615.0
2548,UVRC_MYCTU,P9WFC5,Rv1420,setA,,,532.0
2549,Y1592_MYCTU,P9WK89,Rv1592c,setA,,,427.0
2551,Y2366_MYCTU,P9WFP1,Rv2366c,setA,,,381.0
2552,Y476_MYCTU,P9WKW1,Rv0476,setA,,,85.0
2553,VAPB3_MYCTU,P9WJ59,Rv0550c,setA,,,77.0
2554,VPB15_MYCTU,P9WLM7,Rv2009,setA,,,66.0
2555,VPB11_MYCTU,P9WLU3,Rv1560,setA,,,62.0
2556,Y2715_MYCTU,P9WNH3,Rv2715,setA,,,314.0
2558,VPB48_MYCTU,P9WJ15,Rv3697A,setA,,,72.0
2559,VPB27_MYCTU,O07779,Rv0599c,setA,,,73.0
2560,VPC48_MYCTU,P9WF47,Rv3697c,setA,,,143.0
2561,Y2850_MYCTU,P9WPR3,Rv2850c,setA,,,458.0
2562,Y1405_MYCTU,P9WLY7,Rv1405c,setA,,,263.0
2563,Y2908_MYCTU,P9WFM7,Rv2908c,setA,,,77.0
2564,Y2901_MYCTU,P9WL27,Rv2901c,setA,,,98.0
2565,Y1899_MYCTU,P9WK29,Rv1899c,setA,,,94.0
2566,Y3030_MYCTU,P9WJZ1,Rv3030,setA,,,248.0
2568,RPFC_MYCTU,O07747,Rv1884c,setA,,,94.0
2569,RECN_MYCTU,P9WHI7,Rv1696,setA,,,546.0
2570,Y647_MYCTU,P9WQI1,Rv0647c,setA,,,346.0
2571,TRUA_MYCTU,P9WHP9,Rv3455c,setA,,,273.0
2572,PG16_MYCTU,Q79FU3,Rv0977,setA,,,367.0
2573,PRMC_MYCTU,P9WHV3,Rv1300,setA,,,281.0
2574,NUDC_MYCTU,P9WIX5,Rv3199c,setA,,,299.0
2575,PPE01_MYCTU,P9WI49,Rv0096,setA,,,254.0
2576,PPE03_MYCTU,P9WI45,Rv0280,setA,,,280.0
2577,PPE10_MYCTU,P9WI41,Rv0442c,setA,,,301.0
2578,PPE20_MYCTU,P9WI23,Rv1387,setA,,,293.0
2579,PPE29_MYCTU,P9WI09,Rv1801,setA,,,178.0
2580,PPE36_MYCTU,P9WI01,Rv2108,setA,,,172.0
2581,PPE40_MYCTU,P9WHZ7,Rv2356c,setA,,,482.0
2582,PPE45_MYCTU,P9WHZ1,Rv2892c,setA,,,170.0
2583,PPE49_MYCTU,P9WHY5,Rv3125c,setA,,,177.0
2584,PPE51_MYCTU,P9WHY3,Rv3136,setA,,,162.0
2585,PPE66_MYCTU,P9WHX1,Rv3738c,setA,,,184.0
2586,PPE62_MYCTU,P9WHX7,Rv3533c,setA,,,553.0
2587,PPE63_MYCTU,P9WHX5,Rv3539,setA,,,418.0
2588,PPE69_MYCTU,P9WHW7,Rv3892c,setA,,,156.0
2589,PPE17_MYCTU,P9WI27,Rv1168c,setA,,,169.0
2590,RPOZ_MYCTU,P9WGY5,Rv1390,setA,,,83.0
2591,SYL_MYCTU,P9WFV1,Rv0041,setA,,,928.0
2592,STP_MYCTU,P9WG91,Rv2333c,setA,,,478.0
2593,STF3_MYCTU,P9WLG1,Rv2267c,setA,,,345.0
2594,RECC_MYCTU,P9WIQ5,Rv0631c,setA,,,1016.0
2595,RSMI_MYCTU,P9WGW7,Rv1003,setA,,,273.0
2596,PKNJ_MYCTU,P9WI67,Rv2088,setA,,,454.0
2597,PKNK_MYCTU,P9WI65,Rv3080c,setA,,,955.0
2598,RIP1_MYCTU,P9WHS3,Rv2869c,setA,,,391.0
2599,Y0081_MYCTU,P9WMI7,Rv0081,setA,,,108.0
2600,RECX_MYCTU,P9WHI1,Rv2736c,setA,,,165.0
2601,Y2484_MYCTU,P9WKB3,Rv2484c,setA,,,406.0
2602,Y1760_MYCTU,P9WKB9,Rv1760,setA,,,209.0
2603,Y1354_MYCTU,P9WM13,Rv1354c,setA,,,587.0
2604,VPB37_MYCTU,P9WJ27,Rv2104c,setA,,,82.0
2605,VPB32_MYCTU,P9WJ33,Rv1113,setA,,,64.0
2606,VPB33_MYCTU,O50456,Rv1241,setA,,,85.0
2607,VPB34_MYCTU,P9WJ31,Rv1740,setA,,,64.0
2608,Y1842_MYCTU,P9WFP3,Rv1842c,setA,,,411.0
2609,YBEY_MYCTU,P9WGX9,Rv2367c,setA,,,155.0
2610,VPB10_MYCTU,P9WLZ1,Rv1398c,setA,,,81.0
2611,VPB38_MYCTU,P9WJ25,Rv2493,setA,,,71.0
2612,Y1815_MYCTU,P9WLR9,Rv1815,setA,,,193.0
2613,Y3073_MYCTU,P9WL11,Rv3073c,setA,,,112.0
2614,Y1931_MYCTU,P95283,Rv1931c,setA,,,85.0
2615,Y1506_MYCTU,P71785,Rv1506c,setA,,,164.0
2616,PSTP_MYCTU,P9WHW5,Rv0018c,setA,,,307.0
2617,PTA_MYCTU,P9WHP1,Rv0408,setA,,,659.0
2618,Y0080_MYCTU,P9WMA5,Rv0080,setA,,,115.0
2619,Y2191_MYCTU,P9WLJ1,Rv2191,setA,,,524.0
2620,VAPB4_MYCTU,P9WF21,Rv0596c,setA,,,84.0
2621,Y221_MYCTU,P9WKB7,Rv0221,setA,,,443.0
2622,Y2653_MYCTU,P9WJ13,Rv2653c,setA,,,55.0
2623,UDGB_MYCTU,P9WM53,Rv1259,setA,,,267.0
2624,WHIB6_MYCTU,P9WF37,Rv3862c,setA,,,63.0
2625,Y3480_MYCTU,P9WKA7,Rv3480c,setA,,,376.0
2626,VAPB5_MYCTU,P9WF19,Rv0626,setA,,,83.0
2627,Y2310_MYCTU,P9WLC3,Rv2310,setA,,,112.0
2628,Y3087_MYCTU,P9WKB1,Rv3087,setA,,,449.0
2629,WHIB3_MYCTU,P9WF41,Rv3416,setA,,,80.0
2630,Y1280_MYCTU,P9WGU5,Rv1280c,setA,,,522.0
2631,RL28A_MYCTU,P9WHB1,Rv0105c,setA,,,72.0
2632,TATB_MYCTU,P9WG99,Rv1224,setA,,,68.0
2633,TATC_MYCTU,P9WG97,Rv2093c,setA,,,252.0
2634,PPMNT_MYCTU,O53493,Rv2051c,setA,,,717.0
2635,PPSD_MYCTU,P9WQE3,Rv2934,setA,,,1546.0
2636,ODP1_MYCTU,P9WIS9,Rv2241,setA,,,880.0
2637,LEU1_MYCTU,P9WQB3,Rv3710,setA,,,562.0
2638,NUOH_MYCTU,P9WIX1,Rv3152,setA,,,350.0
2639,RELA_MYCTU,P9WHG9,Rv2583c,setA,,,593.0
2640,SENX3_MYCTU,P9WGK5,Rv0490,setA,,,341.0
2641,SECA2_MYCTU,P9WGP3,Rv1821,setA,,,662.0
2642,TGS1_MYCTU,P9WKC9,Rv3130c,setA,,,342.0
2643,RSFA_MYCTU,P9WGE3,Rv1365c,setA,,,114.0
2644,SIGH_MYCTU,P9WGH9,Rv3223c,setA,,,144.0
2645,SYA_MYCTU,P9WFW7,Rv2555c,setA,,,858.0
2646,TATA_MYCTU,P9WGA1,Rv2094c,setA,,,46.0
2647,RHO_MYCTU,P9WHF3,Rv1297,setA,,,405.0
2648,RECB_MYCTU,P9WMQ3,Rv0630c,setA,,,1032.0
2649,SPEE_MYCTU,P9WGE5,Rv2601,setA,,,475.0
2650,MBTB_MYCTU,P9WQ63,Rv2383c,setA,,,1240.0
2651,MCE3R_MYCTU,P95251,Rv1963c,setA,,,358.0
2652,MURF_MYCTU,P9WJL1,Rv2157c,setA,,,476.0
2653,SIGJ_MYCTU,L0TCG5,Rv3328c,setA,,,291.0
2654,HELY_MYCTU,P9WMR1,Rv2092c,setA,,,831.0
2655,ORN_MYCTU,P9WIU1,Rv2511,setA,,,196.0
2656,MURG_MYCTU,P9WJK9,Rv2153c,setA,,,364.0
2657,MODC_MYCTU,P9WQL3,Rv1859,setA,,,354.0
2658,RELE_MYCTU,O50461,Rv1246c,setA,,,81.0
2659,RV203_MYCTU,I6X8R5,Rv0203,setA,,,94.0
2660,RS2_MYCTU,P9WH39,Rv2890c,setA,,,230.0
2661,Y767_MYCTU,P9WMD7,Rv0767c,setA,,,187.0
2662,Y813_MYCTU,P9WFG9,Rv0813c,setA,,,207.0
2663,RL17_MYCTU,P9WHD3,Rv3456c,setA,,,138.0
2664,QCRC_MYCTU,P9WP35,Rv2194,setA,,,248.0
2665,SCMU_MYCTU,P9WIB9,Rv1885c,setA,,,166.0
2666,SECE_MYCTU,P9WGN7,Rv0638,setA,,,60.0
2668,SEPF_MYCTU,P9WGJ5,Rv2147c,setA,,,86.0
2669,SYI_MYCTU,P9WFV3,Rv1536,setA,,,1026.0
2670,NRDZ_MYCTU,P9WH77,Rv0570,setA,,,644.0
2671,MOEZ_MYCTU,P9WMN7,Rv3206c,setA,,,370.0
2672,NADA_MYCTU,P9WJK1,Rv1594,setA,,,334.0
2673,PPE21_MYCTU,P9WI21,Rv1548c,setA,,,602.0
2674,PPE22_MYCTU,P9WI19,Rv1705c,setA,,,243.0
2675,PPE23_MYCTU,P9WI17,Rv1706c,setA,,,194.0
2676,PPE33_MYCTU,P9WI03,Rv1809,setA,,,297.0
2677,PPE42_MYCTU,P9WHZ5,Rv2608,setA,,,537.0
2678,PPE44_MYCTU,P9WHZ3,Rv2770c,setA,,,213.0
2679,PPE61_MYCTU,P9WHX9,Rv3532,setA,,,178.0
2680,PPE68_MYCTU,P9WHW9,Rv3873,setA,,,171.0
2681,PPE65_MYCTU,P9WHX3,Rv3621c,setA,,,189.0
2682,PPE13_MYCTU,P9WI35,Rv0878c,setA,,,341.0
2683,PPE14_MYCTU,P9WI33,Rv0915c,setA,,,167.0
2684,PPE15_MYCTU,P9WI31,Rv1039c,setA,,,175.0
2685,PPE16_MYCTU,P9WI29,Rv1135c,setA,,,562.0
2686,PIT_MYCTU,P9WIA7,Rv0545c,setA,,,380.0
2687,PUP_MYCTU,P9WHN5,Rv2111c,setA,,,43.0
2688,HTDX_MYCTU,O53664,Rv0241c,setA,,,277.0
2689,SECF_MYCTU,P9WGN9,Rv2586c,setA,,,311.0
2690,MMCO_MYCTU,I6WZK7,Rv0846c,setA,,,448.0
2691,LEP_MYCTU,P9WKA1,Rv2903c,setA,,,226.0
2692,SYR_MYCTU,P9WFW5,Rv1292,setA,,,549.0
2693,SECBL_MYCTU,P95257,Rv1957,setA,,,148.0
2694,MFS55_MYCTU,P9WJY3,Rv1410c,setA,,,420.0
2695,KORB_MYCTU,O53181,Rv2454c,setA,,,345.0
2696,MP70_MYCTU,P9WNF5,Rv2875,setA,,,160.0
2697,PNCB1_MYCTU,P9WJI9,Rv1330c,setA,,,425.0
2698,Y0569_MYCTU,P9WM83,Rv0569,setA,,,57.0
2699,MODA_MYCTU,P9WGU3,Rv1857,setA,,,223.0
2700,Y909_MYCTU,P9WJ07,Rv0909,setA,,,41.0
2701,Y634A_MYCTU,P9WKS5,Rv0634A,setA,,,41.0
2702,Y043_MYCTU,P9WMG9,Rv0043c,setA,,,211.0
2703,MTRB_MYCTU,P9WGK9,Rv3245c,setA,,,486.0
2704,RNH2_MYCTU,P9WH01,Rv2902c,setA,,,194.0
2705,RIPB_MYCTU,P9WHU5,Rv1478,setA,,,190.0
2706,TGS4_MYCTU,P9WKC3,Rv3088,setA,,,383.0
2707,Y100_MYCTU,P9WM65,Rv0100,setA,,,74.0
2708,MDDA_MYCTU,O05883,Rv3238c,setA,,,238.0
2709,PE15_MYCTU,P9WIH1,Rv1386,setA,,,98.0
2710,SDHC_MYCTU,O53368,Rv3316,setA,,,132.0
2711,RSDA_MYCTU,P9WJ71,Rv3413c,setA,,,84.0
2712,TGS3_MYCTU,P9WKC5,Rv3234c,setA,,,220.0
2713,TOP1_MYCTU,P9WG49,Rv3646c,setA,,,852.0
2714,Y637_MYCTU,P9WFJ9,Rv0637,setA,,,156.0
2715,FAMT_MYCTU,O69687,Rv3720,setA,,,394.0
2716,FBIB_MYCTU,P9WP79,Rv3262,setA,,,444.0
2717,MFTC_MYCTU,P9WJ79,Rv0693,setA,,,358.0
2718,IRTA_MYCTU,P9WQJ9,Rv1348,setA,,,761.0
2719,PHAS_MYCTU,P9WQE9,Rv3825c,setA,,,1916.0
2720,MYCP5_MYCTU,O53945,Rv1796,setA,,,424.0
2721,RSEA_MYCTU,L0T905,Rv1222,setA,,,73.0
2722,RPOA_MYCTU,P9WGZ1,Rv3457c,setA,,,297.0
2723,PPE11_MYCTU,P9WI39,Rv0453,setA,,,278.0
2724,PPE02_MYCTU,P9WI47,Rv0256c,setA,,,244.0
2725,PPE04_MYCTU,P9WI43,Rv0286,setA,,,262.0
2726,PPE26_MYCTU,Q79FK6,Rv1789,setA,,,183.0
2727,PPE28_MYCTU,P9WI11,Rv1800,setA,,,517.0
2728,PPE37_MYCTU,Q79FH3,Rv2123,setA,,,223.0
2729,PPE30_MYCTU,P9WI07,Rv1802,setA,,,222.0
2730,PPE32_MYCTU,P9WI05,Rv1808,setA,,,213.0
2731,PPE41_MYCTU,Q79FE1,Rv2430c,setA,,,173.0
2732,PPE12_MYCTU,P9WI37,Rv0755c,setA,,,618.0
2733,PKNE_MYCTU,P9WI77,Rv1743,setA,,,464.0
2734,PKNG_MYCTU,P9WI73,Rv0410c,setA,,,629.0
2735,RIBBA_MYCTU,P9WHF1,Rv1415,setA,,,392.0
2736,JEFA_MYCTU,P9WJW9,Rv2459,setA,,,481.0
2737,RADA_MYCTU,P9WHJ9,Rv3585,setA,,,418.0
2738,RAMB_MYCTU,P9WMI1,Rv0465c,setA,,,422.0
2739,RBFA_MYCTU,P9WHJ7,Rv2838c,setA,,,134.0
2740,PRPR_MYCTU,O06581,Rv1129c,setA,,,429.0
2741,PPSC_MYCTU,P96202,Rv2933,setA,,,1892.0
2742,PNCB2_MYCTU,P9WJI7,Rv0573c,setA,,,438.0
2743,PHOL_MYCTU,P9WIA3,Rv2368c,setA,,,298.0
2744,RPFB_MYCTU,P9WG29,Rv1009,setA,,,361.0
2745,PKNI_MYCTU,P9WI69,Rv2914c,setA,,,405.0
2746,PKNH_MYCTU,P9WI71,Rv1266c,setA,,,426.0
2747,PKS1_MYCTU,P96285,Rv2946c,setA,,,1432.0
2748,SMTB_MYCTU,P9WMI5,Rv2358,setA,,,99.0
2749,RPFD_MYCTU,P9WG27,Rv2389c,setA,,,80.0
2750,RL22_MYCTU,P9WHC1,Rv0706,setA,,,126.0
2751,CDH_MYCTU,P9WPG9,Rv2289,setA,,,221.0
2752,RSLA_MYCTU,P9WJ67,Rv0736,setA,,,181.0
2753,MAZF7_MYCTU,P0CL62,Rv2063A,setA,,,105.0
2754,LSR2_MYCTU,P9WIP7,Rv3597c,setA,,,95.0
2755,NTPP_MYCTU,P9WK27,Rv3282,setA,,,213.0
2756,MP64_MYCTU,P9WIN9,Rv1980c,setA,,,202.0
2757,QCRA_MYCTU,P9WH23,Rv2195,setA,,,380.0
2758,RS9_MYCTU,P9WH25,Rv3442c,setA,,,103.0
2759,SIGM_MYCTU,O53590,Rv3911,setA,,,148.0
2760,SIGE_MYCTU,P9WGG7,Rv1221,setA,,,149.0
2761,RSKA_MYCTU,P9WGX5,Rv0444c,setA,,,189.0
2762,RUVC_MYCTU,P9WGV9,Rv2594c,setA,,,185.0
2763,RSBW_MYCTU,P9WGX7,Rv3287c,setA,,,124.0
2764,HK2_MYCTU,O07777,Rv0601c,setA,,,117.0
2765,LDT5_MYCTU,P9WKV3,Rv0483,setA,,,376.0
2766,MOAR1_MYCTU,O05797,Rv3124,setA,,,254.0
2767,SDHL_MYCTU,P9WGT5,Rv0069c,setA,,,442.0
2768,MMPS1_MYCTU,P9WJT5,Rv0403c,setA,,,117.0
2769,SADH_MYCTU,P9WGP9,Rv3085,setA,,,264.0
2770,MAZE4_MYCTU,P9WJ91,Rv1494,setA,,,83.0
2771,PHBS_MYCTU,P9WIC5,Rv2949c,setA,,,154.0
2772,PE23_MYCTU,P9WIG9,Rv2328,setA,,,65.0
2773,PPSE_MYCTU,P9WQE1,Rv2935,setA,,,1341.0
2774,RSHA_MYCTU,P9WJ69,Rv3221A,setA,,,79.0
2775,PHLB_MYCTU,P9WIB3,Rv2350c,setA,,,432.0
2776,MYMA_MYCTU,P9WNF7,Rv3083,setA,,,481.0
2777,MAZE2_MYCTU,O06779,Rv0660c,setA,,,71.0
2778,HIGB3_MYCTU,O53332,Rv3182,setA,,,109.0
2779,PAPA1_MYCTU,P9WIK9,Rv3824c,setA,,,455.0
2780,RL31_MYCTU,P9WHA1,Rv1298,setA,,,55.0
2781,RPFE_MYCTU,O53177,Rv2450c,setA,,,65.0
2782,ESPL_MYCTU,P9WJB9,Rv3880c,setA,,,109.0
2783,ESXU_MYCTU,I6Y3I6,Rv3445c,setA,,,102.0
2784,FRDD_MYCTU,P9WNB5,Rv1555,setA,,,113.0
2785,NUOC_MYCTU,P9WJH3,Rv3147,setA,,,192.0
2786,MP63_MYCTU,P9WIP1,Rv1926c,setA,,,130.0
2787,PE09_MYCTU,Q79FS8,Rv1088,setA,,,86.0
2788,RPSD_MYCTU,P9WGG9,Rv3414c,setA,,,161.0
2789,RIPA_MYCTU,O53168,Rv1477,setA,,,386.0
2790,PKNL_MYCTU,P9WI63,Rv2176,setA,,,307.0
2791,PKND_MYCTU,P9WI79,Rv0931c,setA,,,514.0
2792,CADI_MYCTU,P9WIR5,Rv2641,setA,,,125.0
2793,PHMT_MYCTU,P9WIN3,Rv2952,setA,,,233.0
2794,MURD_MYCTU,P9WJL5,Rv2155c,setA,,,461.0
2795,NUSG_MYCTU,P9WIU9,Rv0639,setA,,,175.0
2796,MYMT_MYCTU,P9WK09,Rv0186A,setA,,,46.0
2797,PPIB_MYCTU,P9WHW1,Rv2582,setA,,,267.0
2798,MMPS5_MYCTU,P9WJS7,Rv0677c,setA,,,124.0
2799,PE13_MYCTU,Q79FR3,Rv1195,setA,,,98.0
2800,MMPS4_MYCTU,P9WJS9,Rv0451c,setA,,,114.0
2801,PSB_MYCTU,P9WHT9,Rv2110c,setA,,,249.0
2802,BIOF2_MYCTU,P9WQ85,Rv0032,setA,,,753.0
2803,PKS5_MYCTU,O53901,Rv1527c,setA,,,1919.0
2804,RNMT_MYCTU,P9WIM5,Rv2959c,setA,,,236.0
2805,RIP3_MYCTU,P9WHR1,Rv2625c,setA,,,371.0
2806,HIGA2_MYCTU,O53467,Rv2021c,setA,,,100.0
2807,MMPL3_MYCTU,P9WJV5,Rv0206c,setA,,,711.0
2808,MUTT3_MYCTU,P9WIX9,Rv0413,setA,,,195.0
2809,MPRB_MYCTU,P9WGL1,Rv0982,setA,,,411.0
2810,PSTA1_MYCTU,P9WG11,Rv0930,setA,,,286.0
2811,PSTA2_MYCTU,P9WG09,Rv0936,setA,,,276.0
2812,PKNA_MYCTU,P9WI83,Rv0015c,setA,,,255.0
2813,PKNB_MYCTU,P9WI81,Rv0014c,setA,,,528.0
2814,PKNF_MYCTU,P9WI75,Rv1746,setA,,,354.0
2815,LPPC_MYCTU,P9WFN3,Rv1911c,setA,,,156.0
2816,LIPY_MYCTU,I6Y2J4,Rv3097c,setA,,,322.0
2817,MRAY_MYCTU,P9WMW7,Rv2156c,setA,,,340.0
2818,SECD_MYCTU,P9WGP1,Rv2587c,setA,,,482.0
2819,TGS2_MYCTU,P9WKC7,Rv3734c,setA,,,387.0
2820,Y560_MYCTU,P9WKL5,Rv0560c,setA,,,211.0
2821,Y1987_MYCTU,P9WLQ1,Rv1987,setA,,,105.0
2822,Y3579_MYCTU,P9WFY5,Rv3579c,setA,,,257.0
2823,Y1993_MYCTU,P9WLP5,Rv1993c,setA,,,82.0
2824,Y2047_MYCTU,P9WIH5,Rv2047c,setA,,,776.0
2825,LDT4_MYCTU,O07436,Rv0192,setA,,,259.0
2826,RNZ_MYCTU,P9WGZ5,Rv2407,setA,,,269.0
2827,UVRB_MYCTU,P9WFC7,Rv1633,setA,,,629.0
2828,Y485_MYCTU,P9WKV1,Rv0485,setA,,,375.0
2829,RS3_MYCTU,P9WH37,Rv0707,setA,,,207.0
2830,RECD_MYCTU,P9WHJ1,Rv0629c,setA,,,559.0
2831,RECG_MYCTU,P9WMQ7,Rv2973c,setA,,,597.0
2832,WECA_MYCTU,P9WMW5,Rv1302,setA,,,318.0
2833,ARC_MYCTU,P9WQN5,Rv2115c,setA,,,498.0
2834,PPSB_MYCTU,P9WQE5,Rv2932,setA,,,1351.0
2835,RNTF_MYCTU,P9WN09,Rv2962c,setA,,,392.0
2836,PARB_MYCTU,P9WIJ9,Rv3917c,setA,,,232.0
2837,MVINL_MYCTU,P9WJK3,Rv3910,setA,,,882.0
2838,SERB1_MYCTU,P9WGJ3,Rv0505c,setA,,,229.0
2839,SECA1_MYCTU,P9WGP5,Rv3240c,setA,,,777.0
2840,Y906_MYCTU,P9WKP3,Rv0906,setA,,,325.0
2841,WHB7A_MYCTU,Q6MX01,Rv3197A,setA,,,83.0
2842,LPPO_MYCTU,P9WK71,Rv2290,setA,,,127.0
2843,LPPX_MYCTU,P9WK65,Rv2945c,setA,,,173.0
2844,LYSX_MYCTU,P9WFU7,Rv1640c,setA,,,966.0
2845,KGUA_MYCTU,P9WKE9,Rv1389,setA,,,183.0
2846,Y891_MYCTU,P9WMV1,Rv0891c,setA,,,184.0
2847,PE35_MYCTU,P9WIG7,Rv3872,setA,,,91.0
2848,Y3661_MYCTU,P9WGJ1,Rv3661,setA,,,206.0
2849,TRMB_MYCTU,P9WFY9,Rv0208c,setA,,,202.0
2850,Y879_MYCTU,P9WKR1,Rv0879c,setA,,,76.0
2851,Y088_MYCTU,P9WM73,Rv0088,setA,,,157.0
2852,Y1634_MYCTU,P9WJX3,Rv1634,setA,,,427.0
2853,Y1739_MYCTU,P9WGF7,Rv1739c,setA,,,552.0
2854,VPC47_MYCTU,P9WF49,Rv3408,setA,,,134.0
2855,Y2895_MYCTU,P9WL31,Rv2895c,setA,,,276.0
2856,Y1366_MYCTU,P9WLZ5,Rv1366,setA,,,248.0
2857,Y2891_MYCTU,P9WL33,Rv2891,setA,,,159.0
2858,Y2859_MYCTU,O33341,Rv2859c,setA,,,220.0
2859,Y1498_MYCTU,P9WLW9,Rv1498c,setA,,,241.0
2860,Y2411_MYCTU,P9WLA9,Rv2411c,setA,,,458.0
2861,VPB50_MYCTU,O69717,Rv3750c,setA,,,128.0
2862,VPB21_MYCTU,P9WJ43,Rv2758c,setA,,,74.0
2863,Y1825_MYCTU,P9WFG3,Rv1825,setA,,,205.0
2864,RNHPH_MYCTU,P9WLH5,Rv2228c,setA,,,336.0
2865,SIGA_MYCTU,P9WGI1,Rv2703,setA,,,303.0
2866,SIGG_MYCTU,P9WGG5,Rv0182c,setA,,,294.0
2867,Y3671_MYCTU,P9WHR9,Rv3671c,setA,,,381.0
2868,Y030_MYCTU,P9WM95,Rv0030,setA,,,93.0
2869,Y2025_MYCTU,P9WGF5,Rv2025c,setA,,,284.0
2870,Y897_MYCTU,P9WKP7,Rv0897c,setA,,,526.0
2871,WHB5A_MYCTU,P71592,Rv0022c,setA,,,110.0
2872,Y2313_MYCTU,P9WLB7,Rv2313c,setA,,,279.0
2873,Y2627_MYCTU,P9WL67,Rv2627c,setA,,,339.0
2874,VPB13_MYCTU,P9WJ51,Rv1839c,setA,,,80.0
2875,VPB42_MYCTU,P9WJ19,Rv2760c,setA,,,88.0
2876,VPB24_MYCTU,P9WJ41,Rv0239,setA,,,75.0
2877,VPC14_MYCTU,P9WF99,Rv1953,setA,,,76.0
2878,VPC41_MYCTU,P9WF59,Rv2602,setA,,,144.0
2879,VPC24_MYCTU,P9WF87,Rv0240,setA,,,141.0
2880,VPC34_MYCTU,P9WF71,Rv1741,setA,,,48.0
2881,Y1841_MYCTU,P9WLQ7,Rv1841c,setA,,,324.0
2882,Y953_MYCTU,P9WKN5,Rv0953c,setA,,,280.0
2883,SSB_MYCTU,P9WGD5,Rv0054,setA,,,122.0
2884,Y2232_MYCTU,P9WPI9,Rv2232,setA,,,207.0
2885,VPB12_MYCTU,P9WJ53,Rv1721c,setA,,,74.0
2886,VPB17_MYCTU,P9WJ49,Rv2526,setA,,,71.0
2887,VPB36_MYCTU,P9WJ29,Rv1982A,setA,,,78.0
2888,VPC37_MYCTU,O53501,Rv2103c,setA,,,143.0
2889,VPB28_MYCTU,P9WJ39,Rv0608,setA,,,80.0
2890,VPB39_MYCTU,P9WJ23,Rv2530A,setA,,,70.0
2891,PHLD_MYCTU,P9WIA9,Rv1755c,setA,,,195.0
2892,RECO_MYCTU,P9WHI5,Rv2362c,setA,,,241.0
2893,RS11_MYCTU,P9WH65,Rv3459c,setA,,,119.0
2894,Y2006_MYCTU,P9WN15,Rv2006,setA,,,1241.0
2895,Y968_MYCTU,P9WKL9,Rv0968,setA,,,68.0
2896,Y2292_MYCTU,P9WLE3,Rv2292c,setA,,,70.0
2897,NUOG_MYCTU,P9WIV9,Rv3151,setA,,,786.0
2898,Y2204_MYCTU,P9WMN5,Rv2204c,setA,,,86.0
2899,VAPC3_MYCTU,P9WFB7,Rv0549c,setA,,,131.0
2900,Y2559_MYCTU,P9WQN1,Rv2559c,setA,,,405.0
2901,RS5_MYCTU,P9WH33,Rv0721,setA,,,174.0
2902,YIDC_MYCTU,P9WIT5,Rv3921c,setA,,,284.0
2903,Y873_MYCTU,P9WQF7,Rv0873,setA,,,634.0
2904,Y945_MYCTU,P9WGR7,Rv0945,setA,,,244.0
2905,WHIB4_MYCTU,P9WF39,Rv3681c,setA,,,103.0
2906,Y2242_MYCTU,P9WPH5,Rv2242,setA,,,359.0
2907,Y051_MYCTU,P9WIW3,Rv0083,setA,,,628.0
2909,Y965_MYCTU,P9WKM3,Rv0965c,setA,,,95.0
2910,Y089_MYCTU,P9WK03,Rv0089,setA,,,194.0
2911,Y1250_MYCTU,P9WG87,Rv1250,setA,,,437.0
2912,Y3660_MYCTU,P9WKX7,Rv3660c,setA,,,319.0
2913,Y500A_MYCTU,P9WKT7,Rv0500A,setA,,,50.0
2914,RS16_MYCTU,P9WH53,Rv2909c,setA,,,111.0
2915,Y472_MYCTU,P9WMD9,Rv0472c,setA,,,218.0
2916,Y584_MYCTU,O86365,Rv0584,setA,,,841.0
2917,RECA_MYCTU,P9WHJ3,Rv2737c,setA,,,688.0
2918,RSMH_MYCTU,P9WJP1,Rv2165c,setA,,,315.0
2919,TSAE_MYCTU,P9WFS7,Rv3422c,setA,,,147.0
2920,Y3427_MYCTU,Q50701,Rv3427c,setA,,,243.0
2921,Y2564_MYCTU,P9WQI5,Rv2564,setA,,,302.0
2922,Y3760_MYCTU,O69726,Rv3760,setA,,,88.0
2923,VAPB6_MYCTU,P9WJ57,Rv0657c,setA,,,50.0
2924,Y2293_MYCTU,P9WLE1,Rv2293c,setA,,,178.0
2925,Y224_MYCTU,P9WJZ9,Rv0224c,setA,,,239.0
2926,Y2287_MYCTU,P9WJI3,Rv2287,setA,,,505.0
2927,Y2326_MYCTU,P9WQI7,Rv2326c,setA,,,607.0
2928,Y1318_MYCTU,P9WQ33,Rv1318c,setA,,,491.0
2929,Y2900_MYCTU,P9WJP9,Rv2900c,setA,,,757.0
2930,Y3034_MYCTU,O53281,Rv3034c,setA,,,239.0
2931,Y1481_MYCTU,P9WFJ7,Rv1481,setA,,,295.0
2932,Y1514_MYCTU,P9WMX9,Rv1514c,setA,,,245.0
2933,UFAA1_MYCTU,O53732,Rv0447c,setA,,,387.0
2934,Y3659_MYCTU,P9WMT3,Rv3659c,setA,,,327.0
2935,VAPB1_MYCTU,P0CW29,Rv0064A,setA,,,69.0
2936,Y2574_MYCTU,P9WL87,Rv2574,setA,,,152.0
2937,Y2456_MYCTU,P9WJX1,Rv2456c,setA,,,376.0
2938,Y2716_MYCTU,P9WL43,Rv2716,setA,,,227.0
2939,Y1339_MYCTU,P9WGC1,Rv1339,setA,,,258.0
2940,VPB16_MYCTU,P0CW31,Rv2231B,setA,,,44.0
2941,VPC36_MYCTU,P9WF65,Rv1982c,setA,,,136.0
2942,Y1359_MYCTU,P9WM05,Rv1359,setA,,,133.0
2943,VPC49_MYCTU,P9WF51,Rv3180c,setA,,,142.0
2944,Y1403_MYCTU,P9WLY9,Rv1403c,setA,,,260.0
2945,Y1549_MYCTU,P9WLU5,Rv1549,setA,,,135.0
2947,VIRS_MYCTU,P9WMJ3,Rv3082c,setA,,,319.0
2948,Y3633_MYCTU,P9WI89,Rv3633,setA,,,283.0
2949,Y3716_MYCTU,P9WNR9,Rv3716c,setA,,,109.0
2950,Y2067_MYCTU,P9WLL9,Rv2067c,setA,,,393.0
2951,Y2307_MYCTU,P9WLC7,Rv2307c,setA,,,273.0
2952,VAPB9_MYCTU,P9WJ55,Rv0959A,setA,,,72.0
2953,VPB19_MYCTU,P95006,Rv2547,setA,,,84.0
2954,VPB45_MYCTU,O53464,Rv2018,setA,,,236.0
2955,VPB29_MYCTU,P9WJ37,Rv0616A,setA,,,65.0
2956,Y1375_MYCTU,P9WF27,Rv1375,setA,,,383.0
2957,Y1395_MYCTU,P9WMJ1,Rv1395,setA,,,325.0
2959,Y1461_MYCTU,P9WFP7,Rv1461,setA,,,650.0
2960,Y298_MYCTU,P9WJ09,Rv0298,setA,,,73.0
2961,LPQE_MYCTU,P9WK63,Rv3584,setA,,,131.0
2962,LPQL_MYCTU,P96264,Rv0418,setA,,,460.0
2963,LPRJ_MYCTU,O33192,Rv1690,setA,,,77.0
2964,MUTT4_MYCTU,P9WIX7,Rv3908,setA,,,168.0
2965,ASNH_MYCTU,P9WN33,Rv2201,setA,,,627.0
2966,DNAA_MYCTU,P9WNW3,Rv0001,setA,,,401.0
2967,MMPS2_MYCTU,P9WJT3,Rv0506,setA,,,114.0
2968,PPSA_MYCTU,P9WQE7,Rv2931,setA,,,1566.0
2969,NUON_MYCTU,P9WIW9,Rv3158,setA,,,506.0
2970,CAEA_MYCTU,P9WHR3,Rv2224c,setA,,,490.0
2971,PE25_MYCTU,I6X486,Rv2431c,setA,,,98.0
2972,PHLA_MYCTU,P9WIB5,Rv2351c,setA,,,429.0
2973,PR28_MYCTU,P9WIM9,Rv0040c,setA,,,178.0
2974,PHLC_MYCTU,P9WIB1,Rv2349c,setA,,,431.0
2975,NUOA_MYCTU,P9WIW7,Rv3145,setA,,,108.0
2976,PRRB_MYCTU,P9WGK7,Rv0902c,setA,,,407.0
2977,BKDC_MYCTU,O06159,Rv2495c,setA,,,344.0
2978,HIGB1_MYCTU,P9WJA5,Rv1955,setA,,,103.0
2979,PG60_MYCTU,Q6MWV1,Rv3652,setA,,,65.0
2980,PHKR_MYCTU,P9WIB7,Rv2951c,setA,,,379.0
2981,NUOI_MYCTU,P9WJG9,Rv3153,setA,,,171.0
2982,PRIA_MYCTU,P9WMQ9,Rv1402,setA,,,600.0
2983,OBG_MYCTU,P9WMT1,Rv2440c,setA,,,351.0
2984,MENF_MYCTU,P9WFW9,Rv3215,setA,,,361.0
2985,HIGA3_MYCTU,O53333,Rv3183,setA,,,107.0
2986,HPF_MYCTU,O05886,Rv3241c,setA,,,158.0
2987,MFTF_MYCTU,P9WMX1,Rv0696,setA,,,453.0
2988,LIGD_MYCTU,P9WNV3,Rv0938,setA,,,727.0
2989,PHEA_MYCTU,P9WIC3,Rv3838c,setA,,,300.0
2990,PE05_MYCTU,L7N695,Rv0285,setA,,,98.0
2991,MPT53_MYCTU,P9WG65,Rv2878c,setA,,,153.0
2992,MYCP4_MYCTU,I6YC58,Rv3449,setA,,,364.0
2993,LYS25_MYCTU,I6XEI5,Rv2525c,setA,,,205.0
2994,MYCP3_MYCTU,O53695,Rv0291,setA,,,404.0
2995,MOAC3_MYCTU,P9WJR5,Rv3324c,setA,,,152.0
2996,KSTR_MYCTU,P96856,Rv3574,setA,,,186.0
2997,NUOB_MYCTU,P9WJH1,Rv3146,setA,,,166.0
2998,NUSB_MYCTU,P9WIV1,Rv2533c,setA,,,145.0
2999,PAND_MYCTU,P9WIL3,Rv3601c,setA,,,135.0
3000,NARS_MYCTU,O53857,Rv0845,setA,,,330.0
3001,35KD_MYCTU,P9WHP5,Rv2744c,setA,,,185.0
3002,FBIC_MYCTU,P9WP77,Rv1173,setA,,,819.0
3003,HIGA1_MYCTU,P9WJA7,Rv1956,setA,,,92.0
3004,MSHA_MYCTU,P9WMY7,Rv0486,setA,,,414.0
3005,MUTY_MYCTU,P9WQ09,Rv3589,setA,,,282.0
3006,HK1_MYCTU,O07778,Rv0600c,setA,,,129.0
3007,HPPK_MYCTU,P9WNC7,Rv3606c,setA,,,174.0
3008,LDT3_MYCTU,O06825,Rv1433,setA,,,235.0
3009,MYCP1_MYCTU,O05461,Rv3883c,setA,,,417.0
3010,LDT2_MYCTU,I6Y9J2,Rv2518c,setA,,,351.0
3011,RL29_MYCTU,P9WHA7,Rv0709,setA,,,67.0
3012,NARX_MYCTU,P9WJQ1,Rv1736c,setA,,,599.0
3013,MAZE6_MYCTU,P9WJ87,Rv1991A,setA,,,73.0
3014,BLAC_MYCTU,P9WKD3,Rv2068c,setA,,,265.0
3015,ODP2_MYCTU,P9WIS7,Rv2215,setA,,,424.0
3016,MSCL_MYCTU,P9WJN5,Rv0985c,setA,,,104.0
3017,MYCP2_MYCTU,O05458,Rv3886c,setA,,,358.0
3018,LEUD_MYCTU,P9WK95,Rv2987c,setA,,,196.0
3019,LPPE_MYCTU,O07750,Rv1881c,setA,,,115.0
3020,MMPLB_MYCTU,P9WJT9,Rv0202c,setA,,,818.0
3021,PG35_MYCTU,P9WIF1,Rv1983,setA,,,486.0
3022,MIAB_MYCTU,P9WK05,Rv2733c,setA,,,449.0
3023,PDTAS_MYCTU,P9WGL5,Rv3220c,setA,,,451.0
3024,LSPA_MYCTU,P9WK99,Rv1539,setA,,,157.0
3025,NUOE_MYCTU,P9WIV5,Rv3149,setA,,,237.0
3026,INIA_MYCTU,P9WJ99,Rv0342,setA,,,504.0
3027,INT2_MYCTU,P9WMB3,Rv2659c,setA,,,348.0
3028,KDPD_MYCTU,P9WGL3,Rv1028c,setA,,,723.0
3029,PBP1A_MYCTU,P71707,Rv0050,setA,,,540.0
3030,EFPA_MYCTU,P9WJY5,Rv2846c,setA,,,467.0
3031,A85C_MYCTU,P9WQN9,Rv0129c,setA,,,280.0
3032,LEXA_MYCTU,P9WHR7,Rv2720,setA,,,169.0
3033,MMPL6_MYCTU,P9WJU9,Rv1557,setA,,,301.0
3034,KGD_MYCTU,P9WIS5,Rv1248c,setA,,,1135.0
3035,EPHD_MYCTU,P9WGS3,Rv2214c,setA,,,575.0
3036,DNAJ1_MYCTU,P9WNV9,Rv0352,setA,,,322.0
3037,CYSNC_MYCTU,P9WNM5,Rv1286,setA,,,571.0
3038,DNAK_MYCTU,P9WMJ9,Rv0350,setA,,,566.0
3039,DPPRS_MYCTU,P9WFR5,Rv3806c,setA,,,294.0
3040,DNAJ2_MYCTU,P9WNV7,Rv2373c,setA,,,322.0
3041,CYA1_MYCTU,P9WQ35,Rv1625c,setA,,,385.0
3043,PG08_MYCTU,I6Y8K5,Rv0742,setA,,,121.0
3044,MKL_MYCTU,P9WQL5,Rv0655,setA,,,317.0
3045,GLYTR_MYCTU,P9WMX5,Rv1500,setA,,,281.0
3046,ESTR2_MYCTU,I6YF08,Rv3036c,setA,,,201.0
3047,LIPF_MYCTU,O06350,Rv3487c,setA,,,246.0
3048,LLDD_MYCTU,P9WND5,Rv1872c,setA,,,380.0
3049,KMTR_MYCTU,O53838,Rv0827c,setA,,,108.0
3050,PBPB_MYCTU,L0T911,Rv2163c,setA,,,594.0
3051,DPO3X_MYCTU,P9WNT9,Rv3721c,setA,,,480.0
3052,CUT2_MYCTU,P9WP41,Rv2301,setA,,,184.0
3053,LGT_MYCTU,P9WK93,Rv1614,setA,,,283.0
3054,COXX_MYCTU,P9WFR7,Rv1451,setA,,,286.0
3055,DPRA_MYCTU,P9WL29,Rv2896c,setA,,,371.0
3056,IF2_MYCTU,P9WKK1,Rv2839c,setA,,,455.0
3057,CDTS_MYCTU,P9WPF9,Rv2275,setA,,,231.0
3058,ALKA_MYCTU,P9WJW3,Rv1317c,setA,,,485.0
3059,DATIN_MYCTU,P9WMA9,Rv0079,setA,,,236.0
3060,GLNE_MYCTU,P9WN27,Rv2221c,setA,,,945.0
3061,FTSZ_MYCTU,P9WN95,Rv2150c,setA,,,302.0
3062,ARCH_MYCTU,P9WQ03,Rv2630,setA,,,136.0
3063,CHSE3_MYCTU,P96855,Rv3573c,setA,,,689.0
3064,DEAD_MYCTU,P9WH05,Rv1253,setA,,,497.0
3065,CUT3_MYCTU,P9WP39,Rv3451,setA,,,181.0
3066,CYSE_MYCTU,P95231,Rv2335,setA,,,189.0
3067,DESET_MYCTU,P9WNE9,Rv3230c,setA,,,310.0
3069,ESPC_MYCTU,P9WJD7,Rv3615c,setA,,,97.0
3070,ECCA3_MYCTU,P9WPI3,Rv0282,setA,,,585.0
3071,ECCC4_MYCTU,P9WNA7,Rv3447c,setA,,,1082.0
3072,ECCC3_MYCTU,P9WNA9,Rv0284,setA,,,1166.0
3073,ECCC5_MYCTU,P9WNA5,Rv1783,setA,,,1191.0
3074,CSM6_MYCTU,P71635,Rv2818c,setA,,,390.0
3075,ECH13_MYCTU,P95279,Rv1935c,setA,,,296.0
3076,FTSK_MYCTU,P9WNA3,Rv2748c,setA,,,635.0
3077,FTSX_MYCTU,P9WG19,Rv3101c,setA,,,287.0
3078,DRRA_MYCTU,P9WQL9,Rv2936,setA,,,310.0
3079,GDSL_MYCTU,O33363,Rv0518,setA,,,193.0
3080,CWLM_MYCTU,L7N653,Rv3915,setA,,,368.0
3081,EX7S_MYCTU,P9WF29,Rv1107c,setA,,,69.0
3082,EGTA_MYCTU,P9WPK7,Rv3704c,setA,,,410.0
3083,FATRP_MYCTU,P9WQJ3,Rv1272c,setA,,,603.0
3084,DNLJ_MYCTU,P9WNV1,Rv3014c,setA,,,654.0
3085,BLAI_MYCTU,P9WMJ5,Rv1846c,setA,,,120.0
3086,ESPF_MYCTU,P9WJD1,Rv3865,setA,,,98.0
3087,DBH_MYCTU,P9WMK7,Rv2986c,setA,,,101.0
3088,CYSH_MYCTU,P9WIK3,Rv2392,setA,,,233.0
3089,END3_MYCTU,P9WQ11,Rv3674c,setA,,,242.0
3090,FDHD_MYCTU,P9WNF1,Rv2899c,setA,,,243.0
3091,AGBR_MYCTU,P9WMS9,Rv3789,setA,,,105.0
3092,ECC1A_MYCTU,P9WNB3,Rv3870,setA,,,635.0
3093,ECCA2_MYCTU,P9WPH7,Rv3884c,setA,,,611.0
3094,ECCB1_MYCTU,P9WNR7,Rv3869,setA,,,447.0
3095,ECCB3_MYCTU,P9WNR3,Rv0283,setA,,,451.0
3096,ECCD2_MYCTU,P9WNQ5,Rv3887c,setA,,,440.0
3097,LPPM_MYCTU,O53505,Rv2171,setA,,,176.0
3098,METH_MYCTU,O33259,Rv2124c,setA,,,1102.0
3099,LPRA_MYCTU,P9WK55,Rv1270c,setA,,,204.0
3100,LPQT_MYCTU,P9WK59,Rv1016c,setA,,,170.0
3101,LPQH_MYCTU,P9WK61,Rv3763,setA,,,111.0
3102,GYRA_MYCTU,P9WG47,Rv0006,setA,,,766.0
3103,COX2_MYCTU,P9WP69,Rv2200c,setA,,,328.0
3104,CLGR_MYCTU,P9WMH7,Rv2745c,setA,,,99.0
3105,ARFA_MYCTU,P9WIU5,Rv0899,setA,,,219.0
3106,HTPX_MYCTU,P9WHS5,Rv0563,setA,,,261.0
3107,BPA_MYCTU,P9WKX3,Rv3780,setA,,,119.0
3108,FQR61_MYCTU,P9WP13,Rv1261c,setA,,,147.0
3109,MAZE3_MYCTU,O53451,Rv1103c,setA,,,72.0
3111,ATPF_MYCTU,P9WPV5,Rv1306,setA,,,138.0
3112,CP128_MYCTU,P9WPN7,Rv2268c,setA,,,365.0
3113,ESPB_MYCTU,P9WJD9,Rv3881c,setA,,,208.0
3114,ACYLT_MYCTU,P9WMB5,Rv2611c,setA,,,269.0
3115,DNAB_MYCTU,P9WMR3,Rv0058,setA,,,684.0
3116,CYSD_MYCTU,P9WIK1,Rv1285,setA,,,282.0
3117,KSHB_MYCTU,P9WJ93,Rv3571,setA,,,350.0
3118,CHIZ_MYCTU,I6YA32,Rv2719c,setA,,,34.0
3119,CRGA_MYCTU,P9WP57,Rv0011c,setA,,,39.0
3120,HIS3_MYCTU,P9WMM7,Rv1606,setA,,,114.0
3121,COBL_MYCTU,P9WGA9,Rv2072c,setA,,,315.0
3122,LPQW_MYCTU,P9WGU7,Rv1166,setA,,,513.0
3123,LPRF_MYCTU,P9WK47,Rv1368,setA,,,209.0
3124,LPRG_MYCTU,P9WK45,Rv1411c,setA,,,201.0
3125,CTPI_MYCTU,P9WPS5,Rv0107c,setA,,,1149.0
3126,DEVS_MYCTU,P9WGK3,Rv3132c,setA,,,523.0
3127,CSOR_MYCTU,P9WP49,Rv0967,setA,,,93.0
3128,DNAG_MYCTU,P9WNW1,Rv2343c,setA,,,572.0
3129,GDSLL_MYCTU,O53423,Rv1075c,setA,,,247.0
3130,DING_MYCTU,P9WMR5,Rv1329c,setA,,,619.0
3131,DHPS2_MYCTU,P9WNC9,Rv1207,setA,,,277.0
3132,MAZG_MYCTU,P96379,Rv1021,setA,,,296.0
3133,GRPE_MYCTU,P9WMT5,Rv0351,setA,,,147.0
3134,DPO41_MYCTU,P9WNT3,Rv1537,setA,,,412.0
3135,FTSWL_MYCTU,P9WN99,Rv0017c,setA,,,412.0
3136,ACNA_MYCTU,O53166,Rv1475c,setA,,,896.0
3137,FHAB_MYCTU,P9WJB5,Rv0019c,setA,,,123.0
3138,DUS_MYCTU,P9WNS7,Rv0823c,setA,,,360.0
3139,CHMU_MYCTU,P9WIC1,Rv0948c,setA,,,77.0
3140,A85A_MYCTU,P9WQP3,Rv3804c,setA,,,288.0
3141,ANSP1_MYCTU,P9WQM9,Rv2127,setA,,,449.0
3142,CCO_MYCTU,P9WPR5,Rv0654,setA,,,439.0
3143,ACEAA_MYCTU,O07718,Rv1915,setA,,,288.0
3144,FHAA_MYCTU,P71590,Rv0020c,setA,,,182.0
3145,APA_MYCTU,P9WIR7,Rv1860,setA,,,172.0
3146,CPNT_MYCTU,O05442,Rv3903c,setA,,,445.0
3147,FPRB_MYCTU,P9WJI1,Rv0886,setA,,,541.0
3148,EMRB_MYCTU,P9WG89,Rv0783c,setA,,,454.0
3149,ESXD_MYCTU,O05453,Rv3891c,setA,,,97.0
3150,CDSA_MYCTU,P9WPF7,Rv2881c,setA,,,254.0
3151,CAS2_MYCTU,P9WPJ3,Rv2816c,setA,,,76.0
3152,ETHA_MYCTU,P9WNF9,Rv3854c,setA,,,482.0
3153,FAA22_MYCTU,P9WQ61,Rv2948c,setA,,,577.0
3154,ECCA1_MYCTU,P9WPH9,Rv3868,setA,,,561.0
3155,ECCB5_MYCTU,P9WNQ9,Rv1782,setA,,,458.0
3156,ECCB4_MYCTU,P9WNR1,Rv3450c,setA,,,429.0
3157,ECCE3_MYCTU,P9WJE5,Rv0292,setA,,,291.0
3158,GNGF_MYCTU,P9WMU5,Rv1422,setA,,,311.0
3159,AP4A_MYCTU,P9WMK9,Rv2613c,setA,,,128.0
3160,ECCA5_MYCTU,P9WPI1,Rv1798,setA,,,596.0
3161,ECCD1_MYCTU,P9WNQ7,Rv3877,setA,,,441.0
3162,ECCD5_MYCTU,P9WNP9,Rv1795,setA,,,452.0
3163,FTSH_MYCTU,P9WQN3,Rv3610c,setA,,,593.0
3164,ECCB2_MYCTU,P9WNR5,Rv3895c,setA,,,477.0
3165,DIPZ_MYCTU,P9WG63,Rv2874,setA,,,406.0
3166,FER_MYCTU,P9WNE7,Rv2007c,setA,,,111.0
3167,CBXPD_MYCTU,O06380,Rv3627c,setA,,,426.0
3168,AMT_MYCTU,P9WQ65,Rv2920c,setA,,,442.0
3169,FTSY_MYCTU,P9WGD9,Rv2921c,setA,,,315.0
3170,DDAH_MYCTU,P71889,Rv2323c,setA,,,273.0
3171,COBIJ_MYCTU,P9WGB3,Rv2066,setA,,,486.0
3172,BIOB_MYCTU,P9WPQ7,Rv1589,setA,,,325.0
3173,CAEB_MYCTU,P9WHR5,Rv2223c,setA,,,469.0
3174,ARFB_MYCTU,P9WJG7,Rv0900,setA,,,31.0
3175,DOST_MYCTU,P9WGK1,Rv2027c,setA,,,521.0
3176,I6XFC2_MYCTU,I6XFC2,Rv2803,setA,,,86.0
3177,O53630_MYCTU,O53630,Rv0108c,setA,,,68.0
3179,P95125_MYCTU,P95125,Rv2970c,setA,,,341.0
3181,P95159_MYCTU,P95159,Rv1855c,setA,,,306.0
3182,P95144_MYCTU,P95144,Rv1871c,setA,,,112.0
3183,L0TBP1_MYCTU,L0TBP1,Rv2160A,setA,,,103.0
3184,P71662_MYCTU,P71662,Rv1393c,setA,,,487.0
3185,I6YCF3_MYCTU,I6YCF3,Rv2101,setA,,,880.0
3186,P96358_MYCTU,P96358,Rv1043c,setA,,,296.0
3187,O53538_MYCTU,O53538,Rv2264c,setA,,,268.0
3188,P71655_MYCTU,P71655,Rv2796c,setA,,,149.0
3189,L7N682_MYCTU,L7N682,Rv1135A,setA,,,59.0
3190,Q6MWZ4_MYCTU,Q6MWZ4,Rv3224B,setA,,,54.0
3191,O06625_MYCTU,O06625,Rv1565c,setA,,,659.0
3192,P71847_MYCTU,P71847,Rv3553,setA,,,337.0
3193,P71883_MYCTU,P71883,Rv2329c,setA,,,439.0
3194,O53452_MYCTU,O53452,Rv1104,setA,,,190.0
3195,Q6MX15_MYCTU,Q6MX15,Rv3077,setA,,,551.0
3196,O53632_MYCTU,O53632,Rv0110,setA,,,236.0
3197,O05841_MYCTU,O05841,Rv3225c,setA,,,456.0
3198,O53148_MYCTU,O53148,Rv1456c,setA,,,299.0
3199,I6XVR9_MYCTU,I6XVR9,Rv0611c,setA,,,73.0
3200,O07191_MYCTU,O07191,Rv2689c,setA,,,396.0
3201,P71922_MYCTU,P71922,Rv2426c,setA,,,276.0
3202,I6X4K0_MYCTU,I6X4K0,Rv2531c,setA,,,854.0
3203,P72047_MYCTU,P72047,Rv3781,setA,,,235.0
3204,O07414_MYCTU,O07414,Rv0170,setA,,,326.0
3205,P71568_MYCTU,P71568,Rv0941c,setA,,,237.0
3206,L7N6A7_MYCTU,L7N6A7,Rv1214c,setA,,,109.0
3207,P95137_MYCTU,P95137,Rv2955c,setA,,,230.0
3208,P71594_MYCTU,P71594,Rv0024,setA,,,245.0
3209,O53317_MYCTU,O53317,Rv3167c,setA,,,173.0
3210,Q79FE4_MYCTU,Q79FE4,Rv2401A,setA,,,59.0
3211,O06279_MYCTU,O06279,Rv3603c,setA,,,294.0
3212,O07749_MYCTU,O07749,Rv1882c,setA,,,267.0
3213,O06800_MYCTU,O06800,Rv1767,setA,,,112.0
3214,O53715_MYCTU,O53715,Rv0380c,setA,,,174.0
3215,L7N6A4_MYCTU,L7N6A4,Rv1000c,setA,,,186.0
3216,O53410_MYCTU,O53410,Rv1062,setA,,,284.0
3217,O69678_MYCTU,O69678,Rv3711c,setA,,,311.0
3218,O07206_MYCTU,O07206,Rv2705c,setA,,,115.0
3219,L7N681_MYCTU,L7N681,Rv1646,setA,,,216.0
3220,O50398_MYCTU,O50398,Rv3369,setA,,,134.0
3221,O50455_MYCTU,O50455,Rv1239c,setA,,,323.0
3222,P95059_MYCTU,P95059,Rv0711,setA,,,763.0
3223,I6YCF5_MYCTU,I6YCF5,Rv3564,setA,,,314.0
3224,I6YG87_MYCTU,I6YG87,Rv3477,setA,,,91.0
3225,O53854_MYCTU,O53854,Rv0842,setA,,,373.0
3226,P71795_MYCTU,P71795,Rv1516c,setA,,,309.0
3227,L7N669_MYCTU,L7N669,Rv1940,setA,,,309.0
3228,O50402_MYCTU,O50402,Rv3373,setA,,,196.0
3229,L7N657_MYCTU,L7N657,Rv0164,setA,,,146.0
3230,O53633_MYCTU,O53633,Rv0111,setA,,,610.0
3231,P95263_MYCTU,P95263,Rv1951c,setA,,,86.0
3232,O53697_MYCTU,O53697,Rv0293c,setA,,,366.0
3233,I6X824_MYCTU,I6X824,Rv3678A,setA,,,52.0
3234,O08377_MYCTU,O08377,Rv1534,setA,,,197.0
3235,P95226_MYCTU,P95226,Rv0269c,setA,,,388.0
3236,O07728_MYCTU,O07728,Rv1904,setA,,,114.0
3237,I6Y0L1_MYCTU,I6Y0L1,Rv2380c,setA,,,1462.0
3238,L0T7Y7_MYCTU,L0T7Y7,Rv1807,setA,,,176.0
3239,Q6MX51_MYCTU,Q6MX51,Rv0296c,setA,,,439.0
3240,I6Y890_MYCTU,I6Y890,Rv0605,setA,,,179.0
3241,O53347_MYCTU,O53347,Rv3201c,setA,,,962.0
3242,P71653_MYCTU,P71653,Rv2798c,setA,,,101.0
3243,O69723_MYCTU,O69723,Rv3757c,setA,,,207.0
3244,Q10896_MYCTU,Q10896,Rv0101,setA,,,1498.0
3245,O06302_MYCTU,O06302,Rv0353,setA,,,103.0
3246,O05855_MYCTU,O05855,Rv3211,setA,,,390.0
3247,Q79FA5_MYCTU,Q79FA5,Rv3724A,setA,,,66.0
3248,O05456_MYCTU,O05456,Rv3888c,setA,,,287.0
3249,O06560_MYCTU,O06560,Rv1162,setA,,,453.0
3250,O53777_MYCTU,O53777,Rv0580c,setA,,,144.0
3251,Q6MX22_MYCTU,Q6MX22,Rv2943A,setA,,,107.0
3252,O07730_MYCTU,O07730,Rv1902c,setA,,,407.0
3253,O53506_MYCTU,O53506,Rv2172c,setA,,,291.0
3254,P96821_MYCTU,P96821,Rv0144,setA,,,187.0
3255,I6Y482_MYCTU,I6Y482,Rv3663c,setA,,,500.0
3256,P72036_MYCTU,P72036,Rv3769,setA,,,89.0
3257,O06561_MYCTU,O06561,Rv1163,setA,,,180.0
3258,O07250_MYCTU,O07250,Rv0325,setA,,,64.0
3259,P71719_MYCTU,P71719,Rv2381c,setA,,,904.0
3260,O06593_MYCTU,O06593,Rv1597,setA,,,251.0
3261,O06169_MYCTU,O06169,Rv2506,setA,,,195.0
3262,O33186_MYCTU,O33186,Rv1684,setA,,,64.0
3263,I6X7B3_MYCTU,I6X7B3,Rv3438,setA,,,257.0
3264,Q79FV8_MYCTU,Q79FV8,Rv0832,setA,,,111.0
3265,O86331_MYCTU,O86331,Rv0792c,setA,,,233.0
3266,P96287_MYCTU,P96287,Rv2944,setA,,,132.0
3267,O86335_MYCTU,O86335,Rv0405,setA,,,1196.0
3268,O53387_MYCTU,O53387,Rv3337,setA,,,50.0
3269,P96833_MYCTU,P96833,Rv0156,setA,,,105.0
3270,L7N672_MYCTU,L7N672,Rv3907c,setA,,,452.0
3271,P96368_MYCTU,P96368,Rv1032c,setA,,,461.0
3272,O53409_MYCTU,O53409,Rv1061,setA,,,259.0
3273,L7N654_MYCTU,L7N654,Rv1087A,setA,,,31.0
3274,P95150_MYCTU,P95150,Rv1865c,setA,,,271.0
3275,O53581_MYCTU,O53581,Rv3802c,setA,,,302.0
3276,O33183_MYCTU,O33183,Rv1681,setA,,,308.0
3277,P96876_MYCTU,P96876,Rv3271c,setA,,,182.0
3278,P95215_MYCTU,P95215,Rv0258c,setA,,,139.0
3279,I6XHX8_MYCTU,I6XHX8,Rv3672c,setA,,,232.0
3280,P96810_MYCTU,P96810,Rv0133,setA,,,200.0
3281,O53491_MYCTU,O53491,Rv2049c,setA,,,63.0
3282,Q50699_MYCTU,Q50699,Rv1277,setA,,,378.0
3283,O53923_MYCTU,O53923,Rv1676,setA,,,153.0
3284,O05582_MYCTU,O05582,Rv0999,setA,,,181.0
3285,O53718_MYCTU,O53718,Rv0383c,setA,,,202.0
3286,I6X5I7_MYCTU,I6X5I7,Rv2847c,setA,,,378.0
3287,P95223_MYCTU,P95223,Rv0266c,setA,,,1148.0
3288,O53674_MYCTU,O53674,Rv0252,setA,,,814.0
3289,P95087_MYCTU,P95087,Rv3071,setA,,,308.0
3290,P71846_MYCTU,P71846,Rv3554,setA,,,626.0
3291,O50380_MYCTU,O50380,Rv3351c,setA,,,189.0
3292,I6YGW6_MYCTU,I6YGW6,Rv3673c,setA,,,191.0
3293,L7N649_MYCTU,L7N649,Rv1788,setA,,,98.0
3294,O50416_MYCTU,O50416,Rv3390,setA,,,207.0
3295,O06139_MYCTU,O06139,Rv1622c,setA,,,343.0
3296,O06624_MYCTU,O06624,Rv1566c,setA,,,134.0
3297,L0T2Q9_MYCTU,L0T2Q9,Rv0168,setA,,,254.0
3299,O05301_MYCTU,O05301,Rv1200,setA,,,409.0
3300,Q79FI8_MYCTU,Q79FI8,Rv1918c,setA,,,564.0
3301,O06363_MYCTU,O06363,Rv3644c,setA,,,375.0
3302,P71983_MYCTU,P71983,Rv1725c,setA,,,224.0
3303,O07257_MYCTU,O07257,Rv2059,setA,,,220.0
3304,O53205_MYCTU,O53205,Rv2478c,setA,,,115.0
3305,O53680_MYCTU,O53680,Rv0274,setA,,,190.0
3306,O06216_MYCTU,O06216,Rv2161c,setA,,,277.0
3307,O06154_MYCTU,O06154,Rv1637c,setA,,,225.0
3308,O53751_MYCTU,O53751,Rv0466,setA,,,263.0
3309,I6XFT2_MYCTU,I6XFT2,Rv2970A,setA,,,39.0
3310,Q79FD3_MYCTU,Q79FD3,Rv2519,setA,,,481.0
3311,O50408_MYCTU,O50408,Rv3379c,setA,,,520.0
3312,O06133_MYCTU,O06133,Rv1616,setA,,,117.0
3313,I6Y4Z9_MYCTU,I6Y4Z9,Rv0857,setA,,,151.0
3314,P96245_MYCTU,P96245,Rv3833,setA,,,228.0
3315,L7N691_MYCTU,L7N691,Rv1473A,setA,,,47.0
3316,O07408_MYCTU,O07408,Rv0163,setA,,,145.0
3317,O53408_MYCTU,O53408,Rv1060,setA,,,156.0
3318,O53384_MYCTU,O53384,Rv3334,setA,,,121.0
3319,P95148_MYCTU,P95148,Rv1867,setA,,,493.0
3320,O06232_MYCTU,O06232,Rv2143,setA,,,266.0
3321,I6YA47_MYCTU,I6YA47,Rv2738c,setA,,,64.0
3322,I6XF84_MYCTU,I6XF84,Rv2755c,setA,,,89.0
3323,O53711_MYCTU,O53711,Rv0376c,setA,,,351.0
3324,P96894_MYCTU,P96894,Rv3289c,setA,,,35.0
3325,P95244_MYCTU,P95244,Rv2348c,setA,,,34.0
3326,O69703_MYCTU,O69703,Rv3736,setA,,,319.0
3327,O06392_MYCTU,O06392,Rv0526,setA,,,167.0
3328,I6XYM2_MYCTU,I6XYM2,Rv1677,setA,,,136.0
3329,O53670_MYCTU,O53670,Rv0248c,setA,,,631.0
3330,O07241_MYCTU,O07241,Rv0314c,setA,,,125.0
3331,O06364_MYCTU,O06364,Rv3643,setA,,,45.0
3332,L7N6C0_MYCTU,L7N6C0,Rv0521,setA,,,43.0
3334,P71744_MYCTU,P71744,Rv2400c,setA,,,308.0
3335,O07808_MYCTU,O07808,Rv3815c,setA,,,237.0
3336,I6YC91_MYCTU,I6YC91,Rv3489,setA,,,36.0
3337,O06579_MYCTU,O06579,Rv1127c,setA,,,467.0
3338,Q79FZ8_MYCTU,Q79FZ8,Rv0192A,setA,,,32.0
3339,O53537_MYCTU,O53537,Rv2263,setA,,,283.0
3340,I6X540_MYCTU,I6X540,Rv2683,setA,,,145.0
3341,O53773_MYCTU,O53773,Rv0576,setA,,,401.0
3342,O53287_MYCTU,O53287,Rv3040c,setA,,,265.0
3343,P71728_MYCTU,P71728,Rv2415c,setA,,,164.0
3344,P72041_MYCTU,P72041,Rv3775,setA,,,407.0
3345,I6Y9F7_MYCTU,I6Y9F7,Rv2485c,setA,,,339.0
3347,P95291_MYCTU,P95291,Rv1922,setA,,,328.0
3348,O06413_MYCTU,O06413,Rv0547c,setA,,,279.0
3349,Q6MX04_MYCTU,Q6MX04,Rv3159c,setA,,,550.0
3350,Q79FG2_MYCTU,Q79FG2,Rv2307B,setA,,,70.0
3351,P71792_MYCTU,P71792,Rv1513,setA,,,234.0
3352,O69715_MYCTU,O69715,Rv3748,setA,,,115.0
3353,P95234_MYCTU,P95234,Rv2338c,setA,,,266.0
3354,O53566_MYCTU,O53566,Rv3521,setA,,,299.0
3355,I6XFY8_MYCTU,I6XFY8,Rv3026c,setA,,,255.0
3356,O07794_MYCTU,O07794,Rv3829c,setA,,,513.0
3357,O53398_MYCTU,O53398,Rv1050,setA,,,272.0
3358,I6X6H8_MYCTU,I6X6H8,Rv3144c,setA,,,174.0
3359,P96817_MYCTU,P96817,Rv0140,setA,,,124.0
3360,Q50662_MYCTU,Q50662,Rv2303c,setA,,,304.0
3361,O53873_MYCTU,O53873,Rv0861c,setA,,,453.0
3362,O53673_MYCTU,O53673,Rv0251c,setA,,,105.0
3363,L7N668_MYCTU,L7N668,Rv3196A,setA,,,39.0
3364,O06552_MYCTU,O06552,Rv1154c,setA,,,177.0
3365,O53156_MYCTU,O53156,Rv1465,setA,,,153.0
3366,O08446_MYCTU,O08446,Rv0324,setA,,,217.0
3367,L7N648_MYCTU,L7N648,Rv0335c,setA,,,89.0
3368,O05882_MYCTU,O05882,Rv3237c,setA,,,144.0
3370,O06562_MYCTU,O06562,Rv1164,setA,,,212.0
3371,O50389_MYCTU,O50389,Rv3360,setA,,,96.0
3372,O06376_MYCTU,O06376,Rv3631,setA,,,165.0
3373,O33195_MYCTU,O33195,Rv1693,setA,,,43.0
3374,O86336_MYCTU,O86336,Rv0406c,setA,,,246.0
3375,P71751_MYCTU,P71751,Rv2393,setA,,,234.0
3376,O53637_MYCTU,O53637,Rv0115,setA,,,343.0
3377,O53613_MYCTU,O53613,Rv0068,setA,,,277.0
3379,I6YGW2_MYCTU,I6YGW2,Rv3668c,setA,,,204.0
3381,P95207_MYCTU,P95207,Rv0399c,setA,,,376.0
3382,I6XVW9_MYCTU,I6XVW9,Rv0663,setA,,,765.0
3383,I6XVY0_MYCTU,I6XVY0,Rv0671,setA,,,255.0
3384,P71912_MYCTU,P71912,Rv2437,setA,,,119.0
3385,O53917_MYCTU,O53917,Rv1670,setA,,,98.0
3386,Q79FN7_MYCTU,Q79FN7,Rv1479,setA,,,320.0
3387,O53704_MYCTU,O53704,Rv0369c,setA,,,117.0
3388,I6X5U4_MYCTU,I6X5U4,Rv2954c,setA,,,230.0
3389,P96267_MYCTU,P96267,Rv0421c,setA,,,204.0
3391,P71885_MYCTU,P71885,Rv2327,setA,,,140.0
3392,O33230_MYCTU,O33230,Rv2725c,setA,,,364.0
3393,O53444_MYCTU,O53444,Rv1096,setA,,,247.0
3394,O07732_MYCTU,O07732,Rv1900c,setA,,,433.0
3395,O33361_MYCTU,O33361,Rv0516c,setA,,,128.0
3396,P96242_MYCTU,P96242,Rv3836,setA,,,102.0
3397,P71815_MYCTU,P71815,Rv0758,setA,,,438.0
3398,P71658_MYCTU,P71658,Rv1388,setA,,,98.0
3399,O06546_MYCTU,O06546,Rv1146,setA,,,357.0
3400,O05848_MYCTU,O05848,Rv3218,setA,,,312.0
3401,P71969_MYCTU,P71969,Rv2672,setA,,,462.0
3402,L7N659_MYCTU,L7N659,Rv2340c,setA,,,121.0
3403,P72035_MYCTU,P72035,Rv3768,setA,,,117.0
3404,O06307_MYCTU,O06307,Rv0356c,setA,,,198.0
3405,P96415_MYCTU,P96415,Rv0232,setA,,,214.0
3406,O07771_MYCTU,O07771,Rv0607,setA,,,120.0
3407,P71778_MYCTU,P71778,Rv1497,setA,,,357.0
3408,O06551_MYCTU,O06551,Rv1153c,setA,,,266.0
3409,I6XI06_MYCTU,I6XI06,Rv3705c,setA,,,185.0
3410,O06418_MYCTU,O06418,Rv0552,setA,,,532.0
3411,Q79FG9_MYCTU,Q79FG9,Rv2160c,setA,,,96.0
3412,Q10884_MYCTU,Q10884,Rv0087,setA,,,486.0
3413,I6Y8K3_MYCTU,I6Y8K3,Rv0737,setA,,,160.0
3414,O05311_MYCTU,O05311,Rv1210,setA,,,197.0
3415,P96365_MYCTU,P96365,Rv1036c,setA,,,81.0
3416,O53520_MYCTU,O53520,Rv2186c,setA,,,127.0
3417,O33203_MYCTU,O33203,Rv1704c,setA,,,429.0
3418,Q79FR5_MYCTU,Q79FR5,Rv1169c,setA,,,98.0
3419,P95073_MYCTU,P95073,Rv0725c,setA,,,164.0
3420,I6XHB8_MYCTU,I6XHB8,Rv3476c,setA,,,418.0
3421,O53254_MYCTU,O53254,Rv3007c,setA,,,145.0
3422,O53707_MYCTU,O53707,Rv0372c,setA,,,226.0
3423,O06789_MYCTU,O06789,Rv1752,setA,,,61.0
3424,P96874_MYCTU,P96874,Rv3269,setA,,,83.0
3425,I6Y936_MYCTU,I6Y936,Rv0916c,setA,,,94.0
3426,I6YAZ1_MYCTU,I6YAZ1,Rv3038c,setA,,,317.0
3427,P95120_MYCTU,P95120,Rv2975c,setA,,,79.0
3428,P71941_MYCTU,P71941,Rv2642,setA,,,101.0
3429,I6YGB1_MYCTU,I6YGB1,Rv3497c,setA,,,258.0
3430,O69725_MYCTU,O69725,Rv3759c,setA,,,276.0
3431,P95086_MYCTU,P95086,Rv3072c,setA,,,112.0
3432,O53311_MYCTU,O53311,Rv3161c,setA,,,367.0
3433,O06243_MYCTU,O06243,Rv2132,setA,,,66.0
3434,P71599_MYCTU,P71599,Rv0029,setA,,,268.0
3435,O33346_MYCTU,O33346,Rv2864c,setA,,,574.0
3436,I6YBN6_MYCTU,I6YBN6,Rv1811,setA,,,205.0
3437,O06348_MYCTU,O06348,Rv3485c,setA,,,274.0
3438,O53348_MYCTU,O53348,Rv3202c,setA,,,933.0
3439,O53504_MYCTU,O53504,Rv2170,setA,,,194.0
3440,O33321_MYCTU,O33321,Rv2779c,setA,,,146.0
3441,O06180_MYCTU,O06180,Rv1535,setA,,,32.0
3442,P96271_MYCTU,P96271,Rv0425c,setA,,,1167.0
3443,I6X9D2_MYCTU,I6X9D2,Rv0590A,setA,,,69.0
3444,O53341_MYCTU,O53341,Rv3195,setA,,,334.0
3445,P96820_MYCTU,P96820,Rv0143c,setA,,,453.0
3447,P71988_MYCTU,P71988,Rv1730c,setA,,,448.0
3448,L7N656_MYCTU,L7N656,Rv1806,setA,,,98.0
3449,O07809_MYCTU,O07809,Rv3814c,setA,,,243.0
3450,O69624_MYCTU,O69624,Rv3656c,setA,,,65.0
3451,Q50584_MYCTU,Q50584,Rv1523,setA,,,198.0
3452,Q79FB4_MYCTU,Q79FB4,Rv2737A,setA,,,56.0
3453,I6X8G2_MYCTU,I6X8G2,Rv0078B,setA,,,66.0
3454,O33364_MYCTU,O33364,Rv0519c,setA,,,233.0
3455,O05791_MYCTU,O05791,Rv3114,setA,,,147.0
3456,I6XG13_MYCTU,I6XG13,Rv3050c,setA,,,217.0
3457,O69667_MYCTU,O69667,Rv3699,setA,,,219.0
3458,I6YF11_MYCTU,I6YF11,Rv3041c,setA,,,253.0
3459,I6Y1H7_MYCTU,I6Y1H7,Rv2690c,setA,,,600.0
3460,I6X5M3_MYCTU,I6X5M3,Rv2884,setA,,,201.0
3461,P71560_MYCTU,P71560,Rv0950c,setA,,,161.0
3462,L7N655_MYCTU,L7N655,Rv2467,setA,,,856.0
3464,I6XES4_MYCTU,I6XES4,Rv2622,setA,,,258.0
3465,O06563_MYCTU,O06563,Rv1165,setA,,,570.0
3466,I6X4W0_MYCTU,I6X4W0,Rv2638,setA,,,128.0
3467,I6XFF7_MYCTU,I6XFF7,Rv2840c,setA,,,84.0
3468,O53701_MYCTU,O53701,Rv0366c,setA,,,189.0
3469,I6X7Z3_MYCTU,I6X7Z3,Rv3645,setA,,,498.0
3470,O53921_MYCTU,O53921,Rv1674c,setA,,,217.0
3471,O07239_MYCTU,O07239,Rv0312,setA,,,357.0
3472,O06347_MYCTU,O06347,Rv3484,setA,,,412.0
3473,O53598_MYCTU,O53598,Rv3920c,setA,,,159.0
3474,Q79F96_MYCTU,Q79F96,Rv3811,setA,,,429.0
3475,P96402_MYCTU,P96402,Rv0220,setA,,,335.0
3476,O06572_MYCTU,O06572,Rv1120c,setA,,,93.0
3478,O53346_MYCTU,O53346,Rv3200c,setA,,,321.0
3479,P95284_MYCTU,P95284,Rv1930c,setA,,,111.0
3480,O06585_MYCTU,O06585,Rv1663,setA,,,394.0
3482,Q6MWY3_MYCTU,Q6MWY3,Rv3323c,setA,,,209.0
3483,O07788_MYCTU,O07788,Rv0590,setA,,,246.0
3484,P95103_MYCTU,P95103,Rv3055,setA,,,182.0
3485,P95098_MYCTU,P95098,Rv3060c,setA,,,427.0
3486,O53979_MYCTU,O53979,Rv1978,setA,,,234.0
3487,O53196_MYCTU,O53196,Rv2469c,setA,,,163.0
3488,O65931_MYCTU,O65931,Rv3299c,setA,,,875.0
3489,O06805_MYCTU,O06805,Rv1772,setA,,,79.0
3490,P96878_MYCTU,P96878,Rv3273,setA,,,678.0
3491,O06597_MYCTU,O06597,Rv1593c,setA,,,211.0
3492,I6XFD1_MYCTU,I6XFD1,Rv2813,setA,,,266.0
3493,I6YA93_MYCTU,I6YA93,Rv2792c,setA,,,179.0
3494,O69722_MYCTU,O69722,Rv3756c,setA,,,212.0
3495,Q6MX03_MYCTU,Q6MX03,Rv3176c,setA,,,297.0
3496,O53830_MYCTU,O53830,Rv0818,setA,,,207.0
3497,P71959_MYCTU,P71959,Rv2662,setA,,,34.0
3498,O53291_MYCTU,O53291,Rv3044,setA,,,321.0
3499,I6WZI4_MYCTU,I6WZI4,Rv0822c,setA,,,436.0
3500,O07806_MYCTU,O07806,Rv3817,setA,,,237.0
3501,O05310_MYCTU,O05310,Rv1209,setA,,,90.0
3502,O33359_MYCTU,O33359,Rv0514,setA,,,47.0
3503,P71767_MYCTU,P71767,Rv1487,setA,,,60.0
3504,O05446_MYCTU,O05446,Rv3899c,setA,,,221.0
3505,O65936_MYCTU,O65936,Rv1751,setA,,,379.0
3506,O53748_MYCTU,O53748,Rv0463,setA,,,43.0
3507,Q79G00_MYCTU,Q79G00,Rv0165c,setA,,,159.0
3508,P95012_MYCTU,P95012,Rv2541,setA,,,67.0
3509,L7N674_MYCTU,L7N674,Rv3116,setA,,,367.0
3510,O06826_MYCTU,O06826,Rv1432,setA,,,467.0
3511,P96395_MYCTU,P96395,Rv0213c,setA,,,434.0
3512,Q79FY4_MYCTU,Q79FY4,Rv0618,setA,,,167.0
3513,O50382_MYCTU,O50382,Rv3353c,setA,,,57.0
3514,I6Y2E2_MYCTU,I6Y2E2,Rv3049c,setA,,,489.0
3515,O53920_MYCTU,O53920,Rv1673c,setA,,,294.0
3516,O53431_MYCTU,O53431,Rv1083,setA,,,43.0
3517,O33263_MYCTU,O33263,Rv2129c,setA,,,291.0
3518,O53432_MYCTU,O53432,Rv1084,setA,,,656.0
3519,I6Y9M6_MYCTU,I6Y9M6,Rv2551c,setA,,,137.0
3520,I6WZM9_MYCTU,I6WZM9,Rv0871,setA,,,117.0
3521,P96414_MYCTU,P96414,Rv0231,setA,,,566.0
3522,O53343_MYCTU,O53343,Rv3197,setA,,,280.0
3523,I6Y3P5_MYCTU,I6Y3P5,Rv3500c,setA,,,249.0
3524,P96815_MYCTU,P96815,Rv0138,setA,,,164.0
3525,I6XEU5_MYCTU,I6XEU5,Rv2646,setA,,,316.0
3526,P95228_MYCTU,P95228,Rv0271c,setA,,,708.0
3527,L0T2H7_MYCTU,L0T2H7,Rv0109,setA,,,200.0
3528,O53494_MYCTU,O53494,Rv2052c,setA,,,513.0
3529,O53352_MYCTU,O53352,Rv3259,setA,,,123.0
3530,P96890_MYCTU,P96890,Rv3285,setA,,,542.0
3531,O07172_MYCTU,O07172,Rv0122,setA,,,71.0
3532,P96357_MYCTU,P96357,Rv1044,setA,,,189.0
3533,Q79FW3_MYCTU,Q79FW3,Rv0755A,setA,,,54.0
3534,I6Y4S7_MYCTU,I6Y4S7,Rv0771,setA,,,125.0
3535,O06371_MYCTU,O06371,Rv3636,setA,,,85.0
3536,I6X5W1_MYCTU,I6X5W1,Rv2968c,setA,,,176.0
3537,P96819_MYCTU,P96819,Rv0142,setA,,,299.0
3538,I6XDU8_MYCTU,I6XDU8,Rv2237A,setA,,,32.0
3539,P96901_MYCTU,P96901,Rv3296,setA,,,1291.0
3540,O53897_MYCTU,O53897,Rv0984,setA,,,155.0
3541,P94982_MYCTU,P94982,Rv1647,setA,,,165.0
3542,O69718_MYCTU,O69718,Rv3751,setA,,,67.0
3543,O07762_MYCTU,O07762,Rv0615,setA,,,62.0
3544,O06396_MYCTU,O06396,Rv0530,setA,,,267.0
3545,P96859_MYCTU,P96859,Rv3577,setA,,,287.0
3546,O07173_MYCTU,O07173,Rv0123,setA,,,96.0
3547,I6YDI9_MYCTU,I6YDI9,Rv2483c,setA,,,446.0
3548,O86358_MYCTU,O86358,Rv3755c,setA,,,188.0
3549,O05872_MYCTU,O05872,Rv3226c,setA,,,232.0
3550,O05317_MYCTU,O05317,Rv1216c,setA,,,223.0
3552,I6XW38_MYCTU,I6XW38,Rv0730,setA,,,196.0
3553,I6X8D2_MYCTU,I6X8D2,Rv3800c,setA,,,1437.0
3554,I6Y231_MYCTU,I6Y231,Rv2940c,setA,,,1916.0
3555,O53953_MYCTU,O53953,Rv1804c,setA,,,65.0
3556,O07742_MYCTU,O07742,Rv1890c,setA,,,180.0
3557,P71699_MYCTU,P71699,Rv0042c,setA,,,137.0
3558,P95264_MYCTU,P95264,Rv1950c,setA,,,53.0
3559,O86370_MYCTU,O86370,Rv0988,setA,,,346.0
3560,O06802_MYCTU,O06802,Rv1769,setA,,,399.0
3561,Q6MX48_MYCTU,Q6MX48,Rv0305c,setA,,,710.0
3562,I6Y8R4_MYCTU,I6Y8R4,Rv0774c,setA,,,213.0
3563,I6X4W4_MYCTU,I6X4W4,Rv2643,setA,,,434.0
3564,P95187_MYCTU,P95187,Rv3139,setA,,,393.0
3565,P95151_MYCTU,P95151,Rv1864c,setA,,,222.0
3566,O07253_MYCTU,O07253,Rv0329c,setA,,,205.0
3568,O06569_MYCTU,O06569,Rv1117,setA,,,106.0
3569,O53516_MYCTU,O53516,Rv2182c,setA,,,212.0
3570,P96221_MYCTU,P96221,Rv3856c,setA,,,334.0
3571,L0T643_MYCTU,L0T643,Rv0323c,setA,,,217.0
3572,Q79FK4_MYCTU,Q79FK4,Rv1791,setA,,,98.0
3573,O07720_MYCTU,O07720,Rv1913,setA,,,235.0
3574,O50381_MYCTU,O50381,Rv3352c,setA,,,122.0
3575,O05833_MYCTU,O05833,Rv2365c,setA,,,103.0
3576,I6YDH3_MYCTU,I6YDH3,Rv2468A,setA,,,61.0
3577,I6XEK6_MYCTU,I6XEK6,Rv2553c,setA,,,349.0
3578,I6Y3Q7_MYCTU,I6Y3Q7,Rv3510c,setA,,,270.0
3579,O06623_MYCTU,O06623,Rv1567c,setA,,,74.0
3580,I6Y946_MYCTU,I6Y946,Rv0925c,setA,,,230.0
3581,P95277_MYCTU,P95277,Rv1937,setA,,,773.0
3582,I6YE30_MYCTU,I6YE30,Rv2657c,setA,,,54.0
3583,L7N6A2_MYCTU,L7N6A2,Rv0275c,setA,,,186.0
3584,O06155_MYCTU,O06155,Rv3593,setA,,,406.0
3585,P71915_MYCTU,P71915,Rv2434c,setA,,,403.0
3586,O06547_MYCTU,O06547,Rv1147,setA,,,206.0
3587,Q6MX13_MYCTU,Q6MX13,Rv3110,setA,,,105.0
3588,P94996_MYCTU,P94996,Rv1661,setA,,,1645.0
3589,O05796_MYCTU,O05796,Rv3120,setA,,,188.0
3590,L7N667_MYCTU,L7N667,Rv1040c,setA,,,93.0
3591,I6XG43_MYCTU,I6XG43,Rv3079c,setA,,,274.0
3592,I6X7J6_MYCTU,I6X7J6,Rv3524,setA,,,247.0
3593,O65933_MYCTU,O65933,Rv1662,setA,,,1468.0
3594,O06240_MYCTU,O06240,Rv2135c,setA,,,213.0
3595,O53836_MYCTU,O53836,Rv0825c,setA,,,175.0
3596,I6YEE1_MYCTU,I6YEE1,Rv2795c,setA,,,309.0
3597,O53762_MYCTU,O53762,Rv0565c,setA,,,481.0
3598,O07251_MYCTU,O07251,Rv0326,setA,,,150.0
3599,O06136_MYCTU,O06136,Rv1619,setA,,,387.0
3600,O53929_MYCTU,O53929,Rv1716,setA,,,275.0
3601,I6Y3Z2_MYCTU,I6Y3Z2,Rv3594,setA,,,253.0
3602,I6WX95_MYCTU,I6WX95,Rv0033,setA,,,73.0
3603,O07235_MYCTU,O07235,Rv0308,setA,,,207.0
3604,O33252_MYCTU,O33252,Rv2117,setA,,,96.0
3605,O06238_MYCTU,O06238,Rv2137c,setA,,,83.0
3606,I6YF16_MYCTU,I6YF16,Rv3046c,setA,,,69.0
3607,I6YA21_MYCTU,I6YA21,Rv2704,setA,,,122.0
3608,O05910_MYCTU,O05910,Rv0918,setA,,,100.0
3609,O53737_MYCTU,O53737,Rv0452,setA,,,210.0
3610,O06291_MYCTU,O06291,Rv1223,setA,,,351.0
3611,I6X654_MYCTU,I6X654,Rv3061c,setA,,,700.0
3612,O05858_MYCTU,O05858,Rv3208,setA,,,192.0
3613,O53918_MYCTU,O53918,Rv1671,setA,,,58.0
3614,P95217_MYCTU,P95217,Rv0260c,setA,,,364.0
3615,O33272_MYCTU,O33272,Rv2969c,setA,,,221.0
3616,O06832_MYCTU,O06832,Rv1426c,setA,,,394.0
3617,O06194_MYCTU,O06194,Rv2619c,setA,,,109.0
3618,O05900_MYCTU,O05900,Rv0907,setA,,,494.0
3620,O06389_MYCTU,O06389,Rv0523c,setA,,,124.0
3621,O06145_MYCTU,O06145,Rv1628c,setA,,,145.0
3622,P71906_MYCTU,P71906,Rv2443,setA,,,366.0
3623,O53915_MYCTU,O53915,Rv1667c,setA,,,190.0
3624,O53780_MYCTU,O53780,Rv0583c,setA,,,173.0
3625,O53968_MYCTU,O53968,Rv1967,setA,,,319.0
3626,I6YDJ7_MYCTU,I6YDJ7,Rv2492,setA,,,232.0
3627,I6Y464_MYCTU,I6Y464,Rv3642c,setA,,,63.0
3628,O53486_MYCTU,O53486,Rv2042c,setA,,,263.0
3629,O53756_MYCTU,O53756,Rv0471c,setA,,,92.0
3630,Q79FE9_MYCTU,Q79FE9,Rv2371,setA,,,60.0
3632,Q79FE3_MYCTU,Q79FE3,Rv2408,setA,,,59.0
3633,I6YGJ4_MYCTU,I6YGJ4,Rv3576,setA,,,198.0
3634,O53527_MYCTU,O53527,Rv2253,setA,,,138.0
3635,Q79FP0_MYCTU,Q79FP0,Rv1468c,setA,,,265.0
3636,I6Y1V6_MYCTU,I6Y1V6,Rv2849c,setA,,,186.0
3637,P96903_MYCTU,P96903,Rv3298c,setA,,,275.0
3638,P71905_MYCTU,P71905,Rv2444c,setA,,,465.0
3639,O53905_MYCTU,O53905,Rv1531,setA,,,186.0
3640,I6YGF8_MYCTU,I6YGF8,Rv3542c,setA,,,302.0
3641,P95172_MYCTU,P95172,Rv3154,setA,,,216.0
3642,O07739_MYCTU,O07739,Rv1893,setA,,,39.0
3643,O05591_MYCTU,O05591,Rv1005c,setA,,,392.0
3644,O53902_MYCTU,O53902,Rv1528c,setA,,,39.0
3645,P71805_MYCTU,P71805,Rv1377c,setA,,,209.0
3646,Q6MX34_MYCTU,Q6MX34,Rv0511,setA,,,493.0
3647,O53726_MYCTU,O53726,Rv0439c,setA,,,278.0
3648,I6Y1I1_MYCTU,I6Y1I1,Rv2695,setA,,,232.0
3649,I6YAA5_MYCTU,I6YAA5,Rv2806,setA,,,40.0
3650,I6Y8V2_MYCTU,I6Y8V2,Rv0816c,setA,,,120.0
3651,O53518_MYCTU,O53518,Rv2184c,setA,,,359.0
3652,I6Y293_MYCTU,I6Y293,Rv3006,setA,,,300.0
3653,P71643_MYCTU,P71643,Rv2808,setA,,,84.0
3654,O07795_MYCTU,O07795,Rv3828c,setA,,,175.0
3655,I6XGJ1_MYCTU,I6XGJ1,Rv3190A,setA,,,36.0
3657,P96872_MYCTU,P96872,Rv3267,setA,,,452.0
3658,P96941_MYCTU,P96941,Rv0653c,setA,,,223.0
3660,P71903_MYCTU,P71903,Rv2309c,setA,,,123.0
3661,I6Y1I5_MYCTU,I6Y1I5,Rv2700,setA,,,180.0
3662,P96241_MYCTU,P96241,Rv3837c,setA,,,209.0
3663,Q79FA9_MYCTU,Q79FA9,Rv2768c,setA,,,177.0
3664,O53443_MYCTU,O53443,Rv1095,setA,,,376.0
3665,Q6MX47_MYCTU,Q6MX47,Rv0318c,setA,,,246.0
3666,O33254_MYCTU,O33254,Rv2119,setA,,,256.0
3667,O33208_MYCTU,O33208,Rv1709,setA,,,218.0
3668,O53487_MYCTU,O53487,Rv2044c,setA,,,80.0
3669,L7N6A0_MYCTU,L7N6A0,Rv3770A,setA,,,32.0
3670,I6X9X6_MYCTU,I6X9X6,Rv0839,setA,,,249.0
3671,O86340_MYCTU,O86340,Rv2061c,setA,,,129.0
3672,I6YGX2_MYCTU,I6YGX2,Rv3682,setA,,,726.0
3673,Q50631_MYCTU,Q50631,Rv2590,setA,,,1099.0
3674,P71750_MYCTU,P71750,Rv2394,setA,,,582.0
3675,O06586_MYCTU,O06586,Rv1664,setA,,,872.0
3676,O05819_MYCTU,O05819,Rv2379c,setA,,,1314.0
3677,P95072_MYCTU,P95072,Rv0724,setA,,,462.0
3678,P71914_MYCTU,P71914,Rv2435c,setA,,,684.0
3679,O06815_MYCTU,O06815,Rv1444c,setA,,,110.0
3680,Q50681_MYCTU,Q50681,Rv2284,setA,,,412.0
3681,V5QPR5_MYCTU,V5QPR5,Rv0530A,setA,,,40.0
3682,O06336_MYCTU,O06336,Rv3471c,setA,,,123.0
3683,I6Y0Y0_MYCTU,I6Y0Y0,Rv2514c,setA,,,146.0
3684,I6X7G8_MYCTU,I6X7G8,Rv3498c,setA,,,316.0
3685,P72062_MYCTU,P72062,Rv3796,setA,,,321.0
3686,O06315_MYCTU,O06315,Rv0365c,setA,,,368.0
3687,I6YEL8_MYCTU,I6YEL8,Rv2877c,setA,,,108.0
3688,Q6MWW0_MYCTU,Q6MWW0,Rv3558,setA,,,508.0
3689,O69700_MYCTU,O69700,Rv3733c,setA,,,162.0
3690,O05781_MYCTU,O05781,Rv3104c,setA,,,263.0
3691,I6WZS4_MYCTU,I6WZS4,Rv0921,setA,,,181.0
3692,P95233_MYCTU,P95233,Rv2337c,setA,,,348.0
3693,Q6MWV6_MYCTU,Q6MWV6,Rv3595c,setA,,,86.0
3694,Q79FA8_MYCTU,Q79FA8,Rv2769c,setA,,,123.0
3695,O53976_MYCTU,O53976,Rv1975,setA,,,133.0
3696,P71794_MYCTU,P71794,Rv1515c,setA,,,273.0
3697,O07790_MYCTU,O07790,Rv0588,setA,,,256.0
3698,O07807_MYCTU,O07807,Rv3816c,setA,,,250.0
3699,O06381_MYCTU,O06381,Rv3626c,setA,,,281.0
3700,P95188_MYCTU,P95188,Rv3138,setA,,,345.0
3701,I6WZK3_MYCTU,I6WZK3,Rv0841,setA,,,42.0
3702,P71740_MYCTU,P71740,Rv2403c,setA,,,217.0
3703,O53405_MYCTU,O53405,Rv1057,setA,,,301.0
3704,O05450_MYCTU,O05450,Rv3894c,setA,,,1194.0
3705,O53839_MYCTU,O53839,Rv0828c,setA,,,115.0
3706,I6Y1G8_MYCTU,I6Y1G8,Rv2675c,setA,,,245.0
3707,O53896_MYCTU,O53896,Rv0983,setA,,,292.0
3708,P96845_MYCTU,P96845,Rv3563,setA,,,314.0
3709,O53380_MYCTU,O53380,Rv3330,setA,,,315.0
3710,P96900_MYCTU,P96900,Rv3295,setA,,,203.0
3711,I6YGX9_MYCTU,I6YGX9,Rv3692,setA,,,315.0
3713,I6Y9Z5_MYCTU,I6Y9Z5,Rv2664,setA,,,76.0
3714,I6XFU1_MYCTU,I6XFU1,Rv2979c,setA,,,178.0
3715,O06787_MYCTU,O06787,Rv1744c,setA,,,106.0
3716,O53850_MYCTU,O53850,Rv0838,setA,,,205.0
3717,I6XHU7_MYCTU,I6XHU7,Rv3638,setA,,,193.0
3718,O07775_MYCTU,O07775,Rv0603,setA,,,40.0
3719,Q1LVD4_MYCTU,Q1LVD4,Rv3918c,setA,,,276.0
3720,P72049_MYCTU,P72049,Rv3783,setA,,,267.0
3721,O07243_MYCTU,O07243,Rv0316,setA,,,201.0
3722,O53975_MYCTU,O53975,Rv1974,setA,,,98.0
3723,O05838_MYCTU,O05838,Rv2360c,setA,,,128.0
3724,L7N687_MYCTU,L7N687,Rv3322c,setA,,,197.0
3725,O06257_MYCTU,O06257,Rv3440c,setA,,,95.0
3726,I6XCB2_MYCTU,I6XCB2,Rv1710,setA,,,161.0
3727,O50417_MYCTU,O50417,Rv3391,setA,,,570.0
3728,O53413_MYCTU,O53413,Rv1065,setA,,,160.0
3729,I6Y3N9_MYCTU,I6Y3N9,Rv0397A,setA,,,50.0
3730,Q79FA1_MYCTU,Q79FA1,Rv3746c,setA,,,94.0
3731,P95290_MYCTU,P95290,Rv1923,setA,,,384.0
3732,O06592_MYCTU,O06592,Rv1598c,setA,,,104.0
3733,L0T243_MYCTU,L0T243,Rv0012,setA,,,215.0
3734,I6XF17_MYCTU,I6XF17,Rv2681,setA,,,394.0
3735,I6XUD2_MYCTU,I6XUD2,Rv0082,setA,,,155.0
3736,O53404_MYCTU,O53404,Rv1056,setA,,,253.0
3737,I6Y242_MYCTU,I6Y242,Rv2956,setA,,,220.0
3738,L0TBY6_MYCTU,L0TBY6,Rv2250A,setA,,,103.0
3739,I6XWB9_MYCTU,I6XWB9,Rv0810c,setA,,,35.0
3740,I6X7X3_MYCTU,I6X7X3,Rv3623,setA,,,187.0
3741,O07740_MYCTU,O07740,Rv1892,setA,,,69.0
3742,O53961_MYCTU,O53961,Rv1919c,setA,,,151.0
3743,O53605_MYCTU,O53605,Rv0060,setA,,,336.0
3744,L7N6A8_MYCTU,L7N6A8,Rv1489A,setA,,,61.0
3745,O86315_MYCTU,O86315,Rv1232c,setA,,,383.0
3746,O05857_MYCTU,O05857,Rv3209,setA,,,102.0
3747,O69686_MYCTU,O69686,Rv3719,setA,,,440.0
3748,L7N6B5_MYCTU,L7N6B5,Rv2107,setA,,,93.0
3749,I6Y1V1_MYCTU,I6Y1V1,Rv2844,setA,,,137.0
3750,P96257_MYCTU,P96257,Rv0411c,setA,,,283.0
3751,I6YCQ4_MYCTU,I6YCQ4,Rv3670,setA,,,307.0
3752,I6YGS7_MYCTU,I6YGS7,Rv3622c,setA,,,97.0
3753,O05878_MYCTU,O05878,Rv3233c,setA,,,165.0
3754,I6Y9H2_MYCTU,I6Y9H2,Rv2499c,setA,,,158.0
3755,L0TB61_MYCTU,L0TB61,Rv2037c,setA,,,271.0
3756,L7N662_MYCTU,L7N662,Rv1623c,setA,,,455.0
3757,O53340_MYCTU,O53340,Rv3194c,setA,,,339.0
