Unnamed: 0,uid,Entry,rv,set,pdb_id,pdb_chain,filtered_length,num_shuffles,max_pvalue,min_pvalue,median_pvalue,ks_test_num_significant_0p01,max_GeO,selected_pvalue,total_mutations,max_mutations,distance_top_pair
0,Y876_MYCTU,P9WKR5,Rv0876c,setA,,,315.0,10000.0,0.9909142655160984,4.4832803292743964e-18,0.0258357370027564,3903.0,4.153812775846266,0.00177392473578,84.0,5.0,1.3317638635635376
2,Y037_MYCTU,P9WJY1,Rv0037c,setA,,,402.0,10000.0,0.999664050220288,3.347913249537034e-16,0.0030691190258061,6033.0,3.888205995600933,0.1127594576647269,248.0,5.0,1.3343536853790283
3,Y1995_MYCTU,P9WLP3,Rv1995,setA,,,189.0,10000.0,0.999527249828204,2.5765830790720745e-13,0.0169714572992238,4366.0,3.7664058503259215,1.0128593443965001e-07,94.0,4.0,6.682337284088135
4,Y2012_MYCTU,P9WLM3,Rv2012,setA,,,136.0,10000.0,0.9999902293355908,4.4207365108081e-05,0.3042218841117739,251.0,2.6783245543753464,0.0568035824559284,104.0,6.0,1.332982897758484
5,Y2084_MYCTU,P9WLK1,Rv2084,setA,,,248.0,10000.0,0.9999729408704604,1.151583851288049e-07,0.2368609660822851,712.0,2.817444308878388,0.002237355543297,138.0,3.0,3.4117157459259033
6,Y2265_MYCTU,P9WLG3,Rv2265,setA,,,372.0,10000.0,0.9969243878071428,5.792211949300969e-14,0.0109291785365183,4803.0,2.4819493096087504,0.0742479074377525,182.0,4.0,3.489354372024536
7,Y036_MYCTU,P9WM91,Rv0036c,setA,,,256.0,10000.0,0.9996558847418896,4.3297655309835245e-10,0.115971669558002,2118.0,2.9178808942707057,0.2530991326206279,197.0,6.0,6.136730670928955
8,Y3766_MYCTU,O69731,Rv3766,setA,,,261.0,10000.0,0.0058282092162949,1.7624911030103476e-42,2.175610327925398e-20,10000.0,5.302466903183516,3.68587410113157e-21,173.0,10.0,3.5554721355438232
9,Y2091_MYCTU,P9WLJ5,Rv2091c,setA,,,78.0,10000.0,0.9999660935606112,1.0306762953311092e-10,0.229699732954995,899.0,2.8775188765872195,0.6801596116769174,29.0,3.0,2.9525277614593506
10,LUCA_MYCTU,O69690,Rv3723,setA,,,150.0,10000.0,0.996947429111569,2.1768814256829647e-10,0.139062193154796,1915.0,3.465163142655688,0.1803948384112718,60.0,6.0,3.152695417404175
11,Y894_MYCTU,P9WKP9,Rv0894,setA,,,326.0,10000.0,0.9926199617540532,1.5489285268365004e-16,0.0466074605414846,3338.0,5.78597318604416,0.0576202609859273,153.0,9.0,1.3348057270050049
12,Y1269_MYCTU,P9WM45,Rv1269c,setA,,,88.0,10000.0,0.9999926089855544,3.018418636705734e-06,0.2161082814407579,740.0,2.929473952177561,0.0002437047103751,56.0,4.0,1.324167013168335
13,Y2570_MYCTU,P9WL91,Rv2570,setA,,,127.0,10000.0,0.9909665773833448,3.707212254916102e-07,0.0440696270197122,3001.0,2.536344499473169,0.0143976293628911,61.0,4.0,1.3304860591888428
14,Y495_MYCTU,P9WKU5,Rv0495c,setA,,,253.0,10000.0,0.9996156710617768,2.6843965155083543e-11,0.0088567102267574,5165.0,3.449554044396909,6.523243528947448e-05,86.0,6.0,1.3350666761398315
15,Y2600_MYCTU,P9WFG5,Rv2600,setA,,,138.0,10000.0,0.9995144104153996,8.134968940067142e-10,0.0002617274181167,7802.0,3.275249052755508,0.1463241040404268,64.0,4.0,1.335518717765808
17,Y049_MYCTU,P9WM85,Rv0049,setA,,,111.0,10000.0,0.9971678061295746,2.805750786358069e-05,0.199558194723083,216.0,3.1003306588384474,0.4334012686887645,55.0,5.0,1.3284494876861572
18,Y2087_MYCTU,P9WLJ7,Rv2087,setA,,,56.0,10000.0,0.9990634583594054,0.0006739361956999,0.3360973414212391,25.0,2.861641316374183,0.3360973414212391,40.0,4.0,8.43242073059082
19,Y3691_MYCTU,O69659,Rv3691,setA,,,341.0,10000.0,0.9366480070486988,8.862189765903216e-22,0.000377631971866,9108.0,5.236209662414177,0.0012890191627682,123.0,4.0,3.2065298557281494
20,Y2209_MYCTU,P9WLI3,Rv2209,setA,,,328.0,10000.0,0.9996895283589494,9.122442938601028e-12,0.1540085014375004,1813.0,2.614391909209957,0.0003724809166623,156.0,4.0,6.954006195068359
21,Y1342_MYCTU,P9WM19,Rv1342c,setA,,,112.0,10000.0,0.997345677490612,3.684300839054774e-12,0.2037033890523985,935.0,2.4377646553069106,0.0263339485023838,39.0,2.0,3.0620055198669434
22,Y299_MYCTU,O07226,Rv0299,setA,,,99.0,10000.0,0.9999986267507212,1.4200937862682756e-05,0.2764589464673859,927.0,2.6697208469118987,0.1508796205756158,49.0,3.0,1.325800895690918
23,Y3193_MYCTU,P9WFL3,Rv3193c,setA,,,918.0,10000.0,0.348290352652078,9.584811427592989e-57,1.047446661898864e-25,9989.0,4.29750629521864,2.348900689248929e-18,257.0,5.0,1.335290551185608
24,Y738_MYCTU,P9WKS3,Rv0738,setA,,,181.0,10000.0,0.8226693291416889,8.228297888045983e-10,9.007739945280548e-06,9698.0,3.5883927167053904,5.487084570548841e-07,46.0,3.0,1.348844051361084
25,Y885_MYCTU,P9WKQ5,Rv0885,setA,,,325.0,10000.0,0.9979645228047272,1.2091616681853453e-12,0.0087269220449214,5026.0,3.2696937145181124,0.0144825466000638,110.0,4.0,1.3319940567016602
26,Y3786_MYCTU,P9WKW9,Rv3786c,setA,,,352.0,10000.0,0.9999902726666524,2.7265704722168903e-10,0.0408556967536394,3168.0,3.662699433258292,0.2518490899266034,193.0,4.0,4.578938007354736
27,Y3818_MYCTU,P9WH21,Rv3818,setA,,,508.0,10000.0,0.0016565526460869,2.4188687847197742e-54,8.191767145242923e-27,10000.0,4.639541124623703,4.987261820254553e-29,149.0,4.0,14.165245056152344
28,Y1735_MYCTU,P9WLS5,Rv1735c,setA,,,60.0,10000.0,0.9994855219552188,7.566123148292507e-06,4.757120453405423e-05,9538.0,3.903825729373136,0.0276283186807068,11.0,1.0,9.615413665771484
29,Y2927_MYCTU,P9WL15,Rv2927c,setA,,,232.0,10000.0,0.9950635201144028,1.010698484672172e-09,0.2481952485082441,481.0,3.324820766469558,0.4882809921555822,49.0,2.0,1.337610960006714
30,Y1507_MYCTU,P9WLW5,Rv1507c,setA,,,229.0,10000.0,0.9999317553333924,4.0123374285173983e-10,0.0507337347434012,3116.0,2.912890775276244,0.0507337347434012,139.0,4.0,1.334206461906433
31,Y1702_MYCTU,P9WLT3,Rv1702c,setA,,,354.0,10000.0,2.5865855273286964e-05,2.8514249164572825e-29,5.51050964478796e-20,10000.0,12.49406292970704,3.215572514371265e-15,138.0,10.0,1.3300399780273438
32,Y1836_MYCTU,P9WLQ9,Rv1836c,setA,,,532.0,10000.0,0.9928904695151568,5.00996420131094e-19,4.990272607310564e-05,7940.0,4.6453908513513005,0.0262656635798266,204.0,4.0,4.992394924163818
33,Y2963_MYCTU,I6YET7,Rv2963,setA,,,346.0,10000.0,0.9949504516701309,1.5328734846874365e-18,0.0471755174001481,3273.0,4.333116217033911,0.0381840582623475,144.0,3.0,7.124694347381592
34,Y1525_MYCTU,P9WLV3,Rv1525,setA,,,237.0,10000.0,0.8038370894775259,1.7277952751426704e-30,2.716015446653898e-13,9898.0,5.357519725559616,2.939238843566653e-09,26.0,3.0,29.346696853637695
35,Y877_MYCTU,P9WKR3,Rv0877,setA,,,230.0,10000.0,0.9999349931875317,5.331892461584735e-08,0.0398549876581086,2926.0,3.59230247186544,8.473134465155343e-05,83.0,4.0,7.23001766204834
36,Y487_MYCTU,P9WKU9,Rv0487,setA,,,162.0,10000.0,0.9982753898659346,2.681615765457972e-18,0.0015437963613758,6237.0,6.14574091904094,0.0156761513447771,97.0,28.0,7.279728889465332
38,Y048_MYCTU,P9WM87,Rv0048c,setA,,,223.0,10000.0,0.9988441865005644,5.524397795555066e-21,0.1213183261103013,2399.0,2.6124997525526243,0.4626545708336164,165.0,4.0,7.182659149169922
40,Y2312_MYCTU,P9WLB9,Rv2312,setA,,,50.0,10000.0,0.9999952562961608,0.0005822568814776,0.3959398631708505,80.0,3.3033253427423355,0.1785866818122173,17.0,3.0,15.955092430114746
41,Y2597_MYCTU,P9WL73,Rv2597,setA,,,191.0,10000.0,0.9995706569008148,3.0920807096068473e-18,0.0438774268372955,3694.0,3.9397441931800152,0.0980076937808995,119.0,6.0,5.560791969299316
42,Y0785_MYCTU,P71838,Rv0785,setA,,,540.0,10000.0,0.9935248402074958,1.1164236291901902e-31,0.0031510003178766,5798.0,8.817035446016247,1.7067720269483085e-19,271.0,13.0,10.937878608703612
43,Y104_MYCTU,P9WM61,Rv0104,setA,,,398.0,10000.0,0.9981312608121876,8.882004235274732e-20,0.0007447462368029,6779.0,7.609332571191606,3.801967259130778e-10,273.0,11.0,1.3409602642059326
44,Y1265_MYCTU,P9WM49,Rv1265,setA,,,159.0,10000.0,0.9617909391587456,7.814702321966956e-09,0.0003461699074513,8833.0,4.0656286694866965,0.3242148684520665,67.0,3.0,7.030430793762207
45,Y1401_MYCTU,P9WG51,Rv1401,setA,,,227.0,10000.0,0.9999247899331218,6.216165726205291e-10,0.0218641592382872,4037.0,3.3890661839296325,3.0859441722410674e-05,71.0,4.0,1.3328711986541748
46,Y3395_MYCTU,P9WKZ9,Rv3395c,setA,,,168.0,10000.0,0.9999330823162246,1.418160675388615e-28,0.0647693535211803,3520.0,8.21583287170099,0.0008606410921669,73.0,18.0,11.024798393249512
47,Y3776_MYCTU,P72042,Rv3776,setA,,,410.0,10000.0,0.7145039873543297,3.4313683186448e-19,7.1445877619122335e-09,9802.0,6.83436874606307,0.000537157589431,202.0,6.0,1.3326456546783447
48,Y2271_MYCTU,P9WLF7,Rv2271,setA,,,96.0,10000.0,0.999997825334528,9.449738002943287e-12,0.192297689728479,1195.0,2.6381640454233426,0.443211752998283,46.0,3.0,1.3474806547164917
49,Y1590_MYCTU,P9WLT7,Rv1590,setA,,,66.0,10000.0,0.9999999454089372,5.962156092757389e-07,0.3202986299302365,606.0,3.1079307730670576,0.5750385721808544,18.0,2.0,1.3419818878173828
50,Y3486_MYCTU,O06349,Rv3486,setA,,,139.0,10000.0,0.9762333464945564,1.938893340666445e-07,0.0443195354789738,2932.0,4.1434068110644695,0.1491069282020449,60.0,5.0,1.3453177213668823
51,Y2102_MYCTU,O53500,Rv2102,setA,,,235.0,10000.0,0.7258282946445959,9.48116839758158e-16,0.0007447667292033,6989.0,6.369966601390361,0.0333933911141503,87.0,3.0,3.9983997344970703
52,Y3785_MYCTU,P9WKX1,Rv3785,setA,,,283.0,10000.0,0.9615835537743822,2.30364104623752e-10,0.0021049720247503,7302.0,3.612155929003115,0.0028680243799142,169.0,4.0,3.3968405723571777
53,Y2345_MYCTU,P9WFJ5,Rv2345,setA,,,565.0,10000.0,0.9951682473803268,2.2162317766896333e-21,0.0239090569279047,4152.0,3.9229840832207774,0.0007005566708953,222.0,4.0,3.630382537841797
54,Y1332_MYCTU,P9WM25,Rv1332,setA,,,180.0,10000.0,0.9944910230589268,2.2275769018538593e-14,6.444142353385431e-05,8488.0,4.008370108404826,0.0001663141024641,63.0,4.0,1.3338972330093384
55,Y250_MYCTU,O53672,Rv0250c,setA,,,84.0,10000.0,0.9999863946735704,5.486972049444658e-09,0.0035287309660446,5489.0,7.477610675710972,0.0001564842222113,57.0,19.0,1.339700698852539
56,Y2897_MYCTU,P9WPR1,Rv2897c,setA,,,478.0,10000.0,0.9999442708107162,5.263834436317357e-19,2.7887190091033733e-05,8076.0,3.05512347651718,0.016082771158365,209.0,3.0,3.8348968029022217
57,Y2917_MYCTU,P9WL21,Rv2917,setA,,,437.0,10000.0,0.9966153367088936,2.889392032397518e-11,0.0513483636561813,2582.0,3.800479346605649,0.0237663307374566,193.0,4.0,1.33234441280365
58,Y2075_MYCTU,P9WLL5,Rv2075c,setA,,,441.0,10000.0,0.9909858774950407,4.2997061594365325e-22,0.0009601724724499,6673.0,3.4667503460012243,0.0005607943862827,212.0,4.0,1.3392847776412964
59,Y2203_MYCTU,P9WLI7,Rv2203,setA,,,139.0,10000.0,0.9995453031494794,4.745151673676303e-09,0.0030001009451458,6061.0,2.3993920097776544,0.0007557817852329,75.0,5.0,1.3337935209274292
60,Y2297_MYCTU,P9WLD9,Rv2297,setA,,,105.0,10000.0,0.9999994531361084,1.56872346101417e-07,0.3092373135836424,664.0,2.6115489979083297,0.0640946314974796,57.0,2.0,1.339016675949097
61,Y1591_MYCTU,P9WLT5,Rv1591,setA,,,161.0,10000.0,0.9981911463230028,4.031823012658279e-08,0.0214498652318114,3452.0,3.5447860366981025,0.0073570983510177,64.0,3.0,7.155679225921631
62,Y1480_MYCTU,P9WLX5,Rv1480,setA,,,271.0,10000.0,0.9983836397934436,7.576009653679755e-33,0.0166654830826247,4719.0,6.474821367484487,1.4859153351758544e-10,144.0,13.0,1.3336156606674194
64,Y1459_MYCTU,O53150,Rv1459c,setA,,,495.0,10000.0,0.0001301760308024,4.0649907302708327e-41,4.0174864609001444e-22,10000.0,4.213424780005004,4.0174864609001444e-22,124.0,3.0,1.335698127746582
65,Y1986_MYCTU,P9WK31,Rv1986,setA,,,188.0,10000.0,0.9995039376836444,1.895160756951621e-09,0.0933919426583529,2170.0,3.209736537753932,0.5049548311145582,78.0,3.0,6.254197120666504
66,Y2000_MYCTU,P9WLN7,Rv2000,setA,,,469.0,10000.0,0.9979767901365488,4.896159171276653e-21,0.0009159120347497,6772.0,5.85262720948323,0.0002400281697818,267.0,5.0,6.670411109924316
67,Y1291_MYCTU,P9WM33,Rv1291c,setA,,,76.0,10000.0,0.999999996701923,2.542307123260852e-05,0.3011622558889413,413.0,2.6185815994206494,0.7972901667028984,31.0,3.0,1.33260178565979
68,Y2240_MYCTU,P9WLG7,Rv2240c,setA,,,146.0,10000.0,0.9999962895187484,3.0611555057665164e-14,0.097531843502065,2610.0,3.4430246698522766,0.0061855748950572,65.0,3.0,3.396319627761841
69,Y1830_MYCTU,P9WME5,Rv1830,setA,,,154.0,10000.0,0.956174724300786,4.067341238110219e-10,0.0056888703975088,5629.0,4.470619666003609,0.0038130807380976,283.0,15.0,3.213885545730591
70,Y2926_MYCTU,P9WL17,Rv2926c,setA,,,171.0,10000.0,0.9999451670875276,1.0151722152568698e-25,0.0906464511545769,2365.0,5.019336104019976,0.0071456236225446,76.0,7.0,8.491814613342285
71,FLQE3_MYCTU,P9WJB1,Rv2687c,setA,,,232.0,10000.0,0.9999410169903694,1.07916803497255e-07,0.1670870354757078,1123.0,2.83465210320163,0.3552351199453641,102.0,3.0,3.6036670207977295
72,API2_MYCTU,O69623,Rv3655c,setA,,,99.0,10000.0,0.9938526535086548,5.063246436898854e-10,0.0229949455733451,3934.0,3.341366389372352,0.0001086141090349,54.0,5.0,12.885723114013672
73,CSTA_MYCTU,P9WP47,Rv3063,setA,,,737.0,10000.0,0.9998469068579362,1.60802651933181e-24,0.0128033982961822,4764.0,3.241083980649181,8.137515567702102e-07,372.0,5.0,7.922226905822754
74,CFP6_MYCTU,P9WIR1,Rv3004,setA,,,39.0,10000.0,0.9999007347628556,4.9326684933955495e-05,0.3887659310628042,77.0,2.050951587656772,0.2523132628680452,13.0,2.0,1.3387701511383057
75,FLQE2_MYCTU,P9WJB3,Rv2686c,setA,,,229.0,10000.0,0.9999317553333924,2.8742254747761982e-11,0.0651198308595438,2886.0,3.168859924998159,0.003596294054711,112.0,3.0,1.341261863708496
76,API1_MYCTU,O69622,Rv3654c,setA,,,82.0,10000.0,0.999981548544588,3.2573612054327833e-09,0.25518838094647,975.0,3.293811806152934,0.1836382758481103,48.0,4.0,1.341772198677063
77,34KD_MYCTU,P9WIR9,Rv0954,setA,,,107.0,10000.0,0.9999995978128337,1.0324871849835509e-06,0.1830876309303778,1357.0,4.59383348528289,0.3200807960773854,46.0,4.0,1.3372900485992432
78,AFTB_MYCTU,O53582,Rv3805c,setA,,,580.0,10000.0,0.9430567563822546,6.152940717125916e-28,2.1935334048725308e-10,9747.0,4.158411164810777,2.1935334048725308e-10,216.0,6.0,3.1777913570404053
79,DRRC_MYCTU,P9WG21,Rv2938,setA,,,253.0,10000.0,0.989307903746397,1.2924213831788698e-16,6.523243528947448e-05,8382.0,2.754111265365822,0.1691579752011407,64.0,3.0,29.536056518554688
80,Y2658_MYCTU,P9WL47,Rv2658c,setA,,,110.0,10000.0,0.9998805416794077,4.820854163395855e-05,0.4276374868998909,173.0,3.503346259301966,0.2588883483024254,39.0,2.0,6.73780632019043
81,Y2248_MYCTU,P9WLG5,Rv2248,setA,,,264.0,10000.0,0.9916836258936396,8.348604337175694e-09,0.1264335671520179,1695.0,3.379366620435284,0.0412620700315986,141.0,3.0,1.337956786155701
82,Y3835_MYCTU,P9WKW5,Rv3835,setA,,,249.0,10000.0,0.9999742289695194,1.1969013856536865e-12,0.1070386518758096,2460.0,3.683337073508973,0.8874650165235428,96.0,3.0,7.789398193359375
83,Y488_MYCTU,P9WK33,Rv0488,setA,,,172.0,10000.0,0.7982143418553995,1.6769135872228638e-13,0.0001721487151886,8589.0,4.00824282848347,0.0391379431436307,80.0,3.0,4.4152607917785645
84,Y010_MYCTU,P9WMA3,Rv0010c,setA,,,134.0,10000.0,0.65773936769278,3.1934890991308787e-20,7.246347588778551e-11,9964.0,5.78318052627603,1.136951463344719e-05,207.0,14.0,3.2541322708129883
85,Y964_MYCTU,P9WKM5,Rv0964c,setA,,,92.0,10000.0,0.9993345999751532,8.54419794949683e-08,0.002137112527766,6690.0,3.8452772792202743,0.0255920399891297,34.0,4.0,1.3333998918533323
86,Y2197_MYCTU,P9WLI9,Rv2197c,setA,,,53.0,10000.0,0.9985346755123364,2.84723725456573e-05,0.0281773140387134,3372.0,3.272988140204637,0.0082023505653586,25.0,4.0,17.956512451171875
87,Y1282_MYCTU,P9WFZ9,Rv1282c,setA,,,270.0,10000.0,0.9997947301640596,1.1485207557700816e-11,0.0353386776933583,3675.0,3.4657046666943616,0.9530827696102672,103.0,4.0,1.3313862085342407
88,Y1322_MYCTU,P9WM27,Rv1322,setA,,,67.0,10000.0,0.9999999587488584,0.0006735856753308,0.5847538795254957,48.0,3.37149588570924,0.730057999531788,36.0,3.0,1.3372703790664673
89,Y1362_MYCTU,P9WM01,Rv1362c,setA,,,145.0,10000.0,0.9807683854054684,1.3327017159584684e-16,0.0010521881725381,7034.0,3.851159734777952,0.2142709517099285,51.0,4.0,13.292383193969728
90,Y3254_MYCTU,O05897,Rv3254,setA,,,435.0,10000.0,0.9998457195473692,2.3769855846132244e-18,0.0284537936349999,4056.0,3.723369691515456,0.4191941582415798,181.0,4.0,9.884556770324709
91,Y625_MYCTU,P9WFS5,Rv0625c,setA,,,191.0,10000.0,0.9995706569008148,7.981098718702633e-11,0.0438774268372955,3452.0,3.5194352443777994,0.0178456439336605,86.0,3.0,3.372200727462769
92,PLSB_MYCTU,P9WI61,Rv2482c,setA,,,727.0,10000.0,0.9978341969038312,1.2080395124555524e-23,0.0361964560307405,3528.0,3.749051959529789,0.4424375007191561,306.0,4.0,13.52503490447998
93,Y502_MYCTU,P9WKT1,Rv0502,setA,,,278.0,10000.0,0.9986787308830506,2.473636221418217e-11,0.0501951521605007,3119.0,3.726051378698376,0.4687744969856015,115.0,5.0,7.381103992462158
94,Y2008_MYCTU,P9WLM9,Rv2008c,setA,,,380.0,10000.0,0.9915944015239644,9.282655116520349e-16,0.0005112512874826,7110.0,4.288890287530837,0.0446812554360763,156.0,4.0,6.329380989074707
95,Y2560_MYCTU,P9WLA1,Rv2560,setA,,,232.0,10000.0,0.982772229513057,2.0936188549433065e-24,6.218934438824866e-08,9448.0,4.013090557120153,2.5281993639012213e-05,96.0,5.0,6.252800464630127
96,Y2575_MYCTU,P9WL85,Rv2575,setA,,,244.0,10000.0,0.9868765887160624,1.70584574324867e-15,0.0072438982611953,5649.0,3.2481582925889483,0.100796439421796,102.0,4.0,1.3207643032073977
97,Y2449_MYCTU,O53176,Rv2449c,setA,,,402.0,10000.0,0.9940762194366234,3.750917008363554e-15,0.0064432690767316,5284.0,3.0312357153776843,4.95136923420522e-07,181.0,4.0,3.175790309906006
98,Y1356_MYCTU,P9WM09,Rv1356c,setA,,,224.0,10000.0,0.9999129927921748,1.846594636656347e-08,0.2304573665128123,1199.0,3.1469258130467885,0.6979294554707394,122.0,6.0,14.139370918273926
99,Y1363_MYCTU,P9WLZ9,Rv1363c,setA,,,194.0,10000.0,0.9855486241429964,1.275429586484014e-12,0.1026971976331357,2007.0,3.572042682959936,0.0465578927944376,101.0,7.0,1.3394564390182495
100,VPC43_MYCTU,P9WF55,Rv2872,setA,,,141.0,10000.0,0.9999939769939457,5.984575561302754e-08,0.1547069866825247,1593.0,5.114797540839423,0.78608531010861,66.0,10.0,7.783458232879639
101,Y2576_MYCTU,P9WL83,Rv2576c,setA,,,106.0,10000.0,0.9998247972116528,8.953212308949874e-07,0.0457256827088247,2807.0,3.095504654869114,0.0019750772801698,39.0,3.0,13.936235427856444
102,Y2598_MYCTU,P9WL71,Rv2598,setA,,,163.0,10000.0,0.9983557411742064,3.069297574986662e-09,0.043087796541062,2907.0,3.5646717604561653,0.0010515593891227,75.0,5.0,4.284201622009277
103,Y2637_MYCTU,P9WP07,Rv2637,setA,,,192.0,10000.0,0.9964285793030796,1.4873899665013923e-14,0.0590535084499439,3244.0,2.6706840605827007,0.1272359346290099,90.0,4.0,1.3374383449554443
104,VPC38_MYCTU,O53219,Rv2494,setA,,,139.0,10000.0,0.9999926904375468,3.87778668133289e-07,0.1946086726765076,1086.0,2.827272405335888,0.8663888789300486,66.0,6.0,1.3320066928863523
105,Y1486_MYCTU,P9WLX3,Rv1486c,setA,,,259.0,10000.0,0.9906763355513778,3.68678978231348e-12,0.0075105042213557,5199.0,3.538284537839379,0.0040982326771766,117.0,3.0,6.689957618713379
106,Y1491_MYCTU,P9WFS3,Rv1491c,setA,,,156.0,10000.0,0.9999985942153768,2.501610159899806e-10,0.3132161083057798,678.0,2.2773196233452646,0.467767698526197,68.0,2.0,1.333058476448059
107,Y1510_MYCTU,P9WLW1,Rv1510,setA,,,394.0,10000.0,0.9995944976700452,3.0579181440361204e-12,0.0511559005620299,3259.0,4.109885584804825,0.3134734934181657,164.0,4.0,2.852881669998169
108,Y1490_MYCTU,P9WLX1,Rv1490,setA,,,401.0,10000.0,0.967773986133371,3.580089658343966e-28,1.1181367614118169e-08,9378.0,7.603534403221677,1.4295176756134837e-07,272.0,12.0,3.4106321334838867
109,Y2235_MYCTU,P9WGA7,Rv2235,setA,,,242.0,10000.0,0.9994239852610676,1.2901149865303103e-14,9.361040562396328e-05,7775.0,4.840282574867644,1.6964841826549725e-05,88.0,3.0,6.0810227394104
110,Y1268_MYCTU,P9WM47,Rv1268c,setA,,,197.0,10000.0,0.9999902991244216,1.8125688833220748e-08,0.1074569751829366,1997.0,2.4089410507991604,0.0151032585365067,115.0,4.0,4.250794887542725
111,Y959_MYCTU,P9WKN1,Rv0959,setA,,,583.0,10000.0,0.9996819471843184,1.6384743253034131e-22,9.766995028941982e-05,7803.0,4.045156007342183,0.8442715737522551,279.0,3.0,1.338093638420105
112,Y2077_MYCTU,P9WLL1,Rv2077c,setA,,,150.0,10000.0,0.9999974826701123,1.771162737329753e-11,0.2307823635721682,1019.0,1.927817781742185,0.5321869291503776,73.0,3.0,6.069377422332764
113,Y2295_MYCTU,P9WFL7,Rv2295,setA,,,178.0,10000.0,0.9991978908926896,5.774384814493889e-12,0.1024062821686413,2306.0,2.787884781624821,0.4694598106786081,87.0,3.0,1.3320577144622805
114,Y3630_MYCTU,P9WKX9,Rv3630,setA,,,395.0,10000.0,0.9980204540095768,1.7239722991723671e-16,0.0005258767170565,7070.0,3.267523689951887,0.4078678639070816,181.0,4.0,2.7726728916168213
115,Y2571_MYCTU,P9WL89,Rv2571c,setA,,,323.0,10000.0,0.6320866449099903,4.5056319491383565e-14,2.7541297144927105e-05,9698.0,5.372097135661408,2.7541297144927105e-05,353.0,6.0,1.3378016948699951
116,Y023_MYCTU,P9WMI3,Rv0023,setA,,,231.0,10000.0,0.9991375857583265,5.760348105819224e-08,0.0311004331514481,3555.0,4.324843492335318,0.023650562907134,171.0,5.0,3.0140769481658936
117,Y961_MYCTU,P9WKM9,Rv0961,setA,,,97.0,10000.0,0.9995863742135664,3.7625204893519737e-08,0.0133810552917521,4503.0,3.162544592327337,0.1016478102818054,50.0,3.0,1.3373680114746094
118,PHSG_MYCTU,P9WMW1,Rv1328,setA,,,846.0,10000.0,0.1468778460412134,1.149887574438741e-83,4.05970282279441e-41,9998.0,7.024130879150962,4.414821546385888e-45,336.0,9.0,1.330282211303711
119,YIDD_MYCTU,P9WFL9,Rv3922c,setA,,,51.0,10000.0,0.9999964069965968,4.7712130519607925e-05,0.4083544056661084,187.0,1.6506990578831615,0.0423887718731885,27.0,2.0,1.3382002115249634
120,MQO_MYCTU,P9WJP5,Rv2852c,setA,,,483.0,10000.0,0.891121853192875,2.0268274626122768e-20,2.0240120987914225e-07,9230.0,5.826524528942311,4.992154128919132e-10,167.0,6.0,14.503617286682127
121,PIME_MYCTU,P9WN01,Rv1159,setA,,,376.0,10000.0,0.9910438005812188,4.525744185834408e-14,0.0091115248154274,5097.0,3.633807726581389,0.0768992488688205,114.0,3.0,6.9623332023620605
122,PIMG_MYCTU,P9WMZ9,Rv2181,setA,,,395.0,10000.0,0.993377424008887,3.717759207436804e-21,1.1097810426947769e-07,9374.0,3.9174731082469503,1.3358914193889236e-09,126.0,4.0,3.0700337886810303
123,TAP_MYCTU,P9WJX9,Rv1258c,setA,,,388.0,10000.0,0.9977359324165213,2.1572759362974206e-14,0.1428485446097654,1737.0,4.45281626198513,0.0010733213346717,167.0,5.0,5.911497116088867
124,MCTB_MYCTU,P9WJ83,Rv1698,setA,,,285.0,10000.0,0.998920290443373,5.020947166514588e-23,0.0054335131763374,5541.0,2.685827728868716,0.0211025765556738,92.0,3.0,13.653210639953612
125,INIC_MYCTU,P9WJ95,Rv0343,setA,,,465.0,10000.0,0.9978420893672276,6.186258639668701e-21,0.0037529683474597,5789.0,3.612788696207938,0.1231979438630698,211.0,4.0,1.3367551565170288
126,PLSB1_MYCTU,P9WI59,Rv1551,setA,,,584.0,10000.0,0.9996870979822003,6.407636142997146e-15,0.0623612444096108,2831.0,3.306030709403475,0.0092756784466391,275.0,3.0,1.335745334625244
127,Y882_MYCTU,P9WKQ9,Rv0882,setA,,,30.0,10000.0,0.9988393756362764,0.0025300622362698,0.2390730024801864,27.0,2.7251691807276077,0.5940706297759378,8.0,2.0,11.330323219299316
128,Y085_MYCTU,P9WM75,Rv0085,setA,,,192.0,10000.0,0.9995908505741036,1.8680331629603408e-10,0.0249133208976296,4116.0,2.947611406211299,0.4400349846453168,94.0,4.0,1.3382742404937744
129,PSTC1_MYCTU,P9WG07,Rv0935,setA,,,316.0,10000.0,0.9974914996146672,5.298247118461101e-13,0.0636790516473046,3133.0,2.968038160485686,0.0125795180702525,146.0,4.0,3.4858553409576416
130,Y628_MYCTU,P9WKS7,Rv0628c,setA,,,382.0,10000.0,0.9994624696341264,2.371606198050736e-13,0.030272430819361,3985.0,3.2261455445744107,0.189561795678407,203.0,4.0,7.921954154968262
131,ARFC_MYCTU,P9WJG5,Rv0901,setA,,,87.0,10000.0,0.9999913900874552,7.75872704089336e-08,0.0312551284162319,3334.0,3.314948175580988,0.1054857287274782,41.0,5.0,17.9205379486084
132,TAER_MYCTU,P9WGV5,Rv2953,setA,,,413.0,10000.0,0.98685801706262,5.313323646003596e-15,0.0414891140685677,3641.0,5.718780246737903,0.0226741376298479,151.0,7.0,6.248778343200684
133,PG47_MYCTU,Q79FB3,Rv2741,setA,,,246.0,10000.0,0.9874600074201184,1.9576963950167148e-08,7.340316191670264e-05,9050.0,3.846409287293165,3.3471213890450152e-06,65.0,4.0,3.3914358615875244
134,PE16_MYCTU,L7N697,Rv1430,setA,,,338.0,10000.0,0.9941214958553192,1.125152527454172e-22,0.0002527593414852,7283.0,2.7374752553924977,9.197304721463824e-05,162.0,4.0,3.6530215740203857
135,Y890_MYCTU,P9WMG1,Rv0890c,setA,,,817.0,10000.0,0.999950016061188,9.610865537841964e-26,0.0096471166375985,5010.0,4.335482550697597,0.0004314751056785,405.0,7.0,5.178597927093506
136,SAP_MYCTU,O07802,Rv3821,setA,,,112.0,10000.0,0.999901384413231,4.2083028773918e-08,0.0387773139217708,2623.0,2.5673644447520214,0.0046524186042988,46.0,3.0,6.745658874511719
137,SMASE_MYCTU,P9WKQ1,Rv0888,setA,,,349.0,10000.0,0.9988361894588974,1.3244149894167052e-20,0.0077433800658736,5374.0,3.091304018256787,5.006307343967019e-13,173.0,5.0,1.3445030450820925
138,LPPN_MYCTU,P9WK73,Rv2270,setA,,,118.0,10000.0,0.9999445720500312,7.00578816663367e-10,0.1729633798371808,1338.0,3.494188578866865,0.4727308741768671,60.0,4.0,40.5726318359375
139,MMPL1_MYCTU,P9WJV9,Rv0402c,setA,,,890.0,10000.0,0.9969154762048136,8.137970144747238e-53,0.0069172991311501,5337.0,3.715712815588988,0.0519290455604827,480.0,4.0,3.327261209487915
140,TREH_MYCTU,P71741,Rv2402,setA,,,617.0,10000.0,0.9973798867397816,2.4568248775409022e-24,0.0085428236309489,5110.0,9.473831196918823,0.000350193331206,293.0,19.0,1.3467212915420532
141,KU_MYCTU,P9WKD9,Rv0937c,setA,,,250.0,10000.0,0.9995707880859014,1.319518912874919e-07,0.0331780484989753,3137.0,4.4500121412386,0.829007486827235,89.0,3.0,6.830503940582275
142,LPPJ_MYCTU,P9WK77,Rv2080,setA,,,145.0,10000.0,0.9996936571675162,1.433852447817779e-06,0.126826519996759,1206.0,3.955935443851313,0.3413995657556638,82.0,4.0,9.164944648742676
143,OMP2_MYCTU,P9WJ77,Rv1973,setA,,,150.0,10000.0,0.9999974826701123,4.868724048839317e-10,0.1803948384112718,1361.0,2.553008104215885,0.6279165272026672,69.0,3.0,5.035096168518066
144,PGSA_MYCTU,P9WPG3,Rv2746c,setA,,,174.0,10000.0,0.9999550763455274,2.419402244844052e-13,0.0003043860026543,7545.0,5.715712975156283,0.0003043860026543,62.0,7.0,3.197643280029297
145,RIP2_MYCTU,L0T550,Rv0359,setA,,,233.0,10000.0,0.9952020772250044,5.95685795926346e-10,0.0540473461547124,2998.0,4.567406585787925,0.0185681303711919,100.0,6.0,3.8729965686798096
146,MMPS3_MYCTU,P9WJT1,Rv2198c,setA,,,98.0,10000.0,0.9996239533561894,1.833611450598647e-17,0.0500426710049195,3654.0,2.686240447385622,0.2017089599629974,21.0,3.0,1.3331853151321411
147,PG34_MYCTU,P9WIF3,Rv1840c,setA,,,388.0,10000.0,2.165510541900799e-13,1.0511491557728434e-69,7.132642024816194e-58,10000.0,7.1799479432444375,2.8024060374942808e-61,87.0,7.0,4.019139766693115
148,PMT_MYCTU,P9WN05,Rv1002c,setA,,,490.0,10000.0,0.988409576652043,5.77556984249154e-14,0.0020678811674596,6734.0,3.224554251347352,0.0041401799692098,138.0,3.0,1.335276484489441
149,MTB12_MYCTU,P9WIN7,Rv2376c,setA,,,92.0,10000.0,0.9993345999751532,4.899248857910135e-07,0.0863764658073267,1734.0,3.185009681274351,0.058895699938429,49.0,4.0,1.3329267501831057
150,PG30_MYCTU,Q79FL8,Rv1651c,setA,,,572.0,10000.0,2.298730960316158e-52,5.365847417468123e-63,3.80150540679974e-61,10000.0,8.39001708708245,3.80150540679974e-61,138.0,5.0,1.3288482427597046
151,OCTT_MYCTU,P71725,Rv2418c,setA,,,236.0,10000.0,0.995595089522211,5.39493542491676e-14,0.0002457317119777,7759.0,2.948342726155496,0.0022321281069916,82.0,4.0,1.3358572721481323
152,LPQB_MYCTU,P9WK37,Rv3244c,setA,,,546.0,10000.0,0.896014735049339,1.2150635325825168e-42,1.4950301658977e-12,9736.0,6.124754491427554,4.540046656004714e-26,142.0,5.0,1.3380661010742188
153,Y2004_MYCTU,P9WLN3,Rv2004c,setA,,,465.0,10000.0,0.9978420893672276,4.584872825116744e-26,5.546083541627538e-06,8671.0,3.765300949069733,0.037455612501869,179.0,4.0,4.2638258934021
154,Y007_MYCTU,P9WMA7,Rv0007,setA,,,82.0,10000.0,0.998285879797864,9.241815513088365e-09,0.0149369357982452,4692.0,2.937155200086727,0.0381645930639737,64.0,5.0,1.336190938949585
155,PSD_MYCTU,P9WHQ5,Rv0437c,setA,,,223.0,10000.0,0.9788899980724348,3.850795056950489e-18,2.302465444777113e-06,9075.0,2.8391008156282367,2.302465444777113e-06,73.0,3.0,1.348193883895874
156,Y739_MYCTU,P9WKS1,Rv0739,setA,,,246.0,10000.0,0.9874600074201184,8.380661605485007e-13,0.0003556550316682,8026.0,4.294241529104245,2.0566636814016703e-05,103.0,3.0,1.336863994598389
157,Y883_MYCTU,P9WKQ7,Rv0883c,setA,,,193.0,10000.0,0.9996100997352126,5.227956539733045e-12,0.0023727752891097,6319.0,4.540955431162732,0.0023727752891097,43.0,3.0,18.042469024658203
158,Y1278_MYCTU,P9WM41,Rv1278,setA,,,835.0,10000.0,0.9992914267964508,9.027663136330068e-35,0.0028239819744411,5974.0,3.705356478817965,1.922783233359243e-07,263.0,4.0,4.3614020347595215
159,Y1290_MYCTU,P9WM35,Rv1290c,setA,,,383.0,10000.0,0.997508240268341,1.7511164240393173e-22,0.0460343586345704,3222.0,4.986584585233349,6.108040491213776e-05,184.0,7.0,1.3346518278121948
160,Y497_MYCTU,P9WKU3,Rv0497,setA,,,109.0,10000.0,0.9967758992890016,1.3616296380220918e-06,0.0507728285971849,3127.0,3.463518000210488,0.1023536737074997,38.0,3.0,40.171268463134766
162,Y2578_MYCTU,P9WL79,Rv2578c,setA,,,297.0,10000.0,0.9999244914859052,4.0317058199766274e-11,0.2436709643034454,1090.0,3.3563601320938776,0.578494987897005,147.0,3.0,3.493175506591797
163,Y2599_MYCTU,P9WL69,Rv2599,setA,,,118.0,10000.0,0.9862463175016228,9.514486689793933e-09,0.0098437324885028,5219.0,3.0671280553373026,0.0063574109068508,64.0,4.0,1.340524196624756
164,PE03_MYCTU,Q79G04,Rv0159c,setA,,,436.0,10000.0,0.9903566090034804,6.684793856789403e-24,0.0050962767070176,5488.0,9.428240426387504,0.0008792444896377,305.0,28.0,3.4753332138061523
165,Y874_MYCTU,P9WKR9,Rv0874c,setA,,,382.0,10000.0,0.999996836423086,4.1922626524026466e-14,0.0969873716044613,2057.0,3.648004235056283,0.1370489365900546,174.0,6.0,7.897109985351563
166,Y970_MYCTU,P9WKL7,Rv0970,setA,,,134.0,10000.0,0.9999881453783565,8.575075679885794e-07,0.2958801464052382,676.0,3.0472874354037587,0.8515080504479622,67.0,3.0,1.331550121307373
167,Y1101_MYCTU,P9WFM3,Rv1101c,setA,,,277.0,10000.0,0.9986401013031536,1.96403030655636e-16,0.0184940250901102,4135.0,5.29474606487948,0.0495301033875113,97.0,4.0,1.3384947776794434
168,Y2227_MYCTU,P9WLH7,Rv2227,setA,,,165.0,10000.0,0.990559697490899,3.2149007245255794e-08,0.0809725516159482,2152.0,2.5710676907301715,0.0171310917700483,86.0,3.0,1.349553108215332
169,Y2237_MYCTU,P9WLH1,Rv2237,setA,,,253.0,10000.0,0.9972899612910628,3.533667278817819e-09,0.0048404844735839,5998.0,3.782773974266209,0.0001450953848976,117.0,3.0,7.81752872467041
170,Y1289_MYCTU,P9WM37,Rv1289,setA,,,197.0,10000.0,0.9996784990113128,8.355888124700243e-11,0.0645951709352557,2745.0,3.9575820307727994,0.456536801243683,87.0,4.0,3.5849719047546387
171,Y2558_MYCTU,P9WLA3,Rv2558,setA,,,208.0,10000.0,0.9998110436935458,3.097767561666183e-10,0.1572927776387116,1158.0,6.089434726541181,0.0600179850588554,83.0,4.0,6.799562454223633
172,Y2079_MYCTU,P9WLK7,Rv2079,setA,,,551.0,10000.0,0.99798593119013,1.2758100302196452e-39,0.0305056709470708,3846.0,3.655567190106237,0.0028872773898495,251.0,4.0,1.3353219032287598
173,Y1352_MYCTU,P9WM15,Rv1352,setA,,,90.0,10000.0,0.9999945545767056,8.567068822090328e-09,0.0805166862203916,1973.0,2.958539942489658,0.9890589707645452,39.0,3.0,1.3336132764816284
174,Y268_MYCTU,P95225,Rv0268c,setA,,,74.0,10000.0,0.9999377749009186,8.615995204489015e-11,0.3890886157753905,675.0,2.6958917343345186,0.5116809114588617,48.0,4.0,1.3331561088562012
175,VPC33_MYCTU,P9WF69,Rv1242,setA,,,141.0,10000.0,0.9999939769939457,1.81712073937391e-06,0.3249585720632165,183.0,2.2038839321949792,0.78608531010861,68.0,4.0,4.198206424713135
176,VPC44_MYCTU,P9WF53,Rv3320c,setA,,,141.0,10000.0,0.9996013482499542,1.3190143378435487e-09,0.0467939234006263,2982.0,2.682977088473014,0.1172597610945444,65.0,3.0,13.661026000976562
177,Y2723_MYCTU,P9WG93,Rv2723,setA,,,313.0,10000.0,0.9995199114516924,4.71875080592208e-23,0.0012493699285726,6760.0,5.077275240770236,0.0016955734740379,150.0,6.0,7.8025221824646
178,VPC45_MYCTU,O53465,Rv2019,setA,,,132.0,10000.0,0.9992800384072408,2.6198056120433502e-06,0.28751699277517,579.0,6.091714234978169,0.920412324788495,69.0,8.0,11.559682846069336
179,Y064_MYCTU,P9WFL5,Rv0064,setA,,,841.0,10000.0,0.9954413091035332,1.5063835793720906e-24,0.0003001336149897,7165.0,5.325553678224925,3.911333056753489e-08,567.0,6.0,3.96685791015625
180,Y2100_MYCTU,P9WLJ3,Rv2100,setA,,,418.0,10000.0,0.4965951275946479,1.1448938491478505e-12,0.0008296782301611,9033.0,4.1240140535752445,0.001421564110306,208.0,5.0,1.3503961563110352
181,Y2078_MYCTU,P9WLK9,Rv2078,setA,,,102.0,10000.0,0.9997432220979428,1.4017448320907998e-10,0.2928867937368191,615.0,2.8517897252537656,0.2928867937368191,62.0,3.0,3.322690963745117
183,Y1355_MYCTU,P9WM11,Rv1355c,setA,,,675.0,10000.0,0.743946934869013,1.031154715382902e-22,5.884340276934333e-08,9939.0,4.053680504245757,2.0085297283619724e-09,328.0,6.0,4.277958869934082
185,Y1824_MYCTU,P9WLR7,Rv1824,setA,,,112.0,10000.0,0.9818263736423988,9.514423896711896e-08,0.009434272924977,5000.0,2.989938085585329,0.3469368910624262,32.0,3.0,2.996166467666626
186,Y1502_MYCTU,P9WLW7,Rv1502,setA,,,293.0,10000.0,0.9999970076418664,2.9209036399779303e-10,0.137733087116304,1503.0,4.109141929577611,0.8923973722046336,189.0,6.0,22.753679275512695
187,Y025_MYCTU,P9WMA1,Rv0025,setA,,,113.0,10000.0,0.9999104049254288,1.1101458949491908e-06,0.2732349665088768,440.0,2.763928012803318,0.0183147361486989,95.0,5.0,3.375859022140503
188,Y955_MYCTU,P9WKN3,Rv0955,setA,,,362.0,10000.0,0.999141112314666,2.909148982664128e-16,0.0002468055911122,7507.0,5.405455891769954,2.474749921212283e-06,121.0,3.0,3.3895604610443115
189,Y093_MYCTU,P9WM69,Rv0093c,setA,,,167.0,10000.0,0.999928491301494,2.5476931158369907e-11,0.2303474170510936,1062.0,4.386788101664096,0.5120338662910633,94.0,5.0,6.592134475708008
190,Y1109_MYCTU,P9WM59,Rv1109c,setA,,,117.0,10000.0,0.9999389800251232,1.4116230451240603e-09,0.2923137843897797,605.0,2.7228121620200696,0.045946811873217,36.0,3.0,1.3324447870254517
191,Y477_MYCTU,P9WKV9,Rv0477,setA,,,107.0,10000.0,0.9999995978128337,6.756456093267022e-05,0.4101392522054656,163.0,3.472001577200688,0.4101392522054656,51.0,4.0,3.642859697341919
192,Y205_MYCTU,P9WFM5,Rv0205,setA,,,306.0,10000.0,0.999411842779209,1.1133108195741874e-16,0.0227243079887437,4186.0,3.575488308374582,0.0703739146716388,167.0,5.0,5.767861366271973
193,Y3412_MYCTU,P9WKY9,Rv3412,setA,,,120.0,10000.0,0.9984223762411536,4.214369295984071e-10,0.3065582476885422,909.0,1.851595617020723,0.0712340892761074,40.0,2.0,1.3352692127227783
194,Y364_MYCTU,P9WP09,Rv0364,setA,,,182.0,10000.0,0.9797871543133732,8.848076238811667e-16,4.448842073469252e-05,7744.0,6.323696904912101,0.2221636441762942,76.0,13.0,1.3376052379608154
195,VPC39_MYCTU,P9WF63,Rv2530c,setA,,,138.0,10000.0,0.9995144104153996,8.134968940067142e-10,0.2464681589085705,882.0,2.0205317039047563,0.9322829511088384,63.0,3.0,1.3298401832580566
196,Y1813_MYCTU,P9WLS1,Rv1813c,setA,,,94.0,10000.0,0.958458787759364,2.0560267780363857e-08,0.0024789172077794,6249.0,4.313235019474751,0.0008010385362435,53.0,4.0,1.337784767150879
197,Y1877_MYCTU,P9WG85,Rv1877,setA,,,531.0,10000.0,0.999858014390924,2.66069627306814e-29,0.0440954547581325,3728.0,6.832229663343092,0.0004199940280497,288.0,9.0,2.9509856700897217
198,Y3035_MYCTU,I6XFZ8,Rv3035,setA,,,400.0,10000.0,0.998201692728922,1.0229984068189573e-13,0.0157552809264074,4147.0,3.6366632102843215,0.210705612496681,113.0,4.0,13.659414291381836
199,Y106_MYCTU,P9WPI5,Rv0106,setA,,,370.0,10000.0,0.9992878056184064,8.80112945921452e-14,0.0879107250236942,2568.0,4.810806294438159,0.3207724059166207,171.0,5.0,7.462678909301758
200,Y0574_MYCTU,P9WM79,Rv0574c,setA,,,369.0,10000.0,0.9899934164000694,4.4636962791247775e-14,0.0261076859895413,3189.0,4.100862325476282,0.0038489328887494,173.0,4.0,6.483851909637451
201,Y2239_MYCTU,P9WLG9,Rv2239c,setA,,,126.0,10000.0,0.999974340683472,2.2558236262196035e-10,0.0427472163810909,3694.0,4.734267566392584,0.0298371372753095,25.0,3.0,6.991635799407959
202,Y2557_MYCTU,P9WLA5,Rv2557,setA,,,207.0,10000.0,0.9999950292119713,1.464087091171483e-07,0.3484447930500326,565.0,3.5524628540624694,0.6499729699907015,121.0,4.0,4.173511028289795
203,Y1417_MYCTU,P9WLY1,Rv1417,setA,,,145.0,10000.0,0.9996936571675162,5.255661344111311e-09,0.2142709517099285,652.0,3.0653041248912696,0.5100892150184985,72.0,4.0,1.3344216346740725
204,Y2086_MYCTU,P64937,Rv2086,setA,,,112.0,10000.0,0.999901384413231,8.25150965889453e-06,0.4391296542797763,154.0,3.652605543966446,0.2684549539607186,50.0,2.0,3.1089088916778564
205,Y2206_MYCTU,P9WLI5,Rv2206,setA,,,163.0,10000.0,0.9983557411742064,1.6335167064257897e-15,0.043087796541062,3235.0,2.6706412185842563,1.886020950520189e-07,77.0,5.0,36.70861053466797
206,Y2272_MYCTU,P9WLF5,Rv2272,setA,,,91.0,10000.0,0.9992683499133268,7.008786196048737e-08,0.2325229876027818,930.0,3.37009419668771,0.0034268538734247,27.0,4.0,7.182097911834717
207,SAPM_MYCTU,O53361,Rv3310,setA,,,253.0,10000.0,0.9972899612910628,1.8984177698407467e-12,0.0048404844735839,5740.0,4.170240606187842,0.0348362515222612,104.0,4.0,10.913047790527344
208,Y028_MYCTU,P9WM97,Rv0028,setA,,,100.0,10000.0,0.9996892272702655,3.569033855718684e-07,0.0098781831861765,5482.0,3.447298057539328,0.0022199359345583,76.0,5.0,3.797459125518799
209,Y441_MYCTU,P9WKW3,Rv0441c,setA,,,136.0,10000.0,0.9999999954070928,1.3393658951930582e-07,0.3042218841117739,791.0,4.050393510434928,0.0780407056131108,57.0,5.0,1.3298395872116089
210,Y481_MYCTU,P9WKV5,Rv0481c,setA,,,172.0,10000.0,0.9989306293614922,2.6491570965494654e-06,0.1541015451522596,442.0,2.929343992616788,0.0701676074833696,95.0,3.0,14.652838706970217
211,RSMAF_MYCTU,P9WJ65,Rv3912,setA,,,173.0,10000.0,0.9999519893315266,1.0359883794011445e-08,0.0213779578993609,3854.0,3.767014919230947,0.4510872569062542,153.0,5.0,1.3384894132614136
212,Y039_MYCTU,P9WM89,Rv0039c,setA,,,44.0,10000.0,0.9999749885212418,6.628328255708552e-05,0.2071905487027816,216.0,2.3664621633319283,0.6393820126874088,36.0,3.0,4.961860179901123
213,Y090_MYCTU,P9WM71,Rv0090,setA,,,242.0,10000.0,0.9999637480778634,2.1670853921485875e-10,0.322445254436054,851.0,2.686197922702388,0.0618384705771199,147.0,3.0,1.3254516124725342
214,Y963_MYCTU,P9WKM7,Rv0963c,setA,,,257.0,10000.0,0.9902405523753092,4.8735282027600425e-09,0.0946436832542493,1951.0,3.918931876173634,0.0474553277698656,112.0,4.0,3.071859121322632
215,Y1128_MYCTU,P9WM57,Rv1128c,setA,,,422.0,10000.0,0.9529229673419004,5.164622654988146e-11,0.0001186962428931,8709.0,4.441916728034464,0.0008935672223308,236.0,4.0,3.6677494049072266
216,Y0026_MYCTU,P9WMB1,Rv0026,setA,,,204.0,10000.0,0.9997707180379056,9.750189143009186e-11,0.405900320916206,378.0,2.883916376546279,0.0131042941697441,146.0,4.0,1.3324795961380005
217,PSTC2_MYCTU,P9WG05,Rv0929,setA,,,299.0,10000.0,0.3396812984817945,3.5280188838667376e-24,9.318351536629823e-17,9996.0,5.823385823367652,1.0034721793593665e-18,79.0,4.0,1.3426024913787842
218,Y1312_MYCTU,P9WM29,Rv1312,setA,,,98.0,10000.0,0.9996239533561894,2.265959539032314e-19,0.1048002909208729,2590.0,5.173963714869786,0.0731854262319783,22.0,5.0,9.155821800231934
219,Y493_MYCTU,P9WKU7,Rv0493c,setA,,,274.0,10000.0,0.867756783181376,5.832023406441151e-16,2.314712800017443e-06,9823.0,5.107928966507751,1.4673625785824865e-06,101.0,4.0,1.337859272956848
220,Y004_MYCTU,P9WFL1,Rv0004,setA,,,125.0,10000.0,0.9988616193446148,4.5272771717440735e-10,0.0088045603785234,5195.0,5.286051928528861,0.2581365882010889,117.0,6.0,5.295029640197754
221,Y2628_MYCTU,P9WL65,Rv2628,setA,,,71.0,10000.0,0.9951879855139328,2.5657033361258643e-05,0.1855697062206226,573.0,2.2114821937568423,0.126684162616331,43.0,4.0,1.3337249755859375
222,Y966_MYCTU,P9WKM1,Rv0966c,setA,,,144.0,10000.0,0.999672794939158,6.9029654345799665e-15,0.1244153076473658,1854.0,4.248332012413396,0.1244153076473658,53.0,4.0,6.685095310211182
223,Y479_MYCTU,P9WKV7,Rv0479c,setA,,,233.0,10000.0,0.9991985404089968,2.8902989414953245e-12,0.0103277432545719,4876.0,3.0450991492251047,4.12098166296863e-05,94.0,4.0,3.8273918628692623
224,VAPB8_MYCTU,O06775,Rv0664,setA,,,39.0,10000.0,0.9999007347628556,0.0010412735068282,0.562189184580869,19.0,2.447713807287456,0.3887659310628042,15.0,2.0,3.216285943984986
225,Y313_MYCTU,P9WL03,Rv0313,setA,,,60.0,10000.0,0.9994855219552188,3.65152150309215e-08,0.2671202776187836,109.0,2.954013311844349,0.18205691052851,16.0,2.0,28.003551483154297
226,Y875_MYCTU,P9WKR7,Rv0875c,setA,,,153.0,10000.0,0.999819303262422,1.102751909554757e-15,0.1891026603616807,1495.0,2.9614497927493497,0.9549588575272832,57.0,5.0,3.306997776031494
227,Y102_MYCTU,P9WM63,Rv0102,setA,,,617.0,10000.0,0.7394149089223485,2.912466311514953e-21,3.835926176224772e-06,9489.0,7.837633293886746,1.2828081486092262e-09,319.0,13.0,1.3337104320526123
228,Y2083_MYCTU,P9WLK3,Rv2083,setA,,,64.0,10000.0,0.9999999044253438,4.143883435611462e-05,0.5550743827707426,23.0,4.234147985408044,0.7035732508935619,35.0,4.0,3.595538377761841
229,Y2219_MYCTU,P9WLI1,Rv2219,setA,,,200.0,10000.0,0.9997218397355462,1.3261055712130201e-13,0.0878382826713132,2194.0,3.218678213913593,1.8266119303942767e-05,37.0,2.0,3.35056734085083
230,Y1283_MYCTU,P9WFZ7,Rv1283c,setA,,,316.0,10000.0,0.9974914996146672,4.206801964271811e-14,0.0413681852259251,3581.0,3.844370368629413,6.582761644933347e-05,125.0,3.0,2.9778177738189697
231,Y1733_MYCTU,P9WLS9,Rv1733c,setA,,,113.0,10000.0,0.997512476643306,1.328950209431932e-11,0.1551886980849482,1702.0,3.448312785194492,0.1551886980849482,55.0,6.0,3.3635432720184326
232,Y3067_MYCTU,I6YB21,Rv3067,setA,,,96.0,10000.0,0.7955704623661464,2.854608355055785e-11,2.113771624477597e-06,9439.0,6.053916988092854,0.0126927326804562,33.0,8.0,78.54154205322266
233,Y1509_MYCTU,P9WLW3,Rv1509,setA,,,280.0,10000.0,0.9987527533596648,3.207771217687038e-10,0.0194494221928578,4225.0,3.8912875249980328,0.8760631634430929,138.0,4.0,2.964996814727783
234,Y559_MYCTU,P9WKL3,Rv0559c,setA,,,90.0,10000.0,0.9991955520224362,1.419361725730436e-07,0.0359510448587238,3619.0,2.0805635590387883,0.0031884928276309,45.0,3.0,3.449409008026123
235,Y3479_MYCTU,O06342,Rv3479,setA,,,838.0,10000.0,0.9904293370281372,6.535476040891925e-18,0.0011581216867077,6938.0,4.106843076465437,0.05409055637827,430.0,4.0,1.337692141532898
236,Y3403_MYCTU,P9WKZ5,Rv3403c,setA,,,513.0,10000.0,0.9966107799426184,2.214883430772232e-29,9.113203089641234e-09,9537.0,5.353895409791455,0.0004043126309636,239.0,5.0,1.3312127590179443
237,Y2305_MYCTU,P9WLD1,Rv2305,setA,,,356.0,10000.0,0.999862760635248,2.5349704661477366e-14,0.0777329226743981,2823.0,3.723969822081272,7.843466952155772e-05,169.0,6.0,3.253613233566284
238,Y1271_MYCTU,P9WM43,Rv1271c,setA,,,77.0,10000.0,0.999960530775474,0.0001345833833376,0.3085806609915825,297.0,2.328821990825941,0.3085806609915825,42.0,3.0,2.9563674926757812
239,Y2629_MYCTU,P9WL63,Rv2629,setA,,,323.0,10000.0,0.8237837763261162,6.555928245715489e-21,7.657482119857894e-08,9571.0,4.883747460923499,2.5035626738961147e-09,117.0,6.0,3.577549934387207
240,Y2568_MYCTU,P9WL95,Rv2568c,setA,,,327.0,10000.0,0.998056980659392,7.9153146289184e-13,0.127575573810314,1944.0,3.6832959013549424,0.0190219025420715,111.0,3.0,2.810509204864502
241,VPC50_MYCTU,L0TGF0,Rv3749c,setA,,,108.0,10000.0,0.999999655115091,1.1873144558462142e-06,0.4160058952285033,348.0,2.5569618794397595,0.5195495370403564,57.0,4.0,7.355251312255859
242,LPRE_MYCTU,P9WK49,Rv1252c,setA,,,126.0,10000.0,0.998933644820766,9.148618039668391e-11,0.0015190419129829,6653.0,3.471769426083198,0.0298371372753095,44.0,3.0,3.1020326614379883
243,LPRN_MYCTU,I6Y3P1,Rv3495c,setA,,,305.0,10000.0,0.9993945471841388,4.732129802538838e-17,0.0856053956305291,2419.0,4.93542056795666,0.0696044014007645,102.0,3.0,1.3408570289611816
244,MMPL9_MYCTU,P9WJU3,Rv2339,setA,,,874.0,10000.0,0.9860568782730772,1.8748464326498677e-33,1.8878926840720464e-06,9227.0,4.361140604240798,2.108371065894841e-05,490.0,5.0,1.3507258892059326
245,MMPL8_MYCTU,P9WJU5,Rv3823c,setA,,,894.0,10000.0,0.9787744101652042,4.9116463430229065e-59,1.926037812267266e-16,9656.0,6.247540442750293,9.759681171324138e-16,455.0,9.0,3.3748927116394043
246,PG44_MYCTU,P9WIE9,Rv2591,setA,,,376.0,10000.0,0.1825802826723949,1.3352198663133603e-28,1.7628410120359834e-16,9983.0,9.136563394012914,3.5648532455504214e-11,148.0,46.0,1.3344374895095823
247,PG11_MYCTU,Q79FW5,Rv0754,setA,,,459.0,10000.0,0.9117257041615606,4.0941081729427655e-30,3.8056232491203135e-10,9317.0,9.07267966412068,0.0242124499314159,216.0,17.0,6.937889099121094
248,PSS_MYCTU,P9WPG1,Rv0436c,setA,,,229.0,10000.0,0.999072029936465,1.8392528276948403e-15,0.0651198308595438,2327.0,2.807998666922232,0.000186024858909,56.0,3.0,14.419699668884276
249,MAZE5_MYCTU,P9WJ89,Rv1943c,setA,,,84.0,10000.0,0.998580669517721,7.75497030428171e-05,0.094907307048356,528.0,3.015810230355499,0.934736021501828,39.0,3.0,1.3386895656585691
250,MPTA_MYCTU,O53508,Rv2174,setA,,,490.0,10000.0,0.4469320226709361,2.0823902783918224e-35,1.217336531334334e-14,9977.0,4.86434360933969,1.485876391664344e-06,149.0,4.0,3.132760763168335
251,MMPL7_MYCTU,P9WJU7,Rv2942,setA,,,642.0,10000.0,0.882565540476408,6.5895029085407305e-21,1.122083161887526e-05,9026.0,4.980496494671475,0.0251270561493627,266.0,3.0,5.078409194946289
252,NRDR_MYCTU,P9WIZ1,Rv2718c,setA,,,151.0,10000.0,0.9997937838583114,2.5536385958222604e-10,0.3657592460342908,610.0,2.124083178252509,0.9524280427671076,54.0,3.0,13.25039005279541
253,HBHA_MYCTU,P9WIP9,Rv0475,setA,,,118.0,10000.0,0.9982028415308298,2.9881925843223302e-05,0.2970693054244186,160.0,2.497158900147487,0.1284958605347365,39.0,2.0,1.3326236009597778
254,PRA_MYCTU,P9WIM7,Rv1078,setA,,,161.0,10000.0,0.9998935611059632,7.234131029538153e-20,0.1293171320302472,2177.0,3.4024726173483084,0.2125759351156653,46.0,4.0,3.296319007873535
255,PG26_MYCTU,Q79FP3,Rv1441c,setA,,,169.0,10000.0,0.6093092721962263,8.403583423620502e-23,1.2874299301002439e-16,9863.0,5.985858437145071,6.078640694062501e-18,41.0,22.0,1.3314954042434692
256,HIGB2_MYCTU,O53468,Rv2022c,setA,,,118.0,10000.0,0.9999445720500312,8.208261019466056e-06,0.2970693054244186,570.0,2.7194391262503874,0.0223837235641081,57.0,3.0,4.109498977661133
257,MMPL4_MYCTU,P9WJV3,Rv0450c,setA,,,871.0,10000.0,4.0041978519764814e-05,4.9555682509216964e-61,3.620955742990052e-35,10000.0,4.168946604260164,2.823704678115706e-45,272.0,4.0,30.77031135559082
258,MMPL2_MYCTU,P9WJV7,Rv0507,setA,,,895.0,10000.0,0.9877789753118046,5.5003912497569616e-64,2.0081696377435224e-16,9655.0,5.328651955183078,3.048815737455187e-25,499.0,8.0,5.962729454040527
259,MMPLC_MYCTU,P9WJT7,Rv1522c,setA,,,874.0,10000.0,0.9626318292474038,7.1830273587067885e-56,7.124834551647276e-21,9862.0,4.043544827752297,2.02515391324515e-12,418.0,4.0,1.3402336835861206
260,MEPRM_MYCTU,O05318,Rv1217c,setA,,,516.0,10000.0,0.9814667373753606,2.1321462562164123e-16,0.0002521569147252,7844.0,4.007690860719141,0.0555271400040681,232.0,4.0,1.3323043584823608
261,MMPLA_MYCTU,P9WJU1,Rv1183,setA,,,832.0,10000.0,0.8471143536080653,1.1055810261538996e-31,5.7899874052183465e-08,9497.0,8.823096937957658,0.0055182562401582,326.0,13.0,3.393859386444092
262,AFTA_MYCTU,P9WN03,Rv3792,setA,,,618.0,10000.0,0.9858732283407124,6.060308071092876e-33,8.684747064913714e-07,8617.0,10.718787303131906,2.205396033442234e-16,307.0,30.0,3.4209442138671875
263,DHE2_MYCTU,O53203,Rv2476c,setA,,,1523.0,10000.0,0.1049311530120201,3.092256047152458e-77,8.71638858139508e-22,9994.0,17.23537346691199,1.1053734248299964e-36,554.0,29.0,1.336879014968872
264,ERG3_MYCTU,P9WNZ9,Rv1814,setA,,,275.0,10000.0,0.9985594490956718,7.532772348822749e-13,0.0757608231920197,2704.0,3.266624373159637,0.0017220303403507,140.0,4.0,5.568488121032715
265,AFTC_MYCTU,P9WMZ7,Rv2673,setA,,,401.0,10000.0,0.9982359151619316,3.167567164691062e-20,0.000790312297222,6819.0,3.453552063911616,0.0198227298662619,120.0,4.0,3.223367929458618
266,CWSA_MYCTU,P9WJF3,Rv0008c,setA,,,57.0,10000.0,0.9999993241263636,0.0003553422102941,0.6328581863440477,12.0,2.9188163252295385,0.6328581863440477,71.0,5.0,1.3325237035751345
267,CHP2_MYCTU,O50440,Rv1184c,setA,,,305.0,10000.0,0.7314864638280725,4.1067703133408044e-16,1.7728751258600365e-06,9542.0,3.143961276717896,2.095387601181664e-05,132.0,3.0,5.949156761169434
268,ESPE_MYCTU,P9WJD3,Rv3864,setA,,,169.0,10000.0,0.9918196663226252,1.8190753727386786e-07,0.187681480238874,511.0,3.883103677756546,0.6093092721962263,135.0,5.0,1.3320014476776123
269,ECCE1_MYCTU,P9WJE9,Rv3882c,setA,,,436.0,10000.0,0.9903566090034804,1.0449363922488004e-16,0.0610498074827501,2426.0,4.209550432719029,0.2899667841910595,347.0,6.0,3.4843358993530273
270,COBQ_MYCTU,P9WP95,Rv0255c,setA,,,466.0,10000.0,0.9935733340813347,2.4792802032008045e-22,9.569313547973516e-05,8159.0,2.903703112171621,0.0014492762593356,239.0,3.0,15.056005477905272
271,EX7L_MYCTU,P9WF31,Rv1108c,setA,,,391.0,10000.0,0.9929421949562168,6.759298020660991e-37,0.0004831084017799,6968.0,5.031384721122795,4.332162378162594e-09,132.0,6.0,6.360279560089111
272,ESPA_MYCTU,P9WJE1,Rv3616c,setA,,,200.0,10000.0,0.9997218397355462,9.594235055800515e-10,0.1779335278829341,1243.0,3.3342153559436696,0.3281154440941857,119.0,7.0,3.2665393352508545
273,CHP1_MYCTU,O07801,Rv3822,setA,,,255.0,10000.0,0.895692463521101,9.867752086820296e-20,3.0515430760935773e-07,9405.0,4.088288351556259,0.0019452045468595,149.0,6.0,1.3291239738464355
274,ESPD_MYCTU,P9WJD5,Rv3614c,setA,,,111.0,10000.0,0.999891460015114,1.4505922432871654e-05,0.1481901900496968,944.0,3.975583077664686,0.0772738515567348,59.0,7.0,16.540311813354492
275,LPPW_MYCTU,P9WK67,Rv2905,setA,,,245.0,10000.0,0.9994841186298672,5.887289510331213e-12,0.0233735814091846,3897.0,3.2955205014859046,0.2770433694700844,111.0,5.0,1.3394453525543213
276,LPQS_MYCTU,O53859,Rv0847,setA,,,40.0,10000.0,0.9999999999897728,0.0005039436209702,0.404587405685253,16.0,1.8630729170168403,0.404587405685253,24.0,3.0,1.3405466079711914
277,LPRD_MYCTU,P9WK51,Rv1343c,setA,,,102.0,10000.0,0.9999991332221276,2.179548695882607e-07,0.0025426991973686,6338.0,3.4622410414840488,0.0002699890385591,58.0,3.0,3.3031110763549805
278,LPPK_MYCTU,P9WK75,Rv2116,setA,,,116.0,10000.0,0.9979530502361325,1.1640295809307039e-09,0.0634565125738605,2412.0,2.643234990604892,0.0306112765545844,45.0,3.0,1.3272196054458618
279,LPRI_MYCTU,P9WK41,Rv1541c,setA,,,168.0,10000.0,0.9999330823162246,3.096650839345769e-07,0.2333181587473864,655.0,4.186518991775132,0.6055199414025237,69.0,5.0,12.508248329162598
280,MFTB_MYCTU,P95038,Rv0692,setA,,,91.0,10000.0,0.9992683499133268,2.1702841649144543e-05,0.2325229876027818,999.0,2.328849089647078,0.1201211471664597,41.0,3.0,8.654464721679688
281,ESPI_MYCTU,P9WJC5,Rv3876,setA,,,274.0,10000.0,0.9998229454409416,1.3088945233314409e-12,0.0374900753088698,3649.0,2.5058241958628957,0.0042805113238123,199.0,4.0,1.3391010761260986
282,COBD_MYCTU,P9WP93,Rv2236c,setA,,,309.0,10000.0,0.9994608383532518,2.693318637431806e-13,0.1086646430768737,2273.0,3.826495096574985,0.9096977132223746,127.0,5.0,3.779985904693603
284,MMPL5_MYCTU,P9WJV1,Rv0676c,setA,,,873.0,10000.0,0.8668113413452131,5.546041364276171e-48,3.280654851371298e-05,8524.0,4.3796916728803446,0.0370676156474072,417.0,7.0,5.288634300231934
285,COBS_MYCTU,P9WP91,Rv2208,setA,,,246.0,10000.0,0.9874600074201184,1.2851713873717768e-11,0.0514550997580972,3052.0,3.423121855303985,0.0136603949988596,112.0,4.0,5.005190372467041
286,ESPH_MYCTU,O69732,Rv3867,setA,,,107.0,10000.0,0.9998407835872806,4.1502007062728873e-08,0.0214697185213325,3992.0,3.120469061733856,0.0002306677817104,55.0,4.0,45.81288528442383
287,LPPP_MYCTU,P9WK69,Rv2330c,setA,,,145.0,10000.0,0.9996936571675162,1.691526942200908e-11,0.1660331917679292,1514.0,1.946926609981798,0.0955146552451055,64.0,3.0,1.344338297843933
288,LPQV_MYCTU,P9WK57,Rv1064c,setA,,,92.0,10000.0,0.9999959890008036,5.0189303748185584e-05,0.4161183290527147,101.0,2.6660605087485667,0.7737884071227998,55.0,4.0,7.754865169525147
289,LPRB_MYCTU,P9WK53,Rv1274,setA,,,140.0,10000.0,0.9995742414968714,1.1874996527586241e-08,0.1149017974212174,2126.0,4.26524106054754,6.046149535331823e-05,24.0,4.0,33.33945846557617
290,LPRH_MYCTU,P9WK43,Rv1418,setA,,,174.0,10000.0,0.9990283160121848,1.431981696612139e-09,0.0301573884787413,3486.0,3.4204750090881797,0.0729316981042936,70.0,2.0,1.3485676050186155
291,LPRP_MYCTU,P9WK39,Rv0962c,setA,,,156.0,10000.0,0.9998518086888252,1.0972029564452954e-08,0.1978670303657585,1011.0,3.1239531328490324,0.0898295896884778,61.0,2.0,9.521801948547363
293,ESPJ_MYCTU,P9WJC3,Rv3878,setA,,,96.0,10000.0,0.999997825334528,4.1986037204863057e-07,0.343593759696466,462.0,2.8558305969848807,0.192297689728479,85.0,4.0,1.343897819519043
294,ESPK_MYCTU,P9WJC1,Rv3879c,setA,,,372.0,10000.0,0.9999140461570784,5.792211949300969e-14,0.1070645236387532,2074.0,3.026835963242865,0.0004274634879877,344.0,7.0,9.26606559753418
295,GLND_MYCTU,P9WN29,Rv2918c,setA,,,717.0,10000.0,0.997599369030426,4.859716243194867e-28,4.7550316343076495e-08,9104.0,7.156092242007205,0.0155467637162707,319.0,8.0,3.4706997871398926
296,DRRB_MYCTU,P9WG23,Rv2937,setA,,,222.0,10000.0,0.9988011494796232,1.1625797383828958e-20,7.728817146712016e-07,9027.0,4.829642295633479,0.0079435532578261,47.0,3.0,1.3351235389709473
297,CPSY_MYCTU,P9WGD1,Rv0806c,setA,,,486.0,10000.0,0.9984622000300168,1.1555148318939898e-16,0.0002514491268386,7379.0,5.39518223065234,1.5489726969353494e-07,154.0,5.0,1.343570113182068
298,COBB_MYCTU,P9WP97,Rv2848c,setA,,,447.0,10000.0,0.9809562779531676,2.6964895746598885e-16,0.0008182728749585,6741.0,3.88115730671389,0.1290778364700787,200.0,4.0,1.3376344442367554
299,ECCE2_MYCTU,P9WJE7,Rv3885c,setA,,,490.0,10000.0,0.9567165453804172,1.5556484899012983e-32,4.948001395032207e-05,7962.0,3.193809168629696,2.9184339051868423e-06,358.0,5.0,5.136631011962891
300,ECCE5_MYCTU,P9WJE3,Rv1797,setA,,,296.0,10000.0,0.9999216360545342,2.3042198145979525e-15,0.006774889431568,5392.0,4.869902298175446,0.0504216594796951,125.0,5.0,4.205376148223877
301,DESA3_MYCTU,P9WNZ3,Rv3229c,setA,,,417.0,10000.0,0.998703329735167,4.146193956054616e-15,0.0038782276474715,5899.0,2.8943770724500286,0.0010691264709433,185.0,4.0,1.3262615203857422
302,GLFT1_MYCTU,P9WMX3,Rv3782,setA,,,294.0,10000.0,0.9367151800769022,1.7670494693578386e-27,1.7905760781924278e-10,9843.0,4.468453604036344,1.8066724295142528e-15,97.0,3.0,20.3441162109375
303,O06378_MYCTU,O06378,Rv3629c,setA,,,322.0,10000.0,0.9996303433464658,2.965535922344943e-15,0.0107442529546245,4942.0,3.660447228149578,0.0284054272592284,153.0,4.0,5.964780330657959
305,O53319_MYCTU,O53319,Rv3169,setA,,,364.0,10000.0,0.9991803816618484,1.5587412312683437e-14,0.0156525297964194,4592.0,4.937615871433216,0.0011701773730808,200.0,5.0,1.3450738191604614
306,I6Y897_MYCTU,I6Y897,Rv0613c,setA,,,790.0,10000.0,0.5362340157717387,3.143231349858253e-31,3.479914532039725e-09,9904.0,5.361035428683127,0.0033713898119643,329.0,5.0,6.0124640464782715
307,O53489_MYCTU,O53489,Rv2046,setA,,,179.0,10000.0,0.9942889623445637,6.962876300581805e-11,0.0064596440406989,5364.0,4.247033169870647,0.0608035394581935,75.0,4.0,10.194628715515137
308,O07196_MYCTU,O07196,Rv2694c,setA,,,91.0,10000.0,0.9999953263611496,8.89816507614921e-05,0.3123405247807245,391.0,3.060391551716131,0.3123405247807245,44.0,4.0,3.379065990447998
309,I6YHB0_MYCTU,I6YHB0,Rv3852,setA,,,48.0,10000.0,0.9999917362742914,8.112337694965007e-06,0.2502930720844449,512.0,2.504082162100217,0.1614044352324142,15.0,2.0,7.446887016296387
310,L7N658_MYCTU,L7N658,Rv3294c,setA,,,209.0,10000.0,0.990524434013714,1.6286250498311364e-08,0.0028064136081095,6307.0,3.64682598206224,0.0028064136081095,108.0,3.0,9.013276100158691
311,P95115_MYCTU,P95115,Rv2980,setA,,,164.0,10000.0,0.9902159201002408,1.0458774830885852e-16,4.359522348593357e-06,8724.0,5.47377694025367,1.0923001611798241e-07,62.0,7.0,2.9282917976379395
312,I6YGE4_MYCTU,I6YGE4,Rv3528c,setA,,,227.0,10000.0,0.9990015289329776,1.2883706521952452e-07,0.1274668091304509,1872.0,4.702157049544812,0.1274668091304509,203.0,5.0,3.3563191890716553
313,O86317_MYCTU,O86317,Rv2680,setA,,,167.0,10000.0,0.999928491301494,5.238106022252189e-07,0.0347689415287956,2843.0,3.783846892190314,0.1824422056327418,63.0,3.0,3.5536365509033203
314,O53420_MYCTU,O53420,Rv1072,setA,,,230.0,10000.0,0.9819751636920596,8.172173640733253e-12,0.0002890926861421,8133.0,3.7309248613497847,3.516885551911392e-06,90.0,3.0,36.125675201416016
315,P96353_MYCTU,P96353,Rv1048c,setA,,,319.0,10000.0,0.9915753318257132,3.5198218141922756e-21,0.0272882080304343,3813.0,6.2100563552944665,0.0001474401745459,141.0,5.0,1.3362722396850586
316,I6YG51_MYCTU,I6YG51,Rv3437,setA,,,36.0,10000.0,0.9997738751310068,1.3659660060531852e-08,0.3400656700253728,549.0,2.221239084213855,0.706866891160545,27.0,4.0,1.3330377340316772
317,P96912_MYCTU,P96912,Rv0622,setA,,,252.0,10000.0,0.9996012542486314,2.527075621186129e-15,0.0342789576035726,3378.0,3.256492954761301,0.2449768924774898,117.0,3.0,1.334827899932861
318,P95201_MYCTU,P95201,Rv0393,setA,,,282.0,10000.0,0.9261190289710736,7.50305580883232e-34,0.00205408831001,5963.0,8.441127451970463,0.0118683619609935,136.0,23.0,1.350461721420288
319,O53213_MYCTU,O53213,Rv2488c,setA,,,972.0,10000.0,0.9863275531265722,7.004002264172653e-29,0.0001837611265901,7447.0,4.454295608422361,0.0111645158769583,436.0,7.0,4.5744524002075195
320,P95204_MYCTU,P95204,Rv0396,setA,,,95.0,10000.0,0.999499654473324,1.4308754365098995e-09,0.3373844959679902,369.0,3.875584446600364,0.4365113778573556,35.0,3.0,1.3336952924728394
321,P95210_MYCTU,P95210,Rv0401,setA,,,117.0,10000.0,0.9999389800251232,1.8490520671202505e-08,0.2923137843897797,737.0,2.6402569864354777,0.2245507123933858,53.0,4.0,7.495051383972168
322,P96277_MYCTU,P96277,Rv0431,setA,,,85.0,10000.0,0.9999883184122742,2.1409465254631402e-13,0.3669606083692855,835.0,2.6257690833199714,0.1997962677671858,23.0,3.0,2.858512163162231
323,I6X7G4_MYCTU,I6X7G4,Rv3493c,setA,,,164.0,10000.0,0.9902159201002408,5.364476842005867e-15,5.6376782512507064e-08,9513.0,4.270350110732238,1.7329041762308034e-10,48.0,3.0,1.3405636548995972
324,O05436_MYCTU,O05436,Rv3909,setA,,,691.0,10000.0,0.93463668458533,3.1822462739250944e-30,7.436146599550907e-07,9422.0,10.278079376778424,8.018102265592022e-10,408.0,22.0,8.512006759643555
325,O05880_MYCTU,O05880,Rv3235,setA,,,128.0,10000.0,0.9999788415735248,1.2120669451363016e-12,0.2707425012384195,864.0,3.506459596854049,0.5256507222485184,61.0,4.0,9.42024040222168
326,O33188_MYCTU,O33188,Rv1686c,setA,,,207.0,10000.0,0.9979280786710258,2.7666821972721297e-10,0.0590067524178761,2799.0,4.4194000109818585,0.0026324381999094,102.0,5.0,3.3067703247070312
327,O53776_MYCTU,O53776,Rv0579,setA,,,233.0,10000.0,0.9991985404089968,1.8166106877216045e-18,0.0690737838417566,2941.0,4.205520388206234,0.0010050500826748,104.0,6.0,3.712656736373902
328,O05769_MYCTU,O05769,Rv3090,setA,,,252.0,10000.0,0.8326028180912637,3.464369494722265e-23,1.6245415474931823e-10,9756.0,3.647160805770077,0.0003015458728086,131.0,9.0,3.3143506050109863
331,O07424_MYCTU,O07424,Rv0180c,setA,,,399.0,10000.0,0.9996394801058256,9.438065929085511e-15,0.0022551184946698,7040.0,4.135901897612375,0.0013223252893875,245.0,5.0,7.380187034606934
332,O06829_MYCTU,O06829,Rv1429,setA,,,396.0,10000.0,0.9934820236431268,7.300421232247289e-15,0.0286088967054007,3429.0,6.798099048417485,0.0046177690247875,204.0,11.0,1.3374849557876587
333,O05904_MYCTU,O05904,Rv0912,setA,,,127.0,10000.0,0.9999766991947148,8.479394611829208e-08,0.0856785952889003,2310.0,2.8257736088632828,0.0001186774216832,44.0,3.0,5.191274166107178
334,P96217_MYCTU,P96217,Rv3860,setA,,,264.0,10000.0,0.999987612124854,8.583310117225173e-13,0.0249850905371768,4057.0,3.224471041716243,8.517116156124533e-07,186.0,6.0,34.230072021484375
335,O06803_MYCTU,O06803,Rv1770,setA,,,393.0,10000.0,0.9979429890992092,3.8982386659163194e-19,0.0739010502145397,2903.0,3.3330343064448287,0.5119050844603618,190.0,4.0,5.851585388183594
336,O50392_MYCTU,O50392,Rv3363c,setA,,,106.0,10000.0,0.9998247972116528,1.5088992149311974e-19,0.0457256827088247,4162.0,5.464243595242314,1.909140859996664e-06,78.0,27.0,1.34339439868927
337,O86313_MYCTU,O86313,Rv1230c,setA,,,178.0,10000.0,0.9991978908926896,1.803102014523165e-08,0.1319277433880878,1489.0,3.159447256106233,0.1319277433880878,73.0,2.0,3.178173303604126
339,O50435_MYCTU,O50435,Rv1179c,setA,,,809.0,10000.0,0.9941218522932292,1.9138879221715098e-23,0.000211640727299,7502.0,5.15227163213173,0.3999002377247332,405.0,5.0,3.639050960540771
340,P96868_MYCTU,P96868,Rv3263,setA,,,496.0,10000.0,0.999719156031776,5.333855051365014e-25,0.0232217603554017,4208.0,3.746184048344516,0.2224220623419564,214.0,5.0,38.740997314453125
341,O06813_MYCTU,O06813,Rv1446c,setA,,,296.0,10000.0,0.9992143024668382,1.0752130089061534e-59,3.5949302805941025e-14,8212.0,9.68513983135879,1.7932726187911586e-39,374.0,206.0,4.146188735961914
342,O07034_MYCTU,O07034,Rv3123,setA,,,68.0,10000.0,0.9998457288309626,2.494921442735574e-06,0.3377803162489643,402.0,2.0387340381963286,0.0166943481350859,37.0,3.0,1.3366360664367676
343,O05887_MYCTU,O05887,Rv3242c,setA,,,185.0,10000.0,0.9999783961633084,3.71529108534632e-08,0.2301935460288021,1060.0,2.6758577327522417,0.1845104463034779,86.0,3.0,9.682823181152344
345,O05859_MYCTU,O05859,Rv3207c,setA,,,250.0,10000.0,0.9693924821629614,3.834321214302795e-20,2.603606244346896e-06,9079.0,4.231750415842099,2.603606244346896e-06,60.0,4.0,4.636880397796631
346,O07429_MYCTU,O07429,Rv0185,setA,,,165.0,10000.0,0.9985054710489676,2.0072462643755763e-10,0.0007461403906608,7369.0,2.711568557511635,8.036426421653657e-07,65.0,4.0,3.3168742656707764
347,O06807_MYCTU,O06807,Rv1453,setA,,,389.0,10000.0,0.9995439394107516,6.249510548095452e-12,0.1024205655767708,1912.0,2.979208729484278,0.1977523899756289,199.0,4.0,2.7994093894958496
348,P71986_MYCTU,P71986,Rv1728c,setA,,,160.0,10000.0,0.9981028241446328,9.754713764843998e-10,0.1271186527380871,1547.0,3.2845178899115743,0.0545226855564742,58.0,2.0,6.265032768249512
349,O05574_MYCTU,O05574,Rv0991c,setA,,,52.0,10000.0,0.998299461184574,0.0003539861501094,0.0773384476890688,203.0,3.417829991405732,0.0259203288227485,20.0,2.0,11.196322441101074
351,I6Y3V3_MYCTU,I6Y3V3,Rv0473,setA,,,417.0,10000.0,0.7803000471185244,3.668368311000047e-13,7.611086823097937e-06,9261.0,5.66009496358984,0.0354475880866964,166.0,4.0,1.3501174449920654
352,O07755_MYCTU,O07755,Rv1874,setA,,,226.0,10000.0,0.9989643095893392,1.2160145702845693e-08,0.0622178594981911,2752.0,2.669738246505017,0.0214296694138562,119.0,5.0,1.3289923667907717
353,O07804_MYCTU,O07804,Rv3819,setA,,,105.0,10000.0,0.9998072142377408,0.0003503965386745,0.3983074626092783,77.0,2.317083977957992,0.3092373135836424,55.0,3.0,1.3382841348648071
354,O53703_MYCTU,O53703,Rv0368c,setA,,,310.0,10000.0,0.9999534185177292,5.511652567541383e-26,0.0900755665066466,2852.0,4.269015774865938,0.4164019815017497,158.0,7.0,3.447567939758301
355,I6Y4V2_MYCTU,I6Y4V2,Rv0804,setA,,,202.0,10000.0,0.997514974376439,1.5683915665179777e-08,0.090605612702287,1457.0,5.97715706725445,0.3339475270685291,64.0,4.0,17.528200149536133
356,O07234_MYCTU,O07234,Rv0307c,setA,,,140.0,10000.0,0.999993364741298,1.6401705984641013e-06,0.3988473503542994,288.0,3.0756443789646424,0.1978707791028221,60.0,3.0,6.683319091796875
357,P71840_MYCTU,P71840,Rv0787,setA,,,183.0,10000.0,0.9999753169592076,4.189125804742422e-09,0.2779607637774824,704.0,2.979192736975186,0.007329457137592,102.0,4.0,7.390239238739014
358,P95203_MYCTU,P95203,Rv0395,setA,,,42.0,10000.0,0.9999565515890492,1.132846889217113e-06,0.435526682696035,471.0,2.567134093121749,0.7912395616859719,19.0,3.0,4.301764011383057
359,O33198_MYCTU,O33198,Rv1697,setA,,,361.0,10000.0,0.0551399106154677,9.398757603545699e-51,7.353439613193538e-23,9997.0,5.861576323211874,7.554732909441986e-30,57.0,2.0,19.658559799194336
360,O86314_MYCTU,O86314,Rv1231c,setA,,,125.0,10000.0,0.9988616193446148,2.5411484406157e-09,0.5101906621520629,163.0,3.5801778373252384,0.6141179828834972,50.0,4.0,7.274397850036621
361,Q93IG6_MYCTU,Q93IG6,Rv3365c,setA,,,629.0,10000.0,0.750086271380249,2.2536860931430807e-20,1.011274838360234e-12,9910.0,4.612593610048111,4.6257440097117225e-14,249.0,3.0,1.343044400215149
362,I6XEI0_MYCTU,I6XEI0,Rv2520c,setA,,,54.0,10000.0,0.9999984404687656,1.4634190783382848e-08,0.2136745108832947,853.0,2.068283601260772,0.2136745108832947,30.0,5.0,1.337492823600769
363,Q11028_MYCTU,Q11028,Rv1358,setA,,,910.0,10000.0,0.9688321491255982,1.082442872833835e-64,5.301049190319802e-06,8221.0,4.044272117806182,6.720383655972054e-06,397.0,6.0,7.209900379180908
364,O33193_MYCTU,O33193,Rv1691,setA,,,220.0,10000.0,0.9998943506245392,7.962399924405056e-11,0.0333342840459056,3721.0,3.666470973511719,0.0333342840459056,68.0,4.0,1.3345069885253906
365,I6XF31_MYCTU,I6XF31,Rv2696c,setA,,,196.0,10000.0,0.999662608891976,8.010160393308979e-12,0.0106593404358647,4735.0,6.882027457777113,1.790668870434265e-06,77.0,5.0,1.3308351039886477
366,L7N680_MYCTU,L7N680,Rv3812,setA,,,286.0,10000.0,0.9949814755572944,2.5647760047750094e-20,7.148746265226637e-05,8163.0,3.359636335510928,2.9467730695313245e-10,153.0,4.0,3.2100155353546143
367,O07772_MYCTU,O07772,Rv0606,setA,,,237.0,10000.0,0.9993079054563366,4.6595743215523344e-12,0.1760641234996986,1766.0,4.30469306154935,0.0151314864170144,116.0,3.0,9.414307594299316
368,P96883_MYCTU,P96883,Rv3278c,setA,,,37.0,10000.0,0.999828083147546,2.089202476181236e-06,0.3564880403505369,634.0,2.031840088030161,0.5278931711644922,4.0,1.0,18.726472854614254
369,I6XHM5_MYCTU,I6XHM5,Rv3590c,setA,,,175.0,10000.0,0.1259113783653621,3.803559412034618e-10,1.0665564649457376e-06,9981.0,4.753722536496101,1.7121712560490726e-05,52.0,6.0,13.981229782104492
370,O06141_MYCTU,O06141,Rv1624c,setA,,,46.0,10000.0,0.9999856166239884,4.531738962124439e-16,0.2286872482052414,1372.0,2.8141422136047525,0.3449735045914966,16.0,4.0,54.46480178833008
371,O69661_MYCTU,O69661,Rv3693,setA,,,415.0,10000.0,0.9872062781404288,1.4821955477525144e-22,0.0097087021596535,5164.0,5.063706650532173,0.0121556096420853,202.0,5.0,3.4068570137023926
372,O07741_MYCTU,O07741,Rv1891,setA,,,101.0,10000.0,0.9997175049348396,1.844362429695354e-07,0.1588190663808118,1016.0,2.37383551688853,0.287417964594887,57.0,3.0,1.3353692293167114
373,O69662_MYCTU,O69662,Rv3694c,setA,,,295.0,10000.0,0.999191242640223,6.288830281766108e-14,0.0946198377311566,2157.0,3.14283708645635,0.1402548764150929,119.0,4.0,3.412508726119995
374,I6YGT7_MYCTU,I6YGT7,Rv3632,setA,,,34.0,10000.0,0.9996092466549564,0.0001032978346103,0.6726844299259279,41.0,1.928828190485036,0.863226759485624,15.0,2.0,3.4783170223236084
375,I6X9E8_MYCTU,I6X9E8,Rv0612,setA,,,127.0,10000.0,0.9909665773833448,1.1167642500704712e-10,0.0002067284119642,8244.0,4.114550668508307,0.0001186774216832,31.0,3.0,1.3359092473983765
377,Q79FJ9_MYCTU,Q79FJ9,Rv1803c,setA,,,311.0,10000.0,8.049278348179152e-06,4.600781812895828e-72,7.534416798228105e-54,10000.0,5.4901047085321535,7.534416798228105e-54,33.0,3.0,9.468587875366213
378,Q79G06_MYCTU,Q79G06,Rv0151c,setA,,,487.0,10000.0,0.9951686088605152,1.1663757091522261e-23,0.0039850319920771,6222.0,4.0120802723931135,0.0015571509157932,244.0,4.0,1.336393117904663
379,P71985_MYCTU,P71985,Rv1727,setA,,,188.0,10000.0,0.9995039376836444,9.764334492346143e-07,0.1199817436404986,1196.0,4.310758915476881,0.011935754467229,101.0,4.0,1.333032727241516
380,P96220_MYCTU,P96220,Rv3857c,setA,,,57.0,10000.0,0.9991935374745596,0.0001554622170037,0.2403521409814761,59.0,3.447139544699639,0.0219669248261048,34.0,3.0,10.650023460388184
381,P72037_MYCTU,P72037,Rv3770c,setA,,,176.0,10000.0,0.9991171371790872,1.911772722163284e-07,0.1633490717785541,1254.0,2.388898920687942,0.5462367081283193,111.0,5.0,1.3348816633224487
382,O05312_MYCTU,O05312,Rv1211,setA,,,55.0,10000.0,0.9989125698850362,5.38231011504668e-16,0.0185841549744165,3406.0,3.330488009984824,0.056318322525084,4.0,2.0,5.978886604309082
383,O53705_MYCTU,O53705,Rv0370c,setA,,,294.0,10000.0,0.9958266927442544,1.8066724295142528e-15,0.0003948246597682,7071.0,4.136953241444085,1.3575547627978576e-05,189.0,7.0,3.0107715129852295
384,P71925_MYCTU,P71925,Rv2423,setA,,,339.0,10000.0,0.9999841909487402,4.65252753498142e-41,0.0224408026642876,4262.0,7.611638166608196,0.2327159124451891,155.0,17.0,11.07456398010254
385,P71640_MYCTU,P71640,Rv2811,setA,,,190.0,10000.0,0.999549472722462,1.1419350326005576e-06,0.1235940829609941,1831.0,3.6142307753272673,0.0237837371322733,99.0,4.0,1.3227812051773071
386,O53652_MYCTU,O53652,Rv0201c,setA,,,142.0,10000.0,0.9996267385527056,3.290602683739876e-08,0.0895503013736447,2113.0,3.815183447834736,0.119631573550416,62.0,4.0,1.3379764556884766
387,I6YEJ7_MYCTU,I6YEJ7,Rv2856,setA,,,277.0,10000.0,0.9814584034685108,9.196649848160732e-17,1.713966752171753e-06,9129.0,4.049592684127165,0.0001611289331164,114.0,3.0,1.336683750152588
388,O69663_MYCTU,O69663,Rv3695,setA,,,225.0,10000.0,0.6211358833152085,1.0857874466453702e-25,5.042592387749476e-13,9918.0,5.122420048710812,5.608663405157685e-07,86.0,6.0,6.435932636260986
389,O53930_MYCTU,O53930,Rv1779c,setA,,,350.0,10000.0,0.9998364792656488,9.490992810092759e-12,0.1528671075581177,1616.0,2.6883188414716908,0.9427066402743708,199.0,4.0,1.339840054512024
391,I6Y748_MYCTU,I6Y748,Rv0204c,setA,,,283.0,10000.0,0.9834240436744484,1.0002952061067532e-16,2.9190965757458152e-05,8463.0,3.61269209766358,4.3402356981483696e-05,72.0,3.0,3.35882830619812
392,I6XEH5_MYCTU,I6XEH5,Rv2515c,setA,,,351.0,10000.0,0.9954087136333712,1.7772674568279407e-11,0.0102511863598231,4753.0,4.459036364697073,0.0004829167692501,133.0,5.0,17.20194435119629
393,O05899_MYCTU,O05899,Rv3256c,setA,,,326.0,10000.0,0.9996709294668028,4.6979889385807075e-21,0.0299319465131788,3949.0,5.575229724801424,0.7680272518273488,167.0,6.0,6.769790172576904
394,O33285_MYCTU,O33285,Rv2742c,setA,,,71.0,10000.0,0.9999019792925924,7.16158684341718e-07,0.4847374969193125,114.0,2.375818185602038,0.8838561307166395,33.0,4.0,1.3470513820648191
395,I6X552_MYCTU,I6X552,Rv2698,setA,,,145.0,10000.0,0.9961310638258558,2.832302041957339e-12,0.1660331917679292,895.0,3.3838450568549785,0.5100892150184985,50.0,3.0,1.332841873168945
396,P71982_MYCTU,P71982,Rv1724c,setA,,,99.0,10000.0,0.9996581360296252,3.559615676850103e-09,0.0093556273975477,5104.0,2.5942025122925485,0.107983109662324,50.0,3.0,1.3367758989334106
397,Q79FZ9_MYCTU,Q79FZ9,Rv0169,setA,,,270.0,10000.0,0.9788749278409636,1.3596425773589336e-10,0.0020882721501441,6562.0,5.0767205156501625,0.0020882721501441,109.0,6.0,1.3371378183364868
398,I6XWF9_MYCTU,I6XWF9,Rv0863,setA,,,38.0,10000.0,0.999869343192135,1.1091207263256263e-05,0.5452867518859059,136.0,1.6572486051916633,0.0446041321993641,15.0,3.0,24.39313507080078
400,O53931_MYCTU,O53931,Rv1780,setA,,,179.0,10000.0,0.999235472226732,1.0329183946101848e-08,0.2141544531030539,1331.0,4.2646308894542,0.4730851064541115,61.0,4.0,6.508409023284912
401,P71754_MYCTU,P71754,Rv2390c,setA,,,154.0,10000.0,0.9998308584878958,7.943866370296667e-19,0.1141510214283221,2152.0,3.4451273794869848,9.527098840563104e-05,61.0,5.0,6.8335981369018555
403,O06295_MYCTU,O06295,Rv0344c,setA,,,119.0,10000.0,0.9983161533349636,5.715788543424853e-08,0.2329310539455068,728.0,3.359635695396759,0.4781992179885487,29.0,2.0,16.139915466308594
404,O05304_MYCTU,O05304,Rv1203c,setA,,,189.0,10000.0,0.9999834529744304,2.893449048998376e-12,0.2409230339174917,1140.0,3.141565928642798,0.094922114740692,107.0,6.0,3.216567277908325
406,O06577_MYCTU,O06577,Rv1125,setA,,,412.0,10000.0,0.9949498696285414,3.2252530285757956e-10,0.0860569623680214,2092.0,4.8998441594944815,0.1209146606413926,192.0,4.0,1.3283209800720217
407,P71799_MYCTU,P71799,Rv1371,setA,,,438.0,10000.0,0.1428282104750592,3.1817887331048396e-18,8.477530916987117e-08,9968.0,4.476716745538812,1.2781601251192208e-10,164.0,4.0,3.1382038593292236
408,O53462_MYCTU,O53462,Rv2016,setA,,,145.0,10000.0,0.9961310638258558,1.96550352667423e-07,0.0374872327526567,3368.0,2.968117802102545,0.5100892150184985,62.0,3.0,3.3891334533691406
409,O53731_MYCTU,O53731,Rv0446c,setA,,,252.0,10000.0,0.9996012542486314,5.385675111248649e-16,0.0264610135690836,4076.0,3.429303770691563,0.2034168980828702,121.0,4.0,3.343529462814331
410,O53246_MYCTU,O53246,Rv2999,setA,,,283.0,10000.0,0.9988561390251552,6.522077667634943e-09,0.102421220421961,2022.0,3.46143084457929,0.3600081271793077,139.0,3.0,1.3313887119293213
411,P71644_MYCTU,P71644,Rv2807,setA,,,321.0,10000.0,0.999619442123392,6.844371107502451e-16,0.0015032610786416,6202.0,3.704217043786502,0.0280303767988668,146.0,4.0,4.728310585021973
412,P71833_MYCTU,P71833,Rv0779c,setA,,,178.0,10000.0,0.9991978908926896,2.571588378924404e-12,0.0596175768337975,2612.0,4.320857376681726,1.803102014523165e-08,96.0,7.0,3.2909092903137207
413,O07719_MYCTU,O07719,Rv1914c,setA,,,124.0,10000.0,0.9999688862540644,2.8356914046585956e-05,0.3254292034384443,440.0,3.902022158177674,0.3254292034384443,52.0,3.0,12.257966995239258
414,P96391_MYCTU,P96391,Rv0209,setA,,,342.0,10000.0,0.9999858661251032,4.891703391899494e-21,0.0680416591225101,2937.0,2.714960845082633,0.2371267680203702,175.0,4.0,1.3264793157577517
415,O53970_MYCTU,O53970,Rv1969,setA,,,359.0,10000.0,0.9960578393400812,2.5760557661890003e-10,0.2250882070299623,751.0,5.236582220879762,0.079874477725342,169.0,6.0,2.949674129486084
416,I6YCQ7_MYCTU,I6YCQ7,Rv3675,setA,,,56.0,10000.0,0.9990634583594054,2.898170727241393e-06,0.3360973414212391,299.0,2.2673575108822366,0.1533056492248718,23.0,2.0,7.864377498626709
417,P94979_MYCTU,P94979,Rv1645c,setA,,,297.0,10000.0,0.9992367091449388,6.6886076110845336e-12,0.0253786422603024,4068.0,2.910547009514879,0.2436709643034454,117.0,4.0,6.7132391929626465
418,O53495_MYCTU,O53495,Rv2053c,setA,,,30.0,10000.0,0.9999999909208508,0.0002933405491362,0.5940706297759378,86.0,3.196431745241457,0.0708879878711443,20.0,4.0,3.48953914642334
419,O06394_MYCTU,O06394,Rv0528,setA,,,506.0,10000.0,0.99037472715053,6.582490311303243e-24,4.677551031371206e-09,9546.0,4.86474764425281,0.3772040670587796,162.0,4.0,1.3333441019058228
420,O53523_MYCTU,O53523,Rv2189c,setA,,,233.0,10000.0,0.9991985404089968,2.052589033157548e-09,0.1688757120038934,1231.0,2.313604932722204,0.0875123472825077,104.0,3.0,4.742412090301514
421,P95238_MYCTU,P95238,Rv2342,setA,,,35.0,10000.0,0.9999999996937258,3.4452298564531986e-06,0.4916447570693277,155.0,3.93736342126824,0.9793840108821033,7.0,2.0,3.4011731147766113
422,O33319_MYCTU,O33319,Rv2777c,setA,,,280.0,10000.0,0.9987527533596648,8.646709277099359e-12,0.0321219499952994,3636.0,3.978714940888443,0.178890204258712,136.0,4.0,3.732250452041626
424,I6XG31_MYCTU,I6XG31,Rv3064c,setA,,,139.0,10000.0,0.9995453031494794,2.0705924086797178e-12,0.0613645694256078,2725.0,2.8039999252280148,0.0004630801689941,65.0,3.0,2.9873435497283936
425,I6Y1K7_MYCTU,I6Y1K7,Rv2735c,setA,,,286.0,10000.0,0.999886451583921,1.521701489219342e-11,0.1563606945986452,1701.0,3.668783467027186,0.2666014460135903,128.0,3.0,3.098867893218994
426,I6YEY1_MYCTU,I6YEY1,Rv3008,setA,,,67.0,10000.0,0.9999999587488584,0.0048802247804596,0.3290594368174074,38.0,2.973637182650532,0.3290594368174074,32.0,3.0,1.333215355873108
427,P71916_MYCTU,P71916,Rv2433c,setA,,,77.0,10000.0,0.999960530775474,3.957990834770964e-07,0.3085806609915825,713.0,2.717558853988079,0.4139702780715675,41.0,4.0,1.3298567533493042
428,O06404_MYCTU,O06404,Rv0538,setA,,,211.0,10000.0,0.9998365811059609,2.7570476517420277e-11,0.1630832274549236,1445.0,2.402578044235291,0.5010290835641362,103.0,4.0,12.79980754852295
429,O53429_MYCTU,O53429,Rv1081c,setA,,,140.0,10000.0,0.9358461515169332,9.995470964514665e-13,0.0001044868560474,7891.0,3.2167093224904955,0.0008002443406894,44.0,3.0,1.345649003982544
430,O33237_MYCTU,O33237,Rv2732c,setA,,,54.0,10000.0,0.9999984404687656,5.559303937210476e-07,0.4447065193273601,336.0,2.7391998524734222,0.897060064079704,33.0,3.0,1.33910071849823
431,O53351_MYCTU,O53351,Rv3258c,setA,,,91.0,10000.0,0.9992683499133268,1.9880067755144397e-11,0.0019793035333991,6090.0,2.779262465843088,0.0095750323738135,13.0,2.0,6.263641834259033
432,O53837_MYCTU,O53837,Rv0826,setA,,,304.0,10000.0,0.9993767463320896,1.1614186946443895e-09,0.1517346113413311,1049.0,3.079220682488569,0.0102900159174909,118.0,2.0,1.3495107889175415
433,O06308_MYCTU,O06308,Rv0358,setA,,,202.0,10000.0,0.7183470720888546,1.100809922933884e-31,3.089052120398807e-10,9773.0,8.021500015130119,6.109963385200582e-10,100.0,41.0,1.3343814611434937
434,O33224_MYCTU,O33224,Rv1228,setA,,,79.0,10000.0,0.9999708747063956,5.997310244752248e-07,0.3233499949874755,566.0,3.4667232151979306,0.5542881699689268,50.0,5.0,13.175137519836426
436,O53846_MYCTU,O53846,Rv0835,setA,,,173.0,10000.0,0.9999519893315266,8.720438446883327e-06,0.0939566312848364,1011.0,4.752430361090264,0.2481939153648079,168.0,5.0,8.775514602661133
438,P95021_MYCTU,P95021,Rv2532c,setA,,,87.0,10000.0,0.9989311440437576,5.753860526220303e-06,0.1508659282874967,996.0,2.8837791206760297,0.1508659282874967,43.0,3.0,12.20085334777832
439,P95253_MYCTU,P95253,Rv1961,setA,,,57.0,10000.0,0.9991935374745596,0.0001554622170037,0.3466139153420717,67.0,3.348888059966668,0.9141116615608856,27.0,3.0,1.3287614583969116
440,O33362_MYCTU,O33362,Rv0517,setA,,,364.0,10000.0,0.9999937907003432,2.9878165203234133e-12,0.0567993357059322,3180.0,6.336504617845759,0.0003545775235298,171.0,9.0,1.3358018398284912
441,O06407_MYCTU,O06407,Rv0541c,setA,,,447.0,10000.0,0.9992733621867868,2.6778667344039805e-15,0.0074085172208929,5305.0,5.892598344203595,0.0017765589397087,178.0,11.0,1.3397140502929688
442,I6YE67_MYCTU,I6YE67,Rv2707,setA,,,264.0,10000.0,0.1545578602472862,2.3293181678463866e-30,1.4112696885743242e-16,9985.0,5.091385470800452,1.1305207751547472e-18,70.0,3.0,2.8247437477111816
443,O07419_MYCTU,O07419,Rv0175,setA,,,153.0,10000.0,0.9973527572092544,5.4077728442901355e-12,0.240722427274605,1208.0,3.3753331713104875,0.5450862379779329,92.0,3.0,1.3390735387802124
444,O07423_MYCTU,O07423,Rv0179c,setA,,,323.0,10000.0,0.9226232141496666,3.1662346805353647e-19,4.790736301117123e-08,9649.0,4.366713402273132,1.0317691265105339e-10,139.0,3.0,1.336884379386902
445,I6YC44_MYCTU,I6YC44,Rv3434c,setA,,,164.0,10000.0,0.99991274991877,3.5487683278392306e-11,0.1746271879894634,1012.0,3.710604701387661,0.8559164423994364,82.0,4.0,2.6549932956695557
446,O33184_MYCTU,O33184,Rv1682,setA,,,239.0,10000.0,0.9999580443846342,4.40491406189517e-11,0.0591910658478345,2884.0,2.1086323500741573,0.1182257840337732,107.0,3.0,3.113111972808838
447,O06816_MYCTU,O06816,Rv1443c,setA,,,156.0,10000.0,0.9999985942153768,2.1950330949526035e-06,0.3857396986535698,488.0,3.513749491125337,0.83447558765238,80.0,4.0,4.151645183563232
448,O53969_MYCTU,O53969,Rv1968,setA,,,288.0,10000.0,0.9998945640423376,9.917529278929078e-12,0.0076681416188863,5048.0,4.62705919505596,0.3177810328345307,177.0,7.0,10.043023109436035
449,P96937_MYCTU,P96937,Rv0648,setA,,,1199.0,10000.0,0.9877033754620812,2.287182090728444e-40,1.1096256525021952e-11,9859.0,4.4628763695932605,2.059334039590539e-13,535.0,4.0,1.3238356113433838
450,I6X562_MYCTU,I6X562,Rv2708c,setA,,,32.0,10000.0,0.9993259137184928,0.003930635540499,0.1600694530022128,64.0,2.493236353379117,0.1600694530022128,16.0,2.0,4.476604461669922
451,O69720_MYCTU,O69720,Rv3753c,setA,,,160.0,10000.0,0.9981028241446328,9.74788684660668e-14,0.002153825993507,6318.0,2.451698678481081,1.3789624717641984e-07,62.0,3.0,3.691070795059204
452,P96214_MYCTU,P96214,Rv3863,setA,,,244.0,10000.0,0.965811813008702,7.767690438007336e-16,2.995975827623036e-06,9073.0,4.1262119531161,5.0741578405775306e-08,70.0,3.0,10.891949653625488
454,O33255_MYCTU,O33255,Rv2120c,setA,,,148.0,10000.0,0.9966436606912512,1.9262719417969422e-06,0.0291382795023657,3359.0,4.187158988245262,0.0759124336198532,67.0,2.0,1.3382949829101562
455,O53978_MYCTU,O53978,Rv1977,setA,,,276.0,10000.0,0.9998355701368336,1.2910047919495136e-09,0.076666476506202,2779.0,2.987666352016778,0.530862900636545,128.0,3.0,9.570276260375977
456,L7N698_MYCTU,L7N698,Rv1966,setA,,,365.0,10000.0,0.9998945072451256,3.7735729342630044e-10,0.2709957773701827,966.0,3.231074489608317,0.7672377305629418,148.0,4.0,3.818140745162964
457,O53962_MYCTU,O53962,Rv1920,setA,,,265.0,10000.0,0.9999882032595028,1.6067790304086035e-15,0.0113336755840351,4886.0,4.297756708270092,0.0004661500141913,142.0,5.0,1.332675576210022
458,O53702_MYCTU,O53702,Rv0367c,setA,,,123.0,10000.0,0.99870276993465,7.49929660250589e-10,0.1437012669253536,1205.0,2.6369311806574287,0.1062793092124499,60.0,4.0,5.978767395019531
459,P95267_MYCTU,P95267,Rv1947,setA,,,124.0,10000.0,0.9987847677416783,5.520380921043014e-08,0.3254292034384443,363.0,4.393701519993963,0.0401602990367762,58.0,5.0,7.755178451538086
460,O53400_MYCTU,O53400,Rv1052,setA,,,83.0,10000.0,0.5862805475240271,5.353834476448793e-07,0.0002757102962771,9518.0,4.315933665900679,0.0032641761657711,30.0,4.0,1.344946265220642
461,O53971_MYCTU,O53971,Rv1970,setA,,,318.0,10000.0,0.999584783502579,1.900260976418952e-15,0.0650773853547194,2917.0,3.857358655811789,0.1180101363235577,133.0,3.0,1.338020086288452
462,O53682_MYCTU,O53682,Rv0276,setA,,,279.0,10000.0,0.9998528467775112,4.1722578055187356e-12,0.0794081190562083,2705.0,3.2742972407211126,0.0794081190562083,132.0,4.0,1.3411340713500977
463,I6YB54_MYCTU,I6YB54,Rv3096,setA,,,349.0,10000.0,0.9420621768359396,5.318882610013972e-19,2.1979932230510527e-05,8611.0,2.632426038943644,3.0091165692335116e-08,133.0,4.0,1.336126446723938
464,I6WZ58_MYCTU,I6WZ58,Rv0713,setA,,,263.0,10000.0,0.9997341777510232,1.4369410314010431e-22,0.0188815139190413,4483.0,5.364352159435582,0.0652285807844058,123.0,11.0,2.823312759399414
465,P95161_MYCTU,P95161,Rv1853,setA,,,207.0,10000.0,0.9998016778835822,6.863192257787921e-15,0.0762828957941755,2666.0,7.697071723535574,0.025747089032721,101.0,17.0,1.3342499732971191
466,I6YA17_MYCTU,I6YA17,Rv2699c,setA,,,70.0,10000.0,0.9998859703191284,2.1666731009497725e-05,0.179361108511576,503.0,2.8254579141762144,0.6128393375484678,23.0,2.0,1.3351913690567017
467,I6YEF3_MYCTU,I6YEF3,Rv2809,setA,,,84.0,10000.0,0.9999863946735704,2.645424094245285e-07,0.1943904743668632,1196.0,2.1394642929072822,0.5939882493667966,43.0,3.0,6.838305473327637
468,I6YA42_MYCTU,I6YA42,Rv2734,setA,,,236.0,10000.0,0.9842639206491072,7.56736606821331e-18,0.0001097922880745,8126.0,3.994730172757439,7.93841231072352e-10,66.0,3.0,9.98090362548828
469,O53385_MYCTU,O53385,Rv3335c,setA,,,221.0,10000.0,0.9932524041012112,4.5970947869327326e-08,0.0738079904912516,2060.0,3.5131321268371183,0.0077461088262101,74.0,4.0,1.332566499710083
470,P96923_MYCTU,P96923,Rv0633c,setA,,,197.0,10000.0,0.9970204153581452,2.4281879190202703e-19,0.0012760045882838,6606.0,3.242744402128467,0.0005731207049835,108.0,5.0,1.3380063772201538
471,O06583_MYCTU,O06583,Rv1132,setA,,,567.0,10000.0,0.988906395169624,1.1211397588157845e-12,0.0042882785262205,5963.0,4.323883550606748,0.0343338641269662,304.0,5.0,6.3460774421691895
472,O53336_MYCTU,O53336,Rv3190c,setA,,,344.0,10000.0,0.994754737980478,8.015546518762841e-15,0.0004071636514703,7262.0,5.742175376905296,1.8125274681989936e-06,157.0,7.0,1.3291497230529783
473,L7N692_MYCTU,L7N692,Rv1489,setA,,,116.0,10000.0,0.9999998993063284,0.0004732258621658,0.2875518401111476,230.0,2.273898736097764,0.0306112765545844,54.0,3.0,2.921183824539185
474,O33222_MYCTU,O33222,Rv1226c,setA,,,400.0,10000.0,0.998201692728922,2.2410038192054788e-17,0.000774899337329,6691.0,3.903396419638887,9.074891594369709e-08,172.0,4.0,3.7902421951293945
475,O50451_MYCTU,O50451,Rv1234,setA,,,138.0,10000.0,0.9999919478157636,1.5147963102972096e-10,0.4779129515663142,336.0,3.3788484876706697,0.3125384742122983,48.0,4.0,5.931647300720215
476,O50430_MYCTU,O50430,Rv1174c,setA,,,79.0,10000.0,0.9999708747063956,3.973124118651732e-05,0.3233499949874755,157.0,3.018159180729016,0.0512900785849273,66.0,4.0,1.3293684720993042
479,O05444_MYCTU,O05444,Rv3901c,setA,,,51.0,10000.0,0.9999964069965968,4.7712130519607925e-05,0.2827032230516193,578.0,4.245899378681215,0.7280106739553731,40.0,8.0,5.185418128967285
480,P72040_MYCTU,P72040,Rv3773c,setA,,,186.0,10000.0,0.9994538312198002,1.4667927170092386e-06,0.186887223480902,847.0,3.163686282412732,0.052688509368145,101.0,4.0,3.0636885166168213
481,I6X961_MYCTU,I6X961,Rv0461,setA,,,57.0,10000.0,0.9999993241263636,5.596439824394176e-17,0.0003553422102941,6454.0,3.937981723677519,0.0001554622170037,135.0,103.0,3.4318902492523193
482,P71708_MYCTU,P71708,Rv0051,setA,,,516.0,10000.0,0.9914321257355856,2.6139228953376184e-22,2.6708742467475195e-05,7950.0,4.089139880459267,1.7198581024871567e-10,282.0,6.0,5.653648376464844
483,I6WYT7_MYCTU,I6WYT7,Rv0592,setA,,,410.0,10000.0,0.9999718107764916,2.060071514200357e-16,0.1192704004218219,2037.0,3.627147557931523,0.2225490633876369,193.0,5.0,8.807605743408203
484,O06320_MYCTU,O06320,Rv3453,setA,,,77.0,10000.0,0.999960530775474,2.440761014775428e-06,0.4139702780715675,199.0,3.4175629100503016,0.672329392605238,41.0,3.0,3.741955280303955
485,O06198_MYCTU,O06198,Rv2616,setA,,,149.0,10000.0,0.9997646809801688,2.262799133164228e-05,0.3576830886592554,237.0,3.311207732653445,0.227473557476141,69.0,4.0,3.3743231296539307
486,O06410_MYCTU,O06410,Rv0544c,setA,,,79.0,10000.0,0.9977262899591725,1.2052937632625812e-08,0.0006732737477045,7567.0,3.371513271236404,0.0023415936306604,58.0,4.0,1.3384411334991455
487,P96389_MYCTU,P96389,Rv0207c,setA,,,195.0,10000.0,0.9996459380034004,5.840503043737922e-14,0.0810566527016719,2674.0,2.8760116792272017,0.4499735412708263,110.0,4.0,9.615598678588867
488,I6Y481_MYCTU,I6Y481,Rv0610c,setA,,,370.0,10000.0,0.99015058941969,2.365558971654476e-11,0.072935883960799,2718.0,3.1543330093729254,0.1756398253448737,197.0,5.0,3.068012237548828
489,I6XF60_MYCTU,I6XF60,Rv2731,setA,,,390.0,10000.0,0.9634879051357188,1.0568067332967614e-16,1.355632516790295e-05,8781.0,4.176417325438193,1.014265527614776e-06,146.0,4.0,3.146651268005371
490,P96229_MYCTU,P96229,Rv3848,setA,,,199.0,10000.0,0.9997080805809312,3.245017206332726e-09,0.2677890957588223,595.0,3.396784935216732,0.0511888963746706,142.0,5.0,3.5681028366088867
491,O07417_MYCTU,O07417,Rv0173,setA,,,342.0,10000.0,0.9661922847636618,8.949527315926179e-12,0.0069081376852112,5284.0,5.07593078177018,0.029257960860971,164.0,4.0,3.394439697265625
492,I6XF52_MYCTU,I6XF52,Rv2721c,setA,,,438.0,10000.0,0.9991352703513948,1.1179864009129954e-13,0.0240086132954042,4102.0,4.818103093992121,0.2227731402155492,171.0,4.0,3.4072964191436768
493,I6X7P2_MYCTU,I6X7P2,Rv3572,setA,,,152.0,10000.0,0.99999792682083,1.3556204134098758e-08,0.237407155539672,493.0,4.189083124181428,0.1440340045079191,78.0,4.0,11.139063835144045
494,O86337_MYCTU,O86337,Rv1275,setA,,,155.0,10000.0,0.9975928710982658,3.2682972159543928e-12,0.0086777844956311,5035.0,2.370800823459945,0.1949398510855101,47.0,3.0,3.4556424617767334
495,P71965_MYCTU,P71965,Rv2668,setA,,,150.0,10000.0,0.9997797100657202,4.1523926397397535e-11,0.0586819860336791,3190.0,3.018996931881445,7.768915044654473e-06,57.0,4.0,3.3888394832611084
496,O07415_MYCTU,O07415,Rv0171,setA,,,361.0,10000.0,0.996205388764698,1.7566426021781394e-10,0.0671478361384483,2551.0,4.018651682924725,0.0014649585637072,190.0,4.0,7.049043655395508
497,P96235_MYCTU,P96235,Rv3843c,setA,,,250.0,10000.0,0.9995707880859014,1.8355059736733052e-14,0.014800376509095,4595.0,3.007013483910125,1.6055947543983392e-05,146.0,4.0,3.377040147781372
498,O53650_MYCTU,O53650,Rv0199,setA,,,157.0,10000.0,0.9998612938851446,2.8955853842032898e-15,0.0371819410468645,3584.0,2.9857358141805603,0.1205854175604309,54.0,4.0,3.358926773071289
499,I6YCS6_MYCTU,I6YCS6,Rv3698,setA,,,487.0,10000.0,0.9984868461155896,3.60736430785802e-13,0.0015571509157932,6848.0,3.101055859911792,0.1862154539047834,235.0,4.0,3.59940505027771
500,O69625_MYCTU,O69625,Rv3657c,setA,,,151.0,10000.0,0.5365167505574904,2.1165766024033385e-11,1.3754514676632954e-06,9831.0,3.320706425884292,9.96233143596486e-08,52.0,3.0,3.221273899078369
501,P96837_MYCTU,P96837,Rv3555c,setA,,,281.0,10000.0,0.9827927102572244,1.4160497244582785e-12,0.0001845016670426,8052.0,5.054664251275108,5.060189137857148e-06,144.0,5.0,2.915268659591675
502,P71738_MYCTU,P71738,Rv2405,setA,,,135.0,10000.0,0.9994086524835366,1.1794037810883085e-07,0.0761802641136907,2283.0,2.8124621549359854,0.0278682316465615,60.0,3.0,12.331066131591797
503,P71796_MYCTU,P71796,Rv1517,setA,,,139.0,10000.0,0.9995453031494794,5.286905133205319e-06,0.3166862319021122,189.0,2.8452069686659973,0.4825967292419251,64.0,3.0,3.2603983879089355
505,O05445_MYCTU,O05445,Rv3900c,setA,,,180.0,10000.0,0.9944910230589268,2.8025878869926786e-29,1.5009701229691526e-07,8742.0,7.378922738533366,2.382286911275365e-05,219.0,53.0,4.111873626708984
506,P71733_MYCTU,P71733,Rv2410c,setA,,,289.0,10000.0,0.8876027865495596,2.9640485439421244e-24,9.869998030344353e-09,9616.0,6.074779226171384,7.532304541035212e-08,60.0,4.0,23.487201690673828
507,I6Y1F9_MYCTU,I6Y1F9,Rv2665,setA,,,70.0,10000.0,0.9998859703191284,9.191946488877824e-06,0.4755313938215363,102.0,3.027568522560269,0.9613715612759208,43.0,3.0,11.911210060119627
508,O53480_MYCTU,O53480,Rv2036,setA,,,205.0,10000.0,0.9997815382304596,1.162905084619831e-06,0.1204674318906944,1250.0,3.874068510522152,0.5613232338350178,120.0,4.0,5.566954612731934
509,O53720_MYCTU,O53720,Rv0386,setA,,,1011.0,10000.0,0.9971894798181214,4.447274743296724e-38,0.0056612051178221,5361.0,8.93129941854744,5.471147650859312e-05,479.0,8.0,4.081549644470215
510,O06555_MYCTU,O06555,Rv1157c,setA,,,138.0,10000.0,0.9995144104153996,2.4337046934889984e-13,0.0818123577281385,2566.0,3.517764439551327,0.6757493331122293,34.0,4.0,22.592979431152344
512,P94983_MYCTU,P94983,Rv1648,setA,,,250.0,10000.0,0.9999754559485784,2.49881533548263e-10,0.0691338271879087,2852.0,2.8183216748649342,0.0001913181263226,148.0,3.0,3.083982467651367
513,I6YG27_MYCTU,I6YG27,Rv3415c,setA,,,268.0,10000.0,0.999778987725915,2.134719975985307e-14,0.0010235754038517,6873.0,3.550135288783588,0.9924115024454396,140.0,5.0,3.6551647186279297
514,O05439_MYCTU,O05439,Rv3906c,setA,,,157.0,10000.0,0.9998612938851446,9.956028393029153e-08,0.3168884149067312,627.0,2.101550874846044,0.2539946962685053,143.0,4.0,1.3278496265411377
515,I6Y469_MYCTU,I6Y469,Rv3647c,setA,,,181.0,10000.0,0.9993054672883672,1.666230322329312e-09,0.047633610060505,3007.0,3.0004149440128627,0.0047942403158933,88.0,3.0,5.741785526275635
516,P94973_MYCTU,P94973,Rv1639c,setA,,,441.0,10000.0,0.9968257476474034,1.065826272585484e-22,1.509352645258121e-05,7941.0,3.420655821981806,1.2488303775616016e-08,176.0,4.0,1.3326685428619385
517,I6XFI7_MYCTU,I6XFI7,Rv2867c,setA,,,271.0,10000.0,0.9998021777963804,1.831589345265983e-07,0.1651206341937027,1200.0,3.955334081817597,0.1992701318119487,156.0,6.0,7.000262260437012
518,O06422_MYCTU,O06422,Rv0556,setA,,,149.0,10000.0,0.9497594170277536,3.902808114199813e-08,0.0001147828744067,8825.0,2.9301510422943218,3.9443287642312185e-05,49.0,3.0,6.255991458892822
519,O53421_MYCTU,O53421,Rv1073,setA,,,275.0,10000.0,0.9935370831092856,2.4851969852205204e-14,0.0606596756644688,2564.0,3.882569788069541,0.3996436768728381,184.0,5.0,6.933646202087402
520,O69699_MYCTU,O69699,Rv3732,setA,,,238.0,10000.0,0.6563124777157167,1.7910509012660617e-33,5.6269199365547266e-08,9639.0,4.5384312432234495,9.57305387127596e-10,98.0,4.0,1.3336342573165894
521,O06790_MYCTU,O06790,Rv1754c,setA,,,354.0,10000.0,0.7507131149258902,4.122103437839927e-32,7.385758345689194e-12,9875.0,4.295035949575526,3.490202419265746e-07,100.0,4.0,1.3370215892791748
523,O06128_MYCTU,O06128,Rv1610,setA,,,97.0,10000.0,0.9995863742135664,1.0044367706379696e-14,0.2654793849715836,983.0,2.6377895266885387,0.0010257555701917,37.0,4.0,3.4203567504882812
524,P71804_MYCTU,P71804,Rv1376,setA,,,459.0,10000.0,0.9834134421985063,3.589250439332032e-18,0.0294049609197962,3814.0,3.395219713954401,1.2670873496048791e-05,214.0,4.0,1.328561305999756
525,O53874_MYCTU,O53874,Rv0862c,setA,,,698.0,10000.0,0.9930648049458702,3.6729396613991934e-26,0.0005042729088819,6821.0,3.7004736978398944,0.6285344933119611,268.0,3.0,8.083459854125977
526,O06213_MYCTU,O06213,Rv2164c,setA,,,82.0,10000.0,0.998285879797864,1.0729429348505151e-06,0.0587139553502838,2714.0,5.390517803813136,0.0880667003752628,39.0,4.0,2.919542074203491
527,I6X9Q1_MYCTU,I6X9Q1,Rv0749A,setA,,,31.0,10000.0,0.999115261755522,3.570165497972308e-05,0.0395612261972095,3224.0,2.9582260031483147,0.2560450207654439,18.0,3.0,1.3379080295562744
528,O06241_MYCTU,O06241,Rv2134c,setA,,,168.0,10000.0,0.9987050704174064,1.154772453227549e-08,0.1449706412282334,1770.0,3.071169213066737,0.0044224872667764,70.0,3.0,6.919648170471191
529,O53222_MYCTU,O53222,Rv2517c,setA,,,60.0,10000.0,0.9994855219552188,0.0001123208995942,0.1197631478172673,1225.0,2.6818665451317085,0.51301231282104,23.0,3.0,1.3355634212493896
530,O05294_MYCTU,O05294,Rv1192,setA,,,237.0,10000.0,0.9993079054563366,2.629856107667723e-07,0.1431796163572262,1379.0,3.954631222123783,0.214616696530404,121.0,5.0,1.3371682167053225
531,I6XG38_MYCTU,I6XG38,Rv3074,setA,,,372.0,10000.0,0.9234391550916878,1.5019276894729148e-20,4.480161570856541e-05,8048.0,10.415779538088533,0.0109291785365183,185.0,10.0,3.433717966079712
532,O06570_MYCTU,O06570,Rv1118c,setA,,,181.0,10000.0,0.9993054672883672,4.0129813470388207e-10,0.1750510501755707,1232.0,3.5466429084491007,0.6524936374496817,93.0,4.0,11.867535591125488
533,P71923_MYCTU,P71923,Rv2425c,setA,,,367.0,10000.0,0.9992359665894734,1.114708152834546e-14,0.0316368399359854,3565.0,3.635963290443294,0.0037194297936905,171.0,4.0,13.39952278137207
534,P96805_MYCTU,P96805,Rv0128,setA,,,211.0,10000.0,0.9998365811059609,3.043813615637453e-09,0.0811688172432003,2365.0,4.151750219534826,0.0001979101067564,121.0,5.0,1.3317251205444336
536,O53316_MYCTU,O53316,Rv3166c,setA,,,170.0,10000.0,0.9988232012773136,1.8995214980410288e-14,0.1495206060078959,1600.0,2.900998793008472,0.1160584233488642,60.0,4.0,5.060399532318115
537,I6X7F2_MYCTU,I6X7F2,Rv3483c,setA,,,138.0,10000.0,0.9999919478157636,4.081061299181153e-09,0.2464681589085705,806.0,3.983333635551887,0.3898890388244114,67.0,4.0,1.3310052156448364
538,P96400_MYCTU,P96400,Rv0218,setA,,,413.0,10000.0,0.9985995005211852,9.658401942503343e-29,8.245946312650433e-09,9106.0,9.199388736001554,5.085655644937341e-05,191.0,23.0,1.3377631902694702
539,P96378_MYCTU,P96378,Rv1022,setA,,,218.0,10000.0,0.9986125103000386,3.7765382051275655e-12,0.0018264525924454,6470.0,4.098711762471408,0.6009967938307185,83.0,6.0,3.3898584842681885
540,I6X9F4_MYCTU,I6X9F4,Rv0621,setA,,,242.0,10000.0,0.9994239852610676,5.708267664877778e-16,0.0069132468030357,5330.0,2.9123577185093503,0.0618384705771199,127.0,4.0,3.508875846862793
541,P96882_MYCTU,P96882,Rv3277,setA,,,38.0,10000.0,1.0,1.994188508464902e-07,0.0446041321993641,3649.0,3.184371861938455,0.0049505362451629,2.0,1.0,11.85836410522461
542,O07222_MYCTU,O07222,Rv1810,setA,,,59.0,10000.0,0.9999996132375278,1.572492594320126e-05,0.3674356398752962,262.0,2.244392969127168,0.1141436599629735,20.0,2.0,1.3275079727172852
543,O53572_MYCTU,O53572,Rv3587c,setA,,,190.0,10000.0,0.983834864424606,5.528297132077131e-48,1.9795692899053684e-22,9439.0,9.18050278659206,3.4918587014289656e-39,124.0,57.0,13.24364185333252
544,O86316_MYCTU,O86316,Rv1233c,setA,,,31.0,10000.0,0.9999999953860058,0.0184006087569558,0.4135451001194746,0.0,2.9673017148198046,0.9634297148886908,12.0,2.0,36.2411003112793
545,P96266_MYCTU,P96266,Rv0420c,setA,,,69.0,10000.0,0.9998673601623532,3.076488212604006e-06,0.076546359143525,1850.0,1.7789338711571203,0.7465280660458108,32.0,2.0,5.079932689666748
547,O06393_MYCTU,O06393,Rv0529,setA,,,276.0,10000.0,0.9811092683720596,7.658042684317788e-22,6.438664185932061e-07,9264.0,3.7023754519435097,0.0024266942263052,88.0,3.0,1.3321694135665894
548,I6Y4F1_MYCTU,I6Y4F1,Rv0680c,setA,,,95.0,10000.0,0.999499654473324,1.506139746085907e-07,0.1352806803850636,923.0,2.238627494969347,0.6712813718081443,38.0,3.0,32.41305923461914
549,O50442_MYCTU,O50442,Rv1186c,setA,,,476.0,10000.0,0.9943891083996096,1.80594886517008e-13,0.0034499478418014,5950.0,5.145771580826526,0.0001180797058012,240.0,5.0,9.986980438232422
550,I6YE70_MYCTU,I6YE70,Rv2712c,setA,,,334.0,10000.0,0.9997392809390724,1.4854968872982348e-15,0.1351529707184465,1913.0,3.3539028170116496,0.1612634848795152,186.0,5.0,1.349360704421997
551,Q6MWX4_MYCTU,Q6MWX4,Rv3395A,setA,,,173.0,10000.0,0.9999519893315266,2.5787589530547966e-09,0.0715443520195707,2281.0,3.074130996900936,4.208774243247304e-05,68.0,4.0,1.334271788597107
552,I6YC95_MYCTU,I6YC95,Rv3494c,setA,,,394.0,10000.0,0.9995944976700452,1.0384532606385792e-12,0.1487045585793486,1462.0,5.207830821315914,0.2036289768287916,120.0,3.0,1.333848237991333
553,I6Y0X6_MYCTU,I6Y0X6,Rv2510c,setA,,,439.0,10000.0,0.9967222131269832,3.536160033888706e-31,0.0053093136050898,5450.0,2.5189331547862,8.738581857614664e-07,172.0,3.0,2.9247090816497803
554,P95232_MYCTU,P95232,Rv2336,setA,,,240.0,10000.0,0.9993800771477652,6.855794678415926e-09,0.1196289189281031,2138.0,5.051936031715989,0.0065925020564061,143.0,9.0,4.1014299392700195
555,P96401_MYCTU,P96401,Rv0219,setA,,,162.0,10000.0,0.9999003837021788,1.1235688806523269e-06,0.1315255477173313,777.0,3.2073059775821733,0.9982753898659346,80.0,3.0,2.98079776763916
556,P71839_MYCTU,P71839,Rv0786c,setA,,,128.0,10000.0,0.9990644005122244,4.562443393110333e-08,0.0220211531959804,4029.0,2.883162939526116,0.0149686370698655,44.0,3.0,1.3375250101089478
557,O53716_MYCTU,O53716,Rv0381c,setA,,,274.0,10000.0,0.998517361250482,1.3088945233314409e-12,0.0293348574038572,3809.0,3.745445038122421,0.0475594257558866,87.0,4.0,2.9349184036254883
558,O69714_MYCTU,O69714,Rv3747,setA,,,121.0,10000.0,0.9985219493468624,1.664025055649701e-07,0.036427495142029,3357.0,3.491462527271824,0.4890199474991857,47.0,3.0,3.525942087173462
559,O07033_MYCTU,O07033,Rv3122,setA,,,110.0,10000.0,0.9998805416794077,2.5267925270212784e-05,0.1447180010465165,940.0,3.3831690881425978,0.0025507772359634,53.0,3.0,6.807413578033447
560,O33248_MYCTU,O33248,Rv2113,setA,,,333.0,10000.0,0.9997315773023596,4.054053673534085e-13,0.1600495930583866,1962.0,2.852178878464451,0.1898966428276872,173.0,4.0,3.0126261711120605
561,O69654_MYCTU,O69654,Rv3686c,setA,,,31.0,10000.0,0.9999999953860058,0.000124955792429,0.615053935325554,112.0,2.126428084325352,0.2560450207654439,15.0,2.0,3.0305423736572266
563,P95206_MYCTU,P95206,Rv0398c,setA,,,157.0,10000.0,0.9998612938851446,1.366457493170956e-09,0.0371819410468645,3573.0,3.008908186969846,0.5618638036264637,81.0,3.0,1.341209888458252
564,O06578_MYCTU,O06578,Rv1126c,setA,,,196.0,10000.0,0.961361402823254,1.3823132841447153e-18,1.0375646499745944e-07,9763.0,4.124775590535537,0.0012285271829221,77.0,5.0,8.792549133300781
565,O53477_MYCTU,O53477,Rv2033c,setA,,,248.0,10000.0,0.999538008911351,4.192018801111101e-12,0.0058543449446591,5498.0,2.806463930716303,0.0188097052597517,120.0,4.0,1.3369789123535156
567,O53417_MYCTU,O53417,Rv1069c,setA,,,516.0,10000.0,0.9998097524081349,2.6113033546411985e-27,0.0276082822688717,4084.0,4.435908472399939,4.794041280399552e-05,212.0,4.0,3.4257569313049316
568,P96247_MYCTU,P96247,Rv3831,setA,,,156.0,10000.0,0.997704704732787,1.6358963604990964e-12,0.0089884044307724,5059.0,3.164632383696383,6.476238917080882e-05,105.0,5.0,3.318880558013916
569,O06171_MYCTU,O06171,Rv2508c,setA,,,407.0,10000.0,0.9984281004885232,7.42814269501027e-12,0.032096890995787,3701.0,2.490031667665228,0.0054444644081297,166.0,4.0,3.355800151824951
570,O07745_MYCTU,O07745,Rv1887,setA,,,233.0,10000.0,0.9952020772250044,1.5462984361205325e-15,0.0014395248577718,6201.0,3.9546097473316353,5.700276957776583e-07,97.0,4.0,4.606284141540527
571,Q79FY7_MYCTU,Q79FY7,Rv0589,setA,,,354.0,10000.0,0.99896445666542,2.402331558529069e-12,0.0513531477081719,2741.0,3.5618830848285854,0.1324624860427726,206.0,4.0,3.3899550437927246
572,I6X5B0_MYCTU,I6X5B0,Rv2762c,setA,,,58.0,10000.0,0.9999994886869013,0.0004150594428574,0.6437606614697101,52.0,2.956533588498252,0.796779568533973,24.0,2.0,2.9484736919403076
573,O53517_MYCTU,O53517,Rv2183c,setA,,,71.0,10000.0,0.9999019792925924,2.5657033361258643e-05,0.3636699258336113,56.0,4.146232736028419,0.6218506376167854,28.0,3.0,3.339350938796997
575,O53151_MYCTU,O53151,Rv1460,setA,,,207.0,10000.0,0.9979280786710258,6.863192257787921e-15,0.001254852324255,6442.0,3.618019831923155,0.0005747377695876,33.0,2.0,2.8021328449249268
576,O06242_MYCTU,O06242,Rv2133c,setA,,,261.0,10000.0,0.9978454714475502,8.686027510888134e-15,0.0005867699602002,7095.0,2.6816920703331544,0.0001949076202318,121.0,3.0,1.3351181745529177
578,P71729_MYCTU,P71729,Rv2414c,setA,,,488.0,10000.0,0.9985111003377948,6.247382088824758e-15,0.0025465955375658,6044.0,5.461982157633499,1.6831389691977384e-08,213.0,5.0,10.543042182922363
579,I6WYU2_MYCTU,I6WYU2,Rv0597c,setA,,,403.0,10000.0,0.9999653721456532,1.0657150955030763e-16,0.0082801460146618,5074.0,2.802248591968006,0.1341168368842454,177.0,3.0,1.332637071609497
580,I6X579_MYCTU,I6X579,Rv2728c,setA,,,227.0,10000.0,0.994309153489661,2.5547111808387e-16,0.0001131264272669,8089.0,4.405905146977345,2.1752868454826824e-09,65.0,3.0,1.330355525016785
582,P71806_MYCTU,P71806,Rv1378c,setA,,,393.0,10000.0,0.999953554506426,2.8489366346563444e-12,0.0416471027563344,3586.0,5.966057986760916,0.0613563209439797,189.0,7.0,1.3354363441467283
583,P95184_MYCTU,P95184,Rv3142c,setA,,,124.0,10000.0,0.9987847677416783,1.522871309909246e-05,0.3254292034384443,335.0,2.3837228682530105,0.6090000088775671,50.0,3.0,3.7979464530944824
584,O53531_MYCTU,O53531,Rv2257c,setA,,,271.0,10000.0,0.9792645274391863,1.3093356965046992e-19,4.8636209545321e-07,9344.0,4.998571498163932,1.831589345265983e-07,104.0,5.0,2.9021124839782715
585,O53973_MYCTU,O53973,Rv1972,setA,,,152.0,10000.0,0.999806962729448,1.3507637307658742e-19,0.0052625646885156,5395.0,6.36385043393723,0.01636752216112,77.0,11.0,11.086037635803224
586,O06230_MYCTU,O06230,Rv2146c,setA,,,95.0,10000.0,0.999499654473324,1.8165224897854344e-06,0.4365113778573556,113.0,3.435251929677276,0.5497554710458715,30.0,2.0,8.955121994018555
587,O69681_MYCTU,O69681,Rv3714c,setA,,,274.0,10000.0,0.9933870022945508,5.832023406441151e-16,0.002309900187401,6518.0,7.609815833546558,0.0175660413821356,183.0,20.0,1.3235503435134888
588,Q79G05_MYCTU,Q79G05,Rv0152c,setA,,,341.0,10000.0,0.998597407285577,4.530238505556489e-13,0.0288967545176816,3804.0,3.779958180501417,0.601296735120729,205.0,6.0,1.3477169275283811
589,Q6MX36_MYCTU,Q6MX36,Rv0492A,setA,,,104.0,10000.0,0.9955455080012104,9.973114183057752e-09,0.124317503554991,1692.0,1.9200705628487775,0.6081884287004772,41.0,3.0,1.3558871746063232
590,O53298_MYCTU,O53298,Rv3081,setA,,,291.0,10000.0,0.9955276526013236,3.577709883282214e-85,7.925136439396363e-06,7749.0,8.59240461352647,1.48259477215945e-17,202.0,80.0,1.3348898887634275
592,Q50732_MYCTU,Q50732,Rv2566,setA,,,1056.0,10000.0,0.9289087082294836,9.738925733753404e-26,1.4757323127492686e-06,8988.0,5.948575324376219,0.0168759445272623,454.0,6.0,7.200637340545654
593,P95285_MYCTU,P95285,Rv1929c,setA,,,199.0,10000.0,0.9997080805809312,7.431731632851888e-08,0.1106675080819647,1057.0,6.269080548029028,0.2181191079906527,105.0,7.0,3.1118040084838867
594,Q6MWZ8_MYCTU,Q6MWZ8,Rv3208A,setA,,,67.0,10000.0,0.9999999587488584,9.655165476330417e-08,0.3290594368174074,717.0,2.413315401386342,0.233886524255986,22.0,3.0,1.3351083993911743
595,I6XW93_MYCTU,I6XW93,Rv0762c,setA,,,180.0,10000.0,0.9999698594173004,2.765566998226628e-07,0.3298096821606242,462.0,3.148652194664616,0.172699110200031,74.0,3.0,4.352405071258545
596,P71749_MYCTU,P71749,Rv2395,setA,,,605.0,10000.0,0.9997779983611592,7.967895493364533e-25,0.0271176301900264,4136.0,2.9407002906181807,0.0011876695970122,255.0,4.0,3.3485217094421387
597,O53514_MYCTU,O53514,Rv2180c,setA,,,231.0,10000.0,0.9991375857583265,1.8508053877332133e-08,0.1653019160575131,1329.0,3.0639473495473446,0.4159911881930406,99.0,3.0,1.3392925262451172
599,O53463_MYCTU,O53463,Rv2017,setA,,,318.0,10000.0,0.9976052354612948,9.613613450441033e-16,0.0002837343851515,7714.0,3.1191934510242336,0.0423922090917984,119.0,3.0,11.280924797058104
600,O69696_MYCTU,O69696,Rv3729,setA,,,668.0,10000.0,0.9985673409135328,2.754086122339157e-31,0.0154076184556308,4572.0,3.698593704151639,0.0052326146078683,353.0,6.0,6.615944862365723
601,O53315_MYCTU,O53315,Rv3165c,setA,,,115.0,10000.0,0.9978155423817838,6.828257906188989e-08,0.0615703173092203,2631.0,2.932570122299259,0.0615703173092203,47.0,4.0,5.0974016189575195
602,I6X9E2_MYCTU,I6X9E2,Rv0604,setA,,,274.0,10000.0,0.9933870022945508,3.152478941706114e-11,0.0928825124716707,1756.0,3.1556860431148226,0.003156199819415,156.0,5.0,1.3317508697509766
603,O53322_MYCTU,O53322,Rv3172c,setA,,,63.0,10000.0,0.9999998735626946,1.4224365504076447e-05,0.2938148385673388,316.0,2.3739331614449224,0.6942522541200962,38.0,3.0,3.2613606452941895
604,I6YGA5_MYCTU,I6YGA5,Rv3492c,setA,,,159.0,10000.0,0.9980102281391852,1.5628491874519393e-11,0.01429622469959,4624.0,4.538722306333758,0.01429622469959,43.0,4.0,3.084862232208252
605,O07787_MYCTU,O07787,Rv0591,setA,,,337.0,10000.0,0.9940088500324602,5.791946769113428e-13,0.0105979956265353,4681.0,9.858695036175815,0.2297776041491015,224.0,23.0,2.891122579574585
606,I6Y1W7_MYCTU,I6Y1W7,Rv2862c,setA,,,168.0,10000.0,0.9987050704174064,6.540409466570937e-10,0.1449706412282334,775.0,3.37276982101479,0.3568318083437661,54.0,3.0,3.3846211433410645
607,P95011_MYCTU,P95011,Rv2542,setA,,,257.0,10000.0,0.9975834814828344,7.65518169377609e-13,0.0287928173108083,3943.0,3.180940512487042,0.6284233830763507,116.0,4.0,3.3880231380462646
608,I6XWK6_MYCTU,I6XWK6,Rv0923c,setA,,,341.0,10000.0,0.9997873850354462,2.5293796169615228e-11,0.0005179327391875,7783.0,5.246028245365887,0.0230413906744716,177.0,4.0,1.3312196731567385
609,P72038_MYCTU,P72038,Rv3771c,setA,,,95.0,10000.0,0.999997465490603,3.5730721235458867e-05,0.2544894449956637,135.0,2.424773793517704,0.0444998059164839,53.0,4.0,3.398735523223877
610,O53528_MYCTU,O53528,Rv2254c,setA,,,127.0,10000.0,0.9990011445713586,2.966077711927476e-06,0.2665419640749389,289.0,2.906914601821187,0.0212469742435258,56.0,2.0,1.3350212574005127
611,I6Y2H3_MYCTU,I6Y2H3,Rv3078,setA,,,132.0,10000.0,0.9992800384072408,1.7432195020574602e-08,0.28751699277517,663.0,2.9595453213466048,0.5457001750199713,59.0,2.0,6.918232440948486
612,I6X9N8_MYCTU,I6X9N8,Rv0745,setA,,,64.0,10000.0,0.9997180010908584,2.6939106285790035e-06,0.0934858637786619,947.0,3.235686240442832,0.0362431386973527,34.0,5.0,3.0474462509155273
613,P96409_MYCTU,P96409,Rv0227c,setA,,,316.0,10000.0,0.9910841762432636,1.8929149697740291e-16,0.0007180810267895,7266.0,2.714245521823087,4.38175847624969e-06,106.0,4.0,6.23482608795166
614,I6X520_MYCTU,I6X520,Rv2663,setA,,,76.0,10000.0,0.9999540591938452,5.56129683213311e-05,0.4057395646071462,91.0,2.804157069084074,0.0686954549295318,37.0,2.0,4.0885210037231445
615,P71654_MYCTU,P71654,Rv2797c,setA,,,501.0,10000.0,0.9987934252921372,3.528552500047596e-33,0.0014996264530642,6485.0,4.304432088987877,0.0037984901862576,219.0,4.0,3.740795612335205
616,P95152_MYCTU,P95152,Rv1863c,setA,,,243.0,10000.0,0.9865749465089116,4.748567656228598e-18,2.760421452234597e-05,8640.0,3.126045976973515,0.0019433742917016,102.0,3.0,1.3360280990600586
617,O06310_MYCTU,O06310,Rv0360c,setA,,,130.0,10000.0,0.9991792228558724,2.821914333501156e-08,0.124531926910194,1370.0,3.124681015381406,0.0072006520299669,94.0,8.0,1.3371942043304443
619,O53399_MYCTU,O53399,Rv1051c,setA,,,215.0,10000.0,0.9920023663542304,1.2668703520970155e-09,0.0169717834590346,4472.0,3.443635536911944,0.0227827579371493,110.0,5.0,1.3314334154129028
620,I6YAE2_MYCTU,I6YAE2,Rv2843,setA,,,112.0,10000.0,0.999901384413231,5.181174844095985e-10,0.0017476454366576,6377.0,3.755310972006864,0.0073796983195114,28.0,4.0,1.3377774953842163
621,I6Y460_MYCTU,I6Y460,Rv3635,setA,,,587.0,10000.0,0.6619453918403992,6.6660234483269565e-31,4.590753176628864e-12,9840.0,5.190347496491919,1.8335277525733585e-08,214.0,5.0,1.3315696716308594
622,O33329_MYCTU,O33329,Rv2787,setA,,,489.0,10000.0,0.9952983606963473,4.113882494394628e-22,3.956112799338448e-06,8594.0,5.540893204268204,7.359603497300911e-11,250.0,9.0,1.3264610767364502
623,O06218_MYCTU,O06218,Rv2159c,setA,,,337.0,10000.0,0.999761096887918,6.013471646227396e-12,0.1384344430866098,1676.0,3.8742934590363793,0.5937285836074383,146.0,4.0,6.445594310760498
624,O53807_MYCTU,O53807,Rv0744c,setA,,,158.0,10000.0,0.999998842540163,5.637903797144769e-12,0.1227525344749481,2024.0,4.541832146028744,0.1227525344749481,59.0,5.0,6.785308361053467
625,O53448_MYCTU,O53448,Rv1100,setA,,,182.0,10000.0,0.9993380388942572,4.970819124351828e-11,0.1093341496974852,1945.0,3.253436500090696,0.4838608606080282,64.0,3.0,2.9129509925842285
627,L0T545_MYCTU,L0T545,Rv0354c,setA,,,67.0,10000.0,0.9999999587488584,2.6996326071920273e-13,0.3290594368174074,964.0,2.918305682519448,0.1073346379172532,27.0,3.0,7.220307350158691
628,O05895_MYCTU,O05895,Rv3252c,setA,,,395.0,10000.0,0.9996039196508542,1.8718950411536217e-18,3.1282534445162926e-05,8524.0,3.230412221140536,3.115904170405942e-08,148.0,3.0,3.5127928256988525
629,O05884_MYCTU,O05884,Rv3239c,setA,,,864.0,10000.0,0.9984461752978532,8.549367751477466e-50,0.023349626570679,4229.0,6.826935372085498,0.0530276376448702,365.0,8.0,8.368050575256348
630,O06830_MYCTU,O06830,Rv1428c,setA,,,259.0,10000.0,0.9906763355513778,5.911021312122801e-14,3.687259495759808e-05,8661.0,4.080829105413696,0.0005507470715168,122.0,4.0,6.662734508514404
631,P95154_MYCTU,P95154,Rv1861,setA,,,58.0,10000.0,0.9999994886869013,5.929440950457327e-07,0.0237762937423499,3980.0,3.651866408189152,0.0409171790555122,34.0,8.0,6.814921855926514
633,O06823_MYCTU,O06823,Rv1435c,setA,,,34.0,10000.0,0.9999999993962028,7.69361293731953e-12,0.1859197921823477,969.0,3.073115107832066,0.1859197921823477,6.0,2.0,12.641193389892578
634,P71646_MYCTU,P71646,Rv2805,setA,,,94.0,10000.0,0.5428666132051255,2.974229645954908e-07,7.369646836814271e-06,9518.0,5.318960791340752,6.887689706421892e-07,23.0,3.0,3.7121737003326416
635,O53329_MYCTU,O53329,Rv3179,setA,,,421.0,10000.0,0.952459306711043,7.520906841013924e-23,4.260521315902186e-06,8847.0,3.1020077919179334,9.592823938633436e-08,191.0,4.0,1.3297516107559204
636,O86349_MYCTU,O86349,Rv1457c,setA,,,246.0,10000.0,0.9323533214423692,1.9611813826255432e-09,0.0003556550316682,8358.0,5.2205872551631485,0.0007443160275379,84.0,3.0,8.229859352111816
637,O06568_MYCTU,O06568,Rv1116,setA,,,36.0,10000.0,0.9821553096666892,6.128455932890867e-05,0.0014103512403408,8450.0,3.5242899305747275,0.0014103512403408,11.0,4.0,1.3286439180374146
638,Q79FQ7_MYCTU,Q79FQ7,Rv1243c,setA,,,180.0,10000.0,0.8200941207830997,2.6490072239115955e-24,7.262833552963155e-10,9209.0,6.695030918789904,2.2275769018538593e-14,14.0,3.0,7.609050273895264
639,O05876_MYCTU,O05876,Rv3231c,setA,,,162.0,10000.0,0.9999003837021788,2.2784488187813076e-08,0.0570129579571426,2388.0,4.426221995292968,3.4093229244882856e-05,57.0,4.0,8.458788871765137
640,O05448_MYCTU,O05448,Rv3896c,setA,,,242.0,10000.0,0.9994239852610676,2.164862020182048e-17,0.0221142515075902,4025.0,3.16510405547012,0.0001404156084359,198.0,6.0,1.3393217325210571
642,O06311_MYCTU,O06311,Rv0361,setA,,,131.0,10000.0,0.9999841604707436,9.127930268429157e-13,0.2204750787596072,782.0,3.45324068569123,0.6436817399879268,47.0,3.0,3.434882879257202
643,O05888_MYCTU,O05888,Rv3243c,setA,,,246.0,10000.0,0.9995027425094424,9.824869322680552e-14,0.0001643225170118,8076.0,3.850356515552169,4.8441143891158e-05,125.0,4.0,3.5973594188690186
644,O05573_MYCTU,O05573,Rv0990c,setA,,,171.0,10000.0,0.9988781909888858,4.664294299724905e-10,0.003357815116005,5981.0,2.761845982360961,0.0144903874399228,91.0,3.0,3.5747950077056885
645,O53313_MYCTU,O53313,Rv3163c,setA,,,389.0,10000.0,0.9999477709824572,3.575204048365665e-26,0.0400184036191278,3784.0,4.1328883437548765,0.3061893602221791,123.0,5.0,1.3279383182525637
646,P71552_MYCTU,P71552,Rv0958,setA,,,450.0,10000.0,0.9920181744565192,1.798098548446024e-17,0.0048806834166113,5747.0,3.656627154159747,1.3835878360373622e-05,213.0,4.0,1.342510461807251
647,P95287_MYCTU,P95287,Rv1927,setA,,,228.0,10000.0,0.9990374200542418,3.5133127563518538e-15,0.016749000072849,4481.0,5.426779810101588,0.02230350028868,127.0,10.0,1.3415911197662354
648,O86346_MYCTU,O86346,Rv0939,setA,,,637.0,10000.0,0.9979314335311812,9.479188286314364e-27,0.0047662418785072,5545.0,3.050370056061152,1.8177538265055696e-06,278.0,3.0,1.3279556035995483
649,I6X548_MYCTU,I6X548,Rv2693c,setA,,,90.0,10000.0,0.9991955520224362,1.457695585185809e-11,0.227042971271405,1114.0,2.0757723249239617,0.6378268536970463,37.0,3.0,27.34212303161621
650,L0T9Q6_MYCTU,L0T9Q6,Rv1949c,setA,,,262.0,10000.0,0.99972418555424,2.1422399767215216e-08,0.3697359088555906,460.0,2.9453454549878426,0.184120777241694,160.0,4.0,3.22908878326416
652,Q79FG7_MYCTU,Q79FG7,Rv2219A,setA,,,108.0,10000.0,0.999999655115091,1.443658388876618e-09,0.1871868816493209,1359.0,1.9439520442319445,0.4160058952285033,39.0,2.0,6.944665431976318
653,O69658_MYCTU,O69658,Rv3690,setA,,,155.0,10000.0,0.9998416781049996,2.1437820465446446e-10,0.1162843924350266,2144.0,2.7456659645220265,0.0485151150613633,64.0,3.0,3.084429979324341
654,I6YA50_MYCTU,I6YA50,Rv2743c,setA,,,155.0,10000.0,0.9998416781049996,3.2682972159543928e-12,0.1162843924350266,2147.0,4.029637506703672,0.4636128545859405,62.0,3.0,6.816466331481934
655,L0T2W6_MYCTU,L0T2W6,Rv0174,setA,,,418.0,10000.0,0.9877117091096166,4.153754718780669e-07,0.0357919327828006,2592.0,3.679500201962936,0.008031683765329,209.0,4.0,1.3411784172058103
656,I6Y9K2_MYCTU,I6Y9K2,Rv2528c,setA,,,276.0,10000.0,0.9986003514252596,2.2608641132648193e-09,0.0949749669650302,1285.0,3.817587208942178,0.2479533444851661,109.0,4.0,3.26572585105896
657,L7N651_MYCTU,L7N651,Rv0470A,setA,,,66.0,10000.0,0.9997913756053256,0.000594207902498,0.0659037304796155,397.0,3.8156680323548655,0.4376193987403347,23.0,4.0,1.340315341949463
658,O53963_MYCTU,O53963,Rv1921c,setA,,,391.0,10000.0,0.9995648739177224,1.2135520619142042e-11,0.1234412631797626,1912.0,3.1253163378953843,0.3091055196803217,194.0,4.0,1.337998390197754
659,P71837_MYCTU,P71837,Rv0784,setA,,,208.0,10000.0,0.9999953510161887,4.0631297106624455e-06,0.195263872906264,852.0,3.5602812495939067,0.4917130649445973,106.0,4.0,8.083846092224121
660,O05305_MYCTU,O05305,Rv1204c,setA,,,523.0,10000.0,0.4420623690605395,1.72857534472196e-15,2.6424580435346307e-06,9801.0,4.066802725086766,8.99187607033936e-09,219.0,6.0,1.3377814292907717
661,I6Y8Z3_MYCTU,I6Y8Z3,Rv0870c,setA,,,126.0,10000.0,0.999974340683472,6.893929023105761e-09,0.1530148426366349,1744.0,2.9483218387491767,0.1530148426366349,53.0,4.0,1.3482972383499146
662,O06298_MYCTU,O06298,Rv0347,setA,,,259.0,10000.0,0.9977181995970286,7.12362771497859e-12,0.0297547416361115,3862.0,5.238755369894507,3.687259495759808e-05,50.0,3.0,11.732172966003418
663,I6Y461_MYCTU,I6Y461,Rv0593,setA,,,345.0,10000.0,0.9998107935172922,8.937608495912103e-17,0.0851205264385144,2734.0,4.816303136758527,0.0851205264385144,146.0,4.0,7.751968860626221
664,I6XEF1_MYCTU,I6XEF1,Rv2487c,setA,,,319.0,10000.0,0.0007740856167763,1.389798296766252e-79,2.8541018033519686e-48,10000.0,5.520133489873313,1.19367139275747e-61,28.0,3.0,1.3256508111953735
665,I6YDV4_MYCTU,I6YDV4,Rv2609c,setA,,,305.0,10000.0,0.9999439021968404,4.909230522316519e-14,0.0025811893449783,6141.0,5.810245962528676,0.0856053956305291,115.0,9.0,3.52974009513855
667,I6YB49_MYCTU,I6YB49,Rv3091,setA,,,447.0,10000.0,0.9971173158594552,2.174761677074185e-37,0.0017765589397087,6114.0,5.019607485855988,2.6778667344039805e-15,219.0,11.0,6.543157577514648
670,O53651_MYCTU,O53651,Rv0200,setA,,,226.0,10000.0,0.9085655144930104,5.625057572381114e-10,0.0622178594981911,1423.0,3.180337127726,0.1259218753190493,80.0,3.0,1.338547706604004
671,I6YG92_MYCTU,I6YG92,Rv3482c,setA,,,207.0,10000.0,0.9979280786710258,1.7745591472779196e-13,0.0976533560114813,2122.0,4.037721276206198,0.0191480654795717,95.0,3.0,12.025473594665527
672,P96408_MYCTU,P96408,Rv0226c,setA,,,550.0,10000.0,0.999989958357594,3.546076980207811e-21,9.286658480774444e-05,7691.0,3.428328762327111,0.0004403330599092,263.0,6.0,1.340914011001587
673,O07254_MYCTU,O07254,Rv0330c,setA,,,225.0,10000.0,0.9999171168184724,1.053418272783281e-12,0.1905849958402928,1445.0,3.4470256218011617,0.0612629129221251,122.0,4.0,1.3376330137252808
674,I6YCG9_MYCTU,I6YCG9,Rv3578,setA,,,406.0,10000.0,0.998397576871021,2.626460404897426e-16,0.0570207430328978,2869.0,6.764866551937282,0.0388023831739434,216.0,11.0,1.3359769582748413
675,I6YC49_MYCTU,I6YC49,Rv3439c,setA,,,235.0,10000.0,0.9999490259774364,2.914982933767075e-20,0.1126619856131653,2139.0,6.235783746630054,0.7258282946445959,107.0,7.0,1.3358914852142334
676,I6YEB1_MYCTU,I6YEB1,Rv2761c,setA,,,329.0,10000.0,0.9996984319142848,9.462567123984934e-13,0.1077590952262805,1785.0,2.8905666951990323,0.2985612262700712,142.0,5.0,7.630476951599121
677,O05823_MYCTU,O05823,Rv2375,setA,,,89.0,10000.0,0.9999936557326085,0.0002704756915904,0.2997135820104469,134.0,2.951848056255728,0.6308040582226205,32.0,2.0,11.704903602600098
678,I6YAW3_MYCTU,I6YAW3,Rv3015c,setA,,,336.0,10000.0,0.9984241055491364,8.515929174450205e-14,0.0020762072480012,6431.0,3.0827464769567485,3.426851092540342e-09,127.0,4.0,10.15251636505127
679,I6Y2I9_MYCTU,I6Y2I9,Rv3092c,setA,,,264.0,10000.0,0.9997438097992404,6.256384166950131e-12,0.0083529479019196,5208.0,3.434040449164639,3.015060847988251e-05,152.0,3.0,5.259438991546631
680,I6Y4S9_MYCTU,I6Y4S9,Rv0776c,setA,,,244.0,10000.0,0.9994648016756658,9.015878309316691e-10,0.1252879730934428,2061.0,2.90761688398577,0.8801416714763243,105.0,4.0,9.99379539489746
681,I6Y9U6_MYCTU,I6Y9U6,Rv2620c,setA,,,137.0,10000.0,0.99948143235235,3.5336853943687186e-08,0.1435533164269804,1252.0,2.140019586448965,0.0296746661064215,44.0,3.0,3.6323742866516113
682,O06403_MYCTU,O06403,Rv0537c,setA,,,384.0,10000.0,0.9994871198368468,4.163559236874118e-18,0.0201652454503678,4300.0,2.6325682075363632,3.205401651311467e-05,174.0,3.0,3.368211030960083
683,O07256_MYCTU,O07256,Rv0332,setA,,,255.0,10000.0,0.9996429681254012,2.3381568727314083e-09,0.2089460229957679,1008.0,4.109495784449728,0.4793588501655506,123.0,5.0,1.339205026626587
684,O05854_MYCTU,O05854,Rv3212,setA,,,402.0,10000.0,0.9999643398223224,1.8467432143553585e-12,0.024786673673683,4113.0,4.849489900194542,0.0023728211008219,166.0,4.0,1.3325101137161257
685,O06397_MYCTU,O06397,Rv0531,setA,,,81.0,10000.0,0.999978514587676,3.599879924186145e-07,0.3380139796233299,704.0,2.272506176771373,0.2488106951862405,25.0,2.0,2.9148731231689453
686,O33185_MYCTU,O33185,Rv1683,setA,,,832.0,10000.0,0.9951030793654336,3.962540916424053e-29,1.0296920097919865e-07,8684.0,3.840995309308906,0.0001793170972426,287.0,5.0,4.87075138092041
687,O53621_MYCTU,O53621,Rv0076c,setA,,,83.0,10000.0,0.999984155247355,8.458158668675404e-08,0.3525558446640866,550.0,3.855879675997771,0.2615659243478042,43.0,7.0,53.98115539550781
688,I6YCP7_MYCTU,I6YCP7,Rv3662c,setA,,,236.0,10000.0,0.9842639206491072,3.1900983045693496e-11,0.0022321281069916,6689.0,4.553590895379373,0.0015794119467038,42.0,3.0,3.539978265762329
689,I6Y4U0_MYCTU,I6Y4U0,Rv0789c,setA,,,140.0,10000.0,0.999993364741298,1.0809622675236741e-07,0.3988473503542994,232.0,2.968542202490684,0.5838532077337623,57.0,3.0,4.425354480743408
690,O06300_MYCTU,O06300,Rv0349,setA,,,213.0,10000.0,0.9998516667736742,2.756307166809525e-10,0.2062010329812759,1192.0,2.266819858535502,0.08365428012494,101.0,3.0,1.3428977727890017
691,P96226_MYCTU,P96226,Rv3851,setA,,,50.0,10000.0,0.9999952562961608,9.909301386655972e-05,0.5486851446031328,85.0,2.0113485614802378,0.3959398631708505,31.0,3.0,6.473636150360107
692,O53445_MYCTU,O53445,Rv1097c,setA,,,190.0,10000.0,0.9961605022618264,4.643011322580314e-09,0.0237837371322733,4013.0,3.971072304481692,0.0006439979573653,88.0,3.0,1.3353253602981567
693,P95270_MYCTU,P95270,Rv1944c,setA,,,126.0,10000.0,0.999974340683472,2.0364539608829e-12,0.0138397205241975,4695.0,4.420923963315468,0.0060105437577116,60.0,7.0,1.3311563730239868
695,I6Y4Y1_MYCTU,I6Y4Y1,Rv0837c,setA,,,311.0,10000.0,0.9999551192643088,1.7398747127881066e-13,0.0149579677215023,4728.0,3.297036212657229,0.0602392599239346,136.0,3.0,1.3298461437225342
696,P96392_MYCTU,P96392,Rv0210,setA,,,410.0,10000.0,0.9997217280312992,1.14290212516593e-20,0.0847450019871098,2614.0,2.787590688122827,0.0219412141047871,194.0,4.0,1.338655948638916
697,O05828_MYCTU,O05828,Rv2370c,setA,,,365.0,10000.0,0.9991993423589484,1.0777058968427544e-16,0.0046662847438097,6114.0,4.140250980544645,0.0248922892330352,112.0,6.0,3.5924508571624756
698,O06231_MYCTU,O06231,Rv2144c,setA,,,50.0,10000.0,0.9999952562961608,1.4534580579142488e-07,0.3959398631708505,540.0,2.077762879486187,0.0115117387258947,12.0,2.0,5.061522960662842
699,O07726_MYCTU,O07726,Rv1906c,setA,,,107.0,10000.0,0.9998407835872806,2.954400355151306e-09,0.2445354219547697,747.0,3.959703269295312,0.2445354219547697,48.0,6.0,6.134690284729004
700,P96227_MYCTU,P96227,Rv3850,setA,,,168.0,10000.0,0.9999330823162246,2.5414141748360863e-12,0.1121829289766116,1132.0,3.108307060518785,0.0356221239918139,104.0,5.0,5.999923229217529
701,I6XWA9_MYCTU,I6XWA9,Rv0790c,setA,,,223.0,10000.0,0.9988441865005644,4.1446426851580966e-10,0.1866148332360672,1010.0,3.1658857285983277,0.0150377991266952,121.0,4.0,3.599920749664306
702,O07422_MYCTU,O07422,Rv0178,setA,,,164.0,10000.0,0.8559164423994364,1.3819358821254243e-14,0.0025490733530886,6470.0,3.523996961741309,0.0016865081289793,60.0,3.0,12.373412132263184
703,P95147_MYCTU,P95147,Rv1868,setA,,,639.0,10000.0,0.9618856373192196,7.798310974666613e-40,4.551343236390931e-06,8351.0,11.57114323531611,3.033358391330344e-07,359.0,34.0,7.466544151306152
704,P95164_MYCTU,P95164,Rv1845c,setA,,,261.0,10000.0,0.9910929250050866,1.8036280654961828e-14,0.0042985463818165,5627.0,3.0119702910185997,0.0237531761775398,61.0,4.0,6.920425891876221
705,I6XHD6_MYCTU,I6XHD6,Rv3496c,setA,,,330.0,10000.0,0.9815031046417584,1.873929004913549e-12,5.16184014860966e-06,8975.0,3.2245348582831173,2.3571407806890362e-09,86.0,3.0,3.4278881549835205
706,O33249_MYCTU,O33249,Rv2114,setA,,,199.0,10000.0,0.9997080805809312,2.1694964019928904e-10,0.0511888963746706,3245.0,3.288197962965839,0.0009301039327936,101.0,5.0,1.3460400104522705
707,I6XFB7_MYCTU,I6XFB7,Rv2799,setA,,,127.0,10000.0,0.9909665773833448,5.219679295549341e-16,0.0095984212992521,5170.0,5.457172137036775,0.0619459402897388,56.0,15.0,1.3379685878753662
708,O06152_MYCTU,O06152,Rv1635c,setA,,,494.0,10000.0,0.6584995284471968,3.1571671422389164e-31,2.0468720186017762e-13,9939.0,5.276655117789228,4.761052280581197e-21,131.0,3.0,3.3832671642303467
709,O07744_MYCTU,O07744,Rv1888c,setA,,,150.0,10000.0,0.9999974826701123,4.412944498190655e-08,0.4425235033915137,386.0,2.950108833681232,0.996947429111569,75.0,4.0,3.336158990859986
710,I6X827_MYCTU,I6X827,Rv3683,setA,,,291.0,10000.0,0.999905663297746,6.891458111796438e-18,0.0007123779302816,6729.0,4.165282150616013,1.380509548488065e-07,123.0,3.0,2.941728115081787
711,P96410_MYCTU,P96410,Rv0228,setA,,,361.0,10000.0,0.9736985086963432,3.594614912192567e-17,2.382214020187133e-06,9247.0,4.270073697485417,1.7566426021781394e-10,170.0,6.0,3.598154067993164
712,I6WZ83_MYCTU,I6WZ83,Rv0743c,setA,,,177.0,10000.0,0.9412033677951688,1.0198221367812714e-09,0.0001414853660661,8385.0,4.783426888753915,0.0041781418049478,73.0,4.0,3.1703505516052246
713,P95229_MYCTU,P95229,Rv0272c,setA,,,371.0,10000.0,0.9903053290890018,6.018868616102757e-09,0.0330868064952497,3386.0,3.4660795986934705,8.537151446338538e-05,197.0,4.0,1.3366838693618774
714,P95145_MYCTU,P95145,Rv1870c,setA,,,198.0,10000.0,0.9971265628917612,6.919337247620627e-07,0.038018762369042,2892.0,4.038500944613412,0.0284722989361717,111.0,5.0,5.5373854637146
715,O06567_MYCTU,O06567,Rv1115,setA,,,139.0,10000.0,0.9995453031494794,1.8083027192618107e-10,0.1946086726765076,1191.0,2.5603445512190053,0.0002794449295663,83.0,6.0,3.4333558082580566
716,L7N6B8_MYCTU,L7N6B8,Rv2077A,setA,,,78.0,10000.0,0.9999660935606112,1.2161826383205327e-06,0.0489150885602121,2171.0,2.98339578437088,0.1118164828860289,33.0,3.0,2.9375951290130615
717,O53383_MYCTU,O53383,Rv3333c,setA,,,88.0,10000.0,0.999027686195054,2.304750809333458e-12,0.0209449765653335,4414.0,4.0142830106179765,0.0130665979182238,33.0,4.0,1.3315138816833496
718,P71787_MYCTU,P71787,Rv1508c,setA,,,451.0,10000.0,0.99729679476103,2.4641620803863056e-11,0.0685725972279996,2771.0,2.652666731446204,0.02728016068057,271.0,5.0,3.2277541160583496
719,O05579_MYCTU,O05579,Rv0996,setA,,,127.0,10000.0,0.9999766991947148,1.7889454485932353e-07,0.0440696270197122,2840.0,3.663066309108917,0.0440696270197122,38.0,2.0,9.190618515014648
720,O53744_MYCTU,O53744,Rv0459,setA,,,152.0,10000.0,0.999806962729448,1.1171117525554849e-07,0.1861933157797641,1434.0,5.648872263861274,0.4510216045700541,98.0,12.0,1.3357033729553225
721,L7N686_MYCTU,L7N686,Rv0078A,setA,,,190.0,10000.0,0.999549472722462,6.01240690746331e-10,0.0126011884881102,4885.0,2.210730777820992,0.0001763238921487,115.0,4.0,5.023866653442383
722,P96230_MYCTU,P96230,Rv3847,setA,,,170.0,10000.0,0.9999996399776956,7.307560328331775e-09,0.0890069712580206,2527.0,2.8465133327728385,0.7923748394232968,100.0,3.0,1.3371000289916992
723,O53842_MYCTU,O53842,Rv0831c,setA,,,248.0,10000.0,0.9999729408704604,7.414059423551571e-09,0.1609445521966327,1155.0,3.9282365186740247,0.8253405137766132,99.0,4.0,13.64111328125
725,P71926_MYCTU,P71926,Rv2422,setA,,,74.0,10000.0,0.9999377749009186,7.993478394064347e-06,0.3890886157753905,120.0,2.5470816564213736,0.5116809114588617,30.0,4.0,1.329319715499878
726,P71757_MYCTU,P71757,Rv2387,setA,,,349.0,10000.0,0.9045232724412284,2.3367631154982158e-27,1.1847570684850104e-08,9462.0,7.595840868107351,7.787361347874892e-11,167.0,11.0,1.3464995622634888
727,O06781_MYCTU,O06781,Rv0658c,setA,,,227.0,10000.0,0.9990015289329776,1.3654290052279854e-12,0.1581989216364027,1715.0,4.24681611095478,0.1581989216364027,114.0,8.0,6.359916687011719
728,O33269_MYCTU,O33269,Rv0339c,setA,,,755.0,10000.0,0.970743270956349,1.5602388617910177e-22,0.0011539902430584,6886.0,4.040252478938261,0.0007706487420844,361.0,5.0,1.3379064798355105
729,O06252_MYCTU,O06252,Rv3435c,setA,,,233.0,10000.0,0.9991985404089968,4.4788331529268595e-11,0.0028758970732926,5818.0,4.814158468231117,1.0731798294556824e-05,143.0,9.0,3.294147491455078
730,O53362_MYCTU,O53362,Rv3311,setA,,,377.0,10000.0,0.999395571949556,1.3321382413351292e-11,0.0043975230314576,5918.0,3.928553953137236,5.169702770706453e-05,133.0,3.0,1.3287303447723389
731,P72045_MYCTU,P72045,Rv3779,setA,,,632.0,10000.0,0.960016707964602,1.68590444458979e-32,1.2041176207859617e-06,8327.0,8.135169492499813,6.530539784780916e-07,320.0,14.0,3.3611724376678467
732,O05592_MYCTU,O05592,Rv1006,setA,,,513.0,10000.0,0.9966107799426184,4.183320565060763e-34,6.154757062172057e-09,9182.0,4.2207904690087865,1.1883466268139496e-14,156.0,4.0,1.3301798105239868
733,P96274_MYCTU,P96274,Rv0428c,setA,,,290.0,10000.0,0.9999020992633798,2.2971602528726262e-10,0.1100474789792685,1749.0,2.7149207756300324,0.0013313153866074,137.0,5.0,13.419952392578123
734,O33358_MYCTU,O33358,Rv0513,setA,,,142.0,10000.0,0.995541131961893,3.8558492033301345e-12,0.0022318839440053,6302.0,3.919781566563988,6.986681281092636e-06,48.0,4.0,1.3373022079467771
735,P95202_MYCTU,P95202,Rv0394c,setA,,,185.0,10000.0,0.9954000637964208,1.5717150455796067e-10,0.1146212562644876,1909.0,3.2845915850381937,0.088853473256448,82.0,5.0,1.339703917503357
736,I6YC99_MYCTU,I6YC99,Rv3499c,setA,,,345.0,10000.0,0.994853514289046,1.5231529025357254e-08,0.0242687997428813,3517.0,4.382546706122682,0.0377474167063286,106.0,3.0,3.474358320236206
737,I6Y259_MYCTU,I6Y259,Rv2974c,setA,,,430.0,10000.0,0.989544142728476,1.0784375209911901e-13,0.0581444969015079,2874.0,4.876890201247378,0.1359859071059201,225.0,5.0,1.3314367532730105
738,O06554_MYCTU,O06554,Rv1156,setA,,,190.0,10000.0,0.999549472722462,6.9990216882414e-11,0.0174053859175456,4341.0,3.1901256812741,0.243608240748385,105.0,6.0,5.985385894775391
739,P71649_MYCTU,P71649,Rv2802c,setA,,,337.0,10000.0,0.9984603861377604,2.211524330768917e-09,0.0527057566117955,2612.0,2.7066068087203763,0.0008734019648631,164.0,4.0,3.0323445796966553
740,P72005_MYCTU,P72005,Rv1748,setA,,,173.0,10000.0,0.9989806337086232,7.57248146343466e-08,0.1564030566218324,1173.0,4.6239170890637205,0.8010772604275043,83.0,6.0,6.453494071960449
741,Q79FV3_MYCTU,Q79FV3,Rv0872c,setA,,,460.0,10000.0,0.2472982944074267,3.7377846671216266e-52,1.8728363941765063e-24,9986.0,7.866022174219812,5.285789224309557e-34,60.0,8.0,3.063626766204834
742,I6Y4G1_MYCTU,I6Y4G1,Rv0690c,setA,,,348.0,10000.0,0.9951389438927872,2.626755563608005e-12,0.0874719626275546,1939.0,3.9668956810225855,0.0058945839477727,157.0,4.0,1.3375117778778076
743,I6Y4C4_MYCTU,I6Y4C4,Rv3707c,setA,,,333.0,10000.0,0.9307469323197738,2.5838665424661107e-15,3.898437848076615e-06,9306.0,4.724223404841419,3.898437848076615e-06,116.0,3.0,8.50965404510498
744,I6XFA6_MYCTU,I6XFA6,Rv2784c,setA,,,141.0,10000.0,0.9999939769939457,1.81712073937391e-06,0.0235868139238063,3894.0,3.4113492535760788,0.0021255141530028,55.0,2.0,3.4717392921447754
745,O53173_MYCTU,O53173,Rv2446c,setA,,,113.0,10000.0,0.9999104049254288,1.112542845577969e-07,0.113755282558463,1420.0,3.1477991835448123,0.4448221449652392,48.0,3.0,6.843087673187256
747,O53167_MYCTU,O53167,Rv1476,setA,,,152.0,10000.0,0.99999792682083,1.0728222943689772e-11,0.01636752216112,4430.0,3.525423054609141,0.0232522550113932,55.0,4.0,1.3369485139846802
748,O33271_MYCTU,O33271,Rv1742,setA,,,244.0,10000.0,0.9994648016756658,1.327030855056746e-12,0.2287563782799976,1133.0,2.889141804313808,0.0499298908460699,111.0,4.0,3.109442234039306
749,I6X5W6_MYCTU,I6X5W6,Rv2972c,setA,,,217.0,10000.0,0.9924425435737882,9.721958673201454e-26,0.0035820874108414,6060.0,4.109360234924378,0.0001106180163926,99.0,4.0,3.4575257301330566
750,I6Y4Z4_MYCTU,I6Y4Z4,Rv0852,setA,,,172.0,10000.0,0.9999486910422344,2.6491570965494654e-06,0.3036353967238778,321.0,5.214153300675791,0.6204996977902806,87.0,5.0,1.3281644582748413
751,O05777_MYCTU,O05777,Rv3099c,setA,,,277.0,10000.0,0.9986401013031536,4.159641883643598e-11,0.0307119678127823,3837.0,3.951339640288777,0.0013116550451208,135.0,5.0,5.879392147064209
752,O53594_MYCTU,O53594,Rv3916c,setA,,,199.0,10000.0,0.8635378022877606,1.1271978505116734e-24,2.1954204069392752e-08,9844.0,5.333052861185033,1.1737055252483049e-08,131.0,5.0,1.329480528831482
753,O06299_MYCTU,O06299,Rv0348,setA,,,176.0,10000.0,0.9999606696007478,5.399597490830461e-08,0.0757376524462754,2640.0,4.203476520871254,0.3852414826222396,57.0,3.0,1.337641716003418
756,Q11064_MYCTU,Q11064,Rv1254,setA,,,358.0,10000.0,0.9998705505536094,1.87151385428543e-12,0.0228409955768035,4029.0,5.602554681114507,0.1365422429315828,102.0,4.0,3.3522112369537354
757,O07432_MYCTU,O07432,Rv0188,setA,,,38.0,10000.0,0.999869343192135,0.0008434246945521,0.2389406686101827,13.0,2.100957750153984,0.0825974715990863,15.0,3.0,2.99249529838562
758,O53564_MYCTU,O53564,Rv3519,setA,,,234.0,10000.0,0.9992273932793064,2.1935372751644913e-18,0.0001008593898991,8138.0,5.207845646295682,0.0003367972496921,127.0,7.0,1.3261020183563232
759,Q6MX26_MYCTU,Q6MX26,Rv2853,setA,,,340.0,10000.0,0.9841894195844516,4.323240126517953e-12,0.0051363162111301,5841.0,4.166862991879328,0.0001918481441057,118.0,8.0,1.3373231887817385
760,P71810_MYCTU,P71810,Rv1382,setA,,,161.0,10000.0,0.9891088550890134,1.7231856884111448e-17,0.0214498652318114,4322.0,4.053229814987104,0.0001479675697226,82.0,4.0,3.392510890960694
761,O53848_MYCTU,O53848,Rv0836c,setA,,,203.0,10000.0,0.9999935040446256,1.7240676500383954e-08,0.278524438985316,1006.0,2.807593617531698,0.8007629438649877,97.0,4.0,1.3311749696731567
763,O50419_MYCTU,O50419,Rv3394c,setA,,,474.0,10000.0,0.7932477407212267,1.0457593245674772e-19,4.491536587949881e-07,9512.0,5.946239944740609,3.450698643338533e-05,127.0,5.0,16.188806533813477
764,L7N685_MYCTU,L7N685,Rv3288c,setA,,,30.0,10000.0,0.9999999909208508,0.0008995776840176,0.1350035025009544,1580.0,2.564866489030864,0.2390730024801864,12.0,3.0,3.338033676147461
765,O05296_MYCTU,O05296,Rv1194c,setA,,,394.0,10000.0,0.9651071732490876,8.810761577477114e-12,0.0073015759371802,5716.0,5.201729194762751,0.0057322328166583,328.0,9.0,1.3344130516052246
767,I6Y187_MYCTU,I6Y187,Rv2621c,setA,,,188.0,10000.0,0.9958725309779852,3.3153003563131937e-25,0.0412724960100782,3603.0,3.047619197724773,0.0719110602728047,185.0,8.0,1.341597318649292
768,I6XER9_MYCTU,I6XER9,Rv2617c,setA,,,138.0,10000.0,0.9995144104153996,3.5406082433452846e-10,0.3125384742122983,840.0,2.377725526035676,0.3125384742122983,60.0,3.0,9.924049377441406
769,P96375_MYCTU,P96375,Rv1025,setA,,,154.0,10000.0,0.9860234129216774,3.842618907875498e-15,3.353502135328851e-06,9350.0,3.7958846890678295,1.398054670805071e-07,53.0,4.0,3.260709047317505
770,I6XVZ6_MYCTU,I6XVZ6,Rv0686,setA,,,252.0,10000.0,0.9996012542486314,5.399465923528127e-15,0.071009348545277,2447.0,3.137746773987021,0.0012742123632011,104.0,3.0,1.340042233467102
772,P96418_MYCTU,P96418,Rv0235c,setA,,,473.0,10000.0,0.998103151553678,4.851858256303766e-12,0.0802342726616119,2196.0,3.5370258797581062,0.8405005768665335,301.0,5.0,3.2307896614074707
773,P95024_MYCTU,P95024,Rv2529,setA,,,301.0,10000.0,0.9999349136326712,3.232117041853987e-27,0.0428869024891998,3817.0,4.564720399803234,0.0012766546572291,148.0,6.0,1.3296915292739868
774,O06170_MYCTU,O06170,Rv2507,setA,,,97.0,10000.0,0.9995863742135664,3.0953961119100925e-10,0.0481617076526792,2118.0,4.033478213509151,1.1018269464974777e-05,21.0,2.0,1.331614375114441
775,O53530_MYCTU,O53530,Rv2256c,setA,,,150.0,10000.0,0.996947429111569,7.609670961847104e-14,0.0586819860336791,2478.0,2.4347723849519523,0.0219027135727609,34.0,3.0,1.3271362781524658
776,O69704_MYCTU,O69704,Rv3737,setA,,,393.0,10000.0,0.9995848528941044,1.686955193432612e-15,0.034048800958851,3800.0,2.8294435067613057,0.002644188702598,202.0,4.0,1.3294556140899658
778,O53562_MYCTU,O53562,Rv3517,setA,,,258.0,10000.0,0.776880250108277,6.3983844334545044e-52,2.1530380456522217e-13,9637.0,12.656700872824894,1.279085685809476e-22,5.0,3.0,38.099849700927734
779,O07421_MYCTU,O07421,Rv0177,setA,,,159.0,10000.0,0.9883031843652748,1.9881119845118306e-13,0.0002143793335488,8306.0,2.6876980611381702,0.0283236674494798,67.0,3.0,48.92055892944336
780,O07416_MYCTU,O07416,Rv0172,setA,,,392.0,10000.0,0.9643064885259186,6.046280629795593e-11,0.0008767600507524,7737.0,5.084462962147104,0.0015254807665226,179.0,7.0,3.5787508487701416
781,O06827_MYCTU,O06827,Rv1431,setA,,,581.0,10000.0,0.9804219971773862,4.585987028242981e-19,2.4264107544038386e-05,8757.0,4.991936396282381,7.68498672086355e-06,268.0,6.0,17.634552001953125
783,O07763_MYCTU,O07763,Rv0614,setA,,,40.0,10000.0,0.9999999999897728,5.862607555414685e-09,0.2656871402817289,1475.0,2.869783511766932,0.0970748437978586,14.0,5.0,2.7956087589263916
785,O69637_MYCTU,O69637,Rv3669,setA,,,111.0,10000.0,0.9999997825785976,1.810501422309573e-07,0.4334012686887645,301.0,2.891069883478293,0.7610102369796172,45.0,3.0,2.6558353900909424
786,O50464_MYCTU,O50464,Rv1249c,setA,,,134.0,10000.0,0.9934972718337638,4.6733270756239056e-12,0.0003369532245404,8122.0,4.44552888072553,0.1353175288362377,63.0,3.0,1.351158618927002
787,O07428_MYCTU,O07428,Rv0184,setA,,,217.0,10000.0,0.9998778048847028,8.154986354865524e-10,0.0177383753701793,4493.0,3.3203456149399444,0.0177383753701793,83.0,3.0,1.3427586555480957
788,O53781_MYCTU,O53781,Rv0585c,setA,,,671.0,10000.0,0.9271226186029996,4.222723391528791e-15,0.0053739004853716,5664.0,4.840469735907042,1.4554495721042462e-05,319.0,5.0,1.3369035720825195
789,O33223_MYCTU,O33223,Rv1227c,setA,,,153.0,10000.0,0.9855175874440922,2.999724927004705e-11,0.046201986063379,3052.0,3.261497277397813,0.0006375300807681,73.0,5.0,6.5115180015563965
790,O53260_MYCTU,O53260,Rv3013,setA,,,217.0,10000.0,0.9985609209300867,7.550824427000661e-13,0.0035820874108414,6296.0,2.6328818863417363,0.0005708669684114,74.0,3.0,4.495754241943359
791,I6YAV3_MYCTU,I6YAV3,Rv3005c,setA,,,152.0,10000.0,0.9972239506758196,1.4383686331929355e-09,0.0450651783217605,2136.0,3.487058682901529,0.1861933157797641,52.0,4.0,40.46742248535156
792,O53604_MYCTU,O53604,Rv0059,setA,,,227.0,10000.0,0.9999247899331218,8.828152491812414e-11,0.1017841631151517,2151.0,3.172912698361092,0.0065547665021988,157.0,5.0,9.86024570465088
793,O07238_MYCTU,O07238,Rv0311,setA,,,408.0,10000.0,0.9946168457336588,2.6474981155285603e-09,0.0395610623605258,3325.0,3.4053166133125594,0.0697544677490958,219.0,5.0,3.7004599571228023
794,I6YEW1_MYCTU,I6YEW1,Rv2990c,setA,,,256.0,10000.0,0.9975131965823584,2.6564555621748425e-12,0.0593865372937368,1980.0,4.674495556662329,0.6259619399099061,104.0,3.0,27.438146591186523
795,O33181_MYCTU,O33181,Rv1778c,setA,,,139.0,10000.0,0.9995453031494794,3.87778668133289e-07,0.2501896716886068,736.0,3.686252040573883,0.1946086726765076,73.0,4.0,11.40065574645996
796,O86320_MYCTU,O86320,Rv0976c,setA,,,559.0,10000.0,0.9995295822585348,8.493308234639843e-28,0.0272231331966166,3751.0,5.277716313195211,0.0626188374777258,255.0,5.0,1.3333913087844849
798,O50466_MYCTU,O50466,Rv1251c,setA,,,1089.0,10000.0,0.9794580034719856,6.446096625720155e-29,5.368910085690664e-05,7715.0,5.219232610987531,8.521407075715239e-11,432.0,7.0,4.875639915466309
799,I6YDM0_MYCTU,I6YDM0,Rv2516c,setA,,,226.0,10000.0,0.9989643095893392,2.0384842293325785e-11,0.002344565353193,6341.0,3.344525626682324,0.002344565353193,74.0,4.0,3.688563585281372
800,O53925_MYCTU,O53925,Rv1678,setA,,,273.0,10000.0,0.9800227098378091,9.551346300201858e-15,0.0288831709233672,3805.0,6.593263440974795,0.0100149756447743,121.0,12.0,10.696782112121582
801,I6XHG6_MYCTU,I6XHG6,Rv3527,setA,,,116.0,10000.0,0.9999328262742224,4.698191682069709e-10,0.220367836954642,1107.0,3.803561206993176,0.0057500589343399,42.0,5.0,2.8792779445648193
802,I6YGV9_MYCTU,I6YGV9,Rv3665c,setA,,,294.0,10000.0,0.9999155986110498,4.324602295478371e-16,0.0936415846829563,2588.0,2.7312563338641223,0.0309218517165191,152.0,3.0,3.064809799194336
803,O05861_MYCTU,O05861,Rv3205c,setA,,,282.0,10000.0,0.9988226587998296,1.4209618213563548e-14,5.300122240647909e-06,8856.0,5.291296835244058,1.174580555006315e-09,81.0,5.0,5.894458293914795
804,O06195_MYCTU,O06195,Rv2618,setA,,,202.0,10000.0,0.9997474524802632,5.027746192053624e-16,0.090605612702287,2220.0,3.994746213718262,0.090605612702287,95.0,4.0,1.3323428630828855
806,P71980_MYCTU,P71980,Rv1722,setA,,,465.0,10000.0,0.999487217877989,1.1246873834026177e-17,0.0037529683474597,5848.0,3.425076799385067,0.0005058720400343,247.0,4.0,1.33101487159729
808,O07246_MYCTU,O07246,Rv0320,setA,,,137.0,10000.0,0.999991129978678,3.501603740213197e-09,0.1079146550897085,2029.0,3.0570547892351096,0.0296746661064215,65.0,4.0,12.615973472595217
809,O53733_MYCTU,O53733,Rv0448c,setA,,,180.0,10000.0,0.9999698594173004,2.23021164769892e-08,0.2168215388625818,1186.0,5.99893658226191,0.0004096348359562,85.0,7.0,1.3274186849594116
810,O07729_MYCTU,O07729,Rv1903,setA,,,95.0,10000.0,0.999499654473324,3.966074102698198e-06,0.2544894449956637,463.0,2.439218974386568,0.5497554710458715,43.0,3.0,3.472590208053589
811,Q79FV6_MYCTU,Q79FV6,Rv0834c,setA,,,448.0,10000.0,0.3460265492163683,3.3852059596545793e-34,2.3803504034643138e-18,9987.0,10.359321241741196,3.016958590617379e-23,265.0,113.0,7.226212978363037
812,O06321_MYCTU,O06321,Rv3454,setA,,,405.0,10000.0,0.9943529212483057,4.89819869125706e-14,0.0814976204368353,2259.0,4.20177476080326,0.1359184592397407,236.0,7.0,1.3378374576568604
813,L0TCB8_MYCTU,L0TCB8,Rv3367,setA,,,435.0,10000.0,5.2314981021748326e-17,2.2474754921017225e-63,1.952033157574371e-54,10000.0,6.984161941064941,1.8203901210305546e-56,108.0,4.0,1.333225131034851
814,I6XHD1_MYCTU,I6XHD1,Rv3491,setA,,,134.0,10000.0,0.9934972718337638,2.95924142368967e-11,0.0269874632830079,3791.0,3.56908751491828,0.8515080504479622,55.0,4.0,1.336620211601257
815,L0TAY1_MYCTU,L0TAY1,Rv1907c,setA,,,141.0,10000.0,0.9953253650035424,3.144303136796144e-12,0.011215014445366,4869.0,4.679716111786383,0.087592235537077,112.0,14.0,6.15198278427124
816,O69708_MYCTU,O69708,Rv3741c,setA,,,152.0,10000.0,0.99999792682083,6.514874802309597e-09,0.2984732333017617,504.0,4.626740767588933,0.1440340045079191,82.0,5.0,6.8643412590026855
817,L0TEV4_MYCTU,L0TEV4,Rv3664c,setA,,,257.0,10000.0,0.9999998271245112,1.908215844950017e-13,0.1757819060847568,1828.0,3.606693864818633,0.1757819060847568,117.0,4.0,3.4215593338012695
819,P96873_MYCTU,P96873,Rv3268,setA,,,228.0,10000.0,0.9990374200542418,7.50671151569141e-13,0.0385045924378961,3529.0,3.196504118709167,1.3074467047288922e-05,105.0,3.0,3.2818336486816406
820,O69695_MYCTU,O69695,Rv3728,setA,,,842.0,10000.0,0.9993411328154992,8.083588128636616e-32,0.0367764866458937,3737.0,4.12725402299604,0.0113053400313037,416.0,6.0,3.4014956951141357
821,P96258_MYCTU,P96258,Rv0412c,setA,,,268.0,10000.0,0.9982379655706352,6.83190351861173e-13,0.0553540367423514,2892.0,2.534015597426055,0.0037271427020015,82.0,3.0,25.07884979248047
822,I6YA25_MYCTU,I6YA25,Rv2709,setA,,,30.0,10000.0,0.9999999909208508,0.0008995776840176,0.5940706297759378,74.0,1.488357446141704,0.9578462903438838,16.0,2.0,1.3334848880767822
823,O53972_MYCTU,O53972,Rv1971,setA,,,401.0,10000.0,0.9939810418094248,4.6795789306295704e-17,0.0449980896609705,3288.0,6.338281420318007,0.4696577662751042,240.0,12.0,1.3484177589416504
824,O53668_MYCTU,O53668,Rv0246,setA,,,364.0,10000.0,0.9747240405259932,3.5784614973106646e-16,0.0004819500319795,7344.0,3.902499909949881,0.0011701773730808,200.0,5.0,1.3380972146987915
825,I6YEZ8_MYCTU,I6YEZ8,Rv3027c,setA,,,238.0,10000.0,0.9958392323277172,1.4884191381771196e-13,0.0033029763146637,5958.0,3.885702117589959,2.123992337722432e-06,116.0,4.0,13.860873222351074
827,I6XHC3_MYCTU,I6XHC3,Rv3481c,setA,,,102.0,10000.0,0.9997432220979428,6.693788337141074e-09,0.0262556535435698,3823.0,2.713634547096022,4.90952022991587e-06,40.0,3.0,2.714139938354492
828,O06540_MYCTU,O06540,Rv1140,setA,,,221.0,10000.0,0.9998993542077552,2.690463169680032e-12,0.1826569432533429,1131.0,3.628502240195215,0.0193301798534927,92.0,3.0,5.935439109802246
829,O07437_MYCTU,O07437,Rv0193c,setA,,,576.0,10000.0,0.9795423684949446,2.00670651951312e-34,0.0025097116250448,6080.0,9.674582453132183,0.0057881200778862,362.0,26.0,6.7181220054626465
831,O06278_MYCTU,O06278,Rv3604c,setA,,,122.0,10000.0,0.9885863944925398,2.5339681559924707e-10,0.0752568770672115,1947.0,1.9769005136960212,0.3992468079438432,30.0,2.0,7.515519618988037
832,O53503_MYCTU,O53503,Rv2169c,setA,,,63.0,10000.0,0.9999998735626946,5.627221518096178e-06,0.2041071312213925,402.0,4.078306304637868,0.2938148385673388,21.0,4.0,3.133575916290283
833,P71813_MYCTU,P71813,Rv0756c,setA,,,156.0,10000.0,0.997704704732787,2.1950330949526035e-06,0.118429281090883,1440.0,4.685313413405694,0.0089884044307724,70.0,7.0,3.316204071044922
834,O53900_MYCTU,O53900,Rv0987,setA,,,723.0,10000.0,0.7384853609260859,2.116966926054777e-29,3.404647074643493e-07,9342.0,4.435441897909736,2.50782994904478e-06,504.0,7.0,5.127932071685791
835,I6X7D4_MYCTU,I6X7D4,Rv3463,setA,,,269.0,10000.0,0.9925834207353248,6.229124923445662e-17,3.715296961621348e-05,8582.0,3.3180668639207527,0.0038157862614715,118.0,4.0,16.7841796875
836,P71763_MYCTU,P71763,Rv1482c,setA,,,274.0,10000.0,0.9998229454409416,1.6954508594049688e-11,0.1696886359722161,1386.0,4.427603085729809,0.2896050851063702,150.0,5.0,7.091550827026367
838,L7N661_MYCTU,L7N661,Rv0160c,setA,,,448.0,10000.0,0.9998865460122844,5.235930454059901e-16,0.0670391607783321,2651.0,3.09905912332583,0.0265051794815325,266.0,6.0,3.3726911544799805
839,O65935_MYCTU,O65935,Rv1749c,setA,,,161.0,10000.0,0.9998935611059632,1.0032675868707813e-08,0.2672693528361006,636.0,3.626098292346829,0.0152078504164333,78.0,4.0,3.432873010635376
840,L7N673_MYCTU,L7N673,Rv1638A,setA,,,67.0,10000.0,0.9998205890529002,2.009318220749843e-06,0.3290594368174074,496.0,2.391587699412222,0.0434685836100744,28.0,3.0,4.569072246551514
841,I6YDZ2_MYCTU,I6YDZ2,Rv2647,setA,,,87.0,10000.0,0.9999913900874552,1.93968176022334e-07,0.0480147723964823,3154.0,3.1530339479711205,0.1508659282874967,12.0,1.0,7.971012115478516
842,O53671_MYCTU,O53671,Rv0249c,setA,,,259.0,10000.0,0.9977181995970286,3.099370511533258e-10,0.0021667533282446,6268.0,3.662209625316211,0.0618619197331303,70.0,3.0,6.030860900878906
843,O07784_MYCTU,O07784,Rv0594,setA,,,381.0,10000.0,0.9999339642475936,3.5379226588355162e-12,0.1147356881905082,2258.0,2.950692989077416,0.3379010769458977,189.0,3.0,5.184667587280273
845,I6WZ30_MYCTU,I6WZ30,Rv0679c,setA,,,90.0,10000.0,0.9999945545767056,4.122560072447464e-06,0.1644733042256052,1348.0,4.080949528731748,0.1644733042256052,42.0,4.0,5.795517921447754
846,O05805_MYCTU,O05805,Rv2854,setA,,,320.0,10000.0,0.9917330438347178,4.665858505310893e-12,0.0026534690964023,6322.0,6.291394568471242,0.0007934571287051,141.0,5.0,1.33063805103302
847,O07420_MYCTU,O07420,Rv0176,setA,,,293.0,10000.0,0.986254840374652,7.82607120943503e-16,0.0035906964292657,6145.0,9.19041982805112,0.166171938466396,155.0,24.0,9.871740341186523
848,I6Y479_MYCTU,I6Y479,Rv3658c,setA,,,202.0,10000.0,0.9997474524802632,1.818411862987349e-13,0.2253912746613882,785.0,4.078724369050318,0.3997310987948327,118.0,5.0,2.918454647064209
849,I6YAU3_MYCTU,I6YAU3,Rv2997,setA,,,473.0,10000.0,0.998103151553678,1.2764904558422887e-16,0.0012587580586821,6655.0,5.430249031917811,0.1106702337258611,197.0,5.0,4.511270046234131
850,I6YAY5_MYCTU,I6YAY5,Rv3033,setA,,,148.0,10000.0,0.99974863219095,3.445567273470398e-08,0.2836597556571628,521.0,3.919597597208549,0.7172406757022983,79.0,6.0,7.503699779510498
851,I6YCR8_MYCTU,I6YCR8,Rv3689,setA,,,265.0,10000.0,0.9980792826059548,1.3191454336277942e-11,0.1277588416218235,1954.0,3.439773175560484,0.1891522346074971,140.0,4.0,3.2772819995880127
852,O53342_MYCTU,O53342,Rv3196,setA,,,259.0,10000.0,0.9999841830164222,6.183685526376191e-23,0.0969035328243171,2625.0,4.259996644351621,0.0488502607877428,114.0,6.0,1.332647442817688
853,O06263_MYCTU,O06263,Rv3446c,setA,,,352.0,10000.0,0.99984575358001,9.595061691601742e-11,0.1833948902846967,1231.0,3.8792542169855104,0.6850649243615379,171.0,4.0,1.334450364112854
854,P96276_MYCTU,P96276,Rv0430,setA,,,67.0,10000.0,0.9998205890529002,5.129049142440389e-06,0.233886524255986,1386.0,3.2357129943072875,0.4472570109204709,9.0,2.0,10.624337196350098
856,I6Y2A3_MYCTU,I6Y2A3,Rv3016,setA,,,171.0,10000.0,0.9999451670875276,7.539545609314682e-07,0.1929417747878115,989.0,3.1716595192364525,0.872510913875195,58.0,3.0,7.368381977081299
858,P96265_MYCTU,P96265,Rv0419,setA,,,415.0,10000.0,0.999975665174994,3.4786229972720855e-14,0.0738224171344191,2491.0,3.5396629836901936,0.0010308207530095,180.0,4.0,7.759276390075684
859,O69694_MYCTU,O69694,Rv3727,setA,,,559.0,10000.0,0.9879729573058768,2.537417364464414e-20,0.0003073074641884,7463.0,4.479582405350718,0.0002385291269656,306.0,5.0,1.3470702171325684
860,P96376_MYCTU,P96376,Rv1024,setA,,,94.0,10000.0,0.9999970462657618,3.427742714797336e-06,0.182946998158836,514.0,4.582396559963673,0.182946998158836,34.0,4.0,1.335590124130249
862,I6YA75_MYCTU,I6YA75,Rv2772c,setA,,,144.0,10000.0,0.999672794939158,1.8439818710855238e-10,0.0181223318160979,4008.0,3.188883661930515,0.2687977875504966,47.0,3.0,2.9621264934539795
863,O33234_MYCTU,O33234,Rv2729c,setA,,,200.0,10000.0,0.9997218397355462,2.4125498977354693e-08,0.1779335278829341,815.0,4.119588598735144,0.1122836028676619,122.0,8.0,3.256190538406372
864,O33268_MYCTU,O33268,Rv0338c,setA,,,709.0,10000.0,0.9937145796423986,7.91029435007279e-28,3.536676200672202e-05,7934.0,3.021325963322018,3.536676200672202e-05,233.0,5.0,7.207043647766113
865,I6Y1G3_MYCTU,I6Y1G3,Rv2670c,setA,,,323.0,10000.0,0.9978677056911726,3.3450551226257278e-12,0.0084369806032363,5082.0,4.302464168681221,0.2464531123633697,125.0,4.0,15.70671272277832
866,I6X4D6_MYCTU,I6X4D6,Rv2474c,setA,,,208.0,10000.0,0.9902532008764284,6.063715227091255e-10,0.0076271278875554,5109.0,3.2872858838007466,0.0013005756882742,83.0,3.0,1.334842085838318
867,O53200_MYCTU,O53200,Rv2473,setA,,,142.0,10000.0,0.999994532889456,6.888170803966983e-10,0.2613561718990633,1069.0,3.2304723639205943,0.0008949524786215,58.0,3.0,5.776458740234375
868,I6WZH9_MYCTU,I6WZH9,Rv0817c,setA,,,260.0,10000.0,0.9977827403372354,3.0415050929868146e-18,0.0178885580357323,4424.0,5.530505209091126,0.0495547003639095,100.0,8.0,1.3364471197128296
869,O06237_MYCTU,O06237,Rv2138,setA,,,311.0,10000.0,0.9994912263015224,6.583574635449381e-15,0.0191768738796724,4210.0,2.6155999667642,0.0004553359736568,145.0,4.0,1.3442795276641846
870,Q10675_MYCTU,Q10675,Rv2064,setA,,,354.0,10000.0,0.9452158212914672,5.17629423875462e-10,0.002239503466522,6724.0,3.613592576096497,0.0337750136816199,123.0,5.0,8.149052619934082
871,O06619_MYCTU,O06619,Rv1571,setA,,,168.0,10000.0,0.9987050704174064,1.154772453227549e-08,0.0132617339220433,4770.0,3.5832541944486733,0.4323149083665475,68.0,2.0,1.3329087495803833
872,O07236_MYCTU,O07236,Rv0309,setA,,,193.0,10000.0,0.9996100997352126,8.560822746937711e-10,0.0342939330446569,3659.0,3.591604354287778,0.0784008830816294,70.0,4.0,3.5772037506103516
873,Q6MX49_MYCTU,Q6MX49,Rv0304c,setA,,,690.0,10000.0,0.9968317569584924,2.3701884046055024e-20,0.0249126015907228,3732.0,6.645959794268645,0.012851703451839,556.0,21.0,6.802894592285156
874,P95017_MYCTU,P95017,Rv2536,setA,,,141.0,10000.0,0.9996013482499542,2.458317414852229e-07,0.2011394416296523,616.0,2.632373328172727,0.2011394416296523,46.0,3.0,12.7510347366333
875,Q79FX5_MYCTU,Q79FX5,Rv0649,setA,,,173.0,10000.0,0.9999519893315266,2.625600457416356e-24,0.0016351256043829,6129.0,6.269287689716457,7.57248146343466e-08,15.0,5.0,24.46242904663086
876,O50383_MYCTU,O50383,Rv3354,setA,,,81.0,10000.0,0.999978514587676,1.119236744583336e-05,0.3380139796233299,337.0,2.9100324001205684,0.5705171228607941,45.0,3.0,1.3433873653411863
877,UMAA_MYCTU,Q6MX39,Rv0469,setB,1kph,D,284.0,10000.0,0.8813240166043631,4.2103697162224854e-20,9.87607115412602e-07,9339.0,3.7117386319344576,2.430791342154094e-06,162.0,7.0,2.9337164143795533
878,Y635_MYCTU,P9WFK1,Rv0635,setB,4rlj,A,144.0,10000.0,0.999672794939158,1.6476516013189394e-33,2.092765601564801e-09,8381.0,6.709774018742316,8.12175024129361e-05,117.0,73.0,7.4452713180917725
879,Y3376_MYCTU,P9WMS5,Rv3376,setB,2no4,A,197.0,10000.0,0.9996784990113128,2.624188005561089e-09,0.0645951709352557,2522.0,2.4273983406660835,0.5354287022401737,114.0,4.0,1.3318543463907744
880,Y196_MYCTU,P9WME1,Rv0196,setB,1sgm,A,178.0,10000.0,0.9999655686802876,4.224669299136918e-07,0.2630841563977203,582.0,3.01631061511577,0.2630841563977203,77.0,3.0,6.690376596276177
881,Y3740_MYCTU,P9WKA5,Rv3740c,setB,6chj,B,405.0,10000.0,0.9996869545413932,2.6882336423692203e-15,0.1151884065146162,2392.0,4.0304116656776685,2.0862616186501693e-08,221.0,3.0,1.3372034250629192
882,RPIB_MYCTU,P9WKD7,Rv2465c,setB,2vvp,E,158.0,10000.0,0.9998701745931144,1.3174890978590936e-11,0.0044752974224426,5942.0,4.2813017503975495,0.0066080562413867,38.0,2.0,9.123982135011008
883,RF2_MYCTU,P9WHG1,Rv3105c,setB,6szs,z,357.0,10000.0,0.9990345739162024,2.296959629894358e-17,0.1135855757280431,1874.0,2.797479607801009,0.0023717665124049,114.0,3.0,1.3341727774167549
884,RL14_MYCTU,P9WHD9,Rv0714,setB,5v7q,K,121.0,10000.0,0.9985219493468624,5.124799074958704e-10,0.0073440366122921,5180.0,4.757645174063717,0.0073440366122921,29.0,3.0,6.6979355774746
885,RBPA_MYCTU,P9WHJ5,Rv2050,setB,6c04,J,108.0,10000.0,0.9965602705604246,4.1712799959412495e-14,0.1378319423551585,1709.0,3.7456366528918728,0.0223991740794963,24.0,5.0,1.3184870116917993
886,Y484_MYCTU,P9WGR5,Rv0484c,setB,6ixj,J,235.0,10000.0,0.9999490259774364,5.557699272640282e-11,0.1126619856131653,2110.0,4.042082417077166,0.4268660971310388,110.0,4.0,20.872452131936964
887,Y2231_MYCTU,P9WQ89,Rv2231c,setB,1bkg,B,328.0,10000.0,0.9996895283589494,5.6587438444843976e-15,0.0722544697003788,2800.0,3.301351419555956,0.0307109188847512,153.0,4.0,1.3289868321394367
888,Y2633_MYCTU,P9WL59,Rv2633c,setB,6q09,A,160.0,10000.0,0.9981028241446328,8.861855124799727e-09,0.0732256815085103,1840.0,2.6100162370827564,0.0014099788727358,80.0,3.0,7.085702294056672
889,MRAZ_MYCTU,P9WJN9,Rv2166c,setB,1n0g,B,135.0,10000.0,0.993796281364088,3.542933892612294e-21,2.558974225767263e-09,9649.0,4.892770804523924,5.696764050219979e-09,15.0,2.0,1.3312272533267933
890,TKT_MYCTU,P9WG25,Rv1449c,setB,3rim,D,693.0,10000.0,0.4120152987174504,5.034808460429515e-48,1.436718044794971e-23,9991.0,5.7843847241520745,4.5662945787986895e-25,247.0,5.0,1.3399451481310718
891,UPP_MYCTU,P9WFF3,Rv3309c,setB,5e38,D,203.0,10000.0,0.9976036526992794,1.7240676500383954e-08,0.0419330239383669,3426.0,3.972958886990328,0.0236212256062387,90.0,2.0,6.998855334981572
892,YHI2_MYCTU,P9WML1,Rv1262c,setB,3o0m,B,134.0,10000.0,0.9999881453783565,1.7427924580606638e-10,0.1353175288362377,1747.0,4.280737623831897,0.1010654577843235,69.0,8.0,2.894614482102935
893,TYRA_MYCTU,O69721,Rv3754,setB,5uyy,B,261.0,10000.0,0.9978454714475502,3.68587410113157e-21,0.0796914356875157,3003.0,3.939020695388802,0.7117656491311273,100.0,5.0,1.3433488005726582
894,TYSY_MYCTU,P9WFR9,Rv2764c,setB,4fqs,B,261.0,10000.0,0.9910929250050866,1.2054719385336043e-09,0.0078406399789931,5142.0,5.46326884500204,0.0078406399789931,226.0,13.0,1.3302646353263712
895,Y2285_MYCTU,P9WKB5,Rv2285,setB,6chj,B,402.0,10000.0,0.9999643398223224,1.0796904225660266e-12,0.0103011742307415,4934.0,3.042270062383012,0.024786673673683,194.0,3.0,9.196045128205933
896,Y1711_MYCTU,P9WHQ1,Rv1711,setB,4lgt,D,236.0,10000.0,0.9992820398398954,4.953595195884731e-16,4.735440657035552e-05,8524.0,3.447090443290658,8.785092350326011e-09,90.0,4.0,11.47759574126916
897,RSFB_MYCTU,P9WGE1,Rv3687c,setB,4qtp,D,115.0,10000.0,0.9999260546649764,2.217182616638952e-05,0.5604432802018713,115.0,2.9809624001825887,0.1622539691977319,54.0,2.0,3.9737187872319386
898,Y1999_MYCTU,P9WQM3,Rv1999c,setB,6f2g,A,384.0,10000.0,0.9994871198368468,2.151116642572568e-11,0.0565372537879935,2917.0,3.257403877835752,0.3902350184125764,210.0,4.0,1.321077590454096
899,Y2302_MYCTU,P9WLD5,Rv2302,setB,2a7y,A,80.0,10000.0,0.9979304754193016,6.204705118805349e-10,0.0131918855487954,4770.0,1.7389027619690485,2.1207668356439592e-05,38.0,3.0,8.193819011913797
900,Y2684_MYCTU,P9WPD9,Rv2684,setB,5ul9,B,393.0,10000.0,0.9995848528941044,2.3273019977010582e-11,0.034048800958851,3538.0,3.634884171923215,0.0885543146458965,159.0,4.0,1.3310315548475915
901,Y1407_MYCTU,P9WGX3,Rv1407,setB,1sqf,A,413.0,10000.0,0.9985995005211852,2.3292574587082136e-12,0.1029980703259847,2012.0,3.3495311588954126,0.2606529038866194,187.0,4.0,5.341423593013384
902,Y802_MYCTU,P9WQG7,Rv0802c,setB,2vzz,D,211.0,10000.0,0.9998365811059609,3.129893015647019e-12,0.008259826568078,5038.0,3.3515777660825448,0.0154972153653074,81.0,4.0,2.7785517810542997
903,UPPP_MYCTU,P9WFF9,Rv2136c,setB,5oon,A,262.0,10000.0,0.99972418555424,1.8547020324291512e-18,0.0400539776246973,3442.0,3.5495804164083604,0.0400539776246973,120.0,7.0,1.3319012726174582
904,Y2685_MYCTU,P9WPD7,Rv2685,setB,5ul9,B,392.0,10000.0,0.9825893103959664,2.824229216610381e-15,0.00027209953187,7593.0,5.233351510701572,1.0129631841918097e-05,154.0,6.0,3.4506667471664088
905,VPC10_MYCTU,P9WFA7,Rv1397c,setB,6nkl,B,120.0,10000.0,0.9999542705402878,6.427023895802433e-07,0.3889566002413223,460.0,2.5812368817247084,0.1345267544367508,57.0,4.0,7.0912742155412385
906,VPC42_MYCTU,P9WF57,Rv2759c,setB,4xgr,E,122.0,10000.0,0.9986152849047164,6.512103422710935e-06,0.1037443176856442,1641.0,3.743685306304173,0.3992468079438432,65.0,3.0,5.0861908143521255
907,Y3168_MYCTU,P9WI99,Rv3168,setB,3ats,A,351.0,10000.0,0.9988892867488932,3.065441931350518e-11,0.0742135308256881,2686.0,4.69677822278932,0.3358221962926428,182.0,6.0,3.289610007280498
908,PUR9_MYCTU,P9WHM7,Rv0957,setB,4a1o,B,517.0,10000.0,0.9657418994587568,9.887211406418087e-26,1.0591410399555813e-08,9478.0,5.156116816919728,5.894562477102211e-07,165.0,4.0,15.48096673337941
909,VPC32_MYCTU,P9WF73,Rv1114,setB,6a7v,A,116.0,10000.0,0.9999328262742224,3.566810496338474e-08,0.3681092757882149,493.0,2.9238488001272613,0.0057500589343399,54.0,3.0,1.3214276370653049
910,VPC19_MYCTU,P9WF93,Rv2548,setB,6sd6,C,118.0,10000.0,0.9982028415308298,2.180403199744443e-08,0.0025141353328443,6852.0,2.6929662421659333,0.0025141353328443,52.0,3.0,3.335521548423875
911,VPC40_MYCTU,P9WF61,Rv2596,setB,2fe1,A,121.0,10000.0,0.9985219493468624,1.4888933047222062e-06,0.1837887312163978,1232.0,2.894891823289563,0.2413258877381482,57.0,3.0,4.972698462605589
912,VPC27_MYCTU,P9WF83,Rv0598c,setB,2fe1,A,124.0,10000.0,0.9999688862540644,1.1272748474018881e-08,0.2539329564816052,1043.0,3.971141338071333,0.0190169948849143,61.0,4.0,1.328552219523193
913,Y293_MYCTU,P9WFI9,Rv0281,setB,6id6,A,280.0,10000.0,0.9942384811715432,2.24943590169439e-14,5.726918160519787e-05,8412.0,4.215368413721561,0.0048866891568031,125.0,3.0,1.327148070111244
914,Y2229_MYCTU,P9WLH3,Rv2229c,setB,5y05,A,233.0,10000.0,0.9991985404089968,2.4616771401422777e-17,0.136839473856389,1578.0,3.046650014373684,0.3578264227693802,90.0,3.0,1.33220156132621
915,Y2887_MYCTU,P9WME9,Rv2887,setB,5x7z,A,130.0,10000.0,0.9999825550858976,6.051816281484407e-08,0.2167760643833724,773.0,4.120602809109788,0.0339887032312893,41.0,3.0,9.465155096457744
916,Y3143_MYCTU,P9WGL7,Rv3143,setB,3cnb,C,120.0,10000.0,0.9999542705402878,5.239244796071856e-06,0.2371270217389813,872.0,2.997000656924305,0.2371270217389813,39.0,3.0,17.480921800637404
917,SUGA_MYCTU,P9WG03,Rv1236,setB,7caf,A,284.0,10000.0,0.9837311226348432,1.1658330178457898e-17,0.0005848661058171,7366.0,3.004864068230086,0.0053210633736541,125.0,4.0,3.9805203177474255
918,Y851_MYCTU,P9WFI3,Rv0830,setB,6id6,A,293.0,10000.0,0.9999124083938216,4.529715394277754e-09,0.0304836211620658,3073.0,3.772142217628986,0.0926668392784754,119.0,5.0,8.34611921793596
919,Y1077_MYCTU,P9WP51,Rv1077,setB,4l3v,B,431.0,10000.0,0.977117620657678,1.965206708231449e-17,0.0001077556525736,8592.0,3.893506690456983,4.080823801004176e-06,153.0,4.0,3.196629631346091
920,ZUR_MYCTU,P9WN85,Rv2359,setB,2o03,A,127.0,10000.0,0.9990011445713586,3.707212254916102e-07,0.2057123692776182,1020.0,2.241103669884132,0.5205374811596403,213.0,7.0,1.3369128617826966
921,Y2250_MYCTU,P9WMC5,Rv2250c,setB,6ayi,A,179.0,10000.0,0.999235472226732,3.094774075068189e-10,0.266061420751187,907.0,3.5953045036635185,0.2141544531030539,48.0,4.0,3.192434337617616
922,Y1279_MYCTU,P9WMV5,Rv1279,setB,3nne,H,504.0,10000.0,0.9988506259839126,6.825896817135539e-25,0.0049181609735284,5652.0,4.66662645583323,0.8668281239460293,227.0,7.0,1.3283662898462911
923,URE1_MYCTU,P9WFF1,Rv1850,setB,1fwa,C,566.0,10000.0,0.9983610668699622,7.288549278488599e-22,0.0240971054389869,4245.0,3.921439462566091,0.0027724997641235,267.0,4.0,7.856021066672361
924,Y880_MYCTU,P9WMF1,Rv0880,setB,4yif,D,132.0,10000.0,0.9928559203724407,3.387351566177117e-07,0.1298952790210848,1480.0,3.119168641960508,0.2241787168007856,29.0,2.0,3.87538114254585
925,Y2319_MYCTU,P9WLB5,Rv2319c,setB,3cis,A,281.0,10000.0,0.999994609851554,6.176872241130233e-10,0.1228538549647195,2038.0,2.613846819500538,0.0325992013475578,119.0,3.0,1.325779016276862
926,Y927C_MYCTU,P9WGQ5,Rv0927c,setB,1fmc,B,242.0,10000.0,0.9994239852610676,2.766142149804097e-15,0.0983339115966797,2720.0,3.522304242557152,0.4456033385342115,103.0,4.0,4.878027982699566
927,Y0687_MYCTU,P9WGS7,Rv0687,setB,3pgx,A,270.0,10000.0,0.9997947301640596,2.471433643220145e-10,0.0039058512244278,6075.0,5.71255143831718,1.1101446493555391e-05,87.0,5.0,3.7370363926512686
928,Y3329_MYCTU,O53379,Rv3329,setB,6io1,B,437.0,10000.0,0.9904858329369128,3.418749066510102e-17,0.0102164840997975,4877.0,4.255367462719108,0.0051666464891796,181.0,6.0,1.3354433720678704
929,Y1496_MYCTU,P9WPZ1,Rv1496,setB,4gt1,A,301.0,10000.0,0.9993201637392468,5.641253560595143e-11,0.0210902149511077,4438.0,4.528745841873282,3.479823555256958e-06,113.0,3.0,3.4140865542630876
930,Y1812_MYCTU,P9WJJ1,Rv1812c,setB,5kmq,D,365.0,10000.0,0.9999940188343625,1.458843516911941e-17,0.1209600673662447,2024.0,6.385368954370668,0.3591595680123552,189.0,10.0,3.5507882223528915
931,Y3188_MYCTU,O53334,Rv3188,setB,6fkg,C,108.0,10000.0,0.9998553175757652,5.535452530634377e-07,0.3254826136706033,622.0,2.5488787182673587,0.0059804271335805,48.0,3.0,3.31377262346106
932,Y3284_MYCTU,P9WGC3,Rv3284,setB,1wlo,A,131.0,10000.0,0.9992312704167275,6.94590818663416e-08,0.1272060071315955,1737.0,2.094636786133377,0.1272060071315955,58.0,4.0,6.184788921216309
933,Y3401_MYCTU,P9WN13,Rv3401,setB,1h54,B,734.0,10000.0,0.9666950242112332,9.333481008396044e-30,7.778708358964631e-09,9650.0,5.24457061052383,2.882593495687609e-16,462.0,6.0,1.3273424576950763
934,Y2026_MYCTU,P9WFD1,Rv2026c,setB,3cis,B,288.0,10000.0,0.99900988069365,1.4441813162158956e-14,0.0023728159574303,5891.0,3.4362914281163555,1.2120300423138108e-06,138.0,4.0,6.334821307661331
935,VAPC9_MYCTU,P9WFA9,Rv0960,setB,1v8o,A,116.0,10000.0,0.9999328262742224,4.60407550763792e-05,0.3681092757882149,325.0,3.5476458227056007,0.4616797288678104,42.0,3.0,5.8090271991100195
936,VPC26_MYCTU,O53779,Rv0582,setB,5x3t,D,135.0,10000.0,0.9994086524835366,2.558974225767263e-09,0.0278682316465615,4013.0,3.926731091630439,0.0395627753311295,59.0,4.0,7.319411588372393
937,Y2912_MYCTU,P9WMC7,Rv2912c,setB,3e7q,B,181.0,10000.0,0.9993054672883672,9.165296485482182e-12,0.0001100597162127,8376.0,2.921365199952556,0.0002760190633648,60.0,4.0,1.3213179027016937
938,VPC18_MYCTU,P95007,Rv2546,setB,5sv2,A,131.0,10000.0,0.9992312704167275,1.204352786528194e-06,0.1272060071315955,1392.0,2.240812921893312,0.0167604393910258,62.0,3.0,6.957217044192311
939,Y1414_MYCTU,P9WLY3,Rv1414,setB,3wqc,A,120.0,10000.0,0.9874700030874856,6.427023895802433e-07,0.0352232969293178,2321.0,4.081580306211817,0.0241391115593784,56.0,4.0,8.878272072875443
940,WHIB1_MYCTU,P9WF43,Rv3219,setB,5oay,A,76.0,10000.0,0.9969861786740772,1.205621765491037e-07,0.0278184251490672,3145.0,3.2309285856289054,0.0058218033140921,21.0,3.0,8.464142839059368
941,Y1276_MYCTU,P9WGF9,Rv1276c,setB,4hbz,A,153.0,10000.0,0.9999981186436008,1.5404717600733875e-08,0.3021663853934918,708.0,4.197597151359536,0.046201986063379,77.0,4.0,14.179493573467283
942,Y2623_MYCTU,P9WFD7,Rv2623,setB,3cis,A,289.0,10000.0,0.9953166184519654,2.1179489755944166e-10,0.0287633452672686,3927.0,3.3269510984827497,0.0006740102803937,136.0,3.0,7.194038782214051
943,Y2750_MYCTU,P9WGS5,Rv2750,setB,3sx2,C,257.0,10000.0,0.9975834814828344,7.65518169377609e-13,0.00205386440166,6395.0,3.480116191663528,3.383769932979039e-05,107.0,4.0,7.308663968195557
944,Y1898_MYCTU,P9WFQ1,Rv1898,setB,2eky,G,93.0,10000.0,0.9999965578920798,2.9525294027073905e-06,0.4229637996512901,306.0,2.179994730006796,0.1782978862332949,60.0,6.0,1.3305461284750697
945,Y525_MYCTU,O06391,Rv0525,setB,4ij6,B,185.0,10000.0,0.9954000637964208,5.58747284860881e-14,8.560857625339889e-05,7998.0,3.7982751269971513,0.0001364947929075,56.0,3.0,15.278857450738911
946,Y3552_MYCTU,P9WPV9,Rv3552,setB,6con,D,248.0,10000.0,0.9968729789097988,8.209370152175907e-12,0.002237355543297,6294.0,3.292448519868303,0.6057843296245379,98.0,4.0,6.965005312273639
947,Y2140_MYCTU,P9WFN1,Rv2140c,setB,4beg,A,174.0,10000.0,0.9990283160121848,1.3244676391646282e-12,0.0017040743105642,6545.0,2.7296583621783954,4.391029816650346e-08,54.0,3.0,3.4983773381383574
948,Y2556_MYCTU,P9WFP9,Rv2556c,setB,2p6c,A,123.0,10000.0,0.99870276993465,9.583595737017097e-09,0.1437012669253536,1178.0,2.2632277171142854,0.018304600921959,48.0,3.0,3.8551536934342834
949,Y2632_MYCTU,P9WL61,Rv2632c,setB,2fgg,A,84.0,10000.0,0.9999863946735704,6.478589618559882e-07,0.4696647398566654,220.0,2.886450459938757,0.1943904743668632,51.0,3.0,1.3298593910635812
950,Y3895_MYCTU,P9WFH3,Rv3787c,setB,6id6,A,284.0,10000.0,0.9998777179211568,5.26363218881577e-13,0.002935315065269,6158.0,3.4813669052019924,0.0340525772516474,184.0,7.0,6.847188182020413
951,FAC13_MYCTU,P9WQ37,Rv3089,setB,3r44,A,496.0,10000.0,0.99869174734961,1.622704203995138e-21,0.0794231986889631,2711.0,3.650813538801021,0.1466363303318323,240.0,5.0,1.3437990921264975
952,FAC23_MYCTU,P9WQ47,Rv3826,setB,3kxw,A,546.0,10000.0,0.9939636232157384,2.320879006444411e-13,0.0006775258707369,7518.0,3.500917564710524,0.057656321768967,357.0,5.0,1.330498402855112
953,CISY2_MYCTU,P9WPD3,Rv0889c,setB,6wgy,D,370.0,10000.0,0.9999950400460658,2.0654607645133956e-19,0.072935883960799,3063.0,3.462372871917631,0.3207724059166207,232.0,5.0,1.3353550089770032
954,BFRB_MYCTU,P9WNE5,Rv3841,setB,3qd8,A,172.0,10000.0,0.9999486910422344,1.1209664339291297e-11,0.3036353967238778,660.0,3.028782440657579,0.992654355210864,66.0,3.0,2.9354950178802905
955,FAD10_MYCTU,P9WQ55,Rv0099,setB,3r44,A,489.0,10000.0,0.9757276166479696,2.297183453651051e-25,5.069529054824236e-07,9270.0,7.566277892800342,7.215295065653305e-07,210.0,12.0,5.0182771944164255
956,CP51_MYCTU,P9WPP9,Rv0764c,setB,2w09,A,421.0,10000.0,0.9987995165016909,3.989381850603776e-18,0.00523683855691,5561.0,4.303495393592982,0.000379424576204,208.0,4.0,1.34597808303107
957,AMIB2_MYCTU,P9WQ97,Rv1263,setB,3a2p,A,444.0,10000.0,0.9913438207801633,3.746166141732132e-12,0.0071326770987896,5383.0,5.026431384799697,0.0013118048384057,209.0,7.0,1.3290635801194792
958,CLPB_MYCTU,P9WPD1,Rv0384c,setB,5og1,A,783.0,10000.0,0.8200063767304884,1.2491218500963287e-28,1.1537412236134812e-11,9748.0,4.864458495232515,1.2491857951265428e-15,193.0,6.0,9.37433794995678
959,CINAL_MYCTU,P9WPE3,Rv1901,setB,4uoc,A,387.0,10000.0,0.9999446156040082,1.4810829348108182e-16,0.1418779148147561,1764.0,3.676885670570944,0.2633963350874168,210.0,4.0,7.426070899203695
960,FAC17_MYCTU,O53551,Rv3506,setB,4fuq,A,455.0,10000.0,0.99254033389607,8.614221909904309e-15,0.0283320153849894,3899.0,4.946768977658886,0.0986902182780055,206.0,6.0,3.4749040274516947
961,CH602_MYCTU,P9WPE7,Rv0440,setB,6kfv,B,522.0,10000.0,0.7926323162492522,1.239570750799808e-39,7.651240077754875e-15,9928.0,3.375834281621608,1.0540529234799624e-11,89.0,3.0,10.927593239135511
962,FADA5_MYCTU,I6XHI4,Rv3546,setB,4ubt,A,388.0,10000.0,0.1965795636295615,6.349028953733683e-36,1.634867610612466e-16,9987.0,3.942330491119732,1.1518223079869397e-12,115.0,4.0,4.5424009070094185
963,ACCD_MYCTU,P9WQH9,Rv0904c,setB,1vrg,B,448.0,10000.0,0.9635472293193243,3.5501126279159606e-24,1.3115667937182832e-05,8567.0,2.4964685827869624,3.441738282098594e-05,154.0,3.0,3.275277850808994
964,CP121_MYCTU,P9WPP7,Rv2276,setB,4g44,A,394.0,10000.0,0.9830485066286448,3.0166007627248884e-10,0.027997300725774,3563.0,3.9563944254499264,0.3579304485910645,107.0,4.0,1.351648992897194
965,COAE_MYCTU,P9WPA3,Rv1631,setB,6n39,A,402.0,10000.0,0.9982694917039696,3.347913249537034e-16,0.0004556526974518,6931.0,5.579286908876851,0.0003400098219613,146.0,7.0,13.85506791755276
966,CSM2_MYCTU,P9WJG1,Rv2822c,setB,6ifk,C,112.0,10000.0,0.999901384413231,4.569603589829234e-07,0.3469368910624262,561.0,2.590913545494151,0.5432523909746058,50.0,3.0,3.58569560894396
967,CITEL_MYCTU,P9WPE1,Rv2498c,setB,6aq4,C,266.0,10000.0,0.9772435086984248,8.056774821448189e-18,1.4198731178757664e-05,8368.0,5.419870895764809,1.5244731238964929e-06,112.0,5.0,1.328473936515129
968,CH601_MYCTU,P9WPE9,Rv3417c,setB,4v4o,D,524.0,10000.0,0.9998372323574164,1.4060116887637674e-26,0.0419016235686633,3460.0,3.322386459209514,0.0061897221825673,194.0,4.0,15.26499855879456
969,COAA_MYCTU,P9WPA7,Rv1092c,setB,4bfz,B,306.0,10000.0,0.9730955382043702,3.741926926328012e-15,0.0010541637600515,6512.0,3.45699825301148,0.0014408261428477,73.0,2.0,6.7352939802209075
970,BCPB_MYCTU,P9WID9,Rv1608c,setB,5epf,A,153.0,10000.0,0.999819303262422,6.314708059396151e-08,0.084509924657425,2411.0,3.469877073016524,0.0010071903796572,54.0,3.0,4.711251426107505
971,APEB_MYCTU,P9WHT1,Rv0800,setB,4njr,D,406.0,10000.0,0.998397576871021,1.4176916958253154e-16,0.0032722870306247,5917.0,3.7679090671383446,0.7087947087937962,191.0,5.0,1.322499527410124
972,CMR_MYCTU,P9WMH5,Rv1675c,setB,5w5b,A,224.0,10000.0,0.9999129927921748,2.3978045816959856e-10,0.1885984349124415,1776.0,3.242088398112058,0.1885984349124415,105.0,4.0,3.2233040501944608
973,ARGD_MYCTU,P9WPZ7,Rv1655,setB,2ord,A,373.0,10000.0,0.9969826350341116,5.853138513252934e-12,0.0110834056486764,4885.0,3.275719026534756,0.0024286349912658,133.0,3.0,4.888851194299128
974,GLTB_MYCTU,P96218,Rv3859c,setB,6s6s,C,1451.0,10000.0,4.118961862809328e-26,4.7488260447651705e-151,1.901419979083495e-87,10000.0,6.627108604140817,1.901419979083495e-87,441.0,5.0,3.7044284309458497
975,DDL_MYCTU,P9WP31,Rv2981c,setB,3q1k,D,342.0,10000.0,0.8979295186568921,9.470803312543332e-23,3.2986463860043645e-08,9562.0,3.8859750305466254,5.5318022148965055e-06,110.0,3.0,3.5141262071815187
976,GLTD_MYCTU,P9WN19,Rv3858c,setB,6s6x,K,458.0,10000.0,0.6109995980258821,4.7759548662133155e-33,1.1790858340186036e-16,9990.0,4.539361112731417,4.9005840493767766e-09,135.0,4.0,23.490262110074458
977,FAD21_MYCTU,P9WQ49,Rv1185c,setB,3kxw,A,539.0,10000.0,0.8084199295779225,8.447523943404717e-30,4.685333098870614e-10,9690.0,5.0468772445444525,4.378451482050209e-17,187.0,4.0,1.327170298040161
978,FAD25_MYCTU,P9WQ45,Rv1521,setB,3kxw,A,543.0,10000.0,0.997752242765707,3.236631495788822e-26,0.0016699727003566,6251.0,3.954263206991601,0.0904645015541154,227.0,4.0,1.333738355150669
979,FAD3_MYCTU,P96843,Rv3561,setB,3r44,A,473.0,10000.0,0.9941557569272312,1.1106199352606691e-24,9.265071000781977e-09,9333.0,5.685419394683907,2.6806895196638223e-09,171.0,6.0,1.3386250408534863
980,FURA_MYCTU,P9WN87,Rv1909c,setB,2rgv,B,136.0,10000.0,0.9999902293355908,5.819002802844397e-10,0.3042218841117739,691.0,3.5114371500144963,0.0061494735964997,125.0,5.0,1.3329681166479592
981,CPDA_MYCTU,P9WP65,Rv0805,setB,3ib7,A,295.0,10000.0,0.999191242640223,2.0412290578186016e-15,0.0946198377311566,2632.0,3.1852739186190875,0.0769184730377321,146.0,5.0,1.3296544663934295
982,AHPE_MYCTU,P9WIE3,Rv2238c,setB,4xih,B,152.0,10000.0,0.99999792682083,2.9947032393186413e-13,0.0009574525831393,7393.0,3.153830065417274,0.7324858565547966,38.0,2.0,1.3300962371197067
983,ARGJ_MYCTU,P9WPZ3,Rv1653,setB,1vz6,B,367.0,10000.0,0.877175981366161,3.742731116066096e-14,2.023903340933177e-06,8945.0,3.876123392006072,7.734160645433338e-09,83.0,4.0,1.350828264436306
984,CISY1_MYCTU,P9WPD5,Rv0896,setB,4e6y,A,417.0,10000.0,0.950559946117292,1.988729165463903e-49,1.614552582752225e-21,9988.0,5.279548754659656,3.358186318087689e-17,93.0,4.0,4.277883004477799
985,FUMC_MYCTU,P9WN93,Rv1098c,setB,6s88,C,451.0,10000.0,0.9646112603882994,5.1810484977584675e-21,6.269508753416777e-07,9069.0,4.510786661779561,1.29508037013466e-06,123.0,3.0,4.572952437977027
986,BE_MYCTU,P9WQ27,Rv3031,setB,3n8t,A,488.0,10000.0,0.0040363027167729,1.272576694287535e-44,7.682956139003902e-17,10000.0,4.477214051185248,3.0233292818306024e-14,140.0,3.0,3.837128874562328
987,BFR_MYCTU,P9WPQ9,Rv1876,setB,2fkz,G,155.0,10000.0,0.9999984507841468,1.9788066140032892e-08,0.3095381339228708,518.0,3.070072397424893,0.4636128545859405,67.0,5.0,1.3293223837730326
988,FADA4_MYCTU,P9WG69,Rv1323,setB,4o9c,H,386.0,10000.0,0.9331309153098571,2.1998080152432182e-26,3.9270824270463226e-07,9116.0,4.442327488927734,5.281234219701349e-09,180.0,5.0,1.3390701998028336
989,ATPL_MYCTU,P9WPS1,Rv1305,setB,2w5j,V,78.0,10000.0,0.9999660935606112,9.264211155857391e-09,0.3159773744682432,911.0,2.303737782012236,0.229699732954995,14.0,2.0,3.505977324513099
990,FADB2_MYCTU,P9WNP7,Rv0468,setB,6hrd,A,284.0,10000.0,0.9837311226348432,5.26363218881577e-13,0.002935315065269,6074.0,5.227898186060571,0.0015733062468635,109.0,4.0,3.242780442768211
991,C135A_MYCTU,P9WPN1,Rv0327c,setB,5a1r,A,417.0,10000.0,0.9953376369189948,1.2986365178238111e-20,2.707914110239184e-07,9462.0,6.013171906620753,0.00019389820181,209.0,7.0,3.8508057598378014
992,BIOD_MYCTU,P9WPQ5,Rv1570,setB,6nn0,A,225.0,10000.0,0.9798207674689042,2.3894637131492616e-13,0.0005225320878752,7337.0,4.801163712374704,0.0044925525066745,53.0,5.0,20.13525398399534
993,CMAS2_MYCTU,P9WPB5,Rv0503c,setB,3hem,A,291.0,10000.0,0.3237777681219441,3.2876883870119907e-28,2.0384782466137546e-12,9959.0,4.507309119724608,5.200870788353863e-06,74.0,4.0,14.711661700841276
994,AMI4_MYCTU,P9WQ93,Rv3375,setB,4wj3,J,452.0,10000.0,0.997339906922636,9.943315071932982e-12,0.0275411407092282,3749.0,4.245357435591812,0.2074592411119388,211.0,4.0,3.2010907516032914
995,COAD_MYCTU,P9WPA5,Rv2965c,setB,1tfu,A,157.0,10000.0,0.9978113874736056,5.212333391983947e-14,0.0190945905267401,4424.0,3.280195052463991,3.709473507184694e-07,17.0,2.0,1.329578880698698
996,CP126_MYCTU,P9WPN9,Rv0778,setB,5lie,B,397.0,10000.0,0.9980950260596504,2.4874318103457345e-13,0.0764014972256149,2741.0,3.369011020911997,0.695582315028196,165.0,5.0,1.3309755820449911
997,AHPD_MYCTU,P9WQB5,Rv2429,setB,1knc,A,174.0,10000.0,0.9999550763455274,1.3244676391646282e-12,0.2511717441070836,858.0,4.965672997679029,0.0729316981042936,74.0,5.0,1.330951914984161
998,CLPP2_MYCTU,P9WPC3,Rv2460c,setB,5dkp,J,193.0,10000.0,0.9965555850548236,1.294408498335385e-15,0.0069964637889337,5536.0,5.332902009909197,0.0069964637889337,27.0,2.0,4.66596624505579
999,BCP_MYCTU,P9WIE1,Rv2521,setB,5enu,B,147.0,10000.0,0.9997314949807534,3.2539110451607518e-09,0.0742352775120839,2602.0,2.9609668560541005,0.0742352775120839,64.0,3.0,1.3398406621684524
1000,UNG_MYCTU,P9WFQ9,Rv2976c,setB,4ws1,A,224.0,10000.0,0.9793605263363968,1.134571302275678e-17,6.447071063070101e-05,8182.0,6.04557868762097,4.15635350586208e-05,80.0,8.0,3.308283694002072
1001,Y2216_MYCTU,P9WGP7,Rv2216,setB,4b4o,A,284.0,10000.0,0.9998777179211568,4.442909426717678e-10,0.1034999930756971,2051.0,2.558356911715754,0.8240804055098974,126.0,3.0,14.656665684936666
1002,Y2603_MYCTU,P9WGA5,Rv2603c,setB,1kon,A,232.0,10000.0,0.9950635201144028,2.929473832701961e-13,0.053210133857372,3117.0,2.7360584683351683,0.086337490846865,65.0,2.0,7.8485796167204676
1003,Y038_MYCTU,P9WFK5,Rv0038,setB,2gs5,A,185.0,10000.0,0.9814099076376844,2.661888149651505e-09,0.0077911650616187,5437.0,2.8285969017710677,0.0387446136837246,82.0,3.0,4.024157675837267
1004,Y986_MYCTU,P9WQK1,Rv0986,setB,5xu1,B,224.0,10000.0,0.9999129927921748,4.5931970883137383e-10,0.1885984349124415,820.0,3.1456394650878887,0.6183107772033154,126.0,5.0,21.595575958978262
1005,Y2175_MYCTU,O53509,Rv2175c,setB,2kfs,A,146.0,10000.0,0.9997131960408197,5.118535095021748e-16,0.0532500024248119,3273.0,4.628401958566632,0.097531843502065,73.0,8.0,2.7845019303279352
1006,VAPB2_MYCTU,O07227,Rv0300,setB,3h87,C,72.0,10000.0,0.9999157490165697,4.4423234610248767e-08,0.3721987116440793,416.0,3.508842253337464,0.0568647231949717,28.0,2.0,17.993715458459377
1007,VAPC4_MYCTU,O07783,Rv0595c,setB,6sd6,C,117.0,10000.0,0.9999389800251232,5.74792617176264e-10,0.0653663917119955,3172.0,5.615814976712916,0.2245507123933858,56.0,8.0,1.3314443285394977
1008,Y1714_MYCTU,P9WGQ3,Rv1714,setB,5g4l,B,252.0,10000.0,0.8326028180912637,7.671069837690922e-19,1.764541117897825e-05,8838.0,3.411574772995282,1.1380428056800309e-05,143.0,4.0,3.717812528893838
1009,TYPH_MYCTU,P9WFS1,Rv3314c,setB,1brw,B,418.0,10000.0,0.973449156329569,5.110615790001034e-23,3.028158429791792e-05,8113.0,4.314256207028651,2.7889948077699873e-09,161.0,4.0,1.3403839002315767
1010,Y1333_MYCTU,P9WM23,Rv1333,setB,4ihe,B,315.0,10000.0,0.9974326410145112,1.6472292956367952e-12,0.0258357370027564,3905.0,5.6448896041478696,0.0325955608973461,130.0,7.0,6.374685639308031
1011,VPC23_MYCTU,P9WF89,Rv2863,setB,5wz4,A,118.0,10000.0,0.9999445720500312,8.208261019466056e-06,0.2970693054244186,297.0,2.539070823984423,0.9862463175016228,38.0,2.0,3.653526926135903
1012,Y3037_MYCTU,P9WJZ3,Rv3037c,setB,3ll7,A,329.0,10000.0,0.9996984319142848,2.812000574232992e-13,0.0055165367751006,5526.0,2.6051608014397973,0.0311043130047909,149.0,5.0,1.3422261359398433
1013,Y1947_MYCTU,P9WFH7,Rv1896c,setB,6id6,A,285.0,10000.0,0.7611044266015962,6.212311216041317e-17,1.635041130597787e-06,9435.0,5.073527801021863,6.893895855556245e-05,145.0,4.0,3.314423780991202
1014,PUNA_MYCTU,P9WP01,Rv3307,setB,1g2o,B,261.0,10000.0,0.9750299120415415,4.146719348418346e-15,0.0001328630723124,7989.0,3.091013438297673,2.6495768981807897e-05,93.0,4.0,1.3291452140379556
1015,RRF_MYCTU,P9WGY1,Rv2882c,setB,4kc6,A,178.0,10000.0,0.9940795824893944,2.419287508998631e-06,0.1024062821686413,1316.0,4.613849760793732,0.0331538261014017,75.0,5.0,3.0155251615597582
1016,RELK_MYCTU,P9WF09,Rv3358,setB,3oei,G,83.0,10000.0,0.999984155247355,5.353834476448793e-07,0.3525558446640866,326.0,2.070403533339387,0.9829268385630148,29.0,2.0,3.370671298124459
1017,SYV_MYCTU,P9WFS9,Rv2448c,setB,1ivs,B,845.0,10000.0,0.9993613600954464,1.27062690905706e-34,0.0134492816040716,4789.0,4.598724863099756,0.024437752071718,274.0,4.0,4.299960581214673
1018,PATR_MYCTU,P9WML5,Rv3772,setB,4r2n,C,351.0,10000.0,0.9999899021576468,8.221918400919812e-21,0.0898463198940183,2568.0,2.8107645369227727,0.1294237768974701,156.0,3.0,3.4665172724219913
1019,NDK_MYCTU,P9WJH7,Rv2445c,setB,4ane,C,133.0,10000.0,0.9931840396078484,2.0169943597523808e-08,0.0034931492900938,6397.0,2.9197192727545644,6.146917702298297e-05,31.0,2.0,3.2507399157730226
1020,PIMA_MYCTU,P9WMZ5,Rv2610c,setB,4nc9,C,342.0,10000.0,0.9846787309559571,1.5670658272063514e-11,0.001317172537671,7245.0,6.1521535281284505,0.0069081376852112,109.0,7.0,8.476712688300816
1021,PIMB_MYCTU,P9WMZ3,Rv2188c,setB,3oka,A,371.0,10000.0,0.8315767113134338,1.4498654884636088e-17,1.057875592772725e-05,8957.0,3.777751160644574,3.4546333886077715e-06,117.0,4.0,15.51711136133269
1022,PPIA_MYCTU,P9WHW3,Rv0009,setB,1w74,A,170.0,10000.0,0.9988232012773136,2.8595916091844143e-08,0.0890069712580206,2551.0,4.141816740867764,0.2970488674010539,73.0,5.0,1.3357372496116144
1023,PIPS_MYCTU,P9WPG7,Rv2612c,setB,6h59,A,199.0,10000.0,0.9874413652852956,8.58084397803158e-10,0.0158678502874722,4264.0,2.05638682635417,0.0668698007064136,60.0,3.0,3.1207199489861313
1024,PHOU2_MYCTU,P9WI95,Rv0821c,setB,4q25,A,207.0,10000.0,0.9979280786710258,3.861913597510812e-09,0.0590067524178761,2511.0,2.3778218800655417,0.0590067524178761,46.0,2.0,4.918364158945532
1025,RL4_MYCTU,P9WH85,Rv0702,setB,5v7q,E,207.0,10000.0,0.9998016778835822,6.6027834586152306e-21,0.0976533560114813,2175.0,4.799863358044518,0.0976533560114813,59.0,4.0,1.3352861116629515
1026,TPIS_MYCTU,P9WG43,Rv1438,setB,3gvg,A,256.0,10000.0,0.9900151940334372,1.8522845949066016e-17,1.3780080867485512e-05,8885.0,3.1604716618683035,0.0051966999659374,77.0,3.0,30.159996767241203
1027,AROK_MYCTU,P9WPY3,Rv2539c,setB,2g1j,A,159.0,10000.0,0.9980102281391852,8.472883409182476e-10,0.0099617328274137,5333.0,2.4914406429613933,0.01429622469959,50.0,2.0,1.3289127134616494
1028,AHPC_MYCTU,P9WQB7,Rv2428,setB,2bmx,B,178.0,10000.0,0.9991978908926896,2.571588378924404e-12,0.0447137867639626,3107.0,5.92573371192909,0.0176102570037321,53.0,5.0,6.798486669840575
1029,ESPR_MYCTU,P9WJB7,Rv3849,setB,3r1f,B,130.0,10000.0,0.9991792228558724,1.2752041450270716e-07,0.0046940960403825,5841.0,3.146764432856744,0.000256576616699,55.0,5.0,4.984468075933483
1030,MOAE1_MYCTU,P9WJR3,Rv3119,setB,4ap8,A,133.0,10000.0,0.9999869427561848,1.851122985250196e-09,0.1325992738581681,1479.0,3.795504163194393,0.3671985287378068,66.0,7.0,16.07171901197877
1031,STF0_MYCTU,O53699,Rv0295c,setB,1tex,B,242.0,10000.0,0.996288063206262,1.2101972251829808e-13,0.0018880505406065,6712.0,2.427873736726612,0.000307907696049,106.0,4.0,1.3259272227388583
1032,SYW_MYCTU,P9WFT3,Rv3336c,setB,6dfu,A,327.0,10000.0,0.9806132121343076,1.1116704016240525e-21,2.0229336178766427e-06,8914.0,3.640453805375393,0.0005012621497067,73.0,3.0,3.1831946217597196
1033,PYRR_MYCTU,P9WHK3,Rv1379,setB,1w30,B,176.0,10000.0,0.9991171371790872,3.70364494968593e-09,0.0231076909632946,4025.0,2.8677305673241142,0.3852414826222396,56.0,2.0,3.421876239725807
1034,SUCD_MYCTU,P9WGC7,Rv0952,setB,2nu6,A,285.0,10000.0,0.998920290443373,2.4568574651390264e-15,0.00084221092514,7080.0,3.667474487159567,0.3642736030149101,97.0,4.0,16.188735126624316
1035,SMC_MYCTU,P9WGF3,Rv2922c,setB,6yvu,A,1095.0,10000.0,0.9379446652586578,1.905988525397956e-23,5.893135776278509e-06,8537.0,4.412625479000188,0.0027158568600344,340.0,5.0,3.3412371960098883
1036,TRPD_MYCTU,P9WFX5,Rv2192c,setB,3twp,A,345.0,10000.0,0.9675030680546736,6.798567053850238e-23,0.0042983271485175,5835.0,9.406922597120843,0.6729119894139283,164.0,33.0,1.326674790594891
1037,TRPE_MYCTU,P9WFX3,Rv1609,setB,5cwa,A,505.0,10000.0,0.9619830440226936,6.615710765293148e-33,1.0303884554278859e-10,9776.0,4.546300678151019,2.1623120130984943e-08,175.0,6.0,9.07039828232476
1038,STHA_MYCTU,P9WHH5,Rv2713,setB,6uzi,A,438.0,10000.0,0.9991352703513948,1.8834564197239232e-11,0.0430243470218348,3423.0,4.627110255476983,0.073971300840729,198.0,4.0,1.3320574311943176
1039,MOEA2_MYCTU,P9WJQ5,Rv0438c,setB,2nrp,A,382.0,10000.0,0.9974600503139056,1.6988744370615217e-18,0.0036932227518633,6041.0,3.82966079870638,0.0455812138272692,155.0,7.0,3.4542214752386684
1040,PPOX_MYCTU,P9WMP1,Rv2677c,setB,3lov,A,430.0,10000.0,0.9989908165741987,5.142632967824922e-18,7.749246411955143e-05,8060.0,3.3466094611843773,0.0006001683053915,77.0,2.0,7.983730268489789
1041,PKS11_MYCTU,P9WPF3,Rv1665,setB,4jat,C,351.0,10000.0,0.9867026418772856,3.3335824276596423e-19,0.0004829167692501,7133.0,3.3636687420610976,1.628906980638149e-05,178.0,5.0,4.3583085021599866
1042,PKS15_MYCTU,P96284,Rv2947c,setB,4mz0,B,410.0,10000.0,0.9947859848569508,2.060071514200357e-16,2.4343415727114016e-05,8455.0,5.456119956918138,0.0027076637390266,236.0,8.0,3.360386882488381
1043,RL35_MYCTU,P9WH91,Rv1642,setB,5v7q,3,62.0,10000.0,0.9996190050108632,2.6989248658845604e-15,0.0317864090701705,3912.0,4.695854212928715,0.93667814989971,46.0,26.0,11.290623942014893
1044,RIR1_MYCTU,P9WH75,Rv3051c,setB,2bq1,F,685.0,10000.0,0.99882926343279,2.3991039384397843e-24,0.0123860365204513,4742.0,6.305053344983605,0.0241266606140835,128.0,6.0,3.5152025546189964
1045,RNC_MYCTU,P9WH03,Rv2925c,setB,1o0w,B,219.0,10000.0,0.9986622642912208,6.5304839985659145e-09,0.0327144390159677,3381.0,3.5680569239567204,0.525275989331621,34.0,3.0,2.758542006205451
1046,PYRD_MYCTU,P9WHL1,Rv2139,setB,1f76,A,324.0,10000.0,0.9234751189824432,1.5488161680847621e-21,5.0619755608506336e-08,9546.0,3.1438432246888204,3.158834789306261e-07,92.0,3.0,3.31311967788669
1047,THRC_MYCTU,P9WG59,Rv1295,setB,2d1f,A,349.0,10000.0,0.9862769343135676,2.411628296497017e-31,3.155307344588964e-05,7906.0,9.063141029175709,2.784139188007965e-07,135.0,22.0,1.3652208612528582
1048,Y2282_MYCTU,P9WMF3,Rv2282c,setB,6g1b,B,285.0,10000.0,0.998920290443373,2.570820409830726e-19,0.0437283669485948,3169.0,3.810668034902372,0.1277633037863166,133.0,5.0,1.3385028950286166
1049,Y1738_MYCTU,P9WLS3,Rv1738,setB,4wpy,A,88.0,10000.0,0.9999926089855544,3.045652489066988e-05,0.2933791324777273,315.0,3.584580656680856,0.6236687096244466,59.0,5.0,1.3283741942690692
1050,Y2910_MYCTU,P9WL25,Rv2910c,setB,4n3v,B,135.0,10000.0,0.9999892375330038,3.572838064841523e-06,0.3000539306408795,604.0,4.38944847959431,0.3000539306408795,61.0,3.0,1.335488300210827
1051,Y3127_MYCTU,P9WL07,Rv3127,setB,2ymv,A,316.0,10000.0,0.9524533029295252,2.5100535760803743e-19,3.136351505438452e-05,8812.0,3.7506893951776736,6.027055515546811e-11,138.0,3.0,3.243362606925103
1052,Y1734_MYCTU,P9WLS7,Rv1734c,setB,6pbr,A,74.0,10000.0,0.9999999942141572,4.136528529334168e-05,0.6478499030217721,43.0,3.029033281739705,0.3890886157753905,44.0,4.0,4.423444472354098
1053,VPC51_MYCTU,L0T5V6,Rv0229c,setB,5sv2,A,133.0,10000.0,0.9931840396078484,1.880574410084332e-07,0.0053894302883598,5737.0,3.625417360204556,0.0053894302883598,84.0,5.0,1.323950527776624
1054,VPC12_MYCTU,P9WFA3,Rv1720c,setB,2fe1,A,117.0,10000.0,0.99808197317434,9.020545688956264e-07,0.2923137843897797,393.0,5.282937908031128,0.8813792294544567,57.0,5.0,1.3275880385119452
1055,Y1770_MYCTU,P9WFH9,Rv1729c,setB,6id6,A,283.0,10000.0,0.9998731034959,1.2510591797731574e-13,0.0535805730209663,2956.0,4.865124972308675,0.1521937390507708,144.0,5.0,9.854326816175725
1056,VPC13_MYCTU,P9WFA1,Rv1838c,setB,5wz4,A,118.0,10000.0,0.9999445720500312,4.8984400651792964e-08,0.2970693054244186,963.0,3.263042599465876,0.0040336676641489,47.0,3.0,11.699024275553926
1057,RL16_MYCTU,P9WHD5,Rv0708,setB,5v7q,M,134.0,10000.0,0.9999881453783565,6.107053574537347e-06,0.1010654577843235,1624.0,4.111855786603833,0.8515080504479622,50.0,3.0,1.3321212407284873
1058,Y0793_MYCTU,O86332,Rv0793,setB,1y0h,B,98.0,10000.0,0.9999983992639576,5.048932565687615e-05,0.2709711159021449,414.0,4.954713486775904,0.0335034256589283,39.0,4.0,1.360438164710177
1059,TRXB_MYCTU,P9WHH1,Rv3913,setB,2a87,B,304.0,10000.0,0.9993767463320896,1.4843189982529821e-15,0.0005238398404075,7281.0,3.17586395872164,5.652822635360851e-09,180.0,5.0,1.337294283245091
1060,TSAC_MYCTU,P9WGC9,Rv1301,setB,6f8y,D,197.0,10000.0,0.9996784990113128,3.4326361315562467e-10,0.0493123209911911,3175.0,2.8435806808291564,0.5354287022401737,53.0,4.0,9.179169951580588
1061,MTCA1_MYCTU,P9WPJ7,Rv1284,setB,1ylk,C,162.0,10000.0,0.9999003837021788,8.679006739618903e-13,3.4093229244882856e-05,8571.0,2.9330909534255323,0.000157070780237,50.0,3.0,5.3504233477361405
1062,SIGK_MYCTU,P9WGH7,Rv0445c,setB,2q1z,A,173.0,10000.0,0.9929134508125086,5.848919874662641e-12,0.0400423531861056,2955.0,2.757389700345199,0.535040257562653,48.0,3.0,11.501045561165297
1063,RS6_MYCTU,P9WH31,Rv0053,setB,5v93,f,95.0,10000.0,0.999499654473324,8.452289071324028e-06,0.3373844959679902,338.0,2.391419871675761,0.0954379448161322,53.0,4.0,7.268270358207652
1064,Y1264_MYCTU,P9WMU9,Rv1264,setB,1y10,A,360.0,10000.0,0.9961323101515585,4.527568219191933e-16,0.1641772887654567,1320.0,2.7483470175712803,0.5127359952442212,152.0,3.0,1.332893469111463
1065,URE3_MYCTU,P9WFE7,Rv1848,setB,2fvh,A,98.0,10000.0,0.9996239533561894,6.027538160265309e-06,0.2017089599629974,680.0,2.917910801166415,0.4564618073762397,53.0,4.0,1.3497218231917298
1066,VAPC5_MYCTU,P96917,Rv0627,setB,3dbo,B,126.0,10000.0,0.999974340683472,3.0160939476087707e-09,0.2623397946920008,786.0,2.723880924387637,0.2020375199529309,47.0,3.0,1.3207248010089017
1067,Y1413_MYCTU,P9WLY5,Rv1413,setB,3wqd,A,163.0,10000.0,0.999999288255852,2.559341591603624e-08,0.2739014891768122,833.0,2.616962797872954,0.5861262561753258,82.0,4.0,1.342971704839683
1068,Y2923_MYCTU,P9WL19,Rv2923c,setB,1vla,A,123.0,10000.0,0.9999657401921828,9.384109043883604e-07,0.3207264023087547,414.0,4.834964353686591,0.4043567674607353,52.0,4.0,1.3375720541339065
1069,Y1524_MYCTU,P9WN07,Rv1524,setB,1iir,A,373.0,10000.0,0.6577852119585602,3.543824848584318e-31,1.494184075077814e-07,9134.0,6.624848903793505,1.0035388815328403e-09,42.0,3.0,17.43841079341808
1070,Y3134_MYCTU,P9WFD3,Rv3134c,setB,3cis,D,248.0,10000.0,0.9968729789097988,5.842749918959539e-11,0.1609445521966327,867.0,2.378137164157069,0.3961089688262239,111.0,3.0,1.3287686028801244
1071,Y1526_MYCTU,P9WLV1,Rv1526c,setB,5gl5,B,391.0,10000.0,0.6864871575760553,4.601088449178873e-21,1.0722287342908463e-09,9966.0,7.413095331552679,8.315641926386826e-13,197.0,11.0,1.3412874412295075
1072,TSAD_MYCTU,P9WHT7,Rv3419c,setB,3zet,B,327.0,10000.0,0.9996803634165662,7.9153146289184e-13,0.127575573810314,1669.0,3.342452776104882,0.0240900027402387,109.0,3.0,6.010340007021231
1073,Y3788_MYCTU,P9WKW7,Rv3788,setB,2p4v,F,147.0,10000.0,0.9999966323837028,5.7444929951161906e-11,0.2799478952553812,1087.0,3.076780773839049,0.0395834242020199,80.0,5.0,8.14491583750256
1074,Y3874_MYCTU,P9WFH5,Rv3767c,setB,6id6,A,299.0,10000.0,0.9962817509792103,8.527723877390589e-11,0.0159031600125879,4508.0,2.51278314180318,0.5160925431059656,133.0,5.0,3.314423780991202
1075,PURE_MYCTU,P9WHM1,Rv3275c,setB,3lp6,D,166.0,10000.0,0.9999235866773714,2.1024992655964032e-14,0.0060214661784831,5362.0,4.882363797996196,0.0124785753255675,28.0,5.0,11.439127326854967
1076,PURL_MYCTU,P9WHL7,Rv0803,setB,3viu,A,696.0,10000.0,0.9929397349785948,7.623453149143724e-31,6.170895694455607e-07,8817.0,3.7051742401220578,1.3345095863450779e-09,191.0,4.0,1.3300018796979198
1077,MOAE2_MYCTU,P9WJR1,Rv0866,setB,6jbz,C,139.0,10000.0,0.9999999971125858,2.198691959112781e-08,0.4825967292419251,370.0,2.8182860441266984,0.2501896716886068,70.0,4.0,1.3171283156928926
1078,RL23_MYCTU,P9WHB9,Rv0703,setB,5v7q,T,97.0,10000.0,0.9930097588869066,4.142791206303856e-12,0.0001684285261769,8278.0,4.010545310726144,9.109260132115305e-08,40.0,4.0,1.332427483955502
1079,TRMD_MYCTU,P9WFY7,Rv2906c,setB,5zhl,A,207.0,10000.0,0.9979280786710258,1.2045321721134405e-23,0.0762828957941755,2854.0,4.258959324556742,0.0451972355097464,58.0,6.0,6.490196067916592
1080,TRMI_MYCTU,P9WFZ1,Rv2118c,setB,1i9g,A,264.0,10000.0,0.9997438097992404,5.394746498300367e-14,0.0083529479019196,5041.0,3.5262162366633736,0.1026305334723429,93.0,4.0,3.8254848058775504
1081,SECY_MYCTU,P9WGN3,Rv0732,setB,5mg3,Y,413.0,10000.0,0.9485870643259714,5.221282523031199e-14,0.0004290108950042,8151.0,5.664123768471489,6.73725064487622e-06,125.0,3.0,6.6582361778476935
1082,TIG_MYCTU,P9WG55,Rv2462c,setB,1w26,A,420.0,10000.0,0.9997801646312948,5.0757423076402215e-16,0.1496140272158661,1910.0,4.177579332209929,0.1275542625708057,145.0,5.0,7.939427498251997
1083,MNTH_MYCTU,P9WIZ5,Rv0924c,setB,6d91,A,394.0,10000.0,0.9932711673094864,7.890498647987105e-26,1.7250118461501162e-06,8792.0,5.2099588911040975,0.1260877595958562,151.0,8.0,1.3312655632893076
1084,MOAD_MYCTU,L7N6B4,Rv3112,setB,1jwb,D,78.0,10000.0,0.9999660935606112,7.35674127786242e-05,0.0749483529513129,1331.0,2.6414196127229816,0.0115747387465423,44.0,3.0,1.3177590826854522
1085,IFTNT_MYCTU,O05443,Rv3902c,setB,4qlp,A,175.0,10000.0,0.999957965561365,2.0746196393853363e-14,0.0561202498073013,3000.0,5.367950537469757,0.0973073034180377,150.0,31.0,1.3240989389014717
1086,MUTB_MYCTU,P9WJK5,Rv1493,setB,6oxd,A,736.0,10000.0,0.8291211760195438,3.796736097804556e-32,2.738271831295184e-10,9770.0,4.148051891033071,1.288577015078387e-16,259.0,3.0,13.17750701005315
1087,PRPC_MYCTU,I6Y9Q3,Rv1131,setB,3hwk,D,365.0,10000.0,0.1698910709379272,9.582996270024636e-57,9.58249576272152e-26,9997.0,3.750457464450744,2.1970677221735377e-25,71.0,3.0,8.87827539559345
1088,PEPAM_MYCTU,I6Y4D2,Rv3717,setB,7agm,A,218.0,10000.0,0.9986125103000386,6.341109988025797e-11,0.0242366102847626,4009.0,2.579872439088436,0.0018264525924454,44.0,3.0,1.3326492411733872
1089,RS14_MYCTU,P9WH59,Rv2056c,setB,6dzk,N,100.0,10000.0,0.9942356257694902,6.617357604827956e-08,0.0363842878749173,3111.0,2.5174321334480503,0.0240558028410945,45.0,3.0,1.3335775193066126
1090,RISA_MYCTU,P9WK35,Rv1412,setB,1i8d,B,188.0,10000.0,0.9995039376836444,2.3128822049942623e-10,0.0060125573710844,5445.0,4.256399492938307,0.0547746577022317,81.0,5.0,1.3425539095321273
1091,RNPA_MYCTU,P9WGZ3,Rv3923c,setB,4jg4,A,105.0,10000.0,0.9999994531361084,1.450391005858102e-05,0.3983074626092783,247.0,2.6524860766004994,0.7302873720079128,92.0,3.0,3.0823609457686927
1092,RIR2H_MYCTU,P9WH69,Rv0233,setB,3ee4,A,289.0,10000.0,0.9953166184519654,6.343880326533133e-14,0.0009386010929041,6888.0,4.195204106557034,3.687790773337153e-05,141.0,6.0,1.3224677689834288
1093,RL18_MYCTU,P9WHD1,Rv0720,setB,5v7q,O,116.0,10000.0,0.9999328262742224,1.1640295809307039e-09,0.2875518401111476,920.0,2.9929591496665067,0.5660616272614291,23.0,3.0,1.332834948521384
1094,TRHBO_MYCTU,P9WN23,Rv2470,setB,2qrw,A,126.0,10000.0,0.998933644820766,3.4066883926252904e-08,0.1139970999121997,1925.0,5.799042017645691,0.5153840849057941,40.0,3.0,1.3317019185989063
1095,SERA_MYCTU,P9WNX3,Rv2996c,setB,3ddn,A,526.0,10000.0,0.9467127704444894,9.31630586617034e-20,3.310489516262847e-05,8322.0,4.547924169352981,4.619245031314872e-09,160.0,5.0,1.3438541587538484
1096,SUGPH_MYCTU,Q6MWZ7,Rv3214,setB,2a6p,B,193.0,10000.0,0.9996100997352126,1.4483016328011109e-07,0.2036372366773225,883.0,3.75256162434754,0.3715560907464605,113.0,4.0,1.333725983851258
1097,TATD_MYCTU,O08343,Rv1008,setB,2gzx,A,251.0,10000.0,0.9971302242052884,5.053539578542031e-10,0.0150938633264671,4445.0,2.716381517633725,0.0084804396379033,124.0,3.0,3.865674067999014
1098,SYY_MYCTU,P9WFT1,Rv1689,setB,2jan,A,419.0,10000.0,0.9987523426079066,4.8933175269108255e-15,0.0102168677222682,4983.0,3.9944214154989,0.6692116907670699,128.0,4.0,7.149672300182716
1099,RL24_MYCTU,P9WHB7,Rv0715,setB,6dzi,V,96.0,10000.0,0.9995450637600084,4.784814231812497e-09,0.0048015512126986,5828.0,3.349470331607939,0.0028571213967068,28.0,2.0,3.326428865916143
1100,RS14Z_MYCTU,P9WH57,Rv0717,setB,5v93,n,59.0,10000.0,0.9999996132375278,0.0004820893962583,0.2581982265802555,131.0,2.690866530692199,0.985367199478116,41.0,3.0,1.3276840738669684
1101,RL1_MYCTU,P9WHC7,Rv0641,setB,4v6o,BC,227.0,10000.0,0.9990015289329776,1.3246240231733789e-08,0.0631790299645244,2566.0,5.457022798726454,0.1274668091304509,77.0,5.0,8.128726591539406
1102,TRUB_MYCTU,P9WHP7,Rv2793c,setB,2ab4,A,272.0,10000.0,0.9930764426942778,7.41951941420021e-12,0.0011451883994283,7024.0,3.4545793294085705,4.195478507876981e-05,86.0,3.0,4.319565718912033
1103,GUAA_MYCTU,P9WMS7,Rv3396c,setB,1gpm,A,491.0,10000.0,0.8563275187258743,9.697845254217463e-29,1.8881565746391143e-08,9629.0,4.41651482338295,1.987271379746908e-12,98.0,4.0,1.3326432380798636
1104,PUR3_MYCTU,P9WHM5,Rv0956,setB,3da8,A,210.0,10000.0,0.971728916384512,6.026430617454707e-13,0.0004335989271626,7717.0,3.628840815258762,0.0620624057952886,79.0,3.0,1.3488268977151945
1105,QCRB_MYCTU,P9WP37,Rv2196,setB,6hwh,b,534.0,10000.0,0.9845292747048958,2.54815455916496e-24,6.546055517484064e-06,8487.0,8.910820328253452,0.1765662363155836,158.0,9.0,3.215433096800488
1106,NARG_MYCTU,P9WJQ3,Rv1161,setB,1q16,A,1211.0,10000.0,0.9713924595983195,1.147965676303514e-80,3.149703868538377e-25,9936.0,5.826242577204941,1.972300003216092e-41,386.0,9.0,3.1827200630906898
1107,PUR7_MYCTU,P9WHN1,Rv0780,setB,3r9r,A,292.0,10000.0,0.995629615196716,6.298484153981229e-13,0.0026036512170962,6240.0,2.636842260209058,0.030048647139394,97.0,3.0,1.3261466736375698
1108,RL20_MYCTU,P9WHC5,Rv1643,setB,5v7q,Q,122.0,10000.0,0.9999622772584094,5.746296271059605e-12,0.245526950846505,935.0,2.3521536051776297,0.0259668802407712,31.0,3.0,3.7279809548869745
1109,SCOA_MYCTU,P9WPW5,Rv2504c,setB,3dlx,B,245.0,10000.0,0.9999686787794688,8.191842856345457e-11,0.1905839971065536,1314.0,4.611393476753216,0.2770433694700844,130.0,5.0,3.02493867706438
1110,RL13_MYCTU,P9WHE1,Rv3443c,setB,5v7q,J,139.0,10000.0,0.9995453031494794,2.198691959112781e-08,0.0443195354789738,3086.0,6.154118131817516,0.2501896716886068,48.0,7.0,7.610582960588483
1111,PTPA_MYCTU,P9WIA1,Rv2234,setB,1u2p,A,156.0,10000.0,0.9998518086888252,2.2370157364418642e-08,0.3132161083057798,727.0,2.919205972154886,0.0260843183549499,66.0,3.0,1.3310649871437537
1112,RSMG_MYCTU,P9WGW9,Rv3919c,setB,1xdz,A,202.0,10000.0,0.1822435303284646,6.735797171126387e-15,1.606737395510859e-06,9909.0,7.6352796014518995,0.0007029167364756,1548.0,75.0,1.328515713117463
1113,TRES_MYCTU,P9WQ19,Rv0126,setB,3zo9,A,546.0,10000.0,0.9733913109232476,1.2461615313345702e-32,1.2026757264161842e-10,9644.0,4.6035354956294015,0.0245714145933181,200.0,6.0,1.331938812408441
1114,TRKA_MYCTU,P9WFZ3,Rv2692,setB,4j9v,B,213.0,10000.0,0.9998516667736742,1.5453269214417636e-15,0.2521569617261825,881.0,2.999192660057276,0.1669660899544466,81.0,4.0,2.914226483991936
1115,TRLR_MYCTU,O53193,Rv2466c,setB,4nxi,A,194.0,10000.0,0.9999881472184844,1.3492338098671822e-08,0.1651104436367289,1513.0,5.506615486310794,0.8531722792713791,88.0,6.0,24.02570773151126
1116,PLPHP_MYCTU,P9WFQ7,Rv2148c,setB,3cpg,A,234.0,10000.0,0.9953367881712814,2.248056107602253e-09,0.007786120681491,5038.0,3.969099929786657,0.1384179354842032,112.0,3.0,1.3328600826793546
1117,PPE50_MYCTU,Q6MX07,Rv3135,setB,5xfs,B,84.0,10000.0,1.0,8.006899918552509e-28,0.0005884488356093,6070.0,4.848576466057124,0.2679411701873415,8.0,8.0,
1118,PPGK_MYCTU,P9WIN1,Rv2702,setB,1woq,B,241.0,10000.0,0.9999619383335708,1.0381761451082728e-10,0.0369884571609172,3533.0,4.454285319911384,0.1833020963720225,198.0,6.0,10.88428118894399
1119,RL9_MYCTU,P9WH79,Rv0056,setB,5o60,H,150.0,10000.0,0.9997797100657202,2.4455055716506636e-05,0.139062193154796,925.0,5.0991322009549975,0.0793097733189107,96.0,5.0,7.21881250622289
1120,RMLA_MYCTU,P9WH13,Rv0334,setB,6b5e,D,286.0,10000.0,0.9843286097714244,2.0239029587834768e-21,4.347731794834283e-07,9388.0,3.954898355179131,4.347731794834283e-07,64.0,3.0,25.555933479331173
1121,PHP_MYCTU,P9WHN9,Rv0230c,setB,4if2,A,324.0,10000.0,0.9923352866796092,1.6251963260765928e-18,9.020720516311794e-06,8587.0,3.6814719736979127,3.294072864742693e-10,165.0,4.0,7.382884869751119
1122,MGTA_MYCTU,P9WMY5,Rv0557,setB,4nc9,A,343.0,10000.0,0.9946540884170594,1.744472902978653e-12,0.0368816017318564,3075.0,4.843733515004799,0.3223452296638722,183.0,5.0,14.042214996217654
1123,MIAA_MYCTU,P9WJW1,Rv2727c,setB,2zm5,A,288.0,10000.0,0.984904522198453,2.873397022937326e-14,0.0004667658986197,7259.0,3.1024928073141367,5.437178785887903e-09,98.0,3.0,1.3294622973217387
1124,IRTB_MYCTU,P9WQJ7,Rv1349,setB,2onj,B,522.0,10000.0,0.9920106805050908,6.559244299737186e-20,6.816317786708428e-07,9366.0,9.84492093084721,9.12981816616833e-06,152.0,14.0,3.0229381402867026
1125,MUTT1_MYCTU,P9WIY3,Rv2985,setB,5gg5,A,289.0,10000.0,0.9649819706401834,9.618698265526166e-20,5.111528282233081e-07,9451.0,3.669631148770826,2.483396676842653e-05,122.0,4.0,1.3327764253617331
1126,RPOC_MYCTU,P9WGY7,Rv0668,setB,6ee8,D,1264.0,10000.0,0.0065723478257863,5.135721079806008e-98,5.575054429908194e-36,10000.0,17.895196551689157,8.547007756857317e-51,1940.0,277.0,14.461009957814165
1127,METZ_MYCTU,P9WGB5,Rv0391,setB,3ndn,D,400.0,10000.0,0.9996478624837134,4.3334554984745705e-30,3.9132296513784064e-08,9233.0,6.417974851063524,0.0001779525163433,135.0,10.0,14.75167410838512
1128,HISN_MYCTU,P95189,Rv3137,setB,5yht,A,255.0,10000.0,0.9897847096594282,1.8815126996004355e-25,4.155311398821579e-09,9736.0,4.9439534431830925,3.287403730851382e-11,79.0,3.0,7.081868962357325
1129,MENB_MYCTU,P9WNP5,Rv0548c,setB,4qij,K,301.0,10000.0,0.9993201637392468,1.3199497062900365e-17,8.015970118605516e-06,8145.0,3.360502405735584,1.1936527662801357e-13,66.0,3.0,7.165200136772175
1130,HSAB_MYCTU,P9WND9,Rv3567c,setB,3nfw,A,177.0,10000.0,0.9938626228674168,1.7548916936205856e-13,0.0019233724515324,6320.0,2.960145255368149,0.000354020243685,55.0,3.0,1.3340985720702956
1131,HSAD_MYCTU,P9WNH5,Rv3569c,setB,5jzs,B,252.0,10000.0,0.0202621273475713,6.187262807744142e-32,2.452267053536849e-16,9999.0,4.537360565364482,9.032106182668764e-23,68.0,4.0,22.39351455220908
1132,ILVE_MYCTU,P9WQ75,Rv2210c,setB,3ht5,A,334.0,10000.0,0.9983489813459044,7.79794978119253e-11,0.0060276472350457,5402.0,3.77029129192557,0.3549063029813066,104.0,5.0,4.4764791968688975
1133,MMAA4_MYCTU,Q79FX8,Rv0642c,setB,3ha5,A,280.0,10000.0,0.8174751501781552,1.6176666637962506e-21,1.759428014849665e-09,9817.0,4.16303363771633,1.759428014849665e-09,78.0,4.0,6.298282702451517
1134,MMAA3_MYCTU,P0CH91,Rv0643c,setB,1kph,D,282.0,10000.0,0.9944974897884566,3.9593391181725234e-18,0.0005518141660818,7001.0,8.02000455554926,3.484638111596952e-07,157.0,14.0,6.786481046904948
1135,KPYK_MYCTU,P9WKE5,Rv1617,setB,6ito,D,470.0,10000.0,0.9995346039852552,1.0399030449541495e-20,0.009750918612551,5036.0,2.8397044612637057,0.0063095829074061,193.0,4.0,7.443114200386821
1136,MMR_MYCTU,P9WGF1,Rv3065,setB,3b61,G,101.0,10000.0,0.9999989894844648,6.997920608052824e-17,0.0807866614282906,2396.0,2.478366694642828,0.9997175049348396,59.0,7.0,3.76945539833011
1137,HOA_MYCTU,P9WMK5,Rv3534c,setB,4jn6,A,338.0,10000.0,0.7868317446844825,7.711152258268272e-25,1.0272010641378503e-08,9728.0,3.2471671368689417,4.746123753929072e-06,87.0,3.0,30.977334762693843
1138,LIPR_MYCTU,P9WK85,Rv3084,setB,5gms,A,285.0,10000.0,0.9999999738771772,2.5581451831241143e-09,0.1866177861360624,1280.0,3.750978510258117,0.484887496159637,111.0,3.0,1.331655736292228
1139,SERC_MYCTU,P9WQ73,Rv0884c,setB,2fyf,A,368.0,10000.0,0.9898337725564904,8.879994335430052e-21,1.3787264373888833e-05,8276.0,5.220909440226107,0.1237595711742696,94.0,6.0,21.379968217937083
1140,SIGL_MYCTU,P9WGH5,Rv0735,setB,6tye,F,163.0,10000.0,0.98985981167424,1.7772193737683741e-13,0.0582762726151385,2604.0,2.664162252003472,0.0582762726151385,60.0,3.0,2.7936810841611797
1141,TREY_MYCTU,P9WQ21,Rv1563c,setB,6lcu,A,737.0,10000.0,0.9980462388245944,8.495054281195248e-24,0.0128033982961822,4762.0,3.670841662266936,2.5829509389027764e-05,380.0,6.0,2.8761232588329784
1142,TREZ_MYCTU,P9WQ23,Rv1562c,setB,3m07,A,548.0,10000.0,0.9994373198932172,8.685946606969865e-15,0.0298139266678064,3881.0,3.320152842036651,0.0027854156643765,304.0,6.0,5.2527330981118805
1143,SPI_MYCTU,O50393,Rv3364c,setB,3kye,D,118.0,10000.0,0.9999445720500312,1.078980717059764e-07,0.3785759855711859,400.0,4.277656040515957,0.4727308741768671,53.0,5.0,6.934460397175833
1144,DPO1_MYCTU,P9WNU5,Rv1629,setB,6vde,A,859.0,10000.0,0.9846828412688492,1.0093457526000466e-27,3.169272394112992e-06,8438.0,3.3936743789654926,0.1368060577414953,277.0,5.0,21.024422703132657
1145,GPGP_MYCTU,P9WIC7,Rv2419c,setB,6s2q,B,210.0,10000.0,0.971728916384512,1.2711459044602417e-13,0.0001232331704028,8068.0,6.928098507097381,7.603218608744667e-06,93.0,5.0,1.3352022318735095
1146,GPGS_MYCTU,P9WMW9,Rv1208,setB,3ckv,A,295.0,10000.0,0.9375287675578272,1.1641040807660052e-28,1.940509871666555e-10,9825.0,4.231523296338293,8.52026575904187e-13,55.0,2.0,1.4996836333040369
1147,SERB2_MYCTU,O53289,Rv3042c,setB,3p96,A,395.0,10000.0,0.965500921537777,1.7303678354779797e-30,1.6770024645165516e-07,9121.0,3.3703782396921524,5.177720336231885e-10,119.0,4.0,4.444592894743007
1148,SYFB_MYCTU,P9WFU1,Rv1650,setB,7db8,B,831.0,10000.0,0.9817529248427278,4.822506207811505e-33,1.1958025335754975e-06,8482.0,8.055301416465287,9.175020502035168e-07,317.0,10.0,3.2019575262641964
1149,AFTD_MYCTU,P96419,Rv0236c,setB,6w98,A,1303.0,10000.0,8.792791507220492e-07,3.203056602725752e-105,3.7330158043657794e-52,10000.0,5.030013759079062,3.040977649464584e-70,508.0,6.0,8.272237000956853
1150,BKDB_MYCTU,P9WIS1,Rv2496c,setB,1umd,D,318.0,10000.0,0.9999654120644376,2.7043485906506406e-14,0.2020067182290778,1040.0,4.6154049076307135,0.0269210997685551,140.0,3.0,1.3321039749208723
1151,SYE_MYCTU,P9WFV9,Rv2992c,setB,2ja2,A,484.0,10000.0,0.9875749598655053,7.448552036676307e-28,8.03508305248025e-10,9699.0,3.7597663266750394,2.3109758621047552e-14,160.0,4.0,24.457440299426267
1152,POLOX_MYCTU,P9WKD5,Rv2149c,setB,1u05,A,227.0,10000.0,0.994309153489661,1.4844085893347928e-13,0.0002568782409208,7777.0,3.808166394744752,0.0002568782409208,71.0,3.0,6.051666712567703
1153,PTH_MYCTU,P9WHN7,Rv1014c,setB,3td6,A,183.0,10000.0,0.995055766887982,1.05155606935371e-09,0.0035418204744578,5929.0,3.7822845597133656,3.539953129643322e-06,78.0,3.0,20.679592404107
1154,SODF_MYCTU,P9WGE7,Rv3846,setB,1gn4,B,198.0,10000.0,0.7882894971798359,2.1765624436770572e-18,2.2172200149855897e-07,9733.0,4.433411270235357,2.6412376226260724e-05,79.0,3.0,11.90956292229064
1155,MURB_MYCTU,P9WJL9,Rv0482,setB,5jzx,F,339.0,10000.0,0.8949726833712865,4.9733119244392944e-27,1.119391680460198e-10,9855.0,3.698060549334428,2.0756341230301941e-13,95.0,4.0,4.366218272143529
1156,PYRG_MYCTU,P9WHK7,Rv1699,setB,4zdi,E,530.0,10000.0,0.3640859893251864,5.676875660768155e-26,5.688291863054808e-14,9934.0,5.71640503319008,5.688291863054808e-14,375.0,12.0,3.4400005813953003
1157,RS12_MYCTU,P9WH63,Rv0682,setB,5mmj,l,122.0,10000.0,0.9999999999999925,1.565796845702612e-32,4.019368537534914e-07,7640.0,6.729556256767101,0.7064308960803943,1152.0,783.0,9.089187037353769
1158,Y3551_MYCTU,P9WPW1,Rv3551,setB,6con,C,290.0,10000.0,0.965519126065248,1.2477967935142087e-29,3.466912732222259e-12,9818.0,4.282009020776915,3.670085553421027e-09,70.0,4.0,13.234375315820545
1159,THIO_MYCTU,P9WG67,Rv3914,setB,3o6t,A,108.0,10000.0,0.999999655115091,7.452227316488554e-05,0.4160058952285033,367.0,2.487697750589677,0.8498614934098178,85.0,6.0,9.805884151875343
1160,UREF_MYCTU,P9WFE5,Rv1851,setB,4hi0,C,205.0,10000.0,0.9999943174345344,3.8107455764681063e-08,0.2326786965683378,1108.0,4.151313483748664,0.1515459876374082,99.0,4.0,3.244710927031865
1161,TRPB_MYCTU,P9WFX9,Rv1612,setB,6e9p,D,404.0,10000.0,0.9098426023602406,2.833549676806134e-11,0.0052099980993531,5624.0,4.096157396765388,0.0014483712692749,157.0,4.0,3.2571882045715443
1162,RS20_MYCTU,P9WH41,Rv2412,setB,5o5j,T,85.0,10000.0,0.9999883184122742,9.185150207787391e-12,0.4773314263820302,218.0,3.614448152084,0.0983926116663764,30.0,3.0,12.56007285010719
1163,RECF_MYCTU,P9WHI9,Rv0003,setB,5z69,B,348.0,10000.0,0.379892365098591,1.2921922866457e-30,1.3931636084514708e-13,9942.0,5.921103898408525,8.140321918841672e-12,148.0,6.0,7.234517537472698
1164,RELJ_MYCTU,P9WF25,Rv3357,setB,3oei,N,83.0,10000.0,0.9829268385630148,1.2892907514713418e-06,0.0001390970864101,8596.0,3.906616321390143,1.5175710551142084e-05,25.0,2.0,4.565373150137893
1165,RELG_MYCTU,O33348,Rv2866,setB,3g5o,B,80.0,10000.0,0.999974983654734,0.0001953828645388,0.5624609023639255,51.0,4.258947308442632,0.9793613278485204,30.0,2.0,1.3278030727483656
1166,TAM_MYCTU,P9WGA3,Rv0294,setB,2p35,A,234.0,10000.0,0.9992273932793064,6.560871254499243e-10,0.0886928857730285,2256.0,4.127079561400534,0.070077034012623,123.0,4.0,1.3329669913392426
1168,RELB_MYCTU,O50462,Rv1247c,setB,2a6q,A,81.0,10000.0,0.9981164707075932,4.952374976032459e-06,0.0561905462404212,1373.0,3.140492927860453,0.1782961251146629,26.0,2.0,1.3227868308990702
1169,RS4_MYCTU,P9WH35,Rv3458c,setB,5o5j,D,198.0,10000.0,0.9971265628917612,2.310382658598104e-12,0.0005975062258838,6931.0,3.848170507749341,0.1736405317392874,47.0,3.0,3.00019549363037
1170,Y893_MYCTU,P9WFI1,Rv0893c,setB,6id6,A,294.0,10000.0,0.9865102864567612,5.6205387232610334e-11,0.0010702489087754,7199.0,4.012002265224539,0.1389925805147951,198.0,5.0,1.327148070111244
1171,FAA26_MYCTU,P9WQ43,Rv2930,setB,3kxw,A,544.0,10000.0,0.8947750335531443,2.2992298191297383e-44,6.778017722357132e-15,9915.0,4.188840119569403,9.25059907265527e-27,94.0,5.0,12.319155571710262
1172,DEF_MYCTU,P9WIJ3,Rv0429c,setB,3e3u,A,196.0,10000.0,0.9181713536874004,9.451626367742025e-16,1.435374416059242e-05,9144.0,3.657517291718387,3.0626612404668807e-06,57.0,3.0,19.063715508787897
1173,FBID_MYCTU,P9WP83,Rv2983,setB,6bwg,A,201.0,10000.0,0.9997349536792872,1.3174125797444172e-14,0.0002958392172661,7905.0,3.6892255878758298,2.6485538006687512e-08,70.0,3.0,1.3379390868047736
1174,ISPE_MYCTU,P9WKG7,Rv1011,setB,3pyg,A,298.0,10000.0,0.9874861894677408,4.4791922173258693e-14,0.000155742293494,7941.0,3.3750697650951555,7.49429343406924e-10,124.0,4.0,11.067171544708252
1175,MTCA2_MYCTU,P9WPJ9,Rv3588c,setB,2a5v,D,203.0,10000.0,0.8713300903073408,8.011298361375761e-15,8.780273253104552e-05,8743.0,2.8610181641172723,1.3375420666015485e-05,49.0,2.0,10.767046948908508
1176,RELF_MYCTU,O33347,Rv2865,setB,3g5o,A,91.0,10000.0,0.9992683499133268,6.096554111577614e-11,0.1690595047175769,1233.0,4.71055532665138,0.0034268538734247,43.0,8.0,1.3298368320963287
1177,RL11_MYCTU,P9WHE5,Rv0640,setB,5o60,J,127.0,10000.0,0.9990011445713586,4.479329134898044e-11,0.1561475032673478,1773.0,2.480376545365624,0.2057123692776182,27.0,2.0,7.980066979668775
1178,RTCB_MYCTU,P9WGW5,Rv2631,setB,2epg,A,391.0,10000.0,0.9978625204245412,8.821758559128612e-14,0.0176106148050285,4412.0,3.8162875392282714,0.9638994579841712,220.0,4.0,1.3285785637289211
1179,TUBAT_MYCTU,P9WJ61,Rv3378c,setB,3wqn,A,288.0,10000.0,0.995207438869408,1.4441813162158956e-14,0.0360404423143025,2970.0,4.126381024533743,0.0009137765599866,203.0,8.0,1.329417165527811
1180,MFTD_MYCTU,P9WND7,Rv0694,setB,6bfg,A,367.0,10000.0,0.9992359665894734,6.797143865959117e-14,0.0021750276626925,6036.0,3.287868319191003,0.0028521589124953,113.0,3.0,3.049843602547514
1181,PARD1_MYCTU,P9WIJ7,Rv1960c,setB,5ceg,C,75.0,10000.0,0.9999465310963416,4.039830724762979e-06,0.5204338436354516,137.0,3.191631513541334,0.7906561065069353,37.0,3.0,12.420116505089638
1182,IPYR_MYCTU,P9WI55,Rv3628,setB,2uxs,C,159.0,10000.0,0.9998784891367146,2.3867901220262376e-07,0.0717127349372454,2744.0,3.091834189219488,0.1617370655754035,60.0,3.0,11.125476214526728
1183,PCC5_MYCTU,P9WQH7,Rv3280,setB,2a7s,F,529.0,10000.0,0.9926370854087496,1.1001153129690076e-20,1.4555197960763378e-05,8662.0,4.081542283586884,1.4555197960763378e-05,141.0,4.0,12.49736748279414
1184,RL15_MYCTU,P9WHD7,Rv0723,setB,5v7q,L,142.0,10000.0,0.999994532889456,2.291241618226012e-13,0.2613561718990633,1194.0,2.857211928390204,0.0052474666545385,55.0,4.0,3.872909629722837
1185,PKS18_MYCTU,P9WPF1,Rv1372,setB,1tee,C,368.0,10000.0,0.9898337725564904,9.520924494625436e-23,5.611503889359615e-05,8057.0,4.913623968642239,0.0009527634238418,184.0,4.0,9.04545283554118
1186,RS7_MYCTU,P9WH29,Rv0683,setB,6jmk,A,142.0,10000.0,0.9996267385527056,1.6970231697073649e-19,0.0660737938737914,3077.0,2.9885611153721072,0.5929864608052318,46.0,4.0,9.850170506138458
1187,SYFA_MYCTU,P9WFU3,Rv1649,setB,6p24,C,322.0,10000.0,0.0008332786030535,1.5479908544521688e-35,2.1954284964507083e-22,10000.0,4.074464292119686,1.2403921772867473e-18,88.0,3.0,1.3361717703948086
1188,SYH_MYCTU,P9WFV5,Rv2580c,setB,1qe0,A,381.0,10000.0,0.7313296689265314,2.7790157253092213e-24,4.057934322132425e-09,9660.0,4.07900537825067,4.057934322132425e-09,77.0,4.0,1.3515890647678366
1189,THIC_MYCTU,P9WG79,Rv0423c,setB,4s25,A,495.0,10000.0,0.932617411182212,1.2861907060632338e-45,6.971574496968891e-16,9817.0,6.536357376877731,2.569047122650621e-11,86.0,4.0,1.334485668712857
1190,Y1260_MYCTU,P9WM51,Rv1260,setB,5tue,A,340.0,10000.0,0.9943405474631752,2.2721903846807752e-13,0.0005054210385285,7749.0,3.558044958342726,0.0111014063313226,161.0,5.0,7.404797701490573
1191,RNJ_MYCTU,P9WGZ9,Rv2752c,setB,3zq4,A,544.0,10000.0,0.3403820188239643,1.6353370156144436e-57,1.6754629548673558e-10,9835.0,6.754074415143555,1.6754629548673558e-10,592.0,24.0,1.3258205006711925
1192,FAB1_MYCTU,P9WQD9,Rv2245,setB,6y2j,CCC,413.0,10000.0,0.995029892058479,5.6433481903511686e-27,1.5846687278273022e-06,8833.0,4.416528977942934,4.0535019620161325e-21,115.0,3.0,1.339082521728962
1193,MCA_MYCTU,P9WJN1,Rv1082,setB,1q7t,A,274.0,10000.0,0.2442247923346465,2.893143323667296e-28,1.6954508594049688e-11,9942.0,2.7261431074384808,5.8149352499864076e-11,87.0,3.0,7.625828479581748
1194,IMDH_MYCTU,P9WKI7,Rv3411c,setB,3tsb,A,480.0,10000.0,0.9245660703496352,7.971340899095741e-23,7.184922480976787e-05,8091.0,3.2646610078745435,0.0010932083074983,119.0,3.0,4.8298461673225175
1195,PYRF_MYCTU,P9WIU3,Rv1385,setB,3v75,A,208.0,10000.0,0.9998110436935458,4.95852101059815e-08,0.0600179850588554,2801.0,3.0724086287813264,0.1572927776387116,41.0,3.0,7.088412304599669
1196,SAHH_MYCTU,P9WGV3,Rv3248c,setB,2ziz,D,485.0,10000.0,0.0738137817701961,8.640657696400399e-36,1.0676707349512443e-16,9991.0,3.8615488853191926,1.9151462085649733e-21,136.0,3.0,1.3434898585400643
1197,SIGF_MYCTU,P9WGI3,Rv3286c,setB,4xsx,F,238.0,10000.0,0.9849614214289544,1.7607581227525427e-09,0.0062815706504925,5527.0,2.8230467218677644,0.0033029763146637,101.0,3.0,1.333085893706777
1198,Y770_MYCTU,P9WNY3,Rv0770,setB,1vpd,A,272.0,10000.0,0.9984294920542705,1.431853215995033e-22,0.02204423735279,4495.0,7.375999618190494,0.0015922136953477,134.0,17.0,13.923607327126115
1199,RL331_MYCTU,P9WH97,Rv2057c,setB,6dzi,c,53.0,10000.0,0.9999979398784924,0.0001791616388571,0.5864626642905872,51.0,3.0787884032730943,0.8906908896753045,26.0,3.0,10.366936577408028
1200,PKS10_MYCTU,P9WPF5,Rv1660,setB,4jap,D,351.0,10000.0,0.9954087136333712,1.0617959022154749e-12,0.020886612866907,4052.0,3.5238842597755737,0.0326143840807826,179.0,4.0,3.7379566610649735
1201,RS13_MYCTU,P9WH61,Rv3460c,setB,5o5j,M,116.0,10000.0,0.9999328262742224,4.496237908010512e-13,0.165809668386314,1492.0,3.1145197526788277,0.0306112765545844,48.0,4.0,6.374339652073774
1202,RAAS_MYCTU,O86312,Rv1219c,setB,4nn1,A,205.0,10000.0,0.9997815382304596,9.865982283158745e-18,0.0948125881991879,2499.0,3.9565189106150775,0.0097632881990004,104.0,6.0,1.332689761347323
1203,RL2_MYCTU,P9WHA5,Rv0704,setB,5v7q,C,272.0,10000.0,0.9930764426942778,3.4906540278395385e-14,0.0364064388349109,2959.0,3.765739911540495,0.2855594471628928,73.0,3.0,5.775929449015114
1204,RIR2A_MYCTU,P9WH73,Rv1981c,setB,2bq1,I,294.0,10000.0,0.9865102864567612,5.2196191601013855e-25,3.786494133499145e-08,9210.0,4.339169478866553,4.05448142043599e-13,49.0,3.0,5.364931034039491
1205,MAP12_MYCTU,P9WK19,Rv2861c,setB,4if7,A,280.0,10000.0,0.9824682486533108,1.1333609923679056e-19,1.719673374743104e-05,8641.0,3.066591200372508,1.756854260810012e-13,69.0,2.0,3.522208682063005
1206,RISB_MYCTU,P9WHE9,Rv1416,setB,2c9d,H,145.0,10000.0,0.9996936571675162,4.950168391161017e-10,0.0709251377045916,2473.0,3.7927132541156303,0.0016574291564002,31.0,2.0,4.408604087463514
1207,PURQ_MYCTU,P9WHL5,Rv0788,setB,3d54,L,208.0,10000.0,0.9704343621723844,3.518534777117388e-15,4.0631297106624455e-06,9428.0,4.414312261295016,1.4853033609606684e-08,78.0,5.0,1.337004861621677
1208,GULDH_MYCTU,P9WIT3,Rv1771,setB,2vfv,A,404.0,10000.0,0.994262136471163,1.4352913005150236e-14,0.0024536454005572,6023.0,2.937702704416914,0.0066295761263847,152.0,3.0,1.3296563465798226
1209,NUCS_MYCTU,P9WIY5,Rv1321,setB,5gke,A,210.0,10000.0,0.9981424623488604,1.0521473476739024e-07,0.0363400513514549,2608.0,4.365259411773415,0.1996303412918745,77.0,3.0,7.915752017338613
1210,PBPA_MYCTU,P9WKD1,Rv0016c,setB,3upo,A,442.0,10000.0,0.2606698815407947,1.9611441650563018e-37,8.650360678908689e-18,9986.0,2.790191285903338,1.4646885821225817e-07,221.0,4.0,15.773046535149764
1211,PYRB_MYCTU,P9WIT7,Rv1380,setB,2at2,A,291.0,10000.0,0.9955276526013236,4.43194425101009e-24,7.925136439396363e-06,8299.0,3.077105133731444,0.0034371713777703,89.0,3.0,3.855647027413163
1212,RMLB_MYCTU,P9WN65,Rv3464,setB,6bi4,D,303.0,10000.0,0.9886088302023284,3.85463783906529e-18,0.0001082303264934,8031.0,3.8512886974778233,6.483011976205418e-08,98.0,4.0,1.3178759425681763
1213,RMLC_MYCTU,P9WH11,Rv3465,setB,2ixc,B,198.0,10000.0,0.9971265628917612,2.310382658598104e-12,0.109058590658026,1535.0,6.341391865054137,0.7067138184034791,80.0,7.0,6.959467077298376
1214,RMLD_MYCTU,P9WH09,Rv3266c,setB,3sc6,F,276.0,10000.0,0.9998355701368336,1.0994805572729916e-11,0.0385894680255209,3355.0,3.740410941775393,0.0235380519151603,90.0,5.0,7.4599252677221966
1215,RL3_MYCTU,P9WH87,Rv0701,setB,5v7q,D,213.0,10000.0,0.998334833079215,1.8428094759681243e-14,0.0503080198051077,3226.0,5.669195771698111,0.1669660899544466,77.0,5.0,8.236995386668605
1216,KHSE_MYCTU,P9WKE7,Rv1296,setB,6cyz,A,292.0,10000.0,0.995629615196716,4.498214167518314e-22,5.438198826364052e-06,8439.0,4.618266988044308,1.8750800097177688e-05,77.0,7.0,6.961945848683399
1217,MTR_MYCTU,P9WHH3,Rv2855,setB,6uzi,C,447.0,10000.0,0.9992733621867868,1.1582006287902113e-18,0.0006262127721757,6885.0,5.305657234370418,0.1506195608384163,202.0,5.0,9.620518956896248
1218,RL5_MYCTU,P9WH83,Rv0716,setB,5v7q,F,170.0,10000.0,0.9988232012773136,2.8595916091844143e-08,0.0197228944805642,4414.0,3.613652744138726,0.2970488674010539,46.0,2.0,3.1841293943557054
1219,SYDND_MYCTU,P9WFW3,Rv2572c,setB,5w25,A,581.0,10000.0,0.9804219971773862,4.041129466500193e-23,4.7076208471175787e-07,8746.0,4.365338058111113,0.0131846564646609,136.0,3.0,4.126837651277307
1220,RIMM_MYCTU,P9WH19,Rv2907c,setB,3h9n,A,160.0,10000.0,0.9981028241446328,1.7189042607255377e-06,0.0638741835324922,2499.0,5.10393329906038,0.0103001073516974,65.0,4.0,5.952801357344288
1221,RL21_MYCTU,P9WHC3,Rv2442c,setB,5v7q,R,98.0,10000.0,0.9999983992639576,2.5565556490016177e-07,0.2017089599629974,1013.0,2.6381702040466406,0.9020117415490236,30.0,3.0,1.3290786282233231
1222,RL27_MYCTU,P9WHB3,Rv2441c,setB,5zet,X,78.0,10000.0,0.9999660935606112,9.62858214755827e-15,0.1118164828860289,2447.0,3.240164468094827,0.1118164828860289,18.0,2.0,17.632583106283658
1223,RS15_MYCTU,P9WH55,Rv2785c,setB,5v93,o,87.0,10000.0,0.9999913900874552,0.0002190321260603,0.3812149326745662,262.0,2.637322481998277,0.0720202981695231,40.0,3.0,3.2514252259586245
1224,RL28B_MYCTU,P9WHA9,Rv2058c,setB,6dzp,y,76.0,10000.0,0.9999540591938452,4.846118850722941e-06,0.5290714657247904,80.0,3.057008022920121,0.9067929732252864,42.0,3.0,12.213481935959155
1225,MBTN_MYCTU,P9WQF9,Rv1346,setB,4xvx,A,371.0,10000.0,0.9993042966498684,2.928251445059369e-14,0.0107762787740876,4983.0,4.619693882326827,0.3690522409397674,72.0,4.0,1.357334520300728
1226,HSAC_MYCTU,P9WNW7,Rv3568c,setB,2zyq,B,296.0,10000.0,0.4462696687476279,3.989137101922485e-42,6.560853296353574e-18,9994.0,5.951926998646857,1.922372430770374e-09,97.0,3.0,1.3281396763894977
1227,KDPC_MYCTU,P9WKF1,Rv1031,setB,5mrw,C,184.0,10000.0,0.9999769076584918,4.312793250282978e-18,0.0873584401939256,2726.0,3.1462386524685235,0.5750888986845709,79.0,4.0,3.5498328129645795
1228,PCKG_MYCTU,P9WIH3,Rv0211,setB,4rcg,A,592.0,10000.0,0.9913869806796124,6.562439248852656e-22,0.0010083377145699,6473.0,7.139735831837339,2.6404221440455904e-13,330.0,12.0,3.020732527053664
1229,MBCT_MYCTU,P9WLP9,Rv1989c,setB,6fkg,A,182.0,10000.0,0.9999736170785892,5.2067509511088615e-08,0.2221636441762942,968.0,3.32811773127866,0.2749877925950083,80.0,3.0,3.923300268906269
1230,MTRA_MYCTU,P9WGM7,Rv3246c,setB,2gwr,A,225.0,10000.0,0.9939764642449238,1.679031414933738e-22,1.9209706809708597e-07,9183.0,5.344275019525475,0.1546712790343049,37.0,2.0,4.031175138839793
1231,NADD_MYCTU,P9WJJ5,Rv2421c,setB,4rpi,D,190.0,10000.0,0.9961605022618264,1.7712503615801896e-15,0.0964607420247998,2662.0,4.896973107732577,0.0031074323078099,59.0,9.0,10.884695402260917
1232,RIMI_MYCTU,I6YG32,Rv3420c,setB,4r3k,A,143.0,10000.0,0.9999950376010124,6.062592035812974e-07,0.41215023381738,211.0,2.2612951731770368,0.41215023381738,50.0,3.0,6.99519899645464
1233,RL6_MYCTU,P9WH81,Rv0719,setB,5v7q,G,174.0,10000.0,0.9931635214778012,6.842010892340221e-15,0.0001920192072821,7861.0,5.033055500975762,2.937894022639048e-07,49.0,3.0,18.507507800889876
1234,RL25_MYCTU,P9WHB5,Rv1015c,setB,4zer,1Z,195.0,10000.0,0.9996459380034004,8.834934540591324e-27,7.859162932015873e-09,8866.0,8.180531481752492,3.114564265451594e-11,111.0,19.0,10.728230096339288
1235,RPSC_MYCTU,P9WGH1,Rv2069,setB,6jbq,F,170.0,10000.0,0.9999414021028782,1.5449314781787202e-12,0.0140736299585964,4731.0,3.711718830631221,0.0273085878082836,32.0,3.0,3.4731383502532736
1236,PURA_MYCTU,P9WHN3,Rv0357c,setB,4m0g,B,414.0,10000.0,0.2273001407986749,1.3569997527623866e-44,1.019874817942998e-18,9991.0,5.075375390599468,1.5311269290204764e-33,104.0,4.0,17.463437175997168
1237,SCOB_MYCTU,P9WPW3,Rv2503c,setB,3cdk,B,207.0,10000.0,0.9999950292119713,8.434105542024356e-13,0.0002528846186213,7587.0,3.857131348407816,4.522186882929667e-07,89.0,3.0,1.3331567799775073
1238,TRHBN_MYCTU,P9WN25,Rv1542c,setB,1rte,A,128.0,10000.0,0.9999788415735248,9.736921875540346e-08,0.2707425012384195,967.0,3.689704805252653,0.1192312454968399,61.0,4.0,10.453270971327584
1239,MAZF5_MYCTU,P95272,Rv1942c,setB,4me7,B,99.0,10000.0,0.9999986267507212,6.846120742039574e-07,0.1508796205756158,1058.0,2.282830139593763,0.0148231990932731,51.0,3.0,1.3237106934674194
1240,PURU_MYCTU,P9WHM3,Rv2964,setB,3w7b,A,281.0,10000.0,0.9998633482468068,1.476717036017268e-15,0.1228538549647195,2049.0,6.024490100227863,0.0027366663674811,141.0,7.0,7.471734805251054
1241,HEMW_MYCTU,P9WP73,Rv2388c,setB,1olt,A,366.0,10000.0,0.9998975482795454,2.025429302789269e-13,0.1710381212890154,1396.0,3.8400448696421794,0.3145083037619835,151.0,4.0,1.321915277164159
1242,KCY_MYCTU,P9WPA9,Rv1712,setB,1kdt,B,219.0,10000.0,0.9769004814256028,4.220230788202926e-15,7.877115237016553e-05,8438.0,3.050225409482023,0.000278269262046,83.0,3.0,8.076868081131447
1243,PPX2_MYCTU,P96374,Rv1026,setB,3cer,E,300.0,10000.0,0.996366687488538,2.4311282147882556e-17,0.0017015674192205,6516.0,3.614355193568192,1.727127220822253e-05,131.0,4.0,1.3287926851093048
1244,SIR_MYCTU,P9WJ03,Rv2391,setB,1zj9,B,546.0,10000.0,0.9994187088627468,3.3866721506575476e-14,0.0116212394049212,4853.0,4.767726722101389,0.0245714145933181,187.0,9.0,5.523638384253628
1245,RUVB_MYCTU,P9WGW1,Rv2592c,setB,1hqc,A,312.0,10000.0,0.8074043812092967,1.3041585571860536e-20,2.711292647395307e-07,9454.0,5.056988706657536,1.3772989268412683e-11,69.0,2.0,13.02808742678679
1246,MENJ_MYCTU,P9WNY9,Rv0561c,setB,3nix,A,378.0,10000.0,0.333244821230196,2.9623220159038286e-38,4.899712834889477e-15,9981.0,4.19741009981361,3.043580393691792e-13,111.0,4.0,9.22465489869405
1247,PDXS_MYCTU,P9WII9,Rv2606c,setB,2zbt,B,273.0,10000.0,0.9170719534318686,9.361715578901026e-26,5.439952991691788e-09,9644.0,4.333155671513322,5.439952991691788e-09,73.0,7.0,1.3303454438603464
1248,RL36_MYCTU,P9WH89,Rv3461c,setB,5v7q,4,37.0,10000.0,0.999828083147546,2.6284010564309516e-05,0.3564880403505369,480.0,1.4200512884913663,0.9845599548024896,6.0,1.0,16.78720480008509
1249,RECR_MYCTU,P9WHI3,Rv3715c,setB,4o6p,C,195.0,10000.0,0.9999889127755124,3.068819503328908e-23,0.026661036195829,3740.0,3.304457608962702,0.0143608061367425,19.0,2.0,12.4593476956059
1250,SYT_MYCTU,P9WFT5,Rv2614c,setB,1nyq,A,630.0,10000.0,0.7509576420147914,2.6730416703005507e-52,3.631074760609642e-19,9964.0,3.446385003692848,3.0925561295914977e-14,112.0,5.0,4.518830490292816
1251,MENC_MYCTU,P9WJP3,Rv0553,setB,2qvh,B,299.0,10000.0,0.9992796359320416,6.8104711629924505e-09,0.1453312248409646,1483.0,2.764491711377649,0.7201440996590918,123.0,3.0,8.261711868614155
1252,MUTA_MYCTU,P9WJK7,Rv1492,setB,6oxc,B,591.0,10000.0,0.967599148771348,1.6202496817423508e-23,1.151445352991328e-06,8708.0,2.7816706315430944,0.0244869951299698,184.0,3.0,2.3861976028820453
1253,MENA_MYCTU,P9WIP3,Rv0534c,setB,6m31,A,269.0,10000.0,0.998287915095947,1.484307243470434e-12,0.1330964236477335,2092.0,3.762565560750234,0.0007488316631489,91.0,5.0,7.161142436790369
1254,MSHC_MYCTU,P9WJM9,Rv2130c,setB,1u0b,B,383.0,10000.0,0.9999377239409876,1.6339535451564847e-21,0.0007303491613506,6885.0,3.585546540584892,0.0048418549349874,110.0,3.0,1.3275725968850045
1255,PYRE_MYCTU,P9WHK9,Rv0382c,setB,5hki,A,175.0,10000.0,0.999957965561365,8.462755866303949e-11,0.0418812571345995,3331.0,3.4462355970038407,0.9934048762375935,40.0,2.0,8.372109113001335
1256,G6PI_MYCTU,P9WN69,Rv0946c,setB,2wu8,A,546.0,10000.0,0.9939636232157384,2.8010713298716167e-19,0.0017365249831236,6232.0,5.096033663602651,4.2408534744801665e-08,193.0,6.0,1.329308090699816
1257,MAZE7_MYCTU,P9WJ85,Rv2063,setB,6a6x,C,75.0,10000.0,0.9999465310963416,2.548587561746115e-07,0.3974450299113081,695.0,2.3587358388087862,0.7906561065069353,27.0,3.0,1.330159764840298
1258,MAZF3_MYCTU,P9WIH9,Rv1102c,setB,5cca,A,94.0,10000.0,0.9999970462657618,2.974229645954908e-07,0.3311532489409431,456.0,3.146599633367546,0.5428666132051255,30.0,3.0,7.294634329423238
1259,MBTG_MYCTU,P9WKF7,Rv2378c,setB,4d7e,A,393.0,10000.0,0.4566535075070114,1.941551364363115e-35,4.8559194872493015e-12,9931.0,5.017674689864832,1.1803987376087168e-08,69.0,3.0,11.436357549499762
1260,HEM2_MYCTU,P9WMP5,Rv0512,setB,1w1z,A,316.0,10000.0,0.9995599522279508,5.8465321953299375e-15,0.02619485962716,3949.0,2.686192317521995,0.0514897955034038,112.0,4.0,6.217296116480216
1261,GYRB_MYCTU,P9WG45,Rv0005,setB,6gav,A,623.0,10000.0,0.6979054434995403,7.243470119185886e-72,1.0569420375028666e-25,9942.0,12.302836989124364,6.383157397341933e-34,570.0,44.0,9.94656051105106
1262,KDC_MYCTU,P9WG37,Rv0853c,setB,1ovm,C,527.0,10000.0,0.9972012964503172,3.3127880573818485e-18,0.0026859216559054,6110.0,4.385718063866008,9.711626078105177e-08,242.0,5.0,1.3288423533286406
1263,MFD_MYCTU,P9WMQ5,Rv1020,setB,6aca,A,1133.0,10000.0,0.6168547961344094,7.18010260056297e-45,7.333438992349127e-06,9211.0,3.15484554592906,6.687201047339989e-05,400.0,4.0,3.1578039837836633
1264,OTSA_MYCTU,P9WN11,Rv3490,setB,5l3k,F,453.0,10000.0,0.9923356434254555,1.9847954001943738e-33,1.7860233205162996e-10,9735.0,4.617858595673534,7.75211881608479e-06,114.0,4.0,12.805857644062735
1265,LIPA_MYCTU,P9WK91,Rv2218,setB,5exk,A,305.0,10000.0,0.99676340505993,2.013319104832931e-16,0.0001360908542993,7884.0,3.694478453052137,0.0696044014007645,116.0,4.0,1.3282898780010337
1266,HTHAR_MYCTU,O53478,Rv2034,setB,2oqg,D,100.0,10000.0,0.9684099261397212,4.414205948474835e-09,0.1111952605382919,1568.0,3.210198397201114,0.2819416298082479,49.0,3.0,4.885873002852203
1267,RL19_MYCTU,P9WHC9,Rv2904c,setB,5v7q,P,112.0,10000.0,0.999901384413231,9.710407628387125e-07,0.2037033890523985,496.0,3.1275619133457035,0.0387773139217708,40.0,3.0,3.489259806893146
1268,HEM3_MYCTU,P9WMP3,Rv0510,setB,1ah5,A,287.0,10000.0,0.9846192146869388,3.82942194656324e-18,6.648659470887182e-06,8974.0,3.836027268172861,4.5904954329240674e-07,88.0,3.0,1.3339583951533125
1269,NUOL_MYCTU,P9WIW1,Rv3156,setB,6nby,F,610.0,10000.0,0.3341396275173052,3.3869292126809413e-69,1.0414208532861374e-29,9985.0,7.999849188437244,3.653801546591656e-16,202.0,5.0,6.961829285468009
1270,MPRA_MYCTU,P9WGM9,Rv0981,setB,1ys6,A,223.0,10000.0,0.9988441865005644,8.416812782719906e-14,0.0150377991266952,4708.0,6.324378365830276,0.0201553646477484,61.0,6.0,1.330783603746307
1271,NUSA_MYCTU,P9WIV3,Rv2841c,setB,1k0r,B,321.0,10000.0,0.997766326243448,6.980374154898074e-14,0.0221744763030913,3769.0,2.86562441489004,0.1001854927319134,95.0,4.0,1.3297341839630947
1272,PHOU1_MYCTU,P9WI97,Rv3301c,setB,4q25,A,208.0,10000.0,0.9998110436935458,4.265773843002137e-09,0.0349607359389226,3477.0,4.074928040897687,0.0105472275328569,89.0,3.0,2.8906103161789223
1273,RPOB_MYCTU,P9WGY9,Rv0667,setB,6jcx,C,1138.0,10000.0,0.5500123019889628,0.0,4.2524105170604704e-58,9940.0,16.41501032046287,1.0457582690400286e-112,4355.0,1504.0,1.3387370914410346
1274,RL7_MYCTU,P9WHE3,Rv0652,setB,4v42,BJ,124.0,10000.0,0.9987847677416783,5.550891431343259e-14,2.1200420314245403e-06,8625.0,4.406627932350906,2.3755040212716067e-11,33.0,4.0,8.585663107762853
1275,RNPH_MYCTU,P9WGZ7,Rv1340,setB,3b4t,A,243.0,10000.0,0.996392569098854,6.663388303713916e-16,0.000319351545571,7353.0,4.783352762855801,1.1394996644552915e-05,80.0,4.0,9.526705936471432
1276,RIMP_MYCTU,P9WH17,Rv2842c,setB,5gl6,A,168.0,10000.0,0.9999995625402632,5.989483559723998e-06,0.0647693535211803,2271.0,3.594016389484042,0.0013200810735573,78.0,3.0,13.318522215321035
1277,RL34_MYCTU,P9WH93,Rv3924c,setB,6yhs,Z,43.0,10000.0,0.9999670303234552,5.512194468848534e-06,0.0699214840713016,1202.0,2.8866704314304443,0.0101861699190277,29.0,4.0,1.3319144116646575
1278,DPRE1_MYCTU,P9WJF1,Rv3790,setB,4p8t,B,418.0,10000.0,0.7256278149543517,2.1694393906989227e-22,6.750160011085729e-09,9502.0,3.440908540290792,1.7435276036485674e-10,123.0,6.0,1.3319328061129825
1279,NUOK_MYCTU,P9WIX3,Rv3155,setB,6nbq,E,96.0,10000.0,0.999997825334528,7.915729012163162e-05,0.343593759696466,87.0,2.758649616701206,0.1391423972258997,31.0,2.0,14.603950869542125
1280,PAFC_MYCTU,P9WIL9,Rv2095c,setB,6sj9,A,307.0,10000.0,0.996909802992508,8.958271257637977e-12,0.0005681434076859,7447.0,3.456884720247933,0.036911158836827,128.0,4.0,16.34796739659093
1281,OTC_MYCTU,P9WIT9,Rv1656,setB,2p2g,D,293.0,10000.0,0.9999124083938216,4.613196807662177e-12,0.0035906964292657,5949.0,3.981631219225521,0.00053896699587,110.0,3.0,8.107242811215162
1282,RICR_MYCTU,O07434,Rv0190,setB,4adz,A,89.0,10000.0,0.9999936557326085,3.534204585564835e-06,0.5072371472538678,139.0,3.329912676813605,0.2997135820104469,26.0,3.0,1.328422372590886
1283,RPE_MYCTU,P9WI51,Rv1408,setB,5umf,A,215.0,10000.0,0.9984519656627452,4.468862656582402e-11,0.0227827579371493,4260.0,4.513148228134666,0.1092877686949232,61.0,4.0,4.268535111721584
1284,PAFB_MYCTU,P9WIM1,Rv2096c,setB,6sj9,A,300.0,10000.0,0.9999324508116628,1.8502009026131303e-15,0.1760936247493,1576.0,2.678387903285841,1.727127220822253e-05,118.0,4.0,10.536564430591216
1285,RL332_MYCTU,P9WH95,Rv0634B,setB,5zet,4,50.0,10000.0,0.9999952562961608,1.386788568736008e-05,0.2719135601522248,385.0,2.3936276227287063,0.3959398631708505,22.0,3.0,6.886484371578873
1286,MAZF6_MYCTU,P9WII3,Rv1991c,setB,5hkc,B,112.0,10000.0,0.999901384413231,4.569603589829234e-07,0.0795632213523448,1981.0,2.132122848321989,0.0387773139217708,54.0,2.0,4.06233861217895
1287,ILVH_MYCTU,P9WKJ3,Rv3002c,setB,2pc6,D,157.0,10000.0,0.987438904987597,3.308953220753854e-13,0.003585849099502,6185.0,3.644855457073961,0.0004961730056476,51.0,5.0,17.63841906180937
1288,PNP_MYCTU,P9WI57,Rv2783c,setB,4aim,A,685.0,10000.0,0.9922110041226918,6.663512443150243e-35,4.6135719444392847e-10,9225.0,4.037957152368242,5.431290579000969e-09,187.0,5.0,10.827022166782516
1289,NADC_MYCTU,P9WJJ7,Rv1596,setB,1qpr,C,283.0,10000.0,0.9988561390251552,4.921546744225461e-26,1.1506735455610632e-11,9810.0,4.422399162047744,4.735024016709448e-13,73.0,5.0,1.331847588877947
1290,RIBD_MYCTU,P9WPH1,Rv1409,setB,3zpc,A,329.0,10000.0,0.5782483037873183,1.0479384942824866e-26,1.7186286443135032e-12,9919.0,6.941677755804262,1.51239518350902e-18,104.0,16.0,3.108201570040142
1291,MNMA_MYCTU,P9WJS5,Rv3024c,setB,2hma,A,340.0,10000.0,0.9943405474631752,1.343248252995827e-11,0.0005054210385285,7802.0,4.358855610657583,0.0544277234858322,119.0,3.0,3.961928192181174
1292,NMTR_MYCTU,O69711,Rv3744,setB,2lkp,B,119.0,10000.0,0.9999496534079684,1.373181995608144e-10,0.0156099733806204,4136.0,3.944375998732221,5.639713468566636e-07,51.0,3.0,1.3284389334854665
1293,IDER_MYCTU,P9WMH1,Rv2711,setB,1u8r,A,221.0,10000.0,0.9999980544366288,1.1248093211889507e-11,0.0738079904912516,2755.0,3.469976790261617,0.0009683211576284,58.0,3.0,1.3297405762027423
1294,ILVX_MYCTU,O53554,Rv3509c,setB,1pi3,A,489.0,10000.0,0.494438005631411,2.928435207680572e-49,1.9400517374933132e-20,9968.0,11.239954015038382,6.347099617017179e-27,245.0,25.0,3.3194145568157207
1295,LPDA_MYCTU,P9WHH7,Rv3303c,setB,1xdi,A,459.0,10000.0,0.9976232032048066,1.2046996987399052e-17,0.0001104355678812,7750.0,4.6604633032034775,1.8592662871973882e-07,157.0,6.0,20.123510975970373
1296,MMSB_MYCTU,P9WNY5,Rv0751c,setB,5y8k,B,290.0,10000.0,0.9990654666165364,1.3028934839594026e-07,0.0370556053553546,3106.0,4.918805950330062,0.0291885012734732,129.0,4.0,13.535350974392944
1297,MALQ_MYCTU,P9WK23,Rv1781c,setB,4s3q,C,656.0,10000.0,0.9955117792318946,3.583258591086573e-25,0.0007324041285516,6533.0,5.597452725949749,4.9349195401951174e-08,334.0,5.0,1.3296236309572742
1298,IMPA_MYCTU,O53907,Rv1604,setB,6ib8,A,243.0,10000.0,0.9994447660600052,3.2059103771179483e-15,0.0170803282014814,4453.0,2.479730859745418,0.1238663790151396,93.0,3.0,3.1829211425984143
1299,NARL_MYCTU,P9WGM5,Rv0844c,setB,5hev,A,206.0,10000.0,0.999791850270849,2.755356667567663e-19,0.1534565177614383,1792.0,3.340040410472448,0.9316348699210208,115.0,4.0,1.3290632039146966
1300,RRAAH_MYCTU,P9WGY3,Rv3853,setB,1nxj,C,154.0,10000.0,0.9998308584878958,3.5462850186274976e-08,0.0473520052983952,3192.0,2.608789972412545,0.4594367859849546,67.0,4.0,1.3419113234487583
1301,HIS2_MYCTU,P9WMM9,Rv2122c,setB,1y6x,A,87.0,10000.0,0.9989311440437576,5.522604887845893e-05,0.2106571027443966,590.0,3.4423538555056026,0.3812149326745662,37.0,3.0,1.3323918342589756
1302,KAD_MYCTU,P9WKF5,Rv0733,setB,2cdn,A,180.0,10000.0,0.9944910230589268,1.5720588684776597e-12,0.0002625386903181,8413.0,2.329836422762694,1.4230474912485591e-05,56.0,3.0,3.3588239013083134
1303,METE_MYCTU,P9WK07,Rv1133c,setB,1u1h,A,732.0,10000.0,1.9470249187977256e-08,9.122613156616163e-56,8.492505482943529e-40,10000.0,7.63191804009324,3.301232379459758e-31,132.0,4.0,4.674637739975151
1304,LPQY_MYCTU,P9WGU9,Rv1235,setB,7cae,E,443.0,10000.0,0.9992149228577828,6.558059112747389e-11,0.0539637272760761,3050.0,4.265550486083772,0.1072677458972315,141.0,3.0,9.77161342870254
1305,METK_MYCTU,P9WGV1,Rv1392,setB,3tde,B,368.0,10000.0,0.9760307480645712,4.426962713182724e-22,7.7325150878886e-08,9258.0,4.366437471603416,5.90765928168144e-11,122.0,4.0,28.927415664037465
1306,PSTB1_MYCTU,P9WQL1,Rv0820,setB,2ouk,B,237.0,10000.0,0.9999537536760577,1.697453912024292e-08,0.0922679382422861,2401.0,4.535932505113409,0.0032142850688608,64.0,4.0,2.976579412681608
1307,PSA_MYCTU,P9WHU1,Rv2109c,setB,3mka,Y,224.0,10000.0,0.905787680748186,9.235539085276673e-13,2.450181462898698e-06,9650.0,6.3470197722654085,8.71225770299509e-10,56.0,3.0,6.440487248648198
1308,MTNN_MYCTU,P9WJM3,Rv0091,setB,5b7g,B,237.0,10000.0,0.9993079054563366,1.8231683489281423e-11,0.0264746309785352,4013.0,4.869159657299498,0.0574538282494588,136.0,7.0,3.895222458345609
1309,RF1_MYCTU,P9WHG3,Rv1299,setB,6gxn,v,343.0,10000.0,0.9986613093527692,2.5516289643418023e-26,0.0296215262868793,3902.0,4.37231972993435,0.0070237180702956,70.0,3.0,13.730522823257672
1310,SYC_MYCTU,P9WFW1,Rv3580c,setB,1u0b,B,454.0,10000.0,0.9083730959401384,8.205025804119402e-31,7.248574299651487e-10,9579.0,4.476675046401349,1.740999273293688e-09,137.0,4.0,14.644541133132169
1311,TPX_MYCTU,P9WG35,Rv1932,setB,1xvq,A,156.0,10000.0,0.9998518086888252,1.0752856220633037e-13,0.118429281090883,2296.0,3.171779655660578,0.3857396986535698,57.0,3.0,4.570269357488679
1312,RSME_MYCTU,P9WGX1,Rv2372c,setB,4l69,A,244.0,10000.0,0.965811813008702,7.996107256476484e-15,1.8694200061452225e-05,8820.0,3.730589195372549,0.0001519991162435,98.0,3.0,14.09314138153733
1313,SUCC_MYCTU,P9WGC5,Rv0951,setB,2nu9,B,376.0,10000.0,0.9971509023572744,8.055619795127251e-13,0.000842916243492,7313.0,3.837864402637263,1.9448754168958058e-08,118.0,3.0,10.59561206349117
1314,THID_MYCTU,P9WG77,Rv0422c,setB,1ub0,A,242.0,10000.0,0.9994239852610676,2.099180612936522e-12,0.0125745780770105,4919.0,4.166736029752188,4.05445227780836e-05,93.0,3.0,7.243487971964889
1315,LEU3_MYCTU,P9WKK9,Rv2995c,setB,2g4o,D,334.0,10000.0,0.717959694912985,1.588309295302954e-25,4.4359503649243627e-13,9922.0,2.6580540916319806,6.729867429715576e-19,99.0,4.0,18.81939483617898
1316,PARE1_MYCTU,P9WHG7,Rv1959c,setB,3kxe,A,93.0,10000.0,0.9993948867263268,5.82054991374516e-07,0.4229637996512901,174.0,3.638510040886647,0.243500062406303,38.0,4.0,1.324575781146551
1317,TILS_MYCTU,P9WG53,Rv3625c,setB,3a2k,A,292.0,10000.0,0.999117952851353,3.29686279934955e-13,0.0035133606698413,6081.0,2.798355046631526,0.0014001831262092,98.0,2.0,7.711271879528049
1318,Y2005_MYCTU,P9WLN1,Rv2005c,setB,3cis,B,289.0,10000.0,0.9998984011830307,6.607426245050664e-11,0.0718782246750517,2743.0,3.156358341028465,0.0003402345448569,98.0,3.0,1.3308501042566698
1319,RL10_MYCTU,P9WHE7,Rv0651,setB,1zaw,A,168.0,10000.0,0.9999330823162246,1.9089506896869689e-13,0.2333181587473864,1447.0,3.4134716916555297,0.0008606410921669,67.0,3.0,1.329669507810115
1320,RS8_MYCTU,P9WH27,Rv0718,setB,5v93,h,130.0,10000.0,0.9991792228558724,5.372953169197511e-07,0.3533972015675876,285.0,3.612357571612621,0.124531926910194,29.0,2.0,17.765422961472094
1321,URE2_MYCTU,P9WFE9,Rv1849,setB,1krb,B,101.0,10000.0,0.9999989894844648,8.102987584477906e-10,0.287417964594887,684.0,2.741730253372649,0.0807866614282906,33.0,3.0,1.327253178560895
1322,REGX3_MYCTU,P9WGL9,Rv0491,setB,2oqr,A,225.0,10000.0,0.951568198672044,9.38725606722187e-19,4.3632920586070765e-05,8651.0,5.4232922980765945,0.0005225320878752,35.0,2.0,13.851619616492508
1323,PYRC_MYCTU,P9WHL3,Rv1381,setB,3mpg,A,410.0,10000.0,0.0489137672363846,7.081931863097225e-49,8.39342635612524e-24,9999.0,4.315722623711309,2.7762982849203647e-34,131.0,5.0,1.3292546783818355
1324,TRPA_MYCTU,P9WFY1,Rv1613,setB,5tcf,E,245.0,10000.0,0.9994841186298672,5.887289510331213e-12,0.0177605845177266,4205.0,2.699093627107321,0.0506898893449273,97.0,5.0,1.328037650068704
1325,Y769_MYCTU,P9WGQ9,Rv0769,setB,4nbu,B,235.0,10000.0,0.9992552142210946,5.557699272640282e-11,0.002168004921102,6206.0,5.347226743267241,0.071086081960711,106.0,4.0,3.6807241135407054
1326,RS19_MYCTU,P9WH45,Rv0705,setB,5li0,s,84.0,10000.0,0.9999863946735704,3.567543349953641e-06,0.2679411701873415,610.0,3.285656141439614,0.3597762347141508,30.0,3.0,3.8460998426978024
1327,Y500B_MYCTU,P9WKT5,Rv0500B,setB,5zep,u,32.0,10000.0,0.999999997656384,0.001505349781731,0.6351394872698826,28.0,2.1401213431053256,0.6351394872698826,14.0,2.0,4.933865827117725
1328,BACA_MYCTU,P9WQI9,Rv1819c,setB,6tqe,A,632.0,10000.0,0.9942655044258198,4.320151417953984e-17,0.0037261948950837,5931.0,4.049850511676917,0.0037261948950837,177.0,4.0,5.8583275770479055
1329,MASZ_MYCTU,P9WK17,Rv1837c,setB,5e9x,A,715.0,10000.0,2.3932891463831753e-08,1.0916507853441885e-106,1.4741370855273704e-57,10000.0,10.914326709976226,4.6698042102843534e-73,286.0,9.0,1.3416236432025186
1330,PROA_MYCTU,P9WHV1,Rv2427c,setB,1o20,A,400.0,10000.0,0.9996478624837134,5.627715395305929e-20,0.0100325139787888,4908.0,2.476530343004866,0.210705612496681,102.0,3.0,3.324022412680157
1331,Y498_MYCTU,P9WKU1,Rv0498,setB,3wqo,A,259.0,10000.0,0.8446394688994533,1.6455130758240675e-30,2.5921580480654627e-11,9841.0,7.705503824788822,4.881897657189954e-11,55.0,4.0,8.976636953781746
1332,SYK1_MYCTU,P9WFU9,Rv3598c,setB,3e9h,A,481.0,10000.0,0.9532230557056944,5.833456539796207e-24,3.174110634798721e-06,8746.0,3.457515257020866,1.1383491966873708e-06,101.0,4.0,14.696733922882323
1333,TCRX_MYCTU,O69730,Rv3765c,setB,3r0j,B,218.0,10000.0,0.9998835884460284,5.1531447619954227e-17,0.2171996000998068,1301.0,2.7319939290699997,0.0242366102847626,120.0,4.0,4.771415408450616
1334,Y756_MYCTU,P9WFI5,Rv0731c,setB,6id6,A,301.0,10000.0,0.9999349136326712,5.641253560595143e-11,0.177519102790863,1484.0,3.118465932837712,0.7239710908185683,129.0,4.0,10.669602195021143
1335,MGLL_MYCTU,O07427,Rv0183,setB,6eic,A,272.0,10000.0,0.9984294920542705,4.26579764868144e-08,0.1371363499770534,1565.0,4.102485765453909,0.5916096809976454,131.0,4.0,3.742572110193736
1336,KPRS_MYCTU,P9WKE3,Rv1017c,setB,1ibs,A,297.0,10000.0,0.9999244914859052,1.946467111627016e-12,0.051051901189357,3483.0,4.447136422206265,0.1178398604142394,48.0,2.0,6.972044033136914
1337,MMAA1_MYCTU,P9WPB1,Rv0645c,setB,1kph,D,284.0,10000.0,0.9988886740942508,1.1484343526696212e-16,0.0004144997026253,7374.0,3.5845037558403816,0.0053210633736541,68.0,3.0,3.515628677775862
1338,KSHA_MYCTU,P71875,Rv3526,setB,2zyl,A,359.0,10000.0,0.9482029681643857,7.016283595587e-33,6.1998759071635655e-12,9799.0,5.451592826098363,6.460196266330826e-13,90.0,5.0,1.3338174537769425
1339,KTHY_MYCTU,P9WKE1,Rv3247c,setB,1mrn,A,208.0,10000.0,0.9980021339184104,1.5656586954269523e-10,0.0460313571175526,3017.0,3.1204282373646057,0.0600179850588554,61.0,4.0,15.975326569432
1340,LAT_MYCTU,P9WQ77,Rv3290c,setB,2jjf,A,433.0,10000.0,0.849060995993669,4.710921060554663e-28,6.230338412922885e-10,9735.0,2.9565050559969825,8.116812310550863e-23,170.0,4.0,4.890969842475012
1341,KDPB_MYCTU,P9WPU3,Rv1030,setB,7lc3,B,669.0,10000.0,0.9996053941032924,3.476994751427883e-22,0.0091754844456563,5155.0,3.842922048344199,0.6935937772072962,288.0,5.0,2.111805625525219
1342,IXTPA_MYCTU,P9WMR7,Rv1341,setB,6wwd,A,194.0,10000.0,0.9966781187431184,4.821692330426322e-10,0.0139978679938489,4585.0,4.080319341702166,0.3105193225999543,72.0,3.0,11.446434990860691
1343,MURA_MYCTU,P9WJM1,Rv1315,setB,6q11,A,413.0,10000.0,0.8759142037968609,8.150912425142194e-35,4.9350890642870955e-11,9821.0,4.001198051418209,8.076742366232359e-13,92.0,4.0,10.682907516214865
1344,Y377_MYCTU,P9WMF7,Rv0377,setB,3fxr,A,291.0,10000.0,0.999905663297746,2.97116440565136e-19,0.0473243126798908,3153.0,3.561771265186565,0.1633567517129929,109.0,4.0,1.3308350761833736
1345,Y1013_MYCTU,O05598,Rv1013,setB,3pbk,B,504.0,10000.0,0.0359339926599829,2.0411757154293896e-49,5.269723688920622e-24,9999.0,3.837748620186356,7.800725285578225e-16,113.0,3.0,3.1818719333122143
1346,Y3778_MYCTU,P9WQ67,Rv3778c,setB,3cai,B,396.0,10000.0,0.9980580948699928,1.0711218775033433e-18,0.0002978691757534,7133.0,6.3898680560939525,0.2757139430336554,130.0,6.0,1.3363689610283516
1347,PNCA_MYCTU,I6XD65,Rv2043c,setB,3pl1,A,185.0,10000.0,0.0210851622795237,3.5483606606710914e-11,4.2860388889164843e-07,9994.0,5.669247592089297,6.969770873285344e-08,2256.0,84.0,1.3371664069965246
1348,RIR2B_MYCTU,P9WH71,Rv3048c,setB,2bq1,I,294.0,10000.0,0.9367151800769022,3.154486296638746e-26,1.7905760781924278e-10,9731.0,3.2510811860052327,1.0963268509586171e-13,45.0,3.0,18.648929996115047
1349,Y2280_MYCTU,P9WIT1,Rv2280,setB,3pm9,F,448.0,10000.0,0.9917993570532684,1.0588679474591753e-12,0.0029548047825359,6626.0,3.362456395408429,0.0143901370636727,193.0,4.0,4.284182769210476
1350,Y2417_MYCTU,P9WP05,Rv2417c,setB,3fys,A,268.0,10000.0,0.9982379655706352,6.753373644599227e-10,0.0553540367423514,3140.0,3.052642415215604,0.0867036536279437,108.0,3.0,1.3251045241791306
1351,VPB20_MYCTU,P9WJ45,Rv2550c,setB,5x3t,A,67.0,10000.0,0.9998205890529002,2.998521037118996e-05,0.0693809779158575,1859.0,3.1780360690414464,0.233886524255986,29.0,4.0,1.325339579126794
1352,Y2011_MYCTU,P9WLM5,Rv2011c,setB,3gfl,A,131.0,10000.0,0.9999841604707436,3.375432547179532e-13,0.1272060071315955,1807.0,2.3682351160016606,0.0167604393910258,57.0,4.0,3.2576362596213837
1353,Y2073_MYCTU,P9WGR3,Rv2073c,setB,1yb1,B,229.0,10000.0,0.994623676014414,2.618563881077561e-09,0.0651198308595438,2269.0,3.002214960475752,0.1044708535455656,102.0,4.0,7.374058923008413
1354,Y2624_MYCTU,P9WFD5,Rv2624c,setB,3cis,G,252.0,10000.0,0.9996012542486314,5.530433194246451e-10,0.2034168980828702,994.0,3.86977902511768,0.13681431552176,128.0,3.0,7.260281124033696
1355,VPC28_MYCTU,P9WF81,Rv0609,setB,4xgq,A,126.0,10000.0,0.999974340683472,6.893929023105761e-09,0.2623397946920008,934.0,2.840070535951612,0.2020375199529309,57.0,4.0,1.3306231622814944
1356,Y181_MYCTU,P9WI85,Rv0181c,setB,6uts,A,224.0,10000.0,0.9999129927921748,1.0267944025100537e-07,0.1228475420706131,1361.0,4.9600656454219845,0.3343508142979462,120.0,8.0,3.70407262347812
1357,MODB_MYCTU,P9WG13,Rv1858,setB,2onk,I,238.0,10000.0,0.9958392323277172,1.4557350187174535e-10,0.0085516428947762,5247.0,4.304928188697981,0.0741474765415049,64.0,6.0,3.097192438322164
1358,UVRA_MYCTU,P9WQK7,Rv1638,setB,3zqj,A,944.0,10000.0,0.0811477927294818,4.142003951435092e-57,9.385009405725442e-27,9996.0,4.577671541896164,5.6008593748454446e-27,329.0,4.0,6.240300954280964
1359,Y0148_MYCTU,P96825,Rv0148,setB,1zbq,E,274.0,10000.0,0.9933870022945508,4.0632117380715815e-20,0.0004335114089721,6999.0,2.305181421848141,2.015934819910644e-05,119.0,4.0,13.938649647652388
1360,Y1985_MYCTU,P9WMF5,Rv1985c,setB,3isp,A,290.0,10000.0,0.9990654666165364,1.823082533823504e-14,0.1100474789792685,1919.0,3.2945880553841587,0.0228315294701296,107.0,3.0,9.31786466954742
1361,Y1220_MYCTU,P9WJZ7,Rv1220c,setB,2avd,B,203.0,10000.0,0.988778001514334,4.897046742668287e-09,0.0920005772823746,1684.0,2.641566424198756,0.0419330239383669,69.0,3.0,3.3200871976500848
1362,VPC20_MYCTU,P95004,Rv2549c,setB,5wz4,A,129.0,10000.0,0.9999807875566312,1.8920425384927944e-06,0.1218735129220584,1529.0,4.704015518727847,0.2749408274874572,54.0,4.0,14.513060394003746
1363,Y1843_MYCTU,P9WKI3,Rv1843c,setB,3tsb,A,463.0,10000.0,0.4590505707980005,6.673867428533484e-20,4.007896717234182e-09,9844.0,5.048667469936347,1.5460266926757336e-14,193.0,4.0,5.153349299242193
1364,Y1546_MYCTU,P9WLU7,Rv1546,setB,2d4r,D,135.0,10000.0,0.9999892375330038,2.681609452367572e-08,0.3000539306408795,726.0,2.577735106191735,0.7633356952441486,80.0,5.0,1.3248082880175591
1365,PUR2_MYCTU,P9WHM9,Rv0772,setB,1gso,A,403.0,10000.0,0.8169516465099306,5.756128390685368e-22,1.6270076669276662e-06,9219.0,2.8409727863587304,0.0008218209362641,135.0,3.0,1.3309737037222094
1366,MOEA1_MYCTU,P9WJQ7,Rv0994,setB,2nrp,B,390.0,10000.0,0.9821179075220478,4.537293918057358e-22,3.804149751088433e-05,8077.0,4.493714036035404,2.4662591735411947e-08,85.0,5.0,24.942735395300975
1367,SUGC_MYCTU,P9WQI3,Rv1238,setB,7cad,D,382.0,10000.0,0.7328121031236309,3.2341379489991205e-22,8.829148652454705e-11,9826.0,5.302017684343059,3.945022112775938e-10,106.0,5.0,18.12057336289334
1368,Y097_MYCTU,P9WG83,Rv0097,setB,6xo3,A,278.0,10000.0,0.7475583347744438,7.4967542430067375e-25,4.553059775485554e-09,9784.0,3.094850324959425,7.18242405884748e-07,62.0,3.0,1.3270395623341502
1369,Y2717_MYCTU,P9WFG7,Rv2717c,setB,6r3y,A,160.0,10000.0,0.9998862734255916,5.590962279623065e-06,0.4014912752331763,271.0,3.593375823149421,0.7607983633984876,64.0,3.0,1.341880024443319
1370,VPC30_MYCTU,P9WF77,Rv0624,setB,4xgr,C,125.0,10000.0,0.9988616193446148,0.0001012021363897,0.198370194507047,295.0,3.5114861773789285,0.9611948755175196,66.0,3.0,5.093548664732677
1371,THT3_MYCTU,P9WHF5,Rv2291,setB,4jgt,B,260.0,10000.0,0.9997030667215446,3.620230077202858e-15,0.0787077630171508,2802.0,3.3685990612548524,0.4919667307074757,109.0,4.0,6.388011349395052
1372,Y1996_MYCTU,P9WLP1,Rv1996,setB,3cis,A,287.0,10000.0,0.9998905826406004,1.745053038940211e-18,1.0118793142095845e-05,8457.0,3.607868739730976,0.0001562546507331,145.0,6.0,1.3292471553477208
1373,SSRP_MYCTU,P9WGD3,Rv3100c,setB,5zey,C,156.0,10000.0,0.9998518086888252,8.387553102848589e-16,0.067249903512492,3034.0,6.312465260207807,0.3857396986535698,61.0,10.0,1.3315502243625723
1374,Y1144_MYCTU,P9WGQ7,Rv1144,setB,6ujk,B,243.0,10000.0,0.996392569098854,3.488890033793801e-11,0.0491751369051572,2715.0,2.9983281536027624,0.0491751369051572,106.0,4.0,1.332985746360406
1375,Y1357_MYCTU,P9WM07,Rv1357c,setB,4rnh,A,293.0,10000.0,0.9999124083938216,2.475668443902477e-12,0.0485524061605711,2660.0,4.382674806258017,0.0752236003547688,150.0,6.0,1.3203950166522154
1376,VPB26_MYCTU,O53778,Rv0581,setB,5x3t,A,70.0,10000.0,0.9998859703191284,5.70682292204063e-07,0.179361108511576,284.0,2.64082124713055,0.3550886868062197,31.0,2.0,1.3287783863383709
1377,Y1421_MYCTU,P9WFQ3,Rv1421,setB,5o5o,C,273.0,10000.0,0.9984740538902964,2.5391750242913818e-21,0.0739620701884091,2598.0,6.15944043190121,0.1681634066342615,80.0,5.0,1.337443456748733
1378,Y1856_MYCTU,P9WGQ1,Rv1856c,setB,3sj7,A,206.0,10000.0,0.999791850270849,3.492747500392925e-09,0.05800292520688,2466.0,3.5999652537416984,0.001765034179614,87.0,2.0,4.119402262464785
1379,Y2971_MYCTU,P9WQA5,Rv2971,setB,4otk,A,274.0,10000.0,0.9933870022945508,1.1772866981600889e-25,5.629063577351699e-06,8693.0,4.931196770917459,0.0002106415084885,70.0,5.0,1.3396006867719927
1380,Y3131_MYCTU,P9WIZ7,Rv3131,setB,2ymv,A,318.0,10000.0,0.999584783502579,1.1784248799465885e-12,0.0269210997685551,3780.0,5.722142097985666,0.0002837343851515,90.0,6.0,17.23452537785709
1381,Y1540_MYCTU,P9WHQ3,Rv1540,setB,2ist,A,292.0,10000.0,0.995629615196716,1.8888132305356028e-22,0.0062646998788821,5439.0,3.187520597294909,0.0082783531378568,105.0,4.0,1.3275997137691746
1382,RL30_MYCTU,P9WHA3,Rv0722,setB,5v7q,Z,59.0,10000.0,0.9999996132375278,0.0004820893962583,0.5020556560146455,38.0,2.7515170925540824,0.5020556560146455,28.0,2.0,7.315605579854613
1383,SYM_MYCTU,P9WFU5,Rv1007c,setB,6ax8,A,509.0,10000.0,0.8273953787848851,2.710008137027555e-29,5.266353396344527e-09,9561.0,3.0607037798672048,0.0624723970119107,125.0,3.0,10.994331994259577
1384,SYP_MYCTU,P9WFT9,Rv2845c,setB,5ucm,B,548.0,10000.0,0.1078901373079495,3.319101343157699e-47,2.9633801519794965e-21,9993.0,4.678753869732839,1.6525475466262437e-17,133.0,4.0,2.7536869829376
1385,THIG_MYCTU,P9WG73,Rv0417,setB,5z9y,A,232.0,10000.0,0.9991686176736936,6.4971718618775105e-15,0.0019834467086878,6127.0,3.895149292868545,6.057931857187863e-05,65.0,5.0,10.956932280524503
1386,Y0859_MYCTU,O53871,Rv0859,setB,4b3i,D,403.0,10000.0,0.1575854949281218,3.0248866788184075e-17,5.069972347036925e-09,9985.0,7.0956145927244325,3.1294517313862406e-10,263.0,7.0,1.329054174968047
1387,Y2676_MYCTU,P9WL45,Rv2676c,setB,6xub,C,227.0,10000.0,0.994309153489661,2.5547111808387e-16,3.0859441722410674e-05,8370.0,2.855848734472276,2.942692893845974e-06,65.0,3.0,3.335202092827364
1388,Y2782_MYCTU,P9WHT5,Rv2782c,setB,3hdi,A,403.0,10000.0,0.998302434415799,7.968423414657834e-20,0.0458550461178962,3281.0,3.5640015747173104,0.0051333560735582,154.0,4.0,5.14065287682411
1389,Y1816_MYCTU,P9WMC9,Rv1816,setB,5d1r,B,221.0,10000.0,0.9014692665772364,1.3604016696432826e-13,0.0014016582500684,6778.0,3.4389868001662296,0.1182762589084655,85.0,3.0,2.68544595924029
1390,RUVA_MYCTU,P9WGW3,Rv2593c,setB,2ztd,B,179.0,10000.0,0.999235472226732,2.503185369594573e-13,0.1339494571126155,1755.0,2.5982472927241917,0.0180849429037195,50.0,2.0,13.06288245373126
1391,XERC_MYCTU,P9WF35,Rv2894c,setB,5hxy,E,274.0,10000.0,0.9803915382832178,2.181762237099904e-19,0.0057622267180849,5480.0,4.269474631675321,0.0057622267180849,81.0,3.0,3.4715261773462056
1392,RS10_MYCTU,P9WH67,Rv0700,setB,5o5j,J,98.0,10000.0,0.9653833736536408,7.428477158835542e-17,1.8568986012197504e-08,9821.0,4.79209267733191,1.804252074430538e-12,27.0,4.0,19.02191762152281
1393,PYRH_MYCTU,P9WHK5,Rv2883c,setB,2v4y,C,235.0,10000.0,0.995467758145561,2.0881627805683915e-13,0.0001584355389458,8042.0,4.142771565886478,6.930224216370361e-05,71.0,4.0,13.864193629634576
1394,THIE_MYCTU,P9WG75,Rv0414c,setB,3o63,B,200.0,10000.0,0.9997218397355462,1.4639479233432268e-07,0.0521390871888477,2678.0,3.2583702335996656,1.3921047931216453e-06,62.0,3.0,25.835647640421165
1395,TLYA_MYCTU,P9WJ63,Rv1694,setB,3hp7,A,257.0,10000.0,0.9996683365894944,2.965791640062305e-12,0.1757819060847568,1484.0,6.80626950596456,0.48442746757477,145.0,8.0,1.3120598309528415
1396,SIGB_MYCTU,P9WGI5,Rv2710,setB,5vi8,F,296.0,10000.0,0.895864980763891,3.0455319005295597e-18,6.652184340045097e-11,9783.0,4.158956902932781,6.98938058726638e-05,49.0,3.0,22.100877923738693
1397,THYX_MYCTU,P9WG57,Rv2754c,setB,3hzg,A,245.0,10000.0,0.9994841186298672,8.191842856345457e-11,0.0054483998995129,5481.0,2.67609856300668,0.0100021845330185,86.0,2.0,4.158900816321545
1398,TRPC_MYCTU,P9WFX7,Rv1611,setB,3qja,A,254.0,10000.0,0.9715733026977664,5.646491441788564e-21,1.257662534919634e-06,8907.0,3.8865679555795016,0.000101625997178,59.0,5.0,1.3311731667968671
1399,TAL_MYCTU,P9WG33,Rv1448c,setB,3r5e,A,356.0,10000.0,0.999862760635248,4.383223849998484e-11,0.0222726836341511,3989.0,3.30961092123348,0.014031270907796,143.0,4.0,3.1731703389512536
1400,Y480_MYCTU,P9WJ01,Rv0480c,setB,2w1v,B,256.0,10000.0,0.9975131965823584,9.996124506572011e-12,0.021775665826819,4310.0,5.22805630932948,0.036535289192105,107.0,7.0,13.131075698510005
1401,Y1998_MYCTU,P9WLN9,Rv1998c,setB,4lsb,A,233.0,10000.0,0.9999438170031076,2.4616771401422777e-17,0.0055465233432611,5568.0,3.582148956452964,4.12098166296863e-05,108.0,5.0,3.4482208455955954
1402,Y034_MYCTU,P9WM93,Rv0034,setB,1tuh,A,127.0,10000.0,0.9990011445713586,7.54682494750778e-07,0.1561475032673478,1256.0,2.7901829577536965,0.8280525573074289,104.0,6.0,1.3544626240690418
1403,SYS_MYCTU,P9WFT7,Rv3834c,setB,2dq3,A,417.0,10000.0,0.9953376369189948,3.5903024480099333e-29,1.6476916617891742e-10,9753.0,3.979654816668991,0.0062759885126912,126.0,5.0,2.717385508167732
1404,SUGB_MYCTU,P9WG01,Rv1237,setB,7cad,B,272.0,10000.0,0.9998093565080952,3.907197898794509e-12,0.1120104444090804,1605.0,3.2929961739377127,0.0908062493787206,93.0,4.0,3.3531956399828537
1405,VAPC2_MYCTU,P9WFB9,Rv0301,setB,3h87,B,138.0,10000.0,0.9995144104153996,6.831937199553413e-07,0.1913535724092009,981.0,2.9024217328351782,0.1913535724092009,67.0,3.0,3.13099792398526
1406,YHI1_MYCTU,P9WML3,Rv0759c,setB,3p0t,A,131.0,10000.0,0.9992312704167275,3.2595323333925675e-08,0.1688037036086042,1507.0,3.0031649562400293,0.3580122697230107,33.0,3.0,3.268348206663426
1407,SUGFT_MYCTU,P9WKZ3,Rv3404c,setB,4pzu,B,230.0,10000.0,0.9999349931875317,7.956652070041327e-17,0.0660993551137121,2781.0,2.0264293816569072,0.0398549876581086,99.0,4.0,1.3395730663162797
1408,Y566_MYCTU,P9WFK9,Rv0566c,setB,5b7w,A,158.0,10000.0,0.9998701745931144,1.1113996011428697e-07,0.3205547627182496,628.0,2.4160784382801253,0.0934394215033244,64.0,2.0,3.8553944026519527
1409,Y3679_MYCTU,P9WKX5,Rv3679,setB,6bs4,A,330.0,10000.0,0.9981879162312056,8.596616865531171e-21,2.4171105505895456e-05,7975.0,3.81257632916482,0.0198468775813361,138.0,5.0,10.973901038372816
1410,Y2669_MYCTU,P9WQG5,Rv2669,setB,1tiq,A,153.0,10000.0,0.999819303262422,1.6645904510495545e-06,0.3021663853934918,279.0,3.257286343479566,0.6403626469792917,63.0,4.0,7.976935376446268
1411,Y1350_MYCTU,P9WGR9,Rv1350,setB,4nbu,D,240.0,10000.0,0.9960699819604578,4.819629274271673e-19,0.0120518864845974,4817.0,2.425094137534399,0.0002859702099272,74.0,3.0,17.217587781103365
1412,VPC11_MYCTU,P9WFA5,Rv1561,setB,6a7v,G,133.0,10000.0,0.9993257318463988,3.825259311421539e-07,0.2278864368076865,664.0,2.3391805657073013,0.2278864368076865,70.0,5.0,3.625970904461318
1413,VPC15_MYCTU,P9WF97,Rv2010,setB,4chg,A,132.0,10000.0,0.9992800384072408,2.8801900415885727e-10,0.0707041115477779,2526.0,3.4250090647860207,0.648420625506241,43.0,2.0,7.235249822915584
1414,VPC21_MYCTU,P9WF91,Rv2757c,setB,5sv2,A,135.0,10000.0,0.7633356952441486,6.45714873389348e-17,3.572838064841523e-06,9481.0,4.460004501487886,2.681609452367572e-08,71.0,6.0,3.883401215429588
1415,Y146_MYCTU,P9WFJ3,Rv0146,setB,2ckd,A,302.0,10000.0,0.996530841772536,8.298633298963314e-09,0.0166884692586565,4535.0,3.28452077488524,0.0002509542767241,184.0,5.0,10.265374664375384
1416,Y1533_MYCTU,O06179,Rv1533,setB,6bka,A,339.0,10000.0,0.9985304801079132,1.9087635029361142e-10,0.0804885480948769,2003.0,3.112849301506309,0.2327159124451891,143.0,3.0,5.51477379409165
1417,Y3410_MYCTU,P9WKI5,Rv3410c,setB,2qr6,A,359.0,10000.0,0.9960578393400812,6.1998759071635655e-12,0.0184446881304018,4336.0,5.42244865535181,0.6968261978658725,103.0,4.0,3.263467327858516
1418,Y1636_MYCTU,P9WFC9,Rv1636,setB,5ahw,C,144.0,10000.0,0.999672794939158,1.750116124749978e-07,0.0935118065526648,2050.0,4.102772687316309,0.0125054733741799,66.0,3.0,8.479930954907594
1419,Y2563_MYCTU,P9WG15,Rv2563,setB,5gko,A,337.0,10000.0,0.9984603861377604,4.243859339581719e-18,0.1384344430866098,1400.0,4.561664985594058,0.3602982777358625,161.0,3.0,3.318902981408166
1420,THT2_MYCTU,P9WHF7,Rv3283,setB,3hzu,A,292.0,10000.0,0.9999090981207812,1.1942175400865398e-12,0.0916956359290333,2112.0,4.439004071971417,0.0010160620917364,160.0,6.0,6.650498477557905
1421,RS181_MYCTU,P9WH49,Rv0055,setB,6dzk,r,77.0,10000.0,0.9972561558317744,2.3754387579121524e-09,0.0465916110883429,2658.0,3.190841577537954,0.1572066682366461,49.0,4.0,6.530781576503704
1422,Y910_MYCTU,P9WJ05,Rv0910,setB,2d4r,A,134.0,10000.0,0.9999881453783565,2.1317925572900442e-07,0.1010654577843235,1768.0,3.9830452867145714,0.1353175288362377,53.0,4.0,1.3259053510714824
1423,Y2212_MYCTU,P9WMU7,Rv2212,setB,1y10,A,344.0,10000.0,0.9986921685268696,1.0038663635819101e-17,0.0843418998589553,2495.0,2.712503102189848,0.0004071636514703,178.0,4.0,1.3417771797135325
1424,VPC17_MYCTU,P9WF95,Rv2527,setB,5sv2,A,120.0,10000.0,0.9984223762411536,2.652367678011377e-06,0.1345267544367508,993.0,3.580975637596881,0.0505218691016774,51.0,3.0,6.957217044192311
1425,HIS8_MYCTU,P9WML7,Rv1600,setB,4rae,B,365.0,10000.0,0.9181000582617984,1.0915050138856149e-30,1.661439581721428e-09,9730.0,3.2878223369551627,2.4408562208053744e-07,149.0,6.0,1.357190480367438
1426,ILVA_MYCTU,P9WG95,Rv1559,setB,1tdj,A,388.0,10000.0,0.9995330997443548,3.606747975562648e-15,0.0169761343960017,4571.0,3.161588945244099,5.3408783383532964e-08,136.0,3.0,1.335204104247736
1427,HSAA_MYCTU,P9WJA1,Rv3570c,setB,3afe,C,381.0,10000.0,0.9798368893319724,1.8011142508411356e-27,1.0207046271789774e-05,8193.0,6.736067774134728,3.5379226588355162e-12,76.0,10.0,1.3310390677962909
1428,PDUO_MYCTU,P9WP99,Rv1314c,setB,6wh5,B,186.0,10000.0,0.9994538312198002,1.1325738221039604e-08,0.029406637507502,3752.0,5.2002157349595794,4.403212228840743e-06,81.0,4.0,4.47795064733858
1429,LIPZ_MYCTU,P9WLR1,Rv1834,setB,5mxp,A,261.0,10000.0,0.9997138198336626,1.2054719385336043e-09,0.2632535679888447,945.0,4.155058646716388,0.2200461448565086,101.0,3.0,3.685956320956613
1430,MSHD_MYCTU,P9WJM7,Rv0819,setB,1ozp,A,290.0,10000.0,0.9954233381599296,1.1930258519706008e-11,0.0024863590465848,6079.0,5.018164638501408,3.830630947552672e-05,110.0,7.0,4.2847232115972185
1431,PCP_MYCTU,P9WIJ5,Rv0319,setB,3lac,B,204.0,10000.0,0.9999939242997026,2.0367554268471609e-07,0.230248108093345,930.0,2.430877874312753,0.0068330243741395,94.0,3.0,9.91426452138533
1432,MOAC1_MYCTU,P9WJR9,Rv3111,setB,4pyd,C,153.0,10000.0,0.999819303262422,3.4904085376125464e-10,0.3737884999691056,660.0,3.0799152590053,0.3021663853934918,98.0,5.0,4.674747586768717
1433,CBL_MYCTU,P9WQ83,Rv2294,setB,6qp3,A,370.0,10000.0,0.9992878056184064,6.609880733291061e-18,0.0879107250236942,2544.0,3.5891950157342496,0.7145358557120315,185.0,8.0,9.8348182494645
1434,CP132_MYCTU,P9WPN3,Rv1394c,setB,6j94,B,416.0,10000.0,0.999976370558984,1.6903575473262197e-12,0.0621196942150326,3115.0,2.8273259026791644,0.3452317965604065,198.0,4.0,1.3341922650053093
1435,DYR_MYCTU,P9WNX1,Rv2763c,setB,5u26,A,158.0,10000.0,0.9998701745931144,1.3174890978590936e-11,0.0520817553117996,3606.0,6.094052383586578,0.0019733731001227,51.0,9.0,15.710210978850665
1436,PANC_MYCTU,P9WIL5,Rv3602c,setB,3iue,A,288.0,10000.0,0.984904522198453,9.642024586720332e-18,7.681152510188974e-05,8489.0,3.6476353588743353,0.0023728159574303,106.0,3.0,1.3273093083377376
1437,PAPA3_MYCTU,P9WIK5,Rv1182,setB,6aef,A,454.0,10000.0,0.9974240983480144,3.4661194046762563e-19,0.000236639663174,7523.0,4.290735879820247,0.0280670698454694,107.0,3.0,9.49832479966862
1438,MURC_MYCTU,P9WJL7,Rv2152c,setB,7bvb,B,463.0,10000.0,0.9841611222707308,9.427094639359174e-18,0.0001202583616494,7704.0,3.5326040212654366,4.497404995877109e-07,178.0,3.0,6.127198462592835
1439,MPT51_MYCTU,P9WQN7,Rv3803c,setB,4qdu,A,270.0,10000.0,0.9997947301640596,6.26401649750879e-08,0.1096415651861139,2003.0,2.9944275150028954,1.1101446493555391e-05,169.0,3.0,1.3412620922101677
1440,MURI_MYCTU,P9WPW9,Rv1338,setB,5hj7,A,254.0,10000.0,0.9996295695171368,7.239737189279225e-16,0.0013508290127647,6725.0,3.0755154514640783,1.2532554752983832e-05,82.0,5.0,7.010956425481473
1441,NNR_MYCTU,P9WF11,Rv3433c,setB,3rtg,A,434.0,10000.0,0.9900929500413852,1.6481887648600485e-19,3.327194447478425e-05,8285.0,3.26629729453124,0.1009494151000665,115.0,3.0,8.784179586051279
1442,PFKA_MYCTU,P9WID7,Rv3010c,setB,4i7e,D,311.0,10000.0,0.9902021154929184,5.6773651759629155e-19,5.567269031660433e-05,8129.0,5.539247404706377,1.7798974764620652e-05,81.0,5.0,12.996125384128916
1443,GPMA_MYCTU,P9WIC9,Rv0489,setB,1rii,D,231.0,10000.0,0.9991375857583265,2.261424467463477e-12,0.0038000491583685,5780.0,4.847283963414684,3.7486154584479176e-05,53.0,7.0,3.6970421961346336
1444,NPD_MYCTU,P9WGG3,Rv1151c,setB,1ici,A,226.0,10000.0,0.9989643095893392,2.9545756945840206e-10,0.0794113688710727,2601.0,3.6806780467700784,0.0033048394539114,109.0,3.0,1.3313282840832346
1445,NADE_MYCTU,P9WJJ3,Rv2438c,setB,3szg,C,658.0,10000.0,0.9217997367554198,4.73176711680011e-17,1.1506527142175776e-05,8801.0,5.012105593770293,1.677795189454302e-09,172.0,4.0,3.124190135059002
1446,BKDA_MYCTU,P9WIS3,Rv2497c,setB,3dva,G,348.0,10000.0,0.9951389438927872,1.6150224814379544e-17,0.0011169737384886,6655.0,2.958963789418686,0.0125145028082798,121.0,4.0,1.3292595683311834
1447,LOGH_MYCTU,O05306,Rv1205,setB,2q4o,B,169.0,10000.0,0.9999373796838488,9.587018856325469e-08,0.1472416357512656,1623.0,3.7332612772652944,0.0873781265905365,71.0,4.0,6.946435344836947
1448,DTD_MYCTU,P9WNS9,Rv1897c,setB,2dbo,A,139.0,10000.0,0.9995453031494794,4.1978455982863456e-10,0.1946086726765076,994.0,2.7864034457204867,0.0837229644645632,67.0,4.0,1.3286643669490097
1449,F420R_MYCTU,O06553,Rv1155,setB,1w9a,A,142.0,10000.0,0.9996267385527056,3.7765844762662898e-06,0.2044142188333037,783.0,2.8429140984260277,0.5929864608052318,51.0,3.0,10.365907775009385
1450,NUOF_MYCTU,P9WIV7,Rv3150,setB,4hea,B,410.0,10000.0,0.0590377695798512,1.1123976967732196e-39,2.060071514200357e-16,9992.0,5.857419826839979,6.684575812495869e-07,109.0,3.0,8.583971924464796
1451,MURE_MYCTU,P9WJL3,Rv2158c,setB,2xja,C,498.0,10000.0,0.0285062224689075,2.6685655876604167e-29,9.457134013472585e-19,9999.0,5.131762757502519,5.520596525252085e-18,159.0,4.0,5.950806163873934
1452,ILVB2_MYCTU,O06335,Rv3470c,setB,6lpi,D,506.0,10000.0,0.9795158764276696,6.909200865822884e-34,9.212917458863996e-05,7835.0,3.714232295030132,0.0002109702826545,230.0,6.0,5.137391750684382
1453,HPRT_MYCTU,P9WHQ9,Rv3624c,setB,5kny,B,187.0,10000.0,0.9999810923393648,4.5203575145174544e-08,0.0706395896395134,2401.0,3.76553748931308,0.95282968666997,50.0,4.0,1.3282974064568565
1454,PAPA2_MYCTU,P9WIK7,Rv3820c,setB,6aef,A,458.0,10000.0,0.9928372948656942,2.605187498382537e-13,0.0239797285579698,4099.0,4.999141173955627,0.2450647397750003,268.0,6.0,2.8969533996942363
1455,IF3_MYCTU,P9WKJ9,Rv1641,setB,6neq,z,183.0,10000.0,0.995055766887982,5.7140617737760647e-11,2.8786473490689363e-05,8775.0,4.360282642439167,0.0001944418896481,129.0,4.0,1.3313294107770497
1456,MFPA_MYCTU,I6YBX3,Rv3361c,setB,2bm7,C,179.0,10000.0,0.999235472226732,4.453091232502296e-14,0.1041247327408439,2256.0,3.303353615676146,0.326555113650208,78.0,4.0,1.3295991877253854
1457,HIS1_MYCTU,P9WMN1,Rv2121c,setB,5u99,A,254.0,10000.0,0.989548985101804,4.164229594690796e-12,0.0729048500969059,1917.0,3.374769773642517,0.6957740583020633,62.0,2.0,15.586046355634902
1458,PRRA_MYCTU,P9WGM1,Rv0903c,setB,1ys7,B,226.0,10000.0,0.9989643095893392,1.558616708755691e-21,6.004109911171905e-07,9094.0,3.907120652052565,1.0605204085508347e-09,30.0,3.0,1.3484821096329005
1459,PAFA_MYCTU,P9WNU7,Rv2097c,setB,4b0t,A,444.0,10000.0,0.9913438207801633,1.5531897145731203e-31,1.0012250078773045e-13,9778.0,5.41561418104844,3.23100831925528e-08,98.0,3.0,14.592222209108522
1460,PANE_MYCTU,P9WIL1,Rv2573,setB,4ol9,A,294.0,10000.0,0.9367151800769022,3.114282669880784e-11,0.0065165515410996,6013.0,3.135882698232181,0.1389925805147951,120.0,4.0,3.8347351929435782
1461,PEPE_MYCTU,P9WHS7,Rv2089c,setB,4ege,A,371.0,10000.0,0.9993042966498684,2.9195059915539016e-12,0.0407373608670349,3403.0,3.885316780437719,0.0498846413343634,194.0,5.0,9.701272596932837
1462,PDXT_MYCTU,P9WII7,Rv2604c,setB,4wxy,L,186.0,10000.0,0.9517756773269406,1.554892299472895e-13,2.556102014199923e-06,9530.0,2.8849053326486622,0.0002261577516966,53.0,3.0,9.069080493633296
1463,MUTT2_MYCTU,P9WIY1,Rv1160,setB,5zrl,B,127.0,10000.0,0.9999766991947148,1.804482006064147e-08,0.1166056106367464,1760.0,3.2688879625502616,0.624189580277946,62.0,5.0,10.650426845906225
1464,CDD_MYCTU,P9WPH3,Rv3315c,setB,3ijf,X,123.0,10000.0,0.9999657401921828,2.1563090408288467e-08,0.0552929509767737,2808.0,3.1065440996788767,0.018304600921959,44.0,2.0,1.3338759312619746
1465,CHSE1_MYCTU,P71857,Rv3544c,setB,4x28,D,330.0,10000.0,0.9997070814888108,1.8714849485762623e-15,0.0737258552868521,2705.0,4.290861999829297,0.0003925298741578,114.0,5.0,3.4346970754347472
1467,FAA32_MYCTU,O53580,Rv3801c,setB,5hm3,A,625.0,10000.0,0.0006214844236548,2.5653351305482086e-68,3.7690803933783194e-30,10000.0,4.38997111747531,3.628537929909891e-46,114.0,4.0,20.64192578225201
1468,NAT_MYCTU,P9WJI5,Rv3566c,setB,3ltw,A,270.0,10000.0,0.9788749278409636,2.7350417571811216e-14,0.0015096744532517,6628.0,3.6431386203677993,0.449955238214259,138.0,4.0,1.335075278776446
1469,AROC_MYCTU,P9WPY1,Rv2540c,setB,2g85,A,386.0,10000.0,0.9976474412846926,9.918625087262621e-13,0.0316191837876266,3843.0,3.5144847246246864,0.5581413626913744,95.0,2.0,1.3339272843749792
1470,LIGC_MYCTU,L0TDE1,Rv3731,setB,2hix,A,325.0,10000.0,0.9999733507963527,7.123084238880814e-12,0.2122012472885234,1077.0,4.363371648539225,0.2917283798618308,176.0,7.0,19.1345540841693
1471,HTDZ_MYCTU,P9WNP3,Rv0130,setB,2c2i,B,149.0,10000.0,0.9997646809801688,1.5690077065166921e-07,0.0573023953517011,2390.0,2.4852887198272686,0.0299823320077113,89.0,4.0,1.3268944946754442
1472,ISPD_MYCTU,P9WKG9,Rv3582c,setB,3q80,A,217.0,10000.0,0.9985609209300867,7.550824427000661e-13,0.0096225432166225,5247.0,5.00236345976069,0.3770339675109056,65.0,3.0,1.332129873548371
1473,MSHB_MYCTU,P9WJN3,Rv1170,setB,1q74,A,287.0,10000.0,0.995095743591224,5.068422367354706e-14,0.0075202222404095,5370.0,3.0033164788058686,0.2265196146098231,98.0,4.0,17.806887740422244
1474,AAT_MYCTU,P9WQ91,Rv0337c,setB,4cvq,B,402.0,10000.0,0.9427601716650832,5.589794901114177e-23,2.23501649010121e-07,9202.0,4.406274695199367,6.815503936199361e-11,116.0,4.0,7.0583177882552155
1475,GMHA_MYCTU,P9WGG1,Rv0113,setB,1x92,A,184.0,10000.0,0.9952309862794978,6.33113825214223e-08,0.0148966993921318,4116.0,4.022626712899702,0.342771124549152,167.0,6.0,1.318463499684386
1476,ESXA_MYCTU,P9WNK7,Rv3875,setB,1wa8,B,95.0,10000.0,0.999499654473324,1.8165224897854344e-06,0.1876140778723947,715.0,2.132280210977474,0.3373844959679902,57.0,4.0,2.481892423131993
1477,MAOX_MYCTU,P9WK25,Rv2332,setB,6urf,C,506.0,10000.0,0.9962708388661908,1.8808363740492968e-17,0.0365103588824191,3768.0,3.215899257916461,0.0032306576195118,208.0,5.0,3.5351206485776414
1478,MSRA_MYCTU,P9WJM5,Rv0137c,setB,1nwa,A,165.0,10000.0,0.990559697490899,2.567558841524727e-15,0.0004764955960244,7586.0,4.362990026895456,0.0011536478347105,88.0,5.0,19.92031942514979
1479,CDDTR_MYCTU,I6X7F9,Rv3488,setB,5zi8,B,97.0,10000.0,0.9995863742135664,1.51583559283245e-08,0.1430302823267467,1210.0,3.804192473215599,0.0083631606732207,39.0,3.0,1.3124960952322644
1480,OGT_MYCTU,P9WJW5,Rv1316c,setB,4wx9,B,164.0,10000.0,0.998432378246081,2.954854165631128e-12,0.0081584724619477,5100.0,3.584627757628065,1.3455147443592932e-06,93.0,5.0,1.332709270621315
1481,PAPA5_MYCTU,P9WIN5,Rv2939,setB,1q9j,A,388.0,10000.0,0.9977359324165213,1.670989500894479e-11,0.0169761343960017,4372.0,3.1183506035423347,0.3047300844751612,128.0,4.0,3.780878469350741
1482,NCASE_MYCTU,O06769,Rv0669c,setB,2zws,A,606.0,10000.0,0.9990556448916676,1.0286786952297057e-23,0.0322721947164238,3892.0,4.009902105000919,0.12482471452553,297.0,6.0,1.332943359636861
1483,NRNA_MYCTU,P71615,Rv2837c,setB,5cet,A,322.0,10000.0,0.9978175993100536,9.595127257452516e-17,2.6590950935131787e-05,8272.0,3.681278326450845,1.8231555606426e-07,66.0,3.0,7.317313031434419
1484,MTAP_MYCTU,O06401,Rv0535,setB,1v4n,B,248.0,10000.0,0.9880178846826204,5.860481462743712e-17,5.929348142161993e-06,8875.0,3.679854705846624,3.8381716498915293e-10,61.0,2.0,4.650706182936091
1485,PDXH_MYCTU,P9WIJ1,Rv2607,setB,1jnw,A,202.0,10000.0,0.9997474524802632,2.9048379013678042e-08,0.2253912746613882,1096.0,2.999882843844284,0.0540629636680671,78.0,3.0,1.3310751293597272
1486,NLHH_MYCTU,P9WK87,Rv1399c,setB,6aae,A,297.0,10000.0,0.9391257437655286,1.2873119399127687e-10,0.0003056606402288,8555.0,4.7055454826484,0.0052155332611066,130.0,3.0,15.914710993291706
1487,NADB_MYCTU,P9WJJ9,Rv1595,setB,1knp,A,488.0,10000.0,0.8075916822602373,6.375400799607083e-29,5.064178682695264e-09,9539.0,4.304200743680148,1.907065657600524e-05,182.0,4.0,12.643498487364974
1488,MOAC2_MYCTU,P9WJR7,Rv0864,setB,4pyd,C,151.0,10000.0,0.9997937838583114,2.5536385958222604e-10,0.2340936831930593,765.0,3.3374109202368856,0.5365167505574904,63.0,5.0,7.607966219693666
1489,PAT_MYCTU,O05581,Rv0998,setB,4avc,B,326.0,10000.0,0.9926199617540532,6.072175201752597e-14,0.0237646859175139,4267.0,4.066259396213391,0.50877632216023,134.0,5.0,3.600736035868218
1490,MAZF2_MYCTU,P9WII1,Rv0659c,setB,1ne8,A,92.0,10000.0,0.9999959890008036,0.0001928163574104,0.2380092191025829,166.0,3.4443600419913776,0.9999959890008036,51.0,3.0,1.3485321649853204
1491,GSA_MYCTU,P9WMN9,Rv0524,setB,3k28,A,417.0,10000.0,0.1716035805382187,1.9095051824719162e-42,1.1551900305427035e-16,9993.0,3.7455065670342926,1.2337953824825518e-13,107.0,4.0,3.236985171421084
1492,HIS4_MYCTU,P9WMM5,Rv1603,setB,3zs4,A,242.0,10000.0,0.996288063206262,3.9762388484516695e-18,2.634014915174825e-05,8657.0,4.4831434714066,0.0001404156084359,87.0,4.0,1.3307358866431762
1493,MDREP_MYCTU,O53645,Rv0194,setB,5ko2,B,1071.0,10000.0,0.9959908441079434,2.085694772033657e-26,0.0266437192781682,3743.0,3.9588086294807994,0.0302262591442266,596.0,5.0,2.1948806345676353
1494,METB_MYCTU,P9WGB7,Rv1079,setB,3qhx,B,369.0,10000.0,0.996742883227412,4.417562455395159e-17,4.103656339043032e-05,7966.0,3.0995716258943378,0.0007267499163022,115.0,4.0,2.98651033817062
1495,CSPA_MYCTU,P9WP75,Rv3648c,setB,5o6f,A,65.0,10000.0,0.9999999277633412,5.484667401346081e-08,0.0624998611061568,2654.0,2.0608802624601426,0.1488975675500789,104.0,9.0,1.323487438550136
1496,MAZF1_MYCTU,Q6MX40,Rv0456A,setB,5hjz,B,89.0,10000.0,0.9999936557326085,1.5675907435973058e-06,0.39530698914758,304.0,2.923180584775269,0.8675716058982984,66.0,4.0,6.828341086969808
1497,PANB_MYCTU,P9WIL7,Rv2225,setB,3vav,H,262.0,10000.0,0.8495463190951587,2.907553674373776e-28,2.2183428172367535e-10,9844.0,9.295997662595624,1.815652643440505e-05,99.0,6.0,1.3350883865871963
1498,NADK_MYCTU,P9WHV7,Rv1695,setB,1u0r,D,301.0,10000.0,0.970922027033434,8.613266134524342e-25,7.773076240777138e-09,9581.0,6.301156356413678,8.174977117416719e-13,85.0,6.0,17.15988828634966
1499,PDTAR_MYCTU,P9WGM3,Rv1626,setB,1s8n,A,190.0,10000.0,0.983834864424606,6.01240690746331e-10,0.0568965383777903,2958.0,3.368834722038323,0.3620239927897433,47.0,2.0,2.1767174828167293
1500,MFTR_MYCTU,P9WMB7,Rv0691c,setB,2rae,A,190.0,10000.0,0.9999845206799128,5.748013178727111e-14,0.1566633332107413,1842.0,3.361444877118295,0.1964363558661237,81.0,4.0,3.4077383995841015
1501,PGK_MYCTU,P9WID1,Rv1437,setB,1vpe,A,388.0,10000.0,0.9344150396952552,3.4696630116970115e-22,2.840775110276242e-07,9311.0,3.398834088104316,4.686492914453218e-11,106.0,3.0,2.850925989919766
1502,MBCA_MYCTU,P9WLP7,Rv1990c,setB,6fkg,C,112.0,10000.0,0.999999813587024,4.2083028773918e-08,0.2684549539607186,658.0,3.2170826759726783,0.2037033890523985,25.0,3.0,2.613802976507601
1503,PROB_MYCTU,P9WHU9,Rv2439c,setB,4q1t,C,341.0,10000.0,0.998597407285577,5.652583674870004e-17,0.0550071810266417,2817.0,3.415661207396397,0.0182637920854181,80.0,5.0,4.052220872558652
1504,PCC6_MYCTU,P9WQH5,Rv2247,setB,4fb8,B,427.0,10000.0,0.8880633634782501,1.5857467987338366e-29,1.4915879740918114e-13,9812.0,4.75571753038464,3.8161071745476776e-23,79.0,3.0,7.387345057596811
1505,FOLC_MYCTU,I6Y0R5,Rv2447c,setB,2vos,A,447.0,10000.0,0.9809562779531676,4.763421609138922e-85,1.268018685952464e-20,9535.0,16.377151948867265,1.6667116357241128e-25,312.0,90.0,3.3954602044494595
1506,ETFA_MYCTU,P9WNG9,Rv3028c,setB,1efv,A,311.0,10000.0,0.997183210996725,2.082094178601769e-16,9.846508350025971e-07,9319.0,3.9065961983103215,1.4664155862432054e-08,102.0,4.0,19.54960434382241
1507,HISX_MYCTU,P9WNW9,Rv1599,setB,4g07,A,404.0,10000.0,0.9851719101548672,5.56480076307537e-21,0.067471637224634,3012.0,5.0891300466463365,0.1350168856793873,145.0,4.0,50.69678807380207
1508,ISCSL_MYCTU,P9WQ71,Rv3025c,setB,4isy,A,364.0,10000.0,0.9964165257811268,6.599699663297626e-18,1.8039015564852937e-06,9265.0,5.483800366824826,2.669038017248649e-06,110.0,5.0,1.3282240021924017
1509,ILVG_MYCTU,P9WG39,Rv1820,setB,6lpi,D,503.0,10000.0,0.9988318646118456,8.05171293690954e-17,0.0004431616752163,7114.0,3.318037076131601,7.86217353512343e-06,192.0,5.0,1.329701470255637
1510,HTPG_MYCTU,P9WMJ7,Rv2299c,setB,2iop,D,595.0,10000.0,0.991645149512982,5.6628511172845865e-25,0.0003244188714864,7483.0,2.4444345719581557,4.2918361139798445e-06,182.0,4.0,8.058637726067602
1511,MAK1_MYCTU,O07177,Rv0127,setB,4o7p,B,450.0,10000.0,0.5446436077926965,1.2515096070476258e-26,1.4377842572074202e-11,9902.0,3.555248668435136,9.03291241574578e-21,190.0,4.0,1.3285254984380293
1512,INHA_MYCTU,P9WGR1,Rv1484,setB,2b36,C,246.0,10000.0,0.9670485650377538,3.6127204820501793e-57,5.8680417173650175e-08,8028.0,7.452076012476061,2.4861946481894488e-11,285.0,87.0,17.356098755192654
1513,LEPA_MYCTU,P9WK97,Rv2404c,setB,5j8b,z,591.0,10000.0,0.967599148771348,3.81481842572191e-25,5.290104361978833e-06,8835.0,3.594295710555078,0.0343661328257854,184.0,4.0,1.3210336861715175
1514,OTSB_MYCTU,P9WFZ5,Rv3372,setB,5gvx,A,381.0,10000.0,0.6097522815476646,5.866941714572814e-29,1.5858031047367935e-09,9816.0,4.818862113387151,1.015673263522646e-08,169.0,5.0,2.9146447467916197
1515,CTPJ_MYCTU,P9WPT7,Rv3743c,setB,3j08,B,610.0,10000.0,0.9991064094130236,1.5819826811748342e-42,0.0024092272751526,6088.0,9.875585340492458,0.003645732883777,382.0,34.0,1.3247988526565038
1516,EGTB_MYCTU,O69671,Rv3703c,setB,4x8e,A,420.0,10000.0,0.9997801646312948,1.282464042330926e-17,0.0024669007607541,5903.0,4.732684049136494,0.0913767954808525,184.0,9.0,1.3372052946350426
1517,NUOD_MYCTU,P9WJH5,Rv3148,setB,6rfr,C,406.0,10000.0,0.998397576871021,4.064012447011885e-17,0.0317711766275284,3860.0,2.822134994272274,0.0471546822111797,103.0,3.0,3.0728001887529253
1518,CSD_MYCTU,P9WQ69,Rv1464,setB,5xt6,B,399.0,10000.0,0.9981668121180592,5.00553628513364e-20,8.844430208741593e-06,8729.0,3.610292792621497,0.0061702524820218,125.0,3.0,7.171279732376919
1519,EMBR_MYCTU,P9WGJ9,Rv1267c,setB,2fez,A,373.0,10000.0,0.9999165260872536,1.0615243955781126e-08,0.0273543160249444,3609.0,3.690506719136369,0.1079087743297642,188.0,3.0,17.527108774695268
1520,ESXT_MYCTU,I6YC53,Rv3444c,setB,1wa8,B,90.0,10000.0,0.9999945545767056,3.1801997900183795e-09,0.0805166862203916,1790.0,3.1090976939534984,0.1164097178819392,48.0,5.0,6.043156129043829
1521,FRDA_MYCTU,P9WN91,Rv1552,setB,1kf6,A,570.0,10000.0,0.9892377226465257,1.1128030454298593e-19,0.0023387784688135,6043.0,4.274089662285435,0.3304689547461799,307.0,5.0,3.9907138459177953
1522,DODEC_MYCTU,Q6MX43,Rv0379,setB,3onr,A,70.0,10000.0,0.9998859703191284,0.0001088604360339,0.4755313938215363,121.0,2.0422628983265896,0.12176152632419,40.0,2.0,10.81778179665314
1523,LIPB_MYCTU,P9WK83,Rv2217,setB,1w66,A,214.0,10000.0,0.940842775714382,5.867102059359778e-17,3.948527929817112e-05,8635.0,3.418293374307092,3.0761019376436926e-10,72.0,3.0,10.476477747792908
1524,CMAS3_MYCTU,P9WPB3,Rv0470c,setB,1l1e,B,260.0,10000.0,0.9908869768162994,4.105137277995602e-12,0.0178885580357323,4115.0,3.763939441533169,0.0011425961263777,100.0,4.0,6.523231714418857
1525,CMAS1_MYCTU,P9WPB7,Rv3392c,setB,1kph,D,284.0,10000.0,0.9998777179211568,1.0999051084956817e-18,0.0340525772516474,3618.0,3.154474191852428,0.0070874818057098,121.0,5.0,3.3598369008033755
1526,AMIA2_MYCTU,P9WQ99,Rv2363,setB,3a2q,A,450.0,10000.0,0.9389699386495796,2.739865478222113e-33,6.128952377088706e-08,8976.0,7.110409364431634,5.082657713146694e-06,112.0,11.0,6.656477597047855
1527,EXRBN_MYCTU,P9WJ73,Rv2179c,setB,4hec,A,152.0,10000.0,0.9972239506758196,8.58543874220832e-16,2.8473150616448248e-05,8573.0,3.5886932849991218,0.0232522550113932,43.0,4.0,1.3261873924902166
1528,EIS_MYCTU,P9WFK7,Rv2416c,setB,3r1k,A,396.0,10000.0,0.9980580948699928,7.759347481677883e-11,0.0351181431851334,3813.0,4.10251038692632,0.0630000250315847,197.0,7.0,4.355203095149528
1529,ESPG5_MYCTU,O53943,Rv1794,setB,4kxr,C,276.0,10000.0,0.9811092683720596,2.206679598332551e-13,0.0024266942263052,6192.0,3.767365728786994,0.530862900636545,79.0,4.0,5.445699036854677
1530,FRDB_MYCTU,P9WN89,Rv1553,setB,3ae5,B,232.0,10000.0,0.9950635201144028,7.80085372005658e-11,0.1352655380134372,1613.0,3.906105423481703,0.1085424296947548,105.0,4.0,10.74244171499199
1531,ILVD_MYCTU,P9WKJ5,Rv0189c,setB,6ovt,C,557.0,10000.0,0.5791026018271922,2.4702151167938396e-36,3.3813132270587817e-15,9933.0,4.063727993182951,1.497439513154868e-14,137.0,3.0,3.208947179372086
1532,HSD_MYCTU,P9WGT1,Rv2002,setB,1nfr,A,244.0,10000.0,0.9868765887160624,1.327030855056746e-12,0.0636306098871169,3042.0,3.640476562312056,0.3860139964713724,101.0,4.0,1.3303717525564027
1533,ILVB1_MYCTU,P9WG41,Rv3003c,setB,5k6r,A,568.0,10000.0,0.97805374756871,1.805298639858513e-26,1.678708632691037e-06,8826.0,3.779860827844372,1.847270224345441e-12,164.0,4.0,3.4858350506012155
1534,ALDH_MYCTU,P9WNY1,Rv0458,setB,4o6r,C,473.0,10000.0,0.998103151553678,6.654168944745473e-31,0.0016136368363097,6481.0,3.4855702953606125,1.266405790415494e-06,250.0,5.0,1.3224620977555457
1535,DCUP_MYCTU,P9WFE1,Rv2678c,setB,3cyv,A,338.0,10000.0,0.9997679574399814,3.472882070678913e-13,0.0037826157112288,5865.0,3.3105255573189467,0.0006577083519687,116.0,4.0,1.3365997905132243
1536,DLDH_MYCTU,P9WHH9,Rv0462,setB,4m52,D,464.0,10000.0,0.0889988296740808,6.7813251204465936e-49,5.647233632374718e-18,9993.0,4.817916958519632,1.166014720833899e-09,105.0,3.0,10.521139196874074
1537,MBTA_MYCTU,P71716,Rv2384,setB,5wm2,A,529.0,10000.0,0.9926370854087496,1.0209328239036304e-33,1.3183572734544306e-10,9662.0,7.251082251453587,1.0356517037047809e-07,180.0,9.0,1.3286767853770922
1538,MAP11_MYCTU,P9WK21,Rv0734,setB,4juq,A,246.0,10000.0,0.9874600074201184,2.2925591082963698e-15,0.0007443160275379,7171.0,3.91525923200558,0.0102210772543728,59.0,3.0,7.081106269503373
1539,EGTE_MYCTU,O69668,Rv3700c,setB,5j8q,A,357.0,10000.0,0.9990345739162024,1.2108678580832454e-15,0.0007516584674392,6860.0,8.654535517701035,0.1135855757280431,165.0,14.0,4.09542403177009
1540,MHUD_MYCTU,P9WKH3,Rv3592,setB,4nl5,B,100.0,10000.0,0.999998821968263,6.617357604827956e-08,0.3681877860628609,381.0,2.4208369920890664,0.5830090612540064,41.0,4.0,1.329112862024893
1541,ISPF_MYCTU,P9WKG5,Rv3581c,setB,1vha,E,145.0,10000.0,0.9996936571675162,1.7103603233416736e-13,0.0187243601032586,4473.0,4.3455132212738805,0.3413995657556638,32.0,4.0,10.31585774426926
1542,ATPG_MYCTU,P9WPU9,Rv1309,setB,3oaa,G,283.0,10000.0,0.9946226451709876,9.103937929034149e-13,0.0120862767059233,4789.0,5.712000932856797,0.0262817151783782,119.0,4.0,3.5707654641547135
1543,BTB7_MYCTU,P9WPQ1,Rv3221c,setB,2d5d,B,64.0,10000.0,0.9997180010908584,0.000456682388382,0.0591716697630681,823.0,4.352680935914094,0.2115209749688004,13.0,2.0,5.617354982551841
1544,DHAA_MYCTU,P9WMR9,Rv2579,setB,2o2h,A,294.0,10000.0,0.9999155986110498,1.8066724295142528e-15,0.0189166459729817,4380.0,4.518892991623233,0.0001961124547798,155.0,4.0,10.710056255687924
1545,CYSK_MYCTU,P9WP55,Rv2334,setB,3zei,A,300.0,10000.0,0.9879477457246794,5.191390347437448e-11,0.02651515482973,4061.0,4.422590068886305,3.7746802141706127e-05,134.0,4.0,1.3163912792175445
1546,ARLY_MYCTU,P9WPY7,Rv1659,setB,6iga,D,454.0,10000.0,0.982429954273516,1.2929559355115702e-32,1.3829024901342903e-14,9916.0,4.784325364650074,2.471411714171252e-22,104.0,3.0,1.330215771970849
1547,FGD_MYCTU,P9WNE1,Rv0407,setB,3c8n,D,330.0,10000.0,0.9981879162312056,1.2405427185705298e-16,0.0003925298741578,7485.0,2.5180068224971275,1.7392723529411485e-07,116.0,4.0,17.204557099791906
1548,DAGK_MYCTU,P9WP29,Rv2252,setB,3s40,B,282.0,10000.0,0.9988226587998296,8.203535972012837e-13,0.0821860434520735,2633.0,3.7095560449961664,0.6856899170010222,175.0,8.0,1.3299011241441971
1549,GLGM_MYCTU,P9WMZ1,Rv1212c,setB,6tvp,A,382.0,10000.0,0.9974600503139056,4.6965077214840515e-17,0.0455812138272692,3408.0,3.6853565878294425,0.4934253531752786,167.0,4.0,12.96135000684728
1550,ATPA_MYCTU,P9WPU7,Rv1308,setB,7ajj,B,499.0,10000.0,0.9958971937331182,3.177951480184684e-22,9.76193582502823e-06,8513.0,4.924105030264903,3.350804542180901e-18,134.0,4.0,9.416284086623572
1551,GMHBA_MYCTU,P9WMV3,Rv0114,setB,3esq,A,171.0,10000.0,0.9988781909888858,2.137278010823635e-11,0.0144903874399228,4419.0,4.170483468483707,0.1180106532569799,132.0,11.0,1.3558093523796042
1552,HTDY_MYCTU,I6YBZ8,Rv3389c,setB,3khp,A,285.0,10000.0,0.998920290443373,3.56245670274587e-08,0.1277633037863166,1404.0,3.969412510050197,0.0030036908654378,152.0,4.0,1.3296337841676522
1553,DXS_MYCTU,P9WNS3,Rv2682c,setB,6ouv,A,575.0,10000.0,0.9633554051485091,1.745805784957858e-28,2.795902349767756e-09,9455.0,5.171036596799187,1.456454867734958e-06,124.0,5.0,6.422515862183606
1554,ILVC_MYCTU,P9WKJ7,Rv3001c,setB,4ypo,A,325.0,10000.0,0.9999733507963527,4.238961753578245e-20,0.1504076964349552,1839.0,3.290180077305847,0.3902760714537662,92.0,4.0,6.842081116151733
1555,AROA_MYCTU,P9WPY5,Rv3227,setB,2o15,A,423.0,10000.0,0.7323840078561376,1.1783890541713979e-24,1.1924261798248601e-09,9773.0,2.882638592712416,6.426578471456639e-14,124.0,4.0,7.09403939938312
1556,KDPA_MYCTU,P9WKF3,Rv1029,setB,5mrw,A,556.0,10000.0,0.9876033375874322,2.002513858127515e-19,0.0185502657092973,4282.0,3.5343925173892847,0.1489618607704463,286.0,4.0,8.367769714804536
1557,KDPE_MYCTU,P9WGN1,Rv1027c,setB,4kfc,B,219.0,10000.0,0.9998890994323748,6.200295424852932e-17,0.1152566363746062,1914.0,2.598317739877062,0.0247321692225936,115.0,4.0,1.3306363139490818
1558,CP124_MYCTU,P9WPP3,Rv2266,setB,6t0h,A,425.0,10000.0,0.9754906792152253,7.323239440075099e-25,0.0034216233905726,6030.0,3.049626616713405,0.0169944309507542,224.0,5.0,13.722917291888049
1559,CP139_MYCTU,P9WPM1,Rv1666c,setB,2ve4,A,404.0,10000.0,0.9996794977694178,4.8714792105571e-18,0.04628637106315,3406.0,3.587297877842405,2.878061353281321e-05,180.0,4.0,3.3260649422403064
1560,CYSM_MYCTU,P9WP53,Rv1336,setB,5i7a,D,296.0,10000.0,0.9999216360545342,3.2963433444327303e-12,0.0401848278648582,3618.0,5.854223231213931,0.0001013749002533,141.0,6.0,1.333283540736928
1561,DER_MYCTU,P9WNL3,Rv1713,setB,5m7h,A,417.0,10000.0,0.999764048731809,3.0487976718909738e-12,0.0192047142896896,4381.0,4.041881885327324,0.4950372638576877,165.0,4.0,4.08430826456574
1562,DEVR_MYCTU,P9WMF9,Rv3133c,setB,3c3w,A,211.0,10000.0,0.9982089163920996,1.0903749005104126e-15,0.0113688614012527,4974.0,4.517258821537276,0.2472837043053437,28.0,3.0,15.911837543162637
1563,DHMA2_MYCTU,P9WMS1,Rv1833c,setB,1bn7,A,270.0,10000.0,0.9927514941896102,1.0429741754472764e-07,0.0568483760790855,2334.0,4.411048501262447,0.1975791510952217,142.0,3.0,3.5472363890781207
1565,GLF_MYCTU,P9WIQ1,Rv3809c,setB,4rpk,B,391.0,10000.0,0.2325819811990027,9.377910757396002e-38,3.250159126542193e-17,9990.0,3.663473954896247,2.0405961041091585e-11,111.0,3.0,7.060051699527416
1566,EPHA_MYCTU,I6YGS0,Rv3617,setB,5cw2,A,308.0,10000.0,0.9999498220175574,9.935671825025764e-11,0.0882777351575734,2613.0,4.086519741078177,0.0719230820613893,158.0,4.0,2.8054933612468234
1567,DPO3A_MYCTU,P9WNT7,Rv1547,setB,5fkv,A,1119.0,10000.0,6.776770957868952e-07,6.666004384346798e-87,7.784605394793439e-44,10000.0,4.339980515214149,4.262600348583249e-27,277.0,4.0,3.6051314816522297
1568,GCSH_MYCTU,P9WN55,Rv1826,setB,3ift,A,131.0,10000.0,0.9992312704167275,6.3023704231600855e-12,2.9065504636066936e-05,8542.0,4.895001947446419,2.354577357931525e-06,29.0,4.0,12.667396338632498
1569,DAO_MYCTU,P9WP27,Rv1905c,setB,6rkf,D,310.0,10000.0,0.9994762513102452,1.5740918388201453e-13,0.0383690977767411,3567.0,4.222543599477707,1.154749916233234e-05,188.0,9.0,13.608796493444968
1570,DAPF_MYCTU,P9WP19,Rv2726c,setB,3fve,A,281.0,10000.0,0.9251627057202976,3.3971223650774373e-16,0.0002651712270913,7491.0,3.601315388434457,0.1002747351580056,91.0,4.0,1.331326030692708
1571,IF1_MYCTU,P9WKK3,Rv3462c,setB,3i4o,A,68.0,10000.0,0.9998457288309626,0.0001760156065027,0.3377803162489643,59.0,3.604487579246584,0.7384085889270068,26.0,2.0,3.5614547589433165
1572,MAZF4_MYCTU,P9WII5,Rv1495,setB,5xe3,A,103.0,10000.0,0.9952486432790446,4.828282767419252e-10,0.0027157450699214,6204.0,2.6055905426523864,0.011552624895911,57.0,3.0,1.3621398606604227
1573,ALF_MYCTU,P9WQA3,Rv0363c,setB,4a22,B,329.0,10000.0,0.9276011243861404,1.0479384942824866e-26,6.035054402993447e-09,9714.0,4.320864493637013,0.0003824048381937,116.0,3.0,3.8956417956480505
1574,ARGR_MYCTU,P9WPY9,Rv1657,setB,3ere,D,155.0,10000.0,0.9998416781049996,4.644717643531986e-09,0.0086777844956311,5090.0,3.0482753834118093,0.0004450510041805,38.0,3.0,1.3328713366263074
1575,ADHD_MYCTU,P9WQB9,Rv3086,setB,1mp0,B,360.0,10000.0,0.9990999752219846,6.679572732688275e-14,0.0291802962713112,3990.0,4.562021919125733,0.6984748607405306,160.0,7.0,1.3300428564523772
1576,GATB_MYCTU,P9WN61,Rv3009c,setB,3ip4,B,469.0,10000.0,0.9852209558947456,8.954345377085354e-23,5.7787872940359474e-08,9221.0,4.923507800369462,2.5967795155070404e-11,125.0,3.0,10.120890277045788
1577,HIS6_MYCTU,P9WMM3,Rv1605,setB,1ka9,F,249.0,10000.0,0.5343337439261243,1.2137440383469644e-22,4.531447510100561e-09,9878.0,4.570184581241565,1.2330429214007485e-07,99.0,5.0,27.78170883873057
1578,ISPG_MYCTU,P9WKG3,Rv2868c,setB,3noy,B,350.0,10000.0,0.9988630457096098,7.96918430785433e-17,0.0890523534335494,1841.0,5.200794488252314,0.1284150244464122,102.0,5.0,21.021096688802896
1579,BIOF1_MYCTU,P9WQ87,Rv1569,setB,3wy7,B,368.0,10000.0,0.7715694404188891,1.2664647618909535e-31,1.3358726539106124e-13,9904.0,4.425817897282881,2.325317788830681e-12,68.0,2.0,1.3309857249422326
1580,FABD_MYCTU,P9WNG5,Rv2243,setB,2qc3,A,301.0,10000.0,0.9993201637392468,6.19056008727237e-19,0.00744944304291,5431.0,3.562655987015082,0.970922027033434,122.0,5.0,1.3274098839469268
1581,FBIA_MYCTU,P9WP81,Rv3261,setB,6uvx,A,321.0,10000.0,0.997766326243448,1.9276554175209632e-14,0.1001854927319134,1874.0,5.133223838140189,0.0671984104749496,111.0,5.0,4.289415577908019
1582,EMBC_MYCTU,P9WNL5,Rv3793,setB,7bve,A,1031.0,10000.0,0.0954944238123648,9.834061271151173e-53,4.3877551292800816e-24,9996.0,5.15276920221089,1.4832142518363801e-30,404.0,6.0,1.328981941186556
1583,FQR58_MYCTU,P9WP11,Rv1558,setB,3r5z,B,139.0,10000.0,0.9948623907290428,7.63181421326154e-07,0.2501896716886068,676.0,2.9906852358141824,0.1125580463655976,66.0,2.0,12.875618392916127
1584,FQR78_MYCTU,O53328,Rv3178,setB,3r5z,B,113.0,10000.0,0.9999104049254288,6.443358145720354e-05,0.2732349665088768,104.0,3.0880896267205755,0.0273714380465763,54.0,3.0,4.243307318590065
1585,ESXB_MYCTU,P9WNK5,Rv3874,setB,3fav,C,90.0,10000.0,0.9999945545767056,1.419361725730436e-07,0.227042971271405,604.0,3.692954723793875,0.3060345759054805,47.0,5.0,1.3156390082389646
1586,CYSQ_MYCTU,P9WKJ1,Rv2131c,setB,5djf,A,257.0,10000.0,0.9427672655021816,2.473663529515535e-20,3.455938312784286e-07,9540.0,2.1219047185354367,9.230303060413916e-07,80.0,3.0,1.316305435679728
1587,EFP_MYCTU,P9WNM3,Rv2534c,setB,1yby,A,176.0,10000.0,0.9991171371790872,4.342439051569527e-10,0.0989974012267861,1885.0,3.605926149317233,0.2571281825159465,42.0,3.0,1.3417086121807509
1588,DHOM_MYCTU,P9WPX1,Rv1294,setB,6dzs,D,425.0,10000.0,0.7900190220415106,3.2170927781869867e-20,7.531061970727551e-08,9762.0,3.778549760577321,0.0012328490062831,109.0,2.0,13.151011748150788
1589,ISPH2_MYCTU,P9WKG1,Rv1110,setB,3urk,B,305.0,10000.0,0.9726739433425622,1.2982570656269811e-14,0.0001360908542993,7797.0,2.39073285517019,0.0034613650138717,79.0,3.0,7.66201559643414
1590,COBM_MYCTU,P9WGB1,Rv2071c,setB,4e16,A,226.0,10000.0,0.994145142848633,2.7746396125072092e-14,0.0119152118608355,4883.0,6.94674515872922,0.0214296694138562,118.0,10.0,1.3339254102085305
1591,ADHB_MYCTU,P9WQC7,Rv0761c,setB,3qj5,B,363.0,10000.0,0.7033740830988067,8.847103760179868e-37,1.1644313712779357e-17,9982.0,3.615953006215855,4.657972271729194e-22,84.0,3.0,16.94809688431123
1592,DAPD_MYCTU,P9WP21,Rv1201c,setB,3fsy,A,304.0,10000.0,0.9888211551521332,1.5678481458311445e-21,3.973171708564081e-06,8702.0,4.566835628216831,6.349504540936134e-05,88.0,5.0,8.041795632817339
1593,ATPB_MYCTU,P9WPU5,Rv1310,setB,6vog,E,466.0,10000.0,0.9694932194774364,1.9701283875727997e-12,0.0003932990660136,7843.0,3.6724846480054194,0.1673530027005151,92.0,2.0,3.7435636764986544
1594,HIS7_MYCTU,P9WML9,Rv1601,setB,4gqu,A,191.0,10000.0,0.9995706569008148,1.405123394956802e-16,0.0243449614093641,4348.0,2.9723058911084173,0.6853433073798443,46.0,3.0,6.118797430868258
1595,ASPG_MYCTU,P9WPX5,Rv1538c,setB,6uod,D,289.0,10000.0,0.9851846265232144,1.0881076688412948e-11,0.0003402345448569,7882.0,4.941728585801832,2.483396676842653e-05,121.0,3.0,11.507843933595904
1596,FAA30_MYCTU,P9WQ57,Rv0404,setB,3kxw,A,550.0,10000.0,0.9994553386838256,1.6300266177348716e-16,0.0591645024868202,3134.0,3.066714467490011,0.0253717080038042,390.0,5.0,1.327170298040161
1597,GLN1A_MYCTU,P9WN37,Rv2222c,setB,4lno,D,436.0,10000.0,0.9589707346572458,6.807211530260337e-29,2.7257441931020744e-11,9812.0,5.098597379989108,3.429355296399481e-16,114.0,8.0,2.8943092440166094
1598,CYSO_MYCTU,P9WP33,Rv1335,setB,3dwg,C,92.0,10000.0,0.9999959890008036,2.534348281385092e-06,0.0863764658073267,1560.0,2.5672553904085995,0.0392643450676822,59.0,4.0,1.3374513075248766
1599,DESA2_MYCTU,P9WNZ5,Rv1094,setB,2xz0,B,257.0,10000.0,0.9902405523753092,4.012563034154236e-11,0.0010464928148562,6875.0,2.7758633436285804,0.0053191922220822,67.0,3.0,5.651231901099086
1600,MBTH_MYCTU,P9WIP5,Rv2377c,setB,2khr,A,70.0,10000.0,0.9998859703191284,1.3631279604697543e-14,2.1666731009497725e-05,8556.0,4.155581274234641,9.191946488877824e-06,21.0,4.0,22.063306619815627
1601,DPO3B_MYCTU,P9WNU1,Rv0002,setB,3p16,A,364.0,10000.0,0.9891697197239784,8.436316177689133e-15,4.996184554661868e-05,8229.0,3.3656802513583406,0.4078485158762856,173.0,4.0,10.98619301669145
1602,GATA_MYCTU,P9WQA1,Rv3011c,setB,4wj3,J,471.0,10000.0,0.171812749500183,3.566802038516973e-33,6.089752777059538e-17,9981.0,3.683203620409781,3.151906856293151e-15,163.0,4.0,6.3126347114338826
1603,CTPE_MYCTU,P9WPT1,Rv0908,setB,5ksd,B,744.0,10000.0,0.9954074570276054,8.344347912413966e-36,0.0039803076185854,5686.0,4.3957880277727694,0.5385355905352541,314.0,4.0,4.709160965607366
1604,CTPA_MYCTU,P9WPU1,Rv0092,setB,3j09,B,683.0,10000.0,0.4028891810534812,6.450033729581002e-24,0.0006527728581415,8345.0,4.6265107149079805,1.0559533463210445e-05,297.0,4.0,1.3247343129850628
1605,DAPB_MYCTU,P9WP23,Rv2773c,setB,1yl7,D,243.0,10000.0,0.592730811746083,3.5135852333217954e-19,4.544084541023257e-06,9310.0,2.743422092136952,7.2270280732231585e-06,69.0,2.0,14.990491653044606
1606,AROB_MYCTU,P9WPX9,Rv2538c,setB,3qbd,B,342.0,10000.0,0.9945515306451276,4.817147935057293e-16,3.609861325334487e-05,8506.0,4.3717145530642325,5.5318022148965055e-06,106.0,3.0,4.43759687218206
1607,GLMU_MYCTU,P9WMN3,Rv1018c,setB,3dj4,A,462.0,10000.0,0.9136805588066106,1.141415043837135e-19,4.4285918208747733e-08,9481.0,4.815063441768967,2.8329132906361925e-11,137.0,4.0,4.527931536584887
1608,EFG_MYCTU,P9WNM7,Rv0684,setB,4wqf,BZ,655.0,10000.0,0.13532507600304,1.1262047213842075e-55,4.791133547146101e-32,9998.0,7.397137740424487,3.419224760444323e-37,157.0,6.0,20.086112466079644
1609,MAZF9_MYCTU,P71650,Rv2801c,setB,6kyt,H,114.0,10000.0,0.9999998629836372,2.599541630767512e-06,0.2780116563537335,585.0,2.787438711179979,0.158713386510912,44.0,4.0,4.684323216858547
1610,AOFH_MYCTU,P9WQ15,Rv3170,setB,2c76,A,439.0,10000.0,0.999987996737096,2.674951952920091e-21,0.0884314738444882,2623.0,3.879988951575184,0.0015621929459638,219.0,6.0,3.9503637807169056
1611,ECC1B_MYCTU,P9WNB1,Rv3871,setB,4n1a,B,534.0,10000.0,0.9704531513249834,2.788568632782177e-21,0.0002641094925569,8001.0,3.3735416003187444,0.0084656707668634,369.0,7.0,1.3421311411333834
1612,DAPC_MYCTU,P9WPZ5,Rv0858c,setB,2o0r,B,383.0,10000.0,0.997508240268341,4.517680980519238e-13,0.0199240114877054,3958.0,5.628707387717124,0.162679044088933,191.0,4.0,3.693858280984802
1613,ECH14_MYCTU,P9WNN5,Rv2486,setB,6slb,AAA,235.0,10000.0,0.995467758145561,2.8592665068245824e-11,0.071086081960711,2097.0,4.203934517628891,0.1400008366910901,109.0,4.0,6.329311020956389
1614,ECHA8_MYCTU,P9WNN9,Rv1070c,setB,3q0g,D,250.0,10000.0,0.9970468938437256,5.237982140603408e-12,0.0016915176851849,6361.0,6.665906037616091,0.7601855679867385,63.0,3.0,8.051663865313802
1615,ACPM_MYCTU,P9WQF3,Rv2244,setB,1klp,A,115.0,10000.0,0.9978155423817838,1.4978628356182403e-10,0.000140820888922,8325.0,3.476792802639812,0.0034228576496158,17.0,2.0,2.066344840533642
1616,DHPS1_MYCTU,P9WND1,Rv3608c,setB,1eye,A,256.0,10000.0,0.9996558847418896,7.874463685470037e-10,0.1426726064459042,1374.0,3.4017871208434904,0.0019990109323188,83.0,3.0,13.615164376532514
1617,BPOC_MYCTU,P9WNH1,Rv0554,setB,3hss,A,259.0,10000.0,0.9977181995970286,2.426870969559027e-13,0.0133370361985402,4530.0,2.773268045123412,0.0040982326771766,66.0,3.0,4.704797657710692
1618,BIOA_MYCTU,P9WQ81,Rv1568,setB,4cxr,B,427.0,10000.0,0.9891129850847143,3.834008699158911e-18,7.211919009286076e-05,8283.0,4.738294317353121,0.0001331213359524,125.0,4.0,4.541163837608151
1619,CLPP1_MYCTU,P9WPC5,Rv2461c,setB,6ppe,K,182.0,10000.0,0.9993380388942572,7.248603487204327e-18,0.0644205346737869,2725.0,3.101889673400472,0.8252103357982544,26.0,3.0,8.031055783643906
1620,FRDC_MYCTU,P9WNB7,Rv1554,setB,3p4p,C,123.0,10000.0,0.99870276993465,7.239977416386962e-06,0.1910606077058353,321.0,2.902859853937914,0.2497295285357555,54.0,2.0,3.6492970555985145
1621,ETTA_MYCTU,P9WQK3,Rv2477c,setB,4fin,A,535.0,10000.0,0.9993048670748572,2.3778798056730252e-30,0.0382665350477259,3585.0,4.893923132163254,0.4566260116267166,232.0,6.0,3.121697775249873
1622,EFTS_MYCTU,P9WNM1,Rv2889c,setB,1efu,B,257.0,10000.0,0.9996683365894944,7.531961896512979e-11,0.1172652213794956,1814.0,3.202864175234164,0.2126403477282958,117.0,4.0,9.834509748838526
1623,CTPB_MYCTU,P9WPT9,Rv0103c,setB,3j09,A,696.0,10000.0,0.957937388325833,2.9180417266270404e-22,0.0007587197141202,7126.0,4.043939944751609,0.0079611043852768,325.0,4.0,12.539138008651154
1624,EGTC_MYCTU,O69670,Rv3702c,setB,4zfk,A,225.0,10000.0,0.9989257133383542,3.6039456086759286e-11,0.0085549905239249,5263.0,2.388253963864136,0.0278195996929113,89.0,3.0,14.696191139203384
1625,COX4_MYCTU,P9WP45,Rv2199c,setB,6adq,H,139.0,10000.0,0.9995453031494794,8.035134720249652e-13,0.1125580463655976,1289.0,2.5621444105810323,0.1125580463655976,38.0,3.0,7.99601663329936
1627,FMT_MYCTU,P9WND3,Rv1406,setB,1fmt,A,295.0,10000.0,0.9867610616694492,2.593149556700396e-17,3.132844139452247e-05,8676.0,4.372555734827913,3.132844139452247e-05,115.0,6.0,3.9264765375588313
1628,FGE_MYCTU,I6Y8I5,Rv0712,setB,6xto,A,278.0,10000.0,0.8733507333251188,8.094567077097177e-20,2.826041271437995e-06,8988.0,2.490937809079123,1.0389664174563002e-05,84.0,3.0,19.176936225580977
1629,DHAS_MYCTU,P9WNX5,Rv3708c,setB,3tz6,A,342.0,10000.0,0.9986297278505524,1.0305798009336864e-21,1.6692062262136272e-06,8774.0,3.710143021245396,1.5670658272063514e-11,106.0,6.0,19.11820990574171
1630,ATPFD_MYCTU,P9WPV3,Rv1307,setB,7jga,d,428.0,10000.0,0.998951107629846,1.1480971638557363e-25,2.848248442169464e-05,7671.0,4.6963976817709865,1.8931393425478776e-10,169.0,7.0,6.72389150715566
1631,CARA_MYCTU,P9WPK5,Rv1383,setB,1jdb,F,361.0,10000.0,0.9998814177248035,4.6638224688873655e-18,0.0056497883167712,5542.0,3.933330281086721,2.26046120970972e-05,127.0,3.0,1.3186910176383235
1632,GABT_MYCTU,P9WQ79,Rv2589,setB,3r4t,A,443.0,10000.0,0.9969260434289564,9.756750226474567e-28,6.581279648901781e-10,9669.0,4.754219944474795,0.0001408599810901,181.0,5.0,5.679144389782669
1633,CTPD_MYCTU,P9WPT3,Rv1469,setB,3j08,B,579.0,10000.0,0.9986295611692972,1.1744251779651142e-31,0.001342819142098,6630.0,6.914017269084346,0.051708332548293,225.0,5.0,8.416098086405597
1634,EFGL_MYCTU,P9WNM9,Rv0120c,setB,4wqu,DZ,646.0,10000.0,0.9998866004101208,5.489064674917652e-22,0.0028709968234922,5867.0,3.228460347528334,0.1482060568680792,381.0,4.0,2.9942843886311272
1635,ESXG_MYCTU,O53692,Rv0287,setB,2kg7,A,97.0,10000.0,0.999998134189332,8.512339307752754e-10,0.3497798382521135,617.0,3.774784892389993,0.4498621343358823,40.0,5.0,3.4815591334917753
1636,GCH1_MYCTU,P9WN57,Rv3609c,setB,1is8,A,185.0,10000.0,0.9954000637964208,3.467841150670637e-12,0.003795218914895,6047.0,2.9889425963324587,1.3565161573797733e-06,25.0,2.0,10.775835095249
1637,CTPC_MYCTU,P9WPT5,Rv3270,setB,3j09,B,681.0,10000.0,0.9538955195194024,1.4169546111533424e-43,9.696733647082864e-14,9581.0,10.69532540036705,1.6391898394741694e-22,241.0,17.0,3.9635824704426184
1638,AROG_MYCTU,O53512,Rv2178c,setB,5ex4,B,459.0,10000.0,0.0294049609197962,1.1683178889544716e-57,4.3088209583281884e-26,9998.0,5.700261305071562,1.2816903497849532e-12,67.0,3.0,4.076353026910212
1639,CP141_MYCTU,P9WPL7,Rv3121,setB,4umz,A,382.0,10000.0,0.9918570448942976,4.6965077214840515e-17,0.0016647707727784,6435.0,4.144897757553332,0.4384411024596758,217.0,6.0,3.0219712109813353
1640,COBK_MYCTU,P9WP89,Rv2070c,setB,4x7g,A,238.0,10000.0,0.9993328451506238,3.3511191122701225e-14,0.0934705505130279,2310.0,3.710923089223914,0.0583196489527211,102.0,4.0,4.017238230426471
1641,AMPA_MYCTU,P9WHT3,Rv2213,setB,3h8g,A,471.0,10000.0,0.9995435453304824,5.169748040914275e-35,0.0327490833396339,3929.0,8.169481349007105,0.6287467200988709,198.0,12.0,7.314685092333091
1642,ACSA_MYCTU,P9WQD1,Rv3667,setB,5jrh,A,616.0,10000.0,0.9973487741242348,1.3306381730420062e-19,0.0038773504711339,5590.0,4.590013095020005,0.0001008413154855,306.0,7.0,3.315652876885637
1643,AAC2_MYCTU,P9WQG9,Rv0262c,setB,1m4d,B,176.0,10000.0,0.9999606696007478,1.4503876640309736e-08,0.0989974012267861,2046.0,3.066211311093768,0.0002136393350289,86.0,4.0,4.3820562524915205
1644,FBVR_MYCTU,P9WLL7,Rv2074,setB,2asf,A,125.0,10000.0,0.9900797573267524,1.856692323243356e-10,0.0001012021363897,8482.0,3.025992163020011,4.5272771717440735e-10,40.0,3.0,1.33436351868597
1645,KATG_MYCTU,P9WIE5,Rv1908c,setB,4c51,B,716.0,10000.0,0.8541515493157282,1.1805189460917748e-75,4.466992889202506e-17,9708.0,13.281554401158749,2.4555378469923832e-08,2917.0,1882.0,1.3544655772665433
1646,LIPV_MYCTU,L0TC47,Rv3203,setB,3bf7,A,237.0,10000.0,0.9993079054563366,1.1466123109777912e-12,0.1760641234996986,1225.0,3.2773786451780302,0.5021494588935904,94.0,3.0,4.264112686128262
1647,COBT_MYCTU,P9WP85,Rv2207,setB,1j33,A,330.0,10000.0,0.9997070814888108,3.5796530207375024e-18,3.5003341677055955e-05,7795.0,4.219600429412739,4.2167632936844697e-07,92.0,5.0,16.64292465283671
1648,GCST_MYCTU,P9WN51,Rv2211c,setB,1yx2,B,356.0,10000.0,0.995825809896318,4.383223849998484e-11,0.0030599656885491,6103.0,3.308275187274576,0.0030599656885491,109.0,3.0,10.317560079786304
1649,MEND_MYCTU,P9WK11,Rv0555,setB,6o0j,B,523.0,10000.0,0.9164882692249708,1.2999909674976176e-19,5.009312779065479e-06,8858.0,4.258185425195955,0.1459482258245078,114.0,4.0,1.335431016563566
1650,MMAA2_MYCTU,Q79FX6,Rv0644c,setB,1tpy,A,285.0,10000.0,0.0549624049439234,1.829980926339716e-33,5.005193665682165e-15,9992.0,4.1079425020816,1.0116317356034851e-14,73.0,3.0,9.280341265276835
1651,CARD_MYCTU,P9WJG3,Rv3583c,setB,4ilu,A,156.0,10000.0,0.9998518086888252,6.133486311007431e-15,0.118429281090883,2299.0,3.7298576333129008,0.0061372441479203,25.0,2.0,4.096052367829298
1652,COX1_MYCTU,P9WP71,Rv3043c,setB,6adq,R,539.0,10000.0,0.6084187487716969,1.0303784717627055e-49,1.5799760319728184e-23,9992.0,4.929069014562292,2.806902490244251e-19,120.0,4.0,3.2269882243354906
1653,FOLD_MYCTU,P9WG81,Rv3356c,setB,2c2x,A,279.0,10000.0,0.9998528467775112,3.076063576293245e-13,0.0026095521969001,6100.0,3.983969710218416,0.0019066697185179,87.0,5.0,3.4270717821487193
1654,MBTI_MYCTU,P9WFX1,Rv2386c,setB,3rv8,B,431.0,10000.0,0.0487919913532757,1.524077046679604e-40,3.190108390683693e-20,9997.0,4.90103814132149,8.442192681736461e-19,92.0,3.0,13.154243269759004
1655,LEUC_MYCTU,P9WQF5,Rv2988c,setB,1b0k,A,431.0,10000.0,0.6863160249725931,1.0695188603587178e-39,1.2786375078448854e-14,9945.0,3.818378453582475,0.0006116297156995,127.0,3.0,1.326570390141438
1656,MDH_MYCTU,P9WK13,Rv1240,setB,4tvo,A,327.0,10000.0,0.9588256453406304,1.2012225232269174e-20,3.654615675539483e-07,9187.0,3.7078617202841855,0.2151229251275952,122.0,3.0,1.3322030625996917
1657,HRCA_MYCTU,P9WMK3,Rv2374c,setB,1stz,A,317.0,10000.0,0.9999641000889796,5.739936458961614e-21,0.0964669007982241,2231.0,5.509553884731174,0.6871957780138788,165.0,9.0,1.3319613357751805
1658,EMBB_MYCTU,P9WNL7,Rv3795,setB,7bvf,B,1054.0,10000.0,0.3444022369677323,3.352077821207402e-188,1.794487006744199e-31,9937.0,15.387102749759718,3.5844326296866087e-06,3518.0,1613.0,1.333597015593544
1659,ESXC_MYCTU,P9WNI1,Rv3890c,setB,2kg7,B,90.0,10000.0,0.9890589707645452,2.2445720313876666e-08,0.1164097178819392,1237.0,1.8378241508995885,0.0090154000943728,73.0,4.0,3.9993802019813023
1660,METXA_MYCTU,P9WJY9,Rv3341,setB,6pux,A,363.0,10000.0,0.9889971397976736,1.4736390870165284e-18,1.1648246103026194e-06,9449.0,5.170084379584663,0.0122107621846198,110.0,4.0,7.336304860077722
1661,MMPR5_MYCTU,I6Y8F7,Rv0678,setB,4nb5,B,149.0,10000.0,0.9997646809801688,4.1656802961869207e-10,0.04173520831878,3248.0,3.7525041957100087,0.227473557476141,132.0,10.0,1.3404752888434812
1662,KSTR2_MYCTU,P9WMB9,Rv3557c,setB,4w97,A,196.0,10000.0,0.999662608891976,1.2050884752276475e-09,0.1058627870047863,1032.0,5.5826334931295625,0.169365755836298,71.0,4.0,7.502226002994048
1663,ATPE_MYCTU,P9WPV1,Rv1311,setB,5yio,A,121.0,10000.0,0.9999584656857208,7.718670438857046e-08,0.1012289870492591,1811.0,2.4350888733936213,0.0073440366122921,50.0,4.0,3.785768217944675
1664,AROQ_MYCTU,P9WPX7,Rv2537c,setB,3n7a,M,141.0,10000.0,0.9999939769939457,2.922815862266954e-09,0.011215014445366,4612.0,2.968154711316852,0.0334649708670049,47.0,2.0,9.205887138130686
1665,GLNB_MYCTU,P9WN31,Rv2919c,setB,3lf0,B,111.0,10000.0,0.999891460015114,1.6133345775700674e-10,0.0542703758591903,2296.0,3.90989398757832,0.002711191021232,34.0,4.0,10.604172810738232
1666,ENO_MYCTU,P9WNL1,Rv1023,setB,6l7d,A,394.0,10000.0,0.9999548977730937,8.325672984626682e-17,0.0006870759206772,6775.0,3.960232615207388,0.0026892474032555,105.0,4.0,8.247244024521162
1667,END8A_MYCTU,P9WNB9,Rv2464c,setB,1k82,C,252.0,10000.0,0.999977737967498,1.8185890655816623e-09,0.1675091356444398,1420.0,3.201719540648688,0.406114969270594,117.0,4.0,1.3209867523938306
1668,FCOT_MYCTU,P9WM67,Rv0098,setB,3b18,A,167.0,10000.0,0.999928491301494,2.5476931158369907e-11,0.2871441062820548,887.0,3.885500861730923,0.5120338662910633,63.0,6.0,3.480158186059938
1669,EFPP_MYCTU,P9WKH1,Rv3398c,setB,3nf2,A,335.0,10000.0,0.998386977151412,3.672333111123255e-19,0.0267793121616311,3763.0,3.2735150394784767,0.1925790627969727,147.0,4.0,1.332816941669034
1670,ISPH1_MYCTU,P9WKF9,Rv3382c,setB,3urk,B,304.0,10000.0,0.9966876520287972,6.868282680587404e-08,0.017224273362386,4185.0,3.707266499174082,0.0078740996352149,152.0,5.0,10.522795351046229
1671,MBTM_MYCTU,P9WQ41,Rv1345,setB,3pbk,B,490.0,10000.0,0.8554883494365353,1.1889158850847793e-37,1.595631318361727e-13,9934.0,3.496526212607755,1.1561044255229722e-12,127.0,3.0,7.111016383049602
1672,ESXF_MYCTU,P9WNH7,Rv3905c,setB,1wa8,A,94.0,10000.0,0.7849308333681908,6.887689706421892e-07,0.0042141592400058,6335.0,4.0803003694529725,0.0042141592400058,63.0,4.0,3.714440200083991
1673,DNAE2_MYCTU,P9WNT5,Rv3370c,setB,5fkv,A,1012.0,10000.0,0.0269943142473692,1.619803386560727e-33,2.3784631028932368e-17,9997.0,5.624189100663793,5.301184343214989e-16,303.0,4.0,3.4927543572372723
1674,AMI3_MYCTU,P9WQ95,Rv2888c,setB,4wj3,D,448.0,10000.0,0.9635472293193243,2.476033561085744e-32,8.415859158889913e-08,9069.0,3.8390231802839057,0.0018047582879076,200.0,4.0,10.394423985964783
1675,ACEA_MYCTU,P9WKK7,Rv0467,setB,6xpp,D,425.0,10000.0,0.046295855740748,8.480881674334026e-44,1.2476018292759353e-22,9996.0,3.8763350062861126,2.147064352133634e-33,104.0,4.0,3.322892414749535
1676,DAPE_MYCTU,P9WHS9,Rv1202,setB,3tx8,A,350.0,10000.0,0.9427066402743708,1.332265362155708e-23,1.2217865503642058e-07,9286.0,4.434391659551872,2.968060913449715e-09,88.0,3.0,8.598758108006052
1677,DHA_MYCTU,P9WQB1,Rv2780,setB,2vhw,B,370.0,10000.0,0.996804533086404,2.1053997967330065e-42,2.2664278448375265e-06,7834.0,10.103842744983108,1.4273404392741872e-27,260.0,55.0,1.3342555977023338
1678,HEMH_MYCTU,P9WNE3,Rv1485,setB,2hre,A,312.0,10000.0,0.9499065344511678,1.896669920102472e-15,0.0039951222470781,6254.0,8.159262616249077,0.0002389536263898,103.0,21.0,7.21485148842303
1679,HIS5_MYCTU,P9WMM1,Rv1602,setB,4gud,A,191.0,10000.0,0.9999855196911738,1.8076584148745556e-11,0.0046285414564839,5887.0,3.1573195048084663,0.0032154027113161,88.0,4.0,1.3262352732452862
1680,HRP1_MYCTU,P9WJA3,Rv2626c,setB,1pvm,A,129.0,10000.0,0.9999807875566312,1.1090624262198035e-08,0.3487681041373773,582.0,2.678657121447256,0.835084378084923,67.0,4.0,1.326514982953455
1681,MEC_MYCTU,P9WHS1,Rv1334,setB,5cw3,A,119.0,10000.0,0.9999496534079684,7.623183907227998e-12,0.1315023422622023,1717.0,3.1237617033732605,0.0340394173427461,43.0,4.0,15.0517810906218
1682,CHSE5_MYCTU,I6Y3Q0,Rv3505,setB,4x28,C,364.0,10000.0,0.9998913763519822,1.1432561666205134e-27,0.0045889132093403,5678.0,3.7841148518275887,4.996184554661868e-05,161.0,5.0,16.659763683798165
1683,EGTD_MYCTU,P9WN47,Rv3701c,setB,4pim,A,317.0,10000.0,0.9995725470759128,1.0555889700201035e-16,0.0002758528744529,7686.0,4.511176128601193,0.1169604658647437,163.0,5.0,1.3195006631298078
1684,CFP32_MYCTU,P9WIR3,Rv0577,setB,3oxh,A,243.0,10000.0,0.996392569098854,3.919500184110198e-07,0.0294701495902422,3178.0,4.184693700784605,0.0095731975088165,119.0,4.0,1.3314480838545677
1685,DCDA_MYCTU,P9WIU7,Rv1293,setB,2o0t,B,444.0,10000.0,0.5911217800975622,2.7857038732153815e-39,6.713012336323018e-16,9955.0,5.330895421536227,1.2100490124466432e-21,125.0,5.0,3.700129051803466
1686,GATC_MYCTU,P9WN59,Rv3012c,setB,2f2a,C,92.0,10000.0,0.9999959890008036,1.128576969054299e-06,0.5288512154928652,175.0,3.076793993844753,0.3186299096467812,35.0,3.0,1.3289567336824784
1687,FPG1_MYCTU,P9WNC3,Rv2924c,setB,1l2b,A,261.0,10000.0,0.9978454714475502,8.686027510888134e-15,0.0031456250156117,6111.0,5.296210341753944,0.018216132794978,86.0,4.0,1.3308621265931364
1688,DPDS_MYCTU,P9WFF7,Rv2361c,setB,4onc,B,281.0,10000.0,0.9827927102572244,2.2792190306427008e-23,5.060189137857148e-06,8664.0,2.889904866231816,7.59366758952011e-08,46.0,2.0,21.61752162020429
1689,DITCY_MYCTU,O50406,Rv3377c,setB,6vpt,A,483.0,10000.0,0.9874302203410362,1.11096452192391e-22,4.676938059733489e-06,8702.0,4.171389213708369,0.004745893340891,296.0,4.0,4.619283710706674
1690,GLGSY_MYCTU,P9WMY9,Rv3032,setB,3c4q,A,374.0,10000.0,0.7207469418471085,1.0237295038340777e-23,8.104492729188368e-07,9440.0,3.167280976196398,0.034196118352132,93.0,2.0,4.197480911213293
1691,ERA_MYCTU,P9WNK9,Rv2364c,setB,1ega,B,290.0,10000.0,0.9990654666165364,5.95972249315758e-18,0.089763993469348,2325.0,2.8503230773883037,0.3217807194492402,110.0,3.0,1.3274309774899808
1692,DAPA_MYCTU,P9WP25,Rv2753c,setB,3l21,E,294.0,10000.0,0.9865102864567612,1.0587738011913642e-17,9.012016080720242e-06,8781.0,3.03616125400024,5.940314825038131e-06,97.0,3.0,7.664836919334934
1694,GLFT2_MYCTU,O53585,Rv3808c,setB,4fix,A,627.0,10000.0,0.3153983752145393,2.9582561069735973e-36,1.0546441348163832e-14,9940.0,4.232665561096867,1.4415607955782006e-18,252.0,4.0,8.48674943662178
1695,GAL1_MYCTU,P9WN63,Rv0620,setB,1wuu,B,345.0,10000.0,0.994853514289046,4.826095977301125e-10,0.0242687997428813,3672.0,3.4282128423759715,0.4850469202578559,140.0,4.0,1.3399981343270564
1696,GREA_MYCTU,P9WMT9,Rv1080c,setB,2f23,B,148.0,10000.0,0.99974863219095,1.2202482357460088e-18,0.0406524215758333,3393.0,3.827510385586334,7.981373743919491e-09,27.0,3.0,3.3494493577303133
1697,GLGX_MYCTU,P9WQ25,Rv1564c,setB,2vuy,A,696.0,10000.0,0.8780151339809966,1.0341093766033484e-23,0.0003158301300004,7848.0,3.5828014619918926,0.0410590671002493,262.0,4.0,15.61340648289156
1698,IDH_MYCTU,P9WKL1,Rv3339c,setB,4hcx,B,402.0,10000.0,0.9681383439327608,6.17530288430506e-16,0.0023728211008219,6451.0,3.709405180339559,0.0001864613062518,197.0,5.0,3.6099624651788296
1699,DXR_MYCTU,P9WNS1,Rv2870c,setB,4a03,A,378.0,10000.0,0.093927557461792,3.793376454539886e-39,2.1574137514763767e-16,9992.0,4.417104657214834,7.624600258760434e-21,105.0,4.0,6.233262869476948
1700,END8B_MYCTU,P9WNC1,Rv3297,setB,1k82,A,248.0,10000.0,0.8253405137766132,2.934767544147593e-16,1.458693755864605e-05,9283.0,4.984944256300267,5.383267536647009e-07,98.0,5.0,1.322672295014906
1701,GALE_MYCTU,P9WN67,Rv3634c,setB,6ltt,A,311.0,10000.0,0.9902021154929184,3.850730094942835e-12,0.0029367497595575,6193.0,4.200909435656604,8.034333347650958e-05,104.0,4.0,1.3376408337068664
1702,EPHG_MYCTU,O33283,Rv2740,setB,2bng,C,140.0,10000.0,0.999993364741298,5.26182691069725e-08,0.3988473503542994,235.0,3.0491125032400497,0.6844457765535521,61.0,3.0,1.32883633303729
1703,GLMM_MYCTU,P9WN41,Rv3441c,setB,3pdk,B,440.0,10000.0,0.9793615262399014,9.639274908631888e-31,3.5897976063334397e-10,9702.0,2.9590852073687253,9.166019161074734e-08,130.0,3.0,3.4602950741230156
1704,DHMA1_MYCTU,P9WMS3,Rv2296,setB,6f9o,A,297.0,10000.0,0.9992367091449388,5.499248043754751e-13,0.0090832653613821,5097.0,4.138508192310876,0.0015835805614781,129.0,4.0,25.475777613254515
1705,CARB_MYCTU,P9WPK3,Rv1384,setB,1a9x,A,1024.0,10000.0,0.4477726962171573,2.8632951895737653e-46,1.0263954990402604e-18,9969.0,3.998021608842199,5.361241689051855e-31,439.0,5.0,1.324595409927122
1706,ADOK_MYCTU,P9WID5,Rv2202c,setB,6c9q,A,323.0,10000.0,0.9793610894167804,4.9265740662440964e-23,2.5816847272276096e-06,8796.0,4.946504057011459,1.0775681377259771e-11,96.0,6.0,3.4814116389763505
1707,GLPQ1_MYCTU,P9WMU3,Rv3842c,setB,5t91,A,247.0,10000.0,0.9967822565505948,2.1131829328304076e-08,0.1942397228737264,790.0,3.629008451030804,0.2348335541203195,200.0,6.0,1.3282142146506333
1708,AK_MYCTU,P9WPX3,Rv3709c,setB,5yei,A,397.0,10000.0,0.9980950260596504,5.480923459889951e-22,4.034530640961257e-06,8714.0,6.837066514223253,3.741383166466326e-09,98.0,4.0,1.3181175971816823
1709,GLYA1_MYCTU,P9WGI9,Rv1093,setB,3h7f,B,424.0,10000.0,0.9958315099500316,2.852915193421637e-24,0.0458857752251589,3367.0,3.994719148186601,0.0254753268474622,104.0,3.0,11.333630795115925
1710,ESPG2_MYCTU,P9WJC9,Rv3889c,setB,4w4j,B,256.0,10000.0,0.9996558847418896,2.6564555621748425e-12,0.028318091956354,3906.0,2.8209506072433665,0.0094405294370205,191.0,4.0,4.76527187052324
1712,ARGA_MYCTU,O33289,Rv2747,setB,6add,B,164.0,10000.0,0.9902159201002408,3.491006367693209e-09,0.0166377673638567,4238.0,3.1953394524004444,0.0322722099669943,45.0,3.0,1.3356459111605936
1713,G6PD1_MYCTU,P9WN71,Rv1121,setB,4lgv,D,444.0,10000.0,0.9969750081717182,1.7042127793656249e-13,0.0056773228933364,5564.0,3.926197951229194,0.0007760608872868,187.0,4.0,1.3214817441039437
1714,GCH1L_MYCTU,P9WFM1,Rv2230c,setB,2gx8,C,350.0,10000.0,0.9988630457096098,7.896873841176167e-29,0.0020713557869348,5916.0,6.387393855872233,1.5747515517642453e-05,122.0,10.0,7.891200985908291
1715,GLGC_MYCTU,P9WN43,Rv1213,setB,5l6v,G,384.0,10000.0,0.9994871198368468,8.103785794375679e-18,0.1173279929618941,1742.0,4.337934491573866,0.0201652454503678,175.0,5.0,1.331927925977972
1716,GPDA_MYCTU,P9WN77,Rv2982c,setB,3k96,A,322.0,10000.0,0.9996303433464658,7.709096576339198e-14,0.002068535124061,6254.0,4.498472889807855,5.6023565727158965e-06,131.0,5.0,1.338794233629643
1717,MBTK_MYCTU,P9WK15,Rv1347c,setB,1yk3,A,198.0,10000.0,0.99999092604584,2.2201637913360757e-11,0.1736405317392874,1510.0,3.430730256895769,0.0057455277224833,52.0,5.0,4.0815062170723175
1718,CP130_MYCTU,P9WPN5,Rv1256c,setB,2uuq,A,394.0,10000.0,0.9830485066286448,6.342494595796236e-14,0.014631860270592,4501.0,5.294874171288316,0.0005149260780329,194.0,9.0,13.031495155967328
1719,COATR_MYCTU,P96877,Rv3272,setB,5yx6,A,360.0,10000.0,0.9961323101515585,4.527568219191933e-16,0.014828801048303,4149.0,3.4088194288675786,0.0665167226215646,178.0,5.0,3.7944070683046127
1720,6PGL_MYCTU,P9WQP5,Rv1445c,setB,3ico,D,245.0,10000.0,0.7491874318976209,1.5621273620276798e-17,3.16742019608766e-06,9403.0,3.482246122033395,0.0001580663355194,102.0,3.0,1.329286274660204
1721,MBTL_MYCTU,P9WQF1,Rv1344,setB,1x3o,A,76.0,10000.0,0.9999540591938452,4.846118850722941e-06,0.1035980327761506,1041.0,2.9721374728090018,0.0017821847034538,32.0,3.0,3.307577965823328
1722,ACD17_MYCTU,P95280,Rv1934c,setB,4l1f,B,372.0,10000.0,0.9993204082929452,3.1469694735483416e-17,0.0894017583597784,2513.0,4.177148880572199,0.3706941538346467,180.0,5.0,1.3168606608141942
1723,ACNR_MYCTU,O53165,Rv1474c,setB,4af5,A,174.0,10000.0,0.9999997562061008,3.3740489511043714e-11,0.0956269906052206,2174.0,3.4409502732760595,0.0549750038861182,45.0,4.0,1.3264460034241872
1724,FAA29_MYCTU,P95141,Rv2950c,setB,5d6j,A,561.0,10000.0,0.9949361879974824,8.505793014166069e-22,0.0459791460117238,3245.0,3.9739530254220488,0.009069348051284,291.0,5.0,3.14717953094513
1725,GLMS_MYCTU,P9WN49,Rv3436c,setB,4amv,B,605.0,10000.0,0.5364884820061577,3.6010486314618636e-42,1.7631328952313822e-19,9990.0,6.233010227101392,8.390624514417345e-10,178.0,10.0,1.3252452603197673
1726,ACR_MYCTU,P9WMK1,Rv2031c,setB,5nms,G,131.0,10000.0,0.9992312704167275,2.421437057319402e-12,0.2833286124633045,640.0,2.5533923607295352,0.0031664851633083,58.0,4.0,4.580404021481075
1727,ADH_MYCTU,P9WQC3,Rv1530,setB,4cpd,A,333.0,10000.0,0.9997315773023596,1.3387120898371896e-20,0.0327038001021025,3896.0,5.033827515155816,0.0127770686744794,164.0,8.0,9.0045341911728
1728,FAB2_MYCTU,P9WQD7,Rv2246,setB,2gp6,B,413.0,10000.0,0.9985995005211852,1.4729147036578926e-16,0.0003210779214209,8054.0,4.1544662126235945,0.0036497340005213,81.0,3.0,1.3308080252237742
1729,ACPS_MYCTU,P9WQD3,Rv2523c,setB,4hc6,A,128.0,10000.0,0.9999788415735248,2.223278031945369e-05,0.1592932748022588,1070.0,3.775968939024211,0.9650479609728606,45.0,5.0,3.6442027934789825
1730,C135B_MYCTU,P9WPM9,Rv0568,setB,6h1t,A,427.0,10000.0,0.9257685942818484,4.549177113279257e-25,3.612100492327087e-08,9584.0,4.129315431683375,1.8109152327901978e-07,201.0,4.0,1.3288374618439986
1731,ARGC_MYCTU,P9WPZ9,Rv1652,setB,2i3g,A,347.0,10000.0,0.9998215172983292,5.680742586527013e-17,0.0025842747358573,6307.0,3.175833541526784,1.9518827664583278e-10,130.0,4.0,9.372146979214524
1732,CHSE4_MYCTU,I6YCA3,Rv3504,setB,4x28,A,385.0,10000.0,0.9994990202847934,5.275119393573407e-13,0.0829937316634289,2624.0,3.005411777051533,0.6771582309442791,143.0,4.0,8.64978069086148
1733,CHSE2_MYCTU,P71858,Rv3543c,setB,4x28,A,379.0,10000.0,0.9973098715490384,1.778228326075823e-17,5.468511108624613e-05,8345.0,4.044147848126886,2.7674516287012145e-05,102.0,3.0,3.2244748409624817
1734,ACDC_MYCTU,P9WQG3,Rv0972c,setB,5ol2,C,370.0,10000.0,0.99015058941969,1.2738597869391777e-22,0.0083461537897497,5171.0,10.127868795308675,2.2574750225035804e-08,226.0,24.0,1.3235388169600493
1735,ACEAB_MYCTU,O07717,Rv1916,setB,6edw,A,385.0,10000.0,0.9994990202847934,3.077392140753936e-19,0.0469469419792689,2992.0,6.014866613237873,6.449697913485176e-05,178.0,6.0,1.3377223179718591
1736,GCSP_MYCTU,P9WN53,Rv1832,setB,6i33,A,922.0,10000.0,0.0084232569450919,1.1929416170589784e-83,9.891867226790886e-35,10000.0,3.793061575565126,7.406517740103109e-28,315.0,7.0,3.3427056406450135
1737,CP125_MYCTU,P9WPP1,Rv3545c,setB,2x5l,A,414.0,10000.0,0.9997467579386342,5.070662676288288e-13,0.0732356937919431,2793.0,5.320944343076419,0.0076134042517752,184.0,10.0,1.3311596448210106
1738,CP138_MYCTU,P9WPM3,Rv0136,setB,2ve3,A,414.0,10000.0,0.9986262063848228,1.019874817942998e-18,0.0610849570318645,3142.0,3.454984072035926,9.822237491272282e-05,260.0,4.0,1.334520887809551
1739,COBH_MYCTU,P9WP87,Rv2065,setB,3e7d,C,191.0,10000.0,0.9995706569008148,2.88119636119949e-24,0.0579706777076468,3278.0,7.359099615973055,0.0980076937808995,115.0,20.0,1.3272814321009672
1740,DEOC_MYCTU,P9WP03,Rv0478,setB,5dbu,G,206.0,10000.0,0.9896875784840228,1.570846990330686e-12,0.0100204342494818,4913.0,3.4953407213196845,0.0100204342494818,75.0,3.0,6.352737520156171
1741,COAX_MYCTU,P9WPA1,Rv3600c,setB,3djc,A,249.0,10000.0,0.9999742289695194,2.4574888215537053e-08,0.1070386518758096,1276.0,3.973416277875984,0.3391499834431502,75.0,3.0,3.863371196248165
1742,ATSK_MYCTU,P9WKZ1,Rv3406,setB,6edh,B,272.0,10000.0,0.9984294920542705,1.3975391065900929e-11,0.1120104444090804,1908.0,3.1938646908872306,9.226047071597092e-05,105.0,3.0,9.470619251136643
1743,BCCA_MYCTU,P9WPQ3,Rv2501c,setB,3u9s,A,608.0,10000.0,0.9999685665569468,1.2335760997570944e-23,0.0043735867275114,5590.0,5.965324546454054,0.000241572000458,241.0,5.0,1.3212819532560034
1744,ACG_MYCTU,P9WIZ9,Rv2032,setB,2ymv,A,325.0,10000.0,0.9979645228047272,7.123084238880814e-12,0.0087269220449214,5106.0,3.563704709007591,0.1039501444373573,129.0,3.0,3.3275543571818655
1745,CRPL_MYCTU,P9WMH3,Rv3676,setB,3h3u,A,216.0,10000.0,0.9985074291864338,3.0758757705350805e-13,0.0173526363301118,4428.0,6.401764726171871,0.172821760702863,54.0,8.0,10.285303787443516
1746,GLYA2_MYCTU,P9WGI7,Rv0070c,setB,2vmx,A,401.0,10000.0,0.9996560510380664,3.369693637510489e-13,0.1119532730400921,2094.0,3.053314302217835,0.3236336191180113,248.0,4.0,1.356834919951576
1747,ADHC_MYCTU,P9WQC5,Rv3045,setB,1uuf,A,333.0,10000.0,0.9619429693242209,2.5580000371375657e-22,1.2891751169426594e-07,9528.0,4.016855504995163,0.0076999522704144,120.0,3.0,15.783193783261993
1748,CH10_MYCTU,P9WPE5,Rv3418c,setB,1p3h,N,98.0,10000.0,0.9996239533561894,5.65332316654902e-13,0.014091189788857,4732.0,3.460703598470935,0.3559415866885045,10.0,2.0,1.3404734238320388
1749,ADHA_MYCTU,P9WQC1,Rv1862,setB,6iqd,A,321.0,10000.0,0.99188784298188,1.3087801371928643e-09,0.1001854927319134,1385.0,3.807263840901335,0.0823097617782165,125.0,4.0,6.289208296757231
1750,CAMT_MYCTU,O07431,Rv0187,setB,6jcl,A,216.0,10000.0,0.9922255280539376,1.3907345718825337e-12,0.0011829199938219,7051.0,5.914706599692575,0.000810093069767,151.0,7.0,1.3304499238979306
1751,DUT_MYCTU,P9WNS5,Rv2697c,setB,1sjn,B,139.0,10000.0,0.9995453031494794,2.150146852134574e-09,0.0613645694256078,2730.0,3.1941727978115027,0.2501896716886068,30.0,2.0,1.3256153288190358
1752,ESXE_MYCTU,P9WNH9,Rv3904c,setB,1wa8,B,84.0,10000.0,0.998580669517721,1.511965631402528e-08,0.0035287309660446,5984.0,2.400866268342533,0.4696647398566654,82.0,4.0,1.3246324018383364
1753,G3P_MYCTU,P9WN83,Rv1436,setB,4dbv,O,328.0,10000.0,0.9928941972353847,8.58242318319566e-29,9.304067759317845e-09,9297.0,5.800891281984368,3.272051150185685e-05,78.0,6.0,6.682553479022817
1754,ECCD4_MYCTU,P9WNQ1,Rv3448,setB,6umm,H,432.0,10000.0,0.996332818524471,9.447612360480456e-26,0.0407864002977134,3873.0,4.126950173659735,0.0010691544529422,223.0,6.0,1.3264169781784296
1755,GLPD1_MYCTU,P9WN81,Rv2249c,setB,2rgh,A,468.0,10000.0,0.0914000847779136,6.388614148090657e-40,1.5097658972523335e-16,9979.0,4.997405175754593,2.5199932277810912e-15,165.0,6.0,15.027802800143474
1756,CLPC1_MYCTU,P9WPC9,Rv3596c,setB,3j3r,A,777.0,10000.0,0.9147456234087306,1.3475389500451984e-28,4.0448347810451695e-11,9802.0,6.682633694704827,0.000426129107749,172.0,4.0,14.076471326294811
1757,ACDP_MYCTU,P9WQG1,Rv3274c,setB,3pfd,A,367.0,10000.0,0.9896716198559256,2.2022801366188258e-13,0.0028521589124953,5805.0,3.498581969761285,0.0048236354833314,116.0,3.0,1.3463157133451318
1758,G6PD2_MYCTU,P9WN73,Rv1447c,setB,6e07,N,473.0,10000.0,0.98588845632865,1.406070256481702e-22,8.90583928151903e-07,9288.0,5.08782212905393,6.169263900394155e-05,268.0,9.0,1.3440152528896363
1759,GLN1B_MYCTU,P9WN39,Rv2220,setB,4acf,E,475.0,10000.0,0.2019117347203985,2.2536459995734442e-43,2.655851764820429e-17,9965.0,3.3329555149506955,5.715666150911157e-34,108.0,3.0,1.3409656968021118
1760,DCDB_MYCTU,P9WP17,Rv0321,setB,4a6a,L,189.0,10000.0,0.9548710222443192,9.222767730954398e-17,1.851869696844347e-07,9491.0,3.4363187015566528,1.0564006190783435e-06,43.0,3.0,11.277648114744496
1761,GLGE_MYCTU,P9WQ17,Rv1327c,setB,4u33,A,661.0,10000.0,0.4210398921613382,1.5401729028728142e-43,6.186473540928372e-19,9964.0,4.242415328084248,2.020210840117909e-11,218.0,3.0,19.43742215418496
1762,GCS2_MYCTU,P9WPK9,Rv0433,setB,1tt4,A,345.0,10000.0,0.994853514289046,1.0021249301276219e-10,0.0377474167063286,3721.0,2.908678271495724,0.4850469202578559,108.0,3.0,9.895136987429742
1763,ARCA_MYCTU,P9WQ05,Rv1001,setB,2abr,C,389.0,10000.0,0.9350481483940286,6.961208895705338e-27,3.903327390435843e-09,9552.0,3.1101929247737607,3.665700688088574e-12,163.0,4.0,6.313016473921164
1764,ECCD3_MYCTU,P9WNQ3,Rv0290,setB,6umm,H,448.0,10000.0,0.9917993570532684,1.5861194318302613e-30,0.0047509225543932,5629.0,4.254044228934478,1.6841296445877813e-08,207.0,5.0,8.301239606227469
1765,FTSE_MYCTU,O05779,Rv3102c,setB,6z63,B,227.0,10000.0,0.9999247899331218,3.141659274688021e-13,0.000381808095794,7369.0,3.8059992889773153,4.796759514824073e-06,58.0,2.0,1.3308230536025454
1766,FPRA_MYCTU,P9WIQ3,Rv3106,setB,1lqu,A,451.0,10000.0,0.9921254129876655,6.495967823786654e-17,0.0014705760866402,6500.0,3.232503942115556,2.6267294283994737e-06,203.0,5.0,1.330826059257934
1767,EMBA_MYCTU,P9WNL9,Rv3794,setB,7bvf,A,1087.0,10000.0,0.8638211456957687,3.403559976051593e-63,3.1336862895175043e-23,9966.0,6.581504558324193,1.1801335157361271e-22,542.0,8.0,1.3330363835994676
1768,ECH12_MYCTU,P9WNN7,Rv1472,setB,3sll,E,261.0,10000.0,0.9997138198336626,3.796022042173957e-09,0.0502637533512533,2128.0,3.401992020067197,0.0991812738246449,119.0,4.0,11.193868589544904
1769,ECH17_MYCTU,P9WNN3,Rv3039c,setB,5zai,A,234.0,10000.0,0.9953367881712814,1.3006879707459864e-11,0.0021051926464977,6255.0,3.411012119832486,0.2526349830315002,78.0,3.0,15.820268139320522
1770,ECHA6_MYCTU,P9WNP1,Rv0905,setB,5duc,C,241.0,10000.0,0.963871385776608,2.3917045298749428e-14,4.072350282175947e-06,9233.0,6.614741985994053,5.738282869905485e-07,123.0,8.0,4.375058056757646
1771,GLPK_MYCTU,P9WPK1,Rv3696c,setB,1bu6,X,473.0,10000.0,0.9999372517992696,3.424205900397457e-29,0.0004465238462168,6561.0,10.299089275868932,0.0678801740559953,277.0,32.0,4.521567648504218
1772,GABD1_MYCTU,P9WNX9,Rv0234c,setB,4itb,B,452.0,10000.0,0.9922312298088788,4.0835520484992293e-16,0.0006849743705306,6910.0,4.632661137107346,3.795206686043059e-05,188.0,6.0,1.3238315602825037
1773,ETHR_MYCTU,P9WMC1,Rv3855,setB,5mym,A,195.0,10000.0,0.9999889127755124,5.1808009984935135e-08,0.1672355878970662,1279.0,2.819917743868978,0.996796335796628,128.0,6.0,6.256120043605302
1774,GPDA2_MYCTU,P9WN75,Rv0564c,setB,3k96,A,322.0,10000.0,0.9996303433464658,9.569149582681647e-11,0.1468258589322931,1540.0,2.9496446976311264,0.5007372749135052,165.0,3.0,10.212291515619794
1775,ACKA_MYCTU,P9WQH1,Rv0409,setB,2iir,D,378.0,10000.0,0.99132340685714,3.94950825308934e-22,1.406065252082028e-06,8930.0,4.209211919155292,0.014958348484813,115.0,5.0,20.097253095883513
1776,FAA28_MYCTU,P9WQ59,Rv2941,setB,3kxw,A,543.0,10000.0,0.6642736833270748,5.549086279915625e-41,1.0001902308891276e-16,9974.0,4.727880385359516,6.375987181594919e-26,189.0,5.0,3.3124767168993072
1777,EPHB_MYCTU,I6YC03,Rv1938,setB,2e3j,A,345.0,10000.0,0.9998107935172922,1.1520140211148253e-12,0.0466648316606572,3273.0,2.994927192004164,0.6729119894139283,182.0,5.0,11.04737317193549
1778,DPO42_MYCTU,P9WNT1,Rv3056,setB,5yuw,F,331.0,10000.0,0.9932867956371734,4.673614050458539e-20,0.0158406402151316,4671.0,3.405365118167994,0.0158406402151316,151.0,3.0,1.332099470760346
1779,CAS10_MYCTU,P71629,Rv2823c,setB,6nud,J,729.0,10000.0,0.9999971056662716,5.005907842266248e-147,3.5179640248850915e-14,9145.0,12.94559680428356,6.6640447404850065e-52,1861.0,1534.0,3.829486257972505
1780,CP143_MYCTU,P9WPL3,Rv1785c,setB,4rm4,A,355.0,10000.0,0.9098494154541992,6.825457464187688e-22,1.640573756234878e-08,9697.0,4.3368273524757965,4.141811765359596e-06,168.0,5.0,6.8140453476624305
1781,GLGB_MYCTU,P9WN45,Rv1326c,setB,3k1d,A,721.0,10000.0,0.0039360203904678,2.9120039992642076e-64,2.069216602627821e-28,10000.0,4.070968761327819,9.806824440156685e-46,202.0,4.0,1.3290097817548208
1782,DISA_MYCTU,P9WNW5,Rv3586,setB,3c23,A,342.0,10000.0,0.9846787309559571,1.863874282828315e-23,0.0040718429543073,6067.0,3.307859966148874,0.0023436380509956,130.0,4.0,2.938207616898437
1783,GARA_MYCTU,P9WJA9,Rv1827,setB,2kfu,A,161.0,10000.0,0.0557617187307926,4.902873565836472e-17,5.24806839972025e-10,9993.0,3.681136905825708,2.953190450571437e-13,45.0,2.0,6.265436457262973
1784,ARGB_MYCTU,P9WQ01,Rv1654,setB,2ap9,B,291.0,10000.0,0.9955276526013236,7.914485796899774e-14,0.0231863839411546,4090.0,2.9211488108742256,5.200870788353863e-06,94.0,3.0,7.207212776101446
1785,ACDH_MYCTU,P9WQH3,Rv3535c,setB,4jn6,B,284.0,10000.0,0.9947449866261032,1.824140028187072e-20,4.5093590250010256e-05,8201.0,4.480545079784737,1.921211976986336e-12,59.0,4.0,15.864424635012773
1786,G3PP_MYCTU,O33194,Rv1692,setB,4i9g,B,326.0,10000.0,0.9996709294668028,1.6895210499743898e-14,0.0114586395315026,4792.0,4.572137284060105,9.060383083829392e-05,126.0,4.0,3.0608131272588333
1787,END4_MYCTU,P9WQ13,Rv0670,setB,5zhz,A,250.0,10000.0,0.9999754559485784,2.647653916448716e-08,0.1642205398153335,1334.0,4.23630760718321,0.0691338271879087,103.0,5.0,8.26380082044576
1788,EFTU_MYCTU,P9WNN1,Rv0685,setB,1ob2,A,390.0,10000.0,0.6849486667295265,9.931265402935455e-39,1.3354546384223609e-12,9903.0,4.716234090101462,2.1118200357330618e-18,36.0,2.0,19.160347543820812
1789,CP142_MYCTU,P9WPL5,Rv3518c,setB,2xkr,A,394.0,10000.0,0.99798208999713,3.5668682479329315e-14,0.0092528587553815,5181.0,4.144561477917026,0.0001542415754956,187.0,5.0,7.498501917049832
1790,ASSY_MYCTU,P9WPW7,Rv1658,setB,1j20,A,380.0,10000.0,0.997360883579504,6.356541478654783e-14,0.0364703151443668,3494.0,4.409662245828785,0.0046161092039051,86.0,3.0,5.459782779561837
1791,CSM4_MYCTU,P9WJF7,Rv2820c,setB,6ifk,B,268.0,10000.0,0.9982379655706352,2.5778097495464358e-12,0.0067938331435748,5659.0,4.499114339080662,0.0266802730499274,47.0,3.0,11.19463362509019
1792,FABH_MYCTU,P9WNG3,Rv0533c,setB,1u6s,B,333.0,10000.0,0.7791717791643382,3.167170598598571e-31,1.3433057414647641e-12,9863.0,4.5824913895894,3.2359155569707874e-08,107.0,5.0,12.766313367609303
1793,ESPG3_MYCTU,P9WJC7,Rv0289,setB,5xkl,A,270.0,10000.0,0.9927514941896102,3.14462617206532e-15,0.0003821581502036,7652.0,2.6362001310532595,0.0039058512244278,143.0,3.0,1.31562988716432
1794,ESXH_MYCTU,P9WNK3,Rv0288,setB,2kg7,B,96.0,10000.0,0.9620747159940212,4.784814231812497e-09,4.574063187394144e-06,9047.0,6.79768424048618,3.090313353354455e-08,90.0,21.0,3.245289047219061
1795,ETFB_MYCTU,P9WNG7,Rv3029c,setB,6fah,B,251.0,10000.0,0.9971302242052884,5.846883643517993e-12,0.0062796337300279,5319.0,3.330845871517858,0.0150938633264671,92.0,3.0,7.461375878482468
1796,COX3_MYCTU,P9WP67,Rv2193,setB,6adq,S,201.0,10000.0,0.7958566815893531,2.3179155072017662e-19,8.683406785071423e-07,9415.0,4.43069296901163,0.022595717945722,52.0,2.0,1.3298048729042815
1797,CP123_MYCTU,P9WPP5,Rv0766c,setB,3a4z,C,369.0,10000.0,0.9992709263408688,8.945602604056112e-20,0.02094984660972,4255.0,2.4304351680437364,0.0104744528422062,174.0,4.0,1.328124994117649
1798,CP144_MYCTU,P9WPL1,Rv1777,setB,5hdi,A,390.0,10000.0,0.9999492808554964,9.469135133337096e-22,0.0216470339368657,4130.0,3.3231481838333625,0.0216470339368657,166.0,3.0,3.5014131432894313
1799,ALR_MYCTU,P9WQA9,Rv3423c,setB,6scz,B,371.0,10000.0,0.9993042966498684,2.2955951551240723e-36,0.002341908468283,5911.0,4.683484083822286,2.824936328712826e-17,264.0,21.0,1.3311198293166575
1800,DOP_MYCTU,P9WNU9,Rv2112c,setB,5lrt,A,460.0,10000.0,0.9930287549166888,2.1450831708876537e-30,1.3007494671964074e-05,8477.0,10.625237224513675,4.820366480323694e-06,107.0,23.0,4.334931256663705
1801,O33229_MYCTU,O33229,Rv2724c,setB,5ol2,C,372.0,10000.0,0.999995398035974,9.57671675078683e-15,0.0742479074377525,2765.0,3.305460413594117,0.7772313945418329,171.0,4.0,2.96121968114492
1802,O05862_MYCTU,O05862,Rv3204,setB,2kif,A,91.0,10000.0,0.9999953263611496,7.008786196048737e-08,0.1690595047175769,1590.0,2.608044742243494,0.0095750323738135,39.0,3.0,1.329686053171951
1803,O33206_MYCTU,O33206,Rv1707,setB,5da0,A,448.0,10000.0,0.9917993570532684,1.722157284734067e-24,2.5066995580602527e-05,7968.0,3.3870290079977994,0.0217202898769124,184.0,4.0,1.329153490007837
1804,I6XFF3_MYCTU,I6XFF3,Rv2835c,setB,7cad,A,276.0,10000.0,0.9998355701368336,2.8035062352267736e-14,0.1167936419727666,2120.0,3.56574404173412,0.076666476506202,131.0,5.0,1.3349475645133275
1805,P96280_MYCTU,P96280,Rv0434,setB,3ljc,A,198.0,10000.0,0.9971265628917612,9.473228399096255e-11,0.0040440624757526,5803.0,3.849934909884284,0.0502466203737393,80.0,4.0,1.3567763264444146
1806,P96356_MYCTU,P96356,Rv1045,setB,6j7n,A,286.0,10000.0,0.9989510137782132,9.214120566750672e-11,0.0556591580165905,2945.0,3.7443638058091047,0.313774200507523,120.0,4.0,1.331907279055116
1808,O06409_MYCTU,O06409,Rv0543c,setB,2kvc,A,100.0,10000.0,0.9996892272702655,1.1151678185620634e-08,0.006134033421858,6011.0,2.9919570046996347,0.0022199359345583,39.0,3.0,6.104311427179973
1809,Q11061_MYCTU,Q11061,Rv1257c,setB,3pm9,F,450.0,10000.0,0.999891790302046,3.3649595320731886e-20,0.0221622963623817,4228.0,3.832784529128389,0.0005044774532749,185.0,4.0,7.123925533018994
1810,O69702_MYCTU,O69702,Rv3735,setB,2ekm,C,159.0,10000.0,0.9883031843652748,1.5705816235402768e-06,0.0202529744191696,3974.0,3.3797398798666936,0.0031176631209528,92.0,3.0,1.3278083446039988
1811,I6XHI0_MYCTU,I6XHI0,Rv3541c,setB,5i7n,A,123.0,10000.0,0.99870276993465,3.731031306604324e-06,0.0552929509767737,2650.0,3.996645879637159,0.6038269862232435,53.0,3.0,3.3432069932925192
1812,O06428_MYCTU,O06428,Rv0562,setB,5ze6,B,308.0,10000.0,0.9994449747231796,6.730463788958937e-14,0.0183253263946606,4270.0,3.8297659071042913,0.0036837457284198,71.0,4.0,1.3246305145209365
1813,O06312_MYCTU,O06312,Rv0362,setB,2yvx,C,439.0,10000.0,0.999859635651124,3.47092093915734e-13,0.1227891179414766,1850.0,2.79567632906572,0.4753754731812369,199.0,3.0,2.9340927047385645
1814,O06806_MYCTU,O06806,Rv1773c,setB,2g7u,B,226.0,10000.0,0.994145142848633,6.848274207461388e-08,0.0063899083306349,5888.0,5.581231892766694,0.0087652142170224,101.0,5.0,1.336954000704592
1815,O53146_MYCTU,O53146,Rv1454c,setB,4rvs,A,328.0,10000.0,0.9996895283589494,4.725644889220627e-13,0.1068027999337345,2305.0,3.129046767857344,0.1286509897232263,145.0,5.0,1.329774792963078
1816,I6Y7V6_MYCTU,I6Y7V6,Rv1925,setB,5ey8,B,573.0,10000.0,0.2355565993578202,1.2061438369131096e-44,7.438033733760037e-16,9974.0,3.5208476432098306,1.5134704227400406e-12,174.0,4.0,4.1883218596473695
1817,P95286_MYCTU,P95286,Rv1928c,setB,3r1i,A,238.0,10000.0,0.9993328451506238,1.0369993463406381e-08,0.0583196489527211,2974.0,3.8446625212743433,0.7330312901499634,122.0,4.0,1.3333934153129752
1818,O06543_MYCTU,O06543,Rv1143,setB,2gd0,C,353.0,10000.0,0.9955802802788428,1.174236122286696e-26,0.0170283875167281,4457.0,3.013146217541547,1.2042949551040576e-05,117.0,3.0,7.024550234712535
1819,O53611_MYCTU,O53611,Rv0066c,setB,5kvu,D,732.0,10000.0,7.354862238198138e-07,5.55345053026311e-73,8.492505482943529e-40,10000.0,6.717608640088721,2.5126281016725025e-32,321.0,6.0,13.584573051811384
1820,O53438_MYCTU,O53438,Rv1090,setB,1oa4,A,149.0,10000.0,0.9997646809801688,5.940663424615618e-07,0.1365922410680657,1189.0,3.18222835774726,0.4382438200231674,74.0,4.0,1.3251494255366103
1821,O53868_MYCTU,O53868,Rv0856,setB,5z8o,B,122.0,10000.0,0.9999622772584094,4.019368537534914e-07,0.3992468079438432,263.0,3.666107033957025,0.3992468079438432,58.0,3.0,7.974866080380283
1822,O53323_MYCTU,O53323,Rv3173c,setB,3qbm,A,182.0,10000.0,0.9999736170785892,9.757533278455977e-08,0.1774083526026701,1119.0,4.871137373747087,0.1400607127968195,63.0,5.0,3.331129838358151
1823,O05575_MYCTU,O05575,Rv0992c,setB,2jcb,A,180.0,10000.0,0.9944910230589268,2.966267356273929e-09,0.0347065856502202,3323.0,3.2498989412402697,0.0031837701228267,96.0,3.0,3.3997921995322016
1824,I6WZG6_MYCTU,I6WZG6,Rv0798c,setB,6i9g,I,263.0,10000.0,0.997965704077506,2.5821736855892373e-15,0.0033049094816159,6100.0,3.0402497899479104,0.0012449957189456,96.0,3.0,3.7670599942129903
1825,L7N688_MYCTU,L7N688,Rv1715,setB,6tnm,A,278.0,10000.0,0.9998472986436472,1.404127529102293e-13,0.0003446202399802,7615.0,3.61811433873827,2.7746733121769765e-07,159.0,5.0,1.3299003722083849
1826,I6XF25_MYCTU,I6XF25,Rv2691,setB,6v4k,G,209.0,10000.0,0.990524434013714,8.817402526358876e-11,0.0108169008640422,4927.0,4.174812527904598,0.4211675396257741,103.0,5.0,7.358571124885598
1827,P71734_MYCTU,P71734,Rv2409c,setB,3isr,A,255.0,10000.0,0.9897847096594282,2.352576656460468e-19,6.488764435088386e-08,9351.0,4.915136892923644,1.096259675612301e-07,53.0,3.0,11.283683175275709
1828,O33340_MYCTU,O33340,Rv2858c,setB,5gtl,C,448.0,10000.0,0.9971632623977456,1.5339441692350855e-14,0.0468806515279718,3327.0,4.369455193442182,0.0321988291829148,219.0,4.0,12.4081770216257
1830,O07412_MYCTU,O07412,Rv0167,setB,7cge,A,239.0,10000.0,0.999356891805502,1.806694429560942e-14,0.1182257840337732,2252.0,2.699618270564541,0.3732759948613944,87.0,3.0,1.326454673179618
1831,I6X9R9_MYCTU,I6X9R9,Rv0768,setB,5gt6,D,470.0,10000.0,0.999995192732522,5.52206250338059e-16,0.0664282825007317,2930.0,2.893051089651873,0.4203713921589974,208.0,4.0,13.924153475166808
1832,O53623_MYCTU,O53623,Rv0078,setB,5wm9,B,158.0,10000.0,0.9878786244163614,7.723377534058277e-07,0.0196689633626849,3695.0,3.511978809809936,0.5659828302481397,67.0,3.0,3.2985436180229604
1833,O06831_MYCTU,O06831,Rv1427c,setB,6e97,B,485.0,10000.0,0.999652186246757,3.6148508777297363e-23,0.0030869536736415,5892.0,4.18998945689047,0.0048660370034225,187.0,3.0,3.194257973301468
1834,I6YG46_MYCTU,I6YG46,Rv3432c,setB,3hbx,E,434.0,10000.0,0.9900929500413852,1.2515522167063731e-25,5.481331864472738e-12,9858.0,4.2269060174033415,5.206958004713287e-16,138.0,5.0,1.3292682197359549
1835,O50418_MYCTU,O50418,Rv3393,setB,3g5i,A,289.0,10000.0,0.9998984011830307,3.418023553937555e-09,0.022479691806125,3916.0,3.0730903125982323,0.3197817925235314,93.0,3.0,7.363234479493371
1836,I6Y8U3_MYCTU,I6Y8U3,Rv0807,setB,4zy7,A,118.0,10000.0,0.9999445720500312,8.208261019466056e-06,0.1284958605347365,1181.0,2.5927128263861694,0.7928386276448571,56.0,4.0,5.706457745396876
1837,O69697_MYCTU,O69697,Rv3730c,setB,5op0,A,330.0,10000.0,0.9997070814888108,2.948108935299167e-10,0.108718050476944,2120.0,3.49541942656781,0.347687086995071,153.0,3.0,13.2785238260885
1838,O69728_MYCTU,O69728,Rv3762c,setB,4nur,A,621.0,10000.0,0.9743014360690104,2.1431430704021726e-20,0.0007408170839937,7356.0,5.328169174400994,0.0001403697761154,351.0,8.0,1.337931986313203
1839,P71820_MYCTU,P71820,Rv0763c,setB,2z8q,B,64.0,10000.0,0.9999999044253438,4.143883435611462e-05,0.4180380087893169,241.0,2.1301990968330733,0.7035732508935619,36.0,3.0,1.3283440819305827
1840,I6YA03_MYCTU,I6YA03,Rv2679,setB,3qk8,D,259.0,10000.0,0.9996919118396844,7.12362771497859e-12,0.0382746943481135,3386.0,3.417738573205221,0.179110013088606,133.0,6.0,3.626888197890856
1841,I6YDN6_MYCTU,I6YDN6,Rv2535c,setB,3q6d,D,350.0,10000.0,0.995320477149554,2.0396463229203066e-17,0.0004714867865462,7260.0,2.9118856326124423,0.2489030992681408,118.0,4.0,1.336219293379643
1842,O06138_MYCTU,O06138,Rv1621c,setB,2onj,B,505.0,10000.0,0.8676051853775563,2.108528115592128e-21,2.885326282322144e-07,9214.0,4.1591785440737645,2.1623120130984943e-08,182.0,3.0,1.3323775741132833
1843,I6WZ71_MYCTU,I6WZ71,Rv0728c,setB,5aov,A,314.0,10000.0,0.999533645289721,3.41915444105077e-14,0.0937092547078404,2073.0,3.201971998474612,0.0766499820620932,152.0,5.0,10.707775726078692
1844,I6YG83_MYCTU,I6YG83,Rv3472,setB,2chc,C,159.0,10000.0,0.9998784891367146,2.3867901220262376e-07,0.1249303669731584,1431.0,3.083804576401659,0.0391034195981398,92.0,3.0,1.3175833939451411
1845,P71704_MYCTU,P71704,Rv0047c,setB,5x11,B,162.0,10000.0,0.9999003837021788,8.82495105456246e-08,0.0762885275408908,2328.0,3.340136326799316,0.0220627165711927,74.0,4.0,1.3320018768755555
1846,P96812_MYCTU,P96812,Rv0135c,setB,2hyt,A,181.0,10000.0,0.9993054672883672,9.83454388413754e-07,0.082928576810358,1773.0,4.150427373368585,0.0137275951024147,80.0,5.0,2.8282816337840204
1847,L7N670_MYCTU,L7N670,Rv0536,setB,1orr,A,315.0,10000.0,0.9995469885390904,4.680258526653957e-19,4.405076296244011e-05,8123.0,3.1236420468240147,4.20202282973152e-06,92.0,3.0,9.42868145606797
1848,L0TBR2_MYCTU,L0TBR2,Rv2251,setB,5ae1,D,425.0,10000.0,0.9754906792152253,3.2170927781869867e-20,2.365361903126626e-06,8841.0,4.140267359380874,2.4827516941715705e-07,140.0,4.0,7.94034268781896
1849,O53937_MYCTU,O53937,Rv1786,setB,1siz,A,62.0,10000.0,0.9999998327548872,0.0056554000143554,0.3980664535593495,4.0,2.539128587607605,0.93667814989971,26.0,2.0,7.809014854640757
1850,P95034_MYCTU,P95034,Rv0688,setB,3lxd,A,385.0,10000.0,0.9976019190769284,1.2096248393072129e-18,0.0003139109784597,7291.0,4.808628086983331,7.148376109403892e-08,159.0,4.0,1.3298082568550995
1851,O53190_MYCTU,O53190,Rv2463,setB,5gmx,B,359.0,10000.0,0.3035068037719614,2.0984683124089424e-48,4.0814839708056594e-16,9964.0,5.777671545378891,1.0971848552664878e-16,67.0,5.0,10.283377849714556
1852,O53926_MYCTU,O53926,Rv1679,setB,5ol2,C,352.0,10000.0,0.9703716358063008,2.5686907853882682e-17,0.0006715373322278,7058.0,3.62220419012671,7.395454229856613e-07,128.0,4.0,17.128206269192344
1853,P71894_MYCTU,P71894,Rv2318,setB,5k2y,B,400.0,10000.0,0.9843558982396782,6.159412995752159e-18,0.0062604022676796,5401.0,4.968814593670219,0.0038281872633008,139.0,5.0,3.391231192354776
1854,I6Y870_MYCTU,I6Y870,Rv0587,setB,7cge,A,243.0,10000.0,0.9865749465089116,1.8042235065724955e-11,0.00067459184408,7486.0,4.272953200941823,0.007077328527938,124.0,4.0,1.326454673179618
1855,L7N6B3_MYCTU,L7N6B3,Rv0162c,setB,1teh,B,324.0,10000.0,0.9923352866796092,1.1698515210292384e-11,0.018216809499899,4274.0,4.568681868288949,0.1492115988460442,144.0,3.0,1.3235762161658828
1856,O53185_MYCTU,O53185,Rv2458,setB,5dml,A,274.0,10000.0,0.9998229454409416,1.938171139795661e-09,0.1143945998268757,1663.0,4.232405903689795,0.6682430379518629,134.0,6.0,11.1252230988866
1857,O53789_MYCTU,O53789,Rv0681,setB,3on2,D,177.0,10000.0,0.9938626228674168,2.414536400438835e-11,8.78630583789673e-05,8746.0,4.504402601931672,2.23595493391008e-06,91.0,5.0,5.020562717465043
1858,I6Y4R2_MYCTU,I6Y4R2,Rv0752c,setB,5ol2,F,367.0,10000.0,0.9757104093023924,9.283229488524133e-18,2.9847463411741803e-06,9044.0,4.153903988869014,3.014477839328044e-09,141.0,4.0,3.485198129231681
1859,Q10883_MYCTU,Q10883,Rv0086,setB,6khj,B,457.0,10000.0,0.9975454602856704,7.208131372899472e-29,1.564263048337451e-06,8852.0,3.668517492363895,0.0002511936275331,202.0,4.0,1.3349314589146508
1860,P71814_MYCTU,P71814,Rv0757,setB,3r0j,A,224.0,10000.0,0.9506768579898058,1.9047090236543842e-18,3.93769098656848e-12,9828.0,5.3629736845888125,1.6796411977903214e-05,96.0,8.0,4.800632145874127
1861,I6YCE1_MYCTU,I6YCE1,Rv3549c,setB,1vl8,A,234.0,10000.0,0.9992273932793064,6.560871254499243e-10,0.014208688622242,4588.0,4.688569664690429,0.0002273381435426,86.0,6.0,2.818105391925575
1862,O53238_MYCTU,O53238,Rv2989,setB,1mkm,B,225.0,10000.0,0.9989257133383542,2.6629707122753425e-10,0.0475155982663417,2423.0,3.855928886937492,0.0210000368197337,80.0,3.0,10.801211830160538
1863,O05772_MYCTU,O05772,Rv3093c,setB,1z69,A,300.0,10000.0,0.996366687488538,1.5989601818532152e-11,0.02651515482973,4119.0,4.288479378359327,0.996366687488538,129.0,4.0,1.3244059045473922
1864,O06541_MYCTU,O06541,Rv1141c,setB,5zai,E,254.0,10000.0,0.9973664948919422,1.1857618058457134e-08,0.0353980828218938,3413.0,3.9259215462981385,0.0067245626717317,116.0,4.0,1.339951491659305
1865,O07751_MYCTU,O07751,Rv1879,setB,2qpx,A,356.0,10000.0,0.9877108938492368,1.3687745497557974e-14,0.0278232560864175,4021.0,4.575236968452841,0.1126734416041127,164.0,5.0,3.0055430457739254
1866,I6XH73_MYCTU,I6XH73,Rv3431c,setB,6xg8,A,272.0,10000.0,0.9998093565080952,8.41895896227187e-15,0.1666407199424366,1558.0,2.5818665554798605,0.3928079407379395,137.0,4.0,3.356494897955302
1867,I6Y120_MYCTU,I6Y120,Rv2552c,setB,4p4l,A,207.0,10000.0,0.9328573236072392,8.434105542024356e-13,5.434554316070253e-10,9963.0,7.768990252965521,3.4208976626920736e-11,44.0,9.0,7.3797944415816845
1868,O50432_MYCTU,O50432,Rv1176c,setB,5x11,B,172.0,10000.0,0.9999486910422344,1.8231650888121313e-08,0.0287143800560109,3278.0,3.96040187819027,2.6491570965494654e-06,64.0,4.0,1.3283026763505372
1869,O06338_MYCTU,O06338,Rv3473c,setB,3bwx,A,238.0,10000.0,0.9999559510491528,9.710456119083013e-08,0.116827448373541,1755.0,5.557225817198767,0.2615152882430909,120.0,4.0,6.221540082648345
1870,O06574_MYCTU,O06574,Rv1122,setB,4e21,B,316.0,10000.0,0.9769764204232056,5.298247118461101e-13,0.0002681418740018,7656.0,2.719024030524945,0.0013406065787832,119.0,3.0,4.294402170267708
1871,O06545_MYCTU,O06545,Rv1145,setB,7c2n,A,286.0,10000.0,0.999886451583921,8.908766530437597e-14,0.0694089321302599,2574.0,5.283039978328835,0.487161887651824,126.0,6.0,3.3232624031213684
1872,Q10838_MYCTU,Q10838,Rv1988,setB,6ift,A,163.0,10000.0,0.9657733103928758,3.2472624361255367e-10,0.0036594594015885,6339.0,4.462549320106864,0.043087796541062,71.0,3.0,2.9676167205351835
1873,P96857_MYCTU,P96857,Rv3575c,setB,1qpz,A,324.0,10000.0,0.9796813604036856,3.397434224512496e-18,0.0231213188214009,3908.0,2.764032040089398,0.0231213188214009,102.0,3.0,6.305310380940814
1874,P95185_MYCTU,P95185,Rv3141,setB,4dup,A,318.0,10000.0,0.9776840155998716,1.8416592110641984e-13,0.0077390677117623,5197.0,4.87995597919112,0.0212495434453595,143.0,4.0,1.3268059390883031
1875,O69727_MYCTU,O69727,Rv3761c,setB,3dxp,A,316.0,10000.0,0.9999627385333134,8.008361537489916e-14,0.0097253428196071,5158.0,4.515203550431648,0.428550881247934,131.0,4.0,3.149419946593341
1876,I6Y5H3_MYCTU,I6Y5H3,Rv1049,setB,4fx0,B,135.0,10000.0,0.9994086524835366,1.1794037810883085e-07,0.055317240654439,2549.0,3.31479505713116,0.0024682525006655,72.0,3.0,3.276384287595093
1878,O33365_MYCTU,O33365,Rv0520,setB,5fcd,A,102.0,10000.0,0.9997432220979428,1.4017448320907998e-10,0.1628196778589182,1164.0,2.0741738930967277,0.2928867937368191,45.0,3.0,1.3282552465546689
1879,P71853_MYCTU,P71853,Rv3548c,setB,3qlj,A,293.0,10000.0,0.9991430875193053,1.2682009460337596e-21,0.0010428971127789,6678.0,4.3213359604665085,0.137733087116304,55.0,4.0,22.19141047793042
1880,O07233_MYCTU,O07233,Rv0306,setB,2isj,B,208.0,10000.0,0.9998110436935458,8.002003346872974e-09,0.2399774290838206,692.0,2.936156624084844,0.4917130649445973,89.0,4.0,6.609596810698819
1881,I6X4S7_MYCTU,I6X4S7,Rv2605c,setB,3u0a,A,253.0,10000.0,0.9996156710617768,1.1874848251156983e-06,0.0719546234955799,2025.0,3.873648645140416,0.8343739923883031,128.0,3.0,1.335170775593896
1882,I6YDK7_MYCTU,I6YDK7,Rv2502c,setB,4q0g,C,520.0,10000.0,0.9666234620052272,1.5432236361127176e-23,5.35035276100894e-08,9417.0,7.307557453316022,3.6619866481552204e-09,169.0,9.0,2.98344180435952
1883,P71791_MYCTU,P71791,Rv1512,setB,1e7r,A,305.0,10000.0,0.99676340505993,4.4007592532703666e-11,0.035954805773968,3416.0,4.314450339910507,0.12693158160515,126.0,4.0,1.3149692011602283
1884,I6WZS8_MYCTU,I6WZS8,Rv0926c,setB,6g1h,A,326.0,10000.0,0.925151959623534,1.8704292545429752e-17,1.4346648478555362e-05,8626.0,3.5295937402003816,0.0374664292812377,141.0,3.0,1.30960452045646
1885,O53154_MYCTU,O53154,Rv1463,setB,2d2f,A,244.0,10000.0,0.9994648016756658,2.0095833773722174e-11,0.0097862273931924,5090.0,4.420357909428992,0.7469342473404119,63.0,3.0,9.80312363484211
1886,O07255_MYCTU,O07255,Rv0331,setB,6oi5,B,360.0,10000.0,0.99987790020692,3.931043168514118e-13,0.0805932161270349,2658.0,7.497006566464125,0.0117011404403416,221.0,12.0,15.712652926861203
1887,P72007_MYCTU,P72007,Rv1750c,setB,3ni2,A,484.0,10000.0,0.9984117071123496,7.448552036676307e-28,3.015908316251201e-07,9145.0,3.1542313550277843,0.0252021147486861,248.0,4.0,6.379175260172746
1888,I6Y551_MYCTU,I6Y551,Rv0913c,setB,3npe,A,453.0,10000.0,0.9973823379076814,3.7989864555055417e-14,0.0063812411134756,5693.0,3.544910500812016,0.0002319370876323,254.0,4.0,1.3320322818911
1889,P71591_MYCTU,P71591,Rv0021c,setB,3bo9,B,300.0,10000.0,0.9999324508116628,5.191390347437448e-11,0.0995625196612894,2156.0,2.552933189851588,0.0002362463173317,238.0,5.0,4.020735007433339
1890,I6YA00_MYCTU,I6YA00,Rv2674,setB,2k8d,A,127.0,10000.0,0.9990011445713586,8.099663549947023e-09,0.0095984212992521,5444.0,2.7926441761524425,0.0095984212992521,48.0,4.0,9.54271690872154
1891,P95075_MYCTU,P95075,Rv0727c,setB,6btd,A,199.0,10000.0,0.9997080805809312,3.245017206332726e-09,0.2181191079906527,822.0,3.331842317293818,0.0158678502874722,106.0,3.0,3.227716840120891
1892,O07406_MYCTU,O07406,Rv0161,setB,3pm9,F,439.0,10000.0,0.9907391816533272,1.3538235181364974e-14,0.0053093136050898,5472.0,4.0093122325045165,0.0242522406551253,209.0,4.0,2.8926245867723583
1893,O53356_MYCTU,O53356,Rv3304,setB,2q53,A,144.0,10000.0,0.999995495828465,1.295752509324034e-06,0.2687977875504966,637.0,2.290564460418976,0.0935118065526648,39.0,2.0,13.189517693987147
1894,O53382_MYCTU,O53382,Rv3332,setB,6fv4,B,374.0,10000.0,0.9907553145047814,1.2337761874025156e-13,0.0002421994365352,7774.0,4.696603177504035,0.0002421994365352,159.0,3.0,13.972988907173736
1895,I6Y0W5_MYCTU,I6Y0W5,Rv2500c,setB,5ol2,C,372.0,10000.0,0.9552492711068328,1.0819657294745997e-29,5.797240473701208e-10,9615.0,3.559904816896682,8.003151772871374e-16,107.0,4.0,1.3340333579037644
1896,O06135_MYCTU,O06135,Rv1618,setB,4r4u,A,272.0,10000.0,0.9998093565080952,7.41951941420021e-12,0.0583600740039227,3168.0,3.106365274330604,0.8035719276034797,88.0,3.0,1.3272682471904442
1897,I6X811_MYCTU,I6X811,Rv3666c,setB,6e3d,A,509.0,10000.0,0.9964204735595432,1.2701970518721952e-16,0.0064681024341785,5399.0,4.25252854423779,0.0373834952152395,231.0,6.0,1.3293795545291032
1898,I6YGL1_MYCTU,I6YGL1,Rv3591c,setB,4uhh,A,246.0,10000.0,0.9995027425094424,1.1160116391974266e-08,0.0825529331930456,2266.0,3.851988121256625,0.1281443871649285,146.0,3.0,10.959466182255412
1899,O50410_MYCTU,O50410,Rv3383c,setB,3nf2,A,322.0,10000.0,0.9920397820742268,5.436474105695588e-18,0.0138303660595652,4718.0,7.169656859111999,0.0551314384130359,198.0,19.0,7.177838184300341
1900,P71668_MYCTU,P71668,Rv1400c,setB,6k34,B,300.0,10000.0,0.999300191218582,7.411265830324788e-13,0.0529638397312525,3100.0,3.773419278639497,0.8483422371364409,124.0,3.0,8.525557987604097
1901,I6Y1W3_MYCTU,I6Y1W3,Rv2857c,setB,4wec,A,257.0,10000.0,0.9975834814828344,2.965791640062305e-12,0.0757848056121382,1350.0,2.928134004069335,0.0014719361552237,103.0,5.0,20.79656714460346
1902,P71888_MYCTU,P71888,Rv2324,setB,2gqq,C,142.0,10000.0,0.9996267385527056,3.290602683739876e-08,0.4077342850334053,268.0,2.6732311263492514,0.3290823518471841,63.0,3.0,3.095007915983413
1903,O53321_MYCTU,O53321,Rv3171c,setB,1a88,C,271.0,10000.0,0.9983836397934436,2.373874615121877e-11,0.0096292531199509,5098.0,3.106785579347283,0.0721802914132898,134.0,4.0,8.405722812465326
1904,I6Y4V6_MYCTU,I6Y4V6,Rv0809,setB,1cli,A,335.0,10000.0,0.998386977151412,7.683130103456026e-19,0.0004462636125903,6794.0,4.6371203178911005,4.1633198593876e-10,71.0,4.0,4.290898973408723
1905,P96832_MYCTU,P96832,Rv0155,setB,1x13,A,347.0,10000.0,0.9858378301762996,4.544256260757839e-22,2.056681010884208e-05,8469.0,3.1029291209645136,6.01508094796896e-05,124.0,4.0,19.42645106549315
1906,O53482_MYCTU,O53482,Rv2038c,setB,6yir,A,345.0,10000.0,0.6729119894139283,1.3408167900510185e-23,1.9677696041883755e-11,9982.0,4.956184699073621,9.56910093094596e-08,112.0,5.0,7.404272888001903
1907,P71619_MYCTU,P71619,Rv2833c,setB,6r1b,A,394.0,10000.0,0.99798208999713,4.5724957581444314e-08,0.0511559005620299,2623.0,3.235790035490852,0.2364045191890279,217.0,4.0,1.3323186555775617
1908,O07178_MYCTU,O07178,Rv0457c,setB,4hvt,A,659.0,10000.0,0.9984059307845086,2.565062312982978e-32,0.0014456658540457,6264.0,3.8859135074155886,0.0522945502675813,319.0,5.0,3.1708438939815355
1909,I6X235_MYCTU,I6X235,Rv1700,setB,1mqw,A,200.0,10000.0,0.9973277498238406,1.427569962153298e-12,7.536785951251345e-05,8487.0,3.3067724803709484,6.734842895808746e-06,96.0,5.0,1.3330273815642322
1910,Q79FY3_MYCTU,Q79FY3,Rv0619,setB,1guq,A,174.0,10000.0,0.9990283160121848,1.1605277749934905e-08,0.2008673145858187,716.0,3.402753050909649,0.0301573884787413,90.0,5.0,1.3455311218994503
1911,L7N665_MYCTU,L7N665,Rv3236c,setB,5bz2,A,360.0,10000.0,0.9990999752219846,1.9913485946950078e-11,0.0971016367658022,2347.0,2.777950851823061,0.0445537296619567,154.0,4.0,7.94403386196207
1912,I6X8R2_MYCTU,I6X8R2,Rv0198c,setB,6xly,A,631.0,10000.0,0.9762182056020676,2.828715186446244e-23,2.1441813672301588e-06,9046.0,4.917541032672458,0.0006712724784656,282.0,4.0,4.315110774939605
1913,L7N6A3_MYCTU,L7N6A3,Rv1990A,setB,5x8h,A,100.0,10000.0,0.9996892272702655,1.1151678185620634e-08,0.2819416298082479,1206.0,2.4319419223012866,0.9084105017744524,33.0,2.0,5.307198978745756
1914,O53547_MYCTU,O53547,Rv3502c,setB,4kzp,A,291.0,10000.0,0.9342125797605596,1.4079682215441731e-16,5.683082901690682e-07,9276.0,5.735621387770754,2.392295102314052e-11,70.0,4.0,1.3297014702556316
1915,O07810_MYCTU,O07810,Rv3813c,setB,1rkq,B,261.0,10000.0,0.9750299120415415,1.9728444048743142e-16,0.0001328630723124,7989.0,3.387560164294326,0.0008339739711857,120.0,3.0,14.29108057496003
1916,O07244_MYCTU,O07244,Rv0317c,setB,4r7o,B,241.0,10000.0,0.996180562360091,1.2600311703828807e-09,0.0369884571609172,3570.0,3.342602340759242,0.0006309050498555,110.0,3.0,1.332746037322942
1917,O06799_MYCTU,O06799,Rv1766,setB,4m1p,A,83.0,10000.0,0.9984401671284038,6.830660493354718e-05,0.4619234911812646,144.0,3.574575388869796,0.7169274794417317,27.0,4.0,3.2860161289926775
1918,O07738_MYCTU,O07738,Rv1894c,setB,6bka,A,340.0,10000.0,0.998564330540742,3.5922473441236e-14,0.008637648419736,5038.0,3.966847412010069,3.383179175698403e-05,181.0,6.0,4.588885812482154
1919,I6XFS7_MYCTU,I6XFS7,Rv2966c,setB,6aie,A,181.0,10000.0,0.946153467248259,9.165296485482182e-12,0.0001753094051102,8408.0,3.890489707284873,0.0010051046291496,61.0,3.0,7.883277808120173
1920,P71730_MYCTU,P71730,Rv2413c,setB,3zh9,B,303.0,10000.0,0.9993584255845764,2.6409558180697905e-15,0.1246410344177628,1683.0,2.4787107549732053,0.3475801792985536,101.0,4.0,14.23128743297668
1921,I6YCC4_MYCTU,I6YCC4,Rv3529c,setB,2zq5,A,364.0,10000.0,0.9964165257811268,3.067517394999128e-13,0.0690557479357696,2991.0,2.8782570535421037,0.0004819500319795,193.0,5.0,3.2723619909783817
1922,L7N699_MYCTU,L7N699,Rv0035,setB,3pbk,A,516.0,10000.0,0.9967469050014616,1.336578017107893e-17,0.0009024171930245,6547.0,4.868159832317981,0.0555271400040681,387.0,9.0,3.22347204113825
1923,P72050_MYCTU,P72050,Rv3784,setB,6bi4,A,294.0,10000.0,0.9999155986110498,1.7905760781924278e-10,0.0613702265312433,3087.0,5.215427845572329,0.0189166459729817,191.0,10.0,3.850006753240825
1924,I6XU97_MYCTU,I6XU97,Rv0045c,setB,3p2m,A,280.0,10000.0,0.9998581942389818,1.759428014849665e-09,0.2554128625873936,903.0,5.19418267624109,0.2554128625873936,220.0,6.0,4.2646494580445875
1925,I6X5C9_MYCTU,I6X5C9,Rv2786c,setB,5fo0,A,312.0,10000.0,0.9499065344511678,2.980551877668608e-18,0.0247744115652864,3964.0,4.17188863343658,0.0008921793650294,114.0,4.0,4.565945904191156
1926,P95278_MYCTU,P95278,Rv1936,setB,5aec,B,354.0,10000.0,0.9711447581271472,1.630150902756765e-17,0.0001449583340165,7596.0,4.821543087964465,0.295621761572629,199.0,5.0,1.3319913663383924
1927,O05773_MYCTU,O05773,Rv3094c,setB,2rfq,C,315.0,10000.0,0.1660247568526831,5.644385271367528e-35,4.680258526653957e-19,9994.0,4.8053130666679245,3.383839524860632e-16,71.0,3.0,3.2688618814504844
1928,O53488_MYCTU,O53488,Rv2045c,setB,1c7j,A,474.0,10000.0,0.9942345868088548,3.955760227189728e-28,1.2005269793257214e-09,9440.0,8.06928835095398,2.6432037679996096e-13,207.0,14.0,7.436998117520272
1929,L7N663_MYCTU,L7N663,Rv3305c,setB,2q43,A,351.0,10000.0,0.9867026418772856,8.221918400919812e-21,7.086036981603308e-07,8906.0,2.2515850322014863,1.0241204852125128e-11,84.0,3.0,6.925954230284806
1930,L7N684_MYCTU,L7N684,Rv2141c,setB,2pok,B,413.0,10000.0,0.995029892058479,6.053683497323839e-26,1.2736815535232364e-08,9436.0,3.749269972172802,5.311504185484573e-09,132.0,5.0,12.261838524462792
1931,I6Y340_MYCTU,I6Y340,Rv0216,setB,2bi0,A,330.0,10000.0,0.9604141649677588,3.927827197120445e-19,1.5178936207373994e-06,9224.0,3.560505466751942,1.415425940946443e-09,118.0,3.0,1.3212876295492972
1932,O05576_MYCTU,O05576,Rv0993,setB,5vct,A,278.0,10000.0,0.8140871618057024,1.8583976484696481e-19,4.481162532342159e-07,9355.0,4.12871781306463,1.5088691876122961e-09,52.0,3.0,29.24877209388456
1933,O50394_MYCTU,O50394,Rv3366,setB,4kdz,A,153.0,10000.0,0.9999999996699795,1.5640981654395842e-10,0.3021663853934918,656.0,4.1332991652899205,0.046201986063379,58.0,4.0,14.041719908900047
1934,I6Y8X0_MYCTU,I6Y8X0,Rv0840c,setB,3nwo,A,279.0,10000.0,0.9987162714330616,2.200125017664251e-12,0.0246937990350519,3884.0,3.567203136865494,0.0047819120624471,115.0,5.0,3.192243255142062
1935,O53578_MYCTU,O53578,Rv3799c,setB,3mfm,F,515.0,10000.0,0.9913317625338404,9.55864610566052e-27,9.428440844443032e-08,8958.0,5.629233454550412,0.0028903078353134,127.0,4.0,3.0130539324744983
1936,P95220_MYCTU,P95220,Rv0263c,setB,3mml,G,286.0,10000.0,0.9843286097714244,4.408630968507131e-12,0.0055475209799292,5629.0,2.7815801177835864,0.0041437276021045,153.0,5.0,7.320397871700688
1937,P71626_MYCTU,P71626,Rv2826c,setB,6y56,A,292.0,10000.0,0.999117952851353,3.4730318451867548e-19,0.0916956359290333,2337.0,2.9054685327759087,0.3257728937193425,131.0,4.0,1.334964044459626
1938,O53422_MYCTU,O53422,Rv1074c,setB,4wyr,B,385.0,10000.0,0.98088390572073,2.3736489365857942e-23,2.6695267702382347e-06,8529.0,3.688810223943413,1.7601738198159888e-10,159.0,4.0,18.540405712928724
1939,O50431_MYCTU,O50431,Rv1175c,setB,1ps9,A,667.0,10000.0,0.982027272507774,1.8202372561936303e-30,2.230504412118888e-09,9711.0,3.7134868340704648,1.8532487452387122e-13,354.0,6.0,19.15146205907006
1940,P96811_MYCTU,P96811,Rv0134,setB,3qyj,A,276.0,10000.0,0.9998355701368336,1.512024333798011e-07,0.0614346441481776,2317.0,4.373637617162585,0.076666476506202,164.0,4.0,1.3317999098963804
1941,I6YCP0_MYCTU,I6YCP0,Rv3651,setB,4q6u,A,310.0,10000.0,0.997117192269826,1.1622879384072808e-10,0.001582739299404,7113.0,4.311574760756801,0.0011627386475796,102.0,6.0,15.883080431704675
1942,O53546_MYCTU,O53546,Rv3501c,setB,7ch0,A,223.0,10000.0,0.9788899980724348,6.2680475523320175e-19,5.118608155991887e-09,9730.0,3.200107619878817,5.4036856251356143e-08,40.0,2.0,8.309862393565862
1943,O33182_MYCTU,O33182,Rv1680,setB,5lq5,A,251.0,10000.0,0.9699525364241396,3.518832047584963e-18,6.919581256758209e-06,8922.0,3.79998370694543,0.0433839688432453,81.0,3.0,12.061403110749602
1944,P95146_MYCTU,P95146,Rv1869c,setB,3lxd,A,402.0,10000.0,0.999664050220288,2.1375330303446298e-21,0.0103011742307415,4986.0,2.746489234689024,0.8157793911531501,168.0,4.0,13.141908613287493
1945,O33178_MYCTU,O33178,Rv1775,setB,5xey,A,249.0,10000.0,0.9969611680609808,2.074959324722765e-07,0.0191670718527244,3817.0,3.4844946094027853,0.0191670718527244,109.0,4.0,1.3321430103408547
1946,P96281_MYCTU,P96281,Rv0435c,setB,5e7p,B,694.0,10000.0,0.8013331834434969,4.224693747932144e-27,6.7832957365968855e-12,9886.0,5.0331135853301845,7.5203128494364305e-06,308.0,4.0,3.24809513407474
1947,I6YEH6_MYCTU,I6YEH6,Rv2831,setB,4jjt,A,229.0,10000.0,0.999072029936465,1.9556982356557445e-13,0.0227476860338462,3977.0,3.2432035418988305,0.1044708535455656,95.0,3.0,3.784151291901527
1948,L0T6B3_MYCTU,L0T6B3,Rv0388c,setB,5xfs,B,165.0,10000.0,0.9999183471330412,1.919820796680149e-09,0.2244124086834473,521.0,2.985375136029249,0.1382078814645175,70.0,4.0,3.1611602300421273
1949,I6X831_MYCTU,I6X831,Rv3688c,setB,1ng6,A,145.0,10000.0,0.9996936571675162,1.6403148379527813e-05,0.126826519996759,1294.0,3.198170069818354,0.0266821807105166,64.0,3.0,3.444585316115715
1950,O50397_MYCTU,O50397,Rv3368c,setB,2isj,H,196.0,10000.0,0.9863372114314668,1.0375646499745944e-07,0.0201418194800809,3388.0,3.4434283154926617,0.1058627870047863,58.0,2.0,18.47153060793826
1951,P96834_MYCTU,P96834,Rv0157,setB,6s59,B,452.0,10000.0,0.8199845263976929,2.126693749655524e-32,2.260488479624092e-12,9830.0,8.18884611354702,1.0692170661395323e-10,186.0,11.0,3.2009857856604182
1952,O53646_MYCTU,O53646,Rv0195,setB,5hev,F,200.0,10000.0,0.9997218397355462,5.951062636424447e-11,0.220541217580421,1142.0,3.217848043813865,0.7933622419382523,126.0,4.0,4.3059360190323295
1953,P95221_MYCTU,P95221,Rv0264c,setB,3mml,B,202.0,10000.0,0.997514974376439,7.647641576661814e-06,0.0411352683600668,2404.0,3.139483595814234,0.115536830076485,108.0,3.0,1.3406091898834644
1954,P96396_MYCTU,P96396,Rv0214,setB,3r44,A,484.0,10000.0,0.9996453621553716,2.747918458831609e-15,0.011378745642792,4895.0,5.213425106526266,0.1012227177239362,242.0,6.0,7.605776291740378
1955,I6YGD8_MYCTU,I6YGD8,Rv3523,setB,6hsj,B,366.0,10000.0,0.9753858806001022,2.958404332358044e-20,5.296616340240753e-05,7997.0,4.91035076103346,3.753313210799998e-05,148.0,3.0,1.3213466615540348
1956,O06412_MYCTU,O06412,Rv0546c,setB,6a4z,B,121.0,10000.0,0.9999999534092192,1.56816443903212e-08,0.3112903119482307,580.0,2.947645618852215,0.3112903119482307,50.0,3.0,3.83915446420172
1957,P71913_MYCTU,P71913,Rv2436,setB,3go6,A,287.0,10000.0,0.995095743591224,8.613979498678463e-09,0.1067579401482496,1936.0,3.236991223665905,0.0702281868358437,141.0,4.0,13.60283474133241
1958,O07229_MYCTU,O07229,Rv0302,setB,6a4w,A,197.0,10000.0,0.9999902991244216,3.3755811812592274e-08,0.1715007892362537,1123.0,4.415532746467853,0.1364618166717333,92.0,6.0,1.330123678460012
1959,O06633_MYCTU,O06633,Rv0801,setB,1npb,E,106.0,10000.0,0.999999531010255,3.98429396868869e-06,0.0940600390550003,1808.0,2.860549907544156,0.2397540930211584,44.0,3.0,9.211033872481416
1960,O53740_MYCTU,O53740,Rv0455c,setB,4kpo,A,138.0,10000.0,0.9995144104153996,1.3300473484236965e-06,0.1913535724092009,1034.0,3.543834339918271,0.4779129515663142,49.0,3.0,1.3635145763797318
1961,P71890_MYCTU,P71890,Rv2322c,setB,3ruy,B,208.0,10000.0,0.9998110436935458,3.8720591392279466e-11,0.2919132507485419,692.0,3.346325918717325,0.0990842682325441,98.0,4.0,1.3292960543084449
1962,P71540_MYCTU,P71540,Rv0971c,setB,4knp,A,249.0,10000.0,0.96882223798433,6.807559252221964e-29,4.2435326098960144e-08,9214.0,7.953070196687463,0.0043913962077761,140.0,18.0,1.3288622953489215
1963,O07169_MYCTU,O07169,Rv0119,setB,5ie3,A,498.0,10000.0,0.6634631383802105,1.2073365150524438e-36,2.951046199985173e-12,9902.0,4.061658310934927,9.575954403016702e-17,243.0,6.0,1.325315056882701
1964,O50433_MYCTU,O50433,Rv1177,setB,2v2k,B,103.0,10000.0,0.9952486432790446,1.7906214236786628e-10,0.0179707436265881,3868.0,3.031084294672892,0.0599270288139473,26.0,2.0,2.974787051202151
1965,O06137_MYCTU,O06137,Rv1620c,setB,4a82,B,546.0,10000.0,0.997842868174022,3.195626810416285e-23,0.0920175664925387,2284.0,4.741310345174781,0.4247383682680233,174.0,4.0,2.915293810235942
1966,P96404_MYCTU,P96404,Rv0222,setB,6ldz,A,250.0,10000.0,0.9885513147454724,7.1376641118784e-11,0.0061357028326386,5559.0,2.797944803161604,6.575145345880697e-06,115.0,3.0,1.3413161446877484
1967,O07743_MYCTU,O07743,Rv1889c,setB,6id6,A,112.0,10000.0,0.999901384413231,2.106765291414777e-07,0.3469368910624262,494.0,2.240620235140861,0.9391625403024352,56.0,3.0,1.3270440836686586
1968,Q79FJ0_MYCTU,Q79FJ0,Rv1888A,setB,6id6,A,55.0,10000.0,0.9999988196208546,0.0002557347171187,0.6102226105623011,26.0,2.7715986789560456,0.6102226105623011,27.0,3.0,1.3107021019285816
1969,O06571_MYCTU,O06571,Rv1119c,setB,4wp9,A,45.0,10000.0,0.9999810306200428,0.0029827477142674,0.2179188311715655,4.0,2.659887100091664,0.9952055512657132,23.0,2.0,2.896758360650748
1970,Q6MX20_MYCTU,Q6MX20,Rv2998A,setB,4biv,B,63.0,10000.0,0.98988038692674,3.4599807982888656e-05,0.0339779656666002,934.0,3.6489433687446287,0.0339779656666002,35.0,6.0,3.2972715993681705
1972,O53667_MYCTU,O53667,Rv0245,setB,3nfw,A,154.0,10000.0,0.9998308584878958,5.20181851099547e-07,0.1490462104368159,857.0,2.8692006864281985,0.0174293766972886,88.0,4.0,1.3347063347418442
1973,P96935_MYCTU,P96935,Rv0646c,setB,1q0z,A,272.0,10000.0,0.9999916240643748,2.936113459688329e-10,0.0583600740039227,3286.0,3.907249670926705,0.3928079407379395,121.0,5.0,1.3238054993087172
1974,O50434_MYCTU,O50434,Rv1178,setB,2x5d,A,340.0,10000.0,0.9943405474631752,3.022355055105738e-18,4.8451958909109046e-05,8226.0,4.855004344478819,0.0001918481441057,139.0,5.0,3.2744161311598763
1975,I6XWJ8_MYCTU,I6XWJ8,Rv0914c,setB,6hsp,B,374.0,10000.0,0.9999189347577156,2.012244321928412e-17,0.0909016619472873,2530.0,3.189886495315901,0.0112389621466733,186.0,4.0,1.3284645271891802
1976,O33317_MYCTU,O33317,Rv2775,setB,2cy2,A,139.0,10000.0,0.9999926904375468,1.7753800169019715e-05,0.0613645694256078,1750.0,3.884403032119448,0.3166862319021122,72.0,4.0,3.3856619736766436
1977,O53388_MYCTU,O53388,Rv3338,setB,4uhh,A,194.0,10000.0,0.7778015151717944,2.659990904432922e-06,0.0002143131043906,9142.0,4.240121332684892,0.0024573960035795,69.0,5.0,3.7982190563473304
1978,I6Y498_MYCTU,I6Y498,Rv3680,setB,6bs5,B,355.0,10000.0,0.9989883733883675,1.4742988122645408e-21,0.0009678878483198,6690.0,3.394824231823882,0.0001489338424147,147.0,5.0,1.3325805791771126
1979,I6XWA1_MYCTU,I6XWA1,Rv0777,setB,5nx8,D,455.0,10000.0,0.9659829807062312,2.6413280782321887e-40,1.6426418601303254e-16,9832.0,7.00155727772658,3.0851046708077466e-11,77.0,5.0,15.8268313948181
1980,I6XZC4_MYCTU,I6XZC4,Rv1941,setB,3gvc,A,245.0,10000.0,0.9994841186298672,8.624116901658909e-14,0.1905839971065536,1297.0,4.962007914300843,0.6740855313919877,100.0,5.0,3.9544037477222784
1981,I6X9Y7_MYCTU,I6X9Y7,Rv0854,setB,5z8o,B,137.0,10000.0,0.99948143235235,1.6629107738205738e-08,0.1881059370895291,1472.0,3.064318261959075,0.1079146550897085,64.0,3.0,4.4628550278941335
1982,I6X9J0_MYCTU,I6X9J0,Rv0672,setB,3u33,K,514.0,10000.0,0.9998021897205128,1.0823274265073775e-24,0.0018001561974919,6119.0,3.3133030371278296,0.8744087977874963,258.0,5.0,4.733318286361059
1983,P71977_MYCTU,P71977,Rv1719,setB,2xro,E,236.0,10000.0,0.9992820398398954,1.1393251785515e-13,4.735440657035552e-05,8379.0,4.223453876514512,0.0148200694460589,102.0,3.0,6.6497737555498775
1984,I6Y8Y0_MYCTU,I6Y8Y0,Rv0855,setB,2g04,F,353.0,10000.0,0.9955802802788428,1.452079980385821e-17,3.5805496871649545e-05,8265.0,5.295028625117049,5.656449812994715e-06,164.0,6.0,6.075173330860613
1985,P96381_MYCTU,P96381,Rv1019,setB,6o6o,A,185.0,10000.0,0.999426923192956,1.9570257568902425e-08,0.0516590335608774,2939.0,3.934237644123994,0.2301935460288021,41.0,2.0,14.349350577639395
1986,I6Y4U9_MYCTU,I6Y4U9,Rv0799c,setB,4gu7,D,307.0,10000.0,0.996909802992508,5.87679608610113e-21,8.126442506823824e-07,8999.0,4.1137904211839205,0.0462400941867858,70.0,2.0,20.914610156538895
1987,O53369_MYCTU,O53369,Rv3317,setB,6lum,D,142.0,10000.0,0.999994532889456,1.5685774450988012e-08,0.1575233866145113,1177.0,4.726484482572021,0.0034474635848989,53.0,6.0,1.3281042880737972
1988,O07721_MYCTU,O07721,Rv1912c,setB,4dup,A,317.0,10000.0,0.9995725470759128,1.135744312805513e-21,0.0790569045192624,2678.0,3.776912307906931,0.0076040679738171,164.0,5.0,1.3356365523599558
1989,I6Y0X0_MYCTU,I6Y0X0,Rv2505c,setB,5bsu,A,500.0,10000.0,0.9987737375181008,5.833972860643141e-16,0.0109689662982231,4929.0,4.020585508813334,0.0109689662982231,235.0,4.0,3.10716639399952
1990,O86347_MYCTU,O86347,Rv2776c,setB,6laa,A,302.0,10000.0,0.9999372870055644,6.126589858661324e-11,0.2132057750238963,1451.0,4.194027869131369,0.3999759245037743,145.0,4.0,18.95282242833505
1991,O86348_MYCTU,O86348,Rv1190,setB,1cqw,A,268.0,10000.0,0.9999898131662294,2.134719975985307e-14,0.0120125386710393,4828.0,2.8801748351318603,0.2774572500947719,111.0,3.0,7.348166029697481
1992,I6WZ26_MYCTU,I6WZ26,Rv0674,setB,3kfw,X,232.0,10000.0,0.9999410169903694,2.0464907290888307e-11,0.068076384987738,2471.0,3.4030710931032604,0.982772229513057,93.0,6.0,3.231764378787537
1993,L0T8G4_MYCTU,L0T8G4,Rv1503c,setB,4zah,H,164.0,10000.0,0.998432378246081,2.954854165631128e-12,0.0166377673638567,4473.0,2.7645404960342685,0.000710621641488,93.0,4.0,3.3756095745805808
1994,O33260_MYCTU,O33260,Rv2125,setB,2wam,A,269.0,10000.0,0.998287915095947,9.860562160478461e-14,0.0209594115443305,4461.0,3.404462168192881,0.1958899523608853,93.0,5.0,3.114897269574071
1995,P96261_MYCTU,P96261,Rv0415,setB,6j38,A,323.0,10000.0,0.9999712889488288,3.308538890232645e-15,0.0686278788416539,2961.0,3.5978292309842166,0.0001660415646511,106.0,5.0,5.720052185076637
1996,L7N6B9_MYCTU,L7N6B9,Rv0522,setB,3ncy,D,393.0,10000.0,0.999953554506426,7.49933777701198e-24,0.0416471027563344,3461.0,8.144601802689353,0.2024520670205288,170.0,15.0,3.362576541879755
1997,O33282_MYCTU,O33282,Rv2739c,setB,6j32,B,356.0,10000.0,0.995825809896318,5.726134046299078e-16,0.0001098613552894,7980.0,3.988398996442768,1.9233622980756717e-05,82.0,3.0,4.166759052309124
1998,I6YCB9_MYCTU,I6YCB9,Rv3525c,setB,1v3w,A,170.0,10000.0,0.9999414021028782,1.4551019250274676e-08,0.2970488674010539,805.0,3.805052157475903,0.0273085878082836,96.0,5.0,1.322682879604938
1999,I6WY86_MYCTU,I6WY86,Rv0371c,setB,2yes,B,186.0,10000.0,0.981921870389936,1.8235261498145865e-12,0.0056458286959511,5619.0,4.00515433639035,0.0216104938387905,105.0,8.0,1.3308598724133205
2000,O53620_MYCTU,O53620,Rv0075,setB,6qp3,D,373.0,10000.0,0.9906076555213296,2.977034655682985e-19,0.0001249882859064,8234.0,3.9351896391806105,0.0005899705138541,208.0,4.0,12.989367998482452
2001,O05316_MYCTU,O05316,Rv1215c,setB,3iii,A,514.0,10000.0,0.8744087977874963,5.816878597789138e-31,1.1036182828318688e-11,9803.0,5.293840217206242,3.435211294013414e-05,300.0,6.0,1.3418874766536868
2002,O86342_MYCTU,O86342,Rv0273c,setB,5f04,A,188.0,10000.0,0.9958725309779852,2.650863049495683e-08,0.0307634323590516,3438.0,3.2525586550784853,0.0019801461021637,117.0,6.0,1.3358839769980024
2003,O53314_MYCTU,O53314,Rv3164c,setB,2r44,A,306.0,10000.0,0.989234180043361,5.944360655901279e-19,0.0002824954539219,7190.0,4.872492823093607,0.0456729608994323,76.0,5.0,11.58858692852584
2004,L7N6A5_MYCTU,L7N6A5,Rv3264c,setB,5l6v,B,330.0,10000.0,0.9604141649677588,7.977869100688858e-22,2.71677038075691e-07,9101.0,4.005966870071246,1.0473584453959953e-08,83.0,3.0,18.26929462239853
2005,I6Y8F2_MYCTU,I6Y8F2,Rv0673,setB,3njd,B,291.0,10000.0,0.9660482433577076,2.0457225474949728e-14,0.0081230078251538,5176.0,4.2664913966279405,3.388669352185237e-06,117.0,4.0,1.3298379600537813
2006,O53612_MYCTU,O53612,Rv0067c,setB,2q24,B,171.0,10000.0,0.9988781909888858,1.629903673232261e-08,0.0144903874399228,4474.0,3.211744684552105,0.0202662655645656,86.0,3.0,3.1537120984642817
2007,O53728_MYCTU,O53728,Rv0443,setB,3cex,A,161.0,10000.0,0.999999135386772,1.120946648483937e-09,0.1668712240031316,1129.0,2.702593407148247,0.5781591344517654,77.0,4.0,9.004251495821295
2008,O07756_MYCTU,O07756,Rv1873,setB,2jek,A,138.0,10000.0,0.9995144104153996,1.914196855454483e-08,0.0598274696217178,2358.0,3.1690879070459417,0.774971346521209,65.0,3.0,1.334613801816836
2009,I6XF92_MYCTU,I6XF92,Rv2765,setB,3f67,A,226.0,10000.0,0.9999210461494612,2.184322468844504e-08,0.1004493621590454,2249.0,3.059240823196168,0.8498737303854185,99.0,5.0,6.42644046109509
2010,I6Y3V5_MYCTU,I6Y3V5,Rv3560c,setB,2pg0,B,360.0,10000.0,0.99987790020692,1.6368810246533137e-15,0.0545915941844985,3129.0,3.665728118185026,0.8177297405097296,130.0,4.0,3.368650916910208
2011,I6YCN3_MYCTU,I6YCN3,Rv3641c,setB,2vza,B,189.0,10000.0,0.9999834529744304,2.6231415177990886e-10,0.094922114740692,2415.0,3.464422057671025,0.0731915036298502,93.0,5.0,3.124184053477
2012,P96831_MYCTU,P96831,Rv0154c,setB,2wbi,B,387.0,10000.0,0.9995220040258564,9.23848164911582e-12,0.0581246709532709,3096.0,3.1702542891373646,0.0167676317562421,149.0,3.0,11.484113984108658
2013,P95224_MYCTU,P95224,Rv0267,setB,4u4v,A,417.0,10000.0,0.9953376369189948,9.558733924157449e-18,5.633032834451752e-05,7966.0,3.542767259403188,0.5505161406987878,196.0,4.0,1.3305807002959258
2014,P95208_MYCTU,P95208,Rv0400c,setB,5ol2,C,364.0,10000.0,0.9747240405259932,1.6601306369532174e-18,3.926652540630216e-06,8701.0,5.967729177859519,2.542223919032286e-09,178.0,6.0,3.045819594132257
2015,O07411_MYCTU,O07411,Rv0166,setB,1ult,A,505.0,10000.0,0.9902621643544776,4.7451259962974037e-20,0.025144853630228,3834.0,3.8351642885322335,0.0049771984193332,237.0,5.0,1.325117353293661
2016,O33336_MYCTU,O33336,Rv2794c,setB,4qjk,A,225.0,10000.0,0.7776223313772965,5.841692082789943e-20,2.0091524314025133e-08,9809.0,2.953659992907557,6.33287037682701e-08,86.0,4.0,6.889463041485881
2017,O53483_MYCTU,O53483,Rv2039c,setB,7cag,B,266.0,10000.0,0.9999887662657446,8.056774821448189e-18,0.0332512403355174,3752.0,3.6010451786925857,4.929041782815855e-05,94.0,4.0,3.195013771488326
2018,P96816_MYCTU,P96816,Rv0139,setB,3wj7,A,323.0,10000.0,0.9978677056911726,4.341372685064748e-16,0.12329857790878,1893.0,5.0240883284903655,0.0287831148604822,183.0,7.0,1.3290549273826109
2019,P71672_MYCTU,P71672,Rv1404,setB,2nyx,D,147.0,10000.0,0.9999966323837028,2.466701494190288e-07,0.2799478952553812,562.0,4.450623566416761,0.5190177492383604,46.0,4.0,2.7796739017373993
2020,O53325_MYCTU,O53325,Rv3175,setB,4wj3,J,455.0,10000.0,0.9974651987122696,2.802188031712342e-17,0.0009391688661837,6484.0,3.3992684140103893,0.1354492990816451,223.0,5.0,1.3279280854022262
2021,O07252_MYCTU,O07252,Rv0328,setB,3c07,A,181.0,10000.0,0.9999718005544784,1.64762212091112e-07,0.0261553487447128,4084.0,3.64271932263378,0.2720134445833529,54.0,3.0,2.973087620639525
2022,P71990_MYCTU,P71990,Rv1732c,setB,2ywi,B,180.0,10000.0,0.9944910230589268,8.006998833677036e-11,0.004634876207259,6039.0,3.1718333231477573,0.0094908604974255,90.0,3.0,7.159074591034791
2023,O05898_MYCTU,O05898,Rv3255c,setB,5zvx,A,380.0,10000.0,0.997360883579504,2.7691933604026597e-11,0.0122003244857035,4868.0,3.9961071870371168,0.0660047136937542,87.0,3.0,6.32107024166003
2024,I6Y8D3_MYCTU,I6Y8D3,Rv0650,setB,3vgl,A,277.0,10000.0,0.9814584034685108,5.305271465370094e-21,2.1054063576668383e-08,9352.0,4.241702023486615,2.4963998398279166e-10,67.0,5.0,1.332373446147887
2025,O69689_MYCTU,O69689,Rv3722c,setB,5c6u,A,426.0,10000.0,0.9989098481224408,9.657096995120457e-19,0.0089114104904217,5008.0,4.339956709401163,0.0044273976709822,144.0,5.0,8.259360023633791
2026,I6Y4K0_MYCTU,I6Y4K0,Rv0729,setB,2itm,B,428.0,10000.0,0.9960901053272826,4.804376197317191e-10,0.0141996777059225,4664.0,5.584128585053198,0.1827649612921416,219.0,5.0,9.989260332977612
2027,Q79FJ2_MYCTU,Q79FJ2,Rv1844c,setB,2w8z,B,460.0,10000.0,0.9976611546750648,4.435993900240576e-25,0.0021684905262434,6048.0,9.097690135703704,0.0021684905262434,265.0,26.0,4.600555727300779
2028,I6X5Z8_MYCTU,I6X5Z8,Rv3000,setB,4yms,J,199.0,10000.0,0.9997080805809312,7.469338267494184e-07,0.1757848288410994,738.0,4.5963867488939885,0.0158678502874722,95.0,3.0,1.3232947517465636
2029,O53424_MYCTU,O53424,Rv1076,setB,3l1j,A,277.0,10000.0,0.8719735748892565,9.25286528604529e-22,2.4963998398279166e-10,9884.0,6.459418554620389,7.70892074325243e-15,191.0,7.0,1.3263140653706416
2030,O05295_MYCTU,O05295,Rv1193,setB,3nyr,A,441.0,10000.0,0.85668812819283,2.5040016831782616e-36,6.697066751348445e-13,9888.0,4.293296778743042,3.486213027809508e-09,142.0,5.0,3.5080377706062396
2031,I6Y204_MYCTU,I6Y204,Rv2911,setB,4p0m,A,263.0,10000.0,0.9759395613514452,2.5821736855892373e-15,6.53099328146329e-05,8276.0,4.044040330759355,1.323447941395971e-10,124.0,5.0,2.821245292419645
2032,I6XY36_MYCTU,I6XY36,Rv1498A,setB,3oqt,C,69.0,10000.0,0.9998673601623532,7.614308326194915e-06,0.1731862441392947,885.0,2.3745405831956505,0.048630954744682,49.0,4.0,1.3309492852847604
2033,O53157_MYCTU,O53157,Rv1466,setB,5ird,A,115.0,10000.0,0.9999260546649764,5.7403126634471484e-11,0.1622539691977319,1435.0,3.051847188715296,0.2161908570891507,25.0,3.0,1.3307963781134973
2034,O53419_MYCTU,O53419,Rv1071c,setB,4hdt,A,336.0,10000.0,0.993894072495738,6.287345944652856e-17,0.0003320900191629,7286.0,2.408433441620666,0.3104814560288482,101.0,3.0,3.144295310558471
2035,O06550_MYCTU,O06550,Rv1152,setB,6sbs,B,109.0,10000.0,0.9998685304465402,3.7622884303260606e-11,0.2541035178376967,1056.0,2.871437807696766,0.525558691909033,41.0,3.0,8.646131273581265
2036,O53816_MYCTU,O53816,Rv0753c,setB,4e4g,G,480.0,10000.0,0.9999468542389364,5.3312719325151794e-20,0.0164100088874155,4544.0,2.6741328005508804,0.0045694220925788,216.0,5.0,7.9031174861569635
2037,I6WZD7_MYCTU,I6WZD7,Rv0760c,setB,2z7a,D,126.0,10000.0,0.999974340683472,5.159419448560812e-06,0.2623397946920008,579.0,3.7887456277856346,0.1139970999121997,55.0,5.0,1.3536860788232958
2038,P96407_MYCTU,P96407,Rv0225,setB,6kih,F,357.0,10000.0,0.9115607567395636,8.064772795143775e-24,1.824042128996024e-08,9447.0,3.90405397025094,1.987228535402029e-05,80.0,4.0,2.9293122059623435
2039,I6Y9I3_MYCTU,I6Y9I3,Rv2509,setB,4bmv,I,242.0,10000.0,0.986266487093183,1.1484868955235415e-10,0.0036745296020895,6096.0,3.6475414834821382,0.0618384705771199,75.0,3.0,8.002830061921843
2040,I6Y9E8_MYCTU,I6Y9E8,Rv2475c,setB,1njk,A,126.0,10000.0,0.998933644820766,1.5467148449275744e-08,0.0204882027150478,3901.0,4.967335239681605,0.2623397946920008,58.0,8.0,4.388148014823565
2041,I6WYY7_MYCTU,I6WYY7,Rv0636,setB,4rlw,B,142.0,10000.0,0.999994532889456,3.290602683739876e-08,0.0660737938737914,2268.0,2.711557667490431,0.0660737938737914,55.0,3.0,15.251443079263025
2042,O33221_MYCTU,O33221,Rv1225c,setB,1zjj,B,255.0,10000.0,0.9996429681254012,3.958138774517117e-10,0.0278475387480555,4038.0,4.586614575257868,0.0006933531434509,122.0,4.0,1.3261485587972397
2043,O53484_MYCTU,O53484,Rv2040c,setB,7caf,A,274.0,10000.0,0.998517361250482,2.181762237099904e-19,0.0227843891924203,4171.0,4.160967604254062,0.867756783181376,81.0,4.0,3.394468736046933
2044,O07752_MYCTU,O07752,Rv1878,setB,4s0r,I,411.0,10000.0,0.9948685738749508,2.0359205593563756e-26,2.1435395223145604e-06,8838.0,5.659178365619061,0.0001246394495634,160.0,6.0,3.095729962383671
2045,O05856_MYCTU,O05856,Rv3210c,setB,3ez0,A,209.0,10000.0,0.9998199692765078,9.60461927254498e-15,0.0013474963623911,6457.0,4.485047723213372,0.0001809934795235,49.0,3.0,3.4068657149937684
2046,O69652_MYCTU,O69652,Rv3684,setB,6xwl,A,312.0,10000.0,0.9126306966280816,4.4486083269991716e-29,2.3625410745310727e-10,9843.0,3.504406025621003,6.2873333140870145e-18,97.0,4.0,3.674895780835152
2047,O07230_MYCTU,O07230,Rv0303,setB,6l1h,A,274.0,10000.0,0.998517361250482,1.6954508594049688e-11,0.0928825124716707,1919.0,5.150563009593847,0.6682430379518629,151.0,7.0,3.894126217779793
2048,I6Y8B5_MYCTU,I6Y8B5,Rv0632c,setB,4hc8,A,228.0,10000.0,0.9944686232968668,2.7671279042184964e-19,3.241850332426235e-05,8308.0,6.09836472795496,0.0012266023140457,94.0,10.0,9.79939166479226
2049,I6Y778_MYCTU,I6Y778,Rv0242c,setB,4fw8,D,409.0,10000.0,0.3807058200926619,3.007764674807816e-27,5.052881515058138e-12,9964.0,2.5826543376693896,0.0002187794636853,183.0,4.0,1.3345632244296224
2050,O05892_MYCTU,O05892,Rv3249c,setB,5d1w,E,193.0,10000.0,0.9996100997352126,7.936692947750085e-08,0.1011260507818792,2093.0,3.256750641631291,0.3075735826411611,57.0,2.0,1.338708706179207
2051,O53327_MYCTU,O53327,Rv3177,setB,4pw0,A,271.0,10000.0,0.9998021777963804,4.8636209545321e-07,0.1992701318119487,898.0,2.8395504168365338,0.1108240707877323,129.0,3.0,1.344769868787959
2052,O53407_MYCTU,O53407,Rv1059,setB,6g1h,A,319.0,10000.0,0.9999666762577792,2.1262571578577024e-15,0.080677180497976,2780.0,3.4230712261242897,0.0002917888952967,166.0,4.0,1.30960452045646
2053,P96394_MYCTU,P96394,Rv0212c,setB,1lw7,A,309.0,10000.0,0.9994608383532518,9.171999956574569e-19,0.0473841656396259,3033.0,3.2949805940627908,2.128581829500033e-06,167.0,5.0,14.70518537795427
2054,O53519_MYCTU,O53519,Rv2185c,setB,5z8o,B,137.0,10000.0,0.999991129978678,7.385005430927883e-08,0.3853839177407011,204.0,3.0351889244776835,0.1435533164269804,58.0,3.0,1.334565097700369
2055,P71538_MYCTU,P71538,Rv0973c,setB,3u9s,A,602.0,10000.0,0.9999646363559362,1.5306192382753978e-39,0.0009137835060233,6453.0,3.059958742014982,1.1268902825015445e-13,344.0,4.0,10.574328678455196
2056,O86353_MYCTU,O86353,Rv2054,setB,3f67,A,215.0,10000.0,0.9998653657615846,2.7778266358615033e-08,0.1708658482624735,1343.0,5.227236693155666,0.9419058145801068,113.0,8.0,16.57115213254649
2057,P96826_MYCTU,P96826,Rv0149,setB,4eye,A,307.0,10000.0,0.996909802992508,4.1092278384920834e-09,0.0180463826586946,4180.0,3.570023934095633,0.0292707405905831,168.0,4.0,1.3376565328962438
2058,P71718_MYCTU,P71718,Rv2382c,setB,4mz0,B,428.0,10000.0,0.4589794543680174,3.7632701546387106e-39,2.243576059119367e-18,9967.0,3.249257477801438,1.8705266852072468e-29,73.0,3.0,1.3334830332628913
2059,O06817_MYCTU,O06817,Rv1442,setB,1eu1,A,747.0,10000.0,0.9994407767015658,1.0541437993282314e-28,0.0348277989030496,3949.0,4.176385478788051,0.1884752139688514,390.0,7.0,8.482836553889271
2060,O86319_MYCTU,O86319,Rv0975c,setB,5ol2,F,368.0,10000.0,0.999903370962814,2.2417320595406204e-14,0.0864286930978114,2554.0,3.726421514994388,0.0009527634238418,168.0,3.0,3.3856309603971906
2061,O86318_MYCTU,O86318,Rv0974c,setB,3u9s,L,526.0,10000.0,0.9991954530635152,2.714008479905339e-14,0.0207800374014118,4199.0,3.639033814559492,3.310489516262847e-05,263.0,4.0,5.7555209147391695
2062,L7N6B1_MYCTU,L7N6B1,Rv1322A,setB,6bu2,B,145.0,10000.0,0.9961310638258558,4.838162527198104e-08,0.2142709517099285,991.0,3.959596632283032,0.2725165290295172,69.0,3.0,1.336540309904643
2063,O06144_MYCTU,O06144,Rv1627c,setB,6hsj,B,370.0,10000.0,0.996804533086404,6.566866555891155e-16,0.0004082579087469,7428.0,3.76913955358897,0.0050662356831928,98.0,3.0,10.510151378548269
2064,P71616_MYCTU,P71616,Rv2836c,setB,6fv6,A,398.0,10000.0,0.9996308993493004,8.074857518396849e-13,0.0920948466022566,2195.0,5.472954121305043,0.0770316377876993,181.0,6.0,1.332850704317629
2065,O06542_MYCTU,O06542,Rv1142c,setB,5zai,C,256.0,10000.0,0.9975131965823584,4.3297655309835245e-10,0.0935205969564876,1573.0,2.773751790697427,0.1426726064459042,133.0,4.0,3.5267465176845376
2066,I6Y1A7_MYCTU,I6Y1A7,Rv2640c,setB,6j0e,B,110.0,10000.0,0.980063554897897,5.321891225416413e-09,0.0041601961923402,5928.0,4.28689140242774,4.820854163395855e-05,41.0,3.0,1.3569476776943163
2067,O50423_MYCTU,O50423,Rv1167c,setB,2zb9,A,181.0,10000.0,0.9999718005544784,9.192503812380612e-11,0.107588829853078,1989.0,3.331077942914104,0.0354964439358113,43.0,3.0,2.944454108998814
2068,O53479_MYCTU,O53479,Rv2035,setB,5z36,A,149.0,10000.0,0.9997646809801688,3.902808114199813e-08,0.0776040084927976,2222.0,2.9165101104293307,0.021244660661027,76.0,4.0,14.23491264462132
2069,O53498_MYCTU,O53498,Rv2062c,setB,7c6o,A,1172.0,10000.0,0.9918452139156848,1.3652938643247086e-34,0.0003295253870133,7384.0,4.227688804897045,2.0658803961369216e-06,657.0,5.0,3.667132121972155
2070,I6Y8H4_MYCTU,I6Y8H4,Rv0697,setB,3ljp,A,468.0,10000.0,0.9850492890361916,1.6556255372206128e-27,3.683825552895098e-07,9036.0,4.160988386813165,0.0384246548875995,157.0,5.0,1.3292937974729255
2071,O05853_MYCTU,O05853,Rv3213c,setB,5ihp,B,244.0,10000.0,0.9868765887160624,1.819931428358457e-21,1.1387890546672831e-06,9297.0,5.179482377113764,4.7967485325241165e-06,70.0,3.0,13.58622272745446
2072,O69719_MYCTU,O69719,Rv3752c,setB,6vpc,F,145.0,10000.0,0.9961310638258558,6.9796014605377276e-12,0.0016574291564002,6396.0,2.744480034331648,2.905700570087783e-05,50.0,3.0,1.3370818972673275
2073,I6XFA9_MYCTU,I6XFA9,Rv2789c,setB,5ol2,F,372.0,10000.0,0.9993204082929452,1.1689507266342376e-16,0.0613286187272956,3237.0,3.206940122934873,0.0052323936740102,181.0,4.0,3.1358958847512803
2074,L0T6V0_MYCTU,L0T6V0,Rv1504c,setB,3bn1,C,186.0,10000.0,0.9999797890153532,4.0774266920177025e-11,0.2328738443830616,1051.0,3.002950141341424,0.0003516288331167,104.0,4.0,9.8576397783648
2075,O53622_MYCTU,O53622,Rv0077c,setB,5w15,C,255.0,10000.0,0.9974408869187624,7.216496108235624e-10,0.1146823484510564,1844.0,3.974895558229929,0.006877285459444,162.0,4.0,3.061970280717954
2076,P95198_MYCTU,P95198,Rv0390,setB,2fsx,A,132.0,10000.0,0.9992800384072408,7.954354534598326e-08,0.1298952790210848,1404.0,3.4156793196718893,0.845131209882215,33.0,3.0,9.155404251042112
2077,I6XHH5_MYCTU,I6XHH5,Rv3536c,setB,2eb5,E,256.0,10000.0,0.9900151940334372,8.168783185402709e-18,2.121586707815838e-05,8531.0,3.9153413785103295,0.028318091956354,111.0,5.0,1.3347261891489202
2078,O33189_MYCTU,O33189,Rv1687c,setB,1vpl,A,230.0,10000.0,0.9999989366124866,4.691476358887578e-13,0.009638486651414,5150.0,4.239413649900972,0.0398549876581086,124.0,6.0,12.99352723474269
2079,O53533_MYCTU,O53533,Rv2259,setB,1m6h,B,354.0,10000.0,0.9998545042334968,3.887379527479758e-14,0.0172599131389941,4400.0,3.041293603118959,6.112947276669634e-08,149.0,3.0,3.990411632902049
2080,I6YFP0_MYCTU,I6YFP0,Rv3279c,setB,4xu2,B,258.0,10000.0,0.999680340280843,5.2130412609410223e-14,0.0003707388792896,7428.0,3.455434831885144,0.0001186603569551,87.0,3.0,1.3418572949460768
2081,O53406_MYCTU,O53406,Rv1058,setB,6ijb,A,526.0,10000.0,0.9991954530635152,4.531185781272154e-21,0.0016779640818216,6370.0,5.5936494064643325,4.418879576031543e-05,237.0,6.0,9.749994564101048
2082,I6Y1P2_MYCTU,I6Y1P2,Rv2778c,setB,2m47,A,144.0,10000.0,0.999672794939158,8.705240827771914e-08,0.2687977875504966,314.0,3.479256459064436,0.1631868879485174,64.0,3.0,1.3373167164138804
2083,P71892_MYCTU,P71892,Rv2320c,setB,6f34,A,455.0,10000.0,0.9999925128748052,1.6426418601303254e-16,0.0081772415615446,5114.0,4.299713227436922,4.964852173494015e-07,204.0,4.0,6.329043687635598
2084,L7N690_MYCTU,L7N690,Rv3306c,setB,3ram,A,380.0,10000.0,0.9999320004720256,1.145899766242455e-23,0.1138754065146993,2401.0,3.390161233387221,0.0954532893835821,172.0,4.0,1.328354244921137
2085,O69712_MYCTU,O69712,Rv3745c,setB,4ioh,A,64.0,10000.0,0.9997180010908584,4.143883435611462e-05,0.5550743827707426,43.0,2.199094521105581,0.7035732508935619,29.0,3.0,14.50975099717428
2086,I6X7Z8_MYCTU,I6X7Z8,Rv3650,setB,4kxr,A,85.0,10000.0,0.9999883184122742,2.026375841463448e-05,0.3669606083692855,211.0,1.7478326075747803,0.3669606083692855,41.0,3.0,2.8367174691886445
2087,Q50616_MYCTU,Q50616,Rv1817,setB,4at0,A,467.0,10000.0,0.9979105153572732,5.928234776172848e-14,0.0214852758703241,4201.0,4.39603554857398,0.0649893331414125,196.0,5.0,1.3371869727154817
2088,O06359_MYCTU,O06359,Rv3649,setB,6znp,A,715.0,10000.0,0.9625648721397037,2.288909101987068e-22,0.0030910966338684,5946.0,2.931611770744239,0.0605801151641945,352.0,5.0,3.418112490834676
2089,O53872_MYCTU,O53872,Rv0860,setB,4b3h,A,717.0,10000.0,0.9878480400538514,4.859716243194867e-28,3.876103641430383e-06,8616.0,7.926781151365311,4.895598855577669e-09,320.0,18.0,1.3317394640093776
2090,I6YEU0_MYCTU,I6YEU0,Rv2967c,setB,4hnu,A,1033.0,10000.0,0.8723416388944177,8.593193164543585e-43,2.904308687477121e-14,9778.0,4.1438825553093785,5.303339778774621e-17,236.0,4.0,14.289869488557262
2091,O53666_MYCTU,O53666,Rv0244c,setB,6kse,A,607.0,10000.0,0.9525860003356076,9.643972010811132e-25,2.3970254341835452e-08,9256.0,3.940058031832612,2.8412967003402924e-10,406.0,6.0,1.3328469529544709
2092,P71625_MYCTU,P71625,Rv2827c,setB,1zel,A,290.0,10000.0,0.9999020992633798,7.196960889105972e-11,0.0177345948720589,4355.0,3.681397416028641,0.3217807194492402,95.0,3.0,1.3279789154952717
2093,O53371_MYCTU,O53371,Rv3319,setB,6lum,Q,238.0,10000.0,0.9993328451506238,1.3375073819842526e-19,1.0429698247221176e-06,9211.0,3.9641696235202186,4.728165091180424e-07,77.0,4.0,10.276059556074992
2094,L7N652_MYCTU,L7N652,Rv2317,setB,7cae,B,260.0,10000.0,0.9977827403372354,3.2712651715063544e-14,0.0003963137045712,7055.0,3.1513050742535924,0.0178885580357323,78.0,4.0,1.3322124455205948
2095,O53414_MYCTU,O53414,Rv1066,setB,2hhg,A,119.0,10000.0,0.9999496534079684,4.860206551265126e-09,0.1315023422622023,1574.0,3.151588657642631,0.2329310539455068,32.0,3.0,1.3309263691128828
2096,O53634_MYCTU,O53634,Rv0112,setB,2pk3,B,307.0,10000.0,0.9999984955747222,7.80416030190008e-13,0.2210942110701008,1005.0,3.858059305371381,0.2608546432531083,230.0,5.0,10.216853429505584
2097,I6YEB6_MYCTU,I6YEB6,Rv2766c,setB,3o4r,A,240.0,10000.0,0.9960699819604578,6.232794808130044e-10,0.0958917776677012,1794.0,4.331607609890321,0.5847340185755053,95.0,4.0,1.3391392758036786
2099,P71984_MYCTU,P71984,Rv1726,setB,3w8w,B,447.0,10000.0,0.9992733621867868,1.4238875882153462e-14,0.0557394486693329,2765.0,3.5577170148647377,0.0262495109434343,232.0,6.0,10.553804527278304
2100,O53708_MYCTU,O53708,Rv0373c,setB,1ffu,B,766.0,10000.0,0.9962317305793362,2.458380092955086e-33,1.083039993127702e-06,8200.0,7.115497436542871,1.0958526184400165e-07,468.0,9.0,1.329026711544954
2101,I6Y8S6_MYCTU,I6Y8S6,Rv0787A,setB,1t4a,B,75.0,10000.0,0.9999465310963416,0.0001031381780917,0.5204338436354516,54.0,2.722634062805768,0.7906561065069353,32.0,2.0,3.8568321197583906
2102,O33177_MYCTU,O33177,Rv1774,setB,6fyb,D,427.0,10000.0,0.9989306753913312,2.9767131045697103e-15,0.0389657607969546,3605.0,4.121007404459466,0.1334417393223923,268.0,4.0,1.324867917945029
2103,I6Y4U4_MYCTU,I6Y4U4,Rv0794c,setB,1dxl,A,451.0,10000.0,0.9993274783252069,3.2916777272237735e-14,0.02728016068057,4171.0,3.953526612258605,0.1129842753515789,201.0,4.0,1.3384132396236967
2104,I6Y8Y8_MYCTU,I6Y8Y8,Rv0865,setB,2g4r,B,151.0,10000.0,0.9997937838583114,8.943281418605655e-12,0.0810294995946246,2652.0,3.51172288484249,0.043941701389627,21.0,2.0,17.28333402442943
2105,P96399_MYCTU,P96399,Rv0217c,setB,2c7b,A,278.0,10000.0,0.9986787308830506,8.32574752241561e-11,0.0243051894898883,4013.0,4.9816043703715,0.0629970620086066,176.0,4.0,3.971757419581412
2106,O06149_MYCTU,O06149,Rv1632c,setB,2p12,A,143.0,10000.0,0.999650520371805,7.41354428023794e-13,0.1603501543197151,1772.0,2.836768465967652,0.7932140075024293,62.0,5.0,3.8029977649217734
2107,O07748_MYCTU,O07748,Rv1883c,setB,2m47,A,138.0,10000.0,0.9999919478157636,8.401436285937304e-08,0.3125384742122983,354.0,3.3465516024903423,0.9322829511088384,90.0,6.0,1.340027238529128
2108,I6XI14_MYCTU,I6XI14,Rv3713,setB,6fqb,E,212.0,10000.0,0.9982730123688364,1.77650000183375e-09,0.0285435704622131,3917.0,1.9994865758643368,0.049438707384898,76.0,3.0,1.331019534041481
2109,I6Y2G3_MYCTU,I6Y2G3,Rv3068c,setB,2fuv,A,539.0,10000.0,0.9993486219383932,4.850511353829072e-20,0.0193042657840122,4397.0,4.400560545976688,2.0488405754383367e-10,249.0,6.0,14.200280278924073
2110,O07430_MYCTU,O07430,Rv0186,setB,2x41,A,665.0,10000.0,0.9906910369360896,1.4812469890566153e-23,7.586078591824302e-06,8804.0,8.933086176164446,1.1910621443052812e-08,394.0,21.0,10.73913259998218
2111,O50443_MYCTU,O50443,Rv1187,setB,4ns3,C,541.0,10000.0,0.9976897399150024,2.577252876110087e-26,5.6763211620718585e-06,8249.0,3.572470745819384,1.6000860606384771e-06,215.0,4.0,1.3276287131574085
2112,O53661_MYCTU,O53661,Rv0238,setB,6o6n,A,188.0,10000.0,0.9958725309779852,3.7306314113220905e-09,0.0226827567193454,3434.0,3.4166742310819083,0.0041979567759265,54.0,4.0,25.441868052483883
2113,P95186_MYCTU,P95186,Rv3140,setB,5ol2,F,367.0,10000.0,0.9966160296429852,6.797143865959117e-14,0.0856910937625382,2282.0,3.945754879394967,0.2360137258236782,145.0,5.0,2.8628911959765464
2114,P71834_MYCTU,P71834,Rv0782,setB,4bp9,E,502.0,10000.0,0.9039725606751838,1.9796912884162578e-15,2.908211746013144e-06,9624.0,4.114008518285202,7.668236461609423e-06,198.0,3.0,4.407698832724408
2115,O53310_MYCTU,O53310,Rv3160c,setB,5e57,C,203.0,10000.0,0.9976036526992794,2.0572750104190184e-11,0.0920005772823746,2089.0,3.735414877516278,0.0127818511555046,66.0,6.0,4.497201907853371
2116,I6Y7N2_MYCTU,I6Y7N2,Rv0375c,setB,1ffu,C,269.0,10000.0,0.9925834207353248,3.889807151593041e-13,0.0704157701485715,2444.0,4.001466381086247,0.0443578218073623,104.0,4.0,1.3329148509938658
2117,I6Y6S3_MYCTU,I6Y6S3,Rv0052,setB,7la0,A,178.0,10000.0,0.9999998349552156,4.224669299136918e-07,0.3232952299768199,547.0,2.9921159804895345,0.2114902946467466,108.0,4.0,1.0411315959089882
2118,O53639_MYCTU,O53639,Rv0118c,setB,2q27,A,547.0,10000.0,0.9978722644255512,5.331739757188187e-20,0.0001954633102377,7515.0,3.420293912755173,0.0042421393390905,344.0,4.0,1.3251479162719904
2119,O33313_MYCTU,O33313,Rv2771c,setB,5wid,C,138.0,10000.0,0.9999919478157636,2.548090709611713e-06,0.3898890388244114,325.0,2.0851972198763944,0.1913535724092009,60.0,2.0,1.332785429092025
2120,O53675_MYCTU,O53675,Rv0253,setB,4aiv,A,112.0,10000.0,0.997345677490612,4.569603589829234e-07,0.0795632213523448,2425.0,2.941390289105521,0.5432523909746058,58.0,5.0,1.3299240579822609
2121,I6Y4E8_MYCTU,I6Y4E8,Rv0675,setB,4z0m,A,241.0,10000.0,0.996180562360091,2.2028796632565475e-13,0.021703037490115,4169.0,2.973729602242056,6.502623837668044e-06,117.0,3.0,4.350861294042824
2122,O53764_MYCTU,O53764,Rv0567,setB,4a6e,A,325.0,10000.0,0.9996612186691132,2.751535780246368e-16,0.0569935474892625,2996.0,2.246721884150358,0.0700695229014705,154.0,3.0,1.342052905067456
2123,I6X5K1_MYCTU,I6X5K1,Rv2860c,setB,4lnn,A,422.0,10000.0,0.9956959390927,9.594156574977766e-24,0.0002164801254435,7160.0,4.242848049372978,0.0001186962428931,169.0,4.0,3.5984588367799923
2124,O86374_MYCTU,O86374,Rv3257c,setB,1pcj,X,440.0,10000.0,0.6418699973501149,4.454315761851491e-40,8.372739365934902e-15,9908.0,4.653948232150692,8.371314168357454e-20,97.0,4.0,3.448553029895294
2125,O53966_MYCTU,O53966,Rv1965,setB,7cge,A,244.0,10000.0,0.9994648016756658,3.609413824297788e-14,0.100796439421796,2536.0,3.271909085234189,0.0388548225021404,127.0,3.0,3.4091366942379966
2126,O06536_MYCTU,O06536,Rv1136,setB,3r9t,C,110.0,10000.0,0.9998805416794077,1.2859799436990206e-10,0.0750100818485233,2116.0,4.125140720466292,0.0525085761900515,62.0,6.0,1.328494260431704
2127,P95100_MYCTU,P95100,Rv3058c,setB,5mym,A,195.0,10000.0,0.9996459380034004,1.4808871601769843e-11,0.047467896728433,3104.0,3.163525963207926,0.0007932852275742,63.0,3.0,8.639696406703184
2128,I6Y3U6_MYCTU,I6Y3U6,Rv3550,setB,5xzd,A,223.0,10000.0,0.9988441865005644,8.086802648908447e-13,0.1866148332360672,1269.0,3.5658166394356408,0.4626545708336164,82.0,3.0,1.336087946207135
2129,O05790_MYCTU,O05790,Rv3113,setB,2ah5,A,195.0,10000.0,0.9604931697212048,3.014812047339003e-13,0.0074173654302032,5021.0,3.345259772982397,0.0103752098417296,105.0,4.0,1.3314747462869874
2130,P95275_MYCTU,P95275,Rv1939,setB,3nfw,D,158.0,10000.0,0.9998701745931144,7.345444629526223e-10,0.027566313286318,3943.0,3.1215628596972804,0.03813671773802,74.0,4.0,1.3338538150786985
2131,Q79FE8_MYCTU,Q79FE8,Rv2385,setB,2yh2,D,283.0,10000.0,0.9988561390251552,1.736751235692668e-12,0.0425596287367702,3307.0,2.593978756333861,0.0204322015925924,163.0,4.0,1.3501859131245617
2132,I6X4J0_MYCTU,I6X4J0,Rv2522c,setB,4ruh,A,426.0,10000.0,0.9998091838958104,6.910899432048085e-13,0.0211903074358441,4052.0,4.833643242375348,0.0021074418016149,182.0,5.0,5.056423835083448
2133,O53772_MYCTU,O53772,Rv0575c,setB,5tul,A,366.0,10000.0,0.9895069196980338,4.391301290552214e-16,0.0016176292878881,6552.0,2.844793994751628,0.0312795790303179,188.0,4.0,1.33477900792603
2134,P71896_MYCTU,P71896,Rv2316,setB,7caf,A,275.0,10000.0,0.9935370831092856,1.2257611146616115e-14,0.0017220303403507,6303.0,3.910803682407349,6.092455819706767e-07,87.0,4.0,1.329019939654761
2135,O53466_MYCTU,O53466,Rv2020c,setB,5ffj,A,82.0,10000.0,0.998285879797864,0.0004798615840264,0.25518838094647,301.0,2.562001005595945,0.1836382758481103,22.0,2.0,10.971521954587706
2136,I6Y1Q2_MYCTU,I6Y1Q2,Rv2788,setB,5zr6,A,212.0,10000.0,0.9912942733653848,1.8864389595686615e-06,0.0158585343365601,4206.0,3.9938811252432447,0.4302174270086678,115.0,4.0,3.188377957520093
2137,I6XA42_MYCTU,I6XA42,Rv0919,setB,5fvj,B,154.0,10000.0,0.9998308584878958,1.833167881965169e-10,0.0174293766972886,4433.0,4.19821402420492,0.0010587999576111,61.0,4.0,13.28538614418113
2138,I6YGH7_MYCTU,I6YGH7,Rv3562,setB,5ol2,C,360.0,10000.0,0.9884629869979192,5.7907422373132244e-24,8.451489688689683e-09,9431.0,3.4738434384144647,0.0005954836060249,131.0,3.0,1.333592516475702
2139,O53240_MYCTU,O53240,Rv2991,setB,1rfe,A,160.0,10000.0,0.9998862734255916,5.004244645689732e-07,0.164300307874036,1244.0,2.569349741698576,0.0732256815085103,75.0,3.0,6.2781298967128745
2140,P96847_MYCTU,P96847,Rv3565,setB,5yhv,A,383.0,10000.0,0.997508240268341,1.4098859424239942e-17,0.0009723189442427,6574.0,3.017501548900207,3.382155928869014e-11,156.0,5.0,3.1873118768015107
2141,I6YFL7_MYCTU,I6YFL7,Rv3250c,setB,2kn9,A,60.0,10000.0,0.9999997074905672,0.0002549987990789,0.51301231282104,143.0,2.78114652856244,0.1197631478172673,27.0,3.0,7.724078326894408
2142,L7N677_MYCTU,L7N677,Rv0117,setB,4x6g,B,284.0,10000.0,0.9947449866261032,4.425398440069317e-15,0.0542695356596603,2885.0,3.7105024736005263,0.020765871647225,143.0,6.0,3.3196840211080336
2143,O06539_MYCTU,O06539,Rv1139c,setB,4a2n,B,157.0,10000.0,0.9978113874736056,2.4011614413299043e-06,0.0371819410468645,3019.0,3.383041912764507,0.0687246708555734,77.0,5.0,20.842234165271247
2144,O53158_MYCTU,O53158,Rv1467c,setB,6ijc,B,560.0,10000.0,0.9982201425950276,9.546463356737017e-28,0.0630077791214976,3099.0,3.835690670879489,0.2242004260706841,245.0,4.0,4.216092266542562
2145,I6X5H3_MYCTU,I6X5H3,Rv2832c,setB,7cag,C,344.0,10000.0,0.9986921685268696,5.774118487606753e-19,0.0693946043639118,3011.0,5.312558660284479,0.0024379181140918,167.0,8.0,1.3350958767069867
2146,P71784_MYCTU,P71784,Rv1505c,setB,4m99,B,201.0,10000.0,0.9974230459567276,3.285894240456253e-11,0.0031095980528453,6230.0,2.523567402999856,0.1800864780431879,126.0,3.0,17.852474618382743
2147,O53164_MYCTU,O53164,Rv1473,setB,4fin,A,496.0,10000.0,0.999719156031776,4.209536532994139e-24,0.0931493427514073,2685.0,4.659141331779908,0.0002303798791236,169.0,4.0,4.578650019383441
2148,L0TAD5_MYCTU,L0TAD5,Rv1703c,setB,4xue,B,188.0,10000.0,0.9995039376836444,1.6950458164111518e-07,0.1916537551212857,1321.0,3.725782103436904,0.5049548311145582,94.0,4.0,1.3371948249974632
2149,P95218_MYCTU,P95218,Rv0261c,setB,4u4t,A,423.0,10000.0,0.9533822366596832,3.1889764628643166e-17,3.1777646328424987e-06,9167.0,3.459231110767238,1.0398656581852777e-07,238.0,5.0,1.3291568756170202
2150,O53863_MYCTU,O53863,Rv0851c,setB,3tjr,B,262.0,10000.0,0.999999876589744,6.852076346029043e-13,0.1515667667036603,1639.0,3.0945070184320373,0.0185471183763077,108.0,5.0,1.335273005793197
2151,O53470_MYCTU,O53470,Rv2024c,setB,4xqk,A,454.0,10000.0,0.9993654201313212,1.8010876636127082e-24,0.0701200802680819,2806.0,4.5756793617983,0.0005428779072818,208.0,6.0,1.3292934213333047
2152,O53536_MYCTU,O53536,Rv2262c,setB,5n6h,A,308.0,10000.0,0.996980523748788,1.7638386147458873e-11,0.0582145989978189,2108.0,3.490576771107159,0.0296761627936363,139.0,5.0,2.8044409425052983
2153,O07248_MYCTU,O07248,Rv0322,setB,4a7p,A,427.0,10000.0,0.9989306753913312,1.6422624424443232e-14,0.0810034208276794,2523.0,5.330560204950747,0.8430929278212342,167.0,4.0,4.114911177656203
2155,O05572_MYCTU,O05572,Rv0989c,setB,5ze6,A,308.0,10000.0,0.9994449747231796,2.6095365550783408e-09,0.0296761627936363,3266.0,4.4203421475184665,0.0020467808969215,211.0,4.0,1.3264561809573636
2156,P96248_MYCTU,P96248,Rv3830c,setB,5h9t,H,189.0,10000.0,0.999527249828204,5.98044978569145e-07,0.1545657461510375,829.0,2.8530459664760848,0.8420717455291188,125.0,4.0,3.2408250492737136
2157,P71976_MYCTU,P71976,Rv1718,setB,2y7e,A,266.0,10000.0,0.9997620445915928,4.804961124336614e-08,0.1575612942800418,1132.0,3.068641563701872,0.8558631976802124,133.0,3.0,10.48865267801351
2158,O06406_MYCTU,O06406,Rv0540,setB,3cgx,A,203.0,10000.0,0.9278374613384076,8.011298361375761e-15,0.0001369501740106,8157.0,3.6720705036093455,4.897046742668287e-09,45.0,3.0,24.180621187223455
2159,I6YBQ3_MYCTU,I6YBQ3,Rv3291c,setB,2qz8,B,146.0,10000.0,0.9814367724551464,2.57322805018749e-10,0.0274881475644891,4060.0,7.265417595211608,0.0532500024248119,48.0,7.0,6.500442215726549
2160,O53561_MYCTU,O53561,Rv3516,setB,4f47,A,230.0,10000.0,0.2437568141603017,2.154674341949177e-15,3.516885551911392e-06,9872.0,4.624722074956099,5.331892461584735e-08,42.0,3.0,7.661317249664054
2161,I6X5C5_MYCTU,I6X5C5,Rv2781c,setB,3bw2,A,329.0,10000.0,0.9996984319142848,7.897530856178852e-10,0.0729887003618216,2832.0,4.735190198694152,0.2985612262700712,204.0,10.0,7.700859887051565
2162,I6XWG2_MYCTU,I6XWG2,Rv0868c,setB,6jbz,D,84.0,10000.0,0.9999863946735704,7.75497030428171e-05,0.5939882493667966,33.0,2.2615500576517524,0.934736021501828,54.0,4.0,3.930625649944294
2163,O05784_MYCTU,O05784,Rv3107c,setB,5ae1,A,479.0,10000.0,0.99461324938962,1.6042876342530569e-12,0.0045115903459876,5872.0,4.3779307876275535,0.0835356000849435,204.0,3.0,4.928011870927255
2164,O86327_MYCTU,O86327,Rv2420c,setB,4wcw,A,116.0,10000.0,0.9979530502361325,3.655465988818601e-12,0.0008088860667116,7582.0,4.685103169749745,0.0089726190782847,50.0,5.0,3.295093928858474
2165,L7N660_MYCTU,L7N660,Rv3893c,setB,5xfs,A,70.0,10000.0,0.9999999822132478,0.0001088604360339,0.6128393375484678,23.0,3.1272472417679724,0.3550886868062197,70.0,4.0,3.7218455099587393
2166,Q7ARS9_MYCTU,Q7ARS9,Rv0385,setB,3ozv,A,369.0,10000.0,0.8791970720067146,1.0868728272442718e-21,1.909884891640792e-07,9595.0,2.8419886282296263,0.0001556139343841,106.0,2.0,3.2472084934601906
2167,O53567_MYCTU,O53567,Rv3522,setB,6ok1,A,320.0,10000.0,0.9977138596495656,4.052545685904059e-08,0.0276579686934543,3502.0,4.707732311480719,0.0992514573896424,158.0,5.0,5.511640318453302
2168,Q79FW0_MYCTU,Q79FW0,Rv0812,setB,6q1r,D,281.0,10000.0,0.9998633482468068,9.997619511071197e-14,0.1228538549647195,2231.0,3.434734557161171,0.7534460716330533,94.0,5.0,6.382208786932622
2169,O33179_MYCTU,O33179,Rv1776c,setB,5d1w,F,170.0,10000.0,0.9999414021028782,8.865040862284727e-11,0.1903091251855811,1453.0,4.36814819926806,0.2392648082366586,96.0,7.0,4.941706284270644
2170,O53977_MYCTU,O53977,Rv1976c,setB,5mq8,A,124.0,10000.0,0.9999688862540644,4.16436827601249e-06,0.1947110126430933,1215.0,3.5670427183047035,0.4094426811176951,57.0,3.0,3.17501133856243
2171,O53676_MYCTU,O53676,Rv0254c,setB,1c9k,A,159.0,10000.0,0.9998784891367146,4.534901231849853e-07,0.0717127349372454,2584.0,3.766604374959112,0.6642105108850159,79.0,3.0,14.2494445505781
2172,P71968_MYCTU,P71968,Rv2671,setB,4xt5,A,245.0,10000.0,0.9965929230788884,4.130224660734236e-14,0.0039711929218498,5753.0,4.381749023682626,0.3296222936736409,90.0,6.0,3.9600053030267497
2173,I6XHJ3_MYCTU,I6XHJ3,Rv3556c,setB,4wyr,B,383.0,10000.0,0.3886184219196591,2.552923196188138e-34,2.2852220349630333e-15,9963.0,5.260172834334295,4.206501301394917e-15,100.0,4.0,36.96510724994586
2174,P71981_MYCTU,P71981,Rv1723,setB,4gb7,A,376.0,10000.0,0.9993812312286312,1.2421224411129198e-11,0.0636486869381531,3028.0,3.646133650231967,0.6627189034045252,158.0,5.0,5.869583460519156
2175,Q6MWX6_MYCTU,Q6MWX6,Rv3374,setB,2qq3,F,79.0,10000.0,0.9999708747063956,1.4732522992543564e-06,0.4302332141052571,286.0,2.454292362752477,0.9977262899591725,44.0,3.0,1.3283214972287405
2176,O05578_MYCTU,O05578,Rv0995,setB,6c32,A,200.0,10000.0,0.9973277498238406,6.865581733487208e-09,0.220541217580421,1242.0,4.80707300431812,0.1779335278829341,121.0,4.0,4.33924544131811
2177,P72043_MYCTU,P72043,Rv3777,setB,4dup,A,313.0,10000.0,0.9758736444805072,5.35575929840317e-16,0.0001742830498637,7986.0,3.775110795712031,2.817702465467239e-05,126.0,4.0,1.3191849756573155
2178,O53709_MYCTU,O53709,Rv0374c,setB,4zoh,C,149.0,10000.0,0.9999972261854964,4.1656802961869207e-10,0.2873685738507549,669.0,2.994256383225471,0.1365922410680657,99.0,5.0,1.3209897804298074
2179,I6YGW9_MYCTU,I6YGW9,Rv3678c,setB,3d01,I,143.0,10000.0,0.9957470448642336,7.697269993113333e-08,0.1603501543197151,789.0,3.202715737358191,0.0251087044669998,41.0,2.0,1.318172219400784
2180,I6XI16_MYCTU,I6XI16,Rv3718c,setB,5wox,A,145.0,10000.0,0.9996936571675162,9.827517633371149e-08,0.1660331917679292,1249.0,3.641145087165926,0.0016574291564002,48.0,4.0,1.3288867521350345
2181,P96262_MYCTU,P96262,Rv0416,setB,1zud,2,65.0,10000.0,0.9997574329747646,5.484667401346081e-08,0.1488975675500789,966.0,3.752828760337243,0.0230544511619956,21.0,3.0,1.3311637765504265
2182,Q10881_MYCTU,Q10881,Rv0084,setB,7a23,H,291.0,10000.0,0.9990920862568596,2.0457225474949728e-14,0.0907280091323481,2367.0,2.51473286246245,0.0106695055521085,149.0,4.0,1.3310011269717177
2183,Q6MWW2_MYCTU,Q6MWW2,Rv3538,setB,1s9c,F,266.0,10000.0,0.9981336912228724,7.685131105438207e-12,0.0002322527843637,7741.0,3.92530452013826,0.0009664613699219,74.0,4.0,29.87272861658271
2184,P95216_MYCTU,P95216,Rv0259c,setB,5zt7,A,223.0,10000.0,0.9988441865005644,5.4036856251356143e-08,0.0267688121589718,3351.0,3.0091361168520585,0.9497696124724698,93.0,3.0,3.3073896051115588
2185,I6Y1U3_MYCTU,I6Y1U3,Rv2834c,setB,7cad,B,264.0,10000.0,0.9916836258936396,8.583310117225173e-13,0.1545578602472862,1408.0,3.744015956634184,0.5723471252008435,120.0,4.0,2.9409850390642966
2186,O53608_MYCTU,O53608,Rv0063,setB,4xlo,B,432.0,10000.0,0.977378292638189,9.289001338404483e-21,0.0003565377312078,7336.0,4.637442418888257,0.000200146952779,304.0,7.0,1.3441138344649235
2187,O53910_MYCTU,O53910,Rv1607,setB,4k1c,A,339.0,10000.0,0.9942320489140808,6.739444916822331e-20,6.68938809852398e-05,8009.0,3.46312714776847,0.0050463418175195,93.0,3.0,1.33003872124085
2188,I6XHY3_MYCTU,I6XHY3,Rv3677c,setB,4ad9,F,244.0,10000.0,0.9964941623569952,1.3172617835300772e-17,0.0388548225021404,3672.0,2.999261178188944,4.435029457584147e-05,87.0,3.0,16.41494200416194
2189,I6XDW5_MYCTU,I6XDW5,Rv2261c,setB,6nwr,B,127.0,10000.0,0.9999766991947148,5.049967280388736e-17,0.2665419640749389,1380.0,3.189381610423355,0.7296145311924568,62.0,4.0,12.16520271101144
2190,I6Y3S9_MYCTU,I6Y3S9,Rv3530c,setB,2uvd,D,240.0,10000.0,0.9993800771477652,4.4166708744041333e-14,0.0762164123247012,2790.0,7.982065395647546,0.1479789660304269,131.0,19.0,1.3224772209758475
2191,Q79FA2_MYCTU,Q79FA2,Rv3739c,setB,5xfs,B,50.0,10000.0,0.9977109764909108,8.759312877898666e-13,1.3182765881237494e-10,9949.0,4.921116574321241,1.4534580579142488e-07,5.0,1.0,31.058727935960285
2192,O05842_MYCTU,O05842,Rv3224,setB,3sc4,A,277.0,10000.0,0.9986401013031536,3.5395237317297576e-08,0.0622137824606644,2605.0,4.734404741827659,0.0009421175557426,113.0,4.0,3.4048688667847364
2193,P96397_MYCTU,P96397,Rv0215c,setB,5ol2,F,343.0,10000.0,0.9986613093527692,3.820687845941524e-15,0.0561742190205072,2962.0,6.773148936827307,2.5956275214782923e-05,238.0,15.0,1.3382660423099757
2194,P95281_MYCTU,P95281,Rv1933c,setB,4l1f,B,353.0,10000.0,0.9955802802788428,3.907881618223279e-12,0.0214350830005107,3962.0,3.523046427898655,0.0021965955552751,187.0,5.0,7.306660933696056
2195,P75019_MYCTU,P75019,Rv3774,setB,3q0j,F,253.0,10000.0,0.9999787983842118,1.8984177698407467e-12,0.2052581917618737,1511.0,2.4802202080888947,0.0348362515222612,148.0,4.0,1.3324796433717114
2196,O07171_MYCTU,O07171,Rv0121c,setB,5jv4,F,138.0,10000.0,0.9946141899023132,2.548090709611713e-06,0.0818123577281385,1991.0,4.4730759822427615,0.0598274696217178,75.0,8.0,5.069664091436436
2197,I6YB06_MYCTU,I6YB06,Rv3053c,setB,4f2i,A,76.0,10000.0,0.9999540591938452,2.542307123260852e-05,0.2170021657484217,366.0,1.7643737205722585,0.1520161093326487,12.0,1.0,14.314617354299068
2198,I6YA29_MYCTU,I6YA29,Rv2714,setB,2wam,A,294.0,10000.0,0.9865102864567612,1.8610131623826235e-20,5.940314825038131e-06,8397.0,4.266770714726985,9.012016080720242e-06,99.0,5.0,3.8515121705636592
2199,O50459_MYCTU,O50459,Rv1244,setB,6eyh,A,258.0,10000.0,0.9976517976523874,8.289641396816958e-11,0.022555285305499,4156.0,3.731522419856736,0.145623624154922,121.0,5.0,1.326665745393314
2200,O33332_MYCTU,O33332,Rv2790c,setB,6hrv,A,373.0,10000.0,0.9969826350341116,3.50357464219086e-17,0.0220024093229351,4198.0,8.631038155391606,0.000437320800484,168.0,16.0,3.634645787418632
2201,I6X9S5_MYCTU,I6X9S5,Rv0773c,setB,2nlz,A,500.0,10000.0,0.9987737375181008,2.9997941681975445e-10,0.0198941100723617,3988.0,3.798213691497245,0.095464532311553,225.0,3.0,3.4449357033187185
2202,O53459_MYCTU,O53459,Rv1112,setB,1jal,A,342.0,10000.0,0.9999858661251032,2.3295519808551017e-14,0.1439460164551599,1762.0,3.115617177781425,0.0680416591225101,113.0,3.0,10.462535256810366
2203,I6XWE5_MYCTU,I6XWE5,Rv0843,setB,3exf,C,301.0,10000.0,0.9964497034718494,9.350648231293651e-10,0.0665607106363992,2628.0,3.9409170847244512,0.0268999419788299,155.0,5.0,1.341458161852244
2204,O53903_MYCTU,O53903,Rv1529,setB,3lnv,A,538.0,10000.0,0.9993379467260723,2.3574109300955648e-17,0.0107629290198818,4951.0,3.9314335741054496,0.4602285589097262,271.0,6.0,3.1991695797503414
2205,O06334_MYCTU,O06334,Rv3469c,setB,1nvm,C,315.0,10000.0,0.9999613255320392,3.383839524860632e-16,0.0408607063970001,3455.0,4.010810116937558,0.1385471046665723,151.0,5.0,3.869620394819104
2206,O86361_MYCTU,O86361,Rv0243,setB,5zqz,D,411.0,10000.0,0.9985445340606564,7.719465968639554e-22,3.186464976335936e-07,9215.0,6.1550523137789135,9.556701253207185e-08,189.0,8.0,1.3302623801340805
2207,O53324_MYCTU,O53324,Rv3174,setB,5u4s,A,223.0,10000.0,0.9999982987247444,1.4855427296664688e-09,0.0964800905946519,2064.0,2.754859025810674,0.3317223562178838,125.0,4.0,7.088101861570552
2208,O53965_MYCTU,O53965,Rv1964,setB,7cge,A,244.0,10000.0,0.965811813008702,1.5651855998204167e-16,6.743988092718087e-05,8223.0,5.8871963816334905,8.71063762632476e-08,117.0,5.0,1.331809671086693
2209,O53390_MYCTU,O53390,Rv3340,setB,2ctz,B,418.0,10000.0,0.8803899285131224,8.009395388680756e-30,5.454842758493879e-12,9857.0,3.672965709401113,4.192834748942467e-05,113.0,3.0,1.357218110695558
2210,I6X7H4_MYCTU,I6X7H4,Rv3503c,setB,1vjw,A,57.0,10000.0,0.9999993241263636,0.0033309751808684,0.6328581863440477,4.0,2.9692165872835306,0.7880359488286386,16.0,2.0,2.9790859336380335
2211,I6YEE6_MYCTU,I6YEE6,Rv2800,setB,3puh,B,506.0,10000.0,0.99037472715053,5.202294633752411e-20,0.0009925269461808,6865.0,5.3558799081153845,0.4210221729534811,252.0,9.0,4.300400213933583
2212,I6Y276_MYCTU,I6Y276,Rv2993c,setB,3rr6,A,231.0,10000.0,0.9823781202362284,1.1263281500857173e-15,0.0006487559560742,7166.0,5.245870027458115,0.0006487559560742,91.0,5.0,10.80489634378785
2213,L7N650_MYCTU,L7N650,Rv3293,setB,3jz4,C,456.0,10000.0,0.9975056493083168,9.9636643571675e-17,0.0041940437136483,5611.0,8.927213300546061,0.2428316671665836,186.0,16.0,1.3292708527610209
2214,O53532_MYCTU,O53532,Rv2258c,setB,5f8c,A,348.0,10000.0,0.998808703714064,8.140321918841672e-12,0.1506256063727648,1511.0,4.769526614480384,0.7412625141529401,161.0,3.0,1.3335010311207105
2215,P71790_MYCTU,P71790,Rv1511,setB,1n7g,B,321.0,10000.0,0.997766326243448,1.353030769862753e-15,0.0081532144343413,5237.0,4.160867457533043,0.0671984104749496,139.0,4.0,3.174473814665984
2216,P71891_MYCTU,P71891,Rv2321c,setB,3ruy,A,172.0,10000.0,0.9999486910422344,1.184665887901335e-10,0.3036353967238778,822.0,2.633129409679885,0.3711124319616647,75.0,4.0,3.9118983882509015
2217,O53507_MYCTU,O53507,Rv2173,setB,3qqv,A,344.0,10000.0,0.9986921685268696,1.401625712621317e-20,0.0032177235654522,5921.0,3.2080784092923524,0.1734972839992525,187.0,5.0,3.1382420238088713
2218,O53734_MYCTU,O53734,Rv0449c,setB,6f7v,A,399.0,10000.0,0.9841450960196012,5.233168851730294e-15,0.0013223252893875,6598.0,2.891497486060412,1.9786279156945417e-07,133.0,4.0,3.967539413792891
2219,P71737_MYCTU,P71737,Rv2406c,setB,4fry,B,131.0,10000.0,0.9999841604707436,5.68797861174603e-10,0.2204750787596072,734.0,3.479778185343982,0.0012507142939244,69.0,3.0,2.9260639090764933
2220,O53370_MYCTU,O53370,Rv3318,setB,6lum,A,539.0,10000.0,0.1027542175296787,5.48921639909702e-51,2.0113226678276864e-22,9997.0,4.601227592944702,4.998890775151489e-19,146.0,4.0,6.114962796289108
2221,O05894_MYCTU,O05894,Rv3251c,setB,2m4y,A,55.0,10000.0,0.9999988196208546,1.698257809883077e-05,0.09251790142202,1136.0,3.133711649684912,0.09251790142202,22.0,3.0,1.3296258872329467
2222,I6XA34_MYCTU,I6XA34,Rv0911,setB,3oxh,A,235.0,10000.0,0.9992552142210946,3.876041167601535e-07,0.1126619856131653,1512.0,3.9682266030131967,0.0007447667292033,109.0,4.0,3.773436629917083
2223,P94978_MYCTU,P94978,Rv1644,setB,5kzk,A,241.0,10000.0,0.9994024317883508,2.2028796632565475e-13,0.0476814921399662,3271.0,2.963847944079488,0.0284527463064306,111.0,3.0,1.3103148476606712
2224,O53619_MYCTU,O53619,Rv0074,setB,3mtw,A,290.0,10000.0,0.9990654666165364,3.9833446632217546e-11,0.0228315294701296,4070.0,6.112369778551406,0.8888201134931405,180.0,10.0,1.3259570128778682
2225,I6Y3T7_MYCTU,I6Y3T7,Rv3540c,setB,6ok1,C,374.0,10000.0,0.4796822281856986,4.337709094828139e-31,2.2015337172981693e-13,9962.0,4.438461669894227,1.1482206227695206e-14,95.0,3.0,1.3227547013713477
2226,I6X8S7_MYCTU,I6X8S7,Rv0223c,setB,3b4w,A,482.0,10000.0,0.999631312042181,2.0169709548192844e-14,0.0072853110781141,5345.0,4.016511403088382,0.0431068231152221,249.0,5.0,1.3313410532241543
2227,I6WXK4_MYCTU,I6WXK4,Rv0153c,setB,2oz5,A,265.0,10000.0,0.9493485883376668,1.9564597737885007e-24,1.674474691995801e-09,9839.0,5.418480626384313,2.956494378055087e-09,103.0,5.0,1.3310176557807176
2228,Y2581_MYCTU,P9WMW3,Rv2581c,setA,,,216.0,10000.0,0.9998717353431814,9.985596556777211e-11,0.0308907391142529,3939.0,3.1614751559341983,0.6761151469647584,57.0,3.0,8.199620246887207
2229,Y499_MYCTU,P9WKT9,Rv0499,setA,,,277.0,10000.0,0.9999934429241883,2.4671249603004353e-13,0.0081795725980772,5137.0,4.844984855215877,0.0307119678127823,105.0,5.0,5.148734092712402
2230,Y3371_MYCTU,P9WKA9,Rv3371,setA,,,254.0,10000.0,0.9973664948919422,6.054084575353747e-08,0.0453981857050004,2703.0,4.047975337129586,0.0049573568702462,133.0,4.0,1.3243480920791626
2231,Y501_MYCTU,P9WKT3,Rv0501,setA,,,292.0,10000.0,0.995629615196716,8.289450827179682e-10,0.1364764397006259,1238.0,2.5435852198808435,0.3257728937193425,105.0,3.0,3.0204904079437256
2232,VPC29_MYCTU,P9WF79,Rv0617,setA,,,131.0,10000.0,0.9999841604707436,9.927927794869703e-11,0.1688037036086042,1471.0,3.011748305925373,0.1688037036086042,72.0,4.0,3.455780029296875
2233,Y2851_MYCTU,P9WFQ5,Rv2851c,setA,,,149.0,10000.0,0.9833080780940084,6.091457053059029e-14,0.0005119199536829,7383.0,2.076072528191516,0.0776040084927976,31.0,2.0,13.100109100341797
2234,Y1847_MYCTU,P9WIM3,Rv1847,setA,,,127.0,10000.0,0.9909665773833448,3.569343259298688e-09,0.0308489136247099,3569.0,3.5360146470494915,0.1561475032673478,72.0,6.0,11.217222213745115
2235,Y2585_MYCTU,P9WL77,Rv2585c,setA,,,522.0,10000.0,0.4408377974852547,3.88151574027704e-38,3.28589154487587e-16,9944.0,4.902641195049274,1.4724669716782182e-10,169.0,4.0,6.216019630432129
2236,Y494_MYCTU,P9WMG7,Rv0494,setA,,,213.0,10000.0,0.9998516667736742,3.5185591208816406e-11,0.2062010329812759,1154.0,3.1656328759975594,0.1669660899544466,80.0,5.0,2.949937582015991
2237,Y2277_MYCTU,P9WLF1,Rv2277c,setA,,,255.0,10000.0,0.3533430729655348,8.708115213546616e-27,6.066167082878897e-13,9948.0,5.402786719501575,1.2061384843151025e-12,34.0,2.0,17.562942504882812
2238,Y539_MYCTU,P9WMY1,Rv0539,setA,,,187.0,10000.0,0.9824199873173692,1.5410963392969568e-16,0.0019075377572096,6620.0,4.270905859549761,2.2361221117948927e-05,42.0,4.0,1.3273122310638428
2239,Y153_MYCTU,P9WFJ1,Rv0145,setA,,,275.0,10000.0,0.9985594490956718,7.532772348822749e-13,0.0606596756644688,2932.0,3.585307893053889,0.0104101532901479,149.0,4.0,5.480279445648193
2240,Y2325_MYCTU,P9WPI7,Rv2325c,setA,,,233.0,10000.0,0.9999438170031076,3.7568599273550285e-09,0.0419230555783124,3143.0,3.1971028238636467,0.4214435685796317,75.0,2.0,1.3343602418899536
2241,VAPC8_MYCTU,P9WFB1,Rv0665,setA,,,106.0,10000.0,0.9998247972116528,8.953212308949874e-07,0.2397540930211584,640.0,2.246376796340131,0.2397540930211584,47.0,3.0,9.41259479522705
2242,Y3342_MYCTU,P9WK01,Rv3342,setA,,,226.0,10000.0,0.9802709400755204,1.5367759485252455e-10,0.0371771117168567,3574.0,3.30125459673412,0.0063899083306349,73.0,4.0,7.379562377929688
2243,VAPC1_MYCTU,P9WFC1,Rv0065,setA,,,132.0,10000.0,0.9992800384072408,3.387351566177117e-07,0.0509632614091274,2786.0,4.119137849877234,0.0051505635799305,79.0,5.0,3.62280535697937
2244,Y1367_MYCTU,P9WLZ3,Rv1367c,setA,,,371.0,10000.0,0.8811866481111826,9.568399209965197e-13,0.0001638170193437,8853.0,3.829526638680549,0.0002250521352005,115.0,3.0,4.064390659332275
2245,GLTR2_MYCTU,P9WFR1,Rv2958c,setA,,,396.0,10000.0,0.9999574692924694,1.3135920184678285e-13,0.1278605844807618,1768.0,3.073069368504915,0.2389543594492436,218.0,4.0,3.4612503051757812
2246,FAC15_MYCTU,O53521,Rv2187,setA,,,585.0,10000.0,0.9961798522621468,1.1714413169233777e-21,0.001806110869306,6437.0,3.9018211398036935,0.0536860186236043,297.0,5.0,7.628124713897705
2247,FLQE1_MYCTU,P9WQL7,Rv2688c,setA,,,284.0,10000.0,0.9998777179211568,1.8031891989002468e-14,0.0005848661058171,7046.0,2.5239318997234133,0.0542695356596603,120.0,4.0,7.914960384368896
2248,ATP6_MYCTU,P9WPV7,Rv1304,setA,,,48.0,10000.0,0.9999917362742914,2.667069927111783e-06,0.3707025699757679,648.0,3.349254308305759,0.0092312160997743,15.0,4.0,8.907072067260742
2249,Y2028_MYCTU,P9WFD9,Rv2028c,setA,,,241.0,10000.0,0.9994024317883508,5.190507703132855e-15,0.1495867318935173,1684.0,3.624822401868364,0.5874133776186331,114.0,4.0,22.46122169494629
2250,Y1360_MYCTU,P9WM03,Rv1360,setA,,,334.0,10000.0,0.9997392809390724,7.79794978119253e-11,0.0767033183277078,2517.0,3.45237756665366,3.995950148006865e-05,139.0,3.0,6.041235446929932
2251,Y2915_MYCTU,P9WL23,Rv2915c,setA,,,356.0,10000.0,0.995825809896318,4.932179265891438e-12,0.1126734416041127,1890.0,3.493914258876856,0.014031270907796,146.0,4.0,3.289660930633545
2252,PPX1_MYCTU,P9WHV5,Rv0496,setA,,,313.0,10000.0,0.9973107889708972,7.41483934663314e-13,0.0616054709365046,3009.0,4.4123671039198,0.7459738064914977,92.0,3.0,5.718710422515869
2253,PPK1_MYCTU,P9WHV9,Rv2984,setA,,,627.0,10000.0,0.8353582226712429,2.7649190186824686e-35,1.0546441348163832e-14,9925.0,4.61901429635693,1.6050864030504913e-15,117.0,2.0,36.56242752075195
2254,PSTS2_MYCTU,P9WGT9,Rv0932c,setA,,,331.0,10000.0,0.9982295867371346,4.673614050458539e-20,0.0004028586400497,7065.0,4.4747797662338655,0.0010310446878578,229.0,11.0,3.3060929775238037
2255,THIL_MYCTU,P9WG71,Rv2977c,setA,,,307.0,10000.0,0.9735107697880327,1.6198517890523464e-11,0.0036085672452463,6374.0,3.001965464166656,0.0462400941867858,104.0,4.0,18.944732666015625
2256,SYG_MYCTU,P9WFV7,Rv2357c,setA,,,457.0,10000.0,0.9103989946564984,1.2828530006934095e-24,1.564263048337451e-06,9107.0,3.242237713181076,0.0026455097370808,84.0,3.0,17.459754943847656
2257,PSTS1_MYCTU,P9WGU1,Rv0934,setA,,,334.0,10000.0,0.9983489813459044,8.363069838493627e-12,0.0412208253441316,3323.0,3.2627076806150512,0.0101089279123406,175.0,4.0,1.3326747417449951
2258,Y2001_MYCTU,P9WLN5,Rv2001,setA,,,248.0,10000.0,0.9880178846826204,1.3176507341070828e-16,1.458693755864605e-05,9023.0,3.42970269668151,0.0001774179462627,128.0,3.0,1.3407567739486694
2259,VPC46_MYCTU,O50411,Rv3384c,setA,,,120.0,10000.0,0.9984223762411536,1.443988684654699e-07,0.2371270217389813,996.0,5.8808689675416685,0.3065582476885422,66.0,14.0,7.128532886505127
2260,PURK_MYCTU,P9WHL9,Rv3276c,setA,,,388.0,10000.0,0.2287625991456723,3.044651767602925e-32,3.801162121421615e-13,9965.0,3.6553016529073648,1.1518223079869397e-12,116.0,3.0,1.3495993614196775
2261,TRPG_MYCTU,P9WN35,Rv0013,setA,,,212.0,10000.0,0.9729680106485824,6.917288319279055e-15,0.0003132879627377,7735.0,4.225113438497595,2.1771767778991226e-07,133.0,6.0,10.593915939331056
2262,MOAA1_MYCTU,P9WJS3,Rv3109,setA,,,339.0,10000.0,0.9997746219633284,5.445885857191244e-10,0.0804885480948769,2523.0,4.515163844520986,0.0001866436823417,248.0,7.0,6.507894515991211
2263,PSTS3_MYCTU,P9WGT7,Rv0928,setA,,,329.0,10000.0,0.9999770422148072,9.896292192760992e-12,0.0311043130047909,4010.0,3.933943854900659,2.202353530194979e-06,132.0,3.0,3.587907314300537
2264,MOBA_MYCTU,P9WJQ9,Rv2453c,setA,,,174.0,10000.0,0.9990283160121848,1.431981696612139e-09,0.0301573884787413,3590.0,2.776720291539231,0.0078806886165835,78.0,3.0,1.3353087902069092
2265,RSMA_MYCTU,P9WH07,Rv1010,setA,,,284.0,10000.0,0.9988886740942508,1.052070376761657e-15,0.0840576794658439,2414.0,2.661456046624157,0.0001412645898199,125.0,4.0,1.3334977626800537
2266,NRDI_MYCTU,P9WIZ3,Rv3052c,setA,,,135.0,10000.0,0.9999892375330038,2.681609452367572e-08,0.1033325672739539,2160.0,4.258716263516016,0.0278682316465615,37.0,4.0,1.3270593881607056
2267,NARK2_MYCTU,P9WJY7,Rv1737c,setA,,,386.0,10000.0,0.8488857009483497,1.7321563953147758e-19,6.626208846060646e-05,8456.0,2.832883308991101,0.0082741240717802,144.0,3.0,1.333484411239624
2268,Y1255_MYCTU,P9WMD5,Rv1255c,setA,,,184.0,10000.0,0.9999769076584918,1.3776903248323782e-10,0.1821382468426423,1210.0,3.423062804072566,0.2275149486531193,91.0,3.0,5.091907024383545
2269,MOAA2_MYCTU,P9WJS1,Rv0869c,setA,,,337.0,10000.0,0.9834265344600712,9.699744119320939e-11,0.0063486963143022,5413.0,3.726755381883024,6.373273351592221e-08,142.0,4.0,1.3358250856399536
2270,HTHR_MYCTU,P9WMC3,Rv3405c,setA,,,175.0,10000.0,0.9934048762375935,1.2194166378385997e-13,0.0005003124372714,7259.0,5.680404598008698,0.2541499095428097,70.0,10.0,6.028199195861816
2271,NUOM_MYCTU,P9WIW5,Rv3157,setA,,,501.0,10000.0,0.1505080481080184,4.9109608431282724e-45,1.226232924755328e-18,9989.0,4.645310440368902,1.911536778506047e-13,192.0,4.0,3.530003070831299
2272,SRP54_MYCTU,P9WGD7,Rv2916c,setA,,,346.0,10000.0,0.9987517849671944,1.242237358394768e-31,0.057944881826773,3233.0,4.553456058419665,0.057944881826773,77.0,3.0,2.940159797668457
2273,TESA_MYCTU,P9WQD5,Rv2928,setA,,,211.0,10000.0,0.9982089163920996,1.4831548784947545e-12,0.0020881471211298,6413.0,3.588054366592452,0.0113688614012527,102.0,4.0,3.660583019256592
2274,HEM1_MYCTU,P9WMP7,Rv0509,setA,,,420.0,10000.0,0.9519912147704664,7.766736398249357e-25,1.2102156400683203e-10,9737.0,4.683704452691787,1.1428390739446196e-08,137.0,4.0,12.54783535003662
2275,PUR1_MYCTU,P9WHQ7,Rv0808,setA,,,429.0,10000.0,0.956047833421323,1.2671255400289547e-24,9.001001183367052e-07,9016.0,3.8896237646814673,0.0013212295716485,106.0,6.0,5.244629859924316
2276,PK21_MYCTU,O05877,Rv3232c,setA,,,264.0,10000.0,0.9916836258936396,8.172417186650392e-26,7.070153313513691e-08,9005.0,4.528822905938504,2.651918455624566e-10,60.0,4.0,7.082757472991943
2277,LDT1_MYCTU,O53638,Rv0116c,setA,,,217.0,10000.0,0.9998778048847028,1.3977923526500999e-11,0.2149957266523914,676.0,2.5291477600120182,0.1747815365279877,109.0,3.0,1.346192479133606
2278,SODC_MYCTU,P9WGE9,Rv0432,setA,,,193.0,10000.0,0.9586993666059546,3.3828192856323856e-41,5.4046638214692066e-24,9985.0,5.808530857407321,1.294408498335385e-15,49.0,4.0,4.875077724456787
2279,Y1979_MYCTU,P9WQM5,Rv1979c,setA,,,444.0,10000.0,0.9969750081717182,8.164789683889729e-13,0.0650167690426675,2893.0,4.072175390569397,0.0089203603838937,241.0,7.0,4.044308662414551
2280,INO1_MYCTU,P9WKI1,Rv0046c,setA,,,346.0,10000.0,0.0307263288393305,2.492399128481294e-33,3.613581141218942e-19,9999.0,10.56238267534393,3.824717489196624e-16,182.0,17.0,1.3367130756378174
2282,PSTB2_MYCTU,P9WQK9,Rv0933,setA,,,248.0,10000.0,0.9999729408704604,2.944755666175876e-14,0.0672786329308459,3149.0,7.452955529236906,0.0188097052597517,135.0,16.0,9.653331756591797
2283,Y1324_MYCTU,P9WG61,Rv1324,setA,,,250.0,10000.0,0.9970468938437256,1.8355059736733052e-14,0.0082961612964674,5253.0,5.18717494453313,0.0001292517107598,95.0,4.0,4.21442174911499
2284,Y881_MYCTU,P9WFY3,Rv0881,setA,,,256.0,10000.0,0.9996558847418896,5.1755082504440896e-12,0.021775665826819,4276.0,3.925779627936166,0.2107924106360255,108.0,6.0,13.238414764404297
2285,Y849_MYCTU,P9WJX5,Rv0849,setA,,,392.0,10000.0,0.9995749800936538,5.389963925654414e-14,0.1243217068963355,2032.0,3.651086145029516,0.7472407766573435,163.0,4.0,1.3328949213027954
2286,Y1895_MYCTU,O07737,Rv1895,setA,,,340.0,10000.0,0.998564330540742,4.148397382819672e-13,0.0983966784560145,2370.0,4.666043979725794,0.3172683146232408,162.0,4.0,7.512545585632324
2288,Y1835_MYCTU,P9WIQ9,Rv1835c,setA,,,609.0,10000.0,0.9997920614172892,9.200070913751106e-16,0.0278957623494429,3809.0,2.397907739726676,0.0387584014757753,341.0,4.0,1.3324644565582275
2289,Y1501_MYCTU,P9WI91,Rv1501,setA,,,257.0,10000.0,0.9902405523753092,1.4017817974065818e-10,0.0474553277698656,3449.0,2.8844247228388653,0.3035536890729172,155.0,4.0,1.337309718132019
2290,Y1556_MYCTU,P9WMD1,Rv1556,setA,,,182.0,10000.0,0.9993380388942572,3.2861555404566207e-06,0.2221636441762942,684.0,3.719092657694623,0.0362952249980387,98.0,5.0,1.333948254585266
2291,Y3520_MYCTU,O53565,Rv3520c,setA,,,344.0,10000.0,0.9986921685268696,1.0038663635819101e-17,0.0567617726550713,3170.0,5.227585173639478,0.10190753332813,145.0,5.0,3.973748207092285
2292,Y1085_MYCTU,P9WFN7,Rv1085c,setA,,,225.0,10000.0,0.9989257133383542,1.053418272783281e-12,0.000353534721167,7237.0,3.7271754775600097,3.298052072751174e-07,71.0,3.0,1.3493483066558838
2293,Y2298_MYCTU,P9WQA7,Rv2298,setA,,,310.0,10000.0,0.9994762513102452,4.914521141815069e-19,0.0595610660372835,3059.0,2.855465795579232,0.0900755665066466,149.0,4.0,10.928525924682615
2294,SIGI_MYCTU,P9WGH3,Rv1189,setA,,,221.0,10000.0,0.9987565225510446,4.5145408129352435e-11,0.1826569432533429,1313.0,3.4082992734906643,0.0056061333905321,113.0,4.0,1.3307219743728638
2295,Y1419_MYCTU,P9WLX9,Rv1419,setA,,,124.0,10000.0,0.9999688862540644,4.16436827601249e-06,0.3254292034384443,477.0,3.055835826940048,0.5049573602047861,56.0,3.0,12.920384407043455
2296,VPC35_MYCTU,P9WF67,Rv1962c,setA,,,133.0,10000.0,0.9706561697507686,4.31874086441098e-08,0.0034931492900938,6318.0,4.002262565034813,0.0022287578339713,59.0,3.0,1.3375182151794434
2297,P5CR_MYCTU,P9WHU7,Rv0500,setA,,,269.0,10000.0,0.9999902995424794,2.4174917786793223e-14,0.0001773751777622,7574.0,4.784635912769089,0.0007488316631489,83.0,4.0,14.316399574279783
2298,CRTB_MYCTU,P9WHP3,Rv3397c,setA,,,281.0,10000.0,0.9987882062310504,2.5328728446872133e-14,0.0325992013475578,3818.0,3.069791409925196,0.0003783261903749,97.0,3.0,4.709443092346191
2299,MENG_MYCTU,P9WFR3,Rv0558,setA,,,223.0,10000.0,0.9988441865005644,1.431669648917606e-11,0.0042518050532196,5796.0,2.7661003356628173,3.957465496304226e-05,89.0,4.0,2.8165297508239746
2300,KORA_MYCTU,O53182,Rv2455c,setA,,,623.0,10000.0,0.9574823545801954,3.3917584292499316e-35,3.305574816639594e-11,9683.0,4.722396985452853,8.425350224203528e-14,169.0,3.0,6.84988260269165
2301,MFTE_MYCTU,P9WP59,Rv0695,setA,,,238.0,10000.0,0.9999559510491528,7.627493388807104e-11,0.0934705505130279,2046.0,2.7448360823975544,0.0154467253551816,79.0,3.0,10.882349014282228
2302,ESPG1_MYCTU,P96210,Rv3866,setA,,,255.0,10000.0,0.895692463521101,3.0139339816747636e-18,5.027931078744858e-07,9488.0,3.268345144955767,0.0026996530363625,157.0,5.0,7.811117649078369
2303,FHMAD_MYCTU,P96809,Rv0132c,setA,,,319.0,10000.0,0.9976601720790006,8.849522147022256e-09,0.080677180497976,2105.0,3.49689425604279,0.0014365810311557,191.0,6.0,11.194664001464844
2304,PRPD_MYCTU,O06582,Rv1130,setA,,,504.0,10000.0,0.6176904466754488,9.670074351608452e-70,8.494336678084716e-26,9928.0,17.620541226891504,2.785421528096919e-32,132.0,16.0,1.3317867517471311
2305,PFKB_MYCTU,P9WID3,Rv2029c,setA,,,312.0,10000.0,0.9999567581377437,1.3568245969599108e-10,0.1621018674608438,1619.0,3.7630173682069943,0.0003354541293543,160.0,7.0,7.406368255615234
2306,PARE2_MYCTU,P9WHG5,Rv2142c,setA,,,103.0,10000.0,0.9997666092408488,5.592730604442978e-06,0.2983470031174376,280.0,2.740296188969768,0.2983470031174376,48.0,3.0,3.704739570617676
2307,CTPG_MYCTU,P9WPS7,Rv1992c,setA,,,639.0,10000.0,0.9882712502059172,4.40221689718505e-13,0.0021753473976541,6515.0,3.568176450225026,0.0002966193544086,331.0,4.0,1.3349391222000122
2308,IDI_MYCTU,P9WKK5,Rv1745c,setA,,,193.0,10000.0,0.9996100997352126,1.692408804586917e-09,0.0784008830816294,2668.0,2.6070123713547853,0.0342939330446569,83.0,3.0,14.860257148742676
2309,CP140_MYCTU,P9WPL9,Rv1880c,setA,,,434.0,10000.0,0.9900929500413852,9.209827291254499e-15,0.0187652522604628,4334.0,3.0822694229379666,0.3707768795386921,213.0,4.0,1.3352909088134766
2310,CP136_MYCTU,P9WPM7,Rv3059,setA,,,488.0,10000.0,0.9754845746038868,1.3521134674009696e-16,0.001237093328447,6634.0,4.482195954963197,1.0951088526652327e-10,154.0,3.0,7.518431663513184
2311,GLPD2_MYCTU,P9WN79,Rv3302c,setA,,,556.0,10000.0,0.9330505841109517,2.4393035963497048e-33,1.5857350233550088e-12,9816.0,3.0951392657431303,1.2819299687236809e-23,121.0,3.0,10.531099319458008
2312,DPRE2_MYCTU,P9WGS9,Rv3791,setA,,,249.0,10000.0,0.8874650165235428,4.463620551285804e-19,2.463469741851169e-06,9099.0,3.492529549199287,1.5276711710830303e-06,97.0,3.0,1.3385851383209229
2313,MCE2R_MYCTU,P9WMG5,Rv0586,setA,,,230.0,10000.0,0.999105403919904,2.3349612766338517e-10,0.1058225852110661,1991.0,5.1689109520050245,0.1635204486578329,102.0,9.0,3.4576475620269775
2314,ANSP2_MYCTU,P9WQM7,Rv0346c,setA,,,455.0,10000.0,0.9415238267549304,1.0873673202836081e-29,5.0117262246543275e-08,9386.0,3.059925537218062,7.512347156463988e-05,150.0,4.0,3.309643030166626
2315,DGTL1_MYCTU,P9WNY7,Rv2344c,setA,,,401.0,10000.0,0.2118873980395675,1.7458286574818285e-33,1.1175667104877574e-14,9979.0,4.81681408400747,1.9359220309619082e-13,100.0,3.0,18.49935531616211
2316,ADD_MYCTU,P63907,Rv3313c,setA,,,362.0,10000.0,0.9499188332534858,5.584889299113506e-29,5.170566701543715e-10,9638.0,4.045439262130275,4.94481021895587e-07,80.0,3.0,4.922033309936523
2317,GLPX_MYCTU,P9WN21,Rv1099c,setA,,,321.0,10000.0,0.9787056294552406,1.002563101311139e-14,0.0004288166246509,8203.0,4.356874289194346,0.0174316130863055,74.0,3.0,5.058718681335449
2318,DESA1_MYCTU,P9WNZ7,Rv0824c,setA,,,325.0,10000.0,0.7663942473162497,4.802638346812642e-32,7.123084238880814e-12,9842.0,3.201966924254218,2.8093064316080164e-06,53.0,2.0,4.118489742279053
2319,CYSK2_MYCTU,Q79FV4,Rv0848,setA,,,349.0,10000.0,0.9988361894588974,4.5203795739051916e-14,0.0161203792558558,4699.0,3.885126307677047,0.0395088269887115,179.0,6.0,17.405109405517578
2320,CTPV_MYCTU,P9WPS3,Rv0969,setA,,,667.0,10000.0,0.8230507143965009,1.7007301224883926e-22,9.110250555266612e-08,9801.0,4.738131327221563,2.468321994968307e-08,278.0,5.0,3.468628168106079
2321,CYSA_MYCTU,P9WQM1,Rv2397c,setA,,,318.0,10000.0,0.9976052354612948,1.4070357822478276e-14,0.0269210997685551,3789.0,4.057461404800163,4.878842873627104e-05,105.0,4.0,1.3292930126190186
2322,MEATP_MYCTU,O86311,Rv1218c,setA,,,282.0,10000.0,0.983111273777,1.0468688237306155e-11,0.0330800636550134,2514.0,4.005329609676444,0.4154295565906704,132.0,4.0,1.3382638692855835
2323,LPQI_MYCTU,L7N6B0,Rv0237,setA,,,345.0,10000.0,0.6087507848876312,6.4157259927976096e-27,8.049704487235858e-10,9886.0,3.028522935387025,9.56910093094596e-08,190.0,7.0,1.3322604894638062
2324,FPG2_MYCTU,L0T864,Rv0944,setA,,,131.0,10000.0,0.9999841604707436,1.3247950184319867e-09,0.2204750787596072,1109.0,2.72492102516486,0.2204750787596072,68.0,3.0,1.3307571411132812
2325,CTPF_MYCTU,P9WPS9,Rv1997,setA,,,782.0,10000.0,0.9927200634202226,1.7140220543656538e-24,0.0014938521428945,6351.0,5.519433684488918,0.8194093094196228,392.0,10.0,2.7589426040649414
2326,CUT1_MYCTU,P9WP43,Rv1984c,setA,,,182.0,10000.0,0.9999736170785892,1.87709462289005e-09,0.2221636441762942,981.0,3.2610462973201804,0.9993380388942572,111.0,4.0,1.3347738981246948
2327,DPRP_MYCTU,P9WI53,Rv3807c,setA,,,155.0,10000.0,0.9998416781049996,1.8236915110342988e-11,0.0125725366508412,4979.0,4.065218184992247,6.5985166913411655e-06,58.0,5.0,1.3405704498291016
2328,DNLI_MYCTU,P9WNV5,Rv3062,setA,,,506.0,10000.0,0.99037472715053,2.8188993753666035e-20,2.330170708941749e-06,8997.0,3.3536451003389587,3.937534732332209e-10,252.0,5.0,1.336955428123474
2329,MENE_MYCTU,P9WQ39,Rv0542c,setA,,,358.0,10000.0,0.9998705505536094,3.275531047438579e-18,0.0436148650488506,3404.0,2.927946273468676,0.2606880107208096,96.0,3.0,1.337810516357422
2330,3BHS_MYCTU,P9WQP7,Rv1106c,setA,,,358.0,10000.0,0.995981950189696,8.035821340545427e-19,9.85967985237916e-06,8729.0,4.950221732331092,0.0007685019011657,97.0,5.0,3.3737540245056152
2331,FOLB_MYCTU,P9WNC5,Rv3607c,setA,,,119.0,10000.0,0.9999496534079684,9.140299150480362e-06,0.2329310539455068,192.0,3.5397531846998547,0.3837773335785108,47.0,3.0,9.740460395812988
2332,CRCB2_MYCTU,P9WP61,Rv3070,setA,,,125.0,10000.0,0.9988616193446148,6.385073054356135e-08,0.3301210599157825,700.0,4.843317408437031,0.0585787708673758,51.0,3.0,3.3712823390960693
2333,CHOD_MYCTU,P9WMV9,Rv3409c,setA,,,567.0,10000.0,0.9610350389132698,3.6223244250188687e-39,1.1211397588157845e-12,9887.0,4.0920431473402985,3.801585566611871e-15,192.0,4.0,9.355389595031738
2334,GABD2_MYCTU,P9WNX7,Rv1731,setA,,,505.0,10000.0,0.9902621643544776,3.0894355119365333e-22,0.0005922948710861,7087.0,3.656673880954426,2.0173037536907764e-07,233.0,5.0,1.337541937828064
2335,CSM3_MYCTU,P9WJF9,Rv2821c,setA,,,214.0,10000.0,0.9998586813936796,8.204064048709089e-08,0.0849073455913817,2216.0,3.8707579044125615,0.1078107761622567,99.0,3.0,4.508281707763672
2336,3MGH_MYCTU,P9WJP7,Rv1688,setA,,,202.0,10000.0,0.997514974376439,8.632677201622377e-12,0.0124642358846866,4782.0,2.585839473020852,0.0007029167364756,105.0,3.0,3.2389113903045654
2337,CP137_MYCTU,P9WPM5,Rv3685c,setA,,,409.0,10000.0,0.946537960235248,1.686014464265942e-10,0.0001188371879016,8551.0,3.613942825768828,3.301870818724779e-05,200.0,4.0,1.3481329679489136
2338,Q10782_MYCTU,Q10782,Rv1544,setA,,,258.0,10000.0,0.999680340280843,1.6927762748804442e-12,0.0376904371240064,3587.0,3.646654622094046,0.0001748678944601,135.0,6.0,9.599085807800291
2339,P96246_MYCTU,P96246,Rv3832c,setA,,,185.0,10000.0,0.9999783961633084,3.71529108534632e-08,0.0387446136837246,2957.0,2.2279278754624063,0.1845104463034779,134.0,4.0,3.321967840194702
2340,O06820_MYCTU,O06820,Rv1439c,setA,,,126.0,10000.0,0.998933644820766,3.2622272635640325e-07,0.1530148426366349,1026.0,3.1206478410986755,0.5153840849057941,58.0,4.0,1.3328230381011963
2341,Q6MWX3_MYCTU,Q6MWX3,Rv3468c,setA,,,308.0,10000.0,0.996980523748788,4.701673307882722e-15,0.0468105006918564,3133.0,4.0903509999469,0.0233968938918577,143.0,4.0,1.3358277082443235
2342,O06538_MYCTU,O06538,Rv1138c,setA,,,335.0,10000.0,0.998386977151412,1.595279685756828e-12,0.1135517872594793,1358.0,5.196910310912496,0.8909032170270705,171.0,5.0,8.621334075927734
2343,O06417_MYCTU,O06417,Rv0551c,setA,,,514.0,10000.0,0.999022544726329,5.864121913971168e-20,0.0153964909037196,4590.0,3.348147882414702,0.0153964909037196,253.0,5.0,1.3313441276550293
2344,P96824_MYCTU,P96824,Rv0147,setA,,,456.0,10000.0,0.9993895252711466,1.949603944196801e-23,0.0598266281842138,2668.0,3.17667575401023,0.0417308795733589,233.0,4.0,1.3343605995178225
2345,I6YF40_MYCTU,I6YF40,Rv3075c,setA,,,268.0,10000.0,0.999778987725915,2.134719975985307e-14,0.0437301207249683,3439.0,5.659358557866098,0.0120125386710393,100.0,6.0,1.326209306716919
2346,P71746_MYCTU,P71746,Rv2398c,setA,,,264.0,10000.0,0.999987612124854,2.255311342858243e-11,0.1264335671520179,1812.0,2.839373279880021,0.0046112061552997,93.0,3.0,1.3365572690963743
2347,O33291_MYCTU,O33291,Rv2749,setA,,,102.0,10000.0,0.9999991332221276,1.9933759478113451e-13,0.0109765728124447,4700.0,7.50918075503939,0.0025426991973686,72.0,29.0,1.329283595085144
2348,O50460_MYCTU,O50460,Rv1245c,setA,,,270.0,10000.0,0.9997947301640596,2.2063688812120333e-13,0.0039058512244278,5708.0,3.861653493496768,0.0052813900888626,141.0,7.0,9.353351593017578
2349,P96808_MYCTU,P96808,Rv0131c,setA,,,430.0,10000.0,0.9998263788277588,3.9952952613132854e-19,0.0046874147943149,5591.0,3.6987869428071214,0.1158209156301796,207.0,4.0,12.224717140197754
2350,O69709_MYCTU,O69709,Rv3742c,setA,,,35.0,10000.0,0.9999999996937258,3.4452298564531986e-06,0.3234812170971206,559.0,1.3114828959574183,0.4916447570693277,7.0,1.0,6.738558769226074
2351,O07179_MYCTU,O07179,Rv0456c,setA,,,299.0,10000.0,0.9992796359320416,4.3627601088322375e-12,0.080351425827269,2605.0,5.214803321604999,0.080351425827269,167.0,10.0,1.334577560424805
2352,I6YEA3_MYCTU,I6YEA3,Rv2751,setA,,,285.0,10000.0,0.998920290443373,2.5581451831241143e-09,0.1045823977567439,2272.0,3.003785293708168,0.0054335131763374,132.0,3.0,1.3360857963562012
2353,P71835_MYCTU,P71835,Rv0781,setA,,,202.0,10000.0,0.966193524371194,1.7296989321781018e-07,0.0004686111576579,8298.0,3.1627422797148257,0.0064568617893929,70.0,3.0,3.561079263687134
2354,O06575_MYCTU,O06575,Rv1123c,setA,,,265.0,10000.0,0.9980792826059548,3.6175162049539984e-12,0.0254032609018095,3677.0,3.299432421619148,0.008528311076341,124.0,3.0,10.856963157653809
2355,I6Y4C7_MYCTU,I6Y4C7,Rv3712,setA,,,400.0,10000.0,0.813414043347709,2.410483668735883e-29,4.2606809322061477e-10,9812.0,3.851890160590989,7.832452544383501e-12,157.0,4.0,4.991244792938232
2356,O53916_MYCTU,O53916,Rv1668c,setA,,,297.0,10000.0,0.9992367091449388,2.598843171832792e-15,0.063573147667011,2967.0,3.3816373415749728,0.7828073854340318,134.0,4.0,1.3319027423858645
2357,P96273_MYCTU,P96273,Rv0427c,setA,,,269.0,10000.0,0.998287915095947,4.0938332101603767e-10,0.0348107866491949,3614.0,3.4318975401249503,0.0027974253066709,109.0,5.0,2.8497965335845947
2358,I6XEF6_MYCTU,I6XEF6,Rv2491,setA,,,168.0,10000.0,0.9999330823162246,5.989483559723998e-06,0.2333181587473864,784.0,5.233370719569122,0.1449706412282334,117.0,8.0,2.8980743885040283
2359,O50391_MYCTU,O50391,Rv3362c,setA,,,145.0,10000.0,0.9996936571675162,1.96550352667423e-07,0.0955146552451055,1957.0,2.752149288770533,0.0374872327526567,74.0,4.0,14.106744766235352
2360,O06319_MYCTU,O06319,Rv3452,setA,,,181.0,10000.0,0.9993054672883672,8.142386104818273e-13,0.0354964439358113,3806.0,2.821950772049421,0.047633610060505,102.0,5.0,1.340706706047058
2361,I6X658_MYCTU,I6X658,Rv3066,setA,,,173.0,10000.0,0.9989806337086232,1.6160495443037174e-06,0.0715443520195707,2425.0,4.509752212817477,0.2481939153648079,66.0,4.0,1.34919011592865
2362,O69692_MYCTU,O69692,Rv3725,setA,,,229.0,10000.0,0.9125858382372348,8.3917970405460425e-19,7.338655155986681e-07,9393.0,4.337065806389707,2.8742254747761982e-11,109.0,3.0,3.9118614196777344
2363,O69724_MYCTU,O69724,Rv3758c,setA,,,348.0,10000.0,0.999999800328728,4.672375125611998e-27,0.020078830789749,4305.0,2.71605207402694,0.0026343940031919,133.0,4.0,10.943170547485352
2364,Q79FA4_MYCTU,Q79FA4,Rv3724B,setA,,,165.0,10000.0,0.9999183471330412,1.8504408512491936e-11,0.0058114709437097,5473.0,5.091409050170079,0.5041846242452765,85.0,4.0,19.30978012084961
2365,O05307_MYCTU,O05307,Rv1206,setA,,,568.0,10000.0,0.066155469945446,6.458644986227687e-52,4.0197796529924945e-17,9986.0,4.144691573908726,9.204288005740388e-30,179.0,5.0,1.3389323949813845
2366,P71701_MYCTU,P71701,Rv0044c,setA,,,256.0,10000.0,0.9996558847418896,6.838167044533623e-11,0.028318091956354,3869.0,2.553751634502857,1.3796687481038472e-08,166.0,4.0,1.3323382139205933
2367,O53147_MYCTU,O53147,Rv1455,setA,,,272.0,10000.0,0.9930764426942778,5.050983469858331e-09,0.0040902828266704,6564.0,4.013990002953554,0.0055183556563707,105.0,3.0,10.020574569702148
2368,P96239_MYCTU,P96239,Rv3839,setA,,,235.0,10000.0,0.2105903536159867,1.315173332814103e-35,3.494472620230592e-17,9979.0,9.360710970700184,2.193968819562708e-14,176.0,66.0,6.610532760620117
2369,O53360_MYCTU,O53360,Rv3308,setA,,,531.0,10000.0,0.9928069793824088,8.02835247874883e-27,2.354934629970525e-06,8368.0,6.238490334085146,3.3397660126067017e-10,203.0,6.0,4.058212757110596
2370,O05293_MYCTU,O05293,Rv1191,setA,,,292.0,10000.0,0.9350572077834228,1.2062002955950378e-08,0.0047079032693928,5895.0,5.465994516643301,8.841314217982203e-05,102.0,6.0,8.560941696166992
2371,O53641_MYCTU,O53641,Rv0158,setA,,,202.0,10000.0,0.9999930548046444,6.109963385200582e-10,0.0540629636680671,2869.0,4.43321697469318,0.5517450239138387,83.0,6.0,7.346033096313477
2372,O06296_MYCTU,O06296,Rv0345,setA,,,115.0,10000.0,0.9999260546649764,9.563278104331843e-10,0.0198873587702722,4192.0,4.385681052289932,0.0002511023079573,51.0,6.0,1.3357720375061035
2373,L0T2Z1_MYCTU,L0T2Z1,Rv0197,setA,,,737.0,10000.0,0.999974643013623,1.6694650651620219e-26,0.0108324131279851,4907.0,8.955773259015182,0.0207974957712858,430.0,15.0,9.506916999816896
2374,P95160_MYCTU,P95160,Rv1854c,setA,,,444.0,10000.0,0.999229956261668,1.9722561243592734e-14,0.0208511455732218,4214.0,8.60115648548524,0.4321942957868115,176.0,14.0,1.3332706689834597
2375,O53749_MYCTU,O53749,Rv0464c,setA,,,179.0,10000.0,0.9942889623445637,1.0628604545500764e-13,0.0006036045166065,7259.0,3.815782762067836,3.094774075068189e-10,78.0,7.0,3.3511948585510254
2376,O86372_MYCTU,O86372,Rv1717,setA,,,113.0,10000.0,0.9999104049254288,5.262379891642269e-07,0.3522582285989595,591.0,3.717393125825141,0.3522582285989595,53.0,3.0,6.591784954071045
2377,P95200_MYCTU,P95200,Rv0392c,setA,,,457.0,10000.0,0.992739627802347,1.0888953984723365e-23,0.0288658592490273,4083.0,3.63705492544916,5.810716330613673e-05,275.0,6.0,1.3290481567382812
2378,O33298_MYCTU,O33298,Rv2756c,setA,,,505.0,10000.0,0.999764282712558,3.060851177081036e-17,0.0171789431250902,4559.0,2.820891737373491,0.0171789431250902,235.0,4.0,1.3361564874649048
2379,O07237_MYCTU,O07237,Rv0310c,setA,,,149.0,10000.0,0.9999972261854964,7.884460836767299e-08,0.2574210656634479,692.0,3.565567794946633,0.5278271160277651,83.0,6.0,2.8679404258728027
2380,O53198_MYCTU,O53198,Rv2471,setA,,,518.0,10000.0,0.996834633618602,2.0790058519494857e-15,0.0107734319041484,4845.0,4.757696472572143,0.3916764144588492,229.0,6.0,3.985779047012329
2381,I6X7W8_MYCTU,I6X7W8,Rv3618,setA,,,365.0,10000.0,0.99648428767922,1.1328234590249194e-24,0.0027511054016482,6126.0,5.031134662300232,0.0573572648572367,173.0,7.0,3.9013164043426514
2382,O06178_MYCTU,O06178,Rv1532c,setA,,,143.0,10000.0,0.9408537337461764,4.0612301375688025e-14,7.556173112222067e-05,8561.0,3.471303725088957,7.646274847046471e-06,72.0,4.0,1.331242561340332
2383,P95105_MYCTU,P95105,Rv3054c,setA,,,178.0,10000.0,0.9940795824893944,3.4731883066634754e-08,0.0785843857154063,2096.0,1.852604136336776,0.0331538261014017,70.0,2.0,3.5564982891082764
2384,O53577_MYCTU,O53577,Rv3797,setA,,,575.0,10000.0,0.9996375875352476,3.609371472104609e-36,0.0030742484725124,5929.0,2.9056004071520727,0.0258257302747058,342.0,5.0,1.3388116359710691
2385,O53485_MYCTU,O53485,Rv2041c,setA,,,400.0,10000.0,0.9996478624837134,3.1252666340221845e-13,0.0100325139787888,4902.0,3.810038994732823,0.0001779525163433,148.0,6.0,1.3347386121749878
2386,O50388_MYCTU,O50388,Rv3359,setA,,,390.0,10000.0,0.9821179075220478,2.933734139529712e-17,0.000191156468518,7565.0,3.0207671983656166,0.0032584400512754,158.0,4.0,6.085621356964111
2387,O05873_MYCTU,O05873,Rv3228,setA,,,266.0,10000.0,0.9501177772609326,1.891608571938957e-16,9.52795702435308e-07,9407.0,4.705860597796284,4.929041782815855e-05,96.0,4.0,1.3377879858016968
2389,O53534_MYCTU,O53534,Rv2260,setA,,,210.0,10000.0,0.9907882244904832,4.950718943373152e-15,0.0004335989271626,7382.0,3.514209089707848,0.0028963244504948,99.0,3.0,4.498649597167969
2390,O33273_MYCTU,O33273,Rv0333,setA,,,119.0,10000.0,0.9999496534079684,3.289218436578974e-05,0.3018176898303555,440.0,5.886431536662858,0.3018176898303555,64.0,5.0,7.124385833740234
2391,O07242_MYCTU,O07242,Rv0315,setA,,,240.0,10000.0,0.9999600385877356,1.7792402590189103e-10,0.0363764615287092,3717.0,2.910432965473853,0.0012566500813408,92.0,3.0,4.362813472747803
2392,O07754_MYCTU,O07754,Rv1875,setA,,,146.0,10000.0,0.9997131960408197,9.945656811298636e-06,0.0532500024248119,2215.0,3.68351382034482,0.097531843502065,66.0,5.0,4.812919616699219
2393,P71830_MYCTU,P71830,Rv0775,setA,,,197.0,10000.0,0.962211045546992,1.7033156561888954e-10,0.0151032585365067,4268.0,2.5254213236139917,0.0109482159279242,79.0,4.0,5.950849533081055
2394,O53669_MYCTU,O53669,Rv0247c,setA,,,245.0,10000.0,0.9965929230788884,1.7978144160412435e-09,0.0305063122151124,3788.0,3.039154865528185,0.3296222936736409,77.0,4.0,1.3354965448379517
2395,I6X666_MYCTU,I6X666,Rv3076,setA,,,147.0,10000.0,0.9997314949807534,6.957831064652246e-09,0.2799478952553812,837.0,2.370983886155518,0.0199620960223126,71.0,3.0,17.654251098632812
2396,I6Y4A5_MYCTU,I6Y4A5,Rv0634c,setA,,,233.0,10000.0,0.9952020772250044,7.560244232470483e-14,0.0014395248577718,6424.0,3.6499047725628655,2.5765929407934486e-06,84.0,3.0,6.037813186645508
2397,I6YEN3_MYCTU,I6YEN3,Rv2893,setA,,,322.0,10000.0,0.9790358704996256,2.965535922344943e-15,0.0015374247551234,6413.0,3.3798804654322545,0.000226800977793,155.0,5.0,9.234030723571776
2398,P96818_MYCTU,P96818,Rv0141c,setA,,,128.0,10000.0,0.9999788415735248,9.490444654389753e-09,0.3441254460387379,420.0,2.703934244208698,0.2707425012384195,56.0,3.0,1.328959345817566
2399,P95197_MYCTU,P95197,Rv0389,setA,,,357.0,10000.0,0.9998667122309076,1.7151265160682596e-16,0.1355193606781137,2026.0,4.432695843723828,0.0112047099782527,178.0,4.0,1.3296959400177002
2400,P95227_MYCTU,P95227,Rv0270,setA,,,524.0,10000.0,0.9677645246061216,3.112501172879387e-15,2.365568245769733e-05,8566.0,5.354465173719246,0.0294771688421668,201.0,5.0,3.4059574604034424
2401,O53149_MYCTU,O53149,Rv1458c,setA,,,296.0,10000.0,0.9992143024668382,1.8294810588265153e-14,0.0401848278648582,3437.0,3.1559924596181093,0.7810696872798477,111.0,4.0,3.3065669536590576
2402,I6X9T8_MYCTU,I6X9T8,Rv0791c,setA,,,314.0,10000.0,0.9907411633465568,1.6293505992022538e-11,0.0937092547078404,2366.0,2.949976362436148,0.0200504793236004,144.0,4.0,3.679242849349976
2403,I6X9V3_MYCTU,I6X9V3,Rv0811c,setA,,,354.0,10000.0,0.9089819062459074,2.2160565395700943e-11,0.000201086981868,8105.0,3.216940950444216,8.57582830968405e-06,138.0,3.0,3.5056841373443604
2405,O53161_MYCTU,O53161,Rv1470,setA,,,108.0,10000.0,0.9998553175757652,3.609145972191545e-09,0.0094690091912142,5296.0,4.162509071838284,7.452227316488554e-05,40.0,3.0,4.483494281768799
2406,O07175_MYCTU,O07175,Rv0125,setA,,,305.0,10000.0,0.855258036097364,6.296750868900875e-23,2.4585874399648228e-11,9909.0,2.9795691377682965,1.363796595196772e-11,105.0,3.0,1.3351199626922607
2407,O07166_MYCTU,O07166,Rv3300c,setA,,,273.0,10000.0,0.99981627595303,9.624136165935308e-19,0.1384896956161287,1589.0,3.2543273098730503,0.0030820411477545,128.0,4.0,1.3292725086212158
2408,O33187_MYCTU,O33187,Rv1685c,setA,,,187.0,10000.0,0.9994794833202818,4.1721400481443615e-10,0.0221430291412644,3893.0,5.959923959838463,0.0040606537557495,72.0,5.0,3.05846643447876
2409,L7N664_MYCTU,L7N664,Rv1471,setA,,,106.0,10000.0,0.999999531010255,8.953212308949874e-07,0.3146653902768345,411.0,3.357939595586787,0.0133892818816765,52.0,4.0,10.293283462524414
2410,P71897_MYCTU,P71897,Rv2315c,setA,,,499.0,10000.0,0.9958971937331182,5.9138853594077374e-24,1.920702852997645e-06,8830.0,4.372569041161498,6.892308083126961e-07,223.0,4.0,1.3306331634521484
2411,O06576_MYCTU,O06576,Rv1124,setA,,,299.0,10000.0,0.9962817509792103,1.4644876305593613e-11,0.0650598176988307,2769.0,2.549342001201361,0.6515048447922854,116.0,3.0,14.142507553100586
2412,O53453_MYCTU,O53453,Rv1105,setA,,,147.0,10000.0,0.9999966323837028,4.810067913671061e-07,0.3495623636409321,466.0,2.1664070938616757,0.3495623636409321,80.0,3.0,1.3452914953231812
2413,P71898_MYCTU,P71898,Rv2314c,setA,,,454.0,10000.0,0.999992288574484,1.3845793705272962e-20,0.0280670698454694,3876.0,3.4653769700705275,2.9626575998868255e-10,176.0,3.0,3.6962673664093018
2414,L7N6B2_MYCTU,L7N6B2,Rv0265c,setA,,,292.0,10000.0,0.995629615196716,8.829495956807217e-14,0.0014001831262092,6703.0,2.6747302111924287,2.299128699329371e-06,132.0,3.0,1.333315372467041
2415,O53338_MYCTU,O53338,Rv3192,setA,,,137.0,10000.0,0.999991129978678,1.1948356457063969e-06,0.2427477299171981,351.0,3.983961133768514,0.1881059370895291,96.0,6.0,2.6151342391967773
2416,L0TDU1_MYCTU,L0TDU1,Rv3331,setA,,,421.0,10000.0,0.9997852893849576,8.714474275672198e-27,0.0368349783703953,3675.0,6.163247938558954,0.2708629951113217,177.0,9.0,4.763908386230469
2417,O69693_MYCTU,O69693,Rv3726,setA,,,390.0,10000.0,0.9928290481529044,4.537293918057358e-22,1.014265527614776e-06,8849.0,4.535544972481255,6.488056478102982e-09,190.0,6.0,7.533455848693848
2418,P71745_MYCTU,P71745,Rv2399c,setA,,,260.0,10000.0,0.9999849372364642,5.378449479718389e-11,0.0980401926505691,2098.0,3.8501382369011714,8.642214198507549e-05,99.0,4.0,7.506668567657471
2419,O53919_MYCTU,O53919,Rv1672c,setA,,,385.0,10000.0,0.9994990202847934,5.039425264905551e-15,0.0130383439699005,4599.0,4.838029680377247,0.003879672207766,196.0,5.0,3.928909540176392
2420,O05896_MYCTU,O05896,Rv3253c,setA,,,452.0,10000.0,0.997339906922636,1.504439206063423e-19,0.0275411407092282,4037.0,5.674318525620005,0.3958439460389801,161.0,9.0,25.307260513305664
2421,O50444_MYCTU,O50444,Rv1188,setA,,,285.0,10000.0,0.9289179622770566,3.988669430801193e-21,4.683793948922099e-05,8622.0,2.741167548635104,0.0022094017949759,168.0,4.0,1.3389382362365725
2422,O53363_MYCTU,O53363,Rv3312c,setA,,,301.0,10000.0,0.9881721987051904,6.19056008727237e-19,0.0009291412119558,6520.0,8.26536487448622,0.00744944304291,147.0,17.0,1.3333454132080078
2423,Q79G13_MYCTU,Q79G13,Rv0062,setA,,,293.0,10000.0,0.9991430875193053,5.0481059591088114e-14,0.0386046122295662,3688.0,2.574614950350093,0.137733087116304,200.0,4.0,1.336807131767273
2424,I6XHH2_MYCTU,I6XHH2,Rv3531c,setA,,,372.0,10000.0,0.9969243878071428,1.5362413160924583e-09,0.0173787653469069,4210.0,4.2541262231994725,0.0085965727149166,161.0,4.0,8.764388084411621
2425,I6YB11_MYCTU,I6YB11,Rv3057c,setA,,,272.0,10000.0,0.9930764426942778,9.367508157912657e-16,0.0001967967628992,7856.0,2.855511507083352,0.0011451883994283,117.0,4.0,1.33560049533844
2426,P96238_MYCTU,P96238,Rv3840,setA,,,74.0,10000.0,0.9999377749009186,3.34964808894125e-06,0.2043640020406482,976.0,3.551609516837756,0.5116809114588617,53.0,5.0,22.030271530151367
2427,I6WZD9_MYCTU,I6WZD9,Rv0765c,setA,,,257.0,10000.0,0.9996683365894944,2.375776086365194e-16,0.0602068700793778,2954.0,4.133457366413882,0.1441463480704176,126.0,4.0,8.716363906860352
2428,MP83_MYCTU,P9WNF3,Rv2873,setA,,,166.0,10000.0,0.9999235866773714,9.59735518483396e-12,0.2273787447995412,1235.0,3.300435855611361,0.2273787447995412,45.0,2.0,1.3330302238464355
2429,Y898_MYCTU,P9WKP5,Rv0898c,setA,,,72.0,10000.0,0.9999157490165697,0.0001445718053747,0.6306885744220877,52.0,2.7605839821201448,0.1316585654719652,39.0,3.0,1.3359017372131348
2430,Y2281_MYCTU,P9WIA5,Rv2281,setA,,,503.0,10000.0,0.9961150172196576,7.273852701411015e-20,0.0060393148071118,5382.0,3.440270537526732,0.0247102807002903,264.0,4.0,8.756558418273926
2431,RS1_MYCTU,P9WH43,Rv1630,setA,,,285.0,10000.0,0.9840326115950758,1.0116317356034851e-14,2.1153421077474936e-05,8783.0,5.740697448717471,6.078243581500227e-06,128.0,7.0,5.788330078125
2432,SUHB_MYCTU,P9WKI9,Rv2701c,setA,,,261.0,10000.0,0.9978454714475502,1.9728444048743142e-16,8.985291108310896e-05,7963.0,5.74133272018938,0.018216132794978,147.0,4.0,1.3332140445709229
2433,Y892_MYCTU,P9WNG1,Rv0892,setA,,,480.0,10000.0,0.9999964231827624,7.153425691978621e-17,0.0987354763420099,2330.0,3.4866764949948754,0.1154433216837439,259.0,5.0,6.346095085144043
2434,Y940_MYCTU,P9WKP1,Rv0940c,setA,,,287.0,10000.0,0.995095743591224,4.043914833910129e-08,0.0702281868358437,2407.0,5.026255942254501,0.0449121523434342,129.0,6.0,1.3379637002944946
2435,RS182_MYCTU,P9WH47,Rv2055c,setA,,,63.0,10000.0,0.9999998735626946,0.0008342035229139,0.6942522541200962,22.0,2.689112399077397,0.1370547300937457,25.0,3.0,3.2174885272979736
2436,UREG_MYCTU,P9WFE3,Rv1852,setA,,,205.0,10000.0,0.9893927612484312,1.3626272165393261e-12,0.0011669289979778,6881.0,4.638696970788508,3.1556211510289542e-09,93.0,5.0,4.286005020141602
2437,Y474_MYCTU,P9WMH9,Rv0474,setA,,,112.0,10000.0,0.9818263736423988,4.65422389863732e-14,8.25150965889453e-06,9390.0,6.228706904319977,9.710407628387125e-07,25.0,4.0,1.338713526725769
2438,Y508_MYCTU,P9WKS9,Rv0508,setA,,,86.0,10000.0,0.999989970832073,2.328993896420149e-05,0.2052191316003788,877.0,3.3898099265306207,0.2052191316003788,28.0,3.0,1.329154372215271
2439,Y2286_MYCTU,P9WLE7,Rv2286c,setA,,,220.0,10000.0,0.9930583539138363,2.3645751568830282e-08,0.025233180890624,3108.0,3.87975893218164,0.8999882784011555,94.0,4.0,1.332556962966919
2440,Y2311_MYCTU,P9WLC1,Rv2311,setA,,,99.0,10000.0,0.9999986267507212,6.888514634883426e-06,0.2764589464673859,161.0,3.1089329707196107,0.1508796205756158,43.0,3.0,3.4177732467651367
2442,XERD_MYCTU,P9WF33,Rv1701,setA,,,282.0,10000.0,0.9998683157617828,1.8870009668898407e-17,6.172868776402298e-05,8287.0,4.652087890445951,1.0349784551374844e-08,57.0,3.0,3.1043789386749268
2443,Y2003_MYCTU,P9WJZ5,Rv2003c,setA,,,202.0,10000.0,0.9997474524802632,1.8056133994233063e-11,0.090605612702287,2296.0,3.2521913137427463,0.0411352683600668,118.0,6.0,1.339414358139038
2444,Y2567_MYCTU,P9WL97,Rv2567,setA,,,789.0,10000.0,0.7034654237926288,2.0970429286631927e-35,5.047746592133758e-17,9962.0,3.5420014052699726,4.673378570555638e-09,265.0,4.0,2.9896926879882812
2445,Y1828_MYCTU,P9WME7,Rv1828,setA,,,203.0,10000.0,0.9976036526992794,1.0207145354318477e-12,0.0033158864722584,6390.0,4.961905367122212,5.571418369439959e-05,47.0,2.0,9.021252632141112
2446,Y2994_MYCTU,P9WJW7,Rv2994,setA,,,400.0,10000.0,0.813414043347709,8.969123776103959e-23,6.85594912218188e-10,9905.0,4.447758168813528,6.159412995752159e-18,201.0,4.0,6.903019428253174
2447,Y3189_MYCTU,O53335,Rv3189,setA,,,198.0,10000.0,0.999693644690233,5.603413211874568e-09,0.0211044976421633,4050.0,3.711942346842819,0.0211044976421633,92.0,4.0,3.0630404949188232
2448,ZFPP_MYCTU,P9WFF5,Rv1086,setA,,,248.0,10000.0,0.934373801231046,1.063912342803277e-12,0.0001194733644867,8183.0,4.572537532911819,3.24732590113868e-07,73.0,4.0,5.466148853302002
2449,Y2273_MYCTU,P9WLF3,Rv2273,setA,,,51.0,10000.0,0.9999964069965968,0.0015266634563284,0.2827032230516193,49.0,2.355355928949032,0.1872821633138174,12.0,1.0,1.3365517854690552
2451,VPB43_MYCTU,P9WL41,Rv2871,setA,,,76.0,10000.0,0.9999540591938452,2.542307123260852e-05,0.5290714657247904,100.0,2.9835105983781345,0.3011622558889413,41.0,4.0,1.3299200534820557
2452,VPB22_MYCTU,P71622,Rv2830c,setA,,,69.0,10000.0,0.9998673601623532,1.820005404797809e-05,0.6036534585381046,63.0,2.567150378959668,0.7465280660458108,39.0,3.0,1.3349140882492063
2453,VPB46_MYCTU,P9WF13,Rv3385c,setA,,,91.0,10000.0,0.9992683499133268,4.791427362798234e-06,0.024382591167278,3635.0,3.59196463835809,0.0375896990268481,37.0,3.0,3.633458614349365
2454,VPB41_MYCTU,P9WJ21,Rv2601A,setA,,,80.0,10000.0,0.999974983654734,0.0001953828645388,0.0131918855487954,4438.0,3.2700001333542232,0.0131918855487954,33.0,2.0,7.6757893562316895
2455,Y1425_MYCTU,P9WKC1,Rv1425,setA,,,353.0,10000.0,0.9989399787303808,3.910270045965033e-13,0.0756137075571739,2436.0,4.981850173807236,0.0105632219929836,140.0,6.0,4.4118475914001465
2456,Y2876_MYCTU,P9WL39,Rv2876,setA,,,55.0,10000.0,0.9989125698850362,6.2898437403076925e-06,0.056318322525084,1767.0,2.314631593149875,0.0002557347171187,33.0,3.0,1.3245795965194702
2457,TCRY_MYCTU,O69729,Rv3764c,setA,,,427.0,10000.0,0.9257685942818484,4.267988067296658e-24,0.0007464548918838,7365.0,3.23153808882431,9.821757103806284e-05,193.0,5.0,3.150648593902588
2458,Y751_MYCTU,P9WFI7,Rv0726c,setA,,,284.0,10000.0,0.999995346928546,4.093032292998581e-09,0.1535800525586986,1327.0,4.378747577693138,0.0039663141443085,194.0,7.0,3.442115068435669
2459,Y0571_MYCTU,P9WHK1,Rv0571c,setA,,,420.0,10000.0,0.9987761550951372,7.487059987680802e-27,0.076783370245386,2648.0,5.912848621869469,0.612508053542047,200.0,9.0,7.062948703765869
2460,YAJC_MYCTU,P9WL75,Rv2588c,setA,,,87.0,10000.0,0.9999913900874552,5.464259408492028e-12,0.2870328895638662,998.0,2.652727654434643,0.0123224905933604,30.0,3.0,1.3363021612167358
2461,Y027_MYCTU,P9WM99,Rv0027,setA,,,101.0,10000.0,0.9997175049348396,7.922965367001169e-08,0.2159161563760809,639.0,2.8442270807852785,0.0558794814753032,83.0,5.0,3.0690507888793945
2462,Y2082_MYCTU,Q10690,Rv2082,setA,,,346.0,10000.0,0.9987517849671944,2.5502929287453937e-17,0.0056985440452307,5748.0,8.050214080941911,0.0859017589146628,193.0,22.0,6.089073181152344
2463,Y2205_MYCTU,P9WMT7,Rv2205c,setA,,,286.0,10000.0,0.9298280414427716,1.2385659709170625e-12,4.140993919744735e-06,9451.0,4.439020457054774,7.148746265226637e-05,85.0,5.0,1.3489761352539062
2464,YQGF_MYCTU,P9WGV7,Rv2554c,setA,,,140.0,10000.0,0.999993364741298,4.963968248953987e-10,0.0048158868270089,5776.0,3.0208897022638856,3.111251444509223e-06,56.0,3.0,1.3372076749801636
2465,Y2886_MYCTU,P9WL35,Rv2886c,setA,,,157.0,10000.0,0.987438904987597,7.010564609908688e-07,0.0018872890069161,7081.0,4.0817401259966575,4.352105112410451e-06,51.0,4.0,5.000561714172363
2466,Y1462_MYCTU,P9WFP5,Rv1462,setA,,,375.0,10000.0,0.9993665524956404,5.605687349513378e-11,0.0279892856765835,3967.0,3.632590901518007,0.005488337129784,134.0,4.0,3.310166835784912
2467,Y3292_MYCTU,P9WL01,Rv3292,setA,,,404.0,10000.0,0.9999663746877396,1.354663252209542e-15,0.04628637106315,3310.0,3.1364429282034405,0.0001437403138065,187.0,4.0,5.038393974304199
2468,Y1281_MYCTU,P9WQJ5,Rv1281c,setA,,,582.0,10000.0,0.4656434283927805,3.6127287245596454e-43,3.6579189272025024e-17,9963.0,4.815059293351424,2.236339070043365e-08,196.0,5.0,3.916369676589966
2469,VPC22_MYCTU,P71623,Rv2829c,setA,,,129.0,10000.0,0.9991236771939982,3.9662757014517287e-10,0.0329248084600198,3290.0,3.833352367704332,0.0002390261688349,58.0,7.0,7.454803466796875
2470,Y1823_MYCTU,P9WFG1,Rv1823,setA,,,235.0,10000.0,0.9999490259774364,2.0881627805683915e-13,0.0557391435414312,3134.0,3.56127279073054,6.930224216370361e-05,82.0,6.0,11.875253677368164
2471,Y1866_MYCTU,P95149,Rv1866,setA,,,779.0,10000.0,0.7379658505203097,9.639455490940887e-21,7.981676815824089e-07,9358.0,3.813272226551462,5.972692805422115e-08,367.0,4.0,3.487593412399292
2472,Y2913_MYCTU,P9WJH9,Rv2913c,setA,,,581.0,10000.0,0.9959958907162156,2.503444341691837e-22,0.0090212913254852,5131.0,3.041428155105128,0.0004291070595368,211.0,3.0,6.60540771484375
2473,Y1910_MYCTU,P9WFN5,Rv1910c,setA,,,144.0,10000.0,0.9959435474404408,6.751552548583125e-07,0.0692926121349076,2298.0,2.8382818223401367,4.704401779110013e-05,69.0,4.0,1.3391492366790771
2474,RS17_MYCTU,P9WH51,Rv0710,setA,,,93.0,10000.0,0.9999965578920798,3.61281921966665e-11,0.4229637996512901,539.0,2.612419382778231,0.6582279300044647,38.0,3.0,1.3337197303771973
2475,Y887_MYCTU,P9WKQ3,Rv0887c,setA,,,147.0,10000.0,0.9997314949807534,2.6516170743065283e-13,0.0095188777096971,5243.0,3.072071048827934,0.0095188777096971,60.0,3.0,1.3460017442703247
2476,Y895_MYCTU,P9WKA3,Rv0895,setA,,,410.0,10000.0,0.998516253623678,7.40078687623471e-15,0.1007850089046032,2496.0,2.983738301513917,0.0403269281872546,202.0,5.0,1.3307620286941528
2477,WAG31_MYCTU,P9WMU1,Rv2145c,setA,,,200.0,10000.0,0.9238374197330624,5.86730162802883e-14,4.6128382074998843e-07,9524.0,4.2594150623531695,3.602472544567432e-09,40.0,3.0,22.94145965576172
2478,Y2190_MYCTU,P9WHU3,Rv2190c,setA,,,291.0,10000.0,0.4984295744507706,3.930688662992825e-38,4.8718765933767546e-21,9963.0,5.7998892757934,6.891458111796438e-18,68.0,4.0,5.054919719696045
2479,Y1287_MYCTU,P9WME3,Rv1287,setA,,,145.0,10000.0,0.9961310638258558,4.950168391161017e-10,0.003938385421223,6179.0,2.650593592618553,0.0955146552451055,35.0,2.0,16.680789947509766
2480,Y943_MYCTU,P9WKN7,Rv0943c,setA,,,210.0,10000.0,0.999828475207324,2.7122781102003484e-17,0.1996303412918745,1060.0,4.077574690710334,0.3570813977515735,126.0,6.0,1.342491626739502
2481,Y3399_MYCTU,P9WFH1,Rv3399,setA,,,235.0,10000.0,0.995467758145561,1.070116009017694e-10,0.0145124713538698,4562.0,2.46163105241885,0.002168004921102,97.0,3.0,3.412485122680664
2482,Y917_MYCTU,P9WPR7,Rv0917,setA,,,499.0,10000.0,0.9780318734980936,2.193807375719316e-21,0.0046299737318521,5655.0,2.4082802939799937,0.0046299737318521,224.0,5.0,10.102068901062012
2483,Y1063_MYCTU,P9WIY9,Rv1063c,setA,,,239.0,10000.0,0.999356891805502,2.999124291371033e-17,0.0002754647765209,7413.0,3.237346038516912,0.2637349980031327,103.0,5.0,13.108040809631348
2484,Y1520_MYCTU,P9WLV5,Rv1520,setA,,,309.0,10000.0,3.2493453234000504e-06,1.2004237371788374e-38,7.042055745518605e-27,10000.0,7.11423898137525,4.109801668770047e-28,68.0,3.0,10.353525161743164
2485,Y2300_MYCTU,P9WLD7,Rv2300c,setA,,,260.0,10000.0,0.9977827403372354,3.177456859246058e-08,0.0388633826424533,2917.0,3.928042201874713,0.0022248089947469,138.0,3.0,3.614999532699585
2486,Y1320_MYCTU,P9WQ29,Rv1320c,setA,,,497.0,10000.0,0.9997245670132316,1.4851306931747144e-25,0.1272752549193435,2048.0,2.851902753206773,2.3544874299178577e-05,304.0,4.0,3.255795478820801
2487,Y2639_MYCTU,P9WFN9,Rv2639c,setA,,,101.0,10000.0,0.9999989894844648,9.3209714188905e-07,0.2159161563760809,917.0,2.215079847027857,0.0558794814753032,54.0,3.0,1.338639497756958
2488,Y1829_MYCTU,P9WLR5,Rv1829,setA,,,128.0,10000.0,0.9990644005122244,8.482517602762745e-12,0.0010492320309779,6678.0,3.5244552647290472,1.835418993168968e-09,33.0,3.0,27.152374267578125
2489,Y3129_MYCTU,P9WL05,Rv3129,setA,,,82.0,10000.0,0.999981548544588,3.6426404877958e-11,0.25518838094647,745.0,3.786852526924006,0.8331946584222498,40.0,3.0,4.505734920501709
2490,TCRA1_MYCTU,O07776,Rv0602c,setA,,,182.0,10000.0,0.9948741860443394,2.7449816729695252e-08,0.1400607127968195,1322.0,3.592722250162182,0.0141109995679498,73.0,3.0,1.3367140293121338
2491,Y2577_MYCTU,P9WL81,Rv2577,setA,,,468.0,10000.0,0.9979439174191904,7.988895797555553e-23,0.0145042417584836,4753.0,5.412626730322777,0.0384246548875995,217.0,7.0,1.338384747505188
2492,Y2565_MYCTU,P9WIY7,Rv2565,setA,,,511.0,10000.0,0.998973840175022,1.0736791400274322e-21,0.0008366372295893,6748.0,3.510861722586824,2.1322719926720874e-13,249.0,4.0,1.3396271467208862
2493,Y2636_MYCTU,P9WL55,Rv2636,setA,,,205.0,10000.0,0.9997815382304596,1.6479354899817871e-09,0.2326786965683378,1003.0,3.667134421163551,0.6439274422196091,99.0,3.0,1.3438762426376345
2494,Y1708_MYCTU,P9WLT1,Rv1708,setA,,,277.0,10000.0,0.4041777119154883,2.792995556846238e-29,3.4144906141195977e-12,9954.0,5.374924601769898,8.737845207927221e-16,47.0,4.0,7.636773109436035
2496,Y2667_MYCTU,P9WPC7,Rv2667,setA,,,214.0,10000.0,0.9998586813936796,4.5942758672770886e-08,0.1689139179867658,897.0,3.725223188096432,0.5102237409523422,112.0,3.0,1.3336666822433472
2498,Y2898_MYCTU,P9WFM9,Rv2898c,setA,,,113.0,10000.0,0.997512476643306,1.1101458949491908e-06,0.2732349665088768,357.0,2.4675897723981484,0.1551886980849482,47.0,4.0,1.3369295597076416
2499,Y2030_MYCTU,P9WLM1,Rv2030c,setA,,,602.0,10000.0,0.9968727749364932,1.257900564270401e-28,0.0370189690064063,3616.0,5.967295086985171,0.0011443643906326,316.0,8.0,1.330268383026123
2500,WHIA_MYCTU,P9WF45,Rv1423,setA,,,324.0,10000.0,0.2107417919561434,6.103302420123347e-28,1.221017610335695e-16,9996.0,4.326417273456213,3.397434224512496e-18,258.0,5.0,1.3381400108337402
2501,VAPB7_MYCTU,O06777,Rv0662c,setA,,,81.0,10000.0,0.9981164707075932,4.952374976032459e-06,0.2488106951862405,105.0,3.631410967297833,0.2488106951862405,41.0,4.0,3.079113245010376
2502,Y2226_MYCTU,P9WLH9,Rv2226,setA,,,451.0,10000.0,0.9818126143791248,3.7611716203615383e-16,0.0001247316083865,7793.0,3.7139696812636935,0.1541118735013623,160.0,5.0,33.644752502441406
2503,Y1337_MYCTU,P9WM21,Rv1337,setA,,,205.0,10000.0,0.9997815382304596,4.3505568476022325e-10,0.0738837739078035,2901.0,3.658739118507819,0.002466123256135,93.0,4.0,11.688364028930664
2504,VPB14_MYCTU,P95262,Rv1952,setA,,,70.0,10000.0,0.9998859703191284,9.191946488877824e-06,0.179361108511576,427.0,2.2674586240599464,0.0513116365126922,39.0,3.0,1.3373063802719116
2505,VPB30_MYCTU,P9WJ35,Rv0623,setA,,,78.0,10000.0,0.9975021578260744,1.5597106378299544e-05,0.1118164828860289,56.0,2.135276313978222,0.0749483529513129,31.0,3.0,1.332574486732483
2506,VPB44_MYCTU,P9WJ17,Rv3321c,setA,,,65.0,10000.0,0.9999999277633412,0.0005220462908315,0.3115015895588265,165.0,3.004091787260641,0.7126448984473942,20.0,2.0,19.09469413757324
2507,Y3095_MYCTU,P9WMG3,Rv3095,setA,,,146.0,10000.0,0.9999962895187484,2.966802443960763e-06,0.072572769177911,2078.0,4.68863257919294,0.0532500024248119,64.0,4.0,6.5396647453308105
2508,Y1488_MYCTU,P9WPR9,Rv1488,setA,,,308.0,10000.0,0.9999498220175574,2.5088794417241515e-22,0.1303883919043781,1635.0,5.614029657202641,0.2625730416872148,120.0,9.0,6.939091682434082
2509,Y1518_MYCTU,P9WLV9,Rv1518,setA,,,279.0,10000.0,0.9998528467775112,9.092094737547043e-11,0.0402678315286122,2731.0,4.138375584859746,0.0246937990350519,145.0,4.0,1.3302444219589231
2510,Y1543_MYCTU,P9WGS1,Rv1543,setA,,,290.0,10000.0,0.98545962026515,3.6272114915536475e-24,0.0228315294701296,4135.0,3.0177635163463767,0.0467157426364899,149.0,4.0,1.333442449569702
2511,WHB2A_MYCTU,O53353,Rv3260c,setA,,,68.0,10000.0,0.9998457288309626,6.2692897791816985e-06,0.2413684319505959,761.0,2.837263393091637,0.1120836554544025,43.0,6.0,3.0479159355163574
2512,WBBL_MYCTU,P9WMY3,Rv3265c,setA,,,295.0,10000.0,0.999918673105447,1.6330148051456952e-14,0.1402548764150929,1750.0,3.813428700815789,0.7123495649399055,58.0,3.0,4.411482334136963
2513,Y3400_MYCTU,P9WKZ7,Rv3400,setA,,,247.0,10000.0,0.9995206979987982,2.298157551213164e-13,0.0010965414981358,6764.0,3.813523411683863,0.0003684335630218,90.0,4.0,4.531825065612793
2514,UVRD2_MYCTU,P9WMP9,Rv3198c,setA,,,653.0,10000.0,0.8886399227054615,2.7485424395827134e-40,6.558139321507451e-15,9919.0,3.625010739383767,2.1479907174586757e-19,199.0,5.0,1.351337432861328
2515,Y2308_MYCTU,P9WLC5,Rv2308,setA,,,184.0,10000.0,0.9993986982528132,2.16549845046439e-07,0.1821382468426423,736.0,3.069757355269012,0.1128505230615286,92.0,4.0,1.3319681882858276
2516,Y2468_MYCTU,P9WLA7,Rv2468c,setA,,,143.0,10000.0,0.999650520371805,1.3057547657119358e-25,0.0175315391591798,4450.0,6.482542793529908,0.1220168745754821,88.0,30.0,1.3355624675750732
2517,Y1319_MYCTU,P9WQ31,Rv1319c,setA,,,495.0,10000.0,0.5023725173499053,7.948751376195196e-29,9.886914664124771e-21,9968.0,9.678715321020064,1.8917042832242625e-24,163.0,21.0,11.911602973937988
2518,VPB47_MYCTU,P9WF23,Rv3407,setA,,,88.0,10000.0,0.999027686195054,2.356218909987381e-07,0.2933791324777273,200.0,4.452340299485196,0.4998761870871012,32.0,3.0,4.431127548217773
2520,VPB40_MYCTU,P9WFC3,Rv2595,setA,,,77.0,10000.0,0.999960530775474,0.0001345833833376,0.672329392605238,26.0,2.943302139038118,0.672329392605238,36.0,3.0,1.3328465223312378
2521,Y1364_MYCTU,P9WLZ7,Rv1364c,setA,,,583.0,10000.0,0.9996819471843184,2.80205148095011e-29,0.0274166961054312,4121.0,3.4946987366935565,0.0838599987194606,242.0,4.0,1.3352259397506714
2522,CLPS_MYCTU,P9WPC1,Rv1331,setA,,,76.0,10000.0,0.9999540591938452,5.1410329171975686e-11,0.1035980327761506,2022.0,2.42027352431077,0.6643356035579472,14.0,2.0,9.242740631103516
2523,GLST_MYCTU,P9WGB9,Rv1373,setA,,,304.0,10000.0,0.9993767463320896,7.213886358841147e-11,0.0688383004006233,2727.0,2.5991791565139124,0.0280720749487169,149.0,3.0,2.8191843032836914
2524,CMTR_MYCTU,P9WMI9,Rv1994c,setA,,,90.0,10000.0,0.9999945545767056,8.061895252786152e-07,0.0544252960416394,2720.0,3.3170375865693345,0.0031884928276309,30.0,3.0,1.3360012769699097
2525,GLTR1_MYCTU,P9WMX7,Rv2957,setA,,,213.0,10000.0,0.9998516667736742,8.461825619039935e-12,0.0651829414113575,2639.0,2.1459380060156543,0.3052525727840497,108.0,3.0,1.334786295890808
2526,APT_MYCTU,P9WQ07,Rv2584c,setA,,,174.0,10000.0,0.9999550763455274,1.3244676391646282e-12,0.1239228279536273,1788.0,3.342864503942911,0.0409568138262712,62.0,3.0,3.381556272506714
2527,FAD11_MYCTU,P9WQ53,Rv1550,setA,,,453.0,10000.0,0.9973823379076814,7.417578824510792e-15,0.027803444353542,3914.0,4.474452848717966,0.4957541860967741,207.0,7.0,9.129464149475098
2528,APBC_MYCTU,P9WJN7,Rv1229c,setA,,,349.0,10000.0,0.9952305643544276,5.631029166127409e-27,0.0020307572136133,6489.0,3.286389044977956,0.0059942410718255,123.0,5.0,3.417154312133789
2529,CLPX_MYCTU,P9WPB9,Rv2457c,setA,,,328.0,10000.0,0.980914412639853,1.958871900150208e-16,0.0007053809856251,7817.0,4.355298826755737,0.0383885269565125,55.0,2.0,40.331180572509766
2530,DDN_MYCTU,P9WP15,Rv3547,setA,,,149.0,10000.0,0.9997646809801688,3.075876493963417e-07,0.2873685738507549,274.0,3.3288600758009084,0.1365922410680657,102.0,6.0,9.395892143249512
2531,CHLEP_MYCTU,P9WJX7,Rv0191,setA,,,388.0,10000.0,0.9995330997443548,1.2421956126354526e-17,0.0002480912176089,7514.0,3.506510601119844,0.0586580510727028,144.0,3.0,3.1110451221466064
2532,CHLER_MYCTU,P9WMD3,Rv1353c,setA,,,215.0,10000.0,0.9998653657615846,2.9701505187233627e-19,0.1373040799312015,1845.0,3.640890324906438,0.8279906315021425,113.0,6.0,6.961240768432617
2533,ABC1_MYCTU,O65934,Rv1747,setA,,,696.0,10000.0,0.7606951356488105,7.40238526512599e-33,1.0830875007702699e-11,9683.0,4.60850953189254,1.0113660555065488e-25,208.0,4.0,1.3325921297073364
2534,A85B_MYCTU,P9WQP1,Rv1886c,setA,,,285.0,10000.0,0.9948645764418056,1.2249901219508482e-22,2.5515440064934075e-06,8637.0,5.854835184089169,0.0001461292687067,124.0,11.0,5.826476097106934
2535,3O1D1_MYCTU,P71864,Rv3537,setA,,,558.0,10000.0,0.0072168377137232,2.716323939151546e-57,5.9220535093935785e-27,10000.0,3.8703482891983048,6.286711867899627e-25,194.0,5.0,23.08928871154785
2536,CAS6_MYCTU,P9WPJ1,Rv2824c,setA,,,253.0,10000.0,0.9996156710617768,5.0926836751358486e-11,0.0569547217665185,3055.0,3.3931999563503035,0.7665740738452411,115.0,6.0,24.28847885131836
2537,COABC_MYCTU,P9WNZ1,Rv1391,setA,,,397.0,10000.0,0.9999586997347758,4.559332053463227e-14,0.1087462655513487,2132.0,3.1517779719263954,0.0525954453140501,150.0,3.0,1.3301726579666138
2538,CRCB1_MYCTU,P9WP63,Rv3069,setA,,,117.0,10000.0,0.9999389800251232,4.1860484297305674e-08,0.2245507123933858,550.0,3.5258983717216807,0.2923137843897797,49.0,3.0,3.378927707672119
2539,FTSW_MYCTU,P9WN97,Rv2154c,setA,,,391.0,10000.0,0.9978625204245412,3.250159126542193e-17,0.0003593723968718,7199.0,3.445668615380713,2.138308529706545e-07,77.0,2.0,3.04772686958313
2540,CRLS_MYCTU,P9WPG5,Rv1822,setA,,,180.0,10000.0,0.9992713040968988,6.889501017232771e-13,0.0009631038282875,7182.0,4.100101744465576,0.2690379194055692,66.0,3.0,5.086109638214111
2541,FTSQ_MYCTU,P9WNA1,Rv2151c,setA,,,247.0,10000.0,0.9877420692563776,2.51314283648487e-16,0.0184561677012408,4055.0,4.185483199428325,0.0030277636625894,93.0,3.0,1.330744743347168
2542,Y504_MYCTU,P9WFK3,Rv0504c,setA,,,150.0,10000.0,0.9997797100657202,4.284917060711488e-06,0.0308389624622016,2814.0,4.1756026701381685,0.3617268879273219,63.0,3.0,3.514354705810547
2543,UVRD1_MYCTU,P9WMQ1,Rv0949,setA,,,689.0,10000.0,0.874216706568664,1.0759868553445176e-34,8.295001225364409e-12,9730.0,5.802593739554571,4.895988255644803e-13,221.0,8.0,1.333103895187378
2544,VAPC7_MYCTU,P9WFB3,Rv0661c,setA,,,138.0,10000.0,0.9946141899023132,4.043472009274638e-08,0.0214013952233698,3647.0,2.802239280512216,0.0306001838939718,89.0,4.0,12.526572227478027
2545,VAPC6_MYCTU,P9WFB5,Rv0656c,setA,,,106.0,10000.0,0.9998247972116528,1.909140859996664e-06,0.5073653850708779,199.0,2.374610838384302,0.4042395493254731,60.0,3.0,7.162952423095703
2546,Y2569_MYCTU,P9WL93,Rv2569c,setA,,,287.0,10000.0,0.995095743591224,7.887992271977218e-19,1.528865688718411e-05,8488.0,2.739967156506032,0.1067579401482496,86.0,3.0,3.7368953227996826
2547,Y492_MYCTU,P9WMV7,Rv0492c,setA,,,615.0,10000.0,0.9991660701029866,3.765059430773727e-24,0.0342840775654731,3735.0,3.7929475559210863,0.2723431024905866,310.0,7.0,3.5255258083343506
2548,UVRC_MYCTU,P9WFC5,Rv1420,setA,,,532.0,10000.0,0.9973864820889452,2.805906627075134e-23,2.3079901273483858e-07,9157.0,6.8068785737227095,8.495821634655148e-06,182.0,6.0,4.952683448791504
2549,Y1592_MYCTU,P9WK89,Rv1592c,setA,,,427.0,10000.0,0.9960269843485136,5.2865651564923106e-15,0.0112818249660639,4974.0,2.89958058255878,1.0220123207464786e-05,187.0,4.0,11.457529067993164
2551,Y2366_MYCTU,P9WFP1,Rv2366c,setA,,,381.0,10000.0,0.9595723074900672,1.1750531132512864e-14,8.046471025456108e-05,8271.0,3.446299017637848,0.1147356881905082,153.0,3.0,4.039945602416992
2552,Y476_MYCTU,P9WKW1,Rv0476,setA,,,85.0,10000.0,0.9999883184122742,4.273810865631997e-05,0.1997962677671858,344.0,2.350885673412784,0.0665641989848624,26.0,2.0,3.038984775543213
2553,VAPB3_MYCTU,P9WJ59,Rv0550c,setA,,,77.0,10000.0,0.999960530775474,6.408732539886725e-05,0.0180850482395802,2868.0,3.23111807850704,0.0062896267770462,27.0,2.0,6.45032262802124
2554,VPB15_MYCTU,P9WLM7,Rv2009,setA,,,66.0,10000.0,0.9999999454089372,2.511570305094103e-05,0.3202986299302365,274.0,3.238728274158297,0.3202986299302365,30.0,3.0,3.691713094711304
2555,VPB11_MYCTU,P9WLU3,Rv1560,setA,,,62.0,10000.0,0.9996190050108632,2.0823465920315537e-07,0.5343980228868865,183.0,2.9726951411745075,0.1312233601514395,14.0,1.0,9.36615753173828
2556,Y2715_MYCTU,P9WNH3,Rv2715,setA,,,314.0,10000.0,0.9973724145957972,1.5806851823653934e-10,0.0093996378479351,5060.0,4.616427431452622,0.0766499820620932,151.0,6.0,10.548846244812012
2559,VPB27_MYCTU,O07779,Rv0599c,setA,,,73.0,10000.0,0.9999275913376904,7.782052028707187e-05,0.1366817952341169,639.0,2.418125720235283,0.6393545026212739,31.0,2.0,7.888542175292969
2560,VPC48_MYCTU,P9WF47,Rv3697c,setA,,,143.0,10000.0,0.9957470448642336,7.556173112222067e-05,0.207694677826649,217.0,3.612966025333772,0.0251087044669998,66.0,4.0,4.465264797210693
2561,Y2850_MYCTU,P9WPR3,Rv2850c,setA,,,458.0,10000.0,0.997584641637866,1.407039232321328e-11,0.0160313501730678,4434.0,3.524457991214765,0.0026842187707234,201.0,4.0,3.7848942279815674
2562,Y1405_MYCTU,P9WLY7,Rv1405c,setA,,,263.0,10000.0,0.5698899021240785,2.2118512672206026e-23,1.3402854385999024e-08,9745.0,3.305398053661502,1.898688886280481e-05,91.0,4.0,3.3848557472229004
2563,Y2908_MYCTU,P9WFM7,Rv2908c,setA,,,77.0,10000.0,0.9972561558317744,5.6480178947506014e-08,0.0294264741855639,2661.0,1.9734127236316616,0.0002744445464139,30.0,3.0,3.3968331813812256
2564,Y2901_MYCTU,P9WL27,Rv2901c,setA,,,98.0,10000.0,0.9999983992639576,4.560803581943247e-08,0.1048002909208729,1842.0,3.0201794962900044,0.0335034256589283,11.0,1.0,2.958282709121704
2565,Y1899_MYCTU,P9WK29,Rv1899c,setA,,,94.0,10000.0,0.958458787759364,3.427742714797336e-06,0.0180851828673596,3770.0,4.021353291256934,0.007003813833175,37.0,4.0,1.3258661031723022
2566,Y3030_MYCTU,P9WJZ1,Rv3030,setA,,,248.0,10000.0,0.3961089688262239,2.5964017327178372e-20,3.945395030684274e-08,9786.0,2.695307987441804,0.0015970089577526,106.0,3.0,6.816961288452148
2568,RPFC_MYCTU,O07747,Rv1884c,setA,,,94.0,10000.0,0.9994497430032832,1.252307219349435e-07,0.1314463963929845,1779.0,2.8908577144845484,0.6648087560210652,38.0,3.0,3.2612013816833496
2569,RECN_MYCTU,P9WHI7,Rv1696,setA,,,546.0,10000.0,0.9733913109232476,2.304465061254807e-26,0.0001921701922268,8211.0,4.066001641525125,0.0005305259673066,190.0,5.0,4.572880744934082
2570,Y647_MYCTU,P9WQI1,Rv0647c,setA,,,346.0,10000.0,0.9998162332319306,1.7372986255860298e-19,0.1036779962150925,2283.0,3.628450691781917,0.0025348252016714,110.0,5.0,3.766091346740722
2571,TRUA_MYCTU,P9WHP9,Rv3455c,setA,,,273.0,10000.0,0.99981627595303,5.3067596655764665e-11,0.0075433314609487,5017.0,4.839979778097469,0.00418466792011,86.0,3.0,1.325330376625061
2572,PG16_MYCTU,Q79FU3,Rv0977,setA,,,367.0,10000.0,0.9966160296429852,9.89188055374853e-47,0.039041080690381,3778.0,5.521382123913313,4.752427160585599e-08,193.0,8.0,1.3544281721115112
2573,PRMC_MYCTU,P9WHV3,Rv1300,setA,,,281.0,10000.0,0.9987882062310504,1.96269056717345e-13,0.0049929847594416,5667.0,5.988032649502821,0.1228538549647195,110.0,6.0,1.3386657238006592
2574,NUDC_MYCTU,P9WIX5,Rv3199c,setA,,,299.0,10000.0,0.9999298951881164,2.0833668732169874e-19,0.041795896709471,3738.0,5.051662380246079,0.0261333389498982,120.0,9.0,3.2630844116210938
2575,PPE01_MYCTU,P9WI49,Rv0096,setA,,,254.0,10000.0,0.9400918524431866,7.239737189279225e-16,1.2532554752983832e-05,8917.0,4.57397976117071,0.0159947468313448,136.0,4.0,3.630354881286621
2576,PPE03_MYCTU,P9WI45,Rv0280,setA,,,280.0,10000.0,0.9597659599959412,2.9540105059027605e-39,8.426390597416574e-05,7789.0,9.595639667608143,0.0001784241245092,266.0,135.0,1.342241287231445
2577,PPE10_MYCTU,P9WI41,Rv0442c,setA,,,301.0,10000.0,2.2690356332908383e-06,1.7152006155877645e-22,1.0347150844885526e-15,10000.0,5.403211969270121,5.096740143891632e-16,130.0,4.0,4.018039703369141
2578,PPE20_MYCTU,P9WI23,Rv1387,setA,,,293.0,10000.0,0.9999124083938216,5.0481059591088114e-14,0.137733087116304,2242.0,4.2962573587788055,0.7757804292528413,123.0,3.0,7.027160167694092
2579,PPE29_MYCTU,P9WI09,Rv1801,setA,,,178.0,10000.0,0.9999655686802876,4.777355272760865e-23,0.0447137867639626,3922.0,8.095908915730474,0.012615044154849,123.0,42.0,11.747626304626465
2580,PPE36_MYCTU,P9WI01,Rv2108,setA,,,172.0,10000.0,0.9343945850993666,3.995000016619175e-13,4.66251648992706e-06,9297.0,3.5036705978537843,4.505512812708875e-07,95.0,4.0,1.343056321144104
2581,PPE40_MYCTU,P9WHZ7,Rv2356c,setA,,,482.0,10000.0,0.0004012047258975,4.537515296046031e-46,3.2830238832565755e-24,10000.0,9.364357798907728,7.586825830183397e-19,73.0,3.0,4.529436111450195
2582,PPE45_MYCTU,P9WHZ1,Rv2892c,setA,,,170.0,10000.0,0.9921077993797276,1.7713261992524123e-09,0.1160584233488642,1589.0,3.133277719472204,0.6130689568940774,90.0,3.0,4.869259357452393
2583,PPE49_MYCTU,P9WHY5,Rv3125c,setA,,,177.0,10000.0,0.9991584754433952,3.1294211519577375e-08,0.0584416388522513,2473.0,2.475946780057911,0.2088292798747612,102.0,4.0,3.4588840007781982
2584,PPE51_MYCTU,P9WHY3,Rv3136,setA,,,162.0,10000.0,0.9999003837021788,2.2784488187813076e-08,0.2155301591753,985.0,3.692494369125112,0.3351550128285248,70.0,3.0,1.3286250829696655
2585,PPE66_MYCTU,P9WHX1,Rv3738c,setA,,,184.0,10000.0,1.0,1.0,1.0,0.0,,1.0,0.0,,
2586,PPE62_MYCTU,P9WHX7,Rv3533c,setA,,,553.0,10000.0,0.168194919675035,7.290885993905009e-51,3.405916121497275e-13,9974.0,12.394512066973087,2.3781231984910685e-17,302.0,54.0,3.475130319595337
2587,PPE63_MYCTU,P9WHX5,Rv3539,setA,,,418.0,10000.0,0.99541158146484,7.733560972715025e-16,0.0434614475595831,2953.0,3.308990596958583,0.0006292307586076,218.0,6.0,3.2146570682525635
2588,PPE69_MYCTU,P9WHW7,Rv3892c,setA,,,156.0,10000.0,0.997704704732787,3.348142585413001e-07,0.1978670303657585,550.0,3.4572573328748955,0.7469964441838879,91.0,5.0,6.834817409515381
2589,PPE17_MYCTU,P9WI27,Rv1168c,setA,,,169.0,10000.0,0.9987655373322682,3.5466230259110046e-10,0.0066809825739266,5619.0,3.815279763338393,0.519793179678716,88.0,4.0,1.3358105421066284
2590,RPOZ_MYCTU,P9WGY5,Rv1390,setA,,,83.0,10000.0,0.999984155247355,2.1595298728532946e-07,0.0400480840382957,3666.0,3.770470582782216,0.0056721749338232,30.0,4.0,1.3338866233825684
2591,SYL_MYCTU,P9WFV1,Rv0041,setA,,,928.0,10000.0,0.002012769196883,6.810523849226047e-72,7.205203875163001e-40,10000.0,8.016103607324304,7.622414932052003e-42,497.0,7.0,9.259379386901855
2592,STP_MYCTU,P9WG91,Rv2333c,setA,,,478.0,10000.0,0.9945395367333032,3.3479765455532943e-16,0.0086264153156181,5064.0,3.804856466267404,0.1140734115329833,230.0,7.0,3.088877439498902
2593,STF3_MYCTU,P9WLG1,Rv2267c,setA,,,345.0,10000.0,0.9987223217334338,3.1056868100870203e-14,0.0303557151928968,3904.0,4.138517763674026,0.0192889835919011,178.0,8.0,5.944687843322754
2594,RECC_MYCTU,P9WIQ5,Rv0631c,setA,,,1016.0,10000.0,0.8353583647702363,4.116207534289753e-26,6.018987577629766e-09,9723.0,5.42399900289806,4.146311072780165e-12,348.0,8.0,3.2277557849884033
2595,RSMI_MYCTU,P9WGW7,Rv1003,setA,,,273.0,10000.0,0.8663223135733782,2.392593117885709e-16,1.600992084921045e-05,8762.0,3.3209319359691065,4.366313626207021e-05,101.0,5.0,18.84908103942871
2596,PKNJ_MYCTU,P9WI67,Rv2088,setA,,,454.0,10000.0,0.9993654201313212,1.9947152242601266e-13,0.1346485480690408,1683.0,3.816209339518732,0.0492686194330446,221.0,3.0,9.858811378479004
2597,PKNK_MYCTU,P9WI65,Rv3080c,setA,,,955.0,10000.0,0.9448028819861384,1.5614814838759326e-39,0.0040110023493421,5757.0,4.749730882461864,0.4706834156411451,413.0,9.0,3.525309801101685
2598,RIP1_MYCTU,P9WHS3,Rv2869c,setA,,,391.0,10000.0,0.936296719687924,4.785258734299058e-13,1.3979134529864865e-05,8952.0,3.256474181159605,1.3979134529864865e-05,109.0,3.0,8.23759651184082
2599,Y0081_MYCTU,P9WMI7,Rv0081,setA,,,108.0,10000.0,0.9965602705604246,4.93203678430637e-08,0.1871868816493209,984.0,3.614102349571637,0.5195495370403564,64.0,3.0,5.906443119049072
2600,RECX_MYCTU,P9WHI1,Rv2736c,setA,,,165.0,10000.0,0.9999183471330412,1.919820796680149e-09,0.2805271254085136,916.0,3.2966233847608493,0.3460294888621498,61.0,4.0,3.408447742462158
2601,Y2484_MYCTU,P9WKB3,Rv2484c,setA,,,406.0,10000.0,0.998397576871021,9.535139302149508e-23,2.175524507683283e-05,8318.0,3.887350863682887,3.758997651283177e-09,195.0,5.0,1.331528902053833
2603,Y1354_MYCTU,P9WM13,Rv1354c,setA,,,587.0,10000.0,0.9987725929501932,1.716950498295946e-24,0.0282312583067194,3744.0,3.2374762932135965,0.1309894418388048,235.0,3.0,3.469313383102417
2604,VPB37_MYCTU,P9WJ27,Rv2104c,setA,,,82.0,10000.0,0.998285879797864,2.8377631487851976e-05,0.0587139553502838,2171.0,4.26499242950484,0.8331946584222498,32.0,3.0,1.340354084968567
2605,VPB32_MYCTU,P9WJ33,Rv1113,setA,,,64.0,10000.0,0.9999999044253438,1.2340177116496064e-07,0.5550743827707426,300.0,2.959703007241018,0.7035732508935619,21.0,3.0,12.45440673828125
2606,VPB33_MYCTU,O50456,Rv1241,setA,,,85.0,10000.0,0.9999883184122742,4.200700896905974e-06,0.6015804217864991,127.0,2.715934317434275,0.1997962677671858,42.0,4.0,1.3365800380706787
2607,VPB34_MYCTU,P9WJ31,Rv1740,setA,,,64.0,10000.0,0.9999999044253438,6.9592691238290914e-06,0.5550743827707426,147.0,1.7344710028712265,0.7035732508935619,32.0,3.0,1.3389812707901
2608,Y1842_MYCTU,P9WFP3,Rv1842c,setA,,,411.0,10000.0,0.9865004339833484,1.6048020627447872e-11,0.0272941532049751,3479.0,3.875314656784011,0.0115649457851169,177.0,5.0,5.8797125816345215
2609,YBEY_MYCTU,P9WGX9,Rv2367c,setA,,,155.0,10000.0,0.9975928710982658,1.7995189127462633e-15,0.0253597577024856,3277.0,6.431230249364611,0.0179747919828198,48.0,6.0,7.557727813720703
2610,VPB10_MYCTU,P9WLZ1,Rv1398c,setA,,,81.0,10000.0,0.9806242533581482,7.1512739611241485e-09,0.0048940618340533,5705.0,7.08976036880679,0.0008246996527296,62.0,11.0,1.3411109447479248
2611,VPB38_MYCTU,P9WJ25,Rv2493,setA,,,71.0,10000.0,0.9999019792925924,2.6855950662814425e-07,0.0068981800744614,5516.0,3.4104887089089257,0.0839775019806637,38.0,3.0,1.3255181312561035
2612,Y1815_MYCTU,P9WLR9,Rv1815,setA,,,193.0,10000.0,0.691582861712024,8.419445639776853e-17,0.0002042682453157,8426.0,6.745512692284821,8.271965523140328e-05,143.0,5.0,5.744588375091553
2613,Y3073_MYCTU,P9WL11,Rv3073c,setA,,,112.0,10000.0,0.999901384413231,9.514423896711896e-08,0.1516806966710595,1428.0,3.63569555295084,0.0263339485023838,56.0,4.0,1.3419041633605957
2614,Y1931_MYCTU,P95283,Rv1931c,setA,,,85.0,10000.0,0.9999883184122742,8.720452016090272e-10,0.3669606083692855,500.0,3.926997809151656,0.274312052346604,34.0,3.0,5.268985748291016
2615,Y1506_MYCTU,P71785,Rv1506c,setA,,,164.0,10000.0,0.998432378246081,1.4418342643326864e-08,0.059551531276875,2775.0,4.229793647804861,0.2772152567766398,98.0,6.0,12.46807098388672
2616,PSTP_MYCTU,P9WHW5,Rv0018c,setA,,,307.0,10000.0,0.9735107697880327,6.875921053731466e-19,1.308526885270822e-07,9126.0,3.388803523104704,8.148082979522799e-08,101.0,4.0,10.465360641479492
2617,PTA_MYCTU,P9WHP1,Rv0408,setA,,,659.0,10000.0,0.8918262299036291,3.9947042944693307e-29,5.34806284918664e-08,9372.0,2.7269097883133875,0.0449927724996441,203.0,4.0,1.3306069374084473
2618,Y0080_MYCTU,P9WMA5,Rv0080,setA,,,115.0,10000.0,0.9999260546649764,1.440257145659838e-06,0.1622539691977319,571.0,3.545434302108035,0.3628450938770879,163.0,11.0,1.3312827348709106
2619,Y2191_MYCTU,P9WLJ1,Rv2191,setA,,,524.0,10000.0,0.6942476350956476,3.2669277298141052e-24,7.484724165296876e-05,9618.0,5.384444552904598,7.218507345834647e-07,230.0,7.0,3.4188785552978516
2620,VAPB4_MYCTU,P9WF21,Rv0596c,setA,,,84.0,10000.0,0.9999863946735704,4.0428646230980654e-08,0.2679411701873415,396.0,2.4413331654861308,0.5939882493667966,30.0,3.0,1.335569143295288
2621,Y221_MYCTU,P9WKB7,Rv0221,setA,,,443.0,10000.0,0.9969260434289564,2.0413097030594159e-25,2.059698966605852e-08,9508.0,3.7516019853508102,5.837524617203508e-06,226.0,6.0,13.628610610961914
2623,UDGB_MYCTU,P9WM53,Rv1259,setA,,,267.0,10000.0,0.9999893024776416,1.1094398294073736e-09,0.1925171510608506,1455.0,3.3824450924374005,0.1061177501351851,115.0,4.0,6.128823757171631
2624,WHIB6_MYCTU,P9WF37,Rv3862c,setA,,,63.0,10000.0,0.9404472688255072,1.4224365504076447e-05,0.0062212534918915,5385.0,4.972205827561655,0.0032980139247493,194.0,52.0,1.343935489654541
2625,Y3480_MYCTU,P9WKA7,Rv3480c,setA,,,376.0,10000.0,0.9993812312286312,2.200046422236752e-15,0.0145726998218326,4695.0,9.409394948917027,0.0182813148461131,170.0,22.0,6.412536144256592
2626,VAPB5_MYCTU,P9WF19,Rv0626,setA,,,83.0,10000.0,0.9984401671284038,1.5175710551142084e-05,0.1331393826945155,981.0,2.959312683164299,0.0400480840382957,47.0,3.0,7.664581775665283
2627,Y2310_MYCTU,P9WLC3,Rv2310,setA,,,112.0,10000.0,0.999999813587024,4.125754829447265e-06,0.3469368910624262,441.0,2.5725046012471875,0.0560578416937403,44.0,4.0,7.348114967346191
2628,Y3087_MYCTU,P9WKB1,Rv3087,setA,,,449.0,10000.0,0.9998891990426176,8.34752472797567e-14,0.0267621783802862,4043.0,4.589223667419168,0.269018226203581,247.0,8.0,1.3330912590026855
2629,WHIB3_MYCTU,P9WF41,Rv3416,setA,,,80.0,10000.0,0.999974983654734,9.553003764161978e-06,0.120220675568443,1523.0,2.60744562979132,0.2424351142427097,34.0,3.0,6.216912746429443
2630,Y1280_MYCTU,P9WGU5,Rv1280c,setA,,,522.0,10000.0,0.96719883448982,3.489308133913544e-25,6.816317786708428e-07,9047.0,4.354577255664987,3.041092274915765e-05,186.0,6.0,4.582225799560547
2631,RL28A_MYCTU,P9WHB1,Rv0105c,setA,,,72.0,10000.0,0.9999999898535324,3.399786281710132e-07,0.6306885744220877,123.0,2.701490488129402,0.2713244796894019,57.0,5.0,3.60981559753418
2632,TATB_MYCTU,P9WG99,Rv1224,setA,,,68.0,10000.0,0.9998457288309626,3.543292473218401e-07,0.3377803162489643,231.0,2.82382807484751,0.0460161306062552,21.0,3.0,3.318718194961548
2633,TATC_MYCTU,P9WG97,Rv2093c,setA,,,252.0,10000.0,0.999977737967498,1.694099626822846e-12,0.0064257470139855,5328.0,4.43783822280602,0.0002060563464194,64.0,3.0,2.7001874446868896
2634,PPMNT_MYCTU,O53493,Rv2051c,setA,,,717.0,10000.0,0.9941490125220848,1.3652694005821774e-31,3.066945503384225e-10,9631.0,4.436647286801796,5.384080178803321e-07,231.0,4.0,3.271845817565918
2636,ODP1_MYCTU,P9WIS9,Rv2241,setA,,,880.0,10000.0,0.9865718953375197,3.372417264262925e-29,0.0013802604535139,6294.0,4.349053098222738,3.4151529611367737e-06,222.0,4.0,3.352902412414551
2637,LEU1_MYCTU,P9WQB3,Rv3710,setA,,,562.0,10000.0,0.4884810559510871,7.473006511360369e-57,1.7351608398251361e-09,9827.0,12.55571538234953,4.513180055821257e-11,233.0,51.0,1.3319364786148071
2638,NUOH_MYCTU,P9WIX1,Rv3152,setA,,,350.0,10000.0,0.7444477161091746,1.4127564363354622e-19,3.170651560146786e-08,9484.0,6.392807998870908,9.273039681804538e-05,110.0,7.0,7.630402088165283
2639,RELA_MYCTU,P9WHG9,Rv2583c,setA,,,593.0,10000.0,0.9680946604677824,2.7010825357020225e-17,0.0003149717060241,7238.0,4.239024644626346,6.857250357886205e-05,136.0,2.0,7.6962199211120605
2640,SENX3_MYCTU,P9WGK5,Rv0490,setA,,,341.0,10000.0,0.7298338341156999,7.493701681619346e-34,2.8325034678469475e-17,9905.0,4.982510324078585,8.104441805442679e-19,85.0,5.0,3.546213388442993
2641,SECA2_MYCTU,P9WGP3,Rv1821,setA,,,662.0,10000.0,0.9957789283530956,5.444617249686879e-29,0.0002011253746018,7125.0,3.7644636450000064,6.163630748669366e-14,183.0,4.0,5.234436511993408
2642,TGS1_MYCTU,P9WKC9,Rv3130c,setA,,,342.0,10000.0,0.9986297278505524,1.8976776331914552e-18,3.609861325334487e-05,8062.0,5.594045405604453,0.029257960860971,121.0,5.0,10.012768745422363
2643,RSFA_MYCTU,P9WGE3,Rv1365c,setA,,,114.0,10000.0,0.9999186034915144,1.0330645961231932e-05,0.0842165507862506,1674.0,2.707148854390708,0.041575202612745,70.0,4.0,4.56541109085083
2644,SIGH_MYCTU,P9WGH9,Rv3223c,setA,,,144.0,10000.0,0.9959435474404408,4.553489990217919e-09,0.0258890167519661,3808.0,3.682825469334035,0.3373032144703173,40.0,3.0,1.3342219591140747
2645,SYA_MYCTU,P9WFW7,Rv2555c,setA,,,858.0,10000.0,0.7511626432557598,3.554005284954136e-49,2.9406617244586405e-18,9865.0,3.3096738106408337,1.665565259500402e-38,174.0,3.0,3.418361186981201
2646,TATA_MYCTU,P9WGA1,Rv2094c,setA,,,46.0,10000.0,0.995862711499646,0.0002758520177047,0.144568917332686,311.0,3.648533732852261,0.0072545909330104,9.0,3.0,1.335066318511963
2647,RHO_MYCTU,P9WHF3,Rv1297,setA,,,405.0,10000.0,0.4760820120584784,8.001742942120582e-31,1.3373015796650552e-12,9863.0,4.85212437276099,4.979888414637588e-11,82.0,3.0,1.338609218597412
2648,RECB_MYCTU,P9WMQ3,Rv0630c,setA,,,1032.0,10000.0,0.1951333605594374,4.663426002806624e-67,3.460997900400864e-17,9983.0,8.079822357245286,3.460997900400864e-17,459.0,11.0,8.425518989562988
2649,SPEE_MYCTU,P9WGE5,Rv2601,setA,,,475.0,10000.0,0.9995776350273736,2.1139443174484997e-29,0.0580474537702881,3228.0,3.9195325217118735,0.299927331717561,212.0,3.0,1.3370670080184937
2650,MBTB_MYCTU,P9WQ63,Rv2383c,setA,,,1240.0,10000.0,0.8612714312962304,1.258116550032554e-49,1.0180262326857027e-20,9953.0,5.15176833584484,3.273863443486098e-20,406.0,5.0,3.5863285064697266
2651,MCE3R_MYCTU,P95251,Rv1963c,setA,,,358.0,10000.0,0.99905688237071,3.6771073068814396e-16,2.9365981553241712e-05,8778.0,4.659316481733101,2.9365981553241712e-05,109.0,4.0,12.24422836303711
2652,MURF_MYCTU,P9WJL1,Rv2157c,setA,,,476.0,10000.0,0.5810737470764795,2.3763440551181797e-11,3.614546879116318e-05,9786.0,4.1754228275868215,3.614546879116318e-05,148.0,5.0,4.805290699005127
2653,SIGJ_MYCTU,L0TCG5,Rv3328c,setA,,,291.0,10000.0,0.9955276526013236,2.4900899561380805e-10,0.0592003737349403,3060.0,4.218321148671664,1.801100731796365e-05,129.0,3.0,1.33821702003479
2654,HELY_MYCTU,P9WMR1,Rv2092c,setA,,,831.0,10000.0,0.8466014352508248,4.940920846805691e-44,1.752751422562429e-17,9853.0,3.602652258966532,4.647491899449179e-20,324.0,4.0,3.5795023441314697
2655,ORN_MYCTU,P9WIU1,Rv2511,setA,,,196.0,10000.0,0.999662608891976,3.555165675875454e-11,0.0634701114875768,2394.0,4.070900966362131,0.0003616911620134,69.0,4.0,1.3229066133499146
2656,MURG_MYCTU,P9WJK9,Rv2153c,setA,,,364.0,10000.0,0.9991803816618484,5.18578847754843e-21,1.7378177529069545e-05,8411.0,3.5003272103079226,1.048291621761448e-08,136.0,5.0,3.8040852546691895
2657,MODC_MYCTU,P9WQL3,Rv1859,setA,,,354.0,10000.0,0.863239374932578,5.51050964478796e-20,5.866599888809991e-06,8977.0,4.352043366795845,6.112947276669634e-08,106.0,6.0,3.846824169158935
2658,RELE_MYCTU,O50461,Rv1246c,setA,,,81.0,10000.0,0.999978514587676,4.952374976032459e-06,0.4462211607239761,142.0,1.9379606166741463,0.5705171228607941,51.0,3.0,12.8013334274292
2659,RV203_MYCTU,I6X8R5,Rv0203,setA,,,94.0,10000.0,0.9999970462657618,0.0004399146059752,0.1314463963929845,379.0,2.794641395138475,0.7849308333681908,44.0,5.0,3.0608437061309814
2660,RS2_MYCTU,P9WH39,Rv2890c,setA,,,230.0,10000.0,0.9947744320888612,2.490888022920466e-18,0.0002890926861421,7791.0,3.766279523971921,0.0004274219821978,108.0,4.0,1.337935209274292
2661,Y767_MYCTU,P9WMD7,Rv0767c,setA,,,187.0,10000.0,0.9957206346434668,4.677937466967425e-11,0.0116112225925329,4697.0,2.395506888905933,2.7529129734379617e-06,68.0,3.0,7.773056030273437
2662,Y813_MYCTU,P9WFG9,Rv0813c,setA,,,207.0,10000.0,0.9998016778835822,2.030344281044287e-09,0.1553721579595504,1471.0,3.027632962854541,0.0342811506395519,110.0,5.0,3.110044479370117
2663,RL17_MYCTU,P9WHD3,Rv3456c,setA,,,138.0,10000.0,0.9946141899023132,8.134968940067142e-10,0.0002617274181167,7830.0,3.565428669595545,0.0011505125959305,49.0,4.0,3.251814126968384
2664,QCRC_MYCTU,P9WP35,Rv2194,setA,,,248.0,10000.0,0.9880178846826204,5.860481462743712e-17,0.0003815608853654,7031.0,3.599089552770152,0.0188097052597517,88.0,3.0,6.8099212646484375
2665,SCMU_MYCTU,P9WIB9,Rv1885c,setA,,,166.0,10000.0,0.9999235866773714,2.173518674212397e-11,0.1404535244094222,1437.0,2.3774562785919686,0.508120453637707,101.0,4.0,22.554908752441406
2666,SECE_MYCTU,P9WGN7,Rv0638,setA,,,60.0,10000.0,0.9994855219552188,0.0002549987990789,0.3777306174965006,203.0,2.693654344512717,0.51301231282104,28.0,3.0,81.09246826171875
2668,SEPF_MYCTU,P9WGJ5,Rv2147c,setA,,,86.0,10000.0,0.999989970832073,1.2919964565505547e-10,0.0692707090751881,2968.0,3.324860922353248,0.0007144950070615,14.0,2.0,37.73760223388672
2669,SYI_MYCTU,P9WFV3,Rv1536,setA,,,1026.0,10000.0,0.3021245565732762,5.337871018907654e-53,5.0633375321780005e-25,9992.0,7.540518844489967,7.295745474972951e-09,376.0,7.0,1.3415080308914185
2670,NRDZ_MYCTU,P9WH77,Rv0570,setA,,,644.0,10000.0,0.999441785148467,7.656236746171623e-21,0.0411827128579428,3641.0,3.38965395363716,0.0007893380392337,368.0,4.0,4.2514848709106445
2671,MOEZ_MYCTU,P9WMN7,Rv3206c,setA,,,370.0,10000.0,0.99015058941969,2.7073957924450682e-12,0.0022993719337562,6128.0,4.422210765598167,0.0879107250236942,139.0,7.0,26.347488403320312
2672,NADA_MYCTU,P9WJK1,Rv1594,setA,,,334.0,10000.0,0.9315125657178276,2.9983635117778177e-22,1.3214203457379642e-08,9624.0,2.834007430787875,3.417552291302727e-08,143.0,4.0,1.337396502494812
2673,PPE21_MYCTU,P9WI21,Rv1548c,setA,,,602.0,10000.0,0.9999646363559362,7.249770088454161e-19,0.1401916444267609,1390.0,3.163717699402011,0.3264129890928028,302.0,4.0,5.943026065826416
2674,PPE22_MYCTU,P9WI19,Rv1705c,setA,,,243.0,10000.0,0.9994447660600052,8.23083542508704e-10,0.0995626581795003,2190.0,4.839004300611305,0.007077328527938,109.0,3.0,3.1194872856140137
2675,PPE23_MYCTU,P9WI17,Rv1706c,setA,,,194.0,10000.0,0.9996284482599486,4.72246530989569e-08,0.1651104436367289,576.0,2.802869010947717,0.0139978679938489,81.0,3.0,5.254196643829346
2676,PPE33_MYCTU,P9WI03,Rv1809,setA,,,297.0,10000.0,0.996105940195228,3.519521580444667e-09,0.0253786422603024,3621.0,4.4806504756244925,0.0153918766894776,117.0,5.0,6.322319984436035
2677,PPE42_MYCTU,P9WHZ5,Rv2608,setA,,,537.0,10000.0,0.9975595219882516,7.032959398346359e-31,0.0071216150181296,5400.0,4.869817779192692,9.59220260034227e-05,207.0,5.0,1.334432601928711
2678,PPE44_MYCTU,P9WHZ3,Rv2770c,setA,,,213.0,10000.0,0.998334833079215,5.360542214070939e-10,0.0162247338613536,4403.0,4.091260238623999,0.6675923495184855,80.0,4.0,3.289996385574341
2679,PPE61_MYCTU,P9WHX9,Rv3532,setA,,,178.0,10000.0,0.9991978908926896,2.7441988842031728e-76,4.224669299136918e-07,7093.0,7.404157098601042,0.0020007266407366,254.0,156.0,3.49017071723938
2680,PPE68_MYCTU,P9WHW9,Rv3873,setA,,,171.0,10000.0,0.9999451670875276,4.217264876159817e-12,0.2422402069796899,1232.0,2.909378866866048,0.0280068140207838,77.0,3.0,7.17618989944458
2681,PPE65_MYCTU,P9WHX3,Rv3621c,setA,,,189.0,10000.0,0.999527249828204,1.3081493784743616e-12,0.1940431381190321,1464.0,5.967055312895187,0.5084104213824496,110.0,13.0,1.3380695581436155
2682,PPE13_MYCTU,P9WI35,Rv0878c,setA,,,341.0,10000.0,0.999985328383511,3.952893040938347e-14,0.1428395894476222,1819.0,3.167862938913764,0.000377631971866,163.0,4.0,3.296387195587158
2683,PPE14_MYCTU,P9WI33,Rv0915c,setA,,,167.0,10000.0,0.999999517795826,1.5775356393940922e-13,0.2871441062820548,1032.0,3.1102888418544423,0.0181427823660442,92.0,3.0,3.246055603027344
2684,PPE15_MYCTU,P9WI31,Rv1039c,setA,,,175.0,10000.0,0.9934048762375935,5.899095491956513e-07,0.0973073034180377,1362.0,2.673098470664195,0.0561202498073013,67.0,2.0,3.916374921798706
2685,PPE16_MYCTU,P9WI29,Rv1135c,setA,,,562.0,10000.0,0.90544318939223,5.39316701590894e-32,0.007512337258471,5368.0,8.839229375423413,0.0195025784133528,267.0,9.0,1.3328145742416382
2686,PIT_MYCTU,P9WIA7,Rv0545c,setA,,,380.0,10000.0,0.99943664239715,5.2367880283108e-18,0.0016034862094898,6352.0,3.3090494035395013,0.0446812554360763,140.0,5.0,6.319514751434326
2687,PUP_MYCTU,P9WHN5,Rv2111c,setA,,,43.0,10000.0,0.9999670303234552,0.0001424268881391,0.0101861699190277,4420.0,3.6253204238615857,0.0009271990417845,8.0,2.0,1.337048888206482
2688,HTDX_MYCTU,O53664,Rv0241c,setA,,,277.0,10000.0,0.9998415423512242,1.7916695255407781e-12,0.0775762671678804,2628.0,4.8679766955948525,0.0003339138428452,146.0,9.0,8.377179145812988
2689,SECF_MYCTU,P9WGN9,Rv2586c,setA,,,311.0,10000.0,0.9994912263015224,1.1395239661348413e-12,0.0016197321797612,6388.0,3.481097589330628,0.000115179700726,116.0,4.0,3.47424840927124
2690,MMCO_MYCTU,I6WZK7,Rv0846c,setA,,,448.0,10000.0,0.8158093002935464,6.094865839631069e-23,3.799873038054605e-08,9784.0,3.984990173946109,8.428914514548087e-10,237.0,7.0,1.3372641801834106
2691,LEP_MYCTU,P9WKA1,Rv2903c,setA,,,226.0,10000.0,0.9989643095893392,2.7746396125072092e-14,0.0001082768032138,7823.0,4.907151621982557,0.0001082768032138,82.0,8.0,2.943258047103882
2692,SYR_MYCTU,P9WFW5,Rv1292,setA,,,549.0,10000.0,0.9999001089091476,1.222816312002385e-15,0.0174735807363009,4548.0,4.0303958290922015,0.0587858777725546,181.0,4.0,2.9232640266418457
2693,SECBL_MYCTU,P95257,Rv1957,setA,,,148.0,10000.0,0.99974863219095,6.996611096128666e-08,0.2836597556571628,532.0,4.66849709670888,0.0759124336198532,39.0,3.0,5.223604202270508
2694,MFS55_MYCTU,P9WJY3,Rv1410c,setA,,,420.0,10000.0,0.9987761550951372,8.259785287289934e-17,0.0001132862313223,7420.0,3.718201396942932,0.0031707718961944,125.0,3.0,6.75290584564209
2695,KORB_MYCTU,O53181,Rv2454c,setA,,,345.0,10000.0,0.7971484834178391,1.5153815349002633e-22,1.5231529025357254e-08,9779.0,5.221431281684204,4.5174840327921744e-17,86.0,5.0,1.337514042854309
2696,MP70_MYCTU,P9WNF5,Rv2875,setA,,,160.0,10000.0,0.9981028241446328,4.543291342530081e-10,0.0071016534275222,5076.0,3.35518263166678,0.0970978794927897,48.0,3.0,1.335960030555725
2697,PNCB1_MYCTU,P9WJI9,Rv1330c,setA,,,425.0,10000.0,0.9999818688752647,7.464423378577907e-14,0.046295855740748,3002.0,4.895424819486369,0.046295855740748,172.0,5.0,3.1799633502960205
2698,Y0569_MYCTU,P9WM83,Rv0569,setA,,,57.0,10000.0,0.9999993241263636,1.0124899669685255e-05,0.3466139153420717,309.0,2.034823751189593,0.3466139153420717,27.0,3.0,18.50490951538086
2699,MODA_MYCTU,P9WGU3,Rv1857,setA,,,223.0,10000.0,0.9999086644744436,1.6842857930830009e-12,0.0007126084569149,7115.0,4.350292267126584,3.78748753637892e-06,87.0,4.0,3.9062142372131343
2700,Y909_MYCTU,P9WJ07,Rv0909,setA,,,41.0,10000.0,0.778914912323089,4.692877762215276e-08,0.0006242661951738,8885.0,4.671416205789734,0.0015346543964513,29.0,5.0,1.3318713903427124
2701,Y634A_MYCTU,P9WKS5,Rv0634A,setA,,,41.0,10000.0,0.9999427584427156,4.692877762215276e-08,0.1046022075126868,2248.0,4.429136267801632,0.5945211330032322,12.0,2.0,3.7064425945281982
2702,Y043_MYCTU,P9WMG9,Rv0043c,setA,,,211.0,10000.0,0.9982089163920996,1.4783878477657898e-13,0.0485763362459725,2784.0,2.243102045600273,2.9586837455499047e-06,102.0,4.0,3.173393964767456
2703,MTRB_MYCTU,P9WGK9,Rv3245c,setA,,,486.0,10000.0,0.8932544075904417,3.584416951833382e-18,3.356322448625365e-05,8576.0,4.508706953099496,5.0072631530037794e-08,91.0,3.0,3.5009844303131104
2704,RNH2_MYCTU,P9WH01,Rv2902c,setA,,,194.0,10000.0,0.9996284482599486,1.275429586484014e-12,0.00168081631547,6158.0,4.144016482928287,0.0260713767420727,64.0,4.0,1.3349714279174805
2705,RIPB_MYCTU,P9WHU5,Rv1478,setA,,,190.0,10000.0,0.983834864424606,6.853422425176977e-13,0.0031074323078099,6398.0,2.6336482453369308,9.804662635631823e-06,71.0,3.0,7.005513668060303
2706,TGS4_MYCTU,P9WKC3,Rv3088,setA,,,383.0,10000.0,0.9994749384795744,7.698983931704351e-15,0.1380114449745882,1608.0,3.4432350401040317,0.3886184219196591,178.0,4.0,1.3412115573883057
2707,Y100_MYCTU,P9WM65,Rv0100,setA,,,74.0,10000.0,0.9999377749009186,4.136528529334168e-05,0.3890886157753905,226.0,2.576685378257946,0.2862706412054855,34.0,4.0,7.0341949462890625
2708,MDDA_MYCTU,O05883,Rv3238c,setA,,,238.0,10000.0,0.9999559510491528,9.710456119083013e-08,0.1778691943634968,1304.0,3.131662783875875,0.9958392323277172,101.0,3.0,4.894084453582764
2709,PE15_MYCTU,P9WIH1,Rv1386,setA,,,98.0,10000.0,0.9996239533561894,7.3749164303763134e-09,0.2017089599629974,639.0,2.79998871761301,0.0219602816575158,57.0,3.0,1.33189857006073
2710,SDHC_MYCTU,O53368,Rv3316,setA,,,132.0,10000.0,0.9928559203724407,2.6198056120433502e-06,0.0078484776230442,5295.0,3.0428739609872824,0.2241787168007856,38.0,2.0,1.3457248210906982
2711,RSDA_MYCTU,P9WJ71,Rv3413c,setA,,,84.0,10000.0,0.9999863946735704,6.59133404288844e-10,0.094907307048356,1804.0,2.1158320322148803,0.2679411701873415,26.0,2.0,1.3403635025024414
2712,TGS3_MYCTU,P9WKC5,Rv3234c,setA,,,220.0,10000.0,0.9987102475694616,4.12503506538953e-16,0.0333342840459056,3584.0,3.396490164908712,0.2692126375840525,91.0,4.0,3.5807015895843506
2713,TOP1_MYCTU,P9WG49,Rv3646c,setA,,,852.0,10000.0,0.0739739465463336,3.490847457232147e-31,2.009405719478471e-15,9989.0,5.520634136304234,2.4443856988474167e-11,238.0,5.0,2.9877657890319824
2714,Y637_MYCTU,P9WFJ9,Rv0637,setA,,,156.0,10000.0,0.9999985942153768,5.488226371208755e-10,0.154096289654239,1341.0,4.977380104572556,0.1978670303657585,61.0,12.0,3.730665445327759
2715,FAMT_MYCTU,O69687,Rv3720,setA,,,394.0,10000.0,0.9651071732490876,7.890498647987105e-26,0.0003839161245538,7434.0,3.782766402583938,7.552404605915923e-06,119.0,3.0,3.382023572921753
2716,FBIB_MYCTU,P9WP79,Rv3262,setA,,,444.0,10000.0,0.3847662992153244,2.8773227295461165e-32,4.86662508985887e-13,9977.0,3.5256563159483565,7.156697728034418e-07,131.0,4.0,4.014710426330566
2717,MFTC_MYCTU,P9WJ79,Rv0693,setA,,,358.0,10000.0,0.9880927842516366,2.869120736383032e-26,1.1541169924063049e-07,9306.0,7.435027030127786,3.289545505417083e-12,128.0,10.0,7.101768970489502
2718,IRTA_MYCTU,P9WQJ9,Rv1348,setA,,,761.0,10000.0,0.9084508747617416,3.96504550866287e-22,4.684553492955866e-05,8561.0,3.970364632044042,3.9529472494993985e-08,216.0,4.0,11.954696655273438
2720,MYCP5_MYCTU,O53945,Rv1796,setA,,,424.0,10000.0,0.9886643276825322,1.0363109040472282e-32,2.4004774305049486e-09,8996.0,4.354631248422725,1.099385908809458e-06,110.0,4.0,4.200938701629639
2721,RSEA_MYCTU,L0T905,Rv1222,setA,,,73.0,10000.0,0.9960082481390764,4.272986107366346e-07,0.0001655755750788,8950.0,3.287534328335595,1.563662172337789e-05,17.0,1.0,4.339189529418945
2722,RPOA_MYCTU,P9WGZ1,Rv3457c,setA,,,297.0,10000.0,0.078627825611065,2.7756687897658385e-64,1.821963709712544e-32,9964.0,11.200364061536863,2.470698961094877e-49,274.0,59.0,6.461371421813965
2723,PPE11_MYCTU,P9WI39,Rv0453,setA,,,278.0,10000.0,0.9986787308830506,1.5095673538117188e-10,0.0501951521605007,2198.0,4.699522896101267,0.1453042674799607,117.0,6.0,1.3387326002120972
2724,PPE02_MYCTU,P9WI47,Rv0256c,setA,,,244.0,10000.0,0.9999671143486872,1.0327889803213256e-11,0.0636306098871169,2808.0,8.775016530722683,0.0072438982611953,132.0,10.0,4.468688488006592
2725,PPE04_MYCTU,P9WI43,Rv0286,setA,,,262.0,10000.0,0.9979064430951656,1.309973653569857e-09,0.0509773930517713,2239.0,3.9558321668092216,0.0141281794453596,94.0,3.0,1.3351331949234009
2726,PPE26_MYCTU,Q79FK6,Rv1789,setA,,,183.0,10000.0,0.9993690924820774,1.20576388277139e-10,0.1110881010032303,1456.0,6.000070977247546,0.1110881010032303,94.0,13.0,5.506947040557861
2727,PPE28_MYCTU,P9WI11,Rv1800,setA,,,517.0,10000.0,0.9990689534602724,2.890792865094796e-22,0.0397617923725774,3455.0,3.4710695408735064,0.1224654924601642,272.0,4.0,5.841853618621826
2728,PPE37_MYCTU,Q79FH3,Rv2123,setA,,,223.0,10000.0,0.9936245771728156,2.302465444777113e-06,0.0267688121589718,3244.0,4.370774335014008,0.0030300220052684,131.0,5.0,2.970851182937622
2729,PPE30_MYCTU,P9WI07,Rv1802,setA,,,222.0,10000.0,0.9999041217992356,3.348618314189369e-13,0.0749159758180897,2258.0,4.768897715913896,0.0262515149541916,93.0,5.0,3.898423671722412
2730,PPE32_MYCTU,P9WI05,Rv1808,setA,,,213.0,10000.0,0.998334833079215,8.461825619039935e-12,0.00072488584155,7561.0,2.7645228394181047,0.0010642832586279,69.0,2.0,21.945369720458984
2731,PPE41_MYCTU,Q79FE1,Rv2430c,setA,,,173.0,10000.0,0.93581455681571,2.0365583526689164e-08,0.0076305452422404,5070.0,5.18147711229162,0.0004539851478337,88.0,5.0,1.3283110857009888
2732,PPE12_MYCTU,P9WI37,Rv0755c,setA,,,618.0,10000.0,0.7403194822100517,1.7048823656890675e-20,1.9249379983868902e-09,9907.0,4.164544242952759,4.147248283868091e-14,285.0,6.0,1.3361823558807373
2733,PKNE_MYCTU,P9WI77,Rv1743,setA,,,464.0,10000.0,0.7824096623970095,2.88408828040441e-21,4.18713184993037e-09,9777.0,6.114320458530817,2.7198133842415957e-05,224.0,7.0,3.2029409408569336
2734,PKNG_MYCTU,P9WI73,Rv0410c,setA,,,629.0,10000.0,0.9977261796263116,9.731687032516195e-17,0.0053686551129877,5592.0,3.955119796086912,0.0019510986960412,219.0,4.0,5.059025764465332
2735,RIBBA_MYCTU,P9WHF1,Rv1415,setA,,,392.0,10000.0,0.9979031373255842,3.5987350628403106e-17,0.0001469174815168,7819.0,6.0240004137475545,7.081972045323692e-06,93.0,4.0,13.5715970993042
2736,JEFA_MYCTU,P9WJW9,Rv2459,setA,,,481.0,10000.0,0.998332868908711,8.792113963321794e-21,0.0008625743199619,6577.0,4.26938223469198,5.703242903827586e-09,213.0,6.0,6.921143054962158
2737,RADA_MYCTU,P9WHJ9,Rv3585,setA,,,418.0,10000.0,0.9997695472091004,1.3292247158026957e-13,0.0156869172885399,4457.0,3.879093310611858,0.063161770862442,183.0,5.0,1.3246915340423584
2738,RAMB_MYCTU,P9WMI1,Rv0465c,setA,,,422.0,10000.0,0.998822435291212,8.895103821533376e-13,0.0106086021048361,4928.0,2.354345208462666,0.0015231528588217,219.0,3.0,3.674906492233277
2739,RBFA_MYCTU,P9WHJ7,Rv2838c,setA,,,134.0,10000.0,0.9999881453783565,3.3466403016011376e-14,0.1010654577843235,2332.0,3.070855449545571,0.008532234761224,44.0,3.0,3.3147974014282227
2740,PRPR_MYCTU,O06581,Rv1129c,setA,,,429.0,10000.0,0.956047833421323,2.523916964476583e-28,4.033506398471132e-05,8870.0,9.599911341404171,2.109417596418985e-05,387.0,59.0,5.940701484680176
2742,PNCB2_MYCTU,P9WJI7,Rv0573c,setA,,,438.0,10000.0,0.9788823127598788,2.495536614472298e-19,0.0025447989338413,6093.0,8.715677192624836,0.0025447989338413,216.0,18.0,1.3296031951904297
2743,PHOL_MYCTU,P9WIA3,Rv2368c,setA,,,298.0,10000.0,0.9695365257697648,7.32759820250124e-12,0.0003148833276669,8151.0,4.648857822251435,7.062241835782468e-06,123.0,5.0,19.93946075439453
2744,RPFB_MYCTU,P9WG29,Rv1009,setA,,,361.0,10000.0,0.999120782643442,1.3692285944312985e-19,0.0813143701693987,2646.0,3.3797102288256458,0.0295248835271812,140.0,4.0,1.3376853466033936
2745,PKNI_MYCTU,P9WI69,Rv2914c,setA,,,405.0,10000.0,0.9996869545413932,2.2778703573628106e-12,0.0467195852507782,2970.0,4.033109698618394,0.7649532230674132,177.0,4.0,12.5367431640625
2746,PKNH_MYCTU,P9WI71,Rv1266c,setA,,,426.0,10000.0,0.3594783536402299,5.856676087004073e-30,6.5204022295231e-11,9975.0,11.30073746169831,1.17191181955356e-07,213.0,18.0,3.7826104164123535
2747,PKS1_MYCTU,P96285,Rv2946c,setA,,,1432.0,10000.0,0.9812562663400668,3.133189959315692e-36,0.0018485824611758,6362.0,5.027106985826817,0.003655021554531,692.0,5.0,5.9640913009643555
2748,SMTB_MYCTU,P9WMI5,Rv2358,setA,,,99.0,10000.0,0.9996581360296252,7.518484090771124e-12,0.0057807131113577,5673.0,2.784142787065244,0.0003771135835431,15.0,2.0,3.2720086574554443
2749,RPFD_MYCTU,P9WG27,Rv2389c,setA,,,80.0,10000.0,0.9979304754193016,1.7753369827203675e-06,0.1729795558514584,647.0,3.168916073924141,0.0814095956656383,37.0,3.0,8.515545845031738
2750,RL22_MYCTU,P9WHC1,Rv0706,setA,,,126.0,10000.0,0.999974340683472,2.2558236262196035e-10,0.0091961315436072,5309.0,3.4146577127453828,0.0038639210317158,42.0,2.0,1.3320375680923462
2751,CDH_MYCTU,P9WPG9,Rv2289,setA,,,221.0,10000.0,0.9987565225510446,4.902324686198271e-16,0.1476677051858071,1541.0,3.577995441512872,0.0938639875572831,108.0,5.0,8.06510066986084
2752,RSLA_MYCTU,P9WJ67,Rv0736,setA,,,181.0,10000.0,0.9993054672883672,2.806360613602081e-16,0.0354964439358113,3782.0,4.876441882837179,0.0010051046291496,65.0,4.0,6.867180347442627
2754,LSR2_MYCTU,P9WIP7,Rv3597c,setA,,,95.0,10000.0,0.999499654473324,2.0451633008522074e-13,0.1876140778723947,1850.0,2.1241290903618237,0.1352806803850636,18.0,2.0,11.8983793258667
2755,NTPP_MYCTU,P9WK27,Rv3282,setA,,,213.0,10000.0,0.9998516667736742,1.2764164909487378e-08,0.08365428012494,2595.0,2.5925549673000705,0.5860891870036823,109.0,3.0,9.722952842712402
2756,MP64_MYCTU,P9WIN9,Rv1980c,setA,,,202.0,10000.0,0.9997474524802632,5.322150560548005e-08,0.0703417732864556,2410.0,4.652457044206162,0.115536830076485,98.0,5.0,1.334119439125061
2757,QCRA_MYCTU,P9WH23,Rv2195,setA,,,380.0,10000.0,0.9795664694768412,9.629559387060492e-26,2.3686695099358296e-08,9109.0,6.062518205704238,1.3912665913484682e-16,98.0,6.0,6.092286109924316
2758,RS9_MYCTU,P9WH25,Rv3442c,setA,,,103.0,10000.0,0.9997666092408488,4.474889449596956e-05,0.2983470031174376,306.0,3.645840216472066,0.4886783330651338,33.0,2.0,3.6220579147338863
2759,SIGM_MYCTU,O53590,Rv3911,setA,,,148.0,10000.0,0.9999969436368926,5.349567280073664e-07,0.1016080754238012,1698.0,2.382964525000161,0.006693037600508,149.0,5.0,1.331009864807129
2760,SIGE_MYCTU,P9WGG7,Rv1221,setA,,,149.0,10000.0,0.9997646809801688,2.012316162296656e-09,0.021244660661027,4189.0,2.2349826985816605,0.4382438200231674,26.0,2.0,3.7032623291015625
2761,RSKA_MYCTU,P9WGX5,Rv0444c,setA,,,189.0,10000.0,0.9833761333397244,5.841735774103065e-13,0.0030019861983864,6261.0,2.4509937458916773,0.0002617603885881,69.0,3.0,1.3384209871292114
2762,RUVC_MYCTU,P9WGV9,Rv2594c,setA,,,185.0,10000.0,0.999426923192956,3.02654779299644e-13,0.0005168321818675,7008.0,3.0642546367963748,3.25432867618301e-05,44.0,2.0,12.273317337036133
2763,RSBW_MYCTU,P9WGX7,Rv3287c,setA,,,124.0,10000.0,0.9987847677416783,9.326788889683896e-05,0.0793646596820028,421.0,4.3230004384496405,0.0190169948849143,37.0,2.0,11.82584285736084
2764,HK2_MYCTU,O07777,Rv0601c,setA,,,117.0,10000.0,0.6815261302880303,9.289586926251396e-08,0.0001664638280164,9683.0,4.31974192635702,0.0001664638280164,36.0,4.0,6.50783634185791
2765,LDT5_MYCTU,P9WKV3,Rv0483,setA,,,376.0,10000.0,0.9572234236842446,4.581633758478624e-13,0.0001858168992682,8050.0,4.140577560028779,0.1825802826723949,108.0,4.0,1.3442150354385376
2766,MOAR1_MYCTU,O05797,Rv3124,setA,,,254.0,10000.0,0.9996295695171368,5.622939142679776e-11,0.0577604287254774,2589.0,3.698879249470593,0.001892434984164,132.0,3.0,3.1931052207946777
2767,SDHL_MYCTU,P9WGT5,Rv0069c,setA,,,442.0,10000.0,0.9991995979968348,1.834805380706041e-27,0.0004338868560854,6962.0,3.3513125256191656,6.664597342009047e-08,215.0,5.0,2.966097593307495
2768,MMPS1_MYCTU,P9WJT5,Rv0403c,setA,,,117.0,10000.0,0.9999389800251232,8.952285690171315e-11,0.0038224823947059,6588.0,3.75297939838881,0.0023725752857426,66.0,3.0,3.3412563800811768
2769,SADH_MYCTU,P9WGP9,Rv3085,setA,,,264.0,10000.0,0.9916836258936396,2.6441856076176444e-14,8.40000033221349e-06,9133.0,5.072296533918088,2.73214181784639e-09,109.0,3.0,3.098187208175659
2770,MAZE4_MYCTU,P9WJ91,Rv1494,setA,,,83.0,10000.0,0.9999999995399964,3.264209439302259e-05,0.4619234911812646,42.0,3.392351136100824,0.4619234911812646,34.0,2.0,1.3290538787841797
2771,PHBS_MYCTU,P9WIC5,Rv2949c,setA,,,154.0,10000.0,0.9998308584878958,3.3016195030342425e-05,0.3058547906436444,167.0,3.651705456970437,0.3058547906436444,101.0,3.0,1.3166108131408691
2772,PE23_MYCTU,P9WIG9,Rv2328,setA,,,65.0,10000.0,0.9997574329747646,0.0001122301763811,0.5651455041513576,62.0,1.6056369275157527,0.1488975675500789,30.0,2.0,1.334916591644287
2773,PPSE_MYCTU,P9WQE1,Rv2935,setA,,,1341.0,10000.0,0.094286819078602,7.756480377187562e-49,1.198643861175039e-19,9997.0,4.428056443607338,2.801540176992786e-22,440.0,5.0,11.37573528289795
2774,RSHA_MYCTU,P9WJ69,Rv3221A,setA,,,79.0,10000.0,0.9999708747063956,3.973124118651732e-05,0.0781537133716781,1559.0,2.559312698526868,0.1676908660941348,29.0,3.0,18.11397933959961
2775,PHLB_MYCTU,P9WIB3,Rv2350c,setA,,,432.0,10000.0,0.84808129722826,6.91127194983811e-20,4.3503602635192094e-05,9262.0,8.191539468507125,0.0023188737054196,164.0,12.0,4.1188578605651855
2776,MYMA_MYCTU,P9WNF7,Rv3083,setA,,,481.0,10000.0,0.973715313956402,8.96996746884213e-14,4.052101248734022e-05,8924.0,5.2569149808067,8.018813810293337e-07,235.0,7.0,14.711482048034668
2777,MAZE2_MYCTU,O06779,Rv0660c,setA,,,71.0,10000.0,0.9999019792925924,1.1032524345341217e-05,0.126684162616331,822.0,3.725779145989392,0.0204992975940904,45.0,4.0,7.663187980651856
2779,PAPA1_MYCTU,P9WIK9,Rv3824c,setA,,,455.0,10000.0,0.8691712738433836,1.264362360545396e-13,7.512347156463988e-05,8559.0,3.194519047967276,0.0041373865281835,255.0,4.0,1.3377236127853394
2780,RL31_MYCTU,P9WHA1,Rv1298,setA,,,55.0,10000.0,0.9999988196208546,6.2898437403076925e-06,0.4565099623459808,122.0,2.022662443803957,0.6102226105623011,16.0,2.0,3.5829899311065674
2781,RPFE_MYCTU,O53177,Rv2450c,setA,,,65.0,10000.0,0.9999999277633412,1.9129072134519098e-12,0.0021124663857289,6440.0,3.303894420571634,4.933194566204119e-05,44.0,3.0,1.3289098739624023
2782,ESPL_MYCTU,P9WJB9,Rv3880c,setA,,,109.0,10000.0,0.9967758992890016,0.000273501228976,0.1412649675252232,581.0,3.7730893119233424,0.2541035178376967,60.0,4.0,1.332583785057068
2783,ESXU_MYCTU,I6Y3I6,Rv3445c,setA,,,102.0,10000.0,0.9997432220979428,1.0112146145199852e-05,0.2206709355624003,148.0,2.725991461584947,0.2928867937368191,51.0,4.0,1.3314368724822998
2784,FRDD_MYCTU,P9WNB5,Rv1555,setA,,,113.0,10000.0,0.9999104049254288,5.262379891642269e-07,0.0077594999482932,5308.0,3.6460008377868767,0.0001183967059276,41.0,2.0,2.962005376815796
2785,NUOC_MYCTU,P9WJH3,Rv3147,setA,,,192.0,10000.0,0.9999864544129714,2.075741201941737e-11,0.1272359346290099,2087.0,2.8659873833909097,6.670211795024417e-06,60.0,3.0,5.113542079925537
2786,MP63_MYCTU,P9WIP1,Rv1926c,setA,,,130.0,10000.0,0.9999825550858976,5.372953169197511e-07,0.048150306269598,2815.0,4.172253205082325,0.0072006520299669,67.0,3.0,1.3458662033081057
2787,PE09_MYCTU,Q79FS8,Rv1088,setA,,,86.0,10000.0,0.999989970832073,9.349931472919776e-07,0.3741073486064096,215.0,3.648147714630848,0.0188134034194818,49.0,3.0,1.328496336936951
2788,RPSD_MYCTU,P9WGG9,Rv3414c,setA,,,161.0,10000.0,0.9998935611059632,1.5327652757547096e-07,0.1668712240031316,1455.0,3.21108847898983,0.3315152581942872,101.0,4.0,1.3387726545333862
2789,RIPA_MYCTU,O53168,Rv1477,setA,,,386.0,10000.0,0.9811372115357508,3.2733041721278666e-14,9.182616579880008e-05,8175.0,4.050674573004277,0.2262183749205786,149.0,5.0,2.7005882263183594
2790,PKNL_MYCTU,P9WI63,Rv2176,setA,,,307.0,10000.0,0.9999479213497182,3.165946067597236e-18,0.087383672369763,2474.0,3.669255715635738,0.087383672369763,125.0,3.0,4.667174816131592
2791,PKND_MYCTU,P9WI79,Rv0931c,setA,,,514.0,10000.0,0.9966567700610224,8.454928367944056e-27,9.120978935258053e-08,9309.0,3.280818579106752,6.989582457935168e-12,284.0,6.0,1.3453125953674316
2792,CADI_MYCTU,P9WIR5,Rv2641,setA,,,125.0,10000.0,0.9999717443297408,2.8644147174403216e-07,0.3301210599157825,958.0,2.6007166924411127,0.5101906621520629,85.0,4.0,1.331497311592102
2793,PHMT_MYCTU,P9WIN3,Rv2952,setA,,,233.0,10000.0,0.9991985404089968,3.343597285894187e-13,0.0139087172982448,4671.0,3.175987287238216,0.0001459620822263,102.0,4.0,3.4614264965057373
2794,MURD_MYCTU,P9WJL5,Rv2155c,setA,,,461.0,10000.0,0.9994458810341168,1.8938053031435424e-13,0.0299493048830556,3592.0,4.830875445187004,0.0872128400619729,161.0,6.0,12.683608055114746
2795,NUSG_MYCTU,P9WIU9,Rv0639,setA,,,175.0,10000.0,0.9385660218312092,1.872595543160584e-22,1.0665564649457376e-06,8913.0,6.254370820409164,8.381463343116758e-15,95.0,14.0,1.338295578956604
2797,PPIB_MYCTU,P9WHW1,Rv2582,setA,,,267.0,10000.0,0.9104599441303992,2.0969675803074868e-17,2.3576134603081726e-07,9647.0,4.972049925255759,0.0856886554399713,86.0,3.0,2.9117510318756104
2798,MMPS5_MYCTU,P9WJS7,Rv0677c,setA,,,124.0,10000.0,0.9999688862540644,1.604554554372661e-13,0.3254292034384443,861.0,3.545823096435318,0.1947110126430933,56.0,4.0,3.513437509536743
2799,PE13_MYCTU,Q79FR3,Rv1195,setA,,,98.0,10000.0,0.9996239533561894,3.9701100772949407e-10,0.3559415866885045,635.0,5.044017254516054,0.1469430953964299,73.0,12.0,1.3275043964385986
2800,MMPS4_MYCTU,P9WJS9,Rv0451c,setA,,,114.0,10000.0,0.9999186034915144,6.823278796970566e-17,0.2120205722017107,1302.0,4.340947471537939,0.0842165507862506,61.0,9.0,1.3523057699203491
2801,PSB_MYCTU,P9WHT9,Rv2110c,setA,,,249.0,10000.0,0.1070386518758096,5.145469507646677e-21,4.688119727411424e-12,9985.0,5.41381739253744,2.5347784509625e-09,45.0,3.0,1.33119535446167
2802,BIOF2_MYCTU,P9WQ85,Rv0032,setA,,,753.0,10000.0,0.9983434947309756,3.1599584214952823e-17,0.0035734421833984,6164.0,3.978145528039121,0.0035734421833984,630.0,9.0,6.107530117034912
2804,RNMT_MYCTU,P9WIM5,Rv2959c,setA,,,236.0,10000.0,0.9992820398398954,4.1418438413798566e-12,0.1415880919384746,1478.0,3.938222259312048,0.6510859860479749,139.0,4.0,6.068434715270996
2805,RIP3_MYCTU,P9WHR1,Rv2625c,setA,,,371.0,10000.0,0.9999114928699082,9.583452077811369e-14,0.0136346190781146,4515.0,3.219932922242714,0.0171572362052065,182.0,5.0,8.244026184082031
2806,HIGA2_MYCTU,O53467,Rv2021c,setA,,,100.0,10000.0,0.9942356257694902,1.7047967801006254e-09,0.0012935059781377,6958.0,3.6450106038601926,0.0240558028410945,53.0,5.0,1.3343493938446045
2807,MMPL3_MYCTU,P9WJV5,Rv0206c,setA,,,711.0,10000.0,0.0283626999920518,1.6936459265303242e-66,9.771144195939782e-31,9996.0,5.097909154796237,3.2971523575249555e-23,191.0,4.0,3.55694580078125
2808,MUTT3_MYCTU,P9WIX9,Rv0413,setA,,,195.0,10000.0,0.9996459380034004,3.014812047339003e-13,0.1672355878970662,1286.0,3.4841124258103977,0.7804669519924023,97.0,5.0,1.3304896354675293
2809,MPRB_MYCTU,P9WGL1,Rv0982,setA,,,411.0,10000.0,0.9865004339833484,1.2226368314825926e-16,0.001639115192079,7196.0,4.5204886892986496,0.0003076354756736,111.0,3.0,6.784631729125977
2810,PSTA1_MYCTU,P9WG11,Rv0930,setA,,,286.0,10000.0,0.9989510137782132,5.6557782623694606e-15,0.0097326747929689,5219.0,3.1895909012644483,1.5923629316684162e-09,96.0,5.0,8.471633911132812
2811,PSTA2_MYCTU,P9WG09,Rv0936,setA,,,276.0,10000.0,0.9998355701368336,1.694848441037366e-17,0.0949749669650302,2472.0,4.3264737529398,4.913013915183069e-05,109.0,4.0,1.3381214141845703
2812,PKNA_MYCTU,P9WI83,Rv0015c,setA,,,255.0,10000.0,0.8378641008024749,9.867752086820296e-20,8.215743051351134e-07,9475.0,6.286841420359501,7.322332519004512e-09,63.0,3.0,3.3941609859466553
2813,PKNB_MYCTU,P9WI81,Rv0014c,setA,,,528.0,10000.0,0.8843388982890013,9.380774938635868e-32,1.124397208231636e-14,9921.0,3.6250456381220615,2.9428849015382267e-16,249.0,4.0,1.3360798358917236
2814,PKNF_MYCTU,P9WI75,Rv1746,setA,,,354.0,10000.0,0.9711447581271472,2.512686037034138e-23,0.0172599131389941,4318.0,2.783906363951055,2.306397481219234e-09,184.0,6.0,1.332497239112854
2815,LPPC_MYCTU,P9WFN3,Rv1911c,setA,,,156.0,10000.0,0.9998518086888252,1.0972662341482871e-26,0.0061372441479203,5395.0,6.270428563103054,2.1950330949526035e-06,87.0,10.0,55.5074577331543
2816,LIPY_MYCTU,I6Y2J4,Rv3097c,setA,,,322.0,10000.0,0.9996303433464658,5.679602380909921e-25,0.0082943277357398,5011.0,3.1033120629703195,0.0011354565579176,131.0,4.0,6.836838722229004
2817,MRAY_MYCTU,P9WMW7,Rv2156c,setA,,,340.0,10000.0,0.9943405474631752,3.022355055105738e-18,0.0006896891254802,6824.0,4.6895586421768565,6.897076001296563e-05,98.0,4.0,3.388380765914917
2818,SECD_MYCTU,P9WGP1,Rv2587c,setA,,,482.0,10000.0,0.9872838219691498,7.586825830183397e-19,0.0072853110781141,5286.0,4.32444959981902,0.0004012047258975,151.0,4.0,1.3390320539474487
2819,TGS2_MYCTU,P9WKC7,Rv3734c,setA,,,387.0,10000.0,0.9999446156040082,1.848283681747667e-12,0.0259120428520723,4011.0,3.487043601021138,0.0843715424234764,173.0,4.0,9.739684104919434
2820,Y560_MYCTU,P9WKL5,Rv0560c,setA,,,211.0,10000.0,0.9999961969980168,6.401893134589289e-08,0.0370397188193897,3336.0,3.4960938230453387,0.0154972153653074,87.0,3.0,3.5295298099517822
2821,Y1987_MYCTU,P9WLQ1,Rv1987,setA,,,105.0,10000.0,0.9998072142377408,7.74122975982983e-07,0.0913484387333704,1807.0,3.3268693725790706,0.0913484387333704,37.0,2.0,1.3314993381500244
2822,Y3579_MYCTU,P9WFY5,Rv3579c,setA,,,257.0,10000.0,0.9902405523753092,4.1385118560275616e-21,0.0757848056121382,2483.0,2.901202966074695,0.1172652213794956,108.0,3.0,9.01193618774414
2823,Y1993_MYCTU,P9WLP5,Rv1993c,setA,,,82.0,10000.0,0.8331946584222498,5.996782503093242e-05,0.0009092114223521,9318.0,2.875480982827649,0.0002465343917937,28.0,3.0,1.342069149017334
2824,Y2047_MYCTU,P9WIH5,Rv2047c,setA,,,776.0,10000.0,0.0009538929663594,1.2140079109101978e-80,2.8098762561204664e-45,10000.0,4.3344103771325,1.2365425187874696e-28,254.0,4.0,4.036689758300781
2825,LDT4_MYCTU,O07436,Rv0192,setA,,,259.0,10000.0,0.9996919118396844,1.1160883925537117e-18,0.1198647785320779,1794.0,3.497531293092748,0.179110013088606,148.0,5.0,1.3461896181106567
2826,RNZ_MYCTU,P9WGZ5,Rv2407,setA,,,269.0,10000.0,0.9997870036006388,3.654920676470789e-11,0.0348107866491949,3700.0,3.528324537910875,0.1330964236477335,132.0,4.0,1.3278567790985107
2827,UVRB_MYCTU,P9WFC7,Rv1633,setA,,,629.0,10000.0,0.8367701640229793,5.916070277749311e-17,0.000326864473396,8220.0,4.083320047692101,3.244374919000287e-07,159.0,4.0,7.047732830047607
2828,Y485_MYCTU,P9WKV1,Rv0485,setA,,,375.0,10000.0,0.956737972756221,1.1712724361400013e-21,0.0002481352734044,7866.0,4.42490358249585,6.948738318108649e-08,109.0,5.0,3.62881851196289
2829,RS3_MYCTU,P9WH37,Rv0707,setA,,,207.0,10000.0,0.9998016778835822,3.4208976626920736e-11,0.123786933985755,1299.0,3.7408351083315408,0.0053067633596719,63.0,5.0,7.964113712310791
2830,RECD_MYCTU,P9WHJ1,Rv0629c,setA,,,559.0,10000.0,0.9948160609226424,2.5465517379168035e-24,3.44583077269304e-06,8589.0,3.343754122917954,1.3378461927910968e-06,251.0,5.0,1.3372975587844849
2831,RECG_MYCTU,P9WMQ7,Rv2973c,setA,,,597.0,10000.0,0.9829947331334632,1.9015201983333395e-35,1.3317036854314864e-06,8947.0,4.9394367967075405,2.460689327332204e-06,179.0,6.0,2.7306032180786133
2832,WECA_MYCTU,P9WMW5,Rv1302,setA,,,318.0,10000.0,0.9976052354612948,1.1932190812017982e-16,0.0059168497102857,5258.0,4.920912417198572,0.0044948444465187,54.0,4.0,3.346648931503296
2833,ARC_MYCTU,P9WQN5,Rv2115c,setA,,,498.0,10000.0,0.0056965554319017,1.6847596934267314e-50,2.6685655876604167e-29,10000.0,6.006834959799905,8.173453774036381e-35,100.0,3.0,6.973849773406982
2835,RNTF_MYCTU,P9WN09,Rv2962c,setA,,,392.0,10000.0,0.9979031373255842,2.5688412767808636e-26,0.0011595021971995,6501.0,4.36607711164808,1.0129631841918097e-05,179.0,7.0,3.145770311355591
2836,PARB_MYCTU,P9WIJ9,Rv3917c,setA,,,232.0,10000.0,0.9164365464734532,1.5017680868121633e-18,1.07916803497255e-07,9439.0,2.795374815028467,2.008462855891296e-08,93.0,4.0,10.781203269958496
2837,MVINL_MYCTU,P9WJK3,Rv3910,setA,,,882.0,10000.0,0.9867393737388392,1.740179703371407e-43,5.01519176141916e-17,9944.0,5.400652691295461,4.452445116702577e-15,602.0,14.0,1.3391497135162354
2838,SERB1_MYCTU,P9WGJ3,Rv0505c,setA,,,229.0,10000.0,0.994623676014414,3.8131286258493757e-26,0.0127468515308199,4839.0,2.909615832238288,0.0002780262836953,41.0,2.0,9.584189414978027
2839,SECA1_MYCTU,P9WGP5,Rv3240c,setA,,,777.0,10000.0,0.1850767974810917,1.2237203204255588e-67,1.5639353468639244e-34,9996.0,4.635530340062445,7.447232640829407e-33,236.0,3.0,1.3451417684555054
2840,Y906_MYCTU,P9WKP3,Rv0906,setA,,,325.0,10000.0,0.9999733507963527,2.112033432998852e-15,0.0067111930243679,5352.0,4.095142265602214,1.3827730597269216e-05,139.0,8.0,15.808160781860352
2841,WHB7A_MYCTU,Q6MX01,Rv3197A,setA,,,83.0,10000.0,0.999984155247355,4.242760700364238e-09,0.3525558446640866,919.0,2.3890592966512063,0.3525558446640866,38.0,3.0,12.376382827758787
2842,LPPO_MYCTU,P9WK71,Rv2290,setA,,,127.0,10000.0,0.9999766991947148,0.0001186774216832,0.3394697134271256,390.0,2.9330968987588006,0.7296145311924568,73.0,4.0,4.685581684112549
2843,LPPX_MYCTU,P9WK65,Rv2945c,setA,,,173.0,10000.0,0.9999519893315266,2.8701039906834024e-06,0.1982211094276759,794.0,3.6774539441239296,0.8769102856180971,67.0,5.0,3.071032762527466
2844,LYSX_MYCTU,P9WFU7,Rv1640c,setA,,,966.0,10000.0,0.7403780569837615,1.101531558258422e-36,3.5751198152947776e-10,9721.0,5.692600029178139,0.0018879111545298,324.0,6.0,4.913585186004639
2845,KGUA_MYCTU,P9WKE9,Rv1389,setA,,,183.0,10000.0,0.9993690924820774,2.111731450751303e-09,0.0371028802550446,3270.0,2.967142940299126,0.0274316022305137,49.0,3.0,22.10237693786621
2846,Y891_MYCTU,P9WMV1,Rv0891c,setA,,,184.0,10000.0,0.9993986982528132,6.5628070512472425e-12,0.0280818872825321,3846.0,2.6774406721784314,0.0025116642423821,88.0,3.0,4.1259260177612305
2847,PE35_MYCTU,P9WIG7,Rv3872,setA,,,91.0,10000.0,0.98973548230266,1.932841119873237e-12,0.0001736577377764,6823.0,5.646364375335052,0.2325229876027818,78.0,33.0,1.3489265441894531
2848,Y3661_MYCTU,P9WGJ1,Rv3661,setA,,,206.0,10000.0,0.999791850270849,1.4193927278115382e-20,0.0443702951139077,3261.0,3.47121192537208,0.05800292520688,77.0,4.0,1.327402949333191
2849,TRMB_MYCTU,P9WFY9,Rv0208c,setA,,,202.0,10000.0,0.9997474524802632,2.8698290764306084e-15,0.0004686111576579,7525.0,3.9154611061961,8.348812811513266e-05,74.0,5.0,10.473210334777832
2850,Y879_MYCTU,P9WKR1,Rv0879c,setA,,,76.0,10000.0,0.9999540591938452,5.56129683213311e-05,0.0443206324331353,2639.0,2.3850417875739662,0.0058218033140921,20.0,2.0,1.33349871635437
2851,Y088_MYCTU,P9WM73,Rv0088,setA,,,157.0,10000.0,0.9978113874736056,1.366457493170956e-09,0.0134178262194404,4676.0,1.754056410532265,0.0134178262194404,110.0,4.0,1.3336946964263916
2852,Y1634_MYCTU,P9WJX3,Rv1634,setA,,,427.0,10000.0,0.9960269843485136,1.0694660094893821e-18,0.0001331213359524,7600.0,3.3693642847394667,6.663582933323815e-09,175.0,4.0,3.03200364112854
2853,Y1739_MYCTU,P9WGF7,Rv1739c,setA,,,552.0,10000.0,0.9994727839385544,5.9047310075040156e-27,0.0029217976835667,5911.0,2.9484015977187106,0.0029217976835667,284.0,4.0,1.3377902507781982
2854,VPC47_MYCTU,P9WF49,Rv3408,setA,,,134.0,10000.0,0.9999881453783565,4.883744390707102e-09,0.1010654577843235,1716.0,2.504802228280686,0.2315977094110125,67.0,3.0,7.458155632019043
2855,Y2895_MYCTU,P9WL31,Rv2895c,setA,,,276.0,10000.0,0.9936837995509308,1.9670837749536708e-08,0.0139412064353281,4598.0,2.501299440332595,2.559524278921187e-06,102.0,3.0,6.145122051239014
2856,Y1366_MYCTU,P9WLZ5,Rv1366,setA,,,248.0,10000.0,0.999538008911351,1.5932978756885783e-11,0.0031086334178768,5957.0,4.072407620387643,0.3367727450323577,109.0,3.0,2.8459312915802
2857,Y2891_MYCTU,P9WL33,Rv2891,setA,,,159.0,10000.0,0.9883031843652748,2.791582302064872e-23,0.0068519859462094,5442.0,3.09223364409301,0.1249303669731584,80.0,4.0,1.332216501235962
2858,Y2859_MYCTU,O33341,Rv2859c,setA,,,220.0,10000.0,0.9998943506245392,3.87775028254926e-09,0.2692126375840525,896.0,2.734273729253529,0.6068375601033668,88.0,3.0,1.3360910415649414
2859,Y1498_MYCTU,P9WLW9,Rv1498c,setA,,,241.0,10000.0,0.1495867318935173,1.3981065222204252e-18,7.386989584902104e-12,9987.0,4.389369902303135,1.4502065442752596e-11,83.0,4.0,3.10805082321167
2860,Y2411_MYCTU,P9WLA9,Rv2411c,setA,,,458.0,10000.0,0.997584641637866,6.566046749713107e-17,0.0007608269999003,6705.0,2.935798601057505,0.0105302200940996,122.0,3.0,3.532712697982788
2861,VPB50_MYCTU,O69717,Rv3750c,setA,,,128.0,10000.0,0.9999788415735248,1.3585584699401977e-10,0.3441254460387379,534.0,2.428084738667956,0.031878173844358,51.0,3.0,1.3363016843795776
2862,VPB21_MYCTU,P9WJ43,Rv2758c,setA,,,74.0,10000.0,0.9963648647987982,5.333684049222269e-07,0.0027359734230797,6908.0,4.537098007140495,0.0001888941352358,34.0,4.0,6.325333118438721
2863,Y1825_MYCTU,P9WFG3,Rv1825,setA,,,205.0,10000.0,0.9303909774461372,1.1270242829964408e-14,0.0011669289979778,8308.0,4.731754206615196,0.0050062387452781,71.0,4.0,1.335754156112671
2864,RNHPH_MYCTU,P9WLH5,Rv2228c,setA,,,336.0,10000.0,0.993894072495738,6.7846862611489776e-15,0.0002395124946397,7678.0,3.793356718107034,6.0963457502647405e-05,85.0,3.0,5.314816474914551
2865,SIGA_MYCTU,P9WGI1,Rv2703,setA,,,303.0,10000.0,0.6597219970167143,3.1296703027119884e-24,2.0724866439802854e-10,9746.0,6.964130817399096,3.6198183012506336e-10,58.0,10.0,6.366567611694336
2866,SIGG_MYCTU,P9WGG5,Rv0182c,setA,,,294.0,10000.0,0.9675885162005649,2.0914953167049051e-16,9.47172031839168e-05,8129.0,3.079321532224976,0.0036691860033457,143.0,4.0,1.3425213098526
2867,Y3671_MYCTU,P9WHR9,Rv3671c,setA,,,381.0,10000.0,0.9974109372385846,2.854656914526547e-31,0.0299405085145474,3926.0,8.373341407628372,0.1883955652090831,140.0,16.0,7.696393966674805
2868,Y030_MYCTU,P9WM95,Rv0030,setA,,,93.0,10000.0,0.9999965578920798,8.77673483683456e-10,0.3249012794928752,458.0,2.6335150276793757,0.4229637996512901,90.0,6.0,3.2953407764434814
2869,Y2025_MYCTU,P9WGF5,Rv2025c,setA,,,284.0,10000.0,0.999995346928546,3.3392369503783445e-21,0.1265310215216063,2265.0,4.253378048175878,0.0053210633736541,134.0,5.0,3.351238965988159
2870,Y897_MYCTU,P9WKP7,Rv0897c,setA,,,526.0,10000.0,0.9991954530635152,2.115720568157321e-15,0.0425229607530134,3656.0,3.3377795355575253,0.8420229641791909,249.0,3.0,1.34199321269989
2871,WHB5A_MYCTU,P71592,Rv0022c,setA,,,110.0,10000.0,0.9998805416794077,6.534199294086337e-06,0.1954231039217664,846.0,2.972037272625037,0.980063554897897,99.0,5.0,3.615948677062988
2872,Y2313_MYCTU,P9WLB7,Rv2313c,setA,,,279.0,10000.0,0.9998528467775112,1.4653084114227312e-11,0.1773509160456073,1365.0,3.259136566131468,0.1466763784648995,119.0,4.0,12.677491188049316
2873,Y2627_MYCTU,P9WL67,Rv2627c,setA,,,339.0,10000.0,0.9985304801079132,4.94785484342633e-24,4.694307437560748e-05,8288.0,6.347341155245562,2.694988505929477e-07,200.0,15.0,3.3066227436065674
2874,VPB13_MYCTU,P9WJ51,Rv1839c,setA,,,80.0,10000.0,0.999974983654734,1.1357645851341737e-07,0.2424351142427097,962.0,2.433961714608308,0.120220675568443,33.0,2.0,4.401041030883789
2875,VPB42_MYCTU,P9WJ19,Rv2760c,setA,,,88.0,10000.0,0.9999926089855544,3.7547545434744534e-08,0.3882819281502293,314.0,2.448415685822724,0.7499208815965186,36.0,4.0,16.240236282348633
2876,VPB24_MYCTU,P9WJ41,Rv0239,setA,,,75.0,10000.0,0.9999465310963416,0.0001031381780917,0.5204338436354516,94.0,3.635611913875049,0.7906561065069353,54.0,6.0,1.3375300168991089
2877,VPC14_MYCTU,P9WF99,Rv1953,setA,,,76.0,10000.0,0.9999540591938452,4.846118850722941e-06,0.5290714657247904,165.0,2.083866288377173,0.3011622558889413,33.0,3.0,4.4480814933776855
2878,VPC41_MYCTU,P9WF59,Rv2602,setA,,,144.0,10000.0,0.999672794939158,7.941902118041611e-11,0.2109803941583605,1014.0,2.942199221718326,0.0258890167519661,64.0,3.0,3.262246370315552
2879,VPC24_MYCTU,P9WF87,Rv0240,setA,,,141.0,10000.0,0.9996013482499542,2.458317414852229e-07,0.1172597610945444,1591.0,6.190359044931495,0.011215014445366,84.0,14.0,1.3276487588882446
2880,VPC34_MYCTU,P9WF71,Rv1741,setA,,,48.0,10000.0,0.9999917362742914,0.0004076137678731,0.2502930720844449,243.0,1.9817543337509007,0.2502930720844449,24.0,2.0,1.342067837715149
2881,Y1841_MYCTU,P9WLQ7,Rv1841c,setA,,,324.0,10000.0,0.9979166716341415,1.1058463161818165e-12,0.0291634342640268,3553.0,3.5324995531766903,0.0008745641107446,129.0,3.0,3.211549997329712
2882,Y953_MYCTU,P9WKN5,Rv0953c,setA,,,280.0,10000.0,0.9987527533596648,3.055396942860882e-09,0.0321219499952994,3534.0,3.434251306530361,0.2554128625873936,118.0,3.0,4.370319366455078
2883,SSB_MYCTU,P9WGD5,Rv0054,setA,,,122.0,10000.0,0.9999622772584094,3.3562006621290003e-16,0.1037443176856442,2217.0,5.073642386528303,0.0049568584775731,55.0,8.0,1.3321670293807983
2884,Y2232_MYCTU,P9WPI9,Rv2232,setA,,,207.0,10000.0,0.9999950292119713,8.039897732594275e-12,0.237543497670978,532.0,3.1526662879743585,0.0976533560114813,83.0,3.0,16.191314697265625
2885,VPB12_MYCTU,P9WJ53,Rv1721c,setA,,,74.0,10000.0,0.9999377749009186,3.34964808894125e-06,0.3890886157753905,139.0,4.5238105094343535,0.8981908045103704,34.0,4.0,10.487815856933594
2886,VPB17_MYCTU,P9WJ49,Rv2526,setA,,,71.0,10000.0,0.9999019792925924,0.0001257194634701,0.4847374969193125,51.0,3.608522917935621,0.9637035673354328,29.0,4.0,3.5638484954833984
2888,VPC37_MYCTU,O53501,Rv2103c,setA,,,143.0,10000.0,0.999650520371805,2.2203259144146213e-06,0.2650775329230724,688.0,3.5747595427340904,0.697112563204716,69.0,3.0,7.3221564292907715
2889,VPB28_MYCTU,P9WJ39,Rv0608,setA,,,80.0,10000.0,0.999974983654734,1.5564729791930003e-08,0.3306962478058585,751.0,2.8451345277423368,0.6953371976633547,25.0,3.0,7.324610233306885
2890,VPB39_MYCTU,P9WJ23,Rv2530A,setA,,,70.0,10000.0,0.9947174326443956,0.0001088604360339,0.0802298643705231,1383.0,4.320183933980547,0.0802298643705231,29.0,4.0,1.33024263381958
2892,RECO_MYCTU,P9WHI5,Rv2362c,setA,,,241.0,10000.0,0.996180562360091,2.3835564074809485e-15,0.0123115521750222,4874.0,4.050156172046286,6.502623837668044e-06,57.0,4.0,3.7356269359588623
2893,RS11_MYCTU,P9WH65,Rv3459c,setA,,,119.0,10000.0,0.9983161533349636,2.563444558869327e-08,0.0066761064570584,5293.0,3.1300071011435207,0.6916996724992124,33.0,3.0,59.337547302246094
2894,Y2006_MYCTU,P9WN15,Rv2006,setA,,,1241.0,10000.0,0.6735598447352509,3.028508421509084e-61,1.938328393742016e-22,9931.0,4.680866935133225,2.1445845717198497e-07,656.0,6.0,8.954877853393555
2895,Y968_MYCTU,P9WKL9,Rv0968,setA,,,68.0,10000.0,0.9998457288309626,0.0003720329864714,0.1670486895246451,406.0,2.63232459045666,0.0729292925235257,30.0,3.0,1.338191270828247
2896,Y2292_MYCTU,P9WLE3,Rv2292c,setA,,,70.0,10000.0,0.9998859703191284,0.0004796169935404,0.6128393375484678,19.0,2.092739054990211,0.6128393375484678,23.0,2.0,4.500429153442383
2897,NUOG_MYCTU,P9WIV9,Rv3151,setA,,,786.0,10000.0,0.9968530842343504,2.166624087452012e-31,1.635480850842297e-09,9484.0,5.083693736166254,1.257410428806982e-07,275.0,4.0,3.076042413711548
2898,Y2204_MYCTU,P9WMN5,Rv2204c,setA,,,86.0,10000.0,0.999989970832073,2.1756571311986405e-06,0.280676590948251,363.0,2.994192458075784,0.0692707090751881,39.0,5.0,1.3364508152008057
2899,VAPC3_MYCTU,P9WFB7,Rv0549c,setA,,,131.0,10000.0,0.9992312704167275,2.993676926512939e-07,0.1688037036086042,996.0,2.760025709712966,0.0049188118736095,51.0,2.0,5.846210479736328
2900,Y2559_MYCTU,P9WQN1,Rv2559c,setA,,,405.0,10000.0,0.9943529212483057,6.91248980664856e-17,0.0004850296120076,7135.0,3.4305626408767464,1.503344503459026e-05,113.0,5.0,9.947277069091797
2901,RS5_MYCTU,P9WH33,Rv0721,setA,,,174.0,10000.0,0.9999550763455274,7.330888175581316e-11,0.0729316981042936,2513.0,3.4669076704983306,0.1587116289891028,70.0,4.0,1.332368016242981
2902,YIDC_MYCTU,P9WIT5,Rv3921c,setA,,,284.0,10000.0,0.9279965225089482,2.3442248021770743e-26,2.331877524893796e-11,9839.0,6.899123099869313,2.430791342154094e-06,161.0,12.0,3.2657132148742676
2903,Y873_MYCTU,P9WQF7,Rv0873,setA,,,634.0,10000.0,0.9993588401358005,8.699609196228685e-26,0.0387332345976377,3763.0,4.271443159423734,2.2892476752204533e-06,298.0,7.0,2.9812002182006836
2904,Y945_MYCTU,P9WGR7,Rv0945,setA,,,244.0,10000.0,0.9999671143486872,5.0741578405775306e-08,0.2287563782799976,854.0,3.21260581014874,0.6715955632559698,122.0,3.0,8.296636581420898
2905,WHIB4_MYCTU,P9WF39,Rv3681c,setA,,,103.0,10000.0,0.9999992565498264,2.5666369313595924e-07,0.3863490410474184,242.0,3.5843978352677857,0.2983470031174376,69.0,4.0,8.864809036254883
2906,Y2242_MYCTU,P9WPH5,Rv2242,setA,,,359.0,10000.0,0.9882793244599074,2.7959595094714848e-15,0.0002288025491312,7506.0,4.817243043547392,2.205962287402239e-06,79.0,3.0,1.3374990224838257
2907,Y051_MYCTU,P9WIW3,Rv0083,setA,,,628.0,10000.0,0.8743796824973461,1.273044055236693e-22,6.444167214810816e-06,8857.0,4.643074952854131,2.2443373147957053e-08,306.0,5.0,3.529719114303589
2909,Y965_MYCTU,P9WKM3,Rv0965c,setA,,,95.0,10000.0,0.999499654473324,1.8165224897854344e-06,0.3373844959679902,377.0,1.9117776838388385,0.790312343017089,54.0,3.0,7.249979019165039
2910,Y089_MYCTU,P9WK03,Rv0089,setA,,,194.0,10000.0,0.9999881472184844,3.683524044033842e-09,0.1651104436367289,1258.0,3.0362826705011137,0.6946622395798979,109.0,4.0,3.3861024379730225
2911,Y1250_MYCTU,P9WG87,Rv1250,setA,,,437.0,10000.0,0.8960404488589055,2.6750917640019564e-22,0.0001661175477345,7996.0,3.020148862651641,7.63669817676289e-10,177.0,5.0,9.527485847473145
2912,Y3660_MYCTU,P9WKX7,Rv3660c,setA,,,319.0,10000.0,0.9191235901010014,1.3253714813610007e-25,1.1430431649635095e-09,9543.0,9.564042966701724,2.029291005902457e-13,198.0,31.0,1.3485865592956543
2913,Y500A_MYCTU,P9WKT7,Rv0500A,setA,,,50.0,10000.0,0.9999952562961608,2.623447502564397e-09,0.2719135601522248,746.0,1.5066021041160365,0.3959398631708505,5.0,1.0,6.937408924102783
2914,RS16_MYCTU,P9WH53,Rv2909c,setA,,,111.0,10000.0,0.9999997825785976,1.6133345775700674e-10,0.199558194723083,1039.0,2.648126897838288,0.7610102369796172,31.0,2.0,13.459217071533203
2915,Y472_MYCTU,P9WMD9,Rv0472c,setA,,,218.0,10000.0,0.9926535791800464,1.90395962731952e-13,0.0012671899773395,6861.0,3.849558570982421,0.0001157727847745,67.0,3.0,3.3480589389801025
2916,Y584_MYCTU,O86365,Rv0584,setA,,,841.0,10000.0,0.9714423004233952,2.6538701533584332e-39,1.233608980457533e-07,8757.0,5.781512186345637,0.0112358780612281,447.0,8.0,3.698628425598145
2917,RECA_MYCTU,P9WHJ3,Rv2737c,setA,,,688.0,10000.0,0.0013049405606047,1.7349290732191024e-38,8.25490677485333e-27,10000.0,5.219301411950819,1.6146851415337149e-29,182.0,4.0,3.480698585510254
2918,RSMH_MYCTU,P9WJP1,Rv2165c,setA,,,315.0,10000.0,0.9974326410145112,1.4713411624338603e-09,0.012377955658415,4979.0,3.361240613901316,0.3203409779170871,128.0,3.0,1.343715786933899
2919,TSAE_MYCTU,P9WFS7,Rv3422c,setA,,,147.0,10000.0,0.9820823488428624,1.3296242213415005e-10,0.0018276777737131,6998.0,2.816953373803809,0.0395834242020199,49.0,2.0,1.3307852745056152
2921,Y2564_MYCTU,P9WQI5,Rv2564,setA,,,302.0,10000.0,0.9993395698834918,2.826996825904593e-16,0.0542559565497676,3294.0,3.199871600432485,0.0829630333089894,134.0,4.0,1.3291839361190796
2922,Y3760_MYCTU,O69726,Rv3760,setA,,,88.0,10000.0,0.9999926089855544,0.0001249767745513,0.4998761870871012,75.0,3.3623895797943653,0.4998761870871012,31.0,2.0,1.3350768089294434
2923,VAPB6_MYCTU,P9WJ57,Rv0657c,setA,,,50.0,10000.0,0.9999952562961608,3.800827929128319e-05,0.3959398631708505,120.0,3.315475906571471,0.5486851446031328,27.0,2.0,7.81212043762207
2924,Y2293_MYCTU,P9WLE1,Rv2293c,setA,,,178.0,10000.0,0.9991978908926896,1.36880740640712e-06,0.2114902946467466,526.0,3.722348249878241,0.392245579515129,76.0,3.0,12.57034397125244
2925,Y224_MYCTU,P9WJZ9,Rv0224c,setA,,,239.0,10000.0,0.999356891805502,1.7627024392999609e-15,3.533760611419319e-05,8447.0,3.4062813167771684,3.01089763849852e-07,63.0,2.0,1.3298648595809937
2926,Y2287_MYCTU,P9WJI3,Rv2287,setA,,,505.0,10000.0,0.9962195980022968,1.1451707197462136e-34,0.0005922948710861,6674.0,8.488541294061584,0.0841278417321,208.0,9.0,1.3398025035858154
2927,Y2326_MYCTU,P9WQI7,Rv2326c,setA,,,607.0,10000.0,0.9926036557411494,1.126654647269655e-23,9.095574461601067e-07,8842.0,4.250835007140974,0.0064354427493318,194.0,4.0,10.776144981384276
2928,Y1318_MYCTU,P9WQ33,Rv1318c,setA,,,491.0,10000.0,0.9954246661462888,5.180526648283859e-16,0.0002756595190688,7443.0,10.60131812078783,0.0041927896245327,300.0,21.0,4.086262226104736
2929,Y2900_MYCTU,P9WJP9,Rv2900c,setA,,,757.0,10000.0,0.9330322742088052,1.1349932183497919e-39,5.171946655835281e-10,9305.0,4.656060478718514,4.589393625941543e-13,226.0,4.0,21.229116439819336
2930,Y3034_MYCTU,O53281,Rv3034c,setA,,,239.0,10000.0,0.999356891805502,1.628298362453591e-19,0.0064358156920921,5424.0,4.188856285178237,0.0064358156920921,37.0,2.0,1.3453222513198853
2931,Y1481_MYCTU,P9WFJ7,Rv1481,setA,,,295.0,10000.0,0.9959219088231436,4.175645421591505e-21,0.0148903880210142,4698.0,3.1028686412058604,0.0313633304344732,90.0,2.0,4.180414199829102
2932,Y1514_MYCTU,P9WMX9,Rv1514c,setA,,,245.0,10000.0,0.9965929230788884,1.5468126805217009e-10,0.0177605845177266,4153.0,4.588178324761068,0.1560555397593663,134.0,4.0,12.457881927490234
2933,UFAA1_MYCTU,O53732,Rv0447c,setA,,,387.0,10000.0,0.9813872231960238,3.0307463999771275e-22,0.0010525313662185,6907.0,3.2599425053916744,2.206732254941943e-09,167.0,4.0,3.6882803440093994
2934,Y3659_MYCTU,P9WMT3,Rv3659c,setA,,,327.0,10000.0,0.9996803634165662,3.552778689335529e-14,0.1528061806644863,1460.0,2.285187467264405,0.0053203720942013,171.0,3.0,4.636991500854492
2936,Y2574_MYCTU,P9WL87,Rv2574,setA,,,152.0,10000.0,0.999806962729448,2.190840524429203e-07,0.1861933157797641,1076.0,3.471773805645971,0.7324858565547966,109.0,6.0,1.3311103582382202
2937,Y2456_MYCTU,P9WJX1,Rv2456c,setA,,,376.0,10000.0,0.9910438005812188,4.264448127751578e-19,0.0115540711349316,4991.0,2.938182274383553,8.66651435363669e-06,188.0,4.0,2.899686813354492
2938,Y2716_MYCTU,P9WL43,Rv2716,setA,,,227.0,10000.0,0.9990015289329776,4.21053241422596e-08,0.1274668091304509,1919.0,3.659274207084962,0.000381808095794,93.0,3.0,1.330722093582153
2939,Y1339_MYCTU,P9WGC1,Rv1339,setA,,,258.0,10000.0,0.4869490699714707,1.4741986882992722e-39,1.2186597790125932e-14,9971.0,7.3483055200872975,2.550591734840804e-17,86.0,9.0,1.3323851823806765
2941,VPC36_MYCTU,P9WF65,Rv1982c,setA,,,136.0,10000.0,0.9940817035611628,1.3320608825788384e-09,0.009252418565902,5239.0,2.509430258851664,0.2390288553977817,79.0,3.0,3.251807689666748
2942,Y1359_MYCTU,P9WM05,Rv1359,setA,,,133.0,10000.0,0.9999869427561848,7.269940499234457e-14,0.0523968625522093,2815.0,3.3292916392480425,0.2278864368076865,57.0,3.0,12.636100769042969
2944,Y1403_MYCTU,P9WLY9,Rv1403c,setA,,,260.0,10000.0,0.9977827403372354,1.077546650523416e-12,0.0233500911752288,3814.0,3.604967321971427,0.0388633826424533,130.0,4.0,1.3299468755722046
2945,Y1549_MYCTU,P9WLU5,Rv1549,setA,,,135.0,10000.0,0.055317240654439,2.240267988807353e-27,9.436786536397233e-22,9999.0,5.727504270324283,2.4579537025034647e-22,16.0,3.0,9.95461082458496
2947,VIRS_MYCTU,P9WMJ3,Rv3082c,setA,,,319.0,10000.0,0.9915753318257132,6.940919067321335e-22,9.275253127717744e-07,9113.0,5.6446346383270125,3.294048515359876e-06,173.0,9.0,10.454559326171877
2948,Y3633_MYCTU,P9WI89,Rv3633,setA,,,283.0,10000.0,0.9998731034959,4.440150221306144e-16,0.1253019885122074,2092.0,2.900982065853184,0.822450178309059,151.0,4.0,3.529419183731079
2949,Y3716_MYCTU,P9WNR9,Rv3716c,setA,,,109.0,10000.0,0.9967758992890016,4.9051037655577616e-42,6.1375252524154e-19,9563.0,9.29225632840206,0.0507728285971849,101.0,51.0,3.050428867340088
2950,Y2067_MYCTU,P9WLL9,Rv2067c,setA,,,393.0,10000.0,0.999953554506426,1.686955193432612e-15,0.1252038781272627,2254.0,3.87034576673056,0.6294183005918627,192.0,5.0,6.13559103012085
2951,Y2307_MYCTU,P9WLC7,Rv2307c,setA,,,273.0,10000.0,0.9984740538902964,2.392593117885709e-16,0.0016346768214159,6222.0,5.876480612507193,0.0001401508422402,130.0,10.0,3.443735837936402
2953,VPB19_MYCTU,P95006,Rv2547,setA,,,84.0,10000.0,0.9999863946735704,3.741433041539431e-05,0.4696647398566654,89.0,3.0732073341011965,0.5939882493667966,41.0,3.0,1.339866280555725
2954,VPB45_MYCTU,O53464,Rv2018,setA,,,236.0,10000.0,0.9992820398398954,2.1455364648131748e-21,0.0259919828672515,3983.0,3.882929602361741,0.8017658634395695,58.0,4.0,7.035238265991211
2956,Y1375_MYCTU,P9WF27,Rv1375,setA,,,383.0,10000.0,0.9919853140912596,1.374365067980389e-12,0.0028962190664668,5974.0,4.599110033916269,0.0677948803151961,209.0,5.0,5.80308198928833
2957,Y1395_MYCTU,P9WMJ1,Rv1395,setA,,,325.0,10000.0,0.992478953210748,1.9641059595515921e-19,0.0144825466000638,4504.0,3.3013288717286966,0.0370095469664894,156.0,5.0,1.3348387479782104
2959,Y1461_MYCTU,P9WFP7,Rv1461,setA,,,650.0,10000.0,0.722649314081331,3.570690912532764e-32,3.5348768664458607e-15,9962.0,5.6432421821066905,2.960262231555186e-19,223.0,4.0,5.051741123199463
2960,Y298_MYCTU,P9WJ09,Rv0298,setA,,,73.0,10000.0,0.9999275913376904,0.0003414996236,0.2788029160571654,64.0,2.703870784839037,0.0378321580823679,46.0,5.0,1.3309578895568848
2961,LPQE_MYCTU,P9WK63,Rv3584,setA,,,131.0,10000.0,0.9999841604707436,5.68797861174603e-10,0.2833286124633045,947.0,2.9061841770056245,0.6436817399879268,53.0,3.0,18.900766372680664
2962,LPQL_MYCTU,P96264,Rv0418,setA,,,460.0,10000.0,0.9994350395978688,2.3915974227336666e-15,0.0010211330509113,6535.0,3.1580112037388925,1.7159410729769486e-06,181.0,3.0,16.004680633544922
2963,LPRJ_MYCTU,O33192,Rv1690,setA,,,77.0,10000.0,0.999960530775474,6.408732539886725e-05,0.4139702780715675,151.0,3.325466982119166,0.999960530775474,36.0,3.0,7.7306976318359375
2964,MUTT4_MYCTU,P9WIX7,Rv3908,setA,,,168.0,10000.0,0.9987050704174064,1.3302147865432742e-11,0.0008606410921669,7304.0,5.266528319148932,0.0019998243121279,115.0,6.0,3.841301202774048
2965,ASNH_MYCTU,P9WN33,Rv2201,setA,,,627.0,10000.0,0.0911967216029299,6.6098716866779e-58,2.8813483062496505e-25,9997.0,4.113183404326384,4.0904508535231014e-18,169.0,4.0,14.179686546325684
2966,DNAA_MYCTU,P9WNW3,Rv0001,setA,,,401.0,10000.0,0.6420685183391156,1.2250342421332057e-29,1.891891570454405e-15,9950.0,5.4161531388358215,3.5542950299549966e-14,531.0,32.0,1.34732985496521
2967,MMPS2_MYCTU,P9WJT3,Rv0506,setA,,,114.0,10000.0,0.9999186034915144,6.823278796970566e-17,0.0842165507862506,2557.0,3.0137010816548946,0.0002316596793488,46.0,3.0,3.395104169845581
2969,NUON_MYCTU,P9WIW9,Rv3158,setA,,,506.0,10000.0,0.99037472715053,5.779400907989924e-19,0.0012668658547644,6610.0,5.093112774972883,3.937534732332209e-10,164.0,6.0,6.961740493774414
2970,CAEA_MYCTU,P9WHR3,Rv2224c,setA,,,490.0,10000.0,0.2471237030032342,4.940949132819862e-38,3.19014334135982e-21,9993.0,4.345089171612219,7.092548531580079e-13,140.0,3.0,3.199122667312622
2971,PE25_MYCTU,I6X486,Rv2431c,setA,,,98.0,10000.0,0.9996239533561894,1.3014684385846488e-06,0.2709711159021449,344.0,5.437846900381462,0.1469430953964299,55.0,4.0,4.120808124542236
2972,PHLA_MYCTU,P9WIB5,Rv2351c,setA,,,429.0,10000.0,0.9765874199727096,9.701357404347512e-20,0.0003355382734321,7398.0,3.591220252519345,0.0177689979632271,209.0,6.0,1.3303916454315186
2973,PR28_MYCTU,P9WIM9,Rv0040c,setA,,,178.0,10000.0,0.9991978908926896,2.340434925523525e-09,0.024302132690978,3994.0,5.790009920052605,0.6420892243483216,93.0,6.0,10.018041610717772
2974,PHLC_MYCTU,P9WIB1,Rv2349c,setA,,,431.0,10000.0,0.977117620657678,6.678698844284924e-17,0.0047539793578718,5735.0,3.68786457048813,0.0004633935931628,245.0,8.0,3.659036874771118
2975,NUOA_MYCTU,P9WIW7,Rv3145,setA,,,108.0,10000.0,0.999999655115091,2.1573533003790716e-10,0.5195495370403564,437.0,2.792684200402343,0.7460643300926093,37.0,3.0,1.333423376083374
2976,PRRB_MYCTU,P9WGK7,Rv0902c,setA,,,407.0,10000.0,0.912091855750813,2.4363803290816136e-26,1.5012438176116574e-10,9543.0,5.83108082088756,5.6276814968504925e-11,63.0,4.0,2.978876829147339
2977,BKDC_MYCTU,O06159,Rv2495c,setA,,,344.0,10000.0,0.9986921685268696,1.3897338459267925e-21,0.0567617726550713,3223.0,3.427538351459845,0.0071405386598369,148.0,3.0,3.5408005714416504
2978,HIGB1_MYCTU,P9WJA5,Rv1955,setA,,,103.0,10000.0,0.9997666092408488,2.286784325905413e-11,0.0005302320825737,7006.0,4.939868509087318,0.0016085566965501,30.0,4.0,5.44926118850708
2979,PG60_MYCTU,Q6MWV1,Rv3652,setA,,,65.0,10000.0,0.9997574329747646,5.495747537510416e-09,0.5651455041513576,248.0,3.354968091151317,0.8492614553105932,46.0,3.0,4.012536525726318
2980,PHKR_MYCTU,P9WIB7,Rv2951c,setA,,,379.0,10000.0,0.9973098715490384,1.0461705136088509e-13,0.0654123768602208,2910.0,3.542292560540353,0.1860662117844897,169.0,4.0,17.873838424682617
2981,NUOI_MYCTU,P9WJG9,Rv3153,setA,,,171.0,10000.0,0.9988781909888858,9.748795293118724e-10,0.003357815116005,5927.0,4.901325830641604,0.0001006218085127,61.0,5.0,2.7975950241088867
2982,PRIA_MYCTU,P9WMQ9,Rv1402,setA,,,600.0,10000.0,0.8931639596549428,9.387227644443509e-45,4.042159422287293e-14,9853.0,5.059685895471669,8.789855036706067e-16,137.0,5.0,28.29520034790039
2983,OBG_MYCTU,P9WMT1,Rv2440c,setA,,,351.0,10000.0,0.8598180483925919,2.38069150513498e-15,3.362438825733369e-05,8701.0,3.753139636334892,0.2908815127544241,138.0,5.0,3.8890810012817383
2984,MENF_MYCTU,P9WFW9,Rv3215,setA,,,361.0,10000.0,0.6374371819881647,1.6129735709255918e-21,2.929898362304498e-10,9909.0,4.4409536163213135,1.3230918623794236e-13,100.0,4.0,9.593673706054688
2986,HPF_MYCTU,O05886,Rv3241c,setA,,,158.0,10000.0,0.9979131539184146,6.879633514405943e-09,0.03813671773802,3050.0,2.6530260175075693,0.0029913830285835,56.0,3.0,3.958679676055908
2987,MFTF_MYCTU,P9WMX1,Rv0696,setA,,,453.0,10000.0,0.9923356434254555,7.015783514442287e-18,0.0337031333612419,3510.0,3.634719286154108,1.4968415026388228e-07,145.0,3.0,2.734264612197876
2988,LIGD_MYCTU,P9WNV3,Rv0938,setA,,,727.0,10000.0,0.9946505417991928,3.977753129640412e-24,0.0003698231410969,7296.0,3.0268379663634377,0.0311512343771191,297.0,4.0,8.429145812988281
2989,PHEA_MYCTU,P9WIC3,Rv3838c,setA,,,300.0,10000.0,0.9999324508116628,2.0608068972918466e-13,0.0161624776368249,4736.0,4.103618315711444,0.0207715383795561,150.0,6.0,4.134460926055908
2990,PE05_MYCTU,L7N695,Rv0285,setA,,,98.0,10000.0,0.9996239533561894,1.093020168776054e-07,0.2709711159021449,490.0,4.237941409223657,0.2017089599629974,42.0,4.0,1.3333134651184082
2991,MPT53_MYCTU,P9WG65,Rv2878c,setA,,,153.0,10000.0,0.9009160881090946,1.7768677633091926e-20,1.5404717600733875e-08,9595.0,2.296326128468777,6.902592842785021e-11,58.0,4.0,3.5239102840423584
2992,MYCP4_MYCTU,I6YC58,Rv3449,setA,,,364.0,10000.0,0.9964165257811268,4.8670568422262165e-24,0.0377920989249624,3671.0,5.297888771801254,0.7049916473170819,188.0,5.0,1.330399751663208
2993,LYS25_MYCTU,I6XEI5,Rv2525c,setA,,,205.0,10000.0,0.9977717094412,5.4379787489709415e-11,0.0035313717545262,6475.0,1.916108587816569,0.0182947227735726,55.0,2.0,23.64055824279785
2994,MYCP3_MYCTU,O53695,Rv0291,setA,,,404.0,10000.0,0.7636315253153176,3.203942663217776e-53,1.6490575936304972e-23,9965.0,7.749826507270873,4.8416755287514426e-29,200.0,11.0,14.264521598815918
2995,MOAC3_MYCTU,P9WJR5,Rv3324c,setA,,,152.0,10000.0,0.9972239506758196,4.490884022939905e-12,0.1440340045079191,1821.0,4.206950696516895,5.110757500515844e-06,53.0,4.0,4.27740478515625
2996,KSTR_MYCTU,P96856,Rv3574,setA,,,186.0,10000.0,0.9999797890153532,1.7903609929495907e-10,0.186887223480902,1164.0,3.256307537941621,0.029406637507502,78.0,3.0,4.464946746826172
2997,NUOB_MYCTU,P9WJH1,Rv3146,setA,,,166.0,10000.0,0.9908915625584775,1.7036114849329582e-16,1.5514920853144176e-05,9023.0,3.3959735895118635,0.000501405760264,51.0,3.0,5.096692085266113
2998,NUSB_MYCTU,P9WIV1,Rv2533c,setA,,,145.0,10000.0,0.9999959118414752,2.429752983207239e-09,0.0374872327526567,3553.0,2.229402641542125,0.0187243601032586,59.0,4.0,3.2952959537506104
2999,PAND_MYCTU,P9WIL3,Rv3601c,setA,,,135.0,10000.0,0.993796281364088,3.236145641826589e-13,4.07560548130946e-05,8884.0,5.207015092752633,2.2720329407299885e-05,41.0,5.0,1.3287264108657837
3000,NARS_MYCTU,O53857,Rv0845,setA,,,330.0,10000.0,0.9931583693731,9.592966326798233e-16,0.0156093079741167,4537.0,3.490117040879552,0.0073189108544385,153.0,5.0,1.341264009475708
3001,35KD_MYCTU,P9WHP5,Rv2744c,setA,,,185.0,10000.0,0.9954000637964208,1.6305745816971184e-15,6.998862309629805e-06,8972.0,4.11027379766504,2.367184658313707e-07,48.0,3.0,3.738614559173584
3002,FBIC_MYCTU,P9WP77,Rv1173,setA,,,819.0,10000.0,0.3111910263999008,1.893133265872204e-55,1.6038050402140668e-18,9985.0,4.814232514694361,1.399619707725871e-07,258.0,4.0,5.544046401977539
3003,HIGA1_MYCTU,P9WJA7,Rv1956,setA,,,92.0,10000.0,0.9993345999751532,5.104936216854365e-09,0.1736682169213413,603.0,2.2131315309648003,0.0163064493133584,43.0,3.0,3.3888821601867676
3004,MSHA_MYCTU,P9WMY7,Rv0486,setA,,,414.0,10000.0,0.8768218361397793,1.5289966647617384e-25,2.4114478808226644e-07,9298.0,3.598545634902093,0.0003279665273299,145.0,4.0,6.637870788574219
3005,MUTY_MYCTU,P9WQ09,Rv3589,setA,,,282.0,10000.0,0.9944974897884566,8.203535972012837e-13,0.0068081017864556,5490.0,3.468694631723803,0.8787205902698905,142.0,5.0,4.513402462005615
3006,HK1_MYCTU,O07778,Rv0600c,setA,,,129.0,10000.0,0.9991236771939982,0.0001384602807275,0.4344970715433983,103.0,2.641814893843601,0.4344970715433983,76.0,3.0,3.4277267456054688
3007,HPPK_MYCTU,P9WNC7,Rv3606c,setA,,,174.0,10000.0,0.9999550763455274,5.398081700133534e-07,0.1587116289891028,1415.0,3.694196281684056,0.2008673145858187,84.0,5.0,4.341434478759766
3008,LDT3_MYCTU,O06825,Rv1433,setA,,,235.0,10000.0,0.9999490259774364,4.651789359171282e-15,0.0030418436345013,6070.0,5.555754674476052,0.0145124713538698,50.0,6.0,6.349523067474365
3009,MYCP1_MYCTU,O05461,Rv3883c,setA,,,417.0,10000.0,0.9731442508615388,1.663338420671894e-47,1.311767609418874e-14,9490.0,7.720671292532937,5.086207336477113e-25,309.0,13.0,1.3436554670333862
3010,LDT2_MYCTU,I6Y9J2,Rv2518c,setA,,,351.0,10000.0,0.8598180483925919,3.294582069684538e-13,9.54266423185762e-05,8915.0,5.20542229103006,3.362438825733369e-05,103.0,3.0,1.3319404125213623
3011,RL29_MYCTU,P9WHA7,Rv0709,setA,,,67.0,10000.0,0.9998205890529002,9.655165476330417e-08,0.0263917750340008,3609.0,2.954278658814278,0.8617484119307562,20.0,3.0,1.3284974098205566
3012,NARX_MYCTU,P9WJQ1,Rv1736c,setA,,,599.0,10000.0,0.8143612511967199,3.787876565153017e-21,1.473285024730823e-07,9506.0,4.122954123144019,2.849925663579986e-07,326.0,5.0,2.8890292644500732
3014,BLAC_MYCTU,P9WKD3,Rv2068c,setA,,,265.0,10000.0,0.9997530945989168,5.241218438203175e-10,0.0669396323193795,2981.0,5.108611497118405,0.0025315975524092,113.0,5.0,4.293094158172607
3015,ODP2_MYCTU,P9WIS7,Rv2215,setA,,,424.0,10000.0,0.975208729251602,4.1001977578979544e-19,0.0005347603451312,8049.0,7.105403007965545,3.2804050199763013e-06,150.0,6.0,10.052410125732422
3016,MSCL_MYCTU,P9WJN5,Rv0985c,setA,,,104.0,10000.0,0.999999362360007,3.012233620831744e-07,0.3923437076405491,362.0,2.462020680727369,0.0017248090838765,44.0,3.0,5.175736427307129
3017,MYCP2_MYCTU,O05458,Rv3886c,setA,,,358.0,10000.0,0.0353546333338727,3.1474370567433134e-51,4.8141336274465015e-21,9997.0,5.525410289469448,3.740515306652847e-28,161.0,4.0,1.3417253494262695
3018,LEUD_MYCTU,P9WK95,Rv2987c,setA,,,196.0,10000.0,0.9969103863375404,1.6444313899581788e-08,0.0147292675322828,3995.0,3.15738568565785,0.3164002088314023,57.0,2.0,22.44594955444336
3019,LPPE_MYCTU,O07750,Rv1881c,setA,,,115.0,10000.0,0.9999260546649764,3.2636890243394177e-07,0.0615703173092203,2533.0,4.541818025170095,0.0295102255703375,54.0,4.0,17.09469223022461
3020,MMPLB_MYCTU,P9WJT9,Rv0202c,setA,,,818.0,10000.0,0.903164747374032,5.385805588220982e-51,2.23582681404149e-20,9926.0,5.738592263058591,2.1140601683006077e-30,345.0,7.0,8.982691764831543
3021,PG35_MYCTU,P9WIF1,Rv1983,setA,,,486.0,10000.0,0.6483863389054508,2.0510365450783427e-27,1.3431284758207683e-09,9780.0,5.217257701128156,0.0011998982701207,198.0,5.0,10.322413444519045
3022,MIAB_MYCTU,P9WK05,Rv2733c,setA,,,449.0,10000.0,0.999300940258796,1.129124216906631e-12,0.0324968733524828,3357.0,4.2452457150527065,0.009476210109011,172.0,4.0,1.3166872262954712
3023,PDTAS_MYCTU,P9WGL5,Rv3220c,setA,,,451.0,10000.0,0.9063034346336196,7.673019112430896e-33,6.269508753416777e-07,9291.0,9.508833059603385,1.420812378518093e-05,107.0,11.0,3.1836204528808594
3024,LSPA_MYCTU,P9WK99,Rv1539,setA,,,157.0,10000.0,0.9978113874736056,6.045997423191471e-09,0.0043030189119664,5971.0,4.984200920827553,0.5618638036264637,37.0,4.0,8.620497703552246
3025,NUOE_MYCTU,P9WIV5,Rv3149,setA,,,237.0,10000.0,0.995718881930844,6.267067666735606e-15,0.0022975756130855,6593.0,4.5428679236106895,0.0016281381153938,72.0,4.0,1.3351974487304688
3026,INIA_MYCTU,P9WJ99,Rv0342,setA,,,504.0,10000.0,0.9961676605650788,1.0323095085627497e-23,0.0015655061925206,6399.0,3.847391400890869,0.0170172077232855,258.0,4.0,3.371102094650269
3028,KDPD_MYCTU,P9WGL3,Rv1028c,setA,,,723.0,10000.0,0.999255291236874,9.51133985030101e-26,0.0410544530392781,3781.0,3.2358573029737983,0.0057739353957998,382.0,5.0,10.586909294128418
3029,PBP1A_MYCTU,P71707,Rv0050,setA,,,540.0,10000.0,0.1379343505137892,9.626807912711912e-30,2.3648797364849788e-14,9991.0,5.678921609125928,1.0905560243622717e-12,194.0,3.0,1.330477595329285
3030,EFPA_MYCTU,P9WJY5,Rv2846c,setA,,,467.0,10000.0,0.9472384588628424,1.2929022906445584e-30,1.087455525329434e-08,9572.0,4.451135958662935,1.2750410407661125e-12,89.0,2.0,3.340937852859497
3031,A85C_MYCTU,P9WQN9,Rv0129c,setA,,,280.0,10000.0,0.9241944828874504,9.081504324601775e-21,1.17471472759955e-07,9771.0,3.8756695282188702,0.0005201919237185,80.0,3.0,20.393314361572266
3032,LEXA_MYCTU,P9WHR7,Rv2720,setA,,,169.0,10000.0,0.9999373796838488,4.986969449927149e-08,0.0873781265905365,2317.0,3.3000940669428585,0.4361006029510127,46.0,2.0,17.141582489013672
3033,MMPL6_MYCTU,P9WJU9,Rv1557,setA,,,301.0,10000.0,0.970922027033434,8.36887448337193e-27,5.299814954449928e-06,8672.0,3.620323998350752,3.532516889418749e-08,122.0,4.0,3.3661468029022217
3034,KGD_MYCTU,P9WIS5,Rv1248c,setA,,,1135.0,10000.0,0.9460561376012708,1.0089638899736846e-30,4.905051175800315e-06,8718.0,4.257225239053501,0.5144466504670959,312.0,3.0,3.4541165828704834
3035,EPHD_MYCTU,P9WGS3,Rv2214c,setA,,,575.0,10000.0,0.9410992694768212,4.275342260812823e-23,2.8783654360366537e-07,9020.0,4.119225316440688,8.894700820210594e-22,208.0,6.0,13.3703031539917
3036,DNAJ1_MYCTU,P9WNV9,Rv0352,setA,,,322.0,10000.0,0.9978175993100536,4.7309308005495036e-17,5.573943111246851e-05,8328.0,4.991083894214452,0.0006076455228887,87.0,5.0,8.998025894165039
3037,CYSNC_MYCTU,P9WNM5,Rv1286,setA,,,571.0,10000.0,0.6946691000736497,7.629871735786591e-31,3.512074224312272e-13,9900.0,6.99880499483851,6.55098826523981e-16,260.0,6.0,3.9849483966827393
3038,DNAK_MYCTU,P9WMJ9,Rv0350,setA,,,566.0,10000.0,0.1780201131905625,1.3509191371775758e-66,2.213540456754496e-34,9992.0,7.315580175950647,5.1423711459627425e-24,88.0,2.0,7.446457862854004
3039,DPPRS_MYCTU,P9WFR5,Rv3806c,setA,,,294.0,10000.0,0.0760692121841825,5.563243012329354e-31,1.8066724295142528e-15,9994.0,10.449166463551546,4.779559768971486e-17,435.0,38.0,9.024924278259276
3040,DNAJ2_MYCTU,P9WNV7,Rv2373c,setA,,,322.0,10000.0,0.9790358704996256,1.1261267790369433e-17,6.463378868576621e-09,9680.0,4.303393413112117,1.5140206816655685e-15,82.0,3.0,2.9871952533721924
3041,CYA1_MYCTU,P9WQ35,Rv1625c,setA,,,385.0,10000.0,0.9994990202847934,1.2096319902221122e-28,0.0163551117298071,4456.0,4.064722590852942,8.098403942533303e-06,184.0,5.0,3.3293659687042236
3043,PG08_MYCTU,I6Y8K5,Rv0742,setA,,,121.0,10000.0,0.8052539682707979,1.2415006209759116e-09,0.0018438687757408,8936.0,3.4593375323920177,0.0073440366122921,48.0,3.0,3.6916444301605225
3044,MKL_MYCTU,P9WQL5,Rv0655,setA,,,317.0,10000.0,0.9975490210912016,2.1363110107549715e-16,0.0018548287821257,6375.0,6.49728245914258,5.854632090080558e-10,91.0,7.0,7.2446722984313965
3045,GLYTR_MYCTU,P9WMX5,Rv1500,setA,,,281.0,10000.0,0.9987882062310504,3.3999214036236266e-18,0.0002651712270913,7294.0,4.378198301250537,5.946520939875108e-05,190.0,7.0,1.3292044401168823
3046,ESTR2_MYCTU,I6YF08,Rv3036c,setA,,,201.0,10000.0,0.9974230459567276,3.994935586107511e-09,0.0303465217424019,3799.0,2.764771576223681,0.0087760401219507,69.0,4.0,5.373861789703369
3047,LIPF_MYCTU,O06350,Rv3487c,setA,,,246.0,10000.0,0.9999996373557968,4.7206579328194856e-14,0.1576817787981814,1563.0,2.875642012236447,0.4561367689505868,147.0,4.0,1.3276673555374146
3048,LLDD_MYCTU,P9WND5,Rv1872c,setA,,,380.0,10000.0,0.9795664694768412,2.6292678765465726e-144,5.502421234862788e-61,9879.0,13.078278104073844,1.6765464585375858e-69,713.0,301.0,1.335716724395752
3049,KMTR_MYCTU,O53838,Rv0827c,setA,,,108.0,10000.0,0.9998553175757652,1.0325594437315167e-05,0.1871868816493209,333.0,2.7808646816521314,0.0490635142458047,33.0,2.0,3.1341552734375
3050,PBPB_MYCTU,L0T911,Rv2163c,setA,,,594.0,10000.0,0.2539465178913253,2.648335840535463e-50,6.2569738646706934e-24,9982.0,4.3567084156601945,8.264664245799752e-41,167.0,4.0,1.3387531042099
3051,DPO3X_MYCTU,P9WNT9,Rv3721c,setA,,,480.0,10000.0,0.952818389681718,3.132824175625353e-25,2.642405696729699e-07,9291.0,3.2216259815594577,7.184922480976787e-05,140.0,3.0,1.3345725536346436
3052,CUT2_MYCTU,P9WP41,Rv2301,setA,,,184.0,10000.0,0.9999769076584918,4.687567531906383e-09,0.1128505230615286,1950.0,2.796798884719744,6.527704420327035e-06,108.0,4.0,1.3321396112442017
3053,LGT_MYCTU,P9WK93,Rv1614,setA,,,283.0,10000.0,0.9946226451709876,1.6014214132417142e-14,0.0002825994178666,7537.0,3.870672270353901,0.4176653563857629,87.0,4.0,1.3258522748947144
3054,COXX_MYCTU,P9WFR7,Rv1451,setA,,,286.0,10000.0,0.9989510137782132,2.709634546355644e-07,0.0443183872839196,3081.0,3.794379013648554,0.0097326747929689,82.0,3.0,1.3396536111831665
3055,DPRA_MYCTU,P9WL29,Rv2896c,setA,,,371.0,10000.0,0.9999952223842368,4.98075527046073e-26,0.0136346190781146,4678.0,4.603266213999809,0.8811866481111826,210.0,9.0,1.3355218172073364
3056,IF2_MYCTU,P9WKK1,Rv2839c,setA,,,455.0,10000.0,0.9659829807062312,2.954103225569027e-20,6.539559470750193e-09,9572.0,5.569446631916153,4.292329034437854e-09,97.0,4.0,3.3275563716888428
3057,CDTS_MYCTU,P9WPF9,Rv2275,setA,,,231.0,10000.0,0.994921008754129,1.2164413674362536e-13,0.001924485748375,6762.0,4.228516363825012,0.0002017772566479,131.0,4.0,9.960149765014648
3058,ALKA_MYCTU,P9WJW3,Rv1317c,setA,,,485.0,10000.0,0.999652186246757,5.9374550475232795e-18,0.0306904041969283,3906.0,4.217637575328443,0.0526135327934337,264.0,4.0,7.415031909942627
3059,DATIN_MYCTU,P9WMA9,Rv0079,setA,,,236.0,10000.0,0.995595089522211,1.6307211780546198e-11,0.0022321281069916,6562.0,3.148246649753617,0.0007703405528547,100.0,3.0,13.32158660888672
3060,GLNE_MYCTU,P9WN27,Rv2221c,setA,,,945.0,10000.0,0.835507257128558,4.06038752432081e-33,1.4091947056659152e-08,9477.0,7.560965030223306,4.251870042704318e-06,310.0,8.0,1.338039517402649
3061,FTSZ_MYCTU,P9WN95,Rv2150c,setA,,,302.0,10000.0,0.9024834592499354,8.391637590083521e-33,3.4264690704368745e-11,9627.0,5.442507365010052,2.9300479325946707e-09,24.0,2.0,17.24306297302246
3062,ARCH_MYCTU,P9WQ03,Rv2630,setA,,,136.0,10000.0,0.9999902293355908,3.081643270021161e-08,0.1056157599197337,2110.0,3.270959401339696,0.0287639899881198,62.0,6.0,1.3433281183242798
3063,CHSE3_MYCTU,P96855,Rv3573c,setA,,,689.0,10000.0,0.992484204468508,3.0017558686152905e-22,6.865257833843719e-06,8512.0,5.423610539321179,0.0003620242729882,211.0,5.0,3.1945645809173584
3064,DEAD_MYCTU,P9WH05,Rv1253,setA,,,497.0,10000.0,0.9893137173149736,1.8226443085211026e-23,0.0130303901350923,4603.0,5.374793457880718,0.0484080466253973,273.0,7.0,1.3260159492492676
3065,CUT3_MYCTU,P9WP39,Rv3451,setA,,,181.0,10000.0,0.9993054672883672,1.1092176386435159e-14,0.0004295789648129,7420.0,5.0341596011008125,0.0632051228301634,101.0,6.0,1.3392431735992432
3066,CYSE_MYCTU,P95231,Rv2335,setA,,,189.0,10000.0,0.9999834529744304,2.123695372810142e-09,0.2409230339174917,1141.0,3.004129447647296,0.1545657461510375,95.0,3.0,3.305246114730835
3067,DESET_MYCTU,P9WNE9,Rv3230c,setA,,,310.0,10000.0,0.997117192269826,8.337195964424881e-09,0.0595610660372835,2569.0,3.529551377310149,0.0087689335948002,161.0,4.0,1.3265578746795654
3069,ESPC_MYCTU,P9WJD7,Rv3615c,setA,,,97.0,10000.0,0.9930097588869066,2.280664493775266e-09,0.0051146603979347,5984.0,2.716988224928759,8.816180667074218e-05,53.0,4.0,3.1100897789001465
3070,ECCA3_MYCTU,P9WPI3,Rv0282,setA,,,585.0,10000.0,0.8457422735075466,5.724683873957148e-26,1.2775739380245268e-09,9802.0,5.267928103168324,6.442618680689257e-12,127.0,5.0,1.3306976556777954
3071,ECCC4_MYCTU,P9WNA7,Rv3447c,setA,,,1082.0,10000.0,0.9787795842069305,4.4659328233935513e-41,1.0431327847598668e-06,8977.0,4.364432744146808,0.0046379119539922,502.0,7.0,9.877241134643556
3072,ECCC3_MYCTU,P9WNA9,Rv0284,setA,,,1166.0,10000.0,1.425521774533647e-17,2.2412321041623878e-156,7.768284182857768e-102,10000.0,6.610906042399049,5.212475995835438e-75,459.0,5.0,6.354921817779541
3073,ECCC5_MYCTU,P9WNA5,Rv1783,setA,,,1191.0,10000.0,2.452201173728013e-129,1.735647978851935e-265,6.20915931374798e-227,10000.0,10.141428625933154,2.2363971597772936e-215,48.0,4.0,9.328179359436035
3074,CSM6_MYCTU,P71635,Rv2818c,setA,,,390.0,10000.0,0.9634879051357188,9.834545392384604e-74,1.439700656394571e-13,9600.0,8.648456189968659,1.567343585103831e-27,2.0,1.0,12.02198600769043
3075,ECH13_MYCTU,P95279,Rv1935c,setA,,,296.0,10000.0,0.9992143024668382,1.1375997069551604e-15,0.0401848278648582,3398.0,2.9580107782905487,0.077771353860288,152.0,4.0,4.1170573234558105
3076,FTSK_MYCTU,P9WNA3,Rv2748c,setA,,,635.0,10000.0,0.9878476834710752,3.39175098172594e-34,2.5358996310636612e-14,9748.0,5.584177710996654,1.3847984548954518e-08,231.0,4.0,1.3375706672668457
3077,FTSX_MYCTU,P9WG19,Rv3101c,setA,,,287.0,10000.0,0.9998905826406004,5.558909374955587e-11,0.0449121523434342,3174.0,4.010890911418505,0.0003201024528046,74.0,2.0,3.404416561126709
3078,DRRA_MYCTU,P9WQL9,Rv2936,setA,,,310.0,10000.0,0.9994762513102452,4.3208468346280684e-14,0.0383690977767411,3473.0,3.212992257496225,9.389513736826496e-07,74.0,4.0,12.599803924560549
3079,GDSL_MYCTU,O33363,Rv0518,setA,,,193.0,10000.0,0.9965555850548236,9.584325140504617e-14,0.0004830027008016,7488.0,3.2078872328118835,0.0254887986601223,73.0,2.0,1.3273259401321411
3080,CWLM_MYCTU,L7N653,Rv3915,setA,,,368.0,10000.0,0.7715694404188891,8.879994335430052e-21,8.159284021307213e-09,9737.0,2.9760623535675133,1.2032216266216434e-11,187.0,5.0,3.617352247238159
3081,EX7S_MYCTU,P9WF29,Rv1107c,setA,,,69.0,10000.0,0.9998673601623532,4.5875436239195336e-11,0.248856892590492,1169.0,2.6084201976048043,0.248856892590492,22.0,2.0,3.706737518310547
3082,EGTA_MYCTU,P9WPK7,Rv3704c,setA,,,410.0,10000.0,0.9997217280312992,6.94372655040553e-16,0.0027076637390266,6101.0,3.438304175185652,0.0001217108973093,189.0,3.0,7.404155731201172
3083,FATRP_MYCTU,P9WQJ3,Rv1272c,setA,,,603.0,10000.0,0.9922968699695964,1.6333105005294742e-20,0.0041564524562704,5817.0,4.593026040789319,0.7731718828537789,201.0,4.0,7.54960823059082
3084,DNLJ_MYCTU,P9WNV1,Rv3014c,setA,,,654.0,10000.0,0.9801110062052544,7.500430117970208e-27,1.7063348036001384e-07,9137.0,4.551475164416645,1.2403568295299158e-07,207.0,4.0,1.335190773010254
3085,BLAI_MYCTU,P9WMJ5,Rv1846c,setA,,,120.0,10000.0,0.9999542705402878,2.465024455417645e-09,0.4836290009396859,337.0,2.512048805375682,0.1801685960652191,70.0,4.0,3.2383251190185547
3086,ESPF_MYCTU,P9WJD1,Rv3865,setA,,,98.0,10000.0,0.9996239533561894,1.093020168776054e-07,0.2709711159021449,565.0,5.049484188082636,0.1048002909208729,67.0,14.0,1.3300186395645142
3087,DBH_MYCTU,P9WMK7,Rv2986c,setA,,,101.0,10000.0,0.9945950082395212,3.011245386123546e-10,0.0023774872929634,6199.0,4.176313836867207,0.0065011194543161,14.0,2.0,3.0302093029022217
3088,CYSH_MYCTU,P9WIK3,Rv2392,setA,,,233.0,10000.0,0.9999438170031076,2.2901476963185887e-11,0.0076018338262711,5191.0,4.419916199429782,0.0002185528503923,104.0,4.0,1.3377604484558103
3089,END3_MYCTU,P9WQ11,Rv3674c,setA,,,242.0,10000.0,0.996288063206262,2.1670853921485875e-10,0.0050614843648563,5875.0,2.4697707388498964,0.0050614843648563,99.0,2.0,1.3401328325271606
3090,FDHD_MYCTU,P9WNF1,Rv2899c,setA,,,243.0,10000.0,0.9865749465089116,2.994558434109528e-16,1.1394996644552915e-05,8506.0,5.043133464878745,0.000319351545571,63.0,2.0,1.3386434316635132
3091,AGBR_MYCTU,P9WMS9,Rv3789,setA,,,105.0,10000.0,0.9998072142377408,3.5235942355087506e-07,0.0640946314974796,1959.0,4.062053294210244,0.0640946314974796,42.0,4.0,1.3365495204925537
3092,ECC1A_MYCTU,P9WNB3,Rv3870,setA,,,635.0,10000.0,0.3958317318242104,4.1735796152052285e-36,5.63428135535182e-13,9902.0,5.007750758932011,2.5064616814206795e-15,484.0,7.0,1.3391720056533811
3093,ECCA2_MYCTU,P9WPH7,Rv3884c,setA,,,611.0,10000.0,0.9991186712539486,2.1722858482675687e-25,0.0054973058542328,5540.0,2.75636314484204,0.3351032370374195,398.0,5.0,3.385012149810791
3094,ECCB1_MYCTU,P9WNR7,Rv3869,setA,,,447.0,10000.0,0.9971173158594552,1.9954349513503496e-35,0.0142317556613485,4814.0,7.476094079962266,0.0001143179386348,398.0,19.0,1.3373538255691528
3095,ECCB3_MYCTU,P9WNR3,Rv0283,setA,,,451.0,10000.0,0.9993274783252069,2.844960294521337e-25,0.0039159325539469,5671.0,4.138073316913578,0.0330971920026295,166.0,4.0,1.3357956409454346
3096,ECCD2_MYCTU,P9WNQ5,Rv3887c,setA,,,440.0,10000.0,0.9908633503720828,8.174915808299672e-17,3.870047628790792e-05,8148.0,4.910875819350934,0.0009435640623919,319.0,7.0,1.3359254598617554
3097,LPPM_MYCTU,O53505,Rv2171,setA,,,176.0,10000.0,0.993637813796942,4.104600779681034e-15,0.0005247757705845,7335.0,2.410390906434645,0.0166826386265276,72.0,4.0,27.413002014160156
3099,LPRA_MYCTU,P9WK55,Rv1270c,setA,,,204.0,10000.0,0.997689194498704,1.9572070853246375e-10,0.0131042941697441,4946.0,3.3727306481098016,0.0726954656436931,78.0,3.0,3.48823881149292
3100,LPQT_MYCTU,P9WK59,Rv1016c,setA,,,170.0,10000.0,0.9988232012773136,5.546621655745632e-08,0.0273085878082836,3837.0,2.6105921493489506,0.5236389645807082,66.0,3.0,14.046424865722656
3101,LPQH_MYCTU,P9WK61,Rv3763,setA,,,111.0,10000.0,0.999891460015114,7.350974205847121e-06,0.341597896684975,252.0,3.121894465694412,0.5374102517016041,47.0,2.0,7.200601577758789
3102,GYRA_MYCTU,P9WG47,Rv0006,setA,,,766.0,10000.0,0.599853158294587,8.750341048272002e-82,1.9548580398092585e-22,9912.0,13.901167324368028,4.772964817905867e-41,2034.0,989.0,1.3286672830581665
3103,COX2_MYCTU,P9WP69,Rv2200c,setA,,,328.0,10000.0,0.8307939019926311,3.0058802619994214e-25,2.847714679418294e-12,9857.0,3.0815174141122084,1.514702231216945e-08,112.0,4.0,3.332300901412964
3104,CLGR_MYCTU,P9WMH7,Rv2745c,setA,,,99.0,10000.0,0.9996581360296252,8.410463319721155e-20,0.107983109662324,1382.0,2.3247535385290496,0.107983109662324,51.0,5.0,1.3294479846954346
3105,ARFA_MYCTU,P9WIU5,Rv0899,setA,,,219.0,10000.0,0.9986622642912208,1.3978947239184843e-10,0.0428729255972634,2772.0,3.295223275407024,0.0912727012203034,100.0,3.0,3.8697900772094727
3106,HTPX_MYCTU,P9WHS5,Rv0563,setA,,,261.0,10000.0,0.9978454714475502,1.6724659361625162e-11,0.0307332230612293,3708.0,4.30678072500751,0.0002836683674733,89.0,5.0,3.39347505569458
3107,BPA_MYCTU,P9WKX3,Rv3780,setA,,,119.0,10000.0,0.9999496534079684,9.140299150480362e-06,0.0232523377867862,3133.0,2.8676152139555797,0.2329310539455068,31.0,3.0,1.3335200548171997
3108,FQR61_MYCTU,P9WP13,Rv1261c,setA,,,147.0,10000.0,0.9999966323837028,9.239140349031542e-07,0.3495623636409321,420.0,2.715549124253649,0.3495623636409321,69.0,2.0,3.4762654304504395
3109,MAZE3_MYCTU,O53451,Rv1103c,setA,,,72.0,10000.0,0.9999999898535324,3.022865021471926e-05,0.1316585654719652,1056.0,4.421681701546263,0.0022676241465572,32.0,6.0,3.008636713027954
3111,ATPF_MYCTU,P9WPV5,Rv1306,setA,,,138.0,10000.0,0.9995144104153996,8.401436285937304e-08,0.3125384742122983,230.0,2.838383540595001,0.1102288753080534,56.0,3.0,7.197847843170166
3112,CP128_MYCTU,P9WPN7,Rv2268c,setA,,,365.0,10000.0,0.99648428767922,1.0339432842376284e-13,0.007740510363237,5585.0,3.2235431840898774,0.0046662847438097,180.0,4.0,35.982879638671875
3113,ESPB_MYCTU,P9WJD9,Rv3881c,setA,,,208.0,10000.0,0.9980021339184104,4.875595427209654e-07,0.0195830523151288,3449.0,4.5160412005632,0.1572927776387116,140.0,8.0,7.6315765380859375
3114,ACYLT_MYCTU,P9WMB5,Rv2611c,setA,,,269.0,10000.0,0.7981115960215109,6.229124923445662e-17,2.660295285273432e-07,9712.0,6.599689452629304,1.2432429981367495e-10,91.0,7.0,1.3334063291549685
3115,DNAB_MYCTU,P9WMR3,Rv0058,setA,,,684.0,10000.0,4.735434405340766e-07,4.046648092523286e-67,1.600492506102658e-46,10000.0,6.272967346571309,3.0814031091633963e-47,309.0,4.0,2.890777826309204
3116,CYSD_MYCTU,P9WIK1,Rv1285,setA,,,282.0,10000.0,0.9998683157617828,1.846491319292566e-16,0.0258797260192345,4180.0,3.5216021609476087,6.68858371600818e-10,131.0,5.0,3.6376214027404785
3117,KSHB_MYCTU,P9WJ93,Rv3571,setA,,,350.0,10000.0,0.9864914374290608,7.1134504069231995e-22,6.787873689806719e-07,9207.0,4.208528842963384,1.5747515517642453e-05,87.0,2.0,3.2288362979888916
3118,CHIZ_MYCTU,I6YA32,Rv2719c,setA,,,34.0,10000.0,0.9999999993962028,2.204947108130047e-06,0.056370121455101,1880.0,1.3639200870816417,0.0003159698470434,17.0,4.0,51.504661560058594
3119,CRGA_MYCTU,P9WP57,Rv0011c,setA,,,39.0,10000.0,0.9999999999798008,1.6202781631277333e-08,0.3887659310628042,557.0,1.7226746297853557,0.7522620106454394,20.0,3.0,58.558868408203125
3120,HIS3_MYCTU,P9WMM7,Rv1606,setA,,,114.0,10000.0,0.9999186034915144,1.0330645961231932e-05,0.158713386510912,1383.0,2.624058302916834,0.0842165507862506,42.0,4.0,3.47957444190979
3121,COBL_MYCTU,P9WGA9,Rv2072c,setA,,,315.0,10000.0,0.0408607063970001,2.171813701463552e-19,3.159312334142809e-07,9992.0,3.4918590826940576,7.918168730499363e-08,131.0,4.0,1.333910346031189
3122,LPQW_MYCTU,P9WGU7,Rv1166,setA,,,513.0,10000.0,0.9411884243248596,2.4540108738100738e-21,1.003833839184294e-05,8442.0,5.236895108051288,0.0223648501687699,145.0,5.0,1.332878828048706
3123,LPRF_MYCTU,P9WK47,Rv1368,setA,,,209.0,10000.0,0.9980735644710278,2.9821445169205266e-08,0.1974456197174997,1205.0,3.471666661100154,0.4948318226818225,97.0,3.0,5.928739070892334
3124,LPRG_MYCTU,P9WK45,Rv1411c,setA,,,201.0,10000.0,0.9974230459567276,1.0714747083408795e-09,0.0166546143855372,4436.0,3.564450603028517,0.3310337270545572,87.0,3.0,5.9119038581848145
3125,CTPI_MYCTU,P9WPS5,Rv0107c,setA,,,1149.0,10000.0,0.0114632196459626,1.2137329421798872e-38,1.0556722501875555e-16,9997.0,4.070626040620582,3.9309908976035785e-13,569.0,8.0,9.41689682006836
3126,DEVS_MYCTU,P9WGK3,Rv3132c,setA,,,523.0,10000.0,0.9991553076659674,4.25182432786825e-18,0.0039839710499839,5803.0,3.6196380058027375,0.0349408353366151,150.0,3.0,6.578563690185547
3127,CSOR_MYCTU,P9WP49,Rv0967,setA,,,93.0,10000.0,0.9993948867263268,0.0001111334582995,0.4229637996512901,99.0,2.1217851493990527,0.8840974840012926,22.0,2.0,1.332154393196106
3128,DNAG_MYCTU,P9WNW1,Rv2343c,setA,,,572.0,10000.0,0.875996953910667,2.376849007279483e-55,1.0760633590357958e-17,9850.0,8.531593536268122,7.318789462909896e-21,170.0,18.0,6.4886064529418945
3129,GDSLL_MYCTU,O53423,Rv1075c,setA,,,247.0,10000.0,0.9999996609620406,1.179488919506729e-09,0.10452735732539,1907.0,3.4404212995383907,0.6032009897144405,114.0,4.0,1.3372056484222412
3130,DING_MYCTU,P9WMR5,Rv1329c,setA,,,619.0,10000.0,0.9974410309829272,1.0533550140928867e-20,0.0021561385179095,6182.0,5.416691302745277,0.0125766223824598,303.0,9.0,1.3361366987228394
3131,DHPS2_MYCTU,P9WNC9,Rv1207,setA,,,277.0,10000.0,0.9998415423512242,4.1597720537738644e-16,0.0013116550451208,6489.0,3.609032496333009,0.2956654148292429,77.0,3.0,2.983776807785034
3132,MAZG_MYCTU,P96379,Rv1021,setA,,,296.0,10000.0,0.9999974173903828,7.011008308422329e-14,0.2852192639675134,847.0,5.161314939786166,0.0011265254141333,110.0,5.0,1.3463189601898191
3133,GRPE_MYCTU,P9WMT5,Rv0351,setA,,,147.0,10000.0,0.9997314949807534,1.7012641274796265e-12,0.0995630800514419,2468.0,2.9052343934612126,0.0095188777096971,40.0,2.0,6.98907470703125
3134,DPO41_MYCTU,P9WNT3,Rv1537,setA,,,412.0,10000.0,0.9999734206114516,7.52443143658081e-13,0.0600576265026751,2911.0,3.516708851059238,0.6002244103093779,183.0,4.0,1.329230785369873
3135,FTSWL_MYCTU,P9WN99,Rv0017c,setA,,,412.0,10000.0,0.9949498696285414,8.733688716179541e-15,0.0009752668748208,6714.0,3.370333581876199,0.0058505328901374,247.0,4.0,6.008039474487305
3136,ACNA_MYCTU,O53166,Rv1475c,setA,,,896.0,10000.0,4.73861746188561e-13,5.3135458136801903e-107,6.538374101140404e-64,10000.0,4.777139078434352,1.5466016656090527e-84,207.0,3.0,3.3203792572021484
3137,FHAB_MYCTU,P9WJB5,Rv0019c,setA,,,123.0,10000.0,0.9999657401921828,1.031481164552327e-07,0.0052077994305242,5554.0,2.749752281920134,0.0020693242956052,46.0,3.0,7.148523330688477
3138,DUS_MYCTU,P9WNS7,Rv0823c,setA,,,360.0,10000.0,0.9140695696381784,4.527568219191933e-16,1.0319804150314243e-06,9421.0,6.523586487062201,0.0019034872616077,134.0,6.0,7.412972927093506
3139,CHMU_MYCTU,P9WIC1,Rv0948c,setA,,,77.0,10000.0,0.999960530775474,5.783542404576556e-06,0.4139702780715675,190.0,3.609661214407317,0.0294264741855639,35.0,4.0,5.036620140075684
3140,A85A_MYCTU,P9WQP3,Rv3804c,setA,,,288.0,10000.0,0.0710512940333241,5.053167175939877e-35,1.9749961157727361e-16,9996.0,6.062039779286772,8.174068160010661e-20,98.0,4.0,7.831838130950928
3141,ANSP1_MYCTU,P9WQM9,Rv2127,setA,,,449.0,10000.0,0.9384463820745558,2.283213222514474e-28,8.744153656568835e-08,9420.0,3.889664705608753,2.471602322612251e-06,175.0,3.0,6.104272842407227
3142,CCO_MYCTU,P9WPR5,Rv0654,setA,,,439.0,10000.0,0.999859635651124,2.5024599718895345e-15,0.0434029161003834,3449.0,3.1287064711157617,0.5838284613224561,235.0,4.0,6.5697526931762695
3143,ACEAA_MYCTU,O07718,Rv1915,setA,,,288.0,10000.0,0.995207438869408,2.0759331623867817e-17,0.0076681416188863,5144.0,3.491494998978286,0.045509644873646,112.0,4.0,7.566964626312256
3144,FHAA_MYCTU,P71590,Rv0020c,setA,,,182.0,10000.0,0.9948741860443394,5.498447376975821e-15,3.305222573465357e-07,9672.0,4.388106414964431,2.315722965561494e-11,99.0,3.0,2.9724340438842773
3145,APA_MYCTU,P9WIR7,Rv1860,setA,,,172.0,10000.0,0.9999997037278974,4.971650292740073e-12,0.0391379431436307,3272.0,2.616467134450572,0.1199722654186952,82.0,3.0,1.3185086250305176
3146,CPNT_MYCTU,O05442,Rv3903c,setA,,,445.0,10000.0,0.8126193410499832,1.1418318912311661e-17,0.0112361284445576,4799.0,4.011069379453624,5.965807051455741e-05,355.0,6.0,3.432332754135132
3147,FPRB_MYCTU,P9WJI1,Rv0886,setA,,,541.0,10000.0,0.8102027566347476,2.772803045206566e-24,1.059730231870548e-07,9470.0,3.121707662890864,1.4705884762568455e-10,196.0,3.0,11.999417304992676
3148,EMRB_MYCTU,P9WG89,Rv0783c,setA,,,454.0,10000.0,0.982429954273516,2.5663453834111402e-17,0.0003135021624653,7136.0,4.714023145712927,0.0280670698454694,254.0,8.0,3.1577162742614746
3149,ESXD_MYCTU,O05453,Rv3891c,setA,,,97.0,10000.0,0.999998134189332,2.4514331584752496e-06,0.4498621343358823,198.0,3.122945515310047,0.6839059608692394,97.0,8.0,4.285263538360596
3150,CDSA_MYCTU,P9WPF7,Rv2881c,setA,,,254.0,10000.0,0.9973664948919422,8.087752276393685e-12,0.0004679933789557,7455.0,4.322562462688772,8.045091599496075e-06,75.0,4.0,3.4260497093200684
3152,ETHA_MYCTU,P9WNF9,Rv3854c,setA,,,482.0,10000.0,0.0431068231152221,2.4551088458759803e-31,4.366486548674473e-13,9998.0,5.029141610793858,4.083112274379384e-15,1117.0,23.0,10.19309139251709
3153,FAA22_MYCTU,P9WQ61,Rv2948c,setA,,,577.0,10000.0,0.999649223049658,2.0856430994995424e-16,0.0010424159112819,6988.0,4.884869355243791,2.9686421632676984e-05,283.0,6.0,1.328108549118042
3154,ECCA1_MYCTU,P9WPH9,Rv3868,setA,,,561.0,10000.0,0.9882133217331464,8.310192230022456e-27,0.001677713950574,6610.0,2.8265811256694326,0.0001907147085153,191.0,5.0,3.3437936305999756
3155,ECCB5_MYCTU,P9WNQ9,Rv1782,setA,,,458.0,10000.0,0.9832211701971072,1.5038426783947973e-21,8.891461202746571e-06,7901.0,3.822572150486101,1.6134914442647522e-06,84.0,4.0,12.241006851196287
3156,ECCB4_MYCTU,P9WNR1,Rv3450c,setA,,,429.0,10000.0,0.9961522339666208,3.6014918208728504e-19,0.0058530574167036,5570.0,4.266217574939623,0.0092563036677187,224.0,5.0,2.873059034347534
3157,ECCE3_MYCTU,P9WJE5,Rv0292,setA,,,291.0,10000.0,0.9955276526013236,1.3270709504149993e-19,0.0025445328467181,6136.0,3.353620378828724,8.977259273909617e-07,136.0,3.0,1.3355586528778076
3158,GNGF_MYCTU,P9WMU5,Rv1422,setA,,,311.0,10000.0,0.997183210996725,2.5964702418875123e-18,0.0006315387833778,6955.0,4.927727271242066,1.893921622251313e-09,90.0,6.0,3.754683017730713
3159,AP4A_MYCTU,P9WMK9,Rv2613c,setA,,,128.0,10000.0,0.9999788415735248,4.562443393110333e-08,0.063659289210265,2767.0,4.075045818039239,0.063659289210265,21.0,2.0,4.0294108390808105
3160,ECCA5_MYCTU,P9WPI1,Rv1798,setA,,,596.0,10000.0,0.7670014942622809,1.3855991119756353e-18,1.8916243434040237e-07,9363.0,4.417488135309389,3.2322117446480145e-13,159.0,3.0,3.36183500289917
3161,ECCD1_MYCTU,P9WNQ7,Rv3877,setA,,,441.0,10000.0,0.9795971185345064,1.699575560199811e-21,0.0005607943862827,6849.0,3.20071492234202,0.0054545648138937,396.0,6.0,5.55301570892334
3162,ECCD5_MYCTU,P9WNP9,Rv1795,setA,,,452.0,10000.0,0.9820207236638412,2.1592017101712435e-20,9.478863614990236e-05,8351.0,3.3918671401605285,0.0039705237563305,110.0,2.0,25.260421752929688
3163,FTSH_MYCTU,P9WQN3,Rv3610c,setA,,,593.0,10000.0,0.8890972000309733,1.8941145454659395e-32,3.250716139694229e-11,9520.0,4.080464478845813,1.2657758405718652e-16,144.0,3.0,7.53905725479126
3164,ECCB2_MYCTU,P9WNR5,Rv3895c,setA,,,477.0,10000.0,0.9982216844776468,2.824322528612821e-28,0.0002794888888971,6992.0,3.5341473570579045,4.950148063543134e-07,336.0,4.0,3.4328579902648926
3165,DIPZ_MYCTU,P9WG63,Rv2874,setA,,,406.0,10000.0,0.999694238755788,1.6922153266839483e-14,0.0317711766275284,3837.0,6.735948238472494,0.0053655496040553,165.0,7.0,3.0364248752593994
3166,FER_MYCTU,P9WNE7,Rv2007c,setA,,,111.0,10000.0,0.999891460015114,1.5284620463486154e-08,0.025317879467738,3610.0,3.4449252428152013,0.0374140711989987,30.0,3.0,1.3284790515899658
3167,CBXPD_MYCTU,O06380,Rv3627c,setA,,,426.0,10000.0,0.9889654107918192,6.907876272888354e-23,1.742492792922203e-07,8891.0,5.455447108246344,1.080330160495358e-09,175.0,6.0,4.927961349487305
3168,AMT_MYCTU,P9WQ65,Rv2920c,setA,,,442.0,10000.0,0.9991995979968348,6.203537820271309e-11,0.0304403382345874,3566.0,3.334960929023456,0.8093784626269155,208.0,4.0,9.02451229095459
3169,FTSY_MYCTU,P9WGD9,Rv2921c,setA,,,315.0,10000.0,0.4265365028869156,2.347032464277237e-37,2.1264156701932296e-18,9967.0,3.8772544579139367,1.350328379115001e-15,106.0,4.0,3.4228625297546387
3170,DDAH_MYCTU,P71889,Rv2323c,setA,,,273.0,10000.0,0.99981627595303,3.1971013227717367e-10,0.0469107619786299,2999.0,3.959004346713962,0.0100149756447743,116.0,3.0,1.3334723711013794
3171,COBIJ_MYCTU,P9WGB3,Rv2066,setA,,,486.0,10000.0,0.9996588797504384,2.0510365450783427e-27,0.0211833892423979,4239.0,3.4538356663269743,0.4904377409753139,271.0,8.0,3.8594348430633545
3172,BIOB_MYCTU,P9WPQ7,Rv1589,setA,,,325.0,10000.0,0.3902760714537662,4.4950300200636835e-29,6.902427205818358e-11,9886.0,3.868789425502174,2.0647821870419968e-10,83.0,3.0,3.4624295234680176
3173,CAEB_MYCTU,P9WHR5,Rv2223c,setA,,,469.0,10000.0,0.9703874921188056,3.729642197808837e-26,2.635372401991603e-07,9323.0,3.993243181725848,4.169598900603286e-05,195.0,3.0,1.3346443176269531
3174,ARFB_MYCTU,P9WJG7,Rv0900,setA,,,31.0,10000.0,0.9999999953860058,0.0011745844488326,0.4135451001194746,104.0,2.8450323790162564,0.615053935325554,14.0,3.0,5.342935085296631
3175,DOST_MYCTU,P9WGK1,Rv2027c,setA,,,521.0,10000.0,0.991917004321224,3.2533142893800423e-38,0.0073839302483275,5289.0,4.254791869231013,0.0001230053720783,180.0,5.0,2.904747247695923
3176,I6XFC2_MYCTU,I6XFC2,Rv2803,setA,,,86.0,10000.0,0.9988250932863276,4.865933676449237e-05,0.280676590948251,42.0,4.130985579087878,0.146386134869147,32.0,3.0,1.332749843597412
3177,O53630_MYCTU,O53630,Rv0108c,setA,,,68.0,10000.0,0.9998457288309626,0.0007606007723377,0.3377803162489643,60.0,2.961156404329894,0.5942919376585678,41.0,3.0,8.114455223083496
3179,P95125_MYCTU,P95125,Rv2970c,setA,,,341.0,10000.0,0.9944470290736852,8.104441805442679e-19,7.109919277542242e-05,8096.0,5.8803876789600364,4.999993107897615e-05,130.0,6.0,3.6010706424713135
3181,P95159_MYCTU,P95159,Rv1855c,setA,,,306.0,10000.0,0.999411842779209,7.087991616278649e-13,0.0288682475879206,3717.0,4.148487785224773,0.3037583865525867,151.0,6.0,1.332118272781372
3182,P95144_MYCTU,P95144,Rv1871c,setA,,,112.0,10000.0,0.999901384413231,3.989978103193738e-16,0.3469368910624262,681.0,3.389217924283149,0.3469368910624262,72.0,4.0,5.055885314941406
3183,L0TBP1_MYCTU,L0TBP1,Rv2160A,setA,,,103.0,10000.0,0.9997666092408488,8.187985756800374e-09,0.3863490410474184,775.0,4.044515946273476,0.8291131528805725,39.0,4.0,3.5773675441741943
3184,P71662_MYCTU,P71662,Rv1393c,setA,,,487.0,10000.0,0.9996654451484396,7.039920037508452e-18,0.0748218250393013,2844.0,2.987120166455378,0.1031014219371853,219.0,5.0,1.3432998657226562
3185,I6YCF3_MYCTU,I6YCF3,Rv2101,setA,,,880.0,10000.0,0.9986562953698735,1.4569346899845126e-18,0.0039525756643629,5733.0,4.5258858283989385,0.2952560165308199,388.0,4.0,1.3311272859573364
3186,P96358_MYCTU,P96358,Rv1043c,setA,,,296.0,10000.0,0.9960149753571294,2.9067576636827697e-19,0.0318080487739875,3742.0,3.3191019861041084,0.008918506422496,124.0,4.0,3.3296592235565186
3187,O53538_MYCTU,O53538,Rv2264c,setA,,,268.0,10000.0,0.9982379655706352,2.411673334019806e-15,0.0867036536279437,2127.0,3.326611408360256,0.3836306787263156,139.0,4.0,1.3438899517059326
3188,P71655_MYCTU,P71655,Rv2796c,setA,,,149.0,10000.0,0.9997646809801688,5.940663424615618e-07,0.227473557476141,317.0,4.796921812670712,0.3576830886592554,82.0,4.0,4.509225368499756
3189,L7N682_MYCTU,L7N682,Rv1135A,setA,,,59.0,10000.0,0.9999996132375278,9.434955565920748e-05,0.3674356398752962,214.0,2.367888145740358,0.5020556560146455,38.0,3.0,1.3437668085098269
3190,Q6MWZ4_MYCTU,Q6MWZ4,Rv3224B,setA,,,54.0,10000.0,0.9999984404687656,0.0004947304345713,0.3148816042088447,66.0,4.555623391066227,0.2136745108832947,19.0,2.0,5.107892036437988
3191,O06625_MYCTU,O06625,Rv1565c,setA,,,659.0,10000.0,0.9984059307845086,1.5167786675192189e-18,0.0048236040098586,5506.0,3.206022200771718,0.0084542336107015,252.0,4.0,2.937770366668701
3192,P71847_MYCTU,P71847,Rv3553,setA,,,337.0,10000.0,0.9999829656289908,3.174943297747957e-13,0.0105979956265353,4927.0,3.490090499972648,0.5304019797741182,97.0,2.0,3.6067099571228023
3193,P71883_MYCTU,P71883,Rv2329c,setA,,,439.0,10000.0,0.9991518181261608,6.527405275943641e-18,0.0745296463837851,2631.0,3.154323000531636,0.5838284613224561,237.0,5.0,16.82318115234375
3194,O53452_MYCTU,O53452,Rv1104,setA,,,190.0,10000.0,0.999549472722462,6.01240690746331e-10,0.1566633332107413,1425.0,3.42265441369316,0.0174053859175456,77.0,3.0,3.882890939712525
3195,Q6MX15_MYCTU,Q6MX15,Rv3077,setA,,,551.0,10000.0,0.861442649639692,5.262834905409645e-27,3.680049106338396e-09,9864.0,4.2705926010805575,1.7102509939772802e-14,230.0,6.0,9.604516983032228
3196,O53632_MYCTU,O53632,Rv0110,setA,,,236.0,10000.0,0.9992820398398954,7.56736606821331e-18,0.0003628080773695,7321.0,4.313633718603339,0.008163184102914,135.0,4.0,3.968456745147705
3197,O05841_MYCTU,O05841,Rv3225c,setA,,,456.0,10000.0,0.9999061185288104,2.9838311226516877e-27,0.0711594419777294,2920.0,3.028533627550585,0.3566308351251847,224.0,4.0,7.541141986846924
3198,O53148_MYCTU,O53148,Rv1456c,setA,,,299.0,10000.0,0.9999298951881164,2.653954109839969e-11,0.080351425827269,2452.0,3.016458159746293,0.0985672413291864,115.0,4.0,5.77385950088501
3199,I6XVR9_MYCTU,I6XVR9,Rv0611c,setA,,,73.0,10000.0,0.9960082481390764,0.0013250185395028,0.1366817952341169,550.0,3.683884250617813,0.0916560140894893,49.0,3.0,13.028045654296877
3200,O07191_MYCTU,O07191,Rv2689c,setA,,,396.0,10000.0,0.9980580948699928,2.3579310551921982e-14,0.0906727698824045,2489.0,5.993784956618082,0.2389543594492436,197.0,5.0,4.523598670959473
3201,P71922_MYCTU,P71922,Rv2426c,setA,,,276.0,10000.0,0.9936837995509308,1.2910047919495136e-09,0.0181816502618271,4139.0,5.408824687026339,0.076666476506202,113.0,7.0,3.208866596221924
3202,I6X4K0_MYCTU,I6X4K0,Rv2531c,setA,,,854.0,10000.0,0.9994184136072914,3.971043481069795e-28,0.0001853187511108,7059.0,3.39405073841469,0.0164934666007584,338.0,5.0,10.795437812805176
3203,P72047_MYCTU,P72047,Rv3781,setA,,,235.0,10000.0,0.9992552142210946,1.457126200593297e-11,0.0030418436345013,5999.0,2.5755213305016307,0.0145124713538698,84.0,3.0,1.3352190256118774
3204,O07414_MYCTU,O07414,Rv0170,setA,,,326.0,10000.0,0.9980112842997424,8.821741612919892e-15,0.1516059013866763,1719.0,3.544399416281643,0.0006715841174069,139.0,3.0,1.3352450132369995
3205,P71568_MYCTU,P71568,Rv0941c,setA,,,237.0,10000.0,0.9993079054563366,6.870049523401415e-11,0.0731213568413222,1922.0,3.097886000178504,0.2592953408426642,124.0,4.0,7.898430824279785
3206,L7N6A7_MYCTU,L7N6A7,Rv1214c,setA,,,109.0,10000.0,0.9998685304465402,1.325136341798823e-07,0.0347601650072689,3180.0,3.91958236139256,0.1412649675252232,48.0,3.0,9.168815612792969
3207,P95137_MYCTU,P95137,Rv2955c,setA,,,230.0,10000.0,0.999105403919904,9.299074352644805e-08,0.0070658082616895,5768.0,3.5528286771671445,0.0026389052317769,106.0,5.0,1.3265266418457031
3208,P71594_MYCTU,P71594,Rv0024,setA,,,245.0,10000.0,0.9994841186298672,4.299445474293113e-11,0.1267139997932541,1410.0,3.567344605668981,0.0100021845330185,190.0,6.0,1.3354263305664062
3209,O53317_MYCTU,O53317,Rv3167c,setA,,,173.0,10000.0,0.9989806337086232,5.034071285246285e-06,0.0715443520195707,1264.0,3.680455628054729,0.4510872569062542,76.0,3.0,3.052785873413086
3210,Q79FE4_MYCTU,Q79FE4,Rv2401A,setA,,,59.0,10000.0,0.9994022743821726,9.434955565920748e-05,0.2581982265802555,298.0,2.4319328913718605,0.5020556560146455,18.0,2.0,7.128175735473633
3211,O06279_MYCTU,O06279,Rv3603c,setA,,,294.0,10000.0,0.9991675107942994,9.53195176283343e-20,3.88790268043226e-06,8869.0,5.541816946233817,0.0065165515410996,146.0,6.0,6.7123260498046875
3212,O07749_MYCTU,O07749,Rv1882c,setA,,,267.0,10000.0,0.998186571384712,1.5582109411141036e-13,0.026250859411171,4195.0,3.1309563619505423,0.0007055179876652,132.0,4.0,10.601309776306152
3213,O06800_MYCTU,O06800,Rv1767,setA,,,112.0,10000.0,0.999901384413231,2.106765291414777e-07,0.2037033890523985,703.0,4.303609103084764,0.0046524186042988,55.0,4.0,1.3271565437316897
3214,O53715_MYCTU,O53715,Rv0380c,setA,,,174.0,10000.0,0.9990283160121848,5.852661623889584e-09,0.0549750038861182,2741.0,1.96055543706784,0.9372048405515156,108.0,5.0,3.8737094402313232
3215,L7N6A4_MYCTU,L7N6A4,Rv1000c,setA,,,186.0,10000.0,0.9994538312198002,2.556102014199923e-06,0.2868694788394347,610.0,2.876906654106711,0.148309746620639,92.0,3.0,12.574054718017578
3216,O53410_MYCTU,O53410,Rv1062,setA,,,284.0,10000.0,0.9998777179211568,2.4223806564506766e-16,0.0431421084463373,3347.0,3.752420049817207,0.4198962168847139,132.0,5.0,1.3330320119857788
3217,O69678_MYCTU,O69678,Rv3711c,setA,,,311.0,10000.0,0.997183210996725,1.1160609559695241e-09,0.0485412112697254,3065.0,3.203733865452409,0.0021881664906303,145.0,5.0,1.33226215839386
3218,O07206_MYCTU,O07206,Rv2705c,setA,,,115.0,10000.0,0.9999260546649764,5.874733094138813e-06,0.2827842100477929,748.0,4.750616727798884,0.1195904886601826,51.0,3.0,1.3317573070526123
3219,L7N681_MYCTU,L7N681,Rv1646,setA,,,216.0,10000.0,0.9985074291864338,7.354190905718191e-10,0.023261894453228,4060.0,2.5105746581876724,0.0406368469323152,125.0,3.0,6.29832649230957
3220,O50398_MYCTU,O50398,Rv3369,setA,,,134.0,10000.0,0.9993685430656178,1.0364516300636677e-07,0.0743371491831119,2049.0,2.4596380811155143,0.1010654577843235,49.0,2.0,1.3311684131622314
3221,O50455_MYCTU,O50455,Rv1239c,setA,,,323.0,10000.0,0.9921889129870396,8.508403189667522e-14,0.0008537363951098,7935.0,3.5772085902059083,0.1765689746375167,85.0,2.0,1.3302572965621948
3222,P95059_MYCTU,P95059,Rv0711,setA,,,763.0,10000.0,0.9985060239433822,6.70090122175568e-41,0.0078496809732361,5153.0,3.3951581472489085,0.1249030154409927,324.0,4.0,14.730184555053713
3223,I6YCF5_MYCTU,I6YCF5,Rv3564,setA,,,314.0,10000.0,0.9999598591499484,9.074353584666017e-12,0.1138280578310638,2251.0,4.162319390646907,0.4843825100610126,122.0,3.0,1.348892092704773
3224,I6YG87_MYCTU,I6YG87,Rv3477,setA,,,91.0,10000.0,0.9992683499133268,1.0749075290262116e-08,0.3123405247807245,729.0,2.4744414767619665,0.3123405247807245,34.0,2.0,1.3339861631393433
3225,O53854_MYCTU,O53854,Rv0842,setA,,,373.0,10000.0,0.9906076555213296,6.759838133168247e-17,0.0220024093229351,4239.0,7.123522785909925,0.1791046144361284,171.0,7.0,3.3007125854492188
3226,P71795_MYCTU,P71795,Rv1516c,setA,,,309.0,10000.0,0.9999516535728332,2.664058329535042e-15,0.0891750427227303,2718.0,3.248150322316964,1.1100379033476574e-05,156.0,3.0,1.3441951274871826
3227,L7N669_MYCTU,L7N669,Rv1940,setA,,,309.0,10000.0,0.9479101286442014,3.841383264835066e-17,0.0237372352366579,3636.0,3.449803703891159,0.0037599842405662,128.0,5.0,1.336677312850952
3228,O50402_MYCTU,O50402,Rv3373,setA,,,196.0,10000.0,0.999662608891976,3.07280610094375e-08,0.2597295422024652,662.0,3.173038167415373,0.7831032596781516,90.0,3.0,5.851929664611816
3229,L7N657_MYCTU,L7N657,Rv0164,setA,,,146.0,10000.0,0.9997131960408197,3.141505039155567e-05,0.1292501626628214,960.0,2.8389672992781456,0.0274881475644891,47.0,4.0,3.711984157562256
3230,O53633_MYCTU,O53633,Rv0111,setA,,,610.0,10000.0,0.8228897390513393,4.3818086286361975e-24,2.444127385033853e-06,9232.0,3.723471021935283,2.9148722347049936e-11,240.0,4.0,1.3297357559204102
3231,P95263_MYCTU,P95263,Rv1951c,setA,,,86.0,10000.0,0.999989970832073,9.90260186786154e-05,0.2052191316003788,169.0,2.531847895755929,0.2052191316003788,31.0,2.0,1.3377450704574585
3232,O53697_MYCTU,O53697,Rv0293c,setA,,,366.0,10000.0,0.9992178673588376,1.99484808078484e-42,1.669853507625939e-07,8188.0,8.742228821601895,7.328988452350177e-09,221.0,33.0,3.2211649417877197
3233,I6X824_MYCTU,I6X824,Rv3678A,setA,,,52.0,10000.0,0.9999972790848016,2.263396507456487e-05,0.5741562429811664,87.0,4.6466550743104165,0.420624043923292,31.0,3.0,6.659789562225342
3234,O08377_MYCTU,O08377,Rv1534,setA,,,197.0,10000.0,0.9999902991244216,3.4326361315562467e-10,0.2624165199950961,866.0,3.3299515952497907,0.9867154778558492,74.0,4.0,3.4620072841644287
3235,P95226_MYCTU,P95226,Rv0269c,setA,,,388.0,10000.0,0.9977359324165213,4.356422207058231e-19,0.005234245132034,5656.0,2.6996221363842303,0.1428485446097654,159.0,3.0,21.800243377685547
3236,O07728_MYCTU,O07728,Rv1904,setA,,,114.0,10000.0,0.9976688849230172,4.673936082856395e-09,0.0842165507862506,1896.0,3.242495704015893,0.0284302369102438,68.0,3.0,3.553480386734009
3237,I6Y0L1_MYCTU,I6Y0L1,Rv2380c,setA,,,1462.0,10000.0,0.1324134071188552,2.0047960409661494e-70,4.901744079345005e-22,9990.0,4.583536582860941,4.455455403778948e-21,425.0,4.0,3.3528008460998535
3238,L0T7Y7_MYCTU,L0T7Y7,Rv1807,setA,,,176.0,10000.0,0.993637813796942,1.4503876640309736e-08,0.0989974012267861,1863.0,3.972925015843446,0.0166826386265276,70.0,3.0,14.036815643310549
3239,Q6MX51_MYCTU,Q6MX51,Rv0296c,setA,,,439.0,10000.0,0.6404470980000846,5.016275969880143e-33,1.3538235181364974e-14,9962.0,5.4522526421514055,1.210113120962279e-17,182.0,4.0,3.6477091312408447
3240,I6Y890_MYCTU,I6Y890,Rv0605,setA,,,179.0,10000.0,0.9942889623445637,1.4773407107321398e-10,0.0180849429037195,4295.0,1.887663339369704,0.024911685158508,81.0,2.0,1.335293531417847
3241,O53347_MYCTU,O53347,Rv3201c,setA,,,962.0,10000.0,0.9630902789468748,1.4212900502385104e-50,1.7015398044034893e-07,8956.0,6.321112719220288,3.1657146442829025e-13,344.0,5.0,7.880544662475586
3242,P71653_MYCTU,P71653,Rv2798c,setA,,,101.0,10000.0,0.9997175049348396,3.59523535093178e-05,0.1588190663808118,703.0,3.8646312209922775,0.1588190663808118,47.0,4.0,2.9764864444732666
3243,O69723_MYCTU,O69723,Rv3757c,setA,,,207.0,10000.0,0.9979280786710258,1.464087091171483e-07,0.0191480654795717,4018.0,2.828061832509485,0.0191480654795717,120.0,4.0,1.3349533081054688
3244,Q10896_MYCTU,Q10896,Rv0101,setA,,,1498.0,10000.0,0.1956602493027003,5.170537425333022e-71,5.920230024939099e-23,9985.0,7.461385083406812,2.4633194819049934e-26,636.0,12.0,1.3338450193405151
3245,O06302_MYCTU,O06302,Rv0353,setA,,,103.0,10000.0,0.9999992565498264,1.2528396521199013e-06,0.1209978324314283,1605.0,2.1155144435351785,0.2254332458804813,30.0,2.0,7.521215915679932
3246,O05855_MYCTU,O05855,Rv3211,setA,,,390.0,10000.0,0.8985985533316992,4.8545949979632944e-24,2.5929896493098924e-09,9577.0,5.060805946274978,0.000191156468518,151.0,4.0,10.714863777160645
3247,Q79FA5_MYCTU,Q79FA5,Rv3724A,setA,,,66.0,10000.0,0.9923358431009652,4.168137953134895e-06,0.002350422369165,7407.0,2.86481053472214,0.0409896917539233,22.0,2.0,3.543771982192993
3248,O05456_MYCTU,O05456,Rv3888c,setA,,,287.0,10000.0,0.9989808690937636,3.0566509770645266e-11,0.0279229052989586,3997.0,2.954882020056404,0.0099157763397659,231.0,5.0,1.3441760540008545
3249,O06560_MYCTU,O06560,Rv1162,setA,,,453.0,10000.0,0.9923356434254555,1.6633054703008437e-19,0.0019505639901926,6252.0,4.873207434444589,7.75211881608479e-06,147.0,4.0,1.329221248626709
3250,O53777_MYCTU,O53777,Rv0580c,setA,,,144.0,10000.0,0.999672794939158,7.941902118041611e-11,0.2687977875504966,705.0,3.489357496621887,0.0057038684861605,66.0,4.0,6.3819451332092285
3252,O07730_MYCTU,O07730,Rv1902c,setA,,,407.0,10000.0,0.9945302542022018,6.634751428878366e-18,0.0391808219577644,3145.0,2.667162387422444,1.8274129962232284e-07,217.0,4.0,1.3378268480300903
3253,O53506_MYCTU,O53506,Rv2172c,setA,,,291.0,10000.0,0.8900249087943886,1.4539422151654746e-18,3.977946646265347e-05,8411.0,4.204263239471943,0.0061411898426548,99.0,4.0,19.669004440307617
3254,P96821_MYCTU,P96821,Rv0144,setA,,,187.0,10000.0,0.9999810923393648,8.445218968421248e-10,0.2355556509681197,1032.0,2.6048134473716447,0.0918703570745287,102.0,4.0,3.2037036418914795
3255,I6Y482_MYCTU,I6Y482,Rv3663c,setA,,,500.0,10000.0,0.7189191850204419,2.9739780135664248e-27,3.3145689058581114e-11,9929.0,2.941869462710439,2.461068037780288e-07,223.0,4.0,1.3357290029525757
3256,P72036_MYCTU,P72036,Rv3769,setA,,,89.0,10000.0,0.9999936557326085,1.6614747497176038e-05,0.5072371472538678,133.0,3.150032246753295,0.7560914167788522,56.0,5.0,3.367255687713623
3257,O06561_MYCTU,O06561,Rv1163,setA,,,180.0,10000.0,0.9992713040968988,2.966267356273929e-09,0.08147081446729,2331.0,2.555548269429235,0.4766937707789146,61.0,3.0,7.055776596069336
3258,O07250_MYCTU,O07250,Rv0325,setA,,,64.0,10000.0,0.9999999044253438,8.304616143636961e-11,0.3026722580234103,770.0,1.7627609261759838,0.021477475773723,29.0,3.0,3.2878706455230713
3259,P71719_MYCTU,P71719,Rv2381c,setA,,,904.0,10000.0,0.0088297309862249,1.2923734116282055e-55,3.490175419613671e-20,10000.0,3.625023249723467,5.322348913082883e-22,287.0,5.0,1.325036644935608
3260,O06593_MYCTU,O06593,Rv1597,setA,,,251.0,10000.0,0.9999766246968288,4.1670989019984e-11,0.2015774536965452,1225.0,3.208281716304741,0.2015774536965452,124.0,5.0,2.9397408962249756
3261,O06169_MYCTU,O06169,Rv2506,setA,,,195.0,10000.0,0.996796335796628,3.087235587807321e-07,0.047467896728433,2425.0,3.835243349336303,0.0103752098417296,55.0,3.0,3.447263717651367
3262,O33186_MYCTU,O33186,Rv1684,setA,,,64.0,10000.0,0.9999999044253438,0.000456682388382,0.5550743827707426,49.0,2.405050723110345,0.9907746509475144,28.0,2.0,8.768719673156738
3263,I6X7B3_MYCTU,I6X7B3,Rv3438,setA,,,257.0,10000.0,0.9999825597800897,2.5867133720099355e-10,0.0946436832542493,2327.0,5.071409764969257,0.3035536890729172,124.0,5.0,3.310786247253418
3264,Q79FV8_MYCTU,Q79FV8,Rv0832,setA,,,111.0,10000.0,0.9370377792664744,8.11198689216627e-08,0.0374140711989987,2149.0,3.522399261060954,0.016815623723626,49.0,3.0,1.331223964691162
3265,O86331_MYCTU,O86331,Rv0792c,setA,,,233.0,10000.0,0.7954311010336945,5.817892062880912e-12,1.6957427139465478e-05,9398.0,5.451198047144991,0.0076018338262711,95.0,4.0,3.2331976890563965
3267,O86335_MYCTU,O86335,Rv0405,setA,,,1196.0,10000.0,0.3142843781211443,5.7260511173039115e-43,1.9683671740808755e-14,9973.0,6.836227015826252,1.90936397689411e-13,780.0,7.0,3.2425389289855957
3268,O53387_MYCTU,O53387,Rv3337,setA,,,50.0,10000.0,0.9999952562961608,1.386788568736008e-05,0.5486851446031328,163.0,1.7490586067056046,0.2719135601522248,21.0,2.0,1.330176830291748
3269,P96833_MYCTU,P96833,Rv0156,setA,,,105.0,10000.0,0.9999994531361084,1.954817260646459e-09,0.1749317244503874,1413.0,2.9356157685392303,0.0913484387333704,46.0,4.0,1.3491389751434326
3270,L7N672_MYCTU,L7N672,Rv3907c,setA,,,452.0,10000.0,0.7687224892164759,1.342046228825698e-30,1.3667137793471905e-12,9921.0,4.2213018392695,1.504439206063423e-19,243.0,6.0,3.3979814052581787
3271,P96368_MYCTU,P96368,Rv1032c,setA,,,461.0,10000.0,0.9931225815337704,3.916799199265289e-14,1.840995881070668e-05,8785.0,4.58278500585786,0.0202515652154235,190.0,4.0,6.399077415466309
3272,O53409_MYCTU,O53409,Rv1061,setA,,,259.0,10000.0,0.944486264693689,1.491978637260447e-20,1.0351012256484712e-06,8888.0,6.672904907127396,3.906189741650149e-07,125.0,11.0,1.3327524662017822
3273,L7N654_MYCTU,L7N654,Rv1087A,setA,,,31.0,10000.0,0.999115261755522,9.282430294728e-06,0.0395612261972095,3328.0,2.117383341319732,0.0395612261972095,21.0,4.0,4.461163520812988
3274,P95150_MYCTU,P95150,Rv1865c,setA,,,271.0,10000.0,0.9792645274391863,3.841719532896561e-17,8.888849416947501e-05,8074.0,4.735914853985957,1.2518185236533783e-06,131.0,5.0,3.010033130645752
3275,O53581_MYCTU,O53581,Rv3802c,setA,,,302.0,10000.0,0.7913087233670134,8.391637590083521e-33,1.7226528527590712e-09,9621.0,9.58437143142217,4.683411197721128e-15,100.0,9.0,3.426257610321045
3276,O33183_MYCTU,O33183,Rv1681,setA,,,308.0,10000.0,0.9994449747231796,4.7201698627923467e-29,0.0183253263946606,4295.0,4.6405233249137945,0.0296761627936363,120.0,7.0,4.890100002288818
3277,P96876_MYCTU,P96876,Rv3271c,setA,,,182.0,10000.0,0.9797871543133732,1.3434885572044696e-14,7.233369126647771e-05,8157.0,3.206499802235736,0.0267894140184627,59.0,3.0,1.3387285470962524
3278,P95215_MYCTU,P95215,Rv0258c,setA,,,139.0,10000.0,0.9948623907290428,7.63181421326154e-07,0.1491069282020449,1123.0,4.04747028779435,0.3166862319021122,82.0,7.0,1.3338831663131714
3279,I6XHX8_MYCTU,I6XHX8,Rv3672c,setA,,,232.0,10000.0,0.9991686176736936,5.40373447250468e-10,0.0316658041128842,3570.0,3.342840598554658,0.0027953238554781,109.0,4.0,2.896397352218628
3280,P96810_MYCTU,P96810,Rv0133,setA,,,200.0,10000.0,0.9973277498238406,1.869464918961129e-09,0.0297148244707607,3693.0,2.5427881793239937,0.2704743832803917,100.0,3.0,4.29966926574707
3281,O53491_MYCTU,O53491,Rv2049c,setA,,,63.0,10000.0,0.9996721988387048,3.4599807982888656e-05,0.2938148385673388,327.0,2.2547588212483567,0.0559214381623092,29.0,2.0,1.3335007429122925
3282,Q50699_MYCTU,Q50699,Rv1277,setA,,,378.0,10000.0,0.99132340685714,3.231144673455042e-20,9.257542569645888e-06,8353.0,3.867097708565501,0.0057524093550979,76.0,3.0,8.013243675231934
3283,O53923_MYCTU,O53923,Rv1676,setA,,,153.0,10000.0,0.999819303262422,1.5404717600733875e-08,0.3021663853934918,777.0,3.7191188694679536,0.0239436930384424,66.0,5.0,7.177962779998779
3284,O05582_MYCTU,O05582,Rv0999,setA,,,181.0,10000.0,0.9792159688862278,1.848541710283068e-12,0.0010051046291496,7254.0,4.859173285597883,1.848541710283068e-12,67.0,4.0,13.33527374267578
3285,O53718_MYCTU,O53718,Rv0383c,setA,,,202.0,10000.0,0.997514974376439,9.143835977765128e-26,0.0540629636680671,3342.0,4.535570331504711,0.0004686111576579,38.0,3.0,7.726107597351074
3286,I6X5I7_MYCTU,I6X5I7,Rv2847c,setA,,,378.0,10000.0,0.9581784870295064,1.574310174885757e-20,7.420813850608868e-05,8146.0,5.29324771461405,1.8617708950084777e-07,122.0,7.0,3.9934582710266113
3287,P95223_MYCTU,P95223,Rv0266c,setA,,,1148.0,10000.0,0.9302153099841248,7.229044605648782e-46,2.930152268416972e-10,9616.0,3.682034862989209,1.1310834925825769e-18,574.0,5.0,1.335718870162964
3288,O53674_MYCTU,O53674,Rv0252,setA,,,814.0,10000.0,0.997556057442726,4.86609630361472e-27,2.374561431050461e-05,8362.0,3.790535059022836,2.1621248199868133e-08,392.0,4.0,1.3387409448623655
3289,P95087_MYCTU,P95087,Rv3071,setA,,,308.0,10000.0,0.996980523748788,9.245117225596314e-15,0.0048931263687179,5525.0,3.8977363080783554,3.443685381261853e-05,129.0,3.0,3.192964792251587
3290,P71846_MYCTU,P71846,Rv3554,setA,,,626.0,10000.0,0.9976441119220671,3.82740567489747e-18,0.0503857163591285,2808.0,3.253744624072753,0.1990680287713502,297.0,4.0,2.987182855606079
3291,O50380_MYCTU,O50380,Rv3351c,setA,,,189.0,10000.0,0.9999834529744304,4.1644338951198894e-09,0.2957589884107303,763.0,3.251466177736241,0.0558311715052364,73.0,3.0,7.656331539154053
3292,I6YGW6_MYCTU,I6YGW6,Rv3673c,setA,,,191.0,10000.0,0.9995706569008148,1.57191355901907e-13,0.0579706777076468,3215.0,3.6933449988850406,0.0015022111010402,95.0,4.0,12.596564292907717
3293,L7N649_MYCTU,L7N649,Rv1788,setA,,,98.0,10000.0,0.9999983992639576,4.560803581943247e-08,0.2709711159021449,215.0,3.3471402376831847,0.6900600062171729,69.0,6.0,7.381906032562256
3294,O50416_MYCTU,O50416,Rv3390,setA,,,207.0,10000.0,0.9998016778835822,3.4208976626920736e-11,0.123786933985755,1739.0,3.227667216470876,0.025747089032721,105.0,4.0,5.935784339904785
3295,O06139_MYCTU,O06139,Rv1622c,setA,,,343.0,10000.0,0.9849177749966632,2.610824354006192e-21,0.0001493445757478,7785.0,3.7523329988088943,4.2301398497027536e-10,121.0,5.0,2.965390205383301
3296,O06624_MYCTU,O06624,Rv1566c,setA,,,134.0,10000.0,0.9993685430656178,4.6733270756239056e-12,0.0009176431437948,7220.0,3.580738007301078,2.082416364441906e-05,37.0,2.0,2.908130645751953
3297,L0T2Q9_MYCTU,L0T2Q9,Rv0168,setA,,,254.0,10000.0,0.9400918524431866,5.8577620392780745e-18,1.7209717445060165e-07,9627.0,4.952044107035777,2.0251591587936677e-06,109.0,5.0,1.3347042798995972
3299,O05301_MYCTU,O05301,Rv1200,setA,,,409.0,10000.0,0.9861332853311612,1.2278718134917885e-21,6.442642681959143e-07,9015.0,4.50085660749839,2.893628578996033e-06,176.0,5.0,1.3413283824920654
3300,Q79FI8_MYCTU,Q79FI8,Rv1918c,setA,,,564.0,10000.0,0.7846442255451256,1.4956627172990042e-23,2.5735929299034004e-08,9758.0,7.458898889949321,0.0003322966907575,311.0,11.0,1.3337315320968628
3301,O06363_MYCTU,O06363,Rv3644c,setA,,,375.0,10000.0,0.956737972756221,8.332147048032779e-17,0.000616268028256,7178.0,4.343604630299438,1.724722611287416e-05,148.0,4.0,3.3293445110321045
3302,P71983_MYCTU,P71983,Rv1725c,setA,,,224.0,10000.0,0.9999129927921748,1.4788595258209998e-06,0.2789469489254556,495.0,2.9679413044912177,0.0205752669237881,121.0,3.0,3.2399632930755615
3303,O07257_MYCTU,O07257,Rv2059,setA,,,220.0,10000.0,0.9987102475694616,5.387139100255126e-13,0.0565833783921684,2755.0,3.2818205412481065,0.00043233924894,104.0,4.0,1.3373026847839355
3304,O53205_MYCTU,O53205,Rv2478c,setA,,,115.0,10000.0,0.9841873781221137,6.924313200287683e-07,0.0085558617920914,5312.0,4.09089410159119,0.0615703173092203,35.0,6.0,1.3302128314971924
3305,O53680_MYCTU,O53680,Rv0274,setA,,,190.0,10000.0,0.9961605022618264,1.202481381492662e-09,0.0126011884881102,4761.0,4.903188806930132,0.0009702337646729,88.0,3.0,8.747000694274902
3306,O06216_MYCTU,O06216,Rv2161c,setA,,,277.0,10000.0,0.9998415423512242,1.7916695255407781e-12,0.1179986248830359,2095.0,3.784455834273849,0.0061411304124316,162.0,5.0,13.107666969299316
3307,O06154_MYCTU,O06154,Rv1637c,setA,,,225.0,10000.0,0.9939764642449238,1.8139859563668843e-11,0.0116455357302812,4963.0,3.120867022496882,0.281378068818733,106.0,3.0,3.660541534423828
3308,O53751_MYCTU,O53751,Rv0466,setA,,,263.0,10000.0,0.9999869914615964,4.4114931379865703e-10,0.1530607396127698,1473.0,6.116789984737031,0.0001430553072613,90.0,4.0,10.97317123413086
3309,I6XFT2_MYCTU,I6XFT2,Rv2970A,setA,,,39.0,10000.0,0.9999999999798008,1.9413606765448697e-13,0.3887659310628042,2031.0,3.3027058933291844,4.609214821697481e-06,13.0,8.0,3.3586416244506836
3310,Q79FD3_MYCTU,Q79FD3,Rv2519,setA,,,481.0,10000.0,0.9532230557056944,1.0442467565219966e-27,0.0089252928435989,5064.0,6.155961525827084,6.1551954682441785e-06,237.0,9.0,9.548429489135742
3311,O50408_MYCTU,O50408,Rv3379c,setA,,,520.0,10000.0,0.9999794678159222,2.724760533088024e-38,0.0003508239821271,7185.0,2.747050212036482,0.0004535984086071,275.0,4.0,2.6150009632110596
3312,O06133_MYCTU,O06133,Rv1616,setA,,,117.0,10000.0,0.999999913683702,7.3570164839799136e-06,0.2245507123933858,899.0,2.77381975693772,0.0913747781607296,58.0,3.0,3.0044116973876953
3313,I6Y4Z9_MYCTU,I6Y4Z9,Rv0857,setA,,,151.0,10000.0,0.9997937838583114,7.294060813365961e-07,0.1415428893944235,1188.0,3.843563011615704,0.6321043651334761,73.0,3.0,1.3333348035812378
3314,P96245_MYCTU,P96245,Rv3833,setA,,,228.0,10000.0,0.9990374200542418,7.993691256372618e-09,0.1031246866059105,1979.0,4.893138960595843,0.1031246866059105,125.0,6.0,4.438717365264893
3315,L7N691_MYCTU,L7N691,Rv1473A,setA,,,47.0,10000.0,0.9999890964730236,0.0001337482675833,0.5083350291194705,100.0,1.7588660504770417,0.5083350291194705,32.0,3.0,1.3329569101333618
3316,O07408_MYCTU,O07408,Rv0163,setA,,,145.0,10000.0,0.9999959118414752,1.1189472539075691e-08,0.2725165290295172,720.0,4.651477349374887,0.0955146552451055,72.0,4.0,4.562535285949707
3317,O53408_MYCTU,O53408,Rv1060,setA,,,156.0,10000.0,0.9998518086888252,2.214865075984709e-05,0.1978670303657585,671.0,2.970223009003872,0.0898295896884778,63.0,2.0,3.953951120376587
3318,O53384_MYCTU,O53384,Rv3334,setA,,,121.0,10000.0,0.9999999534092192,3.520053002335906e-07,0.025043982184984,3834.0,3.564609720752164,0.0169262944890881,69.0,6.0,1.3360109329223633
3319,P95148_MYCTU,P95148,Rv1867,setA,,,493.0,10000.0,0.9888059355980444,3.167234928224596e-13,0.0021565478097006,6375.0,3.9314102936767688,0.0001251563121054,261.0,6.0,3.643218278884888
3320,O06232_MYCTU,O06232,Rv2143,setA,,,266.0,10000.0,0.9981336912228724,3.972675357011707e-17,0.1049512113415744,1574.0,3.393136406587078,0.0001594900449587,140.0,4.0,3.2618308067321777
3321,I6YA47_MYCTU,I6YA47,Rv2738c,setA,,,64.0,10000.0,0.9999999044253438,1.7304128632223687e-05,0.3026722580234103,472.0,2.2054196666691404,0.0934858637786619,20.0,2.0,1.33256733417511
3322,I6XF84_MYCTU,I6XF84,Rv2755c,setA,,,89.0,10000.0,0.9999936557326085,3.3530597707632065e-11,0.0343488012195726,3648.0,3.527360565647039,0.0776443716452836,43.0,5.0,3.3720452785491943
3323,O53711_MYCTU,O53711,Rv0376c,setA,,,351.0,10000.0,0.9954087136333712,2.38069150513498e-15,0.0008867908888756,6629.0,6.075082173542189,3.362438825733369e-05,195.0,8.0,3.2668867111206055
3324,P96894_MYCTU,P96894,Rv3289c,setA,,,35.0,10000.0,0.9793840108821033,1.286219146409194e-05,0.1150771808326395,835.0,3.478083365150869,0.1990538616201544,15.0,2.0,1.338843822479248
3325,P95244_MYCTU,P95244,Rv2348c,setA,,,34.0,10000.0,0.9999999993962028,7.69361293731953e-12,1.077605729537241e-07,8001.0,5.272329790746456,5.195936451596868e-10,136.0,123.0,1.3385367393493652
3326,O69703_MYCTU,O69703,Rv3736,setA,,,319.0,10000.0,0.9995966716358424,2.029291005902457e-13,0.0019383280816988,6352.0,4.045125019899275,1.62897850301561e-05,180.0,5.0,1.338670015335083
3327,O06392_MYCTU,O06392,Rv0526,setA,,,167.0,10000.0,0.9693498203539012,3.815060678942856e-13,0.0012627858880979,7015.0,2.013710013227235,0.0062363588047517,53.0,3.0,9.323602676391602
3328,I6XYM2_MYCTU,I6XYM2,Rv1677,setA,,,136.0,10000.0,0.9994462293343424,1.4414137875905432e-08,0.0287639899881198,3313.0,3.1109546273454782,0.0061494735964997,87.0,4.0,57.578025817871094
3329,O53670_MYCTU,O53670,Rv0248c,setA,,,631.0,10000.0,0.0002085074833657,2.3496949011827506e-58,2.439846896012659e-31,10000.0,6.037921847946316,7.783794644633079e-20,153.0,4.0,4.545329570770264
3330,O07241_MYCTU,O07241,Rv0314c,setA,,,125.0,10000.0,0.9999717443297408,2.0849201590081362e-13,0.198370194507047,1210.0,3.9079284206453786,0.198370194507047,70.0,4.0,3.2153303623199463
3331,O06364_MYCTU,O06364,Rv3643,setA,,,45.0,10000.0,0.9999810306200428,7.299898419345396e-08,0.4800252631468796,354.0,3.734375808079869,0.8245286099468636,18.0,5.0,3.392338275909424
3332,L7N6C0_MYCTU,L7N6C0,Rv0521,setA,,,43.0,10000.0,0.9999670303234552,0.0001424268881391,0.4506227051784293,96.0,1.9957728907432333,0.4506227051784293,19.0,2.0,3.335528612136841
3334,P71744_MYCTU,P71744,Rv2400c,setA,,,308.0,10000.0,0.996980523748788,3.4626044393483443e-20,1.0667785005517453e-05,8653.0,3.35966718445347,5.33885718862723e-08,114.0,5.0,1.333238959312439
3335,O07808_MYCTU,O07808,Rv3815c,setA,,,237.0,10000.0,0.9611164509430468,1.3030105258090356e-13,0.0731213568413222,1827.0,4.364514243739339,0.0345711547870041,102.0,3.0,1.335416555404663
3336,I6YC91_MYCTU,I6YC91,Rv3489,setA,,,36.0,10000.0,0.9999999998447064,1.860424122484728e-05,0.3400656700253728,1033.0,2.473200652872246,0.5100108838989977,6.0,2.0,17.61979866027832
3337,O06579_MYCTU,O06579,Rv1127c,setA,,,467.0,10000.0,0.969794202397196,6.694629213199553e-29,2.4359003767379323e-08,9424.0,3.567802078735655,0.0008861136764988,120.0,4.0,12.951549530029297
3339,O53537_MYCTU,O53537,Rv2263,setA,,,283.0,10000.0,0.0001365286811352,7.027791573676072e-27,4.2001930844161647e-19,10000.0,5.119338520721235,7.94372627148924e-15,59.0,2.0,24.594921112060547
3340,I6X540_MYCTU,I6X540,Rv2683,setA,,,145.0,10000.0,0.9996936571675162,2.4164976400606667e-14,0.0001477672194731,8031.0,4.467947430687556,5.255661344111311e-09,52.0,5.0,6.057353973388672
3341,O53773_MYCTU,O53773,Rv0576,setA,,,401.0,10000.0,0.9939810418094248,3.4385959070013384e-15,0.0789339394021956,1928.0,3.898965246129908,0.0013717475988209,177.0,5.0,3.2523417472839355
3342,O53287_MYCTU,O53287,Rv3040c,setA,,,265.0,10000.0,0.9997530945989168,1.6067790304086035e-15,4.733359743583435e-05,8251.0,4.716500751449304,0.0001046797117966,110.0,3.0,3.490548849105835
3343,P71728_MYCTU,P71728,Rv2415c,setA,,,164.0,10000.0,0.998432378246081,1.4418342643326864e-08,0.0081584724619477,5495.0,5.314192965020613,0.0016865081289793,91.0,10.0,6.268802165985107
3344,P72041_MYCTU,P72041,Rv3775,setA,,,407.0,10000.0,0.912091855750813,3.2540894877048255e-14,1.8700726600825237e-06,9237.0,6.81825384807085,6.290630118879263e-10,257.0,11.0,1.3377304077148438
3345,I6Y9F7_MYCTU,I6Y9F7,Rv2485c,setA,,,339.0,10000.0,0.9999841909487402,1.1067055025906624e-17,0.0012340283382037,6410.0,4.66372765412737,3.2342937133084166e-10,179.0,7.0,3.426516056060791
3347,P95291_MYCTU,P95291,Rv1922,setA,,,328.0,10000.0,0.9999761701348197,1.380268017747424e-13,0.0023473108302191,6159.0,5.234244067071725,3.182640027282628e-06,152.0,3.0,1.327706217765808
3348,O06413_MYCTU,O06413,Rv0547c,setA,,,279.0,10000.0,0.9999940548743912,5.45015489423277e-16,0.0637844541320842,3206.0,3.2975540278160875,0.0047819120624471,138.0,3.0,6.45662260055542
3349,Q6MX04_MYCTU,Q6MX04,Rv3159c,setA,,,550.0,10000.0,0.7715857400291918,9.25184042707078e-80,3.546411399620101e-09,9106.0,12.110630719276738,3.787005320822869e-06,194.0,25.0,3.1199264526367188
3350,Q79FG2_MYCTU,Q79FG2,Rv2307B,setA,,,70.0,10000.0,0.9998859703191284,0.0001088604360339,0.256348105323992,438.0,3.5862565171977963,0.0513116365126922,50.0,4.0,1.3325332403182983
3351,P71792_MYCTU,P71792,Rv1513,setA,,,234.0,10000.0,0.9189127482555646,1.377285938563137e-21,1.6718085444494136e-06,9336.0,5.462025288923162,3.2621088084204456e-12,113.0,6.0,1.339887261390686
3352,O69715_MYCTU,O69715,Rv3748,setA,,,115.0,10000.0,0.9999260546649764,1.1523514915426134e-05,0.2161908570891507,889.0,3.31159616191401,0.2827842100477929,60.0,5.0,14.569193840026855
3353,P95234_MYCTU,P95234,Rv2338c,setA,,,266.0,10000.0,0.9772435086984248,1.3850763921014233e-13,1.4198731178757664e-05,9054.0,4.217479772123448,0.0003355946196076,121.0,5.0,10.622066497802734
3354,O53566_MYCTU,O53566,Rv3521,setA,,,299.0,10000.0,0.9962817509792103,2.0833668732169874e-19,0.0650598176988307,2812.0,6.019645279024809,0.9700053763926874,157.0,9.0,4.236327171325684
3355,I6XFY8_MYCTU,I6XFY8,Rv3026c,setA,,,255.0,10000.0,0.9996429681254012,1.096259675612301e-07,0.0924021388873372,2186.0,3.446763926084956,0.00924332360259,125.0,3.0,1.334426760673523
3356,O07794_MYCTU,O07794,Rv3829c,setA,,,513.0,10000.0,0.980901457166678,7.275014789929235e-24,7.982966175223179e-05,7507.0,6.920909243578467,0.0044001250174336,320.0,11.0,16.14444923400879
3357,O53398_MYCTU,O53398,Rv1050,setA,,,272.0,10000.0,0.9998093565080952,8.897788798048629e-11,0.1120104444090804,2116.0,4.0478889338980055,0.7354041843875735,98.0,3.0,6.9367547035217285
3358,I6X6H8_MYCTU,I6X6H8,Rv3144c,setA,,,174.0,10000.0,0.9931635214778012,1.5718480953048222e-10,0.0219462566094676,3575.0,4.423602793685792,0.0549750038861182,74.0,7.0,4.004048824310303
3359,P96817_MYCTU,P96817,Rv0140,setA,,,124.0,10000.0,0.9987847677416783,5.204893610084201e-07,0.2539329564816052,701.0,3.5788592312345435,0.2539329564816052,78.0,5.0,1.33118999004364
3360,Q50662_MYCTU,Q50662,Rv2303c,setA,,,304.0,10000.0,0.9999982565682748,1.1614186946443895e-09,0.1517346113413311,1489.0,4.350732229898985,0.8538989891947256,150.0,4.0,1.3465065956115725
3361,O53873_MYCTU,O53873,Rv0861c,setA,,,453.0,10000.0,0.9653037299123812,1.388643449447353e-16,0.0009077828082587,6985.0,2.9654427756511885,0.000174176693222,174.0,4.0,3.0877490043640137
3362,O53673_MYCTU,O53673,Rv0251c,setA,,,105.0,10000.0,0.9958240167501288,2.907286723115064e-08,0.0081103120012561,5186.0,2.791991682729066,0.5011908549359507,58.0,4.0,1.338040471076965
3363,L7N668_MYCTU,L7N668,Rv3196A,setA,,,39.0,10000.0,0.9999007347628556,0.0004018950377237,0.562189184580869,37.0,1.8267799239856743,0.2523132628680452,13.0,2.0,4.949139595031738
3364,O06552_MYCTU,O06552,Rv1154c,setA,,,177.0,10000.0,0.9991584754433952,1.618204954644813e-08,0.165677506726264,1544.0,5.208259499073413,0.2088292798747612,95.0,10.0,1.3352230787277222
3365,O53156_MYCTU,O53156,Rv1465,setA,,,153.0,10000.0,0.3737884999691056,1.7768677633091926e-20,1.6608677223111247e-09,9910.0,3.351406961467379,1.6645904510495545e-06,53.0,4.0,2.85093355178833
3366,O08446_MYCTU,O08446,Rv0324,setA,,,217.0,10000.0,0.9924425435737882,1.3241553475974749e-15,0.0035820874108414,6160.0,2.775778086571743,0.0017679971932963,70.0,2.0,3.3579089641571045
3367,L7N648_MYCTU,L7N648,Rv0335c,setA,,,89.0,10000.0,0.9991155651664736,7.762627929008477e-06,0.2215708299658485,266.0,3.2646731998888163,0.39530698914758,42.0,3.0,31.315353393554688
3368,O05882_MYCTU,O05882,Rv3237c,setA,,,144.0,10000.0,0.9800764046206992,5.744353087902259e-12,0.0009976895794498,7188.0,5.267351357408691,6.751552548583125e-07,48.0,3.0,3.8422133922576904
3370,O06562_MYCTU,O06562,Rv1164,setA,,,212.0,10000.0,0.9912942733653848,2.4670616815402845e-10,0.0043604588778886,5736.0,5.149051295332965,5.6088224887479226e-05,61.0,3.0,7.152430057525635
3371,O50389_MYCTU,O50389,Rv3360,setA,,,96.0,10000.0,0.9995450637600084,4.0197061389891226e-05,0.343593759696466,278.0,2.40737235070147,0.0307430634142672,48.0,3.0,3.5173513889312744
3372,O06376_MYCTU,O06376,Rv3631,setA,,,165.0,10000.0,0.9999183471330412,4.320358626179811e-10,0.0239586799511947,3980.0,2.907270937631506,0.3460294888621498,34.0,2.0,3.626977443695069
3373,O33195_MYCTU,O33195,Rv1693,setA,,,43.0,10000.0,0.9999670303234552,0.0009271990417845,0.4506227051784293,35.0,3.9006559779107377,0.6249070014938026,19.0,4.0,3.478040933609009
3374,O86336_MYCTU,O86336,Rv0406c,setA,,,246.0,10000.0,0.9966889292001364,1.1160116391974266e-08,0.0401241582873404,3260.0,3.901456481479166,0.0310313938340008,86.0,3.0,12.968382835388184
3375,P71751_MYCTU,P71751,Rv2393,setA,,,234.0,10000.0,0.7975630281020754,9.266716230912584e-21,2.1371743513529506e-07,9606.0,3.2492595305248835,4.103379521707728e-09,72.0,3.0,1.3319072723388672
3376,O53637_MYCTU,O53637,Rv0115,setA,,,343.0,10000.0,0.9997994287844642,1.1768677013764471e-09,0.1214144110897199,1661.0,2.980790964485612,0.0187723945195818,223.0,4.0,1.3361084461212158
3377,O53613_MYCTU,O53613,Rv0068,setA,,,277.0,10000.0,0.9986401013031536,2.1054063576668383e-08,0.09602716065976,2004.0,3.3689964931988112,0.0184940250901102,222.0,7.0,1.3285919427871704
3379,I6YGW2_MYCTU,I6YGW2,Rv3668c,setA,,,204.0,10000.0,0.997689194498704,2.476886176407163e-13,0.0023857872007945,6326.0,2.791292704536529,0.0023857872007945,65.0,2.0,38.285858154296875
3381,P95207_MYCTU,P95207,Rv0399c,setA,,,376.0,10000.0,0.999996038536724,1.373909256974956e-14,0.0071467176341146,5421.0,3.865732758292937,0.0071467176341146,197.0,4.0,7.153958320617676
3382,I6XVW9_MYCTU,I6XVW9,Rv0663,setA,,,765.0,10000.0,0.9998964675126542,1.1614161227619913e-33,0.000460735837794,6878.0,2.900541787440795,0.0027351621890537,387.0,4.0,1.3448598384857178
3383,I6XVY0_MYCTU,I6XVY0,Rv0671,setA,,,255.0,10000.0,0.9974408869187624,8.37822190700816e-16,0.0278475387480555,4065.0,5.300893665662229,0.0009858101565165,108.0,8.0,9.459577560424805
3384,P71912_MYCTU,P71912,Rv2437,setA,,,119.0,10000.0,0.9999496534079684,1.127297908418439e-08,0.3018176898303555,578.0,3.075594049981842,0.1315023422622023,64.0,4.0,6.235124111175537
3385,O53917_MYCTU,O53917,Rv1670,setA,,,98.0,10000.0,0.9996239533561894,0.000344754383078,0.3559415866885045,108.0,2.75203986788795,0.5699456818290308,44.0,3.0,9.081701278686523
3386,Q79FN7_MYCTU,Q79FN7,Rv1479,setA,,,320.0,10000.0,0.9977138596495656,1.4123485092048906e-12,0.0134055019094407,4656.0,3.952338328828788,0.1444489500524627,94.0,2.0,5.287139892578125
3387,O53704_MYCTU,O53704,Rv0369c,setA,,,117.0,10000.0,0.9999389800251232,5.056578114895333e-05,0.4672242694023528,59.0,2.97254556229733,0.1255079537821268,62.0,3.0,1.335567593574524
3388,I6X5U4_MYCTU,I6X5U4,Rv2954c,setA,,,230.0,10000.0,0.9999349931875317,4.664250021045935e-07,0.2437568141603017,914.0,3.61769281757512,0.0515532874362668,118.0,3.0,3.0681965351104736
3389,P96267_MYCTU,P96267,Rv0421c,setA,,,204.0,10000.0,0.989089645107529,1.1154771078145737e-13,0.0178763718803859,4492.0,2.412408751546786,8.661907603823411e-06,102.0,4.0,1.3293193578720093
3391,P71885_MYCTU,P71885,Rv2327,setA,,,140.0,10000.0,0.9995742414968714,6.421457469956082e-12,0.0324954214507495,3407.0,3.912901017947665,0.5838532077337623,34.0,3.0,21.10300064086914
3392,O33230_MYCTU,O33230,Rv2725c,setA,,,364.0,10000.0,0.9891697197239784,4.538524525972002e-15,0.0097429620427806,5124.0,3.027333815998438,1.7378177529069545e-05,153.0,3.0,20.546592712402344
3393,O53444_MYCTU,O53444,Rv1096,setA,,,247.0,10000.0,0.9967822565505948,9.508732590944504e-18,1.3895348232406922e-05,8308.0,3.154283133663417,6.304651964192765e-08,85.0,3.0,3.524629592895508
3394,O07732_MYCTU,O07732,Rv1900c,setA,,,433.0,10000.0,0.9998382549151074,3.3322816359365393e-22,0.0411553846995772,3730.0,3.482621618706628,0.0014141225463898,243.0,6.0,1.3360930681228638
3395,O33361_MYCTU,O33361,Rv0516c,setA,,,128.0,10000.0,0.9999788415735248,5.4936244139658257e-11,0.0027168426151548,6034.0,3.747132700347029,0.1192312454968399,64.0,3.0,3.4301607608795166
3396,P96242_MYCTU,P96242,Rv3836,setA,,,102.0,10000.0,0.9997432220979428,2.179548695882607e-07,0.1628196778589182,1289.0,1.87045372854132,0.4823410390097087,72.0,4.0,1.3337085247039795
3397,P71815_MYCTU,P71815,Rv0758,setA,,,438.0,10000.0,0.000910984668726,9.244063198751851e-21,7.170900147434567e-15,10000.0,4.488216865953101,7.023320559194485e-12,803.0,20.0,1.337632417678833
3398,P71658_MYCTU,P71658,Rv1388,setA,,,98.0,10000.0,0.9934445701816932,7.3749164303763134e-09,0.0500426710049195,3251.0,4.114806733034992,0.0006254829521522,14.0,2.0,5.085164546966553
3399,O06546_MYCTU,O06546,Rv1146,setA,,,357.0,10000.0,0.9990345739162024,3.092570639484219e-28,0.0087737636225993,5109.0,3.0982332813694504,0.0010104261365018,150.0,4.0,3.3661303520202637
3400,O05848_MYCTU,O05848,Rv3218,setA,,,312.0,10000.0,0.9995057756795516,2.465611025282806e-11,0.1117539410620898,1902.0,3.4973981377610435,0.9499065344511678,163.0,3.0,3.716188907623291
3401,P71969_MYCTU,P71969,Rv2672,setA,,,462.0,10000.0,0.9977352653368148,2.844079695913022e-17,0.0045450021359768,5634.0,3.110482168934455,4.809813104201345e-05,165.0,3.0,3.81776762008667
3402,L7N659_MYCTU,L7N659,Rv2340c,setA,,,121.0,10000.0,0.9999999534092192,1.4888933047222062e-06,0.3112903119482307,601.0,2.5063836435739573,0.8052539682707979,62.0,3.0,7.472683429718018
3403,P72035_MYCTU,P72035,Rv3768,setA,,,117.0,10000.0,0.999999913683702,2.021112831251993e-07,0.169379721253306,1566.0,2.761029524960611,0.5716240107304589,59.0,4.0,3.680746078491211
3404,O06307_MYCTU,O06307,Rv0356c,setA,,,198.0,10000.0,0.999693644690233,1.234687224031191e-07,0.109058590658026,1126.0,4.2855838965925805,0.0657284283825425,118.0,6.0,1.3331212997436523
3405,P96415_MYCTU,P96415,Rv0232,setA,,,214.0,10000.0,0.9983944584561544,1.9631092505043196e-11,0.0662372307014407,2808.0,6.015424560310776,0.002300940208513,123.0,11.0,1.3398114442825315
3406,O07771_MYCTU,O07771,Rv0607,setA,,,120.0,10000.0,0.9984223762411536,1.31794667230379e-06,0.3889566002413223,117.0,3.8764220470755375,0.8011935641620114,40.0,3.0,1.3301093578338623
3407,P71778_MYCTU,P71778,Rv1497,setA,,,357.0,10000.0,0.9990345739162024,9.263208300303544e-12,0.0068313137281404,5311.0,4.22998330163677,6.047248255932019e-07,157.0,5.0,14.90068531036377
3408,O06551_MYCTU,O06551,Rv1153c,setA,,,266.0,10000.0,0.909309978536992,8.295236425988458e-28,1.66508807405716e-08,9503.0,6.899256119751407,4.804961124336614e-08,133.0,15.0,3.1778604984283447
3409,I6XI06_MYCTU,I6XI06,Rv3705c,setA,,,185.0,10000.0,0.9999783961633084,1.5717150455796067e-10,0.0109784589808016,4593.0,5.97478604519611,0.5785926259452923,78.0,4.0,6.086226940155029
3410,O06418_MYCTU,O06418,Rv0552,setA,,,532.0,10000.0,0.9699335655200426,2.805906627075134e-23,1.556612974062145e-05,8036.0,4.631596785463668,1.556612974062145e-05,214.0,5.0,1.333914875984192
3412,Q10884_MYCTU,Q10884,Rv0087,setA,,,486.0,10000.0,0.9878595356823248,1.2386207714187108e-13,0.0004304733416588,7614.0,4.045996623189756,0.0004304733416588,244.0,6.0,1.3361327648162842
3413,I6Y8K3_MYCTU,I6Y8K3,Rv0737,setA,,,160.0,10000.0,0.9998862734255916,3.594903494022532e-08,0.164300307874036,1115.0,4.708844570647366,0.002153825993507,38.0,4.0,1.3362373113632202
3414,O05311_MYCTU,O05311,Rv1210,setA,,,197.0,10000.0,0.9996784990113128,1.8459444379786042e-13,0.0008596810574495,7179.0,3.4329444985613717,0.0837453476146402,75.0,4.0,7.85398006439209
3416,O53520_MYCTU,O53520,Rv2186c,setA,,,127.0,10000.0,0.9638069774782164,4.951880081307641e-15,5.727598340273747e-06,9339.0,2.977314030603748,0.0308489136247099,50.0,4.0,1.337663650512695
3417,O33203_MYCTU,O33203,Rv1704c,setA,,,429.0,10000.0,0.9765874199727096,4.919942621195524e-23,0.0013212295716485,6507.0,8.054054862715772,0.0576662295500751,210.0,17.0,2.999807357788086
3418,Q79FR5_MYCTU,Q79FR5,Rv1169c,setA,,,98.0,10000.0,0.9996239533561894,2.8564817159908262e-09,0.2709711159021449,835.0,2.7690982711560435,0.4564618073762397,55.0,3.0,14.095171928405762
3419,P95073_MYCTU,P95073,Rv0725c,setA,,,164.0,10000.0,0.998432378246081,1.682602168212493e-09,0.0322722099669943,3451.0,3.7938083799272166,0.135971172937991,81.0,4.0,3.341102123260498
3420,I6XHB8_MYCTU,I6XHB8,Rv3476c,setA,,,418.0,10000.0,0.9997695472091004,1.3292247158026957e-13,0.012610390888667,4739.0,2.507205287764063,5.777059242150791e-05,164.0,3.0,6.06571102142334
3421,O53254_MYCTU,O53254,Rv3007c,setA,,,145.0,10000.0,0.9996936571675162,5.255661344111311e-09,0.0187243601032586,4081.0,4.46460276172019,0.1660331917679292,67.0,4.0,3.327071189880371
3422,O53707_MYCTU,O53707,Rv0372c,setA,,,226.0,10000.0,0.9989643095893392,2.4730829058962523e-12,0.0483110417480791,2745.0,2.272116630390237,0.0063899083306349,112.0,3.0,1.332553505897522
3423,O06789_MYCTU,O06789,Rv1752,setA,,,61.0,10000.0,0.9999997788048504,2.365844053344236e-05,0.2760339325852808,358.0,4.004675398500923,0.0296695339450409,34.0,4.0,3.476778268814087
3424,P96874_MYCTU,P96874,Rv3269,setA,,,83.0,10000.0,0.9984401671284038,0.0002757102962771,0.0914648317237312,358.0,2.8336892656249715,0.5862805475240271,36.0,2.0,16.202478408813477
3425,I6Y936_MYCTU,I6Y936,Rv0916c,setA,,,94.0,10000.0,0.9999970462657618,2.974229645954908e-07,0.3311532489409431,420.0,4.475488513739701,0.6648087560210652,53.0,9.0,3.381063938140869
3426,I6YAZ1_MYCTU,I6YAZ1,Rv3038c,setA,,,317.0,10000.0,0.9530700912936336,1.2761889182868968e-20,6.851926916682576e-06,9007.0,3.707780871785113,6.802706035969832e-05,75.0,3.0,8.69476318359375
3427,P95120_MYCTU,P95120,Rv2975c,setA,,,79.0,10000.0,0.9999708747063956,3.51072888332953e-06,0.4302332141052571,89.0,2.6403216633351185,0.6878282087774076,33.0,3.0,5.045501708984375
3428,P71941_MYCTU,P71941,Rv2642,setA,,,101.0,10000.0,0.9945950082395212,2.12703424092545e-09,0.0013930589614304,6713.0,3.125349463920432,0.0002466335853966,32.0,2.0,1.3280999660491943
3429,I6YGB1_MYCTU,I6YGB1,Rv3497c,setA,,,258.0,10000.0,0.999680340280843,4.318593754360562e-13,0.1185629441763304,2305.0,4.891440115896241,0.0130793658250633,88.0,3.0,3.0919876098632812
3430,O69725_MYCTU,O69725,Rv3759c,setA,,,276.0,10000.0,0.9986003514252596,7.314474741923591e-10,0.0235380519151603,3520.0,2.880165162364224,0.0181816502618271,168.0,6.0,1.3431713581085205
3431,P95086_MYCTU,P95086,Rv3072c,setA,,,112.0,10000.0,0.999901384413231,9.514423896711896e-08,0.0175559859944187,4352.0,3.842352801293643,0.0175559859944187,53.0,3.0,3.9340827465057377
3432,O53311_MYCTU,O53311,Rv3161c,setA,,,367.0,10000.0,0.999900502021094,1.3310263688348183e-16,0.0709852231664621,2843.0,4.222194367597451,0.3160759531270737,181.0,5.0,3.380286693572998
3433,O06243_MYCTU,O06243,Rv2132,setA,,,66.0,10000.0,0.9999999454089372,1.606469836104074e-06,0.4376193987403347,405.0,1.7505290367772528,0.5750385721808544,24.0,2.0,7.536759853363037
3434,P71599_MYCTU,P71599,Rv0029,setA,,,268.0,10000.0,0.9999898131662294,2.523561007423269e-16,0.1072883552761159,2333.0,3.18927437944097,0.1942025980084983,229.0,5.0,3.375553607940674
3435,O33346_MYCTU,O33346,Rv2864c,setA,,,574.0,10000.0,0.6977801228929104,1.015279394802864e-45,2.094914475025307e-23,9965.0,4.164861196987493,9.157590820136902e-27,126.0,3.0,2.854688882827759
3436,I6YBN6_MYCTU,I6YBN6,Rv1811,setA,,,205.0,10000.0,0.9997815382304596,2.5786315594958567e-14,0.0570065683036383,3068.0,4.289699430663721,0.1204674318906944,111.0,6.0,1.330745816230774
3437,O06348_MYCTU,O06348,Rv3485c,setA,,,274.0,10000.0,0.9998229454409416,9.456201863148408e-20,0.1398463023163673,1726.0,3.843556101758064,0.1696886359722161,133.0,5.0,3.6029889583587646
3438,O53348_MYCTU,O53348,Rv3202c,setA,,,933.0,10000.0,0.642964731595371,2.347160875423841e-49,2.5620540799391504e-09,9707.0,4.9414152233091615,1.6159905830049138e-17,335.0,4.0,1.328046441078186
3439,O53504_MYCTU,O53504,Rv2170,setA,,,194.0,10000.0,0.9999881472184844,2.538558427453809e-08,0.2060440250040413,1092.0,3.317858528622244,0.1309060928406507,113.0,4.0,1.3268611431121826
3440,O33321_MYCTU,O33321,Rv2779c,setA,,,146.0,10000.0,0.9997131960408197,2.203696253660209e-07,0.2762333605899608,217.0,2.9510698459632487,0.019337617925001,56.0,3.0,12.768912315368652
3441,O06180_MYCTU,O06180,Rv1535,setA,,,32.0,10000.0,0.9993259137184928,0.003930635540499,0.4337360997014656,3.0,3.960109945088176,0.021411615091346,20.0,4.0,1.3383457660675049
3442,P96271_MYCTU,P96271,Rv0425c,setA,,,1167.0,10000.0,0.985716933885592,3.528710603027353e-26,2.363305133344038e-05,8059.0,5.069778980317462,1.3522886746797341e-08,477.0,5.0,4.607123374938965
3443,I6X9D2_MYCTU,I6X9D2,Rv0590A,setA,,,69.0,10000.0,0.9998673601623532,0.000855675868877,0.248856892590492,30.0,4.243717647141527,0.248856892590492,21.0,4.0,10.822505950927734
3444,O53341_MYCTU,O53341,Rv3195,setA,,,334.0,10000.0,0.9826275263180289,6.629172270650042e-26,0.0008144143596452,6529.0,4.136775981305275,0.0101089279123406,173.0,6.0,3.9792160987854
3445,P96820_MYCTU,P96820,Rv0143c,setA,,,453.0,10000.0,0.9993530152945612,1.3876305949322013e-15,0.0696027040150285,3038.0,2.9359530037470583,0.0228345811581192,238.0,4.0,3.230356454849243
3447,P71988_MYCTU,P71988,Rv1730c,setA,,,448.0,10000.0,0.9971632623977456,5.240516006695035e-20,0.0116339634676067,4869.0,9.377604677504465,1.682912539248238e-06,325.0,36.0,1.3389116525650024
3448,L7N656_MYCTU,L7N656,Rv1806,setA,,,98.0,10000.0,0.9996239533561894,6.027538160265309e-06,0.1048002909208729,1384.0,3.682417640694235,0.2017089599629974,47.0,3.0,16.823087692260742
3449,O07809_MYCTU,O07809,Rv3814c,setA,,,243.0,10000.0,0.9994447660600052,4.6980767223081024e-37,2.832479363904497e-06,7740.0,8.438282821549084,4.748567656228598e-18,173.0,70.0,3.448168992996216
3450,O69624_MYCTU,O69624,Rv3656c,setA,,,65.0,10000.0,0.9997574329747646,2.091245522630007e-05,0.4278788992416077,171.0,2.919072598323897,0.7126448984473942,42.0,4.0,3.3487191200256348
3451,Q50584_MYCTU,Q50584,Rv1523,setA,,,198.0,10000.0,0.99999092604584,1.9235715680607663e-10,0.0851017786013806,2590.0,2.827991263699264,0.3872901750669893,89.0,3.0,7.222370624542236
3452,Q79FB4_MYCTU,Q79FB4,Rv2737A,setA,,,56.0,10000.0,0.9990634583594054,0.0058438160779628,0.2314405918014572,9.0,3.290373788203159,0.3360973414212391,21.0,2.0,1.3342013359069824
3454,O33364_MYCTU,O33364,Rv0519c,setA,,,233.0,10000.0,0.9999438170031076,5.817892062880912e-12,0.0028758970732926,5979.0,5.222854341343718,1.1614025859971221e-07,61.0,3.0,14.273178100585938
3455,O05791_MYCTU,O05791,Rv3114,setA,,,147.0,10000.0,0.9997314949807534,1.0829715194525192e-05,0.2799478952553812,389.0,4.275925197165547,0.1717529575084099,65.0,3.0,6.91546630859375
3456,I6XG13_MYCTU,I6XG13,Rv3050c,setA,,,217.0,10000.0,0.9985609209300867,1.3241553475974749e-15,7.16503060725015e-05,8322.0,4.970536527642731,2.9202912377117317e-05,109.0,7.0,3.159778594970703
3457,O69667_MYCTU,O69667,Rv3699,setA,,,219.0,10000.0,0.9986622642912208,4.6673042517695674e-14,0.0018862724543873,6309.0,4.1426671267978605,0.0327144390159677,108.0,5.0,1.3318630456924438
3458,I6YF11_MYCTU,I6YF11,Rv3041c,setA,,,253.0,10000.0,0.9710427752294052,1.143739219101948e-20,3.0654247444223805e-06,9257.0,3.932360303803145,0.0018406919234291,81.0,4.0,1.343224048614502
3459,I6Y1H7_MYCTU,I6Y1H7,Rv2690c,setA,,,600.0,10000.0,0.9967981991622764,7.31467485445707e-26,0.0011161434837515,6424.0,3.5204866144475115,8.583195809546527e-06,206.0,5.0,1.3277169466018677
3460,I6X5M3_MYCTU,I6X5M3,Rv2884,setA,,,201.0,10000.0,0.9997349536792872,4.86811649277848e-08,0.2731588014992862,567.0,3.343323305768068,0.4695105433567478,82.0,3.0,15.481935501098633
3461,P71560_MYCTU,P71560,Rv0950c,setA,,,161.0,10000.0,0.999999135386772,2.184027474225684e-11,0.0003861204612475,7208.0,3.3045988070247057,0.0214498652318114,51.0,4.0,5.529515743255615
3462,L7N655_MYCTU,L7N655,Rv2467,setA,,,856.0,10000.0,0.8589528293181722,5.2956701371367575e-55,2.5687410351460882e-14,9890.0,6.784058243415237,1.2372865403932757e-08,346.0,8.0,11.916665077209473
3464,I6XES4_MYCTU,I6XES4,Rv2622,setA,,,258.0,10000.0,0.9976517976523874,2.749994822449094e-15,0.0010778416124198,6924.0,3.3686194829365106,6.018866505813006e-07,93.0,4.0,12.255022048950195
3465,O06563_MYCTU,O06563,Rv1165,setA,,,570.0,10000.0,0.9892377226465257,3.424839308573799e-21,4.518907739973704e-05,7979.0,5.656831735796718,2.333321623881189e-09,218.0,7.0,6.741186141967773
3466,I6X4W0_MYCTU,I6X4W0,Rv2638,setA,,,128.0,10000.0,0.9999788415735248,3.305190589146415e-06,0.3441254460387379,419.0,2.28731409162257,0.1192312454968399,52.0,2.0,6.34698486328125
3467,I6XFF7_MYCTU,I6XFF7,Rv2840c,setA,,,84.0,10000.0,0.9999863946735704,4.0428646230980654e-08,0.0268970474010218,3444.0,2.924237261084895,0.0019930795302582,30.0,3.0,1.3359829187393188
3468,O53701_MYCTU,O53701,Rv0366c,setA,,,189.0,10000.0,0.9960190919108544,2.909344029189763e-11,0.0062016216630797,5651.0,2.475854106656296,6.658554316789623e-05,83.0,4.0,6.4470038414001465
3469,I6X7Z3_MYCTU,I6X7Z3,Rv3645,setA,,,498.0,10000.0,0.9987334005895444,1.045622545091661e-21,0.0804599111808616,2568.0,3.953371257048824,0.1481822845317557,224.0,6.0,3.4561188220977783
3470,O53921_MYCTU,O53921,Rv1674c,setA,,,217.0,10000.0,0.9985609209300867,5.425766252593147e-09,0.0887068833204705,2149.0,2.975947181656569,0.0314926439693499,93.0,6.0,3.785733461380005
3471,O07239_MYCTU,O07239,Rv0312,setA,,,357.0,10000.0,0.99590461607883,1.9612024043899746e-21,0.0001129462431456,7508.0,5.160597924846739,0.0001571425991591,140.0,5.0,6.694497585296631
3472,O06347_MYCTU,O06347,Rv3484,setA,,,412.0,10000.0,0.8750002495868165,4.82782550132816e-27,2.062767663699266e-09,9633.0,4.658338256054691,2.8254903157198582e-11,127.0,3.0,5.240915775299072
3473,O53598_MYCTU,O53598,Rv3920c,setA,,,159.0,10000.0,0.9129474039968968,1.7924704124825734e-10,0.0013463095142967,7524.0,4.084016618470589,9.133361036478e-06,140.0,5.0,1.3367210626602173
3474,Q79F96_MYCTU,Q79F96,Rv3811,setA,,,429.0,10000.0,0.999822230380608,5.998741836157658e-25,0.0690213643521206,3063.0,4.448284393421365,0.1837852135272983,234.0,10.0,3.409841775894165
3475,P96402_MYCTU,P96402,Rv0220,setA,,,335.0,10000.0,0.9629300644895492,1.0653623296202121e-24,1.1731605060349247e-09,9748.0,4.482365564198398,9.061418790308064e-12,119.0,4.0,7.59810209274292
3476,O06572_MYCTU,O06572,Rv1120c,setA,,,93.0,10000.0,0.9999965578920798,0.0001111334582995,0.3249012794928752,124.0,2.6140199950694893,0.0171825623327258,57.0,3.0,3.320392608642578
3478,O53346_MYCTU,O53346,Rv3200c,setA,,,321.0,10000.0,0.997766326243448,3.680862380967631e-14,0.1739222417607819,1442.0,4.371686023055032,0.6281726297426783,160.0,6.0,8.685805320739746
3479,P95284_MYCTU,P95284,Rv1930c,setA,,,111.0,10000.0,0.999891460015114,1.810501422309573e-07,0.4334012686887645,339.0,4.275171133524614,0.6492601138898826,68.0,4.0,5.937087059020996
3480,O06585_MYCTU,O06585,Rv1663,setA,,,394.0,10000.0,0.9830485066286448,6.70590593654183e-21,4.251738025599247e-05,8099.0,3.30767061671062,0.0892584934406869,238.0,4.0,3.098823070526123
3482,Q6MWY3_MYCTU,Q6MWY3,Rv3323c,setA,,,209.0,10000.0,0.9998199692765078,1.334073325155129e-16,0.1592182475279209,976.0,2.4587910540091897,0.9352392992838604,119.0,4.0,1.3236029148101809
3483,O07788_MYCTU,O07788,Rv0590,setA,,,246.0,10000.0,0.9999701690353908,4.7206579328194856e-14,0.0310313938340008,3826.0,3.1342024766891483,9.05622145222145e-11,141.0,4.0,1.3366752862930298
3484,P95103_MYCTU,P95103,Rv3055,setA,,,182.0,10000.0,0.9999736170785892,1.0536437118284216e-10,0.1774083526026701,1164.0,3.159615908234327,0.4838608606080282,63.0,3.0,2.9617481231689453
3485,P95098_MYCTU,P95098,Rv3060c,setA,,,427.0,10000.0,0.9989306753913312,5.259507190099013e-21,0.0567148596331277,3156.0,2.8542098259482973,2.7742217213141008e-05,192.0,4.0,2.825058937072754
3486,O53979_MYCTU,O53979,Rv1978,setA,,,234.0,10000.0,0.9992273932793064,8.090539805088853e-16,0.0426236232348503,3109.0,4.2869483023081,0.0007198310355469,102.0,5.0,20.24008560180664
3487,O53196_MYCTU,O53196,Rv2469c,setA,,,163.0,10000.0,0.9983557411742064,3.2472624361255367e-10,0.0078854718594973,5325.0,3.9485808944398,0.011357432345424,68.0,4.0,5.70694637298584
3488,O65931_MYCTU,O65931,Rv3299c,setA,,,875.0,10000.0,0.9998795966330354,1.8481383612292496e-55,0.003814168699368,5648.0,2.7697067685659422,1.343863372414333e-05,417.0,6.0,1.325176477432251
3489,O06805_MYCTU,O06805,Rv1772,setA,,,79.0,10000.0,0.9999708747063956,1.2052937632625812e-08,0.2360639801899748,1148.0,2.747605446474882,0.1159964041877809,36.0,2.0,3.3171260356903076
3490,P96878_MYCTU,P96878,Rv3273,setA,,,678.0,10000.0,0.789694979447497,1.1651116313087244e-34,5.27308653447571e-10,9668.0,5.0087975837138,3.5464116148953346e-14,245.0,5.0,11.753734588623049
3491,O06597_MYCTU,O06597,Rv1593c,setA,,,211.0,10000.0,0.9998365811059609,3.299271413776768e-17,0.0006719198689843,6839.0,4.273714340965107,0.0209212289308714,57.0,4.0,1.332985520362854
3492,I6XFD1_MYCTU,I6XFD1,Rv2813,setA,,,266.0,10000.0,0.9981336912228724,9.464930364641923e-11,0.0115572879958788,4707.0,3.991259597443181,0.0115572879958788,121.0,4.0,1.337571144104004
3493,I6YA93_MYCTU,I6YA93,Rv2792c,setA,,,179.0,10000.0,0.9999677851557672,5.2513918381442165e-09,0.1339494571126155,1461.0,3.817949944982864,0.0092093569528529,71.0,2.0,3.83564829826355
3494,O69722_MYCTU,O69722,Rv3756c,setA,,,212.0,10000.0,0.9998443056814212,7.440490410199918e-12,0.0021574640047054,6680.0,3.7863815310327897,0.02137834280304,107.0,4.0,1.3367751836776731
3495,Q6MX03_MYCTU,Q6MX03,Rv3176c,setA,,,297.0,10000.0,0.9872489318674936,1.6257569105542897e-18,0.0001048407088089,7982.0,3.169370682739868,4.546759599904071e-08,143.0,3.0,3.4175171852111816
3496,O53830_MYCTU,O53830,Rv0818,setA,,,207.0,10000.0,0.9979280786710258,2.9582725249085866e-15,0.0074233335374327,5277.0,5.572984938933272,0.0037562275956837,86.0,9.0,3.831303119659424
3497,P71959_MYCTU,P71959,Rv2662,setA,,,34.0,10000.0,1.0,3.1184251957839234e-05,0.3067583443758178,1426.0,4.360185389811969,0.0281852962215612,3.0,2.0,1.341549038887024
3498,O53291_MYCTU,O53291,Rv3044,setA,,,321.0,10000.0,0.999969068168334,2.8118440902886817e-12,0.0105700594227503,4969.0,3.843989518502361,0.0004288166246509,133.0,4.0,5.158758640289307
3499,I6WZI4_MYCTU,I6WZI4,Rv0822c,setA,,,436.0,10000.0,0.8519647062511044,2.1122748697550057e-31,2.3148426696303027e-08,9442.0,5.527822836227228,2.539078676540128e-05,135.0,5.0,1.352669596672058
3500,O07806_MYCTU,O07806,Rv3817,setA,,,237.0,10000.0,0.9993079054563366,1.2964238587160989e-15,0.1154339866117714,1995.0,3.857285944684504,0.0201011313649481,158.0,4.0,1.3459960222244265
3501,O05310_MYCTU,O05310,Rv1209,setA,,,90.0,10000.0,0.9890589707645452,8.968376297955885e-06,0.0232048344855309,4028.0,3.0027600861633017,0.0544252960416394,31.0,4.0,5.261585235595703
3502,O33359_MYCTU,O33359,Rv0514,setA,,,47.0,10000.0,0.9999890964730236,0.0003368474887285,0.5083350291194705,40.0,1.5377187880692875,0.5083350291194705,32.0,3.0,3.178762912750244
3503,P71767_MYCTU,P71767,Rv1487,setA,,,60.0,10000.0,0.9999997074905672,0.0011710673593103,0.51301231282104,44.0,3.034131644052598,0.6647505590510205,24.0,3.0,1.334980010986328
3504,O05446_MYCTU,O05446,Rv3899c,setA,,,221.0,10000.0,0.9014692665772364,1.3604016696432826e-13,0.0040199018910253,6332.0,3.905417376953045,0.2238217791175087,168.0,6.0,1.336849331855774
3505,O65936_MYCTU,O65936,Rv1751,setA,,,379.0,10000.0,0.999423270071218,6.588475903711282e-17,0.0539345489224287,3303.0,2.4626607895808994,0.0020675644333724,178.0,4.0,4.763651371002197
3506,O53748_MYCTU,O53748,Rv0463,setA,,,43.0,10000.0,0.9999670303234552,5.118466292502211e-05,0.3056291974814141,10.0,2.5620466092056877,0.9377161273776224,14.0,2.0,2.9313673973083496
3507,Q79G00_MYCTU,Q79G00,Rv0165c,setA,,,159.0,10000.0,0.9617909391587456,6.341072741253186e-08,0.0003461699074513,9096.0,3.293647954093058,1.5983381813836498e-05,86.0,4.0,3.4258761405944824
3508,P95012_MYCTU,P95012,Rv2541,setA,,,67.0,10000.0,0.9999999587488584,9.655165476330417e-08,0.0263917750340008,3995.0,4.951403565776808,0.0434685836100744,8.0,3.0,4.494237422943115
3509,L7N674_MYCTU,L7N674,Rv3116,setA,,,367.0,10000.0,0.999900502021094,1.4474909944818723e-28,0.0254960724663189,3987.0,3.5825302773408554,0.0709852231664621,175.0,4.0,3.748788595199585
3510,O06826_MYCTU,O06826,Rv1432,setA,,,467.0,10000.0,0.4645992385588452,1.3535155214305954e-44,1.2017259263298166e-14,9949.0,4.724336670458399,1.3418011277772566e-15,91.0,4.0,2.9031903743743896
3511,P96395_MYCTU,P96395,Rv0213c,setA,,,434.0,10000.0,0.9900929500413852,1.8625889958408865e-22,1.2459672419725703e-05,8237.0,9.536246394523904,0.0600746168680076,212.0,15.0,3.289225816726685
3512,Q79FY4_MYCTU,Q79FY4,Rv0618,setA,,,167.0,10000.0,0.9912119202003814,1.1993531475051215e-09,0.0042620342172573,5904.0,4.272271597693144,0.0252702781552074,98.0,6.0,1.3351936340332031
3513,O50382_MYCTU,O50382,Rv3353c,setA,,,57.0,10000.0,0.9999993241263636,2.626145851824613e-05,0.6328581863440477,70.0,2.255853993974796,0.7880359488286386,29.0,3.0,8.48985481262207
3514,I6Y2E2_MYCTU,I6Y2E2,Rv3049c,setA,,,489.0,10000.0,0.9952983606963473,8.334977516061615e-18,0.0005886621558633,7184.0,3.518354493870828,1.0055471937595371e-09,164.0,5.0,10.786206245422363
3515,O53920_MYCTU,O53920,Rv1673c,setA,,,294.0,10000.0,0.9991675107942994,5.067176832042495e-12,0.1389925805147951,1826.0,5.638228878239149,0.0936415846829563,162.0,8.0,3.3584775924682617
3516,O53431_MYCTU,O53431,Rv1083,setA,,,43.0,10000.0,0.9999670303234552,0.0009271990417845,0.1201630547937033,99.0,3.352702960984592,0.1965163750998544,13.0,2.0,3.4928512573242188
3517,O33263_MYCTU,O33263,Rv2129c,setA,,,291.0,10000.0,0.999905663297746,1.5389277938416228e-13,0.0007123779302816,7260.0,3.5559946277555468,0.0375684518911647,130.0,5.0,1.33717942237854
3518,O53432_MYCTU,O53432,Rv1084,setA,,,656.0,10000.0,0.8902440649805156,7.32888312676449e-28,3.630570041340513e-10,9581.0,4.34579082232522,0.0912726808667763,201.0,4.0,6.413217067718506
3519,I6Y9M6_MYCTU,I6Y9M6,Rv2551c,setA,,,137.0,10000.0,0.999991129978678,1.5180288941351761e-07,0.2427477299171981,980.0,2.029118128663639,0.9304305264228856,69.0,3.0,3.3526318073272705
3520,I6WZM9_MYCTU,I6WZM9,Rv0871,setA,,,117.0,10000.0,0.99808197317434,5.74792617176264e-10,0.0008658097870948,7220.0,3.085243932701704,0.0038224823947059,34.0,2.0,15.88145923614502
3521,P96414_MYCTU,P96414,Rv0231,setA,,,566.0,10000.0,0.9776653090720668,6.990112767333381e-18,0.001134710144857,6387.0,4.090326541133877,0.1559505757952193,289.0,4.0,3.732300996780395
3522,O53343_MYCTU,O53343,Rv3197,setA,,,280.0,10000.0,0.9998581942389818,1.1157202072404174e-14,0.0086784350417628,5096.0,4.368148066846182,5.008243020196661e-07,99.0,5.0,6.029200553894043
3523,I6Y3P5_MYCTU,I6Y3P5,Rv3500c,setA,,,249.0,10000.0,0.9882875890179592,3.537853546922384e-15,8.313470036072165e-05,8009.0,3.3367617884290786,0.0001842653749138,52.0,3.0,3.6878890991210938
3524,P96815_MYCTU,P96815,Rv0138,setA,,,164.0,10000.0,0.9999993542526284,6.864812708031914e-12,0.2214486803759136,1314.0,2.9951005217234346,0.1045536239816707,101.0,4.0,9.92616367340088
3526,P95228_MYCTU,P95228,Rv0271c,setA,,,708.0,10000.0,0.9997706117350784,7.931937516943904e-23,0.0324976415425543,3694.0,3.957767555300572,0.4649987278486154,363.0,5.0,1.3354254961013794
3527,L0T2H7_MYCTU,L0T2H7,Rv0109,setA,,,200.0,10000.0,0.1122836028676619,8.330858010549734e-16,6.865581733487208e-09,9998.0,3.623137845972504,1.115040214537872e-05,102.0,3.0,1.331026911735535
3528,O53494_MYCTU,O53494,Rv2052c,setA,,,513.0,10000.0,0.9966107799426184,2.9167012529610423e-20,4.5031855057542535e-05,7834.0,5.118666661832911,2.500148745762576e-05,220.0,5.0,22.43557929992676
3529,O53352_MYCTU,O53352,Rv3259,setA,,,123.0,10000.0,0.9999657401921828,1.7875035737479794e-09,0.0080532978560181,5027.0,3.46773402322194,0.0080532978560181,33.0,2.0,29.40345764160156
3530,P96890_MYCTU,P96890,Rv3285,setA,,,542.0,10000.0,0.2367465228552132,2.917938874001774e-50,7.646371201784767e-23,9995.0,3.971433233085364,7.444543861363279e-12,108.0,3.0,2.9531075954437256
3531,O07172_MYCTU,O07172,Rv0122,setA,,,71.0,10000.0,0.9999019792925924,0.0020559092380153,0.3636699258336113,16.0,2.6447437520776385,0.6218506376167854,40.0,3.0,1.331646203994751
3532,P96357_MYCTU,P96357,Rv1044,setA,,,189.0,10000.0,0.9833761333397244,2.5765830790720745e-13,0.0013910088287558,6669.0,6.45161963772443,0.0232296639603538,71.0,12.0,1.3359266519546509
3534,I6Y4S7_MYCTU,I6Y4S7,Rv0771,setA,,,125.0,10000.0,0.9900797573267524,2.945813518441973e-11,0.1114062103443047,2175.0,2.8154561368333706,0.01974486824562,64.0,4.0,1.3361510038375854
3536,I6X5W1_MYCTU,I6X5W1,Rv2968c,setA,,,176.0,10000.0,0.9991171371790872,4.342439051569527e-10,0.0989974012267861,2012.0,2.171477640456121,0.3852414826222396,36.0,2.0,10.522894859313965
3537,P96819_MYCTU,P96819,Rv0142,setA,,,299.0,10000.0,0.9992796359320416,8.072159700476191e-10,0.0985672413291864,2113.0,2.668808619392661,0.1453312248409646,146.0,4.0,13.294939994812012
3539,P96901_MYCTU,P96901,Rv3296,setA,,,1291.0,10000.0,0.5652918389295942,5.271445817679131e-32,8.301100931938982e-08,9659.0,3.610594569435427,1.6086020342066968e-10,516.0,4.0,1.3423947095870972
3540,O53897_MYCTU,O53897,Rv0984,setA,,,155.0,10000.0,0.9998416781049996,4.729581009902619e-10,0.0657882123783383,3032.0,2.976294646013546,0.03530848531832,31.0,2.0,17.03102684020996
3541,P94982_MYCTU,P94982,Rv1647,setA,,,165.0,10000.0,0.9985054710489676,1.501080472072461e-12,0.0608386017864724,2981.0,3.558058556890608,0.5041846242452765,73.0,4.0,8.866912841796875
3543,O07762_MYCTU,O07762,Rv0615,setA,,,62.0,10000.0,0.9889008243537718,6.551055382966007e-09,0.0846185274695706,1075.0,2.3711637261135032,0.0185085754260576,25.0,3.0,3.4354844093322754
3544,O06396_MYCTU,O06396,Rv0530,setA,,,267.0,10000.0,0.998186571384712,6.210275429918826e-10,0.026250859411171,3613.0,5.520462684479627,0.0002403476475512,132.0,5.0,3.282470464706421
3545,P96859_MYCTU,P96859,Rv3577,setA,,,287.0,10000.0,0.9998905826406004,5.068422367354706e-14,0.0563597719242953,3220.0,4.931664148763849,0.1302374329183694,141.0,5.0,3.8890492916107178
3546,O07173_MYCTU,O07173,Rv0123,setA,,,96.0,10000.0,0.999997825334528,1.994272813141891e-05,0.5565649543497945,111.0,2.3622403341673475,0.5565649543497945,30.0,3.0,3.1238300800323486
3547,I6YDI9_MYCTU,I6YDI9,Rv2483c,setA,,,446.0,10000.0,0.9999902354333886,1.5187667137404685e-21,0.0173467126803354,4447.0,3.968624757872532,0.0552931341765731,187.0,5.0,2.7141239643096924
3548,O86358_MYCTU,O86358,Rv3755c,setA,,,188.0,10000.0,0.9995039376836444,1.3951910786819384e-08,0.1916537551212857,1274.0,3.507233027641344,0.5049548311145582,85.0,5.0,3.117846965789795
3549,O05872_MYCTU,O05872,Rv3226c,setA,,,232.0,10000.0,0.9999410169903694,3.0709444973095635e-14,0.0002100344059297,7852.0,4.452344325793458,3.950247446962001e-06,104.0,5.0,3.6874821186065674
3550,O05317_MYCTU,O05317,Rv1216c,setA,,,223.0,10000.0,0.9988441865005644,2.85820413604883e-07,0.1213183261103013,1534.0,2.549620080207529,0.695274225375262,95.0,3.0,1.3361406326293943
3552,I6XW38_MYCTU,I6XW38,Rv0730,setA,,,196.0,10000.0,0.9969103863375404,1.5062947594733936e-10,0.2108663236189727,526.0,2.489368566763548,0.1058627870047863,52.0,2.0,2.83504867553711
3553,I6X8D2_MYCTU,I6X8D2,Rv3800c,setA,,,1437.0,10000.0,0.5109332909573585,3.1190124048455634e-67,2.8747569524762782e-27,9987.0,6.886368079777214,1.909207912064108e-40,531.0,14.0,3.2887630462646484
3555,O53953_MYCTU,O53953,Rv1804c,setA,,,65.0,10000.0,0.9999999277633412,4.933194566204119e-05,0.5651455041513576,81.0,2.118390695989586,0.5651455041513576,27.0,2.0,3.60512113571167
3556,O07742_MYCTU,O07742,Rv1890c,setA,,,180.0,10000.0,0.9992713040968988,8.04775470187716e-08,0.1058523032554561,1858.0,2.8838341882841068,0.1058523032554561,81.0,3.0,3.513517379760742
3557,P71699_MYCTU,P71699,Rv0042c,setA,,,137.0,10000.0,0.9745005471247123,1.5180288941351761e-07,0.0042139273938358,6610.0,3.4581052332161337,0.0206990303775698,240.0,8.0,1.3349984884262085
3558,P95264_MYCTU,P95264,Rv1950c,setA,,,53.0,10000.0,0.9985346755123364,2.84723725456573e-05,0.5864626642905872,140.0,2.8149599970717216,0.7495306669577655,18.0,3.0,6.949944496154785
3559,O86370_MYCTU,O86370,Rv0988,setA,,,346.0,10000.0,0.9987517849671944,7.737365418051911e-27,0.0001160821664861,7592.0,4.176995964357878,1.5656341219750268e-07,282.0,8.0,3.404653787612915
3560,O06802_MYCTU,O06802,Rv1769,setA,,,399.0,10000.0,0.5217787458230605,8.569570752814656e-30,6.485342222445937e-10,9857.0,5.059275506865058,8.688036980274365e-13,129.0,5.0,1.3349852561950684
3561,Q6MX48_MYCTU,Q6MX48,Rv0305c,setA,,,710.0,10000.0,0.8852886157234292,3.990755136873067e-46,2.581132475355445e-06,9515.0,7.598550119932065,2.1705207393939577e-05,417.0,21.0,6.551929473876953
3562,I6Y8R4_MYCTU,I6Y8R4,Rv0774c,setA,,,213.0,10000.0,0.9397609409509649,1.0317207959958452e-09,0.00072488584155,8274.0,4.737850061550074,0.0162247338613536,56.0,2.0,14.380972862243652
3563,I6X4W4_MYCTU,I6X4W4,Rv2643,setA,,,434.0,10000.0,0.958155484985426,1.8625889958408865e-22,1.5987055346807169e-07,9221.0,3.618599035172288,0.0018592401770966,218.0,6.0,1.3351495265960691
3564,P95187_MYCTU,P95187,Rv3139,setA,,,393.0,10000.0,0.9995848528941044,6.748188130837245e-22,0.034048800958851,3853.0,4.167975844085723,0.404682746988286,141.0,4.0,9.568314552307127
3565,P95151_MYCTU,P95151,Rv1864c,setA,,,222.0,10000.0,0.9999041217992356,2.7991502283072985e-08,0.2740815441178551,666.0,3.3718344770144766,0.3911000165851017,87.0,3.0,19.73252296447754
3566,O07253_MYCTU,O07253,Rv0329c,setA,,,205.0,10000.0,0.9997815382304596,1.2867293931994498e-11,0.0182947227735726,4316.0,4.3173979903492965,0.0035313717545262,115.0,4.0,3.4081921577453613
3568,O06569_MYCTU,O06569,Rv1117,setA,,,106.0,10000.0,0.999999531010255,3.4799481858869575e-08,0.4042395493254731,246.0,2.473513353552375,0.9760203467438576,50.0,4.0,19.7889347076416
3569,O53516_MYCTU,O53516,Rv2182c,setA,,,212.0,10000.0,0.9982730123688364,1.701871753959055e-12,0.0006980275660854,6911.0,2.8477346020368253,0.7456648642581063,43.0,3.0,2.8909249305725098
3570,P96221_MYCTU,P96221,Rv3856c,setA,,,334.0,10000.0,0.9997392809390724,2.8732637162215856e-15,0.0264347447468856,3831.0,3.0328382923053274,0.717959694912985,199.0,4.0,1.3510301113128662
3571,L0T643_MYCTU,L0T643,Rv0323c,setA,,,217.0,10000.0,0.9985609209300867,3.545826335652338e-13,0.0314926439693499,3974.0,7.470134294535281,0.2149957266523914,130.0,21.0,10.1280517578125
3572,Q79FK4_MYCTU,Q79FK4,Rv1791,setA,,,98.0,10000.0,0.9996239533561894,1.8568986012197504e-08,0.3559415866885045,512.0,2.709611919413609,0.4564618073762397,25.0,2.0,6.966343879699707
3573,O07720_MYCTU,O07720,Rv1913,setA,,,235.0,10000.0,0.9999490259774364,4.695093273864195e-14,0.0255141093791987,3733.0,3.903130917495709,0.002168004921102,113.0,6.0,1.3279685974121094
3574,O50381_MYCTU,O50381,Rv3352c,setA,,,122.0,10000.0,0.9885863944925398,6.21000646679845e-10,1.2481531560195957e-05,8611.0,3.366298003098904,3.3364480499074544e-06,19.0,2.0,4.365359783172607
3575,O05833_MYCTU,O05833,Rv2365c,setA,,,103.0,10000.0,0.9952486432790446,8.187985756800374e-09,0.0027157450699214,6878.0,3.551364448088364,0.0273943907279169,43.0,4.0,3.4454734325408936
3577,I6XEK6_MYCTU,I6XEK6,Rv2553c,setA,,,349.0,10000.0,0.9691738734638622,1.319997748125457e-136,3.480693421397366e-76,9657.0,10.995383649553371,3.155307344588964e-05,261.0,178.0,3.355142831802368
3578,I6Y3Q7_MYCTU,I6Y3Q7,Rv3510c,setA,,,270.0,10000.0,0.9927514941896102,7.419763779301609e-11,0.0353386776933583,3734.0,5.13548549519764,0.1975791510952217,118.0,6.0,2.9624853134155273
3579,O06623_MYCTU,O06623,Rv1567c,setA,,,74.0,10000.0,0.9999377749009186,1.8473816732948715e-05,0.1417509825668002,919.0,2.7020449046761,0.0626634241155342,65.0,5.0,3.521497964859009
3580,I6Y946_MYCTU,I6Y946,Rv0925c,setA,,,230.0,10000.0,0.999105403919904,3.2162142277241865e-11,0.0130316256189969,4837.0,3.0672436316708933,0.0840050874081044,107.0,3.0,8.980874061584473
3581,P95277_MYCTU,P95277,Rv1937,setA,,,773.0,10000.0,0.9921831220561984,3.2984479520424967e-16,0.0257324709780699,3968.0,4.29708753728112,0.6484800815651914,387.0,4.0,1.3358129262924194
3583,L7N6A2_MYCTU,L7N6A2,Rv0275c,setA,,,186.0,10000.0,0.9955632115929816,1.554892299472895e-13,0.0018368417427501,6606.0,3.8675289774910366,0.0002261577516966,120.0,7.0,3.4110374450683594
3584,O06155_MYCTU,O06155,Rv3593,setA,,,406.0,10000.0,0.9944422865447794,2.626460404897426e-16,0.0008708204049792,6747.0,2.864893629719249,0.0001507042173759,168.0,5.0,1.335987567901611
3585,P71915_MYCTU,P71915,Rv2434c,setA,,,403.0,10000.0,0.7623031227582044,7.243867535579339e-11,1.4171287348973334e-05,9527.0,4.364310813990349,0.013090177233175,156.0,5.0,7.448121547698975
3586,O06547_MYCTU,O06547,Rv1147,setA,,,206.0,10000.0,0.969081955284266,4.414597646132321e-16,0.0012103091520834,6416.0,6.064176335673175,0.0001018250118616,97.0,10.0,1.3331867456436155
3587,Q6MX13_MYCTU,Q6MX13,Rv3110,setA,,,105.0,10000.0,0.9998072142377408,6.829816428905229e-08,0.0640946314974796,2399.0,2.629952630126677,0.0913484387333704,47.0,3.0,3.181643009185791
3589,O05796_MYCTU,O05796,Rv3120,setA,,,188.0,10000.0,0.999982311869564,1.3951910786819384e-08,0.2927982532598893,620.0,3.545089631050317,0.588967089836213,88.0,3.0,7.311038494110107
3590,L7N667_MYCTU,L7N667,Rv1040c,setA,,,93.0,10000.0,0.9999965578920798,2.8005631491487578e-05,0.089361782202235,570.0,3.1767528260946984,0.243500062406303,50.0,3.0,1.3366079330444336
3591,I6XG43_MYCTU,I6XG43,Rv3079c,setA,,,274.0,10000.0,0.998517361250482,5.974581934748734e-17,0.0175660413821356,4281.0,4.347020379660884,0.007699315494184,130.0,8.0,10.300826072692873
3592,I6X7J6_MYCTU,I6X7J6,Rv3524,setA,,,247.0,10000.0,0.9995206979987982,4.680909858912704e-13,0.0010965414981358,6834.0,4.747007515531728,0.0001707716964547,117.0,7.0,1.3303656578063965
3594,O06240_MYCTU,O06240,Rv2135c,setA,,,213.0,10000.0,0.998334833079215,1.5453269214417636e-15,2.3615638919925528e-05,8703.0,3.055011259756953,0.5071724020894973,63.0,3.0,18.76593589782715
3595,O53836_MYCTU,O53836,Rv0825c,setA,,,175.0,10000.0,0.9934048762375935,3.2224133964872585e-07,0.0115587195970525,4488.0,3.250230983120597,0.0308927555397041,139.0,5.0,1.3355071544647217
3596,I6YEE1_MYCTU,I6YEE1,Rv2795c,setA,,,309.0,10000.0,0.9970496415493364,8.110954486998474e-21,7.420199461730972e-06,8652.0,4.849998071526885,0.0037599842405662,87.0,3.0,5.042108535766602
3597,O53762_MYCTU,O53762,Rv0565c,setA,,,481.0,10000.0,0.9871357461743826,4.964147569794527e-30,1.1383491966873708e-06,9147.0,4.107518232120567,6.120366504719221e-08,329.0,4.0,6.164977550506592
3598,O07251_MYCTU,O07251,Rv0326,setA,,,150.0,10000.0,0.9997797100657202,4.412944498190655e-08,0.1803948384112718,998.0,2.7854742496467373,0.3617268879273219,70.0,3.0,1.3293685913085938
3599,O06136_MYCTU,O06136,Rv1619,setA,,,387.0,10000.0,0.8960208660206321,2.379823550768759e-20,0.0007929704637391,6736.0,5.32098454674457,1.2351153317262368e-05,145.0,9.0,13.6035737991333
3600,O53929_MYCTU,O53929,Rv1716,setA,,,275.0,10000.0,0.9985594490956718,2.909251629319976e-15,0.0482122183507797,3441.0,3.484768889636884,0.3428238839470826,134.0,4.0,1.327426552772522
3601,I6Y3Z2_MYCTU,I6Y3Z2,Rv3594,setA,,,253.0,10000.0,0.9710427752294052,1.2924213831788698e-16,0.0004526441014145,7673.0,4.373022040378115,1.194493341676063e-05,111.0,4.0,10.143221855163574
3602,I6WX95_MYCTU,I6WX95,Rv0033,setA,,,73.0,10000.0,0.9999275913376904,0.0003414996236,0.3806724213902509,225.0,2.316129548255379,0.3806724213902509,44.0,3.0,1.3393492698669434
3603,O07235_MYCTU,O07235,Rv0308,setA,,,207.0,10000.0,0.9998016778835822,2.58655386106962e-07,0.0590067524178761,2619.0,2.57413555206254,0.0191480654795717,101.0,4.0,1.3498975038528442
3604,O33252_MYCTU,O33252,Rv2117,setA,,,96.0,10000.0,0.999997825334528,4.1986037204863057e-07,0.343593759696466,342.0,3.152370737191142,0.0307430634142672,39.0,3.0,1.325775980949402
3605,O06238_MYCTU,O06238,Rv2137c,setA,,,83.0,10000.0,0.999984155247355,6.830660493354718e-05,0.3525558446640866,367.0,2.30941094595861,0.0255209433296577,37.0,3.0,13.303257942199709
3606,I6YF16_MYCTU,I6YF16,Rv3046c,setA,,,69.0,10000.0,0.9998673601623532,0.0004232375265448,0.3464578105500745,134.0,2.647786372303227,0.3464578105500745,30.0,2.0,3.3236093521118164
3607,I6YA21_MYCTU,I6YA21,Rv2704,setA,,,122.0,10000.0,0.9986152849047164,1.678458528174302e-06,0.0752568770672115,1081.0,3.475630561437648,0.1037443176856442,49.0,3.0,14.296659469604492
3608,O05910_MYCTU,O05910,Rv0918,setA,,,100.0,10000.0,0.9996892272702655,7.850159128072286e-06,0.3681877860628609,204.0,2.3956424884624137,0.1548386665118475,40.0,2.0,6.496281147003174
3609,O53737_MYCTU,O53737,Rv0452,setA,,,210.0,10000.0,0.999828475207324,1.447351457582823e-09,0.1019666420568671,2155.0,3.792151865501848,0.7403980129715481,78.0,5.0,3.4086132049560547
3610,O06291_MYCTU,O06291,Rv1223,setA,,,351.0,10000.0,0.9867026418772856,3.401394880471232e-27,4.2699487863907936e-10,9409.0,3.3246705678919457,1.0617959022154749e-12,157.0,3.0,1.332284927368164
3611,I6X654_MYCTU,I6X654,Rv3061c,setA,,,700.0,10000.0,0.9999533294510126,2.410953075805774e-26,0.0192527691454868,4364.0,4.657000516504043,0.0082170172847693,335.0,6.0,5.176151275634766
3612,O05858_MYCTU,O05858,Rv3208,setA,,,192.0,10000.0,0.9964285793030796,2.0718702365040465e-12,0.0095511333470018,5244.0,3.1576290487735816,0.0003015573789873,75.0,4.0,1.3371189832687378
3613,O53918_MYCTU,O53918,Rv1671,setA,,,58.0,10000.0,0.9999994886869013,7.873756368572187e-05,0.6437606614697101,62.0,2.716864783507904,0.796779568533973,38.0,4.0,23.12123107910156
3614,P95217_MYCTU,P95217,Rv0260c,setA,,,364.0,10000.0,0.9747240405259932,2.426916272835555e-15,4.996184554661868e-05,8210.0,3.5580026118514905,0.1200309298477076,185.0,3.0,10.552655220031738
3615,O33272_MYCTU,O33272,Rv2969c,setA,,,221.0,10000.0,0.947906323658958,1.1304614388322878e-15,0.0004493505545085,6920.0,4.282986581966735,0.0003018279196333,85.0,6.0,3.3910839557647705
3616,O06832_MYCTU,O06832,Rv1426c,setA,,,394.0,10000.0,0.9999548977730937,8.375671622222692e-23,0.0420591873963026,3511.0,2.6524037159448866,0.0344033878368727,193.0,4.0,3.265381097793579
3617,O06194_MYCTU,O06194,Rv2619c,setA,,,109.0,10000.0,0.9998685304465402,4.360283302826797e-05,0.1912990232276764,512.0,3.2744590996306764,0.1412649675252232,30.0,3.0,5.05970573425293
3618,O05900_MYCTU,O05900,Rv0907,setA,,,494.0,10000.0,0.9986487352803414,1.0303834936089584e-25,0.0017240457241052,6198.0,5.411202462154922,0.8588176519752891,256.0,10.0,12.413884162902832
3620,O06389_MYCTU,O06389,Rv0523c,setA,,,124.0,10000.0,0.9999688862540644,6.074503140108823e-11,0.3254292034384443,859.0,2.979939413505285,0.5049573602047861,60.0,3.0,1.339308738708496
3621,O06145_MYCTU,O06145,Rv1628c,setA,,,145.0,10000.0,0.9996936571675162,2.832302041957339e-12,8.720688362351124e-05,8258.0,4.110104690140896,7.507080878627115e-07,65.0,5.0,9.788477897644045
3622,P71906_MYCTU,P71906,Rv2443,setA,,,366.0,10000.0,0.9521211108832212,6.201093232883522e-17,0.0002724994992584,7433.0,3.2254918053437542,2.876160955049453e-06,155.0,4.0,12.966781616210938
3623,O53915_MYCTU,O53915,Rv1667c,setA,,,190.0,10000.0,0.9999845206799128,3.422401591538013e-06,0.1235940829609941,1509.0,2.5299465881295364,0.0126011884881102,92.0,3.0,6.909517288208008
3624,O53780_MYCTU,O53780,Rv0583c,setA,,,173.0,10000.0,0.9999519893315266,1.0359883794011445e-08,0.0715443520195707,2344.0,2.941818488364798,0.1219430572677735,78.0,3.0,1.3285419940948486
3625,O53968_MYCTU,O53968,Rv1967,setA,,,319.0,10000.0,0.9542804483510456,7.013468915338729e-13,3.48389492135889e-05,8509.0,7.008290391999067,0.0010579170095272,157.0,9.0,1.337603211402893
3626,I6YDJ7_MYCTU,I6YDJ7,Rv2492,setA,,,232.0,10000.0,0.9950635201144028,5.165898927797049e-12,0.1352655380134372,1735.0,4.476440250200545,0.0241092384249399,152.0,7.0,3.8055288791656494
3627,I6Y464_MYCTU,I6Y464,Rv3642c,setA,,,63.0,10000.0,0.9996721988387048,2.747617561094826e-07,0.0559214381623092,2540.0,3.602383649903912,0.0339779656666002,39.0,5.0,1.336294174194336
3628,O53486_MYCTU,O53486,Rv2042c,setA,,,263.0,10000.0,0.997965704077506,2.3300140480348575e-14,0.0143979495056659,4681.0,3.507193862427489,0.0143979495056659,149.0,6.0,5.995180130004883
3629,O53756_MYCTU,O53756,Rv0471c,setA,,,92.0,10000.0,0.9993345999751532,2.3867360777240004e-10,0.0863764658073267,2367.0,3.5380471279737566,0.3186299096467812,52.0,5.0,1.3391274213790894
3630,Q79FE9_MYCTU,Q79FE9,Rv2371,setA,,,60.0,10000.0,0.9994855219552188,3.65152150309215e-08,0.3777306174965006,612.0,3.980823567159022,0.0276283186807068,16.0,3.0,15.983001708984377
3632,Q79FE3_MYCTU,Q79FE3,Rv2408,setA,,,59.0,10000.0,0.9999996132375278,9.434955565920748e-05,0.6543903188208622,59.0,2.911475715845401,0.3674356398752962,24.0,2.0,3.4375128746032715
3633,I6YGJ4_MYCTU,I6YGJ4,Rv3576,setA,,,198.0,10000.0,0.999693644690233,1.50446998581523e-09,0.2651030900495714,1138.0,3.1419847406080166,0.109058590658026,98.0,5.0,1.3452898263931274
3634,O53527_MYCTU,O53527,Rv2253,setA,,,138.0,10000.0,0.9999919478157636,1.914196855454483e-08,0.3125384742122983,590.0,4.6242366452963,0.0598274696217178,71.0,4.0,1.33287513256073
3635,Q79FP0_MYCTU,Q79FP0,Rv1468c,setA,,,265.0,10000.0,4.5403644845291847e-20,1.6728358671096678e-43,3.5087385399883176e-41,10000.0,7.546328638311093,9.37896698039837e-42,38.0,2.0,10.365775108337402
3636,I6Y1V6_MYCTU,I6Y1V6,Rv2849c,setA,,,186.0,10000.0,0.9994538312198002,4.100367192670467e-08,0.148309746620639,1617.0,3.793108121034075,0.0903574898251977,95.0,4.0,2.9902865886688232
3637,P96903_MYCTU,P96903,Rv3298c,setA,,,275.0,10000.0,0.980753685221691,1.4588075999461377e-17,0.0001503517138221,7819.0,3.723846627144486,0.0017220303403507,70.0,3.0,1.335716724395752
3638,P71905_MYCTU,P71905,Rv2444c,setA,,,465.0,10000.0,0.9978420893672276,8.378310717695529e-25,1.07193573808128e-05,8358.0,3.98968787254806,1.3317777009028784e-10,116.0,2.0,1.3310494422912598
3639,O53905_MYCTU,O53905,Rv1531,setA,,,186.0,10000.0,0.9999797890153532,1.415890740646973e-07,0.2868694788394347,487.0,2.1581517391073723,0.4198299790478695,90.0,3.0,1.3284486532211304
3640,I6YGF8_MYCTU,I6YGF8,Rv3542c,setA,,,302.0,10000.0,0.7913087233670134,2.826996825904593e-16,9.922213776285365e-07,9106.0,5.207397652295705,0.0002509542767241,120.0,10.0,3.4409286975860596
3641,P95172_MYCTU,P95172,Rv3154,setA,,,216.0,10000.0,0.9998717353431814,5.475299579107539e-20,0.0874337298520294,2693.0,7.391728950042382,0.2594678968130705,87.0,19.0,1.3384995460510254
3642,O07739_MYCTU,O07739,Rv1893,setA,,,39.0,10000.0,0.9999007347628556,0.0010412735068282,0.3887659310628042,7.0,3.2490649962011715,0.0492685159160908,19.0,2.0,6.166201114654541
3643,O05591_MYCTU,O05591,Rv1005c,setA,,,392.0,10000.0,0.9369122854222006,2.850507488607367e-25,4.17467990556477e-08,9405.0,4.645724714864216,9.988619013412315e-11,88.0,4.0,1.3357579708099363
3644,O53902_MYCTU,O53902,Rv1528c,setA,,,39.0,10000.0,0.9999007347628556,1.5620116895752575e-05,0.3887659310628042,303.0,2.659543616467945,0.2523132628680452,15.0,3.0,1.3291940689086914
3645,P71805_MYCTU,P71805,Rv1377c,setA,,,209.0,10000.0,0.9998199692765078,2.385665570336184e-12,0.1974456197174997,905.0,4.757818730706758,0.0078344637755394,85.0,6.0,1.3359713554382324
3646,Q6MX34_MYCTU,Q6MX34,Rv0511,setA,,,493.0,10000.0,0.9986267060285128,8.717173759638326e-23,0.0558174973594269,3090.0,4.556895519678029,0.0152965861935162,138.0,4.0,1.3370589017868042
3647,O53726_MYCTU,O53726,Rv0439c,setA,,,278.0,10000.0,0.9986787308830506,2.715704083741686e-10,0.0397044946198524,3516.0,4.219694072136902,0.1453042674799607,143.0,5.0,1.3270080089569092
3648,I6Y1I1_MYCTU,I6Y1I1,Rv2695,setA,,,232.0,10000.0,0.9999410169903694,7.80085372005658e-11,0.0100947037547832,4808.0,2.2889279355536143,0.0006718353165879,105.0,4.0,1.3342937231063845
3649,I6YAA5_MYCTU,I6YAA5,Rv2806,setA,,,40.0,10000.0,0.99992460868065,0.0005039436209702,0.404587405685253,55.0,2.5177007242140794,0.2656871402817289,13.0,4.0,11.213855743408203
3650,I6Y8V2_MYCTU,I6Y8V2,Rv0816c,setA,,,120.0,10000.0,0.9999542705402878,1.579843566684831e-13,0.1345267544367508,1698.0,2.2311672352545595,0.1345267544367508,75.0,4.0,1.3373984098434448
3651,O53518_MYCTU,O53518,Rv2184c,setA,,,359.0,10000.0,0.9482029681643857,1.4812636550178721e-15,0.0032311112461441,6188.0,2.542790477807451,0.0962859794773743,131.0,3.0,1.3324929475784302
3652,I6Y293_MYCTU,I6Y293,Rv3006,setA,,,300.0,10000.0,0.584980918983971,4.499933086722873e-16,3.3273813118952403e-06,9699.0,5.807359396240629,8.994053173844458e-07,107.0,4.0,13.451959609985352
3653,P71643_MYCTU,P71643,Rv2808,setA,,,84.0,10000.0,0.998580669517721,6.478589618559882e-07,0.0639018512975102,1443.0,2.9797676540566704,0.0268970474010218,39.0,3.0,8.365341186523438
3654,O07795_MYCTU,O07795,Rv3828c,setA,,,175.0,10000.0,0.999073783161036,8.462755866303949e-11,0.0743295101231322,2533.0,3.146756959027124,0.2541499095428097,96.0,5.0,12.654292106628418
3657,P96872_MYCTU,P96872,Rv3267,setA,,,452.0,10000.0,0.999340369572142,7.763319398932739e-27,6.482871324820627e-07,8745.0,4.355448341713003,6.04649193848991e-14,145.0,4.0,3.213492631912231
3658,P96941_MYCTU,P96941,Rv0653c,setA,,,223.0,10000.0,0.9999086644744436,2.302465444777113e-06,0.0964800905946519,1628.0,2.600136893621692,0.0042518050532196,100.0,3.0,1.3367903232574463
3660,P71903_MYCTU,P71903,Rv2309c,setA,,,123.0,10000.0,0.9999657401921828,7.49929660250589e-10,0.4043567674607353,545.0,2.715489229767676,0.4043567674607353,49.0,2.0,1.3266643285751345
3661,I6Y1I5_MYCTU,I6Y1I5,Rv2700,setA,,,180.0,10000.0,0.9992713040968988,2.2581261907501157e-16,0.0031837701228267,5873.0,2.7191586385073863,2.8245780379552222e-06,78.0,3.0,12.881433486938477
3662,P96241_MYCTU,P96241,Rv3837c,setA,,,209.0,10000.0,0.9998199692765078,5.018733496114639e-12,0.0268472235009206,3822.0,3.251649134649392,0.0006219047469524,112.0,5.0,1.3357386589050293
3663,Q79FA9_MYCTU,Q79FA9,Rv2768c,setA,,,177.0,10000.0,0.9991584754433952,9.334489562883961e-25,0.0122567076626072,4938.0,5.802328311407838,5.976681380378304e-08,108.0,20.0,1.3471450805664062
3664,O53443_MYCTU,O53443,Rv1095,setA,,,376.0,10000.0,0.9971509023572744,4.817264225504784e-17,0.0636486869381531,2417.0,4.158653136771241,0.0523991416759491,132.0,4.0,2.7965962886810303
3665,Q6MX47_MYCTU,Q6MX47,Rv0318c,setA,,,246.0,10000.0,0.9995027425094424,1.089074753522568e-21,0.0825529331930456,2851.0,5.252076890691465,0.0514550997580972,116.0,11.0,3.3364686965942383
3666,O33254_MYCTU,O33254,Rv2119,setA,,,256.0,10000.0,0.9996558847418896,2.5389953739946598e-09,0.2530991326206279,770.0,3.50727316641498,0.115971669558002,120.0,4.0,1.3484692573547363
3667,O33208_MYCTU,O33208,Rv1709,setA,,,218.0,10000.0,0.9998835884460284,1.7110709559762859e-09,0.1424635200722193,1875.0,3.2708147940453736,0.3185269571559827,98.0,4.0,4.948673248291016
3668,O53487_MYCTU,O53487,Rv2044c,setA,,,80.0,10000.0,0.999974983654734,4.179439146820865e-06,0.3306962478058585,291.0,2.7822202890366774,0.5624609023639255,38.0,3.0,3.1851680278778076
3669,L7N6A0_MYCTU,L7N6A0,Rv3770A,setA,,,32.0,10000.0,0.999999997656384,0.001505349781731,0.4337360997014656,53.0,2.3612872247566403,0.9682898378649184,19.0,5.0,3.4811747074127197
3670,I6X9X6_MYCTU,I6X9X6,Rv0839,setA,,,249.0,10000.0,0.9995546982198918,3.3982133330088594e-11,0.0857915122937424,2035.0,3.2107933020330264,1.2330429214007485e-07,113.0,5.0,3.012648582458496
3671,O86340_MYCTU,O86340,Rv2061c,setA,,,129.0,10000.0,0.9999807875566312,7.022685979824505e-06,0.2130822278967078,712.0,2.75469493671932,0.835084378084923,61.0,4.0,3.680731773376465
3672,I6YGX2_MYCTU,I6YGX2,Rv3682,setA,,,726.0,10000.0,0.92198363292015,2.1594502123492693e-44,8.607023134369119e-14,9624.0,4.141094575556408,1.4670732644030411e-19,248.0,4.0,1.3389915227890017
3673,Q50631_MYCTU,Q50631,Rv2590,setA,,,1099.0,10000.0,0.9559522920427744,3.4135509386129783e-45,6.527879456818426e-07,9099.0,3.1743012288221064,0.0001845116184509,449.0,4.0,1.3390026092529297
3674,P71750_MYCTU,P71750,Rv2394,setA,,,582.0,10000.0,0.9960426866522788,9.271354653468404e-33,7.852480526450415e-06,8397.0,4.304211214088064,0.4656434283927805,294.0,5.0,3.4139556884765625
3675,O06586_MYCTU,O06586,Rv1664,setA,,,872.0,10000.0,0.8333377325655349,2.262202886645485e-26,8.025100123315883e-06,9530.0,4.306504549539732,8.025100123315883e-06,461.0,6.0,1.334093451499939
3676,O05819_MYCTU,O05819,Rv2379c,setA,,,1314.0,10000.0,0.8581733842814039,6.43840809503772e-41,4.0995185988316077e-10,9399.0,4.796804694184042,6.186670514705713e-17,316.0,6.0,22.742311477661133
3677,P95072_MYCTU,P95072,Rv0724,setA,,,462.0,10000.0,0.9994565157034352,1.5699701677103764e-17,0.0525369482935159,3069.0,3.0749272882015277,0.1209879394389571,167.0,3.0,9.46510124206543
3678,P71914_MYCTU,P71914,Rv2435c,setA,,,684.0,10000.0,0.9966306160905978,3.7673816295491e-33,0.0049939360257521,5526.0,3.4702886747178794,0.0103277473287712,322.0,4.0,3.099376678466797
3679,O06815_MYCTU,O06815,Rv1444c,setA,,,110.0,10000.0,0.9969781373451176,0.0001652864284592,0.1051687190226311,105.0,3.590491940193297,0.1447180010465165,54.0,3.0,3.1120572090148926
3680,Q50681_MYCTU,Q50681,Rv2284,setA,,,412.0,10000.0,0.9949498696285414,3.043971634856546e-18,0.0410999405897047,3507.0,3.2327734805137616,0.1940501397750046,152.0,3.0,3.3905999660491943
3682,O06336_MYCTU,O06336,Rv3471c,setA,,,123.0,10000.0,0.9999657401921828,4.7606822979338184e-08,0.1910606077058353,1257.0,2.6728749435665,0.0052077994305242,42.0,3.0,17.32411003112793
3683,I6Y0Y0_MYCTU,I6Y0Y0,Rv2514c,setA,,,146.0,10000.0,0.9997131960408197,8.455651306213252e-12,0.0385283255813365,3503.0,2.5523167477121373,0.072572769177911,71.0,4.0,1.3270450830459597
3684,I6X7G8_MYCTU,I6X7G8,Rv3498c,setA,,,316.0,10000.0,0.9910841762432636,1.5143574868026437e-15,0.1159135414446373,2310.0,4.127243267557587,0.0514897955034038,96.0,3.0,2.7983734607696533
3685,P72062_MYCTU,P72062,Rv3796,setA,,,321.0,10000.0,0.997766326243448,4.766955782177712e-18,0.0280303767988668,4039.0,8.31991877873485,6.597650676049918e-07,189.0,16.0,8.282793045043945
3686,O06315_MYCTU,O06315,Rv0365c,setA,,,368.0,10000.0,0.9992536497550296,1.4778705477919304e-16,0.0590452549301628,2992.0,4.361265054171515,0.0130895835324917,162.0,4.0,3.1925408840179443
3687,I6YEL8_MYCTU,I6YEL8,Rv2877c,setA,,,108.0,10000.0,0.9965602705604246,1.046892142972642e-11,0.0022500158981245,6498.0,4.312862932689764,2.49336035727705e-06,37.0,4.0,12.530083656311035
3688,Q6MWW0_MYCTU,Q6MWW0,Rv3558,setA,,,508.0,10000.0,0.9389194562161634,2.190786655032717e-28,1.8318211426693276e-10,9299.0,7.464160100439679,1.6429749532293816e-08,271.0,9.0,1.3370304107666016
3689,O69700_MYCTU,O69700,Rv3733c,setA,,,162.0,10000.0,0.9982753898659346,1.7602053879864903e-16,0.0076183589159621,5263.0,3.4470850839335387,0.0035184196038434,77.0,5.0,4.473886966705322
3690,O05781_MYCTU,O05781,Rv3104c,setA,,,263.0,10000.0,0.997965704077506,7.67246642996912e-13,0.0033049094816159,6259.0,2.696866764543591,0.9914911502270702,104.0,4.0,4.9758381843566895
3691,I6WZS4_MYCTU,I6WZS4,Rv0921,setA,,,181.0,10000.0,0.9999718005544784,3.0249312376102586e-07,0.2194913390335551,1189.0,3.05293071108248,0.1380161291716768,72.0,3.0,7.340932846069336
3692,P95233_MYCTU,P95233,Rv2337c,setA,,,348.0,10000.0,0.9998266501444316,3.338001677394454e-15,0.1264038933437459,2305.0,5.098821378769318,0.0034658472519183,185.0,10.0,7.115879535675049
3693,Q6MWV6_MYCTU,Q6MWV6,Rv3595c,setA,,,86.0,10000.0,0.0188134034194818,5.934246412299017e-27,1.8279852648445893e-23,9999.0,5.8603022466235695,3.679545104383933e-25,11.0,2.0,1.344025731086731
3694,Q79FA8_MYCTU,Q79FA8,Rv2769c,setA,,,123.0,10000.0,0.9999657401921828,1.2446884490912378e-10,0.3207264023087547,771.0,4.466669234201425,0.2497295285357555,80.0,10.0,4.077400207519531
3695,O53976_MYCTU,O53976,Rv1975,setA,,,133.0,10000.0,0.9993257318463988,7.650518622843078e-07,0.1751995316639749,1170.0,2.7231146740269003,0.3671985287378068,61.0,3.0,3.219219207763672
3696,P71794_MYCTU,P71794,Rv1515c,setA,,,273.0,10000.0,0.9932334813099902,2.8701348050441737e-11,0.0739620701884091,1236.0,3.742511720899259,0.113200637022064,154.0,3.0,2.959501266479492
3697,O07790_MYCTU,O07790,Rv0588,setA,,,256.0,10000.0,0.9999816869283712,3.569552316310427e-18,0.0935205969564876,2753.0,3.71041306739794,3.248264931454658e-07,132.0,3.0,3.6298303604125977
3698,O07807_MYCTU,O07807,Rv3816c,setA,,,250.0,10000.0,0.9970468938437256,3.986057506381329e-16,0.0001913181263226,7642.0,4.011070222159066,1.617774753768945e-06,112.0,4.0,6.335987091064453
3699,O06381_MYCTU,O06381,Rv3626c,setA,,,281.0,10000.0,0.9998633482468068,2.693414166624252e-12,0.0152346731553542,4468.0,3.0924442880271985,0.1228538549647195,108.0,5.0,3.3396260738372803
3700,P95188_MYCTU,P95188,Rv3138,setA,,,345.0,10000.0,0.9394135086437134,1.2835937700472385e-15,0.0002195977716857,8097.0,2.8770418380693568,0.0042983271485175,170.0,4.0,3.2931692600250244
3701,I6WZK3_MYCTU,I6WZK3,Rv0841,setA,,,42.0,10000.0,0.9999999999973802,1.278924514405636e-05,0.0644763878679497,2066.0,3.918579924850331,0.0182128023952375,24.0,3.0,3.233612060546875
3702,P71740_MYCTU,P71740,Rv2403c,setA,,,217.0,10000.0,0.9998778048847028,5.460127564262625e-07,0.1407385913074902,1519.0,3.3166926679235837,0.8321783340674959,100.0,4.0,9.176722526550291
3703,O53405_MYCTU,O53405,Rv1057,setA,,,301.0,10000.0,0.9964497034718494,4.626831095700677e-09,0.0665607106363992,2487.0,3.304359159777285,0.4570350969839192,155.0,3.0,12.616662979125977
3705,O53839_MYCTU,O53839,Rv0828c,setA,,,115.0,10000.0,0.9999260546649764,0.000140820888922,0.1195904886601826,1094.0,3.073580707764766,0.0054611885646963,48.0,3.0,4.033635139465332
3706,I6Y1G8_MYCTU,I6Y1G8,Rv2675c,setA,,,245.0,10000.0,0.9994841186298672,5.368510758454211e-10,0.1560555397593663,1004.0,2.523069486070906,0.1905839971065536,131.0,4.0,1.339279055595398
3707,O53896_MYCTU,O53896,Rv0983,setA,,,292.0,10000.0,0.8912172896022694,1.0625092085344984e-21,5.989053993792388e-07,9393.0,3.556857864048652,5.438198826364052e-06,91.0,5.0,1.334417462348938
3708,P96845_MYCTU,P96845,Rv3563,setA,,,314.0,10000.0,0.9907411633465568,1.7122651769036498e-17,0.0031266557993779,6137.0,7.162203254820814,0.0031266557993779,149.0,12.0,1.3278380632400513
3709,O53380_MYCTU,O53380,Rv3330,setA,,,315.0,10000.0,0.9909142655160984,5.117393601400628e-24,4.925955868331222e-08,9106.0,2.7074070459262884,0.0005069052593676,71.0,2.0,1.3344072103500366
3710,P96900_MYCTU,P96900,Rv3295,setA,,,203.0,10000.0,0.988778001514334,1.0234701991521563e-16,1.3375420666015485e-05,9097.0,3.4690427723440576,2.9232689329627817e-06,62.0,3.0,12.288835525512695
3711,I6YGX9_MYCTU,I6YGX9,Rv3692,setA,,,315.0,10000.0,0.683391598271218,3.844356618047954e-27,2.952070152836555e-10,9900.0,4.355971950909567,3.0137648099543155e-12,112.0,3.0,3.33308744430542
3713,I6Y9Z5_MYCTU,I6Y9Z5,Rv2664,setA,,,76.0,10000.0,0.9999540591938452,4.846118850722941e-06,0.5290714657247904,98.0,2.256946805522602,0.7972901667028984,25.0,2.0,6.414500713348389
3714,I6XFU1_MYCTU,I6XFU1,Rv2979c,setA,,,178.0,10000.0,0.9999655686802876,9.712322103729235e-16,0.1319277433880878,1809.0,2.799242023533311,0.0596175768337975,91.0,4.0,6.925039768218994
3715,O06787_MYCTU,O06787,Rv1744c,setA,,,106.0,10000.0,0.9998247972116528,1.909140859996664e-06,0.1310294031846569,1201.0,2.721273544745415,0.4042395493254731,50.0,3.0,7.408567905426025
3716,O53850_MYCTU,O53850,Rv0838,setA,,,205.0,10000.0,0.9999943174345344,2.0796281412434323e-15,0.1204674318906944,2340.0,6.792315363790919,0.0570065683036383,121.0,16.0,3.4961323738098145
3718,O07775_MYCTU,O07775,Rv0603,setA,,,40.0,10000.0,0.99992460868065,0.0030181840772283,0.5786001416508443,7.0,3.273980921323056,0.404587405685253,13.0,2.0,1.3359755277633667
3719,Q1LVD4_MYCTU,Q1LVD4,Rv3918c,setA,,,276.0,10000.0,0.743563532473017,1.8483300552890457e-21,7.314474741923591e-10,9922.0,5.80290248035451,9.186426911737913e-08,116.0,6.0,6.76614236831665
3720,P72049_MYCTU,P72049,Rv3783,setA,,,267.0,10000.0,0.998186571384712,8.50722533191902e-12,0.0049387338896243,5590.0,6.372562719046113,0.0007055179876652,83.0,4.0,3.3253138065338135
3721,O07243_MYCTU,O07243,Rv0316,setA,,,201.0,10000.0,0.9654312461458356,3.456515560166274e-13,5.011251920879983e-05,8962.0,4.246562149442378,4.301751530917112e-06,94.0,4.0,13.000886917114258
3722,O53975_MYCTU,O53975,Rv1974,setA,,,98.0,10000.0,0.9996239533561894,2.5565556490016177e-07,0.1469430953964299,1698.0,3.569442312935713,0.6900600062171729,55.0,4.0,1.3307479619979858
3723,O05838_MYCTU,O05838,Rv2360c,setA,,,128.0,10000.0,0.9999788415735248,4.203970486195001e-07,0.3441254460387379,410.0,2.688702544461223,0.031878173844358,63.0,3.0,6.255102157592773
3724,L7N687_MYCTU,L7N687,Rv3322c,setA,,,197.0,10000.0,0.9970204153581452,2.624188005561089e-09,0.0278615186119552,3841.0,3.297165229458101,0.0055761105783485,99.0,3.0,1.3419475555419922
3725,O06257_MYCTU,O06257,Rv3440c,setA,,,95.0,10000.0,0.999997465490603,3.5730721235458867e-05,0.3373844959679902,84.0,2.0377041660378192,0.1352806803850636,43.0,3.0,4.029883861541748
3726,I6XCB2_MYCTU,I6XCB2,Rv1710,setA,,,161.0,10000.0,0.9638355109520867,4.082864340214228e-12,0.0009562549022673,7429.0,3.440369992092821,0.2672693528361006,50.0,4.0,11.573838233947754
3727,O50417_MYCTU,O50417,Rv3391,setA,,,570.0,10000.0,0.9892377226465257,2.099676212351809e-13,0.0002208794737966,8080.0,4.154105112787886,0.0001320213745775,296.0,7.0,1.3318331241607666
3728,O53413_MYCTU,O53413,Rv1065,setA,,,160.0,10000.0,0.9998862734255916,1.4365079581325453e-12,0.1271186527380871,1976.0,4.924797891486891,0.0732256815085103,62.0,7.0,4.482215881347656
3730,Q79FA1_MYCTU,Q79FA1,Rv3746c,setA,,,94.0,10000.0,0.9994497430032832,1.5464176969052896e-05,0.4297617819851761,154.0,2.8298851469649144,0.4297617819851761,44.0,2.0,1.338486671447754
3731,P95290_MYCTU,P95290,Rv1923,setA,,,384.0,10000.0,0.99993952304791,1.356003977382512e-15,0.0063052895903257,5303.0,3.235731980096204,0.3425451009040381,218.0,5.0,8.803122520446777
3732,O06592_MYCTU,O06592,Rv1598c,setA,,,104.0,10000.0,0.999999362360007,1.2892364496516463e-05,0.1708770883837996,835.0,2.3601648501252583,0.0285588100445333,51.0,2.0,8.428247451782227
3733,L0T243_MYCTU,L0T243,Rv0012,setA,,,215.0,10000.0,0.999997090957995,4.371109469800645e-20,0.1373040799312015,2329.0,3.733532090041005,0.7533859338003138,209.0,6.0,3.236574649810791
3734,I6XF17_MYCTU,I6XF17,Rv2681,setA,,,394.0,10000.0,0.99798208999713,5.55191131857273e-20,0.0026892474032555,5948.0,13.70561211928679,4.251738025599247e-05,164.0,23.0,1.3336702585220337
3735,I6XUD2_MYCTU,I6XUD2,Rv0082,setA,,,155.0,10000.0,0.9998416781049996,9.657333714274425e-09,0.03530848531832,3800.0,4.133510837164484,0.0657882123783383,81.0,5.0,6.280730247497559
3736,O53404_MYCTU,O53404,Rv1056,setA,,,253.0,10000.0,0.9999787983842118,2.7374077977611173e-14,0.1691579752011407,1798.0,3.507029787853781,0.0719546234955799,95.0,3.0,3.4927942752838135
3737,I6Y242_MYCTU,I6Y242,Rv2956,setA,,,220.0,10000.0,0.9774144360539206,1.5604166294807226e-10,0.0039072251318313,6214.0,3.246930275256474,0.025233180890624,128.0,6.0,1.3352771997451782
3738,L0TBY6_MYCTU,L0TBY6,Rv2250A,setA,,,103.0,10000.0,0.9997666092408488,4.828282767419252e-10,4.474889449596956e-05,8968.0,4.386892230798408,2.28643986475757e-05,28.0,3.0,2.7310538291931152
3739,I6XWB9_MYCTU,I6XWB9,Rv0810c,setA,,,35.0,10000.0,0.9997026876722496,3.4452298564531986e-06,0.3234812170971206,655.0,2.8378847341131825,0.1150771808326395,9.0,2.0,7.375929355621338
3740,I6X7X3_MYCTU,I6X7X3,Rv3623,setA,,,187.0,10000.0,0.9824199873173692,1.6890437936842495e-09,0.0706395896395134,2361.0,2.7384234529380853,0.5014819825883609,83.0,4.0,9.38182258605957
3741,O07740_MYCTU,O07740,Rv1892,setA,,,69.0,10000.0,0.9999999764537284,1.637508781303903e-07,0.3464578105500745,710.0,2.6623576243964893,0.248856892590492,42.0,5.0,1.345922827720642
3742,O53961_MYCTU,O53961,Rv1919c,setA,,,151.0,10000.0,0.9970889396142129,1.1308970924355723e-10,0.0225719196569464,3791.0,3.756668758092114,0.0600756905851516,64.0,4.0,10.86703395843506
3743,O53605_MYCTU,O53605,Rv0060,setA,,,336.0,10000.0,0.993894072495738,1.5543949746463722e-17,0.0003320900191629,7342.0,7.818157263403543,2.0484358597636163e-05,147.0,14.0,10.857688903808594
3744,L7N6A8_MYCTU,L7N6A8,Rv1489A,setA,,,61.0,10000.0,0.9999997788048504,9.409607030346392e-06,0.3879422499913164,148.0,2.831258162985874,0.1893699622674047,23.0,3.0,3.0243091583251953
3745,O86315_MYCTU,O86315,Rv1232c,setA,,,383.0,10000.0,0.9919853140912596,4.561738296082515e-14,0.0007303491613506,7330.0,3.793686774042339,0.0028962190664668,169.0,3.0,4.479977607727051
3746,O05857_MYCTU,O05857,Rv3209,setA,,,102.0,10000.0,0.9997432220979428,2.179548695882607e-07,0.1628196778589182,1377.0,3.0966789621397908,0.0833829021276576,45.0,4.0,1.336045503616333
3747,O69686_MYCTU,O69686,Rv3719,setA,,,440.0,10000.0,0.999168051392788,2.995827344532868e-21,0.0007223275988974,6656.0,3.575272808515187,0.0042549762471185,191.0,5.0,4.989948272705078
3748,L7N6B5_MYCTU,L7N6B5,Rv2107,setA,,,93.0,10000.0,0.9999965578920798,2.9525294027073905e-06,0.0409745476618169,3077.0,3.2875908797840045,0.089361782202235,47.0,4.0,7.32764720916748
3749,I6Y1V1_MYCTU,I6Y1V1,Rv2844,setA,,,137.0,10000.0,0.999991129978678,2.3006941688601893e-06,0.1435533164269804,1348.0,2.0454612716618645,0.2427477299171981,51.0,3.0,4.136594295501709
3750,P96257_MYCTU,P96257,Rv0411c,setA,,,283.0,10000.0,0.9946226451709876,7.94372627148924e-15,0.0024864982023322,6142.0,3.858277683877834,3.1325277174745084e-08,107.0,4.0,29.043598175048828
3751,I6YCQ4_MYCTU,I6YCQ4,Rv3670,setA,,,307.0,10000.0,0.9465365770393072,1.8693692829834189e-25,1.308526885270822e-07,9412.0,4.89181308512998,1.5270280206076333e-05,104.0,6.0,6.154778003692627
3752,I6YGS7_MYCTU,I6YGS7,Rv3622c,setA,,,97.0,10000.0,0.999998134189332,1.1018269464974777e-05,0.1969964367304345,859.0,3.0905855644985074,0.0083631606732207,55.0,4.0,1.3320932388305664
3753,O05878_MYCTU,O05878,Rv3233c,setA,,,165.0,10000.0,0.9985054710489676,8.073619466568764e-09,0.2805271254085136,683.0,3.055838555803696,0.000114964316168,72.0,3.0,3.3378024101257324
3754,I6Y9H2_MYCTU,I6Y9H2,Rv2499c,setA,,,158.0,10000.0,0.9979131539184146,9.66123944550267e-15,0.1591817858834438,1580.0,3.09523448013685,0.1227525344749481,71.0,5.0,3.879584312438965
3755,L0TB61_MYCTU,L0TB61,Rv2037c,setA,,,271.0,10000.0,0.9998021777963804,4.865127514714854e-13,0.0127155506492263,4720.0,2.2606279702594447,0.3905202813598807,123.0,3.0,16.02669334411621
3756,L7N662_MYCTU,L7N662,Rv1623c,setA,,,455.0,10000.0,0.7182388690856716,3.7484878567657565e-35,3.582820747028049e-13,9914.0,5.568935385819568,2.4790116356823464e-18,141.0,6.0,4.9035162925720215
3757,O53340_MYCTU,O53340,Rv3194c,setA,,,339.0,10000.0,0.9999841909487402,1.4251761957133456e-19,0.0975253628642106,2517.0,3.2069447023346744,0.0538509913844054,94.0,4.0,3.37538480758667
