,i,codon,locus,num_inframe_insertions,num_inframe_deletions,total_indels
0,313,105.0,Rv0001,0.0,1.0,1.0
1,7158,640.0,Rv0005,2.0,17.0,19.0
2,10136,75.0,Rv0007,0.0,4.0,4.0
3,10270,119.0,Rv0007,1.0,0.0,1.0
4,12013,100.0,Rv0008c,1.0,0.0,1.0
5,12253,20.0,Rv0008c,0.0,1.0,1.0
6,13962,12.0,Rv0011c,1.0,0.0,1.0
7,14699,204.0,Rv0012,0.0,3.0,3.0
8,14984,24.0,Rv0013,1.0,0.0,1.0
9,20140,32.0,Rv0016c,0.0,1.0,1.0
10,20861,260.0,Rv0017c,0.0,1.0,1.0
11,20935,236.0,Rv0017c,1.0,0.0,1.0
12,21331,104.0,Rv0017c,1.0,0.0,1.0
13,21562,27.0,Rv0017c,0.0,1.0,1.0
14,24324,374.0,Rv0020c,0.0,1.0,1.0
15,24639,269.0,Rv0020c,0.0,1.0,1.0
16,24771,225.0,Rv0020c,0.0,1.0,1.0
17,26406,159.0,Rv0021c,0.0,1.0,1.0
18,26763,40.0,Rv0021c,0.0,1.0,1.0
19,27786,64.0,Rv0023,0.0,1.0,1.0
20,27976,128.0,Rv0023,0.0,1.0,1.0
21,28067,158.0,Rv0023,0.0,1.0,1.0
22,28287,231.0,Rv0023,1.0,0.0,1.0
23,28808,149.0,Rv0024,0.0,1.0,1.0
24,30231,170.0,Rv0026,0.0,1.0,1.0
25,30994,425.0,Rv0026,0.0,1.0,1.0
26,32282,76.0,Rv0029,1.0,0.0,1.0
27,32515,153.0,Rv0029,0.0,1.0,1.0
28,32533,159.0,Rv0029,0.0,1.0,1.0
29,32952,299.0,Rv0029,0.0,5.0,5.0
30,34994,234.0,Rv0032,1.0,0.0,1.0
31,35069,259.0,Rv0032,1.0,0.0,1.0
32,35178,295.0,Rv0032,0.0,1.0,1.0
33,35311,339.0,Rv0032,1.0,0.0,1.0
34,35595,434.0,Rv0032,1.0,0.0,1.0
35,36046,584.0,Rv0032,0.0,1.0,1.0
36,36241,649.0,Rv0032,1.0,0.0,1.0
37,36620,5.0,Rv0033,0.0,1.0,1.0
38,37606,116.0,Rv0035,0.0,1.0,1.0
39,37742,162.0,Rv0035,0.0,1.0,1.0
40,37761,168.0,Rv0035,0.0,1.0,1.0
41,38570,438.0,Rv0035,0.0,1.0,1.0
42,38798,514.0,Rv0035,1.0,7.0,8.0
43,40156,349.0,Rv0037c,0.0,1.0,1.0
44,40899,102.0,Rv0037c,0.0,1.0,1.0
45,41127,26.0,Rv0037c,0.0,1.0,1.0
46,41865,188.0,Rv0038,0.0,1.0,1.0
47,42243,37.0,Rv0039c,0.0,1.0,1.0
48,42309,15.0,Rv0039c,0.0,2.0,2.0
49,44685,375.0,Rv0041,0.0,1.0,1.0
50,46819,130.0,Rv0042c,0.0,1.0,1.0
51,46856,118.0,Rv0042c,2.0,3.0,5.0
52,48521,169.0,Rv0044c,0.0,3.0,3.0
53,48688,114.0,Rv0044c,0.0,1.0,1.0
54,49286,218.0,Rv0045c,0.0,1.0,1.0
55,49504,146.0,Rv0045c,1.0,0.0,1.0
56,51103,8.0,Rv0046c,0.0,1.0,1.0
57,51857,281.0,Rv0048c,1.0,0.0,1.0
58,51907,264.0,Rv0048c,1.0,2.0,3.0
59,51916,261.0,Rv0048c,0.0,1.0,1.0
60,52150,183.0,Rv0048c,0.0,1.0,1.0
61,52257,147.0,Rv0048c,0.0,1.0,1.0
62,52515,61.0,Rv0048c,1.0,0.0,1.0
63,52988,53.0,Rv0049,0.0,1.0,1.0
64,53241,137.0,Rv0049,1.0,0.0,1.0
65,54574,304.0,Rv0050,0.0,1.0,1.0
66,55533,624.0,Rv0050,6.0,102.0,108.0
67,55535,625.0,Rv0050,1.0,0.0,1.0
68,55540,626.0,Rv0050,419.0,0.0,419.0
69,55542,627.0,Rv0050,1.0,0.0,1.0
70,55543,627.0,Rv0050,164.0,0.0,164.0
71,55544,628.0,Rv0050,1.0,0.0,1.0
72,55546,628.0,Rv0050,5.0,0.0,5.0
73,57269,525.0,Rv0051,0.0,1.0,1.0
74,57489,27.0,Rv0052,0.0,1.0,1.0
75,57618,70.0,Rv0052,0.0,1.0,1.0
76,58596,4.0,Rv0054,3.0,0.0,3.0
77,59049,155.0,Rv0054,0.0,1.0,1.0
78,59440,11.0,Rv0056,0.0,1.0,1.0
79,59987,31.0,Rv0057,0.0,1.0,1.0
80,62285,630.0,Rv0058,1.0,0.0,1.0
81,62388,665.0,Rv0058,0.0,1.0,1.0
82,62725,777.0,Rv0058,1.0,0.0,1.0
83,63462,88.0,Rv0059,1.0,0.0,1.0
84,63512,105.0,Rv0059,0.0,2.0,2.0
85,66054,168.0,Rv0062,0.0,1.0,1.0
86,66328,259.0,Rv0062,0.0,1.0,1.0
87,66927,2.0,Rv0063,0.0,1.0,1.0
88,66933,4.0,Rv0063,1.0,0.0,1.0
89,67586,222.0,Rv0063,0.0,3.0,3.0
90,68709,30.0,Rv0064,0.0,1.0,1.0
91,68882,88.0,Rv0064,0.0,1.0,1.0
92,68908,97.0,Rv0064,0.0,1.0,1.0
93,69035,139.0,Rv0064,0.0,1.0,1.0
94,69202,195.0,Rv0064,0.0,1.0,1.0
95,69533,305.0,Rv0064,1.0,0.0,1.0
96,70160,514.0,Rv0064,0.0,1.0,1.0
97,70690,691.0,Rv0064,0.0,1.0,1.0
98,70760,714.0,Rv0064,0.0,1.0,1.0
99,71056,813.0,Rv0064,0.0,2.0,2.0
100,73788,242.0,Rv0066c,0.0,1.0,1.0
101,73799,238.0,Rv0066c,1.0,0.0,1.0
102,76093,265.0,Rv0068,1.0,0.0,1.0
103,77048,192.0,Rv0069c,0.0,1.0,1.0
104,77612,4.0,Rv0069c,0.0,1.0,1.0
105,77655,414.0,Rv0070c,0.0,1.0,1.0
106,79498,5.0,Rv0071,0.0,2.0,2.0
107,79503,6.0,Rv0071,2.0,0.0,2.0
108,79504,7.0,Rv0071,1.0,194.0,195.0
109,79556,24.0,Rv0071,0.0,1.0,1.0
110,79725,80.0,Rv0071,0.0,1.0,1.0
111,80156,224.0,Rv0071,1.0,0.0,1.0
112,80888,89.0,Rv0072,0.0,1.0,1.0
113,81778,35.0,Rv0073,0.0,1.0,1.0
114,82257,194.0,Rv0073,1.0,0.0,1.0
115,82411,246.0,Rv0073,0.0,1.0,1.0
116,83358,204.0,Rv0074,0.0,1.0,1.0
117,83508,254.0,Rv0074,0.0,1.0,1.0
118,83717,324.0,Rv0074,0.0,1.0,1.0
119,84830,279.0,Rv0075,2.0,0.0,2.0
120,85155,387.0,Rv0075,0.0,1.0,1.0
121,89218,66.0,Rv0080,0.0,1.0,1.0
122,89301,94.0,Rv0080,0.0,1.0,1.0
123,89422,134.0,Rv0080,0.0,1.0,1.0
124,90415,6.0,Rv0083,2.0,0.0,2.0
125,91307,303.0,Rv0083,0.0,2.0,2.0
126,93112,262.0,Rv0084,0.0,1.0,1.0
127,93622,112.0,Rv0085,0.0,1.0,1.0
128,94321,124.0,Rv0086,0.0,1.0,1.0
129,94942,331.0,Rv0086,0.0,1.0,1.0
130,96306,298.0,Rv0087,0.0,1.0,1.0
131,97294,123.0,Rv0088,0.0,1.0,1.0
132,97978,74.0,Rv0089,0.0,1.0,1.0
133,98018,87.0,Rv0089,0.0,1.0,1.0
134,99020,181.0,Rv0090,0.0,1.0,1.0
135,99162,228.0,Rv0090,0.0,9.0,9.0
136,100334,217.0,Rv0091,0.0,1.0,1.0
137,100852,90.0,Rv0092,0.0,1.0,1.0
138,101295,238.0,Rv0092,0.0,1.0,1.0
139,101499,306.0,Rv0092,2.0,0.0,2.0
140,102341,587.0,Rv0092,1.0,0.0,1.0
141,102996,223.0,Rv0093c,0.0,1.0,1.0
142,103054,204.0,Rv0093c,1.0,0.0,1.0
143,103086,193.0,Rv0093c,3.0,1.0,4.0
144,103160,168.0,Rv0093c,0.0,1.0,1.0
145,103638,9.0,Rv0093c,0.0,1.0,1.0
146,103721,315.0,Rv0094c,0.0,9.0,9.0
147,103743,307.0,Rv0094c,0.0,2.0,2.0
148,103752,304.0,Rv0094c,14.0,0.0,14.0
149,105019,66.0,Rv0095c,0.0,1.0,1.0
150,105187,10.0,Rv0095c,0.0,1.0,1.0
151,107631,11.0,Rv0098,0.0,1.0,1.0
152,114095,1365.0,Rv0101,1.0,0.0,1.0
153,115932,1978.0,Rv0101,0.0,1.0,1.0
154,117452,2484.0,Rv0101,0.0,1.0,1.0
155,117786,25.0,Rv0102,0.0,1.0,1.0
156,118936,408.0,Rv0102,2.0,0.0,2.0
157,119241,510.0,Rv0102,1.0,0.0,1.0
158,120749,475.0,Rv0103c,0.0,1.0,1.0
159,121429,249.0,Rv0103c,1.0,0.0,1.0
160,122546,77.0,Rv0104,0.0,1.0,1.0
161,124155,37.0,Rv0105c,0.0,1.0,1.0
162,124960,196.0,Rv0106,0.0,1.0,1.0
163,125711,1611.0,Rv0107c,0.0,1.0,1.0
164,129128,472.0,Rv0107c,0.0,2.0,2.0
165,129431,371.0,Rv0107c,1.0,0.0,1.0
166,129806,246.0,Rv0107c,0.0,1.0,1.0
167,130083,153.0,Rv0107c,0.0,1.0,1.0
168,130540,1.0,Rv0107c,0.0,1.0,1.0
169,131645,88.0,Rv0109,1.0,0.0,1.0
170,131682,101.0,Rv0109,0.0,1.0,1.0
171,131819,146.0,Rv0109,0.0,1.0,1.0
172,132736,452.0,Rv0109,0.0,1.0,1.0
173,132799,473.0,Rv0109,0.0,1.0,1.0
174,133333,105.0,Rv0110,0.0,1.0,1.0
175,133664,215.0,Rv0110,0.0,1.0,1.0
176,134102,51.0,Rv0111,1.0,0.0,1.0
177,135086,379.0,Rv0111,0.0,1.0,1.0
178,137646,110.0,Rv0113,0.0,1.0,1.0
179,137853,179.0,Rv0113,0.0,1.0,1.0
180,138554,14.0,Rv0115,0.0,1.0,1.0
181,139155,215.0,Rv0115,1.0,0.0,1.0
182,141208,3.0,Rv0117,0.0,1.0,1.0
183,141743,182.0,Rv0117,0.0,1.0,1.0
184,141771,191.0,Rv0117,1.0,0.0,1.0
185,142083,295.0,Rv0117,4.0,0.0,4.0
186,142627,417.0,Rv0118c,0.0,1.0,1.0
187,143676,67.0,Rv0118c,0.0,1.0,1.0
188,143794,28.0,Rv0118c,1.0,0.0,1.0
189,144878,277.0,Rv0119,0.0,1.0,1.0
190,145650,708.0,Rv0120c,0.0,1.0,1.0
191,146747,342.0,Rv0120c,0.0,1.0,1.0
192,150734,401.0,Rv0124,0.0,1.0,1.0
193,150738,402.0,Rv0124,0.0,1.0,1.0
194,151911,255.0,Rv0125,0.0,1.0,1.0
195,154084,587.0,Rv0126,0.0,1.0,1.0
196,154455,75.0,Rv0127,0.0,1.0,1.0
197,156245,193.0,Rv0128,0.0,1.0,1.0
198,156414,250.0,Rv0128,0.0,2.0,2.0
199,157286,105.0,Rv0129c,0.0,1.0,1.0
200,159726,353.0,Rv0132c,0.0,1.0,1.0
201,160161,208.0,Rv0132c,0.0,1.0,1.0
202,160377,136.0,Rv0132c,1.0,0.0,1.0
203,160423,120.0,Rv0132c,0.0,1.0,1.0
204,162122,118.0,Rv0134,0.0,1.0,1.0
205,162802,150.0,Rv0135c,0.0,1.0,1.0
206,162813,146.0,Rv0135c,0.0,1.0,1.0
207,163545,60.0,Rv0136,0.0,1.0,1.0
208,163677,104.0,Rv0136,0.0,1.0,1.0
209,163875,170.0,Rv0136,0.0,1.0,1.0
210,163983,206.0,Rv0136,0.0,1.0,1.0
211,164761,167.0,Rv0137c,0.0,1.0,1.0
212,165354,11.0,Rv0138,0.0,1.0,1.0
213,165664,114.0,Rv0138,1.0,0.0,1.0
214,165720,133.0,Rv0138,0.0,1.0,1.0
215,166044,73.0,Rv0139,1.0,0.0,1.0
216,166353,176.0,Rv0139,0.0,3.0,3.0
217,166725,300.0,Rv0139,0.0,1.0,1.0
218,167108,67.0,Rv0140,0.0,1.0,1.0
219,168466,252.0,Rv0142,0.0,1.0,1.0
220,168887,432.0,Rv0143c,0.0,1.0,1.0
221,170973,230.0,Rv0144,0.0,1.0,1.0
222,171627,138.0,Rv0145,0.0,1.0,1.0
223,172577,123.0,Rv0146,0.0,1.0,1.0
224,172793,195.0,Rv0146,0.0,1.0,1.0
225,173085,292.0,Rv0146,2.0,0.0,2.0
226,174038,267.0,Rv0147,0.0,1.0,1.0
227,174565,443.0,Rv0147,0.0,1.0,1.0
228,175850,51.0,Rv0149,1.0,0.0,1.0
229,176837,39.0,Rv0150c,0.0,1.0,1.0
230,176851,34.0,Rv0150c,0.0,1.0,1.0
231,176871,28.0,Rv0150c,1.0,0.0,1.0
232,176931,8.0,Rv0150c,0.0,1.0,1.0
233,177832,493.0,Rv0151c,0.0,2.0,2.0
234,177840,490.0,Rv0151c,0.0,1.0,1.0
235,179182,43.0,Rv0151c,0.0,1.0,1.0
236,179773,375.0,Rv0152c,0.0,1.0,1.0
237,179968,310.0,Rv0152c,0.0,1.0,1.0
238,180705,64.0,Rv0152c,0.0,1.0,1.0
239,181471,172.0,Rv0153c,0.0,1.0,1.0
240,182286,305.0,Rv0154c,0.0,1.0,1.0
241,182427,258.0,Rv0154c,0.0,1.0,1.0
242,185574,175.0,Rv0157,1.0,0.0,1.0
243,185796,249.0,Rv0157,0.0,1.0,1.0
244,185905,285.0,Rv0157,2.0,8.0,10.0
245,186541,28.0,Rv0157A,1.0,0.0,1.0
246,187879,321.0,Rv0159c,0.0,1.0,1.0
247,187909,311.0,Rv0159c,0.0,1.0,1.0
248,187933,303.0,Rv0159c,1.0,0.0,1.0
249,188165,225.0,Rv0159c,1.0,0.0,1.0
250,188323,173.0,Rv0159c,0.0,1.0,1.0
251,188370,157.0,Rv0159c,1.0,0.0,1.0
252,188505,112.0,Rv0159c,0.0,1.0,1.0
253,189103,446.0,Rv0160c,0.0,1.0,1.0
254,189404,346.0,Rv0160c,1.0,0.0,1.0
255,189995,149.0,Rv0160c,0.0,1.0,1.0
256,190151,97.0,Rv0160c,0.0,1.0,1.0
257,192837,100.0,Rv0162c,1.0,0.0,1.0
258,192928,70.0,Rv0162c,1.0,0.0,1.0
259,194171,256.0,Rv0165c,0.0,1.0,1.0
260,194722,73.0,Rv0165c,0.0,1.0,1.0
261,195514,174.0,Rv0166,0.0,1.0,1.0
262,196885,9.0,Rv0167,0.0,1.0,1.0
263,198238,193.0,Rv0168,0.0,1.0,1.0
264,198590,19.0,Rv0169,0.0,1.0,1.0
265,198920,129.0,Rv0169,1.0,0.0,1.0
266,199625,364.0,Rv0169,1.0,0.0,1.0
267,201179,83.0,Rv0171,0.0,1.0,1.0
268,201323,131.0,Rv0171,0.0,1.0,1.0
269,201964,345.0,Rv0171,1.0,0.0,1.0
270,202548,25.0,Rv0172,0.0,1.0,1.0
271,203965,497.0,Rv0172,1.0,0.0,1.0
272,205177,371.0,Rv0173,0.0,1.0,1.0
273,205985,252.0,Rv0174,0.0,1.0,1.0
274,206739,503.0,Rv0174,0.0,1.0,1.0
275,207678,76.0,Rv0176,0.0,1.0,1.0
276,211197,352.0,Rv0180c,0.0,1.0,1.0
277,211254,333.0,Rv0180c,0.0,1.0,1.0
278,211275,326.0,Rv0180c,0.0,1.0,1.0
279,211416,279.0,Rv0180c,0.0,1.0,1.0
280,211675,192.0,Rv0180c,0.0,1.0,1.0
281,213503,213.0,Rv0182c,0.0,1.0,1.0
282,215171,68.0,Rv0184,0.0,1.0,1.0
283,215700,244.0,Rv0184,0.0,1.0,1.0
284,216378,37.0,Rv0186,1.0,0.0,1.0
285,216453,62.0,Rv0186,0.0,1.0,1.0
286,218124,619.0,Rv0186,1.0,0.0,1.0
287,218728,8.0,Rv0187,1.0,0.0,1.0
288,219037,111.0,Rv0187,0.0,1.0,1.0
289,219051,116.0,Rv0187,1.0,0.0,1.0
290,219315,204.0,Rv0187,0.0,1.0,1.0
291,219777,98.0,Rv0188,1.0,0.0,1.0
292,219796,104.0,Rv0188,0.0,1.0,1.0
293,223603,14.0,Rv0192,0.0,1.0,1.0
294,224615,351.0,Rv0192,0.0,1.0,1.0
295,225894,226.0,Rv0193c,1.0,0.0,1.0
296,225902,224.0,Rv0193c,0.0,1.0,1.0
297,226110,154.0,Rv0193c,0.0,1.0,1.0
298,227068,64.0,Rv0194,0.0,1.0,1.0
299,227424,183.0,Rv0194,1.0,0.0,1.0
300,227878,334.0,Rv0194,0.0,1.0,1.0
301,229393,839.0,Rv0194,0.0,1.0,1.0
302,230099,1074.0,Rv0194,0.0,1.0,1.0
303,231131,78.0,Rv0195,0.0,1.0,1.0
304,231370,158.0,Rv0195,0.0,1.0,1.0
305,231466,190.0,Rv0195,0.0,1.0,1.0
306,231901,85.0,Rv0196,0.0,1.0,1.0
307,232064,140.0,Rv0196,0.0,1.0,1.0
308,232544,105.0,Rv0197,0.0,15.0,15.0
309,233506,426.0,Rv0197,1.0,0.0,1.0
310,233718,496.0,Rv0197,0.0,2.0,2.0
311,233879,550.0,Rv0197,0.0,1.0,1.0
312,234043,605.0,Rv0197,0.0,1.0,1.0
313,234066,612.0,Rv0197,0.0,1.0,1.0
314,234077,616.0,Rv0197,0.0,1.0,1.0
315,234861,549.0,Rv0198c,0.0,1.0,1.0
316,235279,410.0,Rv0198c,1.0,0.0,1.0
317,235319,397.0,Rv0198c,0.0,1.0,1.0
318,235853,219.0,Rv0198c,0.0,1.0,1.0
319,235931,193.0,Rv0198c,1.0,0.0,1.0
320,236555,2.0,Rv0199,0.0,1.0,1.0
321,238085,104.0,Rv0201c,1.0,0.0,1.0
322,238171,75.0,Rv0201c,0.0,1.0,1.0
323,238723,857.0,Rv0202c,1.0,0.0,1.0
324,238994,767.0,Rv0202c,0.0,2.0,2.0
325,239896,466.0,Rv0202c,0.0,1.0,1.0
326,241244,17.0,Rv0202c,0.0,1.0,1.0
327,242017,400.0,Rv0204c,0.0,1.0,1.0
328,243167,16.0,Rv0204c,1.0,0.0,1.0
329,243870,163.0,Rv0205,0.0,1.0,1.0
330,244025,214.0,Rv0205,0.0,1.0,1.0
331,244063,227.0,Rv0205,0.0,1.0,1.0
332,246260,353.0,Rv0206c,0.0,1.0,1.0
333,247500,205.0,Rv0207c,1.0,0.0,1.0
334,247933,60.0,Rv0207c,0.0,1.0,1.0
335,247984,43.0,Rv0207c,0.0,2.0,2.0
336,248108,2.0,Rv0207c,0.0,2.0,2.0
337,248257,217.0,Rv0208c,0.0,1.0,1.0
338,248475,144.0,Rv0208c,0.0,1.0,1.0
339,248869,13.0,Rv0208c,0.0,1.0,1.0
340,249805,256.0,Rv0209,0.0,1.0,1.0
341,249943,302.0,Rv0209,1.0,0.0,1.0
342,250152,11.0,Rv0210,0.0,1.0,1.0
343,251344,409.0,Rv0210,1.0,0.0,1.0
344,251439,440.0,Rv0210,1.0,0.0,1.0
345,252558,259.0,Rv0211,1.0,0.0,1.0
346,253826,272.0,Rv0212c,0.0,2.0,2.0
347,253878,255.0,Rv0212c,0.0,1.0,1.0
348,255932,7.0,Rv0213c,0.0,1.0,1.0
349,256769,236.0,Rv0214,0.0,1.0,1.0
350,257301,413.0,Rv0214,0.0,2.0,2.0
351,257322,420.0,Rv0214,0.0,1.0,1.0
352,257820,346.0,Rv0215c,0.0,1.0,1.0
353,258535,108.0,Rv0215c,1.0,0.0,1.0
354,260994,24.0,Rv0218,0.0,1.0,1.0
355,261777,285.0,Rv0218,0.0,1.0,1.0
356,261809,296.0,Rv0218,1.0,22.0,23.0
357,262548,99.0,Rv0219,0.0,1.0,1.0
358,263413,201.0,Rv0220,1.0,0.0,1.0
359,265578,24.0,Rv0222,0.0,1.0,1.0
360,265695,63.0,Rv0222,0.0,1.0,1.0
361,267420,115.0,Rv0223c,0.0,2.0,2.0
362,267613,51.0,Rv0223c,1.0,0.0,1.0
363,269920,549.0,Rv0226c,0.0,1.0,1.0
364,271330,79.0,Rv0226c,0.0,4.0,4.0
365,272227,205.0,Rv0227c,1.0,0.0,1.0
366,273653,200.0,Rv0228,1.0,0.0,1.0
367,274200,382.0,Rv0228,0.0,1.0,1.0
368,275006,320.0,Rv0230c,3.0,0.0,3.0
369,275083,294.0,Rv0230c,0.0,1.0,1.0
370,275666,100.0,Rv0230c,1.0,0.0,1.0
371,275861,35.0,Rv0230c,0.0,1.0,1.0
372,276247,64.0,Rv0231,0.0,1.0,1.0
373,276550,165.0,Rv0231,0.0,1.0,1.0
374,276928,291.0,Rv0231,0.0,1.0,1.0
375,277594,513.0,Rv0231,0.0,1.0,1.0
376,277966,23.0,Rv0232,0.0,1.0,1.0
377,278155,86.0,Rv0232,1.0,0.0,1.0
378,278255,119.0,Rv0232,0.0,1.0,1.0
379,278389,164.0,Rv0232,4.0,6.0,10.0
380,278397,167.0,Rv0232,1.0,0.0,1.0
381,278400,168.0,Rv0232,0.0,1.0,1.0
382,278766,61.0,Rv0233,1.0,0.0,1.0
383,279240,219.0,Rv0233,0.0,1.0,1.0
384,279376,264.0,Rv0233,0.0,1.0,1.0
385,279515,311.0,Rv0233,2.0,0.0,2.0
386,280390,251.0,Rv0234c,0.0,1.0,1.0
387,281774,281.0,Rv0235c,1.0,0.0,1.0
388,282155,154.0,Rv0235c,0.0,1.0,1.0
389,282265,117.0,Rv0235c,0.0,1.0,1.0
390,282445,57.0,Rv0235c,0.0,1.0,1.0
391,285147,569.0,Rv0236c,0.0,1.0,1.0
392,285228,542.0,Rv0236c,1.0,0.0,1.0
393,289214,37.0,Rv0239,0.0,1.0,1.0
394,289331,76.0,Rv0239,0.0,1.0,1.0
395,289360,6.0,Rv0240,0.0,1.0,1.0
396,289406,21.0,Rv0240,0.0,13.0,13.0
397,289511,56.0,Rv0240,1.0,0.0,1.0
398,289610,89.0,Rv0240,0.0,1.0,1.0
399,289882,258.0,Rv0241c,0.0,1.0,1.0
400,290748,428.0,Rv0242c,0.0,1.0,1.0
401,291417,205.0,Rv0242c,0.0,1.0,1.0
402,294061,525.0,Rv0244c,1.0,0.0,1.0
403,294256,460.0,Rv0244c,0.0,1.0,1.0
404,294481,385.0,Rv0244c,0.0,1.0,1.0
405,294862,258.0,Rv0244c,1.0,0.0,1.0
406,295234,134.0,Rv0244c,2.0,0.0,2.0
407,295525,37.0,Rv0244c,0.0,3.0,3.0
408,296414,137.0,Rv0245,0.0,1.0,1.0
409,296831,8.0,Rv0246,0.0,1.0,1.0
410,297066,86.0,Rv0246,0.0,1.0,1.0
411,301735,98.0,Rv0250c,0.0,1.0,1.0
412,301846,61.0,Rv0250c,0.0,1.0,1.0
413,301999,10.0,Rv0250c,1.0,0.0,1.0
414,302184,157.0,Rv0251c,1.0,0.0,1.0
415,302310,115.0,Rv0251c,0.0,1.0,1.0
416,302328,109.0,Rv0251c,1.0,0.0,1.0
417,302452,67.0,Rv0251c,1.0,0.0,1.0
418,302477,59.0,Rv0251c,0.0,1.0,1.0
419,302601,18.0,Rv0251c,0.0,1.0,1.0
420,303416,184.0,Rv0252,0.0,1.0,1.0
421,305400,845.0,Rv0252,0.0,1.0,1.0
422,306579,427.0,Rv0255c,0.0,1.0,1.0
423,306602,419.0,Rv0255c,0.0,1.0,1.0
424,307618,81.0,Rv0255c,1.0,0.0,1.0
425,307829,10.0,Rv0255c,0.0,1.0,1.0
426,308260,430.0,Rv0256c,0.0,1.0,1.0
427,308685,288.0,Rv0256c,1.0,0.0,1.0
428,311633,343.0,Rv0260c,1.0,0.0,1.0
429,311669,331.0,Rv0260c,0.0,1.0,1.0
430,312270,130.0,Rv0260c,0.0,1.0,1.0
431,314631,75.0,Rv0262c,0.0,1.0,1.0
432,315032,245.0,Rv0263c,0.0,1.0,1.0
433,315350,139.0,Rv0263c,0.0,2.0,2.0
434,316189,76.0,Rv0264c,0.0,1.0,1.0
435,317564,1197.0,Rv0266c,0.0,5.0,5.0
436,318819,779.0,Rv0266c,1.0,0.0,1.0
437,319558,533.0,Rv0266c,0.0,1.0,1.0
438,319859,432.0,Rv0266c,1.0,0.0,1.0
439,320263,298.0,Rv0266c,0.0,1.0,1.0
440,321789,153.0,Rv0267,1.0,0.0,1.0
441,322070,247.0,Rv0267,0.0,1.0,1.0
442,322312,328.0,Rv0267,0.0,1.0,1.0
443,324495,13.0,Rv0269c,1.0,0.0,1.0
444,325565,333.0,Rv0270,1.0,0.0,1.0
445,326620,614.0,Rv0271c,0.0,1.0,1.0
446,326969,498.0,Rv0271c,0.0,1.0,1.0
447,327006,486.0,Rv0271c,0.0,1.0,1.0
448,327444,340.0,Rv0271c,0.0,1.0,1.0
449,330019,103.0,Rv0273c,0.0,1.0,1.0
450,330117,70.0,Rv0273c,0.0,1.0,1.0
451,330441,7.0,Rv0274,0.0,1.0,1.0
452,331068,197.0,Rv0275c,0.0,1.0,1.0
453,331319,114.0,Rv0275c,1.0,0.0,1.0
454,331850,35.0,Rv0276,2.0,0.0,2.0
455,332835,101.0,Rv0277c,0.0,1.0,1.0
456,333584,909.0,Rv0278c,0.0,3.0,3.0
457,337451,541.0,Rv0279c,0.0,2.0,2.0
458,337504,524.0,Rv0279c,0.0,3.0,3.0
459,337595,493.0,Rv0279c,0.0,1.0,1.0
460,340572,403.0,Rv0280,28.0,0.0,28.0
461,340617,418.0,Rv0280,26.0,22.0,48.0
462,340625,421.0,Rv0280,1.0,0.0,1.0
463,340626,421.0,Rv0280,1.0,0.0,1.0
464,340632,423.0,Rv0280,1.0,0.0,1.0
465,340664,434.0,Rv0280,0.0,1.0,1.0
466,341249,84.0,Rv0281,0.0,1.0,1.0
467,341270,91.0,Rv0281,0.0,1.0,1.0
468,345452,477.0,Rv0283,0.0,1.0,1.0
469,345693,20.0,Rv0284,1.0,0.0,1.0
470,345696,21.0,Rv0284,1.0,0.0,1.0
471,349951,6.0,Rv0286,1.0,0.0,1.0
472,350861,309.0,Rv0286,0.0,1.0,1.0
473,351108,392.0,Rv0286,0.0,1.0,1.0
474,351119,395.0,Rv0286,0.0,1.0,1.0
475,352138,97.0,Rv0288,0.0,1.0,1.0
476,353638,186.0,Rv0290,0.0,1.0,1.0
477,353795,238.0,Rv0290,0.0,1.0,1.0
478,354257,392.0,Rv0290,0.0,1.0,1.0
479,356047,56.0,Rv0292,1.0,0.0,1.0
480,356512,211.0,Rv0292,0.0,1.0,1.0
481,356918,383.0,Rv0293c,1.0,0.0,1.0
482,358663,165.0,Rv0294,1.0,0.0,1.0
483,361411,26.0,Rv0297,0.0,1.0,1.0
484,361740,136.0,Rv0297,0.0,1.0,1.0
485,361755,141.0,Rv0297,0.0,1.0,1.0
486,361782,150.0,Rv0297,0.0,18.0,18.0
487,362061,243.0,Rv0297,0.0,1.0,1.0
488,362143,270.0,Rv0297,0.0,1.0,1.0
489,362234,301.0,Rv0297,0.0,2.0,2.0
490,362239,302.0,Rv0297,0.0,2.0,2.0
491,362241,303.0,Rv0297,0.0,1.0,1.0
492,362280,316.0,Rv0297,0.0,1.0,1.0
493,362451,373.0,Rv0297,0.0,1.0,1.0
494,362452,373.0,Rv0297,0.0,1.0,1.0
495,362458,375.0,Rv0297,0.0,21.0,21.0
496,362466,378.0,Rv0297,0.0,5.0,5.0
497,362474,381.0,Rv0297,0.0,2.0,2.0
498,362485,384.0,Rv0297,0.0,1.0,1.0
499,362494,387.0,Rv0297,0.0,1.0,1.0
500,364326,95.0,Rv0301,0.0,1.0,1.0
501,365435,68.0,Rv0303,0.0,1.0,1.0
502,366560,2069.0,Rv0304c,0.0,1.0,1.0
503,366718,2016.0,Rv0304c,0.0,1.0,1.0
504,366871,1965.0,Rv0304c,0.0,2.0,2.0
505,367174,1864.0,Rv0304c,0.0,1.0,1.0
506,367510,1752.0,Rv0304c,0.0,1.0,1.0
507,367699,1689.0,Rv0304c,0.0,1.0,1.0
508,368074,1564.0,Rv0304c,0.0,1.0,1.0
509,368549,1406.0,Rv0304c,1.0,0.0,1.0
510,369512,1085.0,Rv0304c,1.0,0.0,1.0
511,369727,1013.0,Rv0304c,0.0,1.0,1.0
512,369800,989.0,Rv0304c,0.0,1.0,1.0
513,371116,550.0,Rv0304c,0.0,1.0,1.0
514,371182,528.0,Rv0304c,1.0,0.0,1.0
515,371732,345.0,Rv0304c,0.0,1.0,1.0
516,372056,237.0,Rv0304c,1.0,0.0,1.0
517,372316,150.0,Rv0304c,1.0,0.0,1.0
518,373603,703.0,Rv0305c,0.0,1.0,1.0
519,374078,545.0,Rv0305c,0.0,1.0,1.0
520,374963,250.0,Rv0305c,0.0,1.0,1.0
521,375133,193.0,Rv0305c,0.0,1.0,1.0
522,375294,140.0,Rv0305c,0.0,1.0,1.0
523,376721,112.0,Rv0307c,0.0,2.0,2.0
524,376766,97.0,Rv0307c,0.0,1.0,1.0
525,376842,72.0,Rv0307c,0.0,1.0,1.0
526,378846,101.0,Rv0310c,0.0,1.0,1.0
527,380026,285.0,Rv0311,0.0,1.0,1.0
528,380664,37.0,Rv0312,0.0,1.0,1.0
529,381141,196.0,Rv0312,0.0,1.0,1.0
530,382214,553.0,Rv0312,0.0,1.0,1.0
531,382271,572.0,Rv0312,0.0,1.0,1.0
532,382653,55.0,Rv0313,0.0,1.0,1.0
533,382969,191.0,Rv0314c,0.0,2.0,2.0
534,382977,189.0,Rv0314c,0.0,2.0,2.0
535,382986,186.0,Rv0314c,0.0,1.0,1.0
536,383631,10.0,Rv0315,0.0,1.0,1.0
537,383861,87.0,Rv0315,1.0,0.0,1.0
538,384748,72.0,Rv0316,0.0,1.0,1.0
539,385004,157.0,Rv0316,0.0,1.0,1.0
540,385403,181.0,Rv0317c,0.0,1.0,1.0
541,385586,120.0,Rv0317c,0.0,1.0,1.0
542,386664,146.0,Rv0318c,1.0,0.0,1.0
543,386698,134.0,Rv0318c,0.0,1.0,1.0
544,389908,217.0,Rv0322,1.0,0.0,1.0
545,390172,305.0,Rv0322,1.0,0.0,1.0
546,391012,80.0,Rv0323c,0.0,1.0,1.0
547,391214,13.0,Rv0323c,0.0,1.0,1.0
548,391218,12.0,Rv0323c,0.0,1.0,1.0
549,391725,125.0,Rv0324,0.0,1.0,1.0
550,392576,102.0,Rv0326,0.0,1.0,1.0
551,393165,294.0,Rv0327c,0.0,1.0,1.0
552,393179,289.0,Rv0327c,0.0,1.0,1.0
553,393235,271.0,Rv0327c,0.0,1.0,1.0
554,393256,264.0,Rv0327c,0.0,1.0,1.0
555,393591,152.0,Rv0327c,1.0,0.0,1.0
556,394347,79.0,Rv0328,0.0,1.0,1.0
557,394729,198.0,Rv0329c,0.0,1.0,1.0
558,395109,71.0,Rv0329c,0.0,1.0,1.0
559,395237,28.0,Rv0329c,0.0,1.0,1.0
560,396357,53.0,Rv0331,0.0,1.0,1.0
561,397195,332.0,Rv0331,0.0,1.0,1.0
562,398193,251.0,Rv0332,1.0,0.0,1.0
563,398304,17.0,Rv0333,1.0,0.0,1.0
564,399613,146.0,Rv0335c,0.0,1.0,1.0
565,399701,117.0,Rv0335c,0.0,1.0,1.0
566,399738,105.0,Rv0335c,1.0,0.0,1.0
567,402041,374.0,Rv0337c,0.0,4.0,4.0
568,403250,864.0,Rv0338c,1.0,0.0,1.0
569,403460,794.0,Rv0338c,1.0,0.0,1.0
570,406639,604.0,Rv0339c,0.0,1.0,1.0
571,407427,341.0,Rv0339c,1.0,0.0,1.0
572,409031,133.0,Rv0340,1.0,0.0,1.0
573,409895,178.0,Rv0341,0.0,1.0,1.0
574,410964,43.0,Rv0342,1.0,0.0,1.0
575,411240,135.0,Rv0342,0.0,1.0,1.0
576,412297,487.0,Rv0342,0.0,1.0,1.0
577,412434,533.0,Rv0342,0.0,1.0,1.0
578,412449,538.0,Rv0342,0.0,1.0,1.0
579,412707,624.0,Rv0342,1.0,0.0,1.0
580,412975,73.0,Rv0343,0.0,1.0,1.0
581,413509,251.0,Rv0343,0.0,1.0,1.0
582,414862,27.0,Rv0344c,0.0,1.0,1.0
583,415059,4.0,Rv0345,0.0,1.0,1.0
584,415582,462.0,Rv0346c,1.0,0.0,1.0
585,415947,340.0,Rv0346c,0.0,1.0,1.0
586,416827,47.0,Rv0346c,0.0,2.0,2.0
587,416910,19.0,Rv0346c,1.0,0.0,1.0
588,421770,21.0,Rv0351,0.0,1.0,1.0
589,422180,158.0,Rv0351,0.0,1.0,1.0
590,422402,232.0,Rv0351,0.0,1.0,1.0
591,424442,85.0,Rv0354c,0.0,1.0,1.0
592,424971,3237.0,Rv0355c,0.0,1.0,1.0
593,425210,3157.0,Rv0355c,0.0,1.0,1.0
594,425364,3106.0,Rv0355c,0.0,1.0,1.0
595,425676,3002.0,Rv0355c,0.0,1.0,1.0
596,425981,2900.0,Rv0355c,0.0,1.0,1.0
597,426015,2889.0,Rv0355c,0.0,1.0,1.0
598,426947,2578.0,Rv0355c,0.0,4.0,4.0
599,428558,2041.0,Rv0355c,0.0,2.0,2.0
600,428620,2020.0,Rv0355c,0.0,1.0,1.0
601,429040,1880.0,Rv0355c,0.0,1.0,1.0
602,429633,1683.0,Rv0355c,0.0,1.0,1.0
603,429833,1616.0,Rv0355c,0.0,1.0,1.0
604,429965,1572.0,Rv0355c,0.0,1.0,1.0
605,429995,1562.0,Rv0355c,0.0,1.0,1.0
606,430876,1268.0,Rv0355c,0.0,1.0,1.0
607,431342,1113.0,Rv0355c,0.0,3.0,3.0
608,432162,840.0,Rv0355c,1.0,0.0,1.0
609,432685,665.0,Rv0355c,0.0,1.0,1.0
610,432704,659.0,Rv0355c,0.0,1.0,1.0
611,432734,649.0,Rv0355c,1.0,0.0,1.0
612,433266,472.0,Rv0355c,0.0,1.0,1.0
613,435219,86.0,Rv0356c,0.0,1.0,1.0
614,438499,81.0,Rv0360c,0.0,1.0,1.0
615,438969,50.0,Rv0361,0.0,1.0,1.0
616,438977,52.0,Rv0361,0.0,1.0,1.0
617,440223,118.0,Rv0362,0.0,1.0,1.0
618,440410,180.0,Rv0362,0.0,1.0,1.0
619,440786,306.0,Rv0362,0.0,1.0,1.0
620,441841,153.0,Rv0363c,0.0,2.0,2.0
621,442450,19.0,Rv0364,1.0,0.0,1.0
622,443937,87.0,Rv0365c,0.0,1.0,1.0
623,444580,79.0,Rv0366c,1.0,0.0,1.0
624,445358,390.0,Rv0368c,0.0,1.0,1.0
625,445620,302.0,Rv0368c,0.0,1.0,1.0
626,446670,126.0,Rv0369c,1.0,0.0,1.0
627,446727,107.0,Rv0369c,0.0,1.0,1.0
628,446981,22.0,Rv0369c,1.0,0.0,1.0
629,447965,27.0,Rv0370c,0.0,1.0,1.0
630,449579,742.0,Rv0373c,0.0,2.0,2.0
631,449901,635.0,Rv0373c,0.0,1.0,1.0
632,450035,590.0,Rv0373c,1.0,0.0,1.0
633,450237,523.0,Rv0373c,1.0,0.0,1.0
634,450247,519.0,Rv0373c,1.0,0.0,1.0
635,450716,363.0,Rv0373c,0.0,1.0,1.0
636,453059,32.0,Rv0375c,0.0,1.0,1.0
637,453639,245.0,Rv0376c,0.0,2.0,2.0
638,453984,130.0,Rv0376c,1.0,0.0,1.0
639,454052,107.0,Rv0376c,0.0,1.0,1.0
640,455256,279.0,Rv0377,1.0,0.0,1.0
641,456032,19.0,Rv0379,0.0,1.0,1.0
642,457596,76.0,Rv0381c,0.0,2.0,2.0
643,459661,781.0,Rv0384c,0.0,1.0,1.0
644,464466,352.0,Rv0386,0.0,1.0,1.0
645,464969,520.0,Rv0386,1.0,1.0,2.0
646,465219,603.0,Rv0386,0.0,1.0,1.0
647,465305,632.0,Rv0386,0.0,5.0,5.0
648,465519,703.0,Rv0386,0.0,1.0,1.0
649,466075,889.0,Rv0386,1.0,0.0,1.0
650,466513,1035.0,Rv0386,0.0,1.0,1.0
651,466848,187.0,Rv0387c,0.0,1.0,1.0
652,466857,184.0,Rv0387c,0.0,1.0,1.0
653,466924,161.0,Rv0387c,0.0,1.0,1.0
654,468931,199.0,Rv0389,0.0,1.0,1.0
655,471242,466.0,Rv0392c,0.0,1.0,1.0
656,471400,414.0,Rv0392c,0.0,1.0,1.0
657,471435,402.0,Rv0392c,1.0,0.0,1.0
658,471596,348.0,Rv0392c,0.0,1.0,1.0
659,471650,330.0,Rv0392c,0.0,1.0,1.0
660,472066,192.0,Rv0392c,0.0,1.0,1.0
661,472110,177.0,Rv0392c,0.0,1.0,1.0
662,474237,202.0,Rv0394c,0.0,1.0,1.0
663,475496,49.0,Rv0396,0.0,1.0,1.0
664,476780,181.0,Rv0398c,0.0,1.0,1.0
665,476813,170.0,Rv0398c,0.0,1.0,1.0
666,477696,287.0,Rv0399c,0.0,1.0,1.0
667,477988,190.0,Rv0399c,1.0,0.0,1.0
668,478933,274.0,Rv0400c,0.0,1.0,1.0
669,479960,58.0,Rv0401,0.0,1.0,1.0
670,480098,104.0,Rv0401,1.0,0.0,1.0
671,480735,833.0,Rv0402c,0.0,1.0,1.0
672,481254,660.0,Rv0402c,0.0,1.0,1.0
673,481529,568.0,Rv0402c,0.0,1.0,1.0
674,482597,212.0,Rv0402c,0.0,1.0,1.0
675,483391,89.0,Rv0403c,0.0,1.0,1.0
676,484341,122.0,Rv0404,0.0,1.0,1.0
677,484989,338.0,Rv0404,1.0,0.0,1.0
678,486209,160.0,Rv0405,0.0,1.0,1.0
679,486417,229.0,Rv0405,1.0,0.0,1.0
680,487541,604.0,Rv0405,0.0,1.0,1.0
681,487861,711.0,Rv0405,0.0,1.0,1.0
682,488831,1034.0,Rv0405,0.0,1.0,1.0
683,490661,15.0,Rv0406c,1.0,0.0,1.0
684,491283,167.0,Rv0407,0.0,1.0,1.0
685,491424,214.0,Rv0407,0.0,1.0,1.0
686,496240,359.0,Rv0410c,0.0,1.0,1.0
687,498172,43.0,Rv0411c,4.0,0.0,4.0
688,498649,324.0,Rv0412c,1.0,0.0,1.0
689,499538,28.0,Rv0412c,1.0,0.0,1.0
690,499541,27.0,Rv0412c,3.0,0.0,3.0
691,499760,16.0,Rv0413,0.0,1.0,1.0
692,499973,87.0,Rv0413,0.0,1.0,1.0
693,500303,197.0,Rv0413,0.0,1.0,1.0
694,500513,169.0,Rv0414c,0.0,1.0,1.0
695,504607,371.0,Rv0418,0.0,1.0,1.0
696,507632,44.0,Rv0421c,0.0,1.0,1.0
697,510381,91.0,Rv0424c,1.0,0.0,1.0
698,510936,1462.0,Rv0425c,0.0,1.0,1.0
699,511131,1397.0,Rv0425c,0.0,3.0,3.0
700,511355,1323.0,Rv0425c,0.0,1.0,1.0
701,511826,1166.0,Rv0425c,0.0,2.0,2.0
702,513293,677.0,Rv0425c,0.0,1.0,1.0
703,513544,593.0,Rv0425c,1.0,0.0,1.0
704,513995,443.0,Rv0425c,0.0,1.0,1.0
705,514525,266.0,Rv0425c,0.0,1.0,1.0
706,515018,102.0,Rv0425c,0.0,1.0,1.0
707,516021,291.0,Rv0427c,0.0,1.0,1.0
708,516324,190.0,Rv0427c,5.0,0.0,5.0
709,516830,21.0,Rv0427c,0.0,1.0,1.0
710,517564,80.0,Rv0428c,0.0,1.0,1.0
711,517631,58.0,Rv0428c,0.0,1.0,1.0
712,517810,196.0,Rv0429c,0.0,1.0,1.0
713,519246,58.0,Rv0431,0.0,2.0,2.0
714,519313,81.0,Rv0431,1.0,0.0,1.0
715,519552,160.0,Rv0431,1.0,0.0,1.0
716,520386,21.0,Rv0433,0.0,1.0,1.0
717,521703,64.0,Rv0434,1.0,0.0,1.0
718,523572,321.0,Rv0435c,0.0,1.0,1.0
719,523732,268.0,Rv0435c,0.0,1.0,1.0
720,526404,319.0,Rv0438c,0.0,1.0,1.0
721,526971,130.0,Rv0438c,0.0,4.0,4.0
722,527925,130.0,Rv0439c,1.0,0.0,1.0
723,530015,470.0,Rv0440,1.0,0.0,1.0
724,530555,57.0,Rv0441c,0.0,2.0,2.0
725,530682,15.0,Rv0441c,1.0,0.0,1.0
726,530844,457.0,Rv0442c,0.0,1.0,1.0
727,531158,353.0,Rv0442c,0.0,1.0,1.0
728,531586,210.0,Rv0442c,0.0,2.0,2.0
729,531735,160.0,Rv0442c,0.0,1.0,1.0
730,531799,139.0,Rv0442c,0.0,1.0,1.0
731,532013,68.0,Rv0442c,0.0,1.0,1.0
732,532068,49.0,Rv0442c,0.0,1.0,1.0
733,535065,51.0,Rv0446c,0.0,1.0,1.0
734,535082,45.0,Rv0446c,0.0,2.0,2.0
735,536157,117.0,Rv0447c,0.0,1.0,1.0
736,536218,97.0,Rv0447c,0.0,1.0,1.0
737,538504,15.0,Rv0449c,0.0,1.0,1.0
738,538919,858.0,Rv0450c,1.0,0.0,1.0
739,541200,98.0,Rv0450c,0.0,1.0,1.0
740,541484,3.0,Rv0450c,0.0,1.0,1.0
741,541509,134.0,Rv0451c,1.0,0.0,1.0
742,542502,121.0,Rv0452,0.0,1.0,1.0
743,543236,21.0,Rv0453,2.0,4.0,6.0
744,544469,432.0,Rv0453,0.0,1.0,1.0
745,544675,501.0,Rv0453,0.0,1.0,1.0
746,544725,518.0,Rv0453,1.0,0.0,1.0
747,546400,135.0,Rv0456c,0.0,1.0,1.0
748,548020,530.0,Rv0457c,1.0,0.0,1.0
749,548148,487.0,Rv0457c,0.0,3.0,3.0
750,549328,94.0,Rv0457c,0.0,1.0,1.0
751,549440,56.0,Rv0457c,0.0,1.0,1.0
752,549731,19.0,Rv0458,0.0,1.0,1.0
753,550310,212.0,Rv0458,0.0,1.0,1.0
754,551091,473.0,Rv0458,0.0,1.0,1.0
755,552495,157.0,Rv0461,98.0,4.0,102.0
756,554048,11.0,Rv0463,0.0,1.0,1.0
757,554264,83.0,Rv0463,0.0,1.0,1.0
758,554549,113.0,Rv0464c,0.0,1.0,1.0
759,554917,464.0,Rv0465c,0.0,1.0,1.0
760,555696,204.0,Rv0465c,0.0,1.0,1.0
761,555868,147.0,Rv0465c,0.0,1.0,1.0
762,559386,164.0,Rv0468,0.0,1.0,1.0
763,560065,60.0,Rv0469,1.0,0.0,1.0
764,560540,218.0,Rv0469,0.0,7.0,7.0
765,560952,254.0,Rv0470c,0.0,1.0,1.0
766,560967,249.0,Rv0470c,1.0,0.0,1.0
767,562082,71.0,Rv0470A,1.0,0.0,1.0
768,564481,306.0,Rv0473,0.0,1.0,1.0
769,564765,401.0,Rv0473,0.0,1.0,1.0
770,566322,176.0,Rv0475,0.0,1.0,1.0
771,566335,180.0,Rv0475,0.0,1.0,1.0
772,566340,182.0,Rv0475,1.0,0.0,1.0
773,569098,237.0,Rv0480c,1.0,0.0,1.0
774,570201,104.0,Rv0481c,0.0,1.0,1.0
775,570361,51.0,Rv0481c,0.0,1.0,1.0
776,571945,79.0,Rv0483,0.0,1.0,1.0
777,572111,134.0,Rv0483,1.0,0.0,1.0
778,573133,223.0,Rv0484c,0.0,1.0,1.0
779,573219,195.0,Rv0484c,0.0,1.0,1.0
780,573521,94.0,Rv0484c,1.0,0.0,1.0
781,573797,2.0,Rv0484c,1.0,0.0,1.0
782,576015,223.0,Rv0486,0.0,1.0,1.0
783,576460,371.0,Rv0486,0.0,1.0,1.0
784,576775,476.0,Rv0486,0.0,1.0,1.0
785,577148,121.0,Rv0487,1.0,0.0,1.0
786,579708,120.0,Rv0490,0.0,1.0,1.0
787,580037,230.0,Rv0490,1.0,0.0,1.0
788,581194,129.0,Rv0491,1.0,0.0,1.0
789,581866,505.0,Rv0492c,0.0,1.0,1.0
790,582071,436.0,Rv0492c,0.0,1.0,1.0
791,582123,419.0,Rv0492c,0.0,7.0,7.0
792,582240,380.0,Rv0492c,0.0,2.0,2.0
793,582793,196.0,Rv0492c,1.0,0.0,1.0
794,582968,137.0,Rv0492c,1.0,0.0,1.0
795,583607,33.0,Rv0492A,0.0,1.0,1.0
796,584012,227.0,Rv0493c,0.0,1.0,1.0
797,584174,173.0,Rv0493c,0.0,1.0,1.0
798,585978,113.0,Rv0495c,1.0,5.0,6.0
799,586419,9.0,Rv0496,0.0,1.0,1.0
800,587467,31.0,Rv0497,0.0,2.0,2.0
801,587475,33.0,Rv0497,1.0,0.0,1.0
802,587504,43.0,Rv0497,0.0,1.0,1.0
803,587637,87.0,Rv0497,0.0,1.0,1.0
804,589093,257.0,Rv0498,0.0,1.0,1.0
805,596254,111.0,Rv0505c,0.0,1.0,1.0
806,596766,3.0,Rv0506,0.0,1.0,1.0
807,597110,118.0,Rv0506,1.0,0.0,1.0
808,597328,44.0,Rv0507,0.0,1.0,1.0
809,597735,179.0,Rv0507,1.0,0.0,1.0
810,598233,345.0,Rv0507,0.0,1.0,1.0
811,598262,355.0,Rv0507,1.0,0.0,1.0
812,598337,380.0,Rv0507,0.0,1.0,1.0
813,598543,449.0,Rv0507,0.0,1.0,1.0
814,599568,790.0,Rv0507,0.0,1.0,1.0
815,599828,877.0,Rv0507,1.0,0.0,1.0
816,604508,564.0,Rv0511,0.0,1.0,1.0
817,606123,174.0,Rv0513,0.0,1.0,1.0
818,608069,156.0,Rv0516c,1.0,0.0,1.0
819,608483,18.0,Rv0516c,1.0,0.0,1.0
820,609421,226.0,Rv0517,0.0,1.0,1.0
821,609768,341.0,Rv0517,1.0,0.0,1.0
822,609857,371.0,Rv0517,0.0,1.0,1.0
823,610047,434.0,Rv0517,0.0,1.0,1.0
824,611922,51.0,Rv0519c,1.0,0.0,1.0
825,611976,33.0,Rv0519c,0.0,1.0,1.0
826,612768,57.0,Rv0521,0.0,1.0,1.0
827,613371,112.0,Rv0522,7.0,8.0,15.0
828,613564,176.0,Rv0522,1.0,0.0,1.0
829,614113,359.0,Rv0522,0.0,1.0,1.0
830,619365,354.0,Rv0528,0.0,1.0,1.0
831,620105,72.0,Rv0529,0.0,1.0,1.0
832,621302,132.0,Rv0530,1.0,0.0,1.0
833,622993,67.0,Rv0532,0.0,3.0,3.0
834,623003,71.0,Rv0532,1.0,0.0,1.0
835,623118,109.0,Rv0532,0.0,1.0,1.0
836,625590,284.0,Rv0534c,0.0,1.0,1.0
837,625597,282.0,Rv0534c,0.0,1.0,1.0
838,628520,404.0,Rv0537c,0.0,1.0,1.0
839,629152,194.0,Rv0537c,1.0,0.0,1.0
840,629375,119.0,Rv0537c,1.0,0.0,1.0
841,629610,41.0,Rv0537c,0.0,1.0,1.0
842,629680,18.0,Rv0537c,0.0,1.0,1.0
843,630922,295.0,Rv0538,0.0,3.0,3.0
844,631354,439.0,Rv0538,0.0,1.0,1.0
845,633249,386.0,Rv0541c,2.0,9.0,11.0
846,633815,197.0,Rv0541c,0.0,1.0,1.0
847,634107,100.0,Rv0541c,0.0,1.0,1.0
848,635452,18.0,Rv0542c,0.0,1.0,1.0
849,636156,20.0,Rv0544c,0.0,1.0,1.0
850,637053,137.0,Rv0545c,1.0,0.0,1.0
851,637631,113.0,Rv0546c,1.0,0.0,1.0
852,641230,528.0,Rv0551c,0.0,1.0,1.0
853,641302,504.0,Rv0551c,1.0,0.0,1.0
854,641875,313.0,Rv0551c,0.0,1.0,1.0
855,641915,299.0,Rv0551c,0.0,1.0,1.0
856,641947,289.0,Rv0551c,0.0,1.0,1.0
857,641949,288.0,Rv0551c,0.0,1.0,1.0
858,643031,48.0,Rv0552,1.0,0.0,1.0
859,643582,232.0,Rv0552,0.0,1.0,1.0
860,648431,158.0,Rv0556,0.0,1.0,1.0
861,648668,45.0,Rv0557,0.0,1.0,1.0
862,649103,190.0,Rv0557,0.0,1.0,1.0
863,649142,203.0,Rv0557,1.0,0.0,1.0
864,649219,228.0,Rv0557,0.0,1.0,1.0
865,650554,64.0,Rv0559c,1.0,0.0,1.0
866,650743,1.0,Rv0559c,0.0,1.0,1.0
867,650954,184.0,Rv0560c,0.0,1.0,1.0
868,651215,97.0,Rv0560c,0.0,1.0,1.0
869,652154,201.0,Rv0561c,1.0,0.0,1.0
870,654438,187.0,Rv0563,0.0,1.0,1.0
871,655625,109.0,Rv0564c,0.0,1.0,1.0
872,656241,410.0,Rv0565c,0.0,1.0,1.0
873,656615,286.0,Rv0565c,0.0,1.0,1.0
874,657032,147.0,Rv0565c,1.0,0.0,1.0
875,657196,92.0,Rv0565c,1.0,0.0,1.0
876,657280,64.0,Rv0565c,0.0,1.0,1.0
877,658529,70.0,Rv0567,0.0,1.0,1.0
878,659606,53.0,Rv0568,1.0,0.0,1.0
879,659772,108.0,Rv0568,0.0,1.0,1.0
880,661728,145.0,Rv0570,0.0,1.0,1.0
881,661962,223.0,Rv0570,0.0,1.0,1.0
882,664065,252.0,Rv0571c,1.0,0.0,1.0
883,664213,202.0,Rv0571c,1.0,0.0,1.0
884,665325,20.0,Rv0572c,0.0,1.0,1.0
885,666945,100.0,Rv0573c,0.0,1.0,1.0
886,667449,316.0,Rv0574c,0.0,1.0,1.0
887,667552,281.0,Rv0574c,0.0,1.0,1.0
888,669187,187.0,Rv0575c,1.0,0.0,1.0
889,669537,70.0,Rv0575c,0.0,1.0,1.0
890,669598,50.0,Rv0575c,1.0,0.0,1.0
891,670100,85.0,Rv0576,0.0,1.0,1.0
892,670702,285.0,Rv0576,1.0,0.0,1.0
893,671042,399.0,Rv0576,0.0,1.0,1.0
894,673928,663.0,Rv0578c,0.0,1.0,1.0
895,674040,626.0,Rv0578c,0.0,1.0,1.0
896,674579,446.0,Rv0578c,0.0,1.0,1.0
897,674591,442.0,Rv0578c,0.0,3.0,3.0
898,674688,410.0,Rv0578c,0.0,1.0,1.0
899,674761,386.0,Rv0578c,0.0,2.0,2.0
900,675488,143.0,Rv0578c,0.0,1.0,1.0
901,675496,141.0,Rv0578c,0.0,1.0,1.0
902,675568,117.0,Rv0578c,0.0,1.0,1.0
903,675792,42.0,Rv0578c,0.0,1.0,1.0
904,676825,196.0,Rv0579,0.0,1.0,1.0
905,677837,43.0,Rv0581,0.0,1.0,1.0
906,678265,115.0,Rv0582,0.0,1.0,1.0
907,678881,65.0,Rv0583c,1.0,0.0,1.0
908,678952,42.0,Rv0583c,0.0,1.0,1.0
909,680550,441.0,Rv0584,0.0,5.0,5.0
910,680555,443.0,Rv0584,1.0,0.0,1.0
911,680819,531.0,Rv0584,0.0,2.0,2.0
912,680825,533.0,Rv0584,0.0,1.0,1.0
913,681847,873.0,Rv0584,0.0,1.0,1.0
914,682637,546.0,Rv0585c,1.0,0.0,1.0
915,682897,459.0,Rv0585c,1.0,0.0,1.0
916,684078,65.0,Rv0585c,0.0,1.0,1.0
917,684158,39.0,Rv0585c,0.0,1.0,1.0
918,684891,161.0,Rv0586,0.0,1.0,1.0
919,685385,86.0,Rv0587,0.0,1.0,1.0
920,686637,237.0,Rv0588,1.0,0.0,1.0
921,687929,370.0,Rv0589,0.0,1.0,1.0
922,688219,63.0,Rv0590,0.0,4.0,4.0
923,688966,53.0,Rv0590A,1.0,0.0,1.0
924,689828,257.0,Rv0591,0.0,1.0,1.0
925,691432,311.0,Rv0592,0.0,1.0,1.0
926,691887,463.0,Rv0592,18.0,0.0,18.0
927,692556,178.0,Rv0593,0.0,1.0,1.0
928,692600,193.0,Rv0593,0.0,1.0,1.0
929,693093,357.0,Rv0593,0.0,1.0,1.0
930,694276,347.0,Rv0594,0.0,1.0,1.0
931,695721,395.0,Rv0597c,0.0,1.0,1.0
932,695862,348.0,Rv0597c,1.0,0.0,1.0
933,697948,155.0,Rv0600c,0.0,1.0,1.0
934,698062,117.0,Rv0600c,0.0,1.0,1.0
935,698885,37.0,Rv0601c,0.0,1.0,1.0
936,699242,186.0,Rv0602c,0.0,1.0,1.0
937,699276,175.0,Rv0602c,0.0,1.0,1.0
938,699885,10.0,Rv0603,0.0,1.0,1.0
939,700253,5.0,Rv0604,1.0,0.0,1.0
940,700500,88.0,Rv0604,1.0,0.0,1.0
941,701040,268.0,Rv0604,0.0,1.0,1.0
942,701761,119.0,Rv0605,0.0,1.0,1.0
943,703260,6.0,Rv0608,0.0,1.0,1.0
944,706274,24.0,Rv0611c,0.0,1.0,1.0
945,706724,134.0,Rv0612,1.0,0.0,1.0
946,706862,180.0,Rv0612,1.0,0.0,1.0
947,707088,810.0,Rv0613c,0.0,1.0,1.0
948,707292,742.0,Rv0613c,0.0,1.0,1.0
949,708053,488.0,Rv0613c,0.0,1.0,1.0
950,708320,399.0,Rv0613c,0.0,1.0,1.0
951,709147,123.0,Rv0613c,1.0,0.0,1.0
952,709193,108.0,Rv0613c,1.0,0.0,1.0
953,709226,97.0,Rv0613c,0.0,1.0,1.0
954,709639,95.0,Rv0614,0.0,1.0,1.0
955,710153,266.0,Rv0614,1.0,0.0,1.0
956,710553,70.0,Rv0615,0.0,1.0,1.0
957,710717,45.0,Rv0616c,0.0,1.0,1.0
958,711998,155.0,Rv0618,0.0,1.0,1.0
959,712135,200.0,Rv0618,0.0,1.0,1.0
960,712931,72.0,Rv0620,0.0,2.0,2.0
961,713283,190.0,Rv0620,0.0,1.0,1.0
962,714345,48.0,Rv0621,0.0,1.0,1.0
963,714607,136.0,Rv0621,0.0,1.0,1.0
964,715384,5.0,Rv0622,0.0,1.0,1.0
965,715609,80.0,Rv0622,0.0,2.0,2.0
966,716543,45.0,Rv0623,0.0,1.0,1.0
967,716988,109.0,Rv0624,0.0,1.0,1.0
968,717187,236.0,Rv0625c,0.0,1.0,1.0
969,717413,161.0,Rv0625c,0.0,1.0,1.0
970,717571,108.0,Rv0625c,0.0,1.0,1.0
971,717708,62.0,Rv0625c,1.0,0.0,1.0
972,717886,3.0,Rv0625c,0.0,1.0,1.0
973,718136,38.0,Rv0626,0.0,1.0,1.0
974,718895,340.0,Rv0628c,0.0,1.0,1.0
975,718975,313.0,Rv0628c,0.0,1.0,1.0
976,719138,259.0,Rv0628c,0.0,1.0,1.0
977,720319,472.0,Rv0629c,0.0,1.0,1.0
978,721527,69.0,Rv0629c,0.0,1.0,1.0
979,722323,897.0,Rv0630c,0.0,11.0,11.0
980,723329,562.0,Rv0630c,0.0,1.0,1.0
981,724497,173.0,Rv0630c,0.0,1.0,1.0
982,724962,18.0,Rv0630c,0.0,1.0,1.0
983,725573,912.0,Rv0631c,0.0,1.0,1.0
984,729515,218.0,Rv0633c,0.0,1.0,1.0
985,729516,217.0,Rv0633c,0.0,1.0,1.0
986,729670,166.0,Rv0633c,0.0,1.0,1.0
987,730077,30.0,Rv0633c,0.0,5.0,5.0
988,733901,55.0,Rv0638,1.0,0.0,1.0
989,734463,70.0,Rv0639,1.0,0.0,1.0
990,734482,77.0,Rv0639,0.0,2.0,2.0
991,735519,1.0,Rv0641,0.0,1.0,1.0
992,735542,9.0,Rv0641,0.0,1.0,1.0
993,735794,93.0,Rv0641,0.0,1.0,1.0
994,736212,232.0,Rv0641,0.0,1.0,1.0
995,737495,219.0,Rv0643c,0.0,3.0,3.0
996,737725,142.0,Rv0643c,1.0,0.0,1.0
997,744177,487.0,Rv0648,0.0,1.0,1.0
998,744497,593.0,Rv0648,0.0,1.0,1.0
999,745060,781.0,Rv0648,1.0,0.0,1.0
1000,745501,928.0,Rv0648,0.0,1.0,1.0
1001,745603,962.0,Rv0648,0.0,1.0,1.0
1002,746463,34.0,Rv0649,0.0,5.0,5.0
1003,746627,89.0,Rv0649,0.0,1.0,1.0
1004,747779,248.0,Rv0650,0.0,1.0,1.0
1005,748301,9.0,Rv0651,0.0,1.0,1.0
1006,748330,19.0,Rv0651,1.0,0.0,1.0
1007,748965,39.0,Rv0652,0.0,1.0,1.0
1008,748973,42.0,Rv0652,0.0,3.0,3.0
1009,749455,159.0,Rv0653c,0.0,1.0,1.0
1010,753323,15.0,Rv0656c,1.0,0.0,1.0
1011,753333,12.0,Rv0656c,0.0,1.0,1.0
1012,753823,196.0,Rv0658c,7.0,1.0,8.0
1013,754757,79.0,Rv0659c,1.0,0.0,1.0
1014,757861,575.0,Rv0663,0.0,1.0,1.0
1015,758573,14.0,Rv0664,0.0,2.0,2.0
1016,758633,34.0,Rv0664,1.0,0.0,1.0
1017,759078,93.0,Rv0665,0.0,1.0,1.0
1018,759103,101.0,Rv0665,0.0,1.0,1.0
1019,760095,97.0,Rv0667,1.0,0.0,1.0
1020,761077,424.0,Rv0667,0.0,1.0,1.0
1021,761080,425.0,Rv0667,0.0,1.0,1.0
1022,761082,426.0,Rv0667,0.0,2.0,2.0
1023,761085,427.0,Rv0667,0.0,1.0,1.0
1024,761087,427.0,Rv0667,0.0,4.0,4.0
1025,761095,430.0,Rv0667,1.0,0.0,1.0
1026,761097,431.0,Rv0667,2.0,0.0,2.0
1027,761098,431.0,Rv0667,3.0,2.0,5.0
1028,761099,431.0,Rv0667,0.0,1.0,1.0
1029,761100,432.0,Rv0667,0.0,9.0,9.0
1030,761102,432.0,Rv0667,10.0,0.0,10.0
1031,761104,433.0,Rv0667,0.0,3.0,3.0
1032,761105,433.0,Rv0667,0.0,1.0,1.0
1033,761106,434.0,Rv0667,1.0,0.0,1.0
1034,761107,434.0,Rv0667,0.0,1.0,1.0
1035,761108,434.0,Rv0667,0.0,1.0,1.0
1036,761109,435.0,Rv0667,0.0,1.0,1.0
1037,761111,435.0,Rv0667,0.0,3.0,3.0
1038,761114,436.0,Rv0667,0.0,6.0,6.0
1039,761134,443.0,Rv0667,1.0,0.0,1.0
1040,761139,445.0,Rv0667,0.0,1.0,1.0
1041,761150,448.0,Rv0667,0.0,1.0,1.0
1042,761167,454.0,Rv0667,0.0,1.0,1.0
1043,761315,503.0,Rv0667,2.0,0.0,2.0
1044,761362,519.0,Rv0667,0.0,1.0,1.0
1045,761454,550.0,Rv0667,1.0,0.0,1.0
1046,764361,331.0,Rv0668,1.0,0.0,1.0
1047,764846,493.0,Rv0668,1.0,0.0,1.0
1048,766034,889.0,Rv0668,2.0,0.0,2.0
1049,766334,989.0,Rv0668,1.0,0.0,1.0
1050,766492,1041.0,Rv0668,1.0,0.0,1.0
1051,766620,1084.0,Rv0668,0.0,1.0,1.0
1052,766744,1125.0,Rv0668,1.0,0.0,1.0
1053,769472,42.0,Rv0669c,1.0,0.0,1.0
1054,770229,146.0,Rv0670,0.0,1.0,1.0
1055,770350,187.0,Rv0670,0.0,1.0,1.0
1056,771488,2.0,Rv0672,0.0,1.0,1.0
1057,772685,401.0,Rv0672,0.0,1.0,1.0
1058,773568,149.0,Rv0673,0.0,1.0,1.0
1059,773695,191.0,Rv0673,0.0,1.0,1.0
1060,773887,255.0,Rv0673,0.0,1.0,1.0
1061,773961,280.0,Rv0673,0.0,1.0,1.0
1062,774542,160.0,Rv0674,0.0,1.0,1.0
1063,775716,922.0,Rv0676c,0.0,1.0,1.0
1064,776057,808.0,Rv0676c,0.0,1.0,1.0
1065,776550,644.0,Rv0676c,0.0,1.0,1.0
1066,777025,486.0,Rv0676c,1.0,0.0,1.0
1067,777431,350.0,Rv0676c,0.0,1.0,1.0
1068,777618,288.0,Rv0676c,0.0,1.0,1.0
1069,778997,3.0,Rv0678,0.0,1.0,1.0
1070,779006,6.0,Rv0678,1.0,0.0,1.0
1071,779128,47.0,Rv0678,1.0,0.0,1.0
1072,779969,24.0,Rv0679c,0.0,1.0,1.0
1073,781977,15.0,Rv0683,0.0,1.0,1.0
1074,782208,92.0,Rv0683,1.0,0.0,1.0
1075,788410,157.0,Rv0688,0.0,1.0,1.0
1076,790353,241.0,Rv0690c,0.0,1.0,1.0
1077,791065,3.0,Rv0690c,1.0,0.0,1.0
1078,791086,194.0,Rv0691c,0.0,1.0,1.0
1079,791369,100.0,Rv0691c,1.0,0.0,1.0
1080,793879,182.0,Rv0694,1.0,0.0,1.0
1081,795033,107.0,Rv0695,0.0,1.0,1.0
1082,798149,406.0,Rv0697,0.0,1.0,1.0
1083,799814,62.0,Rv0699,0.0,1.0,1.0
1084,800853,15.0,Rv0701,1.0,0.0,1.0
1085,802647,40.0,Rv0704,0.0,1.0,1.0
1086,806548,72.0,Rv0711,0.0,1.0,1.0
1087,806861,176.0,Rv0711,0.0,2.0,2.0
1088,807224,297.0,Rv0711,1.0,0.0,1.0
1089,808094,587.0,Rv0711,0.0,1.0,1.0
1090,809082,113.0,Rv0712,0.0,1.0,1.0
1091,809261,172.0,Rv0712,1.0,0.0,1.0
1092,810097,51.0,Rv0713,0.0,1.0,1.0
1093,810846,301.0,Rv0713,1.0,0.0,1.0
1094,812508,150.0,Rv0716,0.0,1.0,1.0
1095,813573,59.0,Rv0719,2.0,0.0,2.0
1096,814415,30.0,Rv0721,0.0,1.0,1.0
1097,816027,122.0,Rv0724,0.0,2.0,2.0
1098,820117,128.0,Rv0727c,1.0,0.0,1.0
1099,820905,191.0,Rv0728c,0.0,1.0,1.0
1100,824345,99.0,Rv0731c,1.0,0.0,1.0
1101,826726,19.0,Rv0734,0.0,1.0,1.0
1102,827991,150.0,Rv0735,1.0,0.0,1.0
1103,828689,184.0,Rv0736,0.0,1.0,1.0
1104,831300,149.0,Rv0739,0.0,1.0,1.0
1105,831362,170.0,Rv0739,0.0,1.0,1.0
1106,833067,29.0,Rv0742,0.0,2.0,2.0
1107,834175,90.0,Rv0743c,0.0,1.0,1.0
1108,835266,38.0,Rv0745,1.0,0.0,1.0
1109,835802,34.0,Rv0746,0.0,1.0,1.0
1110,835903,68.0,Rv0746,0.0,3.0,3.0
1111,836097,133.0,Rv0746,0.0,1.0,1.0
1112,838485,12.0,Rv0747,0.0,7.0,7.0
1113,838537,29.0,Rv0747,0.0,1.0,1.0
1114,838587,46.0,Rv0747,1.0,0.0,1.0
1115,840720,757.0,Rv0747,0.0,12.0,12.0
1116,840794,782.0,Rv0747,0.0,2.0,2.0
1117,841104,53.0,Rv0748,0.0,1.0,1.0
1118,841431,68.0,Rv0749,0.0,1.0,1.0
1119,841491,88.0,Rv0749,0.0,1.0,1.0
1120,842848,128.0,Rv0751c,0.0,1.0,1.0
1121,843811,202.0,Rv0752c,0.0,1.0,1.0
1122,844691,421.0,Rv0753c,0.0,1.0,1.0
1123,845549,135.0,Rv0753c,0.0,1.0,1.0
1124,846274,39.0,Rv0754,0.0,5.0,5.0
1125,846346,63.0,Rv0754,0.0,16.0,16.0
1126,846367,70.0,Rv0754,1.0,0.0,1.0
1127,846631,158.0,Rv0754,0.0,1.0,1.0
1128,846774,206.0,Rv0754,0.0,1.0,1.0
1129,846785,209.0,Rv0754,0.0,1.0,1.0
1130,847004,282.0,Rv0754,0.0,1.0,1.0
1131,847156,333.0,Rv0754,0.0,1.0,1.0
1132,847704,516.0,Rv0754,0.0,1.0,1.0
1133,848481,520.0,Rv0755c,0.0,1.0,1.0
1134,849003,346.0,Rv0755c,1.0,0.0,1.0
1135,849717,108.0,Rv0755c,0.0,1.0,1.0
1136,849754,96.0,Rv0755c,0.0,1.0,1.0
1137,849952,30.0,Rv0755c,0.0,3.0,3.0
1138,850874,198.0,Rv0756c,0.0,1.0,1.0
1139,851220,83.0,Rv0756c,0.0,1.0,1.0
1140,851242,75.0,Rv0756c,0.0,1.0,1.0
1141,851685,26.0,Rv0757,1.0,0.0,1.0
1142,852425,10.0,Rv0758,1.0,0.0,1.0
1143,852719,108.0,Rv0758,1.0,0.0,1.0
1144,853305,304.0,Rv0758,1.0,0.0,1.0
1145,853427,344.0,Rv0758,1.0,0.0,1.0
1146,853670,425.0,Rv0758,0.0,1.0,1.0
1147,856350,41.0,Rv0762c,0.0,1.0,1.0
1148,856750,430.0,Rv0764c,0.0,1.0,1.0
1149,857166,291.0,Rv0764c,0.0,1.0,1.0
1150,857663,125.0,Rv0764c,0.0,1.0,1.0
1151,858019,7.0,Rv0764c,1.0,0.0,1.0
1152,858182,228.0,Rv0765c,0.0,1.0,1.0
1153,858824,14.0,Rv0765c,0.0,1.0,1.0
1154,859073,334.0,Rv0766c,1.0,0.0,1.0
1155,859270,268.0,Rv0766c,0.0,1.0,1.0
1156,859319,252.0,Rv0766c,1.0,0.0,1.0
1157,859566,169.0,Rv0766c,1.0,0.0,1.0
1158,861346,145.0,Rv0768,1.0,0.0,1.0
1159,861721,270.0,Rv0768,0.0,1.0,1.0
1160,861868,319.0,Rv0768,0.0,1.0,1.0
1161,862186,425.0,Rv0768,1.0,0.0,1.0
1162,862336,475.0,Rv0768,0.0,1.0,1.0
1163,863158,249.0,Rv0769,0.0,1.0,1.0
1164,863496,81.0,Rv0770,4.0,0.0,4.0
1165,863816,187.0,Rv0770,0.0,17.0,17.0
1166,863893,213.0,Rv0770,0.0,1.0,1.0
1167,864196,19.0,Rv0771,0.0,1.0,1.0
1168,864553,138.0,Rv0771,1.0,0.0,1.0
1169,865964,476.0,Rv0773c,0.0,1.0,1.0
1170,868160,64.0,Rv0774c,2.0,0.0,2.0
1171,868180,58.0,Rv0774c,0.0,1.0,1.0
1172,868213,47.0,Rv0774c,0.0,1.0,1.0
1173,868327,9.0,Rv0774c,1.0,0.0,1.0
1174,869075,230.0,Rv0776c,0.0,1.0,1.0
1175,872778,172.0,Rv0779c,0.0,1.0,1.0
1176,873043,84.0,Rv0779c,0.0,1.0,1.0
1177,873147,49.0,Rv0779c,1.0,0.0,1.0
1178,877222,407.0,Rv0783c,2.0,5.0,7.0
1179,877761,227.0,Rv0783c,0.0,1.0,1.0
1180,878382,20.0,Rv0783c,0.0,1.0,1.0
1181,878819,61.0,Rv0784,0.0,1.0,1.0
1182,879173,179.0,Rv0784,0.0,1.0,1.0
1183,879221,195.0,Rv0784,1.0,0.0,1.0
1184,879597,86.0,Rv0785,0.0,1.0,1.0
1185,879759,140.0,Rv0785,0.0,1.0,1.0
1186,880285,316.0,Rv0785,0.0,1.0,1.0
1187,880540,401.0,Rv0785,0.0,1.0,1.0
1188,880559,407.0,Rv0785,0.0,1.0,1.0
1189,881087,126.0,Rv0786c,0.0,1.0,1.0
1190,882262,268.0,Rv0787,1.0,0.0,1.0
1191,882890,44.0,Rv0788,1.0,0.0,1.0
1192,883823,76.0,Rv0789c,0.0,1.0,1.0
1193,884399,134.0,Rv0790c,0.0,1.0,1.0
1194,884647,52.0,Rv0790c,1.0,1.0,2.0
1195,885382,153.0,Rv0791c,0.0,1.0,1.0
1196,888159,160.0,Rv0794c,0.0,1.0,1.0
1197,888559,26.0,Rv0794c,0.0,1.0,1.0
1198,892576,233.0,Rv0799c,0.0,2.0,2.0
1199,898274,65.0,Rv0804,0.0,3.0,3.0
1200,898289,70.0,Rv0804,0.0,4.0,4.0
1201,899824,503.0,Rv0806c,1.0,0.0,1.0
1202,901806,58.0,Rv0807,0.0,1.0,1.0
1203,903133,341.0,Rv0808,1.0,0.0,1.0
1204,905600,247.0,Rv0811c,0.0,1.0,1.0
1205,905978,121.0,Rv0811c,1.0,0.0,1.0
1206,907817,68.0,Rv0813c,0.0,1.0,1.0
1207,909689,115.0,Rv0816c,0.0,1.0,1.0
1208,909907,43.0,Rv0816c,1.0,0.0,1.0
1209,915941,124.0,Rv0822c,1.0,0.0,1.0
1210,916685,321.0,Rv0823c,0.0,6.0,6.0
1211,916718,310.0,Rv0823c,0.0,1.0,1.0
1212,917130,173.0,Rv0823c,0.0,1.0,1.0
1213,917181,156.0,Rv0823c,0.0,1.0,1.0
1214,919325,77.0,Rv0825c,0.0,1.0,1.0
1215,919378,59.0,Rv0825c,1.0,0.0,1.0
1216,921831,86.0,Rv0829,0.0,1.0,1.0
1217,921981,4.0,Rv0830,0.0,1.0,1.0
1218,922405,146.0,Rv0830,2.0,0.0,2.0
1219,923220,164.0,Rv0831c,0.0,1.0,1.0
1220,925069,40.0,Rv0832,0.0,1.0,1.0
1221,927901,862.0,Rv0834c,0.0,2.0,2.0
1222,927910,859.0,Rv0834c,1.0,20.0,21.0
1223,927921,855.0,Rv0834c,0.0,9.0,9.0
1224,927983,835.0,Rv0834c,0.0,2.0,2.0
1225,928158,776.0,Rv0834c,0.0,113.0,113.0
1226,928177,770.0,Rv0834c,0.0,1.0,1.0
1227,928209,759.0,Rv0834c,1.0,0.0,1.0
1228,928219,756.0,Rv0834c,0.0,1.0,1.0
1229,928232,752.0,Rv0834c,10.0,3.0,13.0
1230,928427,687.0,Rv0834c,0.0,1.0,1.0
1231,928510,659.0,Rv0834c,0.0,1.0,1.0
1232,928660,609.0,Rv0834c,0.0,1.0,1.0
1233,929995,164.0,Rv0834c,0.0,12.0,12.0
1234,930101,129.0,Rv0834c,2.0,2.0,4.0
1235,931101,50.0,Rv0835,0.0,1.0,1.0
1236,931471,173.0,Rv0835,0.0,1.0,1.0
1237,931565,205.0,Rv0835,0.0,1.0,1.0
1238,932288,215.0,Rv0836c,0.0,1.0,1.0
1239,933333,233.0,Rv0837c,0.0,1.0,1.0
1240,933455,193.0,Rv0837c,0.0,1.0,1.0
1241,933733,100.0,Rv0837c,0.0,1.0,1.0
1242,933883,50.0,Rv0837c,1.0,0.0,1.0
1243,935438,240.0,Rv0838,14.0,0.0,14.0
1244,936269,231.0,Rv0839,0.0,1.0,1.0
1245,936356,260.0,Rv0839,0.0,1.0,1.0
1246,936620,233.0,Rv0840c,0.0,5.0,5.0
1247,937716,42.0,Rv0841,1.0,0.0,1.0
1248,938241,44.0,Rv0842,0.0,1.0,1.0
1249,938279,56.0,Rv0842,0.0,1.0,1.0
1250,938307,66.0,Rv0842,1.0,0.0,1.0
1251,938443,111.0,Rv0842,0.0,1.0,1.0
1252,939046,312.0,Rv0842,0.0,1.0,1.0
1253,939589,68.0,Rv0843,0.0,1.0,1.0
1254,939922,179.0,Rv0843,0.0,1.0,1.0
1255,940231,282.0,Rv0843,0.0,1.0,1.0
1256,940571,179.0,Rv0844c,0.0,1.0,1.0
1257,940646,154.0,Rv0844c,0.0,1.0,1.0
1258,940928,60.0,Rv0844c,0.0,2.0,2.0
1259,941471,94.0,Rv0845,0.0,1.0,1.0
1260,941477,96.0,Rv0845,1.0,0.0,1.0
1261,941560,124.0,Rv0845,0.0,2.0,2.0
1262,941967,260.0,Rv0845,0.0,1.0,1.0
1263,942284,365.0,Rv0845,0.0,1.0,1.0
1264,942775,474.0,Rv0846c,0.0,1.0,1.0
1265,943485,237.0,Rv0846c,1.0,0.0,1.0
1266,944147,16.0,Rv0846c,0.0,1.0,1.0
1267,945251,105.0,Rv0848,1.0,0.0,1.0
1268,945419,161.0,Rv0848,1.0,0.0,1.0
1269,945752,272.0,Rv0848,1.0,0.0,1.0
1270,945856,307.0,Rv0848,1.0,0.0,1.0
1271,947035,327.0,Rv0849,0.0,1.0,1.0
1272,947123,356.0,Rv0849,0.0,1.0,1.0
1273,949216,220.0,Rv0852,0.0,1.0,1.0
1274,949295,246.0,Rv0852,0.0,5.0,5.0
1275,949677,481.0,Rv0853c,0.0,1.0,1.0
1276,950856,88.0,Rv0853c,1.0,0.0,1.0
1277,951508,109.0,Rv0854,0.0,1.0,1.0
1278,951935,102.0,Rv0855,0.0,1.0,1.0
1279,953045,74.0,Rv0856,0.0,1.0,1.0
1280,953169,115.0,Rv0856,0.0,1.0,1.0
1281,953535,93.0,Rv0857,0.0,1.0,1.0
1282,953575,107.0,Rv0857,1.0,0.0,1.0
1283,953620,122.0,Rv0857,1.0,0.0,1.0
1284,954204,239.0,Rv0858c,0.0,1.0,1.0
1285,954225,232.0,Rv0858c,1.0,0.0,1.0
1286,955936,287.0,Rv0859,0.0,1.0,1.0
1287,956246,390.0,Rv0859,0.0,1.0,1.0
1288,962222,131.0,Rv0862c,0.0,1.0,1.0
1289,962567,16.0,Rv0862c,0.0,1.0,1.0
1290,963217,110.0,Rv0864,0.0,1.0,1.0
1291,963981,38.0,Rv0866,0.0,1.0,1.0
1292,964471,355.0,Rv0867c,1.0,0.0,1.0
1293,964558,326.0,Rv0867c,0.0,1.0,1.0
1294,964597,313.0,Rv0867c,0.0,2.0,2.0
1295,965148,130.0,Rv0867c,1.0,0.0,1.0
1296,966585,255.0,Rv0869c,0.0,1.0,1.0
1297,967391,115.0,Rv0870c,0.0,1.0,1.0
1298,967599,45.0,Rv0870c,2.0,0.0,2.0
1299,968426,607.0,Rv0872c,1332.0,0.0,1332.0
1300,968430,605.0,Rv0872c,1.0,0.0,1.0
1301,968439,602.0,Rv0872c,1.0,0.0,1.0
1302,968532,571.0,Rv0872c,0.0,1.0,1.0
1303,968609,546.0,Rv0872c,0.0,1.0,1.0
1304,968617,543.0,Rv0872c,0.0,2.0,2.0
1305,968630,539.0,Rv0872c,0.0,8.0,8.0
1306,968654,531.0,Rv0872c,0.0,2.0,2.0
1307,968709,512.0,Rv0872c,0.0,2.0,2.0
1308,968721,508.0,Rv0872c,0.0,1.0,1.0
1309,968741,502.0,Rv0872c,0.0,1.0,1.0
1310,968922,441.0,Rv0872c,0.0,1.0,1.0
1311,968965,427.0,Rv0872c,5.0,103.0,108.0
1312,968986,420.0,Rv0872c,0.0,1.0,1.0
1313,968992,418.0,Rv0872c,0.0,1.0,1.0
1314,969087,386.0,Rv0872c,0.0,1.0,1.0
1315,969119,376.0,Rv0872c,0.0,2.0,2.0
1316,969124,374.0,Rv0872c,0.0,2.0,2.0
1317,969125,374.0,Rv0872c,1.0,0.0,1.0
1318,969297,316.0,Rv0872c,0.0,2.0,2.0
1319,969461,262.0,Rv0872c,1.0,0.0,1.0
1320,969532,238.0,Rv0872c,0.0,1.0,1.0
1321,969771,158.0,Rv0872c,0.0,1.0,1.0
1322,969797,150.0,Rv0872c,0.0,2.0,2.0
1323,970656,51.0,Rv0873,0.0,1.0,1.0
1324,970792,96.0,Rv0873,0.0,1.0,1.0
1325,971418,305.0,Rv0873,1.0,0.0,1.0
1326,971786,428.0,Rv0873,0.0,1.0,1.0
1327,972740,323.0,Rv0874c,1.0,0.0,1.0
1328,973330,126.0,Rv0874c,0.0,1.0,1.0
1329,976895,437.0,Rv0878c,0.0,14.0,14.0
1330,976896,436.0,Rv0878c,1.0,57.0,58.0
1331,976897,436.0,Rv0878c,197.0,0.0,197.0
1332,977150,352.0,Rv0878c,0.0,1.0,1.0
1333,977295,303.0,Rv0878c,0.0,1.0,1.0
1334,977540,222.0,Rv0878c,0.0,1.0,1.0
1335,977545,220.0,Rv0878c,0.0,1.0,1.0
1336,978118,29.0,Rv0878c,0.0,2.0,2.0
1337,979385,8.0,Rv0881,0.0,1.0,1.0
1338,980054,231.0,Rv0881,0.0,1.0,1.0
1339,982979,73.0,Rv0885,0.0,1.0,1.0
1340,984117,105.0,Rv0886,0.0,1.0,1.0
1341,985155,451.0,Rv0886,0.0,1.0,1.0
1342,985710,88.0,Rv0887c,0.0,1.0,1.0
1343,985763,70.0,Rv0887c,1.0,0.0,1.0
1344,987281,17.0,Rv0888,0.0,1.0,1.0
1345,987585,118.0,Rv0888,22.0,0.0,22.0
1346,987663,144.0,Rv0888,0.0,1.0,1.0
1347,987722,164.0,Rv0888,0.0,1.0,1.0
1348,988272,347.0,Rv0888,0.0,1.0,1.0
1349,988402,390.0,Rv0888,0.0,1.0,1.0
1350,988536,435.0,Rv0888,1.0,0.0,1.0
1351,988581,450.0,Rv0888,1.0,0.0,1.0
1352,989338,175.0,Rv0889c,1.0,0.0,1.0
1353,989764,33.0,Rv0889c,0.0,1.0,1.0
1354,990379,740.0,Rv0890c,1.0,0.0,1.0
1355,990769,610.0,Rv0890c,0.0,1.0,1.0
1356,990772,609.0,Rv0890c,1.0,0.0,1.0
1357,991551,349.0,Rv0890c,0.0,1.0,1.0
1358,992105,164.0,Rv0890c,0.0,1.0,1.0
1359,992752,235.0,Rv0891c,0.0,1.0,1.0
1360,994180,110.0,Rv0892,0.0,1.0,1.0
1361,995299,483.0,Rv0892,0.0,1.0,1.0
1362,995757,180.0,Rv0893c,1.0,0.0,1.0
1363,995931,122.0,Rv0893c,0.0,1.0,1.0
1364,996150,49.0,Rv0893c,0.0,1.0,1.0
1365,996168,43.0,Rv0893c,0.0,1.0,1.0
1366,996870,116.0,Rv0894,0.0,9.0,9.0
1367,997033,170.0,Rv0894,0.0,1.0,1.0
1368,997808,9.0,Rv0895,1.0,0.0,1.0
1369,998549,256.0,Rv0895,0.0,1.0,1.0
1370,999233,484.0,Rv0895,0.0,1.0,1.0
1371,1001572,282.0,Rv0897c,0.0,2.0,2.0
1372,1002278,46.0,Rv0897c,0.0,1.0,1.0
1373,1003124,105.0,Rv0899,0.0,1.0,1.0
1374,1003589,260.0,Rv0899,0.0,1.0,1.0
1375,1003604,265.0,Rv0899,0.0,1.0,1.0
1376,1003701,297.0,Rv0899,0.0,1.0,1.0
1377,1003878,25.0,Rv0900,1.0,0.0,1.0
1378,1006698,495.0,Rv0904c,0.0,1.0,1.0
1379,1007414,256.0,Rv0904c,0.0,1.0,1.0
1380,1009434,164.0,Rv0906,0.0,1.0,1.0
1381,1009710,256.0,Rv0906,0.0,1.0,1.0
1382,1010868,245.0,Rv0907,0.0,1.0,1.0
1383,1011824,32.0,Rv0908,0.0,1.0,1.0
1384,1015491,32.0,Rv0911,0.0,1.0,1.0
1385,1015567,57.0,Rv0911,1.0,0.0,1.0
1386,1015605,70.0,Rv0911,0.0,1.0,1.0
1387,1017792,312.0,Rv0913c,0.0,1.0,1.0
1388,1018132,198.0,Rv0913c,0.0,1.0,1.0
1389,1019332,212.0,Rv0914c,0.0,1.0,1.0
1390,1019346,207.0,Rv0914c,0.0,1.0,1.0
1391,1020778,184.0,Rv0915c,1.0,1.0,2.0
1392,1022607,174.0,Rv0917,0.0,1.0,1.0
1393,1022827,247.0,Rv0917,0.0,1.0,1.0
1394,1029572,336.0,Rv0923c,0.0,1.0,1.0
1395,1031393,158.0,Rv0924c,0.0,7.0,7.0
1396,1032852,312.0,Rv0926c,0.0,1.0,1.0
1397,1033036,251.0,Rv0926c,0.0,1.0,1.0
1398,1034208,142.0,Rv0927c,0.0,3.0,3.0
1399,1035249,116.0,Rv0928,0.0,1.0,1.0
1400,1036570,181.0,Rv0929,0.0,1.0,1.0
1401,1038194,574.0,Rv0931c,0.0,1.0,1.0
1402,1038200,572.0,Rv0931c,1.0,0.0,1.0
1403,1038722,398.0,Rv0931c,0.0,2.0,2.0
1404,1039144,257.0,Rv0931c,1.0,0.0,1.0
1405,1040090,320.0,Rv0932c,1.0,0.0,1.0
1406,1040375,225.0,Rv0932c,0.0,2.0,2.0
1407,1042396,94.0,Rv0934,0.0,1.0,1.0
1408,1043392,32.0,Rv0935,0.0,2.0,2.0
1409,1044220,308.0,Rv0935,0.0,1.0,1.0
1410,1044766,150.0,Rv0936,1.0,0.0,1.0
1411,1045011,232.0,Rv0936,1.0,0.0,1.0
1412,1045163,283.0,Rv0936,0.0,1.0,1.0
1413,1045528,165.0,Rv0937c,0.0,1.0,1.0
1414,1045786,79.0,Rv0937c,0.0,1.0,1.0
1415,1045797,75.0,Rv0937c,1.0,0.0,1.0
1416,1046971,279.0,Rv0938,0.0,1.0,1.0
1417,1049435,342.0,Rv0939,0.0,1.0,1.0
1418,1049481,357.0,Rv0939,1.0,0.0,1.0
1419,1050745,239.0,Rv0940c,0.0,1.0,1.0
1420,1050924,179.0,Rv0940c,0.0,1.0,1.0
1421,1052792,315.0,Rv0943c,1.0,0.0,1.0
1422,1053103,212.0,Rv0943c,0.0,1.0,1.0
1423,1053571,56.0,Rv0943c,1.0,3.0,4.0
1424,1054423,59.0,Rv0945,0.0,1.0,1.0
1425,1061274,127.0,Rv0950c,11.0,0.0,11.0
1426,1064847,39.0,Rv0953c,0.0,1.0,1.0
1427,1065642,172.0,Rv0954,0.0,2.0,2.0
1428,1065644,173.0,Rv0954,0.0,9.0,9.0
1429,1065653,176.0,Rv0954,0.0,15.0,15.0
1430,1065677,184.0,Rv0954,0.0,1.0,1.0
1431,1066020,298.0,Rv0954,1.0,0.0,1.0
1432,1067763,68.0,Rv0956,0.0,1.0,1.0
1433,1072655,467.0,Rv0959,0.0,1.0,1.0
1434,1073026,591.0,Rv0959,0.0,1.0,1.0
1435,1073192,646.0,Rv0959,0.0,1.0,1.0
1436,1074189,39.0,Rv0961,0.0,1.0,1.0
1437,1074939,59.0,Rv0962c,0.0,1.0,1.0
1438,1078075,34.0,Rv0967,0.0,1.0,1.0
1439,1078316,114.0,Rv0967,0.0,1.0,1.0
1440,1078823,27.0,Rv0969,0.0,3.0,3.0
1441,1079220,160.0,Rv0969,0.0,1.0,1.0
1442,1079253,171.0,Rv0969,0.0,1.0,1.0
1443,1079273,177.0,Rv0969,0.0,1.0,1.0
1444,1080355,538.0,Rv0969,1.0,0.0,1.0
1445,1080430,563.0,Rv0969,0.0,1.0,1.0
1446,1082070,172.0,Rv0971c,0.0,1.0,1.0
1447,1082219,122.0,Rv0971c,0.0,1.0,1.0
1448,1082349,79.0,Rv0971c,11.0,6.0,17.0
1449,1082465,40.0,Rv0971c,0.0,1.0,1.0
1450,1083324,143.0,Rv0972c,0.0,1.0,1.0
1451,1083477,92.0,Rv0972c,3.0,0.0,3.0
1452,1083551,67.0,Rv0972c,0.0,23.0,23.0
1453,1084709,348.0,Rv0973c,0.0,1.0,1.0
1454,1084970,261.0,Rv0973c,0.0,1.0,1.0
1455,1085125,209.0,Rv0973c,1.0,0.0,1.0
1456,1085364,129.0,Rv0973c,0.0,1.0,1.0
1457,1088100,133.0,Rv0975c,0.0,1.0,1.0
1458,1088297,67.0,Rv0975c,1.0,0.0,1.0
1459,1089129,349.0,Rv0976c,0.0,1.0,1.0
1460,1089314,288.0,Rv0976c,0.0,1.0,1.0
1461,1089586,197.0,Rv0976c,1.0,0.0,1.0
1462,1090036,47.0,Rv0976c,0.0,3.0,3.0
1463,1090493,41.0,Rv0977,0.0,8.0,8.0
1464,1092167,599.0,Rv0977,1.0,6.0,7.0
1465,1092178,602.0,Rv0977,0.0,1.0,1.0
1466,1092179,603.0,Rv0977,0.0,1.0,1.0
1467,1092180,603.0,Rv0977,0.0,1.0,1.0
1468,1092181,603.0,Rv0977,0.0,1.0,1.0
1469,1092190,606.0,Rv0977,0.0,2.0,2.0
1470,1092195,608.0,Rv0977,0.0,2.0,2.0
1471,1092324,651.0,Rv0977,0.0,1.0,1.0
1472,1092328,652.0,Rv0977,0.0,1.0,1.0
1473,1092606,745.0,Rv0977,0.0,1.0,1.0
1474,1093011,880.0,Rv0977,1.0,0.0,1.0
1475,1093375,328.0,Rv0978c,0.0,1.0,1.0
1476,1093462,299.0,Rv0978c,0.0,6.0,6.0
1477,1093479,293.0,Rv0978c,0.0,1.0,1.0
1478,1093591,256.0,Rv0978c,0.0,4.0,4.0
1479,1095341,371.0,Rv0980c,18.0,0.0,18.0
1480,1095467,329.0,Rv0980c,12.0,0.0,12.0
1481,1099289,75.0,Rv0983,0.0,1.0,1.0
1482,1099488,141.0,Rv0983,1.0,0.0,1.0
1483,1101203,93.0,Rv0985c,0.0,1.0,1.0
1484,1102561,7.0,Rv0987,0.0,1.0,1.0
1485,1103547,336.0,Rv0987,0.0,1.0,1.0
1486,1103732,397.0,Rv0987,1.0,0.0,1.0
1487,1103861,440.0,Rv0987,0.0,1.0,1.0
1488,1104612,691.0,Rv0987,1.0,0.0,1.0
1489,1105151,12.0,Rv0988,0.0,1.0,1.0
1490,1105164,17.0,Rv0988,1.0,0.0,1.0
1491,1105548,145.0,Rv0988,0.0,1.0,1.0
1492,1105752,213.0,Rv0988,1.0,0.0,1.0
1493,1107920,60.0,Rv0990c,0.0,1.0,1.0
1494,1107924,59.0,Rv0990c,0.0,1.0,1.0
1495,1108247,86.0,Rv0991c,0.0,12.0,12.0
1496,1108276,77.0,Rv0991c,0.0,1.0,1.0
1497,1111808,66.0,Rv0995,0.0,1.0,1.0
1498,1111930,107.0,Rv0995,0.0,1.0,1.0
1499,1112922,180.0,Rv0996,16.0,22.0,38.0
1500,1113040,219.0,Rv0996,0.0,1.0,1.0
1501,1114832,29.0,Rv0998,0.0,1.0,1.0
1502,1115401,218.0,Rv0998,0.0,1.0,1.0
1503,1117113,12.0,Rv1000c,0.0,1.0,1.0
1504,1117258,25.0,Rv1001,1.0,0.0,1.0
1505,1117282,33.0,Rv1001,1.0,0.0,1.0
1506,1121047,368.0,Rv1004c,0.0,1.0,1.0
1507,1121128,341.0,Rv1004c,0.0,1.0,1.0
1508,1121659,164.0,Rv1004c,0.0,1.0,1.0
1509,1121965,62.0,Rv1004c,1.0,0.0,1.0
1510,1125182,490.0,Rv1006,1.0,0.0,1.0
1511,1128257,56.0,Rv1009,0.0,1.0,1.0
1512,1130029,293.0,Rv1010,0.0,1.0,1.0
1513,1130194,2.0,Rv1011,0.0,1.0,1.0
1514,1130764,192.0,Rv1011,0.0,1.0,1.0
1515,1133574,112.0,Rv1014c,0.0,1.0,1.0
1516,1133964,202.0,Rv1015c,0.0,17.0,17.0
1517,1134012,186.0,Rv1015c,1.0,0.0,1.0
1518,1134096,158.0,Rv1015c,0.0,1.0,1.0
1519,1134141,143.0,Rv1015c,0.0,1.0,1.0
1520,1135406,20.0,Rv1016c,1.0,0.0,1.0
1521,1136588,491.0,Rv1018c,0.0,1.0,1.0
1522,1140381,472.0,Rv1020,1.0,0.0,1.0
1523,1141332,789.0,Rv1020,0.0,1.0,1.0
1524,1147729,237.0,Rv1026,1.0,0.0,1.0
1525,1148845,88.0,Rv1027c,0.0,1.0,1.0
1526,1149748,647.0,Rv1028c,0.0,1.0,1.0
1527,1151647,14.0,Rv1028c,0.0,1.0,1.0
1528,1153138,376.0,Rv1029,1.0,0.0,1.0
1529,1153251,414.0,Rv1029,0.0,1.0,1.0
1530,1153607,532.0,Rv1029,0.0,1.0,1.0
1531,1154354,211.0,Rv1030,0.0,1.0,1.0
1532,1154778,352.0,Rv1030,0.0,1.0,1.0
1533,1155123,467.0,Rv1030,0.0,1.0,1.0
1534,1156616,447.0,Rv1032c,0.0,1.0,1.0
1535,1156942,338.0,Rv1032c,0.0,1.0,1.0
1536,1157195,254.0,Rv1032c,0.0,1.0,1.0
1537,1157237,240.0,Rv1032c,0.0,3.0,3.0
1538,1157658,100.0,Rv1032c,0.0,1.0,1.0
1539,1157863,31.0,Rv1032c,0.0,1.0,1.0
1540,1161124,10.0,Rv1038c,0.0,1.0,1.0
1541,1161349,375.0,Rv1039c,0.0,1.0,1.0
1542,1162600,259.0,Rv1040c,0.0,1.0,1.0
1543,1163299,26.0,Rv1040c,0.0,1.0,1.0
1544,1166533,92.0,Rv1043c,0.0,2.0,2.0
1545,1166776,11.0,Rv1043c,1.0,0.0,1.0
1546,1168168,166.0,Rv1045,0.0,1.0,1.0
1547,1169092,46.0,Rv1046c,0.0,1.0,1.0
1548,1169132,33.0,Rv1046c,0.0,1.0,1.0
1549,1173491,204.0,Rv1050,0.0,2.0,2.0
1550,1174188,171.0,Rv1051c,0.0,1.0,1.0
1551,1174296,135.0,Rv1051c,0.0,4.0,4.0
1552,1174673,10.0,Rv1051c,1.0,0.0,1.0
1553,1178244,206.0,Rv1056,0.0,1.0,1.0
1554,1179857,154.0,Rv1057,0.0,1.0,1.0
1555,1180053,220.0,Rv1057,0.0,1.0,1.0
1556,1180081,229.0,Rv1057,0.0,3.0,3.0
1557,1180420,342.0,Rv1057,1.0,0.0,1.0
1558,1180486,364.0,Rv1057,0.0,1.0,1.0
1559,1181332,217.0,Rv1058,0.0,1.0,1.0
1560,1183697,64.0,Rv1060,0.0,1.0,1.0
1561,1185768,352.0,Rv1063c,1.0,1.0,2.0
1562,1185781,348.0,Rv1063c,0.0,1.0,1.0
1563,1186440,128.0,Rv1063c,1.0,0.0,1.0
1564,1188119,41.0,Rv1066,1.0,0.0,1.0
1565,1188466,653.0,Rv1067c,0.0,13.0,13.0
1566,1190900,417.0,Rv1068c,0.0,1.0,1.0
1567,1190922,409.0,Rv1068c,0.0,2.0,2.0
1568,1191190,320.0,Rv1068c,0.0,2.0,2.0
1569,1192043,36.0,Rv1068c,0.0,1.0,1.0
1570,1192562,571.0,Rv1069c,0.0,1.0,1.0
1571,1193129,382.0,Rv1069c,1.0,0.0,1.0
1572,1193214,354.0,Rv1069c,0.0,1.0,1.0
1573,1195058,345.0,Rv1071c,0.0,1.0,1.0
1574,1195323,257.0,Rv1071c,0.0,1.0,1.0
1575,1196877,200.0,Rv1072,0.0,1.0,1.0
1576,1197613,128.0,Rv1073,1.0,0.0,1.0
1577,1197704,158.0,Rv1073,0.0,1.0,1.0
1578,1198580,265.0,Rv1074c,1.0,0.0,1.0
1579,1201386,207.0,Rv1076,0.0,1.0,1.0
1580,1201779,21.0,Rv1077,1.0,0.0,1.0
1581,1202768,351.0,Rv1077,0.0,1.0,1.0
1582,1203100,462.0,Rv1077,0.0,1.0,1.0
1583,1204116,17.0,Rv1079,0.0,1.0,1.0
1584,1205440,120.0,Rv1080c,0.0,1.0,1.0
1585,1205576,75.0,Rv1080c,1.0,0.0,1.0
1586,1206347,24.0,Rv1081c,0.0,1.0,1.0
1587,1207594,71.0,Rv1083,0.0,1.0,1.0
1588,1207838,68.0,Rv1084,0.0,4.0,4.0
1589,1208218,195.0,Rv1084,0.0,1.0,1.0
1590,1210420,22.0,Rv1085c,0.0,1.0,1.0
1591,1212075,172.0,Rv1087,0.0,2.0,2.0
1592,1212626,356.0,Rv1087,0.0,20.0,20.0
1593,1216008,137.0,Rv1090,0.0,1.0,1.0
1594,1216711,81.0,Rv1091,0.0,1.0,1.0
1595,1216890,141.0,Rv1091,0.0,1.0,1.0
1596,1218952,828.0,Rv1091,0.0,1.0,1.0
1597,1218962,832.0,Rv1091,0.0,1.0,1.0
1598,1224113,373.0,Rv1095,0.0,1.0,1.0
1599,1224415,11.0,Rv1096,0.0,1.0,1.0
1600,1225895,84.0,Rv1097c,0.0,1.0,1.0
1601,1227854,243.0,Rv1099c,0.0,1.0,1.0
1602,1229522,343.0,Rv1101c,0.0,1.0,1.0
1603,1229530,340.0,Rv1101c,0.0,1.0,1.0
1604,1229558,331.0,Rv1101c,1.0,0.0,1.0
1605,1230485,22.0,Rv1101c,0.0,1.0,1.0
1606,1232337,9.0,Rv1105,0.0,1.0,1.0
1607,1232399,30.0,Rv1105,1.0,0.0,1.0
1608,1232503,65.0,Rv1105,1.0,0.0,1.0
1609,1235029,144.0,Rv1108c,1.0,0.0,1.0
1610,1235710,129.0,Rv1109c,1.0,0.0,1.0
1611,1237488,235.0,Rv1111c,1.0,0.0,1.0
1612,1237688,169.0,Rv1111c,0.0,1.0,1.0
1613,1239766,53.0,Rv1114,0.0,1.0,1.0
1614,1239897,96.0,Rv1114,3.0,0.0,3.0
1615,1240220,12.0,Rv1115,0.0,1.0,1.0
1616,1240350,55.0,Rv1115,0.0,1.0,1.0
1617,1240451,89.0,Rv1115,1.0,0.0,1.0
1618,1240554,123.0,Rv1115,0.0,1.0,1.0
1619,1241202,63.0,Rv1116A,0.0,1.0,1.0
1620,1242160,224.0,Rv1118c,0.0,1.0,1.0
1621,1242955,20.0,Rv1119c,0.0,1.0,1.0
1622,1243354,51.0,Rv1120c,0.0,1.0,1.0
1623,1245036,444.0,Rv1121,0.0,1.0,1.0
1624,1246410,215.0,Rv1123c,0.0,1.0,1.0
1625,1246690,121.0,Rv1123c,0.0,2.0,2.0
1626,1246787,89.0,Rv1123c,0.0,1.0,1.0
1627,1246995,20.0,Rv1123c,0.0,1.0,1.0
1628,1247418,98.0,Rv1124,0.0,1.0,1.0
1629,1247836,237.0,Rv1124,0.0,1.0,1.0
1630,1247913,263.0,Rv1124,0.0,1.0,1.0
1631,1248306,75.0,Rv1125,1.0,0.0,1.0
1632,1248351,90.0,Rv1125,0.0,1.0,1.0
1633,1251742,411.0,Rv1128c,0.0,1.0,1.0
1634,1251773,400.0,Rv1128c,1.0,0.0,1.0
1635,1251957,339.0,Rv1128c,1.0,0.0,1.0
1636,1257959,212.0,Rv1132,0.0,1.0,1.0
1637,1258208,295.0,Rv1132,0.0,1.0,1.0
1638,1258331,336.0,Rv1132,0.0,1.0,1.0
1639,1259019,565.0,Rv1132,0.0,1.0,1.0
1640,1262466,555.0,Rv1135c,0.0,1.0,1.0
1641,1263092,346.0,Rv1135c,0.0,1.0,1.0
1642,1263458,224.0,Rv1135c,0.0,1.0,1.0
1643,1263492,213.0,Rv1135c,0.0,1.0,1.0
1644,1264384,24.0,Rv1135A,0.0,1.0,1.0
1645,1264683,26.0,Rv1136,0.0,1.0,1.0
1646,1265354,34.0,Rv1137c,0.0,1.0,1.0
1647,1265543,316.0,Rv1138c,0.0,1.0,1.0
1648,1266651,112.0,Rv1139c,0.0,1.0,1.0
1649,1266706,94.0,Rv1139c,0.0,1.0,1.0
1650,1267381,12.0,Rv1140,0.0,1.0,1.0
1651,1268406,202.0,Rv1141c,0.0,1.0,1.0
1652,1269224,245.0,Rv1142c,0.0,1.0,1.0
1653,1269432,176.0,Rv1142c,0.0,1.0,1.0
1654,1269465,165.0,Rv1142c,0.0,1.0,1.0
1655,1270803,248.0,Rv1143,0.0,1.0,1.0
1656,1274071,239.0,Rv1146,0.0,1.0,1.0
1657,1274261,303.0,Rv1146,1.0,0.0,1.0
1658,1275543,215.0,Rv1147,0.0,1.0,1.0
1659,1276309,480.0,Rv1148c,0.0,3.0,3.0
1660,1276385,455.0,Rv1148c,0.0,2.0,2.0
1661,1276630,373.0,Rv1148c,0.0,1.0,1.0
1662,1278812,182.0,Rv1150,0.0,1.0,1.0
1663,1279570,16.0,Rv1151c,0.0,1.0,1.0
1664,1280683,55.0,Rv1153c,13.0,1.0,14.0
1665,1281137,116.0,Rv1154c,0.0,1.0,1.0
1666,1281278,69.0,Rv1154c,0.0,1.0,1.0
1667,1284752,37.0,Rv1158c,0.0,1.0,1.0
1668,1289160,611.0,Rv1161,1.0,0.0,1.0
1669,1292894,33.0,Rv1163,0.0,1.0,1.0
1670,1293470,22.0,Rv1164,1.0,0.0,1.0
1671,1294346,60.0,Rv1165,0.0,1.0,1.0
1672,1294355,63.0,Rv1165,0.0,1.0,1.0
1673,1294459,98.0,Rv1165,0.0,1.0,1.0
1674,1294934,256.0,Rv1165,0.0,1.0,1.0
1675,1296003,612.0,Rv1165,0.0,1.0,1.0
1676,1296273,41.0,Rv1166,1.0,0.0,1.0
1677,1298818,329.0,Rv1168c,0.0,1.0,1.0
1678,1299095,237.0,Rv1168c,0.0,1.0,1.0
1679,1299379,142.0,Rv1168c,0.0,1.0,1.0
1680,1299598,69.0,Rv1168c,0.0,1.0,1.0
1681,1299824,101.0,Rv1169c,0.0,1.0,1.0
1682,1299883,81.0,Rv1169c,0.0,1.0,1.0
1683,1299894,77.0,Rv1169c,0.0,1.0,1.0
1684,1300386,28.0,Rv1170,0.0,1.0,1.0
1685,1302236,149.0,Rv1172c,0.0,1.0,1.0
1686,1302579,35.0,Rv1172c,0.0,1.0,1.0
1687,1303271,114.0,Rv1173,0.0,1.0,1.0
1688,1303715,262.0,Rv1173,1.0,0.0,1.0
1689,1304062,378.0,Rv1173,1.0,0.0,1.0
1690,1305737,89.0,Rv1174c,1.0,0.0,1.0
1691,1306705,508.0,Rv1175c,0.0,1.0,1.0
1692,1306786,481.0,Rv1175c,0.0,1.0,1.0
1693,1307338,297.0,Rv1175c,0.0,1.0,1.0
1694,1308051,59.0,Rv1175c,0.0,1.0,1.0
1695,1309370,3.0,Rv1178,0.0,1.0,1.0
1696,1311358,648.0,Rv1179c,0.0,1.0,1.0
1697,1311652,550.0,Rv1179c,0.0,1.0,1.0
1698,1311664,546.0,Rv1179c,0.0,1.0,1.0
1699,1311822,493.0,Rv1179c,0.0,1.0,1.0
1700,1315032,436.0,Rv1180,0.0,1.0,1.0
1701,1315285,18.0,Rv1181,1.0,0.0,1.0
1702,1315562,110.0,Rv1181,1.0,0.0,1.0
1703,1315992,253.0,Rv1181,0.0,1.0,1.0
1704,1316447,405.0,Rv1181,1.0,0.0,1.0
1705,1317547,772.0,Rv1181,1.0,0.0,1.0
1706,1317969,912.0,Rv1181,0.0,1.0,1.0
1707,1318040,936.0,Rv1181,0.0,1.0,1.0
1708,1318085,951.0,Rv1181,1.0,0.0,1.0
1709,1318263,1010.0,Rv1181,2.0,4.0,6.0
1710,1318609,1126.0,Rv1181,0.0,1.0,1.0
1711,1319015,1261.0,Rv1181,0.0,1.0,1.0
1712,1319685,1484.0,Rv1181,0.0,1.0,1.0
1713,1322521,334.0,Rv1183,1.0,0.0,1.0
1714,1324543,357.0,Rv1184c,2.0,0.0,2.0
1715,1324556,352.0,Rv1184c,1.0,0.0,1.0
1716,1324827,262.0,Rv1184c,1.0,0.0,1.0
1717,1326380,378.0,Rv1185c,1.0,0.0,1.0
1718,1328116,397.0,Rv1186c,1.0,0.0,1.0
1719,1329284,8.0,Rv1186c,0.0,1.0,1.0
1720,1329526,46.0,Rv1187,1.0,0.0,1.0
1721,1330563,392.0,Rv1187,1.0,0.0,1.0
1722,1331590,190.0,Rv1188,0.0,1.0,1.0
1723,1331711,231.0,Rv1188,1.0,0.0,1.0
1724,1332920,277.0,Rv1189,0.0,1.0,1.0
1725,1333410,144.0,Rv1190,1.0,0.0,1.0
1726,1333661,228.0,Rv1190,7.0,0.0,7.0
1727,1333935,2.0,Rv1191,0.0,1.0,1.0
1728,1334078,50.0,Rv1191,1.0,0.0,1.0
1729,1334952,9.0,Rv1192,0.0,1.0,1.0
1730,1337383,377.0,Rv1194c,1.0,0.0,1.0
1731,1338087,143.0,Rv1194c,0.0,1.0,1.0
1732,1338316,66.0,Rv1194c,0.0,1.0,1.0
1733,1339034,11.0,Rv1195,0.0,3.0,3.0
1734,1339044,14.0,Rv1195,0.0,1.0,1.0
1735,1339075,25.0,Rv1195,0.0,2.0,2.0
1736,1339426,26.0,Rv1196,0.0,1.0,1.0
1737,1339432,28.0,Rv1196,0.0,14.0,14.0
1738,1339781,145.0,Rv1196,1.0,0.0,1.0
1739,1339816,156.0,Rv1196,12.0,1.0,13.0
1740,1339817,157.0,Rv1196,8.0,18.0,26.0
1741,1339841,165.0,Rv1196,2.0,0.0,2.0
1742,1340159,271.0,Rv1196,0.0,3.0,3.0
1743,1340167,273.0,Rv1196,0.0,43.0,43.0
1744,1340365,339.0,Rv1196,0.0,1.0,1.0
1745,1341078,25.0,Rv1198,0.0,1.0,1.0
1746,1341157,51.0,Rv1198,1.0,0.0,1.0
1747,1343613,224.0,Rv1200,0.0,1.0,1.0
1748,1344035,365.0,Rv1200,0.0,1.0,1.0
1749,1345064,36.0,Rv1201c,0.0,1.0,1.0
1750,1346360,182.0,Rv1203c,0.0,1.0,1.0
1751,1346642,88.0,Rv1203c,1.0,0.0,1.0
1752,1347902,241.0,Rv1204c,0.0,1.0,1.0
1753,1348518,36.0,Rv1204c,0.0,4.0,4.0
1754,1349345,5.0,Rv1206,0.0,1.0,1.0
1755,1349899,190.0,Rv1206,0.0,1.0,1.0
1756,1351260,24.0,Rv1207,0.0,1.0,1.0
1757,1354664,333.0,Rv1212c,1.0,0.0,1.0
1758,1355052,204.0,Rv1212c,0.0,1.0,1.0
1759,1356938,368.0,Rv1213,0.0,3.0,3.0
1760,1358118,443.0,Rv1215c,1.0,0.0,1.0
1761,1358462,328.0,Rv1215c,0.0,1.0,1.0
1762,1358970,159.0,Rv1215c,0.0,1.0,1.0
1763,1359155,97.0,Rv1215c,0.0,1.0,1.0
1764,1359511,212.0,Rv1216c,0.0,1.0,1.0
1765,1359998,50.0,Rv1216c,0.0,1.0,1.0
1766,1361027,259.0,Rv1217c,0.0,1.0,1.0
1767,1361204,200.0,Rv1217c,0.0,1.0,1.0
1768,1361348,152.0,Rv1217c,1.0,0.0,1.0
1769,1361657,49.0,Rv1217c,0.0,1.0,1.0
1770,1361803,311.0,Rv1218c,0.0,1.0,1.0
1771,1362620,38.0,Rv1218c,0.0,1.0,1.0
1772,1365729,129.0,Rv1222,0.0,1.0,1.0
1773,1367150,426.0,Rv1223,1.0,0.0,1.0
1774,1368301,141.0,Rv1225c,0.0,1.0,1.0
1775,1369035,421.0,Rv1226c,0.0,1.0,1.0
1776,1369543,251.0,Rv1226c,0.0,1.0,1.0
1777,1369619,226.0,Rv1226c,1.0,0.0,1.0
1778,1370080,72.0,Rv1226c,0.0,1.0,1.0
1779,1370952,11.0,Rv1228,0.0,1.0,1.0
1780,1371791,387.0,Rv1229c,0.0,1.0,1.0
1781,1372974,408.0,Rv1230c,0.0,1.0,1.0
1782,1373246,318.0,Rv1230c,1.0,0.0,1.0
1783,1373320,293.0,Rv1230c,0.0,1.0,1.0
1784,1373801,133.0,Rv1230c,1.0,0.0,1.0
1785,1374859,2.0,Rv1231c,0.0,2.0,2.0
1786,1375417,251.0,Rv1232c,0.0,1.0,1.0
1787,1376421,136.0,Rv1233c,0.0,1.0,1.0
1788,1376523,102.0,Rv1233c,1.0,0.0,1.0
1789,1376568,87.0,Rv1233c,1.0,0.0,1.0
1790,1377440,155.0,Rv1234,0.0,1.0,1.0
1791,1377586,21.0,Rv1235,0.0,1.0,1.0
1792,1377696,58.0,Rv1235,1.0,0.0,1.0
1793,1378503,327.0,Rv1235,1.0,0.0,1.0
1794,1380664,270.0,Rv1237,0.0,1.0,1.0
1795,1384553,7.0,Rv1242,0.0,1.0,1.0
1796,1385037,547.0,Rv1243c,0.0,2.0,2.0
1797,1385044,545.0,Rv1243c,0.0,1.0,1.0
1798,1385073,535.0,Rv1243c,0.0,19.0,19.0
1799,1385761,306.0,Rv1243c,0.0,3.0,3.0
1800,1385923,252.0,Rv1243c,0.0,1.0,1.0
1801,1386245,145.0,Rv1243c,0.0,1.0,1.0
1802,1386283,132.0,Rv1243c,1.0,0.0,1.0
1803,1386398,94.0,Rv1243c,1.0,0.0,1.0
1804,1388105,175.0,Rv1245c,0.0,1.0,1.0
1805,1388177,151.0,Rv1245c,0.0,1.0,1.0
1806,1388217,138.0,Rv1245c,0.0,1.0,1.0
1807,1390708,765.0,Rv1248c,0.0,1.0,1.0
1808,1392779,75.0,Rv1248c,1.0,0.0,1.0
1809,1395690,504.0,Rv1250,1.0,11.0,12.0
1810,1397311,644.0,Rv1251c,0.0,1.0,1.0
1811,1398273,323.0,Rv1251c,1.0,0.0,1.0
1812,1398478,255.0,Rv1251c,0.0,1.0,1.0
1813,1398797,148.0,Rv1251c,0.0,1.0,1.0
1814,1399218,8.0,Rv1251c,0.0,1.0,1.0
1815,1399869,12.0,Rv1252c,0.0,1.0,1.0
1816,1400220,84.0,Rv1253,3.0,3.0,6.0
1817,1402574,306.0,Rv1254,0.0,1.0,1.0
1818,1403498,369.0,Rv1256c,0.0,1.0,1.0
1819,1403552,351.0,Rv1256c,1.0,0.0,1.0
1820,1403571,345.0,Rv1256c,0.0,1.0,1.0
1821,1403842,254.0,Rv1256c,0.0,1.0,1.0
1822,1403930,225.0,Rv1256c,0.0,1.0,1.0
1823,1405421,222.0,Rv1257c,0.0,1.0,1.0
1824,1406323,340.0,Rv1258c,0.0,1.0,1.0
1825,1406760,194.0,Rv1258c,1.0,0.0,1.0
1826,1406942,133.0,Rv1258c,0.0,1.0,1.0
1827,1407395,19.0,Rv1259,0.0,1.0,1.0
1828,1407917,193.0,Rv1259,0.0,1.0,1.0
1829,1408077,247.0,Rv1259,0.0,1.0,1.0
1830,1408279,14.0,Rv1260,0.0,2.0,2.0
1831,1409196,319.0,Rv1260,1.0,0.0,1.0
1832,1410285,30.0,Rv1262c,0.0,1.0,1.0
1833,1410887,153.0,Rv1263,0.0,3.0,3.0
1834,1411917,8.0,Rv1264,0.0,1.0,1.0
1835,1412140,83.0,Rv1264,0.0,1.0,1.0
1836,1412301,136.0,Rv1264,1.0,0.0,1.0
1837,1413359,34.0,Rv1265,0.0,1.0,1.0
1838,1413411,51.0,Rv1265,0.0,1.0,1.0
1839,1413989,618.0,Rv1266c,0.0,1.0,1.0
1840,1414193,550.0,Rv1266c,0.0,1.0,1.0
1841,1414243,533.0,Rv1266c,0.0,1.0,1.0
1842,1415345,166.0,Rv1266c,1.0,0.0,1.0
1843,1416395,318.0,Rv1267c,1.0,0.0,1.0
1844,1416525,275.0,Rv1267c,0.0,1.0,1.0
1845,1417064,95.0,Rv1267c,0.0,1.0,1.0
1846,1417161,63.0,Rv1267c,0.0,1.0,1.0
1847,1417196,51.0,Rv1267c,0.0,1.0,1.0
1848,1417802,185.0,Rv1268c,0.0,1.0,1.0
1849,1418289,23.0,Rv1268c,1.0,0.0,1.0
1850,1418605,117.0,Rv1269c,0.0,1.0,1.0
1851,1418638,106.0,Rv1269c,1.0,0.0,1.0
1852,1419691,20.0,Rv1270c,0.0,1.0,1.0
1853,1420203,34.0,Rv1271c,0.0,4.0,4.0
1854,1422066,80.0,Rv1272c,0.0,1.0,1.0
1855,1422529,508.0,Rv1273c,0.0,1.0,1.0
1856,1423332,240.0,Rv1273c,0.0,1.0,1.0
1857,1427488,25.0,Rv1278,0.0,1.0,1.0
1858,1430396,112.0,Rv1279,0.0,1.0,1.0
1859,1430621,187.0,Rv1279,0.0,2.0,2.0
1860,1430640,193.0,Rv1279,0.0,1.0,1.0
1861,1430861,267.0,Rv1279,1.0,0.0,1.0
1862,1431580,507.0,Rv1279,1.0,0.0,1.0
1863,1433172,90.0,Rv1280c,0.0,1.0,1.0
1864,1433293,50.0,Rv1280c,0.0,1.0,1.0
1865,1433967,435.0,Rv1281c,0.0,1.0,1.0
1866,1435429,239.0,Rv1282c,1.0,0.0,1.0
1867,1435750,132.0,Rv1282c,0.0,1.0,1.0
1868,1438005,33.0,Rv1285,0.0,1.0,1.0
1869,1438160,84.0,Rv1285,1.0,0.0,1.0
1870,1439601,232.0,Rv1286,1.0,0.0,1.0
1871,1440048,381.0,Rv1286,0.0,1.0,1.0
1872,1440859,19.0,Rv1287,0.0,1.0,1.0
1873,1441385,13.0,Rv1288,0.0,1.0,1.0
1874,1441982,212.0,Rv1288,0.0,1.0,1.0
1875,1443514,512.0,Rv1290c,0.0,1.0,1.0
1876,1444002,349.0,Rv1290c,1.0,0.0,1.0
1877,1444215,278.0,Rv1290c,0.0,1.0,1.0
1878,1444543,169.0,Rv1290c,0.0,1.0,1.0
1879,1448899,291.0,Rv1293,1.0,0.0,1.0
1880,1453211,3.0,Rv1297,0.0,1.0,1.0
1881,1460154,130.0,Rv1303,0.0,1.0,1.0
1882,1461971,43.0,Rv1307,0.0,1.0,1.0
1883,1462894,351.0,Rv1307,0.0,1.0,1.0
1884,1464674,483.0,Rv1308,1.0,0.0,1.0
1885,1464861,545.0,Rv1308,2.0,5.0,7.0
1886,1467590,92.0,Rv1311,0.0,1.0,1.0
1887,1469867,129.0,Rv1314c,0.0,1.0,1.0
1888,1470094,53.0,Rv1314c,0.0,1.0,1.0
1889,1477696,475.0,Rv1317c,1.0,0.0,1.0
1890,1477812,436.0,Rv1317c,0.0,1.0,1.0
1891,1477962,386.0,Rv1317c,0.0,1.0,1.0
1892,1479785,347.0,Rv1318c,0.0,21.0,21.0
1893,1479797,343.0,Rv1318c,0.0,1.0,1.0
1894,1480666,53.0,Rv1318c,0.0,1.0,1.0
1895,1481216,429.0,Rv1319c,0.0,1.0,1.0
1896,1481459,348.0,Rv1319c,0.0,12.0,12.0
1897,1482224,93.0,Rv1319c,0.0,1.0,1.0
1898,1482800,473.0,Rv1320c,0.0,1.0,1.0
1899,1483234,328.0,Rv1320c,0.0,1.0,1.0
1900,1483922,99.0,Rv1320c,0.0,1.0,1.0
1901,1484123,32.0,Rv1320c,0.0,1.0,1.0
1902,1485082,34.0,Rv1322,0.0,1.0,1.0
1903,1485535,79.0,Rv1322A,0.0,1.0,1.0
1904,1485659,38.0,Rv1322A,0.0,1.0,1.0
1905,1486517,219.0,Rv1323,1.0,1.0,2.0
1906,1486522,221.0,Rv1323,1.0,1.0,2.0
1907,1486763,301.0,Rv1323,1.0,0.0,1.0
1908,1486809,316.0,Rv1323,1.0,0.0,1.0
1909,1488234,578.0,Rv1325c,0.0,1.0,1.0
1910,1489681,95.0,Rv1325c,0.0,1.0,1.0
1911,1490779,512.0,Rv1326c,1.0,0.0,1.0
1912,1493854,191.0,Rv1327c,0.0,1.0,1.0
1913,1495600,346.0,Rv1328,0.0,1.0,1.0
1914,1497540,550.0,Rv1329c,0.0,1.0,1.0
1915,1499705,285.0,Rv1330c,0.0,1.0,1.0
1916,1500422,46.0,Rv1330c,1.0,0.0,1.0
1917,1501713,39.0,Rv1333,0.0,1.0,1.0
1918,1502143,182.0,Rv1333,1.0,0.0,1.0
1919,1502898,86.0,Rv1334,1.0,0.0,1.0
1920,1502975,112.0,Rv1334,0.0,1.0,1.0
1921,1503120,6.0,Rv1335,1.0,0.0,1.0
1922,1503668,92.0,Rv1336,0.0,1.0,1.0
1923,1503670,93.0,Rv1336,0.0,1.0,1.0
1924,1503771,126.0,Rv1336,1.0,0.0,1.0
1925,1504638,95.0,Rv1337,0.0,1.0,1.0
1926,1507977,135.0,Rv1341,1.0,0.0,1.0
1927,1508563,121.0,Rv1343c,1.0,0.0,1.0
1928,1508691,78.0,Rv1343c,0.0,1.0,1.0
1929,1509279,104.0,Rv1344,1.0,0.0,1.0
1930,1511202,119.0,Rv1346,0.0,1.0,1.0
1931,1513804,253.0,Rv1348,1.0,0.0,1.0
1932,1514081,345.0,Rv1348,0.0,1.0,1.0
1933,1515579,845.0,Rv1348,0.0,1.0,1.0
1934,1517618,43.0,Rv1350,0.0,1.0,1.0
1935,1520513,455.0,Rv1354c,0.0,1.0,1.0
1936,1520593,428.0,Rv1354c,0.0,1.0,1.0
1937,1521556,107.0,Rv1354c,0.0,1.0,1.0
1938,1521710,56.0,Rv1354c,0.0,1.0,1.0
1939,1521750,43.0,Rv1354c,0.0,1.0,1.0
1940,1523366,223.0,Rv1355c,0.0,1.0,1.0
1941,1523390,215.0,Rv1355c,1.0,0.0,1.0
1942,1523637,132.0,Rv1355c,1.0,0.0,1.0
1943,1525534,228.0,Rv1357c,1.0,0.0,1.0
1944,1526145,24.0,Rv1357c,0.0,1.0,1.0
1945,1527040,143.0,Rv1358,0.0,1.0,1.0
1946,1527512,301.0,Rv1358,1.0,0.0,1.0
1947,1528161,517.0,Rv1358,0.0,1.0,1.0
1948,1528215,535.0,Rv1358,0.0,1.0,1.0
1949,1528944,778.0,Rv1358,1.0,0.0,1.0
1950,1529133,841.0,Rv1358,0.0,4.0,4.0
1951,1529440,943.0,Rv1358,0.0,1.0,1.0
1952,1529540,977.0,Rv1358,0.0,1.0,1.0
1953,1530077,1156.0,Rv1358,0.0,1.0,1.0
1954,1530482,104.0,Rv1359,1.0,0.0,1.0
1955,1532207,287.0,Rv1360,0.0,1.0,1.0
1956,1532447,396.0,Rv1361c,0.0,1.0,1.0
1957,1532528,369.0,Rv1361c,0.0,1.0,1.0
1958,1532811,275.0,Rv1361c,19.0,0.0,19.0
1959,1533157,159.0,Rv1361c,0.0,1.0,1.0
1960,1533160,158.0,Rv1361c,0.0,1.0,1.0
1961,1533162,158.0,Rv1361c,0.0,1.0,1.0
1962,1533428,69.0,Rv1361c,0.0,1.0,1.0
1963,1533547,29.0,Rv1361c,0.0,6.0,6.0
1964,1533631,1.0,Rv1361c,1.0,0.0,1.0
1965,1534144,156.0,Rv1362c,0.0,1.0,1.0
1966,1534255,119.0,Rv1362c,1.0,0.0,1.0
1967,1534649,248.0,Rv1363c,0.0,1.0,1.0
1968,1534767,209.0,Rv1363c,0.0,1.0,1.0
1969,1535150,81.0,Rv1363c,1.0,56.0,57.0
1970,1535263,44.0,Rv1363c,2.0,4.0,6.0
1971,1535285,36.0,Rv1363c,0.0,1.0,1.0
1972,1535301,31.0,Rv1363c,0.0,1.0,1.0
1973,1535310,28.0,Rv1363c,1.0,2.0,3.0
1974,1535763,628.0,Rv1364c,0.0,1.0,1.0
1975,1535973,558.0,Rv1364c,1.0,0.0,1.0
1976,1536806,280.0,Rv1364c,0.0,1.0,1.0
1977,1538001,57.0,Rv1365c,0.0,1.0,1.0
1978,1538466,26.0,Rv1366,0.0,1.0,1.0
1979,1538519,44.0,Rv1366,0.0,1.0,1.0
1980,1538688,100.0,Rv1366,0.0,1.0,1.0
1981,1539200,271.0,Rv1366,0.0,2.0,2.0
1982,1540317,110.0,Rv1367c,0.0,1.0,1.0
1983,1540510,46.0,Rv1367c,0.0,1.0,1.0
1984,1544590,411.0,Rv1371,0.0,1.0,1.0
1985,1545539,239.0,Rv1372,0.0,1.0,1.0
1986,1546386,125.0,Rv1373,0.0,1.0,1.0
1987,1546545,178.0,Rv1373,0.0,1.0,1.0
1988,1546566,185.0,Rv1373,1.0,0.0,1.0
1989,1546871,287.0,Rv1373,0.0,1.0,1.0
1990,1547215,106.0,Rv1374c,0.0,1.0,1.0
1991,1547467,22.0,Rv1374c,0.0,1.0,1.0
1992,1547496,12.0,Rv1374c,0.0,1.0,1.0
1993,1548414,195.0,Rv1375,0.0,1.0,1.0
1994,1548707,292.0,Rv1375,1.0,0.0,1.0
1995,1548990,387.0,Rv1375,0.0,1.0,1.0
1996,1549550,135.0,Rv1376,1.0,0.0,1.0
1997,1549602,152.0,Rv1376,0.0,1.0,1.0
1998,1549676,177.0,Rv1376,0.0,1.0,1.0
1999,1550070,308.0,Rv1376,0.0,1.0,1.0
2000,1550838,127.0,Rv1377c,0.0,3.0,3.0
2001,1551303,451.0,Rv1378c,0.0,1.0,1.0
2002,1551357,433.0,Rv1378c,0.0,1.0,1.0
2003,1551593,355.0,Rv1378c,0.0,1.0,1.0
2004,1552058,200.0,Rv1378c,1.0,0.0,1.0
2005,1560930,162.0,Rv1385,0.0,1.0,1.0
2006,1561860,31.0,Rv1387,1.0,0.0,1.0
2007,1561903,45.0,Rv1387,1.0,0.0,1.0
2008,1562363,199.0,Rv1387,0.0,1.0,1.0
2009,1566830,2.0,Rv1392,1.0,0.0,1.0
2010,1567980,386.0,Rv1392,0.0,1.0,1.0
2011,1569494,32.0,Rv1393c,0.0,1.0,1.0
2012,1569581,3.0,Rv1393c,0.0,1.0,1.0
2013,1570404,189.0,Rv1394c,0.0,1.0,1.0
2014,1570962,3.0,Rv1394c,1.0,0.0,1.0
2015,1571239,65.0,Rv1395,1.0,0.0,1.0
2016,1572134,575.0,Rv1396c,0.0,2.0,2.0
2017,1573455,135.0,Rv1396c,0.0,2.0,2.0
2018,1573644,72.0,Rv1396c,0.0,1.0,1.0
2019,1573653,69.0,Rv1396c,0.0,1.0,1.0
2020,1574154,120.0,Rv1397c,0.0,1.0,1.0
2021,1574274,80.0,Rv1397c,1.0,0.0,1.0
2022,1574393,41.0,Rv1397c,0.0,1.0,1.0
2023,1574426,30.0,Rv1397c,0.0,1.0,1.0
2024,1574697,24.0,Rv1398c,1.0,0.0,1.0
2025,1575331,160.0,Rv1399c,0.0,1.0,1.0
2026,1575485,109.0,Rv1399c,0.0,1.0,1.0
2027,1575790,7.0,Rv1399c,1.0,0.0,1.0
2028,1576558,80.0,Rv1400c,0.0,1.0,1.0
2029,1577074,49.0,Rv1401,0.0,1.0,1.0
2030,1577181,84.0,Rv1401,0.0,1.0,1.0
2031,1578854,414.0,Rv1402,1.0,0.0,1.0
2032,1579517,635.0,Rv1402,0.0,1.0,1.0
2033,1579576,655.0,Rv1402,1.0,0.0,1.0
2034,1579604,273.0,Rv1403c,0.0,1.0,1.0
2035,1579899,175.0,Rv1403c,0.0,1.0,1.0
2036,1580127,99.0,Rv1403c,1.0,0.0,1.0
2037,1580903,105.0,Rv1404,1.0,0.0,1.0
2038,1580970,127.0,Rv1404,1.0,0.0,1.0
2039,1581063,158.0,Rv1404,1.0,0.0,1.0
2040,1583480,127.0,Rv1407,0.0,1.0,1.0
2041,1583598,166.0,Rv1407,0.0,1.0,1.0
2042,1584528,10.0,Rv1408,1.0,0.0,1.0
2043,1588187,99.0,Rv1411c,0.0,1.0,1.0
2044,1588287,66.0,Rv1411c,0.0,1.0,1.0
2045,1589436,17.0,Rv1413,0.0,1.0,1.0
2046,1589848,155.0,Rv1413,1.0,0.0,1.0
2047,1591701,5.0,Rv1416,0.0,1.0,1.0
2048,1592360,71.0,Rv1417,2.0,0.0,2.0
2049,1593139,167.0,Rv1418,0.0,1.0,1.0
2050,1594325,95.0,Rv1420,1.0,0.0,1.0
2051,1594912,291.0,Rv1420,0.0,1.0,1.0
2052,1595020,327.0,Rv1420,0.0,1.0,1.0
2053,1598145,80.0,Rv1423,0.0,1.0,1.0
2054,1598335,144.0,Rv1423,0.0,1.0,1.0
2055,1598927,243.0,Rv1424c,0.0,1.0,1.0
2056,1599457,66.0,Rv1424c,0.0,1.0,1.0
2057,1599536,40.0,Rv1424c,0.0,1.0,1.0
2058,1601936,129.0,Rv1426c,0.0,1.0,1.0
2059,1603316,205.0,Rv1427c,1.0,0.0,1.0
2060,1605000,41.0,Rv1429,0.0,1.0,1.0
2061,1606472,29.0,Rv1430,0.0,3.0,3.0
2062,1606663,93.0,Rv1430,0.0,1.0,1.0
2063,1606873,163.0,Rv1430,0.0,1.0,1.0
2064,1606971,196.0,Rv1430,0.0,1.0,1.0
2065,1607398,338.0,Rv1430,1.0,0.0,1.0
2066,1608256,58.0,Rv1431,0.0,1.0,1.0
2067,1608768,229.0,Rv1431,0.0,1.0,1.0
2068,1612278,8.0,Rv1434,95.0,0.0,95.0
2069,1612309,18.0,Rv1434,0.0,1.0,1.0
2070,1612488,155.0,Rv1435c,0.0,1.0,1.0
2071,1612495,152.0,Rv1435c,1.0,0.0,1.0
2072,1612558,131.0,Rv1435c,0.0,1.0,1.0
2073,1612578,125.0,Rv1435c,1.0,0.0,1.0
2074,1612662,97.0,Rv1435c,1.0,0.0,1.0
2075,1618466,407.0,Rv1441c,0.0,22.0,22.0
2076,1619241,148.0,Rv1441c,0.0,1.0,1.0
2077,1619413,91.0,Rv1441c,0.0,1.0,1.0
2078,1619806,6.0,Rv1442,1.0,0.0,1.0
2079,1620375,195.0,Rv1442,0.0,1.0,1.0
2080,1620698,303.0,Rv1442,0.0,1.0,1.0
2081,1621047,419.0,Rv1442,0.0,1.0,1.0
2082,1621073,428.0,Rv1442,0.0,3.0,3.0
2083,1621936,716.0,Rv1442,0.0,1.0,1.0
2084,1622572,41.0,Rv1443c,0.0,1.0,1.0
2085,1623497,67.0,Rv1444c,1.0,0.0,1.0
2086,1624190,90.0,Rv1445c,0.0,1.0,1.0
2087,1625091,92.0,Rv1446c,1.0,0.0,1.0
2088,1625330,12.0,Rv1446c,1.0,0.0,1.0
2089,1625332,12.0,Rv1446c,198.0,6.0,204.0
2090,1625337,10.0,Rv1446c,1.0,0.0,1.0
2091,1625343,8.0,Rv1446c,1.0,0.0,1.0
2092,1625592,457.0,Rv1447c,0.0,1.0,1.0
2093,1625809,385.0,Rv1447c,0.0,1.0,1.0
2094,1626613,117.0,Rv1447c,2.0,5.0,7.0
2095,1626900,21.0,Rv1447c,0.0,1.0,1.0
2096,1628116,695.0,Rv1449c,3.0,0.0,3.0
2097,1630648,1327.0,Rv1450c,0.0,1.0,1.0
2098,1630670,1320.0,Rv1450c,0.0,1.0,1.0
2099,1630683,1315.0,Rv1450c,0.0,8.0,8.0
2100,1630725,1301.0,Rv1450c,0.0,1.0,1.0
2101,1630731,1299.0,Rv1450c,0.0,4.0,4.0
2102,1630732,1299.0,Rv1450c,0.0,1.0,1.0
2103,1630949,1227.0,Rv1450c,0.0,1.0,1.0
2104,1631187,1147.0,Rv1450c,0.0,2.0,2.0
2105,1631241,1129.0,Rv1450c,0.0,1.0,1.0
2106,1631323,1102.0,Rv1450c,0.0,1.0,1.0
2107,1632017,871.0,Rv1450c,0.0,1.0,1.0
2108,1632047,861.0,Rv1450c,0.0,2.0,2.0
2109,1632071,853.0,Rv1450c,0.0,1.0,1.0
2110,1632073,852.0,Rv1450c,0.0,1.0,1.0
2111,1632082,849.0,Rv1450c,0.0,2.0,2.0
2112,1632137,831.0,Rv1450c,0.0,8.0,8.0
2113,1632149,827.0,Rv1450c,2.0,10.0,12.0
2114,1632166,821.0,Rv1450c,1.0,0.0,1.0
2115,1632974,552.0,Rv1450c,0.0,1.0,1.0
2116,1633145,495.0,Rv1450c,0.0,16.0,16.0
2117,1633162,489.0,Rv1450c,0.0,7.0,7.0
2118,1636017,738.0,Rv1452c,1.0,2.0,3.0
2119,1636031,733.0,Rv1452c,0.0,1.0,1.0
2120,1636278,651.0,Rv1452c,1.0,1.0,2.0
2121,1636292,646.0,Rv1452c,0.0,1.0,1.0
2122,1636613,539.0,Rv1452c,0.0,2.0,2.0
2123,1636620,537.0,Rv1452c,0.0,2.0,2.0
2124,1636639,531.0,Rv1452c,0.0,2.0,2.0
2125,1638180,17.0,Rv1452c,2.0,0.0,2.0
2126,1638194,12.0,Rv1452c,3.0,0.0,3.0
2127,1640163,166.0,Rv1454c,0.0,1.0,1.0
2128,1640203,153.0,Rv1454c,0.0,2.0,2.0
2129,1641093,138.0,Rv1455,0.0,1.0,1.0
2130,1642609,238.0,Rv1457c,1.0,0.0,1.0
2131,1642702,207.0,Rv1457c,0.0,1.0,1.0
2132,1643118,69.0,Rv1457c,0.0,1.0,1.0
2133,1644225,12.0,Rv1458c,0.0,1.0,1.0
2134,1648353,455.0,Rv1461,1.0,0.0,1.0
2135,1650475,317.0,Rv1462,1.0,0.0,1.0
2136,1651377,221.0,Rv1463,1.0,0.0,1.0
2137,1653749,585.0,Rv1467c,0.0,1.0,1.0
2138,1655174,110.0,Rv1467c,0.0,2.0,2.0
2139,1655179,108.0,Rv1467c,0.0,1.0,1.0
2140,1655260,81.0,Rv1467c,1.0,0.0,1.0
2141,1656471,84.0,Rv1468c,0.0,1.0,1.0
2142,1659786,8.0,Rv1472,0.0,1.0,1.0
2143,1660360,200.0,Rv1472,0.0,1.0,1.0
2144,1662409,10.0,Rv1473A,0.0,1.0,1.0
2145,1669333,17.0,Rv1479,0.0,1.0,1.0
2146,1670440,10.0,Rv1480,1.0,0.0,1.0
2147,1670777,122.0,Rv1480,0.0,13.0,13.0
2148,1671958,194.0,Rv1481,0.0,1.0,1.0
2149,1671971,199.0,Rv1481,0.0,2.0,2.0
2150,1672676,208.0,Rv1482c,1.0,0.0,1.0
2151,1677076,46.0,Rv1487,0.0,1.0,1.0
2152,1677746,117.0,Rv1488,0.0,9.0,9.0
2153,1681253,238.0,Rv1491c,0.0,1.0,1.0
2154,1682457,101.0,Rv1492,0.0,4.0,4.0
2155,1682558,134.0,Rv1492,0.0,1.0,1.0
2156,1683306,384.0,Rv1492,0.0,1.0,1.0
2157,1683560,468.0,Rv1492,1.0,0.0,1.0
2158,1683937,594.0,Rv1492,0.0,1.0,1.0
2159,1684105,34.0,Rv1493,1.0,0.0,1.0
2160,1684260,86.0,Rv1493,0.0,1.0,1.0
2161,1685602,533.0,Rv1493,0.0,2.0,2.0
2162,1686890,3.0,Rv1496,0.0,1.0,1.0
2163,1687660,259.0,Rv1496,0.0,1.0,1.0
2164,1688322,128.0,Rv1497,0.0,1.0,1.0
2165,1688422,161.0,Rv1497,0.0,1.0,1.0
2166,1688980,347.0,Rv1497,0.0,1.0,1.0
2167,1689852,23.0,Rv1498c,0.0,1.0,1.0
2168,1691590,247.0,Rv1500,1.0,0.0,1.0
2169,1692519,210.0,Rv1501,0.0,2.0,2.0
2170,1692988,22.0,Rv1502,0.0,1.0,1.0
2171,1693035,38.0,Rv1502,0.0,1.0,1.0
2172,1693223,100.0,Rv1502,0.0,1.0,1.0
2173,1693397,158.0,Rv1502,1.0,0.0,1.0
2174,1693505,194.0,Rv1502,0.0,1.0,1.0
2175,1693590,223.0,Rv1502,0.0,1.0,1.0
2176,1694094,151.0,Rv1503c,1.0,0.0,1.0
2177,1694379,56.0,Rv1503c,0.0,1.0,1.0
2178,1694748,133.0,Rv1504c,0.0,1.0,1.0
2179,1695305,214.0,Rv1505c,0.0,1.0,1.0
2180,1695751,66.0,Rv1505c,0.0,1.0,1.0
2181,1696295,50.0,Rv1506c,0.0,1.0,1.0
2182,1697430,25.0,Rv1507A,1.0,0.0,1.0
2183,1697602,83.0,Rv1507A,1.0,0.0,1.0
2184,1699254,214.0,Rv1508c,2.0,0.0,2.0
2185,1699383,171.0,Rv1508c,0.0,1.0,1.0
2186,1699466,143.0,Rv1508c,1.0,0.0,1.0
2187,1699543,118.0,Rv1508c,0.0,1.0,1.0
2188,1700415,68.0,Rv1509,1.0,0.0,1.0
2189,1702444,384.0,Rv1510,0.0,1.0,1.0
2190,1702480,396.0,Rv1510,0.0,1.0,1.0
2191,1702483,397.0,Rv1510,2.0,2.0,4.0
2192,1705624,189.0,Rv1513,0.0,1.0,1.0
2193,1706131,155.0,Rv1514c,0.0,1.0,1.0
2194,1706321,92.0,Rv1514c,0.0,1.0,1.0
2195,1707175,118.0,Rv1515c,1.0,0.0,1.0
2196,1707934,202.0,Rv1516c,1.0,0.0,1.0
2197,1708188,118.0,Rv1516c,0.0,1.0,1.0
2198,1709454,195.0,Rv1517,0.0,1.0,1.0
2199,1710036,131.0,Rv1518,0.0,1.0,1.0
2200,1711236,70.0,Rv1520,0.0,1.0,1.0
2201,1711578,184.0,Rv1520,0.0,1.0,1.0
2202,1712964,221.0,Rv1521,0.0,1.0,1.0
2203,1713208,303.0,Rv1521,0.0,1.0,1.0
2204,1713669,456.0,Rv1521,1.0,0.0,1.0
2205,1713676,459.0,Rv1521,0.0,1.0,1.0
2206,1714376,1079.0,Rv1522c,0.0,1.0,1.0
2207,1714681,978.0,Rv1522c,0.0,1.0,1.0
2208,1717070,181.0,Rv1522c,0.0,1.0,1.0
2209,1718829,35.0,Rv1524,0.0,1.0,1.0
2210,1719564,280.0,Rv1524,0.0,1.0,1.0
2211,1719647,308.0,Rv1524,0.0,1.0,1.0
2212,1722640,1924.0,Rv1527c,1.0,0.0,1.0
2213,1722876,1845.0,Rv1527c,0.0,1.0,1.0
2214,1723079,1777.0,Rv1527c,0.0,1.0,1.0
2215,1723085,1775.0,Rv1527c,0.0,1.0,1.0
2216,1723278,1711.0,Rv1527c,0.0,1.0,1.0
2217,1724218,1398.0,Rv1527c,0.0,1.0,1.0
2218,1724380,1344.0,Rv1527c,0.0,1.0,1.0
2219,1725236,1058.0,Rv1527c,0.0,1.0,1.0
2220,1725822,863.0,Rv1527c,0.0,2.0,2.0
2221,1726176,745.0,Rv1527c,0.0,1.0,1.0
2222,1726702,570.0,Rv1527c,0.0,1.0,1.0
2223,1726858,518.0,Rv1527c,0.0,1.0,1.0
2224,1727099,437.0,Rv1527c,1.0,0.0,1.0
2225,1727123,429.0,Rv1527c,0.0,1.0,1.0
2226,1727311,367.0,Rv1527c,1.0,0.0,1.0
2227,1727675,245.0,Rv1527c,1.0,0.0,1.0
2228,1727777,211.0,Rv1527c,0.0,1.0,1.0
2229,1727968,148.0,Rv1527c,0.0,1.0,1.0
2230,1728330,27.0,Rv1527c,1.0,0.0,1.0
2231,1729255,66.0,Rv1528c,1.0,0.0,1.0
2232,1730183,228.0,Rv1529,0.0,1.0,1.0
2233,1730416,305.0,Rv1529,0.0,1.0,1.0
2234,1731097,532.0,Rv1529,1.0,0.0,1.0
2235,1733539,4.0,Rv1532c,1.0,0.0,1.0
2236,1736166,64.0,Rv1535,1.0,0.0,1.0
2237,1737121,201.0,Rv1536,0.0,1.0,1.0
2238,1740073,73.0,Rv1537,1.0,0.0,1.0
2239,1741803,130.0,Rv1538c,1.0,0.0,1.0
2240,1741947,82.0,Rv1538c,0.0,1.0,1.0
2241,1744748,30.0,Rv1542c,0.0,1.0,1.0
2242,1745301,80.0,Rv1543,1.0,0.0,1.0
2243,1745320,86.0,Rv1543,0.0,1.0,1.0
2244,1745395,111.0,Rv1543,1.0,0.0,1.0
2245,1745454,131.0,Rv1543,0.0,1.0,1.0
2246,1745641,193.0,Rv1543,0.0,1.0,1.0
2247,1746204,37.0,Rv1544,1.0,0.0,1.0
2248,1746372,93.0,Rv1544,1.0,0.0,1.0
2249,1746644,184.0,Rv1544,0.0,1.0,1.0
2250,1750954,1087.0,Rv1547,0.0,1.0,1.0
2251,1751386,650.0,Rv1548c,0.0,1.0,1.0
2252,1751421,638.0,Rv1548c,0.0,1.0,1.0
2253,1751614,574.0,Rv1548c,1.0,0.0,1.0
2254,1752234,367.0,Rv1548c,0.0,1.0,1.0
2255,1752492,281.0,Rv1548c,1.0,0.0,1.0
2256,1752916,140.0,Rv1548c,0.0,2.0,2.0
2257,1753024,104.0,Rv1548c,0.0,1.0,1.0
2258,1753237,33.0,Rv1548c,0.0,1.0,1.0
2259,1754862,383.0,Rv1550,0.0,1.0,1.0
2260,1755166,484.0,Rv1550,1.0,0.0,1.0
2261,1755178,488.0,Rv1550,1.0,0.0,1.0
2262,1755244,510.0,Rv1550,0.0,1.0,1.0
2263,1757299,619.0,Rv1551,0.0,1.0,1.0
2264,1758304,208.0,Rv1552,2.0,0.0,2.0
2265,1758455,259.0,Rv1552,1.0,0.0,1.0
2266,1759868,145.0,Rv1553,0.0,1.0,1.0
2267,1760164,244.0,Rv1553,9.0,0.0,9.0
2268,1760217,15.0,Rv1554,0.0,1.0,1.0
2269,1760514,114.0,Rv1554,0.0,1.0,1.0
2270,1760541,123.0,Rv1554,1.0,0.0,1.0
2271,1760713,54.0,Rv1555,1.0,0.0,1.0
2272,1761010,5.0,Rv1556,0.0,1.0,1.0
2273,1761047,17.0,Rv1556,0.0,1.0,1.0
2274,1761086,30.0,Rv1556,1.0,0.0,1.0
2275,1762666,308.0,Rv1557,1.0,0.0,1.0
2276,1765191,71.0,Rv1561,1.0,0.0,1.0
2277,1765583,520.0,Rv1562c,0.0,1.0,1.0
2278,1765738,469.0,Rv1562c,0.0,2.0,2.0
2279,1766114,343.0,Rv1562c,1.0,0.0,1.0
2280,1768447,329.0,Rv1563c,0.0,1.0,1.0
2281,1768611,274.0,Rv1563c,0.0,1.0,1.0
2282,1769914,563.0,Rv1564c,0.0,1.0,1.0
2283,1770623,327.0,Rv1564c,0.0,1.0,1.0
2284,1770949,218.0,Rv1564c,0.0,1.0,1.0
2285,1771472,44.0,Rv1564c,0.0,1.0,1.0
2286,1771640,730.0,Rv1565c,1.0,0.0,1.0
2287,1772606,408.0,Rv1565c,1.0,1.0,2.0
2288,1774918,76.0,Rv1567c,0.0,1.0,1.0
2289,1778080,74.0,Rv1570,0.0,5.0,5.0
2290,1778264,136.0,Rv1570,2.0,0.0,2.0
2291,1778610,24.0,Rv1571,0.0,1.0,1.0
2292,1792057,163.0,Rv1591,0.0,1.0,1.0
2293,1792186,206.0,Rv1591,1.0,0.0,1.0
2294,1796167,121.0,Rv1595,0.0,1.0,1.0
2295,1796983,393.0,Rv1595,0.0,3.0,3.0
2296,1797001,399.0,Rv1595,0.0,1.0,1.0
2297,1797120,439.0,Rv1595,0.0,1.0,1.0
2298,1799288,66.0,Rv1598c,0.0,1.0,1.0
2299,1800988,31.0,Rv1600,1.0,0.0,1.0
2300,1805067,72.0,Rv1605,0.0,1.0,1.0
2301,1807062,294.0,Rv1607,0.0,1.0,1.0
2302,1813832,221.0,Rv1614,0.0,1.0,1.0
2303,1814085,305.0,Rv1614,0.0,1.0,1.0
2304,1814182,338.0,Rv1614,0.0,1.0,1.0
2305,1815955,91.0,Rv1616,0.0,1.0,1.0
2306,1818104,164.0,Rv1618,0.0,1.0,1.0
2307,1819631,353.0,Rv1619,0.0,1.0,1.0
2308,1819899,442.0,Rv1619,0.0,1.0,1.0
2309,1820777,306.0,Rv1620c,0.0,1.0,1.0
2310,1826331,85.0,Rv1624c,0.0,1.0,1.0
2311,1826585,1.0,Rv1624c,0.0,1.0,1.0
2312,1827329,206.0,Rv1625c,0.0,1.0,1.0
2313,1827552,132.0,Rv1625c,0.0,1.0,1.0
2314,1827618,110.0,Rv1625c,1.0,0.0,1.0
2315,1830158,135.0,Rv1628c,0.0,5.0,5.0
2316,1831738,358.0,Rv1629,0.0,1.0,1.0
2317,1831743,360.0,Rv1629,0.0,2.0,2.0
2318,1833590,17.0,Rv1630,1.0,0.0,1.0
2319,1834441,300.0,Rv1630,1.0,0.0,1.0
2320,1834845,435.0,Rv1630,0.0,1.0,1.0
2321,1835388,126.0,Rv1631,1.0,0.0,1.0
2322,1836125,371.0,Rv1631,0.0,1.0,1.0
2323,1838943,623.0,Rv1633,0.0,1.0,1.0
2324,1839593,142.0,Rv1634,0.0,1.0,1.0
2325,1839932,255.0,Rv1634,0.0,1.0,1.0
2326,1840461,432.0,Rv1634,0.0,1.0,1.0
2327,1841633,204.0,Rv1635c,0.0,1.0,1.0
2328,1846966,3.0,Rv1638A,0.0,1.0,1.0
2329,1847194,422.0,Rv1639c,0.0,1.0,1.0
2330,1847588,291.0,Rv1639c,0.0,1.0,1.0
2331,1847808,217.0,Rv1639c,0.0,1.0,1.0
2332,1852347,25.0,Rv1641,1.0,0.0,1.0
2333,1856086,108.0,Rv1646,0.0,1.0,1.0
2334,1856226,155.0,Rv1646,0.0,1.0,1.0
2335,1856620,286.0,Rv1646,1.0,0.0,1.0
2336,1857492,240.0,Rv1647,0.0,1.0,1.0
2337,1857591,273.0,Rv1647,0.0,1.0,1.0
2338,1858046,106.0,Rv1648,1.0,0.0,1.0
2339,1862591,931.0,Rv1651c,0.0,1.0,1.0
2340,1862756,876.0,Rv1651c,0.0,1.0,1.0
2341,1862849,845.0,Rv1651c,0.0,1.0,1.0
2342,1862893,830.0,Rv1651c,0.0,1.0,1.0
2343,1863313,690.0,Rv1651c,0.0,2.0,2.0
2344,1863348,679.0,Rv1651c,1.0,10.0,11.0
2345,1863358,675.0,Rv1651c,0.0,6.0,6.0
2346,1863373,670.0,Rv1651c,0.0,12.0,12.0
2347,1863408,659.0,Rv1651c,0.0,1.0,1.0
2348,1863762,541.0,Rv1651c,0.0,3.0,3.0
2349,1863861,508.0,Rv1651c,0.0,1.0,1.0
2350,1863878,502.0,Rv1651c,0.0,3.0,3.0
2351,1863922,487.0,Rv1651c,0.0,1.0,1.0
2352,1863968,472.0,Rv1651c,0.0,1.0,1.0
2353,1863982,467.0,Rv1651c,0.0,1.0,1.0
2354,1865746,57.0,Rv1652,0.0,1.0,1.0
2355,1871084,81.0,Rv1657,0.0,1.0,1.0
2356,1874521,121.0,Rv1660,0.0,1.0,1.0
2357,1874922,255.0,Rv1660,0.0,1.0,1.0
2358,1876583,427.0,Rv1661,0.0,1.0,1.0
2359,1876923,540.0,Rv1661,1.0,0.0,1.0
2360,1877676,791.0,Rv1661,1.0,0.0,1.0
2361,1878344,1014.0,Rv1661,2.0,1.0,3.0
2362,1878660,1119.0,Rv1661,0.0,1.0,1.0
2363,1881258,1985.0,Rv1661,0.0,1.0,1.0
2364,1881394,2031.0,Rv1661,0.0,1.0,1.0
2365,1882835,378.0,Rv1662,0.0,6.0,6.0
2366,1882950,416.0,Rv1662,2.0,0.0,2.0
2367,1883768,689.0,Rv1662,0.0,3.0,3.0
2368,1883788,695.0,Rv1662,1.0,0.0,1.0
2369,1884197,832.0,Rv1662,0.0,1.0,1.0
2370,1884708,1002.0,Rv1662,0.0,2.0,2.0
2371,1885073,1124.0,Rv1662,0.0,1.0,1.0
2372,1885239,1179.0,Rv1662,0.0,1.0,1.0
2373,1885478,1259.0,Rv1662,1.0,0.0,1.0
2374,1885524,1274.0,Rv1662,0.0,1.0,1.0
2375,1885874,1391.0,Rv1662,0.0,1.0,1.0
2376,1886080,1459.0,Rv1662,0.0,1.0,1.0
2377,1887380,290.0,Rv1663,0.0,1.0,1.0
2378,1887768,419.0,Rv1663,0.0,1.0,1.0
2379,1887857,449.0,Rv1663,0.0,1.0,1.0
2380,1888294,90.0,Rv1664,0.0,1.0,1.0
2381,1889422,466.0,Rv1664,0.0,1.0,1.0
2382,1889454,477.0,Rv1664,0.0,3.0,3.0
2383,1890229,735.0,Rv1664,1.0,0.0,1.0
2384,1890439,805.0,Rv1664,1.0,0.0,1.0
2385,1890948,975.0,Rv1664,0.0,1.0,1.0
2386,1891416,64.0,Rv1665,0.0,1.0,1.0
2387,1891527,101.0,Rv1665,0.0,2.0,2.0
2388,1892182,319.0,Rv1665,0.0,1.0,1.0
2389,1892674,297.0,Rv1666c,0.0,1.0,1.0
2390,1893610,207.0,Rv1667c,0.0,1.0,1.0
2391,1894597,249.0,Rv1668c,0.0,3.0,3.0
2392,1895020,108.0,Rv1668c,0.0,1.0,1.0
2393,1895782,20.0,Rv1669,0.0,1.0,1.0
2394,1896058,112.0,Rv1669,1.0,0.0,1.0
2395,1896839,122.0,Rv1671,1.0,0.0,1.0
2396,1897012,399.0,Rv1672c,0.0,1.0,1.0
2397,1897032,392.0,Rv1672c,1.0,0.0,1.0
2398,1897775,145.0,Rv1672c,0.0,1.0,1.0
2399,1898825,136.0,Rv1673c,0.0,1.0,1.0
2400,1900292,228.0,Rv1675c,0.0,1.0,1.0
2401,1902059,104.0,Rv1677,0.0,1.0,1.0
2402,1902291,182.0,Rv1677,0.0,1.0,1.0
2403,1902974,193.0,Rv1678,0.0,1.0,1.0
2404,1903154,253.0,Rv1678,0.0,3.0,3.0
2405,1903771,158.0,Rv1679,0.0,1.0,1.0
2406,1904451,8.0,Rv1680,0.0,1.0,1.0
2407,1905036,203.0,Rv1680,0.0,1.0,1.0
2408,1905694,149.0,Rv1681,0.0,1.0,1.0
2409,1906489,29.0,Rv1682,0.0,1.0,1.0
2410,1907797,68.0,Rv1683,0.0,1.0,1.0
2411,1911723,120.0,Rv1686c,0.0,1.0,1.0
2412,1912500,141.0,Rv1687c,0.0,1.0,1.0
2413,1912580,114.0,Rv1687c,0.0,1.0,1.0
2414,1912593,110.0,Rv1687c,0.0,2.0,2.0
2415,1912888,11.0,Rv1687c,0.0,1.0,1.0
2416,1913272,98.0,Rv1688,0.0,1.0,1.0
2417,1915970,8.0,Rv1691,0.0,1.0,1.0
2418,1917525,276.0,Rv1692,0.0,2.0,2.0
2419,1918321,128.0,Rv1694,0.0,1.0,1.0
2420,1918956,71.0,Rv1695,0.0,1.0,1.0
2421,1920729,349.0,Rv1696,0.0,1.0,1.0
2422,1921286,535.0,Rv1696,0.0,1.0,1.0
2423,1925495,556.0,Rv1699,0.0,5.0,5.0
2424,1925606,9.0,Rv1700,0.0,1.0,1.0
2425,1927581,332.0,Rv1702c,0.0,1.0,1.0
2426,1928369,69.0,Rv1702c,0.0,2.0,2.0
2427,1928560,6.0,Rv1702c,1.0,0.0,1.0
2428,1930144,438.0,Rv1704c,14.0,2.0,16.0
2429,1931131,109.0,Rv1704c,0.0,1.0,1.0
2430,1931250,69.0,Rv1704c,0.0,2.0,2.0
2431,1932091,188.0,Rv1705c,1.0,0.0,1.0
2432,1932508,49.0,Rv1705c,1.0,0.0,1.0
2433,1932594,21.0,Rv1705c,0.0,1.0,1.0
2434,1932867,338.0,Rv1706c,0.0,1.0,1.0
2435,1933693,62.0,Rv1706c,0.0,1.0,1.0
2436,1935954,358.0,Rv1707,0.0,1.0,1.0
2437,1936340,487.0,Rv1707,1.0,0.0,1.0
2438,1939288,151.0,Rv1711,1.0,0.0,1.0
2439,1939370,178.0,Rv1711,1.0,0.0,1.0
2440,1940844,186.0,Rv1713,0.0,1.0,1.0
2441,1942723,22.0,Rv1715,0.0,1.0,1.0
2442,1942971,105.0,Rv1715,0.0,1.0,1.0
2443,1943590,5.0,Rv1716,0.0,1.0,1.0
2444,1943696,41.0,Rv1716,0.0,1.0,1.0
2445,1944276,234.0,Rv1716,0.0,1.0,1.0
2446,1944403,276.0,Rv1716,0.0,1.0,1.0
2447,1945660,7.0,Rv1719,1.0,0.0,1.0
2448,1946126,162.0,Rv1719,0.0,1.0,1.0
2449,1947188,78.0,Rv1720c,0.0,1.0,1.0
2450,1948105,82.0,Rv1722,0.0,1.0,1.0
2451,1948122,88.0,Rv1722,1.0,0.0,1.0
2452,1948434,192.0,Rv1722,0.0,1.0,1.0
2453,1950138,266.0,Rv1723,0.0,1.0,1.0
2454,1950954,33.0,Rv1724c,1.0,0.0,1.0
2455,1951003,17.0,Rv1724c,0.0,1.0,1.0
2456,1951700,18.0,Rv1725c,0.0,1.0,1.0
2457,1952312,154.0,Rv1726,0.0,1.0,1.0
2458,1953288,7.0,Rv1727,0.0,1.0,1.0
2459,1954312,108.0,Rv1728c,1.0,0.0,1.0
2460,1955760,496.0,Rv1730c,0.0,36.0,36.0
2461,1956842,135.0,Rv1730c,0.0,1.0,1.0
2462,1956862,128.0,Rv1730c,0.0,1.0,1.0
2463,1957971,99.0,Rv1731,0.0,1.0,1.0
2464,1958736,354.0,Rv1731,0.0,1.0,1.0
2465,1959112,479.0,Rv1731,1.0,0.0,1.0
2466,1960919,33.0,Rv1734c,1.0,0.0,1.0
2467,1961009,3.0,Rv1734c,1.0,0.0,1.0
2468,1961583,69.0,Rv1735c,0.0,1.0,1.0
2469,1963163,342.0,Rv1736c,0.0,2.0,2.0
2470,1963540,216.0,Rv1736c,0.0,1.0,1.0
2471,1963637,184.0,Rv1736c,0.0,1.0,1.0
2472,1963807,127.0,Rv1736c,1.0,0.0,1.0
2473,1964096,31.0,Rv1736c,0.0,1.0,1.0
2474,1964142,15.0,Rv1736c,1.0,0.0,1.0
2475,1964260,371.0,Rv1737c,0.0,1.0,1.0
2476,1964604,256.0,Rv1737c,1.0,0.0,1.0
2477,1965078,98.0,Rv1737c,0.0,1.0,1.0
2478,1966577,354.0,Rv1739c,0.0,1.0,1.0
2479,1966581,353.0,Rv1739c,0.0,1.0,1.0
2480,1967629,3.0,Rv1739c,0.0,1.0,1.0
2481,1968010,32.0,Rv1741,0.0,1.0,1.0
2482,1969502,167.0,Rv1743,0.0,1.0,1.0
2483,1970114,371.0,Rv1743,0.0,3.0,3.0
2484,1972341,68.0,Rv1746,0.0,1.0,1.0
2485,1972402,89.0,Rv1746,0.0,1.0,1.0
2486,1972877,247.0,Rv1746,0.0,1.0,1.0
2487,1973070,311.0,Rv1746,0.0,1.0,1.0
2488,1977564,108.0,Rv1749c,1.0,0.0,1.0
2489,1978963,202.0,Rv1750c,0.0,1.0,1.0
2490,1979187,127.0,Rv1750c,1.0,0.0,1.0
2491,1980365,249.0,Rv1751,0.0,1.0,1.0
2492,1980654,345.0,Rv1751,1.0,0.0,1.0
2493,1981437,103.0,Rv1752,0.0,1.0,1.0
2494,1982338,813.0,Rv1753c,0.0,1.0,1.0
2495,1983833,315.0,Rv1753c,0.0,1.0,1.0
2496,1984575,67.0,Rv1753c,0.0,1.0,1.0
2497,1985440,411.0,Rv1754c,1.0,0.0,1.0
2498,1986369,101.0,Rv1754c,0.0,1.0,1.0
2499,1989917,887.0,Rv1759c,0.0,10.0,10.0
2500,1992323,85.0,Rv1759c,25.0,0.0,25.0
2501,1993715,188.0,Rv1760,0.0,1.0,1.0
2502,1994040,296.0,Rv1760,0.0,1.0,1.0
2503,1994468,439.0,Rv1760,1.0,0.0,1.0
2504,1995014,14.0,Rv1761c,0.0,1.0,1.0
2505,2000380,103.0,Rv1767,0.0,1.0,1.0
2506,2000738,42.0,Rv1768,0.0,1.0,1.0
2507,2001008,132.0,Rv1768,0.0,1.0,1.0
2508,2001789,392.0,Rv1768,2.0,0.0,2.0
2509,2004668,264.0,Rv1770,0.0,1.0,1.0
2510,2004977,367.0,Rv1770,1.0,0.0,1.0
2511,2005992,278.0,Rv1771,0.0,1.0,1.0
2512,2006328,390.0,Rv1771,1.0,0.0,1.0
2513,2006659,8.0,Rv1772,0.0,1.0,1.0
2514,2007278,163.0,Rv1773c,0.0,3.0,3.0
2515,2008664,278.0,Rv1774,0.0,1.0,1.0
2516,2008762,311.0,Rv1774,0.0,1.0,1.0
2517,2008985,385.0,Rv1774,0.0,2.0,2.0
2518,2010736,27.0,Rv1777,0.0,1.0,1.0
2519,2011449,265.0,Rv1777,0.0,1.0,1.0
2520,2011862,403.0,Rv1777,1.0,0.0,1.0
2521,2012298,78.0,Rv1778c,0.0,1.0,1.0
2522,2012423,36.0,Rv1778c,1.0,0.0,1.0
2523,2014296,62.0,Rv1779c,0.0,1.0,1.0
2524,2016203,425.0,Rv1781c,0.0,1.0,1.0
2525,2016734,248.0,Rv1781c,0.0,1.0,1.0
2526,2016758,240.0,Rv1781c,0.0,1.0,1.0
2527,2017052,142.0,Rv1781c,0.0,1.0,1.0
2528,2019496,80.0,Rv1783,2.0,0.0,2.0
2529,2020030,258.0,Rv1783,1.0,0.0,1.0
2530,2021592,320.0,Rv1784,0.0,2.0,2.0
2531,2025355,19.0,Rv1787,0.0,1.0,1.0
2532,2026224,308.0,Rv1787,0.0,1.0,1.0
2533,2026508,11.0,Rv1788,1.0,5.0,6.0
2534,2026612,46.0,Rv1788,0.0,1.0,1.0
2535,2026627,51.0,Rv1788,0.0,1.0,1.0
2536,2026757,94.0,Rv1788,0.0,1.0,1.0
2537,2026987,66.0,Rv1789,0.0,1.0,1.0
2538,2027294,169.0,Rv1789,0.0,1.0,1.0
2539,2027334,182.0,Rv1789,0.0,7.0,7.0
2540,2027783,332.0,Rv1789,0.0,1.0,1.0
2541,2027970,394.0,Rv1789,0.0,1.0,1.0
2542,2029046,208.0,Rv1790,0.0,1.0,1.0
2543,2034251,175.0,Rv1796,0.0,6.0,6.0
2544,2035610,43.0,Rv1797,0.0,1.0,1.0
2545,2035750,90.0,Rv1797,0.0,1.0,1.0
2546,2036091,203.0,Rv1797,0.0,1.0,1.0
2547,2039639,63.0,Rv1800,0.0,1.0,1.0
2548,2039754,101.0,Rv1800,1.0,0.0,1.0
2549,2039933,161.0,Rv1800,0.0,1.0,1.0
2550,2040345,298.0,Rv1800,0.0,1.0,1.0
2551,2040794,448.0,Rv1800,0.0,1.0,1.0
2552,2042049,17.0,Rv1801,19.0,23.0,42.0
2553,2042831,277.0,Rv1801,1.0,0.0,1.0
2554,2043036,346.0,Rv1801,0.0,1.0,1.0
2555,2043199,400.0,Rv1801,0.0,1.0,1.0
2556,2044023,214.0,Rv1802,0.0,1.0,1.0
2557,2044462,360.0,Rv1802,0.0,1.0,1.0
2558,2044705,441.0,Rv1802,0.0,1.0,1.0
2559,2045171,558.0,Rv1803c,0.0,1.0,1.0
2560,2045532,437.0,Rv1803c,0.0,1.0,1.0
2561,2045542,434.0,Rv1803c,0.0,1.0,1.0
2562,2045699,382.0,Rv1803c,0.0,1.0,1.0
2563,2045726,373.0,Rv1803c,0.0,1.0,1.0
2564,2045924,307.0,Rv1803c,0.0,1.0,1.0
2565,2046377,156.0,Rv1803c,0.0,1.0,1.0
2566,2046390,151.0,Rv1803c,0.0,1.0,1.0
2567,2048906,170.0,Rv1807,0.0,1.0,1.0
2568,2050051,44.0,Rv1808,1.0,0.0,1.0
2569,2050285,122.0,Rv1808,0.0,1.0,1.0
2570,2050812,298.0,Rv1808,0.0,1.0,1.0
2571,2050930,337.0,Rv1808,0.0,1.0,1.0
2572,2052105,275.0,Rv1809,0.0,1.0,1.0
2573,2052237,319.0,Rv1809,0.0,1.0,1.0
2574,2053002,24.0,Rv1810,0.0,1.0,1.0
2575,2053769,109.0,Rv1811,1.0,0.0,1.0
2576,2054120,226.0,Rv1811,1.0,0.0,1.0
2577,2055341,7.0,Rv1812c,2.0,0.0,2.0
2578,2057632,35.0,Rv1815,0.0,1.0,1.0
2579,2058052,175.0,Rv1815,1.0,0.0,1.0
2580,2058354,33.0,Rv1816,0.0,1.0,1.0
2581,2058653,133.0,Rv1816,1.0,0.0,1.0
2582,2059716,41.0,Rv1817,0.0,1.0,1.0
2583,2060348,252.0,Rv1817,0.0,1.0,1.0
2584,2061259,472.0,Rv1818c,0.0,1.0,1.0
2585,2061263,471.0,Rv1818c,1.0,6.0,7.0
2586,2062229,149.0,Rv1818c,0.0,2.0,2.0
2587,2062303,124.0,Rv1818c,0.0,1.0,1.0
2588,2062408,89.0,Rv1818c,0.0,1.0,1.0
2589,2062541,45.0,Rv1818c,0.0,16.0,16.0
2590,2062634,14.0,Rv1818c,0.0,1.0,1.0
2591,2062816,638.0,Rv1819c,0.0,1.0,1.0
2592,2063075,552.0,Rv1819c,1.0,0.0,1.0
2593,2065145,116.0,Rv1820,1.0,0.0,1.0
2594,2065288,164.0,Rv1820,0.0,1.0,1.0
2595,2065417,207.0,Rv1820,0.0,1.0,1.0
2596,2069869,56.0,Rv1823,0.0,2.0,2.0
2597,2079091,233.0,Rv1833c,1.0,0.0,1.0
2598,2079288,168.0,Rv1833c,1.0,0.0,1.0
2599,2080832,586.0,Rv1835c,0.0,1.0,1.0
2600,2080941,549.0,Rv1835c,0.0,1.0,1.0
2601,2081220,456.0,Rv1835c,0.0,1.0,1.0
2602,2081679,303.0,Rv1835c,0.0,1.0,1.0
2603,2081841,249.0,Rv1835c,0.0,1.0,1.0
2604,2082300,96.0,Rv1835c,1.0,0.0,1.0
2605,2083139,500.0,Rv1836c,0.0,1.0,1.0
2606,2084365,91.0,Rv1836c,0.0,1.0,1.0
2607,2088003,506.0,Rv1840c,0.0,1.0,1.0
2608,2088145,458.0,Rv1840c,0.0,1.0,1.0
2609,2088619,300.0,Rv1840c,0.0,6.0,6.0
2610,2089030,163.0,Rv1840c,0.0,1.0,1.0
2611,2089090,143.0,Rv1840c,0.0,23.0,23.0
2612,2089128,131.0,Rv1840c,0.0,3.0,3.0
2613,2089249,90.0,Rv1840c,7.0,0.0,7.0
2614,2089446,25.0,Rv1840c,0.0,1.0,1.0
2615,2089473,16.0,Rv1840c,0.0,3.0,3.0
2616,2089481,13.0,Rv1840c,0.0,1.0,1.0
2617,2091142,315.0,Rv1842c,0.0,1.0,1.0
2618,2091419,223.0,Rv1842c,0.0,1.0,1.0
2619,2091792,98.0,Rv1842c,0.0,1.0,1.0
2620,2092061,9.0,Rv1842c,1.0,0.0,1.0
2621,2092664,345.0,Rv1843c,0.0,1.0,1.0
2622,2093016,228.0,Rv1843c,0.0,1.0,1.0
2623,2094545,215.0,Rv1844c,0.0,1.0,1.0
2624,2094864,109.0,Rv1844c,4.0,0.0,4.0
2625,2094873,106.0,Rv1844c,0.0,1.0,1.0
2626,2094911,93.0,Rv1844c,0.0,26.0,26.0
2627,2097049,58.0,Rv1847,0.0,1.0,1.0
2628,2098609,217.0,Rv1850,2.0,0.0,2.0
2629,2101694,450.0,Rv1854c,0.0,2.0,2.0
2630,2102046,333.0,Rv1854c,0.0,1.0,1.0
2631,2102715,110.0,Rv1854c,0.0,1.0,1.0
2632,2106922,117.0,Rv1859,0.0,1.0,1.0
2633,2107931,66.0,Rv1860,1.0,0.0,1.0
2634,2108026,97.0,Rv1860,1.0,0.0,1.0
2635,2108603,290.0,Rv1860,0.0,1.0,1.0
2636,2108638,301.0,Rv1860,0.0,1.0,1.0
2637,2108642,303.0,Rv1860,0.0,1.0,1.0
2638,2109232,23.0,Rv1861,0.0,1.0,1.0
2639,2110643,240.0,Rv1863c,1.0,0.0,1.0
2640,2110655,236.0,Rv1863c,0.0,1.0,1.0
2641,2111593,173.0,Rv1864c,1.0,0.0,1.0
2642,2112567,134.0,Rv1865c,0.0,1.0,1.0
2643,2113347,70.0,Rv1866,0.0,1.0,1.0
2644,2113573,145.0,Rv1866,1.0,0.0,1.0
2645,2113887,250.0,Rv1866,0.0,1.0,1.0
2646,2114295,386.0,Rv1866,0.0,1.0,1.0
2647,2114647,503.0,Rv1866,0.0,1.0,1.0
2648,2114735,532.0,Rv1866,1.0,0.0,1.0
2649,2115907,48.0,Rv1867,0.0,1.0,1.0
2650,2116509,249.0,Rv1867,0.0,1.0,1.0
2651,2118994,550.0,Rv1868,27.0,7.0,34.0
2652,2119693,335.0,Rv1869c,0.0,1.0,1.0
2653,2119778,306.0,Rv1869c,1.0,0.0,1.0
2654,2119814,294.0,Rv1869c,0.0,1.0,1.0
2655,2120232,155.0,Rv1869c,1.0,0.0,1.0
2656,2120319,126.0,Rv1869c,0.0,2.0,2.0
2657,2120883,183.0,Rv1870c,0.0,1.0,1.0
2658,2121569,106.0,Rv1871c,1.0,0.0,1.0
2659,2121805,27.0,Rv1871c,0.0,1.0,1.0
2660,2123120,11.0,Rv1872c,0.0,1.0,1.0
2661,2123731,16.0,Rv1874,1.0,0.0,1.0
2662,2123869,62.0,Rv1874,0.0,1.0,1.0
2663,2124075,131.0,Rv1874,0.0,1.0,1.0
2664,2124554,58.0,Rv1875,0.0,1.0,1.0
2665,2124702,108.0,Rv1875,1.0,0.0,1.0
2666,2126386,161.0,Rv1877,0.0,1.0,1.0
2667,2127573,557.0,Rv1877,1.0,0.0,1.0
2668,2127960,686.0,Rv1877,0.0,1.0,1.0
2669,2128404,128.0,Rv1878,0.0,1.0,1.0
2670,2129167,382.0,Rv1878,0.0,1.0,1.0
2671,2129456,27.0,Rv1879,0.0,1.0,1.0
2672,2129753,126.0,Rv1879,0.0,1.0,1.0
2673,2131779,27.0,Rv1880c,0.0,1.0,1.0
2674,2132734,157.0,Rv1882c,1.0,0.0,1.0
2675,2132798,136.0,Rv1882c,0.0,1.0,1.0
2676,2134247,5.0,Rv1884c,0.0,1.0,1.0
2677,2134764,37.0,Rv1885c,0.0,1.0,1.0
2678,2136654,133.0,Rv1887,1.0,0.0,1.0
2679,2136787,177.0,Rv1887,0.0,1.0,1.0
2680,2139458,77.0,Rv1890c,0.0,1.0,1.0
2681,2139825,29.0,Rv1891,0.0,1.0,1.0
2682,2140003,88.0,Rv1891,2.0,0.0,2.0
2683,2140268,35.0,Rv1892,1.0,0.0,1.0
2684,2140394,77.0,Rv1892,0.0,1.0,1.0
2685,2141408,154.0,Rv1894c,2.0,0.0,2.0
2686,2141544,109.0,Rv1894c,1.0,0.0,1.0
2687,2141599,91.0,Rv1894c,0.0,1.0,1.0
2688,2143696,251.0,Rv1896c,0.0,1.0,1.0
2689,2144753,44.0,Rv1897c,1.0,0.0,1.0
2690,2144871,4.0,Rv1897c,0.0,1.0,1.0
2691,2145564,228.0,Rv1899c,0.0,1.0,1.0
2692,2145766,160.0,Rv1899c,0.0,1.0,1.0
2693,2145775,157.0,Rv1899c,0.0,1.0,1.0
2694,2146215,11.0,Rv1899c,0.0,1.0,1.0
2695,2146496,380.0,Rv1900c,0.0,1.0,1.0
2696,2147164,157.0,Rv1900c,0.0,1.0,1.0
2697,2150398,12.0,Rv1903,0.0,1.0,1.0
2698,2150447,28.0,Rv1903,0.0,1.0,1.0
2699,2150476,38.0,Rv1903,2.0,0.0,2.0
2700,2150585,74.0,Rv1903,0.0,1.0,1.0
2701,2150646,95.0,Rv1903,0.0,1.0,1.0
2702,2151778,206.0,Rv1905c,0.0,1.0,1.0
2703,2151888,170.0,Rv1905c,1.0,0.0,1.0
2704,2152774,41.0,Rv1906c,0.0,1.0,1.0
2705,2153637,82.0,Rv1907c,0.0,1.0,1.0
2706,2154158,652.0,Rv1908c,1.0,0.0,1.0
2707,2154161,651.0,Rv1908c,0.0,1.0,1.0
2708,2154248,622.0,Rv1908c,1.0,0.0,1.0
2709,2154309,601.0,Rv1908c,1.0,0.0,1.0
2710,2154671,481.0,Rv1908c,0.0,2.0,2.0
2711,2154823,430.0,Rv1908c,0.0,1.0,1.0
2712,2154942,390.0,Rv1908c,1.0,0.0,1.0
2713,2155245,289.0,Rv1908c,0.0,1.0,1.0
2714,2155426,229.0,Rv1908c,0.0,1.0,1.0
2715,2155743,123.0,Rv1908c,0.0,1.0,1.0
2716,2155747,122.0,Rv1908c,0.0,1.0,1.0
2717,2156023,30.0,Rv1908c,0.0,1.0,1.0
2718,2156189,138.0,Rv1909c,0.0,1.0,1.0
2719,2156362,80.0,Rv1909c,1.0,0.0,1.0
2720,2157894,32.0,Rv1911c,0.0,1.0,1.0
2721,2157901,29.0,Rv1911c,0.0,3.0,3.0
2722,2158405,229.0,Rv1912c,1.0,0.0,1.0
2723,2158431,221.0,Rv1912c,1.0,0.0,1.0
2724,2158573,173.0,Rv1912c,0.0,1.0,1.0
2725,2158805,96.0,Rv1912c,0.0,1.0,1.0
2726,2160992,177.0,Rv1915,0.0,1.0,1.0
2727,2162394,277.0,Rv1916,0.0,1.0,1.0
2728,2163161,1384.0,Rv1917c,0.0,1.0,1.0
2729,2163219,1365.0,Rv1917c,2.0,1.0,3.0
2730,2163660,1218.0,Rv1917c,0.0,1.0,1.0
2731,2163726,1196.0,Rv1917c,0.0,1.0,1.0
2732,2164085,1076.0,Rv1917c,0.0,1.0,1.0
2733,2166857,152.0,Rv1917c,1.0,0.0,1.0
2734,2168264,783.0,Rv1918c,0.0,1.0,1.0
2735,2168461,718.0,Rv1918c,0.0,1.0,1.0
2736,2169462,384.0,Rv1918c,0.0,1.0,1.0
2737,2169925,230.0,Rv1918c,0.0,1.0,1.0
2738,2170135,160.0,Rv1918c,0.0,1.0,1.0
2739,2170173,147.0,Rv1918c,2.0,0.0,2.0
2740,2172384,254.0,Rv1920,0.0,2.0,2.0
2741,2172978,273.0,Rv1921c,0.0,1.0,1.0
2742,2174643,193.0,Rv1922,1.0,0.0,1.0
2743,2175165,367.0,Rv1922,1.0,0.0,1.0
2744,2175483,104.0,Rv1923,0.0,1.0,1.0
2745,2175511,113.0,Rv1923,0.0,1.0,1.0
2746,2176364,398.0,Rv1923,1.0,0.0,1.0
2747,2176863,23.0,Rv1924c,0.0,1.0,1.0
2748,2177340,85.0,Rv1925,0.0,1.0,1.0
2749,2179060,126.0,Rv1926c,0.0,1.0,1.0
2750,2179121,106.0,Rv1926c,0.0,1.0,1.0
2751,2179775,35.0,Rv1927,1.0,0.0,1.0
2752,2179926,85.0,Rv1927,0.0,1.0,1.0
2753,2180761,153.0,Rv1928c,0.0,1.0,1.0
2754,2181416,164.0,Rv1929c,1.0,0.0,1.0
2755,2182748,164.0,Rv1931c,0.0,1.0,1.0
2756,2182751,163.0,Rv1931c,1.0,0.0,1.0
2757,2183026,72.0,Rv1931c,0.0,1.0,1.0
2758,2183402,11.0,Rv1932,0.0,1.0,1.0
2759,2183620,83.0,Rv1932,1.0,0.0,1.0
2760,2184549,137.0,Rv1933c,0.0,1.0,1.0
2761,2185102,363.0,Rv1934c,0.0,1.0,1.0
2762,2185125,355.0,Rv1934c,0.0,1.0,1.0
2763,2185437,251.0,Rv1934c,1.0,0.0,1.0
2764,2185457,244.0,Rv1934c,0.0,1.0,1.0
2765,2185797,131.0,Rv1934c,0.0,1.0,1.0
2766,2186334,276.0,Rv1935c,0.0,1.0,1.0
2767,2186568,198.0,Rv1935c,0.0,1.0,1.0
2768,2186597,188.0,Rv1935c,0.0,1.0,1.0
2769,2188345,321.0,Rv1936,0.0,1.0,1.0
2770,2188518,8.0,Rv1937,0.0,1.0,1.0
2771,2189056,187.0,Rv1937,1.0,0.0,1.0
2772,2189187,231.0,Rv1937,0.0,1.0,1.0
2773,2189298,268.0,Rv1937,0.0,1.0,1.0
2774,2189333,280.0,Rv1937,1.0,0.0,1.0
2775,2189603,370.0,Rv1937,0.0,1.0,1.0
2776,2191320,98.0,Rv1938,0.0,1.0,1.0
2777,2192390,99.0,Rv1939,0.0,1.0,1.0
2778,2192407,105.0,Rv1939,0.0,1.0,1.0
2779,2193223,206.0,Rv1940,0.0,1.0,1.0
2780,2193641,346.0,Rv1940,0.0,1.0,1.0
2781,2194176,171.0,Rv1941,0.0,1.0,1.0
2782,2194690,95.0,Rv1942c,0.0,1.0,1.0
2783,2195747,63.0,Rv1944c,0.0,1.0,1.0
2784,2197015,343.0,Rv1945,0.0,1.0,1.0
2785,2197139,384.0,Rv1945,0.0,1.0,1.0
2786,2197331,448.0,Rv1945,0.0,4.0,4.0
2787,2197838,41.0,Rv1946c,1.0,0.0,1.0
2788,2198211,63.0,Rv1947,0.0,1.0,1.0
2789,2198736,110.0,Rv1948c,0.0,1.0,1.0
2790,2198886,60.0,Rv1948c,1.0,0.0,1.0
2791,2199113,308.0,Rv1949c,0.0,1.0,1.0
2792,2199493,181.0,Rv1949c,1.0,0.0,1.0
2793,2199875,54.0,Rv1949c,0.0,1.0,1.0
2794,2200176,5.0,Rv1950c,1.0,0.0,1.0
2795,2200257,77.0,Rv1951c,0.0,1.0,1.0
2796,2200803,26.0,Rv1952,0.0,1.0,1.0
2797,2200903,60.0,Rv1952,0.0,1.0,1.0
2798,2201195,86.0,Rv1953,1.0,0.0,1.0
2799,2201507,80.0,Rv1954c,1.0,1.0,2.0
2800,2201955,124.0,Rv1955,1.0,0.0,1.0
2801,2202193,19.0,Rv1956,0.0,1.0,1.0
2802,2202829,82.0,Rv1957,0.0,2.0,2.0
2803,2203535,33.0,Rv1958c,0.0,1.0,1.0
2804,2203848,44.0,Rv1959c,1.0,0.0,1.0
2805,2205589,405.0,Rv1963c,1.0,0.0,1.0
2806,2210031,235.0,Rv1966,2.0,0.0,2.0
2807,2210484,386.0,Rv1966,0.0,1.0,1.0
2808,2211337,246.0,Rv1967,0.0,1.0,1.0
2809,2211441,281.0,Rv1967,0.0,1.0,1.0
2810,2211674,17.0,Rv1968,1.0,5.0,6.0
2811,2211684,20.0,Rv1968,0.0,2.0,2.0
2812,2211694,23.0,Rv1968,0.0,1.0,1.0
2813,2211768,48.0,Rv1968,0.0,1.0,1.0
2814,2212425,267.0,Rv1968,0.0,1.0,1.0
2815,2212943,30.0,Rv1969,0.0,2.0,2.0
2816,2213031,59.0,Rv1969,1.0,0.0,1.0
2817,2213041,63.0,Rv1969,0.0,1.0,1.0
2818,2213303,150.0,Rv1969,0.0,1.0,1.0
2819,2213387,178.0,Rv1969,0.0,1.0,1.0
2820,2213645,264.0,Rv1969,0.0,2.0,2.0
2821,2213942,363.0,Rv1969,0.0,1.0,1.0
2822,2215221,367.0,Rv1970,0.0,1.0,1.0
2823,2215497,81.0,Rv1971,0.0,1.0,1.0
2824,2215791,179.0,Rv1971,1.0,0.0,1.0
2825,2216127,291.0,Rv1971,1.0,0.0,1.0
2826,2216149,298.0,Rv1971,0.0,1.0,1.0
2827,2216720,43.0,Rv1972,0.0,9.0,9.0
2828,2217381,73.0,Rv1973,1.0,0.0,1.0
2829,2217474,104.0,Rv1973,0.0,1.0,1.0
2830,2217611,150.0,Rv1973,0.0,1.0,1.0
2831,2218111,20.0,Rv1975,0.0,1.0,1.0
2832,2218148,33.0,Rv1975,0.0,1.0,1.0
2833,2218473,141.0,Rv1975,1.0,0.0,1.0
2834,2219086,56.0,Rv1976c,0.0,1.0,1.0
2835,2220772,340.0,Rv1977,0.0,1.0,1.0
2836,2220924,6.0,Rv1978,0.0,1.0,1.0
2837,2221260,118.0,Rv1978,0.0,1.0,1.0
2838,2221513,202.0,Rv1978,3.0,0.0,3.0
2839,2221586,227.0,Rv1978,0.0,1.0,1.0
2840,2222476,230.0,Rv1979c,0.0,1.0,1.0
2841,2222708,153.0,Rv1979c,1.0,0.0,1.0
2842,2222720,149.0,Rv1979c,0.0,1.0,1.0
2843,2223723,103.0,Rv1980c,1.0,0.0,1.0
2844,2225522,104.0,Rv1982c,0.0,1.0,1.0
2845,2227163,307.0,Rv1983,1.0,0.0,1.0
2846,2230212,68.0,Rv1986,1.0,0.0,1.0
2847,2230284,92.0,Rv1986,1.0,0.0,1.0
2848,2231320,99.0,Rv1987,1.0,0.0,1.0
2849,2231846,56.0,Rv1988,0.0,1.0,1.0
2850,2231850,57.0,Rv1988,0.0,1.0,1.0
2851,2232019,114.0,Rv1988,1.0,0.0,1.0
2852,2232103,142.0,Rv1988,0.0,1.0,1.0
2853,2232150,157.0,Rv1988,0.0,1.0,1.0
2854,2232182,168.0,Rv1988,0.0,1.0,1.0
2855,2233941,92.0,Rv1990A,1.0,0.0,1.0
2856,2235229,693.0,Rv1992c,0.0,1.0,1.0
2857,2235755,518.0,Rv1992c,0.0,1.0,1.0
2858,2235977,444.0,Rv1992c,1.0,0.0,1.0
2859,2236357,317.0,Rv1992c,0.0,1.0,1.0
2860,2236528,260.0,Rv1992c,0.0,1.0,1.0
2861,2236658,217.0,Rv1992c,1.0,0.0,1.0
2862,2237067,80.0,Rv1992c,0.0,1.0,1.0
2863,2237122,62.0,Rv1992c,0.0,1.0,1.0
2864,2237324,84.0,Rv1993c,0.0,1.0,1.0
2865,2237328,83.0,Rv1993c,0.0,1.0,1.0
2866,2237516,20.0,Rv1993c,0.0,1.0,1.0
2867,2240216,20.0,Rv1997,1.0,1.0,2.0
2868,2240955,266.0,Rv1997,0.0,1.0,1.0
2869,2241469,437.0,Rv1997,1.0,0.0,1.0
2870,2241974,606.0,Rv1997,1.0,0.0,1.0
2871,2242200,681.0,Rv1997,0.0,1.0,1.0
2872,2242237,693.0,Rv1997,0.0,1.0,1.0
2873,2242557,800.0,Rv1997,1.0,0.0,1.0
2874,2243076,216.0,Rv1998c,0.0,1.0,1.0
2875,2243460,88.0,Rv1998c,0.0,1.0,1.0
2876,2243846,431.0,Rv1999c,1.0,0.0,1.0
2877,2244183,319.0,Rv1999c,0.0,1.0,1.0
2878,2246030,274.0,Rv2000,0.0,1.0,1.0
2879,2246226,340.0,Rv2000,0.0,1.0,1.0
2880,2246379,391.0,Rv2000,1.0,0.0,1.0
2881,2246719,504.0,Rv2000,1.0,0.0,1.0
2882,2246819,537.0,Rv2000,0.0,1.0,1.0
2883,2247432,201.0,Rv2001,1.0,0.0,1.0
2884,2249367,18.0,Rv2003c,1.0,0.0,1.0
2885,2250466,170.0,Rv2004c,0.0,1.0,1.0
2886,2250485,164.0,Rv2004c,0.0,1.0,1.0
2887,2250644,111.0,Rv2004c,0.0,1.0,1.0
2888,2251741,48.0,Rv2005c,0.0,1.0,1.0
2889,2252150,50.0,Rv2006,1.0,0.0,1.0
2890,2252189,63.0,Rv2006,0.0,1.0,1.0
2891,2252924,308.0,Rv2006,0.0,1.0,1.0
2892,2253215,405.0,Rv2006,1.0,0.0,1.0
2893,2253346,449.0,Rv2006,0.0,1.0,1.0
2894,2253523,508.0,Rv2006,1.0,0.0,1.0
2895,2254174,725.0,Rv2006,0.0,1.0,1.0
2896,2254551,850.0,Rv2006,0.0,1.0,1.0
2897,2258563,97.0,Rv2010,0.0,1.0,1.0
2898,2258646,125.0,Rv2010,0.0,1.0,1.0
2899,2258994,98.0,Rv2011c,0.0,1.0,1.0
2900,2259350,9.0,Rv2012,1.0,0.0,1.0
2901,2259508,61.0,Rv2012,1.0,0.0,1.0
2902,2259531,69.0,Rv2012,0.0,1.0,1.0
2903,2259546,74.0,Rv2012,1.0,0.0,1.0
2904,2259799,158.0,Rv2012,0.0,1.0,1.0
2905,2263619,65.0,Rv2016,0.0,1.0,1.0
2906,2263952,176.0,Rv2016,1.0,0.0,1.0
2907,2264248,84.0,Rv2017,1.0,0.0,1.0
2908,2264488,164.0,Rv2017,1.0,0.0,1.0
2909,2266313,109.0,Rv2019,0.0,1.0,1.0
2910,2267246,160.0,Rv2022c,0.0,1.0,1.0
2911,2267282,148.0,Rv2022c,1.0,0.0,1.0
2912,2267696,10.0,Rv2022c,0.0,1.0,1.0
2913,2268332,132.0,Rv2023A,0.0,1.0,1.0
2914,2269335,302.0,Rv2024c,0.0,1.0,1.0
2915,2271709,14.0,Rv2025c,0.0,1.0,1.0
2916,2271968,260.0,Rv2026c,0.0,1.0,1.0
2917,2272195,185.0,Rv2026c,1.0,0.0,1.0
2918,2272720,10.0,Rv2026c,0.0,1.0,1.0
2919,2274418,31.0,Rv2027c,1.0,0.0,1.0
2920,2275215,65.0,Rv2028c,0.0,1.0,1.0
2921,2275254,52.0,Rv2028c,1.0,0.0,1.0
2922,2276272,51.0,Rv2029c,0.0,7.0,7.0
2923,2276646,614.0,Rv2030c,0.0,1.0,1.0
2924,2276690,599.0,Rv2030c,0.0,1.0,1.0
2925,2277107,460.0,Rv2030c,0.0,1.0,1.0
2926,2277119,456.0,Rv2030c,1.0,0.0,1.0
2927,2277195,431.0,Rv2030c,0.0,1.0,1.0
2928,2277588,300.0,Rv2030c,0.0,1.0,1.0
2929,2277772,239.0,Rv2030c,0.0,1.0,1.0
2930,2277988,167.0,Rv2030c,0.0,1.0,1.0
2931,2278070,139.0,Rv2030c,0.0,1.0,1.0
2932,2278204,95.0,Rv2030c,1.0,0.0,1.0
2933,2278791,48.0,Rv2031c,1.0,0.0,1.0
2934,2280841,81.0,Rv2033c,0.0,2.0,2.0
2935,2281612,107.0,Rv2034,0.0,1.0,1.0
2936,2282344,82.0,Rv2036,0.0,1.0,1.0
2937,2282353,85.0,Rv2036,0.0,1.0,1.0
2938,2282778,315.0,Rv2037c,0.0,1.0,1.0
2939,2283139,195.0,Rv2037c,0.0,1.0,1.0
2940,2283234,163.0,Rv2037c,0.0,1.0,1.0
2941,2283859,313.0,Rv2038c,0.0,1.0,1.0
2942,2284578,73.0,Rv2038c,0.0,1.0,1.0
2943,2284689,36.0,Rv2038c,2.0,0.0,2.0
2944,2287902,260.0,Rv2042c,0.0,1.0,1.0
2945,2288055,209.0,Rv2042c,0.0,1.0,1.0
2946,2288734,170.0,Rv2043c,0.0,1.0,1.0
2947,2288747,165.0,Rv2043c,0.0,1.0,1.0
2948,2288781,154.0,Rv2043c,0.0,1.0,1.0
2949,2288820,141.0,Rv2043c,1.0,0.0,1.0
2950,2288827,139.0,Rv2043c,0.0,1.0,1.0
2951,2288845,133.0,Rv2043c,0.0,1.0,1.0
2952,2288847,132.0,Rv2043c,0.0,7.0,7.0
2953,2288853,130.0,Rv2043c,0.0,10.0,10.0
2954,2288895,116.0,Rv2043c,0.0,2.0,2.0
2955,2288950,98.0,Rv2043c,0.0,1.0,1.0
2956,2288956,96.0,Rv2043c,1.0,0.0,1.0
2957,2289032,70.0,Rv2043c,1.0,0.0,1.0
2958,2289059,61.0,Rv2043c,0.0,1.0,1.0
2959,2289077,55.0,Rv2043c,0.0,1.0,1.0
2960,2289081,54.0,Rv2043c,0.0,1.0,1.0
2961,2289227,5.0,Rv2043c,0.0,1.0,1.0
2962,2289317,95.0,Rv2044c,1.0,0.0,1.0
2963,2290368,285.0,Rv2045c,0.0,1.0,1.0
2964,2290460,254.0,Rv2045c,0.0,1.0,1.0
2965,2291401,45.0,Rv2046,1.0,0.0,1.0
2966,2291498,77.0,Rv2046,0.0,1.0,1.0
2967,2291544,92.0,Rv2046,0.0,1.0,1.0
2968,2292004,841.0,Rv2047c,0.0,2.0,2.0
2969,2292348,727.0,Rv2047c,0.0,1.0,1.0
2970,2294662,4109.0,Rv2048c,0.0,1.0,1.0
2971,2295018,3990.0,Rv2048c,1.0,0.0,1.0
2972,2295072,3972.0,Rv2048c,0.0,1.0,1.0
2973,2296663,3442.0,Rv2048c,0.0,1.0,1.0
2974,2298232,2919.0,Rv2048c,1.0,0.0,1.0
2975,2300383,2202.0,Rv2048c,2.0,0.0,2.0
2976,2303927,1020.0,Rv2048c,0.0,1.0,1.0
2977,2303982,1002.0,Rv2048c,0.0,1.0,1.0
2978,2304620,789.0,Rv2048c,1.0,0.0,1.0
2979,2304935,684.0,Rv2048c,0.0,1.0,1.0
2980,2308167,863.0,Rv2051c,1.0,0.0,1.0
2981,2308733,675.0,Rv2051c,1.0,0.0,1.0
2982,2308954,601.0,Rv2051c,0.0,1.0,1.0
2983,2310123,211.0,Rv2051c,0.0,1.0,1.0
2984,2310545,71.0,Rv2051c,1.0,0.0,1.0
2985,2311994,175.0,Rv2052c,1.0,0.0,1.0
2986,2312523,176.0,Rv2053c,0.0,1.0,1.0
2987,2312644,136.0,Rv2053c,0.0,1.0,1.0
2988,2312981,23.0,Rv2053c,0.0,1.0,1.0
2989,2313208,28.0,Rv2054,1.0,5.0,6.0
2990,2314383,93.0,Rv2056c,0.0,1.0,1.0
2991,2314818,3.0,Rv2057c,1.0,0.0,1.0
2992,2315337,55.0,Rv2059,0.0,1.0,1.0
2993,2315694,174.0,Rv2059,0.0,1.0,1.0
2994,2315739,189.0,Rv2059,0.0,1.0,1.0
2995,2318470,762.0,Rv2062c,0.0,1.0,1.0
2996,2319311,481.0,Rv2062c,1.0,0.0,1.0
2997,2319735,340.0,Rv2062c,1.0,0.0,1.0
2998,2320585,57.0,Rv2062c,0.0,1.0,1.0
2999,2321663,71.0,Rv2064,1.0,0.0,1.0
3000,2321771,107.0,Rv2064,0.0,1.0,1.0
3001,2322001,184.0,Rv2064,1.0,0.0,1.0
3002,2322765,72.0,Rv2065,0.0,1.0,1.0
3003,2323136,195.0,Rv2065,3.0,16.0,19.0
3004,2324174,334.0,Rv2066,0.0,1.0,1.0
3005,2324301,376.0,Rv2066,0.0,1.0,1.0
3006,2324545,457.0,Rv2066,0.0,1.0,1.0
3007,2324593,473.0,Rv2066,0.0,1.0,1.0
3008,2325174,233.0,Rv2067c,0.0,1.0,1.0
3009,2325565,102.0,Rv2067c,1.0,0.0,1.0
3010,2325794,26.0,Rv2067c,1.0,0.0,1.0
3011,2326118,231.0,Rv2068c,0.0,1.0,1.0
3012,2326197,205.0,Rv2068c,0.0,1.0,1.0
3013,2326636,58.0,Rv2068c,0.0,1.0,1.0
3014,2328760,73.0,Rv2071c,7.0,3.0,10.0
3015,2329519,210.0,Rv2072c,0.0,1.0,1.0
3016,2329834,105.0,Rv2072c,0.0,1.0,1.0
3017,2330901,21.0,Rv2073c,0.0,1.0,1.0
3018,2331243,84.0,Rv2074,0.0,1.0,1.0
3019,2332368,171.0,Rv2075c,1.0,0.0,1.0
3020,2333327,323.0,Rv2077c,1.0,0.0,1.0
3021,2333465,277.0,Rv2077c,0.0,1.0,1.0
3022,2333613,228.0,Rv2077c,0.0,1.0,1.0
3023,2333627,223.0,Rv2077c,0.0,1.0,1.0
3024,2333902,131.0,Rv2077c,0.0,1.0,1.0
3025,2336391,346.0,Rv2079,1.0,0.0,1.0
3026,2336507,385.0,Rv2079,0.0,1.0,1.0
3027,2336551,399.0,Rv2079,0.0,1.0,1.0
3028,2336662,436.0,Rv2079,0.0,1.0,1.0
3029,2336945,531.0,Rv2079,0.0,1.0,1.0
3030,2336987,545.0,Rv2079,0.0,1.0,1.0
3031,2337596,97.0,Rv2080,0.0,1.0,1.0
3032,2337728,141.0,Rv2080,1.0,0.0,1.0
3033,2338192,105.0,Rv2081c,0.0,1.0,1.0
3034,2338199,103.0,Rv2081c,1.0,0.0,1.0
3035,2338200,102.0,Rv2081c,0.0,1.0,1.0
3036,2338299,69.0,Rv2081c,0.0,1.0,1.0
3037,2338868,54.0,Rv2082,1.0,0.0,1.0
3038,2339157,150.0,Rv2082,0.0,1.0,1.0
3039,2339412,235.0,Rv2082,0.0,1.0,1.0
3040,2339608,300.0,Rv2082,0.0,25.0,25.0
3041,2339611,301.0,Rv2082,0.0,3.0,3.0
3042,2340185,493.0,Rv2082,0.0,1.0,1.0
3043,2340369,554.0,Rv2082,0.0,2.0,2.0
3044,2340531,608.0,Rv2082,0.0,1.0,1.0
3045,2341217,116.0,Rv2083,0.0,1.0,1.0
3046,2341496,209.0,Rv2083,1.0,0.0,1.0
3047,2341558,230.0,Rv2083,1.0,0.0,1.0
3048,2341586,239.0,Rv2083,0.0,1.0,1.0
3049,2343102,26.0,Rv2085,0.0,1.0,1.0
3050,2344779,123.0,Rv2088,0.0,1.0,1.0
3051,2345229,273.0,Rv2088,0.0,1.0,1.0
3052,2345282,291.0,Rv2088,1.0,0.0,1.0
3053,2345579,390.0,Rv2088,0.0,1.0,1.0
3054,2345664,418.0,Rv2088,1.0,0.0,1.0
3055,2346394,311.0,Rv2089c,0.0,1.0,1.0
3056,2346729,199.0,Rv2089c,1.0,0.0,1.0
3057,2346750,192.0,Rv2089c,1.0,0.0,1.0
3058,2348065,231.0,Rv2090,0.0,1.0,1.0
3059,2348848,149.0,Rv2091c,0.0,1.0,1.0
3060,2348948,115.0,Rv2091c,1.0,0.0,1.0
3061,2349082,71.0,Rv2091c,0.0,1.0,1.0
3062,2349898,719.0,Rv2092c,0.0,1.0,1.0
3063,2350437,540.0,Rv2092c,0.0,1.0,1.0
3064,2351736,107.0,Rv2092c,1.0,0.0,1.0
3065,2352053,1.0,Rv2092c,1.0,0.0,1.0
3066,2353559,253.0,Rv2095c,1.0,0.0,1.0
3067,2353586,244.0,Rv2095c,0.0,1.0,1.0
3068,2356778,419.0,Rv2098c,0.0,1.0,1.0
3069,2357054,327.0,Rv2098c,0.0,1.0,1.0
3070,2357062,324.0,Rv2098c,0.0,1.0,1.0
3071,2357162,291.0,Rv2098c,2.0,33.0,35.0
3072,2357944,30.0,Rv2098c,0.0,1.0,1.0
3073,2358462,25.0,Rv2100,0.0,1.0,1.0
3074,2358639,84.0,Rv2100,1.0,0.0,1.0
3075,2359139,251.0,Rv2100,0.0,1.0,1.0
3076,2359185,266.0,Rv2100,0.0,1.0,1.0
3077,2359194,269.0,Rv2100,0.0,1.0,1.0
3078,2359245,286.0,Rv2100,1.0,0.0,1.0
3079,2359800,471.0,Rv2100,0.0,1.0,1.0
3080,2360405,56.0,Rv2101,0.0,1.0,1.0
3081,2361139,300.0,Rv2101,0.0,1.0,1.0
3082,2361360,374.0,Rv2101,0.0,1.0,1.0
3083,2362268,677.0,Rv2101,1.0,0.0,1.0
3084,2362338,700.0,Rv2101,0.0,1.0,1.0
3085,2362570,777.0,Rv2101,1.0,0.0,1.0
3086,2362848,870.0,Rv2101,0.0,1.0,1.0
3087,2363031,931.0,Rv2101,0.0,1.0,1.0
3088,2364431,30.0,Rv2103c,0.0,1.0,1.0
3089,2367632,92.0,Rv2107,0.0,1.0,1.0
3090,2370548,18.0,Rv2110c,0.0,1.0,1.0
3091,2372206,122.0,Rv2112c,0.0,1.0,1.0
3092,2372307,88.0,Rv2112c,0.0,23.0,23.0
3093,2372638,3.0,Rv2113,0.0,1.0,1.0
3094,2373045,139.0,Rv2113,0.0,1.0,1.0
3095,2373303,225.0,Rv2113,0.0,1.0,1.0
3096,2373580,317.0,Rv2113,0.0,1.0,1.0
3097,2373680,351.0,Rv2113,1.0,0.0,1.0
3098,2373696,356.0,Rv2113,3.0,0.0,3.0
3099,2373753,375.0,Rv2113,0.0,1.0,1.0
3100,2373756,376.0,Rv2113,1.0,0.0,1.0
3101,2373908,25.0,Rv2114,1.0,0.0,1.0
3102,2374037,68.0,Rv2114,1.0,0.0,1.0
3103,2374175,114.0,Rv2114,0.0,1.0,1.0
3104,2375957,112.0,Rv2115c,0.0,1.0,1.0
3105,2376223,23.0,Rv2115c,0.0,1.0,1.0
3106,2376627,19.0,Rv2116,1.0,0.0,1.0
3107,2376950,127.0,Rv2116,0.0,1.0,1.0
3108,2378410,9.0,Rv2119,0.0,1.0,1.0
3109,2378876,164.0,Rv2119,0.0,1.0,1.0
3110,2378953,190.0,Rv2119,0.0,1.0,1.0
3111,2381711,214.0,Rv2123,0.0,1.0,1.0
3112,2382007,313.0,Rv2123,0.0,1.0,1.0
3113,2382085,339.0,Rv2123,1.0,0.0,1.0
3114,2382425,452.0,Rv2123,0.0,1.0,1.0
3115,2382449,460.0,Rv2123,0.0,1.0,1.0
3116,2383021,1016.0,Rv2124c,0.0,1.0,1.0
3117,2383323,915.0,Rv2124c,0.0,1.0,1.0
3118,2383636,811.0,Rv2124c,0.0,1.0,1.0
3119,2384149,640.0,Rv2124c,0.0,1.0,1.0
3120,2384294,592.0,Rv2124c,0.0,1.0,1.0
3121,2384474,532.0,Rv2124c,0.0,1.0,1.0
3122,2384569,500.0,Rv2124c,0.0,1.0,1.0
3123,2385135,311.0,Rv2124c,0.0,1.0,1.0
3124,2385217,284.0,Rv2124c,0.0,1.0,1.0
3125,2385387,227.0,Rv2124c,0.0,1.0,1.0
3126,2387071,260.0,Rv2125,0.0,1.0,1.0
3127,2388808,65.0,Rv2127,0.0,1.0,1.0
3128,2390007,464.0,Rv2127,0.0,1.0,1.0
3129,2390047,478.0,Rv2127,1.0,0.0,1.0
3130,2390132,16.0,Rv2128,1.0,0.0,1.0
3131,2390793,133.0,Rv2129c,0.0,1.0,1.0
3132,2391032,53.0,Rv2129c,0.0,1.0,1.0
3133,2393284,13.0,Rv2131c,1.0,0.0,1.0
3134,2394243,133.0,Rv2133c,0.0,1.0,1.0
3135,2394324,106.0,Rv2133c,1.0,0.0,1.0
3136,2394629,4.0,Rv2133c,0.0,1.0,1.0
3137,2395036,68.0,Rv2134c,1.0,0.0,1.0
3138,2395115,41.0,Rv2134c,0.0,1.0,1.0
3139,2396723,39.0,Rv2136c,1.0,0.0,1.0
3140,2396962,118.0,Rv2137c,0.0,1.0,1.0
3141,2397488,53.0,Rv2138,1.0,0.0,1.0
3142,2399473,252.0,Rv2139,0.0,1.0,1.0
3143,2401011,238.0,Rv2141c,1.0,0.0,1.0
3144,2401705,6.0,Rv2141c,0.0,1.0,1.0
3145,2403114,46.0,Rv2143,1.0,0.0,1.0
3146,2403218,81.0,Rv2143,0.0,1.0,1.0
3147,2403647,224.0,Rv2143,0.0,1.0,1.0
3148,2403793,273.0,Rv2143,0.0,1.0,1.0
3149,2404206,106.0,Rv2144c,1.0,0.0,1.0
3150,2407981,132.0,Rv2149c,0.0,1.0,1.0
3151,2409756,296.0,Rv2151c,1.0,0.0,1.0
3152,2410592,17.0,Rv2151c,0.0,1.0,1.0
3153,2411653,157.0,Rv2152c,0.0,1.0,1.0
3154,2412224,376.0,Rv2153c,0.0,1.0,1.0
3155,2412310,348.0,Rv2153c,0.0,1.0,1.0
3156,2412524,276.0,Rv2153c,0.0,1.0,1.0
3157,2413132,74.0,Rv2153c,1.0,0.0,1.0
3158,2413280,24.0,Rv2153c,0.0,1.0,1.0
3159,2413310,14.0,Rv2153c,1.0,0.0,1.0
3160,2414370,185.0,Rv2154c,0.0,1.0,1.0
3161,2414372,184.0,Rv2154c,0.0,1.0,1.0
3162,2414851,24.0,Rv2154c,0.0,1.0,1.0
3163,2416408,356.0,Rv2156c,1.0,0.0,1.0
3164,2420665,334.0,Rv2159c,0.0,2.0,2.0
3165,2420745,307.0,Rv2159c,0.0,1.0,1.0
3166,2421448,73.0,Rv2159c,0.0,1.0,1.0
3167,2423137,1.0,Rv2161c,0.0,2.0,2.0
3168,2423367,491.0,Rv2162c,0.0,2.0,2.0
3169,2423384,485.0,Rv2162c,0.0,1.0,1.0
3170,2424374,155.0,Rv2162c,0.0,2.0,2.0
3171,2424740,33.0,Rv2162c,0.0,3.0,3.0
3172,2424761,26.0,Rv2162c,0.0,1.0,1.0
3173,2426196,298.0,Rv2163c,0.0,1.0,1.0
3174,2427007,27.0,Rv2163c,1.0,0.0,1.0
3175,2427045,15.0,Rv2163c,0.0,1.0,1.0
3176,2427218,341.0,Rv2164c,0.0,1.0,1.0
3177,2427528,237.0,Rv2164c,0.0,1.0,1.0
3178,2429391,12.0,Rv2165c,2.0,0.0,2.0
3179,2432432,66.0,Rv2170,1.0,0.0,1.0
3180,2433261,104.0,Rv2171,1.0,0.0,1.0
3181,2433960,193.0,Rv2172c,0.0,1.0,1.0
3182,2434295,81.0,Rv2172c,1.0,0.0,1.0
3183,2434978,44.0,Rv2173,0.0,1.0,1.0
3184,2435042,66.0,Rv2173,0.0,1.0,1.0
3185,2435068,74.0,Rv2173,1.0,0.0,1.0
3186,2435679,278.0,Rv2173,0.0,1.0,1.0
3187,2442670,182.0,Rv2180c,1.0,0.0,1.0
3188,2442719,166.0,Rv2180c,0.0,1.0,1.0
3189,2442874,114.0,Rv2180c,0.0,1.0,1.0
3190,2442930,95.0,Rv2180c,1.0,0.0,1.0
3191,2443824,175.0,Rv2181,0.0,1.0,1.0
3192,2447632,121.0,Rv2186c,0.0,1.0,1.0
3193,2448415,86.0,Rv2187,1.0,0.0,1.0
3194,2449013,285.0,Rv2187,0.0,1.0,1.0
3195,2449765,536.0,Rv2187,0.0,1.0,1.0
3196,2449948,597.0,Rv2187,0.0,1.0,1.0
3197,2454189,124.0,Rv2191,0.0,1.0,1.0
3198,2454815,333.0,Rv2191,0.0,6.0,6.0
3199,2455371,518.0,Rv2191,1.0,0.0,1.0
3200,2455970,258.0,Rv2192c,23.0,10.0,33.0
3201,2457061,54.0,Rv2193,1.0,0.0,1.0
3202,2458406,5.0,Rv2195,1.0,0.0,1.0
3203,2458518,43.0,Rv2195,1.0,0.0,1.0
3204,2459668,426.0,Rv2195,1.0,0.0,1.0
3205,2461960,63.0,Rv2197c,0.0,1.0,1.0
3206,2464597,52.0,Rv2200c,1.0,0.0,1.0
3207,2465232,79.0,Rv2201,1.0,0.0,1.0
3208,2466833,613.0,Rv2201,1.0,0.0,1.0
3209,2468812,194.0,Rv2203,0.0,1.0,1.0
3210,2468856,209.0,Rv2203,1.0,0.0,1.0
3211,2469606,286.0,Rv2205c,0.0,1.0,1.0
3212,2469786,226.0,Rv2205c,0.0,1.0,1.0
3213,2469914,184.0,Rv2205c,0.0,1.0,1.0
3214,2470451,5.0,Rv2205c,0.0,1.0,1.0
3215,2470921,100.0,Rv2206,0.0,1.0,1.0
3216,2472516,8.0,Rv2208,0.0,1.0,1.0
3217,2472593,34.0,Rv2208,1.0,0.0,1.0
3218,2473180,230.0,Rv2208,0.0,1.0,1.0
3219,2473436,13.0,Rv2209,0.0,1.0,1.0
3220,2473673,92.0,Rv2209,0.0,1.0,1.0
3221,2474210,271.0,Rv2209,3.0,0.0,3.0
3222,2474386,329.0,Rv2209,1.0,0.0,1.0
3223,2474604,402.0,Rv2209,1.0,0.0,1.0
3224,2474691,431.0,Rv2209,0.0,1.0,1.0
3225,2477639,150.0,Rv2212,1.0,0.0,1.0
3226,2478217,343.0,Rv2212,0.0,1.0,1.0
3227,2478632,99.0,Rv2213,1.0,0.0,1.0
3228,2480021,561.0,Rv2214c,3.0,1.0,4.0
3229,2480102,534.0,Rv2214c,0.0,1.0,1.0
3230,2482675,237.0,Rv2215,0.0,1.0,1.0
3231,2482833,290.0,Rv2215,1.0,0.0,1.0
3232,2483461,499.0,Rv2215,0.0,1.0,1.0
3233,2484193,190.0,Rv2216,0.0,1.0,1.0
3234,2484987,135.0,Rv2217,0.0,1.0,1.0
3235,2489445,970.0,Rv2221c,0.0,1.0,1.0
3236,2494286,372.0,Rv2223c,0.0,2.0,2.0
3237,2497748,3.0,Rv2225,1.0,0.0,1.0
3238,2500013,394.0,Rv2226,0.0,1.0,1.0
3239,2501272,114.0,Rv2227,0.0,1.0,1.0
3240,2502261,160.0,Rv2228c,0.0,1.0,1.0
3241,2503022,151.0,Rv2229c,0.0,1.0,1.0
3242,2503807,268.0,Rv2230c,1.0,0.0,1.0
3243,2505217,161.0,Rv2231c,0.0,1.0,1.0
3244,2506294,6.0,Rv2232,0.0,1.0,1.0
3245,2506554,93.0,Rv2232,0.0,1.0,1.0
3246,2507092,272.0,Rv2232,0.0,1.0,1.0
3247,2507219,25.0,Rv2234,0.0,1.0,1.0
3248,2508384,250.0,Rv2235,0.0,1.0,1.0
3249,2509063,105.0,Rv2236c,0.0,1.0,1.0
3250,2512050,146.0,Rv2240c,0.0,1.0,1.0
3251,2512211,93.0,Rv2240c,1.0,0.0,1.0
3252,2512237,84.0,Rv2240c,1.0,0.0,1.0
3253,2520116,241.0,Rv2246,0.0,1.0,1.0
3254,2525304,17.0,Rv2250c,0.0,1.0,1.0
3255,2528417,145.0,Rv2253,0.0,1.0,1.0
3256,2529853,8.0,Rv2256c,1.0,0.0,1.0
3257,2530998,300.0,Rv2258c,0.0,1.0,1.0
3258,2531506,131.0,Rv2258c,1.0,0.0,1.0
3259,2532337,31.0,Rv2259,0.0,1.0,1.0
3260,2532413,57.0,Rv2259,1.0,0.0,1.0
3261,2532501,86.0,Rv2259,0.0,1.0,1.0
3262,2532681,146.0,Rv2259,0.0,1.0,1.0
3263,2533658,110.0,Rv2260,0.0,1.0,1.0
3264,2535642,1.0,Rv2263,0.0,1.0,1.0
3265,2535772,44.0,Rv2263,0.0,1.0,1.0
3266,2536367,243.0,Rv2263,0.0,1.0,1.0
3267,2536423,261.0,Rv2263,1.0,0.0,1.0
3268,2536625,576.0,Rv2264c,14.0,0.0,14.0
3269,2536631,574.0,Rv2264c,1.0,0.0,1.0
3270,2537243,370.0,Rv2264c,0.0,2.0,2.0
3271,2539003,102.0,Rv2265,0.0,1.0,1.0
3272,2539600,301.0,Rv2265,1.0,1.0,2.0
3273,2539673,325.0,Rv2265,1.0,0.0,1.0
3274,2539805,369.0,Rv2265,0.0,1.0,1.0
3275,2540143,14.0,Rv2266,0.0,1.0,1.0
3276,2540412,103.0,Rv2266,1.0,0.0,1.0
3277,2540491,130.0,Rv2266,0.0,1.0,1.0
3278,2542124,229.0,Rv2267c,1.0,0.0,1.0
3279,2543436,281.0,Rv2268c,1.0,0.0,1.0
3280,2543463,272.0,Rv2268c,0.0,1.0,1.0
3281,2543537,247.0,Rv2268c,0.0,1.0,1.0
3282,2543702,192.0,Rv2268c,0.0,1.0,1.0
3283,2543958,107.0,Rv2268c,0.0,1.0,1.0
3284,2544427,65.0,Rv2269c,1.0,0.0,1.0
3285,2544854,53.0,Rv2270,0.0,1.0,1.0
3286,2544977,94.0,Rv2270,0.0,1.0,1.0
3287,2545481,50.0,Rv2271,0.0,1.0,1.0
3288,2546694,38.0,Rv2274c,0.0,1.0,1.0
3289,2547131,83.0,Rv2275,1.0,0.0,1.0
3290,2547672,264.0,Rv2275,0.0,1.0,1.0
3291,2547673,264.0,Rv2275,0.0,2.0,2.0
3292,2552475,306.0,Rv2280,0.0,1.0,1.0
3293,2552917,453.0,Rv2280,0.0,1.0,1.0
3294,2554455,428.0,Rv2281,0.0,1.0,1.0
3295,2554470,433.0,Rv2281,0.0,1.0,1.0
3296,2554763,531.0,Rv2281,0.0,1.0,1.0
3297,2555216,221.0,Rv2282c,0.0,2.0,2.0
3298,2556208,22.0,Rv2284,0.0,1.0,1.0
3299,2557202,353.0,Rv2284,0.0,1.0,1.0
3300,2557218,358.0,Rv2284,0.0,1.0,1.0
3301,2557561,30.0,Rv2285,0.0,1.0,1.0
3302,2557929,153.0,Rv2285,0.0,1.0,1.0
3303,2558056,195.0,Rv2285,0.0,1.0,1.0
3304,2558143,224.0,Rv2285,0.0,1.0,1.0
3305,2558303,277.0,Rv2285,0.0,1.0,1.0
3306,2559891,63.0,Rv2287,1.0,0.0,1.0
3307,2561533,69.0,Rv2288,0.0,1.0,1.0
3308,2562306,211.0,Rv2289,0.0,1.0,1.0
3309,2562394,240.0,Rv2289,1.0,0.0,1.0
3310,2562871,91.0,Rv2290,0.0,1.0,1.0
3311,2563865,231.0,Rv2291,0.0,1.0,1.0
3312,2564549,162.0,Rv2293c,1.0,0.0,1.0
3313,2564914,40.0,Rv2293c,0.0,1.0,1.0
3314,2565009,8.0,Rv2293c,0.0,1.0,1.0
3315,2565341,5.0,Rv2294,0.0,1.0,1.0
3316,2565535,70.0,Rv2294,0.0,1.0,1.0
3317,2565678,118.0,Rv2294,0.0,1.0,1.0
3318,2566939,56.0,Rv2295,1.0,0.0,1.0
3319,2567241,157.0,Rv2295,0.0,2.0,2.0
3320,2568068,189.0,Rv2296,0.0,1.0,1.0
3321,2568256,251.0,Rv2296,0.0,1.0,1.0
3322,2568301,266.0,Rv2296,0.0,1.0,1.0
3323,2569097,6.0,Rv2298,0.0,1.0,1.0
3324,2569314,78.0,Rv2298,0.0,1.0,1.0
3325,2569691,204.0,Rv2298,0.0,1.0,1.0
3326,2569803,241.0,Rv2298,0.0,2.0,2.0
3327,2569974,298.0,Rv2298,0.0,1.0,1.0
3328,2572404,202.0,Rv2300c,0.0,1.0,1.0
3329,2572543,156.0,Rv2300c,0.0,1.0,1.0
3330,2574748,91.0,Rv2303c,0.0,1.0,1.0
3331,2575041,62.0,Rv2304c,0.0,1.0,1.0
3332,2576300,164.0,Rv2305,0.0,1.0,1.0
3333,2577330,75.0,Rv2306A,0.0,1.0,1.0
3334,2578590,36.0,Rv2307c,1.0,0.0,1.0
3335,2579813,41.0,Rv2307B,0.0,1.0,1.0
3336,2581125,236.0,Rv2308,1.0,0.0,1.0
3337,2583931,16.0,Rv2311,1.0,0.0,1.0
3338,2583951,23.0,Rv2311,1.0,0.0,1.0
3339,2584379,166.0,Rv2311,0.0,1.0,1.0
3340,2585190,239.0,Rv2313c,0.0,1.0,1.0
3341,2585373,178.0,Rv2313c,0.0,1.0,1.0
3342,2585668,80.0,Rv2313c,0.0,2.0,2.0
3343,2585801,36.0,Rv2313c,0.0,1.0,1.0
3344,2587247,15.0,Rv2314c,1.0,0.0,1.0
3345,2588529,92.0,Rv2315c,0.0,1.0,1.0
3346,2590478,261.0,Rv2317,1.0,0.0,1.0
3347,2593151,335.0,Rv2320c,0.0,1.0,1.0
3348,2593506,216.0,Rv2320c,0.0,3.0,3.0
3349,2593513,214.0,Rv2320c,0.0,1.0,1.0
3350,2594793,191.0,Rv2322c,0.0,1.0,1.0
3351,2594851,172.0,Rv2322c,0.0,1.0,1.0
3352,2595896,125.0,Rv2323c,0.0,1.0,1.0
3353,2596128,48.0,Rv2323c,0.0,1.0,1.0
3354,2596432,33.0,Rv2324,0.0,1.0,1.0
3355,2596585,84.0,Rv2324,1.0,0.0,1.0
3356,2596597,88.0,Rv2324,0.0,1.0,1.0
3357,2597877,691.0,Rv2326c,1.0,3.0,4.0
3358,2598018,644.0,Rv2326c,0.0,1.0,1.0
3359,2599878,24.0,Rv2326c,1.0,0.0,1.0
3360,2600000,5.0,Rv2327,1.0,2.0,3.0
3361,2601185,152.0,Rv2328,0.0,2.0,2.0
3362,2602276,396.0,Rv2329c,0.0,1.0,1.0
3363,2602344,373.0,Rv2329c,0.0,1.0,1.0
3364,2602515,316.0,Rv2329c,0.0,1.0,1.0
3365,2603342,40.0,Rv2329c,1.0,0.0,1.0
3366,2604100,41.0,Rv2330c,1.0,0.0,1.0
3367,2604156,23.0,Rv2330c,5.0,321.0,326.0
3368,2604951,71.0,Rv2331A,0.0,1.0,1.0
3369,2605190,28.0,Rv2332,0.0,1.0,1.0
3370,2605631,175.0,Rv2332,1.0,0.0,1.0
3371,2605902,265.0,Rv2332,0.0,1.0,1.0
3372,2605932,275.0,Rv2332,0.0,1.0,1.0
3373,2607416,302.0,Rv2333c,1.0,0.0,1.0
3374,2607567,252.0,Rv2333c,0.0,1.0,1.0
3375,2607623,233.0,Rv2333c,0.0,1.0,1.0
3376,2608196,42.0,Rv2333c,0.0,1.0,1.0
3377,2611214,126.0,Rv2336,0.0,1.0,1.0
3378,2611641,269.0,Rv2336,0.0,1.0,1.0
3379,2613276,263.0,Rv2338c,0.0,1.0,1.0
3380,2615822,377.0,Rv2339,0.0,1.0,1.0
3381,2615899,403.0,Rv2339,0.0,1.0,1.0
3382,2616403,571.0,Rv2339,0.0,1.0,1.0
3383,2616602,637.0,Rv2339,0.0,2.0,2.0
3384,2617966,315.0,Rv2340c,0.0,1.0,1.0
3385,2618024,295.0,Rv2340c,1.0,0.0,1.0
3386,2621770,228.0,Rv2343c,0.0,2.0,2.0
3387,2624328,170.0,Rv2345,0.0,1.0,1.0
3388,2626683,100.0,Rv2348c,0.0,1.0,1.0
3389,2627230,490.0,Rv2349c,1.0,0.0,1.0
3390,2627354,449.0,Rv2349c,0.0,1.0,1.0
3391,2628141,186.0,Rv2349c,0.0,1.0,1.0
3392,2629778,181.0,Rv2350c,0.0,1.0,1.0
3393,2633036,355.0,Rv2352c,0.0,1.0,1.0
3394,2633229,290.0,Rv2352c,0.0,1.0,1.0
3395,2633239,287.0,Rv2352c,0.0,1.0,1.0
3396,2633405,232.0,Rv2352c,0.0,1.0,1.0
3397,2637890,549.0,Rv2356c,0.0,1.0,1.0
3398,2638522,338.0,Rv2356c,0.0,1.0,1.0
3399,2639031,169.0,Rv2356c,1.0,17.0,18.0
3400,2639443,31.0,Rv2356c,0.0,10.0,10.0
3401,2642482,33.0,Rv2360c,0.0,1.0,1.0
3402,2642986,161.0,Rv2361c,1.0,0.0,1.0
3403,2646938,51.0,Rv2365c,0.0,1.0,1.0
3404,2646941,50.0,Rv2365c,0.0,3.0,3.0
3405,2647263,369.0,Rv2366c,0.0,1.0,1.0
3406,2648115,85.0,Rv2366c,0.0,1.0,1.0
3407,2649059,306.0,Rv2368c,0.0,1.0,1.0
3408,2649645,110.0,Rv2368c,1.0,0.0,1.0
3409,2651526,11.0,Rv2370c,0.0,1.0,1.0
3410,2651842,30.0,Rv2371,0.0,2.0,2.0
3411,2653308,227.0,Rv2373c,1.0,0.0,1.0
3412,2654240,285.0,Rv2374c,1.0,0.0,1.0
3413,2654504,197.0,Rv2374c,0.0,1.0,1.0
3414,2655662,152.0,Rv2376c,1.0,0.0,1.0
3415,2655714,134.0,Rv2376c,0.0,1.0,1.0
3416,2658848,1080.0,Rv2379c,1.0,0.0,1.0
3417,2659041,1015.0,Rv2379c,1.0,0.0,1.0
3418,2663344,1258.0,Rv2380c,1.0,0.0,1.0
3419,2664072,1015.0,Rv2380c,2.0,0.0,2.0
3420,2668821,483.0,Rv2381c,0.0,1.0,1.0
3421,2673190,883.0,Rv2383c,0.0,1.0,1.0
3422,2673261,859.0,Rv2383c,0.0,1.0,1.0
3423,2675014,275.0,Rv2383c,0.0,1.0,1.0
3424,2678184,152.0,Rv2385,0.0,1.0,1.0
3425,2678246,173.0,Rv2385,1.0,0.0,1.0
3426,2678583,285.0,Rv2385,1.0,0.0,1.0
3427,2681220,152.0,Rv2387,0.0,1.0,1.0
3428,2681581,273.0,Rv2387,3.0,1.0,4.0
3429,2681882,373.0,Rv2387,0.0,1.0,1.0
3430,2682413,244.0,Rv2388c,0.0,1.0,1.0
3431,2682908,79.0,Rv2388c,0.0,1.0,1.0
3432,2683939,110.0,Rv2390c,1.0,0.0,1.0
3433,2684215,18.0,Rv2390c,0.0,1.0,1.0
3434,2688380,124.0,Rv2394,0.0,5.0,5.0
3435,2689749,580.0,Rv2394,0.0,1.0,1.0
3436,2689917,636.0,Rv2394,1.0,0.0,1.0
3437,2690257,62.0,Rv2395,0.0,1.0,1.0
3438,2690283,71.0,Rv2395,1.0,0.0,1.0
3439,2690811,247.0,Rv2395,1.0,1.0,2.0
3440,2691221,384.0,Rv2395,1.0,0.0,1.0
3441,2691269,400.0,Rv2395,0.0,1.0,1.0
3442,2692967,57.0,Rv2396,0.0,1.0,1.0
3443,2693061,88.0,Rv2396,0.0,1.0,1.0
3444,2693071,91.0,Rv2396,0.0,10.0,10.0
3445,2693197,133.0,Rv2396,0.0,1.0,1.0
3446,2696065,195.0,Rv2399c,0.0,1.0,1.0
3447,2696573,25.0,Rv2399c,1.0,0.0,1.0
3448,2697537,60.0,Rv2400c,0.0,1.0,1.0
3449,2698740,71.0,Rv2402,0.0,1.0,1.0
3450,2698904,126.0,Rv2402,0.0,1.0,1.0
3451,2699750,408.0,Rv2402,0.0,1.0,1.0
3452,2700688,201.0,Rv2403c,0.0,2.0,2.0
3453,2701961,430.0,Rv2404c,0.0,1.0,1.0
3454,2702562,229.0,Rv2404c,1.0,0.0,1.0
3455,2703101,50.0,Rv2404c,0.0,1.0,1.0
3456,2704034,135.0,Rv2406c,0.0,2.0,2.0
3457,2704044,132.0,Rv2406c,0.0,1.0,1.0
3458,2704194,82.0,Rv2406c,0.0,2.0,2.0
3459,2705126,144.0,Rv2407,1.0,0.0,1.0
3460,2705289,198.0,Rv2407,0.0,1.0,1.0
3461,2706399,128.0,Rv2408,0.0,3.0,3.0
3462,2706901,145.0,Rv2409c,0.0,1.0,1.0
3463,2706999,112.0,Rv2409c,0.0,1.0,1.0
3464,2708321,549.0,Rv2411c,1.0,0.0,1.0
3465,2708325,547.0,Rv2411c,0.0,7.0,7.0
3466,2708334,544.0,Rv2411c,1.0,9.0,10.0
3467,2709089,293.0,Rv2411c,0.0,1.0,1.0
3468,2712457,140.0,Rv2414c,0.0,1.0,1.0
3469,2712734,48.0,Rv2414c,0.0,2.0,2.0
3470,2712846,11.0,Rv2414c,0.0,1.0,1.0
3471,2713076,237.0,Rv2415c,9.0,0.0,9.0
3472,2714882,151.0,Rv2416c,0.0,1.0,1.0
3473,2715077,86.0,Rv2416c,0.0,1.0,1.0
3474,2715676,213.0,Rv2417c,1.0,0.0,1.0
3475,2716296,7.0,Rv2417c,1.0,0.0,1.0
3476,2717708,31.0,Rv2419c,0.0,1.0,1.0
3477,2717754,16.0,Rv2419c,1.0,0.0,1.0
3478,2717806,124.0,Rv2420c,0.0,1.0,1.0
3479,2718096,27.0,Rv2420c,0.0,1.0,1.0
3480,2719939,115.0,Rv2423,0.0,1.0,1.0
3481,2722112,399.0,Rv2425c,0.0,1.0,1.0
3482,2722555,252.0,Rv2425c,0.0,1.0,1.0
3483,2722739,190.0,Rv2425c,0.0,1.0,1.0
3484,2722829,160.0,Rv2425c,0.0,1.0,1.0
3485,2722865,148.0,Rv2425c,0.0,1.0,1.0
3486,2722950,120.0,Rv2425c,0.0,1.0,1.0
3487,2722951,120.0,Rv2425c,0.0,1.0,1.0
3488,2723394,264.0,Rv2426c,0.0,1.0,1.0
3489,2723522,221.0,Rv2426c,0.0,1.0,1.0
3490,2725202,92.0,Rv2427c,0.0,1.0,1.0
3491,2726832,9.0,Rv2429,0.0,1.0,1.0
3492,2727404,173.0,Rv2430c,0.0,1.0,1.0
3493,2727560,121.0,Rv2430c,0.0,1.0,1.0
3494,2727612,103.0,Rv2430c,1.0,0.0,1.0
3495,2727614,103.0,Rv2430c,1.0,0.0,1.0
3496,2728055,71.0,Rv2431c,0.0,1.0,1.0
3497,2728797,17.0,Rv2432c,1.0,0.0,1.0
3498,2729168,465.0,Rv2434c,1.0,0.0,1.0
3499,2729288,425.0,Rv2434c,0.0,1.0,1.0
3500,2730151,137.0,Rv2434c,0.0,1.0,1.0
3501,2730296,89.0,Rv2434c,0.0,1.0,1.0
3502,2730628,708.0,Rv2435c,0.0,1.0,1.0
3503,2730874,626.0,Rv2435c,0.0,1.0,1.0
3504,2731004,582.0,Rv2435c,0.0,1.0,1.0
3505,2731091,553.0,Rv2435c,1.0,0.0,1.0
3506,2731832,306.0,Rv2435c,0.0,1.0,1.0
3507,2732083,223.0,Rv2435c,0.0,1.0,1.0
3508,2733602,125.0,Rv2436,0.0,1.0,1.0
3509,2733863,212.0,Rv2436,0.0,1.0,1.0
3510,2733972,248.0,Rv2436,0.0,1.0,1.0
3511,2734549,58.0,Rv2437,0.0,1.0,1.0
3512,2740957,83.0,Rv2443,1.0,0.0,1.0
3513,2741332,208.0,Rv2443,0.0,1.0,1.0
3514,2741410,234.0,Rv2443,0.0,2.0,2.0
3515,2742339,882.0,Rv2444c,0.0,1.0,1.0
3516,2742341,882.0,Rv2444c,0.0,1.0,1.0
3517,2742345,880.0,Rv2444c,0.0,6.0,6.0
3518,2742384,867.0,Rv2444c,0.0,1.0,1.0
3519,2742393,864.0,Rv2444c,0.0,6.0,6.0
3520,2744229,252.0,Rv2444c,1.0,0.0,1.0
3521,2744469,172.0,Rv2444c,5.0,0.0,5.0
3522,2744475,170.0,Rv2444c,0.0,1.0,1.0
3523,2744484,167.0,Rv2444c,1.0,0.0,1.0
3524,2744490,165.0,Rv2444c,0.0,1.0,1.0
3525,2744913,24.0,Rv2444c,0.0,1.0,1.0
3526,2747445,52.0,Rv2447c,1.0,0.0,1.0
3527,2747466,45.0,Rv2447c,1.0,0.0,1.0
3528,2747818,803.0,Rv2448c,0.0,1.0,1.0
3529,2750538,345.0,Rv2449c,1.0,0.0,1.0
3530,2751514,20.0,Rv2449c,1.0,0.0,1.0
3531,2752523,88.0,Rv2451,0.0,1.0,1.0
3532,2754752,651.0,Rv2455c,0.0,1.0,1.0
3533,2755694,337.0,Rv2455c,0.0,1.0,1.0
3534,2757510,228.0,Rv2456c,0.0,1.0,1.0
3535,2757685,170.0,Rv2456c,0.0,1.0,1.0
3536,2759995,73.0,Rv2458,0.0,1.0,1.0
3537,2760907,18.0,Rv2459,0.0,1.0,1.0
3538,2762026,391.0,Rv2459,0.0,1.0,1.0
3539,2762324,491.0,Rv2459,1.0,0.0,1.0
3540,2763746,10.0,Rv2461c,0.0,1.0,1.0
3541,2767377,97.0,Rv2464c,0.0,1.0,1.0
3542,2768476,137.0,Rv2466c,1.0,0.0,1.0
3543,2768773,38.0,Rv2466c,0.0,1.0,1.0
3544,2769006,7.0,Rv2467,0.0,1.0,1.0
3545,2769272,96.0,Rv2467,0.0,7.0,7.0
3546,2770916,644.0,Rv2467,0.0,1.0,1.0
3547,2771881,89.0,Rv2468c,0.0,1.0,1.0
3548,2772562,158.0,Rv2469c,0.0,1.0,1.0
3549,2772690,116.0,Rv2469c,1.0,0.0,1.0
3550,2772846,64.0,Rv2469c,1.0,0.0,1.0
3551,2773935,124.0,Rv2471,0.0,1.0,1.0
3552,2774610,349.0,Rv2471,0.0,1.0,1.0
3553,2774645,361.0,Rv2471,0.0,6.0,6.0
3554,2774970,469.0,Rv2471,0.0,1.0,1.0
3555,2775427,52.0,Rv2472,0.0,1.0,1.0
3556,2775728,54.0,Rv2473,1.0,0.0,1.0
3557,2775744,59.0,Rv2473,0.0,1.0,1.0
3558,2776084,173.0,Rv2473,0.0,1.0,1.0
3559,2776496,158.0,Rv2474c,0.0,1.0,1.0
3560,2777602,1554.0,Rv2476c,0.0,1.0,1.0
3561,2777758,1502.0,Rv2476c,3.0,3.0,6.0
3562,2777777,1496.0,Rv2476c,1.0,0.0,1.0
3563,2778541,1241.0,Rv2476c,0.0,1.0,1.0
3564,2779012,1084.0,Rv2476c,1.0,0.0,1.0
3565,2780760,501.0,Rv2476c,1.0,28.0,29.0
3566,2782486,519.0,Rv2477c,1.0,0.0,1.0
3567,2783764,93.0,Rv2477c,1.0,0.0,1.0
3568,2783972,24.0,Rv2477c,0.0,1.0,1.0
3569,2783989,18.0,Rv2477c,1.0,0.0,1.0
3570,2786648,84.0,Rv2481c,0.0,1.0,1.0
3571,2788215,357.0,Rv2482c,0.0,1.0,1.0
3572,2788256,343.0,Rv2482c,0.0,1.0,1.0
3573,2789454,523.0,Rv2483c,1.0,0.0,1.0
3574,2789694,443.0,Rv2483c,0.0,1.0,1.0
3575,2789711,438.0,Rv2483c,0.0,1.0,1.0
3576,2790457,189.0,Rv2483c,0.0,1.0,1.0
3577,2791294,401.0,Rv2484c,1.0,0.0,1.0
3578,2791667,276.0,Rv2484c,0.0,1.0,1.0
3579,2794459,37.0,Rv2486,0.0,1.0,1.0
3580,2795418,656.0,Rv2487c,0.0,1.0,1.0
3581,2795685,567.0,Rv2487c,0.0,3.0,3.0
3582,2796037,450.0,Rv2487c,0.0,1.0,1.0
3583,2796165,407.0,Rv2487c,0.0,1.0,1.0
3584,2796180,402.0,Rv2487c,0.0,1.0,1.0
3585,2796345,347.0,Rv2487c,0.0,2.0,2.0
3586,2796451,312.0,Rv2487c,0.0,1.0,1.0
3587,2796461,309.0,Rv2487c,0.0,3.0,3.0
3588,2796599,263.0,Rv2487c,0.0,2.0,2.0
3589,2797254,44.0,Rv2487c,0.0,1.0,1.0
3590,2798047,945.0,Rv2488c,0.0,1.0,1.0
3591,2798074,936.0,Rv2488c,0.0,2.0,2.0
3592,2799184,566.0,Rv2488c,2.0,0.0,2.0
3593,2799831,350.0,Rv2488c,0.0,1.0,1.0
3594,2799973,303.0,Rv2488c,0.0,1.0,1.0
3595,2800012,290.0,Rv2488c,0.0,1.0,1.0
3596,2800764,39.0,Rv2488c,0.0,1.0,1.0
3597,2800823,20.0,Rv2488c,1.0,0.0,1.0
3598,2801137,3.0,Rv2489c,0.0,1.0,1.0
3599,2801280,1653.0,Rv2490c,1.0,1.0,2.0
3600,2801290,1649.0,Rv2490c,0.0,2.0,2.0
3601,2801298,1647.0,Rv2490c,0.0,1.0,1.0
3602,2801560,1559.0,Rv2490c,0.0,1.0,1.0
3603,2801743,1498.0,Rv2490c,0.0,1.0,1.0
3604,2801747,1497.0,Rv2490c,1.0,0.0,1.0
3605,2803138,1033.0,Rv2490c,0.0,56.0,56.0
3606,2803159,1026.0,Rv2490c,0.0,1.0,1.0
3607,2803397,947.0,Rv2490c,0.0,1.0,1.0
3608,2803441,932.0,Rv2490c,0.0,1.0,1.0
3609,2803952,762.0,Rv2490c,0.0,1.0,1.0
3610,2803979,753.0,Rv2490c,0.0,1.0,1.0
3611,2804233,668.0,Rv2490c,0.0,3.0,3.0
3612,2804275,654.0,Rv2490c,0.0,1.0,1.0
3613,2804356,627.0,Rv2490c,0.0,1.0,1.0
3614,2805794,148.0,Rv2490c,1.0,0.0,1.0
3615,2806814,50.0,Rv2491,1.0,0.0,1.0
3616,2806856,64.0,Rv2491,0.0,1.0,1.0
3617,2806966,101.0,Rv2491,1.0,0.0,1.0
3618,2807179,172.0,Rv2491,0.0,1.0,1.0
3619,2807217,185.0,Rv2491,0.0,1.0,1.0
3620,2807682,135.0,Rv2492,0.0,2.0,2.0
3621,2807784,169.0,Rv2492,0.0,1.0,1.0
3622,2807867,197.0,Rv2492,0.0,1.0,1.0
3623,2808005,243.0,Rv2492,1.0,0.0,1.0
3624,2808727,140.0,Rv2494,1.0,0.0,1.0
3625,2808839,367.0,Rv2495c,0.0,1.0,1.0
3626,2808948,331.0,Rv2495c,0.0,1.0,1.0
3627,2809158,261.0,Rv2495c,1.0,0.0,1.0
3628,2809946,346.0,Rv2496c,0.0,1.0,1.0
3629,2810006,326.0,Rv2496c,0.0,1.0,1.0
3630,2811109,330.0,Rv2497c,0.0,1.0,1.0
3631,2811341,252.0,Rv2497c,1.0,0.0,1.0
3632,2811762,112.0,Rv2497c,0.0,1.0,1.0
3633,2814907,2.0,Rv2500c,0.0,1.0,1.0
3634,2815031,617.0,Rv2501c,0.0,3.0,3.0
3635,2816385,166.0,Rv2501c,0.0,2.0,2.0
3636,2816709,58.0,Rv2501c,0.0,1.0,1.0
3637,2817088,463.0,Rv2502c,0.0,1.0,1.0
3638,2817675,267.0,Rv2502c,0.0,1.0,1.0
3639,2818381,32.0,Rv2502c,0.0,8.0,8.0
3640,2818666,154.0,Rv2503c,0.0,1.0,1.0
3641,2819186,229.0,Rv2504c,0.0,1.0,1.0
3642,2820089,503.0,Rv2505c,0.0,1.0,1.0
3643,2820932,222.0,Rv2505c,0.0,1.0,1.0
3644,2822698,87.0,Rv2507,0.0,1.0,1.0
3645,2822798,121.0,Rv2507,0.0,1.0,1.0
3646,2822915,160.0,Rv2507,0.0,1.0,1.0
3647,2824541,18.0,Rv2508c,1.0,0.0,1.0
3648,2825494,532.0,Rv2510c,0.0,1.0,1.0
3649,2825511,527.0,Rv2510c,1.0,0.0,1.0
3650,2825964,376.0,Rv2510c,0.0,1.0,1.0
3651,2826236,285.0,Rv2510c,0.0,1.0,1.0
3652,2826980,37.0,Rv2510c,0.0,1.0,1.0
3653,2830435,92.0,Rv2513,1.0,0.0,1.0
3654,2831514,360.0,Rv2515c,0.0,1.0,1.0
3655,2832284,103.0,Rv2515c,0.0,1.0,1.0
3656,2833362,51.0,Rv2516c,1.0,0.0,1.0
3657,2834872,155.0,Rv2518c,1.0,0.0,1.0
3658,2835294,14.0,Rv2518c,0.0,1.0,1.0
3659,2835926,48.0,Rv2519,0.0,1.0,1.0
3660,2836148,122.0,Rv2519,0.0,1.0,1.0
3661,2836254,157.0,Rv2519,0.0,2.0,2.0
3662,2836290,169.0,Rv2519,0.0,7.0,7.0
3663,2836294,170.0,Rv2519,0.0,2.0,2.0
3664,2836303,173.0,Rv2519,1.0,0.0,1.0
3665,2836324,180.0,Rv2519,0.0,1.0,1.0
3666,2836384,200.0,Rv2519,0.0,1.0,1.0
3667,2838060,126.0,Rv2521,1.0,0.0,1.0
3668,2838772,257.0,Rv2522c,0.0,2.0,2.0
3669,2839288,85.0,Rv2522c,0.0,1.0,1.0
3670,2840791,2848.0,Rv2524c,0.0,1.0,1.0
3671,2843139,2065.0,Rv2524c,1.0,0.0,1.0
3672,2844121,1738.0,Rv2524c,0.0,6.0,6.0
3673,2848518,272.0,Rv2524c,0.0,1.0,1.0
3674,2849083,84.0,Rv2524c,0.0,1.0,1.0
3675,2850501,25.0,Rv2525c,0.0,1.0,1.0
3676,2851125,12.0,Rv2526,1.0,0.0,1.0
3677,2851711,133.0,Rv2527,1.0,0.0,1.0
3678,2852977,35.0,Rv2529,0.0,1.0,1.0
3679,2853479,202.0,Rv2529,0.0,3.0,3.0
3680,2853915,347.0,Rv2529,0.0,1.0,1.0
3681,2854077,401.0,Rv2529,1.0,0.0,1.0
3682,2854248,458.0,Rv2529,1.0,0.0,1.0
3683,2854675,4.0,Rv2530c,0.0,1.0,1.0
3684,2854774,45.0,Rv2530A,0.0,1.0,1.0
3685,2856385,466.0,Rv2531c,0.0,1.0,1.0
3686,2857909,116.0,Rv2532c,0.0,1.0,1.0
3687,2858035,74.0,Rv2532c,1.0,0.0,1.0
3688,2858411,105.0,Rv2533c,0.0,1.0,1.0
3689,2862605,24.0,Rv2538c,0.0,1.0,1.0
3690,2862987,73.0,Rv2539c,1.0,0.0,1.0
3691,2864485,20.0,Rv2541,1.0,0.0,1.0
3692,2865332,68.0,Rv2542,0.0,1.0,1.0
3693,2865848,240.0,Rv2542,0.0,1.0,1.0
3694,2866992,175.0,Rv2543,0.0,1.0,1.0
3695,2867001,178.0,Rv2543,2.0,0.0,2.0
3696,2867121,218.0,Rv2543,1.0,0.0,1.0
3697,2867130,3.0,Rv2544,0.0,1.0,1.0
3698,2867648,175.0,Rv2544,6.0,0.0,6.0
3699,2867654,177.0,Rv2544,0.0,6.0,6.0
3700,2868404,84.0,Rv2546,0.0,1.0,1.0
3701,2870864,111.0,Rv2551c,1.0,0.0,1.0
3702,2871178,6.0,Rv2551c,0.0,1.0,1.0
3703,2873076,64.0,Rv2553c,0.0,1.0,1.0
3704,2873093,58.0,Rv2553c,134.0,44.0,178.0
3705,2876847,40.0,Rv2556c,0.0,1.0,1.0
3706,2878258,143.0,Rv2558,0.0,1.0,1.0
3707,2878605,442.0,Rv2559c,0.0,1.0,1.0
3708,2878714,406.0,Rv2559c,1.0,0.0,1.0
3709,2878802,376.0,Rv2559c,0.0,1.0,1.0
3710,2878946,328.0,Rv2559c,0.0,1.0,1.0
3711,2879101,277.0,Rv2559c,0.0,1.0,1.0
3712,2881032,320.0,Rv2560,0.0,1.0,1.0
3713,2881582,58.0,Rv2561,2.0,0.0,2.0
3714,2882083,109.0,Rv2562,1.0,0.0,1.0
3715,2882777,163.0,Rv2563,0.0,1.0,1.0
3716,2883135,282.0,Rv2563,0.0,1.0,1.0
3717,2883695,118.0,Rv2564,0.0,1.0,1.0
3718,2883923,194.0,Rv2564,0.0,1.0,1.0
3719,2883977,212.0,Rv2564,0.0,1.0,1.0
3720,2883997,219.0,Rv2564,0.0,1.0,1.0
3721,2884667,19.0,Rv2565,1.0,0.0,1.0
3722,2885041,144.0,Rv2565,0.0,1.0,1.0
3723,2885667,353.0,Rv2565,0.0,1.0,1.0
3724,2885716,369.0,Rv2565,0.0,1.0,1.0
3725,2885843,411.0,Rv2565,1.0,0.0,1.0
3726,2886195,529.0,Rv2565,0.0,1.0,1.0
3727,2886305,565.0,Rv2565,0.0,1.0,1.0
3728,2886505,45.0,Rv2566,0.0,1.0,1.0
3729,2886784,138.0,Rv2566,0.0,1.0,1.0
3730,2886958,196.0,Rv2566,0.0,1.0,1.0
3731,2887757,462.0,Rv2566,0.0,1.0,1.0
3732,2887934,521.0,Rv2566,0.0,1.0,1.0
3733,2888223,617.0,Rv2566,0.0,1.0,1.0
3734,2888399,676.0,Rv2566,0.0,1.0,1.0
3735,2888578,736.0,Rv2566,0.0,1.0,1.0
3736,2888805,811.0,Rv2566,1.0,0.0,1.0
3737,2890093,100.0,Rv2567,1.0,0.0,1.0
3738,2891557,588.0,Rv2567,1.0,0.0,1.0
3739,2891807,671.0,Rv2567,0.0,1.0,1.0
3740,2892939,178.0,Rv2568c,0.0,1.0,1.0
3741,2894103,102.0,Rv2569c,0.0,1.0,1.0
3742,2894578,23.0,Rv2570,0.0,1.0,1.0
3743,2895147,272.0,Rv2571c,0.0,1.0,1.0
3744,2895403,186.0,Rv2571c,1.0,0.0,1.0
3745,2895457,168.0,Rv2571c,0.0,1.0,1.0
3746,2898281,80.0,Rv2573,1.0,0.0,1.0
3747,2898634,198.0,Rv2573,0.0,1.0,1.0
3748,2898866,21.0,Rv2574,0.0,1.0,1.0
3749,2899192,129.0,Rv2574,0.0,1.0,1.0
3750,2899441,35.0,Rv2575,3.0,5.0,8.0
3751,2900376,105.0,Rv2576c,0.0,1.0,1.0
3752,2901024,36.0,Rv2577,0.0,1.0,1.0
3753,2901500,195.0,Rv2577,1.0,0.0,1.0
3754,2902553,327.0,Rv2578c,1.0,0.0,1.0
3755,2902871,221.0,Rv2578c,0.0,1.0,1.0
3756,2903748,37.0,Rv2579,0.0,1.0,1.0
3757,2908116,695.0,Rv2583c,0.0,1.0,1.0
3758,2910017,61.0,Rv2583c,0.0,1.0,1.0
3759,2913531,161.0,Rv2586c,0.0,3.0,3.0
3760,2914687,350.0,Rv2587c,0.0,1.0,1.0
3761,2915169,190.0,Rv2587c,0.0,1.0,1.0
3762,2916493,45.0,Rv2589,0.0,1.0,1.0
3763,2917534,392.0,Rv2589,1.0,0.0,1.0
3764,2917980,37.0,Rv2590,0.0,1.0,1.0
3765,2919197,443.0,Rv2590,0.0,1.0,1.0
3766,2919244,458.0,Rv2590,0.0,1.0,1.0
3767,2920152,761.0,Rv2590,1.0,0.0,1.0
3768,2920341,824.0,Rv2590,0.0,2.0,2.0
3769,2920586,906.0,Rv2590,0.0,1.0,1.0
3770,2920683,938.0,Rv2590,0.0,1.0,1.0
3771,2921033,1055.0,Rv2590,0.0,1.0,1.0
3772,2922063,171.0,Rv2591,0.0,4.0,4.0
3773,2922078,176.0,Rv2591,0.0,1.0,1.0
3774,2922306,252.0,Rv2591,0.0,1.0,1.0
3775,2922594,348.0,Rv2591,0.0,1.0,1.0
3776,2922610,354.0,Rv2591,0.0,2.0,2.0
3777,2923091,514.0,Rv2591,0.0,20.0,20.0
3778,2923119,523.0,Rv2591,44.0,2.0,46.0
3779,2926059,109.0,Rv2596,0.0,1.0,1.0
3780,2926615,87.0,Rv2597,0.0,1.0,1.0
3781,2926728,125.0,Rv2597,0.0,1.0,1.0
3782,2926830,159.0,Rv2597,1.0,0.0,1.0
3783,2927098,38.0,Rv2598,0.0,1.0,1.0
3784,2927624,50.0,Rv2599,1.0,0.0,1.0
3785,2928066,26.0,Rv2600,0.0,1.0,1.0
3786,2928107,40.0,Rv2600,1.0,0.0,1.0
3787,2928158,57.0,Rv2600,1.0,2.0,3.0
3788,2928822,145.0,Rv2601,0.0,1.0,1.0
3789,2928849,154.0,Rv2601,0.0,1.0,1.0
3790,2928912,175.0,Rv2601,0.0,2.0,2.0
3791,2929114,243.0,Rv2601,0.0,1.0,1.0
3792,2929568,394.0,Rv2601,0.0,1.0,1.0
3793,2929954,523.0,Rv2601,0.0,1.0,1.0
3794,2930397,18.0,Rv2602,0.0,1.0,1.0
3795,2935277,78.0,Rv2608,0.0,1.0,1.0
3796,2935560,172.0,Rv2608,1.0,0.0,1.0
3797,2936250,402.0,Rv2608,0.0,1.0,1.0
3798,2936421,459.0,Rv2608,0.0,1.0,1.0
3799,2936748,568.0,Rv2608,0.0,1.0,1.0
3800,2943711,425.0,Rv2615c,96.0,1.0,97.0
3801,2943723,421.0,Rv2615c,0.0,1.0,1.0
3802,2943891,365.0,Rv2615c,0.0,1.0,1.0
3803,2944053,311.0,Rv2615c,0.0,1.0,1.0
3804,2944056,310.0,Rv2615c,0.0,7.0,7.0
3805,2944077,303.0,Rv2615c,0.0,2.0,2.0
3806,2945442,38.0,Rv2616,0.0,1.0,1.0
3807,2946801,123.0,Rv2618,0.0,2.0,2.0
3808,2947972,196.0,Rv2621c,0.0,1.0,1.0
3809,2948286,91.0,Rv2621c,0.0,2.0,2.0
3810,2948394,55.0,Rv2621c,0.0,1.0,1.0
3811,2948738,35.0,Rv2622,0.0,1.0,1.0
3812,2950084,164.0,Rv2623,1.0,0.0,1.0
3813,2950479,296.0,Rv2623,1.0,0.0,1.0
3814,2950574,245.0,Rv2624c,1.0,0.0,1.0
3815,2950598,237.0,Rv2624c,1.0,0.0,1.0
3816,2950639,223.0,Rv2624c,1.0,0.0,1.0
3817,2950676,211.0,Rv2624c,2.0,0.0,2.0
3818,2950756,184.0,Rv2624c,1.0,0.0,1.0
3819,2950757,184.0,Rv2624c,1.0,0.0,1.0
3820,2950782,176.0,Rv2624c,1.0,0.0,1.0
3821,2950868,147.0,Rv2624c,1.0,0.0,1.0
3822,2951142,56.0,Rv2624c,0.0,1.0,1.0
3823,2951276,11.0,Rv2624c,1.0,0.0,1.0
3824,2951749,252.0,Rv2625c,0.0,1.0,1.0
3825,2952575,140.0,Rv2626c,1.0,0.0,1.0
3826,2953962,263.0,Rv2627c,9.0,3.0,12.0
3827,2953994,252.0,Rv2627c,1.0,0.0,1.0
3828,2954389,120.0,Rv2627c,0.0,1.0,1.0
3829,2955102,15.0,Rv2628,0.0,1.0,1.0
3830,2955142,29.0,Rv2628,0.0,1.0,1.0
3831,2955408,117.0,Rv2628,0.0,1.0,1.0
3832,2956653,296.0,Rv2629,0.0,2.0,2.0
3833,2957049,53.0,Rv2630,0.0,1.0,1.0
3834,2957226,112.0,Rv2630,0.0,1.0,1.0
3835,2957706,45.0,Rv2631,0.0,1.0,1.0
3836,2958263,231.0,Rv2631,0.0,1.0,1.0
3837,2958302,244.0,Rv2631,0.0,2.0,2.0
3838,2958507,312.0,Rv2631,1.0,0.0,1.0
3839,2959466,119.0,Rv2633c,0.0,1.0,1.0
3840,2960683,587.0,Rv2634c,0.0,1.0,1.0
3841,2960739,568.0,Rv2634c,0.0,1.0,1.0
3842,2960747,565.0,Rv2634c,0.0,2.0,2.0
3843,2962320,41.0,Rv2634c,1.0,0.0,1.0
3844,2962753,14.0,Rv2636,0.0,2.0,2.0
3845,2963278,189.0,Rv2636,0.0,1.0,1.0
3846,2964042,153.0,Rv2637,0.0,1.0,1.0
3847,2964070,162.0,Rv2637,1.0,0.0,1.0
3848,2965149,70.0,Rv2639c,1.0,0.0,1.0
3849,2965217,48.0,Rv2639c,0.0,1.0,1.0
3850,2965554,95.0,Rv2640c,0.0,1.0,1.0
3851,2966089,51.0,Rv2641,0.0,1.0,1.0
3852,2967202,98.0,Rv2643,0.0,1.0,1.0
3853,2967552,215.0,Rv2643,1.0,0.0,1.0
3854,2968535,106.0,Rv2644c,0.0,1.0,1.0
3855,2970469,116.0,Rv2645,0.0,1.0,1.0
3856,2971883,75.0,Rv2647,0.0,2.0,2.0
3857,2980974,73.0,Rv2660c,0.0,1.0,1.0
3858,2981943,31.0,Rv2663,0.0,1.0,1.0
3859,2982714,6.0,Rv2665,0.0,1.0,1.0
3860,2982930,78.0,Rv2665,1.0,12.0,13.0
3861,2984492,199.0,Rv2667,0.0,1.0,1.0
3862,2987005,56.0,Rv2671,1.0,0.0,1.0
3863,2988739,353.0,Rv2672,1.0,0.0,1.0
3864,2991649,96.0,Rv2675c,1.0,0.0,1.0
3865,2992601,10.0,Rv2676c,0.0,1.0,1.0
3866,2995016,16.0,Rv2678c,1.0,0.0,1.0
3867,2995692,193.0,Rv2679,1.0,3.0,4.0
3868,2995914,267.0,Rv2679,0.0,1.0,1.0
3869,2997736,333.0,Rv2681,2.0,21.0,23.0
3870,3000943,110.0,Rv2684,0.0,1.0,1.0
3871,3001539,309.0,Rv2684,1.0,0.0,1.0
3872,3002135,51.0,Rv2685,0.0,1.0,1.0
3873,3002458,159.0,Rv2685,1.0,0.0,1.0
3874,3002757,259.0,Rv2685,0.0,1.0,1.0
3875,3002980,333.0,Rv2685,0.0,1.0,1.0
3876,3003796,81.0,Rv2686c,1.0,0.0,1.0
3877,3004343,136.0,Rv2687c,0.0,1.0,1.0
3878,3005110,181.0,Rv2688c,0.0,1.0,1.0
3879,3005208,148.0,Rv2688c,0.0,1.0,1.0
3880,3005452,67.0,Rv2688c,0.0,1.0,1.0
3881,3006784,93.0,Rv2689c,1.0,0.0,1.0
3882,3006954,37.0,Rv2689c,1.0,0.0,1.0
3883,3008060,384.0,Rv2690c,0.0,2.0,2.0
3884,3010133,37.0,Rv2692,0.0,1.0,1.0
3885,3010664,214.0,Rv2692,1.0,1.0,2.0
3886,3010879,164.0,Rv2693c,1.0,0.0,1.0
3887,3011100,90.0,Rv2693c,0.0,1.0,1.0
3888,3012083,56.0,Rv2695,0.0,1.0,1.0
3889,3012283,123.0,Rv2695,0.0,1.0,1.0
3890,3014133,5.0,Rv2697c,1.0,0.0,1.0
3891,3014696,90.0,Rv2699c,0.0,1.0,1.0
3892,3015398,66.0,Rv2700,1.0,0.0,1.0
3893,3015939,266.0,Rv2701c,0.0,2.0,2.0
3894,3016670,22.0,Rv2701c,0.0,1.0,1.0
3895,3016933,26.0,Rv2702,1.0,0.0,1.0
3896,3016983,42.0,Rv2702,0.0,1.0,1.0
3897,3018081,83.0,Rv2703,0.0,1.0,1.0
3898,3018264,144.0,Rv2703,0.0,5.0,5.0
3899,3018327,165.0,Rv2703,0.0,3.0,3.0
3900,3019909,99.0,Rv2705c,0.0,1.0,1.0
3901,3020361,33.0,Rv2706c,0.0,19.0,19.0
3902,3020577,2.0,Rv2707,1.0,0.0,1.0
3903,3021854,6.0,Rv2709,0.0,1.0,1.0
3904,3021892,18.0,Rv2709,2.0,136.0,138.0
3905,3022221,128.0,Rv2709,0.0,1.0,1.0
3906,3024001,146.0,Rv2711,1.0,0.0,1.0
3907,3026341,301.0,Rv2713,0.0,1.0,1.0
3908,3027459,132.0,Rv2714,0.0,1.0,1.0
3909,3027927,288.0,Rv2714,0.0,1.0,1.0
3910,3028690,198.0,Rv2715,0.0,1.0,1.0
3911,3029293,41.0,Rv2716,0.0,1.0,1.0
3912,3029573,134.0,Rv2716,0.0,1.0,1.0
3913,3029577,136.0,Rv2716,0.0,1.0,1.0
3914,3030296,22.0,Rv2717c,0.0,1.0,1.0
3915,3031084,152.0,Rv2719c,0.0,1.0,1.0
3916,3032554,689.0,Rv2721c,0.0,1.0,1.0
3917,3032717,635.0,Rv2721c,0.0,1.0,1.0
3918,3032778,614.0,Rv2721c,0.0,1.0,1.0
3919,3032966,552.0,Rv2721c,0.0,1.0,1.0
3920,3033259,454.0,Rv2721c,1.0,0.0,1.0
3921,3033332,430.0,Rv2721c,0.0,1.0,1.0
3922,3033887,245.0,Rv2721c,1.0,0.0,1.0
3923,3034993,29.0,Rv2723,0.0,1.0,1.0
3924,3035443,179.0,Rv2723,0.0,1.0,1.0
3925,3037245,16.0,Rv2724c,0.0,1.0,1.0
3926,3037270,8.0,Rv2724c,0.0,1.0,1.0
3927,3038485,144.0,Rv2725c,1.0,0.0,1.0
3928,3041663,271.0,Rv2729c,0.0,8.0,8.0
3929,3041761,239.0,Rv2729c,0.0,1.0,1.0
3930,3042842,101.0,Rv2730,0.0,1.0,1.0
3931,3044411,193.0,Rv2732c,2.0,0.0,2.0
3932,3044848,48.0,Rv2732c,1.0,0.0,1.0
3933,3045119,469.0,Rv2733c,0.0,1.0,1.0
3934,3046073,151.0,Rv2733c,1.0,0.0,1.0
3935,3046457,23.0,Rv2733c,0.0,1.0,1.0
3936,3047246,142.0,Rv2734,1.0,0.0,1.0
3937,3047843,237.0,Rv2735c,0.0,1.0,1.0
3938,3048029,175.0,Rv2735c,0.0,1.0,1.0
3939,3050294,377.0,Rv2737c,0.0,1.0,1.0
3940,3050347,360.0,Rv2737c,0.0,1.0,1.0
3941,3051993,7.0,Rv2738c,0.0,1.0,1.0
3942,3053444,71.0,Rv2740,1.0,0.0,1.0
3943,3054216,101.0,Rv2741,0.0,1.0,1.0
3944,3054413,167.0,Rv2741,0.0,9.0,9.0
3945,3055287,458.0,Rv2741,0.0,3.0,3.0
3946,3055294,461.0,Rv2741,0.0,4.0,4.0
3947,3055374,487.0,Rv2741,0.0,2.0,2.0
3948,3055424,504.0,Rv2741,0.0,1.0,1.0
3949,3057086,49.0,Rv2743c,0.0,3.0,3.0
3950,3057799,89.0,Rv2744c,0.0,1.0,1.0
3951,3057809,85.0,Rv2744c,0.0,1.0,1.0
3952,3058197,112.0,Rv2745c,0.0,1.0,1.0
3953,3058717,172.0,Rv2746c,1.0,0.0,1.0
3954,3060538,657.0,Rv2748c,0.0,1.0,1.0
3955,3061551,319.0,Rv2748c,0.0,3.0,3.0
3956,3062180,109.0,Rv2748c,0.0,1.0,1.0
3957,3062280,76.0,Rv2748c,0.0,1.0,1.0
3958,3062382,42.0,Rv2748c,0.0,1.0,1.0
3959,3062509,2.0,Rv2749,0.0,29.0,29.0
3960,3062763,87.0,Rv2749,1.0,0.0,1.0
3961,3062856,14.0,Rv2750,0.0,1.0,1.0
3962,3062972,53.0,Rv2750,1.0,0.0,1.0
3963,3063734,33.0,Rv2751,0.0,1.0,1.0
3964,3063797,54.0,Rv2751,0.0,1.0,1.0
3965,3064549,548.0,Rv2752c,1.0,0.0,1.0
3966,3064814,460.0,Rv2752c,0.0,1.0,1.0
3967,3065117,359.0,Rv2752c,1.0,0.0,1.0
3968,3065149,348.0,Rv2752c,1.0,0.0,1.0
3969,3065232,320.0,Rv2752c,0.0,1.0,1.0
3970,3065434,253.0,Rv2752c,1.0,0.0,1.0
3971,3065641,184.0,Rv2752c,0.0,1.0,1.0
3972,3065748,148.0,Rv2752c,1.0,0.0,1.0
3973,3065759,145.0,Rv2752c,1.0,0.0,1.0
3974,3065881,104.0,Rv2752c,1.0,0.0,1.0
3975,3066583,181.0,Rv2753c,0.0,1.0,1.0
3976,3066635,164.0,Rv2753c,0.0,1.0,1.0
3977,3069057,343.0,Rv2756c,0.0,1.0,1.0
3978,3069497,196.0,Rv2756c,1.0,0.0,1.0
3979,3070047,13.0,Rv2756c,0.0,1.0,1.0
3980,3070915,119.0,Rv2759c,0.0,1.0,1.0
3981,3070925,116.0,Rv2759c,0.0,1.0,1.0
3982,3071050,74.0,Rv2759c,0.0,1.0,1.0
3983,3071931,237.0,Rv2761c,1.0,0.0,1.0
3984,3072771,96.0,Rv2762c,1.0,0.0,1.0
3985,3072858,67.0,Rv2762c,0.0,1.0,1.0
3986,3074012,154.0,Rv2764c,0.0,1.0,1.0
3987,3074246,76.0,Rv2764c,1.0,0.0,1.0
3988,3074393,27.0,Rv2764c,0.0,1.0,1.0
3989,3075227,198.0,Rv2765,0.0,1.0,1.0
3990,3075334,233.0,Rv2765,0.0,1.0,1.0
3991,3076896,395.0,Rv2768c,0.0,1.0,1.0
3992,3077402,226.0,Rv2768c,0.0,1.0,1.0
3993,3077594,162.0,Rv2768c,0.0,20.0,20.0
3994,3078055,8.0,Rv2768c,1.0,0.0,1.0
3995,3078447,180.0,Rv2769c,0.0,2.0,2.0
3996,3080367,31.0,Rv2770c,0.0,1.0,1.0
3997,3080728,102.0,Rv2771c,0.0,2.0,2.0
3998,3081610,244.0,Rv2773c,0.0,1.0,1.0
3999,3082959,17.0,Rv2775,0.0,1.0,1.0
4000,3083282,125.0,Rv2775,0.0,1.0,1.0
4001,3084070,78.0,Rv2776c,0.0,2.0,2.0
4002,3084080,75.0,Rv2776c,0.0,2.0,2.0
4003,3084207,33.0,Rv2776c,0.0,1.0,1.0
4004,3084635,307.0,Rv2777c,0.0,1.0,1.0
4005,3085479,26.0,Rv2777c,0.0,1.0,1.0
4006,3085747,146.0,Rv2778c,1.0,0.0,1.0
4007,3086093,31.0,Rv2778c,0.0,1.0,1.0
4008,3086451,102.0,Rv2779c,0.0,1.0,1.0
4009,3086734,7.0,Rv2779c,1.0,0.0,1.0
4010,3087184,122.0,Rv2780,0.0,1.0,1.0
4011,3087534,239.0,Rv2780,0.0,1.0,1.0
4012,3087843,342.0,Rv2780,1.0,0.0,1.0
4013,3088068,306.0,Rv2781c,0.0,2.0,2.0
4014,3088449,179.0,Rv2781c,1.0,0.0,1.0
4015,3088657,110.0,Rv2781c,0.0,10.0,10.0
4016,3089638,242.0,Rv2782c,0.0,1.0,1.0
4017,3089750,204.0,Rv2782c,1.0,0.0,1.0
4018,3090491,703.0,Rv2783c,1.0,0.0,1.0
4019,3092450,50.0,Rv2783c,0.0,5.0,5.0
4020,3093736,5.0,Rv2785c,1.0,0.0,1.0
4021,3095157,16.0,Rv2787,1.0,0.0,1.0
4022,3096286,392.0,Rv2787,0.0,1.0,1.0
4023,3097719,407.0,Rv2789c,0.0,1.0,1.0
4024,3099008,388.0,Rv2790c,0.0,1.0,1.0
4025,3099091,360.0,Rv2790c,0.0,1.0,1.0
4026,3099140,344.0,Rv2790c,0.0,1.0,1.0
4027,3100131,13.0,Rv2790c,1.0,0.0,1.0
4028,3100148,8.0,Rv2790c,12.0,4.0,16.0
4029,3100152,6.0,Rv2790c,3.0,0.0,3.0
4030,3100153,6.0,Rv2790c,4.0,1.0,5.0
4031,3100154,6.0,Rv2790c,4.0,0.0,4.0
4032,3100155,5.0,Rv2790c,1.0,2.0,3.0
4033,3103068,65.0,Rv2793c,0.0,1.0,1.0
4034,3103078,61.0,Rv2793c,0.0,1.0,1.0
4035,3105087,178.0,Rv2796c,0.0,1.0,1.0
4036,3105123,166.0,Rv2796c,1.0,0.0,1.0
4037,3105373,83.0,Rv2796c,0.0,1.0,1.0
4038,3105780,510.0,Rv2797c,0.0,1.0,1.0
4039,3106315,331.0,Rv2797c,0.0,1.0,1.0
4040,3106681,209.0,Rv2797c,1.0,0.0,1.0
4041,3106997,104.0,Rv2797c,0.0,1.0,1.0
4042,3107028,94.0,Rv2797c,0.0,1.0,1.0
4043,3107142,56.0,Rv2797c,0.0,1.0,1.0
4044,3107384,85.0,Rv2798c,0.0,1.0,1.0
4045,3107857,30.0,Rv2799,2.0,3.0,5.0
4046,3107859,31.0,Rv2799,49.0,32.0,81.0
4047,3108421,2.0,Rv2800,1.0,0.0,1.0
4048,3108798,128.0,Rv2800,0.0,1.0,1.0
4049,3109249,278.0,Rv2800,1.0,0.0,1.0
4050,3111165,220.0,Rv2802c,1.0,0.0,1.0
4051,3111263,187.0,Rv2802c,0.0,1.0,1.0
4052,3111640,62.0,Rv2802c,0.0,1.0,1.0
4053,3111771,18.0,Rv2802c,0.0,2.0,2.0
4054,3112847,83.0,Rv2804c,2.0,1.0,3.0
4055,3112856,80.0,Rv2804c,0.0,4.0,4.0
4056,3113230,122.0,Rv2805,1.0,0.0,1.0
4057,3113701,15.0,Rv2807,0.0,1.0,1.0
4058,3115593,62.0,Rv2809,1.0,0.0,1.0
4059,3125454,231.0,Rv2818c,0.0,1.0,1.0
4060,3125517,210.0,Rv2818c,0.0,1.0,1.0
4061,3127380,298.0,Rv2820c,0.0,1.0,1.0
4062,3127396,293.0,Rv2820c,0.0,1.0,1.0
4063,3128699,89.0,Rv2821c,1.0,0.0,1.0
4064,3129000,116.0,Rv2822c,1.0,0.0,1.0
4065,3130225,517.0,Rv2823c,1.0,0.0,1.0
4066,3130748,342.0,Rv2823c,2.0,0.0,2.0
4067,3130782,331.0,Rv2823c,0.0,1.0,1.0
4068,3130807,323.0,Rv2823c,0.0,1.0,1.0
4069,3130836,313.0,Rv2823c,0.0,1.0,1.0
4070,3130982,264.0,Rv2823c,0.0,1.0,1.0
4071,3131260,172.0,Rv2823c,0.0,2.0,2.0
4072,3131469,102.0,Rv2823c,1534.0,0.0,1534.0
4073,3132230,162.0,Rv2824c,0.0,1.0,1.0
4074,3132611,35.0,Rv2824c,0.0,1.0,1.0
4075,3133873,241.0,Rv2826c,1.0,0.0,1.0
4076,3134484,37.0,Rv2826c,0.0,1.0,1.0
4077,3134529,22.0,Rv2826c,1.0,0.0,1.0
4078,3135336,50.0,Rv2827c,1.0,0.0,1.0
4079,3137782,171.0,Rv2831,1.0,0.0,1.0
4080,3140395,30.0,Rv2833c,0.0,1.0,1.0
4081,3141154,54.0,Rv2834c,0.0,1.0,1.0
4082,3141376,283.0,Rv2835c,1.0,0.0,1.0
4083,3141450,258.0,Rv2835c,0.0,1.0,1.0
4084,3141811,138.0,Rv2835c,1.0,0.0,1.0
4085,3142815,272.0,Rv2836c,0.0,1.0,1.0
4086,3143295,112.0,Rv2836c,1.0,0.0,1.0
4087,3143308,107.0,Rv2836c,0.0,2.0,2.0
4088,3143519,37.0,Rv2836c,1.0,0.0,1.0
4089,3144270,126.0,Rv2837c,0.0,1.0,1.0
4090,3145265,870.0,Rv2839c,1.0,0.0,1.0
4091,3148439,330.0,Rv2841c,0.0,1.0,1.0
4092,3148582,283.0,Rv2841c,1.0,0.0,1.0
4093,3149464,171.0,Rv2842c,1.0,0.0,1.0
4094,3149471,169.0,Rv2842c,1.0,0.0,1.0
4095,3153961,224.0,Rv2846c,1.0,0.0,1.0
4096,3154512,40.0,Rv2846c,0.0,1.0,1.0
4097,3154527,35.0,Rv2846c,1.0,0.0,1.0
4098,3156564,320.0,Rv2848c,0.0,1.0,1.0
4099,3158178,626.0,Rv2850c,0.0,1.0,1.0
4100,3158367,563.0,Rv2850c,0.0,1.0,1.0
4101,3159136,307.0,Rv2850c,1.0,1.0,2.0
4102,3159197,286.0,Rv2850c,0.0,2.0,2.0
4103,3159676,127.0,Rv2850c,0.0,1.0,1.0
4104,3161376,229.0,Rv2852c,0.0,1.0,1.0
4105,3161700,121.0,Rv2852c,1.0,0.0,1.0
4106,3162287,7.0,Rv2853,0.0,1.0,1.0
4107,3162456,63.0,Rv2853,0.0,1.0,1.0
4108,3162720,151.0,Rv2853,0.0,2.0,2.0
4109,3163179,304.0,Rv2853,0.0,4.0,4.0
4110,3163198,311.0,Rv2853,0.0,1.0,1.0
4111,3163313,349.0,Rv2853,0.0,7.0,7.0
4112,3164565,138.0,Rv2854,0.0,1.0,1.0
4113,3164705,185.0,Rv2854,0.0,1.0,1.0
4114,3165518,105.0,Rv2855,0.0,1.0,1.0
4115,3166867,62.0,Rv2856,0.0,1.0,1.0
4116,3168833,176.0,Rv2857c,0.0,1.0,1.0
4117,3168952,136.0,Rv2857c,1.0,0.0,1.0
4118,3169757,323.0,Rv2858c,0.0,1.0,1.0
4119,3169784,314.0,Rv2858c,0.0,1.0,1.0
4120,3170650,25.0,Rv2858c,0.0,1.0,1.0
4121,3171937,355.0,Rv2860c,0.0,1.0,1.0
4122,3172929,24.0,Rv2860c,0.0,1.0,1.0
4123,3172990,4.0,Rv2860c,1.0,0.0,1.0
4124,3172992,3.0,Rv2860c,0.0,1.0,1.0
4125,3175062,24.0,Rv2863,0.0,1.0,1.0
4126,3175194,68.0,Rv2863,0.0,1.0,1.0
4127,3179242,24.0,Rv2867c,0.0,5.0,5.0
4128,3179264,17.0,Rv2867c,1.0,0.0,1.0
4129,3181856,386.0,Rv2870c,0.0,1.0,1.0
4130,3184485,194.0,Rv2873,0.0,1.0,1.0
4131,3185515,223.0,Rv2874,1.0,0.0,1.0
4132,3185928,361.0,Rv2874,0.0,1.0,1.0
4133,3186510,555.0,Rv2874,0.0,1.0,1.0
4134,3186588,581.0,Rv2874,0.0,37.0,37.0
4135,3188026,282.0,Rv2877c,1.0,0.0,1.0
4136,3188576,99.0,Rv2877c,0.0,1.0,1.0
4137,3189325,25.0,Rv2878c,0.0,1.0,1.0
4138,3193735,115.0,Rv2884,0.0,1.0,1.0
4139,3194115,241.0,Rv2884,5.0,0.0,5.0
4140,3194120,243.0,Rv2884,1.0,1.0,2.0
4141,3196872,472.0,Rv2888c,1.0,0.0,1.0
4142,3198817,97.0,Rv2889c,0.0,1.0,1.0
4143,3199974,3.0,Rv2890c,1.0,0.0,1.0
4144,3201189,278.0,Rv2892c,1.0,0.0,1.0
4145,3201276,249.0,Rv2892c,0.0,1.0,1.0
4146,3204003,96.0,Rv2894c,1.0,0.0,1.0
4147,3205001,78.0,Rv2895c,0.0,1.0,1.0
4148,3205100,45.0,Rv2895c,1.0,0.0,1.0
4149,3205158,25.0,Rv2895c,0.0,1.0,1.0
4150,3205267,390.0,Rv2896c,0.0,1.0,1.0
4151,3206189,82.0,Rv2896c,0.0,9.0,9.0
4152,3206886,353.0,Rv2897c,1.0,0.0,1.0
4153,3207621,108.0,Rv2897c,0.0,1.0,1.0
4154,3208078,84.0,Rv2898c,1.0,0.0,1.0
4155,3209646,700.0,Rv2900c,0.0,1.0,1.0
4156,3210523,408.0,Rv2900c,0.0,2.0,2.0
4157,3214676,17.0,Rv2905,0.0,1.0,1.0
4158,3214833,69.0,Rv2905,0.0,1.0,1.0
4159,3216706,62.0,Rv2907c,0.0,1.0,1.0
4160,3218015,86.0,Rv2910c,1.0,0.0,1.0
4161,3218604,89.0,Rv2911,0.0,1.0,1.0
4162,3220377,441.0,Rv2913c,1.0,0.0,1.0
4163,3220794,302.0,Rv2913c,0.0,1.0,1.0
4164,3222252,425.0,Rv2914c,1.0,0.0,1.0
4165,3222669,286.0,Rv2914c,1.0,0.0,1.0
4166,3223900,261.0,Rv2915c,0.0,1.0,1.0
4167,3224449,78.0,Rv2915c,0.0,1.0,1.0
4168,3224519,54.0,Rv2915c,0.0,1.0,1.0
4169,3225647,213.0,Rv2916c,0.0,1.0,1.0
4170,3227303,314.0,Rv2917,0.0,1.0,1.0
4171,3227747,462.0,Rv2917,0.0,1.0,1.0
4172,3228766,639.0,Rv2918c,0.0,1.0,1.0
4173,3229299,461.0,Rv2918c,0.0,1.0,1.0
4174,3229309,458.0,Rv2918c,1.0,0.0,1.0
4175,3229875,269.0,Rv2918c,0.0,1.0,1.0
4176,3230075,202.0,Rv2918c,0.0,1.0,1.0
4177,3230674,3.0,Rv2918c,0.0,1.0,1.0
4178,3231554,318.0,Rv2920c,1.0,0.0,1.0
4179,3232032,159.0,Rv2920c,1.0,0.0,1.0
4180,3232167,114.0,Rv2920c,0.0,1.0,1.0
4181,3236053,585.0,Rv2922c,0.0,1.0,1.0
4182,3238119,127.0,Rv2923c,0.0,4.0,4.0
4183,3238193,103.0,Rv2923c,0.0,1.0,1.0
4184,3243256,96.0,Rv2929,0.0,1.0,1.0
4185,3249135,1231.0,Rv2931,0.0,4.0,4.0
4186,3250043,1533.0,Rv2931,0.0,1.0,1.0
4187,3257388,568.0,Rv2933,1.0,0.0,1.0
4188,3260779,1699.0,Rv2933,1.0,0.0,1.0
4189,3263035,263.0,Rv2934,0.0,1.0,1.0
4190,3263718,491.0,Rv2934,0.0,1.0,1.0
4191,3264961,905.0,Rv2934,1.0,0.0,1.0
4192,3266293,1349.0,Rv2934,0.0,1.0,1.0
4193,3266315,1356.0,Rv2934,0.0,1.0,1.0
4194,3267698,1817.0,Rv2934,0.0,1.0,1.0
4195,3269292,519.0,Rv2935,0.0,1.0,1.0
4196,3271018,1094.0,Rv2935,0.0,1.0,1.0
4197,3273264,20.0,Rv2937,1.0,0.0,1.0
4198,3274024,273.0,Rv2937,0.0,1.0,1.0
4199,3275389,147.0,Rv2939,0.0,1.0,1.0
4200,3275943,332.0,Rv2939,0.0,1.0,1.0
4201,3276890,1942.0,Rv2940c,1.0,0.0,1.0
4202,3277355,1787.0,Rv2940c,1.0,0.0,1.0
4203,3277593,1708.0,Rv2940c,0.0,1.0,1.0
4204,3279762,985.0,Rv2940c,0.0,1.0,1.0
4205,3281276,480.0,Rv2940c,1.0,0.0,1.0
4206,3284432,366.0,Rv2941,0.0,1.0,1.0
4207,3285086,6.0,Rv2942,0.0,1.0,1.0
4208,3285131,21.0,Rv2942,1.0,0.0,1.0
4209,3292982,1124.0,Rv2946c,0.0,1.0,1.0
4210,3293049,1102.0,Rv2946c,0.0,1.0,1.0
4211,3293176,1060.0,Rv2946c,0.0,1.0,1.0
4212,3293620,912.0,Rv2946c,1.0,0.0,1.0
4213,3295810,182.0,Rv2946c,0.0,1.0,1.0
4214,3296784,353.0,Rv2947c,2.0,0.0,2.0
4215,3296928,305.0,Rv2947c,0.0,5.0,5.0
4216,3296993,283.0,Rv2947c,0.0,1.0,1.0
4217,3297790,17.0,Rv2947c,0.0,1.0,1.0
4218,3298431,508.0,Rv2948c,0.0,1.0,1.0
4219,3298511,482.0,Rv2948c,0.0,1.0,1.0
4220,3299321,212.0,Rv2948c,1.0,0.0,1.0
4221,3299380,192.0,Rv2948c,1.0,0.0,1.0
4222,3299883,24.0,Rv2948c,0.0,1.0,1.0
4223,3300454,39.0,Rv2949c,1.0,0.0,1.0
4224,3301910,182.0,Rv2950c,0.0,1.0,1.0
4225,3302275,61.0,Rv2950c,1.0,0.0,1.0
4226,3304562,41.0,Rv2952,1.0,0.0,1.0
4227,3305858,194.0,Rv2953,0.0,1.0,1.0
4228,3305884,202.0,Rv2953,1.0,0.0,1.0
4229,3306901,164.0,Rv2954c,0.0,1.0,1.0
4230,3308141,135.0,Rv2955c,0.0,1.0,1.0
4231,3308313,78.0,Rv2955c,1.0,0.0,1.0
4232,3308846,60.0,Rv2956,1.0,0.0,1.0
4233,3309563,32.0,Rv2957,0.0,1.0,1.0
4234,3311443,186.0,Rv2958c,0.0,1.0,1.0
4235,3311764,79.0,Rv2958c,0.0,1.0,1.0
4236,3314061,354.0,Rv2962c,1.0,0.0,1.0
4237,3314200,308.0,Rv2962c,0.0,1.0,1.0
4238,3315238,1.0,Rv2963,0.0,1.0,1.0
4239,3315239,2.0,Rv2963,0.0,1.0,1.0
4240,3316574,16.0,Rv2964,1.0,0.0,1.0
4241,3320653,798.0,Rv2967c,0.0,1.0,1.0
4242,3321146,634.0,Rv2967c,1.0,0.0,1.0
4243,3324385,31.0,Rv2969c,3.0,0.0,3.0
4244,3324961,248.0,Rv2970c,0.0,1.0,1.0
4245,3325664,14.0,Rv2970c,0.0,1.0,1.0
4246,3326117,6.0,Rv2971,0.0,2.0,2.0
4247,3327549,63.0,Rv2972c,1.0,0.0,1.0
4248,3329097,284.0,Rv2973c,0.0,1.0,1.0
4249,3330519,281.0,Rv2974c,0.0,1.0,1.0
4250,3331084,93.0,Rv2974c,0.0,1.0,1.0
4251,3331610,1.0,Rv2975c,1.0,0.0,1.0
4252,3332736,7.0,Rv2976c,0.0,1.0,1.0
4253,3335418,111.0,Rv2979c,1.0,0.0,1.0
4254,3336499,180.0,Rv2980,0.0,2.0,2.0
4255,3337886,11.0,Rv2981c,0.0,1.0,1.0
4256,3337894,8.0,Rv2981c,0.0,2.0,2.0
4257,3343371,150.0,Rv2986c,0.0,1.0,1.0
4258,3343443,126.0,Rv2986c,2.0,0.0,2.0
4259,3346847,234.0,Rv2989,0.0,1.0,1.0
4260,3347584,46.0,Rv2990c,0.0,1.0,1.0
4261,3352047,260.0,Rv2994,1.0,0.0,1.0
4262,3352727,248.0,Rv2995c,0.0,1.0,1.0
4263,3355439,114.0,Rv2997,0.0,1.0,1.0
4264,3355991,298.0,Rv2997,0.0,1.0,1.0
4265,3357131,106.0,Rv2998,0.0,1.0,1.0
4266,3357206,131.0,Rv2998,0.0,1.0,1.0
4267,3357402,9.0,Rv2998A,0.0,1.0,1.0
4268,3358245,215.0,Rv2999,0.0,1.0,1.0
4269,3359167,186.0,Rv3000,0.0,1.0,1.0
4270,3360567,7.0,Rv3001c,0.0,1.0,1.0
4271,3361873,372.0,Rv3003c,0.0,1.0,1.0
4272,3363647,100.0,Rv3004,0.0,1.0,1.0
4273,3366422,10.0,Rv3007c,0.0,1.0,1.0
4274,3366984,114.0,Rv3008,0.0,1.0,1.0
4275,3368834,341.0,Rv3010c,0.0,1.0,1.0
4276,3376346,197.0,Rv3016,0.0,1.0,1.0
4277,3377289,319.0,Rv3018c,0.0,1.0,1.0
4278,3377293,317.0,Rv3018c,0.0,1.0,1.0
4279,3377699,182.0,Rv3018c,0.0,8.0,8.0
4280,3377974,90.0,Rv3018c,0.0,1.0,1.0
4281,3378851,51.0,Rv3019c,0.0,1.0,1.0
4282,3379125,69.0,Rv3020c,0.0,1.0,1.0
4283,3383295,198.0,Rv3024c,0.0,2.0,2.0
4284,3383900,389.0,Rv3025c,0.0,1.0,1.0
4285,3385497,194.0,Rv3026c,0.0,1.0,1.0
4286,3386673,48.0,Rv3027c,0.0,1.0,1.0
4287,3386719,32.0,Rv3027c,1.0,0.0,1.0
4288,3387540,164.0,Rv3028c,0.0,1.0,1.0
4289,3393472,31.0,Rv3033,0.0,1.0,1.0
4290,3393534,52.0,Rv3033,0.0,1.0,1.0
4291,3393635,86.0,Rv3033,0.0,1.0,1.0
4292,3393680,101.0,Rv3033,0.0,1.0,1.0
4293,3393874,165.0,Rv3033,0.0,1.0,1.0
4294,3394785,46.0,Rv3034c,0.0,1.0,1.0
4295,3397398,298.0,Rv3037c,0.0,1.0,1.0
4296,3398978,144.0,Rv3038c,1.0,0.0,1.0
4297,3401197,241.0,Rv3041c,0.0,1.0,1.0
4298,3402922,81.0,Rv3042c,0.0,1.0,1.0
4299,3402927,79.0,Rv3042c,1.0,0.0,1.0
4300,3405312,59.0,Rv3044,0.0,1.0,1.0
4301,3406035,300.0,Rv3044,0.0,1.0,1.0
4302,3407357,111.0,Rv3046c,0.0,1.0,1.0
4303,3408212,32.0,Rv3047c,1.0,0.0,1.0
4304,3409938,382.0,Rv3049c,0.0,1.0,1.0
4305,3411067,6.0,Rv3049c,0.0,1.0,1.0
4306,3411297,221.0,Rv3050c,1.0,0.0,1.0
4307,3411561,133.0,Rv3050c,1.0,0.0,1.0
4308,3411935,8.0,Rv3050c,0.0,1.0,1.0
4309,3415793,66.0,Rv3054c,0.0,1.0,1.0
4310,3416300,74.0,Rv3055,0.0,1.0,1.0
4311,3417014,104.0,Rv3056,1.0,0.0,1.0
4312,3417058,118.0,Rv3056,0.0,1.0,1.0
4313,3417147,148.0,Rv3056,0.0,1.0,1.0
4314,3417207,168.0,Rv3056,0.0,1.0,1.0
4315,3417873,264.0,Rv3057c,0.0,1.0,1.0
4316,3417883,260.0,Rv3057c,0.0,1.0,1.0
4317,3420786,432.0,Rv3059,0.0,1.0,1.0
4318,3420909,473.0,Rv3059,1.0,0.0,1.0
4319,3422416,266.0,Rv3060c,0.0,1.0,1.0
4320,3422509,235.0,Rv3060c,1.0,0.0,1.0
4321,3422586,210.0,Rv3060c,0.0,1.0,1.0
4322,3422786,143.0,Rv3060c,1.0,0.0,1.0
4323,3423677,584.0,Rv3061c,1.0,0.0,1.0
4324,3426444,287.0,Rv3062,1.0,0.0,1.0
4325,3427524,94.0,Rv3063,0.0,1.0,1.0
4326,3428028,262.0,Rv3063,0.0,1.0,1.0
4327,3429179,646.0,Rv3063,0.0,1.0,1.0
4328,3431693,89.0,Rv3067,0.0,1.0,1.0
4329,3432368,419.0,Rv3068c,0.0,1.0,1.0
4330,3432692,311.0,Rv3068c,1.0,0.0,1.0
4331,3433123,167.0,Rv3068c,0.0,1.0,1.0
4332,3433130,165.0,Rv3068c,1.0,0.0,1.0
4333,3433930,80.0,Rv3069,0.0,1.0,1.0
4334,3435092,210.0,Rv3071,0.0,1.0,1.0
4335,3435430,323.0,Rv3071,0.0,1.0,1.0
4336,3435918,135.0,Rv3072c,0.0,1.0,1.0
4337,3436157,56.0,Rv3072c,0.0,1.0,1.0
4338,3436939,54.0,Rv3074,0.0,1.0,1.0
4339,3437147,123.0,Rv3074,0.0,1.0,1.0
4340,3437619,281.0,Rv3074,0.0,1.0,1.0
4341,3437932,385.0,Rv3074,0.0,1.0,1.0
4342,3439432,121.0,Rv3076,0.0,2.0,2.0
4343,3440995,485.0,Rv3077,1.0,0.0,1.0
4344,3441268,576.0,Rv3077,0.0,1.0,1.0
4345,3442545,18.0,Rv3079c,1.0,0.0,1.0
4346,3443494,832.0,Rv3080c,0.0,1.0,1.0
4347,3444415,525.0,Rv3080c,0.0,1.0,1.0
4348,3444785,402.0,Rv3080c,0.0,1.0,1.0
4349,3444903,362.0,Rv3080c,1.0,0.0,1.0
4350,3445211,260.0,Rv3080c,0.0,1.0,1.0
4351,3445466,175.0,Rv3080c,0.0,1.0,1.0
4352,3445733,86.0,Rv3080c,0.0,1.0,1.0
4353,3447262,408.0,Rv3081,0.0,1.0,1.0
4354,3447747,227.0,Rv3082c,0.0,1.0,1.0
4355,3447939,163.0,Rv3082c,0.0,1.0,1.0
4356,3448341,29.0,Rv3082c,0.0,1.0,1.0
4357,3449004,167.0,Rv3083,0.0,1.0,1.0
4358,3449891,463.0,Rv3083,0.0,1.0,1.0
4359,3449925,474.0,Rv3083,0.0,1.0,1.0
4360,3452052,91.0,Rv3086,0.0,1.0,1.0
4361,3452416,212.0,Rv3086,0.0,1.0,1.0
4362,3453433,170.0,Rv3087,0.0,1.0,1.0
4363,3453819,299.0,Rv3087,0.0,2.0,2.0
4364,3453901,326.0,Rv3087,0.0,1.0,1.0
4365,3454073,383.0,Rv3087,1.0,0.0,1.0
4366,3454372,11.0,Rv3088,1.0,0.0,1.0
4367,3455407,356.0,Rv3088,1.0,0.0,1.0
4368,3455732,465.0,Rv3088,0.0,1.0,1.0
4369,3455982,74.0,Rv3089,0.0,1.0,1.0
4370,3456681,307.0,Rv3089,1.0,0.0,1.0
4371,3456806,349.0,Rv3089,0.0,1.0,1.0
4372,3456861,367.0,Rv3089,1.0,0.0,1.0
4373,3458351,47.0,Rv3090,0.0,1.0,1.0
4374,3458631,141.0,Rv3090,0.0,1.0,1.0
4375,3458940,244.0,Rv3090,7.0,0.0,7.0
4376,3459096,296.0,Rv3090,0.0,1.0,1.0
4377,3459259,48.0,Rv3091,0.0,1.0,1.0
4378,3459597,161.0,Rv3091,0.0,1.0,1.0
4379,3459663,183.0,Rv3091,0.0,9.0,9.0
4380,3459807,231.0,Rv3091,0.0,1.0,1.0
4381,3460863,291.0,Rv3092c,0.0,2.0,2.0
4382,3461212,175.0,Rv3092c,0.0,1.0,1.0
4383,3461346,130.0,Rv3092c,0.0,1.0,1.0
4384,3461643,31.0,Rv3092c,0.0,1.0,1.0
4385,3463992,7.0,Rv3095,0.0,1.0,1.0
4386,3464575,10.0,Rv3096,0.0,1.0,1.0
4387,3465066,174.0,Rv3096,1.0,0.0,1.0
4388,3466367,242.0,Rv3097c,0.0,2.0,2.0
4389,3466639,151.0,Rv3097c,0.0,1.0,1.0
4390,3467329,112.0,Rv3098c,1.0,0.0,1.0
4391,3467916,168.0,Rvns02,1.0,0.0,1.0
4392,3468910,119.0,Rv3099c,0.0,1.0,1.0
4393,3472225,185.0,Rv3104c,0.0,1.0,1.0
4394,3473168,246.0,Rv3105c,1.0,0.0,1.0
4395,3475510,484.0,Rv3107c,0.0,1.0,1.0
4396,3476838,42.0,Rv3107c,0.0,1.0,1.0
4397,3477203,48.0,Rv3108,1.0,0.0,1.0
4398,3478562,305.0,Rv3109,0.0,1.0,1.0
4399,3479466,99.0,Rv3111,0.0,1.0,1.0
4400,3479621,151.0,Rv3111,1.0,0.0,1.0
4401,3479625,152.0,Rv3111,0.0,1.0,1.0
4402,3479740,14.0,Rv3112,1.0,0.0,1.0
4403,3479767,23.0,Rv3112,0.0,1.0,1.0
4404,3480617,182.0,Rv3113,0.0,1.0,1.0
4405,3480628,185.0,Rv3113,0.0,1.0,1.0
4406,3481112,118.0,Rv3114,0.0,1.0,1.0
4407,3483487,238.0,Rv3116,0.0,1.0,1.0
4408,3483910,379.0,Rv3116,1.0,0.0,1.0
4409,3486010,147.0,Rv3120,0.0,1.0,1.0
4410,3487116,203.0,Rv3121,0.0,1.0,1.0
4411,3488619,17.0,Rv3123,1.0,0.0,1.0
4412,3488647,27.0,Rv3123,0.0,1.0,1.0
4413,3488687,40.0,Rv3123,0.0,1.0,1.0
4414,3490146,214.0,Rv3124,1.0,0.0,1.0
4415,3490318,271.0,Rv3124,1.0,0.0,1.0
4416,3490339,278.0,Rv3124,1.0,0.0,1.0
4417,3490775,293.0,Rv3125c,0.0,1.0,1.0
4418,3493108,321.0,Rv3127,1.0,0.0,1.0
4419,3493136,330.0,Rv3127,0.0,1.0,1.0
4420,3493253,310.0,Rv3128c,0.0,1.0,1.0
4421,3493482,234.0,Rv3128c,0.0,1.0,1.0
4422,3493735,149.0,Rv3128c,0.0,1.0,1.0
4423,3498708,186.0,Rv3132c,1.0,0.0,1.0
4424,3499098,56.0,Rv3132c,1.0,0.0,1.0
4425,3500725,9.0,Rv3134c,0.0,1.0,1.0
4426,3501606,91.0,Rv3135,1.0,7.0,8.0
4427,3502396,201.0,Rv3136,0.0,1.0,1.0
4428,3505191,333.0,Rv3138,1.0,0.0,1.0
4429,3507768,327.0,Rv3140,1.0,0.0,1.0
4430,3509769,39.0,Rv3143,0.0,1.0,1.0
4431,3510610,236.0,Rv3144c,0.0,1.0,1.0
4432,3510749,190.0,Rv3144c,0.0,1.0,1.0
4433,3510763,185.0,Rv3144c,0.0,1.0,1.0
4434,3511231,29.0,Rv3144c,0.0,7.0,7.0
4435,3511869,63.0,Rv3145,0.0,1.0,1.0
4436,3515623,71.0,Rv3150,1.0,0.0,1.0
4437,3515945,178.0,Rv3150,1.0,0.0,1.0
4438,3519294,5.0,Rv3152,6.0,0.0,6.0
4439,3520421,380.0,Rv3152,1.0,0.0,1.0
4440,3521508,124.0,Rv3154,0.0,1.0,1.0
4441,3521566,143.0,Rv3154,0.0,1.0,1.0
4442,3522738,169.0,Rv3156,0.0,1.0,1.0
4443,3524101,623.0,Rv3156,0.0,1.0,1.0
4444,3524205,25.0,Rv3157,0.0,1.0,1.0
4445,3525474,448.0,Rv3157,0.0,1.0,1.0
4446,3527554,537.0,Rv3159c,1.0,0.0,1.0
4447,3528268,299.0,Rv3159c,0.0,1.0,1.0
4448,3528971,65.0,Rv3159c,1.0,129.0,130.0
4449,3530424,239.0,Rv3161c,0.0,1.0,1.0
4450,3531807,369.0,Rv3163c,0.0,1.0,1.0
4451,3531920,332.0,Rv3163c,1.0,0.0,1.0
4452,3533832,25.0,Rv3164c,0.0,1.0,1.0
4453,3534747,202.0,Rv3166c,1.0,0.0,1.0
4454,3534911,147.0,Rv3166c,0.0,1.0,1.0
4455,3535298,18.0,Rv3166c,0.0,2.0,2.0
4456,3536013,15.0,Rv3167c,1.0,0.0,1.0
4457,3536242,47.0,Rv3168,0.0,1.0,1.0
4458,3536318,73.0,Rv3168,0.0,1.0,1.0
4459,3537039,313.0,Rv3168,0.0,1.0,1.0
4460,3537706,157.0,Rv3169,0.0,1.0,1.0
4461,3537910,225.0,Rv3169,0.0,1.0,1.0
4462,3539009,169.0,Rv3170,0.0,1.0,1.0
4463,3539082,193.0,Rv3170,0.0,1.0,1.0
4464,3540140,202.0,Rv3171c,0.0,1.0,1.0
4465,3540358,130.0,Rv3171c,1.0,0.0,1.0
4466,3540555,64.0,Rv3171c,0.0,1.0,1.0
4467,3540739,3.0,Rv3171c,0.0,1.0,1.0
4468,3541338,9.0,Rv3172c,0.0,1.0,1.0
4469,3541993,18.0,Rv3173c,1.0,0.0,1.0
4470,3544168,437.0,Rv3175,0.0,1.0,1.0
4471,3546151,235.0,Rv3177,0.0,1.0,1.0
4472,3546207,254.0,Rv3177,0.0,1.0,1.0
4473,3546472,12.0,Rv3178,0.0,1.0,1.0
4474,3548791,392.0,Rv3179,0.0,1.0,1.0
4475,3554636,113.0,Rv3188,1.0,0.0,1.0
4476,3564651,96.0,Rv3195,0.0,1.0,1.0
4477,3565196,278.0,Rv3195,0.0,3.0,3.0
4478,3565574,404.0,Rv3195,1.0,0.0,1.0
4479,3566365,193.0,Rv3196,0.0,1.0,1.0
4480,3566502,239.0,Rv3196,1.0,0.0,1.0
4481,3566717,60.0,Rv3196A,1.0,0.0,1.0
4482,3567758,245.0,Rv3197,1.0,0.0,1.0
4483,3568439,81.0,Rv3197A,0.0,1.0,1.0
4484,3571657,296.0,Rv3199c,0.0,1.0,1.0
4485,3572377,56.0,Rv3199c,1.0,0.0,1.0
4486,3572393,51.0,Rv3199c,1.0,0.0,1.0
4487,3574567,824.0,Rv3201c,0.0,1.0,1.0
4488,3575228,603.0,Rv3201c,0.0,1.0,1.0
4489,3575634,468.0,Rv3201c,0.0,1.0,1.0
4490,3575679,453.0,Rv3201c,0.0,1.0,1.0
4491,3576844,65.0,Rv3201c,1.0,0.0,1.0
4492,3577347,952.0,Rv3202c,0.0,1.0,1.0
4493,3579174,343.0,Rv3202c,1.0,0.0,1.0
4494,3579771,144.0,Rv3202c,1.0,0.0,1.0
4495,3579851,117.0,Rv3202c,1.0,0.0,1.0
4496,3581082,149.0,Rv3203,0.0,1.0,1.0
4497,3581372,20.0,Rv3204,0.0,1.0,1.0
4498,3581529,72.0,Rv3204,0.0,1.0,1.0
4499,3581792,238.0,Rv3205c,1.0,0.0,1.0
4500,3582555,386.0,Rv3206c,0.0,1.0,1.0
4501,3583119,198.0,Rv3206c,1.0,21.0,22.0
4502,3588475,226.0,Rv3211,0.0,1.0,1.0
4503,3589221,475.0,Rv3211,0.0,1.0,1.0
4504,3589324,509.0,Rv3211,0.0,2.0,2.0
4505,3589412,7.0,Rv3212,0.0,1.0,1.0
4506,3591648,1.0,Rv3214,0.0,1.0,1.0
4507,3591722,26.0,Rv3214,0.0,1.0,1.0
4508,3592141,166.0,Rv3214,0.0,1.0,1.0
4509,3592746,165.0,Rv3215,0.0,1.0,1.0
4510,3593979,86.0,Rv3217c,2.0,4.0,6.0
4511,3594556,30.0,Rv3218,1.0,0.0,1.0
4512,3596273,421.0,Rv3220c,0.0,11.0,11.0
4513,3596744,264.0,Rv3220c,0.0,1.0,1.0
4514,3597303,78.0,Rv3220c,0.0,1.0,1.0
4515,3598311,16.0,Rv3221A,0.0,1.0,1.0
4516,3598403,168.0,Rv3222c,1.0,0.0,1.0
4517,3598511,132.0,Rv3222c,1.0,0.0,1.0
4518,3599132,140.0,Rv3223c,0.0,1.0,1.0
4519,3600566,239.0,Rv3224,0.0,1.0,1.0
4520,3600859,20.0,Rv3224B,1.0,0.0,1.0
4521,3600986,62.0,Rv3224B,0.0,1.0,1.0
4522,3601165,426.0,Rv3225c,0.0,1.0,1.0
4523,3601433,336.0,Rv3225c,0.0,1.0,1.0
4524,3601539,301.0,Rv3225c,1.0,0.0,1.0
4525,3601942,167.0,Rv3225c,0.0,1.0,1.0
4526,3602361,27.0,Rv3225c,0.0,1.0,1.0
4527,3603216,36.0,Rv3226c,1.0,0.0,1.0
4528,3603586,70.0,Rv3227,0.0,1.0,1.0
4529,3606881,52.0,Rv3229c,1.0,0.0,1.0
4530,3607189,356.0,Rv3230c,0.0,1.0,1.0
4531,3607383,291.0,Rv3230c,0.0,1.0,1.0
4532,3607833,141.0,Rv3230c,0.0,1.0,1.0
4533,3607928,109.0,Rv3230c,0.0,1.0,1.0
4534,3608063,64.0,Rv3230c,1.0,0.0,1.0
4535,3608771,35.0,Rv3231c,0.0,1.0,1.0
4536,3611426,43.0,Rv3235,1.0,0.0,1.0
4537,3613595,3.0,Rv3237c,0.0,1.0,1.0
4538,3613702,233.0,Rv3238c,0.0,1.0,1.0
4539,3615362,748.0,Rv3239c,0.0,1.0,1.0
4540,3617392,71.0,Rv3239c,0.0,1.0,1.0
4541,3617518,29.0,Rv3239c,0.0,1.0,1.0
4542,3619145,463.0,Rv3240c,1.0,0.0,1.0
4543,3620803,151.0,Rv3241c,0.0,1.0,1.0
4544,3620870,129.0,Rv3241c,1.0,0.0,1.0
4545,3621056,67.0,Rv3241c,0.0,1.0,1.0
4546,3621114,47.0,Rv3241c,1.0,0.0,1.0
4547,3621164,31.0,Rv3241c,0.0,1.0,1.0
4548,3622133,27.0,Rv3242c,0.0,1.0,1.0
4549,3624611,100.0,Rv3244c,0.0,1.0,1.0
4550,3629642,2.0,Rv3248c,1.0,0.0,1.0
4551,3629925,155.0,Rv3249c,1.0,0.0,1.0
4552,3630505,21.0,Rv3250c,1.0,0.0,1.0
4553,3633009,192.0,Rv3253c,1.0,0.0,1.0
4554,3633381,68.0,Rv3253c,0.0,1.0,1.0
4555,3634330,219.0,Rv3254,0.0,1.0,1.0
4556,3636333,328.0,Rv3256c,4.0,0.0,4.0
4557,3636506,270.0,Rv3256c,1.0,0.0,1.0
4558,3643501,109.0,Rv3263,0.0,1.0,1.0
4559,3643978,268.0,Rv3263,0.0,1.0,1.0
4560,3644613,479.0,Rv3263,0.0,1.0,1.0
4561,3648042,53.0,Rv3267,0.0,3.0,3.0
4562,3649684,89.0,Rv3268,1.0,0.0,1.0
4563,3650852,109.0,Rv3270,0.0,1.0,1.0
4564,3650958,145.0,Rv3270,0.0,16.0,16.0
4565,3653728,94.0,Rv3272,0.0,1.0,1.0
4566,3656110,492.0,Rv3273,0.0,1.0,1.0
4567,3656662,676.0,Rv3273,0.0,1.0,1.0
4568,3658646,427.0,Rv3276c,1.0,0.0,1.0
4569,3660814,119.0,Rv3278c,0.0,1.0,1.0
4570,3663777,30.0,Rv3281,0.0,1.0,1.0
4571,3664474,86.0,Rv3282,0.0,1.0,1.0
4572,3665194,89.0,Rv3283,0.0,1.0,1.0
4573,3665485,186.0,Rv3283,1.0,0.0,1.0
4574,3667793,479.0,Rv3285,1.0,0.0,1.0
4575,3668731,75.0,Rv3286c,0.0,1.0,1.0
4576,3670297,39.0,Rv3289c,0.0,1.0,1.0
4577,3670975,274.0,Rv3290c,0.0,1.0,1.0
4578,3672449,41.0,Rv3292,0.0,1.0,1.0
4579,3672640,105.0,Rv3292,1.0,0.0,1.0
4580,3676397,111.0,Rv3295,0.0,1.0,1.0
4581,3678848,692.0,Rv3296,0.0,1.0,1.0
4582,3680526,1251.0,Rv3296,0.0,1.0,1.0
4583,3681303,1510.0,Rv3296,0.0,1.0,1.0
4584,3683060,968.0,Rv3299c,0.0,1.0,1.0
4585,3683109,952.0,Rv3299c,0.0,1.0,1.0
4586,3683520,815.0,Rv3299c,0.0,1.0,1.0
4587,3683573,797.0,Rv3299c,0.0,1.0,1.0
4588,3683736,743.0,Rv3299c,0.0,1.0,1.0
4589,3685076,296.0,Rv3299c,0.0,1.0,1.0
4590,3685688,92.0,Rv3299c,0.0,1.0,1.0
4591,3686195,236.0,Rv3300c,0.0,1.0,1.0
4592,3686338,188.0,Rv3300c,0.0,1.0,1.0
4593,3686608,98.0,Rv3300c,0.0,4.0,4.0
4594,3686621,94.0,Rv3300c,0.0,1.0,1.0
4595,3686740,54.0,Rv3300c,0.0,1.0,1.0
4596,3687432,49.0,Rv3301c,0.0,1.0,1.0
4597,3688114,443.0,Rv3302c,0.0,1.0,1.0
4598,3688635,270.0,Rv3302c,1.0,0.0,1.0
4599,3693037,318.0,Rv3306c,0.0,1.0,1.0
4600,3696119,419.0,Rv3308,0.0,1.0,1.0
4601,3696293,477.0,Rv3308,0.0,1.0,1.0
4602,3696299,479.0,Rv3308,0.0,1.0,1.0
4603,3696515,193.0,Rv3309c,0.0,1.0,1.0
4604,3698777,219.0,Rv3311,1.0,0.0,1.0
4605,3699487,282.0,Rv3312c,0.0,1.0,1.0
4606,3701011,2.0,Rv3312A,0.0,1.0,1.0
4607,3702039,49.0,Rv3313c,0.0,1.0,1.0
4608,3702871,199.0,Rv3314c,0.0,1.0,1.0
4609,3705948,317.0,Rv3318,0.0,1.0,1.0
4610,3706865,32.0,Rv3319,0.0,2.0,2.0
4611,3707376,202.0,Rv3319,1.0,0.0,1.0
4612,3708494,187.0,Rv3322c,1.0,0.0,1.0
4613,3708650,135.0,Rv3322c,0.0,1.0,1.0
4614,3709345,124.0,Rv3323c,0.0,2.0,2.0
4615,3709694,7.0,Rv3323c,1.0,0.0,1.0
4616,3714249,28.0,Rv3328c,1.0,0.0,1.0
4617,3715233,281.0,Rv3329,1.0,0.0,1.0
4618,3717562,158.0,Rv3331,3.0,6.0,9.0
4619,3718198,370.0,Rv3331,0.0,1.0,1.0
4620,3718957,121.0,Rv3332,1.0,0.0,1.0
4621,3719508,305.0,Rv3332,0.0,1.0,1.0
4622,3721367,37.0,Rv3334,1.0,0.0,1.0
4623,3721838,255.0,Rv3335c,0.0,1.0,1.0
4624,3722126,159.0,Rv3335c,0.0,1.0,1.0
4625,3723692,13.0,Rv3337,0.0,1.0,1.0
4626,3724177,92.0,Rv3338,1.0,0.0,1.0
4627,3724746,367.0,Rv3339c,0.0,1.0,1.0
4628,3724882,321.0,Rv3339c,0.0,1.0,1.0
4629,3727936,150.0,Rv3341,0.0,1.0,1.0
4630,3729117,165.0,Rv3342,0.0,1.0,1.0
4631,3730134,2268.0,Rv3343c,0.0,1.0,1.0
4632,3731749,1729.0,Rv3343c,0.0,1.0,1.0
4633,3731885,1684.0,Rv3343c,0.0,1.0,1.0
4634,3732943,1331.0,Rv3343c,3.0,8.0,11.0
4635,3733507,1143.0,Rv3343c,0.0,1.0,1.0
4636,3733889,1016.0,Rv3343c,0.0,1.0,1.0
4637,3734504,811.0,Rv3343c,0.0,1.0,1.0
4638,3734879,686.0,Rv3343c,0.0,1.0,1.0
4639,3735143,598.0,Rv3343c,0.0,1.0,1.0
4640,3736676,87.0,Rv3343c,1.0,0.0,1.0
4641,3736729,69.0,Rv3343c,0.0,4.0,4.0
4642,3736804,44.0,Rv3343c,0.0,9.0,9.0
4643,3737922,173.0,Rv3344c,0.0,1.0,1.0
4644,3739974,934.0,Rv3345c,0.0,31.0,31.0
4645,3741281,498.0,Rv3345c,4.0,0.0,4.0
4646,3742581,65.0,Rv3345c,0.0,1.0,1.0
4647,3742659,39.0,Rv3345c,0.0,1.0,1.0
4648,3743337,40.0,Rv3346c,0.0,1.0,1.0
4649,3743419,13.0,Rv3346c,0.0,1.0,1.0
4650,3743894,3097.0,Rv3347c,0.0,1.0,1.0
4651,3744837,2783.0,Rv3347c,1.0,0.0,1.0
4652,3745422,2588.0,Rv3347c,2.0,0.0,2.0
4653,3745439,2582.0,Rv3347c,0.0,1.0,1.0
4654,3745619,2522.0,Rv3347c,0.0,1.0,1.0
4655,3745882,2435.0,Rv3347c,0.0,2.0,2.0
4656,3746539,2216.0,Rv3347c,1.0,0.0,1.0
4657,3746737,2150.0,Rv3347c,1.0,0.0,1.0
4658,3747142,2015.0,Rv3347c,0.0,1.0,1.0
4659,3747271,1972.0,Rv3347c,0.0,1.0,1.0
4660,3747281,1968.0,Rv3347c,0.0,1.0,1.0
4661,3747345,1947.0,Rv3347c,0.0,1.0,1.0
4662,3748245,1647.0,Rv3347c,0.0,1.0,1.0
4663,3748378,1603.0,Rv3347c,0.0,1.0,1.0
4664,3750961,742.0,Rv3347c,0.0,1.0,1.0
4665,3751396,597.0,Rv3347c,0.0,1.0,1.0
4666,3751809,459.0,Rv3347c,0.0,1.0,1.0
4667,3752021,388.0,Rv3347c,0.0,1.0,1.0
4668,3752800,129.0,Rv3347c,0.0,1.0,1.0
4669,3752974,71.0,Rv3347c,0.0,1.0,1.0
4670,3752992,65.0,Rv3347c,0.0,11.0,11.0
4671,3756001,3701.0,Rv3350c,0.0,1.0,1.0
4672,3756555,3516.0,Rv3350c,0.0,1.0,1.0
4673,3756674,3477.0,Rv3350c,0.0,1.0,1.0
4674,3756773,3444.0,Rv3350c,0.0,1.0,1.0
4675,3757433,3224.0,Rv3350c,0.0,1.0,1.0
4676,3759391,2571.0,Rv3350c,0.0,1.0,1.0
4677,3759910,2398.0,Rv3350c,0.0,1.0,1.0
4678,3760976,2043.0,Rv3350c,0.0,1.0,1.0
4679,3762277,1609.0,Rv3350c,1.0,0.0,1.0
4680,3763275,1276.0,Rv3350c,0.0,2.0,2.0
4681,3763355,1250.0,Rv3350c,0.0,1.0,1.0
4682,3764107,999.0,Rv3350c,0.0,1.0,1.0
4683,3764803,767.0,Rv3350c,0.0,1.0,1.0
4684,3765106,666.0,Rv3350c,0.0,2.0,2.0
4685,3765549,518.0,Rv3350c,0.0,1.0,1.0
4686,3765600,501.0,Rv3350c,0.0,1.0,1.0
4687,3766238,289.0,Rv3350c,1.0,0.0,1.0
4688,3767838,101.0,Rv3351c,0.0,1.0,1.0
4689,3771300,86.0,Rv3358,0.0,1.0,1.0
4690,3773102,156.0,Rv3361c,0.0,1.0,1.0
4691,3773718,146.0,Rv3362c,0.0,1.0,1.0
4692,3774405,34.0,Rv3363c,0.0,1.0,1.0
4693,3778030,98.0,Rv3366,0.0,1.0,1.0
4694,3778572,2.0,Rv3367,1.0,0.0,1.0
4695,3779127,187.0,Rv3367,0.0,1.0,1.0
4696,3779382,272.0,Rv3367,0.0,1.0,1.0
4697,3779395,276.0,Rv3367,0.0,1.0,1.0
4698,3779793,409.0,Rv3367,0.0,4.0,4.0
4699,3779932,455.0,Rv3367,0.0,1.0,1.0
4700,3780076,503.0,Rv3367,0.0,1.0,1.0
4701,3781540,1067.0,Rv3370c,0.0,1.0,1.0
4702,3781629,1038.0,Rv3370c,0.0,1.0,1.0
4703,3781959,928.0,Rv3370c,0.0,1.0,1.0
4704,3782288,818.0,Rv3370c,0.0,1.0,1.0
4705,3782941,600.0,Rv3370c,0.0,1.0,1.0
4706,3783406,445.0,Rv3370c,0.0,2.0,2.0
4707,3783951,264.0,Rv3370c,0.0,1.0,1.0
4708,3785326,132.0,Rv3371,0.0,1.0,1.0
4709,3785587,219.0,Rv3371,0.0,3.0,3.0
4710,3786079,383.0,Rv3371,0.0,1.0,1.0
4711,3788543,59.0,Rv3374,0.0,1.0,1.0
4712,3789455,279.0,Rv3375,0.0,1.0,1.0
4713,3790485,110.0,Rv3376,1.0,0.0,1.0
4714,3790855,500.0,Rv3377c,0.0,1.0,1.0
4715,3791502,284.0,Rv3377c,1.0,0.0,1.0
4716,3792628,207.0,Rv3378c,0.0,1.0,1.0
4717,3792864,129.0,Rv3378c,0.0,1.0,1.0
4718,3793462,469.0,Rv3379c,0.0,1.0,1.0
4719,3797179,87.0,Rv3382c,0.0,2.0,2.0
4720,3798199,97.0,Rv3383c,0.0,1.0,1.0
4721,3799495,47.0,Rv3384c,1.0,0.0,1.0
4722,3804270,174.0,Rv3389c,1.0,0.0,1.0
4723,3805503,213.0,Rv3390,0.0,1.0,1.0
4724,3805634,5.0,Rv3391,0.0,1.0,1.0
4725,3806671,351.0,Rv3391,0.0,1.0,1.0
4726,3807111,497.0,Rv3391,0.0,1.0,1.0
4727,3807366,582.0,Rv3391,0.0,1.0,1.0
4728,3807468,616.0,Rv3391,1.0,0.0,1.0
4729,3807470,617.0,Rv3391,0.0,1.0,1.0
4730,3807597,281.0,Rv3392c,0.0,1.0,1.0
4731,3807991,149.0,Rv3392c,0.0,1.0,1.0
4732,3808077,121.0,Rv3392c,0.0,1.0,1.0
4733,3808213,75.0,Rv3392c,0.0,1.0,1.0
4734,3808302,46.0,Rv3392c,0.0,1.0,1.0
4735,3808337,34.0,Rv3392c,0.0,1.0,1.0
4736,3808386,18.0,Rv3392c,0.0,1.0,1.0
4737,3808571,37.0,Rv3393,0.0,1.0,1.0
4738,3808674,72.0,Rv3393,0.0,1.0,1.0
4739,3808825,122.0,Rv3393,0.0,1.0,1.0
4740,3810952,25.0,Rv3394c,0.0,3.0,3.0
4741,3811028,203.0,Rv3395c,0.0,1.0,1.0
4742,3811211,142.0,Rv3395c,0.0,9.0,9.0
4743,3811720,1.0,Rv3395A,0.0,1.0,1.0
4744,3814098,301.0,Rv3397c,0.0,1.0,1.0
4745,3814299,234.0,Rv3397c,0.0,1.0,1.0
4746,3814752,83.0,Rv3397c,0.0,1.0,1.0
4747,3816828,234.0,Rv3399,1.0,0.0,1.0
4748,3818640,200.0,Rv3401,1.0,0.0,1.0
4749,3819238,399.0,Rv3401,0.0,1.0,1.0
4750,3819753,571.0,Rv3401,2.0,0.0,2.0
4751,3819930,630.0,Rv3401,1.0,0.0,1.0
4752,3820014,658.0,Rv3401,0.0,1.0,1.0
4753,3820104,688.0,Rv3401,0.0,1.0,1.0
4754,3820808,362.0,Rv3402c,0.0,1.0,1.0
4755,3823179,229.0,Rv3403c,1.0,0.0,1.0
4756,3823572,98.0,Rv3403c,1.0,0.0,1.0
4757,3823790,25.0,Rv3403c,0.0,1.0,1.0
4758,3823822,14.0,Rv3403c,0.0,1.0,1.0
4759,3823829,12.0,Rv3403c,0.0,1.0,1.0
4760,3823832,11.0,Rv3403c,0.0,1.0,1.0
4761,3823894,231.0,Rv3404c,0.0,1.0,1.0
4762,3824329,86.0,Rv3404c,1.0,0.0,1.0
4763,3825820,164.0,Rv3406,0.0,1.0,1.0
4764,3825894,189.0,Rv3406,0.0,1.0,1.0
4765,3826466,72.0,Rv3407,0.0,1.0,1.0
4766,3827323,469.0,Rv3409c,0.0,1.0,1.0
4767,3827673,352.0,Rv3409c,2.0,0.0,2.0
4768,3830977,181.0,Rv3411c,0.0,1.0,1.0
4769,3831411,37.0,Rv3411c,0.0,1.0,1.0
4770,3831416,35.0,Rv3411c,0.0,1.0,1.0
4771,3832123,133.0,Rv3412,0.0,1.0,1.0
4772,3832146,300.0,Rv3413c,0.0,1.0,1.0
4773,3832665,127.0,Rv3413c,2.0,0.0,2.0
4774,3833129,183.0,Rv3414c,0.0,3.0,3.0
4775,3833468,70.0,Rv3414c,0.0,1.0,1.0
4776,3833711,271.0,Rv3415c,0.0,1.0,1.0
4777,3834291,77.0,Rv3415c,0.0,1.0,1.0
4778,3836621,91.0,Rv3417c,0.0,1.0,1.0
4779,3847500,112.0,Rv3429,1.0,0.0,1.0
4780,3851417,113.0,Rv3432c,1.0,0.0,1.0
4781,3852778,146.0,Rv3433c,0.0,1.0,1.0
4782,3853226,235.0,Rv3434c,0.0,1.0,1.0
4783,3853553,126.0,Rv3434c,1.0,0.0,1.0
4784,3853671,86.0,Rv3434c,0.0,1.0,1.0
4785,3853808,41.0,Rv3434c,0.0,1.0,1.0
4786,3853995,267.0,Rv3435c,0.0,1.0,1.0
4787,3854254,180.0,Rv3435c,0.0,1.0,1.0
4788,3857785,130.0,Rv3438,0.0,1.0,1.0
4789,3857975,193.0,Rv3438,0.0,1.0,1.0
4790,3858166,257.0,Rv3438,0.0,1.0,1.0
4791,3858263,467.0,Rv3439c,1.0,0.0,1.0
4792,3858414,417.0,Rv3439c,0.0,1.0,1.0
4793,3858717,316.0,Rv3439c,0.0,7.0,7.0
4794,3859370,98.0,Rv3439c,0.0,1.0,1.0
4795,3859676,101.0,Rv3440c,2.0,0.0,2.0
4796,3859760,73.0,Rv3440c,0.0,1.0,1.0
4797,3860983,130.0,Rv3441c,1.0,0.0,1.0
4798,3862954,124.0,Rv3445c,0.0,1.0,1.0
4799,3862960,122.0,Rv3445c,0.0,1.0,1.0
4800,3863150,59.0,Rv3445c,0.0,1.0,1.0
4801,3863500,344.0,Rv3446c,0.0,1.0,1.0
4802,3863810,241.0,Rv3446c,0.0,1.0,1.0
4803,3864167,122.0,Rv3446c,1.0,2.0,3.0
4804,3864310,74.0,Rv3446c,0.0,1.0,1.0
4805,3866477,588.0,Rv3447c,0.0,1.0,1.0
4806,3866607,544.0,Rv3447c,0.0,1.0,1.0
4807,3867019,407.0,Rv3447c,0.0,1.0,1.0
4808,3867140,367.0,Rv3447c,0.0,1.0,1.0
4809,3868656,102.0,Rv3448,0.0,2.0,2.0
4810,3868743,131.0,Rv3448,0.0,2.0,2.0
4811,3869244,298.0,Rv3448,0.0,1.0,1.0
4812,3869430,360.0,Rv3448,0.0,5.0,5.0
4813,3870284,178.0,Rv3449,1.0,0.0,1.0
4814,3870958,403.0,Rv3449,0.0,1.0,1.0
4815,3871217,427.0,Rv3450c,0.0,2.0,2.0
4816,3871435,354.0,Rv3450c,0.0,1.0,1.0
4817,3872006,164.0,Rv3450c,0.0,1.0,1.0
4818,3873654,68.0,Rv3452,0.0,1.0,1.0
4819,3874011,187.0,Rv3452,0.0,1.0,1.0
4820,3875300,160.0,Rv3454,0.0,1.0,1.0
4821,3875594,258.0,Rv3454,0.0,1.0,1.0
4822,3875666,282.0,Rv3454,0.0,1.0,1.0
4823,3875711,297.0,Rv3454,0.0,1.0,1.0
4824,3876926,169.0,Rv3456c,0.0,1.0,1.0
4825,3877154,93.0,Rv3456c,1.0,0.0,1.0
4826,3879811,87.0,Rv3460c,0.0,1.0,1.0
4827,3883526,1.0,Rv3466,0.0,1.0,1.0
4828,3884893,310.0,Rv3467,0.0,1.0,1.0
4829,3884903,314.0,Rv3467,0.0,19.0,19.0
4830,3885520,184.0,Rv3468c,0.0,1.0,1.0
4831,3886761,108.0,Rv3469c,0.0,1.0,1.0
4832,3889600,80.0,Rv3472,0.0,1.0,1.0
4833,3892627,365.0,Rv3476c,0.0,1.0,1.0
4834,3892830,297.0,Rv3476c,0.0,1.0,1.0
4835,3894306,72.0,Rv3477,0.0,1.0,1.0
4836,3894503,26.0,Rv3478,0.0,2.0,2.0
4837,3894609,62.0,Rv3478,0.0,1.0,1.0
4838,3894622,66.0,Rv3478,0.0,4.0,4.0
4839,3895023,200.0,Rv3478,0.0,1.0,1.0
4840,3895244,273.0,Rv3478,133.0,0.0,133.0
4841,3896387,190.0,Rv3479,0.0,1.0,1.0
4842,3896617,266.0,Rv3479,0.0,1.0,1.0
4843,3897341,508.0,Rv3479,0.0,1.0,1.0
4844,3898399,860.0,Rv3479,0.0,1.0,1.0
4845,3898594,925.0,Rv3479,0.0,1.0,1.0
4846,3898753,978.0,Rv3479,0.0,1.0,1.0
4847,3898991,471.0,Rv3480c,1.0,0.0,1.0
4848,3899043,454.0,Rv3480c,0.0,1.0,1.0
4849,3900771,138.0,Rv3481c,1.0,1.0,2.0
4850,3901972,45.0,Rv3482c,0.0,1.0,1.0
4851,3902609,68.0,Rv3483c,0.0,1.0,1.0
4852,3903124,16.0,Rv3484,0.0,1.0,1.0
4853,3903217,47.0,Rv3484,0.0,1.0,1.0
4854,3903494,139.0,Rv3484,0.0,1.0,1.0
4855,3904489,471.0,Rv3484,1.0,0.0,1.0
4856,3904537,487.0,Rv3484,0.0,1.0,1.0
4857,3904997,190.0,Rv3485c,0.0,1.0,1.0
4858,3905039,176.0,Rv3485c,0.0,5.0,5.0
4859,3905433,45.0,Rv3485c,0.0,1.0,1.0
4860,3906717,97.0,Rv3487c,0.0,1.0,1.0
4861,3907975,103.0,Rv3488,0.0,1.0,1.0
4862,3910401,171.0,Rv3491,1.0,0.0,1.0
4863,3911879,497.0,Rv3494c,0.0,4.0,4.0
4864,3911971,467.0,Rv3494c,0.0,3.0,3.0
4865,3912978,131.0,Rv3494c,1.0,0.0,1.0
4866,3916309,216.0,Rv3497c,1.0,0.0,1.0
4867,3917668,111.0,Rv3498c,1.0,0.0,1.0
4868,3918511,230.0,Rv3499c,0.0,1.0,1.0
4869,3919146,19.0,Rv3499c,1.0,0.0,1.0
4870,3922594,42.0,Rv3504,0.0,1.0,1.0
4871,3923470,334.0,Rv3504,0.0,1.0,1.0
4872,3924672,325.0,Rv3505,1.0,0.0,1.0
4873,3925389,167.0,Rv3506,0.0,1.0,1.0
4874,3925619,244.0,Rv3506,1.0,0.0,1.0
4875,3925815,309.0,Rv3506,0.0,1.0,1.0
4876,3926981,138.0,Rv3507,0.0,1.0,1.0
4877,3926996,143.0,Rv3507,0.0,1.0,1.0
4878,3927870,434.0,Rv3507,0.0,1.0,1.0
4879,3929837,1090.0,Rv3507,0.0,1.0,1.0
4880,3936661,1886.0,Rv3508,0.0,3.0,3.0
4881,3937326,367.0,Rv3509c,1.0,0.0,1.0
4882,3937833,198.0,Rv3509c,1.0,0.0,1.0
4883,3937884,181.0,Rv3509c,1.0,23.0,24.0
4884,3938222,68.0,Rv3509c,1.0,0.0,1.0
4885,3938604,218.0,Rv3510c,1.0,0.0,1.0
4886,3939650,12.0,Rv3511,0.0,7.0,7.0
4887,3940024,136.0,Rv3511,0.0,2.0,2.0
4888,3940140,175.0,Rv3511,0.0,1.0,1.0
4889,3942556,278.0,Rv3512,0.0,4.0,4.0
4890,3942621,300.0,Rv3512,0.0,1.0,1.0
4891,3949341,1183.0,Rv3514,0.0,1.0,1.0
4892,3951322,383.0,Rv3515c,1.0,0.0,1.0
4893,3952749,69.0,Rv3516,0.0,1.0,1.0
4894,3953617,63.0,Rv3517,0.0,1.0,1.0
4895,3954437,362.0,Rv3518c,0.0,1.0,1.0
4896,3954480,348.0,Rv3518c,1.0,0.0,1.0
4897,3955393,43.0,Rv3518c,2.0,0.0,2.0
4898,3955852,101.0,Rv3519,0.0,1.0,1.0
4899,3957726,69.0,Rv3521,0.0,1.0,1.0
4900,3959048,201.0,Rv3522,1.0,0.0,1.0
4901,3960314,262.0,Rv3523,0.0,1.0,1.0
4902,3960948,65.0,Rv3524,0.0,1.0,1.0
4903,3961243,163.0,Rv3524,1.0,0.0,1.0
4904,3961373,207.0,Rv3524,0.0,1.0,1.0
4905,3961775,341.0,Rv3524,0.0,1.0,1.0
4906,3961855,157.0,Rv3525c,0.0,1.0,1.0
4907,3962193,44.0,Rv3525c,0.0,1.0,1.0
4908,3967522,100.0,Rv3530c,1.0,0.0,1.0
4909,3967609,71.0,Rv3530c,0.0,19.0,19.0
4910,3968418,176.0,Rv3531c,0.0,1.0,1.0
4911,3969423,27.0,Rv3532,5.0,151.0,156.0
4912,3969666,108.0,Rv3532,0.0,1.0,1.0
4913,3969978,212.0,Rv3532,1.0,1.0,2.0
4914,3970130,263.0,Rv3532,0.0,1.0,1.0
4915,3970770,562.0,Rv3533c,0.0,1.0,1.0
4916,3971487,323.0,Rv3533c,0.0,1.0,1.0
4917,3971968,162.0,Rv3533c,0.0,1.0,1.0
4918,3972148,102.0,Rv3533c,1.0,0.0,1.0
4919,3972244,70.0,Rv3533c,0.0,54.0,54.0
4920,3972252,68.0,Rv3533c,0.0,2.0,2.0
4921,3972261,65.0,Rv3533c,2.0,18.0,20.0
4922,3972368,29.0,Rv3533c,0.0,1.0,1.0
4923,3978102,15.0,Rv3539,1.0,0.0,1.0
4924,3978134,26.0,Rv3539,0.0,3.0,3.0
4925,3981434,183.0,Rv3542c,1.0,0.0,1.0
4926,3982813,110.0,Rv3543c,0.0,2.0,2.0
4927,3985225,74.0,Rv3545c,0.0,1.0,1.0
4928,3986866,8.0,Rv3547,0.0,1.0,1.0
4929,3986927,28.0,Rv3547,0.0,1.0,1.0
4930,3987098,85.0,Rv3547,0.0,1.0,1.0
4931,3987209,122.0,Rv3547,0.0,1.0,1.0
4932,3992917,78.0,Rv3554,1.0,0.0,1.0
4933,3993039,119.0,Rv3554,0.0,1.0,1.0
4934,3993240,186.0,Rv3554,1.0,0.0,1.0
4935,3993415,244.0,Rv3554,1.0,0.0,1.0
4936,3993753,357.0,Rv3554,0.0,1.0,1.0
4937,3994537,618.0,Rv3554,0.0,1.0,1.0
4938,3995163,179.0,Rv3555c,0.0,1.0,1.0
4939,3995246,152.0,Rv3555c,0.0,2.0,2.0
4940,3995491,70.0,Rv3555c,1.0,0.0,1.0
4941,3995492,70.0,Rv3555c,0.0,2.0,2.0
4942,3998059,27.0,Rv3558,0.0,46.0,46.0
4943,3998213,78.0,Rv3558,0.0,1.0,1.0
4944,3998730,251.0,Rv3558,0.0,1.0,1.0
4945,3998785,269.0,Rv3558,0.0,2.0,2.0
4946,3998827,283.0,Rv3558,0.0,1.0,1.0
4947,3998842,288.0,Rv3558,0.0,1.0,1.0
4948,3998905,309.0,Rv3558,0.0,2.0,2.0
4949,4001703,23.0,Rv3561,1.0,0.0,1.0
4950,4004827,179.0,Rv3563,1.0,0.0,1.0
4951,4007483,234.0,Rv3566c,0.0,1.0,1.0
4952,4007533,217.0,Rv3566c,0.0,1.0,1.0
4953,4008741,181.0,Rv3567c,0.0,1.0,1.0
4954,4008744,180.0,Rv3567c,0.0,3.0,3.0
4955,4008858,142.0,Rv3567c,1.0,0.0,1.0
4956,4012557,47.0,Rv3571,0.0,1.0,1.0
4957,4013953,148.0,Rv3572,0.0,1.0,1.0
4958,4016768,95.0,Rv3574,1.0,0.0,1.0
4959,4017352,273.0,Rv3575c,1.0,0.0,1.0
4960,4017650,173.0,Rv3575c,0.0,1.0,1.0
4961,4018368,4.0,Rv3576,0.0,1.0,1.0
4962,4018372,5.0,Rv3576,0.0,2.0,2.0
4963,4019311,17.0,Rv3577,0.0,1.0,1.0
4964,4019343,28.0,Rv3577,0.0,1.0,1.0
4965,4020799,220.0,Rv3578,1.0,10.0,11.0
4966,4020809,223.0,Rv3578,0.0,2.0,2.0
4967,4021089,316.0,Rv3578,0.0,1.0,1.0
4968,4021169,343.0,Rv3578,0.0,1.0,1.0
4969,4022315,27.0,Rv3579c,0.0,1.0,1.0
4970,4026026,66.0,Rv3584,1.0,0.0,1.0
4971,4026059,77.0,Rv3584,1.0,0.0,1.0
4972,4026086,86.0,Rv3584,0.0,1.0,1.0
4973,4026281,151.0,Rv3584,1.0,0.0,1.0
4974,4026716,91.0,Rv3585,0.0,1.0,1.0
4975,4028654,255.0,Rv3586,1.0,0.0,1.0
4976,4029034,243.0,Rv3587c,7.0,50.0,57.0
4977,4030491,2.0,Rv3588c,0.0,1.0,1.0
4978,4031599,520.0,Rv3590c,1.0,0.0,1.0
4979,4031616,515.0,Rv3590c,0.0,6.0,6.0
4980,4031629,510.0,Rv3590c,0.0,1.0,1.0
4981,4031705,485.0,Rv3590c,0.0,1.0,1.0
4982,4032732,143.0,Rv3590c,0.0,2.0,2.0
4983,4032999,54.0,Rv3590c,0.0,1.0,1.0
4984,4033919,42.0,Rv3591c,0.0,1.0,1.0
4985,4034746,132.0,Rv3593,0.0,4.0,4.0
4986,4034989,213.0,Rv3593,0.0,1.0,1.0
4987,4036737,438.0,Rv3595c,0.0,3.0,3.0
4988,4036746,435.0,Rv3595c,0.0,3.0,3.0
4989,4037794,86.0,Rv3595c,0.0,1.0,1.0
4990,4037796,85.0,Rv3595c,0.0,1.0,1.0
4991,4037809,81.0,Rv3595c,0.0,1.0,1.0
4992,4038338,789.0,Rv3596c,1.0,0.0,1.0
4993,4043051,270.0,Rv3600c,0.0,1.0,1.0
4994,4045976,48.0,Rv3603c,0.0,1.0,1.0
4995,4046338,387.0,Rv3604c,0.0,1.0,1.0
4996,4046468,343.0,Rv3604c,0.0,5.0,5.0
4997,4046503,332.0,Rv3604c,7.0,0.0,7.0
4998,4046787,237.0,Rv3604c,0.0,1.0,1.0
4999,4047199,100.0,Rv3604c,0.0,1.0,1.0
5000,4047802,127.0,Rv3605c,0.0,1.0,1.0
5001,4048038,48.0,Rv3605c,8.0,0.0,8.0
5002,4048252,166.0,Rv3606c,0.0,1.0,1.0
5003,4052400,162.0,Rv3610c,1.0,0.0,1.0
5004,4052670,72.0,Rv3610c,0.0,1.0,1.0
5005,4053910,45.0,Rv3613c,0.0,1.0,1.0
5006,4054415,94.0,Rv3614c,1.0,0.0,1.0
5007,4055298,360.0,Rv3616c,0.0,1.0,1.0
5008,4055303,358.0,Rv3616c,0.0,1.0,1.0
5009,4055332,348.0,Rv3616c,0.0,6.0,6.0
5010,4055334,348.0,Rv3616c,0.0,1.0,1.0
5011,4055919,153.0,Rv3616c,1.0,0.0,1.0
5012,4057840,36.0,Rv3617,0.0,1.0,1.0
5013,4059165,156.0,Rv3618,1.0,0.0,1.0
5014,4060884,336.0,Rv3621c,0.0,1.0,1.0
5015,4061820,24.0,Rv3621c,0.0,1.0,1.0
5016,4062947,141.0,Rv3623,0.0,1.0,1.0
5017,4063898,3.0,Rv3624c,0.0,1.0,1.0
5018,4068273,261.0,Rv3629c,0.0,1.0,1.0
5019,4068335,240.0,Rv3629c,0.0,1.0,1.0
5020,4068903,51.0,Rv3629c,1.0,0.0,1.0
5021,4069270,32.0,Rv3630,0.0,1.0,1.0
5022,4069490,106.0,Rv3630,1.0,0.0,1.0
5023,4069828,218.0,Rv3630,0.0,1.0,1.0
5024,4070360,396.0,Rv3630,0.0,3.0,3.0
5025,4070403,410.0,Rv3630,1.0,0.0,1.0
5026,4071276,14.0,Rv3632,0.0,1.0,1.0
5027,4071805,5.0,Rv3633,0.0,1.0,1.0
5028,4072259,157.0,Rv3633,0.0,1.0,1.0
5029,4072559,257.0,Rv3633,0.0,1.0,1.0
5030,4072984,210.0,Rv3634c,0.0,1.0,1.0
5031,4073470,48.0,Rv3634c,1.0,0.0,1.0
5032,4080057,168.0,Rv3641c,0.0,5.0,5.0
5033,4081719,335.0,Rv3644c,0.0,1.0,1.0
5034,4082134,196.0,Rv3644c,0.0,1.0,1.0
5035,4085243,672.0,Rv3646c,0.0,1.0,1.0
5036,4085604,552.0,Rv3646c,0.0,1.0,1.0
5037,4088156,11.0,Rv3647c,1.0,0.0,1.0
5038,4088364,56.0,Rv3648c,1.0,0.0,1.0
5039,4088365,56.0,Rv3648c,2.0,0.0,2.0
5040,4088372,54.0,Rv3648c,1.0,0.0,1.0
5041,4088450,28.0,Rv3648c,1.0,0.0,1.0
5042,4088940,54.0,Rv3649,0.0,1.0,1.0
5043,4091319,29.0,Rv3650,0.0,1.0,1.0
5044,4092858,340.0,Rv3651,0.0,1.0,1.0
5045,4093648,6.0,Rv3652,0.0,1.0,1.0
5046,4093666,12.0,Rv3652,0.0,1.0,1.0
5047,4093698,23.0,Rv3652,0.0,1.0,1.0
5048,4093873,81.0,Rv3652,0.0,1.0,1.0
5049,4093986,16.0,Rv3653,0.0,1.0,1.0
5050,4094471,178.0,Rv3653,0.0,1.0,1.0
5051,4094882,11.0,Rv3654c,0.0,1.0,1.0
5052,4095252,17.0,Rv3655c,2.0,3.0,5.0
5053,4095468,21.0,Rv3656c,0.0,1.0,1.0
5054,4095684,144.0,Rv3657c,1.0,0.0,1.0
5055,4095711,135.0,Rv3657c,0.0,1.0,1.0
5056,4096141,267.0,Rv3658c,1.0,0.0,1.0
5057,4096260,227.0,Rv3658c,1.0,0.0,1.0
5058,4097559,146.0,Rv3659c,0.0,1.0,1.0
5059,4097947,16.0,Rv3659c,0.0,1.0,1.0
5060,4098353,266.0,Rv3660c,0.0,1.0,1.0
5061,4099026,41.0,Rv3660c,0.0,31.0,31.0
5062,4099075,25.0,Rv3660c,0.0,1.0,1.0
5063,4100245,200.0,Rv3661,1.0,0.0,1.0
5064,4101986,17.0,Rv3662c,0.0,1.0,1.0
5065,4102997,228.0,Rv3663c,1.0,0.0,1.0
5066,4103647,11.0,Rv3663c,0.0,1.0,1.0
5067,4103983,165.0,Rv3664c,0.0,1.0,1.0
5068,4105677,470.0,Rv3666c,0.0,1.0,1.0
5069,4106228,286.0,Rv3666c,0.0,1.0,1.0
5070,4108255,155.0,Rv3667,0.0,1.0,1.0
5071,4108520,243.0,Rv3667,0.0,1.0,1.0
5072,4111156,110.0,Rv3669,0.0,1.0,1.0
5073,4111384,13.0,Rv3670,0.0,1.0,1.0
5074,4112683,278.0,Rv3671c,1.0,15.0,16.0
5075,4113523,274.0,Rv3672c,1.0,0.0,1.0
5076,4114903,85.0,Rv3673c,0.0,1.0,1.0
5077,4115566,110.0,Rv3674c,1.0,0.0,1.0
5078,4116254,85.0,Rv3675,0.0,1.0,1.0
5079,4116378,126.0,Rv3675,1.0,0.0,1.0
5080,4117864,63.0,Rv3677c,0.0,1.0,1.0
5081,4119847,18.0,Rv3680,0.0,1.0,1.0
5082,4120236,148.0,Rv3680,1.0,0.0,1.0
5083,4120715,307.0,Rv3680,0.0,1.0,1.0
5084,4121501,18.0,Rv3681c,0.0,1.0,1.0
5085,4124468,18.0,Rv3683,0.0,1.0,1.0
5086,4125516,26.0,Rv3684,0.0,1.0,1.0
5087,4127470,419.0,Rv3685c,0.0,3.0,3.0
5088,4128067,220.0,Rv3685c,0.0,1.0,1.0
5089,4128454,91.0,Rv3685c,0.0,1.0,1.0
5090,4128483,81.0,Rv3685c,0.0,1.0,1.0
5091,4128537,63.0,Rv3685c,0.0,1.0,1.0
5092,4128980,35.0,Rv3686c,0.0,1.0,1.0
5093,4129331,121.0,Rv3687c,0.0,1.0,1.0
5094,4130021,113.0,Rv3688c,0.0,1.0,1.0
5095,4130053,102.0,Rv3688c,0.0,1.0,1.0
5096,4130741,129.0,Rv3689,0.0,1.0,1.0
5097,4131181,275.0,Rv3689,0.0,2.0,2.0
5098,4131619,421.0,Rv3689,0.0,1.0,1.0
5099,4131702,449.0,Rv3689,1.0,0.0,1.0
5100,4132569,18.0,Rv3691,1.0,0.0,1.0
5101,4133238,241.0,Rv3691,0.0,1.0,1.0
5102,4135737,338.0,Rv3693,1.0,0.0,1.0
5103,4136373,248.0,Rv3694c,0.0,1.0,1.0
5104,4136660,152.0,Rv3694c,1.0,0.0,1.0
5105,4137853,216.0,Rv3695,0.0,1.0,1.0
5106,4138092,296.0,Rv3695,0.0,1.0,1.0
5107,4138271,495.0,Rv3696c,0.0,1.0,1.0
5108,4138681,359.0,Rv3696c,0.0,1.0,1.0
5109,4138728,343.0,Rv3696c,1.0,0.0,1.0
5110,4139183,191.0,Rv3696c,32.0,0.0,32.0
5111,4139837,136.0,Rv3697c,0.0,1.0,1.0
5112,4141304,271.0,Rv3698,0.0,1.0,1.0
5113,4141805,438.0,Rv3698,0.0,1.0,1.0
5114,4141851,453.0,Rv3698,0.0,1.0,1.0
5115,4141951,487.0,Rv3698,0.0,1.0,1.0
5116,4142102,20.0,Rv3699,0.0,1.0,1.0
5117,4142762,387.0,Rv3700c,1.0,2.0,3.0
5118,4143388,178.0,Rv3700c,0.0,1.0,1.0
5119,4143718,68.0,Rv3700c,0.0,14.0,14.0
5120,4143803,40.0,Rv3700c,1.0,0.0,1.0
5121,4144792,42.0,Rv3701c,0.0,1.0,1.0
5122,4145008,203.0,Rv3702c,1.0,1.0,2.0
5123,4145504,37.0,Rv3702c,1.0,0.0,1.0
5124,4145961,311.0,Rv3703c,0.0,1.0,1.0
5125,4146837,19.0,Rv3703c,0.0,1.0,1.0
5126,4146840,18.0,Rv3703c,6.0,2.0,8.0
5127,4146854,13.0,Rv3703c,0.0,1.0,1.0
5128,4147108,360.0,Rv3704c,0.0,1.0,1.0
5129,4147232,319.0,Rv3704c,0.0,1.0,1.0
5130,4147249,313.0,Rv3704c,0.0,1.0,1.0
5131,4148543,140.0,Rv3705c,1.0,0.0,1.0
5132,4149140,114.0,Rv3705A,0.0,1.0,1.0
5133,4150135,302.0,Rv3707c,1.0,0.0,1.0
5134,4153390,32.0,Rv3709c,0.0,2.0,2.0
5135,4154134,132.0,Rv3710,1.0,0.0,1.0
5136,4155253,505.0,Rv3710,0.0,2.0,2.0
5137,4157572,198.0,Rv3712,0.0,1.0,1.0
5138,4158014,345.0,Rv3712,0.0,1.0,1.0
5139,4159468,118.0,Rv3714c,0.0,1.0,1.0
5140,4160533,127.0,Rv3716c,0.0,11.0,11.0
5141,4160536,126.0,Rv3716c,1.0,0.0,1.0
5142,4160544,124.0,Rv3716c,0.0,46.0,46.0
5143,4168629,32.0,Rv3723,0.0,1.0,1.0
5144,4169009,158.0,Rv3723,0.0,1.0,1.0
5145,4170747,178.0,Rv3725,2.0,0.0,2.0
5146,4170816,201.0,Rv3725,0.0,1.0,1.0
5147,4172532,371.0,Rv3726,0.0,1.0,1.0
5148,4173189,79.0,Rv3727,1.0,0.0,1.0
5149,4173424,157.0,Rv3727,0.0,1.0,1.0
5150,4175507,212.0,Rv3728,0.0,1.0,1.0
5151,4176295,475.0,Rv3728,0.0,1.0,1.0
5152,4176421,517.0,Rv3728,0.0,1.0,1.0
5153,4176650,593.0,Rv3728,0.0,1.0,1.0
5154,4176793,641.0,Rv3728,1.0,0.0,1.0
5155,4177673,934.0,Rv3728,0.0,1.0,1.0
5156,4178463,60.0,Rv3729,0.0,1.0,1.0
5157,4178704,140.0,Rv3729,1.0,0.0,1.0
5158,4179225,314.0,Rv3729,1.0,0.0,1.0
5159,4179290,336.0,Rv3729,0.0,1.0,1.0
5160,4180056,591.0,Rv3729,0.0,1.0,1.0
5161,4180865,286.0,Rv3730c,1.0,0.0,1.0
5162,4183342,137.0,Rv3732,0.0,1.0,1.0
5163,4184162,117.0,Rv3733c,1.0,0.0,1.0
5164,4185002,297.0,Rv3734c,0.0,1.0,1.0
5165,4185295,199.0,Rv3734c,0.0,1.0,1.0
5166,4186344,86.0,Rv3735,1.0,0.0,1.0
5167,4187055,141.0,Rv3736,0.0,2.0,2.0
5168,4187165,178.0,Rv3736,0.0,1.0,1.0
5169,4187661,343.0,Rv3736,0.0,1.0,1.0
5170,4188933,412.0,Rv3737,0.0,1.0,1.0
5171,4189134,479.0,Rv3737,0.0,1.0,1.0
5172,4189393,280.0,Rv3738c,1.0,0.0,1.0
5173,4189586,216.0,Rv3738c,0.0,1.0,1.0
5174,4190885,432.0,Rv3740c,0.0,1.0,1.0
5175,4190942,413.0,Rv3740c,0.0,1.0,1.0
5176,4191978,68.0,Rv3740c,1.0,0.0,1.0
5177,4192572,94.0,Rv3741c,0.0,1.0,1.0
5178,4193639,579.0,Rv3743c,0.0,1.0,1.0
5179,4194000,458.0,Rv3743c,0.0,34.0,34.0
5180,4194011,455.0,Rv3743c,1.0,0.0,1.0
5181,4194066,436.0,Rv3743c,0.0,1.0,1.0
5182,4197353,40.0,Rv3748,0.0,1.0,1.0
5183,4197468,78.0,Rv3748,1.0,0.0,1.0
5184,4197536,101.0,Rv3748,0.0,1.0,1.0
5185,4197594,120.0,Rv3748,0.0,1.0,1.0
5186,4198527,24.0,Rv3750c,0.0,1.0,1.0
5187,4202052,188.0,Rv3756c,0.0,1.0,1.0
5188,4204682,231.0,Rv3759c,1.0,0.0,1.0
5189,4204808,189.0,Rv3759c,0.0,1.0,1.0
5190,4204931,148.0,Rv3759c,0.0,3.0,3.0
5191,4204945,143.0,Rv3759c,0.0,1.0,1.0
5192,4205593,19.0,Rv3760,0.0,2.0,2.0
5193,4205717,60.0,Rv3760,0.0,1.0,1.0
5194,4205951,323.0,Rv3761c,0.0,1.0,1.0
5195,4206537,127.0,Rv3761c,1.0,0.0,1.0
5196,4207343,512.0,Rv3762c,0.0,1.0,1.0
5197,4207676,401.0,Rv3762c,0.0,1.0,1.0
5198,4208019,286.0,Rv3762c,0.0,1.0,1.0
5199,4210792,73.0,Rv3764c,0.0,1.0,1.0
5200,4211378,136.0,Rv3765c,0.0,1.0,1.0
5201,4211463,108.0,Rv3765c,1.0,0.0,1.0
5202,4211560,75.0,Rv3765c,0.0,1.0,1.0
5203,4211673,38.0,Rv3765c,0.0,1.0,1.0
5204,4212509,73.0,Rv3766,0.0,1.0,1.0
5205,4212653,121.0,Rv3766,0.0,1.0,1.0
5206,4212832,180.0,Rv3766,0.0,8.0,8.0
5207,4212886,198.0,Rv3766,1.0,0.0,1.0
5208,4212920,210.0,Rv3766,0.0,1.0,1.0
5209,4212976,228.0,Rv3766,0.0,1.0,1.0
5210,4213515,142.0,Rv3767c,1.0,0.0,1.0
5211,4213556,129.0,Rv3767c,0.0,1.0,1.0
5212,4213561,127.0,Rv3767c,0.0,1.0,1.0
5213,4213840,34.0,Rv3767c,0.0,1.0,1.0
5214,4215233,181.0,Rv3770c,0.0,1.0,1.0
5215,4217279,49.0,Rv3772,0.0,1.0,1.0
5216,4218370,152.0,Rv3773c,1.0,0.0,1.0
5217,4218515,104.0,Rv3773c,0.0,1.0,1.0
5218,4218741,29.0,Rv3773c,0.0,2.0,2.0
5219,4219456,203.0,Rv3774,0.0,1.0,1.0
5220,4219854,57.0,Rv3775,0.0,1.0,1.0
5221,4219974,97.0,Rv3775,0.0,1.0,1.0
5222,4220173,163.0,Rv3775,0.0,1.0,1.0
5223,4221416,110.0,Rv3776,0.0,1.0,1.0
5224,4221708,207.0,Rv3776,0.0,1.0,1.0
5225,4223299,202.0,Rv3777,0.0,1.0,1.0
5226,4223823,358.0,Rv3778c,1.0,0.0,1.0
5227,4224994,4.0,Rv3779,0.0,1.0,1.0
5228,4227026,13.0,Rv3780,2.0,52.0,54.0
5229,4227665,46.0,Rv3781,1.0,0.0,1.0
5230,4230572,106.0,Rv3784,0.0,1.0,1.0
5231,4230580,109.0,Rv3784,1.0,0.0,1.0
5232,4231561,81.0,Rv3785,1.0,0.0,1.0
5233,4232247,310.0,Rv3785,0.0,1.0,1.0
5234,4232477,374.0,Rv3786c,0.0,1.0,1.0
5235,4232603,332.0,Rv3786c,0.0,1.0,1.0
5236,4233195,135.0,Rv3786c,1.0,0.0,1.0
5237,4234111,142.0,Rv3787c,0.0,1.0,1.0
5238,4234437,34.0,Rv3787c,0.0,6.0,6.0
5239,4234874,32.0,Rv3788,0.0,1.0,1.0
5240,4234875,32.0,Rv3788,1.0,0.0,1.0
5241,4235102,108.0,Rv3788,0.0,1.0,1.0
5242,4238791,287.0,Rv3792,1.0,0.0,1.0
5243,4239948,29.0,Rv3793,0.0,1.0,1.0
5244,4240141,93.0,Rv3793,0.0,1.0,1.0
5245,4242357,832.0,Rv3793,1.0,0.0,1.0
5246,4242481,873.0,Rv3793,0.0,1.0,1.0
5247,4245240,670.0,Rv3794,0.0,1.0,1.0
5248,4245303,691.0,Rv3794,2.0,0.0,2.0
5249,4245834,868.0,Rv3794,2.0,0.0,2.0
5250,4245955,908.0,Rv3794,1.0,0.0,1.0
5251,4246690,59.0,Rv3795,0.0,1.0,1.0
5252,4247422,303.0,Rv3795,1.0,0.0,1.0
5253,4247423,304.0,Rv3795,1.0,0.0,1.0
5254,4249455,981.0,Rv3795,0.0,1.0,1.0
5255,4250541,222.0,Rv3796,1.0,0.0,1.0
5256,4251774,230.0,Rv3797,0.0,1.0,1.0
5257,4252440,452.0,Rv3797,0.0,1.0,1.0
5258,4252513,477.0,Rv3797,2.0,0.0,2.0
5259,4252563,493.0,Rv3797,0.0,1.0,1.0
5260,4252774,564.0,Rv3797,1.0,0.0,1.0
5261,4255988,1720.0,Rv3800c,1.0,0.0,1.0
5262,4257801,1116.0,Rv3800c,0.0,3.0,3.0
5263,4259327,607.0,Rv3800c,0.0,1.0,1.0
5264,4259381,589.0,Rv3800c,0.0,1.0,1.0
5265,4259464,561.0,Rv3800c,0.0,1.0,1.0
5266,4260853,98.0,Rv3800c,0.0,1.0,1.0
5267,4263368,333.0,Rv3802c,0.0,1.0,1.0
5268,4264167,67.0,Rv3802c,0.0,1.0,1.0
5269,4264924,180.0,Rv3803c,3.0,0.0,3.0
5270,4264939,175.0,Rv3803c,0.0,1.0,1.0
5271,4265357,36.0,Rv3803c,0.0,1.0,1.0
5272,4265405,20.0,Rv3803c,1.0,0.0,1.0
5273,4265642,339.0,Rv3804c,0.0,1.0,1.0
5274,4272501,325.0,Rv3809c,0.0,1.0,1.0
5275,4274126,130.0,Rv3810,0.0,1.0,1.0
5276,4274376,213.0,Rv3810,0.0,8.0,8.0
5277,4274593,285.0,Rv3810,1.0,0.0,1.0
5278,4274910,38.0,Rv3811,0.0,1.0,1.0
5279,4275150,118.0,Rv3811,0.0,9.0,9.0
5280,4276909,113.0,Rv3812,0.0,1.0,1.0
5281,4277808,413.0,Rv3812,0.0,1.0,1.0
5282,4278034,488.0,Rv3812,0.0,1.0,1.0
5283,4279744,91.0,Rv3814c,1.0,0.0,1.0
5284,4279825,64.0,Rv3814c,0.0,70.0,70.0
5285,4280455,112.0,Rv3815c,1.0,0.0,1.0
5286,4280676,38.0,Rv3815c,1.0,0.0,1.0
5287,4281561,4.0,Rv3816c,0.0,1.0,1.0
5288,4282109,155.0,Rv3817,1.0,0.0,1.0
5289,4283420,324.0,Rv3818,0.0,1.0,1.0
5290,4285123,235.0,Rv3820c,0.0,1.0,1.0
5291,4285158,223.0,Rv3820c,0.0,1.0,1.0
5292,4285304,174.0,Rv3820c,0.0,1.0,1.0
5293,4285398,143.0,Rv3820c,0.0,1.0,1.0
5294,4286685,238.0,Rv3821,0.0,10.0,10.0
5295,4288299,1077.0,Rv3823c,0.0,2.0,2.0
5296,4288353,1059.0,Rv3823c,0.0,1.0,1.0
5297,4289434,699.0,Rv3823c,0.0,1.0,1.0
5298,4290916,205.0,Rv3823c,0.0,1.0,1.0
5299,4292406,257.0,Rv3824c,1.0,0.0,1.0
5300,4293790,1939.0,Rv3825c,0.0,1.0,1.0
5301,4294251,1785.0,Rv3825c,0.0,1.0,1.0
5302,4295955,1217.0,Rv3825c,1.0,0.0,1.0
5303,4295994,1204.0,Rv3825c,1.0,0.0,1.0
5304,4296268,1113.0,Rv3825c,0.0,1.0,1.0
5305,4296638,990.0,Rv3825c,0.0,2.0,2.0
5306,4297473,711.0,Rv3825c,0.0,1.0,1.0
5307,4297869,579.0,Rv3825c,0.0,1.0,1.0
5308,4300183,124.0,Rv3826,0.0,1.0,1.0
5309,4300568,253.0,Rv3826,0.0,1.0,1.0
5310,4300980,390.0,Rv3826,1.0,0.0,1.0
5311,4304047,321.0,Rv3829c,1.0,0.0,1.0
5312,4304220,263.0,Rv3829c,0.0,1.0,1.0
5313,4305761,2.0,Rv3831,1.0,0.0,1.0
5314,4305798,14.0,Rv3831,0.0,1.0,1.0
5315,4305884,43.0,Rv3831,0.0,1.0,1.0
5316,4306161,135.0,Rv3831,0.0,1.0,1.0
5317,4307041,59.0,Rv3833,0.0,1.0,1.0
5318,4307044,60.0,Rv3833,0.0,1.0,1.0
5319,4309126,27.0,Rv3835,1.0,0.0,1.0
5320,4310437,13.0,Rv3836,0.0,1.0,1.0
5321,4310462,21.0,Rv3836,0.0,1.0,1.0
5322,4314940,208.0,Rv3842c,0.0,1.0,1.0
5323,4315333,77.0,Rv3842c,0.0,1.0,1.0
5324,4315894,235.0,Rv3843c,0.0,1.0,1.0
5325,4316084,171.0,Rv3843c,1.0,0.0,1.0
5326,4316477,40.0,Rv3843c,0.0,1.0,1.0
5327,4321285,194.0,Rv3846,0.0,1.0,1.0
5328,4321825,96.0,Rv3847,0.0,1.0,1.0
5329,4321896,120.0,Rv3847,0.0,1.0,1.0
5330,4322468,48.0,Rv3848,1.0,0.0,1.0
5331,4322702,126.0,Rv3848,0.0,1.0,1.0
5332,4322922,199.0,Rv3848,0.0,2.0,2.0
5333,4323011,229.0,Rv3848,2.0,0.0,2.0
5334,4323876,126.0,Rv3849,1.0,0.0,1.0
5335,4324795,38.0,Rv3851,0.0,1.0,1.0
5336,4325428,119.0,Rv3852,1.0,0.0,1.0
5337,4325940,149.0,Rv3853,0.0,1.0,1.0
5338,4325957,155.0,Rv3853,0.0,1.0,1.0
5339,4326089,462.0,Rv3854c,1.0,0.0,1.0
5340,4326279,399.0,Rv3854c,1.0,0.0,1.0
5341,4326283,397.0,Rv3854c,1.0,0.0,1.0
5342,4326414,354.0,Rv3854c,0.0,1.0,1.0
5343,4326505,323.0,Rv3854c,2.0,0.0,2.0
5344,4326686,263.0,Rv3854c,0.0,1.0,1.0
5345,4326719,252.0,Rv3854c,1.0,0.0,1.0
5346,4326801,225.0,Rv3854c,1.0,0.0,1.0
5347,4327377,33.0,Rv3854c,1.0,0.0,1.0
5348,4327381,31.0,Rv3854c,1.0,0.0,1.0
5349,4327414,20.0,Rv3854c,1.0,0.0,1.0
5350,4328837,191.0,Rv3856c,1.0,0.0,1.0
5351,4329209,67.0,Rv3856c,0.0,1.0,1.0
5352,4329383,9.0,Rv3856c,1.0,0.0,1.0
5353,4329502,38.0,Rv3857c,1.0,0.0,1.0
5354,4329547,23.0,Rv3857c,0.0,1.0,1.0
5355,4337764,330.0,Rv3860,0.0,1.0,1.0
5356,4338885,13.0,Rv3863,0.0,1.0,1.0
5357,4338894,16.0,Rv3863,0.0,1.0,1.0
5358,4340271,1.0,Rv3864,1.0,0.0,1.0
5359,4340844,192.0,Rv3864,1.0,0.0,1.0
5360,4341196,309.0,Rv3864,0.0,1.0,1.0
5361,4341382,371.0,Rv3864,0.0,1.0,1.0
5362,4341383,372.0,Rv3864,0.0,2.0,2.0
5363,4341456,396.0,Rv3864,0.0,1.0,1.0
5364,4343249,160.0,Rv3867,1.0,0.0,1.0
5365,4343261,164.0,Rv3867,0.0,1.0,1.0
5366,4345157,40.0,Rv3869,0.0,1.0,1.0
5367,4345238,67.0,Rv3869,1.0,0.0,1.0
5368,4345497,153.0,Rv3869,0.0,1.0,1.0
5369,4345754,239.0,Rv3869,1.0,0.0,1.0
5370,4345875,279.0,Rv3869,1.0,0.0,1.0
5371,4346700,74.0,Rv3870,1.0,0.0,1.0
5372,4346905,142.0,Rv3870,0.0,1.0,1.0
5373,4346915,145.0,Rv3870,1.0,0.0,1.0
5374,4347023,181.0,Rv3870,0.0,1.0,1.0
5375,4347065,195.0,Rv3870,0.0,1.0,1.0
5376,4347743,421.0,Rv3870,1.0,0.0,1.0
5377,4348013,511.0,Rv3870,0.0,1.0,1.0
5378,4350590,588.0,Rv3871,0.0,1.0,1.0
5379,4350992,83.0,Rv3872,1.0,0.0,1.0
5380,4351010,89.0,Rv3872,0.0,1.0,1.0
5381,4351099,9.0,Rv3873,1.0,0.0,1.0
5382,4351790,239.0,Rv3873,0.0,1.0,1.0
5383,4352142,356.0,Rv3873,0.0,2.0,2.0
5384,4353942,311.0,Rv3876,1.0,0.0,1.0
5385,4353977,323.0,Rv3876,0.0,1.0,1.0
5386,4354079,357.0,Rv3876,0.0,1.0,1.0
5387,4354369,454.0,Rv3876,0.0,1.0,1.0
5388,4354793,595.0,Rv3876,0.0,1.0,1.0
5389,4354972,655.0,Rv3876,1.0,0.0,1.0
5390,4355044,13.0,Rv3877,1.0,0.0,1.0
5391,4355543,179.0,Rv3877,0.0,1.0,1.0
5392,4355734,243.0,Rv3877,0.0,1.0,1.0
5393,4355754,250.0,Rv3877,0.0,1.0,1.0
5394,4355863,286.0,Rv3877,1.0,0.0,1.0
5395,4356212,402.0,Rv3877,1.0,0.0,1.0
5396,4356344,446.0,Rv3877,0.0,1.0,1.0
5397,4356892,67.0,Rv3878,0.0,1.0,1.0
5398,4357235,181.0,Rv3878,0.0,1.0,1.0
5399,4357646,713.0,Rv3879c,0.0,1.0,1.0
5400,4357686,699.0,Rv3879c,1.0,0.0,1.0
5401,4357945,613.0,Rv3879c,1.0,0.0,1.0
5402,4358081,568.0,Rv3879c,0.0,1.0,1.0
5403,4358294,497.0,Rv3879c,0.0,1.0,1.0
5404,4358855,310.0,Rv3879c,1.0,0.0,1.0
5405,4358892,297.0,Rv3879c,0.0,1.0,1.0
5406,4358949,278.0,Rv3879c,0.0,1.0,1.0
5407,4358968,272.0,Rv3879c,0.0,1.0,1.0
5408,4358979,268.0,Rv3879c,1.0,0.0,1.0
5409,4359319,155.0,Rv3879c,0.0,1.0,1.0
5410,4359649,45.0,Rv3879c,0.0,1.0,1.0
5411,4359760,8.0,Rv3879c,1.0,0.0,1.0
5412,4360744,394.0,Rv3881c,0.0,1.0,1.0
5413,4360825,367.0,Rv3881c,0.0,1.0,1.0
5414,4361169,253.0,Rv3881c,0.0,1.0,1.0
5415,4363172,83.0,Rv3882c,0.0,1.0,1.0
5416,4363196,75.0,Rv3882c,1.0,0.0,1.0
5417,4363457,434.0,Rv3883c,1.0,0.0,1.0
5418,4363484,425.0,Rv3883c,0.0,2.0,2.0
5419,4364059,233.0,Rv3883c,0.0,4.0,4.0
5420,4364259,167.0,Rv3883c,0.0,1.0,1.0
5421,4364515,81.0,Rv3883c,0.0,1.0,1.0
5422,4364516,81.0,Rv3883c,0.0,1.0,1.0
5423,4364742,6.0,Rv3883c,1.0,0.0,1.0
5424,4364749,3.0,Rv3883c,0.0,1.0,1.0
5425,4366105,245.0,Rv3884c,0.0,1.0,1.0
5426,4366298,181.0,Rv3884c,1.0,0.0,1.0
5427,4366537,101.0,Rv3884c,1.0,0.0,1.0
5428,4367523,333.0,Rv3885c,0.0,1.0,1.0
5429,4367971,184.0,Rv3885c,0.0,1.0,1.0
5430,4368494,10.0,Rv3885c,0.0,1.0,1.0
5431,4368955,406.0,Rv3886c,0.0,1.0,1.0
5432,4369040,377.0,Rv3886c,0.0,1.0,1.0
5433,4369172,333.0,Rv3886c,2.0,0.0,2.0
5434,4370986,233.0,Rv3887c,0.0,3.0,3.0
5435,4371006,227.0,Rv3887c,0.0,1.0,1.0
5436,4371068,206.0,Rv3887c,0.0,1.0,1.0
5437,4372108,200.0,Rv3888c,1.0,0.0,1.0
5438,4372220,163.0,Rv3888c,0.0,1.0,1.0
5439,4372607,34.0,Rv3888c,1.0,0.0,1.0
5440,4372613,32.0,Rv3888c,0.0,1.0,1.0
5441,4373029,201.0,Rv3889c,0.0,1.0,1.0
5442,4373944,24.0,Rv3890c,0.0,1.0,1.0
5443,4374166,69.0,Rv3891c,0.0,1.0,1.0
5444,4374724,320.0,Rv3892c,0.0,1.0,1.0
5445,4374733,317.0,Rv3892c,0.0,1.0,1.0
5446,4374951,245.0,Rv3892c,0.0,1.0,1.0
5447,4375252,144.0,Rv3892c,0.0,1.0,1.0
5448,4376839,1205.0,Rv3894c,0.0,1.0,1.0
5449,4376992,1154.0,Rv3894c,0.0,1.0,1.0
5450,4377055,1133.0,Rv3894c,1.0,0.0,1.0
5451,4377415,1013.0,Rv3894c,0.0,1.0,1.0
5452,4377514,980.0,Rv3894c,0.0,1.0,1.0
5453,4377631,941.0,Rv3894c,0.0,1.0,1.0
5454,4377832,874.0,Rv3894c,1.0,0.0,1.0
5455,4377949,835.0,Rv3894c,1.0,0.0,1.0
5456,4377991,821.0,Rv3894c,0.0,1.0,1.0
5457,4378048,802.0,Rv3894c,1.0,19.0,20.0
5458,4378790,555.0,Rv3894c,1.0,0.0,1.0
5459,4379213,414.0,Rv3894c,0.0,1.0,1.0
5460,4379277,392.0,Rv3894c,1.0,0.0,1.0
5461,4379631,274.0,Rv3894c,0.0,1.0,1.0
5462,4380219,78.0,Rv3894c,0.0,1.0,1.0
5463,4380581,454.0,Rv3895c,1.0,0.0,1.0
5464,4381175,256.0,Rv3895c,0.0,1.0,1.0
5465,4382368,162.0,Rv3896c,0.0,6.0,6.0
5466,4382742,37.0,Rv3896c,0.0,1.0,1.0
5467,4383981,2.0,Rv3898c,0.0,1.0,1.0
5468,4384483,299.0,Rv3899c,0.0,1.0,1.0
5469,4384602,260.0,Rv3899c,1.0,0.0,1.0
5470,4384651,243.0,Rv3899c,0.0,1.0,1.0
5471,4384966,138.0,Rv3899c,0.0,1.0,1.0
5472,4385184,66.0,Rv3899c,0.0,1.0,1.0
5473,4386254,19.0,Rv3900c,1.0,0.0,1.0
5474,4386368,149.0,Rv3901c,0.0,1.0,1.0
5475,4386629,62.0,Rv3901c,0.0,3.0,3.0
5476,4387754,48.0,Rv3902c,1.0,0.0,1.0
5477,4388151,761.0,Rv3903c,0.0,1.0,1.0
5478,4388179,752.0,Rv3903c,1.0,0.0,1.0
5479,4388232,734.0,Rv3903c,1.0,0.0,1.0
5480,4388350,695.0,Rv3903c,1.0,0.0,1.0
5481,4388884,517.0,Rv3903c,0.0,1.0,1.0
5482,4389236,399.0,Rv3903c,0.0,1.0,1.0
5483,4389668,255.0,Rv3903c,0.0,1.0,1.0
5484,4390075,120.0,Rv3903c,0.0,1.0,1.0
5485,4390105,110.0,Rv3903c,0.0,6.0,6.0
5486,4390311,41.0,Rv3903c,1.0,0.0,1.0
5487,4390912,40.0,Rv3905c,0.0,1.0,1.0
5488,4390957,25.0,Rv3905c,0.0,1.0,1.0
5489,4391123,162.0,Rv3906c,0.0,1.0,1.0
5490,4391132,159.0,Rv3906c,2.0,0.0,2.0
5491,4391486,41.0,Rv3906c,0.0,1.0,1.0
5492,4393951,168.0,Rv3908,0.0,1.0,1.0
5493,4394071,208.0,Rv3908,0.0,1.0,1.0
5494,4396890,98.0,Rv3910,1.0,0.0,1.0
5495,4398404,603.0,Rv3910,0.0,1.0,1.0
5496,4398483,629.0,Rv3910,1.0,0.0,1.0
5497,4399597,1001.0,Rv3910,0.0,1.0,1.0
5498,4399748,1051.0,Rv3910,3.0,0.0,3.0
5499,4399831,1079.0,Rv3910,0.0,1.0,1.0
5500,4401501,211.0,Rv3912,1.0,0.0,1.0
5501,4401556,229.0,Rv3912,0.0,1.0,1.0
5502,4406049,148.0,Rv3917c,1.0,0.0,1.0
5503,4406378,38.0,Rv3917c,0.0,1.0,1.0
5504,4407890,105.0,Rv3919c,1.0,0.0,1.0
5505,4407952,84.0,Rv3919c,2.0,0.0,2.0
5506,4408825,25.0,Rv3920c,1.0,0.0,1.0
5507,4408890,3.0,Rv3920c,0.0,2.0,2.0
5508,4409014,352.0,Rv3921c,0.0,1.0,1.0
5509,4409222,283.0,Rv3921c,0.0,9.0,9.0
